label,protocol,m,stochastic_id,AUC_S1,AUC_S2,p_LCC_0.5,p_LCC_0.25,p_LCC_0.1,p_LCC_0.05,max_S2_over_N,p_at_max_S2
US Airlines,adap_betweenness,,1,0.2948636119322762,0.01971496237570542,0.34099878567091685,0.4180327868852459,0.4544028103044496,0.46830601092896174,0.0696721311475409,0.4549180327868852
US Airlines,adap_betweenness,,2,0.2949307981725342,0.019752754635850547,0.34099878567091685,0.4180327868852459,0.4544028103044496,0.46830601092896174,0.0696721311475409,0.4549180327868852
US Airlines,adap_betweenness,,3,0.29502317925288896,0.019794746036011793,0.34099878567091685,0.4180327868852459,0.4544028103044496,0.46830601092896174,0.0696721311475409,0.4549180327868852
US Airlines,adap_betweenness,,4,0.29507356893308245,0.019740157215802173,0.34099878567091685,0.4180327868852459,0.4544028103044496,0.46830601092896174,0.0696721311475409,0.4549180327868852
US Airlines,adap_betweenness,,5,0.29498538699274385,0.019803144316044043,0.34099878567091685,0.4180327868852459,0.4544028103044496,0.46830601092896174,0.0696721311475409,0.4549180327868852
US Airlines,adap_betweenness,,6,0.2951449543133566,0.019769551195915044,0.34099878567091685,0.4180327868852459,0.4544028103044496,0.46830601092896174,0.0696721311475409,0.4549180327868852
US Airlines,adap_betweenness,,7,0.2951659500134372,0.019761152915882797,0.34099878567091685,0.4180327868852459,0.4544028103044496,0.46830601092896174,0.0696721311475409,0.4549180327868852
US Airlines,adap_betweenness,,8,0.2949140016124697,0.019769551195915044,0.34099878567091685,0.4180327868852459,0.4544028103044496,0.46830601092896174,0.0696721311475409,0.4549180327868852
US Airlines,adap_betweenness,,9,0.2952541319537758,0.019710763235689297,0.34099878567091685,0.4180327868852459,0.4544028103044496,0.46830601092896174,0.0696721311475409,0.4549180327868852
US Airlines,adap_betweenness,,10,0.2952793267938726,0.019794746036011793,0.34099878567091685,0.4180327868852459,0.4544028103044496,0.46830601092896174,0.0696721311475409,0.4549180327868852
US Airlines,adap_betweenness,,11,0.2949265990325181,0.01978214861596342,0.34099878567091685,0.4180327868852459,0.4544028103044496,0.46830601092896174,0.0696721311475409,0.4549180327868852
US Airlines,adap_betweenness,,12,0.2952415345337275,0.01977375033593117,0.34099878567091685,0.4180327868852459,0.4544028103044496,0.46830601092896174,0.0696721311475409,0.4549180327868852
US Airlines,adap_betweenness,,13,0.29509876377317923,0.01979054689599567,0.34099878567091685,0.4180327868852459,0.4544028103044496,0.46830601092896174,0.0696721311475409,0.4549180327868852
US Airlines,adap_betweenness,,14,0.2953003224939532,0.01984513571620529,0.34099878567091685,0.4180327868852459,0.4544028103044496,0.46830601092896174,0.0696721311475409,0.4549180327868852
US Airlines,adap_betweenness,,15,0.29490140419242133,0.019740157215802173,0.34099878567091685,0.4180327868852459,0.4544028103044496,0.46830601092896174,0.0696721311475409,0.4549180327868852
US Airlines,adap_betweenness,,16,0.29522053883364685,0.019815741736092417,0.34099878567091685,0.4180327868852459,0.4544028103044496,0.46830601092896174,0.0696721311475409,0.4549180327868852
US Airlines,adap_betweenness,,17,0.2948636119322762,0.0197275597957538,0.34099878567091685,0.4180327868852459,0.4544028103044496,0.46830601092896174,0.0696721311475409,0.4549180327868852
US Airlines,adap_betweenness,,18,0.2952037422735823,0.019836737436173042,0.34099878567091685,0.4180327868852459,0.4544028103044496,0.46830601092896174,0.0696721311475409,0.4549180327868852
US Airlines,adap_betweenness,,19,0.2951407551733405,0.019815741736092417,0.34099878567091685,0.4180327868852459,0.4544028103044496,0.46830601092896174,0.0696721311475409,0.4549180327868852
US Airlines,adap_betweenness,,20,0.2950273783929051,0.019752754635850547,0.34099878567091685,0.4180327868852459,0.4544028103044496,0.46830601092896174,0.0696721311475409,0.4549180327868852
US Airlines,adap_betweenness,,21,0.29487201021230847,0.019740157215802173,0.34099878567091685,0.4180327868852459,0.4544028103044496,0.46830601092896174,0.0696721311475409,0.4549180327868852
US Airlines,adap_betweenness,,22,0.2950819672131147,0.019769551195915044,0.34099878567091685,0.4180327868852459,0.4544028103044496,0.46830601092896174,0.0696721311475409,0.4549180327868852
US Airlines,adap_betweenness,,23,0.2950273783929051,0.019866131416285918,0.34099878567091685,0.4180327868852459,0.4544028103044496,0.46830601092896174,0.0696721311475409,0.4549180327868852
US Airlines,adap_betweenness,,24,0.29500218355280833,0.019857733136253667,0.34099878567091685,0.4180327868852459,0.4544028103044496,0.46830601092896174,0.0696721311475409,0.4549180327868852
US Airlines,adap_betweenness,,25,0.29517014915345335,0.01983253829615692,0.34099878567091685,0.4180327868852459,0.4544028103044496,0.46830601092896174,0.0696721311475409,0.4549180327868852
US Airlines,adap_betweenness,,26,0.2949601921526471,0.019832538296156915,0.34099878567091685,0.4180327868852459,0.4544028103044496,0.46830601092896174,0.0696721311475409,0.4549180327868852
US Airlines,adap_betweenness,,27,0.29534651303413056,0.019706564095673174,0.34099878567091685,0.4180327868852459,0.4544028103044496,0.46830601092896174,0.0696721311475409,0.4549180327868852
US Airlines,adap_betweenness,,28,0.29513655603332434,0.019752754635850547,0.34099878567091685,0.4180327868852459,0.4544028103044496,0.46830601092896174,0.0696721311475409,0.4549180327868852
US Airlines,adap_betweenness,,29,0.2949307981725342,0.019744356355818296,0.34099878567091685,0.4180327868852459,0.4544028103044496,0.46830601092896174,0.0696721311475409,0.4549180327868852
US Airlines,adap_betweenness,,30,0.2948762093523246,0.01971496237570542,0.34099878567091685,0.4180327868852459,0.4544028103044496,0.46830601092896174,0.0696721311475409,0.4549180327868852
US Airlines,adap_betweenness,,31,0.29502317925288896,0.01978214861596342,0.34099878567091685,0.4180327868852459,0.4544028103044496,0.46830601092896174,0.0696721311475409,0.4549180327868852
US Airlines,adap_betweenness,,32,0.29483421795216336,0.0196939666756248,0.34099878567091685,0.4180327868852459,0.4544028103044496,0.46830601092896174,0.0696721311475409,0.4549180327868852
US Airlines,adap_betweenness,,33,0.29506936979306636,0.019891326256382662,0.34099878567091685,0.4180327868852459,0.4544028103044496,0.46830601092896174,0.0696721311475409,0.4549180327868852
US Airlines,adap_betweenness,,34,0.29513655603332434,0.019761152915882794,0.34099878567091685,0.4180327868852459,0.4544028103044496,0.46830601092896174,0.0696721311475409,0.4549180327868852
US Airlines,adap_betweenness,,35,0.2951449543133566,0.019777949475947295,0.34099878567091685,0.4180327868852459,0.4544028103044496,0.46830601092896174,0.0696721311475409,0.4549180327868852
US Airlines,adap_betweenness,,36,0.2952667293738242,0.01986193227626979,0.34099878567091685,0.4180327868852459,0.4544028103044496,0.46830601092896174,0.0696721311475409,0.4549180327868852
US Airlines,adap_betweenness,,37,0.29494759473259874,0.01982833915614079,0.34099878567091685,0.4180327868852459,0.4544028103044496,0.46830601092896174,0.0696721311475409,0.4549180327868852
US Airlines,adap_betweenness,,38,0.29548508465466267,0.01977375033593117,0.34099878567091685,0.4180327868852459,0.4544028103044496,0.46830601092896174,0.0696721311475409,0.4549180327868852
US Airlines,adap_betweenness,,39,0.2949433955925826,0.019832538296156915,0.34099878567091685,0.4180327868852459,0.4544028103044496,0.46830601092896174,0.0696721311475409,0.4549180327868852
US Airlines,adap_betweenness,,40,0.29497278957269546,0.01975695377586667,0.34099878567091685,0.4180327868852459,0.4544028103044496,0.46830601092896174,0.0696721311475409,0.4549180327868852
US Airlines,adap_betweenness,,41,0.2952919242139209,0.019794746036011793,0.34099878567091685,0.4180327868852459,0.4544028103044496,0.46830601092896174,0.0696721311475409,0.4549180327868852
US Airlines,adap_betweenness,,42,0.29514075517334043,0.0197275597957538,0.34099878567091685,0.4180327868852459,0.4544028103044496,0.46830601092896174,0.0696721311475409,0.4549180327868852
US Airlines,adap_betweenness,,43,0.2950063826928245,0.01985353399623754,0.34099878567091685,0.4180327868852459,0.4544028103044496,0.46830601092896174,0.0696721311475409,0.4549180327868852
US Airlines,adap_betweenness,,44,0.2950063826928245,0.019819940876108545,0.34099878567091685,0.4180327868852459,0.4544028103044496,0.46830601092896174,0.0696721311475409,0.4549180327868852
US Airlines,adap_betweenness,,45,0.2952163396936307,0.019702364955657047,0.34099878567091685,0.4180327868852459,0.4544028103044496,0.46830601092896174,0.0696721311475409,0.4549180327868852
US Airlines,adap_betweenness,,46,0.2948762093523246,0.019672970975544175,0.34099878567091685,0.4180327868852459,0.4544028103044496,0.46830601092896174,0.0696721311475409,0.4549180327868852
US Airlines,adap_betweenness,,47,0.2950399758129535,0.01989552539639879,0.34099878567091685,0.4180327868852459,0.4544028103044496,0.46830601092896174,0.0696721311475409,0.4549180327868852
US Airlines,adap_betweenness,,48,0.2953339156140822,0.019794746036011793,0.34099878567091685,0.4180327868852459,0.4544028103044496,0.46830601092896174,0.0696721311475409,0.4549180327868852
US Airlines,adap_betweenness,,49,0.2949937852727761,0.019769551195915044,0.34099878567091685,0.4180327868852459,0.4544028103044496,0.46830601092896174,0.0696721311475409,0.4549180327868852
US Airlines,adap_betweenness,,50,0.2949391964525665,0.019769551195915044,0.34099878567091685,0.4180327868852459,0.4544028103044496,0.46830601092896174,0.0696721311475409,0.4549180327868852
US Airlines,adap_betweenness,,51,0.2950441749529696,0.019719161515721548,0.34099878567091685,0.4180327868852459,0.4544028103044496,0.46830601092896174,0.0696721311475409,0.4549180327868852
US Airlines,adap_betweenness,,52,0.29515755173340497,0.01988712711636654,0.34099878567091685,0.4180327868852459,0.4544028103044496,0.46830601092896174,0.0696721311475409,0.4549180327868852
US Airlines,adap_betweenness,,53,0.29516175087342106,0.019748555495834423,0.34099878567091685,0.4180327868852459,0.4544028103044496,0.46830601092896174,0.0696721311475409,0.4549180327868852
US Airlines,adap_betweenness,,54,0.295191144853534,0.01979054689599567,0.34099878567091685,0.4180327868852459,0.4544028103044496,0.46830601092896174,0.0696721311475409,0.4549180327868852
US Airlines,adap_betweenness,,55,0.2948678110722924,0.019689767535608672,0.34099878567091685,0.4180327868852459,0.4544028103044496,0.46830601092896174,0.0696721311475409,0.4549180327868852
US Airlines,adap_betweenness,,56,0.29500218355280833,0.019815741736092417,0.34099878567091685,0.4180327868852459,0.4544028103044496,0.46830601092896174,0.0696721311475409,0.4549180327868852
US Airlines,adap_betweenness,,57,0.2949937852727761,0.019689767535608672,0.34099878567091685,0.4180327868852459,0.4544028103044496,0.46830601092896174,0.0696721311475409,0.4549180327868852
US Airlines,adap_betweenness,,58,0.29500218355280833,0.01975695377586667,0.34099878567091685,0.4180327868852459,0.4544028103044496,0.46830601092896174,0.0696721311475409,0.4549180327868852
US Airlines,adap_betweenness,,59,0.29490980247245363,0.019761152915882797,0.34099878567091685,0.4180327868852459,0.4544028103044496,0.46830601092896174,0.0696721311475409,0.4549180327868852
US Airlines,adap_betweenness,,60,0.2950525732330018,0.019815741736092417,0.34099878567091685,0.4180327868852459,0.4544028103044496,0.46830601092896174,0.0696721311475409,0.4549180327868852
US Airlines,adap_betweenness,,61,0.2949265990325181,0.01976535205589892,0.34099878567091685,0.4180327868852459,0.4544028103044496,0.46830601092896174,0.0696721311475409,0.4549180327868852
US Airlines,adap_betweenness,,62,0.2949643912926632,0.01977375033593117,0.34099878567091685,0.4180327868852459,0.4544028103044496,0.46830601092896174,0.0696721311475409,0.4549180327868852
US Airlines,adap_betweenness,,63,0.2950147809728567,0.0197275597957538,0.34099878567091685,0.4180327868852459,0.4544028103044496,0.46830601092896174,0.0696721311475409,0.4549180327868852
US Airlines,adap_betweenness,,64,0.2950945646331631,0.019731758935769922,0.34099878567091685,0.4180327868852459,0.4544028103044496,0.46830601092896174,0.0696721311475409,0.4549180327868852
US Airlines,adap_betweenness,,65,0.294955993012631,0.01979894517602792,0.34099878567091685,0.4180327868852459,0.4544028103044496,0.46830601092896174,0.0696721311475409,0.4549180327868852
US Airlines,adap_betweenness,,66,0.29535071217414666,0.019681369255576425,0.34099878567091685,0.4180327868852459,0.4544028103044496,0.46830601092896174,0.0696721311475409,0.4549180327868852
US Airlines,adap_betweenness,,67,0.2948762093523246,0.019731758935769922,0.34099878567091685,0.4180327868852459,0.4544028103044496,0.46830601092896174,0.0696721311475409,0.4549180327868852
US Airlines,adap_betweenness,,68,0.2950273783929051,0.019866131416285918,0.34099878567091685,0.4180327868852459,0.4544028103044496,0.46830601092896174,0.0696721311475409,0.4549180327868852
US Airlines,adap_betweenness,,69,0.2950777680730986,0.0197275597957538,0.34099878567091685,0.4180327868852459,0.4544028103044496,0.46830601092896174,0.0696721311475409,0.4549180327868852
US Airlines,adap_betweenness,,70,0.29513655603332434,0.01987033055630204,0.34099878567091685,0.4180327868852459,0.4544028103044496,0.46830601092896174,0.0696721311475409,0.4549180327868852
US Airlines,adap_betweenness,,71,0.29493499731255035,0.019794746036011793,0.34099878567091685,0.4180327868852459,0.4544028103044496,0.46830601092896174,0.0696721311475409,0.4549180327868852
US Airlines,adap_betweenness,,72,0.29494759473259874,0.01977375033593117,0.34099878567091685,0.4180327868852459,0.4544028103044496,0.46830601092896174,0.0696721311475409,0.4549180327868852
US Airlines,adap_betweenness,,73,0.2951659500134372,0.01982833915614079,0.34099878567091685,0.4180327868852459,0.4544028103044496,0.46830601092896174,0.0696721311475409,0.4549180327868852
US Airlines,adap_betweenness,,74,0.2949811878527277,0.01976535205589892,0.34099878567091685,0.4180327868852459,0.4544028103044496,0.46830601092896174,0.0696721311475409,0.4549180327868852
US Airlines,adap_betweenness,,75,0.29504837409298573,0.019840936576189166,0.34099878567091685,0.4180327868852459,0.4544028103044496,0.46830601092896174,0.0696721311475409,0.4549180327868852
US Airlines,adap_betweenness,,76,0.2954766863746304,0.019857733136253667,0.34099878567091685,0.4180327868852459,0.4544028103044496,0.46830601092896174,0.0696721311475409,0.4549180327868852
US Airlines,adap_betweenness,,77,0.2948636119322762,0.0197275597957538,0.34099878567091685,0.4180327868852459,0.4544028103044496,0.46830601092896174,0.0696721311475409,0.4549180327868852
US Airlines,adap_betweenness,,78,0.29530872077398546,0.0196603735554958,0.34099878567091685,0.4180327868852459,0.4544028103044496,0.46830601092896174,0.0696721311475409,0.4549180327868852
US Airlines,adap_betweenness,,79,0.29488460763235685,0.01976535205589892,0.34099878567091685,0.4180327868852459,0.4544028103044496,0.46830601092896174,0.0696721311475409,0.4549180327868852
US Airlines,adap_betweenness,,80,0.2951449543133566,0.019882927976350415,0.34099878567091685,0.4180327868852459,0.4544028103044496,0.46830601092896174,0.0696721311475409,0.4549180327868852
US Airlines,adap_betweenness,,81,0.29520794141359846,0.019807343456060167,0.34099878567091685,0.4180327868852459,0.4544028103044496,0.46830601092896174,0.0696721311475409,0.4549180327868852
US Airlines,adap_betweenness,,82,0.29493499731255035,0.019824140016124668,0.34099878567091685,0.4180327868852459,0.4544028103044496,0.46830601092896174,0.0696721311475409,0.4549180327868852
US Airlines,adap_betweenness,,83,0.29483421795216336,0.019635178715399052,0.34099878567091685,0.4180327868852459,0.4544028103044496,0.46830601092896174,0.0696721311475409,0.4549180327868852
US Airlines,adap_betweenness,,84,0.2949391964525665,0.019744356355818296,0.34099878567091685,0.4180327868852459,0.4544028103044496,0.46830601092896174,0.0696721311475409,0.4549180327868852
US Airlines,adap_betweenness,,85,0.2954934829346949,0.019761152915882797,0.34099878567091685,0.4180327868852459,0.4544028103044496,0.46830601092896174,0.0696721311475409,0.4549180327868852
US Airlines,adap_betweenness,,86,0.2951533525933888,0.019874529696318165,0.34099878567091685,0.4180327868852459,0.4544028103044496,0.46830601092896174,0.0696721311475409,0.4549180327868852
US Airlines,adap_betweenness,,87,0.2948804084923407,0.019748555495834423,0.34099878567091685,0.4180327868852459,0.4544028103044496,0.46830601092896174,0.0696721311475409,0.4549180327868852
US Airlines,adap_betweenness,,88,0.294955993012631,0.01982833915614079,0.34099878567091685,0.4180327868852459,0.4544028103044496,0.46830601092896174,0.0696721311475409,0.4549180327868852
US Airlines,adap_betweenness,,89,0.29498538699274385,0.01983253829615692,0.34099878567091685,0.4180327868852459,0.4544028103044496,0.46830601092896174,0.0696721311475409,0.4549180327868852
US Airlines,adap_betweenness,,90,0.294888806772373,0.019752754635850547,0.34099878567091685,0.4180327868852459,0.4544028103044496,0.46830601092896174,0.0696721311475409,0.4549180327868852
US Airlines,adap_betweenness,,91,0.29495179387261483,0.01979054689599567,0.34099878567091685,0.4180327868852459,0.4544028103044496,0.46830601092896174,0.0696721311475409,0.4549180327868852
US Airlines,adap_betweenness,,92,0.29491820075248587,0.019786347755979546,0.34099878567091685,0.4180327868852459,0.4544028103044496,0.46830601092896174,0.0696721311475409,0.4549180327868852
US Airlines,adap_betweenness,,93,0.2948636119322762,0.019672970975544175,0.34099878567091685,0.4180327868852459,0.4544028103044496,0.46830601092896174,0.0696721311475409,0.4549180327868852
US Airlines,adap_betweenness,,94,0.2952331362536952,0.019815741736092417,0.34099878567091685,0.4180327868852459,0.4544028103044496,0.46830601092896174,0.0696721311475409,0.4549180327868852
US Airlines,adap_betweenness,,95,0.29506936979306636,0.0197275597957538,0.34099878567091685,0.4180327868852459,0.4544028103044496,0.46830601092896174,0.0696721311475409,0.4549180327868852
US Airlines,adap_betweenness,,96,0.29511136119322756,0.019710763235689297,0.34099878567091685,0.4180327868852459,0.4544028103044496,0.46830601092896174,0.0696721311475409,0.4549180327868852
US Airlines,adap_betweenness,,97,0.29499798441279224,0.01983253829615692,0.34099878567091685,0.4180327868852459,0.4544028103044496,0.46830601092896174,0.0696721311475409,0.4549180327868852
US Airlines,adap_betweenness,,98,0.2953171190540177,0.019761152915882797,0.34099878567091685,0.4180327868852459,0.4544028103044496,0.46830601092896174,0.0696721311475409,0.4549180327868852
US Airlines,adap_betweenness,,99,0.29497278957269546,0.019853533996237543,0.34099878567091685,0.4180327868852459,0.4544028103044496,0.46830601092896174,0.0696721311475409,0.4549180327868852
US Airlines,adap_betweenness,,100,0.2950651706530502,0.019857733136253667,0.34099878567091685,0.4180327868852459,0.4544028103044496,0.46830601092896174,0.0696721311475409,0.4549180327868852
US Airlines,adap_degree,,1,0.33879921392098894,0.006214727223864506,0.3956381733021077,0.47784933645589384,0.4955430327868852,0.4997950819672131,0.0368852459016393,0.4795081967213115
US Airlines,adap_degree,,2,0.3388202096210696,0.006546459285138357,0.3865632318501171,0.478213977566868,0.4934653916211293,0.503307962529274,0.0676229508196721,0.4938524590163934
US Airlines,adap_degree,,3,0.3390259674818597,0.006517065305025481,0.3965163934426229,0.4741217798594848,0.49202868852459014,0.4957845433255269,0.0696721311475409,0.4754098360655738
US Airlines,adap_degree,,4,0.33959705052405265,0.00700836468691207,0.3975409836065574,0.47848360655737704,0.4894808743169399,0.4992827868852459,0.0983606557377049,0.4877049180327869
US Airlines,adap_degree,,5,0.3408106019887127,0.006302909164203122,0.3995901639344262,0.47673577627772423,0.496551724137931,0.5080327868852459,0.0655737704918032,0.4774590163934426
US Airlines,adap_degree,,6,0.3409113813490997,0.006239922063961253,0.3985655737704918,0.4815573770491803,0.49518773135906924,0.5029371584699454,0.055327868852459,0.4959016393442623
US Airlines,adap_degree,,7,0.33929471244289167,0.00621892636388063,0.3975409836065574,0.4786453839516825,0.4915983606557377,0.5023224043715847,0.0594262295081967,0.4877049180327869
US Airlines,adap_degree,,8,0.3406930260682612,0.0064624764848158645,0.3975409836065574,0.4791666666666667,0.49467213114754094,0.5058196721311475,0.0450819672131147,0.4918032786885246
US Airlines,adap_degree,,9,0.33855986294006984,0.006500268744960985,0.3848067915690867,0.4774590163934426,0.487648388920294,0.4952682563338301,0.0512295081967213,0.4877049180327869
US Airlines,adap_degree,,10,0.3393618986831497,0.006890788766460583,0.3864168618266979,0.4798105348024725,0.4906010928961748,0.497632058287796,0.1127049180327868,0.4815573770491803
US Airlines,adap_degree,,11,0.33820713517871537,0.006349099704380497,0.3934426229508196,0.4796545667447307,0.48683060109289616,0.48968579234972676,0.0491803278688524,0.4836065573770492
US Airlines,adap_degree,,12,0.3382365291588283,0.0066304420854608505,0.390076112412178,0.4764723740133576,0.48458385876418664,0.49528688524590164,0.0860655737704918,0.4836065573770492
US Airlines,adap_degree,,13,0.33887479844127916,0.007033559527008824,0.3995901639344262,0.4795081967213115,0.49018442622950814,0.49959016393442623,0.1086065573770491,0.4815573770491803
US Airlines,adap_degree,,14,0.33836670249932804,0.00755845202902441,0.3918325526932084,0.4723360655737705,0.48848733233979136,0.5133489461358315,0.1045081967213114,0.4774590163934426
US Airlines,adap_degree,,15,0.3387740190808922,0.007067152647137823,0.3918325526932084,0.47873975409836067,0.4906219864995178,0.5045081967213115,0.0881147540983606,0.4815573770491803
US Airlines,adap_degree,,16,0.33770743751679655,0.007268711367911804,0.3956381733021077,0.47409836065573774,0.48780737704918037,0.49377049180327864,0.1270491803278688,0.4754098360655738
US Airlines,adap_degree,,17,0.33690960091373284,0.006260917764041877,0.3913934426229508,0.4718237704918033,0.4834388971684054,0.49467213114754094,0.0614754098360655,0.4754098360655738
US Airlines,adap_degree,,18,0.3391057511421661,0.006298710024187004,0.3938817330210772,0.4836065573770492,0.4940710382513661,0.49573770491803276,0.0389344262295082,0.4959016393442623
US Airlines,adap_degree,,19,0.3403193026068261,0.006533861865089984,0.3902224824355972,0.4790812841530055,0.4940194292653309,0.49587128111718276,0.0471311475409836,0.4938524590163934
US Airlines,adap_degree,,20,0.3397398212846009,0.006118147003493638,0.3921252927400468,0.4764344262295082,0.49473684210526314,0.5077868852459017,0.0286885245901639,0.4959016393442623
US Airlines,adap_degree,,21,0.33709856221445844,0.0076256382692824025,0.3944672131147541,0.4699282786885246,0.49083606557377046,0.49467213114754094,0.1290983606557377,0.4713114754098361
US Airlines,adap_degree,,22,0.3373421123353937,0.007524858908895411,0.3919789227166276,0.47314495254529765,0.4846653005464481,0.4936182669789227,0.1065573770491803,0.4774590163934426
US Airlines,adap_degree,,23,0.3391267468422467,0.006722823165815594,0.3902224824355972,0.4815960408289514,0.4939642324888226,0.5103825136612021,0.1024590163934426,0.4836065573770492
US Airlines,adap_degree,,24,0.3395382625638269,0.006437281644719116,0.3921252927400468,0.48012295081967216,0.4914266725742135,0.5084016393442623,0.0532786885245901,0.4918032786885246
US Airlines,adap_degree,,25,0.33889159500134375,0.006428883364686864,0.3975409836065574,0.47503035822707956,0.4855635245901639,0.4997950819672131,0.0737704918032786,0.485655737704918
US Airlines,adap_degree,,26,0.33852626981994083,0.00664723864552535,0.3903688524590164,0.475922131147541,0.49419672131147535,0.5007377049180328,0.0676229508196721,0.4918032786885246
US Airlines,adap_degree,,27,0.33814834721848963,0.005929185702768025,0.3985655737704918,0.4744340359094458,0.4841334894613583,0.48893442622950817,0.0512295081967213,0.485655737704918
US Airlines,adap_degree,,28,0.3386270491803278,0.006088753023380763,0.3975409836065574,0.4795081967213115,0.488536299765808,0.4956967213114754,0.0573770491803278,0.4877049180327869
US Airlines,adap_degree,,29,0.33660726283257186,0.0070251612469765705,0.3934426229508196,0.47221023871153295,0.48656450463292944,0.4935011709601873,0.1024590163934426,0.4733606557377049
US Airlines,adap_degree,,30,0.3378712039774254,0.006760615425960719,0.3934426229508196,0.47043325526932084,0.48726092896174866,0.5033811475409836,0.0696721311475409,0.4877049180327869
US Airlines,adap_degree,,31,0.33954246170384306,0.006815204246170337,0.3975409836065574,0.4711943793911007,0.48985655737704914,0.5125931445603578,0.0614754098360655,0.4713114754098361
US Airlines,adap_degree,,32,0.3384044947594732,0.00618113410373551,0.3954918032786885,0.4713114754098361,0.4905353483606557,0.4992974238875878,0.0491803278688524,0.4918032786885246
US Airlines,adap_degree,,33,0.33733791319537754,0.006437281644719116,0.3995901639344262,0.4730933713471133,0.4852062400846113,0.4975922131147541,0.0614754098360655,0.485655737704918
US Airlines,adap_degree,,34,0.3387026337006181,0.006202129803816132,0.3938817330210772,0.4719945355191257,0.4945582877959927,0.5009275237273512,0.0286885245901639,0.4610655737704918
US Airlines,adap_degree,,35,0.3408903856490191,0.006424684224670741,0.3956381733021077,0.48206967213114754,0.49343408469945355,0.5134733606557378,0.0758196721311475,0.4938524590163934
US Airlines,adap_degree,,36,0.3379383902176834,0.006962174146734704,0.3975409836065574,0.47639344262295086,0.48780737704918037,0.5032786885245902,0.1065573770491803,0.4815573770491803
US Airlines,adap_degree,,37,0.33990778688524587,0.006491870464928736,0.3957845433255269,0.47648835202761003,0.49127634660421543,0.5056498829039813,0.0717213114754098,0.4918032786885246
US Airlines,adap_degree,,38,0.33690960091373284,0.007264512227895679,0.3864168618266979,0.473747293535416,0.4892373485388453,0.493809318377912,0.1004098360655737,0.4754098360655738
US Airlines,adap_degree,,39,0.3375688658962644,0.006626242945444726,0.3975409836065574,0.4689110070257611,0.48344618674269424,0.5007955641272902,0.0614754098360655,0.4692622950819672
US Airlines,adap_degree,,40,0.3370691682343456,0.006836199946250959,0.38846604215456676,0.4742714025500911,0.4882469592808038,0.49139344262295076,0.0614754098360655,0.4754098360655738
US Airlines,adap_degree,,41,0.33802237301800586,0.007440876108572915,0.3949795081967213,0.47385831381733023,0.48567525370804054,0.4956967213114754,0.125,0.4754098360655738
US Airlines,adap_degree,,42,0.33765704783660305,0.006903386186508956,0.3934426229508196,0.47581076265146116,0.4814663023679417,0.49161412358133666,0.0881147540983606,0.4774590163934426
US Airlines,adap_degree,,43,0.3383834990593926,0.006596848965331853,0.3975409836065574,0.4708168456755229,0.48780737704918037,0.5009426229508197,0.055327868852459,0.4713114754098361
US Airlines,adap_degree,,44,0.3395844531040043,0.00614754098360651,0.3938817330210772,0.47511709601873536,0.49631147540983606,0.5169398907103825,0.0491803278688524,0.4836065573770492
US Airlines,adap_degree,,45,0.3383792999193765,0.006378493684493367,0.39153981264637,0.4761647972389992,0.48750000000000004,0.49585849870578086,0.0758196721311475,0.4774590163934426
US Airlines,adap_degree,,46,0.33808536011824775,0.006302909164203124,0.3934426229508196,0.4745470232959448,0.4825136612021858,0.48558743169398905,0.0471311475409836,0.4836065573770492
US Airlines,adap_degree,,47,0.3369725880139747,0.007004165546895948,0.3975409836065574,0.4717534554805529,0.48839936247723137,0.4961065573770492,0.1024590163934426,0.4733606557377049
US Airlines,adap_degree,,48,0.3379845807578608,0.006676632625638224,0.3960040983606557,0.47530198446937016,0.485,0.5074795081967213,0.1004098360655737,0.4815573770491803
US Airlines,adap_degree,,49,0.33959705052405265,0.006218926363880632,0.3934426229508196,0.47049180327868856,0.49806791569086656,0.5213487332339792,0.0389344262295082,0.5
US Airlines,adap_degree,,50,0.3374176968556839,0.0067984076861058364,0.3975409836065574,0.4720270621909966,0.48985655737704914,0.49669720347155255,0.0799180327868852,0.4733606557377049
US Airlines,adap_degree,,51,0.33857246036011823,0.007197325987637686,0.3975409836065574,0.4764344262295082,0.49823258196721315,0.5236338797814208,0.0655737704918032,0.4795081967213115
US Airlines,adap_degree,,52,0.33850527411986026,0.006412086804622364,0.38831967213114754,0.47665176353700944,0.49634562841530055,0.5060109289617487,0.0491803278688524,0.4774590163934426
US Airlines,adap_degree,,53,0.33935769954313355,0.006596848965331855,0.3975409836065574,0.48080241587575495,0.4897856242118537,0.5028688524590164,0.0778688524590164,0.4836065573770492
US Airlines,adap_degree,,54,0.33926951760279495,0.006202129803816129,0.390076112412178,0.47873975409836067,0.4953230472516875,0.49750819672131147,0.0327868852459016,0.4959016393442623
US Airlines,adap_degree,,55,0.33969782988443964,0.006101350443429139,0.3944672131147541,0.4802766393442623,0.49386885245901635,0.4958688524590164,0.0430327868852459,0.4877049180327869
US Airlines,adap_degree,,56,0.3379803816178446,0.007226719967750557,0.3848067915690867,0.4761549925484352,0.49241803278688523,0.499672131147541,0.1004098360655737,0.4815573770491803
US Airlines,adap_degree,,57,0.3392947124428916,0.006794208546089713,0.3881733021077283,0.4836065573770492,0.49633196721311473,0.503307962529274,0.0614754098360655,0.485655737704918
US Airlines,adap_degree,,58,0.33864804488040845,0.00720152512765381,0.3975409836065574,0.4735970996216898,0.4948087431693989,0.5078937990021383,0.1045081967213114,0.4754098360655738
US Airlines,adap_degree,,59,0.33955925826390754,0.0064204850846546185,0.39373536299765804,0.4789959016393443,0.4952337583485124,0.5012295081967213,0.0471311475409836,0.485655737704918
US Airlines,adap_degree,,60,0.3375688658962644,0.006378493684493367,0.3995901639344262,0.47166785459729155,0.48957194899817846,0.49607728337236534,0.0430327868852459,0.4754098360655738
US Airlines,adap_degree,,61,0.3404578742273582,0.005849402042461656,0.3995901639344262,0.4822404371584699,0.48938329430132704,0.5135245901639345,0.0532786885245901,0.485655737704918
US Airlines,adap_degree,,62,0.3382323300188121,0.0065758532652512285,0.390076112412178,0.47438524590163933,0.4886308439587128,0.49836065573770494,0.0471311475409836,0.4897540983606557
US Airlines,adap_degree,,63,0.33927791588282713,0.005937583982800275,0.3934426229508196,0.4811475409836065,0.48869715271786024,0.49379781420765023,0.0491803278688524,0.4836065573770492
US Airlines,adap_degree,,64,0.339811206664875,0.006273515184090252,0.3897833723653396,0.4804396423248882,0.49350409836065573,0.5116803278688525,0.0737704918032786,0.4938524590163934
US Airlines,adap_degree,,65,0.3392779158828272,0.006147540983606509,0.3881733021077283,0.4764344262295082,0.4933770491803278,0.5166393442622951,0.0348360655737704,0.4795081967213115
US Airlines,adap_degree,,66,0.33945847890352054,0.007285507927976306,0.397736143637783,0.4818867096018735,0.4943054357204486,0.5053734061930784,0.1024590163934426,0.4836065573770492
US Airlines,adap_degree,,67,0.33927371674281104,0.006496069604944862,0.3902224824355972,0.4815573770491803,0.48727726300784036,0.4956284153005464,0.0450819672131147,0.485655737704918
US Airlines,adap_degree,,68,0.3379173945176028,0.006420485084654615,0.3980532786885246,0.4710957722174288,0.48291161796151105,0.4950819672131147,0.0512295081967213,0.4795081967213115
US Airlines,adap_degree,,69,0.3387278285407148,0.006412086804622366,0.3924180327868852,0.4719945355191257,0.48738046448087435,0.5065118397085611,0.0758196721311475,0.4815573770491803
US Airlines,adap_degree,,70,0.33893778554152104,0.006533861865089981,0.3944672131147541,0.4760685011709602,0.4914324746291959,0.4955503512880562,0.110655737704918,0.4774590163934426
US Airlines,adap_degree,,71,0.33887479844127927,0.006080354743348513,0.3913934426229508,0.47774718237704916,0.4851380500431406,0.5056557377049181,0.1290983606557377,0.4795081967213115
US Airlines,adap_degree,,72,0.3384884775597958,0.005752821822090789,0.3934426229508196,0.4746548748921484,0.49356872635561155,0.4988934426229508,0.055327868852459,0.4877049180327869
US Airlines,adap_degree,,73,0.33939129266326257,0.006361697124428871,0.3919789227166276,0.4756771204561654,0.4967896174863388,0.49836065573770494,0.0450819672131147,0.4979508196721312
US Airlines,adap_degree,,74,0.33744289169578073,0.006223125503896754,0.3934426229508196,0.47522354694485847,0.48913934426229505,0.4973360655737705,0.0512295081967213,0.4836065573770492
US Airlines,adap_degree,,75,0.3385598629400699,0.007193126847621561,0.3918325526932084,0.47992443647540983,0.492271662763466,0.4957103825136612,0.1209016393442623,0.4815573770491803
US Airlines,adap_degree,,76,0.33837510077936034,0.006710225745767219,0.3985655737704918,0.47532074126870993,0.490343237704918,0.4924590163934426,0.0840163934426229,0.4795081967213115
US Airlines,adap_degree,,77,0.33984899892502013,0.006113947863477514,0.3985655737704918,0.48504098360655734,0.49109437306158615,0.4969672131147541,0.0819672131147541,0.4877049180327869
US Airlines,adap_degree,,78,0.33934510212308516,0.00644987906476749,0.3985655737704918,0.4795081967213115,0.4932190760059612,0.49990892531876135,0.040983606557377,0.4036885245901639
US Airlines,adap_degree,,79,0.33828691883902173,0.007516460628863164,0.3902224824355972,0.4680913348946136,0.49518773135906924,0.5077185792349727,0.055327868852459,0.4959016393442623
US Airlines,adap_degree,,80,0.3365526740123622,0.006840399086267086,0.3934426229508196,0.47209016393442627,0.4833430913348946,0.49378940731399745,0.1004098360655737,0.4733606557377049
US Airlines,adap_degree,,81,0.3362167428110722,0.006525463585057734,0.3929303278688524,0.4713114754098361,0.48976986128625466,0.49169293820933163,0.0717213114754098,0.4815573770491803
US Airlines,adap_degree,,82,0.3389545821015855,0.00617273582370326,0.3975409836065574,0.476288056206089,0.48740437158469946,0.5022248243559718,0.0758196721311475,0.4877049180327869
US Airlines,adap_degree,,83,0.3386018543402311,0.007424079548508415,0.3913934426229508,0.4739596469104666,0.4946289905090595,0.4978877679697352,0.1311475409836065,0.4754098360655738
US Airlines,adap_degree,,84,0.338026572158022,0.0061895323837677565,0.3902224824355972,0.4733606557377049,0.4927107728337236,0.4977459016393443,0.0307377049180327,0.4836065573770492
US Airlines,adap_degree,,85,0.3394500806234883,0.006701827465734972,0.3902224824355972,0.47857675111773473,0.48931273644388396,0.495655737704918,0.0368852459016393,0.4754098360655738
US Airlines,adap_degree,,86,0.3393325047030368,0.0061937315237838835,0.3938817330210772,0.4769197584124245,0.4935792349726776,0.5079098360655738,0.0348360655737704,0.4795081967213115
US Airlines,adap_degree,,87,0.33892098898145656,0.006861394786347706,0.3949795081967213,0.4742004837409299,0.49031492666091453,0.49710837887067394,0.1229508196721311,0.4754098360655738
US Airlines,adap_degree,,88,0.3369893845740392,0.007151135447460312,0.3929303278688524,0.47581967213114756,0.4851092896174863,0.49724824355971897,0.0983606557377049,0.4774590163934426
US Airlines,adap_degree,,89,0.337959385917764,0.007054555227089447,0.3954918032786885,0.4680913348946136,0.481286468463462,0.5085040983606557,0.0758196721311475,0.4815573770491803
US Airlines,adap_degree,,90,0.33776622547702223,0.007205724267669935,0.390076112412178,0.4733606557377049,0.4852984447246742,0.5148907103825137,0.0758196721311475,0.485655737704918
US Airlines,adap_degree,,91,0.337925792797635,0.006722823165815595,0.3965163934426229,0.47545640834575265,0.48502235469448585,0.5024590163934426,0.0860655737704918,0.4774590163934426
US Airlines,adap_degree,,92,0.3382995162590701,0.006848797366299335,0.3897833723653396,0.47295081967213115,0.49267116682738665,0.511592505854801,0.0573770491803278,0.4836065573770492
US Airlines,adap_degree,,93,0.3380055764579414,0.006999966406879825,0.3896370023419204,0.4778103044496487,0.49116393442622946,0.5017622950819672,0.0655737704918032,0.4795081967213115
US Airlines,adap_degree,,94,0.33799297903789305,0.006840399086267086,0.3919789227166276,0.4738729508196721,0.48575819672131143,0.5104508196721311,0.0840163934426229,0.4754098360655738
US Airlines,adap_degree,,95,0.33987839290513305,0.005626847621607046,0.3934426229508196,0.4800204918032787,0.4930327868852459,0.503620218579235,0.0491803278688524,0.4938524590163934
US Airlines,adap_degree,,96,0.3393157081429723,0.007361092448266547,0.3975409836065574,0.4780636925557646,0.4883196721311476,0.5033957845433256,0.1209016393442623,0.4795081967213115
US Airlines,adap_degree,,97,0.3389461838215533,0.006844598226283211,0.3985655737704918,0.4655054644808743,0.49776867030965394,0.5064549180327869,0.0614754098360655,0.4651639344262295
US Airlines,adap_degree,,98,0.33800977559795753,0.007209923407686057,0.3899297423887588,0.4727202868852459,0.47717798594847777,0.5096311475409836,0.0737704918032786,0.4754098360655738
US Airlines,adap_degree,,99,0.338530468959957,0.006113947863477513,0.3975409836065574,0.47797131147540983,0.4888581776591689,0.49252049180327867,0.0594262295081967,0.4897540983606557
US Airlines,adap_degree,,100,0.33913934426229503,0.007873387530233759,0.3956381733021077,0.4756019467213115,0.49268766177739426,0.5045081967213115,0.1290983606557377,0.4774590163934426
US Airlines,betweenness,,1,0.34634926766998114,0.009095337274926053,0.3811475409836066,0.493559718969555,0.5377049180327869,0.5520150273224044,0.0368852459016393,0.4282786885245901
US Airlines,degree,,1,0.3673113746304757,0.00985958075786075,0.3934426229508196,0.5153688524590164,0.5484469370146678,0.607172131147541,0.0512295081967213,0.5409836065573771
US Airlines,random,,1,0.48930479037893043,0.0020575786079010546,0.4897540983606557,0.7295081967213115,0.8774590163934426,0.9356557377049181,0.0040983606557377,0.7622950819672132
US Airlines,random,,2,0.48740257995162595,0.002166756248320299,0.4877049180327869,0.7202868852459017,0.8774590163934426,0.9315573770491805,0.0061475409836065,0.8258196721311476
US Airlines,random,,3,0.4781728701961838,0.00350208277344795,0.4774590163934426,0.709016393442623,0.8733606557377048,0.9295081967213116,0.0061475409836065,0.3012295081967213
US Airlines,random,,4,0.4859034869658694,0.004299919376511653,0.4877049180327869,0.7274590163934427,0.8815573770491802,0.9378073770491803,0.0143442622950819,0.5102459016393442
US Airlines,random,,5,0.487373185971513,0.0027588349905938872,0.4815573770491803,0.7295081967213115,0.8877049180327868,0.9377049180327869,0.0102459016393442,0.3913934426229508
US Airlines,random,,6,0.4953263571620532,0.0013731187852727572,0.4979508196721312,0.7407786885245902,0.8836065573770492,0.9418032786885246,0.0040983606557377,0.8217213114754098
US Airlines,random,,7,0.48771751545283526,0.001835024187046446,0.4877049180327869,0.7274590163934427,0.8733606557377048,0.9377049180327869,0.0020491803278688,0.1024590163934426
US Airlines,random,,8,0.4933443630744424,0.0020449811878526882,0.4877049180327869,0.7459016393442623,0.892896174863388,0.9382513661202185,0.0040983606557377,0.2540983606557377
US Airlines,random,,9,0.48956093791991406,0.002410306369255534,0.485655737704918,0.7356557377049181,0.8795081967213114,0.9315573770491805,0.0040983606557377,0.4651639344262295
US Airlines,random,,10,0.4902873891427036,0.0018056302069335757,0.491120218579235,0.7315573770491803,0.8733606557377048,0.9309426229508199,0.0040983606557377,0.4918032786885246
US Airlines,random,,11,0.48564314028486966,0.0030863679118516064,0.485655737704918,0.7262295081967214,0.8733606557377048,0.9254098360655737,0.0081967213114754,0.7274590163934427
US Airlines,random,,12,0.4846857363611933,0.002456496909432904,0.485655737704918,0.7315573770491803,0.866905737704918,0.9172131147540985,0.0061475409836065,0.7827868852459017
US Airlines,random,,13,0.49142955522708953,0.001763638806772343,0.4897540983606557,0.7315573770491803,0.8915983606557377,0.9397540983606557,0.0040983606557377,0.2848360655737705
US Airlines,random,,14,0.489628124160172,0.002242340768610569,0.4897540983606557,0.7295081967213115,0.8795081967213114,0.9295081967213116,0.0040983606557377,0.5922131147540984
US Airlines,random,,15,0.4884565640956732,0.0020701760279494327,0.4918032786885246,0.7336065573770493,0.8651639344262294,0.9233606557377049,0.0081967213114754,0.8606557377049181
US Airlines,random,,16,0.4903965667831228,0.0022129467884976894,0.4918032786885246,0.7315573770491803,0.8774590163934426,0.9274590163934425,0.0040983606557377,0.6127049180327869
US Airlines,random,,17,0.49172769416823436,0.0018686173071754428,0.4897540983606557,0.7356557377049181,0.885655737704918,0.9299180327868853,0.0020491803278688,0.0860655737704918
US Airlines,random,,18,0.4945999059392637,0.0017006517065304698,0.4979508196721312,0.7336065573770493,0.8897540983606557,0.9391393442622951,0.0061475409836065,0.9692622950819672
US Airlines,random,,19,0.4910726283257189,0.0019400026874495683,0.485655737704918,0.7356557377049181,0.8926229508196721,0.9295081967213116,0.0040983606557377,0.8770491803278689
US Airlines,random,,20,0.48820881483472184,0.0034180999731254617,0.4918032786885246,0.7192622950819673,0.8733606557377048,0.9334699453551913,0.0102459016393442,0.6885245901639344
US Airlines,random,,21,0.48867491937651164,0.0017384439666755895,0.4938524590163934,0.7274590163934427,0.8754098360655738,0.9198770491803279,0.0040983606557377,0.8176229508196722
US Airlines,random,,22,0.48898985487772106,0.0025824711099166455,0.4877049180327869,0.7274590163934427,0.8836065573770492,0.9254098360655737,0.0122950819672131,0.9610655737704918
US Airlines,random,,23,0.4885237503359312,0.002595068529965024,0.48668032786885246,0.7274590163934427,0.8854508196721312,0.9377049180327869,0.0061475409836065,0.764344262295082
US Airlines,random,,24,0.49026219430260687,0.0024019080892232854,0.4979508196721312,0.7295081967213115,0.8672131147540983,0.921311475409836,0.0061475409836065,0.8504098360655739
US Airlines,random,,25,0.4910936240257995,0.0017258465466272067,0.4897540983606557,0.7377049180327869,0.8782786885245902,0.9356557377049181,0.0020491803278688,0.0901639344262295
US Airlines,random,,26,0.49097184896533186,0.002977190271432384,0.485655737704918,0.7418032786885246,0.8795081967213114,0.9416666666666668,0.0081967213114754,0.9508196721311476
US Airlines,random,,27,0.49001864418167157,0.002406107229239407,0.4897540983606557,0.7397540983606558,0.8782786885245902,0.9377049180327869,0.0061475409836065,0.8176229508196722
US Airlines,random,,28,0.4910558317656545,0.0031745498521902325,0.4877049180327869,0.7418032786885246,0.8836065573770492,0.9397540983606557,0.0122950819672131,0.7725409836065574
US Airlines,random,,29,0.4911188188658963,0.0022255442085460484,0.4938524590163934,0.7295081967213115,0.8815573770491802,0.9438524590163935,0.0061475409836065,0.9815573770491804
US Airlines,random,,30,0.48911582907820483,0.0018098293469497031,0.4918032786885246,0.7274590163934427,0.8795081967213114,0.9274590163934425,0.0061475409836065,0.6270491803278689
US Airlines,random,,31,0.4893383834990594,0.0031031644719161323,0.485655737704918,0.7315573770491803,0.8877049180327868,0.9377049180327869,0.0040983606557377,0.3504098360655738
US Airlines,random,,32,0.4892040110185434,0.002561475409836036,0.4918032786885246,0.7315573770491803,0.8733606557377048,0.9295081967213116,0.0040983606557377,0.5409836065573771
US Airlines,random,,33,0.481242441547971,0.0042411314162859,0.4836065573770492,0.7110655737704918,0.8648907103825136,0.9237704918032786,0.0143442622950819,0.6209016393442623
US Airlines,random,,34,0.48958613276001073,0.0038044208546089402,0.4959016393442623,0.7254098360655739,0.8836065573770492,0.9356557377049181,0.0163934426229508,0.6331967213114754
US Airlines,random,,35,0.48644097688793336,0.0024774926095135308,0.4877049180327869,0.7254098360655739,0.8754098360655738,0.9336065573770492,0.0061475409836065,0.8114754098360656
US Airlines,random,,36,0.48813323031443157,0.002057578607901062,0.4938524590163934,0.7192622950819673,0.8795081967213114,0.9315573770491805,0.0040983606557377,0.3135245901639344
US Airlines,random,,37,0.49114401370599303,0.0019022104273044404,0.4897540983606557,0.7377049180327869,0.8823770491803279,0.9377049180327869,0.0040983606557377,0.9610655737704918
US Airlines,random,,38,0.48757894383230316,0.00219615022843319,0.4918032786885246,0.7274590163934427,0.8758196721311475,0.9206967213114754,0.0061475409836065,0.9385245901639344
US Airlines,random,,39,0.48791067589357706,0.002267535608707306,0.4979508196721312,0.7213114754098361,0.8672131147540983,0.9227459016393442,0.0040983606557377,0.5614754098360656
US Airlines,random,,40,0.48948535339962373,0.0023641158290781715,0.4897540983606557,0.7336065573770493,0.8864754098360657,0.9438524590163935,0.0040983606557377,0.5163934426229508
US Airlines,random,,41,0.4896869121203977,0.0018098293469496986,0.4877049180327869,0.7315573770491803,0.885655737704918,0.9360655737704918,0.0020491803278688,0.1147540983606557
US Airlines,random,,42,0.49169410104810535,0.001604071486159604,0.4959016393442623,0.7377049180327869,0.8635245901639345,0.9233606557377049,0.0040983606557377,0.819672131147541
US Airlines,random,,43,0.49063171862402577,0.002729441010481031,0.485655737704918,0.7418032786885246,0.8815573770491802,0.9315573770491805,0.0040983606557377,0.1844262295081967
US Airlines,random,,44,0.49305462241332976,0.0026370599301262744,0.4959016393442623,0.7407786885245902,0.8774590163934426,0.9370901639344262,0.0081967213114754,0.7418032786885246
US Airlines,random,,45,0.49186206664875026,0.0021289639881751808,0.4959016393442623,0.7308743169398907,0.8820491803278688,0.9315573770491805,0.0040983606557377,0.5307377049180328
US Airlines,random,,46,0.49243314969094326,0.0025278822897070296,0.4918032786885246,0.7356557377049181,0.8877049180327868,0.9438524590163935,0.0040983606557377,0.4159836065573771
US Airlines,random,,47,0.4846059527008869,0.002469094329481273,0.49221311475409835,0.7274590163934427,0.8631147540983606,0.921311475409836,0.0061475409836065,0.7438524590163935
US Airlines,random,,48,0.4861092448266595,0.0039052002149959244,0.49077868852459017,0.7136270491803279,0.8815573770491802,0.9401639344262296,0.0163934426229508,0.5901639344262295
US Airlines,random,,49,0.494075013437248,0.0019945915076591963,0.4918032786885246,0.7377049180327869,0.8918032786885245,0.9418032786885246,0.0061475409836065,0.6106557377049181
US Airlines,random,,50,0.49149254232733136,0.0029184023112066326,0.4918032786885246,0.7356557377049181,0.8815573770491802,0.9377049180327869,0.0163934426229508,0.7418032786885246
US Airlines,random,,51,0.49081228164471924,0.0020617777479171873,0.4938524590163934,0.7346311475409837,0.8815573770491802,0.9301639344262297,0.0040983606557377,0.7581967213114754
US Airlines,random,,52,0.48907803681805967,0.0019484009674818217,0.4897540983606557,0.7295081967213115,0.8774590163934426,0.9377049180327869,0.0040983606557377,0.4098360655737705
US Airlines,random,,53,0.48659634506852995,0.004329313356624526,0.4959016393442623,0.7233606557377049,0.871311475409836,0.9254098360655737,0.0184426229508196,0.5450819672131147
US Airlines,random,,54,0.4891704178984144,0.0021583579682880466,0.4938524590163934,0.7295081967213115,0.8754098360655738,0.9356557377049181,0.0040983606557377,0.7581967213114754
US Airlines,random,,55,0.48817102257457673,0.0020365829078204363,0.4897540983606557,0.7315573770491803,0.8795081967213114,0.9258196721311475,0.0061475409836065,0.9610655737704918
US Airlines,random,,56,0.48839357699543134,0.0019777949475946978,0.4836065573770492,0.7315573770491803,0.8836065573770492,0.9300546448087433,0.0040983606557377,0.8278688524590164
US Airlines,random,,57,0.49493583714055367,0.0020029897876914296,0.4979508196721312,0.7397540983606558,0.8895491803278689,0.9459016393442623,0.0020491803278688,0.0204918032786885
US Airlines,random,,58,0.49360470975544213,0.0029981859715130046,0.4959016393442623,0.7418032786885246,0.8836065573770492,0.9315573770491805,0.0081967213114754,0.584016393442623
US Airlines,random,,59,0.4925129333512497,0.0019106087073366904,0.4938524590163934,0.7315573770491803,0.8803278688524591,0.9418032786885246,0.0040983606557377,0.971311475409836
US Airlines,random,,60,0.48963232330018813,0.0020029897876914296,0.4897540983606557,0.7315573770491803,0.8897540983606557,0.9401639344262296,0.0020491803278688,0.0204918032786885
US Airlines,random,,61,0.4923365694705724,0.0020827734479978016,0.4959016393442623,0.7397540983606558,0.8836065573770492,0.9377049180327869,0.0040983606557377,0.8545081967213115
US Airlines,random,,62,0.4909718489653319,0.001776236226820705,0.4918032786885246,0.7356557377049181,0.871311475409836,0.9274590163934425,0.0040983606557377,0.9508196721311476
US Airlines,random,,63,0.4816707538296157,0.003388705993012579,0.4754098360655738,0.7192622950819673,0.8690573770491804,0.9172131147540985,0.0081967213114754,0.9508196721311476
US Airlines,random,,64,0.48930059123891434,0.0024816917495296548,0.4959016393442623,0.7336065573770493,0.8774590163934426,0.9295081967213116,0.0061475409836065,0.7889344262295083
US Airlines,random,,65,0.4893089895189465,0.003212342112335363,0.4959016393442623,0.7295081967213115,0.8795081967213114,0.9336065573770492,0.0061475409836065,0.6454918032786886
US Airlines,random,,66,0.4882676027949476,0.0020407820478365755,0.485655737704918,0.7315573770491803,0.8692622950819672,0.9315573770491805,0.0040983606557377,0.6762295081967213
US Airlines,random,,67,0.4877259137328675,0.003292125772641731,0.4836065573770492,0.7336065573770493,0.8694672131147542,0.9211748633879782,0.0061475409836065,0.4426229508196722
US Airlines,random,,68,0.48677270894920727,0.0024942891695780333,0.4877049180327869,0.7213114754098361,0.885655737704918,0.9315573770491805,0.0081967213114754,0.9631147540983608
US Airlines,random,,69,0.4894433619994625,0.002351518409029788,0.4897540983606557,0.7418032786885246,0.8721311475409836,0.9233606557377049,0.0061475409836065,0.8483606557377049
US Airlines,random,,70,0.48988427170115556,0.002951995431335629,0.485655737704918,0.73224043715847,0.8733606557377048,0.9315573770491805,0.0061475409836065,0.3647540983606557
US Airlines,random,,71,0.49038816850309064,0.0022549381886589155,0.4938524590163934,0.7356557377049181,0.8692622950819672,0.9336065573770492,0.0122950819672131,0.8155737704918034
US Airlines,random,,72,0.4888554823972051,0.002897406611126,0.485655737704918,0.7377049180327869,0.8733606557377048,0.9233606557377049,0.0122950819672131,0.8094262295081968
US Airlines,random,,73,0.4921014176296695,0.002065976887933308,0.4918032786885246,0.7397540983606558,0.8815573770491802,0.9259562841530053,0.0061475409836065,0.9651639344262296
US Airlines,random,,74,0.48459755442085456,0.0025866702499327855,0.4897540983606557,0.7069672131147542,0.8733606557377048,0.9274590163934425,0.0061475409836065,0.6127049180327869
US Airlines,random,,75,0.493096613813491,0.0029393980112872617,0.4938524590163934,0.7233606557377049,0.8854508196721312,0.9356557377049181,0.0143442622950819,0.7192622950819673
US Airlines,random,,76,0.4935039303950551,0.0019484009674818272,0.4959016393442623,0.7438524590163935,0.8836065573770492,0.9377049180327869,0.0040983606557377,0.7827868852459017
US Airlines,random,,77,0.48266175087342117,0.005786414942219797,0.4938524590163934,0.7192622950819673,0.8569672131147541,0.9090163934426229,0.0163934426229508,0.5122950819672132
US Airlines,random,,78,0.4879904595538833,0.0018350241870464488,0.4897540983606557,0.7325819672131147,0.8721311475409836,0.9233606557377049,0.0061475409836065,0.971311475409836
US Airlines,random,,79,0.4876377317925289,0.0021037691480784264,0.4836065573770492,0.7377049180327869,0.8815573770491802,0.9288934426229509,0.0061475409836065,0.8668032786885246
US Airlines,random,,80,0.49103903520558995,0.0031157618919644796,0.4938524590163934,0.7251821493624773,0.8774590163934426,0.9336065573770492,0.0163934426229508,0.7254098360655739
US Airlines,random,,81,0.4904805495834454,0.0029142031711905086,0.4938524590163934,0.7315573770491803,0.8795081967213114,0.9295081967213116,0.0061475409836065,0.694672131147541
US Airlines,random,,82,0.489426565439398,0.0036616500940606965,0.4959016393442623,0.7202868852459017,0.8844262295081967,0.9360655737704918,0.0102459016393442,0.5573770491803279
US Airlines,random,,83,0.4957840634238108,0.0017132491265788332,0.4959016393442623,0.7438524590163935,0.8897540983606557,0.9367827868852459,0.0061475409836065,0.9774590163934428
US Airlines,random,,84,0.4894349637194303,0.0024942891695780333,0.4897540983606557,0.7295081967213115,0.885655737704918,0.9254098360655737,0.0040983606557377,0.5307377049180328
US Airlines,random,,85,0.49551951760279495,0.0013899153453372415,0.4979508196721312,0.7377049180327869,0.8938524590163934,0.9479508196721311,0.0040983606557377,0.9651639344262296
US Airlines,random,,86,0.48177573233001886,0.003271130072561102,0.4795081967213115,0.7069672131147542,0.8774590163934426,0.9360655737704918,0.0081967213114754,0.5594262295081968
US Airlines,random,,87,0.4838585057780167,0.0017552405267400807,0.485655737704918,0.7233606557377049,0.8590163934426229,0.921311475409836,0.0061475409836065,0.9631147540983608
US Airlines,random,,88,0.49141695780704114,0.0019735958075785638,0.4836065573770492,0.7418032786885246,0.8877049180327868,0.9274590163934425,0.0040983606557377,0.4815573770491803
US Airlines,random,,89,0.4877133163128191,0.0031199610319806023,0.4938524590163934,0.7172131147540984,0.8741803278688525,0.9377049180327869,0.0102459016393442,0.6680327868852459
US Airlines,random,,90,0.4893677774791723,0.002145760548239671,0.48872950819672134,0.7356557377049181,0.8754098360655738,0.9254098360655737,0.0040983606557377,0.8729508196721312
US Airlines,random,,91,0.48764613007256113,0.004455287557108259,0.4815573770491803,0.7274590163934427,0.8877049180327868,0.9377049180327869,0.0143442622950819,0.3790983606557377
US Airlines,random,,92,0.4935795149153454,0.0019106087073366886,0.4918032786885246,0.7438524590163935,0.8918032786885245,0.9471311475409836,0.0020491803278688,0.0655737704918032
US Airlines,random,,93,0.4873143980112873,0.0031367575920451126,0.485655737704918,0.7202868852459017,0.8733606557377048,0.9336065573770492,0.0081967213114754,0.6516393442622951
US Airlines,random,,94,0.49409600913732865,0.0019358035474334502,0.4938524590163934,0.7438524590163935,0.8897540983606557,0.9356557377049181,0.0040983606557377,0.5
US Airlines,random,,95,0.48867911851652784,0.0024942891695780246,0.4918032786885246,0.7336065573770493,0.8721311475409836,0.9110655737704918,0.0061475409836065,0.7622950819672132
US Airlines,random,,96,0.4927102929320076,0.0017174482665949595,0.4918032786885246,0.7387295081967213,0.8815573770491802,0.9356557377049181,0.0040983606557377,0.834016393442623
US Airlines,random,,97,0.4873731859715131,0.002847016930932501,0.4897540983606557,0.7192622950819673,0.8733606557377048,0.9192622950819672,0.0061475409836065,0.5655737704918034
US Airlines,random,,98,0.48981288632088144,0.0025530771298037745,0.4938524590163934,0.7336065573770493,0.8754098360655738,0.9336065573770492,0.0102459016393442,0.7479508196721312
US Airlines,random,,99,0.48710444101048106,0.0024187046492877774,0.4938524590163934,0.7295081967213115,0.8725409836065574,0.9274590163934425,0.0061475409836065,0.8114754098360656
US Airlines,random,,100,0.49037137194302605,0.0026412590701423867,0.4877049180327869,0.7397540983606558,0.8754098360655738,0.9315573770491805,0.0061475409836065,0.7479508196721312
US Airlines,seamless,1.0,1,0.3766880542864821,0.01362201021230848,0.3729508196721312,0.5422131147540984,0.6261270491803279,0.709192037470726,0.040983606557377,0.3012295081967213
US Airlines,seamless,1.0,2,0.3694991265788766,0.011996943026068229,0.3760245901639344,0.5481557377049181,0.6386270491803279,0.6856557377049181,0.055327868852459,0.639344262295082
US Airlines,seamless,1.0,3,0.36789505509271697,0.015364653319000221,0.3811475409836066,0.5409836065573771,0.6332308743169399,0.6431147540983606,0.0450819672131147,0.2438524590163934
US Airlines,seamless,1.0,4,0.3750629871002419,0.009565640956732025,0.382172131147541,0.5450819672131147,0.6581625683060109,0.7135831381733021,0.040983606557377,0.1680327868852459
US Airlines,seamless,1.0,5,0.3762051531846278,0.012219497446922821,0.37978142076502736,0.5458701134930644,0.6692827868852459,0.6884660421545667,0.0389344262295082,0.1967213114754098
US Airlines,seamless,1.0,6,0.38530049045955383,0.010485252620263338,0.4057377049180328,0.5532786885245902,0.651912568306011,0.65884074941452,0.0430327868852459,0.653688524590164
US Airlines,seamless,1.0,7,0.37742710292932,0.009599234076861012,0.3770491803278689,0.5512295081967213,0.6625512295081968,0.6947950819672132,0.0245901639344262,0.2889344262295082
US Airlines,seamless,1.0,8,0.3743197393173878,0.011215902983069022,0.3739754098360656,0.5521402550091075,0.6471311475409837,0.664344262295082,0.0450819672131147,0.6598360655737705
US Airlines,seamless,1.0,9,0.3773851115291588,0.009893173877989749,0.3903688524590164,0.5512295081967213,0.6376862891207155,0.7055737704918033,0.0430327868852459,0.639344262295082
US Airlines,seamless,1.0,10,0.379173945176028,0.01164421526471374,0.3849180327868853,0.5505464480874317,0.6254303278688524,0.6698770491803279,0.0471311475409836,0.6106557377049181
US Airlines,seamless,1.0,11,0.3728500403117442,0.015221882558451978,0.3811475409836066,0.5486680327868853,0.6340420081967213,0.6534153005464481,0.0614754098360655,0.6352459016393442
US Airlines,seamless,1.0,12,0.38459083579682884,0.011203305563020637,0.3944672131147541,0.5745901639344263,0.628688524590164,0.6585724043715847,0.0348360655737704,0.6086065573770492
US Airlines,seamless,1.0,13,0.37826693093254504,0.012530233808116058,0.40676229508196726,0.5635245901639344,0.6458561020036431,0.6971311475409836,0.040983606557377,0.1209016393442623
US Airlines,seamless,1.0,14,0.3843178916957807,0.010455858640150452,0.3944672131147541,0.5717213114754098,0.6642349726775957,0.7322233606557378,0.0430327868852459,0.1700819672131147
US Airlines,seamless,1.0,15,0.3738788296156947,0.012811576189196405,0.3995901639344262,0.5532786885245902,0.6186920883820386,0.6385701275045538,0.0450819672131147,0.6188524590163935
US Airlines,seamless,1.0,16,0.3789471916151572,0.011417461703843012,0.3790983606557377,0.5491803278688525,0.6346311475409836,0.6690731399747794,0.0450819672131147,0.625
US Airlines,seamless,1.0,17,0.37084705052405265,0.015385649019080853,0.3668032786885246,0.5573770491803279,0.626923076923077,0.6512295081967213,0.0450819672131147,0.2274590163934426
US Airlines,seamless,1.0,18,0.3723251478097286,0.01174499462510074,0.3934426229508196,0.5520491803278689,0.6645264116575592,0.6730586712683349,0.0430327868852459,0.1680327868852459
US Airlines,seamless,1.0,19,0.37898498387530233,0.012148112066648703,0.38387978142076506,0.5563524590163934,0.6432377049180328,0.6775045537340619,0.026639344262295,0.1905737704918033
US Airlines,seamless,1.0,20,0.3819663732867508,0.01767418032786882,0.3790983606557377,0.5635245901639344,0.6859484777517565,0.6965619307832422,0.0430327868852459,0.1885245901639344
US Airlines,seamless,1.0,21,0.3783761085729643,0.009095337274926047,0.3831967213114754,0.5478142076502733,0.6573087431693989,0.7055327868852459,0.026639344262295,0.1905737704918033
US Airlines,seamless,1.0,22,0.37901017871539905,0.011556033324375128,0.39432084309133486,0.5498633879781422,0.624443793911007,0.6351024590163934,0.0307377049180327,0.6352459016393442
US Airlines,seamless,1.0,23,0.38137429454447724,0.010191312819134594,0.3934426229508196,0.5737704918032788,0.6354508196721311,0.6412739071038251,0.0450819672131147,0.6413934426229508
US Airlines,seamless,1.0,24,0.37330774657350174,0.008490661112604093,0.3831967213114754,0.5409836065573771,0.6292008196721312,0.6631967213114754,0.026639344262295,0.6639344262295083
US Airlines,seamless,1.0,25,0.38290698065036277,0.012034735286213342,0.3872950819672131,0.5604508196721312,0.6639754098360656,0.7055737704918033,0.0368852459016393,0.6311475409836066
US Airlines,seamless,1.0,26,0.3779435971513034,0.011392266863746264,0.3831967213114754,0.5704918032786885,0.6232950819672132,0.6422131147540984,0.0491803278688524,0.625
US Airlines,seamless,1.0,27,0.38618230986294,0.012106120666487469,0.3975409836065574,0.5743852459016394,0.6763319672131147,0.6951405152224824,0.0430327868852459,0.1885245901639344
US Airlines,seamless,1.0,28,0.3728962308519215,0.00990157215802199,0.3790983606557377,0.5333723653395784,0.6396448087431694,0.6433743169398907,0.026639344262295,0.3627049180327869
US Airlines,seamless,1.0,29,0.370385145122279,0.012475644987906433,0.38627049180327866,0.5256147540983607,0.6502588438308887,0.6591851494696239,0.0327868852459016,0.6598360655737705
US Airlines,seamless,1.0,30,0.39154041252351524,0.008053950550927124,0.4036885245901639,0.5700819672131148,0.6726946721311476,0.7333333333333334,0.0307377049180327,0.6372950819672132
US Airlines,seamless,1.0,31,0.3698728500403118,0.011623219564633119,0.3845628415300547,0.5522540983606558,0.616046658259773,0.6486065573770492,0.0450819672131147,0.1475409836065573
US Airlines,seamless,1.0,32,0.3750377922601451,0.014432444235420543,0.3770491803278689,0.5368852459016393,0.7014659520807063,0.737431693989071,0.0389344262295082,0.7028688524590164
US Airlines,seamless,1.0,33,0.38198316984681535,0.012479844127922546,0.3913934426229508,0.569672131147541,0.6732581967213115,0.7094262295081968,0.026639344262295,0.6987704918032788
US Airlines,seamless,1.0,34,0.37654948266595,0.015200886858371362,0.38565573770491807,0.5657786885245902,0.6527322404371585,0.6650916104146577,0.040983606557377,0.2090163934426229
US Airlines,seamless,1.0,35,0.37872043805428646,0.0106658156409567,0.38627049180327866,0.5635245901639344,0.6197250132205183,0.664344262295082,0.0491803278688524,0.6209016393442623
US Airlines,seamless,1.0,36,0.36878527277613543,0.014365257995162552,0.3668032786885246,0.5614754098360656,0.6276453055141581,0.6408196721311475,0.0430327868852459,0.2110655737704918
US Airlines,seamless,1.0,37,0.38401135447460355,0.012702398548777161,0.3913934426229508,0.5703953712632595,0.659016393442623,0.7424180327868852,0.0430327868852459,0.2049180327868852
US Airlines,seamless,1.0,38,0.3929261287288364,0.008457067992475103,0.3960040983606557,0.5788934426229508,0.6728617248752674,0.677172131147541,0.0368852459016393,0.6741803278688525
US Airlines,seamless,1.0,39,0.3842717011556034,0.009855381617844626,0.39685792349726773,0.5725182149362478,0.6567809239940388,0.698032786885246,0.0368852459016393,0.6577868852459017
US Airlines,seamless,1.0,40,0.37810316447191616,0.009658022037086763,0.3811475409836066,0.542827868852459,0.666188524590164,0.6892857142857143,0.0204918032786885,0.5532786885245902
US Airlines,seamless,1.0,41,0.38799633834990593,0.01178278688524585,0.3913934426229508,0.6010928961748635,0.6451229508196722,0.6723770491803279,0.026639344262295,0.2274590163934426
US Airlines,seamless,1.0,42,0.3866064230045687,0.010317287019618336,0.3934426229508196,0.5580601092896176,0.656088992974239,0.675940212150434,0.0348360655737704,0.5061475409836066
US Airlines,seamless,1.0,43,0.38487637731792523,0.01138806772373013,0.39837583485124467,0.5498633879781422,0.660587431693989,0.7319672131147541,0.0471311475409836,0.3995901639344262
US Airlines,seamless,1.0,44,0.3786784466541252,0.010665815640956689,0.3929303278688524,0.5741803278688525,0.6060768795929904,0.620327868852459,0.0573770491803278,0.6065573770491803
US Airlines,seamless,1.0,45,0.3787330354743349,0.009939364418167122,0.40846994535519127,0.571867681498829,0.6115645046329294,0.6141031822565092,0.0389344262295082,0.6127049180327869
US Airlines,seamless,1.0,46,0.3685207269551196,0.013017334049986515,0.367827868852459,0.5439110070257611,0.606099324975892,0.6613046448087432,0.0389344262295082,0.2930327868852459
US Airlines,seamless,1.0,47,0.3730390016124697,0.014256080354743308,0.3698770491803278,0.5491803278688525,0.6587555886736215,0.6922131147540984,0.0368852459016393,0.2807377049180328
US Airlines,seamless,1.0,48,0.3670720236495566,0.010535642300456829,0.3760245901639344,0.5440573770491803,0.6093351548269581,0.6629781420765027,0.0389344262295082,0.5573770491803279
US Airlines,seamless,1.0,49,0.37439112469766195,0.011887765385648971,0.3816598360655738,0.5657018442622952,0.6404713114754098,0.6841393442622952,0.0307377049180327,0.5676229508196722
US Airlines,seamless,1.0,50,0.3840197527546359,0.009729407417360884,0.4016393442622951,0.5444514501891551,0.6387295081967214,0.6657247627264884,0.0512295081967213,0.639344262295082
US Airlines,seamless,1.0,51,0.37799818597151297,0.008629232733136205,0.4036885245901639,0.5573770491803279,0.6484426229508197,0.6724954462659382,0.0430327868852459,0.1700819672131147
US Airlines,seamless,1.0,52,0.3802657215802204,0.010422265520021456,0.3743169398907104,0.5747950819672132,0.6333333333333333,0.6831420765027323,0.0307377049180327,0.6147540983606558
US Airlines,seamless,1.0,53,0.38915530099435636,0.009746203977425382,0.3965163934426229,0.5625,0.6936987704918033,0.7101092896174864,0.026639344262295,0.2274590163934426
US Airlines,seamless,1.0,54,0.37335393711367915,0.013936945713517826,0.3872950819672131,0.5512295081967213,0.648360655737705,0.6848360655737705,0.0389344262295082,0.6618852459016393
US Airlines,seamless,1.0,55,0.3794426901370599,0.010245901639344215,0.3907103825136612,0.5743293591654248,0.6440573770491803,0.6954918032786885,0.0450819672131147,0.5860655737704918
US Airlines,seamless,1.0,56,0.3819117844665412,0.014902747917226518,0.3765368852459017,0.5471311475409837,0.7119672131147541,0.7328688524590165,0.0450819672131147,0.2110655737704918
US Airlines,seamless,1.0,57,0.3740761891964526,0.013932746573501714,0.360655737704918,0.5713487332339792,0.653756830601093,0.6660953800298063,0.0430327868852459,0.1967213114754098
US Airlines,seamless,1.0,58,0.3661608102660575,0.011581228164471866,0.3913934426229508,0.5496357012750456,0.6192266571632218,0.6423497267759563,0.0389344262295082,0.6209016393442623
US Airlines,seamless,1.0,59,0.3805806570814297,0.01032148615963446,0.38552533532041733,0.54474043715847,0.6453096539162113,0.746516393442623,0.040983606557377,0.3872950819672131
US Airlines,seamless,1.0,60,0.38121472722386457,0.009133129535071172,0.3780737704918033,0.5806010928961749,0.6448717948717949,0.6520491803278688,0.0512295081967213,0.6454918032786886
US Airlines,seamless,1.0,61,0.37094363074442355,0.010275295619457094,0.3818306010928962,0.5438524590163935,0.604314063848145,0.6241575591985428,0.0430327868852459,0.2622950819672131
US Airlines,seamless,1.0,62,0.38009355683955925,0.01168200752485887,0.3872950819672131,0.5665983606557378,0.6231557377049181,0.6698770491803279,0.1004098360655737,0.5881147540983607
US Airlines,seamless,1.0,63,0.38544326122010214,0.013193697930663755,0.40027322404371585,0.5724043715846995,0.6785022354694485,0.7022950819672131,0.0348360655737704,0.194672131147541
US Airlines,seamless,1.0,64,0.38223091910776674,0.00895256651437782,0.3826844262295082,0.5635245901639344,0.6660348360655738,0.6940915300546449,0.0245901639344262,0.3831967213114754
US Airlines,seamless,1.0,65,0.3690666151572158,0.011417461703843008,0.3924180327868852,0.5491803278688525,0.5884615384615385,0.6525614754098361,0.0389344262295082,0.5717213114754098
US Airlines,seamless,1.0,66,0.3793335124966407,0.01559140687987096,0.3975409836065574,0.581056466302368,0.6200819672131148,0.6758196721311476,0.0655737704918032,0.6004098360655739
US Airlines,seamless,1.0,67,0.38674079548508467,0.008599838753023344,0.3934426229508196,0.5683060109289618,0.6530737704918034,0.6942622950819672,0.0184426229508196,0.4918032786885246
US Airlines,seamless,1.0,68,0.3688146667562483,0.009632827196990016,0.3739754098360656,0.5343237704918032,0.6047131147540984,0.6784543325526932,0.0348360655737704,0.3094262295081967
US Airlines,seamless,1.0,69,0.379581261757592,0.009935165278150984,0.3790983606557377,0.5430327868852459,0.6508196721311476,0.7214139344262295,0.040983606557377,0.2950819672131147
US Airlines,seamless,1.0,70,0.3839105751142166,0.013269282450953993,0.3934426229508196,0.5570843091334895,0.6524590163934426,0.6862021857923497,0.040983606557377,0.1844262295081967
US Airlines,seamless,1.0,71,0.37857766729373826,0.00807494625100775,0.3949795081967213,0.5573770491803279,0.6313524590163935,0.6608727097396335,0.0245901639344262,0.2377049180327869
US Airlines,seamless,1.0,72,0.3792033391561408,0.013827768073098592,0.3872950819672131,0.5594262295081968,0.622579405737705,0.6910581222056632,0.0635245901639344,0.6229508196721312
US Airlines,seamless,1.0,73,0.37112419376511685,0.012765385649019037,0.3995901639344262,0.5443989071038251,0.5960382513661202,0.6691256830601093,0.0348360655737704,0.5881147540983607
US Airlines,seamless,1.0,74,0.37924533055630205,0.01031728701961833,0.4036885245901639,0.5706967213114754,0.6264344262295083,0.6463114754098361,0.026639344262295,0.2397540983606557
US Airlines,seamless,1.0,75,0.38171022574576724,0.010980751142166038,0.4036885245901639,0.5727459016393442,0.6447839046199703,0.6645901639344263,0.026639344262295,0.1065573770491803
US Airlines,seamless,1.0,76,0.37820394383230316,0.01072040446116631,0.389344262295082,0.5546448087431693,0.6636612021857924,0.695264116575592,0.026639344262295,0.110655737704918
US Airlines,seamless,1.0,77,0.3742777479172265,0.011589626444504123,0.3688524590163934,0.5466188524590164,0.638551912568306,0.6737332339791356,0.026639344262295,0.2459016393442623
US Airlines,seamless,1.0,78,0.3770617777479172,0.015209285138403616,0.3866120218579235,0.5747950819672132,0.6594262295081967,0.6658688524590164,0.0368852459016393,0.6659836065573771
US Airlines,seamless,1.0,79,0.3733749328137598,0.010136723998924983,0.3729508196721312,0.5594262295081968,0.6332172131147541,0.6559426229508197,0.0430327868852459,0.2418032786885246
US Airlines,seamless,1.0,80,0.37564246842246707,0.01205573098629397,0.3801229508196722,0.5614754098360656,0.6164754098360655,0.7113789778206365,0.0430327868852459,0.2110655737704918
US Airlines,seamless,1.0,81,0.3802405267401236,0.00770962106960491,0.3985655737704918,0.5512295081967213,0.6353825136612021,0.6831381733021078,0.0307377049180327,0.4282786885245901
US Airlines,seamless,1.0,82,0.36698384170921794,0.01186257054555222,0.37158469945355194,0.5420081967213115,0.6201990632318501,0.6337858606557377,0.040983606557377,0.2684426229508196
US Airlines,seamless,1.0,83,0.3882902781510347,0.009330489115829036,0.3975409836065574,0.569672131147541,0.6409439450026442,0.7411885245901639,0.0368852459016393,0.6413934426229508
US Airlines,seamless,1.0,84,0.3827348159097017,0.008948367374361684,0.3975409836065574,0.5620608899297423,0.6592896174863389,0.7116575591985428,0.0225409836065573,0.2397540983606557
US Airlines,seamless,1.0,85,0.36458613276001073,0.01251343724805156,0.3729508196721312,0.5532786885245902,0.6282786885245902,0.6527965284474446,0.0327868852459016,0.653688524590164
US Airlines,seamless,1.0,86,0.3782123421123354,0.009179320075248548,0.4036885245901639,0.5489241803278689,0.6067946505608283,0.6603204172876304,0.0286885245901639,0.5491803278688525
US Airlines,seamless,1.0,87,0.3792159365761892,0.009754602257457628,0.3729508196721312,0.5811475409836065,0.6127206809583859,0.6146437578814629,0.0450819672131147,0.6147540983606558
US Airlines,seamless,1.0,88,0.3796274522977694,0.011350275463585007,0.3852459016393443,0.5438524590163935,0.6763661202185792,0.7261709601873537,0.026639344262295,0.2520491803278689
US Airlines,seamless,1.0,89,0.38505274119860255,0.01250923810803543,0.4036885245901639,0.564470365699874,0.6601341281669151,0.7034153005464481,0.0389344262295082,0.6618852459016393
US Airlines,seamless,1.0,90,0.38736646734748714,0.011035339962375663,0.3934426229508196,0.5668545081967213,0.628688524590164,0.6932149362477231,0.0430327868852459,0.3319672131147541
US Airlines,seamless,1.0,91,0.3766250671862403,0.014130106154259556,0.3934426229508196,0.5771857923497268,0.6179098360655738,0.6216393442622952,0.0573770491803278,0.6188524590163935
US Airlines,seamless,1.0,92,0.37378644853534,0.011186509002956146,0.3668032786885246,0.5568647540983607,0.6465573770491804,0.7325307377049181,0.0307377049180327,0.7336065573770493
US Airlines,seamless,1.0,93,0.37754887798978765,0.01355482397205049,0.3934426229508196,0.5747950819672132,0.6267213114754099,0.6553506375227688,0.0430327868852459,0.1331967213114754
US Airlines,seamless,1.0,94,0.38250386320881485,0.013512832571889236,0.3811475409836066,0.5635245901639344,0.6367388758782202,0.6462529274004685,0.0430327868852459,0.3770491803278689
US Airlines,seamless,1.0,95,0.3804084923407686,0.013399455791453876,0.3913934426229508,0.5614754098360656,0.6538251366120219,0.6975782414307005,0.0450819672131147,0.2438524590163934
US Airlines,seamless,1.0,96,0.37217397876914804,0.01137966944369789,0.3770491803278689,0.5351775956284153,0.6285822707953856,0.6654098360655738,0.0368852459016393,0.6290983606557378
US Airlines,seamless,1.0,97,0.3734085259338888,0.01184157484547161,0.4031762295081967,0.5676229508196722,0.6000585480093678,0.6447892271662764,0.055327868852459,0.6004098360655739
US Airlines,seamless,1.0,98,0.383486461972588,0.013794174952969591,0.4001024590163934,0.546448087431694,0.6725409836065573,0.7314754098360656,0.0348360655737704,0.6618852459016393
US Airlines,seamless,1.0,99,0.3665639277076055,0.01772037086804619,0.3688524590163934,0.5259562841530054,0.6423952641165755,0.6609289617486339,0.0491803278688524,0.6434426229508197
US Airlines,seamless,1.0,100,0.3789765855952701,0.00851165681268473,0.39412568306010926,0.5409836065573771,0.6314988290398127,0.6852117486338798,0.026639344262295,0.3422131147540984
US Airlines,seamless,2.0,1,0.34559342246707875,0.009103735554958303,0.3995901639344262,0.4846311475409836,0.5148075552387741,0.517896174863388,0.0717213114754098,0.4918032786885246
US Airlines,seamless,2.0,2,0.34590415882827197,0.012043133566245583,0.3770491803278689,0.49804189435336976,0.5230327868852459,0.5570877531340406,0.0901639344262295,0.5
US Airlines,seamless,2.0,3,0.3507667629669443,0.00838148347218486,0.3811475409836066,0.4836065573770492,0.5362704918032787,0.6080327868852459,0.0532786885245901,0.5184426229508197
US Airlines,seamless,2.0,4,0.35405888873958613,0.007466070948669673,0.390983606557377,0.4851735776277724,0.5473360655737706,0.615983606557377,0.0327868852459016,0.485655737704918
US Airlines,seamless,2.0,5,0.3477307847352862,0.007533257188927663,0.3811475409836066,0.4873633879781421,0.548292349726776,0.5759953161592506,0.0471311475409836,0.4241803278688524
US Airlines,seamless,2.0,6,0.3447032047836603,0.010636421660843814,0.3683401639344262,0.4815573770491803,0.533826112412178,0.5800936768149882,0.0512295081967213,0.5348360655737705
US Airlines,seamless,2.0,7,0.35371875839828004,0.008721613813490951,0.389344262295082,0.5102459016393442,0.536736214605067,0.5409494535519126,0.0737704918032786,0.514344262295082
US Airlines,seamless,2.0,8,0.3478189666756248,0.0077684090298306505,0.3777322404371585,0.49146174863387976,0.5360655737704918,0.574016393442623,0.0327868852459016,0.5512295081967213
US Airlines,seamless,2.0,9,0.3409659701693093,0.00979659365761887,0.36168032786885246,0.4923155737704918,0.5164754098360655,0.5252634660421546,0.0594262295081967,0.5163934426229508
US Airlines,seamless,2.0,10,0.3520265049717818,0.008410877452297722,0.3954918032786885,0.5020491803278688,0.5203800298062594,0.5583504098360657,0.0655737704918032,0.5204918032786886
US Airlines,seamless,2.0,11,0.3516275866702499,0.008952566514377808,0.389344262295082,0.4877049180327869,0.5576588114754099,0.5685245901639344,0.0614754098360655,0.5061475409836066
US Airlines,seamless,2.0,12,0.35182914539102395,0.009527848696586901,0.3934426229508196,0.49241803278688523,0.5319672131147541,0.5913934426229509,0.0471311475409836,0.4364754098360656
US Airlines,seamless,2.0,13,0.3504140352055899,0.007209923407686062,0.3934426229508196,0.4979508196721312,0.5434426229508196,0.5680035128805621,0.0430327868852459,0.5184426229508197
US Airlines,seamless,2.0,14,0.35084234748723464,0.007445075248589044,0.3975409836065574,0.49692622950819676,0.5432563338301043,0.566780510018215,0.026639344262295,0.4528688524590164
US Airlines,seamless,2.0,15,0.35610386992743887,0.007218321687718313,0.3975409836065574,0.4884884281581485,0.5726229508196722,0.6062841530054645,0.0635245901639344,0.4897540983606557
US Airlines,seamless,2.0,16,0.3453246775060468,0.009019752754635808,0.3856850117096019,0.4828614008941878,0.5196493624772314,0.5477459016393443,0.0594262295081967,0.5204918032786886
US Airlines,seamless,2.0,17,0.3500571083042193,0.008226115291588235,0.3879781420765027,0.4908925318761384,0.538703893442623,0.5482172131147541,0.0327868852459016,0.4918032786885246
US Airlines,seamless,2.0,18,0.3483522574576726,0.007310702768073052,0.38627049180327866,0.485655737704918,0.5523224043715848,0.5573087431693989,0.0245901639344262,0.4057377049180328
US Airlines,seamless,2.0,19,0.34219211905401775,0.009091138134909924,0.389344262295082,0.4725409836065574,0.5072824716267339,0.5659836065573771,0.0286885245901639,0.4733606557377049
US Airlines,seamless,2.0,20,0.3474914337543671,0.010913564901908045,0.3841281669150522,0.4836065573770492,0.5405737704918033,0.5713546160483175,0.0430327868852459,0.3852459016393443
US Airlines,seamless,2.0,21,0.3483522574576726,0.008263907551733358,0.3729508196721312,0.4959016393442623,0.544370781099325,0.5536429872495446,0.0594262295081967,0.5450819672131147
US Airlines,seamless,2.0,22,0.3559778957269551,0.006748018005912345,0.3903688524590164,0.5062451209992194,0.5446885245901639,0.5926229508196722,0.040983606557377,0.5081967213114754
US Airlines,seamless,2.0,23,0.34919628460091373,0.008125335931201242,0.3790983606557377,0.4763205828779599,0.5203953712632595,0.5823770491803278,0.0348360655737704,0.4815573770491803
US Airlines,seamless,2.0,24,0.3538993214189734,0.007915378930395012,0.3780737704918033,0.5131147540983607,0.5469262295081968,0.5753415300546448,0.040983606557377,0.5225409836065574
US Airlines,seamless,2.0,25,0.3499815237839291,0.009481658156409526,0.3852459016393443,0.5009107468123861,0.5279949558638083,0.546311475409836,0.0594262295081967,0.5163934426229508
US Airlines,seamless,2.0,26,0.342540647675356,0.01022910507927972,0.3872950819672131,0.4723360655737705,0.5109972677595629,0.5448681397006415,0.0471311475409836,0.4016393442622951
US Airlines,seamless,2.0,27,0.3430571418973394,0.007936374630475638,0.37923497267759565,0.485655737704918,0.5241803278688525,0.5264501891551072,0.0286885245901639,0.3811475409836066
US Airlines,seamless,2.0,28,0.3454716474066111,0.010523044880408446,0.3852459016393443,0.49959016393442623,0.5261526639344263,0.5327478532396566,0.0983606557377049,0.5061475409836066
US Airlines,seamless,2.0,29,0.34862100241870464,0.010632222520827688,0.3647540983606557,0.4921935987509758,0.5801327088212334,0.5825409836065574,0.0430327868852459,0.3401639344262295
US Airlines,seamless,2.0,30,0.34893173877989786,0.00856204649287821,0.3944672131147541,0.4890710382513661,0.5372609289617486,0.5542062122519413,0.0348360655737704,0.5081967213114754
US Airlines,seamless,2.0,31,0.3582160373555496,0.007491265788766417,0.3852459016393443,0.5075136612021858,0.5729508196721311,0.6204918032786886,0.0327868852459016,0.5471311475409837
US Airlines,seamless,2.0,32,0.3498219564633163,0.01072880274119856,0.3879781420765027,0.5010245901639344,0.535327868852459,0.5454918032786885,0.0430327868852459,0.430327868852459
US Airlines,seamless,2.0,33,0.35111949072829884,0.00922970975544205,0.3665573770491803,0.4918032786885246,0.5541803278688524,0.579843517138599,0.0430327868852459,0.3668032786885246
US Airlines,seamless,2.0,34,0.343716406879871,0.008394080892233232,0.3872950819672131,0.4810450819672131,0.5040181753385603,0.5135245901639345,0.0922131147540983,0.5040983606557378
US Airlines,seamless,2.0,35,0.3441447191615157,0.006504467884977114,0.389344262295082,0.4811182669789227,0.5131147540983607,0.5451697892271663,0.0307377049180327,0.4979508196721312
US Airlines,seamless,2.0,36,0.3471051128728836,0.010569235420585823,0.3596311475409836,0.5,0.5451844262295081,0.5841700819672132,0.0471311475409836,0.3319672131147541
US Airlines,seamless,2.0,37,0.34327969631819405,0.008192522171459243,0.3760245901639344,0.4748633879781421,0.5196721311475411,0.5538706739526411,0.0368852459016393,0.5061475409836066
US Airlines,seamless,2.0,38,0.3460175356087073,0.008318496371942981,0.3831967213114754,0.48668032786885246,0.5345628415300546,0.5519001490312966,0.040983606557377,0.5
US Airlines,seamless,2.0,39,0.3478525597957538,0.007663430529427532,0.38831967213114754,0.4941803278688524,0.5085187353629976,0.5510245901639345,0.0942622950819672,0.5020491803278688
US Airlines,seamless,2.0,40,0.34503073770491804,0.007898582370330514,0.3805620608899298,0.4897540983606557,0.5276810109289617,0.5322565091610415,0.0532786885245901,0.5
US Airlines,seamless,2.0,41,0.34828927035743074,0.008885380274119812,0.380464480874317,0.4883879781420765,0.5262295081967213,0.5694672131147541,0.0635245901639344,0.5266393442622951
US Airlines,seamless,2.0,42,0.3594589828003225,0.006680831765654352,0.3954918032786885,0.5122950819672132,0.562675644028103,0.5674795081967213,0.0307377049180327,0.5225409836065574
US Airlines,seamless,2.0,43,0.3444386589626445,0.009380878796022528,0.3801229508196722,0.4808743169398907,0.5197778952934956,0.5295454545454545,0.0594262295081967,0.5204918032786886
US Airlines,seamless,2.0,44,0.34286398145659763,0.01135027546358501,0.3801229508196722,0.4774590163934426,0.514287733182589,0.5426457194899819,0.0573770491803278,0.514344262295082
US Airlines,seamless,2.0,45,0.3423894786347756,0.00965802203708677,0.389344262295082,0.4733606557377049,0.5264051522248243,0.5705373406193078,0.0614754098360655,0.4774590163934426
US Airlines,seamless,2.0,46,0.3552388470841171,0.007583646869121163,0.3913934426229508,0.4979508196721312,0.5657786885245902,0.6153005464480874,0.0286885245901639,0.3995901639344262
US Airlines,seamless,2.0,47,0.3459503493684493,0.008818194033861821,0.3917008196721311,0.4845030737704918,0.5235332182916308,0.5321623731459797,0.0389344262295082,0.3934426229508196
US Airlines,seamless,2.0,48,0.34679857565170646,0.00865022843321683,0.3847336065573771,0.49043715846994534,0.5195515911282547,0.5616290983606558,0.0491803278688524,0.4344262295081967
US Airlines,seamless,2.0,49,0.34679857565170646,0.007386287288363299,0.38483606557377054,0.4874121779859485,0.5155081967213115,0.5494783904619971,0.0471311475409836,0.5163934426229508
US Airlines,seamless,2.0,50,0.3466096143509809,0.010913564901908045,0.3779401282965075,0.47438524590163933,0.546311475409836,0.597072599531616,0.0450819672131147,0.3790983606557377
US Airlines,seamless,2.0,51,0.3449383566245633,0.008834990593926315,0.3729508196721312,0.4807604735883424,0.5377049180327869,0.5598360655737705,0.0348360655737704,0.4815573770491803
US Airlines,seamless,2.0,52,0.34983875302338074,0.007398884708411678,0.3852459016393443,0.5005949233209942,0.5441598360655737,0.5689549180327869,0.0512295081967213,0.5020491803278688
US Airlines,seamless,2.0,53,0.34904511556033324,0.010854776941682307,0.39060529634300123,0.49043715846994534,0.5351366120218579,0.5484631147540984,0.0717213114754098,0.4979508196721312
US Airlines,seamless,2.0,54,0.34992273582370326,0.007806201289975763,0.3903688524590164,0.48994038748137103,0.5386612021857924,0.560096870342772,0.0327868852459016,0.4938524590163934
US Airlines,seamless,2.0,55,0.345232296425692,0.008700618113410328,0.3954918032786885,0.476004759386568,0.5230660860655738,0.5258196721311476,0.055327868852459,0.4774590163934426
US Airlines,seamless,2.0,56,0.3549407081429723,0.008809795753829562,0.375,0.5093144560357675,0.5463114754098362,0.5704332552693209,0.026639344262295,0.3647540983606557
US Airlines,seamless,2.0,57,0.3486839895189466,0.008024556570814256,0.3770491803278689,0.49103483606557374,0.5471653005464482,0.5531967213114755,0.026639344262295,0.4262295081967213
US Airlines,seamless,2.0,58,0.35515486428379467,0.007789404729911274,0.3852459016393443,0.506716757741348,0.5487704918032787,0.598087431693989,0.0430327868852459,0.4610655737704918
US Airlines,seamless,2.0,59,0.3440229441010481,0.010527244020424577,0.36168032786885246,0.48520036429872493,0.5118145845110232,0.5533811475409836,0.0491803278688524,0.5020491803278688
US Airlines,seamless,2.0,60,0.3488519551195915,0.008860185434023083,0.38866120218579236,0.4872495446265938,0.5377049180327869,0.5667213114754099,0.0389344262295082,0.5307377049180328
US Airlines,seamless,2.0,61,0.34891074307981723,0.007797803009943514,0.38866120218579236,0.4842896174863388,0.5387704918032787,0.5555737704918032,0.0614754098360655,0.5389344262295083
US Airlines,seamless,2.0,62,0.34680697393173876,0.009985554958344484,0.3920765027322404,0.48439470365699877,0.5227782571182054,0.5464139344262295,0.0983606557377049,0.4979508196721312
US Airlines,seamless,2.0,63,0.3475586199946251,0.008755206933619954,0.3907103825136612,0.4798497267759563,0.5401346604215457,0.5607039537126326,0.0471311475409836,0.4159836065573771
US Airlines,seamless,2.0,64,0.3465298306906745,0.008927371674281067,0.3954918032786885,0.4959516193522591,0.5102971311475409,0.5322062841530055,0.0819672131147541,0.4979508196721312
US Airlines,seamless,2.0,65,0.3464584453104004,0.013252485890889502,0.3709016393442623,0.4951972336065574,0.5098360655737705,0.5597540983606558,0.0778688524590164,0.5061475409836066
US Airlines,seamless,2.0,66,0.34845723595807576,0.009305294275732288,0.3913934426229508,0.4771174863387978,0.5436289120715351,0.5702868852459017,0.0471311475409836,0.4282786885245901
US Airlines,seamless,2.0,67,0.34986814700349367,0.009754602257457626,0.37027797576621524,0.48679417122040075,0.5612412177985948,0.6032201405152225,0.0450819672131147,0.3709016393442623
US Airlines,seamless,2.0,68,0.35159819269013703,0.006647238645525351,0.38627049180327866,0.5021857923497267,0.5365027322404371,0.5743249758919963,0.0430327868852459,0.5102459016393442
US Airlines,seamless,2.0,69,0.34601753560870735,0.009481658156409523,0.3831967213114754,0.48821721311475413,0.5302796528447445,0.552576112412178,0.026639344262295,0.3340163934426229
US Airlines,seamless,2.0,70,0.35132944772910507,0.006911784466541211,0.38678278688524587,0.49077868852459017,0.5349306431273645,0.5368537200504413,0.0348360655737704,0.5266393442622951
US Airlines,seamless,2.0,71,0.35040563692555765,0.007407282988443923,0.3790983606557377,0.4774590163934426,0.542372495446266,0.5771662763466042,0.0327868852459016,0.5430327868852459
US Airlines,seamless,2.0,72,0.34957420720236493,0.007634036549314656,0.3869535519125683,0.49036885245901635,0.5501366120218579,0.5632903981264636,0.0389344262295082,0.5635245901639344
US Airlines,seamless,2.0,73,0.34563541386723995,0.008268106691749478,0.38251366120218583,0.47701990632318503,0.5289617486338798,0.5424968474148802,0.0348360655737704,0.5061475409836066
US Airlines,seamless,2.0,74,0.33870263370061815,0.015499025799516217,0.3627049180327869,0.4979508196721312,0.5222295081967213,0.531716757741348,0.0450819672131147,0.2172131147540983
US Airlines,seamless,2.0,75,0.35013269282450954,0.008402479172265479,0.38422131147540983,0.5040983606557378,0.5318647540983606,0.5510860655737705,0.055327868852459,0.5225409836065574
US Airlines,seamless,2.0,76,0.34506433082504706,0.010170317119053977,0.3709016393442623,0.47882513661202186,0.5244262295081967,0.5566834804539723,0.0430327868852459,0.3381147540983606
US Airlines,seamless,2.0,77,0.3561500604676162,0.006580052405267357,0.3922131147540983,0.5052160953800299,0.5462090163934427,0.566120218579235,0.0327868852459016,0.5491803278688525
US Airlines,seamless,2.0,78,0.3479239451760279,0.008650228433216835,0.3755854800936768,0.4947632058287796,0.5366803278688524,0.5707377049180328,0.0594262295081967,0.5225409836065574
US Airlines,seamless,2.0,79,0.3439809527008868,0.008515855952700841,0.38026932084309134,0.4818989071038251,0.5159250585480094,0.54275956284153,0.0307377049180327,0.4836065573770492
US Airlines,seamless,2.0,80,0.35116568126847625,0.007335897608169795,0.3903688524590164,0.4708723653395785,0.5596994535519126,0.5933060109289618,0.026639344262295,0.4344262295081967
US Airlines,seamless,2.0,81,0.3495364149422198,0.0064162859446384975,0.3872950819672131,0.5020491803278688,0.5373382226056945,0.5723872950819673,0.0450819672131147,0.5040983606557378
US Airlines,seamless,2.0,82,0.3483522574576727,0.008637631013168463,0.3954918032786885,0.48309426229508196,0.5223919523099851,0.5464754098360656,0.0717213114754098,0.4959016393442623
US Airlines,seamless,2.0,83,0.3526227828540715,0.006223125503896762,0.3852459016393443,0.4962168978562421,0.5584699453551913,0.5955942622950819,0.026639344262295,0.5307377049180328
US Airlines,seamless,2.0,84,0.34936844934157485,0.008268106691749483,0.389344262295082,0.4877670144063587,0.5441256830601093,0.5655191256830602,0.0655737704918032,0.4897540983606557
US Airlines,seamless,2.0,85,0.3523834318731523,0.012341272507390446,0.3872950819672131,0.47984972677595633,0.5381147540983607,0.5750000000000001,0.0942622950819672,0.4569672131147541
US Airlines,seamless,2.0,86,0.345836972588014,0.008163128191346371,0.3831967213114754,0.475922131147541,0.5226229508196721,0.5449795081967213,0.040983606557377,0.4549180327868852
US Airlines,seamless,2.0,87,0.3509809191077667,0.008352089492071984,0.3913934426229508,0.48483606557377046,0.5364959016393442,0.5693208430913349,0.0389344262295082,0.5368852459016393
US Airlines,seamless,2.0,88,0.35768694571351783,0.00688239048642833,0.389344262295082,0.5035860655737705,0.5688979963570128,0.5912177985948478,0.0307377049180327,0.569672131147541
US Airlines,seamless,2.0,89,0.3452700886858371,0.0091037355549583,0.3709016393442623,0.4815573770491803,0.5218123861566485,0.5456284153005465,0.0573770491803278,0.5225409836065574
US Airlines,seamless,2.0,90,0.35016628594463856,0.009107934694974425,0.3839418777943368,0.5043777943368107,0.5468579234972678,0.571516393442623,0.0430327868852459,0.3852459016393443
US Airlines,seamless,2.0,91,0.3519845135716205,0.0084066783122816,0.36577868852459017,0.49554001928640307,0.5543876567020251,0.5718579234972677,0.0286885245901639,0.555327868852459
US Airlines,seamless,2.0,92,0.3470337274926095,0.008944168234345563,0.3852459016393443,0.4836065573770492,0.550036162005786,0.5671448087431694,0.0368852459016393,0.5512295081967213
US Airlines,seamless,2.0,93,0.3517283660306369,0.011442656543939752,0.38533499643620817,0.48934426229508193,0.5536299765807963,0.5740983606557378,0.0450819672131147,0.3872950819672131
US Airlines,seamless,2.0,94,0.34563541386724,0.008595639613007215,0.3954918032786885,0.475068306010929,0.5140180662428906,0.5400614754098361,0.0799180327868852,0.514344262295082
US Airlines,seamless,2.0,95,0.34742004837409296,0.008515855952700843,0.3796106557377049,0.4959016393442623,0.5120591157476404,0.547438524590164,0.0655737704918032,0.5122950819672132
US Airlines,seamless,2.0,96,0.3504308317656544,0.007978366030636883,0.3995901639344262,0.48509687034277194,0.5381967213114754,0.5633196721311475,0.0286885245901639,0.5286885245901639
US Airlines,seamless,2.0,97,0.3432083109379199,0.00935988309594191,0.3770491803278689,0.4754098360655738,0.509016393442623,0.5617827868852459,0.0594262295081967,0.4959016393442623
US Airlines,seamless,2.0,98,0.3498723461435098,0.008730012093523202,0.367827868852459,0.4978227459016394,0.5248975409836065,0.5812499999999999,0.0758196721311475,0.5081967213114754
US Airlines,seamless,2.0,99,0.348432041117979,0.011564431604407377,0.3954918032786885,0.4991562198649952,0.5214285714285715,0.559733606557377,0.0860655737704918,0.514344262295082
US Airlines,seamless,2.0,100,0.351900530771298,0.007239317387798932,0.3861241217798595,0.48504098360655734,0.5682377049180328,0.6165300546448087,0.026639344262295,0.3872950819672131
US Airlines,seamless,3.0,1,0.34146986697124426,0.008524254232733095,0.3975409836065574,0.46750585480093676,0.5176229508196721,0.5270491803278688,0.0471311475409836,0.4241803278688524
US Airlines,seamless,3.0,2,0.344560434023112,0.0071175423273313184,0.3811475409836066,0.48121584699453546,0.5153944672131148,0.537610340479193,0.0307377049180327,0.5163934426229508
US Airlines,seamless,3.0,3,0.34147406611126035,0.007932175490459506,0.389344262295082,0.46674022698612866,0.5011741249446168,0.5263205828779599,0.0450819672131147,0.4672131147540984
US Airlines,seamless,3.0,4,0.34192337409298573,0.007806201289975774,0.37197077690662866,0.47797131147540983,0.5272354694485842,0.5400819672131149,0.0450819672131147,0.3729508196721312
US Airlines,seamless,3.0,5,0.3398154058048911,0.008066547970975502,0.3872950819672131,0.46298254891591745,0.5048360655737706,0.5096823770491803,0.0594262295081967,0.4631147540983606
US Airlines,seamless,3.0,6,0.33389881752217143,0.009485857296425648,0.3889716840536513,0.4602902082410279,0.48688524590163934,0.49354953670705626,0.0737704918032786,0.4610655737704918
US Airlines,seamless,3.0,7,0.3404914673474872,0.007713820209621029,0.3954918032786885,0.4782471626733922,0.4920765027322404,0.5111338797814208,0.0881147540983606,0.4815573770491803
US Airlines,seamless,3.0,8,0.34147826525127656,0.008289102391830104,0.3879781420765027,0.47617827868852464,0.4925058548009367,0.5139344262295082,0.0717213114754098,0.485655737704918
US Airlines,seamless,3.0,9,0.3431915143778554,0.007537456328943783,0.3852459016393443,0.48258196721311475,0.5134016393442623,0.5160151324085751,0.0450819672131147,0.514344262295082
US Airlines,seamless,3.0,10,0.3393618986831497,0.00892317253426494,0.3866120218579235,0.4764946962391514,0.4954918032786885,0.5076229508196721,0.0676229508196721,0.4959016393442623
US Airlines,seamless,3.0,11,0.3450265385649019,0.0077012227895726475,0.3913934426229508,0.47006733021077285,0.5138083228247163,0.5743852459016394,0.0512295081967213,0.4713114754098361
US Airlines,seamless,3.0,12,0.3425154528352593,0.007797803009943514,0.3852459016393443,0.4766817410966648,0.5048387096774194,0.5370608899297423,0.0573770491803278,0.4774590163934426
US Airlines,seamless,3.0,13,0.3437541991400161,0.007004165546895948,0.3903688524590164,0.48258196721311475,0.5038375558867363,0.5528688524590164,0.0348360655737704,0.4918032786885246
US Airlines,seamless,3.0,14,0.33858505778016657,0.006882390486428337,0.3934426229508196,0.4714578454332553,0.48332282471626736,0.5108606557377049,0.0450819672131147,0.4713114754098361
US Airlines,seamless,3.0,15,0.3415748454716474,0.007348495028218171,0.3872950819672131,0.4820558263181214,0.5046618852459017,0.5493169398907104,0.0737704918032786,0.4836065573770492
US Airlines,seamless,3.0,16,0.3391939330825047,0.00886438457403919,0.3934426229508196,0.4563617734724292,0.5103825136612021,0.5217668488160292,0.0860655737704918,0.4569672131147541
US Airlines,seamless,3.0,17,0.34314112469766195,0.009338887395861285,0.3723271560940841,0.4838992974238876,0.5255122950819672,0.5300784034212402,0.0450819672131147,0.3729508196721312
US Airlines,seamless,3.0,18,0.34750823031443157,0.006970572426766958,0.3872950819672131,0.48292349726775957,0.5168032786885245,0.5367342536669543,0.0368852459016393,0.5368852459016393
US Airlines,seamless,3.0,19,0.3461393106691749,0.006676632625638229,0.3872950819672131,0.48546944858420266,0.5207650273224045,0.5424180327868853,0.0327868852459016,0.4836065573770492
US Airlines,seamless,3.0,20,0.34405653722117713,0.006584251545283484,0.3913934426229508,0.4800506268081003,0.5125000000000001,0.5339440694310511,0.0635245901639344,0.4815573770491803
US Airlines,seamless,3.0,21,0.3404326793872615,0.007583646869121164,0.3975409836065574,0.4723360655737705,0.49117773943054355,0.5206674473067916,0.0471311475409836,0.4795081967213115
US Airlines,seamless,3.0,22,0.3419065775329212,0.009032350174684187,0.38436768149882905,0.4713114754098361,0.510724043715847,0.5486065573770492,0.0471311475409836,0.4467213114754098
US Airlines,seamless,3.0,23,0.33890839156140823,0.007335897608169802,0.3913934426229508,0.4617486338797814,0.5092055485498108,0.5331674473067916,0.0491803278688524,0.4098360655737705
US Airlines,seamless,3.0,24,0.3377788228970707,0.008305898951894606,0.3770491803278689,0.4720347155255545,0.48837704918032787,0.5037795992714026,0.0655737704918032,0.4733606557377049
US Airlines,seamless,3.0,25,0.3406174415479709,0.0073065036280569266,0.3852459016393443,0.4713114754098361,0.5110655737704918,0.5285860655737704,0.0471311475409836,0.4877049180327869
US Airlines,seamless,3.0,26,0.3422635044342919,0.008087543671056125,0.3924180327868852,0.48032786885245904,0.5154791929382093,0.5229508196721312,0.0512295081967213,0.5081967213114754
US Airlines,seamless,3.0,27,0.341696620532115,0.007201525127653807,0.3872950819672131,0.4590163934426229,0.5185245901639344,0.534016393442623,0.0512295081967213,0.514344262295082
US Airlines,seamless,3.0,28,0.3370187785541521,0.00855784735286209,0.3831967213114754,0.4549180327868852,0.5066939890710382,0.5141803278688525,0.0512295081967213,0.4549180327868852
US Airlines,seamless,3.0,29,0.34066363208814837,0.007671828809459782,0.3934426229508196,0.4760075136612022,0.49498942358540454,0.4997609289617486,0.0471311475409836,0.4774590163934426
US Airlines,seamless,3.0,30,0.3389881752217146,0.007969967750604634,0.3729508196721312,0.475068306010929,0.5027049180327868,0.5138524590163935,0.0450819672131147,0.5020491803278688
US Airlines,seamless,3.0,31,0.34377099570008063,0.006643039505509224,0.3934426229508196,0.4774590163934426,0.5135450819672132,0.5163452266152363,0.0368852459016393,0.514344262295082
US Airlines,seamless,3.0,32,0.34319151437785533,0.007071351787153949,0.3985655737704918,0.4651639344262295,0.5093465391621129,0.5320843091334895,0.0676229508196721,0.4549180327868852
US Airlines,seamless,3.0,33,0.34412792260145125,0.008721613813490955,0.37675644028103045,0.48603778827452065,0.5179955290611028,0.5401324085750315,0.1065573770491803,0.4877049180327869
US Airlines,seamless,3.0,34,0.3375478701961838,0.010527244020424575,0.3944672131147541,0.4627732240437158,0.4854464597139867,0.521584699453552,0.0819672131147541,0.485655737704918
US Airlines,seamless,3.0,35,0.3418057981725342,0.00799096345068525,0.38831967213114754,0.47401932084309134,0.5103044496487119,0.5224954462659381,0.055327868852459,0.4754098360655738
US Airlines,seamless,3.0,36,0.34411532518140286,0.007130139747379695,0.3900273224043716,0.47478887232985595,0.5206967213114755,0.5411065573770493,0.0471311475409836,0.4754098360655738
US Airlines,seamless,3.0,37,0.3438087879602257,0.00836888605213648,0.39275956284153,0.4769861286254729,0.49115437158469943,0.5704918032786885,0.055327868852459,0.4897540983606557
US Airlines,seamless,3.0,38,0.3403738914270357,0.00965802203708676,0.3954918032786885,0.4709016393442623,0.5088114754098361,0.5323397913561848,0.0471311475409836,0.3995901639344262
US Airlines,seamless,3.0,39,0.33660306369255577,0.01105633566245629,0.3565573770491803,0.4799180327868853,0.5050071275837491,0.5210382513661203,0.0696721311475409,0.485655737704918
US Airlines,seamless,3.0,40,0.3429689599570008,0.007806201289975768,0.3954918032786885,0.4836065573770492,0.5107982893799002,0.5157600596125187,0.0696721311475409,0.4405737704918033
US Airlines,seamless,3.0,41,0.34437567186240253,0.007272910507927935,0.3913934426229508,0.4749369482976041,0.5350409836065574,0.5436002522068096,0.0368852459016393,0.5389344262295083
US Airlines,seamless,3.0,42,0.3429059728567589,0.008112738511152875,0.38456284153005466,0.482172131147541,0.49765434251831187,0.5199908925318762,0.0491803278688524,0.4979508196721312
US Airlines,seamless,3.0,43,0.34075601316850307,0.007184728567589316,0.389344262295082,0.4754098360655738,0.49686768149882904,0.5033606557377049,0.0532786885245901,0.4979508196721312
US Airlines,seamless,3.0,44,0.34107514780972853,0.007923777210427259,0.389344262295082,0.45983606557377044,0.5190866510538642,0.539501891551072,0.0614754098360655,0.4385245901639344
US Airlines,seamless,3.0,45,0.3460805227089491,0.0071973259876376835,0.3888319672131148,0.48213535098780996,0.5335824493731919,0.5448770491803279,0.0594262295081967,0.4836065573770492
US Airlines,seamless,3.0,46,0.33894618382155334,0.00642048508465462,0.389344262295082,0.4742714025500911,0.5075409836065574,0.5185450819672132,0.026639344262295,0.4118852459016394
US Airlines,seamless,3.0,47,0.3402101249664069,0.008049751410910997,0.38831967213114754,0.4651639344262295,0.5044840887174542,0.5268852459016393,0.040983606557377,0.4836065573770492
US Airlines,seamless,3.0,48,0.33779142031711906,0.00870901639344258,0.3880269320843091,0.4646516393442623,0.503551912568306,0.5168032786885246,0.0573770491803278,0.4672131147540984
US Airlines,seamless,3.0,49,0.3419149758129535,0.008998757054555185,0.3807377049180328,0.46069299552906107,0.5114754098360655,0.5366803278688524,0.0799180327868852,0.4979508196721312
US Airlines,seamless,3.0,50,0.3441237234614351,0.007449274388605159,0.38831967213114754,0.4679449648711944,0.5169984387197502,0.5561847988077496,0.0471311475409836,0.5061475409836066
US Airlines,seamless,3.0,51,0.3462358908895458,0.007004165546895954,0.3995901639344262,0.4892418032786885,0.5135245901639345,0.5260382513661203,0.0348360655737704,0.5
US Airlines,seamless,3.0,52,0.33908475544208544,0.009263302875571033,0.389344262295082,0.4661885245901639,0.5191967213114754,0.5413934426229509,0.0491803278688524,0.3913934426229508
US Airlines,seamless,3.0,53,0.3395382625638269,0.006915983606557336,0.3852459016393443,0.46500630517023955,0.5062386156648452,0.5080904675166971,0.0348360655737704,0.4979508196721312
US Airlines,seamless,3.0,54,0.34318311609782315,0.007012563826928196,0.389344262295082,0.4789227166276347,0.5169535519125683,0.5222677595628415,0.0491803278688524,0.5184426229508197
US Airlines,seamless,3.0,55,0.3408483942488578,0.007961569470572381,0.3913934426229508,0.48258196721311475,0.4951450189155107,0.5260655737704918,0.0942622950819672,0.485655737704918
US Airlines,seamless,3.0,56,0.34058384842784195,0.007436676968556795,0.38678278688524587,0.4692622950819672,0.5064785624211854,0.5156762295081967,0.0491803278688524,0.4651639344262295
US Airlines,seamless,3.0,57,0.34188138269282453,0.010355079279763457,0.3894262295081968,0.4733606557377049,0.5132566204287516,0.5379781420765027,0.0512295081967213,0.514344262295082
US Airlines,seamless,3.0,58,0.3451441144853534,0.0064960696049448634,0.3944672131147541,0.48258196721311475,0.5139040680024287,0.5262295081967213,0.0512295081967213,0.514344262295082
US Airlines,seamless,3.0,59,0.34466961166353133,0.007214122547702185,0.3954918032786885,0.4760928961748634,0.5199406444318825,0.5467528373266078,0.0512295081967213,0.5204918032786886
US Airlines,seamless,3.0,60,0.34317471781779085,0.0075584520290244055,0.38979963570127507,0.4685792349726776,0.5180220017256255,0.548360655737705,0.0635245901639344,0.5184426229508197
US Airlines,seamless,3.0,61,0.3414320747110992,0.009603433216877136,0.389344262295082,0.4757097161135546,0.5077868852459017,0.5182377049180328,0.0819672131147541,0.4774590163934426
US Airlines,seamless,3.0,62,0.33805176699811873,0.008801397473797327,0.3872950819672131,0.4733606557377049,0.49660177595628413,0.5139856557377049,0.0696721311475409,0.4836065573770492
US Airlines,seamless,3.0,63,0.3419485689330825,0.008406678312281599,0.3934426229508196,0.47159740754860846,0.5107142857142857,0.5361680327868852,0.0840163934426229,0.4733606557377049
US Airlines,seamless,3.0,64,0.34760481053480247,0.008667024993281328,0.3830503512880562,0.49077868852459017,0.5275102459016393,0.5413934426229509,0.0430327868852459,0.5286885245901639
US Airlines,seamless,3.0,65,0.3385262698199409,0.008020357430798123,0.382172131147541,0.47050644028103045,0.4939110070257611,0.5174948770491803,0.0983606557377049,0.4774590163934426
US Airlines,seamless,3.0,66,0.34315792125772643,0.008423474872346105,0.3913934426229508,0.4815573770491803,0.5014002732240437,0.5245511319281811,0.0778688524590164,0.4959016393442623
US Airlines,seamless,3.0,67,0.34532047836603064,0.006773212846009091,0.3872950819672131,0.48237704918032787,0.5155054644808743,0.5402810304449649,0.055327868852459,0.5102459016393442
US Airlines,seamless,3.0,68,0.34017233270626174,0.006487671324912609,0.38627049180327866,0.4579918032786885,0.5131147540983607,0.5506830601092897,0.0450819672131147,0.4836065573770492
US Airlines,seamless,3.0,69,0.34287237973662993,0.006483472184896489,0.3934426229508196,0.48278688524590163,0.49561475409836064,0.5262295081967213,0.0368852459016393,0.4959016393442623
US Airlines,seamless,3.0,70,0.3414740661112604,0.0072435165278150575,0.3866120218579235,0.4802314368370299,0.48766928011404137,0.5360655737704918,0.0860655737704918,0.4877049180327869
US Airlines,seamless,3.0,71,0.33564565976887933,0.010371875839827962,0.38382038488952247,0.4652398299939283,0.4876084860173578,0.531912568306011,0.0512295081967213,0.4672131147540984
US Airlines,seamless,3.0,72,0.34474939532383764,0.006567454985218986,0.3913934426229508,0.4808743169398907,0.5248330297510626,0.5452868852459016,0.0430327868852459,0.5266393442622951
US Airlines,seamless,3.0,73,0.3446486159634507,0.006697628325718838,0.3903688524590164,0.48483606557377046,0.5084489281210592,0.5113387978142077,0.0348360655737704,0.5
US Airlines,seamless,3.0,74,0.3476468019349637,0.007390486428379417,0.3954918032786885,0.48064663023679416,0.5302766393442623,0.5323916861826699,0.0368852459016393,0.5327868852459017
US Airlines,seamless,3.0,75,0.3380979575382962,0.007554252889008286,0.389344262295082,0.4672131147540984,0.5004918032786885,0.5177459016393443,0.0450819672131147,0.4815573770491803
US Airlines,seamless,3.0,76,0.34236008465466267,0.00669342918570273,0.3831967213114754,0.48616803278688525,0.5115088658414185,0.5217668488160292,0.0450819672131147,0.5122950819672132
US Airlines,seamless,3.0,77,0.34194436979306636,0.0077264176296694,0.3934426229508196,0.4810450819672131,0.4917698226831716,0.509543325526932,0.0942622950819672,0.4918032786885246
US Airlines,seamless,3.0,78,0.34354004299919383,0.007911179790378888,0.3913934426229508,0.48821721311475413,0.5030306298533218,0.5195355191256831,0.0594262295081967,0.4979508196721312
US Airlines,seamless,3.0,79,0.3425154528352593,0.008037153990862623,0.3760245901639344,0.47438524590163933,0.5151639344262295,0.5428688524590164,0.026639344262295,0.3545081967213115
US Airlines,seamless,3.0,80,0.34288077801666217,0.007310702768073049,0.3913934426229508,0.4817037470725995,0.4947540983606557,0.5293169398907104,0.0942622950819672,0.485655737704918
US Airlines,seamless,3.0,81,0.33818613947863474,0.008263907551733354,0.38046448087431695,0.47704918032786886,0.5045454545454546,0.5060606060606061,0.0368852459016393,0.5061475409836066
US Airlines,seamless,3.0,82,0.33892938726148886,0.006521264445041613,0.389344262295082,0.4672131147540984,0.4962529274004684,0.5050819672131148,0.0389344262295082,0.4795081967213115
US Airlines,seamless,3.0,83,0.3407056234883096,0.008528453372749215,0.38627049180327866,0.4747836976320583,0.5007464871194379,0.5124316939890711,0.0614754098360655,0.4754098360655738
US Airlines,seamless,3.0,84,0.3431201289975813,0.006344900564364372,0.3934426229508196,0.4806791569086651,0.5046448087431694,0.5128842213114755,0.0368852459016393,0.4979508196721312
US Airlines,seamless,3.0,85,0.3446528151034668,0.007214122547702181,0.3924180327868852,0.47500000000000003,0.5275481111903064,0.5558196721311476,0.0450819672131147,0.5286885245901639
US Airlines,seamless,3.0,86,0.34374160171996776,0.007923777210427259,0.3785128805620609,0.4795081967213115,0.51,0.550655737704918,0.0737704918032786,0.5102459016393442
US Airlines,seamless,3.0,87,0.34068042864821285,0.00936828137597415,0.389344262295082,0.4737704918032787,0.5111786319954776,0.5415300546448087,0.055327868852459,0.5122950819672132
US Airlines,seamless,3.0,88,0.3383876981994088,0.006890788766460584,0.3903688524590164,0.47748597929249353,0.4794596635030199,0.5027151639344263,0.0840163934426229,0.4795081967213115
US Airlines,seamless,3.0,89,0.3466264109110454,0.008318496371942985,0.3924180327868852,0.48453800298062594,0.5123633879781422,0.5743852459016394,0.0696721311475409,0.5122950819672132
US Airlines,seamless,3.0,90,0.33842968959957004,0.007814599570008011,0.3965163934426229,0.46659836065573773,0.5082786885245901,0.5361111111111111,0.0532786885245901,0.4774590163934426
US Airlines,seamless,3.0,91,0.3398238040849234,0.009964559258263866,0.38678278688524587,0.46662763466042156,0.5043032786885246,0.5263805004314064,0.0778688524590164,0.4938524590163934
US Airlines,seamless,3.0,92,0.3389041924213921,0.007676027949475903,0.3895018915510719,0.4719945355191257,0.5094262295081967,0.5159836065573771,0.0450819672131147,0.3913934426229508
US Airlines,seamless,3.0,93,0.3415664471916151,0.007499664068798669,0.3872950819672131,0.47848360655737704,0.5020901639344262,0.5152322404371585,0.0532786885245901,0.4877049180327869
US Airlines,seamless,3.0,94,0.3415496506315507,0.006239922063961254,0.39275956284153,0.4701251078515962,0.5134953161592506,0.5160767511177348,0.0389344262295082,0.4610655737704918
US Airlines,seamless,3.0,95,0.338396096479441,0.008314297231926853,0.3831967213114754,0.4620901639344262,0.5003756830601093,0.5058196721311475,0.0532786885245901,0.4877049180327869
US Airlines,seamless,3.0,96,0.34841104541789847,0.007302304488040801,0.3913934426229508,0.4795081967213115,0.5402900378310215,0.5524590163934426,0.0512295081967213,0.5409836065573771
US Airlines,seamless,3.0,97,0.3370859647944101,0.008528453372749214,0.3872950819672131,0.45833333333333326,0.48888096935138986,0.544603825136612,0.0655737704918032,0.4795081967213115
US Airlines,seamless,3.0,98,0.3422635044342918,0.0087804017737167,0.3913934426229508,0.47989587948604345,0.49757910789172705,0.5326502732240438,0.0819672131147541,0.4979508196721312
US Airlines,seamless,3.0,99,0.34243147003493685,0.007793603869927394,0.3945603576751117,0.4795081967213115,0.49780895334174025,0.5212773224043716,0.0491803278688524,0.4979508196721312
US Airlines,seamless,3.0,100,0.3419569672131147,0.007029360386992699,0.38251366120218583,0.48829039812646374,0.5126756440281031,0.5228688524590165,0.0532786885245901,0.514344262295082
US Airlines,seamless,4.0,1,0.3436450214995969,0.006525463585057735,0.3934426229508196,0.4838992974238876,0.5153005464480874,0.5210592686002523,0.0307377049180327,0.5184426229508197
US Airlines,seamless,4.0,2,0.3370313759742005,0.007860790110185386,0.3903688524590164,0.4702868852459017,0.4891978922716627,0.49890710382513664,0.0512295081967213,0.4795081967213115
US Airlines,seamless,4.0,3,0.3375016796560064,0.007999361730717506,0.38422131147540983,0.4645264116575592,0.4962568306010929,0.4979234972677596,0.0881147540983606,0.4651639344262295
US Airlines,seamless,4.0,4,0.33895038296156943,0.00797836603063688,0.3913934426229508,0.4723360655737705,0.48860655737704917,0.5092333654773384,0.0737704918032786,0.4877049180327869
US Airlines,seamless,4.0,5,0.3368424146734748,0.0076760279494759,0.389344262295082,0.475068306010929,0.49031420765027317,0.5042008196721312,0.0881147540983606,0.4774590163934426
US Airlines,seamless,4.0,6,0.3394206866433754,0.00885178715399082,0.3920765027322404,0.4607157137145142,0.50625,0.5168618266978923,0.0758196721311475,0.4610655737704918
US Airlines,seamless,4.0,7,0.3423390889545821,0.006273515184090252,0.3872950819672131,0.4798807749627422,0.5027178602243313,0.50724043715847,0.0471311475409836,0.4795081967213115
US Airlines,seamless,4.0,8,0.3374470908357969,0.006869793066379959,0.3934426229508196,0.4699795081967213,0.48256535223748337,0.487568306010929,0.0471311475409836,0.4364754098360656
US Airlines,seamless,4.0,9,0.33964744020424614,0.00675221714592847,0.39467213114754096,0.4724824355971897,0.4947892271662763,0.5099870578084555,0.0491803278688524,0.4774590163934426
US Airlines,seamless,4.0,10,0.3399749731255039,0.007953171190540132,0.3985655737704918,0.47674968474148804,0.4843351548269581,0.509016393442623,0.1065573770491803,0.4815573770491803
US Airlines,seamless,4.0,11,0.3386354474603601,0.007029360386992697,0.3944672131147541,0.45824795081967207,0.5039711701526287,0.5204234972677596,0.0532786885245901,0.5040983606557378
US Airlines,seamless,4.0,12,0.33401639344262296,0.00870481725342645,0.3968579234972678,0.4538934426229508,0.4751509922346851,0.5185450819672132,0.0635245901639344,0.4426229508196722
US Airlines,seamless,4.0,13,0.33770743751679655,0.008326894651975229,0.3859289617486339,0.4697745901639344,0.5012295081967213,0.5251366120218579,0.0901639344262295,0.4774590163934426
US Airlines,seamless,4.0,14,0.3386480448804085,0.006735420585863969,0.3934426229508196,0.45691029143897993,0.5082479508196721,0.517749054224464,0.0717213114754098,0.4569672131147541
US Airlines,seamless,4.0,15,0.33823652915882824,0.008112738511152866,0.375,0.4581198770491803,0.514519906323185,0.5177140255009107,0.0512295081967213,0.4569672131147541
US Airlines,seamless,4.0,16,0.3404746707874227,0.007386287288363299,0.3831967213114754,0.4818501170960187,0.5030865778688525,0.52,0.0635245901639344,0.5040983606557378
US Airlines,seamless,4.0,17,0.33628392905133025,0.008091742811072243,0.3868852459016393,0.4697745901639344,0.49016393442622946,0.5329098360655738,0.0758196721311475,0.4836065573770492
US Airlines,seamless,4.0,18,0.33983640150497174,0.006567454985218983,0.3924180327868852,0.4692622950819672,0.4923497267759563,0.5091627634660422,0.0286885245901639,0.4877049180327869
US Airlines,seamless,4.0,19,0.3393996909432948,0.006592649825315728,0.39617486338797814,0.45969945355191255,0.507109079445145,0.5231967213114754,0.0450819672131147,0.5081967213114754
US Airlines,seamless,4.0,20,0.3380685635581832,0.008129535071217373,0.3831967213114754,0.47361680327868855,0.4985655737704918,0.5120901639344263,0.0471311475409836,0.4200819672131147
US Airlines,seamless,4.0,21,0.3465046358505778,0.005769618382155288,0.3954918032786885,0.47797131147540983,0.5214285714285715,0.5461748633879782,0.0307377049180327,0.4774590163934426
US Airlines,seamless,4.0,22,0.3377368314969094,0.009443865896264399,0.3975409836065574,0.4528688524590164,0.4810214375788146,0.503620218579235,0.0778688524590164,0.4487704918032787
US Airlines,seamless,4.0,23,0.33722453641494216,0.007134338887395815,0.38770491803278684,0.46186247723132967,0.49740437158469947,0.5012295081967213,0.0348360655737704,0.4631147540983606
US Airlines,seamless,4.0,24,0.33940389008331084,0.00707555092717007,0.3924180327868852,0.466143977191732,0.4951502732240437,0.4975,0.040983606557377,0.4774590163934426
US Airlines,seamless,4.0,25,0.33769484009674816,0.008205119591507617,0.389344262295082,0.4569672131147541,0.5007513661202185,0.5396721311475411,0.0512295081967213,0.4754098360655738
US Airlines,seamless,4.0,26,0.33529293200752486,0.00818832303144312,0.3913934426229508,0.4590163934426229,0.4894932935916542,0.4917660208643815,0.0471311475409836,0.4385245901639344
US Airlines,seamless,4.0,27,0.3416126377317925,0.007281308787960182,0.3965163934426229,0.4757824143070045,0.4948087431693989,0.5157786885245902,0.0614754098360655,0.485655737704918
US Airlines,seamless,4.0,28,0.3415748454716474,0.007008364686912072,0.3944672131147541,0.482172131147541,0.4956809583858764,0.5079918032786885,0.0450819672131147,0.5081967213114754
US Airlines,seamless,4.0,29,0.3381399489384574,0.006827801666218715,0.38831967213114754,0.4697014051522248,0.4877634660421546,0.5052302888368463,0.0532786885245901,0.4774590163934426
US Airlines,seamless,4.0,30,0.33732951491534535,0.0076676296694436555,0.39762295081967214,0.46393442622950815,0.5067622950819672,0.5248975409836065,0.0491803278688524,0.3995901639344262
US Airlines,seamless,4.0,31,0.340550255307713,0.009128930395055045,0.4016393442622951,0.4724499089253188,0.4934807472359893,0.5200819672131148,0.0676229508196721,0.4938524590163934
US Airlines,seamless,4.0,32,0.3374009002956195,0.007701222789572651,0.3896857923497268,0.4677985948477752,0.508734631147541,0.5280737704918033,0.0491803278688524,0.4016393442622951
US Airlines,seamless,4.0,33,0.3377368314969095,0.0076508331093791525,0.3934426229508196,0.47348360655737703,0.4847704918032787,0.5076607818411097,0.0758196721311475,0.4754098360655738
US Airlines,seamless,4.0,34,0.33687180865358773,0.00809174281107225,0.3934426229508196,0.4646910466582598,0.49885245901639347,0.5037795992714026,0.0471311475409836,0.4118852459016394
US Airlines,seamless,4.0,35,0.3376066581564096,0.006517065305025485,0.3913934426229508,0.4675973360655738,0.47647789369100846,0.49323770491803276,0.0450819672131147,0.4590163934426229
US Airlines,seamless,4.0,36,0.33699358371405536,0.008095941951088372,0.389344262295082,0.4640661592505855,0.504472558802566,0.5108378870673953,0.0532786885245901,0.4467213114754098
US Airlines,seamless,4.0,37,0.3392191279226014,0.007831396130072514,0.38080601092896177,0.4600409836065573,0.5069672131147541,0.5252049180327869,0.0655737704918032,0.4549180327868852
US Airlines,seamless,4.0,38,0.33849267669981187,0.007235118247782812,0.38565573770491807,0.47267759562841527,0.49743406985032074,0.5209016393442624,0.0491803278688524,0.4877049180327869
US Airlines,seamless,4.0,39,0.34104155468959957,0.007503863208814791,0.3944672131147541,0.4723360655737705,0.5034898161947342,0.5188524590163934,0.055327868852459,0.5040983606557378
US Airlines,seamless,4.0,40,0.3372623286750873,0.00817572561139474,0.3954918032786885,0.47151639344262297,0.48062841530054645,0.49899117276166455,0.0860655737704918,0.4774590163934426
US Airlines,seamless,4.0,41,0.33604037893039507,0.007445075248589042,0.38627049180327866,0.46050670640834573,0.49308157689305226,0.4986168032786885,0.0594262295081967,0.4938524590163934
US Airlines,seamless,4.0,42,0.3362629333512497,0.007545854608976034,0.3913934426229508,0.47370218579234974,0.48230874316939887,0.4977117486338798,0.0922131147540983,0.4795081967213115
US Airlines,seamless,4.0,43,0.33950886858371404,0.008339492072023601,0.3924180327868852,0.47355039465695203,0.49024590163934423,0.5319159836065575,0.1065573770491803,0.4754098360655738
US Airlines,seamless,4.0,44,0.3442035071217414,0.0069159836065573336,0.3975409836065574,0.47771516393442626,0.5249848208864603,0.5514344262295082,0.0532786885245901,0.5266393442622951
US Airlines,seamless,4.0,45,0.34054605616769684,0.006857195646331588,0.3852459016393443,0.4672131147540984,0.5056307911617962,0.5377049180327869,0.0430327868852459,0.5061475409836066
US Airlines,seamless,4.0,46,0.3406174415479709,0.006907585326525083,0.3948087431693989,0.46604215456674475,0.5105971896955503,0.519877049180328,0.0532786885245901,0.4528688524590164
US Airlines,seamless,4.0,47,0.3357380408492341,0.007776807309862891,0.3920765027322404,0.46434426229508197,0.4879553734061931,0.5083196721311476,0.0717213114754098,0.444672131147541
US Airlines,seamless,4.0,48,0.3400001679656006,0.007029360386992698,0.389344262295082,0.4783372365339579,0.4916410519125683,0.5128415300546448,0.0819672131147541,0.4918032786885246
US Airlines,seamless,4.0,49,0.3356330623488309,0.007008364686912072,0.3866120218579235,0.4610655737704918,0.49412568306010923,0.49752146760343485,0.0389344262295082,0.4713114754098361
US Airlines,seamless,4.0,50,0.34064683552808384,0.007109144047299072,0.3790983606557377,0.4692622950819672,0.49852459016393447,0.5322131147540984,0.040983606557377,0.4979508196721312
US Airlines,seamless,4.0,51,0.3397608169846815,0.0065590567051867325,0.3975409836065574,0.47472677595628415,0.509016393442623,0.5229052823315119,0.0491803278688524,0.4877049180327869
US Airlines,seamless,4.0,52,0.3350871741467347,0.007726417629669398,0.3954918032786885,0.4616510538641686,0.48076502732240434,0.48713114754098363,0.0450819672131147,0.4631147540983606
US Airlines,seamless,4.0,53,0.3383163128191346,0.007667629669443657,0.39412568306010926,0.4636270491803278,0.49561234329797493,0.5039617486338799,0.0676229508196721,0.4959016393442623
US Airlines,seamless,4.0,54,0.3409281779091642,0.008242911851652735,0.3913934426229508,0.4733606557377049,0.5093947036569987,0.5135245901639345,0.0799180327868852,0.4774590163934426
US Airlines,seamless,4.0,55,0.3362629333512496,0.007520659768879282,0.3934426229508196,0.4569672131147541,0.48328533451484273,0.5010473588342441,0.0737704918032786,0.4836065573770492
US Airlines,seamless,4.0,56,0.3368214189733942,0.007881785810266016,0.38831967213114754,0.46789617486338797,0.48456284153005463,0.5016393442622951,0.0655737704918032,0.4733606557377049
US Airlines,seamless,4.0,57,0.3366324576726686,0.007167932007524818,0.3908811475409836,0.46540037831021436,0.48956284153005464,0.5146721311475411,0.0471311475409836,0.4897540983606557
US Airlines,seamless,4.0,58,0.33779561945713515,0.007365291588282675,0.3934426229508196,0.4627732240437158,0.4971311475409836,0.5147540983606558,0.0430327868852459,0.444672131147541
US Airlines,seamless,4.0,59,0.3397860118247783,0.0071679320075248125,0.38678278688524587,0.4777263007840342,0.5046311475409837,0.5185792349726775,0.0901639344262295,0.4795081967213115
US Airlines,seamless,4.0,60,0.3401387395861327,0.006445679924751365,0.3913934426229508,0.47361680327868855,0.5048838797814208,0.5180327868852459,0.0327868852459016,0.5
US Airlines,seamless,4.0,61,0.3438213853802741,0.006080354743348516,0.39275956284153,0.4817150063051702,0.5098360655737705,0.5179156908665106,0.0389344262295082,0.5061475409836066
US Airlines,seamless,4.0,62,0.3376654461166353,0.007113343187315192,0.3913934426229508,0.4700074515648286,0.5010502049180328,0.5057377049180328,0.0471311475409836,0.4282786885245901
US Airlines,seamless,4.0,63,0.3370187785541521,0.008326894651975229,0.3944672131147541,0.4569672131147541,0.4785860655737705,0.5169854280510018,0.1045081967213114,0.4569672131147541
US Airlines,seamless,4.0,64,0.33827432141897334,0.008830791453910192,0.36577868852459017,0.4667008196721312,0.5039812646370024,0.5199180327868853,0.0573770491803278,0.4672131147540984
US Airlines,seamless,4.0,65,0.3396432410642301,0.006987368986831452,0.3924180327868852,0.47617827868852464,0.49740437158469947,0.5053278688524591,0.0758196721311475,0.4795081967213115
US Airlines,seamless,4.0,66,0.339336703843053,0.007214122547702187,0.3934426229508196,0.47093889716840537,0.4949112021857923,0.501905737704918,0.0430327868852459,0.4713114754098361
US Airlines,seamless,4.0,67,0.3381987368986831,0.0069579750067185805,0.3907103825136612,0.47103825136612026,0.4953073770491803,0.49771662763466046,0.0819672131147541,0.4733606557377049
US Airlines,seamless,4.0,68,0.33893778554152104,0.006886589626444457,0.3975409836065574,0.47500000000000003,0.49009836065573764,0.5046252927400469,0.0614754098360655,0.4774590163934426
US Airlines,seamless,4.0,69,0.33836670249932815,0.006424684224670742,0.3944672131147541,0.4702868852459017,0.4874879459980714,0.5004683840749414,0.0368852459016393,0.4815573770491803
US Airlines,seamless,4.0,70,0.33642250067186236,0.007751612469766147,0.389344262295082,0.4631147540983606,0.4834388971684054,0.49353369763205823,0.0655737704918032,0.4815573770491803
US Airlines,seamless,4.0,71,0.33895878124160167,0.006769013705992966,0.3913934426229508,0.4674863387978142,0.4950364298724954,0.5105737704918033,0.040983606557377,0.4692622950819672
US Airlines,seamless,4.0,72,0.34160843859177636,0.006664035205589852,0.389344262295082,0.47464139344262296,0.5112492933860938,0.5431864754098361,0.0430327868852459,0.5122950819672132
US Airlines,seamless,4.0,73,0.3396894316044074,0.006806805966138089,0.3913934426229508,0.4702868852459016,0.5022745901639344,0.509016393442623,0.0635245901639344,0.5
US Airlines,seamless,4.0,74,0.3403990862671325,0.007109144047299068,0.3975409836065574,0.46506635441061667,0.5024341778440139,0.5039493293591655,0.0491803278688524,0.4938524590163934
US Airlines,seamless,4.0,75,0.3348814162859446,0.008528453372749217,0.3975409836065574,0.45532786885245896,0.4912126325940212,0.5151639344262295,0.0799180327868852,0.4405737704918033
US Airlines,seamless,4.0,76,0.33738410373555494,0.007243516527815059,0.3944672131147541,0.47404371584699456,0.49127634660421543,0.49758412424503884,0.0594262295081967,0.4795081967213115
US Airlines,seamless,4.0,77,0.33615375571083045,0.006861394786347711,0.3872950819672131,0.4549180327868852,0.48664797238999136,0.49745316159250585,0.0532786885245901,0.4528688524590164
US Airlines,seamless,4.0,78,0.3393325047030368,0.006437281644719118,0.3954918032786885,0.4721311475409836,0.4876536885245902,0.49755880256593016,0.0614754098360655,0.4877049180327869
US Airlines,seamless,4.0,79,0.33924432276269817,0.007583646869121153,0.3913934426229508,0.4672131147540984,0.5021339739966082,0.5038581119276427,0.040983606557377,0.5040983606557378
US Airlines,seamless,4.0,80,0.3394794746036012,0.007529058048911537,0.3924180327868852,0.462858606557377,0.5189368370298939,0.5204074252651881,0.0471311475409836,0.4262295081967213
US Airlines,seamless,4.0,81,0.33548189330825046,0.007524858908895415,0.38831967213114754,0.4573087431693989,0.49221311475409835,0.5010928961748634,0.0471311475409836,0.4405737704918033
US Airlines,seamless,4.0,82,0.33584721848965327,0.007575248589088911,0.389344262295082,0.4590163934426229,0.4899590163934425,0.5056729939603106,0.0491803278688524,0.4385245901639344
US Airlines,seamless,4.0,83,0.33924852190271426,0.006441480784735237,0.3920765027322404,0.4626024590163934,0.5022540983606557,0.5153796376186368,0.0471311475409836,0.4528688524590164
US Airlines,seamless,4.0,84,0.33537691480784737,0.007226719967750563,0.38678278688524587,0.46545667447306793,0.4791569086651054,0.5065915300546449,0.0635245901639344,0.4733606557377049
US Airlines,seamless,4.0,85,0.33334453104004297,0.009053345874764803,0.3896370023419204,0.46087928464977646,0.47786885245901634,0.4972336065573771,0.0778688524590164,0.4733606557377049
US Airlines,seamless,4.0,86,0.3411255374899221,0.006836199946250961,0.3985655737704918,0.4780895334174023,0.48785860655737706,0.5379234972677596,0.0696721311475409,0.4836065573770492
US Airlines,seamless,4.0,87,0.3388496036011825,0.007613040849234029,0.3954918032786885,0.4714754098360656,0.49664812646370027,0.5129657228017884,0.1004098360655737,0.4733606557377049
US Airlines,seamless,4.0,88,0.3367080421929589,0.007785205589895141,0.3913934426229508,0.4569672131147541,0.4875409836065574,0.505296343001261,0.0696721311475409,0.4877049180327869
US Airlines,seamless,4.0,89,0.3392821150228433,0.006584251545283484,0.389344262295082,0.475068306010929,0.5010680576254347,0.5111028315946349,0.0594262295081967,0.5020491803278688
US Airlines,seamless,4.0,90,0.33733371405536144,0.007012563826928198,0.3903688524590164,0.46419961427193823,0.4912397540983606,0.5149334016393443,0.0450819672131147,0.4918032786885246
US Airlines,seamless,4.0,91,0.339911986025262,0.006827801666218712,0.39480874316939885,0.46282201405152223,0.5086496980155306,0.519031762295082,0.0532786885245901,0.4631147540983606
US Airlines,seamless,4.0,92,0.3381105549583445,0.007201525127653809,0.3903688524590164,0.4672131147540984,0.5000195160031226,0.5035245901639345,0.040983606557377,0.5020491803278688
US Airlines,seamless,4.0,93,0.3395928513840365,0.006458277344799739,0.389344262295082,0.4723360655737705,0.5005737704918033,0.5180327868852459,0.026639344262295,0.4467213114754098
US Airlines,seamless,4.0,94,0.340415882827197,0.006878191346412212,0.3872950819672131,0.47008196721311474,0.4995529061102832,0.5043032786885246,0.0389344262295082,0.5
US Airlines,seamless,4.0,95,0.33669124563289443,0.008343691212039728,0.3975409836065574,0.4590163934426229,0.4955630791161796,0.501918777943368,0.0471311475409836,0.4180327868852459
US Airlines,seamless,4.0,96,0.34217952163396936,0.007134338887395819,0.3949795081967213,0.4774590163934426,0.49478597449908923,0.5375585480093676,0.096311475409836,0.485655737704918
US Airlines,seamless,4.0,97,0.3349486025262027,0.008667024993281333,0.3954918032786885,0.45989461358313816,0.48472529906956136,0.49682377049180326,0.1127049180327868,0.4610655737704918
US Airlines,seamless,4.0,98,0.33579682880945977,0.007025161246976575,0.389344262295082,0.46349897540983603,0.4852550091074681,0.5104508196721311,0.0635245901639344,0.485655737704918
US Airlines,seamless,4.0,99,0.33754787019618376,0.0069537758667024534,0.3852459016393443,0.46584699453551914,0.48805170239596474,0.5008196721311475,0.0614754098360655,0.4877049180327869
US Airlines,seamless,4.0,100,0.33858925692018277,0.007251914807847307,0.3913934426229508,0.4737704918032787,0.4888422131147541,0.5202868852459017,0.0573770491803278,0.4754098360655738
US Airlines,seamless,5.0,1,0.33784600913732865,0.007323300188121427,0.3954918032786885,0.4540238450074516,0.49643954918032784,0.5174473067915691,0.110655737704918,0.4549180327868852
US Airlines,seamless,5.0,2,0.333008599838753,0.00768022708949203,0.3913934426229508,0.45401166456494324,0.4702185792349727,0.4828893442622951,0.1045081967213114,0.4549180327868852
US Airlines,seamless,5.0,3,0.33886640016124703,0.007041957807041075,0.3954918032786885,0.46653005464480873,0.4854215456674473,0.5092505854800937,0.0840163934426229,0.485655737704918
US Airlines,seamless,5.0,4,0.34115913061005104,0.006328104004299872,0.3975409836065574,0.4718237704918033,0.5085089773614364,0.5247267759562841,0.0389344262295082,0.5102459016393442
US Airlines,seamless,5.0,5,0.33889579414135984,0.007289707067992429,0.3975409836065574,0.46243169398907097,0.48913934426229505,0.5159153005464481,0.0614754098360655,0.4754098360655738
US Airlines,seamless,5.0,6,0.3377872211771029,0.00665983606557372,0.3965163934426229,0.47373323397913564,0.4868196721311475,0.4972950819672131,0.0307377049180327,0.4774590163934426
US Airlines,seamless,5.0,7,0.33248370733673743,0.007751612469766149,0.3811475409836066,0.4474306431273644,0.47931352459016396,0.4924590163934426,0.0799180327868852,0.4795081967213115
US Airlines,seamless,5.0,8,0.3371867441547971,0.00856204649287821,0.3869535519125683,0.46643897996357014,0.48928961748633876,0.5040398126463701,0.0860655737704918,0.4672131147540984
US Airlines,seamless,5.0,9,0.3341255710830422,0.00692438188658958,0.3913934426229508,0.4672131147540984,0.47608408249603384,0.4786885245901639,0.0737704918032786,0.4713114754098361
US Airlines,seamless,5.0,10,0.3401891292663262,0.006197930663800005,0.3975409836065574,0.4724148802017655,0.49788524590163935,0.5051997950819672,0.026639344262295,0.4262295081967213
US Airlines,seamless,5.0,11,0.3397692152647138,0.006999966406879824,0.3934426229508196,0.4702868852459016,0.4896662763466042,0.5089822404371585,0.0655737704918032,0.4897540983606557
US Airlines,seamless,5.0,12,0.33611176431066914,0.008053950550927122,0.3944672131147541,0.46875,0.4865943945002644,0.5043964232488823,0.0532786885245901,0.485655737704918
US Airlines,seamless,5.0,13,0.3386186509002956,0.006584251545283483,0.3852459016393443,0.4707991803278689,0.49181904161412354,0.49374211853720046,0.0614754098360655,0.4815573770491803
US Airlines,seamless,5.0,14,0.3364476955119592,0.007524858908895411,0.3954918032786885,0.46653005464480873,0.48345752608047693,0.5181693989071038,0.0696721311475409,0.4733606557377049
US Airlines,seamless,5.0,15,0.33472604810534795,0.007310702768073054,0.3968579234972678,0.46121551379448217,0.4731762295081967,0.49467213114754094,0.0778688524590164,0.4631147540983606
US Airlines,seamless,5.0,16,0.3382533257188927,0.006286112604138628,0.3934426229508196,0.47438524590163933,0.4988583138173302,0.5020009643201543,0.0471311475409836,0.4405737704918033
US Airlines,seamless,5.0,17,0.3389125907014243,0.006962174146734701,0.3903688524590164,0.47438524590163933,0.5006081438392385,0.5038251366120219,0.055327868852459,0.4774590163934426
US Airlines,seamless,5.0,18,0.33703977425423276,0.006622043805428605,0.3934426229508196,0.4610655737704918,0.48808548009367686,0.4982786885245902,0.0532786885245901,0.4897540983606557
US Airlines,seamless,5.0,19,0.3386060534802472,0.006664035205589849,0.3934426229508196,0.4617486338797814,0.49412568306010923,0.5159836065573771,0.0573770491803278,0.4897540983606557
US Airlines,seamless,5.0,20,0.3400673542058586,0.006143341843590387,0.3975409836065574,0.46807244843997886,0.4911135545781687,0.5076161202185793,0.0676229508196721,0.4918032786885246
US Airlines,seamless,5.0,21,0.33725812953507117,0.007856590970169263,0.3975409836065574,0.4685792349726776,0.4870560109289618,0.49663934426229506,0.0696721311475409,0.4836065573770492
US Airlines,seamless,5.0,22,0.3391477425423274,0.007054555227089446,0.3965163934426229,0.4620901639344262,0.4967213114754098,0.5027151639344263,0.0614754098360655,0.4528688524590164
US Airlines,seamless,5.0,23,0.33687180865358773,0.006231523783929006,0.3954918032786885,0.4631147540983606,0.48122205663189266,0.5004918032786885,0.040983606557377,0.4610655737704918
US Airlines,seamless,5.0,24,0.3389713786616501,0.006886589626444458,0.3975409836065574,0.47273013871374525,0.4848497267759563,0.49959016393442623,0.0758196721311475,0.4774590163934426
US Airlines,seamless,5.0,25,0.33512496640687983,0.0077432141897338935,0.39480874316939885,0.4597970335675253,0.4960382513661202,0.5074063231850118,0.0737704918032786,0.4385245901639344
US Airlines,seamless,5.0,26,0.33828271969900564,0.006529662725073859,0.3965163934426229,0.4650063051702396,0.4931830601092896,0.5086065573770492,0.0491803278688524,0.4938524590163934
US Airlines,seamless,5.0,27,0.3360613746304757,0.006785810266057462,0.3934426229508196,0.46635928961748635,0.48627049180327864,0.5002049180327869,0.0512295081967213,0.4774590163934426
US Airlines,seamless,5.0,28,0.3393199072829885,0.007969967750604628,0.3934426229508196,0.4631147540983606,0.490459927140255,0.5160348360655738,0.0491803278688524,0.4569672131147541
US Airlines,seamless,5.0,29,0.33753527277613543,0.00689918704649283,0.39275956284153,0.4583760245901639,0.493483606557377,0.5032377049180328,0.0348360655737704,0.4549180327868852
US Airlines,seamless,5.0,30,0.33806436441816723,0.006462476484815863,0.3934426229508196,0.4713114754098361,0.49484088717454194,0.4994038748137109,0.026639344262295,0.4118852459016394
US Airlines,seamless,5.0,31,0.33942068664337544,0.007272910507927933,0.3934426229508196,0.46907167365611896,0.48606557377049175,0.5068135245901639,0.0799180327868852,0.4692622950819672
US Airlines,seamless,5.0,32,0.33660726283257186,0.006676632625638224,0.39303278688524584,0.46960382513661203,0.48676814988290396,0.4950819672131147,0.055327868852459,0.4877049180327869
US Airlines,seamless,5.0,33,0.3360445780704112,0.008541050792797593,0.3862704918032787,0.4615499254843517,0.5014344262295082,0.5121038251366121,0.1024590163934426,0.4631147540983606
US Airlines,seamless,5.0,34,0.34014293872614887,0.007155334587476437,0.3944672131147541,0.4719518442622951,0.5021516393442622,0.5124707259953162,0.0614754098360655,0.4733606557377049
US Airlines,seamless,5.0,35,0.33774103063692557,0.006840399086267091,0.3852459016393443,0.46672521467603434,0.4870963735717834,0.5039812646370024,0.0594262295081967,0.4877049180327869
US Airlines,seamless,5.0,36,0.33633011959150766,0.006873992206396085,0.3913934426229508,0.47083858764186637,0.4813286313381624,0.4978688524590164,0.0860655737704918,0.4815573770491803
US Airlines,seamless,5.0,37,0.3379509876377318,0.006932780166621832,0.3995901639344262,0.4605532786885246,0.48969555035128803,0.5060450819672131,0.0512295081967213,0.4897540983606557
US Airlines,seamless,5.0,38,0.3339114149422198,0.007109144047299074,0.3903688524590164,0.4527224824355972,0.47902151639344265,0.48962369597615496,0.0594262295081967,0.4651639344262295
US Airlines,seamless,5.0,39,0.3366408559527009,0.0074366769685567935,0.3954918032786885,0.4683515482695811,0.4941214139344262,0.49568391393442623,0.0512295081967213,0.4713114754098361
US Airlines,seamless,5.0,40,0.33722033727492606,0.0070923474872345675,0.3995901639344262,0.4697599531615925,0.4788422131147541,0.4936930783242258,0.1331967213114754,0.4713114754098361
US Airlines,seamless,5.0,41,0.33649808519215263,0.007075550927170067,0.389344262295082,0.4656762295081967,0.4762568306010929,0.4913251366120218,0.0819672131147541,0.4754098360655738
US Airlines,seamless,5.0,42,0.33503258532652513,0.008268106691749485,0.3820789865871833,0.4677985948477752,0.48977361436377825,0.4967213114754098,0.0430327868852459,0.3831967213114754
US Airlines,seamless,5.0,43,0.3403528957269551,0.006462476484815866,0.3954918032786885,0.4752634660421546,0.5022295081967213,0.5200819672131148,0.0717213114754098,0.4815573770491803
US Airlines,seamless,5.0,44,0.33905536146197257,0.00795317119054013,0.3913934426229508,0.4692622950819672,0.5023224043715847,0.5056445603576751,0.0676229508196721,0.485655737704918
US Airlines,seamless,5.0,45,0.33889999328137593,0.007230919107766682,0.3954918032786885,0.475708674863388,0.4896223653395784,0.493655737704918,0.096311475409836,0.4774590163934426
US Airlines,seamless,5.0,46,0.34007155334587474,0.007121741467347445,0.389344262295082,0.4631147540983606,0.4999137187230371,0.5218237704918033,0.0368852459016393,0.5
US Airlines,seamless,5.0,47,0.3365610722923945,0.006391091104541742,0.3975409836065574,0.45969945355191255,0.4864298724954463,0.5025819672131148,0.0389344262295082,0.4877049180327869
US Airlines,seamless,5.0,48,0.33791319537758663,0.007982565170653004,0.3924180327868852,0.46962180040264595,0.48327123695976154,0.5095238095238095,0.096311475409836,0.4713114754098361
US Airlines,seamless,5.0,49,0.34128090567051866,0.00696637328675083,0.3944672131147541,0.47658079625292743,0.5002732240437159,0.5189890710382514,0.1024590163934426,0.4795081967213115
US Airlines,seamless,5.0,50,0.337892199677506,0.008276504971781732,0.3934426229508196,0.4709016393442623,0.47800546448087433,0.5167008196721311,0.0758196721311475,0.4733606557377049
US Airlines,seamless,5.0,51,0.33749328137597423,0.007113343187315189,0.3954918032786885,0.46639344262295085,0.49051522248243556,0.5318306010928963,0.0430327868852459,0.4692622950819672
US Airlines,seamless,5.0,52,0.3358304219295888,0.007856590970169266,0.3913934426229508,0.46376935336976316,0.48206557377049175,0.4848816029143898,0.1352459016393442,0.4651639344262295
US Airlines,seamless,5.0,53,0.33270626175759205,0.00783559527008864,0.38451405152224827,0.4567028027498678,0.47272833723653396,0.4825,0.0614754098360655,0.4733606557377049
US Airlines,seamless,5.0,54,0.33869003628056976,0.006966373286750833,0.3975409836065574,0.4733606557377049,0.4925034153005464,0.5013556116015132,0.0758196721311475,0.4754098360655738
US Airlines,seamless,5.0,55,0.33572124428916955,0.007335897608169802,0.3954918032786885,0.4617228580266007,0.47330601092896174,0.49839480874316944,0.1065573770491803,0.4631147540983606
US Airlines,seamless,5.0,56,0.33670384305294276,0.00682360252620259,0.39412568306010926,0.4610655737704918,0.4961065573770491,0.5107142857142857,0.0471311475409836,0.4323770491803279
US Airlines,seamless,5.0,57,0.33300859983875297,0.006949576726686326,0.3872950819672131,0.4610655737704918,0.4872438524590164,0.509471766848816,0.0286885245901639,0.4405737704918033
US Airlines,seamless,5.0,58,0.3401177438860521,0.00802455657081425,0.3790983606557377,0.47511709601873536,0.5133709016393443,0.5265027322404372,0.0512295081967213,0.485655737704918
US Airlines,seamless,5.0,59,0.3372539303950551,0.009112133834990547,0.3859289617486339,0.4655615365793981,0.49167717528373267,0.5091188524590163,0.1331967213114754,0.4672131147540984
US Airlines,seamless,5.0,60,0.33660306369255577,0.007382088148347167,0.3965163934426229,0.4624788015828151,0.47667498218104065,0.4894353369763206,0.0881147540983606,0.4672131147540984
US Airlines,seamless,5.0,61,0.33984060064498794,0.0070335595270088185,0.3913934426229508,0.4733606557377049,0.4993008678881389,0.513360655737705,0.055327868852459,0.4774590163934426
US Airlines,seamless,5.0,62,0.33586821418973395,0.008087543671056116,0.3903688524590164,0.4652127244340359,0.4780225409836066,0.5079918032786885,0.0840163934426229,0.4672131147540984
US Airlines,seamless,5.0,63,0.34120532115022845,0.006101350443429143,0.389344262295082,0.47882513661202186,0.5126593806921677,0.5197540983606558,0.0286885245901639,0.4651639344262295
US Airlines,seamless,5.0,64,0.34128090567051866,0.0072561139478634325,0.3965163934426229,0.48137108792846495,0.4931533269045323,0.5108606557377049,0.0655737704918032,0.4877049180327869
US Airlines,seamless,5.0,65,0.3373715063155066,0.006416285944638497,0.3934426229508196,0.4655054644808743,0.49274004683840744,0.49721311475409835,0.0758196721311475,0.485655737704918
US Airlines,seamless,5.0,66,0.3363847084117173,0.006924381886589585,0.3934426229508196,0.46379781420765026,0.4905005854800937,0.4969419924337957,0.0471311475409836,0.4631147540983606
US Airlines,seamless,5.0,67,0.33814414807847354,0.006596848965331853,0.3934426229508196,0.4677506046761623,0.4936475409836065,0.5084016393442623,0.1168032786885246,0.4692622950819672
US Airlines,seamless,5.0,68,0.34010514646600376,0.0073191010481053,0.3903688524590164,0.47438524590163933,0.5057377049180328,0.5264344262295082,0.0471311475409836,0.430327868852459
US Airlines,seamless,5.0,69,0.334289337543671,0.006836199946250967,0.3924180327868852,0.4614497950819672,0.4760450819672131,0.5006147540983606,0.0737704918032786,0.4733606557377049
US Airlines,seamless,5.0,70,0.3377830220370868,0.006832000806234836,0.3954918032786885,0.46018735362997654,0.49492827868852457,0.5112932604735884,0.0450819672131147,0.4426229508196722
US Airlines,seamless,5.0,71,0.338799213920989,0.0075542528890082845,0.3954918032786885,0.46980595516895285,0.48778688524590164,0.5134522661523626,0.0778688524590164,0.4713114754098361
US Airlines,seamless,5.0,72,0.3391603399623757,0.007008364686912077,0.3913934426229508,0.46569086651053865,0.4893954918032787,0.5229215456674473,0.0389344262295082,0.4651639344262295
US Airlines,seamless,5.0,73,0.3363259204514915,0.007159533727492563,0.3944672131147541,0.4652844744455159,0.4864654138344662,0.4876849260295882,0.0655737704918032,0.4672131147540984
US Airlines,seamless,5.0,74,0.3344866971244289,0.00727291050792793,0.3975409836065574,0.4511349306431273,0.4790238450074516,0.4982581967213115,0.0635245901639344,0.4795081967213115
US Airlines,seamless,5.0,75,0.33730012093523243,0.008188323031443116,0.39275956284153,0.4595901639344262,0.500068306010929,0.5194858420268257,0.0942622950819672,0.4610655737704918
US Airlines,seamless,5.0,76,0.33528453372749256,0.007839794410104767,0.3944672131147541,0.4667008196721312,0.479542349726776,0.5123829039812647,0.0758196721311475,0.4754098360655738
US Airlines,seamless,5.0,77,0.3369767871539908,0.0075122614888470385,0.3852459016393443,0.46773409280355654,0.47953747072599534,0.4912568306010929,0.1168032786885246,0.4692622950819672
US Airlines,seamless,5.0,78,0.336947393173878,0.007083949207202322,0.3900273224043716,0.4590163934426229,0.49483606557377047,0.5043505674653216,0.0696721311475409,0.4569672131147541
US Airlines,seamless,5.0,79,0.33620414539102395,0.007083949207202326,0.3811475409836066,0.4585435056746532,0.49655737704918035,0.5080054644808744,0.0471311475409836,0.4221311475409836
US Airlines,seamless,5.0,80,0.337081765654394,0.006689230045686594,0.3934426229508196,0.4627732240437158,0.477393149882904,0.4997267759562841,0.0594262295081967,0.4774590163934426
US Airlines,seamless,5.0,81,0.3389545821015856,0.006420485084654616,0.389344262295082,0.47049180327868856,0.48969555035128803,0.5104918032786885,0.055327868852459,0.4897540983606557
US Airlines,seamless,5.0,82,0.33384842784197793,0.0067564162859445965,0.389344262295082,0.4579918032786885,0.479872495446266,0.4829625292740047,0.0635245901639344,0.4590163934426229
US Airlines,seamless,5.0,83,0.33422215130341304,0.007604642569201778,0.38041569086651056,0.4668032786885246,0.4824941451990632,0.48971311475409834,0.055327868852459,0.4774590163934426
US Airlines,seamless,5.0,84,0.3399329817253427,0.007033559527008827,0.3924180327868852,0.4692622950819672,0.488648782911078,0.5170667447306792,0.0594262295081967,0.4672131147540984
US Airlines,seamless,5.0,85,0.336779427573233,0.007369490728298801,0.3903688524590164,0.46750585480093676,0.48977686703096535,0.4994535519125683,0.0635245901639344,0.4877049180327869
US Airlines,seamless,5.0,86,0.3358472184896533,0.007247715667831186,0.3898565573770492,0.4685792349726776,0.47722677595628415,0.48729508196721316,0.0840163934426229,0.4774590163934426
US Airlines,seamless,5.0,87,0.33413396936307443,0.007915378930395008,0.3872950819672131,0.4610655737704918,0.47611241217798594,0.5110655737704918,0.0717213114754098,0.4672131147540984
US Airlines,seamless,5.0,88,0.33349150094060737,0.008431873152378346,0.3852459016393443,0.4587236533957845,0.4778688524590164,0.49359165424739193,0.0696721311475409,0.4590163934426229
US Airlines,seamless,5.0,89,0.336174751410911,0.006462476484815864,0.3954918032786885,0.4636270491803278,0.4766288356452291,0.5046875000000001,0.0573770491803278,0.4774590163934426
US Airlines,seamless,5.0,90,0.336409903251814,0.007793603869927397,0.3965163934426229,0.46243169398907097,0.495923209663503,0.5213114754098361,0.0471311475409836,0.430327868852459
US Airlines,seamless,5.0,91,0.3376234547164741,0.006470874764848114,0.389344262295082,0.4605532786885246,0.4869798234552333,0.5054303278688524,0.0696721311475409,0.4877049180327869
US Airlines,seamless,5.0,92,0.3356918503090567,0.007335897608169807,0.3948087431693989,0.463418336369156,0.48430669398907106,0.48896370023419206,0.0512295081967213,0.4651639344262295
US Airlines,seamless,5.0,93,0.3406384372480516,0.005987973662993773,0.3944672131147541,0.4667008196721312,0.4935245901639344,0.5121926229508197,0.0286885245901639,0.4672131147540984
US Airlines,seamless,5.0,94,0.3383205119591508,0.0071637328675086915,0.3924180327868852,0.4683308494783905,0.4955771857923497,0.5164959016393442,0.0471311475409836,0.4959016393442623
US Airlines,seamless,5.0,95,0.33589760816984676,0.009523649556570774,0.3917213114754098,0.4716956967213115,0.4816598360655737,0.5219262295081968,0.0840163934426229,0.4815573770491803
US Airlines,seamless,5.0,96,0.3372371338349906,0.0064960696049448634,0.3934426229508196,0.46413934426229503,0.48504098360655734,0.5088114754098361,0.0594262295081967,0.4774590163934426
US Airlines,seamless,5.0,97,0.33866484144047293,0.006584251545283481,0.3913934426229508,0.47207991803278687,0.48958643815201186,0.49836065573770494,0.0614754098360655,0.4733606557377049
US Airlines,seamless,5.0,98,0.33845908357968285,0.006794208546089719,0.39378415300546443,0.4699329359165425,0.49036885245901635,0.5133879781420766,0.0860655737704918,0.4713114754098361
US Airlines,seamless,5.0,99,0.3384128930395055,0.006928581026605705,0.3924180327868852,0.4738574267262792,0.4882111861137898,0.5091393442622951,0.0594262295081967,0.4754098360655738
US Airlines,seamless,5.0,100,0.3378712039774254,0.0071889277076054425,0.3903688524590164,0.47412909836065575,0.48263785394932934,0.49272540983606555,0.0512295081967213,0.4836065573770492
US Airlines,seamless,6.0,1,0.3373001209352325,0.006936979306637956,0.3924180327868852,0.4579918032786885,0.49230418943533694,0.5180327868852459,0.0471311475409836,0.4487704918032787
US Airlines,seamless,6.0,2,0.3361705522708949,0.006802606826121967,0.3975409836065574,0.4650932730356133,0.4730874316939891,0.4978877679697352,0.0696721311475409,0.4733606557377049
US Airlines,seamless,6.0,3,0.33622934023112067,0.006676632625638224,0.3913934426229508,0.469390368852459,0.4869611414693382,0.4953551912568306,0.0491803278688524,0.4877049180327869
US Airlines,seamless,6.0,4,0.338160944638538,0.00638689196452562,0.3944672131147541,0.4713114754098361,0.4874707259953162,0.4954545454545454,0.0778688524590164,0.4877049180327869
US Airlines,seamless,6.0,5,0.3380769618382155,0.006983169846815322,0.3934426229508196,0.46448087431693985,0.49537470725995314,0.5147085610200365,0.0450819672131147,0.4528688524590164
US Airlines,seamless,6.0,6,0.337115358774523,0.00790698065036276,0.3913934426229508,0.4651639344262295,0.49186182669789225,0.5056116015132409,0.0635245901639344,0.4774590163934426
US Airlines,seamless,6.0,7,0.33636791185165277,0.008003560870733627,0.39412568306010926,0.466143977191732,0.482172131147541,0.5034649776453055,0.0901639344262295,0.4672131147540984
US Airlines,seamless,6.0,8,0.3354524993281376,0.007642434829346904,0.3913934426229508,0.4521857923497268,0.48531615925058547,0.5040437158469946,0.0676229508196721,0.485655737704918
US Airlines,seamless,6.0,9,0.33863964660037627,0.006374294544477245,0.3975409836065574,0.46215846994535514,0.48542520491803276,0.5054918032786886,0.0471311475409836,0.4610655737704918
US Airlines,seamless,6.0,10,0.3364644920720236,0.007386287288363297,0.3965163934426229,0.4610655737704918,0.49642857142857144,0.5149590163934427,0.0532786885245901,0.4979508196721312
US Airlines,seamless,6.0,11,0.3378040177371674,0.006307108304219251,0.3920765027322404,0.4642531876138433,0.4895491803278688,0.495687811831789,0.0491803278688524,0.4897540983606557
US Airlines,seamless,6.0,12,0.3362797299113141,0.006983169846815327,0.3903688524590164,0.4652592451391536,0.49904371584699453,0.5039549180327869,0.0799180327868852,0.4672131147540984
US Airlines,seamless,6.0,13,0.33448249798441276,0.007495464928782544,0.3913934426229508,0.4551457194899817,0.4844672131147541,0.4977117486338798,0.0491803278688524,0.430327868852459
US Airlines,seamless,6.0,14,0.33531392770760543,0.00783979441010477,0.3965163934426229,0.4620901639344262,0.4844262295081967,0.5006147540983606,0.0512295081967213,0.4754098360655738
US Airlines,seamless,6.0,15,0.33675843187315235,0.006126545283525891,0.3913934426229508,0.46072404371584696,0.48743169398907105,0.5068208430913349,0.0389344262295082,0.4569672131147541
US Airlines,seamless,6.0,16,0.33803916957807045,0.007247715667831181,0.3934426229508196,0.46959280803807507,0.4864071038251366,0.50718789407314,0.0635245901639344,0.485655737704918
US Airlines,seamless,6.0,17,0.33884120532115025,0.006580052405267359,0.3944672131147541,0.46340749414519905,0.4872011612021858,0.49576502732240435,0.0737704918032786,0.4610655737704918
US Airlines,seamless,6.0,18,0.33899657350174683,0.007209923407686064,0.3975409836065574,0.4661885245901639,0.4892271662763466,0.5338797814207651,0.0635245901639344,0.4590163934426229
US Airlines,seamless,6.0,19,0.3332353533996238,0.008402479172265474,0.38831967213114754,0.45588869715271785,0.48438897168405365,0.4997950819672131,0.0737704918032786,0.4569672131147541
US Airlines,seamless,6.0,20,0.3377746237570545,0.0066472386455253525,0.3954918032786885,0.4672131147540984,0.48483606557377046,0.4969672131147541,0.0635245901639344,0.4815573770491803
US Airlines,seamless,6.0,21,0.3383751007793604,0.006928581026605704,0.3934426229508196,0.4685073339085418,0.48857747223691167,0.4969672131147541,0.0594262295081967,0.4897540983606557
US Airlines,seamless,6.0,22,0.33743449341574844,0.006323904864283747,0.3985655737704918,0.46388319672131145,0.4866591294516676,0.5069672131147541,0.0532786885245901,0.4877049180327869
US Airlines,seamless,6.0,23,0.33759406073636117,0.0066220438054286025,0.3944672131147541,0.46085358959864325,0.49468852459016394,0.5098872950819672,0.0573770491803278,0.4610655737704918
US Airlines,seamless,6.0,24,0.3350157887664606,0.007264512227895686,0.39412568306010926,0.4564207650273224,0.47597730138713745,0.5002049180327869,0.055327868852459,0.4569672131147541
US Airlines,seamless,6.0,25,0.3361369591507659,0.006302909164203126,0.3857581967213115,0.4651639344262295,0.48322404371584704,0.48750000000000004,0.0450819672131147,0.4815573770491803
US Airlines,seamless,6.0,26,0.3361705522708949,0.006235722923945128,0.389344262295082,0.45649432534678436,0.48505674653215636,0.4893670309653916,0.040983606557377,0.444672131147541
US Airlines,seamless,6.0,27,0.3361159634506853,0.006445679924751362,0.39412568306010926,0.4617486338797814,0.49609764789736277,0.5114754098360657,0.0471311475409836,0.4282786885245901
US Airlines,seamless,6.0,28,0.3363931066917495,0.009023951894651931,0.3975409836065574,0.45840804303278687,0.48095838587641865,0.5150102459016394,0.1188524590163934,0.4590163934426229
US Airlines,seamless,6.0,29,0.33613276001074976,0.0073358976081698,0.3934426229508196,0.46434426229508197,0.49088114754098355,0.5026411657559199,0.1045081967213114,0.4692622950819672
US Airlines,seamless,6.0,30,0.33995397742542327,0.0071301397473796935,0.3934426229508196,0.4713114754098361,0.5010502049180328,0.5094877049180327,0.055327868852459,0.4733606557377049
US Airlines,seamless,6.0,31,0.3337434493415748,0.00778520558989515,0.3920765027322404,0.46124532643083116,0.48012295081967216,0.4887587822014052,0.1147540983606557,0.4631147540983606
US Airlines,seamless,6.0,32,0.33687180865358773,0.006197930663800008,0.3995901639344262,0.4713114754098361,0.4852231329690346,0.4915894511760513,0.0573770491803278,0.4754098360655738
US Airlines,seamless,6.0,33,0.33388202096210695,0.007058754367105568,0.3913934426229508,0.4557659694742792,0.4875227686703097,0.5074681238615665,0.0471311475409836,0.4139344262295082
US Airlines,seamless,6.0,34,0.33477223864552536,0.006147540983606509,0.39412568306010926,0.4567307692307692,0.47694292653309045,0.4986065573770492,0.0348360655737704,0.4774590163934426
US Airlines,seamless,6.0,35,0.33666605079279766,0.008100141091104495,0.3920765027322404,0.46463700234192035,0.48726946721311476,0.5191132637853949,0.0614754098360655,0.4877049180327869
US Airlines,seamless,6.0,36,0.33529713114754095,0.007575248589088911,0.39412568306010926,0.46059268600252207,0.4692232630757221,0.5031147540983607,0.0819672131147541,0.4692622950819672
US Airlines,seamless,6.0,37,0.3392779158828272,0.008158929051330237,0.3954918032786885,0.4693283976731888,0.5036512667660209,0.5293032786885246,0.0614754098360655,0.4426229508196722
US Airlines,seamless,6.0,38,0.33766544611663524,0.007277109647944051,0.3872950819672131,0.4731329690346084,0.4912568306010929,0.5040611028315947,0.0491803278688524,0.4754098360655738
US Airlines,seamless,6.0,39,0.3349905939263639,0.006806805966138086,0.3954918032786885,0.4579918032786885,0.4863524590163934,0.4908469945355191,0.0532786885245901,0.4877049180327869
US Airlines,seamless,6.0,40,0.33757726417629674,0.006840399086267086,0.3934426229508196,0.4631147540983606,0.4905054644808743,0.537827868852459,0.0491803278688524,0.4180327868852459
US Airlines,seamless,6.0,41,0.33612016259070143,0.0066850309056704724,0.40061475409836067,0.4591627634660421,0.4967585692995529,0.5088673621460507,0.0389344262295082,0.4979508196721312
US Airlines,seamless,6.0,42,0.3396432410642301,0.007130139747379688,0.3948087431693989,0.4665145305514158,0.49109538002980624,0.530891393442623,0.0594262295081967,0.4672131147540984
US Airlines,seamless,6.0,43,0.3330505912389143,0.006886589626444457,0.3954918032786885,0.45947176684881597,0.4746926229508197,0.49057377049180323,0.0512295081967213,0.4610655737704918
US Airlines,seamless,6.0,44,0.3369012026337006,0.007356893308250427,0.3954918032786885,0.4655542544886807,0.4920765027322404,0.4949063231850117,0.0594262295081967,0.4344262295081967
US Airlines,seamless,6.0,45,0.3352845337274927,0.007180529427573183,0.3924180327868852,0.4537470725995316,0.4881967213114754,0.503688524590164,0.0614754098360655,0.4426229508196722
US Airlines,seamless,6.0,46,0.3365736697124429,0.007340096748185931,0.389344262295082,0.4616510538641686,0.4826350941105039,0.521584699453552,0.0389344262295082,0.4754098360655738
US Airlines,seamless,6.0,47,0.33802657215802207,0.006848797366299333,0.3960772833723653,0.46960382513661203,0.49854694485842027,0.5092896174863388,0.0348360655737704,0.4795081967213115
US Airlines,seamless,6.0,48,0.33554907954850843,0.00623572292394513,0.3954918032786885,0.4622950819672131,0.483506867523261,0.5002341920374708,0.0368852459016393,0.4836065573770492
US Airlines,seamless,6.0,49,0.33731691749529696,0.007062953507121694,0.39617486338797814,0.46698542805100185,0.4994535519125683,0.5056466302367942,0.0532786885245901,0.4815573770491803
US Airlines,seamless,6.0,50,0.33646869121203976,0.006613645525396353,0.3975409836065574,0.47172131147540985,0.48265881147540984,0.49651639344262294,0.0696721311475409,0.4733606557377049
US Airlines,seamless,6.0,51,0.3396264445041655,0.006470874764848112,0.3975409836065574,0.4692622950819672,0.5032616120218579,0.5101775956284152,0.0389344262295082,0.5040983606557378
US Airlines,seamless,6.0,52,0.33405418570276807,0.007751612469766151,0.3934426229508196,0.4473067915690866,0.4810171385991058,0.49918032786885247,0.0717213114754098,0.4467213114754098
US Airlines,seamless,6.0,53,0.3366912456328944,0.006764814565976834,0.3944672131147541,0.4672131147540984,0.4769595286885246,0.4926229508196721,0.0614754098360655,0.4774590163934426
US Airlines,seamless,6.0,54,0.3365652714324106,0.0074324778285406665,0.39378415300546443,0.46785822707953856,0.4795667447306792,0.502202868852459,0.1024590163934426,0.4692622950819672
US Airlines,seamless,6.0,55,0.33439851518409025,0.008188323031443118,0.3954918032786885,0.453725782414307,0.4826574633304573,0.49450819672131147,0.110655737704918,0.4549180327868852
US Airlines,seamless,6.0,56,0.3349150094060736,0.006680831765654349,0.389344262295082,0.4580363506771204,0.4810639009702241,0.4885928961748634,0.055327868852459,0.4815573770491803
US Airlines,seamless,6.0,57,0.3368508129535071,0.006836199946250957,0.3954918032786885,0.4626418663303909,0.4984887295081967,0.5075051229508197,0.0430327868852459,0.4754098360655738
US Airlines,seamless,6.0,58,0.33918133566245634,0.0058410037624294095,0.39164959016393436,0.4675546448087432,0.4967486338797814,0.5100819672131147,0.0717213114754098,0.4877049180327869
US Airlines,seamless,6.0,59,0.33714475275463585,0.0068991870464928315,0.3934426229508196,0.4644491040792985,0.4866616989567809,0.48965163934426226,0.040983606557377,0.4651639344262295
US Airlines,seamless,6.0,60,0.3355280838484278,0.0069117844665412065,0.39702868852459017,0.4538934426229508,0.487367405978785,0.4929047131147541,0.0512295081967213,0.4508196721311475
US Airlines,seamless,6.0,61,0.33467565842515457,0.00713433888739582,0.3934426229508196,0.46000793231094655,0.47332851173256185,0.4993559718969555,0.0614754098360655,0.4610655737704918
US Airlines,seamless,6.0,62,0.3346084721848965,0.007898582370330517,0.39275956284153,0.45974499089253185,0.48122205663189266,0.4871243169398907,0.0696721311475409,0.4610655737704918
US Airlines,seamless,6.0,63,0.3379467884977157,0.006882390486428336,0.3903688524590164,0.4684185149469624,0.48539617486338793,0.49269125683060105,0.055327868852459,0.485655737704918
US Airlines,seamless,6.0,64,0.3361495565708143,0.007121741467347441,0.3934426229508196,0.4566999287241625,0.4946994535519125,0.5142418032786885,0.0471311475409836,0.4692622950819672
US Airlines,seamless,6.0,65,0.336342717011556,0.006785810266057471,0.3913934426229508,0.4597615499254843,0.49197024893746205,0.4938221007893139,0.0532786885245901,0.4713114754098361
US Airlines,seamless,6.0,66,0.3358892098898145,0.006790009406073593,0.3958333333333333,0.4574795081967213,0.48684621389539423,0.49537470725995314,0.0717213114754098,0.4713114754098361
US Airlines,seamless,6.0,67,0.33670384305294276,0.007810400429991895,0.3954918032786885,0.46283210853589596,0.48032786885245904,0.5350409836065574,0.0983606557377049,0.4651639344262295
US Airlines,seamless,6.0,68,0.3393115090029562,0.006844598226283208,0.3975409836065574,0.4719701405152225,0.48531717747683534,0.5059965487489215,0.0450819672131147,0.485655737704918
US Airlines,seamless,6.0,69,0.3371027613544746,0.006613645525396351,0.3913934426229508,0.4672131147540984,0.4875931445603577,0.4935011709601873,0.0635245901639344,0.4877049180327869
US Airlines,seamless,6.0,70,0.3377788228970706,0.005950181402848649,0.3954918032786885,0.4729880774962742,0.4945245901639344,0.497632058287796,0.0471311475409836,0.4959016393442623
US Airlines,seamless,6.0,71,0.33566245632894387,0.007713820209621025,0.3954918032786885,0.4643011216566005,0.4805840163934426,0.49815573770491806,0.0983606557377049,0.4754098360655738
US Airlines,seamless,6.0,72,0.3337350510615426,0.007155334587476438,0.389344262295082,0.462431693989071,0.48460655737704916,0.4891905737704918,0.0471311475409836,0.4118852459016394
US Airlines,seamless,6.0,73,0.3371615493147003,0.007688625369524277,0.39412568306010926,0.458705911574764,0.49275956284153005,0.5167486338797814,0.0614754098360655,0.4590163934426229
US Airlines,seamless,6.0,74,0.33570864686912116,0.007134338887395819,0.3954918032786885,0.4617059426229508,0.46712484237074403,0.4954270923209663,0.0881147540983606,0.4672131147540984
US Airlines,seamless,6.0,75,0.33874462510077935,0.007260313087879554,0.3859777517564403,0.4816332726168791,0.4937811831789023,0.5071907600596125,0.0471311475409836,0.4836065573770492
US Airlines,seamless,6.0,76,0.3378670048374093,0.006840399086267083,0.3924180327868852,0.47327868852459015,0.4879553734061931,0.5027198211624441,0.0676229508196721,0.485655737704918
US Airlines,seamless,6.0,77,0.3348520223058318,0.006991568126847581,0.3954918032786885,0.460015368852459,0.4757566204287516,0.4961475409836065,0.0840163934426229,0.4610655737704918
US Airlines,seamless,6.0,78,0.3359144047299113,0.007348495028218174,0.38627049180327866,0.47067110655737704,0.4814788978025811,0.5004098360655738,0.0922131147540983,0.4815573770491803
US Airlines,seamless,6.0,79,0.3393870935232464,0.0064498790647674895,0.3975409836065574,0.4579918032786885,0.49541495901639343,0.49966822794691645,0.0450819672131147,0.4569672131147541
US Airlines,seamless,6.0,80,0.3338106355818328,0.007289707067992431,0.3866120218579235,0.4622365339578454,0.48425664217071795,0.48846604215456674,0.055327868852459,0.485655737704918
US Airlines,seamless,6.0,81,0.3362041453910239,0.007373689868314924,0.3948087431693989,0.47096994535519127,0.48128415300546445,0.5084426229508197,0.0676229508196721,0.4815573770491803
US Airlines,seamless,6.0,82,0.3369851854340231,0.00685719564633158,0.389344262295082,0.47361680327868855,0.4814663023679417,0.48969104665825974,0.0758196721311475,0.4754098360655738
US Airlines,seamless,6.0,83,0.33843388873958613,0.007138538027411938,0.3975409836065574,0.4655365126676602,0.48761495401839267,0.5055327868852459,0.0799180327868852,0.4877049180327869
US Airlines,seamless,6.0,84,0.3350493818865896,0.008188323031443116,0.39617486338797814,0.4638157894736842,0.48319672131147545,0.5044262295081968,0.0758196721311475,0.4651639344262295
US Airlines,seamless,6.0,85,0.33430613410373555,0.007835595270088641,0.3913934426229508,0.45345433255269324,0.4882684426229508,0.4970286885245902,0.0471311475409836,0.4139344262295082
US Airlines,seamless,6.0,86,0.33711115963450683,0.007461871808653542,0.3831967213114754,0.4588700234192037,0.4967827868852459,0.5024590163934426,0.0676229508196721,0.4590163934426229
US Airlines,seamless,6.0,87,0.33929471244289167,0.0069243818865895816,0.3903688524590164,0.46789617486338797,0.49803864168618267,0.49982435597189695,0.0491803278688524,0.4651639344262295
US Airlines,seamless,6.0,88,0.3395634574039237,0.007461871808653542,0.3934426229508196,0.47827868852459016,0.48911777394305433,0.5120218579234973,0.0758196721311475,0.4897540983606557
US Airlines,seamless,6.0,89,0.33452029024455787,0.007180529427573187,0.3965163934426229,0.4590163934426229,0.47276639344262295,0.49880774962742175,0.0696721311475409,0.4590163934426229
US Airlines,seamless,6.0,90,0.3378712039774254,0.007050356087073327,0.389344262295082,0.46163479052823314,0.49356557377049176,0.5214578454332554,0.0471311475409836,0.4590163934426229
US Airlines,seamless,6.0,91,0.33249630475678577,0.007755811609782269,0.3975409836065574,0.446501756440281,0.48221311475409834,0.5070636451301832,0.0655737704918032,0.4631147540983606
US Airlines,seamless,6.0,92,0.33753527277613543,0.006235722923945129,0.3934426229508196,0.4692622950819672,0.48278688524590163,0.511452641165756,0.0491803278688524,0.4754098360655738
US Airlines,seamless,6.0,93,0.3369725880139747,0.006752217145928466,0.3944672131147541,0.4610655737704918,0.48549180327868846,0.501448087431694,0.0655737704918032,0.485655737704918
US Airlines,seamless,6.0,94,0.3392779158828272,0.005811609782316543,0.39412568306010926,0.47062841530054644,0.4984972677595629,0.5133424408014573,0.0430327868852459,0.5
US Airlines,seamless,6.0,95,0.33546089760816983,0.008226115291588237,0.382172131147541,0.4680669398907104,0.47768256333830106,0.5257684426229509,0.0532786885245901,0.4713114754098361
US Airlines,seamless,6.0,96,0.33640990325181397,0.007054555227089445,0.3995901639344262,0.4675610887720384,0.4797586520947177,0.4996413934426229,0.1045081967213114,0.4692622950819672
US Airlines,seamless,6.0,97,0.3365568731523783,0.0065926498253157315,0.3954918032786885,0.4680327868852459,0.48187939110070255,0.49170081967213114,0.0655737704918032,0.4815573770491803
US Airlines,seamless,6.0,98,0.3362377385111529,0.007655032249395281,0.3954918032786885,0.4672131147540984,0.47531987205117954,0.5109016393442622,0.0778688524590164,0.4754098360655738
US Airlines,seamless,6.0,99,0.3404662725073904,0.006462476484815866,0.3944672131147541,0.46827868852459015,0.5011807181889149,0.5185963114754099,0.0635245901639344,0.5020491803278688
US Airlines,seamless,6.0,100,0.3384422870196183,0.005748622682074661,0.3954918032786885,0.47176684881602915,0.4936703096539162,0.5125000000000001,0.0307377049180327,0.4774590163934426
US Airlines,seamless,7.0,1,0.3366828473528621,0.007885984950282138,0.3985655737704918,0.4589188134270101,0.48934426229508193,0.5032274590163934,0.0901639344262295,0.4713114754098361
US Airlines,seamless,7.0,2,0.3379341910776673,0.008326894651975232,0.39617486338797814,0.45924408014571944,0.5062646370023419,0.5134733606557378,0.0614754098360655,0.4385245901639344
US Airlines,seamless,7.0,3,0.3365862671324912,0.006160138403654883,0.3934426229508196,0.46135831381733017,0.4830553985302431,0.4854963570127504,0.0348360655737704,0.485655737704918
US Airlines,seamless,7.0,4,0.33559527008868584,0.008112738511152866,0.3975409836065574,0.4653819323334496,0.47103825136612026,0.49993169398907106,0.0942622950819672,0.4672131147540984
US Airlines,seamless,7.0,5,0.33602358237033053,0.0074996640687986635,0.3948087431693989,0.46545667447306793,0.48458385876418664,0.49898907103825135,0.0860655737704918,0.4774590163934426
US Airlines,seamless,7.0,6,0.33326054823972046,0.007864989250201517,0.389344262295082,0.4614381520119225,0.47123695976154995,0.4851775956284153,0.110655737704918,0.4631147540983606
US Airlines,seamless,7.0,7,0.3309132289707068,0.0076256382692824025,0.3934426229508196,0.4501366120218579,0.47112932604735885,0.48348946135831383,0.0717213114754098,0.4590163934426229
US Airlines,seamless,7.0,8,0.3382029360386992,0.006399489384573994,0.39617486338797814,0.4608011634056055,0.48133669609079444,0.510655737704918,0.0594262295081967,0.4610655737704918
US Airlines,seamless,7.0,9,0.3357926296694437,0.0065464592851383575,0.389344262295082,0.46756043345373716,0.48372950819672134,0.4997950819672131,0.1065573770491803,0.4692622950819672
US Airlines,seamless,7.0,10,0.3362629333512497,0.006769013705992968,0.3968579234972678,0.4672490652861663,0.47443151771549447,0.5010538641686183,0.0983606557377049,0.4692622950819672
US Airlines,seamless,7.0,11,0.33402899086267135,0.006508667024993238,0.3985655737704918,0.4595286885245901,0.469183815835368,0.4886782786885246,0.0696721311475409,0.4692622950819672
US Airlines,seamless,7.0,12,0.3364266998118785,0.006542260145122233,0.389344262295082,0.47057962529274006,0.48416738567730805,0.4900819672131147,0.0348360655737704,0.485655737704918
US Airlines,seamless,7.0,13,0.33423474872346143,0.008041353130878753,0.3944672131147541,0.46156323185011705,0.48340163934426233,0.49327185792349726,0.1372950819672131,0.4631147540983606
US Airlines,seamless,7.0,14,0.3391267468422467,0.006844598226283216,0.3934426229508196,0.4725127190503109,0.48997764530551413,0.5015746333045729,0.0573770491803278,0.4733606557377049
US Airlines,seamless,7.0,15,0.33656527143241066,0.006382692824509496,0.3954918032786885,0.46783677833214543,0.48333804409270775,0.492271662763466,0.0573770491803278,0.4836065573770492
US Airlines,seamless,7.0,16,0.33945008062348825,0.00666403520558985,0.39412568306010926,0.47257250945775536,0.5050756620428752,0.512529274004684,0.0655737704918032,0.4836065573770492
US Airlines,seamless,7.0,17,0.33798038161784466,0.00689078876646058,0.3934426229508196,0.46893874029335636,0.48111338797814207,0.4936475409836065,0.0512295081967213,0.4815573770491803
US Airlines,seamless,7.0,18,0.33771163665681264,0.006311307444235376,0.389344262295082,0.4642324888226527,0.48985655737704914,0.5092981557377049,0.0491803278688524,0.4836065573770492
US Airlines,seamless,7.0,19,0.3351753560870734,0.0072057242676699315,0.389344262295082,0.46399297423887587,0.47818761384335157,0.4915983606557377,0.1127049180327868,0.4672131147540984
US Airlines,seamless,7.0,20,0.33336132760010745,0.006857195646331583,0.38627049180327866,0.461577868852459,0.4756830601092896,0.48422131147540987,0.0491803278688524,0.4713114754098361
US Airlines,seamless,7.0,21,0.3355868718086536,0.0073778890083310514,0.3954918032786885,0.45521077283372363,0.48629098360655737,0.49930840163934426,0.0471311475409836,0.4467213114754098
US Airlines,seamless,7.0,22,0.33663245767266864,0.006672433485622098,0.3975409836065574,0.4617486338797814,0.48176229508196716,0.5015983606557377,0.0819672131147541,0.4815573770491803
US Airlines,seamless,7.0,23,0.33498639478634773,0.007256113947863428,0.3924180327868852,0.469390368852459,0.47785022354694484,0.4915300546448087,0.1168032786885246,0.4713114754098361
US Airlines,seamless,7.0,24,0.33554488040849234,0.00644148078473524,0.389344262295082,0.4598182466143977,0.4771595208070618,0.5070696721311475,0.0512295081967213,0.4651639344262295
US Airlines,seamless,7.0,25,0.3367878258532652,0.006668234345605973,0.3913934426229508,0.4684787849566056,0.4920765027322404,0.5049810844892813,0.0348360655737704,0.4692622950819672
US Airlines,seamless,7.0,26,0.3361285608707337,0.006475073904864235,0.3944672131147541,0.4673594847775176,0.4773505303760849,0.5001117734724292,0.0676229508196721,0.4774590163934426
US Airlines,seamless,7.0,27,0.33684661381349096,0.0068110051061542175,0.3954918032786885,0.46635928961748635,0.49036885245901635,0.4955233291298865,0.0471311475409836,0.444672131147541
US Airlines,seamless,7.0,28,0.33404578742273583,0.007445075248589044,0.3954918032786885,0.452582920320244,0.4708216713314674,0.4923952641165756,0.0840163934426229,0.4528688524590164
US Airlines,seamless,7.0,29,0.33549868986831494,0.00670182746573497,0.3954918032786885,0.4651639344262295,0.4768112109994712,0.4949795081967213,0.0799180327868852,0.4754098360655738
US Airlines,seamless,7.0,30,0.33579682880945977,0.007415681268476167,0.389344262295082,0.45836928386540116,0.49813114754098364,0.5086065573770492,0.0450819672131147,0.4795081967213115
US Airlines,seamless,7.0,31,0.33321855683955925,0.007877586670249887,0.3965163934426229,0.461943793911007,0.4741334894613583,0.4780737704918033,0.0512295081967213,0.4672131147540984
US Airlines,seamless,7.0,32,0.3373379131953776,0.007634036549314655,0.3934426229508196,0.4658811475409836,0.48549180327868846,0.5033811475409836,0.0758196721311475,0.4692622950819672
US Airlines,seamless,7.0,33,0.3354315036280569,0.007810400429991897,0.3896857923497268,0.4526127049180328,0.4894759953161592,0.49755880256593016,0.0635245901639344,0.4467213114754098
US Airlines,seamless,7.0,34,0.33513336468691207,0.006915983606557331,0.3924180327868852,0.45754098360655737,0.4836520947176685,0.49489071038251364,0.0594262295081967,0.4405737704918033
US Airlines,seamless,7.0,35,0.3346546627250738,0.006424684224670743,0.3934426229508196,0.46017462580185314,0.47650273224043715,0.48332786885245904,0.0430327868852459,0.4426229508196722
US Airlines,seamless,7.0,36,0.3333487301800591,0.007562651169040534,0.3975409836065574,0.45628415300546443,0.4774776453055142,0.4805737704918033,0.0799180327868852,0.444672131147541
US Airlines,seamless,7.0,37,0.3369935837140553,0.007369490728298803,0.3934426229508196,0.46219262295081964,0.4782055035128806,0.49289617486338794,0.0635245901639344,0.4754098360655738
US Airlines,seamless,7.0,38,0.33893358640150495,0.006151740123622636,0.3934426229508196,0.4610655737704918,0.49918032786885247,0.5114344262295082,0.0471311475409836,0.4385245901639344
US Airlines,seamless,7.0,39,0.33515436038699264,0.006949576726686332,0.389344262295082,0.461728543876567,0.48139700641482536,0.4853239656518345,0.1188524590163934,0.4631147540983606
US Airlines,seamless,7.0,40,0.3370187785541521,0.006298710024186999,0.3954918032786885,0.46741803278688526,0.48958643815201186,0.5017883755588674,0.0348360655737704,0.4897540983606557
US Airlines,seamless,7.0,41,0.3348982128460091,0.007545854608976039,0.39275956284153,0.4579285569722728,0.4819086651053864,0.4967469262295082,0.1557377049180328,0.4590163934426229
US Airlines,seamless,7.0,42,0.3373925020155872,0.005975376242945403,0.39480874316939885,0.4631147540983606,0.49497950819672126,0.5013205828779599,0.0307377049180327,0.5020491803278688
US Airlines,seamless,7.0,43,0.33596059527008865,0.006882390486428332,0.3913934426229508,0.46827868852459015,0.48128415300546445,0.5121926229508197,0.0778688524590164,0.4713114754098361
US Airlines,seamless,7.0,44,0.3369515923138941,0.005740224402042412,0.3934426229508196,0.4642622950819672,0.4870793787748059,0.4969672131147541,0.0348360655737704,0.4877049180327869
US Airlines,seamless,7.0,45,0.33392821150228436,0.007948972050524009,0.3913934426229508,0.4581133648235621,0.4810357675111773,0.5087887067395264,0.1168032786885246,0.4590163934426229
US Airlines,seamless,7.0,46,0.33661986025262025,0.00618533324375163,0.3934426229508196,0.4623463114754098,0.4920765027322404,0.5027198211624441,0.0450819672131147,0.4938524590163934
US Airlines,seamless,7.0,47,0.3346840567051868,0.006773212846009093,0.3965163934426229,0.45628415300546443,0.47500000000000003,0.4978877679697352,0.0594262295081967,0.4508196721311475
US Airlines,seamless,7.0,48,0.3362461367911852,0.007537456328943787,0.3954918032786885,0.4654283447911158,0.4764856557377049,0.4978597449908925,0.1229508196721311,0.4672131147540984
US Airlines,seamless,7.0,49,0.3363343187315238,0.006336502284332121,0.3944672131147541,0.4583333333333333,0.4888888888888889,0.4958626073380172,0.040983606557377,0.4959016393442623
US Airlines,seamless,7.0,50,0.33505778016662185,0.006155939263638761,0.3913934426229508,0.462144089732528,0.4879738729508197,0.48953637295081964,0.0471311475409836,0.4323770491803279
US Airlines,seamless,7.0,51,0.3360781711905402,0.00629451088417087,0.3975409836065574,0.4603507434235608,0.48030835284933643,0.4844892812105927,0.0594262295081967,0.4610655737704918
US Airlines,seamless,7.0,52,0.3372413329750067,0.00624412120397738,0.3913934426229508,0.4718969555035129,0.486905737704918,0.4995218579234973,0.0758196721311475,0.4754098360655738
US Airlines,seamless,7.0,53,0.3358346210696049,0.007251914807847301,0.389344262295082,0.4647913561847988,0.4784426229508197,0.5046658259773015,0.0758196721311475,0.4754098360655738
US Airlines,seamless,7.0,54,0.3353181268476216,0.006794208546089713,0.3913934426229508,0.45133196721311475,0.4971311475409836,0.5089578454332553,0.0717213114754098,0.444672131147541
US Airlines,seamless,7.0,55,0.33604457807041116,0.006983169846815328,0.38866120218579236,0.4626692801140413,0.4827334283677833,0.4893670309653916,0.0594262295081967,0.4795081967213115
US Airlines,seamless,7.0,56,0.33968943160440734,0.006567454985218981,0.3954918032786885,0.4725409836065574,0.49175644028103044,0.5068181818181818,0.0655737704918032,0.4918032786885246
US Airlines,seamless,7.0,57,0.3331933619994625,0.007848192690137016,0.3954918032786885,0.4503500683060109,0.48076502732240434,0.48561259706643656,0.0922131147540983,0.4508196721311475
US Airlines,seamless,7.0,58,0.3366576525127654,0.006802606826121967,0.3975409836065574,0.4609450337512054,0.48536885245901634,0.49576502732240435,0.0471311475409836,0.4364754098360656
US Airlines,seamless,7.0,59,0.3352887328675087,0.007104944907282944,0.3975409836065574,0.4636664564943253,0.4886270491803279,0.502160953800298,0.0471311475409836,0.4118852459016394
US Airlines,seamless,7.0,60,0.33703137597420046,0.006659836065573726,0.3954918032786885,0.46579445145018916,0.485327868852459,0.4957845433255269,0.0635245901639344,0.4815573770491803
US Airlines,seamless,7.0,61,0.3346504635850578,0.006676632625638224,0.3954918032786885,0.45865778688524583,0.47844457455113193,0.4808401639344262,0.0614754098360655,0.4590163934426229
US Airlines,seamless,7.0,62,0.3370187785541521,0.0060173676431066435,0.3926229508196721,0.46024590163934426,0.5025554484088718,0.512704918032787,0.026639344262295,0.4344262295081967
US Airlines,seamless,7.0,63,0.33492340768610585,0.007075550927170068,0.3929303278688524,0.4579129886506935,0.4877504553734062,0.4992486338797814,0.0471311475409836,0.4098360655737705
US Airlines,seamless,7.0,64,0.33580522708949206,0.006000571083042146,0.3944672131147541,0.45671882762046695,0.48532041728763037,0.49653005464480876,0.0655737704918032,0.4569672131147541
US Airlines,seamless,7.0,65,0.33558687180865354,0.007734815909701646,0.3985655737704918,0.4622609289617486,0.4754553734061931,0.48128415300546445,0.0819672131147541,0.4692622950819672
US Airlines,seamless,7.0,66,0.33396600376242946,0.006500268744960987,0.39412568306010926,0.4577868852459016,0.4773809523809524,0.4867213114754098,0.0450819672131147,0.4733606557377049
US Airlines,seamless,7.0,67,0.3353349234076861,0.007302304488040801,0.3913934426229508,0.4554644808743169,0.4743585174625802,0.5010928961748634,0.0758196721311475,0.4733606557377049
US Airlines,seamless,7.0,68,0.33821973259876376,0.005815808922332659,0.3872950819672131,0.467469262295082,0.4846842744383728,0.5200819672131148,0.0491803278688524,0.485655737704918
US Airlines,seamless,7.0,69,0.33583462106960493,0.00690338618650896,0.3872950819672131,0.46584699453551914,0.4856102003642987,0.4997267759562841,0.0594262295081967,0.485655737704918
US Airlines,seamless,7.0,70,0.33728752351518404,0.00671862402579947,0.3985655737704918,0.4676888173302108,0.4849385245901639,0.500785519125683,0.110655737704918,0.4692622950819672
US Airlines,seamless,7.0,71,0.33743449341574844,0.006676632625638226,0.3965163934426229,0.4656762295081967,0.4950096432015429,0.5073770491803279,0.055327868852459,0.4959016393442623
US Airlines,seamless,7.0,72,0.3390511623219564,0.006273515184090249,0.3934426229508196,0.4672131147540984,0.4954918032786885,0.5192622950819672,0.0471311475409836,0.4815573770491803
US Airlines,seamless,7.0,73,0.34099956328943837,0.006286112604138626,0.3975409836065574,0.45980453972257246,0.511714480874317,0.5155014464802314,0.0389344262295082,0.4528688524590164
US Airlines,seamless,7.0,74,0.3368508129535071,0.0062189263638806275,0.3954918032786885,0.4627994955863808,0.48908345752608046,0.4954918032786885,0.0286885245901639,0.4897540983606557
US Airlines,seamless,7.0,75,0.3355238847084117,0.007146936307444188,0.3934426229508196,0.4579918032786885,0.48017418032786885,0.495327868852459,0.0778688524590164,0.4590163934426229
US Airlines,seamless,7.0,76,0.33785860655737704,0.007856590970169266,0.3934426229508196,0.4736808401639344,0.4828688524590164,0.5110655737704918,0.0860655737704918,0.4754098360655738
US Airlines,seamless,7.0,77,0.3355238847084117,0.007822997850040267,0.3975409836065574,0.4575526932084309,0.49007611241217797,0.4934170081967213,0.0799180327868852,0.4487704918032787
US Airlines,seamless,7.0,78,0.3357800322493953,0.00674801800591234,0.3879781420765027,0.4648603521554341,0.47427868852459015,0.5003642987249545,0.0717213114754098,0.4713114754098361
US Airlines,seamless,7.0,79,0.33632172131147536,0.007004165546895952,0.3879781420765027,0.47267759562841527,0.47794336810730254,0.48510928961748634,0.0655737704918032,0.4774590163934426
US Airlines,seamless,7.0,80,0.3343355280838484,0.006706026605751099,0.3913934426229508,0.45763018322082927,0.4844909404659189,0.49042740046838407,0.0450819672131147,0.4364754098360656
US Airlines,seamless,7.0,81,0.33891678984144047,0.006722823165815593,0.3975409836065574,0.4775296777840588,0.4881147540983607,0.49349385245901634,0.0737704918032786,0.4815573770491803
US Airlines,seamless,7.0,82,0.33615795485084654,0.007839794410104765,0.3954918032786885,0.4651639344262295,0.4820582877959927,0.5059426229508197,0.0758196721311475,0.4774590163934426
US Airlines,seamless,7.0,83,0.3358010279494759,0.006122346143509759,0.3934426229508196,0.45469034608378867,0.49293032786885244,0.5098360655737705,0.0471311475409836,0.4815573770491803
US Airlines,seamless,7.0,84,0.33444890486428375,0.006962174146734697,0.3900273224043716,0.4603204172876304,0.47717359484777516,0.5008196721311475,0.0573770491803278,0.4774590163934426
US Airlines,seamless,7.0,85,0.3364350980919107,0.0065422601451222365,0.3913934426229508,0.46963487332339793,0.48073770491803275,0.4889799635701275,0.096311475409836,0.4713114754098361
US Airlines,seamless,7.0,86,0.33430613410373555,0.007470270088685794,0.3975409836065574,0.4635050741608118,0.4822194199243379,0.4915300546448087,0.0819672131147541,0.4651639344262295
US Airlines,seamless,7.0,87,0.33312617575920456,0.007466070948669664,0.3920765027322404,0.4557377049180327,0.4879421915444349,0.49489071038251364,0.0594262295081967,0.4364754098360656
US Airlines,seamless,7.0,88,0.33383583042192955,0.007029360386992695,0.38422131147540983,0.4636270491803278,0.47467644521138913,0.4834153005464481,0.0471311475409836,0.4651639344262295
US Airlines,seamless,7.0,89,0.3361159634506853,0.006193731523783887,0.39617486338797814,0.4623463114754098,0.4919101924447612,0.5025819672131148,0.0450819672131147,0.4938524590163934
US Airlines,seamless,7.0,90,0.33415496506315506,0.0068781913464122085,0.3985655737704918,0.4610655737704918,0.4769979508196721,0.4913934426229508,0.096311475409836,0.4754098360655738
US Airlines,seamless,7.0,91,0.33462106960494487,0.006848797366299335,0.3934426229508196,0.4568154219793564,0.48187939110070255,0.5227868852459017,0.0512295081967213,0.4569672131147541
US Airlines,seamless,7.0,92,0.33617895055092717,0.007314901908089179,0.3903688524590164,0.4590163934426229,0.4870113493064313,0.49110655737704917,0.0594262295081967,0.4590163934426229
US Airlines,seamless,7.0,93,0.3375184762160709,0.006223125503896755,0.3944672131147541,0.4692622950819672,0.4865632318501171,0.5140710382513661,0.0512295081967213,0.4815573770491803
US Airlines,seamless,7.0,94,0.34090718220908356,0.005744423542058541,0.3924180327868852,0.4721311475409836,0.499443793911007,0.5186768149882904,0.0307377049180327,0.4938524590163934
US Airlines,seamless,7.0,95,0.3356792528890083,0.00666403520558985,0.3934426229508196,0.4589056269384138,0.4838673621460507,0.48538251366120216,0.0635245901639344,0.4590163934426229
US Airlines,seamless,7.0,96,0.33741769685568396,0.005992172803009899,0.3920765027322404,0.46885245901639344,0.49651639344262294,0.5033811475409836,0.0307377049180327,0.4918032786885246
US Airlines,seamless,7.0,97,0.3380727626981994,0.0061559392636387645,0.3920765027322404,0.4625055383252104,0.4853872244205766,0.516120218579235,0.0532786885245901,0.485655737704918
US Airlines,seamless,7.0,98,0.33748068395592584,0.007092347487234571,0.3954918032786885,0.4630388585306618,0.4831967213114754,0.49381682109764785,0.0676229508196721,0.4692622950819672
US Airlines,seamless,7.0,99,0.3379047970975544,0.005757020962106917,0.3954918032786885,0.46290983606557373,0.491,0.49756375227686706,0.0430327868852459,0.4918032786885246
US Airlines,seamless,7.0,100,0.3347974334856221,0.008104340231120617,0.40027322404371585,0.4522833723653396,0.4782103825136612,0.5001024590163934,0.0840163934426229,0.4487704918032787
US Airlines,seamless,8.0,1,0.33583042192958884,0.007730616769685519,0.389344262295082,0.4674889659520807,0.4836651053864169,0.5021857923497267,0.0778688524590164,0.4692622950819672
US Airlines,seamless,8.0,2,0.33764445041655466,0.006046761623219515,0.3985655737704918,0.4726775956284153,0.4828073770491803,0.5001366120218579,0.0819672131147541,0.4774590163934426
US Airlines,seamless,8.0,3,0.33497379736629934,0.0066052472453641,0.3924180327868852,0.46045081967213114,0.47500000000000003,0.48885245901639346,0.0573770491803278,0.4487704918032787
US Airlines,seamless,8.0,4,0.33559946922870193,0.0066304420854608505,0.3954918032786885,0.4637704918032787,0.4881935687263556,0.4942622950819672,0.0799180327868852,0.4651639344262295
US Airlines,seamless,8.0,5,0.3355028890083311,0.006332303144316001,0.3968579234972678,0.4620169789227166,0.4826502732240437,0.4954918032786885,0.0450819672131147,0.4774590163934426
US Airlines,seamless,8.0,6,0.33688020693362,0.006462476484815863,0.3944672131147541,0.45570617906683475,0.4919262295081967,0.49528688524590164,0.0430327868852459,0.4836065573770492
US Airlines,seamless,8.0,7,0.33857246036011823,0.007134338887395821,0.3954918032786885,0.47373323397913564,0.4923668032786885,0.5154713114754098,0.0799180327868852,0.4815573770491803
US Airlines,seamless,8.0,8,0.33454128594463856,0.0072981053480246786,0.3954918032786885,0.4677254098360656,0.47725409836065574,0.4834699453551913,0.1086065573770491,0.4733606557377049
US Airlines,seamless,8.0,9,0.3352887328675087,0.006437281644719116,0.3948087431693989,0.4585040983606557,0.4815946348733233,0.4930327868852459,0.0635245901639344,0.4733606557377049
US Airlines,seamless,8.0,10,0.33560786750873417,0.0059963719430260205,0.3985655737704918,0.46419327006039685,0.4801131928181109,0.4886475409836066,0.0635245901639344,0.4754098360655738
US Airlines,seamless,8.0,11,0.33265587207739855,0.007961569470572381,0.3954918032786885,0.45194422231107556,0.4667349726775956,0.4870023419203747,0.1639344262295082,0.4528688524590164
US Airlines,seamless,8.0,12,0.3346210696049449,0.006336502284332121,0.3934426229508196,0.45877994955863804,0.4765112704918033,0.48837555886736217,0.0614754098360655,0.4774590163934426
US Airlines,seamless,8.0,13,0.3354902915882827,0.006491870464928733,0.3948087431693989,0.46045081967213114,0.4843371347113329,0.49540983606557376,0.0450819672131147,0.4733606557377049
US Airlines,seamless,8.0,14,0.3384758801397474,0.006676632625638224,0.3924180327868852,0.46428571428571425,0.49367681498829036,0.5085040983606557,0.0368852459016393,0.4938524590163934
US Airlines,seamless,8.0,15,0.33518795350712177,0.0066850309056704724,0.3985655737704918,0.46147540983606555,0.4788056206088993,0.4936612021857923,0.0368852459016393,0.4651639344262295
US Airlines,seamless,8.0,16,0.33711115963450683,0.006155939263638758,0.39617486338797814,0.46326112412177983,0.48985655737704914,0.49349180327868847,0.0532786885245901,0.4610655737704918
US Airlines,seamless,8.0,17,0.33538111394786346,0.006424684224670742,0.3934426229508196,0.4613729508196721,0.4831967213114754,0.50724043715847,0.0491803278688524,0.4241803278688524
US Airlines,seamless,8.0,18,0.3355406812684762,0.006559056705186734,0.3944672131147541,0.4595286885245901,0.48407494145199065,0.49016393442622946,0.0635245901639344,0.4754098360655738
US Airlines,seamless,8.0,19,0.33342011556033324,0.007134338887395815,0.3944672131147541,0.45689890710382514,0.4700136612021858,0.48552533532041725,0.0594262295081967,0.4692622950819672
US Airlines,seamless,8.0,20,0.3371405536146197,0.0066514377855414735,0.3934426229508196,0.4668032786885246,0.4882950819672131,0.5032786885245902,0.0450819672131147,0.4692622950819672
US Airlines,seamless,8.0,21,0.33965583848427844,0.006265116904058004,0.3954918032786885,0.4729880774962742,0.4934758529020824,0.49943647540983604,0.0676229508196721,0.4938524590163934
US Airlines,seamless,8.0,22,0.33714475275463585,0.006907585326525082,0.3920765027322404,0.47145527753810756,0.4816803278688524,0.5074225865209472,0.0594262295081967,0.4733606557377049
US Airlines,seamless,8.0,23,0.3370943630744424,0.006852996506315458,0.3934426229508196,0.4669974115616911,0.47768256333830106,0.4910860655737705,0.0799180327868852,0.4774590163934426
US Airlines,seamless,8.0,24,0.3346504635850578,0.0065548575651706055,0.3944672131147541,0.4628220140515222,0.4778346994535519,0.48586065573770487,0.0799180327868852,0.4754098360655738
US Airlines,seamless,8.0,25,0.3351123689868315,0.00579901236226816,0.3898565573770492,0.4620901639344262,0.4793032786885246,0.5084489281210592,0.0286885245901639,0.4877049180327869
US Airlines,seamless,8.0,26,0.33531392770760543,0.008553648212845964,0.3924180327868852,0.4549180327868852,0.4925497658079625,0.5095286885245901,0.0717213114754098,0.444672131147541
US Airlines,seamless,8.0,27,0.3338778218220908,0.006538061005106106,0.389344262295082,0.46633489461358313,0.4759733606557377,0.484016393442623,0.0901639344262295,0.4692622950819672
US Airlines,seamless,8.0,28,0.3325676901370599,0.007604642569201785,0.3944672131147541,0.45792349726775955,0.47195550351288057,0.496135831381733,0.0717213114754098,0.4672131147540984
US Airlines,seamless,8.0,29,0.3346798575651706,0.008217717011555986,0.3948087431693989,0.4598096245372818,0.48484517304189434,0.5055327868852459,0.0614754098360655,0.485655737704918
US Airlines,seamless,8.0,30,0.33652747917226555,0.0058452029024455305,0.3975409836065574,0.4626024590163934,0.48392857142857143,0.49824888226527575,0.0307377049180327,0.4631147540983606
US Airlines,seamless,8.0,31,0.33636791185165277,0.006328104004299869,0.389344262295082,0.46937014667817084,0.4800126103404792,0.4868852459016393,0.0799180327868852,0.4774590163934426
US Airlines,seamless,8.0,32,0.3356498589088954,0.0075248589088954074,0.3934426229508196,0.4657258064516129,0.48788056206089,0.5070355191256831,0.1229508196721311,0.4672131147540984
US Airlines,seamless,8.0,33,0.33713215533458746,0.007151135447460317,0.3913934426229508,0.4635538641686182,0.48232116244411327,0.5078184110970997,0.0717213114754098,0.4815573770491803
US Airlines,seamless,8.0,34,0.33476803950550926,0.0065968489653318516,0.3903688524590164,0.46951844262295084,0.4789617486338798,0.48397085610200363,0.1045081967213114,0.4733606557377049
US Airlines,seamless,8.0,35,0.33422215130341304,0.006588450685299608,0.3934426229508196,0.4659657875980043,0.4708333333333333,0.4874460742018982,0.0922131147540983,0.4692622950819672
US Airlines,seamless,8.0,36,0.3337518476216071,0.006857195646331587,0.3872950819672131,0.46413934426229503,0.4725289296046287,0.49707650273224047,0.0676229508196721,0.4733606557377049
US Airlines,seamless,8.0,37,0.33632172131147536,0.007356893308250422,0.3934426229508196,0.46418032786885244,0.4836577868852459,0.5095543032786886,0.1004098360655737,0.4651639344262295
US Airlines,seamless,8.0,38,0.336342717011556,0.007100745767266813,0.3924180327868852,0.4635245901639344,0.48169398907103816,0.5064549180327869,0.0758196721311475,0.4815573770491803
US Airlines,seamless,8.0,39,0.33651908089223326,0.006256718624025754,0.3934426229508196,0.4672131147540984,0.4793610760823876,0.4985655737704918,0.0696721311475409,0.4795081967213115
US Airlines,seamless,8.0,40,0.3339282115022843,0.007285507927976309,0.3934426229508196,0.45964691046658257,0.47321162444113263,0.5065118397085611,0.0799180327868852,0.4631147540983606
US Airlines,seamless,8.0,41,0.33155989653319,0.007327499328137552,0.3852459016393443,0.4486626402070751,0.47316280384397963,0.4786885245901639,0.055327868852459,0.4405737704918033
US Airlines,seamless,8.0,42,0.3337434493415748,0.007495464928782539,0.3913934426229508,0.4614071038251366,0.4846935138987883,0.48961748633879776,0.0491803278688524,0.4057377049180328
US Airlines,seamless,8.0,43,0.3372665278151034,0.007041957807041073,0.3968579234972678,0.46330104321907595,0.48508196721311475,0.522628805620609,0.0676229508196721,0.485655737704918
US Airlines,seamless,8.0,44,0.3382155334587476,0.006454078204783615,0.3968579234972678,0.4714896650035638,0.49559016393442623,0.4997609289617486,0.0471311475409836,0.4959016393442623
US Airlines,seamless,8.0,45,0.3384086938994894,0.006865593926363834,0.39412568306010926,0.4692622950819672,0.49253385602280825,0.510792349726776,0.0594262295081967,0.485655737704918
US Airlines,seamless,8.0,46,0.3381399489384574,0.006067757323300141,0.3954918032786885,0.46545667447306793,0.49467213114754094,0.501918777943368,0.040983606557377,0.4713114754098361
US Airlines,seamless,8.0,47,0.3362545350712174,0.007621439129266277,0.3968579234972678,0.46751669702489373,0.471448087431694,0.4954661885245902,0.0840163934426229,0.4713114754098361
US Airlines,seamless,8.0,48,0.3372077398548777,0.006903386186508953,0.3965163934426229,0.4738729508196721,0.48263319672131144,0.5092896174863388,0.096311475409836,0.4774590163934426
US Airlines,seamless,8.0,49,0.33695159231389404,0.006605247245364106,0.39412568306010926,0.46695696721311475,0.49042277825711816,0.4950819672131147,0.1004098360655737,0.4733606557377049
US Airlines,seamless,8.0,50,0.3346168704649288,0.007180529427573185,0.3954918032786885,0.45831381733021076,0.4871584699453552,0.49491803278688523,0.0471311475409836,0.4590163934426229
US Airlines,seamless,8.0,51,0.3367626310131685,0.0057444235420585415,0.3954918032786885,0.46880692167577415,0.4826112412177986,0.48517462580185317,0.0286885245901639,0.4795081967213115
US Airlines,seamless,8.0,52,0.3349486025262026,0.006659836065573722,0.3954918032786885,0.45521077283372363,0.48141025641025637,0.5002980625931446,0.0737704918032786,0.4815573770491803
US Airlines,seamless,8.0,53,0.3355280838484278,0.006962174146734706,0.3975409836065574,0.4600409836065573,0.4861566484517304,0.5014667817083692,0.0491803278688524,0.430327868852459
US Airlines,seamless,8.0,54,0.3366534533727492,0.007667629669443654,0.39617486338797814,0.4610655737704918,0.4711643547709122,0.5126024590163935,0.0758196721311475,0.4713114754098361
US Airlines,seamless,8.0,55,0.3337518476216071,0.007247715667831179,0.382172131147541,0.4493776563448695,0.48926741803278684,0.5060928961748634,0.0614754098360655,0.4344262295081967
US Airlines,seamless,8.0,56,0.3368760077936038,0.005828406342381034,0.3995901639344262,0.46370023419203743,0.48832726168791746,0.5008196721311475,0.0389344262295082,0.4897540983606557
US Airlines,seamless,8.0,57,0.33764445041655466,0.006613645525396351,0.3995901639344262,0.4680327868852459,0.48609289617486334,0.4969555035128806,0.0758196721311475,0.4815573770491803
US Airlines,seamless,8.0,58,0.3360529763504434,0.006412086804622366,0.3934426229508196,0.4603204172876304,0.486208125445474,0.4889029003783102,0.0430327868852459,0.4610655737704918
US Airlines,seamless,8.0,59,0.3361537557108304,0.0076592313894114,0.39275956284153,0.4551741803278688,0.4866256830601093,0.4967213114754098,0.0881147540983606,0.4508196721311475
US Airlines,seamless,8.0,60,0.3356246640687987,0.00834369121203973,0.3968579234972678,0.45480418943533696,0.4921500630517024,0.5088627049180328,0.0799180327868852,0.4692622950819672
US Airlines,seamless,8.0,61,0.33366366568126843,0.006987368986831451,0.389344262295082,0.4565281030444965,0.483424408014572,0.4911967213114754,0.055327868852459,0.4569672131147541
US Airlines,seamless,8.0,62,0.33735470975544213,0.006239922063961257,0.3965163934426229,0.45983606557377044,0.4877322404371585,0.4984972677595628,0.0450819672131147,0.485655737704918
US Airlines,seamless,8.0,63,0.3332269551195915,0.006294510884170875,0.39378415300546443,0.45682084309133486,0.4802622950819672,0.48273224043715846,0.0450819672131147,0.4590163934426229
US Airlines,seamless,8.0,64,0.3350871741467347,0.007100745767266816,0.3975409836065574,0.458811475409836,0.4786162005785921,0.49754098360655735,0.0737704918032786,0.4733606557377049
US Airlines,seamless,8.0,65,0.33458327734479976,0.006517065305025488,0.3920765027322404,0.4631147540983606,0.48244176013805,0.48959016393442617,0.0512295081967213,0.4815573770491803
US Airlines,seamless,8.0,66,0.3344657014243483,0.006882390486428335,0.389344262295082,0.4670081967213115,0.4757408575031526,0.48483606557377046,0.0512295081967213,0.4733606557377049
US Airlines,seamless,8.0,67,0.33741349771566786,0.007285507927976301,0.3954918032786885,0.4733606557377049,0.4789865871833085,0.49036885245901635,0.0942622950819672,0.4774590163934426
US Airlines,seamless,8.0,68,0.3364938860521365,0.006504467884977109,0.3995901639344262,0.4631147540983606,0.48869715271786024,0.49926229508196723,0.0389344262295082,0.4528688524590164
US Airlines,seamless,8.0,69,0.3325005038968019,0.00937667965600641,0.3876366120218579,0.4525614754098361,0.47295081967213115,0.5126024590163935,0.0942622950819672,0.4590163934426229
US Airlines,seamless,8.0,70,0.33554488040849234,0.006256718624025751,0.3907103825136612,0.4606264637002342,0.48439207650273225,0.4956967213114754,0.0450819672131147,0.485655737704918
US Airlines,seamless,8.0,71,0.3369179991937651,0.008028755710830374,0.3852459016393443,0.4658345752608048,0.4962928464977645,0.504405737704918,0.1086065573770491,0.4672131147540984
US Airlines,seamless,8.0,72,0.33559527008868584,0.007411482128460049,0.3954918032786885,0.45972429210134125,0.4767152398299939,0.49221311475409835,0.110655737704918,0.4610655737704918
US Airlines,seamless,8.0,73,0.3329036213383499,0.006970572426766949,0.3934426229508196,0.45323047251687565,0.4789519906323185,0.49631147540983606,0.0594262295081967,0.4508196721311475
US Airlines,seamless,8.0,74,0.33657366971244285,0.006395290244557867,0.3934426229508196,0.46541124929338606,0.48261612021857925,0.5099726775956284,0.1168032786885246,0.4672131147540984
US Airlines,seamless,8.0,75,0.3351165681268476,0.007340096748185924,0.3975409836065574,0.46562965722801786,0.48254293520686964,0.4844945355191257,0.0881147540983606,0.4672131147540984
US Airlines,seamless,8.0,76,0.333814834721849,0.00704195780704107,0.3944672131147541,0.4521857923497268,0.48893442622950817,0.4992827868852459,0.0717213114754098,0.4528688524590164
US Airlines,seamless,8.0,77,0.33551968556839556,0.006206328943832255,0.3954918032786885,0.45920268256333824,0.4948446937014668,0.5046252927400469,0.0327868852459016,0.4692622950819672
US Airlines,seamless,8.0,78,0.334894013705993,0.006773212846009089,0.3954918032786885,0.45928961748633873,0.48572404371584693,0.4962090163934426,0.0717213114754098,0.4692622950819672
US Airlines,seamless,8.0,79,0.33690120263370066,0.00749546492878254,0.3920765027322404,0.47062841530054644,0.4882342896174864,0.5088114754098361,0.0471311475409836,0.4118852459016394
US Airlines,seamless,8.0,80,0.33322275597957535,0.007281308787960178,0.3913934426229508,0.4628870673952641,0.4759562841530055,0.4832398619499569,0.0655737704918032,0.4651639344262295
US Airlines,seamless,8.0,81,0.33736310803547437,0.006143341843590385,0.3934426229508196,0.46451682484900775,0.4918374316939891,0.5044262295081968,0.0368852459016393,0.4651639344262295
US Airlines,seamless,8.0,82,0.3336678648212846,0.007319101048105304,0.3896857923497268,0.4611753512880562,0.4774931693989071,0.48536885245901634,0.1086065573770491,0.4631147540983606
US Airlines,seamless,8.0,83,0.33071167024993275,0.007545854608976037,0.3913934426229508,0.4470140515222482,0.47500000000000003,0.48797814207650275,0.0922131147540983,0.4467213114754098
US Airlines,seamless,8.0,84,0.33596059527008865,0.0064876713249126085,0.3968579234972678,0.4679680759275237,0.4829098360655738,0.4884426229508197,0.0368852459016393,0.4836065573770492
US Airlines,seamless,8.0,85,0.33795938591776403,0.006139142703574261,0.3934426229508196,0.4635701275045537,0.49496142719382835,0.525,0.026639344262295,0.4323770491803279
US Airlines,seamless,8.0,86,0.3340415882827197,0.007041957807041073,0.3920765027322404,0.45305514157973176,0.4894262295081967,0.5084489281210592,0.0532786885245901,0.4795081967213115
US Airlines,seamless,8.0,87,0.3391771365224402,0.005929185702768028,0.39617486338797814,0.4754098360655738,0.48264433357091946,0.48959016393442617,0.0430327868852459,0.4795081967213115
US Airlines,seamless,8.0,88,0.3358682141897339,0.005937583982800274,0.4016393442622951,0.4620901639344262,0.47914389799635704,0.4831147540983607,0.0737704918032786,0.4713114754098361
US Airlines,seamless,8.0,89,0.3348100309056705,0.006962174146734701,0.38831967213114754,0.45459447799827435,0.4752826455624647,0.5097155255544841,0.0307377049180327,0.4733606557377049
US Airlines,seamless,8.0,90,0.3329792058586401,0.007365291588282674,0.38422131147540983,0.4590163934426229,0.48278688524590163,0.5035245901639345,0.1024590163934426,0.4610655737704918
US Airlines,seamless,8.0,91,0.3365022843321688,0.006336502284332123,0.3907103825136612,0.46930411508865844,0.4864754098360656,0.49437939110070256,0.0942622950819672,0.4713114754098361
US Airlines,seamless,8.0,92,0.3355448804084923,0.007579447729105029,0.39617486338797814,0.4528688524590164,0.48035519125683057,0.48548698167791704,0.0881147540983606,0.4774590163934426
US Airlines,seamless,8.0,93,0.3357086468691212,0.007134338887395817,0.3890027322404372,0.45988919247115967,0.48304918032786887,0.49561475409836064,0.1045081967213114,0.4610655737704918
US Airlines,seamless,8.0,94,0.33690540177371675,0.006693429185702716,0.39617486338797814,0.46598360655737703,0.48216237314597965,0.49959016393442623,0.040983606557377,0.4795081967213115
US Airlines,seamless,8.0,95,0.3343397272238645,0.007062953507121697,0.3929303278688524,0.45446265938069214,0.46898126463700235,0.49836065573770494,0.0696721311475409,0.4692622950819672
US Airlines,seamless,8.0,96,0.3369557914539102,0.006735420585863971,0.3975409836065574,0.4677373236751811,0.48777322404371587,0.5012295081967213,0.0532786885245901,0.4692622950819672
US Airlines,seamless,8.0,97,0.33369725880139745,0.007247715667831177,0.3954918032786885,0.4611936475409836,0.47197351828499373,0.4926229508196721,0.096311475409836,0.4631147540983606
US Airlines,seamless,8.0,98,0.3347554420854609,0.006840399086267084,0.3920765027322404,0.46397756686798963,0.47346311475409836,0.5009221311475409,0.0819672131147541,0.4713114754098361
US Airlines,seamless,8.0,99,0.3369263974737974,0.0071259406073635664,0.3913934426229508,0.4657103825136612,0.49268600252206807,0.5053278688524591,0.0573770491803278,0.4672131147540984
US Airlines,seamless,8.0,100,0.33556587610857297,0.006181134103735511,0.3954918032786885,0.46431010928961747,0.48175338560228076,0.48688524590163934,0.0450819672131147,0.4836065573770492
US Airlines,seamless,9.0,1,0.33717414673474866,0.006269316044074125,0.3954918032786885,0.4651639344262295,0.4753329918032787,0.5074941451990632,0.096311475409836,0.4754098360655738
US Airlines,seamless,9.0,2,0.3326012832571889,0.006911784466541207,0.3958333333333333,0.4487704918032787,0.478899652260308,0.4921311475409836,0.0532786885245901,0.4795081967213115
US Airlines,seamless,9.0,3,0.33496119994625095,0.007218321687718309,0.3975409836065574,0.45765027322404367,0.47616120218579233,0.4855047454702329,0.0594262295081967,0.4426229508196722
US Airlines,seamless,9.0,4,0.3316480784735287,0.007789404729911263,0.3934426229508196,0.4464285714285714,0.47776639344262295,0.4814063848144952,0.0942622950819672,0.4426229508196722
US Airlines,seamless,9.0,5,0.3363217213114754,0.00586199946251003,0.3913934426229508,0.464207650273224,0.49836065573770494,0.5019979508196721,0.0286885245901639,0.5020491803278688
US Airlines,seamless,9.0,6,0.3366996439129266,0.007033559527008821,0.3934426229508196,0.46497764530551416,0.5001669702489374,0.5020188221007893,0.0491803278688524,0.4077868852459017
US Airlines,seamless,9.0,7,0.33721613813490997,0.006634641225476976,0.3934426229508196,0.4694850320741269,0.48982240437158464,0.5111338797814208,0.0901639344262295,0.4713114754098361
US Airlines,seamless,9.0,8,0.33407098226283255,0.007247715667831183,0.3944672131147541,0.4546769527483124,0.4844262295081967,0.48758538251366124,0.0614754098360655,0.4487704918032787
US Airlines,seamless,9.0,9,0.3364266998118785,0.0067438188658962145,0.3975409836065574,0.4681127548980408,0.4812295081967213,0.5022540983606557,0.0696721311475409,0.4692622950819672
US Airlines,seamless,9.0,10,0.33566665546895996,0.007125940607363561,0.3896857923497268,0.4651639344262295,0.47834699453551915,0.5006659836065573,0.0799180327868852,0.4754098360655738
US Airlines,seamless,9.0,11,0.33787120397742537,0.006949576726686327,0.3934426229508196,0.4733606557377049,0.49184426229508194,0.500785519125683,0.110655737704918,0.4774590163934426
US Airlines,seamless,9.0,12,0.3339324106423004,0.006349099704380498,0.3903688524590164,0.4619970193740685,0.4720843091334895,0.4746926229508197,0.0471311475409836,0.4651639344262295
US Airlines,seamless,9.0,13,0.33635111529158823,0.006424684224670735,0.3948087431693989,0.4595286885245901,0.481608606557377,0.495030737704918,0.0717213114754098,0.4795081967213115
US Airlines,seamless,9.0,14,0.3349989922063961,0.006252519484009626,0.3949795081967213,0.46027742749054223,0.48024854574299314,0.4961065573770492,0.0491803278688524,0.4815573770491803
US Airlines,seamless,9.0,15,0.33184123891427036,0.0077390150497177665,0.3913934426229508,0.4501793032786885,0.4689227166276347,0.4943989071038251,0.0696721311475409,0.4692622950819672
US Airlines,seamless,9.0,16,0.33585141762966936,0.006815204246170333,0.3934426229508196,0.4682377049180328,0.4786350677120456,0.49216757741347905,0.0532786885245901,0.4733606557377049
US Airlines,seamless,9.0,17,0.3361117643106692,0.006042562483203392,0.3975409836065574,0.4585040983606557,0.4899274905422446,0.49402810304449646,0.0286885245901639,0.4405737704918033
US Airlines,seamless,9.0,18,0.33297920585864016,0.007718019349637149,0.3934426229508196,0.4499414519906323,0.4848946135831382,0.489405737704918,0.0614754098360655,0.430327868852459
US Airlines,seamless,9.0,19,0.33389461838215534,0.0074366769685567935,0.3862704918032787,0.4632723833543505,0.4769413287316652,0.48966302367941705,0.1024590163934426,0.4651639344262295
US Airlines,seamless,9.0,20,0.3343649220639613,0.007713820209621029,0.3954918032786885,0.4599884405212274,0.47299635701275045,0.490061475409836,0.1557377049180328,0.4610655737704918
US Airlines,seamless,9.0,21,0.33973562214458486,0.006046761623219522,0.3954918032786885,0.4733606557377049,0.49642674180327867,0.4985655737704918,0.0860655737704918,0.4938524590163934
US Airlines,seamless,9.0,22,0.33327314565976884,0.0074618718086535436,0.3954918032786885,0.45584504293520683,0.460983606557377,0.510480093676815,0.0901639344262295,0.4610655737704918
US Airlines,seamless,9.0,23,0.33436492206396123,0.007495464928782541,0.3975409836065574,0.45753148016155853,0.4715846994535519,0.5072014051522249,0.1209016393442623,0.4590163934426229
US Airlines,seamless,9.0,24,0.3342389478634776,0.006508667024993235,0.3975409836065574,0.46454918032786885,0.47073575331772055,0.4821721311475409,0.0573770491803278,0.4713114754098361
US Airlines,seamless,9.0,25,0.3335880811609782,0.0068110051061542115,0.3944672131147541,0.4619763205828779,0.4805514157973174,0.485,0.0471311475409836,0.4139344262295082
US Airlines,seamless,9.0,26,0.33533072426766997,0.006882390486428333,0.3924180327868852,0.4588301043219076,0.4771311475409836,0.48713114754098363,0.0594262295081967,0.4590163934426229
US Airlines,seamless,9.0,27,0.3357590365493147,0.0074492743886051685,0.3968579234972678,0.46008977361436376,0.4817465321563682,0.4996413934426229,0.1270491803278688,0.4610655737704918
US Airlines,seamless,9.0,28,0.33788380139747376,0.005899791722655151,0.3934426229508196,0.4723360655737705,0.49146795827123696,0.5071907600596125,0.0696721311475409,0.4795081967213115
US Airlines,seamless,9.0,29,0.33373085192152646,0.006622043805428603,0.3954918032786885,0.4601092896174863,0.4705819672131148,0.49293032786885244,0.0573770491803278,0.4713114754098361
US Airlines,seamless,9.0,30,0.3363889075517334,0.006966373286750822,0.3903688524590164,0.4715391621129326,0.4778688524590164,0.4906420765027322,0.1024590163934426,0.4754098360655738
US Airlines,seamless,9.0,31,0.33669544477291047,0.0063868919645256195,0.3913934426229508,0.4651639344262295,0.4815275707898658,0.5038375558867363,0.0922131147540983,0.4815573770491803
US Airlines,seamless,9.0,32,0.33618314969094326,0.007470270088685792,0.39822404371584696,0.4638737097753491,0.47622950819672133,0.5001366120218579,0.0778688524590164,0.4692622950819672
US Airlines,seamless,9.0,33,0.3328154393980113,0.006886589626444457,0.389344262295082,0.4560357675111773,0.47298234552332913,0.4838114754098361,0.0614754098360655,0.4569672131147541
US Airlines,seamless,9.0,34,0.3400505576457941,0.006319705724267622,0.3944672131147541,0.4736885245901639,0.5025573770491804,0.5060109289617487,0.0491803278688524,0.5040983606557378
US Airlines,seamless,9.0,35,0.33624193765116905,0.006420485084654615,0.3954918032786885,0.4631147540983606,0.48683970856102005,0.49791178766588606,0.0348360655737704,0.4979508196721312
US Airlines,seamless,9.0,36,0.3330589895189465,0.006832000806234834,0.3939549180327868,0.4562158469945355,0.4706967213114754,0.5010432190760059,0.0799180327868852,0.4692622950819672
US Airlines,seamless,9.0,37,0.33377284332168766,0.006529662725073857,0.3920765027322404,0.4579918032786885,0.48278688524590163,0.49561234329797493,0.0471311475409836,0.4323770491803279
US Airlines,seamless,9.0,38,0.3409323770491803,0.005899791722655154,0.3934426229508196,0.4774590163934426,0.5031420765027322,0.5224863387978143,0.0389344262295082,0.485655737704918
US Airlines,seamless,9.0,39,0.332739854877721,0.007201525127653808,0.3872950819672131,0.45000650533437414,0.47607187894073144,0.4951112412177986,0.1270491803278688,0.4508196721311475
US Airlines,seamless,9.0,40,0.335061979306638,0.006743818865896219,0.3954918032786885,0.46489071038251367,0.48834016393442625,0.4915642076502732,0.0983606557377049,0.4713114754098361
US Airlines,seamless,9.0,41,0.3343019349637194,0.006794208546089714,0.3934426229508196,0.4579918032786885,0.4787816691505216,0.490061475409836,0.0450819672131147,0.4467213114754098
US Airlines,seamless,9.0,42,0.3365148817522171,0.00613494356355814,0.3934426229508196,0.4672131147540984,0.4741608118657299,0.49285063752276864,0.0737704918032786,0.4733606557377049
US Airlines,seamless,9.0,43,0.33613276001074976,0.007331698468153675,0.3934426229508196,0.45632684426229503,0.48809612518628914,0.49904371584699453,0.0614754098360655,0.4549180327868852
US Airlines,seamless,9.0,44,0.33580522708949206,0.005916588282719649,0.3975409836065574,0.4667008196721312,0.4859016393442623,0.4892271662763466,0.0348360655737704,0.4692622950819672
US Airlines,seamless,9.0,45,0.3336174751410911,0.006433082504702989,0.3954918032786885,0.4617974238875878,0.4789617486338798,0.4892729864575909,0.0368852459016393,0.4631147540983606
US Airlines,seamless,9.0,46,0.33828691883902173,0.006773212846009092,0.39275956284153,0.4715676229508197,0.4909380692167577,0.5077868852459017,0.0696721311475409,0.4774590163934426
US Airlines,seamless,9.0,47,0.335061979306638,0.006454078204783612,0.39275956284153,0.4579918032786885,0.4829149590163935,0.4870901639344262,0.0614754098360655,0.4836065573770492
US Airlines,seamless,9.0,48,0.335229944907283,0.0061181470034936385,0.3960040983606557,0.463163544106167,0.47409836065573774,0.4769945355191257,0.0594262295081967,0.4651639344262295
US Airlines,seamless,9.0,49,0.33654427573233003,0.00693278016662183,0.3975409836065574,0.45677659168890583,0.48645964691046656,0.504405737704918,0.0696721311475409,0.4569672131147541
US Airlines,seamless,9.0,50,0.33591860386992745,0.005916588282719652,0.3913934426229508,0.46460506706408344,0.49016393442622946,0.4969398907103825,0.0368852459016393,0.4651639344262295
US Airlines,seamless,9.0,51,0.33698098629400697,0.006029965063155019,0.3954918032786885,0.46487119437939106,0.49213627049180325,0.4936987704918032,0.0389344262295082,0.4938524590163934
US Airlines,seamless,9.0,52,0.33462106960494487,0.00695377586670245,0.3954918032786885,0.46169609079445145,0.4757611241217799,0.4915983606557377,0.0881147540983606,0.4713114754098361
US Airlines,seamless,9.0,53,0.3361495565708143,0.006407887664606241,0.3934426229508196,0.46597506830601093,0.4825591985428051,0.5018852459016393,0.0614754098360655,0.4672131147540984
US Airlines,seamless,9.0,54,0.33589340902983067,0.007596244289169536,0.3924180327868852,0.4618462138953942,0.4709331651954603,0.5128415300546448,0.1434426229508197,0.4631147540983606
US Airlines,seamless,9.0,55,0.3340121943026068,0.007054555227089448,0.3954918032786885,0.4618852459016393,0.48447745901639344,0.49111168032786884,0.0471311475409836,0.430327868852459
US Airlines,seamless,9.0,56,0.33759825987637726,0.006798407686105837,0.3954918032786885,0.4678741406663141,0.48874156219864995,0.5058287795992714,0.0532786885245901,0.4692622950819672
US Airlines,seamless,9.0,57,0.3343649220639613,0.006155939263638759,0.39412568306010926,0.4583333333333333,0.4822233606557377,0.4866120218579235,0.0368852459016393,0.4774590163934426
US Airlines,seamless,9.0,58,0.33562046492878256,0.006920182746573456,0.3920765027322404,0.46948185011709603,0.4802459016393443,0.49241803278688523,0.1004098360655737,0.4713114754098361
US Airlines,seamless,9.0,59,0.3349528016662187,0.006777411986025215,0.3924180327868852,0.46302565930149675,0.47237704918032786,0.49600409836065573,0.0901639344262295,0.4692622950819672
US Airlines,seamless,9.0,60,0.33616215399086263,0.006504467884977111,0.3913934426229508,0.46648126463700235,0.4825189155107188,0.49631147540983606,0.0512295081967213,0.4836065573770492
US Airlines,seamless,9.0,61,0.3321645726955119,0.007642434829346905,0.3948087431693989,0.4479578858111928,0.4721311475409836,0.5004098360655738,0.110655737704918,0.4487704918032787
US Airlines,seamless,9.0,62,0.3388244087610857,0.006071956463316264,0.39822404371584696,0.4675546448087432,0.4983021077283373,0.5122040072859746,0.0368852459016393,0.4692622950819672
US Airlines,seamless,9.0,63,0.3373757054555227,0.006353298844396622,0.3954918032786885,0.46608606557377047,0.48322404371584704,0.49579918032786885,0.0491803278688524,0.4795081967213115
US Airlines,seamless,9.0,64,0.3343817186240258,0.006441480784735239,0.3896857923497268,0.46045081967213114,0.4788934426229508,0.4913561847988077,0.0430327868852459,0.4774590163934426
US Airlines,seamless,9.0,65,0.33288262563826926,0.007428278688524546,0.3934426229508196,0.454702329594478,0.4851775956284153,0.49166666666666664,0.0471311475409836,0.4098360655737705
US Airlines,seamless,9.0,66,0.33702717683418437,0.006185333243751631,0.3975409836065574,0.46795827123695977,0.4821475409836065,0.4864513018322083,0.0471311475409836,0.4836065573770492
US Airlines,seamless,9.0,67,0.33555747782854073,0.005845202902445529,0.3934426229508196,0.4667008196721312,0.4798994038748137,0.48836065573770493,0.026639344262295,0.4323770491803279
US Airlines,seamless,9.0,68,0.3346756584251545,0.008410877452297724,0.3975409836065574,0.45623536299765804,0.4796528447444552,0.49694485842026825,0.0778688524590164,0.4426229508196722
US Airlines,seamless,9.0,69,0.33222336065573765,0.006722823165815595,0.39275956284153,0.4540700960994912,0.4644932935916542,0.489207650273224,0.0696721311475409,0.4590163934426229
US Airlines,seamless,9.0,70,0.334625268744961,0.006286112604138625,0.39617486338797814,0.45833333333333326,0.47108722548716364,0.48442622950819675,0.0573770491803278,0.4713114754098361
US Airlines,seamless,9.0,71,0.336813020693362,0.007361092448266545,0.3954918032786885,0.4636270491803278,0.4914754098360656,0.5126229508196722,0.0573770491803278,0.4774590163934426
US Airlines,seamless,9.0,72,0.33623773851115296,0.006118147003493637,0.3944672131147541,0.4674541947926712,0.48111028315946347,0.4951844262295082,0.0286885245901639,0.4569672131147541
US Airlines,seamless,9.0,73,0.33284903251814024,0.006323904864283747,0.3913934426229508,0.4553909205548549,0.47516037063435496,0.49163934426229505,0.0512295081967213,0.4713114754098361
US Airlines,seamless,9.0,74,0.3351207672668638,0.005979575382961523,0.3944672131147541,0.46413934426229503,0.47668032786885245,0.4890983606557377,0.0696721311475409,0.4692622950819672
US Airlines,seamless,9.0,75,0.3352509406073636,0.006907585326525079,0.3954918032786885,0.4672131147540984,0.4760059612518629,0.4894028103044496,0.0840163934426229,0.4692622950819672
US Airlines,seamless,9.0,76,0.33577163396936305,0.007629837409298532,0.3975409836065574,0.4639455028799291,0.47749627421758567,0.49631147540983606,0.0840163934426229,0.4692622950819672
US Airlines,seamless,9.0,77,0.3353391225477022,0.006126545283525887,0.389344262295082,0.4652398299939283,0.4821721311475409,0.5004439890710383,0.0389344262295082,0.4692622950819672
US Airlines,seamless,9.0,78,0.3356540580489115,0.007617239989250152,0.3944672131147541,0.46648126463700235,0.48475409836065575,0.4997950819672131,0.0696721311475409,0.4713114754098361
US Airlines,seamless,9.0,79,0.33655687315237837,0.005736025262026288,0.38866120218579236,0.45450819672131143,0.48848733233979136,0.5147782063645131,0.0491803278688524,0.4795081967213115
US Airlines,seamless,9.0,80,0.33657786885245905,0.006147540983606512,0.3944672131147541,0.4628220140515222,0.48176229508196716,0.5074453551912569,0.0471311475409836,0.4795081967213115
US Airlines,seamless,9.0,81,0.33510816984681535,0.006983169846815327,0.3924180327868852,0.46584699453551914,0.48196721311475405,0.48729508196721316,0.1168032786885246,0.4692622950819672
US Airlines,seamless,9.0,82,0.334083579682881,0.00685299650631546,0.3954918032786885,0.455503512880562,0.4747950819672131,0.4914845173041894,0.0901639344262295,0.4733606557377049
US Airlines,seamless,9.0,83,0.33410037624294536,0.007659231389411403,0.3924180327868852,0.459933936873012,0.4684426229508197,0.49815573770491806,0.1168032786885246,0.4610655737704918
US Airlines,seamless,9.0,84,0.33496539908626716,0.006235722923945131,0.39617486338797814,0.45855067064083455,0.47622950819672133,0.49907786885245903,0.0286885245901639,0.4590163934426229
US Airlines,seamless,9.0,85,0.33435232464391296,0.006374294544477244,0.3944672131147541,0.4620901639344262,0.4748633879781421,0.4852459016393442,0.1045081967213114,0.4692622950819672
US Airlines,seamless,9.0,86,0.33585561676968556,0.006999966406879819,0.3872950819672131,0.4600409836065573,0.48616393442622946,0.4972336065573771,0.0471311475409836,0.4877049180327869
US Airlines,seamless,9.0,87,0.33600258667024996,0.006185333243751635,0.3920765027322404,0.46789617486338797,0.47795081967213116,0.4921106557377049,0.0922131147540983,0.4774590163934426
US Airlines,seamless,9.0,88,0.3328658290782048,0.007768409029830647,0.3920765027322404,0.45947176684881597,0.4747723132969035,0.5027224824355971,0.0778688524590164,0.4672131147540984
US Airlines,seamless,9.0,89,0.3360361797903789,0.0061895323837677565,0.3985655737704918,0.46270491803278685,0.4865925058548009,0.49631147540983606,0.0512295081967213,0.4795081967213115
US Airlines,seamless,9.0,90,0.3364015049717818,0.006970572426766951,0.389344262295082,0.47139344262295085,0.48985655737704914,0.49372205663189267,0.1004098360655737,0.4733606557377049
US Airlines,seamless,9.0,91,0.3360025866702499,0.0065968489653318516,0.389344262295082,0.4694199243379571,0.4822295081967213,0.495030737704918,0.1127049180327868,0.4713114754098361
US Airlines,seamless,9.0,92,0.3372539303950551,0.006277714324106377,0.3975409836065574,0.46224385245901634,0.47850637522768674,0.4997267759562841,0.0696721311475409,0.4631147540983606
US Airlines,seamless,9.0,93,0.33440691346412255,0.006693429185702721,0.3968579234972678,0.45685122177544074,0.4712060889929743,0.4851288056206089,0.0881147540983606,0.4569672131147541
US Airlines,seamless,9.0,94,0.3359563961300725,0.006836199946250964,0.39412568306010926,0.4590163934426229,0.4810304449648712,0.5076331967213115,0.110655737704918,0.4672131147540984
US Airlines,seamless,9.0,95,0.333949207202365,0.006101350443429139,0.39275956284153,0.46072404371584696,0.4791569086651054,0.4869877049180328,0.0471311475409836,0.4200819672131147
US Airlines,seamless,9.0,96,0.33356288632088144,0.006739619725880093,0.3954918032786885,0.4520095187731359,0.4771570319240725,0.5009562841530054,0.0655737704918032,0.4528688524590164
US Airlines,seamless,9.0,97,0.33655687315237837,0.0068613947863477125,0.3954918032786885,0.4586504683840749,0.49016393442622946,0.5107302533532042,0.0594262295081967,0.4651639344262295
US Airlines,seamless,9.0,98,0.3381231523783929,0.006869793066379956,0.3924180327868852,0.46592289010321797,0.49603106125970664,0.5012295081967213,0.0450819672131147,0.4672131147540984
US Airlines,seamless,9.0,99,0.3364812886320881,0.006386891964525616,0.3913934426229508,0.4676585887384177,0.4792062122519414,0.4987704918032787,0.0717213114754098,0.4774590163934426
US Airlines,seamless,9.0,100,0.3385724603601183,0.006936979306637956,0.3975409836065574,0.4610655737704918,0.49797033567525373,0.5006706408345752,0.0758196721311475,0.4610655737704918
US Airlines,seamless,10.0,1,0.3337980381617845,0.0068445982262832095,0.389344262295082,0.45560109289617484,0.48088797814207646,0.48741562198649957,0.0512295081967213,0.4815573770491803
US Airlines,seamless,10.0,2,0.3320343993550121,0.007310702768073051,0.39617486338797814,0.4469489981785063,0.4769595286885246,0.4811790668348045,0.0922131147540983,0.4405737704918033
US Airlines,seamless,10.0,3,0.33418015990325184,0.006911784466541203,0.3954918032786885,0.46421815889029,0.47100949094046596,0.49118852459016393,0.0635245901639344,0.4672131147540984
US Airlines,seamless,10.0,4,0.3326264780972857,0.007911179790378886,0.3948087431693989,0.4504098360655737,0.48220746184284907,0.4894808743169398,0.0614754098360655,0.430327868852459
US Airlines,seamless,10.0,5,0.3360907686105885,0.006235722923945126,0.3954918032786885,0.45822824716267335,0.4930012610340479,0.49918032786885247,0.0348360655737704,0.4651639344262295
US Airlines,seamless,10.0,6,0.3353013302875571,0.007390486428379422,0.3903688524590164,0.4581699928724162,0.4909380692167577,0.5029508196721312,0.0922131147540983,0.4590163934426229
US Airlines,seamless,10.0,7,0.3354944907282988,0.006538061005106104,0.3913934426229508,0.4622799028536733,0.47953096539162116,0.4890368852459016,0.0512295081967213,0.4631147540983606
US Airlines,seamless,10.0,8,0.33866064230045684,0.006256718624025751,0.3995901639344262,0.4702080706179067,0.4887551229508197,0.5154456967213115,0.0327868852459016,0.485655737704918
US Airlines,seamless,10.0,9,0.33272305831765653,0.006676632625638224,0.3934426229508196,0.45628415300546443,0.4729330007127584,0.5046252927400469,0.0450819672131147,0.4631147540983606
US Airlines,seamless,10.0,10,0.33634691615157214,0.006168536683687134,0.3954918032786885,0.4694672131147541,0.48319672131147545,0.49626593806921676,0.0614754098360655,0.4836065573770492
US Airlines,seamless,10.0,11,0.3374512899758129,0.007885984950282131,0.3948087431693989,0.46687158469945356,0.4955737704918033,0.5059426229508197,0.1086065573770491,0.4713114754098361
US Airlines,seamless,10.0,12,0.3331009809191078,0.006412086804622367,0.389344262295082,0.4619193989071038,0.4756830601092896,0.4785128805620609,0.0676229508196721,0.4733606557377049
US Airlines,seamless,10.0,13,0.3337182545014781,0.007781006449879018,0.3934426229508196,0.4569672131147541,0.48274134790528234,0.5109016393442622,0.0655737704918032,0.4590163934426229
US Airlines,seamless,10.0,14,0.33794678849771564,0.006542260145122231,0.3975409836065574,0.4651639344262295,0.48606557377049175,0.5031147540983607,0.0532786885245901,0.4631147540983606
US Airlines,seamless,10.0,15,0.33498219564633164,0.007134338887395817,0.3924180327868852,0.4578210382513661,0.4765468006345849,0.5016393442622951,0.0614754098360655,0.4774590163934426
US Airlines,seamless,10.0,16,0.3362545350712174,0.0061559392636387576,0.3949795081967213,0.46048009367681497,0.48415300546448087,0.4976900149031297,0.0430327868852459,0.4815573770491803
US Airlines,seamless,10.0,17,0.3363007256113948,0.00654645928513836,0.3913934426229508,0.4567622950819672,0.4907494145199063,0.49730679156908664,0.0594262295081967,0.4549180327868852
US Airlines,seamless,10.0,18,0.33254249529696317,0.007344295888202049,0.3934426229508196,0.45769045323047247,0.47013018322082933,0.4841393442622951,0.1331967213114754,0.4590163934426229
US Airlines,seamless,10.0,19,0.33580102794947597,0.006538061005106108,0.3995901639344262,0.467652224824356,0.47925598991172763,0.48519125683060105,0.0819672131147541,0.4692622950819672
US Airlines,seamless,10.0,20,0.3334873018005913,0.006815204246170336,0.389344262295082,0.452576112412178,0.4787644201578628,0.48536644165863063,0.0512295081967213,0.4795081967213115
US Airlines,seamless,10.0,21,0.33423474872346143,0.007432477828540668,0.3944672131147541,0.45972677595628414,0.474344262295082,0.4852459016393442,0.1209016393442623,0.4610655737704918
US Airlines,seamless,10.0,22,0.33391981322225206,0.007365291588282672,0.3985655737704918,0.4505269320843091,0.47936825269892047,0.4835692995529061,0.0799180327868852,0.4795081967213115
US Airlines,seamless,10.0,23,0.3357968288094598,0.006088753023380763,0.3954918032786885,0.4631750241080038,0.47885928961748636,0.4989168618266979,0.0655737704918032,0.4651639344262295
US Airlines,seamless,10.0,24,0.3341885581832841,0.00671862402579947,0.39275956284153,0.45711715313874446,0.47858606557377054,0.49221311475409835,0.0532786885245901,0.4590163934426229
US Airlines,seamless,10.0,25,0.3364518946519753,0.006966373286750829,0.3924180327868852,0.4641393442622951,0.4882950819672131,0.4965676229508197,0.0860655737704918,0.4651639344262295
US Airlines,seamless,10.0,26,0.3365148817522171,0.0063281040042998775,0.389344262295082,0.4585040983606557,0.4941046658259773,0.5043505674653216,0.0512295081967213,0.4959016393442623
US Airlines,seamless,10.0,27,0.3364896869121204,0.007344295888202052,0.3975409836065574,0.4569672131147541,0.4921618852459016,0.5004098360655738,0.0614754098360655,0.430327868852459
US Airlines,seamless,10.0,28,0.33513336468691207,0.006752217145928467,0.3965163934426229,0.458858764186633,0.4806206088992974,0.4952682563338301,0.0655737704918032,0.4467213114754098
US Airlines,seamless,10.0,29,0.3349360051061543,0.007436676968556795,0.3954918032786885,0.4542709232096635,0.4826844262295082,0.5049180327868853,0.0573770491803278,0.4528688524590164
US Airlines,seamless,10.0,30,0.3362629333512496,0.005950181402848649,0.3949795081967213,0.45989461358313816,0.49036885245901635,0.5092440801457195,0.0348360655737704,0.4918032786885246
US Airlines,seamless,10.0,31,0.33699358371405536,0.006437281644719112,0.3954918032786885,0.45969945355191255,0.48540983606557375,0.49686768149882904,0.0778688524590164,0.485655737704918
US Airlines,seamless,10.0,32,0.334423710024187,0.006227324643912881,0.389344262295082,0.4508196721311475,0.488422131147541,0.5053278688524591,0.0512295081967213,0.4897540983606557
US Airlines,seamless,10.0,33,0.33421795216339695,0.0067312214458478455,0.389344262295082,0.46147540983606555,0.478397673188789,0.48466042154566746,0.055327868852459,0.4795081967213115
US Airlines,seamless,10.0,34,0.33718674415479705,0.006000571083042146,0.3954918032786885,0.46469821162444114,0.48300756620428753,0.506056466302368,0.0635245901639344,0.4651639344262295
US Airlines,seamless,10.0,35,0.3371111596345069,0.006508667024993237,0.3975409836065574,0.46053864168618264,0.487970106075217,0.4930327868852459,0.0635245901639344,0.4610655737704918
US Airlines,seamless,10.0,36,0.3394836737436173,0.0063826928245094925,0.3920765027322404,0.4754098360655738,0.4987704918032787,0.5017903364969801,0.0737704918032786,0.4877049180327869
US Airlines,seamless,10.0,37,0.33606557377049173,0.006697628325718845,0.3954918032786885,0.4659016393442623,0.47640769779044906,0.5002049180327869,0.0717213114754098,0.4754098360655738
US Airlines,seamless,10.0,38,0.3369179991937651,0.006290311744154751,0.3975409836065574,0.4672131147540984,0.48305035128805623,0.4949648711943794,0.0840163934426229,0.4815573770491803
US Airlines,seamless,10.0,39,0.33235773313625366,0.0068194033861864595,0.3965163934426229,0.45568647540983603,0.4723037100949094,0.4918978562421185,0.0594262295081967,0.4426229508196722
US Airlines,seamless,10.0,40,0.33794678849771564,0.006651437785541472,0.3965163934426229,0.47374487704918034,0.4848609041231992,0.5007611241217799,0.040983606557377,0.4815573770491803
US Airlines,seamless,10.0,41,0.3360781711905401,0.006214727223864506,0.3954918032786885,0.4614381520119225,0.4901092896174863,0.491775956284153,0.0471311475409836,0.4344262295081967
US Airlines,seamless,10.0,42,0.3344531040042999,0.006050960763235641,0.3929303278688524,0.46171268334771354,0.47310109289617486,0.5024590163934426,0.0368852459016393,0.4733606557377049
US Airlines,seamless,10.0,43,0.33462106960494487,0.006349099704380493,0.3913934426229508,0.4567622950819672,0.4772736143637783,0.48726946721311476,0.0799180327868852,0.4774590163934426
US Airlines,seamless,10.0,44,0.33357968288094597,0.00715953372749256,0.3903688524590164,0.4610655737704918,0.47952395964691047,0.48144703656998733,0.0799180327868852,0.4733606557377049
US Airlines,seamless,10.0,45,0.33437332034399353,0.007260313087879552,0.3939549180327868,0.4543417008196721,0.4857626514611546,0.4908196721311475,0.1004098360655737,0.4549180327868852
US Airlines,seamless,10.0,46,0.3396306436441816,0.006126545283525887,0.3948087431693989,0.4716042154566745,0.49474043715846994,0.520594262295082,0.0655737704918032,0.4795081967213115
US Airlines,seamless,10.0,47,0.33380643644181673,0.007369490728298801,0.389344262295082,0.45273874577153267,0.4702545297670406,0.48817330210772836,0.125,0.4528688524590164
US Airlines,seamless,10.0,48,0.3347722386455254,0.007873387530233759,0.3944672131147541,0.4549180327868852,0.4836407103825137,0.49344262295081964,0.096311475409836,0.4733606557377049
US Airlines,seamless,10.0,49,0.33416756248320345,0.006945377586670206,0.3965163934426229,0.45983606557377044,0.46873536299765806,0.503620218579235,0.096311475409836,0.4610655737704918
US Airlines,seamless,10.0,50,0.3363553144316044,0.006071956463316265,0.3934426229508196,0.4620901639344262,0.4911657559198543,0.5052766393442624,0.0450819672131147,0.4692622950819672
US Airlines,seamless,10.0,51,0.33610756517065304,0.0062441212039773784,0.3954918032786885,0.46434426229508197,0.48387978142076504,0.49918032786885247,0.0512295081967213,0.4733606557377049
US Airlines,seamless,10.0,52,0.33558687180865354,0.006445679924751363,0.39822404371584696,0.4626418663303909,0.48632441760138045,0.49338797814207647,0.0573770491803278,0.4754098360655738
US Airlines,seamless,10.0,53,0.3307956530502553,0.007461871808653542,0.3934426229508196,0.45314828614008945,0.46945013661202184,0.4865437158469945,0.0594262295081967,0.4405737704918033
US Airlines,seamless,10.0,54,0.33792579279763496,0.006433082504702993,0.3954918032786885,0.4677985948477752,0.4893247462919594,0.49553494391716996,0.0778688524590164,0.4897540983606557
US Airlines,seamless,10.0,55,0.33547769416823436,0.0063323031443159985,0.3954918032786885,0.4653688524590164,0.48813114754098363,0.4931498829039812,0.0594262295081967,0.4815573770491803
US Airlines,seamless,10.0,56,0.33587661246976613,0.006903386186508957,0.3920765027322404,0.4641393442622951,0.4785792349726776,0.5034836065573771,0.0676229508196721,0.4713114754098361
US Airlines,seamless,10.0,57,0.33363007256113947,0.006437281644719113,0.3975409836065574,0.4538934426229508,0.47509836065573774,0.4773286140089419,0.040983606557377,0.4774590163934426
US Airlines,seamless,10.0,58,0.33224855549583443,0.007075550927170068,0.3995901639344262,0.4519808743169399,0.4723114754098361,0.4808287795992714,0.055327868852459,0.4528688524590164
US Airlines,seamless,10.0,59,0.3354524993281376,0.006067757323300143,0.3975409836065574,0.4605532786885246,0.4848565573770492,0.4931622088006902,0.0368852459016393,0.485655737704918
US Airlines,seamless,10.0,60,0.33646029293200747,0.00647087476484811,0.3934426229508196,0.4636270491803278,0.4876024590163935,0.4957506471095772,0.0512295081967213,0.4733606557377049
US Airlines,seamless,10.0,61,0.3396264445041655,0.005731826122010165,0.3954918032786885,0.4667577413479053,0.5069945355191257,0.5133424408014573,0.0348360655737704,0.4549180327868852
US Airlines,seamless,10.0,62,0.3384716809997312,0.0058871943026067765,0.3944672131147541,0.4689207650273224,0.5007940573770492,0.5056729939603106,0.055327868852459,0.4774590163934426
US Airlines,seamless,10.0,63,0.33700198199408754,0.007222520827734432,0.3934426229508196,0.4637829650748396,0.4862704918032787,0.5019467213114753,0.0799180327868852,0.4651639344262295
US Airlines,seamless,10.0,64,0.336678648212846,0.006277714324106374,0.39617486338797814,0.4738729508196721,0.4835202761000863,0.5018284993694829,0.0471311475409836,0.4200819672131147
US Airlines,seamless,10.0,65,0.3350493818865896,0.006172735823703259,0.3852459016393443,0.4568533697632058,0.483422131147541,0.501036644165863,0.0471311475409836,0.4282786885245901
US Airlines,seamless,10.0,66,0.33644769551195913,0.006420485084654615,0.3913934426229508,0.4669458303635068,0.48483606557377046,0.5014754098360655,0.0737704918032786,0.4692622950819672
US Airlines,seamless,10.0,67,0.3331933619994625,0.006802606826121967,0.3944672131147541,0.4590163934426229,0.4747853239656519,0.49051522248243556,0.0717213114754098,0.4754098360655738
US Airlines,seamless,10.0,68,0.33814414807847354,0.006748018005912343,0.3948087431693989,0.46507483962936563,0.48319672131147545,0.5079378774805867,0.0758196721311475,0.4836065573770492
US Airlines,seamless,10.0,69,0.33433972722386457,0.006882390486428332,0.39378415300546443,0.4614188807235726,0.4746383799421408,0.4981967213114754,0.0573770491803278,0.4631147540983606
US Airlines,seamless,10.0,70,0.3338610252620263,0.006957975006718578,0.3913934426229508,0.4537226775956284,0.4859408410548824,0.48959016393442617,0.0717213114754098,0.4754098360655738
US Airlines,seamless,10.0,71,0.3335250940607364,0.007356893308250428,0.3913934426229508,0.4626878415300546,0.4796973518284994,0.4997267759562841,0.1065573770491803,0.4651639344262295
US Airlines,seamless,10.0,72,0.3347764377855415,0.008444470572426723,0.3954918032786885,0.45840163934426226,0.484733606557377,0.5059426229508197,0.1127049180327868,0.4651639344262295
US Airlines,seamless,10.0,73,0.3330211972588014,0.007293906208008554,0.3975409836065574,0.45906296572280175,0.47358420268256335,0.49619970193740687,0.0881147540983606,0.4610655737704918
US Airlines,seamless,10.0,74,0.3349108102660575,0.006840399086267088,0.3965163934426229,0.462534797401794,0.4685655737704918,0.48422131147540987,0.0860655737704918,0.4631147540983606
US Airlines,seamless,10.0,75,0.33676683015318465,0.006832000806234837,0.3944672131147541,0.4723360655737705,0.4921944858420268,0.5008452868852459,0.055327868852459,0.4774590163934426
US Airlines,seamless,10.0,76,0.33580942622950816,0.008515855952700841,0.3975409836065574,0.45962755248777676,0.4899913718723037,0.5058287795992714,0.1127049180327868,0.4610655737704918
US Airlines,seamless,10.0,77,0.33478063692555765,0.006664035205589848,0.3872950819672131,0.45765027322404367,0.48572404371584693,0.5048360655737706,0.0348360655737704,0.4569672131147541
US Airlines,seamless,10.0,78,0.3359270021499597,0.0065086670249932315,0.389344262295082,0.47043325526932084,0.4772131147540984,0.49634562841530055,0.0737704918032786,0.4774590163934426
US Airlines,seamless,10.0,79,0.3333865224402043,0.006378493684493368,0.39617486338797814,0.45628415300546443,0.47274590163934427,0.4811475409836065,0.0696721311475409,0.4733606557377049
US Airlines,seamless,10.0,80,0.3367626310131685,0.0073065036280569266,0.3975409836065574,0.4667008196721312,0.4784426229508197,0.5125931445603578,0.0758196721311475,0.4733606557377049
US Airlines,seamless,10.0,81,0.333613276001075,0.006865593926363838,0.3924180327868852,0.4618296749096971,0.4757611241217799,0.4838114754098361,0.0983606557377049,0.4631147540983606
US Airlines,seamless,10.0,82,0.33622934023112067,0.006617844665412476,0.3954918032786885,0.47008196721311474,0.4793545081967213,0.4885928961748634,0.0594262295081967,0.4774590163934426
US Airlines,seamless,10.0,83,0.3335502889008331,0.007251914807847308,0.3965163934426229,0.4519906323185012,0.4691784649776453,0.4950819672131147,0.0737704918032786,0.4692622950819672
US Airlines,seamless,10.0,84,0.33765704783660305,0.006563255845202854,0.3965163934426229,0.4656762295081967,0.4854508196721311,0.5159836065573771,0.0512295081967213,0.4692622950819672
US Airlines,seamless,10.0,85,0.33872782854071487,0.006588450685299604,0.3975409836065574,0.4683255269320843,0.49527610008628126,0.501905737704918,0.0430327868852459,0.4692622950819672
US Airlines,seamless,10.0,86,0.33651908089223326,0.0071259406073635664,0.3929303278688524,0.4673076923076923,0.47295081967213115,0.5167008196721311,0.1024590163934426,0.4692622950819672
US Airlines,seamless,10.0,87,0.33255929185702765,0.007995162590701382,0.3954918032786885,0.4559426229508196,0.482172131147541,0.4856010928961748,0.0717213114754098,0.4569672131147541
US Airlines,seamless,10.0,88,0.3324081228164472,0.006428883364686864,0.38831967213114754,0.4528688524590164,0.47859094457455115,0.48452868852459013,0.0573770491803278,0.4795081967213115
US Airlines,seamless,10.0,89,0.3341171728030099,0.006852996506315457,0.3872950819672131,0.4617783321454027,0.48216237314597965,0.4942622950819672,0.0635245901639344,0.4754098360655738
US Airlines,seamless,10.0,90,0.33682561811341033,0.006139142703574262,0.3975409836065574,0.47043325526932084,0.4884687034277198,0.49710837887067394,0.0471311475409836,0.4795081967213115
US Airlines,seamless,10.0,91,0.33868583714055356,0.005853601182477779,0.3948087431693989,0.47404371584699456,0.490655737704918,0.5034016393442623,0.040983606557377,0.485655737704918
US Airlines,seamless,10.0,92,0.33333613276001073,0.00642468422467074,0.3917349726775956,0.4611387587822014,0.47941176470588237,0.48765938069216763,0.0471311475409836,0.4221311475409836
US Airlines,seamless,10.0,93,0.33470925154528347,0.007041957807041073,0.3975409836065574,0.45438346400570206,0.4785348360655738,0.4987704918032787,0.0860655737704918,0.4549180327868852
US Airlines,seamless,10.0,94,0.33606137463047564,0.006504467884977105,0.389344262295082,0.467469262295082,0.4813524590163934,0.49631147540983606,0.0614754098360655,0.4795081967213115
US Airlines,seamless,10.0,95,0.3351165681268476,0.006231523783929004,0.3965163934426229,0.4605532786885246,0.47117153138744505,0.4771122320302648,0.0430327868852459,0.4713114754098361
US Airlines,seamless,10.0,96,0.3355196855683956,0.007445075248589039,0.3965163934426229,0.4651639344262295,0.4861936475409836,0.5074941451990632,0.0573770491803278,0.4672131147540984
US Airlines,seamless,10.0,97,0.3344782988443966,0.0076046425692017795,0.3965163934426229,0.4585553278688524,0.4665983606557377,0.5174590163934426,0.0901639344262295,0.4631147540983606
US Airlines,seamless,10.0,98,0.33483102660575115,0.007638235689330778,0.39822404371584696,0.4586321721311475,0.47748463114754097,0.5045081967213115,0.1004098360655737,0.4651639344262295
US Airlines,seamless,10.0,99,0.3363973058317657,0.00580741064230041,0.3965163934426229,0.4686768149882904,0.4817809239940387,0.4873178506375228,0.0430327868852459,0.4733606557377049
US Airlines,seamless,10.0,100,0.33696838887395864,0.006328104004299874,0.3965163934426229,0.4590163934426229,0.48726946721311476,0.5062593144560358,0.055327868852459,0.4877049180327869
US Airlines,seamless,11.0,1,0.33483522574576724,0.006596848965331853,0.3965163934426229,0.45397225725094575,0.4819086651053864,0.49748975409836066,0.1045081967213114,0.4549180327868852
US Airlines,seamless,11.0,2,0.33152210427304485,0.007083949207202319,0.39617486338797814,0.44999999999999996,0.46801327088212336,0.4910860655737705,0.055327868852459,0.4467213114754098
US Airlines,seamless,11.0,3,0.335061979306638,0.006344900564364371,0.3954918032786885,0.4620901639344262,0.47627772420443587,0.49374999999999997,0.0799180327868852,0.4692622950819672
US Airlines,seamless,11.0,4,0.33566665546895996,0.006168536683687134,0.3934426229508196,0.456511839708561,0.48355688027819177,0.49467213114754094,0.0573770491803278,0.4836065573770492
US Airlines,seamless,11.0,5,0.33562046492878256,0.006609446385380226,0.3944672131147541,0.45689402810304447,0.48743169398907105,0.5033811475409836,0.0512295081967213,0.4569672131147541
US Airlines,seamless,11.0,6,0.33308838349905945,0.006840399086267087,0.3965163934426229,0.46232660781841106,0.4689964554718653,0.4787909836065574,0.0696721311475409,0.4651639344262295
US Airlines,seamless,11.0,7,0.33534752082773445,0.005861999462510031,0.3954918032786885,0.4615384615384615,0.48781183178902354,0.4935792349726775,0.0778688524590164,0.4774590163934426
US Airlines,seamless,11.0,8,0.33648128863208815,0.006382692824509494,0.3975409836065574,0.46857923497267756,0.4830849478390462,0.49553494391716996,0.1004098360655737,0.4713114754098361
US Airlines,seamless,11.0,9,0.3312407618919645,0.008268106691749485,0.38831967213114754,0.45905365126676595,0.47172131147540985,0.4829918032786885,0.110655737704918,0.4610655737704918
US Airlines,seamless,11.0,10,0.33215617441547973,0.006571654125235107,0.3913934426229508,0.4535860655737705,0.47796777840587906,0.4805737704918033,0.0471311475409836,0.4221311475409836
US Airlines,seamless,11.0,11,0.33618314969094326,0.006869793066379958,0.3975409836065574,0.46077283372365335,0.48845628415300546,0.5084016393442623,0.0676229508196721,0.4692622950819672
US Airlines,seamless,11.0,12,0.3327440540177372,0.006970572426766953,0.391051912568306,0.4593841950399327,0.46834016393442623,0.48713114754098363,0.0573770491803278,0.4610655737704918
US Airlines,seamless,11.0,13,0.3322611529158828,0.006466675624831989,0.3975409836065574,0.45435916542473914,0.4751891551071879,0.47941712204007286,0.055327868852459,0.4426229508196722
US Airlines,seamless,11.0,14,0.3355910709486697,0.007025161246976575,0.3954918032786885,0.46389954656435295,0.4768306010928962,0.4896370023419203,0.0860655737704918,0.4651639344262295
US Airlines,seamless,11.0,15,0.3348142300456866,0.006050960763235641,0.39412568306010926,0.4615295391277451,0.4700136612021858,0.49289617486338794,0.0819672131147541,0.4631147540983606
US Airlines,seamless,11.0,16,0.3354441010481053,0.006269316044074127,0.3934426229508196,0.4673062593144561,0.48504098360655734,0.48934426229508193,0.0491803278688524,0.485655737704918
US Airlines,seamless,11.0,17,0.3332269551195915,0.00659684896533185,0.3934426229508196,0.45051229508196716,0.4796311475409836,0.4828324225865209,0.0594262295081967,0.444672131147541
US Airlines,seamless,11.0,18,0.3321393778554152,0.0069747715667830765,0.3896857923497268,0.4600409836065573,0.4736916771752837,0.5021857923497267,0.0512295081967213,0.4754098360655738
US Airlines,seamless,11.0,19,0.3334705052405267,0.006769013705992968,0.3934426229508196,0.4610655737704918,0.47635991058122207,0.48926229508196717,0.0655737704918032,0.4631147540983606
US Airlines,seamless,11.0,20,0.3350829750067186,0.006596848965331857,0.3985655737704918,0.4592085040983606,0.4759142496847415,0.49402810304449646,0.0717213114754098,0.4754098360655738
US Airlines,seamless,11.0,21,0.33441951088417093,0.006416285944638493,0.3954918032786885,0.4610655737704918,0.4883196721311476,0.49467213114754094,0.055327868852459,0.4631147540983606
US Airlines,seamless,11.0,22,0.3355868718086536,0.006235722923945129,0.3965163934426229,0.4643620812544547,0.47740613432046536,0.48934426229508193,0.0491803278688524,0.4774590163934426
US Airlines,seamless,11.0,23,0.3331219766191884,0.007218321687718311,0.3954918032786885,0.4581967213114754,0.4775707898658718,0.48750000000000004,0.055327868852459,0.4590163934426229
US Airlines,seamless,11.0,24,0.33465466272507394,0.006382692824509496,0.3954918032786885,0.4576990632318501,0.48196721311475405,0.4956967213114754,0.0491803278688524,0.4836065573770492
US Airlines,seamless,11.0,25,0.3327734479978501,0.006672433485622098,0.3929303278688524,0.457498482088646,0.47217936354869816,0.47863729508196723,0.0594262295081967,0.4672131147540984
US Airlines,seamless,11.0,26,0.33332773447997843,0.007125940607363563,0.3934426229508196,0.4528688524590164,0.47126463700234195,0.48966302367941705,0.0676229508196721,0.4713114754098361
US Airlines,seamless,11.0,27,0.3357884305294276,0.0061223461435097595,0.39275956284153,0.46413934426229503,0.479344262295082,0.5010353753235548,0.0512295081967213,0.4692622950819672
US Airlines,seamless,11.0,28,0.3374092985756517,0.0059795753829615245,0.3948087431693989,0.468109631147541,0.4871779859484778,0.5089822404371585,0.0450819672131147,0.4713114754098361
US Airlines,seamless,11.0,29,0.3351837543671056,0.0062861126041386245,0.3995901639344262,0.458303635067712,0.4748281332628239,0.48312841530054645,0.0594262295081967,0.4754098360655738
US Airlines,seamless,11.0,30,0.3361663531308788,0.006050960763235641,0.3913934426229508,0.4683017418032787,0.4821174863387978,0.484672131147541,0.0696721311475409,0.4754098360655738
US Airlines,seamless,11.0,31,0.3339240123622682,0.006974771566783076,0.3934426229508196,0.45983606557377044,0.4754439890710383,0.4810214375788146,0.0778688524590164,0.4713114754098361
US Airlines,seamless,11.0,32,0.3363637127116366,0.006659836065573724,0.3944672131147541,0.4644262295081967,0.4846935138987883,0.4917447306791569,0.0532786885245901,0.4672131147540984
US Airlines,seamless,11.0,33,0.3332479508196721,0.0065380610051061095,0.389344262295082,0.46048009367681497,0.4764875531268974,0.4824453551912568,0.055327868852459,0.4713114754098361
US Airlines,seamless,11.0,34,0.33509977156678306,0.006995767266863696,0.3954918032786885,0.45712484237074397,0.4805901639344262,0.4991488020176545,0.0594262295081967,0.4549180327868852
US Airlines,seamless,11.0,35,0.3369641897339425,0.00639948938457399,0.39275956284153,0.47043325526932084,0.484733606557377,0.49221311475409835,0.0717213114754098,0.4754098360655738
US Airlines,seamless,11.0,36,0.3323241400161247,0.007310702768073052,0.3968579234972678,0.44999999999999996,0.48018032786885245,0.4872131147540984,0.0614754098360655,0.4323770491803279
US Airlines,seamless,11.0,37,0.3318412389142704,0.008654427573232957,0.389344262295082,0.4439890710382514,0.4777712724434036,0.4980737704918033,0.0942622950819672,0.4385245901639344
US Airlines,seamless,11.0,38,0.3361243617307175,0.005895592582639031,0.3944672131147541,0.46083788706739526,0.47850409836065577,0.5003805620608899,0.0389344262295082,0.4754098360655738
US Airlines,seamless,11.0,39,0.3328280368180596,0.00736109244826655,0.3968579234972678,0.45537340619307826,0.47543260473588345,0.4882969034608379,0.125,0.4569672131147541
US Airlines,seamless,11.0,40,0.33294561273851114,0.007583646869121155,0.3913934426229508,0.45212887067395263,0.48032786885245904,0.5054303278688524,0.0717213114754098,0.4528688524590164
US Airlines,seamless,11.0,41,0.3365232800322494,0.0072015251276538045,0.3924180327868852,0.46384660421545665,0.48199453551912563,0.5067622950819672,0.0696721311475409,0.4795081967213115
US Airlines,seamless,11.0,42,0.334524489384574,0.006206328943832257,0.3954918032786885,0.4549180327868852,0.47819672131147545,0.4987704918032787,0.040983606557377,0.4528688524590164
US Airlines,seamless,11.0,43,0.3366156611126041,0.006575853265251225,0.3949795081967213,0.46225194132873165,0.4851536885245901,0.5070302648171501,0.0717213114754098,0.485655737704918
US Airlines,seamless,11.0,44,0.3340499865627519,0.006302909164203127,0.3934426229508196,0.4542349726775956,0.475136612021858,0.48893442622950817,0.0901639344262295,0.4672131147540984
US Airlines,seamless,11.0,45,0.3350367844665412,0.006483472184896484,0.3913934426229508,0.46290983606557373,0.47069672131147544,0.4980532786885246,0.110655737704918,0.4672131147540984
US Airlines,seamless,11.0,46,0.33501998790647675,0.007205724267669935,0.39275956284153,0.4590163934426229,0.4763484928609202,0.5083333333333333,0.0635245901639344,0.4733606557377049
US Airlines,seamless,11.0,47,0.3340163934426229,0.008679622413329698,0.3975409836065574,0.4514051522248243,0.48593749999999997,0.4930327868852459,0.1004098360655737,0.4426229508196722
US Airlines,seamless,11.0,48,0.3349821956463316,0.006176934963719382,0.3934426229508196,0.4631935687263556,0.47126944094157214,0.47975409836065575,0.0778688524590164,0.4713114754098361
US Airlines,seamless,11.0,49,0.33365946654125234,0.0067144248857833435,0.39275956284153,0.456511839708561,0.4781276962899051,0.49938524590163935,0.0799180327868852,0.4733606557377049
US Airlines,seamless,11.0,50,0.3361285608707336,0.006685030905670476,0.3960040983606557,0.4617486338797814,0.4838114754098361,0.49983606557377047,0.0717213114754098,0.4815573770491803
US Airlines,seamless,11.0,51,0.3345034936844934,0.006722823165815598,0.39617486338797814,0.46150956284153005,0.4751891551071879,0.48934426229508193,0.1168032786885246,0.4631147540983606
US Airlines,seamless,11.0,52,0.3361579548508465,0.005845202902445532,0.3954918032786885,0.4549180327868852,0.48523126463700234,0.5099726775956284,0.0532786885245901,0.485655737704918
US Airlines,seamless,11.0,53,0.3340499865627519,0.00758364686912116,0.39412568306010926,0.4576697892271662,0.4735753317720531,0.5112997658079625,0.1413934426229508,0.4590163934426229
US Airlines,seamless,11.0,54,0.3363175221714593,0.006651437785541474,0.3954918032786885,0.45783002588438304,0.4854713114754098,0.501602086438152,0.0594262295081967,0.4528688524590164
US Airlines,seamless,11.0,55,0.33485622144584787,0.007571049449072784,0.3965163934426229,0.45439852228122835,0.46915300546448085,0.49651639344262294,0.1045081967213114,0.4549180327868852
US Airlines,seamless,11.0,56,0.3349066111260414,0.00705875436710557,0.3965163934426229,0.4581625683060109,0.4819330601092896,0.4899077868852459,0.0614754098360655,0.4344262295081967
US Airlines,seamless,11.0,57,0.33493180596613814,0.007617239989250155,0.3934426229508196,0.4655675608544461,0.48044496487119437,0.4926229508196721,0.1311475409836065,0.4672131147540984
US Airlines,seamless,11.0,58,0.3342893375436711,0.006957975006718575,0.3954918032786885,0.4484289617486339,0.48538251366120216,0.5053278688524591,0.0696721311475409,0.4487704918032787
US Airlines,seamless,11.0,59,0.33156829481322225,0.00686979306637996,0.3954918032786885,0.44691961924907453,0.48159836065573763,0.48526867030965387,0.0614754098360655,0.4487704918032787
US Airlines,seamless,11.0,60,0.33629652647137864,0.005912389142703526,0.3924180327868852,0.45628415300546443,0.4974556010928962,0.4997658079625293,0.0430327868852459,0.4979508196721312
US Airlines,seamless,11.0,61,0.33714475275463585,0.00621892636388063,0.3975409836065574,0.4622609289617486,0.49156908665105387,0.5063524590163935,0.0450819672131147,0.4631147540983606
US Airlines,seamless,11.0,62,0.3330337946788498,0.006559056705186731,0.3965163934426229,0.45579625292740045,0.4727561475409836,0.4864754098360656,0.0737704918032786,0.4733606557377049
US Airlines,seamless,11.0,63,0.3357674348293469,0.006109748723461388,0.3975409836065574,0.4635245901639344,0.4855296343001261,0.49286885245901635,0.0327868852459016,0.4672131147540984
US Airlines,seamless,11.0,64,0.3345160911045418,0.00671862402579947,0.3954918032786885,0.4631147540983606,0.4692191544434858,0.47663934426229504,0.0778688524590164,0.4549180327868852
US Airlines,seamless,11.0,65,0.334894013705993,0.007121741467347445,0.3954918032786885,0.45840922890103214,0.4845433255269321,0.49344262295081964,0.0655737704918032,0.4815573770491803
US Airlines,seamless,11.0,66,0.33647708949207195,0.0066724334856220965,0.3934426229508196,0.4628415300546448,0.48800546448087434,0.49543715846994535,0.055327868852459,0.4815573770491803
US Airlines,seamless,11.0,67,0.33733791319537754,0.0061979306638000045,0.39412568306010926,0.4682377049180328,0.4767954722872756,0.4930620608899297,0.0860655737704918,0.4733606557377049
US Airlines,seamless,11.0,68,0.3361159634506853,0.006722823165815593,0.3954918032786885,0.4579918032786885,0.4915300546448087,0.5049180327868853,0.0430327868852459,0.4590163934426229
US Airlines,seamless,11.0,69,0.33887899758129536,0.006437281644719111,0.3975409836065574,0.47049180327868856,0.4875256147540984,0.49781420765027323,0.0614754098360655,0.4877049180327869
US Airlines,seamless,11.0,70,0.33359647944101045,0.007268711367911804,0.3954918032786885,0.456615925058548,0.47126833477135466,0.4899590163934426,0.0758196721311475,0.4713114754098361
US Airlines,seamless,11.0,71,0.3315095068529965,0.007869188390217632,0.3954918032786885,0.44808743169398907,0.4745367070563079,0.49836065573770494,0.0717213114754098,0.4487704918032787
US Airlines,seamless,11.0,72,0.33447829884439667,0.00705035608707332,0.389344262295082,0.46083788706739526,0.4737704918032786,0.5045081967213115,0.0594262295081967,0.4631147540983606
US Airlines,seamless,11.0,73,0.33680882155334585,0.006915983606557329,0.3954918032786885,0.4626024590163934,0.4848096245372818,0.5206967213114755,0.0594262295081967,0.485655737704918
US Airlines,seamless,11.0,74,0.3339618046224133,0.006223125503896757,0.39617486338797814,0.4539666276346604,0.48364754098360657,0.5023770491803279,0.0389344262295082,0.4549180327868852
US Airlines,seamless,11.0,75,0.33706076995431333,0.006420485084654611,0.3968579234972678,0.46379781420765026,0.4838570127504554,0.49901639344262294,0.0676229508196721,0.4795081967213115
US Airlines,seamless,11.0,76,0.3353769148078473,0.007197325987637691,0.3954918032786885,0.4599087784241142,0.4730874316939891,0.49781420765027323,0.1209016393442623,0.4610655737704918
US Airlines,seamless,11.0,77,0.3338736226820747,0.007344295888202049,0.3924180327868852,0.4538934426229508,0.4912042875157629,0.5074795081967213,0.0614754098360655,0.4426229508196722
US Airlines,seamless,11.0,78,0.33402479172265515,0.006080354743348516,0.3960040983606557,0.4549180327868852,0.48237704918032787,0.5003642987249545,0.0368852459016393,0.485655737704918
US Airlines,seamless,11.0,79,0.3366660507927976,0.007125940607363565,0.3968579234972678,0.4700074515648286,0.48255737704918034,0.4914519906323185,0.0655737704918032,0.4528688524590164
US Airlines,seamless,11.0,80,0.33329414135984947,0.006596848965331854,0.38831967213114754,0.4554303278688524,0.4789023521026372,0.4870023419203747,0.0471311475409836,0.4262295081967213
US Airlines,seamless,11.0,81,0.33339492072023647,0.006622043805428596,0.3944672131147541,0.4520095187731359,0.4899180327868852,0.49725922131147543,0.0614754098360655,0.4528688524590164
US Airlines,seamless,11.0,82,0.33512496640687983,0.006458277344799738,0.3913934426229508,0.46072404371584696,0.47718889716840535,0.4936475409836065,0.0860655737704918,0.4774590163934426
US Airlines,seamless,11.0,83,0.3346714592851384,0.006710225745767221,0.3954918032786885,0.45673952641165755,0.4844672131147541,0.5104508196721311,0.0491803278688524,0.4180327868852459
US Airlines,seamless,11.0,84,0.3343355280838484,0.006588450685299608,0.3985655737704918,0.45964436805922787,0.4775175644028103,0.4948315118397085,0.1004098360655737,0.4610655737704918
US Airlines,seamless,11.0,85,0.33276504971781773,0.006244121203977379,0.389344262295082,0.45737704918032784,0.48069216757741345,0.4949063231850117,0.0471311475409836,0.4241803278688524
US Airlines,seamless,11.0,86,0.33512076726686374,0.0073610924482665485,0.3954918032786885,0.45766185051403163,0.48383010432190765,0.5065118397085611,0.1168032786885246,0.4590163934426229
US Airlines,seamless,11.0,87,0.334927606826122,0.00784399355012089,0.3934426229508196,0.4617486338797814,0.48661202185792346,0.4934016393442623,0.1434426229508197,0.4631147540983606
US Airlines,seamless,11.0,88,0.33482682746573494,0.00618953238376776,0.3954918032786885,0.458303635067712,0.48230874316939887,0.5081222056631892,0.0471311475409836,0.4221311475409836
US Airlines,seamless,11.0,89,0.33533072426766997,0.007487066648750287,0.3975409836065574,0.4572599531615925,0.47534153005464486,0.5029371584699454,0.0922131147540983,0.4467213114754098
US Airlines,seamless,11.0,90,0.3342473461435098,0.006433082504702991,0.39275956284153,0.45965676229508196,0.48101092896174863,0.5016393442622951,0.055327868852459,0.4467213114754098
US Airlines,seamless,11.0,91,0.3346630610051062,0.006609446385380226,0.3975409836065574,0.4557718579234972,0.4773907103825137,0.506615925058548,0.0471311475409836,0.4774590163934426
US Airlines,seamless,11.0,92,0.33543570276807305,0.006701827465734972,0.3975409836065574,0.4600409836065573,0.4877634660421546,0.4935450819672131,0.0532786885245901,0.4426229508196722
US Airlines,seamless,11.0,93,0.33473864552539634,0.006202129803816133,0.3954918032786885,0.45935792349726773,0.48073770491803275,0.49312386156648447,0.0389344262295082,0.4610655737704918
US Airlines,seamless,11.0,94,0.3347890352055899,0.008041353130878748,0.3934426229508196,0.45619877049180324,0.47304918032786886,0.49781420765027323,0.1127049180327868,0.4569672131147541
US Airlines,seamless,11.0,95,0.3349234076861059,0.007016762966944326,0.3954918032786885,0.46048009367681497,0.48094262295081963,0.49576502732240435,0.0594262295081967,0.4508196721311475
US Airlines,seamless,11.0,96,0.3345496842246708,0.006407887664606244,0.3954918032786885,0.4640255009107468,0.4742332099418297,0.5004098360655738,0.0778688524590164,0.4692622950819672
US Airlines,seamless,11.0,97,0.3371951424348293,0.006596848965331853,0.3924180327868852,0.45765027322404367,0.4906615925058548,0.5116065573770492,0.0635245901639344,0.4528688524590164
US Airlines,seamless,11.0,98,0.33419275732330017,0.007230919107766683,0.3934426229508196,0.4501366120218579,0.48251366120218575,0.492271662763466,0.0676229508196721,0.4754098360655738
US Airlines,seamless,11.0,99,0.33353349234076857,0.007167932007524811,0.3975409836065574,0.4624456339913014,0.4689890710382514,0.49216757741347905,0.0983606557377049,0.4631147540983606
US Airlines,seamless,11.0,100,0.33227794947594724,0.0078062012899757635,0.3934426229508196,0.4425091074681239,0.4841147540983607,0.49102914389799635,0.0922131147540983,0.4426229508196722
US Airlines,seamless,12.0,1,0.3325634909970438,0.007289707067992427,0.3975409836065574,0.45338114754098363,0.4640920554854981,0.47981557377049183,0.0860655737704918,0.4528688524590164
US Airlines,seamless,12.0,2,0.3342473461435098,0.006525463585057731,0.3920765027322404,0.466467958271237,0.4770023419203747,0.49040983606557376,0.0696721311475409,0.4774590163934426
US Airlines,seamless,12.0,3,0.3333613276001075,0.006953775866702452,0.3954918032786885,0.46146218931782124,0.4789275956284153,0.49111168032786884,0.0594262295081967,0.4631147540983606
US Airlines,seamless,12.0,4,0.33306738779897876,0.007764209889814522,0.3960040983606557,0.4468418514946962,0.46629098360655735,0.5079234972677595,0.0819672131147541,0.4651639344262295
US Airlines,seamless,12.0,5,0.33697258801397467,0.006256718624025751,0.3934426229508196,0.4685792349726776,0.484016393442623,0.4914446721311475,0.0737704918032786,0.4836065573770492
US Airlines,seamless,12.0,6,0.33374764848159094,0.007852391830153136,0.3975409836065574,0.45004821600771455,0.47756147540983607,0.49583858764186634,0.1721311475409836,0.4508196721311475
US Airlines,seamless,12.0,7,0.3345202902445579,0.0065800524052673556,0.3954918032786885,0.4598182466143977,0.48382513661202187,0.48549180327868846,0.0471311475409836,0.4159836065573771
US Airlines,seamless,12.0,8,0.3336384708411717,0.005920787422735778,0.3920765027322404,0.4571867681498829,0.47403129657228016,0.4810214375788146,0.0430327868852459,0.4754098360655738
US Airlines,seamless,12.0,9,0.3348898145659769,0.0060089693630743955,0.39617486338797814,0.45924408014571944,0.48075409836065575,0.5013319672131147,0.0491803278688524,0.4815573770491803
US Airlines,seamless,12.0,10,0.3343775194840097,0.006613645525396352,0.3965163934426229,0.4610655737704918,0.4666211293260474,0.4997267759562841,0.0840163934426229,0.4651639344262295
US Airlines,seamless,12.0,11,0.3349737973662994,0.005836804622413282,0.39617486338797814,0.4581967213114754,0.4812985332182916,0.48534836065573767,0.0430327868852459,0.4815573770491803
US Airlines,seamless,12.0,12,0.3343355280838484,0.0076256382692824025,0.3995901639344262,0.4599531615925058,0.47551229508196724,0.5025335320417288,0.0696721311475409,0.4610655737704918
US Airlines,seamless,12.0,13,0.3342179521633969,0.0063407014243482464,0.3913934426229508,0.4590163934426229,0.47381440281030446,0.480396174863388,0.0512295081967213,0.4713114754098361
US Airlines,seamless,12.0,14,0.3349989922063962,0.00641628594463849,0.3900273224043716,0.4659445745511319,0.48676814988290396,0.49543715846994535,0.0635245901639344,0.4733606557377049
US Airlines,seamless,12.0,15,0.3366198602526203,0.006718624025799471,0.3975409836065574,0.4621151539384246,0.48383267382702094,0.4855568117580554,0.0799180327868852,0.4631147540983606
US Airlines,seamless,12.0,16,0.33389881752217143,0.006962174146734706,0.3965163934426229,0.46057377049180326,0.4692324888226527,0.4870608899297424,0.0942622950819672,0.4692622950819672
US Airlines,seamless,12.0,17,0.33488141628594464,0.006802606826121965,0.3975409836065574,0.46250758955676985,0.47392418032786887,0.4944444444444444,0.1045081967213114,0.4651639344262295
US Airlines,seamless,12.0,18,0.33422215130341304,0.008234513571620486,0.3944672131147541,0.4505108915337974,0.47226775956284156,0.4951844262295082,0.1454918032786885,0.4508196721311475
US Airlines,seamless,12.0,19,0.337354709755442,0.0063407014243482464,0.3934426229508196,0.46527178602243313,0.48336400133824026,0.5038375558867363,0.0860655737704918,0.4836065573770492
US Airlines,seamless,12.0,20,0.33449929454447724,0.0074534735286212895,0.3934426229508196,0.4542875157629256,0.4812978142076502,0.48846604215456674,0.0614754098360655,0.4344262295081967
US Airlines,seamless,12.0,21,0.3344866971244289,0.007310702768073054,0.39412568306010926,0.46348733233979134,0.49071038251366117,0.5056664290805417,0.0491803278688524,0.3995901639344262
US Airlines,seamless,12.0,22,0.33721613813490997,0.0060215667831227705,0.3954918032786885,0.46994535519125685,0.48418032786885246,0.49867591424968477,0.0450819672131147,0.4754098360655738
US Airlines,seamless,12.0,23,0.3319378191346412,0.007083949207202318,0.3907103825136612,0.4555272485600354,0.47302888368462137,0.4788114754098361,0.0614754098360655,0.4364754098360656
US Airlines,seamless,12.0,24,0.3338442287019618,0.007067152647137823,0.38866120218579236,0.4632891524241367,0.4766734972677596,0.4885245901639344,0.0901639344262295,0.4651639344262295
US Airlines,seamless,12.0,25,0.3362041453910239,0.006714424885783343,0.3975409836065574,0.45989461358313816,0.4869910100475939,0.4975922131147541,0.0594262295081967,0.4528688524590164
US Airlines,seamless,12.0,26,0.33510816984681535,0.006865593926363838,0.3975409836065574,0.4564771917320028,0.4831454918032787,0.48688524590163934,0.0737704918032786,0.4569672131147541
US Airlines,seamless,12.0,27,0.33429773582370326,0.006832000806234835,0.3934426229508196,0.46339601414336223,0.47310946589106295,0.4851253616200578,0.1004098360655737,0.4651639344262295
US Airlines,seamless,12.0,28,0.3339786011824778,0.00689498790647671,0.3913934426229508,0.4560564663023679,0.4751133589117545,0.48278688524590163,0.0594262295081967,0.4467213114754098
US Airlines,seamless,12.0,29,0.331963013974738,0.007272910507927931,0.3934426229508196,0.4499200319872051,0.4728142076502732,0.4864754098360656,0.0717213114754098,0.4508196721311475
US Airlines,seamless,12.0,30,0.33368886052136526,0.007151135447460313,0.3954918032786885,0.451775956284153,0.4789275956284153,0.4997267759562841,0.0594262295081967,0.4528688524590164
US Airlines,seamless,12.0,31,0.33250050389680186,0.006437281644719116,0.3934426229508196,0.4479076790336497,0.4793260473588343,0.48837090163934427,0.0594262295081967,0.4467213114754098
US Airlines,seamless,12.0,32,0.3333655267401236,0.007974166890620757,0.39412568306010926,0.45571038251366114,0.4775045537340619,0.49402810304449646,0.1495901639344262,0.4569672131147541
US Airlines,seamless,12.0,33,0.3396978298844396,0.0064288833646868665,0.3954918032786885,0.47783159463487335,0.4911657559198543,0.5165983606557377,0.0573770491803278,0.4877049180327869
US Airlines,seamless,12.0,34,0.3367962241332975,0.006298710024186997,0.3924180327868852,0.4692622950819672,0.48762295081967216,0.4969672131147541,0.0450819672131147,0.4713114754098361
US Airlines,seamless,12.0,35,0.33567085460897605,0.006176934963719384,0.3954918032786885,0.46448087431693985,0.47766393442622945,0.48957479508196716,0.0819672131147541,0.4754098360655738
US Airlines,seamless,12.0,36,0.33415496506315506,0.006936979306637954,0.3954918032786885,0.4612932604735883,0.4729939603106126,0.49452309985096865,0.0799180327868852,0.4426229508196722
US Airlines,seamless,12.0,37,0.3354147070679925,0.006000571083042146,0.3954918032786885,0.4590163934426229,0.49360655737704917,0.49745316159250585,0.0348360655737704,0.4672131147540984
US Airlines,seamless,12.0,38,0.331190372211771,0.007356893308250425,0.3934426229508196,0.44200819672131153,0.47215676229508197,0.4885876418663304,0.0614754098360655,0.4385245901639344
US Airlines,seamless,12.0,39,0.33439431604407416,0.006349099704380494,0.3954918032786885,0.4579918032786885,0.4820417287630402,0.49887295081967215,0.0594262295081967,0.4672131147540984
US Airlines,seamless,12.0,40,0.33640150497178173,0.006164337543671006,0.3975409836065574,0.46773472429210133,0.48017418032786885,0.48729508196721316,0.0840163934426229,0.4692622950819672
US Airlines,seamless,12.0,41,0.33326054823972046,0.006752217145928465,0.3913934426229508,0.45977751756440277,0.4690327868852459,0.48333333333333334,0.0614754098360655,0.4610655737704918
US Airlines,seamless,12.0,42,0.33411297366299375,0.007012563826928201,0.3975409836065574,0.46155889496053426,0.4745462529274005,0.48486533957845435,0.1086065573770491,0.4631147540983606
US Airlines,seamless,12.0,43,0.3340415882827197,0.007323300188121426,0.3934426229508196,0.4622950819672131,0.4826844262295082,0.4967896174863388,0.1086065573770491,0.4651639344262295
US Airlines,seamless,12.0,44,0.33259708411717276,0.00705875436710557,0.3934426229508196,0.4497462919594067,0.4748633879781421,0.49715271786022436,0.0614754098360655,0.4364754098360656
US Airlines,seamless,12.0,45,0.33542310534802466,0.0070755509271700715,0.3968579234972678,0.4580405932864949,0.46830601092896174,0.5049180327868853,0.1065573770491803,0.4590163934426229
US Airlines,seamless,12.0,46,0.33165227761354477,0.006790009406073591,0.39275956284153,0.4508196721311475,0.4722295081967213,0.4913251366120218,0.0471311475409836,0.4221311475409836
US Airlines,seamless,12.0,47,0.33671644047299115,0.006391091104541742,0.3965163934426229,0.4675366695427092,0.48573770491803275,0.4940061475409836,0.0594262295081967,0.4774590163934426
US Airlines,seamless,12.0,48,0.33529293200752486,0.006286112604138626,0.3948087431693989,0.4508196721311475,0.48404371584699457,0.4915983606557377,0.0922131147540983,0.4487704918032787
US Airlines,seamless,12.0,49,0.33509557242676696,0.006344900564364371,0.39275956284153,0.4676927101499826,0.47295081967213115,0.48766928011404137,0.0901639344262295,0.4692622950819672
US Airlines,seamless,12.0,50,0.33554488040849234,0.006710225745767219,0.3975409836065574,0.46147540983606555,0.47776639344262295,0.5099726775956284,0.0840163934426229,0.4733606557377049
US Airlines,seamless,12.0,51,0.3356414606288632,0.00639109110454174,0.3907103825136612,0.47043325526932084,0.4783751205400193,0.4834699453551913,0.0676229508196721,0.4754098360655738
US Airlines,seamless,12.0,52,0.33616215399086263,0.005882995162590653,0.3924180327868852,0.4642324888226527,0.48278688524590163,0.5010655737704918,0.0594262295081967,0.4774590163934426
US Airlines,seamless,12.0,53,0.3340373891427036,0.006370095404461118,0.39275956284153,0.4672131147540984,0.47455780845556517,0.4887587822014052,0.0512295081967213,0.4713114754098361
US Airlines,seamless,12.0,54,0.33456228164471913,0.006122346143509761,0.3913934426229508,0.4616510538641686,0.4816939890710382,0.48685372005044136,0.0635245901639344,0.4672131147540984
US Airlines,seamless,12.0,55,0.3354063087879602,0.006781611126041339,0.3934426229508196,0.4590163934426229,0.4812361541869738,0.4996216897856242,0.0717213114754098,0.4815573770491803
US Airlines,seamless,12.0,56,0.3361369591507659,0.006865593926363834,0.3934426229508196,0.4682377049180328,0.48283510125361623,0.502202868852459,0.0655737704918032,0.4836065573770492
US Airlines,seamless,12.0,57,0.3310685971513034,0.006836199946250958,0.3954918032786885,0.4544451450189155,0.4658014571948998,0.46719034608378873,0.0614754098360655,0.4426229508196722
US Airlines,seamless,12.0,58,0.3338274321418973,0.007260313087879557,0.3954918032786885,0.459751005258274,0.47602459016393445,0.4956284153005464,0.1024590163934426,0.4610655737704918
US Airlines,seamless,12.0,59,0.33287002821822087,0.00659264982531573,0.3975409836065574,0.45445230998509684,0.4738900273224044,0.4789617486338798,0.0471311475409836,0.4241803278688524
US Airlines,seamless,12.0,60,0.33407518140284875,0.006466675624831988,0.3934426229508196,0.4568391393442623,0.48168679896462463,0.4855386416861826,0.0717213114754098,0.4672131147540984
US Airlines,seamless,12.0,61,0.33496539908626716,0.006529662725073861,0.3944672131147541,0.4620261270491803,0.4825933515482696,0.492271662763466,0.0594262295081967,0.4631147540983606
US Airlines,seamless,12.0,62,0.334285138403655,0.006852996506315461,0.3934426229508196,0.4590163934426229,0.47714025500910745,0.4855047454702329,0.0450819672131147,0.4672131147540984
US Airlines,seamless,12.0,63,0.33630072561139474,0.00608455388336464,0.3954918032786885,0.4584309133489461,0.4905005854800937,0.5147540983606558,0.0532786885245901,0.4918032786885246
US Airlines,seamless,12.0,64,0.33166487503359304,0.006470874764848113,0.3888319672131148,0.45594262295081966,0.47116960907944516,0.49110655737704917,0.0471311475409836,0.4241803278688524
US Airlines,seamless,12.0,65,0.3339911986025262,0.007432477828540673,0.3968579234972678,0.4597181675275095,0.473823948681397,0.490061475409836,0.1454918032786885,0.4610655737704918
US Airlines,seamless,12.0,66,0.3329540110185434,0.005966977962913148,0.3924180327868852,0.45682084309133486,0.4743702518992403,0.48442622950819675,0.0450819672131147,0.4590163934426229
US Airlines,seamless,12.0,67,0.33495700080623486,0.006840399086267088,0.3954918032786885,0.46413934426229503,0.4877276867030966,0.4941803278688524,0.0471311475409836,0.4221311475409836
US Airlines,seamless,12.0,68,0.33191262429454443,0.007734815909701645,0.3934426229508196,0.4516512235685436,0.47775956284153004,0.4946135831381733,0.1393442622950819,0.4528688524590164
US Airlines,seamless,12.0,69,0.3348772171459285,0.006378493684493366,0.3934426229508196,0.4605263157894737,0.4799180327868853,0.4981967213114754,0.040983606557377,0.4672131147540984
US Airlines,seamless,12.0,70,0.3344866971244289,0.005828406342381033,0.3944672131147541,0.4591334894613583,0.47547814207650274,0.48119877049180326,0.0389344262295082,0.4610655737704918
US Airlines,seamless,12.0,71,0.3367836267132491,0.006029965063155019,0.3948087431693989,0.4661885245901639,0.48471311475409834,0.4930327868852459,0.0573770491803278,0.485655737704918
US Airlines,seamless,12.0,72,0.3329162187583983,0.007331698468153677,0.39275956284153,0.45184426229508196,0.4665495706479313,0.4792875157629256,0.0860655737704918,0.4487704918032787
US Airlines,seamless,12.0,73,0.3337014579414136,0.007327499328137551,0.3975409836065574,0.45742258652094714,0.471875,0.49508196721311476,0.0614754098360655,0.4323770491803279
US Airlines,seamless,12.0,74,0.3365022843321688,0.006508667024993234,0.39275956284153,0.4646516393442623,0.4805485498108449,0.5085040983606557,0.0737704918032786,0.4672131147540984
US Airlines,seamless,12.0,75,0.33548609244826655,0.006479273044880362,0.3954918032786885,0.46695696721311475,0.47559899117276166,0.4926229508196721,0.0389344262295082,0.4754098360655738
US Airlines,seamless,12.0,76,0.3352341440472991,0.006332303144315998,0.39617486338797814,0.45965676229508196,0.4826047358834244,0.505136612021858,0.0389344262295082,0.4610655737704918
US Airlines,seamless,12.0,77,0.3349024119860252,0.006008969363074398,0.3975409836065574,0.46325607687959297,0.47262295081967215,0.4849385245901639,0.055327868852459,0.4733606557377049
US Airlines,seamless,12.0,78,0.33570864686912116,0.00619373152378388,0.3913934426229508,0.46077283372365335,0.48866645649432533,0.49651639344262294,0.0450819672131147,0.4897540983606557
US Airlines,seamless,12.0,79,0.33638050927170116,0.00598797366299377,0.3975409836065574,0.46083788706739526,0.4877634660421546,0.4997267759562841,0.0368852459016393,0.485655737704918
US Airlines,seamless,12.0,80,0.33551548642837953,0.006714424885783346,0.3913934426229508,0.4610655737704918,0.48094262295081963,0.4973770491803279,0.0491803278688524,0.4774590163934426
US Airlines,seamless,12.0,81,0.332975006718624,0.006563255845202854,0.3965163934426229,0.45911885245901635,0.47290353089533416,0.49415983606557373,0.0594262295081967,0.4344262295081967
US Airlines,seamless,12.0,82,0.33700198199408765,0.006214727223864505,0.3944672131147541,0.4578454332552693,0.4874707259953162,0.4946135831381733,0.0594262295081967,0.4528688524590164
US Airlines,seamless,12.0,83,0.33524674146734745,0.006008969363074395,0.3934426229508196,0.4594006147540983,0.4838883196721312,0.4876304023845008,0.0430327868852459,0.4590163934426229
US Airlines,seamless,12.0,84,0.3344489048642838,0.006668234345605978,0.39275956284153,0.4615573770491803,0.48913934426229505,0.5025175644028103,0.0594262295081967,0.4631147540983606
US Airlines,seamless,12.0,85,0.33498639478634773,0.006248320343993504,0.3924180327868852,0.4585284933645589,0.4855844618674269,0.4976615236258438,0.0471311475409836,0.4221311475409836
US Airlines,seamless,12.0,86,0.33373925020155876,0.006672433485622093,0.3965163934426229,0.44957234497505344,0.4849385245901639,0.5073770491803279,0.0614754098360655,0.4487704918032787
US Airlines,seamless,12.0,87,0.3321561744154797,0.007566850309056661,0.39412568306010926,0.45067330210772827,0.4727231329690346,0.4885245901639344,0.0922131147540983,0.4631147540983606
US Airlines,seamless,12.0,88,0.3332605482397205,0.008352089492071979,0.3954918032786885,0.44657494145199056,0.48040983606557375,0.5124316939890711,0.0860655737704918,0.4364754098360656
US Airlines,seamless,12.0,89,0.33550288900833103,0.0066766326256382244,0.3913934426229508,0.46939890710382515,0.48442622950819675,0.49234972677595623,0.0778688524590164,0.4713114754098361
US Airlines,seamless,12.0,90,0.3324669107766729,0.0061685366836871335,0.3903688524590164,0.4617486338797814,0.47064943253467845,0.4830327868852459,0.0532786885245901,0.4713114754098361
US Airlines,seamless,12.0,91,0.3346546627250738,0.007524858908895413,0.3965163934426229,0.4588301043219076,0.474268149882904,0.4956967213114754,0.0922131147540983,0.4651639344262295
US Airlines,seamless,12.0,92,0.3329708075786079,0.006567454985218976,0.3948087431693989,0.44957234497505344,0.4730327868852459,0.49467213114754094,0.0614754098360655,0.4467213114754098
US Airlines,seamless,12.0,93,0.3339030166621876,0.0069705724267669494,0.3954918032786885,0.4636612021857923,0.47694292653309045,0.49467213114754094,0.0737704918032786,0.4692622950819672
US Airlines,seamless,12.0,94,0.33809375839828,0.006428883364686862,0.39275956284153,0.4672131147540984,0.48606557377049175,0.5082991803278688,0.0512295081967213,0.4754098360655738
US Airlines,seamless,12.0,95,0.33515436038699276,0.006533861865089984,0.3965163934426229,0.462029893924783,0.4836976320582878,0.48554948391013963,0.0860655737704918,0.4713114754098361
US Airlines,seamless,12.0,96,0.3356036683687181,0.005971177102929274,0.3944672131147541,0.4672131147540984,0.4844994145199063,0.4876138433515483,0.0348360655737704,0.4692622950819672
US Airlines,seamless,12.0,97,0.33528033458747647,0.0064792730448803605,0.3944672131147541,0.4627994955863808,0.48008196721311475,0.49285063752276864,0.0860655737704918,0.4754098360655738
US Airlines,seamless,12.0,98,0.33526353802741193,0.006538061005106108,0.3934426229508196,0.4579587519830777,0.4825234192037471,0.49836065573770494,0.055327868852459,0.4836065573770492
US Airlines,seamless,12.0,99,0.3368928043536683,0.005660440741736043,0.389344262295082,0.4701730418943534,0.4905054644808743,0.49959016393442623,0.0327868852459016,0.5
US Airlines,seamless,12.0,100,0.3343775194840096,0.006836199946250961,0.39275956284153,0.45614754098360655,0.4791728763040239,0.494150521609538,0.0491803278688524,0.4733606557377049
US Airlines,seamless,13.0,1,0.33433972722386457,0.006441480784735239,0.3944672131147541,0.4583333333333333,0.48089383294301324,0.48913934426229505,0.0450819672131147,0.4651639344262295
US Airlines,seamless,13.0,2,0.3340457874227358,0.006185333243751631,0.39412568306010926,0.4590163934426229,0.4812198649951784,0.490983606557377,0.055327868852459,0.4651639344262295
US Airlines,seamless,13.0,3,0.33457907820478366,0.006790009406073589,0.3924180327868852,0.46493624772313297,0.48187613843351546,0.4864754098360656,0.0512295081967213,0.4836065573770492
US Airlines,seamless,13.0,4,0.33465886186509,0.0068278016662187135,0.3954918032786885,0.45560109289617484,0.4831967213114754,0.49371584699453547,0.0635245901639344,0.4733606557377049
US Airlines,seamless,13.0,5,0.3340457874227358,0.006508667024993233,0.3924180327868852,0.4569672131147541,0.4788365209471767,0.48967958271236955,0.0717213114754098,0.4795081967213115
US Airlines,seamless,13.0,6,0.33541050792797633,0.006290311744154752,0.39275956284153,0.4580405932864949,0.48295765027322407,0.5104918032786885,0.0368852459016393,0.4590163934426229
US Airlines,seamless,13.0,7,0.33414656678312277,0.00652546358505773,0.3975409836065574,0.4641393442622951,0.4745446265938069,0.48631147540983605,0.0614754098360655,0.4713114754098361
US Airlines,seamless,13.0,8,0.33694739317387795,0.006164337543671012,0.3954918032786885,0.46990940465918896,0.47800546448087433,0.496469104665826,0.0491803278688524,0.4754098360655738
US Airlines,seamless,13.0,9,0.3330505912389143,0.00677321284600909,0.3948087431693989,0.4489281210592686,0.4809865339578454,0.4904200819672131,0.0614754098360655,0.4405737704918033
US Airlines,seamless,13.0,10,0.33336972588013974,0.007075550927170066,0.3934426229508196,0.4496487119437939,0.4771077283372365,0.48961748633879776,0.0717213114754098,0.4467213114754098
US Airlines,seamless,13.0,11,0.3341591642031712,0.006487671324912609,0.3934426229508196,0.4557377049180327,0.4791696364932288,0.4999453551912568,0.0450819672131147,0.4590163934426229
US Airlines,seamless,13.0,12,0.3358766124697662,0.005950181402848647,0.3975409836065574,0.46045081967213114,0.48056206088992975,0.49371584699453547,0.0348360655737704,0.4754098360655738
US Airlines,seamless,13.0,13,0.33497799650631555,0.006962174146734701,0.3944672131147541,0.46382751247327153,0.4737553126897389,0.4924692622950819,0.1004098360655737,0.4651639344262295
US Airlines,seamless,13.0,14,0.333142972319269,0.0064540782047836105,0.3934426229508196,0.4569672131147541,0.4801814988290398,0.4972336065573771,0.0491803278688524,0.4159836065573771
US Airlines,seamless,13.0,15,0.3334243147003494,0.007873387530233762,0.3954918032786885,0.4559426229508196,0.4725409836065574,0.49926229508196723,0.1024590163934426,0.4651639344262295
US Airlines,seamless,13.0,16,0.33340331900026876,0.006517065305025483,0.3954918032786885,0.45552073288331724,0.4748039914468995,0.4866923818707811,0.0471311475409836,0.4200819672131147
US Airlines,seamless,13.0,17,0.3349528016662187,0.005908190002687403,0.3944672131147541,0.4622950819672131,0.48278688524590163,0.48970286885245895,0.0307377049180327,0.4692622950819672
US Airlines,seamless,13.0,18,0.3351123689868315,0.006852996506315458,0.39275956284153,0.46345628415300544,0.47487389659520807,0.5008196721311475,0.0860655737704918,0.4692622950819672
US Airlines,seamless,13.0,19,0.33255509271701156,0.006756416285944587,0.3948087431693989,0.44909404659188956,0.47953747072599534,0.49111168032786884,0.0655737704918032,0.4508196721311475
US Airlines,seamless,13.0,20,0.3334998992206396,0.005971177102929275,0.3934426229508196,0.4582712369597615,0.47712045616536,0.48741461748633885,0.0696721311475409,0.4631147540983606
US Airlines,seamless,13.0,21,0.33638890755173334,0.007411482128460042,0.3934426229508196,0.4693396226415094,0.4870673952641166,0.5066939890710382,0.0758196721311475,0.4713114754098361
US Airlines,seamless,13.0,22,0.3342767401236227,0.006718624025799473,0.3944672131147541,0.46355673416907744,0.4808401639344262,0.49402810304449646,0.1004098360655737,0.4651639344262295
US Airlines,seamless,13.0,23,0.3345370868046224,0.007600443429185656,0.39412568306010926,0.45532786885245896,0.48737704918032787,0.5010538641686183,0.0614754098360655,0.4385245901639344
US Airlines,seamless,13.0,24,0.33704397339424885,0.005845202902445532,0.3975409836065574,0.4708723653395785,0.48988352027610005,0.5002732240437159,0.0389344262295082,0.485655737704918
US Airlines,seamless,13.0,25,0.33479323434560604,0.00664723864552535,0.3948087431693989,0.45334174022698615,0.48780737704918037,0.4975037257824143,0.0450819672131147,0.4426229508196722
US Airlines,seamless,13.0,26,0.3347806369255576,0.006575853265251232,0.3954918032786885,0.4611296106557377,0.4845725995316159,0.4871689785624212,0.0594262295081967,0.4631147540983606
US Airlines,seamless,13.0,27,0.3346840567051868,0.006529662725073859,0.3975409836065574,0.45204918032786884,0.47889344262295086,0.4869877049180328,0.0717213114754098,0.4508196721311475
US Airlines,seamless,13.0,28,0.33443210830421927,0.0063449005643643735,0.3948087431693989,0.45553278688524584,0.4801001821493625,0.48866120218579234,0.0573770491803278,0.4569672131147541
US Airlines,seamless,13.0,29,0.3322863477559796,0.007537456328943783,0.3954918032786885,0.4425047288776797,0.4785792349726776,0.49136782786885247,0.0942622950819672,0.4426229508196722
US Airlines,seamless,13.0,30,0.3327986428379468,0.006311307444235373,0.3913934426229508,0.4513542409123307,0.48834016393442625,0.4955233291298865,0.0450819672131147,0.4528688524590164
US Airlines,seamless,13.0,31,0.33586401504971775,0.006050960763235642,0.3954918032786885,0.46038251366120214,0.48733411397345827,0.4985655737704918,0.0368852459016393,0.4897540983606557
US Airlines,seamless,13.0,32,0.33474284466541254,0.006584251545283476,0.3913934426229508,0.45765027322404367,0.47855191256830604,0.4967213114754098,0.0860655737704918,0.4754098360655738
US Airlines,seamless,13.0,33,0.3330925826390755,0.0071889277076054355,0.3907103825136612,0.4542008196721311,0.4775175644028103,0.49655737704918035,0.0860655737704918,0.4672131147540984
US Airlines,seamless,13.0,34,0.3359689935501209,0.006475073904864235,0.3944672131147541,0.4672131147540984,0.4771417239555791,0.4978877679697352,0.0696721311475409,0.4713114754098361
US Airlines,seamless,13.0,35,0.33355028890083305,0.006449879064767489,0.3948087431693989,0.4615046838407494,0.47614041339985747,0.4811475409836065,0.0450819672131147,0.4774590163934426
US Airlines,seamless,13.0,36,0.33226955119591506,0.006567454985218981,0.3934426229508196,0.4591485986250661,0.4754413619167718,0.48631147540983605,0.0573770491803278,0.4610655737704918
US Airlines,seamless,13.0,37,0.33391981322225206,0.006785810266057464,0.3908811475409836,0.45839272986457585,0.47704918032786886,0.4815232240437158,0.0450819672131147,0.4590163934426229
US Airlines,seamless,13.0,38,0.33362167428110723,0.005832605482397156,0.3913934426229508,0.45380029806259314,0.47899210686095933,0.4961475409836065,0.0450819672131147,0.4795081967213115
US Airlines,seamless,13.0,39,0.3352341440472991,0.006286112604138628,0.3934426229508196,0.46388319672131145,0.4829918032786885,0.493735362997658,0.0491803278688524,0.4836065573770492
US Airlines,seamless,13.0,40,0.3350367844665412,0.00692438188658958,0.3954918032786885,0.4525614754098361,0.48475409836065575,0.4950096432015429,0.0614754098360655,0.4405737704918033
US Airlines,seamless,13.0,41,0.3358598159097017,0.0063826928245094925,0.3934426229508196,0.4646293656450463,0.47726986128625476,0.48454918032786887,0.0594262295081967,0.4774590163934426
US Airlines,seamless,13.0,42,0.3334663061005106,0.007083949207202317,0.39480874316939885,0.45969945355191255,0.47409836065573774,0.4882377049180328,0.1372950819672131,0.4610655737704918
US Airlines,seamless,13.0,43,0.3361285608707337,0.006697628325718848,0.3954918032786885,0.46657274590163933,0.49035909445745507,0.5003073770491803,0.0471311475409836,0.4241803278688524
US Airlines,seamless,13.0,44,0.33699358371405536,0.006395290244557868,0.3948087431693989,0.475068306010929,0.4838212334113974,0.4889799635701275,0.0614754098360655,0.4795081967213115
US Airlines,seamless,13.0,45,0.3357884305294276,0.006714424885783346,0.39617486338797814,0.4610655737704918,0.4795901639344262,0.4990522540983607,0.0819672131147541,0.4672131147540984
US Airlines,seamless,13.0,46,0.3352341440472991,0.006454078204783616,0.39412568306010926,0.4558638083228247,0.4826923076923077,0.4997793190416141,0.0778688524590164,0.4569672131147541
US Airlines,seamless,13.0,47,0.33368046224133296,0.007151135447460315,0.3924180327868852,0.46329771662763464,0.47985948477751755,0.4881147540983607,0.0758196721311475,0.4651639344262295
US Airlines,seamless,13.0,48,0.33421795216339695,0.006823602526202583,0.3975409836065574,0.45311475409836066,0.4979764344262295,0.5055669398907104,0.0594262295081967,0.4426229508196722
US Airlines,seamless,13.0,49,0.3360655737704918,0.006630442085460849,0.3975409836065574,0.4620901639344262,0.4860070257611241,0.5002049180327869,0.1024590163934426,0.4774590163934426
US Airlines,seamless,13.0,50,0.33538531308787956,0.0074534735286212895,0.3934426229508196,0.4677254098360656,0.4731501993797076,0.501775956284153,0.0922131147540983,0.4692622950819672
US Airlines,seamless,13.0,51,0.3329330153184628,0.007512261488847036,0.3968579234972678,0.46434426229508197,0.4743169398907104,0.490807962529274,0.0717213114754098,0.4733606557377049
US Airlines,seamless,13.0,52,0.3369767871539908,0.006454078204783614,0.3954918032786885,0.4623463114754098,0.4869672131147541,0.4950819672131147,0.0573770491803278,0.4795081967213115
US Airlines,seamless,13.0,53,0.33284483337812415,0.006122346143509762,0.3913934426229508,0.45521077283372363,0.47567213114754103,0.4805737704918033,0.0655737704918032,0.4713114754098361
US Airlines,seamless,13.0,54,0.33476384036549317,0.006924381886589578,0.391051912568306,0.4646516393442623,0.48219885958660014,0.4912226775956284,0.0696721311475409,0.4713114754098361
US Airlines,seamless,13.0,55,0.3323493348562214,0.007734815909701648,0.39617486338797814,0.4474531615925058,0.4785860655737705,0.4882513661202186,0.0799180327868852,0.4692622950819672
US Airlines,seamless,13.0,56,0.3365484748723461,0.0063113074442353746,0.39822404371584696,0.46757903981264637,0.4773497267759563,0.48968579234972676,0.0512295081967213,0.4692622950819672
US Airlines,seamless,13.0,57,0.3347512429454447,0.007180529427573185,0.3954918032786885,0.4656368221941992,0.4767324888226528,0.4963700234192037,0.1270491803278688,0.4672131147540984
US Airlines,seamless,13.0,58,0.33432293066380003,0.006643039505509226,0.3954918032786885,0.45184426229508196,0.4838438308886972,0.4911698956780924,0.0594262295081967,0.4385245901639344
US Airlines,seamless,13.0,59,0.33363007256113947,0.006911784466541206,0.3954918032786885,0.45594262295081966,0.4810109289617486,0.49344262295081964,0.0614754098360655,0.4651639344262295
US Airlines,seamless,13.0,60,0.33701877855415213,0.006298710024186997,0.3954918032786885,0.46650035637918746,0.4852459016393442,0.48971684053651265,0.0717213114754098,0.4672131147540984
US Airlines,seamless,13.0,61,0.3370019819940876,0.006143341843590386,0.3954918032786885,0.4561790668348045,0.48688524590163934,0.5167264344262296,0.0614754098360655,0.4467213114754098
US Airlines,seamless,13.0,62,0.3369221983337813,0.006542260145122231,0.3995901639344262,0.4690671350507416,0.4791734972677596,0.49521004098360655,0.0717213114754098,0.4795081967213115
US Airlines,seamless,13.0,63,0.33122816447191616,0.006974771566783075,0.39412568306010926,0.45028510334996436,0.46816939890710385,0.4812256049960968,0.0614754098360655,0.4405737704918033
US Airlines,seamless,13.0,64,0.33581782450954045,0.006433082504702987,0.3975409836065574,0.4651639344262295,0.47773224043715845,0.49883879781420765,0.0430327868852459,0.4774590163934426
US Airlines,seamless,13.0,65,0.33241652109647946,0.006580052405267359,0.3913934426229508,0.4597615499254843,0.47264946962391513,0.47834699453551915,0.0635245901639344,0.4610655737704918
US Airlines,seamless,13.0,66,0.3354650967481859,0.006798407686105837,0.3944672131147541,0.4545765027322404,0.49188524590163935,0.49907786885245903,0.0819672131147541,0.4549180327868852
US Airlines,seamless,13.0,67,0.33643089895189465,0.0059963719430260205,0.3934426229508196,0.46598360655737703,0.48340163934426233,0.48945117605131855,0.0635245901639344,0.4692622950819672
US Airlines,seamless,13.0,68,0.3369179991937651,0.0061853332437516294,0.3924180327868852,0.4685529634300126,0.48547358834244075,0.4894028103044496,0.040983606557377,0.4692622950819672
US Airlines,seamless,13.0,69,0.3327944436979306,0.006630442085460849,0.3965163934426229,0.4501024590163934,0.47260928961748633,0.47535860655737705,0.0614754098360655,0.4405737704918033
US Airlines,seamless,13.0,70,0.33299180327868855,0.006235722923945124,0.3939549180327868,0.45775535939470363,0.4840327868852459,0.4906967213114754,0.0471311475409836,0.4180327868852459
US Airlines,seamless,13.0,71,0.33260548239720505,0.007323300188121431,0.3954918032786885,0.4572873975409836,0.4778233151183971,0.48504098360655734,0.1290983606557377,0.4590163934426229
US Airlines,seamless,13.0,72,0.33533492340768606,0.005929185702768026,0.3954918032786885,0.4635245901639344,0.4798994038748137,0.48348946135831383,0.0512295081967213,0.4754098360655738
US Airlines,seamless,13.0,73,0.33543150362805696,0.00608455388336464,0.3954918032786885,0.45911885245901635,0.47551229508196724,0.5126229508196722,0.0327868852459016,0.4754098360655738
US Airlines,seamless,13.0,74,0.33567085460897605,0.007533257188927663,0.3968579234972678,0.46396857923497264,0.473274374460742,0.4951844262295082,0.0983606557377049,0.4651639344262295
US Airlines,seamless,13.0,75,0.3343649220639613,0.006983169846815324,0.3944672131147541,0.4593889716840536,0.48661202185792346,0.5009221311475409,0.0471311475409836,0.4159836065573771
US Airlines,seamless,13.0,76,0.33439011690405807,0.006277714324106375,0.3975409836065574,0.45345433255269324,0.4822295081967213,0.4906420765027322,0.0614754098360655,0.4426229508196722
US Airlines,seamless,13.0,77,0.33589340902983067,0.00634070142434825,0.3965163934426229,0.4631147540983606,0.49252049180327867,0.49585342333654775,0.0471311475409836,0.4200819672131147
US Airlines,seamless,13.0,78,0.333483102660575,0.0061685366836871335,0.3903688524590164,0.4525029274004684,0.4788146279949559,0.486976320582878,0.0430327868852459,0.4651639344262295
US Airlines,seamless,13.0,79,0.3343355280838484,0.006239922063961251,0.3920765027322404,0.4599621689785624,0.47125075895567703,0.4932084309133489,0.0532786885245901,0.4713114754098361
US Airlines,seamless,13.0,80,0.3324879064767535,0.006592649825315728,0.3934426229508196,0.4539865871833085,0.47298234552332913,0.47937158469945357,0.0942622950819672,0.4405737704918033
US Airlines,seamless,13.0,81,0.33538951222789576,0.006655636925557595,0.3954918032786885,0.46470856102003644,0.47622950819672133,0.4980532786885246,0.0881147540983606,0.4692622950819672
US Airlines,seamless,13.0,82,0.3346840567051868,0.006500268744960985,0.3948087431693989,0.4585040983606557,0.4770296643247463,0.48138862102217933,0.0430327868852459,0.4774590163934426
US Airlines,seamless,13.0,83,0.33568765116904054,0.006281913464122498,0.39275956284153,0.4661885245901639,0.4836380832282472,0.49289617486338794,0.055327868852459,0.4754098360655738
US Airlines,seamless,13.0,84,0.33405418570276807,0.007230919107766685,0.3944672131147541,0.4576218123861566,0.4754553734061931,0.47898126463700236,0.1434426229508197,0.4590163934426229
US Airlines,seamless,13.0,85,0.3356120666487503,0.006008969363074396,0.39412568306010926,0.4631147540983606,0.493155737704918,0.49955290611028313,0.0389344262295082,0.4672131147540984
US Airlines,seamless,13.0,86,0.33689700349368445,0.006449879064767489,0.3934426229508196,0.4708723653395785,0.4815217391304347,0.4912568306010929,0.0799180327868852,0.4815573770491803
US Airlines,seamless,13.0,87,0.3352761354474603,0.007356893308250427,0.3975409836065574,0.462166059502125,0.4696721311475409,0.49576502732240435,0.1086065573770491,0.4631147540983606
US Airlines,seamless,13.0,88,0.3349108102660575,0.00661364552539635,0.3913934426229508,0.4588301043219076,0.48073770491803275,0.4933606557377049,0.0840163934426229,0.4774590163934426
US Airlines,seamless,13.0,89,0.3351375638269282,0.006252519484009627,0.3934426229508196,0.46388319672131145,0.4812090163934426,0.49352068696330986,0.0614754098360655,0.4815573770491803
US Airlines,seamless,13.0,90,0.33450349368449334,0.007029360386992698,0.39275956284153,0.46156947057242675,0.47137978142076503,0.49107468123861564,0.1229508196721311,0.4631147540983606
US Airlines,seamless,13.0,91,0.3375394719161516,0.006307108304219248,0.3954918032786885,0.46801279488204717,0.48304303278688526,0.5013319672131147,0.0614754098360655,0.4836065573770492
US Airlines,seamless,13.0,92,0.33511656812684765,0.006160138403654885,0.3944672131147541,0.46741803278688526,0.48071613459879203,0.4919398907103825,0.055327868852459,0.4692622950819672
US Airlines,seamless,13.0,93,0.33510816984681535,0.006294510884170874,0.39412568306010926,0.46075031525851196,0.4762099921935988,0.48109289617486334,0.0737704918032786,0.4754098360655738
US Airlines,seamless,13.0,94,0.33516275866702494,0.005681436441816668,0.3968579234972678,0.4590163934426229,0.4863524590163934,0.4924765807962529,0.0573770491803278,0.4877049180327869
US Airlines,seamless,13.0,95,0.33592280300994354,0.0069285810266057,0.3975409836065574,0.45667447306791564,0.47827868852459016,0.5111338797814208,0.0778688524590164,0.4528688524590164
US Airlines,seamless,13.0,96,0.33491081026605746,0.00635329884439662,0.3934426229508196,0.46558136004857315,0.4849180327868852,0.4945184426229508,0.1065573770491803,0.4672131147540984
US Airlines,seamless,13.0,97,0.33421795216339695,0.006521264445041608,0.3975409836065574,0.46155889496053426,0.4704918032786885,0.4871243169398907,0.0450819672131147,0.4631147540983606
US Airlines,seamless,13.0,98,0.33296660843859177,0.006260917764041875,0.3907103825136612,0.4557718579234972,0.47902082410279134,0.48548698167791704,0.0737704918032786,0.4795081967213115
US Airlines,seamless,13.0,99,0.3346210696049449,0.0058494020424616575,0.39275956284153,0.460655737704918,0.48069216757741345,0.4848032786885246,0.0430327868852459,0.4733606557377049
US Airlines,seamless,13.0,100,0.3301741803278689,0.007260313087879557,0.3924180327868852,0.44991422035836826,0.46436475409836064,0.4729939603106126,0.0840163934426229,0.4508196721311475
US Airlines,seamless,14.0,1,0.3328028419779629,0.0073358976081698,0.3954918032786885,0.45727079538554943,0.4788446526151444,0.48893442622950817,0.0512295081967213,0.4590163934426229
US Airlines,seamless,14.0,2,0.33561626578876647,0.006924381886589575,0.3934426229508196,0.4672131147540984,0.49189435336976317,0.493746205221615,0.0471311475409836,0.4180327868852459
US Airlines,seamless,14.0,3,0.3329246170384305,0.007146936307444186,0.3954918032786885,0.4524962742175857,0.47619535519125683,0.5029371584699454,0.0594262295081967,0.4549180327868852
US Airlines,seamless,14.0,4,0.33387362268207466,0.005950181402848649,0.3934426229508196,0.4553494391716997,0.48199453551912563,0.5002049180327869,0.0286885245901639,0.444672131147541
US Airlines,seamless,14.0,5,0.3345790782047836,0.006647238645525352,0.39412568306010926,0.4590784898161947,0.4829918032786885,0.4869877049180328,0.0614754098360655,0.4610655737704918
US Airlines,seamless,14.0,6,0.3390973528621338,0.00585360118247778,0.3968579234972678,0.4636270491803278,0.5028103044496487,0.5271857923497267,0.0348360655737704,0.4918032786885246
US Airlines,seamless,14.0,7,0.3352761354474603,0.006571654125235105,0.3954918032786885,0.4574453551912568,0.4843169398907104,0.5055669398907104,0.0594262295081967,0.4590163934426229
US Airlines,seamless,14.0,8,0.33279864283794675,0.006685030905670469,0.3934426229508196,0.4631147540983606,0.47712045616536,0.4810214375788146,0.0471311475409836,0.4159836065573771
US Airlines,seamless,14.0,9,0.33490661112604136,0.006340701424348246,0.39378415300546443,0.4590163934426229,0.4873335040983607,0.49134221311475407,0.0614754098360655,0.4877049180327869
US Airlines,seamless,14.0,10,0.3330673877989788,0.00679840768610584,0.3920765027322404,0.4595882577201677,0.4703256535223748,0.48606557377049175,0.0819672131147541,0.4610655737704918
US Airlines,seamless,14.0,11,0.33679622413329746,0.005899791722655154,0.3934426229508196,0.4662673392181589,0.48573770491803275,0.48740437158469946,0.055327868852459,0.4815573770491803
US Airlines,seamless,14.0,12,0.33430193496371946,0.006420485084654614,0.3944672131147541,0.46249999999999997,0.4742756385817766,0.4786885245901639,0.0491803278688524,0.4713114754098361
US Airlines,seamless,14.0,13,0.3344405065842515,0.0068655939263638326,0.3920765027322404,0.4557377049180327,0.4731371087928465,0.4962295081967213,0.0860655737704918,0.4733606557377049
US Airlines,seamless,14.0,14,0.3358766124697662,0.006517065305025484,0.3920765027322404,0.4643550474547023,0.4814663023679417,0.4993097497842968,0.0717213114754098,0.4651639344262295
US Airlines,seamless,14.0,15,0.33601938323031444,0.006785810266057466,0.39412568306010926,0.4610655737704918,0.484733606557377,0.5126593806921677,0.0594262295081967,0.4467213114754098
US Airlines,seamless,14.0,16,0.3336006785810266,0.007789404729911267,0.3954918032786885,0.46235979292493523,0.48073770491803275,0.4981045081967213,0.1065573770491803,0.4672131147540984
US Airlines,seamless,14.0,17,0.3365988645525396,0.006315506584251498,0.3948087431693989,0.4672131147540984,0.4829980129160457,0.5029371584699454,0.0614754098360655,0.4836065573770492
US Airlines,seamless,14.0,18,0.3331513705993012,0.007197325987637682,0.3954918032786885,0.4508196721311475,0.4787340619307833,0.4835610200364299,0.0594262295081967,0.4467213114754098
US Airlines,seamless,14.0,19,0.33646029293200747,0.006836199946250964,0.3958333333333333,0.46470856102003644,0.4846994535519126,0.5031147540983607,0.0717213114754098,0.4815573770491803
US Airlines,seamless,14.0,20,0.334457303144316,0.006340701424348245,0.3948087431693989,0.4622950819672131,0.47964480874316945,0.48490437158469946,0.1024590163934426,0.4733606557377049
US Airlines,seamless,14.0,21,0.33326894651975275,0.007734815909701645,0.3948087431693989,0.4525273224043716,0.474672131147541,0.49311475409836064,0.0696721311475409,0.4631147540983606
US Airlines,seamless,14.0,22,0.33423474872346143,0.006424684224670742,0.3924180327868852,0.4631147540983606,0.48137522768670304,0.48817330210772836,0.0737704918032786,0.4651639344262295
US Airlines,seamless,14.0,23,0.33568345202902444,0.005954380542864776,0.3975409836065574,0.4606102003642987,0.4811475409836065,0.4899077868852459,0.0327868852459016,0.4815573770491803
US Airlines,seamless,14.0,24,0.33558687180865354,0.006592649825315726,0.39617486338797814,0.4590163934426229,0.485,0.4946135831381733,0.1086065573770491,0.4733606557377049
US Airlines,seamless,14.0,25,0.3347764377855415,0.0062651169040580015,0.3903688524590164,0.4601548269581056,0.4826844262295082,0.4912295081967213,0.0471311475409836,0.4815573770491803
US Airlines,seamless,14.0,26,0.3355700752485891,0.007331698468153671,0.3948087431693989,0.4559426229508196,0.4838025659301497,0.48750000000000004,0.0840163934426229,0.444672131147541
US Airlines,seamless,14.0,27,0.33467985756517066,0.0068152042461703385,0.3968579234972678,0.45659463487332336,0.4824590163934426,0.48874813710879284,0.0532786885245901,0.4528688524590164
US Airlines,seamless,14.0,28,0.3371405536146197,0.006055159903251763,0.39412568306010926,0.4661885245901639,0.4826169532187125,0.5002049180327869,0.0635245901639344,0.4672131147540984
US Airlines,seamless,14.0,29,0.3352677371674281,0.006743818865896216,0.39617486338797814,0.4590163934426229,0.4809210526315789,0.5064207650273225,0.0594262295081967,0.4467213114754098
US Airlines,seamless,14.0,30,0.3320637933351249,0.00728130878796018,0.3965163934426229,0.4496926229508197,0.4664865871833085,0.4893954918032787,0.0614754098360655,0.4364754098360656
US Airlines,seamless,14.0,31,0.3333571284600913,0.006907585326525079,0.3954918032786885,0.45146941223510595,0.4771311475409836,0.4944444444444444,0.0655737704918032,0.4528688524590164
US Airlines,seamless,14.0,32,0.33205119591507654,0.006651437785541475,0.3944672131147541,0.4522284836065574,0.46749487704918036,0.48196721311475405,0.0717213114754098,0.4651639344262295
US Airlines,seamless,14.0,33,0.33411297366299386,0.007369490728298802,0.3939549180327868,0.45929582712369593,0.46511709601873535,0.4962090163934426,0.0696721311475409,0.4651639344262295
US Airlines,seamless,14.0,34,0.3359479978500403,0.0068026068261219635,0.3954918032786885,0.4623463114754098,0.48989071038251364,0.49745901639344264,0.0635245901639344,0.4631147540983606
US Airlines,seamless,14.0,35,0.33357128460091373,0.0070041655468959475,0.3924180327868852,0.45840163934426226,0.4824180327868852,0.4980453972257251,0.0655737704918032,0.4631147540983606
US Airlines,seamless,14.0,36,0.33330673877989786,0.007835595270088641,0.39369877049180324,0.45930012610340476,0.48627049180327864,0.510655737704918,0.1290983606557377,0.4610655737704918
US Airlines,seamless,14.0,37,0.33256769013705995,0.008759406073636072,0.3954918032786885,0.454405737704918,0.46936475409836065,0.49489567809239937,0.0922131147540983,0.4672131147540984
US Airlines,seamless,14.0,38,0.3343313289438323,0.006647238645525348,0.3954918032786885,0.4540072859744991,0.478688524590164,0.5046658259773015,0.0594262295081967,0.4528688524590164
US Airlines,seamless,14.0,39,0.3325256987368987,0.007176330287557061,0.3954918032786885,0.4569672131147541,0.46782786885245903,0.4793911007025761,0.0819672131147541,0.4672131147540984
US Airlines,seamless,14.0,40,0.33481842918570276,0.006957975006718574,0.389344262295082,0.4605532786885246,0.4786764705882353,0.5026775956284153,0.0655737704918032,0.4795081967213115
US Airlines,seamless,14.0,41,0.3381987368986831,0.0061055495834452635,0.3965163934426229,0.46379781420765026,0.49298155737704913,0.5124487704918034,0.0450819672131147,0.4815573770491803
US Airlines,seamless,14.0,42,0.33133314297231925,0.007814599570008017,0.3954918032786885,0.44234709962168983,0.4726434426229508,0.4982581967213115,0.0942622950819672,0.4426229508196722
US Airlines,seamless,14.0,43,0.33508297500671863,0.006071956463316267,0.3907103825136612,0.4590163934426229,0.4945732052006783,0.5054303278688524,0.055327868852459,0.4959016393442623
US Airlines,seamless,14.0,44,0.3353265251276539,0.0063532988443966215,0.3965163934426229,0.4516393442622951,0.48621926229508194,0.5024931693989071,0.055327868852459,0.4487704918032787
US Airlines,seamless,14.0,45,0.33189582773448,0.007075550927170068,0.39617486338797814,0.4444672131147541,0.47894223263075725,0.49831511839708564,0.0614754098360655,0.4405737704918033
US Airlines,seamless,14.0,46,0.33244591507659227,0.006155939263638759,0.3913934426229508,0.45579625292740045,0.47569493941553814,0.4788056206088993,0.0471311475409836,0.4344262295081967
US Airlines,seamless,14.0,47,0.3348058317656543,0.006542260145122231,0.3934426229508196,0.4668032786885246,0.4708216713314674,0.4915983606557377,0.0799180327868852,0.4692622950819672
US Airlines,seamless,14.0,48,0.3332563490997044,0.007193126847621556,0.3913934426229508,0.45824795081967207,0.4770081967213115,0.4982581967213115,0.0512295081967213,0.4651639344262295
US Airlines,seamless,14.0,49,0.3301279897876915,0.00783559527008864,0.3948087431693989,0.4467213114754098,0.47547814207650274,0.48151423641069885,0.0614754098360655,0.4344262295081967
US Airlines,seamless,14.0,50,0.33470505240526743,0.005962778822897023,0.3948087431693989,0.46393442622950815,0.4777570789865872,0.4828324225865209,0.0614754098360655,0.4733606557377049
US Airlines,seamless,14.0,51,0.3316438793335124,0.006718624025799468,0.3900273224043716,0.4551457194899817,0.4691204287515763,0.4812680810028929,0.0737704918032786,0.4569672131147541
US Airlines,seamless,14.0,52,0.3334243147003494,0.006974771566783078,0.3965163934426229,0.46184426229508196,0.469031762295082,0.48237704918032787,0.096311475409836,0.4631147540983606
US Airlines,seamless,14.0,53,0.3344657014243482,0.007230919107766683,0.3944672131147541,0.45628415300546443,0.4792740046838408,0.4915642076502732,0.0594262295081967,0.4569672131147541
US Airlines,seamless,14.0,54,0.33368046224133296,0.007004165546895951,0.3913934426229508,0.46008367486338797,0.46630029806259315,0.49067622950819667,0.0799180327868852,0.4610655737704918
US Airlines,seamless,14.0,55,0.33752267535608704,0.006218926363880631,0.3934426229508196,0.471469104665826,0.48580038572806167,0.49171220400728594,0.0389344262295082,0.4733606557377049
US Airlines,seamless,14.0,56,0.3343691212039774,0.007100745767266815,0.3934426229508196,0.45983606557377044,0.47713495996950056,0.4924590163934426,0.0840163934426229,0.4774590163934426
US Airlines,seamless,14.0,57,0.3340415882827197,0.006722823165815595,0.3954918032786885,0.46019861286254726,0.47284543325526934,0.48488428158148505,0.0635245901639344,0.4631147540983606
US Airlines,seamless,14.0,58,0.3368760077936039,0.006538061005106106,0.3954918032786885,0.4590163934426229,0.485030198446937,0.5107142857142857,0.0368852459016393,0.4569672131147541
US Airlines,seamless,14.0,59,0.33313877317925283,0.00728130878796018,0.3965163934426229,0.45717738545607395,0.4713456284153006,0.48862704918032784,0.0778688524590164,0.4590163934426229
US Airlines,seamless,14.0,60,0.33420535474334856,0.007293906208008556,0.39412568306010926,0.45911885245901635,0.47815915300546447,0.49971311475409835,0.1209016393442623,0.4610655737704918
US Airlines,seamless,14.0,61,0.3327188591776404,0.0070671526471378174,0.38866120218579236,0.4531615925058548,0.48215350223546943,0.5024931693989071,0.0635245901639344,0.4590163934426229
US Airlines,seamless,14.0,62,0.3331975611394786,0.007025161246976573,0.3954918032786885,0.4522833723653396,0.47422854387656704,0.5015710382513661,0.0614754098360655,0.4405737704918033
US Airlines,seamless,14.0,63,0.33670384305294276,0.00583680462241328,0.3924180327868852,0.4651639344262295,0.4865534738485558,0.5074795081967213,0.040983606557377,0.4692622950819672
US Airlines,seamless,14.0,64,0.3358262227895727,0.005971177102929271,0.3934426229508196,0.4540642076502732,0.4889754098360656,0.5007118205349439,0.0286885245901639,0.4487704918032787
US Airlines,seamless,14.0,65,0.33318496371943024,0.0066136455253963545,0.3948087431693989,0.4577761000862812,0.4799180327868853,0.48330363506771207,0.0717213114754098,0.4590163934426229
US Airlines,seamless,14.0,66,0.33517115694705724,0.006239922063961255,0.3934426229508196,0.4590163934426229,0.49256830601092894,0.5033242258652095,0.0573770491803278,0.4938524590163934
US Airlines,seamless,14.0,67,0.33539371136791185,0.006172735823703259,0.3944672131147541,0.4572599531615925,0.4805901639344262,0.4932786885245901,0.0594262295081967,0.4487704918032787
US Airlines,seamless,14.0,68,0.33183284063423807,0.0069957672668636995,0.39617486338797814,0.4417447306791569,0.4832377049180328,0.4913934426229508,0.0614754098360655,0.4405737704918033
US Airlines,seamless,14.0,69,0.33675003359312017,0.006134943563558136,0.39822404371584696,0.46827868852459015,0.4794028103044497,0.5108606557377049,0.0635245901639344,0.4795081967213115
US Airlines,seamless,14.0,70,0.33386102526202627,0.007180529427573185,0.3948087431693989,0.4613387978142076,0.4784608378870674,0.4834699453551913,0.0594262295081967,0.4385245901639344
US Airlines,seamless,14.0,71,0.33456228164471913,0.007592045149153409,0.3975409836065574,0.4610655737704918,0.46897856242118535,0.4889799635701275,0.1229508196721311,0.4631147540983606
US Airlines,seamless,14.0,72,0.33712795619457137,0.006752217145928465,0.3954918032786885,0.4672131147540984,0.4810109289617486,0.503620218579235,0.0573770491803278,0.4774590163934426
US Airlines,seamless,14.0,73,0.33460847218489653,0.006605247245364102,0.3944672131147541,0.45642795513373596,0.49323770491803276,0.49563366960907945,0.0389344262295082,0.4672131147540984
US Airlines,seamless,14.0,74,0.33601098495028214,0.006617844665412476,0.3965163934426229,0.46782786885245903,0.4913934426229508,0.49791178766588606,0.0491803278688524,0.4733606557377049
US Airlines,seamless,14.0,75,0.33256349099704374,0.006638840365493101,0.3975409836065574,0.45187959299039004,0.47057377049180327,0.48427719821162446,0.0594262295081967,0.444672131147541
US Airlines,seamless,14.0,76,0.33418435904326793,0.006546459285138355,0.3913934426229508,0.4588301043219076,0.4752206809583859,0.4971311475409836,0.0614754098360655,0.4754098360655738
US Airlines,seamless,14.0,77,0.3336258734211234,0.007146936307444186,0.3954918032786885,0.46443208430913346,0.4838717454194793,0.49067622950819667,0.0614754098360655,0.4405737704918033
US Airlines,seamless,14.0,78,0.33394920720236493,0.006575853265251232,0.3948087431693989,0.4536372950819672,0.4820582877959927,0.48960310612597063,0.0430327868852459,0.4528688524590164
US Airlines,seamless,14.0,79,0.33515436038699276,0.006311307444235372,0.3913934426229508,0.45380029806259314,0.48742681498829044,0.5023013871374526,0.0532786885245901,0.4877049180327869
US Airlines,seamless,14.0,80,0.3354566984681537,0.0058578003224939055,0.3975409836065574,0.4585040983606557,0.4878343399482313,0.49619970193740687,0.0532786885245901,0.4692622950819672
US Airlines,seamless,14.0,81,0.33331933619994625,0.006294510884170875,0.3913934426229508,0.4522284836065574,0.47460382513661203,0.49294650560828296,0.055327868852459,0.4754098360655738
US Airlines,seamless,14.0,82,0.334049986562752,0.006769013705992968,0.3954918032786885,0.4526492974238876,0.4848045397225725,0.5032471626733922,0.0512295081967213,0.4528688524590164
US Airlines,seamless,14.0,83,0.33665345337274927,0.006025765923138894,0.3944672131147541,0.46971766848816027,0.48788056206089,0.49533811475409834,0.055327868852459,0.4733606557377049
US Airlines,seamless,14.0,84,0.3336720639613007,0.005962778822897023,0.3954918032786885,0.4574401008827238,0.47593920765027325,0.48510928961748634,0.0430327868852459,0.4774590163934426
US Airlines,seamless,14.0,85,0.3336762631013168,0.006718624025799467,0.3975409836065574,0.4549180327868852,0.4751490312965723,0.48107923497267757,0.0594262295081967,0.4426229508196722
US Airlines,seamless,14.0,86,0.3328490325181403,0.007046156947057196,0.3934426229508196,0.45560109289617484,0.47602459016393445,0.4852202868852459,0.0594262295081967,0.4385245901639344
US Airlines,seamless,14.0,87,0.33332353533996234,0.007029360386992698,0.39822404371584696,0.45765027322404367,0.47420765027322404,0.4899590163934426,0.0901639344262295,0.4590163934426229
US Airlines,seamless,14.0,88,0.33470085326525123,0.006013168503090521,0.3913934426229508,0.4659090909090909,0.4773497267759563,0.4921311475409836,0.0327868852459016,0.4815573770491803
US Airlines,seamless,14.0,89,0.3343649220639613,0.00605515990325177,0.3934426229508196,0.4612932604735883,0.48095628415300545,0.4869877049180328,0.055327868852459,0.4815573770491803
US Airlines,seamless,14.0,90,0.3330631886589626,0.006298710024186999,0.3944672131147541,0.45378745053702657,0.48422131147540987,0.4956967213114754,0.0471311475409836,0.4180327868852459
US Airlines,seamless,14.0,91,0.3343733203439935,0.006449879064767487,0.3954918032786885,0.46069299552906107,0.4793260473588343,0.4921106557377049,0.0450819672131147,0.4651639344262295
US Airlines,seamless,14.0,92,0.3347554420854609,0.006214727223864503,0.39275956284153,0.4682377049180328,0.48041752049180325,0.4878166915052161,0.055327868852459,0.4795081967213115
US Airlines,seamless,14.0,93,0.3351375638269283,0.006416285944638493,0.3954918032786885,0.46537963761863677,0.47491803278688527,0.49512750455373405,0.0635245901639344,0.4672131147540984
US Airlines,seamless,14.0,94,0.33271885917764044,0.007541655468959909,0.39275956284153,0.45532786885245896,0.4824908925318761,0.49089732528041413,0.0676229508196721,0.4569672131147541
US Airlines,seamless,14.0,95,0.33483522574576724,0.006147540983606505,0.3934426229508196,0.4610655737704918,0.4778688524590164,0.48452868852459013,0.0532786885245901,0.4774590163934426
US Airlines,seamless,14.0,96,0.33490661112604136,0.006071956463316267,0.3913934426229508,0.4531615925058548,0.490952080706179,0.5047540983606558,0.0491803278688524,0.4918032786885246
US Airlines,seamless,14.0,97,0.33564565976887933,0.006693429185702722,0.3954918032786885,0.4610655737704918,0.4804918032786885,0.48893442622950817,0.0758196721311475,0.4508196721311475
US Airlines,seamless,14.0,98,0.3322611529158828,0.006739619725880094,0.3960040983606557,0.4557377049180327,0.4752945696721312,0.4871584699453552,0.0512295081967213,0.4754098360655738
US Airlines,seamless,14.0,99,0.3331303748992206,0.007222520827734433,0.3934426229508196,0.4572082931533269,0.480327868852459,0.49607728337236534,0.1004098360655737,0.4590163934426229
US Airlines,seamless,14.0,100,0.33487301800591235,0.0065338618650899825,0.3920765027322404,0.4612437633642195,0.48722677595628416,0.5077868852459017,0.0450819672131147,0.4631147540983606
US Airlines,seamless,15.0,1,0.33358388202096206,0.006504467884977109,0.3954918032786885,0.45235655737704916,0.48040983606557375,0.4997267759562841,0.0594262295081967,0.4569672131147541
US Airlines,seamless,15.0,2,0.3349066111260414,0.006449879064767488,0.3948087431693989,0.4514344262295082,0.4862704918032787,0.5031420765027322,0.0614754098360655,0.4467213114754098
US Airlines,seamless,15.0,3,0.3327188591776404,0.007172131147540934,0.3954918032786885,0.4473360655737705,0.48499544626593805,0.5001117734724292,0.0614754098360655,0.4385245901639344
US Airlines,seamless,15.0,4,0.3364560937919914,0.006433082504702989,0.3934426229508196,0.4620901639344262,0.4861241217798595,0.4967896174863388,0.0676229508196721,0.485655737704918
US Airlines,seamless,15.0,5,0.3315305025530771,0.007113343187315189,0.39275956284153,0.45195810564663025,0.47625986642380086,0.4857786885245901,0.0676229508196721,0.4713114754098361
US Airlines,seamless,15.0,6,0.33534332168771835,0.006336502284332121,0.3948087431693989,0.4566108339272986,0.48395784543325526,0.5019581056466302,0.0450819672131147,0.4569672131147541
US Airlines,seamless,15.0,7,0.335599469228702,0.0063113074442353746,0.3948087431693989,0.46236959761549923,0.48837704918032787,0.4914845173041894,0.0471311475409836,0.4897540983606557
US Airlines,seamless,15.0,8,0.3323955253963988,0.006382692824509491,0.3954918032786885,0.4524134790528233,0.47418032786885245,0.4853239656518345,0.0594262295081967,0.4426229508196722
US Airlines,seamless,15.0,9,0.3321477761354474,0.007134338887395814,0.3934426229508196,0.45430327868852455,0.4710018214936248,0.492271662763466,0.0717213114754098,0.4713114754098361
US Airlines,seamless,15.0,10,0.3347512429454448,0.005899791722655158,0.3948087431693989,0.4544451450189155,0.4773171500630517,0.48700819672131146,0.0389344262295082,0.4774590163934426
US Airlines,seamless,15.0,11,0.335229944907283,0.006378493684493369,0.3913934426229508,0.46083788706739526,0.4792846497764531,0.4909323770491803,0.0840163934426229,0.4795081967213115
US Airlines,seamless,15.0,12,0.33531812684762163,0.006659836065573724,0.3954918032786885,0.457679971489665,0.48640983606557375,0.48946721311475405,0.0471311475409836,0.4877049180327869
US Airlines,seamless,15.0,13,0.3382113343187315,0.006815204246170339,0.3975409836065574,0.4641393442622951,0.49287733182589033,0.5046448087431694,0.0758196721311475,0.4733606557377049
US Airlines,seamless,15.0,14,0.33361327600107493,0.006714424885783344,0.389344262295082,0.45242974238875877,0.48051415797317437,0.49904371584699453,0.0635245901639344,0.4815573770491803
US Airlines,seamless,15.0,15,0.336275530771298,0.005958579682880898,0.39617486338797814,0.4680568948891032,0.47723653395784543,0.490061475409836,0.0676229508196721,0.4774590163934426
US Airlines,seamless,15.0,16,0.3341885581832841,0.006903386186508957,0.3948087431693989,0.4508196721311475,0.48403688524590166,0.49102914389799635,0.0614754098360655,0.4385245901639344
US Airlines,seamless,15.0,17,0.3346168704649288,0.006231523783929004,0.3931010928961748,0.4581967213114754,0.4904918032786885,0.49312386156648447,0.0532786885245901,0.4631147540983606
US Airlines,seamless,15.0,18,0.33653587745229774,0.006063558183284015,0.3975409836065574,0.4667817083692839,0.48554644808743164,0.48767076502732243,0.0368852459016393,0.4713114754098361
US Airlines,seamless,15.0,19,0.3353895122278957,0.007104944907282945,0.3954918032786885,0.46353153653792717,0.47024590163934427,0.48352459016393445,0.1188524590163934,0.4651639344262295
US Airlines,seamless,15.0,20,0.334826827465735,0.006454078204783615,0.3954918032786885,0.4607619914996964,0.4747950819672131,0.49072014051522245,0.0532786885245901,0.4733606557377049
US Airlines,seamless,15.0,21,0.3344363074442354,0.007285507927976305,0.3954918032786885,0.45628415300546443,0.48801229508196725,0.4913934426229508,0.0717213114754098,0.4631147540983606
US Airlines,seamless,15.0,22,0.3348184291857027,0.006412086804622364,0.3954918032786885,0.46270491803278685,0.4863764838892029,0.4906368221941992,0.0471311475409836,0.4118852459016394
US Airlines,seamless,15.0,23,0.3315892905133028,0.007293906208008556,0.3954918032786885,0.4487704918032787,0.47459016393442627,0.48328779599271404,0.0614754098360655,0.4364754098360656
US Airlines,seamless,15.0,24,0.33293301531846275,0.006764814565976838,0.3913934426229508,0.456511839708561,0.4769320843091335,0.49378415300546447,0.0737704918032786,0.4754098360655738
US Airlines,seamless,15.0,25,0.33387782182209086,0.00608455388336464,0.3934426229508196,0.45665983606557375,0.4733225314525353,0.4829625292740047,0.0696721311475409,0.4733606557377049
US Airlines,seamless,15.0,26,0.33386942354205856,0.007020962106960448,0.3944672131147541,0.4584309133489461,0.47772131147540986,0.4942622950819672,0.0614754098360655,0.4405737704918033
US Airlines,seamless,15.0,27,0.3322107632356893,0.006735420585863964,0.3954918032786885,0.4483250178189594,0.4798823948681397,0.4825136612021858,0.0614754098360655,0.444672131147541
US Airlines,seamless,15.0,28,0.3348982128460091,0.005929185702768026,0.3913934426229508,0.4656762295081967,0.4787786885245902,0.48874813710879284,0.0614754098360655,0.4795081967213115
US Airlines,seamless,15.0,29,0.33226955119591506,0.0071889277076054355,0.3965163934426229,0.4538934426229508,0.4770313613684961,0.48334575260804774,0.0614754098360655,0.4426229508196722
US Airlines,seamless,15.0,30,0.3349402042461704,0.005778016662187533,0.3954918032786885,0.4627488290398126,0.4778688524590164,0.48934426229508193,0.0430327868852459,0.4713114754098361
US Airlines,seamless,15.0,31,0.332164572695512,0.006365896264444994,0.3900273224043716,0.45064148253741976,0.47316280384397963,0.48836065573770493,0.0573770491803278,0.4733606557377049
US Airlines,seamless,15.0,32,0.3335376914807847,0.006743818865896218,0.3934426229508196,0.4651639344262295,0.47306980433633,0.4914845173041894,0.0799180327868852,0.4733606557377049
US Airlines,seamless,15.0,33,0.3343691212039774,0.00753325718892766,0.3944672131147541,0.4597540983606557,0.4816803278688524,0.4844892812105927,0.0983606557377049,0.4610655737704918
US Airlines,seamless,15.0,34,0.3336258734211233,0.006391091104541743,0.3944672131147541,0.45584947839046197,0.47653999006458025,0.48331967213114757,0.0676229508196721,0.4754098360655738
US Airlines,seamless,15.0,35,0.3379341910776673,0.006714424885783345,0.3944672131147541,0.4590163934426229,0.48926229508196717,0.5142076502732241,0.0737704918032786,0.4897540983606557
US Airlines,seamless,15.0,36,0.33467565842515457,0.006206328943832256,0.3913934426229508,0.4562220566318927,0.48892237222757956,0.49992548435171386,0.0655737704918032,0.4897540983606557
US Airlines,seamless,15.0,37,0.3324627116366568,0.006638840365493102,0.39412568306010926,0.4573863636363636,0.47075409836065574,0.47730802415875756,0.0696721311475409,0.4590163934426229
US Airlines,seamless,15.0,38,0.33422215130341304,0.006693429185702718,0.3954918032786885,0.45623536299765804,0.4789722572509458,0.4833606557377049,0.0594262295081967,0.4569672131147541
US Airlines,seamless,15.0,39,0.3361159634506853,0.006563255845202857,0.3934426229508196,0.46388319672131145,0.48217972070431087,0.4942622950819672,0.0491803278688524,0.4836065573770492
US Airlines,seamless,15.0,40,0.3342641427035743,0.006378493684493371,0.3913934426229508,0.4578454332552693,0.4776550249465431,0.48237704918032787,0.0389344262295082,0.4590163934426229
US Airlines,seamless,15.0,41,0.33544410104810535,0.0065044678849771114,0.3934426229508196,0.4631147540983606,0.4803651266766021,0.4955430327868852,0.0676229508196721,0.4651639344262295
US Airlines,seamless,15.0,42,0.335028386186509,0.007348495028218176,0.3934426229508196,0.4632428278688524,0.47957650273224045,0.5013205828779599,0.1270491803278688,0.4651639344262295
US Airlines,seamless,15.0,43,0.3346042730448804,0.006143341843590385,0.3975409836065574,0.46400570206699926,0.4730762796922047,0.4772131147540984,0.0840163934426229,0.4733606557377049
US Airlines,seamless,15.0,44,0.3337728433216878,0.007251914807847308,0.3954918032786885,0.4586438152011922,0.4691096110575378,0.4871689785624212,0.0840163934426229,0.4590163934426229
US Airlines,seamless,15.0,45,0.3343523246439129,0.00597117710292927,0.3944672131147541,0.46018735362997654,0.47840909090909095,0.48327868852459016,0.0450819672131147,0.4774590163934426
US Airlines,seamless,15.0,46,0.33754367105616767,0.006458277344799739,0.39617486338797814,0.46445460277427486,0.49592574734811956,0.509084699453552,0.0368852459016393,0.4651639344262295
US Airlines,seamless,15.0,47,0.33478483606557374,0.007050356087073318,0.39275956284153,0.462431693989071,0.47124560889929745,0.4977459016393443,0.0840163934426229,0.4713114754098361
US Airlines,seamless,15.0,48,0.33327314565976884,0.007906980650362763,0.3934426229508196,0.4539422326307572,0.4826844262295082,0.48905152224824355,0.125,0.4549180327868852
US Airlines,seamless,15.0,49,0.3353685165278151,0.006122346143509764,0.3968579234972678,0.46251205400192863,0.48311987704918036,0.49143658326143225,0.0389344262295082,0.4651639344262295
US Airlines,seamless,15.0,50,0.3349486025262027,0.006332303144315996,0.3920765027322404,0.4646516393442623,0.4807084309133489,0.49432084309133484,0.0532786885245901,0.4692622950819672
US Airlines,seamless,15.0,51,0.33334873018005906,0.00606775732330014,0.3920765027322404,0.45242974238875877,0.4748281332628239,0.48725409836065575,0.0389344262295082,0.4754098360655738
US Airlines,seamless,15.0,52,0.3360571754904595,0.006344900564364372,0.3954918032786885,0.47140057020669995,0.4852459016393442,0.5058287795992714,0.0471311475409836,0.4262295081967213
US Airlines,seamless,15.0,53,0.3321477761354475,0.007739015049717765,0.39275956284153,0.4521370023419204,0.4771077283372365,0.48586065573770487,0.0614754098360655,0.444672131147541
US Airlines,seamless,15.0,54,0.3347008532652513,0.006941178446654079,0.39412568306010926,0.46204561653599424,0.4753101462117856,0.5023472429210134,0.0717213114754098,0.4754098360655738
US Airlines,seamless,15.0,55,0.33316816715936576,0.006298710024187,0.3934426229508196,0.4549180327868852,0.476768149882904,0.4882513661202186,0.0696721311475409,0.4774590163934426
US Airlines,seamless,15.0,56,0.333310937919914,0.006949576726686328,0.3948087431693989,0.45560109289617484,0.47652900378310215,0.4849641393442623,0.0614754098360655,0.4364754098360656
US Airlines,seamless,15.0,57,0.3326306772373018,0.006491870464928735,0.39275956284153,0.45372818614489685,0.4748039914468995,0.4855737704918032,0.0594262295081967,0.4549180327868852
US Airlines,seamless,15.0,58,0.3352677371674281,0.0062147272238645065,0.3954918032786885,0.4569672131147541,0.4887431693989071,0.495327868852459,0.0573770491803278,0.4897540983606557
US Airlines,seamless,15.0,59,0.3347512429454447,0.006894987906476705,0.3975409836065574,0.44808743169398907,0.4816598360655737,0.50849478390462,0.0594262295081967,0.4426229508196722
US Airlines,seamless,15.0,60,0.3333739250201559,0.006357497984412746,0.3924180327868852,0.4600409836065573,0.4703210382513661,0.48196721311475405,0.0881147540983606,0.4692622950819672
US Airlines,seamless,15.0,61,0.33368886052136526,0.007251914807847305,0.3954918032786885,0.45860655737704914,0.47379781420765027,0.49634562841530055,0.1004098360655737,0.4610655737704918
US Airlines,seamless,15.0,62,0.3363889075517334,0.006256718624025752,0.3913934426229508,0.4672131147540984,0.48515624999999996,0.5031420765027322,0.0614754098360655,0.485655737704918
US Airlines,seamless,15.0,63,0.33746808653587745,0.005979575382961519,0.3934426229508196,0.4604350567465321,0.49193989071038247,0.5040353089533418,0.0327868852459016,0.4897540983606557
US Airlines,seamless,15.0,64,0.3323493348562214,0.0076298374092985295,0.3954918032786885,0.4562220566318927,0.47038934426229506,0.49286885245901635,0.096311475409836,0.4590163934426229
US Airlines,seamless,15.0,65,0.3341423676431067,0.00686979306637996,0.3929303278688524,0.46132172131147536,0.4691712204007286,0.4895491803278688,0.1270491803278688,0.4631147540983606
US Airlines,seamless,15.0,66,0.33570024858908887,0.006932780166621829,0.3948087431693989,0.4667577413479053,0.4859016393442623,0.4948087431693989,0.0758196721311475,0.4692622950819672
US Airlines,seamless,15.0,67,0.3338274321418973,0.006176934963719382,0.3934426229508196,0.45924408014571944,0.4810396893874029,0.5002341920374708,0.0450819672131147,0.4610655737704918
US Airlines,seamless,15.0,68,0.33298340499865625,0.007403083848427796,0.3948087431693989,0.45564127290260364,0.47855191256830604,0.49450819672131147,0.0983606557377049,0.4569672131147541
US Airlines,seamless,15.0,69,0.33349150094060737,0.007533257188927658,0.3954918032786885,0.45213242827868855,0.47521570319240725,0.48538776796973515,0.1270491803278688,0.4528688524590164
US Airlines,seamless,15.0,70,0.33310937919913997,0.007575248589088907,0.3954918032786885,0.45171618852459017,0.47318501170960187,0.48743169398907105,0.1270491803278688,0.4528688524590164
US Airlines,seamless,15.0,71,0.3335250940607364,0.006189532383767758,0.3934426229508196,0.45579625292740045,0.4732377049180328,0.4869877049180328,0.0573770491803278,0.4733606557377049
US Airlines,seamless,15.0,72,0.3367668301531846,0.005971177102929274,0.3954918032786885,0.4595286885245901,0.48340870548332393,0.4986065573770492,0.040983606557377,0.4836065573770492
US Airlines,seamless,15.0,73,0.3357002485890889,0.0065338618650899825,0.3954918032786885,0.46657274590163933,0.47670765027322404,0.49285063752276864,0.0594262295081967,0.4713114754098361
US Airlines,seamless,15.0,74,0.33396600376242946,0.005933384842784149,0.3944672131147541,0.4525273224043716,0.48237704918032787,0.490061475409836,0.0430327868852459,0.4528688524590164
US Airlines,seamless,15.0,75,0.3355112872883633,0.0065548575651706055,0.3965163934426229,0.4674337957124843,0.47918943533697633,0.4888831967213115,0.1024590163934426,0.4692622950819672
US Airlines,seamless,15.0,76,0.3328196385380274,0.007638235689330778,0.39617486338797814,0.4549886941775014,0.4764806980433633,0.48456284153005463,0.0778688524590164,0.4467213114754098
US Airlines,seamless,15.0,77,0.33178245095404457,0.006815204246170338,0.39617486338797814,0.45658299180327866,0.47134873323397913,0.48551912568306005,0.0614754098360655,0.4426229508196722
US Airlines,seamless,15.0,78,0.3337770424617038,0.006651437785541475,0.39275956284153,0.4579918032786885,0.47418032786885245,0.4791298865069357,0.055327868852459,0.4672131147540984
US Airlines,seamless,15.0,79,0.3358220236495566,0.005920787422735779,0.3934426229508196,0.4579129886506935,0.49260343481654956,0.49583333333333335,0.0389344262295082,0.4938524590163934
US Airlines,seamless,15.0,80,0.33778302203708677,0.0063071083042192475,0.3975409836065574,0.4737105157936825,0.4884522661523626,0.5069672131147541,0.0573770491803278,0.4754098360655738
US Airlines,seamless,15.0,81,0.33518375436710557,0.0058158089223326595,0.3975409836065574,0.45890854184641927,0.48089139344262294,0.48921815889029,0.0430327868852459,0.4815573770491803
US Airlines,seamless,15.0,82,0.3340037960225745,0.007768409029830651,0.3965163934426229,0.45957891353262614,0.48025956284153004,0.5086065573770492,0.0983606557377049,0.4610655737704918
US Airlines,seamless,15.0,83,0.3332017602794948,0.0069747715667830765,0.3954918032786885,0.4580849478390462,0.46894353369763203,0.5003278688524591,0.0635245901639344,0.4692622950819672
US Airlines,seamless,15.0,84,0.3354692958882021,0.006559056705186729,0.3913934426229508,0.46584699453551914,0.47780580075662044,0.4917402269861286,0.0778688524590164,0.4733606557377049
US Airlines,seamless,15.0,85,0.33470085326525123,0.007100745767266818,0.3954918032786885,0.45629900213827507,0.4773934426229508,0.4872950819672131,0.0901639344262295,0.4569672131147541
US Airlines,seamless,15.0,86,0.33339492072023647,0.007109144047299065,0.3934426229508196,0.4553571428571428,0.4778688524590164,0.48336748633879784,0.0614754098360655,0.4323770491803279
US Airlines,seamless,15.0,87,0.3331681671593657,0.0070167629669443225,0.3975409836065574,0.4537470725995316,0.4744808743169399,0.47852459016393445,0.1536885245901639,0.4549180327868852
US Airlines,seamless,15.0,88,0.33582202364955654,0.00608455388336464,0.3907103825136612,0.46572280178837555,0.4821493624772313,0.49489567809239937,0.040983606557377,0.4774590163934426
US Airlines,seamless,15.0,89,0.3345160911045418,0.006861394786347707,0.3954918032786885,0.4655137944822071,0.46922131147540985,0.4962090163934426,0.0737704918032786,0.4692622950819672
US Airlines,seamless,15.0,90,0.3359773918301531,0.006689230045686596,0.3934426229508196,0.4651639344262295,0.49016393442622946,0.49722222222222223,0.0717213114754098,0.4672131147540984
US Airlines,seamless,15.0,91,0.334625268744961,0.006281913464122503,0.3913934426229508,0.46468177434908386,0.47151639344262297,0.49887295081967215,0.0778688524590164,0.4672131147540984
US Airlines,seamless,15.0,92,0.33373085192152646,0.006332303144315998,0.3900273224043716,0.45927254098360654,0.47650273224043715,0.4960553278688525,0.0450819672131147,0.4713114754098361
US Airlines,seamless,15.0,93,0.3341171728030099,0.006416285944638491,0.39412568306010926,0.45049611734253664,0.4793231094658911,0.5003642987249545,0.0450819672131147,0.4795081967213115
US Airlines,seamless,15.0,94,0.3340121943026068,0.006819403386186461,0.3944672131147541,0.46127574611181166,0.4669429955290611,0.48843001261034047,0.0737704918032786,0.4672131147540984
US Airlines,seamless,15.0,95,0.33335712846009136,0.006731221445847842,0.3934426229508196,0.4586504683840749,0.47791276346604217,0.49409836065573765,0.0512295081967213,0.4590163934426229
US Airlines,seamless,15.0,96,0.3362671324912658,0.00602156678312277,0.3954918032786885,0.4683515482695811,0.48176229508196716,0.4930327868852459,0.0532786885245901,0.4754098360655738
US Airlines,seamless,15.0,97,0.3357296425692018,0.006021566783122766,0.39412568306010926,0.462218237704918,0.48095838587641865,0.49685792349726776,0.0450819672131147,0.4672131147540984
US Airlines,seamless,15.0,98,0.3312659567320613,0.006668234345605971,0.3965163934426229,0.4484777517564403,0.4728142076502732,0.47904371584699457,0.0614754098360655,0.4405737704918033
US Airlines,seamless,15.0,99,0.33022037086804623,0.007730616769685521,0.3929303278688524,0.4421758569299553,0.4715846994535519,0.4793488160291439,0.0942622950819672,0.4426229508196722
US Airlines,seamless,15.0,100,0.3334159164203171,0.006491870464928738,0.3965163934426229,0.45580898075552384,0.46855971896955506,0.4976775956284153,0.0614754098360655,0.4344262295081967
US Airlines,seamless,16.0,1,0.3351837543671056,0.0069201827465734545,0.39412568306010926,0.46448087431693985,0.47475409836065574,0.4894808743169399,0.0901639344262295,0.4692622950819672
US Airlines,seamless,16.0,2,0.3315682948132222,0.008154729911314117,0.3954918032786885,0.4522784106696305,0.472423887587822,0.484672131147541,0.1168032786885246,0.4528688524590164
US Airlines,seamless,16.0,3,0.3327146600376243,0.006907585326525081,0.39412568306010926,0.45623536299765804,0.476703381147541,0.4829918032786885,0.0614754098360655,0.4364754098360656
US Airlines,seamless,16.0,4,0.33394500806234884,0.005983774522977647,0.39275956284153,0.46169609079445145,0.47756147540983607,0.48005464480874316,0.040983606557377,0.4733606557377049
US Airlines,seamless,16.0,5,0.33426834184359044,0.0069537758667024534,0.3913934426229508,0.4549180327868852,0.47551229508196724,0.5056010928961749,0.0860655737704918,0.4713114754098361
US Airlines,seamless,16.0,6,0.3358010279494759,0.006046761623219516,0.3975409836065574,0.4579918032786885,0.4850182149362477,0.49332208293153323,0.0307377049180327,0.4754098360655738
US Airlines,seamless,16.0,7,0.33429353668368716,0.006210528083848379,0.3907103825136612,0.4581967213114754,0.48676814988290396,0.5107142857142857,0.0532786885245901,0.4877049180327869
US Airlines,seamless,16.0,8,0.3323451357162053,0.006676632625638222,0.3907103825136612,0.45628415300546443,0.46834016393442623,0.497423887587822,0.0676229508196721,0.4610655737704918
US Airlines,seamless,16.0,9,0.3339282115022843,0.006235722923945131,0.3913934426229508,0.45430327868852455,0.4866974043715847,0.49489567809239937,0.0450819672131147,0.4877049180327869
US Airlines,seamless,16.0,10,0.3346798575651706,0.006890788766460582,0.39378415300546443,0.4590163934426229,0.47855191256830604,0.49576502732240435,0.0614754098360655,0.4733606557377049
US Airlines,seamless,16.0,11,0.3366996439129266,0.006281913464122498,0.3934426229508196,0.4622040072859745,0.4926229508196721,0.49573770491803276,0.0491803278688524,0.4938524590163934
US Airlines,seamless,16.0,12,0.33716994759473257,0.006080354743348516,0.3975409836065574,0.46452356557377045,0.48652663934426227,0.49340536512667654,0.0450819672131147,0.4877049180327869
US Airlines,seamless,16.0,13,0.33469665412523514,0.007071351787153946,0.39617486338797814,0.4637333745746984,0.47172131147540985,0.48729508196721316,0.1024590163934426,0.4651639344262295
US Airlines,seamless,16.0,14,0.33334453104004297,0.006701827465734971,0.39412568306010926,0.46243169398907097,0.4786065573770492,0.4831420765027323,0.0737704918032786,0.4651639344262295
US Airlines,seamless,16.0,15,0.33445730314431604,0.006197930663800007,0.3954918032786885,0.46270491803278685,0.47282471626733924,0.49394703656998734,0.0819672131147541,0.4692622950819672
US Airlines,seamless,16.0,16,0.3340919779629132,0.006680831765654342,0.3944672131147541,0.45521077283372363,0.48167447306791566,0.4906967213114754,0.0922131147540983,0.4426229508196722
US Airlines,seamless,16.0,17,0.3334327129803816,0.007138538027411939,0.3975409836065574,0.4591627634660421,0.47392148403796375,0.4829098360655738,0.110655737704918,0.4610655737704918
US Airlines,seamless,16.0,18,0.3360781711905401,0.005500873421123306,0.3934426229508196,0.46050670640834573,0.4813061872025383,0.4969672131147541,0.0348360655737704,0.4815573770491803
US Airlines,seamless,16.0,19,0.33601098495028214,0.006433082504702991,0.3913934426229508,0.4661885245901639,0.48222605694564274,0.501775956284153,0.0594262295081967,0.4774590163934426
US Airlines,seamless,16.0,20,0.3342179521633969,0.00717633028755706,0.3954918032786885,0.4553571428571428,0.475862812769629,0.5083084947839046,0.0696721311475409,0.4733606557377049
US Airlines,seamless,16.0,21,0.33339492072023647,0.006643039505509225,0.3954918032786885,0.45915300546448085,0.4727272727272727,0.4826229508196721,0.0860655737704918,0.4610655737704918
US Airlines,seamless,16.0,22,0.33363427170115556,0.0068278016662187135,0.39617486338797814,0.4577996926229508,0.4777198211624441,0.4792349726775957,0.0594262295081967,0.4590163934426229
US Airlines,seamless,16.0,23,0.33551968556839556,0.006504467884977109,0.3954918032786885,0.4672131147540984,0.4784153005464481,0.4853949329359165,0.0983606557377049,0.4754098360655738
US Airlines,seamless,16.0,24,0.3351795552270895,0.006504467884977105,0.39412568306010926,0.46552031361368496,0.4767954722872756,0.48837090163934427,0.0737704918032786,0.4672131147540984
US Airlines,seamless,16.0,25,0.33246271163665675,0.0071721311475409395,0.3965163934426229,0.45749999999999996,0.4689344262295082,0.4793488160291439,0.0983606557377049,0.4590163934426229
US Airlines,seamless,16.0,26,0.3339744020424617,0.006886589626444457,0.39617486338797814,0.46345007451564824,0.47488290398126465,0.4830327868852459,0.110655737704918,0.4651639344262295
US Airlines,seamless,16.0,27,0.33513336468691207,0.006122346143509762,0.3975409836065574,0.46147540983606555,0.4800983606557377,0.4908811475409836,0.0430327868852459,0.4672131147540984
US Airlines,seamless,16.0,28,0.33285743079817254,0.006832000806234834,0.3954918032786885,0.45184426229508196,0.4791248016922264,0.4921311475409836,0.0614754098360655,0.4549180327868852
US Airlines,seamless,16.0,29,0.33334033190002693,0.0077390150497177665,0.3934426229508196,0.450182764731945,0.47662226775956285,0.48959016393442617,0.1311475409836065,0.4508196721311475
US Airlines,seamless,16.0,30,0.3338526269819941,0.006819403386186463,0.3907103825136612,0.460655737704918,0.483688524590164,0.4893070044709389,0.0471311475409836,0.4282786885245901
US Airlines,seamless,16.0,31,0.33502838618650904,0.00633650228433212,0.3975409836065574,0.45856102003642984,0.4878688524590164,0.5085245901639345,0.0430327868852459,0.4672131147540984
US Airlines,seamless,16.0,32,0.3313289438323031,0.007025161246976573,0.3903688524590164,0.453307962529274,0.47579039812646373,0.47997658079625294,0.0594262295081967,0.4590163934426229
US Airlines,seamless,16.0,33,0.332975006718624,0.007071351787153948,0.3954918032786885,0.4563012295081967,0.473823948681397,0.4852459016393442,0.0778688524590164,0.4569672131147541
US Airlines,seamless,16.0,34,0.3353559191077667,0.0058326054823971555,0.3954918032786885,0.460655737704918,0.4789426229508197,0.501775956284153,0.055327868852459,0.4795081967213115
US Airlines,seamless,16.0,35,0.33143392233270624,0.006731221445847842,0.3903688524590164,0.44713114754098354,0.4772768670309654,0.48500482160077146,0.0614754098360655,0.444672131147541
US Airlines,seamless,16.0,36,0.33277344799785,0.006680831765654349,0.3954918032786885,0.4478483606557377,0.47274590163934427,0.493155737704918,0.0594262295081967,0.4467213114754098
US Airlines,seamless,16.0,37,0.3339240123622682,0.006987368986831452,0.3954918032786885,0.461577868852459,0.4756147540983606,0.4951844262295082,0.0983606557377049,0.4672131147540984
US Airlines,seamless,16.0,38,0.33648548777210424,0.006063558183284014,0.3913934426229508,0.4635245901639344,0.4795667447306792,0.5147540983606558,0.0860655737704918,0.4795081967213115
US Airlines,seamless,16.0,39,0.33015318462778825,0.007478668368718028,0.3944672131147541,0.4488636363636364,0.469108606557377,0.47730802415875756,0.0922131147540983,0.4426229508196722
US Airlines,seamless,16.0,40,0.3337644450416554,0.007747413329750019,0.3954918032786885,0.4535326714384669,0.4839807555238774,0.48885245901639346,0.1413934426229508,0.4549180327868852
US Airlines,seamless,16.0,41,0.33479323434560604,0.006029965063155021,0.3934426229508196,0.45435916542473914,0.4880692167577414,0.5042008196721312,0.0430327868852459,0.4549180327868852
US Airlines,seamless,16.0,42,0.33430193496371946,0.006101350443429138,0.3954918032786885,0.4646516393442623,0.4747495446265938,0.4792740046838408,0.0389344262295082,0.4795081967213115
US Airlines,seamless,16.0,43,0.335028386186509,0.006386891964525616,0.3965163934426229,0.4657616120218579,0.47795992714025504,0.4856102003642987,0.0799180327868852,0.4713114754098361
US Airlines,seamless,16.0,44,0.3320889881752217,0.006886589626444459,0.3869535519125683,0.4527224824355972,0.4729918032786885,0.4985655737704918,0.0573770491803278,0.4692622950819672
US Airlines,seamless,16.0,45,0.3344824979844127,0.006995767266863699,0.3944672131147541,0.45247645622602023,0.477576112412178,0.48312841530054645,0.0860655737704918,0.4528688524590164
US Airlines,seamless,16.0,46,0.33310937919913997,0.005715029561945665,0.3954918032786885,0.45463859910581217,0.47534153005464486,0.47863729508196723,0.0471311475409836,0.4487704918032787
US Airlines,seamless,16.0,47,0.3344782988443966,0.006223125503896758,0.3954918032786885,0.4620901639344262,0.4761349306431274,0.49131147540983605,0.0819672131147541,0.4651639344262295
US Airlines,seamless,16.0,48,0.33334453104004297,0.006706026605751099,0.3948087431693989,0.4635245901639344,0.4709836065573771,0.4887587822014052,0.0983606557377049,0.4651639344262295
US Airlines,seamless,16.0,49,0.3363511152915883,0.006281913464122502,0.3913934426229508,0.4667577413479053,0.4902615144418423,0.4992096018735363,0.0860655737704918,0.4733606557377049
US Airlines,seamless,16.0,50,0.33294141359849505,0.006323904864283749,0.3944672131147541,0.4559426229508196,0.4784543325526932,0.4824453551912568,0.0594262295081967,0.4487704918032787
US Airlines,seamless,16.0,51,0.3339576054823972,0.00664723864552535,0.3934426229508196,0.4585435056746532,0.47815915300546447,0.4893070044709389,0.0717213114754098,0.4590163934426229
US Airlines,seamless,16.0,52,0.3345748790647675,0.0062105280838483795,0.3913934426229508,0.4519906323185012,0.4827496274217586,0.49710837887067394,0.0635245901639344,0.4836065573770492
US Airlines,seamless,16.0,53,0.3336720639613007,0.006609446385380224,0.3920765027322404,0.45891393442622946,0.4747723132969035,0.4882969034608379,0.0491803278688524,0.4692622950819672
US Airlines,seamless,16.0,54,0.33504938188658956,0.006899187046492833,0.3913934426229508,0.46279119930974977,0.4754553734061931,0.4926229508196721,0.0717213114754098,0.4631147540983606
US Airlines,seamless,16.0,55,0.33346210696049444,0.007398884708411671,0.3954918032786885,0.455503512880562,0.47952682563338306,0.48641686182669785,0.0881147540983606,0.4651639344262295
US Airlines,seamless,16.0,56,0.33525933888739584,0.007293906208008552,0.3954918032786885,0.46534368708656887,0.48158469945355187,0.4926229508196721,0.1086065573770491,0.4672131147540984
US Airlines,seamless,16.0,57,0.33546089760816983,0.005870397742542279,0.3944672131147541,0.46050670640834573,0.48118566526877615,0.504344262295082,0.0737704918032786,0.4815573770491803
US Airlines,seamless,16.0,58,0.3355868718086536,0.006722823165815595,0.3934426229508196,0.4605191256830601,0.476280737704918,0.4908196721311475,0.0717213114754098,0.4754098360655738
US Airlines,seamless,16.0,59,0.33271466003762434,0.006924381886589579,0.3954918032786885,0.44713114754098354,0.4778688524590164,0.49275956284153005,0.0614754098360655,0.4385245901639344
US Airlines,seamless,16.0,60,0.33436072292394514,0.005958579682880899,0.3954918032786885,0.4600409836065573,0.475304449648712,0.4814378415300546,0.0430327868852459,0.4754098360655738
US Airlines,seamless,16.0,61,0.33374344934157485,0.007310702768073047,0.3954918032786885,0.4519906323185012,0.4811475409836065,0.49651639344262294,0.0717213114754098,0.444672131147541
US Airlines,seamless,16.0,62,0.33425994356355815,0.007046156947057194,0.3954918032786885,0.4574401008827238,0.4856773080241587,0.48934426229508193,0.0594262295081967,0.4528688524590164
US Airlines,seamless,16.0,63,0.33715735017468423,0.005971177102929272,0.3934426229508196,0.46388319672131145,0.49685792349726776,0.5091393442622951,0.0348360655737704,0.4733606557377049
US Airlines,seamless,16.0,64,0.3334831026605751,0.006617844665412476,0.3913934426229508,0.45628415300546443,0.4763114754098361,0.48999999999999994,0.0635245901639344,0.4651639344262295
US Airlines,seamless,16.0,65,0.33509557242676696,0.006252519484009627,0.3954918032786885,0.4607377049180328,0.473304126625212,0.4893186475409836,0.0491803278688524,0.4733606557377049
US Airlines,seamless,16.0,66,0.3321687718355281,0.00766762966944365,0.3907103825136612,0.454771662763466,0.47485200364298724,0.4895491803278688,0.0614754098360655,0.4754098360655738
US Airlines,seamless,16.0,67,0.333819033861865,0.0064372816447191145,0.3934426229508196,0.4605532786885246,0.4707650273224044,0.47504314063848146,0.0676229508196721,0.4692622950819672
US Airlines,seamless,16.0,68,0.3349821956463316,0.007142737167428062,0.3975409836065574,0.45632010353753233,0.48159836065573763,0.5004683840749414,0.0696721311475409,0.4795081967213115
US Airlines,seamless,16.0,69,0.3365988645525396,0.006521264445041608,0.39617486338797814,0.4677985948477752,0.4796448087431694,0.4967213114754098,0.1004098360655737,0.4713114754098361
US Airlines,seamless,16.0,70,0.33563306234883095,0.006424684224670737,0.3944672131147541,0.46390290037831017,0.4804566744730679,0.4981264637002342,0.0614754098360655,0.4733606557377049
US Airlines,seamless,16.0,71,0.3361495565708143,0.006164337543671006,0.3954918032786885,0.46624245038826573,0.48129391100702573,0.49666666666666665,0.0389344262295082,0.4795081967213115
US Airlines,seamless,16.0,72,0.33268526605751136,0.006953775866702457,0.3954918032786885,0.4573218789407314,0.47318501170960187,0.47834699453551915,0.1024590163934426,0.4590163934426229
US Airlines,seamless,16.0,73,0.33408777882289703,0.006105549583445264,0.39412568306010926,0.4579918032786885,0.4751490312965723,0.48133669609079444,0.0348360655737704,0.4733606557377049
US Airlines,seamless,16.0,74,0.3311735756517065,0.007768409029830644,0.3954918032786885,0.4471055327868852,0.48091985428051,0.484016393442623,0.0922131147540983,0.4405737704918033
US Airlines,seamless,16.0,75,0.33347050524052674,0.007377889008331048,0.3995901639344262,0.45564988290398123,0.4698087431693989,0.4867213114754098,0.1393442622950819,0.4569672131147541
US Airlines,seamless,16.0,76,0.3323829279763504,0.007235118247782809,0.3954918032786885,0.45345433255269324,0.47827868852459016,0.48322824716267343,0.125,0.4549180327868852
US Airlines,seamless,16.0,77,0.332941413598495,0.006496069604944856,0.389344262295082,0.4546252927400468,0.4742332099418297,0.4942622950819672,0.0491803278688524,0.4754098360655738
US Airlines,seamless,16.0,78,0.3353517199677506,0.006185333243751631,0.3913934426229508,0.4676400273224044,0.4778688524590164,0.49256440281030445,0.040983606557377,0.4692622950819672
US Airlines,seamless,16.0,79,0.3363511152915883,0.006176934963719382,0.3975409836065574,0.46147540983606555,0.4831967213114754,0.5005674653215637,0.0491803278688524,0.4774590163934426
US Airlines,seamless,16.0,80,0.3358976081698469,0.006311307444235375,0.3948087431693989,0.46766848816029144,0.4832991803278689,0.5021857923497267,0.0614754098360655,0.4836065573770492
US Airlines,seamless,16.0,81,0.334356523783929,0.00674801800591234,0.3934426229508196,0.45579625292740045,0.49016393442622946,0.5012295081967213,0.055327868852459,0.4672131147540984
US Airlines,seamless,16.0,82,0.33446990056436443,0.005992172803009895,0.3954918032786885,0.4574795081967213,0.4727231329690346,0.4984192037470726,0.0614754098360655,0.4713114754098361
US Airlines,seamless,16.0,83,0.33289102391830155,0.006722823165815597,0.3954918032786885,0.45824795081967207,0.4726670870113493,0.4808606557377049,0.0819672131147541,0.4651639344262295
US Airlines,seamless,16.0,84,0.33524254232733136,0.006550658425154482,0.3954918032786885,0.4646910466582598,0.4825956284153005,0.4887587822014052,0.0573770491803278,0.4836065573770492
US Airlines,seamless,16.0,85,0.333042192958882,0.006945377586670199,0.39412568306010926,0.4511124121779859,0.4811865729898516,0.4950273224043716,0.0614754098360655,0.444672131147541
US Airlines,seamless,16.0,86,0.33327314565976884,0.006441480784735235,0.3934426229508196,0.44861286254728877,0.4826502732240437,0.4888831967213115,0.0614754098360655,0.444672131147541
US Airlines,seamless,16.0,87,0.33433132894383233,0.006987368986831449,0.3900273224043716,0.46584699453551914,0.4754610655737705,0.49161202185792346,0.0778688524590164,0.4754098360655738
US Airlines,seamless,16.0,88,0.3340037960225746,0.006323904864283747,0.3934426229508196,0.4590163934426229,0.47688524590163933,0.49359165424739193,0.0758196721311475,0.4692622950819672
US Airlines,seamless,16.0,89,0.33535171996775065,0.006475073904864234,0.39617486338797814,0.4646516393442623,0.4801496792587313,0.48906052963430013,0.0532786885245901,0.4774590163934426
US Airlines,seamless,16.0,90,0.33420955388336465,0.007835595270088641,0.3965163934426229,0.4555508678881388,0.4775045537340619,0.49415983606557373,0.1352459016393442,0.4569672131147541
US Airlines,seamless,16.0,91,0.3356120666487503,0.006323904864283745,0.3944672131147541,0.460655737704918,0.4820206699928724,0.489207650273224,0.0450819672131147,0.4733606557377049
US Airlines,seamless,16.0,92,0.333747648481591,0.006286112604138623,0.39617486338797814,0.45544224170796793,0.47278005464480877,0.4814063848144952,0.0860655737704918,0.4569672131147541
US Airlines,seamless,16.0,93,0.33374764848159094,0.007491265788766417,0.3954918032786885,0.45397225725094575,0.4769808743169399,0.48934426229508193,0.1270491803278688,0.4549180327868852
US Airlines,seamless,16.0,94,0.336846613813491,0.006273515184090251,0.3975409836065574,0.4620901639344262,0.4835409836065574,0.500591985428051,0.0430327868852459,0.4836065573770492
US Airlines,seamless,16.0,95,0.33594379871002417,0.006987368986831451,0.3975409836065574,0.45963114754098355,0.480959237926451,0.4994262295081967,0.0717213114754098,0.4815573770491803
US Airlines,seamless,16.0,96,0.3340751814028487,0.006697628325718848,0.3944672131147541,0.4508196721311475,0.4811475409836065,0.4992486338797814,0.0594262295081967,0.4508196721311475
US Airlines,seamless,16.0,97,0.3328952230583176,0.006370095404461118,0.3954918032786885,0.4553571428571428,0.4778688524590164,0.4834699453551913,0.0614754098360655,0.4426229508196722
US Airlines,seamless,16.0,98,0.33350409836065575,0.006873992206396085,0.3954918032786885,0.45703331570597566,0.47785022354694484,0.4943368107302533,0.0573770491803278,0.4590163934426229
US Airlines,seamless,16.0,99,0.3338820209621069,0.006542260145122233,0.3920765027322404,0.4591871584699453,0.47827868852459016,0.5032786885245902,0.0635245901639344,0.4651639344262295
US Airlines,seamless,16.0,100,0.33355448804084925,0.006815204246170339,0.3954918032786885,0.4563366960907944,0.4730253353204173,0.49631147540983606,0.0635245901639344,0.4631147540983606
US Airlines,seamless,17.0,1,0.3347722386455254,0.0065590567051867325,0.3954918032786885,0.4581625683060109,0.4818647540983606,0.49147150663544104,0.0471311475409836,0.4692622950819672
US Airlines,seamless,17.0,2,0.3351375638269282,0.006160138403654883,0.3975409836065574,0.45607069672131145,0.48575819672131143,0.4885245901639344,0.0450819672131147,0.4877049180327869
US Airlines,seamless,17.0,3,0.3334621069604945,0.006781611126041342,0.39412568306010926,0.4590163934426229,0.47443837279902856,0.49847775175644027,0.0737704918032786,0.4733606557377049
US Airlines,seamless,17.0,4,0.3331093791991401,0.0068194033861864655,0.3913934426229508,0.46130201765447665,0.4755009107468124,0.4773527625986642,0.1024590163934426,0.4631147540983606
US Airlines,seamless,17.0,5,0.3336216742811072,0.00642468422467074,0.3948087431693989,0.46347637415621984,0.4687877480586713,0.490655737704918,0.0758196721311475,0.4692622950819672
US Airlines,seamless,17.0,6,0.33260128325718896,0.005987973662993772,0.3924180327868852,0.45184426229508196,0.48827868852459017,0.49237074401008823,0.040983606557377,0.4467213114754098
US Airlines,seamless,17.0,7,0.33498219564633164,0.006357497984412743,0.39412568306010926,0.4628870673952641,0.4788179465056083,0.4894808743169398,0.0430327868852459,0.4754098360655738
US Airlines,seamless,17.0,8,0.3326852660575114,0.006643039505509226,0.3954918032786885,0.45367070563079115,0.47822280178837556,0.4922876304023845,0.0655737704918032,0.4467213114754098
US Airlines,seamless,17.0,9,0.33219816581564093,0.0066724334856221,0.3934426229508196,0.45610440034512506,0.463780737704918,0.4746926229508197,0.0778688524590164,0.4631147540983606
US Airlines,seamless,17.0,10,0.3370775665143778,0.006088753023380763,0.3954918032786885,0.46994535519125685,0.4793032786885246,0.497896174863388,0.0512295081967213,0.4795081967213115
US Airlines,seamless,17.0,11,0.3332605482397205,0.007638235689330779,0.3944672131147541,0.45947176684881597,0.4730054644808743,0.4912226775956284,0.0758196721311475,0.4733606557377049
US Airlines,seamless,17.0,12,0.3319210225745767,0.006727022305831715,0.389344262295082,0.4515515222482435,0.47943989071038257,0.48688524590163934,0.0491803278688524,0.4159836065573771
US Airlines,seamless,17.0,13,0.3333361327600108,0.006113947863477514,0.3913934426229508,0.4539865871833085,0.4848067915690866,0.4886475409836066,0.0286885245901639,0.4467213114754098
US Airlines,seamless,17.0,14,0.3356540580489116,0.006067757323300142,0.3944672131147541,0.46448087431693985,0.4891598360655737,0.49740437158469947,0.0307377049180327,0.4897540983606557
US Airlines,seamless,17.0,15,0.3323787288363343,0.007676027949475901,0.3944672131147541,0.4528688524590164,0.4671273351124667,0.4906420765027322,0.0819672131147541,0.4672131147540984
US Airlines,seamless,17.0,16,0.3326852660575114,0.007373689868314923,0.3954918032786885,0.4464285714285714,0.4830849478390462,0.496469104665826,0.0676229508196721,0.4467213114754098
US Airlines,seamless,17.0,17,0.33393241064230045,0.005635245901639296,0.39412568306010926,0.4580649882903981,0.47338342440801456,0.4766393442622951,0.040983606557377,0.4733606557377049
US Airlines,seamless,17.0,18,0.3335712846009137,0.006676632625638224,0.3954918032786885,0.45184426229508196,0.48866120218579234,0.510464480874317,0.0614754098360655,0.4385245901639344
US Airlines,seamless,17.0,19,0.33324795081967207,0.006785810266057464,0.3908811475409836,0.45594262295081966,0.48049662487946,0.490983606557377,0.0594262295081967,0.4672131147540984
US Airlines,seamless,17.0,20,0.33338232330018813,0.006302909164203122,0.3924180327868852,0.4590163934426229,0.47937158469945357,0.48349180327868857,0.0471311475409836,0.4836065573770492
US Airlines,seamless,17.0,21,0.3336006785810266,0.006353298844396619,0.3929303278688524,0.45920268256333824,0.4728825136612022,0.4908014571948998,0.0942622950819672,0.4713114754098361
US Airlines,seamless,17.0,22,0.33383583042192955,0.0066640352055898485,0.3975409836065574,0.4577761000862812,0.4709016393442623,0.48133383010432185,0.0717213114754098,0.4590163934426229
US Airlines,seamless,17.0,23,0.33419695646331626,0.006395290244557867,0.3934426229508196,0.4588301043219076,0.47870218579234974,0.48918032786885246,0.0573770491803278,0.4795081967213115
US Airlines,seamless,17.0,24,0.33441951088417093,0.006399489384573992,0.3958333333333333,0.4544789227166276,0.47905737704918033,0.49126733921815885,0.0758196721311475,0.4795081967213115
US Airlines,seamless,17.0,25,0.33358388202096206,0.007394685568395548,0.3954918032786885,0.44795081967213113,0.49272540983606555,0.5023224043715847,0.0860655737704918,0.4467213114754098
US Airlines,seamless,17.0,26,0.334793234345606,0.006903386186508957,0.39617486338797814,0.4551741803278688,0.48090385467434643,0.5028688524590164,0.0655737704918032,0.4815573770491803
US Airlines,seamless,17.0,27,0.33454548508465465,0.006294510884170877,0.3954918032786885,0.4572233606557377,0.48977361436377825,0.4967213114754098,0.0471311475409836,0.4262295081967213
US Airlines,seamless,17.0,28,0.33465046358505773,0.0060971513034130155,0.3903688524590164,0.4612232030264817,0.4732359230220955,0.4951844262295082,0.0799180327868852,0.4733606557377049
US Airlines,seamless,17.0,29,0.3337644450416554,0.007188927707605434,0.39412568306010926,0.4528688524590164,0.4831967213114754,0.5083723653395784,0.0532786885245901,0.4528688524590164
US Airlines,seamless,17.0,30,0.33360907686105884,0.005908190002687405,0.3913934426229508,0.4575136612021858,0.4896050670640834,0.500591985428051,0.0512295081967213,0.4713114754098361
US Airlines,seamless,17.0,31,0.33661146197258796,0.006025765923138894,0.3965163934426229,0.4617486338797814,0.4896678170836928,0.49556986729117875,0.0348360655737704,0.4959016393442623
US Airlines,seamless,17.0,32,0.3344027143241064,0.006395290244557868,0.3954918032786885,0.4618340163934426,0.47530054644808745,0.4910128805620609,0.0737704918032786,0.4651639344262295
US Airlines,seamless,17.0,33,0.3313541386723999,0.006294510884170877,0.3954918032786885,0.4514051522248243,0.46589451176051316,0.4769808743169399,0.040983606557377,0.4590163934426229
US Airlines,seamless,17.0,34,0.3361201625907014,0.006143341843590383,0.3903688524590164,0.462858606557377,0.4805485498108449,0.4969945355191257,0.0737704918032786,0.4754098360655738
US Airlines,seamless,17.0,35,0.3347176498253157,0.007424079548508416,0.3939549180327868,0.4590163934426229,0.47786885245901634,0.49372205663189267,0.1045081967213114,0.4692622950819672
US Airlines,seamless,17.0,36,0.3354399019080892,0.00586199946251003,0.3975409836065574,0.4563979963570127,0.4836520947176685,0.49098360655737705,0.0307377049180327,0.4713114754098361
US Airlines,seamless,17.0,37,0.3341423676431066,0.00658425154528348,0.3934426229508196,0.461943793911007,0.4696074201898188,0.48852459016393446,0.0676229508196721,0.4672131147540984
US Airlines,seamless,17.0,38,0.3349989922063961,0.00675641628594459,0.3995901639344262,0.46487119437939106,0.47236533957845434,0.48743169398907105,0.0860655737704918,0.4672131147540984
US Airlines,seamless,17.0,39,0.3353349234076861,0.0063113074442353746,0.3944672131147541,0.45678902352102635,0.48773419203747076,0.49922586520947176,0.0471311475409836,0.4364754098360656
US Airlines,seamless,17.0,40,0.33261807981725344,0.007151135447460313,0.3948087431693989,0.4528688524590164,0.4820515911282546,0.48352217936354874,0.0655737704918032,0.4549180327868852
US Airlines,seamless,17.0,41,0.33398280032249394,0.006323904864283745,0.3965163934426229,0.4574795081967213,0.47655455059355567,0.49516393442622947,0.0450819672131147,0.4774590163934426
US Airlines,seamless,17.0,42,0.332538296156947,0.006857195646331587,0.3954918032786885,0.4549180327868852,0.47766393442622945,0.49161202185792346,0.0983606557377049,0.4590163934426229
US Airlines,seamless,17.0,43,0.3337854407417361,0.006017367643106647,0.3907103825136612,0.4497950819672131,0.48495901639344263,0.48950819672131146,0.0368852459016393,0.4897540983606557
US Airlines,seamless,17.0,44,0.3335292932007525,0.00749546492878254,0.3934426229508196,0.4587090163934426,0.4745511319281811,0.4969672131147541,0.0983606557377049,0.4631147540983606
US Airlines,seamless,17.0,45,0.3319252217145928,0.006252519484009631,0.3948087431693989,0.45349936948297603,0.47133196721311477,0.4745389344262295,0.0614754098360655,0.4405737704918033
US Airlines,seamless,17.0,46,0.3335586871808653,0.006487671324912613,0.3954918032786885,0.4527224824355972,0.48373915139826423,0.4852097396335583,0.0471311475409836,0.4262295081967213
US Airlines,seamless,17.0,47,0.334591675624832,0.00629031174415475,0.3913934426229508,0.45822824716267335,0.48391393442622954,0.49337134711332853,0.0430327868852459,0.4631147540983606
US Airlines,seamless,17.0,48,0.3339156140822359,0.006298710024187,0.3924180327868852,0.453765368852459,0.4900063051702396,0.4941803278688524,0.0594262295081967,0.4549180327868852
US Airlines,seamless,17.0,49,0.3337014579414136,0.006281913464122499,0.3934426229508196,0.46124121779859484,0.47225409836065574,0.48683060109289616,0.0532786885245901,0.4631147540983606
US Airlines,seamless,17.0,50,0.33356708546089764,0.007264512227895682,0.3954918032786885,0.4522217428817947,0.4802719821162444,0.5103688524590164,0.0614754098360655,0.4385245901639344
US Airlines,seamless,17.0,51,0.33242072023649555,0.00647927304488036,0.3924180327868852,0.4579607550919026,0.46700265839610106,0.4726434426229508,0.0696721311475409,0.4672131147540984
US Airlines,seamless,17.0,52,0.3346882558452029,0.006512866165009358,0.3965163934426229,0.46612021857923497,0.47078454332552694,0.48319672131147545,0.0860655737704918,0.4672131147540984
US Airlines,seamless,17.0,53,0.33449509540446115,0.007722218489653275,0.3944672131147541,0.4618234897821693,0.4785022354694486,0.484672131147541,0.1434426229508197,0.4631147540983606
US Airlines,seamless,17.0,54,0.3352761354474603,0.006046761623219515,0.3924180327868852,0.4597615499254843,0.47981557377049183,0.5069672131147541,0.0450819672131147,0.4774590163934426
US Airlines,seamless,17.0,55,0.33553648212846005,0.005853601182477781,0.39617486338797814,0.45942622950819667,0.4844634873323398,0.49312386156648447,0.0450819672131147,0.4610655737704918
US Airlines,seamless,17.0,56,0.3352551397473797,0.006235722923945126,0.3934426229508196,0.465595340811044,0.4803483606557377,0.48504098360655734,0.0512295081967213,0.4713114754098361
US Airlines,seamless,17.0,57,0.33352929320075253,0.007071351787153943,0.3975409836065574,0.45940503109101183,0.4669924337957125,0.4826229508196721,0.0922131147540983,0.4610655737704918
US Airlines,seamless,17.0,58,0.3349653990862671,0.006109748723461386,0.3913934426229508,0.461943793911007,0.47834174022698617,0.4940573770491803,0.0430327868852459,0.4713114754098361
US Airlines,seamless,17.0,59,0.3356288632088148,0.006176934963719378,0.3934426229508196,0.46580430327868855,0.492026825633383,0.500591985428051,0.0471311475409836,0.4180327868852459
US Airlines,seamless,17.0,60,0.33373505106154255,0.006953775866702453,0.39412568306010926,0.45768204346168506,0.4749821810406272,0.49688524590163935,0.0819672131147541,0.4590163934426229
US Airlines,seamless,17.0,61,0.33445730314431604,0.006785810266057466,0.3948087431693989,0.4601401374933897,0.4767674180327869,0.4846539162112933,0.0594262295081967,0.4610655737704918
US Airlines,seamless,17.0,62,0.33490661112604136,0.005895592582639029,0.3954918032786885,0.45673952641165755,0.4804303278688525,0.5008196721311475,0.0307377049180327,0.4795081967213115
US Airlines,seamless,17.0,63,0.3332143576995431,0.0070335595270088185,0.3954918032786885,0.4530737704918033,0.47997658079625294,0.4920374707259953,0.0717213114754098,0.4487704918032787
US Airlines,seamless,17.0,64,0.3343397272238645,0.00766343052942753,0.3954918032786885,0.4585772833723653,0.47952601568068426,0.4862021857923497,0.1086065573770491,0.4590163934426229
US Airlines,seamless,17.0,65,0.3353727156678312,0.006113947863477513,0.3934426229508196,0.4672131147540984,0.47796777840587906,0.48743169398907105,0.0471311475409836,0.4754098360655738
US Airlines,seamless,17.0,66,0.3352425423273313,0.006311307444235373,0.3934426229508196,0.46096799375487896,0.48373597929249357,0.49284363177805796,0.0635245901639344,0.4631147540983606
US Airlines,seamless,17.0,67,0.3341717616232196,0.0068655939263638326,0.3934426229508196,0.4579918032786885,0.47292083166733306,0.49907786885245903,0.0778688524590164,0.4733606557377049
US Airlines,seamless,17.0,68,0.3332899422198334,0.0065758532652512285,0.3934426229508196,0.4554098360655737,0.47772131147540986,0.480396174863388,0.0594262295081967,0.4528688524590164
US Airlines,seamless,17.0,69,0.33391561408223597,0.006546459285138357,0.3954918032786885,0.4549180327868852,0.4803534836065574,0.4844945355191257,0.055327868852459,0.4467213114754098
US Airlines,seamless,17.0,70,0.3341087745229777,0.006974771566783074,0.3985655737704918,0.4532786885245902,0.4831967213114754,0.49432084309133484,0.0614754098360655,0.4405737704918033
US Airlines,seamless,17.0,71,0.3361495565708143,0.006273515184090248,0.3954918032786885,0.4672131147540984,0.4859016393442623,0.5039812646370024,0.0532786885245901,0.4774590163934426
US Airlines,seamless,17.0,72,0.3334915009406073,0.005962778822897023,0.3954918032786885,0.4552906110283159,0.47919672131147545,0.4855386416861826,0.0450819672131147,0.4795081967213115
US Airlines,seamless,17.0,73,0.335129165546896,0.006197930663800004,0.3968579234972678,0.46050670640834573,0.484016393442623,0.491051912568306,0.0430327868852459,0.4672131147540984
US Airlines,seamless,17.0,74,0.3328868247782854,0.006206328943832256,0.3954918032786885,0.452576112412178,0.4776639344262295,0.48495316159250584,0.0450819672131147,0.4713114754098361
US Airlines,seamless,17.0,75,0.33509557242676696,0.006294510884170875,0.3954918032786885,0.46334244080145714,0.47700189155107187,0.4984972677595628,0.0491803278688524,0.4774590163934426
US Airlines,seamless,17.0,76,0.3350493818865896,0.0067270223058317185,0.3954918032786885,0.4583333333333333,0.48446862634256643,0.5067622950819672,0.0532786885245901,0.485655737704918
US Airlines,seamless,17.0,77,0.335095572426767,0.006269316044074124,0.3965163934426229,0.46413934426229503,0.47739596469104667,0.48422131147540987,0.055327868852459,0.4733606557377049
US Airlines,seamless,17.0,78,0.33533072426766997,0.006004770223058271,0.3948087431693989,0.45860655737704914,0.48411397345823576,0.4904200819672131,0.0430327868852459,0.4631147540983606
US Airlines,seamless,17.0,79,0.33580102794947597,0.006508667024993238,0.3934426229508196,0.45893757881462793,0.4899432534678436,0.5051912568306012,0.0512295081967213,0.4590163934426229
US Airlines,seamless,17.0,80,0.3331807645794141,0.006957975006718578,0.3944672131147541,0.4501366120218579,0.4857012750455373,0.4971994535519126,0.055327868852459,0.4385245901639344
US Airlines,seamless,17.0,81,0.33539371136791185,0.006567454985218978,0.3975409836065574,0.453551912568306,0.492103825136612,0.5013524590163935,0.0614754098360655,0.4426229508196722
US Airlines,seamless,17.0,82,0.33604877721042725,0.006622043805428598,0.39617486338797814,0.4661885245901639,0.47909836065573774,0.4888319672131147,0.1147540983606557,0.4754098360655738
US Airlines,seamless,17.0,83,0.3336384708411717,0.006000571083042144,0.3954918032786885,0.4578779599271402,0.4747209626787583,0.4825,0.0614754098360655,0.4754098360655738
US Airlines,seamless,17.0,84,0.3348226283257189,0.006244121203977377,0.3965163934426229,0.45635245901639343,0.47497001199520195,0.49221311475409835,0.0819672131147541,0.4754098360655738
US Airlines,seamless,17.0,85,0.33483102660575115,0.006185333243751633,0.3954918032786885,0.460655737704918,0.48504098360655734,0.49137392661982826,0.0389344262295082,0.485655737704918
US Airlines,seamless,17.0,86,0.336275530771298,0.006643039505509226,0.39412568306010926,0.4626024590163934,0.48689695550351286,0.5014157973174367,0.0655737704918032,0.4877049180327869
US Airlines,seamless,17.0,87,0.333378124160172,0.007264512227895677,0.3944672131147541,0.4565281030444965,0.4668918918918919,0.5001366120218579,0.0737704918032786,0.4672131147540984
US Airlines,seamless,17.0,88,0.33129535071217414,0.006580052405267353,0.3907103825136612,0.4537909836065574,0.47997874924104433,0.4903215636822194,0.0594262295081967,0.4549180327868852
US Airlines,seamless,17.0,89,0.3344363074442354,0.007033559527008823,0.3975409836065574,0.4505635245901639,0.48032786885245904,0.4947950819672131,0.0717213114754098,0.4508196721311475
US Airlines,seamless,17.0,90,0.3352257457672668,0.007062953507121697,0.39275956284153,0.4618588048651507,0.47927917068466735,0.4940573770491803,0.1209016393442623,0.4631147540983606
US Airlines,seamless,17.0,91,0.3342137530233808,0.0066514377855414735,0.3934426229508196,0.4531615925058548,0.47887587822014055,0.5008196721311475,0.0655737704918032,0.4795081967213115
US Airlines,seamless,17.0,92,0.33176145525396394,0.00677321284600909,0.3934426229508196,0.4549180327868852,0.47228784956605596,0.4826112412177986,0.0655737704918032,0.4590163934426229
US Airlines,seamless,17.0,93,0.33374764848159094,0.006248320343993504,0.3913934426229508,0.45987021857923494,0.4806352459016393,0.48817330210772836,0.0430327868852459,0.4651639344262295
US Airlines,seamless,17.0,94,0.3331513705993012,0.007205724267669933,0.3948087431693989,0.45043545081967207,0.47121504339440695,0.4835382513661203,0.0860655737704918,0.4508196721311475
US Airlines,seamless,17.0,95,0.3333025396398817,0.005861999462510031,0.3954918032786885,0.4554303278688524,0.4783606557377049,0.4947745901639344,0.0471311475409836,0.4426229508196722
US Airlines,seamless,17.0,96,0.33299600241870464,0.007159533727492562,0.39275956284153,0.4542349726775956,0.46704918032786885,0.48966302367941705,0.0983606557377049,0.4651639344262295
US Airlines,seamless,17.0,97,0.33601518409029835,0.006983169846815325,0.3954918032786885,0.46687158469945356,0.48041569086651054,0.48970588235294116,0.0799180327868852,0.4692622950819672
US Airlines,seamless,17.0,98,0.335196351787154,0.00640788766460624,0.3934426229508196,0.4657168878480354,0.47963761863675586,0.48483606557377046,0.1024590163934426,0.4672131147540984
US Airlines,seamless,17.0,99,0.3343355280838484,0.006533861865089982,0.39378415300546443,0.46063089915548927,0.4784153005464481,0.4826112412177986,0.0573770491803278,0.4610655737704918
US Airlines,seamless,17.0,100,0.33380643644181673,0.005765419242139162,0.39412568306010926,0.454405737704918,0.4848946135831382,0.48754553734061934,0.0327868852459016,0.485655737704918
US Airlines,seamless,18.0,1,0.33396180462241326,0.0063449005643643735,0.3924180327868852,0.46329771662763464,0.4776550249465431,0.48278688524590163,0.110655737704918,0.4651639344262295
US Airlines,seamless,18.0,2,0.33570444772910507,0.006286112604138622,0.3934426229508196,0.4651639344262295,0.47303659931376285,0.49907786885245903,0.0778688524590164,0.4733606557377049
US Airlines,seamless,18.0,3,0.3354147070679925,0.006298710024187002,0.3934426229508196,0.4538934426229508,0.4956674473067916,0.5064549180327869,0.0450819672131147,0.4467213114754098
US Airlines,seamless,18.0,4,0.3326222789572696,0.006735420585863969,0.3975409836065574,0.45345433255269324,0.47011812921890067,0.4923924180327869,0.0717213114754098,0.4508196721311475
US Airlines,seamless,18.0,5,0.333243751679656,0.007193126847621561,0.3975409836065574,0.4542024460057247,0.472057962529274,0.49255464480874317,0.125,0.4549180327868852
US Airlines,seamless,18.0,6,0.33390721580220367,0.006038363343187268,0.3939549180327868,0.4549180327868852,0.47971311475409834,0.5004439890710383,0.0594262295081967,0.4631147540983606
US Airlines,seamless,18.0,7,0.3341297702230583,0.006244121203977377,0.3965163934426229,0.45924408014571944,0.47337928464977647,0.47852459016393445,0.0635245901639344,0.4651639344262295
US Airlines,seamless,18.0,8,0.3336888605213652,0.007130139747379688,0.3965163934426229,0.45068306010928955,0.4747391952309985,0.49102914389799635,0.0614754098360655,0.4426229508196722
US Airlines,seamless,18.0,9,0.3373379131953776,0.005769618382155287,0.3934426229508196,0.46905031091011873,0.4798302107728337,0.4980532786885246,0.0676229508196721,0.4754098360655738
US Airlines,seamless,18.0,10,0.33190002687449605,0.0067312214458478455,0.389344262295082,0.45610440034512506,0.47172131147540985,0.4851811906816221,0.0778688524590164,0.4590163934426229
US Airlines,seamless,18.0,11,0.3337014579414136,0.005824207202364909,0.3908811475409836,0.45459447799827435,0.4877561475409836,0.49685792349726776,0.0450819672131147,0.4815573770491803
US Airlines,seamless,18.0,12,0.3314129266326256,0.0068026068261219635,0.3954918032786885,0.45184426229508196,0.4710506706408346,0.4753708040593287,0.0614754098360655,0.4405737704918033
US Airlines,seamless,18.0,13,0.33434392636388066,0.006445679924751362,0.3954918032786885,0.4569672131147541,0.48180327868852457,0.4992827868852459,0.0430327868852459,0.4631147540983606
US Airlines,seamless,18.0,14,0.33513336468691207,0.006894987906476706,0.3975409836065574,0.46321233411397345,0.48094262295081963,0.4922876304023845,0.0819672131147541,0.4651639344262295
US Airlines,seamless,18.0,15,0.3339156140822359,0.008331093791991352,0.3954918032786885,0.4522540983606557,0.4789092055485498,0.4900819672131147,0.1372950819672131,0.4528688524590164
US Airlines,seamless,18.0,16,0.3332899422198334,0.0066220438054286,0.3954918032786885,0.4647248243559719,0.47449080973671137,0.47940573770491807,0.0778688524590164,0.4672131147540984
US Airlines,seamless,18.0,17,0.33146331631281906,0.007596244289169531,0.3954918032786885,0.46033372365339575,0.46522248243559716,0.4969555035128806,0.0860655737704918,0.4651639344262295
US Airlines,seamless,18.0,18,0.3331135783391561,0.006659836065573728,0.3975409836065574,0.4600409836065574,0.4719382835101254,0.4771311475409836,0.0778688524590164,0.4651639344262295
US Airlines,seamless,18.0,19,0.3352341440472991,0.006848797366299333,0.39412568306010926,0.4600409836065574,0.4711989713918354,0.498224043715847,0.0881147540983606,0.4713114754098361
US Airlines,seamless,18.0,20,0.3328280368180596,0.007264512227895679,0.3975409836065574,0.45228774161977003,0.47346756949394153,0.47981557377049183,0.1168032786885246,0.4528688524590164
US Airlines,seamless,18.0,21,0.3345664807847353,0.006176934963719382,0.3954918032786885,0.45412988650693564,0.48198360655737704,0.5015710382513661,0.0471311475409836,0.4836065573770492
US Airlines,seamless,18.0,22,0.33116097823165813,0.007571049449072781,0.3954918032786885,0.4481850117096019,0.4706925393108063,0.4792349726775956,0.0922131147540983,0.4426229508196722
US Airlines,seamless,18.0,23,0.3350535810266057,0.006097151303413012,0.3934426229508196,0.45635245901639343,0.4780225409836066,0.5028688524590164,0.0635245901639344,0.4774590163934426
US Airlines,seamless,18.0,24,0.33374764848159094,0.007314901908089177,0.3948087431693989,0.4590163934426229,0.4725882723833544,0.49269125683060105,0.0983606557377049,0.4610655737704918
US Airlines,seamless,18.0,25,0.33567505374899215,0.006206328943832251,0.39412568306010926,0.46786022433132013,0.4793032786885246,0.4943368107302533,0.0737704918032786,0.4795081967213115
US Airlines,seamless,18.0,26,0.33542310534802466,0.005992172803009895,0.39617486338797814,0.4620901639344262,0.47901297814207655,0.4888063524590164,0.0348360655737704,0.4795081967213115
US Airlines,seamless,18.0,27,0.33284063423810806,0.006664035205589848,0.389344262295082,0.4534323770491803,0.4785128805620609,0.4833606557377049,0.0594262295081967,0.4549180327868852
US Airlines,seamless,18.0,28,0.33245431335662456,0.006634641225476977,0.3913934426229508,0.45381462799495587,0.46706619239096814,0.4985655737704918,0.0860655737704918,0.4672131147540984
US Airlines,seamless,18.0,29,0.33410877452297766,0.006151740123622631,0.3924180327868852,0.45828454332552687,0.4858291298865069,0.4919569672131147,0.0614754098360655,0.4774590163934426
US Airlines,seamless,18.0,30,0.3353727156678312,0.00621892636388063,0.3954918032786885,0.4661885245901639,0.4796448087431694,0.4869877049180328,0.0450819672131147,0.4713114754098361
US Airlines,seamless,18.0,31,0.33327314565976884,0.006105549583445261,0.39822404371584696,0.45927254098360654,0.4756830601092896,0.4786885245901639,0.0450819672131147,0.4774590163934426
US Airlines,seamless,18.0,32,0.33533912254770226,0.00597117710292927,0.3913934426229508,0.46326112412177983,0.47957650273224045,0.49517954722872753,0.0307377049180327,0.4795081967213115
US Airlines,seamless,18.0,33,0.33541890620800857,0.006815204246170338,0.3975409836065574,0.45642795513373596,0.48094262295081963,0.4982581967213115,0.0717213114754098,0.4569672131147541
US Airlines,seamless,18.0,34,0.33537271566783117,0.005870397742542278,0.3934426229508196,0.4578454332552693,0.4899726775956284,0.49163934426229505,0.0348360655737704,0.4918032786885246
US Airlines,seamless,18.0,35,0.3354231053480248,0.006038363343187266,0.39617486338797814,0.46342213114754094,0.48073770491803275,0.48917349726775955,0.0389344262295082,0.4651639344262295
US Airlines,seamless,18.0,36,0.33376864418167157,0.007016762966944323,0.3960040983606557,0.4593823185011709,0.4690416141235813,0.4771272443403591,0.110655737704918,0.4610655737704918
US Airlines,seamless,18.0,37,0.33228634775597954,0.007142737167428061,0.3954918032786885,0.4448770491803279,0.4708921082729699,0.5026166456494325,0.0819672131147541,0.4713114754098361
US Airlines,seamless,18.0,38,0.33508297500671863,0.006260917764041878,0.3954918032786885,0.46351020995110725,0.4776346604215457,0.48090646094503375,0.0901639344262295,0.4651639344262295
US Airlines,seamless,18.0,39,0.3359857901101854,0.0057612201021230375,0.3975409836065574,0.46268334771354613,0.4843351548269581,0.4874707259953162,0.0286885245901639,0.4631147540983606
US Airlines,seamless,18.0,40,0.33383583042192955,0.006181134103735508,0.39275956284153,0.4610655737704918,0.47493972999035683,0.48905737704918034,0.0471311475409836,0.4754098360655738
US Airlines,seamless,18.0,41,0.3303673407686106,0.007251914807847305,0.3954918032786885,0.4449648711943794,0.4707056307911618,0.4791415012942192,0.0614754098360655,0.430327868852459
US Airlines,seamless,18.0,42,0.33611176431066914,0.006353298844396619,0.3908811475409836,0.46024590163934426,0.48092399403874814,0.509016393442623,0.0594262295081967,0.4610655737704918
US Airlines,seamless,18.0,43,0.3336552674012362,0.0065884506852996,0.3913934426229508,0.4579918032786885,0.47786885245901634,0.49268600252206807,0.0532786885245901,0.4692622950819672
US Airlines,seamless,18.0,44,0.33372245364149417,0.006991568126847574,0.3913934426229508,0.4486851092896175,0.48032786885245904,0.48934426229508193,0.0860655737704918,0.4487704918032787
US Airlines,seamless,18.0,45,0.33344531040043,0.0058703977425422806,0.3913934426229508,0.4525614754098361,0.48302796528447445,0.4885876418663304,0.0348360655737704,0.4815573770491803
US Airlines,seamless,18.0,46,0.3344657014243483,0.007020962106960451,0.3954918032786885,0.45983606557377044,0.4768032786885246,0.47997658079625294,0.1168032786885246,0.4610655737704918
US Airlines,seamless,18.0,47,0.3345244893845741,0.006718624025799468,0.3934426229508196,0.4582145402708481,0.4744426229508197,0.4854508196721311,0.0758196721311475,0.4713114754098361
US Airlines,seamless,18.0,48,0.3326306772373018,0.00690758532652508,0.3954918032786885,0.45532786885245896,0.48173770491803275,0.4867486338797814,0.0614754098360655,0.4364754098360656
US Airlines,seamless,18.0,49,0.3337770424617038,0.006815204246170341,0.3954918032786885,0.45765027322404367,0.4785860655737705,0.49019808743169396,0.0983606557377049,0.4590163934426229
US Airlines,seamless,18.0,50,0.3329876041386724,0.006630442085460849,0.3954918032786885,0.45266393442622954,0.47295081967213115,0.49016393442622946,0.0614754098360655,0.4405737704918033
US Airlines,seamless,18.0,51,0.33471764982531577,0.006449879064767484,0.39617486338797814,0.467255806010929,0.4767520491803279,0.4853825136612021,0.0799180327868852,0.4692622950819672
US Airlines,seamless,18.0,52,0.3358010279494759,0.006349099704380494,0.3954918032786885,0.46960382513661203,0.4785714285714286,0.4924590163934426,0.0573770491803278,0.4774590163934426
US Airlines,seamless,18.0,53,0.33493180596613814,0.006223125503896754,0.3954918032786885,0.46370023419203743,0.4783606557377049,0.4895491803278688,0.0573770491803278,0.4795081967213115
US Airlines,seamless,18.0,54,0.33410877452297766,0.00758364686912116,0.3948087431693989,0.4597970335675253,0.4795667447306792,0.4899590163934426,0.1270491803278688,0.4610655737704918
US Airlines,seamless,18.0,55,0.33605717549045955,0.0067270223058317185,0.3954918032786885,0.45815358067299394,0.48307618129218904,0.5095523329129886,0.0655737704918032,0.4836065573770492
US Airlines,seamless,18.0,56,0.335805227089492,0.006890788766460583,0.3948087431693989,0.4620901639344262,0.4854616048317515,0.5067622950819672,0.0614754098360655,0.4323770491803279
US Airlines,seamless,18.0,57,0.3354147070679925,0.0061055495834452635,0.3913934426229508,0.45560109289617484,0.4887636612021858,0.506615925058548,0.0450819672131147,0.4836065573770492
US Airlines,seamless,18.0,58,0.33466726014512227,0.007146936307444186,0.39275956284153,0.46265938069216755,0.48237704918032787,0.4893954918032787,0.096311475409836,0.4672131147540984
US Airlines,seamless,18.0,59,0.333411717280301,0.006260917764041876,0.3907103825136612,0.45204918032786884,0.4816256830601092,0.4992096018735363,0.0450819672131147,0.4795081967213115
US Airlines,seamless,18.0,60,0.33109799113141625,0.006630442085460849,0.3948087431693989,0.4487704918032787,0.4659494535519126,0.4728825136612022,0.0614754098360655,0.444672131147541
US Airlines,seamless,18.0,61,0.33284063423810806,0.005975376242945397,0.3907103825136612,0.4528688524590164,0.4760561160151324,0.48495901639344263,0.0430327868852459,0.4754098360655738
US Airlines,seamless,18.0,62,0.3356414606288632,0.006978970706799198,0.3954918032786885,0.4549180327868852,0.4890207075064711,0.4977459016393443,0.0594262295081967,0.4549180327868852
US Airlines,seamless,18.0,63,0.3315514982531577,0.008146331631281863,0.3934426229508196,0.45172131147540984,0.4764967925873129,0.48124999999999996,0.1434426229508197,0.4528688524590164
US Airlines,seamless,18.0,64,0.3336636656812685,0.006790009406073593,0.3954918032786885,0.4573514344262295,0.47418032786885245,0.5033242258652095,0.1086065573770491,0.4610655737704918
US Airlines,seamless,18.0,65,0.3339156140822359,0.006021566783122769,0.389344262295082,0.452698087431694,0.48492300049677095,0.489207650273224,0.0635245901639344,0.485655737704918
US Airlines,seamless,18.0,66,0.33321435769954316,0.006491870464928735,0.39275956284153,0.45338114754098363,0.48266978922716625,0.490983606557377,0.0512295081967213,0.4836065573770492
US Airlines,seamless,18.0,67,0.3331513705993013,0.006462476484815863,0.39617486338797814,0.4504470938897168,0.47622950819672133,0.49275956284153005,0.0532786885245901,0.4651639344262295
US Airlines,seamless,18.0,68,0.33302959553883366,0.00692438188658958,0.3954918032786885,0.45169789227166274,0.4778688524590164,0.4824453551912568,0.0614754098360655,0.4364754098360656
US Airlines,seamless,18.0,69,0.3327104608976082,0.006840399086267084,0.3954918032786885,0.44999999999999996,0.47624590163934427,0.4887587822014052,0.0594262295081967,0.4385245901639344
US Airlines,seamless,18.0,70,0.33376024590163933,0.005979575382961521,0.3934426229508196,0.4590163934426229,0.47855191256830604,0.48723037100949096,0.0348360655737704,0.4877049180327869
US Airlines,seamless,18.0,71,0.33578423138941144,0.006462476484815863,0.3975409836065574,0.4611861137897782,0.4830737704918033,0.5043032786885246,0.0635245901639344,0.4631147540983606
US Airlines,seamless,18.0,72,0.3348520223058317,0.006063558183284017,0.3975409836065574,0.45824795081967207,0.4850068306010929,0.4984426229508197,0.0430327868852459,0.4610655737704918
US Airlines,seamless,18.0,73,0.33337812416017193,0.006638840365493099,0.3924180327868852,0.4539865871833085,0.4793852459016394,0.48918032786885246,0.0573770491803278,0.4795081967213115
US Airlines,seamless,18.0,74,0.3342389478634776,0.006055159903251766,0.3924180327868852,0.4595286885245901,0.4742694226657163,0.49918032786885247,0.0430327868852459,0.4651639344262295
US Airlines,seamless,18.0,75,0.3337266527815103,0.006517065305025481,0.3954918032786885,0.4538294057377049,0.4770608899297424,0.4824401008827238,0.1270491803278688,0.4549180327868852
US Airlines,seamless,18.0,76,0.33300020155872073,0.00705875436710557,0.3944672131147541,0.46116803278688523,0.4868559718969555,0.4933060109289617,0.0614754098360655,0.4672131147540984
US Airlines,seamless,18.0,77,0.3336258734211234,0.005933384842784151,0.3866120218579235,0.4593823185011709,0.48220365699873896,0.4879098360655738,0.0389344262295082,0.4836065573770492
US Airlines,seamless,18.0,78,0.3342053547433485,0.006328104004299872,0.3934426229508196,0.4575526932084309,0.4732488822652757,0.4835583413693347,0.0635245901639344,0.4733606557377049
US Airlines,seamless,18.0,79,0.3323493348562214,0.006475073904864237,0.3913934426229508,0.44581056466302366,0.4773171500630517,0.49293032786885244,0.0594262295081967,0.444672131147541
US Airlines,seamless,18.0,80,0.33410877452297766,0.006134943563558138,0.39412568306010926,0.45409836065573767,0.4826639344262295,0.48893442622950817,0.0573770491803278,0.4836065573770492
US Airlines,seamless,18.0,81,0.33279444369793065,0.006248320343993504,0.39412568306010926,0.4552415875754961,0.4706454918032787,0.48893442622950817,0.0717213114754098,0.4569672131147541
US Airlines,seamless,18.0,82,0.3347554420854608,0.006634641225476972,0.3954918032786885,0.4632955641272902,0.476768149882904,0.494207650273224,0.0635245901639344,0.4651639344262295
US Airlines,seamless,18.0,83,0.33403738914270353,0.006655636925557597,0.3975409836065574,0.4569672131147541,0.4750227686703097,0.49450819672131147,0.0717213114754098,0.4754098360655738
US Airlines,seamless,18.0,84,0.3339534063423811,0.006848797366299334,0.3954918032786885,0.4600409836065573,0.47523679417122044,0.501775956284153,0.0881147540983606,0.4754098360655738
US Airlines,seamless,18.0,85,0.3344489048642838,0.006475073904864236,0.3954918032786885,0.4526127049180328,0.48658846806105144,0.5022950819672131,0.0532786885245901,0.4877049180327869
US Airlines,seamless,18.0,86,0.3348646197258801,0.006756416285944594,0.3924180327868852,0.458811475409836,0.4782103825136612,0.49721311475409835,0.0778688524590164,0.4713114754098361
US Airlines,seamless,18.0,87,0.33436072292394514,0.00698736898683145,0.39822404371584696,0.45259562841530054,0.4745685936151855,0.484672131147541,0.0819672131147541,0.4733606557377049
US Airlines,seamless,18.0,88,0.33493180596613814,0.006046761623219514,0.3913934426229508,0.4590163934426229,0.4775175644028103,0.490983606557377,0.0737704918032786,0.4754098360655738
US Airlines,seamless,18.0,89,0.33400799516259067,0.006210528083848383,0.3913934426229508,0.46128127696289906,0.47898126463700236,0.4957422586520947,0.0758196721311475,0.4631147540983606
US Airlines,seamless,18.0,90,0.3332185568395592,0.007793603869927392,0.3954918032786885,0.4562646370023419,0.4684426229508197,0.488683970856102,0.1168032786885246,0.4569672131147541
US Airlines,seamless,18.0,91,0.3314759137328675,0.006706026605751097,0.39275956284153,0.4530118185284026,0.47243852459016394,0.483025956284153,0.0860655737704918,0.4549180327868852
US Airlines,seamless,18.0,92,0.3332563490997044,0.005958579682880896,0.3965163934426229,0.45587858606557374,0.47679303278688523,0.48688524590163934,0.0430327868852459,0.4774590163934426
US Airlines,seamless,18.0,93,0.334188558183284,0.006336502284332121,0.39412568306010926,0.4599478390461997,0.4775045537340619,0.4844262295081967,0.0450819672131147,0.4774590163934426
US Airlines,seamless,18.0,94,0.3349318059661381,0.006802606826121958,0.39412568306010926,0.4595286885245901,0.47657103825136615,0.49086651053864166,0.0840163934426229,0.4754098360655738
US Airlines,seamless,18.0,95,0.3310434023112066,0.006928581026605702,0.39275956284153,0.4485842026825634,0.4711065573770492,0.47493169398907104,0.0717213114754098,0.4487704918032787
US Airlines,seamless,18.0,96,0.33402059258263905,0.006714424885783341,0.3934426229508196,0.4583333333333333,0.4722887767969735,0.4929508196721311,0.1045081967213114,0.4610655737704918
US Airlines,seamless,18.0,97,0.3328658290782047,0.007218321687718307,0.3944672131147541,0.44813012295081966,0.4836407103825137,0.496469104665826,0.0594262295081967,0.4487704918032787
US Airlines,seamless,18.0,98,0.33250050389680186,0.006181134103735508,0.3913934426229508,0.45547690014903125,0.46868657298985167,0.4729252049180328,0.0430327868852459,0.4692622950819672
US Airlines,seamless,18.0,99,0.3340037960225746,0.006882390486428333,0.3965163934426229,0.4594067135050741,0.47706967213114754,0.4885928961748634,0.0819672131147541,0.4610655737704918
US Airlines,seamless,18.0,100,0.3345118919645257,0.007382088148347175,0.3965163934426229,0.4600803909205548,0.47496847414880206,0.4887704918032787,0.1024590163934426,0.4610655737704918
US Airlines,seamless,19.0,1,0.33449509540446115,0.0061391427035742616,0.3924180327868852,0.45924408014571944,0.4874707259953162,0.49352068696330986,0.0389344262295082,0.4938524590163934
US Airlines,seamless,19.0,2,0.33260548239720505,0.0070167629669443225,0.3934426229508196,0.4523360655737705,0.4622950819672131,0.4825234192037471,0.0983606557377049,0.4528688524590164
US Airlines,seamless,19.0,3,0.3328322359580758,0.006483472184896485,0.3934426229508196,0.4569672131147541,0.4737363387978142,0.47941712204007286,0.0737704918032786,0.4672131147540984
US Airlines,seamless,19.0,4,0.3343187315237839,0.006353298844396622,0.3954918032786885,0.45537340619307826,0.48094262295081963,0.4990046838407494,0.0450819672131147,0.4754098360655738
US Airlines,seamless,19.0,5,0.33354189062080086,0.00681940338618646,0.39275956284153,0.4486241217798595,0.4846823770491803,0.4978597449908925,0.0778688524590164,0.4487704918032787
US Airlines,seamless,19.0,6,0.33343271298038163,0.006630442085460849,0.3939549180327868,0.45924408014571944,0.4802367941712204,0.49022248243559713,0.0491803278688524,0.4754098360655738
US Airlines,seamless,19.0,7,0.3327860454178984,0.006932780166621827,0.3934426229508196,0.4522833723653396,0.47068593615185506,0.4961475409836065,0.0614754098360655,0.4426229508196722
US Airlines,seamless,19.0,8,0.332298945176028,0.007151135447460312,0.3934426229508196,0.45204918032786884,0.48023329129886505,0.48912071535022356,0.0614754098360655,0.4426229508196722
US Airlines,seamless,19.0,9,0.3345370868046224,0.006462476484815861,0.3934426229508196,0.461577868852459,0.47993852459016395,0.49327185792349726,0.1086065573770491,0.4713114754098361
US Airlines,seamless,19.0,10,0.33353349234076857,0.006491870464928735,0.3985655737704918,0.4552415875754961,0.47581967213114756,0.48795081967213116,0.0594262295081967,0.4487704918032787
US Airlines,seamless,19.0,11,0.33418435904326793,0.006277714324106376,0.3965163934426229,0.45560109289617484,0.4772745901639344,0.5001229508196722,0.0430327868852459,0.4569672131147541
US Airlines,seamless,19.0,12,0.33453288766460626,0.006080354743348518,0.3944672131147541,0.45532786885245896,0.49244730679156906,0.5047131147540984,0.0471311475409836,0.4282786885245901
US Airlines,seamless,19.0,13,0.3343523246439129,0.007050356087073322,0.3954918032786885,0.4614344262295082,0.4784153005464481,0.4935792349726775,0.0983606557377049,0.4631147540983606
US Airlines,seamless,19.0,14,0.3315976887933351,0.006638840365493099,0.3944672131147541,0.4526825633383011,0.47762295081967215,0.481059718969555,0.0594262295081967,0.4426229508196722
US Airlines,seamless,19.0,15,0.3327692488578339,0.007075550927170068,0.3965163934426229,0.4595286885245901,0.47558548009367685,0.48628415300546446,0.0819672131147541,0.4672131147540984
US Airlines,seamless,19.0,16,0.33226955119591506,0.0062693160440741285,0.3920765027322404,0.4538934426229508,0.475110340479193,0.47716871584699455,0.0430327868852459,0.4754098360655738
US Airlines,seamless,19.0,17,0.33308838349905934,0.007398884708411673,0.3934426229508196,0.45556693989071034,0.46910192444761223,0.48119068162208795,0.1168032786885246,0.4569672131147541
US Airlines,seamless,19.0,18,0.33512916554689604,0.006836199946250959,0.3954918032786885,0.46584699453551914,0.4807832422586521,0.49071038251366117,0.0614754098360655,0.4692622950819672
US Airlines,seamless,19.0,19,0.33327314565976884,0.0071889277076054355,0.39617486338797814,0.4521370023419204,0.46848991172761667,0.5003073770491803,0.0655737704918032,0.4672131147540984
US Airlines,seamless,19.0,20,0.33365946654125234,0.006147540983606509,0.39275956284153,0.452698087431694,0.4769125683060109,0.4913934426229508,0.0614754098360655,0.4774590163934426
US Airlines,seamless,19.0,21,0.33268106691749527,0.007029360386992697,0.3934426229508196,0.45370868046224133,0.46714480874316944,0.4832398619499569,0.0983606557377049,0.4549180327868852
US Airlines,seamless,19.0,22,0.33528453372749256,0.0073862872883633,0.3934426229508196,0.44841188524590164,0.4842622950819672,0.5018579234972678,0.0758196721311475,0.4487704918032787
US Airlines,seamless,19.0,23,0.33417176162321954,0.006223125503896755,0.3934426229508196,0.4574299312533051,0.4789890710382514,0.49274590163934423,0.040983606557377,0.4590163934426229
US Airlines,seamless,19.0,24,0.33318496371943024,0.006743818865896218,0.3954918032786885,0.44637978142076495,0.48415300546448087,0.49887295081967215,0.0614754098360655,0.4364754098360656
US Airlines,seamless,19.0,25,0.3365526740123622,0.006126545283525889,0.3954918032786885,0.4618340163934426,0.48504098360655734,0.5089822404371585,0.0430327868852459,0.4754098360655738
US Airlines,seamless,19.0,26,0.332941413598495,0.006538061005106108,0.389344262295082,0.4550034153005464,0.4764201296225696,0.47834699453551915,0.0430327868852459,0.4569672131147541
US Airlines,seamless,19.0,27,0.33162708277344793,0.007705421929588773,0.3934426229508196,0.45358739621034705,0.47756593014967924,0.484672131147541,0.1393442622950819,0.4549180327868852
US Airlines,seamless,19.0,28,0.33506617844665415,0.006735420585863967,0.3954918032786885,0.4631147540983606,0.48032786885245904,0.4946135831381733,0.0819672131147541,0.4672131147540984
US Airlines,seamless,19.0,29,0.3334621069604945,0.006806805966138087,0.3948087431693989,0.4487704918032787,0.47237704918032786,0.509672131147541,0.0614754098360655,0.4385245901639344
US Airlines,seamless,19.0,30,0.3337266527815103,0.006176934963719381,0.3913934426229508,0.45942622950819667,0.473218789407314,0.49284649776453054,0.0430327868852459,0.4733606557377049
US Airlines,seamless,19.0,31,0.3328910239183015,0.00693278016662183,0.3954918032786885,0.4572082931533269,0.47346311475409836,0.4848816029143898,0.0655737704918032,0.4508196721311475
US Airlines,seamless,19.0,32,0.33502418704649284,0.006130744423542012,0.3968579234972678,0.4614381520119225,0.48407494145199065,0.48764637002341926,0.0491803278688524,0.4795081967213115
US Airlines,seamless,19.0,33,0.3323409365761891,0.006857195646331582,0.3934426229508196,0.4549180327868852,0.4666666666666667,0.48085480093676813,0.0717213114754098,0.4508196721311475
US Airlines,seamless,19.0,34,0.334184359043268,0.006265116904057996,0.389344262295082,0.45942622950819667,0.48008762012436407,0.4906420765027322,0.0594262295081967,0.4610655737704918
US Airlines,seamless,19.0,35,0.3330631886589626,0.006865593926363834,0.3954918032786885,0.45334699453551913,0.4692191544434858,0.48852459016393446,0.0717213114754098,0.4692622950819672
US Airlines,seamless,19.0,36,0.33438591776404186,0.0059837745229776446,0.3929303278688524,0.4616510538641686,0.4780225409836066,0.4946135831381733,0.0450819672131147,0.4692622950819672
US Airlines,seamless,19.0,37,0.33189162859446386,0.006546459285138357,0.3913934426229508,0.4511812921890067,0.47952771272443406,0.49028103044496485,0.0491803278688524,0.4159836065573771
US Airlines,seamless,19.0,38,0.33161448535339955,0.006706026605751097,0.3965163934426229,0.4538934426229508,0.46270491803278685,0.4786885245901639,0.0717213114754098,0.4569672131147541
US Airlines,seamless,19.0,39,0.332538296156947,0.006571654125235105,0.3907103825136612,0.4534836065573771,0.47709471766848816,0.4961065573770492,0.0512295081967213,0.4774590163934426
US Airlines,seamless,19.0,40,0.3306150900295619,0.007222520827734433,0.3944672131147541,0.44921596578759804,0.4782545805207329,0.48278688524590163,0.0594262295081967,0.4385245901639344
US Airlines,seamless,19.0,41,0.3353895122278957,0.006403688524590114,0.3954918032786885,0.45983606557377044,0.4816256830601092,0.5008452868852459,0.0491803278688524,0.4692622950819672
US Airlines,seamless,19.0,42,0.33460007390486424,0.006504467884977111,0.3954918032786885,0.4520807061790668,0.4846439549180328,0.4930620608899297,0.0614754098360655,0.4405737704918033
US Airlines,seamless,19.0,43,0.33287002821822087,0.0071931268476215626,0.39275956284153,0.45555840163934425,0.4725891996142719,0.48452868852459013,0.1270491803278688,0.4569672131147541
US Airlines,seamless,19.0,44,0.33500319134641227,0.006017367643106642,0.39412568306010926,0.45989461358313816,0.47704918032786886,0.4917577413479053,0.0860655737704918,0.4754098360655738
US Airlines,seamless,19.0,45,0.3348436240257995,0.005920787422735777,0.39617486338797814,0.45662568306010926,0.4837799495586381,0.4879098360655738,0.0430327868852459,0.4815573770491803
US Airlines,seamless,19.0,46,0.3326432746573501,0.006915983606557331,0.3934426229508196,0.4501366120218579,0.4811680327868852,0.48528904227782566,0.0594262295081967,0.4385245901639344
US Airlines,seamless,19.0,47,0.33529293200752486,0.006538061005106106,0.3944672131147541,0.4641393442622951,0.4817213114754098,0.49467213114754094,0.0491803278688524,0.4733606557377049
US Airlines,seamless,19.0,48,0.33350829750067185,0.006370095404461117,0.3954918032786885,0.4526411657559199,0.4825956284153005,0.4985182849936948,0.0573770491803278,0.4836065573770492
US Airlines,seamless,19.0,49,0.33363007256113947,0.006907585326525082,0.3954918032786885,0.461577868852459,0.4726434426229508,0.4974726775956284,0.0860655737704918,0.4692622950819672
US Airlines,seamless,19.0,50,0.33422215130341304,0.0069579750067185805,0.3954918032786885,0.46337090163934425,0.47775956284153004,0.4916861826697892,0.0471311475409836,0.4262295081967213
US Airlines,seamless,19.0,51,0.3340961771029293,0.006168536683687132,0.3948087431693989,0.4601548269581056,0.4793260473588343,0.48475409836065575,0.0327868852459016,0.4774590163934426
US Airlines,seamless,19.0,52,0.33326054823972046,0.006214727223864508,0.3913934426229508,0.46255588673621456,0.4820647931303669,0.48486533957845435,0.0512295081967213,0.4754098360655738
US Airlines,seamless,19.0,53,0.3329036213383499,0.006823602526202588,0.3917349726775956,0.4487704918032787,0.48102890422778255,0.4951502732240437,0.0758196721311475,0.4815573770491803
US Airlines,seamless,19.0,54,0.332975006718624,0.007167932007524811,0.3965163934426229,0.4496487119437939,0.47303659931376285,0.48938740293356336,0.0819672131147541,0.4733606557377049
US Airlines,seamless,19.0,55,0.33378124160171996,0.006029965063155018,0.3907103825136612,0.4610655737704918,0.4861475409836065,0.49110970996216896,0.0348360655737704,0.4774590163934426
US Airlines,seamless,19.0,56,0.33419695646331626,0.006584251545283479,0.3954918032786885,0.46525051951050567,0.4795992714025501,0.4814511232544019,0.096311475409836,0.4672131147540984
US Airlines,seamless,19.0,57,0.33400799516259067,0.006340701424348246,0.3954918032786885,0.4585040983606557,0.4768804243008679,0.48507513661202184,0.0901639344262295,0.4713114754098361
US Airlines,seamless,19.0,58,0.3351879535071217,0.006542260145122231,0.3954918032786885,0.4610655737704918,0.4804854981084489,0.5025956284153006,0.0471311475409836,0.4672131147540984
US Airlines,seamless,19.0,59,0.3343775194840097,0.006605247245364101,0.3975409836065574,0.46080942622950816,0.4721311475409836,0.49298155737704913,0.0430327868852459,0.4733606557377049
US Airlines,seamless,19.0,60,0.33279444369793065,0.007201525127653808,0.3934426229508196,0.453307962529274,0.48171106557377047,0.4871689785624212,0.0614754098360655,0.4426229508196722
US Airlines,seamless,19.0,61,0.333747648481591,0.006588450685299603,0.3965163934426229,0.4494535519125683,0.48950819672131146,0.4916837431693989,0.0594262295081967,0.4426229508196722
US Airlines,seamless,19.0,62,0.33343271298038163,0.00627351518409025,0.3907103825136612,0.4586438152011922,0.4783242258652095,0.4830327868852459,0.0450819672131147,0.4795081967213115
US Airlines,seamless,19.0,63,0.3348814162859446,0.0063742945444772445,0.3965163934426229,0.4653215636822194,0.47636612021857927,0.496469104665826,0.0717213114754098,0.4713114754098361
US Airlines,seamless,19.0,64,0.3315179051330287,0.006752217145928467,0.39617486338797814,0.4514051522248243,0.4709575260804769,0.4753708040593287,0.0594262295081967,0.4405737704918033
US Airlines,seamless,19.0,65,0.3335754837409298,0.0059459822628325255,0.39617486338797814,0.4600409836065574,0.4760059612518629,0.4867030965391621,0.0512295081967213,0.4692622950819672
US Airlines,seamless,19.0,66,0.3337812416017199,0.006134943563558136,0.3924180327868852,0.4590163934426229,0.478498243559719,0.4872072599531616,0.0471311475409836,0.4795081967213115
US Airlines,seamless,19.0,67,0.3340457874227358,0.00635329884439662,0.3924180327868852,0.4585040983606557,0.4771054323368692,0.48743169398907105,0.0573770491803278,0.4774590163934426
US Airlines,seamless,19.0,68,0.33313457403923674,0.006407887664606241,0.3907103825136612,0.46038251366120214,0.48436768149882903,0.48913934426229505,0.0676229508196721,0.4631147540983606
US Airlines,seamless,19.0,69,0.33381903386186507,0.007050356087073321,0.3907103825136612,0.4549180327868852,0.47332501781895936,0.496448087431694,0.0901639344262295,0.4733606557377049
US Airlines,seamless,19.0,70,0.33294981187852724,0.007470270088685794,0.3965163934426229,0.45749414519906323,0.4776346604215457,0.49286885245901635,0.1168032786885246,0.4590163934426229
US Airlines,seamless,19.0,71,0.33487301800591235,0.0065338618650899825,0.3948087431693989,0.4561020036429872,0.488422131147541,0.491643897996357,0.0860655737704918,0.4569672131147541
US Airlines,seamless,19.0,72,0.33363427170115556,0.006248320343993505,0.39412568306010926,0.4528688524590164,0.4820491803278688,0.4965676229508197,0.0450819672131147,0.4713114754098361
US Airlines,seamless,19.0,73,0.3333529293200752,0.0063281040042998705,0.39275956284153,0.460655737704918,0.47126179831097864,0.4812256049960968,0.0737704918032786,0.4631147540983606
US Airlines,seamless,19.0,74,0.33124916017199674,0.006160138403654883,0.3948087431693989,0.4481755684822845,0.4754976580796253,0.4772833723653396,0.0450819672131147,0.4487704918032787
US Airlines,seamless,19.0,75,0.3361873488309594,0.006231523783929004,0.3954918032786885,0.464104013566987,0.4816939890710382,0.5044626593806922,0.0450819672131147,0.4651639344262295
US Airlines,seamless,19.0,76,0.3325886858371405,0.006710225745767221,0.3934426229508196,0.45712484237074397,0.4680464480874317,0.48688524590163934,0.0635245901639344,0.4672131147540984
US Airlines,seamless,19.0,77,0.33358388202096206,0.007310702768073052,0.3965163934426229,0.4521394831897749,0.4726670870113493,0.4908196721311475,0.1004098360655737,0.4528688524590164
US Airlines,seamless,19.0,78,0.3325131013168503,0.00811693765116899,0.3965163934426229,0.45354255558050754,0.4728688524590164,0.4852459016393442,0.1475409836065573,0.4549180327868852
US Airlines,seamless,19.0,79,0.33528033458747647,0.006113947863477515,0.39412568306010926,0.46345628415300544,0.49016393442622946,0.5017304189435337,0.0389344262295082,0.4836065573770492
US Airlines,seamless,19.0,80,0.33458327734479976,0.006239922063961255,0.3975409836065574,0.4641393442622951,0.47929122468659596,0.48265881147540984,0.0922131147540983,0.4672131147540984
US Airlines,seamless,19.0,81,0.33410877452297766,0.006508667024993236,0.3954918032786885,0.45966840536512665,0.47500000000000003,0.4879098360655738,0.1290983606557377,0.4610655737704918
US Airlines,seamless,19.0,82,0.3333151370599301,0.006664035205589849,0.3975409836065574,0.4612932604735883,0.47318501170960187,0.4822233606557377,0.1065573770491803,0.4631147540983606
US Airlines,seamless,19.0,83,0.33376024590163933,0.007004165546895947,0.3934426229508196,0.44805327868852457,0.4980874316939891,0.5048234552332913,0.0614754098360655,0.4323770491803279
US Airlines,seamless,19.0,84,0.33299600241870464,0.006861394786347711,0.3913934426229508,0.4497950819672131,0.48395784543325526,0.49559426229508197,0.0471311475409836,0.4200819672131147
US Airlines,seamless,19.0,85,0.3316858707336737,0.007117542327331314,0.3954918032786885,0.4549180327868852,0.47083097795364615,0.4824453551912568,0.0614754098360655,0.4426229508196722
US Airlines,seamless,19.0,86,0.33247530905670514,0.006575853265251229,0.3896857923497268,0.4560357675111773,0.4703637295081967,0.49651639344262294,0.0614754098360655,0.4713114754098361
US Airlines,seamless,19.0,87,0.3363973058317656,0.005895592582639028,0.3948087431693989,0.47062841530054644,0.4832581967213115,0.4891530054644809,0.0778688524590164,0.4836065573770492
US Airlines,seamless,19.0,88,0.33460847218489653,0.0061685366836871335,0.3954918032786885,0.4642531876138433,0.47943368107302536,0.49352068696330986,0.0450819672131147,0.4733606557377049
US Airlines,seamless,19.0,89,0.33247530905670514,0.006454078204783614,0.3934426229508196,0.4595286885245901,0.47397540983606556,0.4793032786885246,0.0758196721311475,0.4651639344262295
US Airlines,seamless,19.0,90,0.3297626646062886,0.0077222184896532774,0.3913934426229508,0.44756509161041463,0.4650926585887384,0.47834699453551915,0.1004098360655737,0.4487704918032787
US Airlines,seamless,19.0,91,0.3332353533996238,0.007235118247782809,0.3975409836065574,0.4552254098360655,0.4795594262295082,0.49139344262295076,0.0614754098360655,0.4385245901639344
US Airlines,seamless,19.0,92,0.3359521969900564,0.006697628325718847,0.3975409836065574,0.45993313201035374,0.4881147540983607,0.4924590163934426,0.0676229508196721,0.4610655737704918
US Airlines,seamless,19.0,93,0.332941413598495,0.006395290244557868,0.3944672131147541,0.45732359230220954,0.46659836065573773,0.47914959016393444,0.0635245901639344,0.4631147540983606
US Airlines,seamless,19.0,94,0.33465886186509003,0.0060341642031711456,0.3939549180327868,0.4579918032786885,0.48050819672131145,0.48529713114754097,0.0471311475409836,0.4815573770491803
US Airlines,seamless,19.0,95,0.3335964794410105,0.006764814565976843,0.389344262295082,0.45338114754098363,0.48370901639344266,0.5056693989071038,0.0471311475409836,0.4200819672131147
US Airlines,seamless,19.0,96,0.33446150228433214,0.006433082504702991,0.3948087431693989,0.4551741803278688,0.49012978142076497,0.4969672131147541,0.0471311475409836,0.4200819672131147
US Airlines,seamless,19.0,97,0.3329624092985756,0.0069789707067992035,0.3975409836065574,0.4484631147540984,0.47611241217798594,0.490807962529274,0.0594262295081967,0.4364754098360656
US Airlines,seamless,19.0,98,0.3348184291857027,0.006769013705992961,0.3965163934426229,0.4656762295081967,0.4782103825136612,0.48500482160077146,0.0737704918032786,0.4713114754098361
US Airlines,seamless,19.0,99,0.3334201155603333,0.005748622682074664,0.3934426229508196,0.45450819672131143,0.4765693722510996,0.478688524590164,0.040983606557377,0.4774590163934426
US Airlines,seamless,19.0,100,0.3344657014243483,0.007214122547702186,0.3965163934426229,0.4484777517564403,0.48915595923792643,0.5031420765027322,0.0655737704918032,0.4897540983606557
US Airlines,seamless,20.0,1,0.33052270894920716,0.006848797366299337,0.3965163934426229,0.44222633527234273,0.4822575136612022,0.48507513661202184,0.0614754098360655,0.4344262295081967
US Airlines,seamless,20.0,2,0.33349150094060737,0.006214727223864505,0.3913934426229508,0.4592213114754098,0.4711376055638351,0.48866120218579234,0.0614754098360655,0.4713114754098361
US Airlines,seamless,20.0,3,0.332538296156947,0.006873992206396083,0.3913934426229508,0.4543325526932084,0.4744426229508197,0.4936475409836065,0.0881147540983606,0.4672131147540984
US Airlines,seamless,20.0,4,0.33358808116097827,0.0072393173877989365,0.3934426229508196,0.4532786885245902,0.4745142683667274,0.495327868852459,0.0594262295081967,0.4467213114754098
US Airlines,seamless,20.0,5,0.3332269551195915,0.0069243818865895816,0.3954918032786885,0.45749335400974744,0.47637137452711226,0.48946721311475405,0.125,0.4590163934426229
US Airlines,seamless,20.0,6,0.33359228030099436,0.005895592582639029,0.3924180327868852,0.45345433255269324,0.48696209016393444,0.49173497267759564,0.0286885245901639,0.4467213114754098
US Airlines,seamless,20.0,7,0.33619154797097556,0.007272910507927933,0.3975409836065574,0.4487268922218347,0.4906634221311475,0.5033957845433256,0.0860655737704918,0.4487704918032787
US Airlines,seamless,20.0,8,0.3349863947863478,0.0058242072023649075,0.3900273224043716,0.45924408014571944,0.4908128415300546,0.4981693989071038,0.0286885245901639,0.4487704918032787
US Airlines,seamless,20.0,9,0.33064868314969087,0.00721412254770218,0.3968579234972678,0.45195810564663025,0.47650273224043715,0.4826005961251863,0.0614754098360655,0.4323770491803279
US Airlines,seamless,20.0,10,0.3337812416017199,0.006584251545283478,0.3913934426229508,0.4590163934426229,0.47092440801457197,0.4928571428571428,0.0696721311475409,0.4713114754098361
US Airlines,seamless,20.0,11,0.33061509002956196,0.007554252889008282,0.3845628415300547,0.4443647540983607,0.47034426229508197,0.490983606557377,0.0922131147540983,0.444672131147541
US Airlines,seamless,20.0,12,0.33483102660575115,0.006525463585057734,0.3954918032786885,0.4485143442622951,0.4919398907103825,0.5025175644028103,0.0594262295081967,0.4487704918032787
US Airlines,seamless,20.0,13,0.3336258734211233,0.006504467884977111,0.3913934426229508,0.4553571428571428,0.47315573770491803,0.5040238450074516,0.0717213114754098,0.4692622950819672
US Airlines,seamless,20.0,14,0.33334873018005906,0.006155939263638759,0.3948087431693989,0.46077283372365335,0.47349007765314927,0.4859631147540983,0.0635245901639344,0.4631147540983606
US Airlines,seamless,20.0,15,0.3343271298038161,0.006462476484815861,0.3954918032786885,0.45957526080476896,0.4730093676814988,0.4981967213114754,0.0532786885245901,0.4733606557377049
US Airlines,seamless,20.0,16,0.3343439263638807,0.006034164203171143,0.3908811475409836,0.45840163934426226,0.48430913348946136,0.49521004098360655,0.0450819672131147,0.4815573770491803
US Airlines,seamless,20.0,17,0.33428513840365487,0.006962174146734702,0.3929303278688524,0.45301522248243564,0.476844262295082,0.4962090163934426,0.0758196721311475,0.4754098360655738
US Airlines,seamless,20.0,18,0.3343859177640419,0.007020962106960444,0.3954918032786885,0.4610655737704918,0.46904219793564056,0.49200819672131146,0.0819672131147541,0.4692622950819672
US Airlines,seamless,20.0,19,0.33375184762160703,0.006760615425960717,0.3954918032786885,0.46147540983606555,0.4806431273644388,0.48579234972677593,0.0778688524590164,0.4631147540983606
US Airlines,seamless,20.0,20,0.33405838484278416,0.006563255845202856,0.3975409836065574,0.45965676229508196,0.4782629255989912,0.48946721311475405,0.0594262295081967,0.4610655737704918
US Airlines,seamless,20.0,21,0.33273145659768877,0.006999966406879824,0.3913934426229508,0.4576990632318501,0.48073770491803275,0.48534836065573767,0.110655737704918,0.4590163934426229
US Airlines,seamless,20.0,22,0.3337644450416554,0.006059359043267893,0.3903688524590164,0.45713797814207646,0.48009733606557375,0.48237704918032787,0.0389344262295082,0.4651639344262295
US Airlines,seamless,20.0,23,0.33384422870196184,0.006773212846009085,0.3934426229508196,0.4569672131147541,0.4788365209471767,0.4930327868852459,0.0696721311475409,0.4795081967213115
US Airlines,seamless,20.0,24,0.33360067858102654,0.006920182746573454,0.3954918032786885,0.45169789227166274,0.4846774193548387,0.5012295081967213,0.0594262295081967,0.485655737704918
US Airlines,seamless,20.0,25,0.33355868718086534,0.00700416554689595,0.3934426229508196,0.45959362733779724,0.4685450819672131,0.47852459016393445,0.1434426229508197,0.4610655737704918
US Airlines,seamless,20.0,26,0.3324921056167697,0.008020357430798123,0.3975409836065574,0.4452576112412178,0.4869970193740686,0.49378415300546447,0.0922131147540983,0.4344262295081967
US Airlines,seamless,20.0,27,0.3323199408761086,0.006668234345605973,0.3954918032786885,0.4561739820200952,0.46954739843193155,0.4728825136612022,0.0594262295081967,0.4569672131147541
US Airlines,seamless,20.0,28,0.3355910709486697,0.006172735823703259,0.3954918032786885,0.4631147540983606,0.4828986587183309,0.49098360655737705,0.0430327868852459,0.4651639344262295
US Airlines,seamless,20.0,29,0.33306738779897876,0.007424079548508419,0.3954918032786885,0.4541117979037893,0.47124842370744013,0.4919569672131147,0.0983606557377049,0.4549180327868852
US Airlines,seamless,20.0,30,0.3339324106423004,0.0063700954044611175,0.3913934426229508,0.4565281030444965,0.483688524590164,0.4949453551912568,0.0471311475409836,0.4774590163934426
US Airlines,seamless,20.0,31,0.3354357027680731,0.006857195646331584,0.3975409836065574,0.46385245901639344,0.4772302706824247,0.49815573770491806,0.0840163934426229,0.4774590163934426
US Airlines,seamless,20.0,32,0.3326138806772373,0.00629031174415475,0.3954918032786885,0.4549180327868852,0.4726946721311475,0.48483606557377046,0.0594262295081967,0.4590163934426229
US Airlines,seamless,20.0,33,0.3344279091642032,0.0060173676431066435,0.3954918032786885,0.4549180327868852,0.4768256333830104,0.49883879781420765,0.0430327868852459,0.4774590163934426
US Airlines,seamless,20.0,34,0.3340541857027681,0.007474469228701914,0.3954918032786885,0.45368852459016396,0.4750136612021858,0.4985655737704918,0.0594262295081967,0.4528688524590164
US Airlines,seamless,20.0,35,0.3321393778554152,0.006277714324106377,0.389344262295082,0.44899817850637525,0.480991412958626,0.48586065573770487,0.0389344262295082,0.4815573770491803
US Airlines,seamless,20.0,36,0.33620834453104004,0.006664035205589844,0.3975409836065574,0.463859910581222,0.4829918032786885,0.4915300546448087,0.0799180327868852,0.4795081967213115
US Airlines,seamless,20.0,37,0.33180764579414135,0.007419880408492291,0.39275956284153,0.453879781420765,0.4638758782201405,0.4865832614322692,0.1270491803278688,0.4549180327868852
US Airlines,seamless,20.0,38,0.3358514176296694,0.006332303144315999,0.3954918032786885,0.4628415300546448,0.48025956284153004,0.4943852459016393,0.0676229508196721,0.4713114754098361
US Airlines,seamless,20.0,39,0.3323787288363343,0.00683619994625096,0.39617486338797814,0.4490632318501171,0.47581967213114756,0.48330363506771207,0.0614754098360655,0.4467213114754098
US Airlines,seamless,20.0,40,0.33677102929320074,0.005773817522171407,0.3954918032786885,0.4631147540983606,0.4828142076502732,0.507704918032787,0.0348360655737704,0.4713114754098361
US Airlines,seamless,20.0,41,0.3323745296963182,0.007579447729105033,0.3968579234972678,0.450388265746333,0.47855191256830604,0.48764186633039097,0.0614754098360655,0.4405737704918033
US Airlines,seamless,20.0,42,0.33256769013705995,0.008020357430798127,0.39412568306010926,0.4518165706690297,0.4755167498218104,0.4805737704918033,0.1393442622950819,0.4528688524590164
US Airlines,seamless,20.0,43,0.33355868718086534,0.006605247245364102,0.3934426229508196,0.45887978142076497,0.4761563231850117,0.48278688524590163,0.0635245901639344,0.4631147540983606
US Airlines,seamless,20.0,44,0.33026656140822364,0.007256113947863426,0.3934426229508196,0.44975053456878117,0.47346756949394153,0.47629781420765027,0.0594262295081967,0.4426229508196722
US Airlines,seamless,20.0,45,0.33487721714592844,0.006050960763235643,0.3954918032786885,0.46413934426229503,0.4780327868852459,0.48504098360655734,0.0450819672131147,0.4774590163934426
US Airlines,seamless,20.0,46,0.33415916420317116,0.006764814565976842,0.3948087431693989,0.4595286885245901,0.4726670870113493,0.4986168032786885,0.0983606557377049,0.4672131147540984
US Airlines,seamless,20.0,47,0.33298340499865625,0.007025161246976575,0.3954918032786885,0.45736973067915687,0.47137978142076503,0.4902384500745156,0.110655737704918,0.4590163934426229
US Airlines,seamless,20.0,48,0.3337224536414942,0.0067816111260413404,0.3954918032786885,0.46475409836065573,0.48094262295081963,0.490983606557377,0.0717213114754098,0.4672131147540984
US Airlines,seamless,20.0,49,0.3336552674012362,0.0063281040042998705,0.3954918032786885,0.4514783372365339,0.47739829993928357,0.5012295081967213,0.0532786885245901,0.4774590163934426
US Airlines,seamless,20.0,50,0.33535591910776674,0.005874596882558404,0.3913934426229508,0.4547472677595628,0.485185631629701,0.4977914389799636,0.0655737704918032,0.485655737704918
US Airlines,seamless,20.0,51,0.335028386186509,0.005971177102929272,0.3939549180327868,0.4640255009107468,0.4773039432875498,0.49057377049180323,0.0389344262295082,0.4774590163934426
US Airlines,seamless,20.0,52,0.3322947460360118,0.00646667562483199,0.3903688524590164,0.45469034608378867,0.4776550249465431,0.48278688524590163,0.0471311475409836,0.4262295081967213
US Airlines,seamless,20.0,53,0.3324585124966407,0.00689078876646058,0.3920765027322404,0.4553635067712045,0.4766734972677596,0.48312841530054645,0.0594262295081967,0.4467213114754098
US Airlines,seamless,20.0,54,0.3358892098898146,0.006101350443429139,0.3965163934426229,0.465391621129326,0.4861620057859209,0.491152362584378,0.0389344262295082,0.4713114754098361
US Airlines,seamless,20.0,55,0.33594379871002417,0.0070671526471378174,0.3924180327868852,0.4674052254098361,0.4801131928181109,0.49576502732240435,0.1290983606557377,0.4692622950819672
US Airlines,seamless,20.0,56,0.3344279091642031,0.0065968489653318516,0.3954918032786885,0.4583333333333333,0.472237401335762,0.49036885245901635,0.0676229508196721,0.4713114754098361
US Airlines,seamless,20.0,57,0.33628392905133025,0.006491870464928733,0.39412568306010926,0.4651639344262295,0.49230418943533694,0.49728877679697353,0.0799180327868852,0.485655737704918
US Airlines,seamless,20.0,58,0.3341507659231389,0.006185333243751634,0.3975409836065574,0.45915300546448085,0.48000910746812386,0.49432084309133484,0.0594262295081967,0.4610655737704918
US Airlines,seamless,20.0,59,0.3342011556033324,0.00643308250470299,0.3907103825136612,0.454771662763466,0.48571428571428565,0.49992548435171386,0.0471311475409836,0.4282786885245901
US Airlines,seamless,20.0,60,0.3307242676699812,0.006756416285944591,0.3934426229508196,0.4490632318501171,0.4644374068554396,0.4826112412177986,0.0614754098360655,0.4426229508196722
US Airlines,seamless,20.0,61,0.33256349099704374,0.007121741467347438,0.3954918032786885,0.45909836065573767,0.4736424180327869,0.4986065573770492,0.0614754098360655,0.4344262295081967
US Airlines,seamless,20.0,62,0.33648128863208815,0.0064708747648481125,0.3954918032786885,0.4673770491803279,0.48415300546448087,0.4875409836065574,0.0450819672131147,0.4692622950819672
US Airlines,seamless,20.0,63,0.33388622010212304,0.006449879064767488,0.3913934426229508,0.4569672131147541,0.48263319672131144,0.4928571428571428,0.0450819672131147,0.4774590163934426
US Airlines,seamless,20.0,64,0.3330925826390755,0.006672433485622098,0.3954918032786885,0.4487064549180328,0.47581967213114756,0.49467213114754094,0.0594262295081967,0.4487704918032787
US Airlines,seamless,20.0,65,0.3351375638269282,0.0065380610051061095,0.39617486338797814,0.4566470286885246,0.47944514501891555,0.49284649776453054,0.0594262295081967,0.4569672131147541
US Airlines,seamless,20.0,66,0.3351375638269282,0.006962174146734701,0.3948087431693989,0.4674925484351714,0.47650992234685075,0.492960462873674,0.0819672131147541,0.4692622950819672
US Airlines,seamless,20.0,67,0.3304555227089492,0.007071351787153942,0.39412568306010926,0.4499231557377049,0.46475409836065573,0.482172131147541,0.0614754098360655,0.4364754098360656
US Airlines,seamless,20.0,68,0.3320176027949476,0.006239922063961255,0.3944672131147541,0.45133196721311475,0.4771955503512881,0.4838114754098361,0.0471311475409836,0.4221311475409836
US Airlines,seamless,20.0,69,0.3347974334856222,0.006256718624025753,0.3944672131147541,0.4569672131147541,0.48632441760138045,0.5085245901639345,0.0532786885245901,0.4815573770491803
US Airlines,seamless,20.0,70,0.3344279091642032,0.006378493684493371,0.3934426229508196,0.45446265938069214,0.4813577133249264,0.48754553734061934,0.0758196721311475,0.4815573770491803
US Airlines,seamless,20.0,71,0.33198400967481856,0.007075550927170066,0.3944672131147541,0.44661885245901634,0.4761384335154827,0.4932786885245901,0.0614754098360655,0.4344262295081967
US Airlines,seamless,20.0,72,0.33230734345606017,0.006550658425154482,0.3954918032786885,0.4496487119437939,0.4709016393442623,0.4851775956284153,0.0594262295081967,0.4487704918032787
US Airlines,seamless,20.0,73,0.3357506382692824,0.006004770223058266,0.3934426229508196,0.4542349726775956,0.496641988365944,0.509016393442623,0.0594262295081967,0.4979508196721312
US Airlines,seamless,20.0,74,0.3347134506852997,0.006638840365493099,0.39617486338797814,0.46075031525851196,0.4748039914468995,0.4950819672131147,0.0901639344262295,0.4692622950819672
US Airlines,seamless,20.0,75,0.33281124025799513,0.007445075248589042,0.3954918032786885,0.446681131468981,0.47646370023419204,0.49275956284153005,0.0922131147540983,0.4467213114754098
US Airlines,seamless,20.0,76,0.3318874294544477,0.007806201289975769,0.39275956284153,0.44999999999999996,0.47607187894073144,0.48519125683060105,0.0983606557377049,0.4508196721311475
US Airlines,seamless,20.0,77,0.3335292932007524,0.006848797366299337,0.3954918032786885,0.461577868852459,0.4704527712724434,0.484672131147541,0.1004098360655737,0.4651639344262295
US Airlines,seamless,20.0,78,0.33627972991131416,0.0063616971244288695,0.3975409836065574,0.4687801350048216,0.4749531615925059,0.4956284153005464,0.0676229508196721,0.4754098360655738
US Airlines,seamless,20.0,79,0.3328994221983338,0.00672702230583172,0.3929303278688524,0.4572466467958271,0.4826502732240437,0.48526867030965387,0.0471311475409836,0.4262295081967213
US Airlines,seamless,20.0,80,0.33379383902176835,0.007075550927170068,0.3954918032786885,0.4613328581610834,0.4826844262295082,0.48606557377049175,0.0471311475409836,0.4159836065573771
US Airlines,seamless,20.0,81,0.33171526471378654,0.007478668368718039,0.39275956284153,0.45360527663934425,0.476725625539258,0.4824795081967213,0.1270491803278688,0.4549180327868852
US Airlines,seamless,20.0,82,0.3347512429454448,0.006294510884170873,0.389344262295082,0.45980453972257246,0.4849621689785624,0.5024931693989071,0.0512295081967213,0.485655737704918
US Airlines,seamless,20.0,83,0.3333739250201559,0.006017367643106645,0.3948087431693989,0.4578986587183308,0.4774747793190416,0.47939785624211856,0.0430327868852459,0.4651639344262295
US Airlines,seamless,20.0,84,0.3319588148347218,0.006365896264444998,0.3954918032786885,0.45906762295081965,0.4648394808743169,0.4710772833723654,0.0717213114754098,0.4610655737704918
US Airlines,seamless,20.0,85,0.33394080892233274,0.006218926363880627,0.3913934426229508,0.4576990632318501,0.4769305435720449,0.48504098360655734,0.0737704918032786,0.4774590163934426
US Airlines,seamless,20.0,86,0.3331009809191077,0.007205724267669932,0.39617486338797814,0.4534836065573771,0.48202576112412177,0.48546448087431693,0.0983606557377049,0.4549180327868852
US Airlines,seamless,20.0,87,0.3333403319000268,0.007524858908895409,0.3934426229508196,0.4505269320843091,0.48273565573770494,0.4855047454702329,0.0942622950819672,0.444672131147541
US Airlines,seamless,20.0,88,0.3328112402579952,0.006932780166621828,0.3954918032786885,0.453125,0.4708271236959762,0.4871243169398907,0.0614754098360655,0.4385245901639344
US Airlines,seamless,20.0,89,0.3311735756517065,0.006802606826121962,0.3948087431693989,0.4496487119437939,0.4682695810564663,0.480396174863388,0.0614754098360655,0.4405737704918033
US Airlines,seamless,20.0,90,0.33622094195108837,0.006126545283525886,0.3954918032786885,0.4677985948477752,0.4811475409836065,0.49327006039689386,0.0450819672131147,0.4815573770491803
US Airlines,seamless,20.0,91,0.33285743079817254,0.006643039505509225,0.3944672131147541,0.4504098360655737,0.4729625292740047,0.4942964480874317,0.0594262295081967,0.4426229508196722
US Airlines,seamless,20.0,92,0.3345664807847353,0.006416285944638492,0.3913934426229508,0.45713797814207646,0.4781648451730419,0.4955828779599271,0.0696721311475409,0.4754098360655738
US Airlines,seamless,20.0,93,0.33291201961838207,0.006710225745767221,0.3944672131147541,0.45924408014571944,0.4811475409836065,0.49371584699453547,0.0614754098360655,0.4344262295081967
US Airlines,seamless,20.0,94,0.3357296425692018,0.006130744423542009,0.39275956284153,0.4617974238875878,0.48483606557377046,0.5022248243559718,0.0512295081967213,0.485655737704918
US Airlines,seamless,20.0,95,0.3341927573233001,0.006340701424348245,0.39617486338797814,0.4636270491803278,0.47346311475409836,0.49651639344262294,0.1004098360655737,0.4713114754098361
US Airlines,seamless,20.0,96,0.3327986428379468,0.007033559527008822,0.3934426229508196,0.45367773943054357,0.478765368852459,0.48999999999999994,0.0717213114754098,0.4549180327868852
US Airlines,seamless,20.0,97,0.33340751814028485,0.006735420585863971,0.3954918032786885,0.45349936948297603,0.4836407103825137,0.5046658259773015,0.0471311475409836,0.4221311475409836
US Airlines,seamless,20.0,98,0.33543150362805696,0.00586199946251003,0.3954918032786885,0.462431693989071,0.49200819672131146,0.496844262295082,0.0348360655737704,0.4692622950819672
US Airlines,seamless,20.0,99,0.3343649220639613,0.006752217145928467,0.3908811475409836,0.45840163934426226,0.47776639344262295,0.49871194379391104,0.0737704918032786,0.4754098360655738
US Airlines,seamless,20.0,100,0.3335166957807041,0.006529662725073858,0.39617486338797814,0.4583333333333333,0.47237704918032786,0.4922876304023845,0.0778688524590164,0.4508196721311475
