label,protocol,m,stochastic_id,AUC_S1,AUC_S2,p_LCC_0.5,p_LCC_0.25,p_LCC_0.1,p_LCC_0.05,max_S2_over_N,p_at_max_S2
US Power Grid,adap_degree,,1,0.0263981806096544,0.0022354128408850027,0.02414313206048766,0.033557503278866925,0.04216863707433973,0.051037269849826566,0.1158567134268537,0.0340959697172122
US Power Grid,adap_degree,,2,0.027250335821882462,0.0019930496817752736,0.02506214453726725,0.03723579533234176,0.04227829716748724,0.049875733583848995,0.084502338009352,0.0204575818303273
US Power Grid,adap_degree,,3,0.0259920050630343,0.002420889731849943,0.023944177060861216,0.032792732704673075,0.03648525120416264,0.04650408320247994,0.1072700957470496,0.0331217991538632
US Power Grid,adap_degree,,4,0.02664179103679781,0.0024491566215262676,0.02485922759464296,0.03452783973023718,0.042095071196923406,0.05011793299861368,0.108731351592073,0.0350701402805611
US Power Grid,adap_degree,,5,0.027348869996543165,0.002008071127224375,0.025187163551938997,0.035623737207474464,0.043150628742865786,0.05144586124067203,0.0908483633934535,0.0185092407036294
US Power Grid,adap_degree,,6,0.026887557068477678,0.0019132787566647003,0.02568888339633649,0.0351123001226041,0.042635411547519826,0.05049218807986339,0.0822617457136495,0.0204575818303273
US Power Grid,adap_degree,,7,0.026671861042218477,0.0020735798135150378,0.024945752818197938,0.03296403873874597,0.04079965450780542,0.0527907887561874,0.08375083500334,0.0194834112669784
US Power Grid,adap_degree,,8,0.02652458851341561,0.002056972168501367,0.02429366249346801,0.03457417860234955,0.041599068808879806,0.053658308804568955,0.0830132487196615,0.0194834112669784
US Power Grid,adap_degree,,9,0.026241634914166343,0.0022843409966844647,0.02463138838062598,0.0341085709284794,0.03785592901256707,0.05421654119048906,0.0826653306613226,0.0194834112669784
US Power Grid,adap_degree,,10,0.026793727263465746,0.0018651369220169078,0.025804703503056296,0.03465314158673997,0.03967482076030778,0.05054319472643633,0.0839595858383433,0.0204575818303273
US Power Grid,adap_degree,,11,0.026621034869846023,0.0020469126806645175,0.024980934927079704,0.033693902128595535,0.04292006952974041,0.05023666566401155,0.088106769093743,0.0185092407036294
US Power Grid,adap_degree,,12,0.02629587751637018,0.002147805818780226,0.024875349248488537,0.033692818394387106,0.03602132845973283,0.05756663477104349,0.096192384769539,0.0175350701402805
US Power Grid,adap_degree,,13,0.026667414260533175,0.002240523928370846,0.025673194300342185,0.033445175274476976,0.038898365902467334,0.05287117444766063,0.0949955466488532,0.0185092407036294
US Power Grid,adap_degree,,14,0.02664757998734543,0.0021550996253250094,0.02534674325593672,0.032675429979325626,0.04257843832234151,0.05068101300263025,0.0912797817857938,0.0185092407036294
US Power Grid,adap_degree,,15,0.02700230572757623,0.0019701650248094933,0.025604484406993037,0.0340550671078178,0.042516764381964445,0.04825692767982527,0.0837230015586729,0.0204575818303273
US Power Grid,adap_degree,,16,0.02608022216189468,0.0018434046322561588,0.024668049549391176,0.03294378806698619,0.03706979365075211,0.053280635344763544,0.0950233800935203,0.03604431084391
US Power Grid,adap_degree,,17,0.025799017449344812,0.002395510538816801,0.025450969264526148,0.032566973535002236,0.03741415773298915,0.04804119747153114,0.1013554887552883,0.0350701402805611
US Power Grid,adap_degree,,18,0.026931102991566595,0.0019014432676059826,0.024979199737587467,0.03580157731483635,0.04199968588403509,0.04959015252727675,0.0858940102427076,0.0194834112669784
US Power Grid,adap_degree,,19,0.025973919676545942,0.002185617020366461,0.023808177313463703,0.03351716770207911,0.03868680167224305,0.05465299156997271,0.1136717880204854,0.0185092407036294
US Power Grid,adap_degree,,20,0.027013137979303516,0.001964552318657938,0.02472928646460219,0.03377830540307666,0.043708511743598445,0.04638306346652611,0.0830828323313293,0.0194834112669784
US Power Grid,adap_degree,,21,0.026172181064856102,0.002105358033851403,0.02466994467133986,0.03317014953108824,0.03896593171828816,0.048317691521640616,0.0830828323313293,0.0194834112669784
US Power Grid,adap_degree,,22,0.026553817968639672,0.002109953945410288,0.02571327053820074,0.03445434542817169,0.041404702039351565,0.04546718063529666,0.1146459585838343,0.0350701402805611
US Power Grid,adap_degree,,23,0.026625712124972317,0.00199456809503367,0.02447384789539158,0.036200776786347325,0.03865183758709959,0.05170103502611886,0.0837647517256735,0.0194834112669784
US Power Grid,adap_degree,,24,0.026669014017358984,0.0020259124830104922,0.02512595880113805,0.034140551152145704,0.04118223963532553,0.04767719696996847,0.085128590514362,0.0194834112669784
US Power Grid,adap_degree,,25,0.026806688005207018,0.0019499782628296103,0.024281704390904456,0.03625186409746623,0.042427712567993034,0.04694229079791929,0.0806752393676241,0.0204575818303273
US Power Grid,adap_degree,,26,0.026881863018758705,0.0021091947387810936,0.02541799412644309,0.038220903266461395,0.04302820860839425,0.0488604310910213,0.0923931195724783,0.0185092407036294
US Power Grid,adap_degree,,27,0.026556759894327802,0.0019377496131950537,0.024151113880878268,0.03447769799438653,0.04064815820024623,0.05463964103918426,0.0839735025606769,0.0194834112669784
US Power Grid,adap_degree,,28,0.026705767752568832,0.002451407126891395,0.026018609724156372,0.03348164583134518,0.043422074739087005,0.0520813270905151,0.1104152749944333,0.0340959697172122
US Power Grid,adap_degree,,29,0.02715544855049414,0.001853043844994708,0.02447985401697704,0.03632613936066771,0.04342376938885741,0.053625777050206914,0.0870630149187263,0.0194834112669784
US Power Grid,adap_degree,,30,0.026751957341598697,0.0022722614769235022,0.024118727299281936,0.03380463661470699,0.04085912012165278,0.04837191489528418,0.0960532175462035,0.0185092407036294
US Power Grid,adap_degree,,31,0.026173387661106072,0.0023758525100251097,0.023694302954878843,0.03408490797728015,0.04054405638952059,0.04851723649318836,0.0958027165441995,0.0175350701402805
US Power Grid,adap_degree,,32,0.026595316745281993,0.0021293679434997437,0.025259410144044255,0.03453038967830934,0.0378874248653153,0.050882146236918196,0.0951486305945223,0.0185092407036294
US Power Grid,adap_degree,,33,0.027466696153942205,0.0019535980515795305,0.02597128459745338,0.03617279223708881,0.04324381291119641,0.05265391894900885,0.0846136717880204,0.0194834112669784
US Power Grid,adap_degree,,34,0.02592652349126611,0.002124324642320078,0.0245767665186592,0.03247960458220309,0.0415158032942322,0.048701691882790915,0.0862697617457136,0.0194834112669784
US Power Grid,adap_degree,,35,0.026889251726132133,0.002189507954341085,0.02517631751002889,0.03509914360731579,0.03947517833939729,0.05097242021270485,0.093812625250501,0.0389668225339568
US Power Grid,adap_degree,,36,0.02679311718671014,0.002340874776037129,0.02574067511717198,0.03455388113337155,0.03888546678185607,0.05488783346262414,0.1115981963927855,0.0350701402805611
US Power Grid,adap_degree,,37,0.02610496416364974,0.0022883946177939245,0.024884034152571215,0.03338199696884803,0.036765906721463466,0.050714597920119925,0.1065185927410376,0.0350701402805611
US Power Grid,adap_degree,,38,0.02647164740829039,0.0020953934468431984,0.02561957765928269,0.03221521458653611,0.04061988112638915,0.04661508247348232,0.0862697617457136,0.0194834112669784
US Power Grid,adap_degree,,39,0.026395794531676925,0.002255667389171062,0.02572713364489221,0.034362199844353375,0.03771590154111286,0.05249043190892225,0.11083277666444,0.0350701402805611
US Power Grid,adap_degree,,40,0.02584397332760223,0.002386372944743975,0.02485541681035556,0.032240484861793435,0.03971288504801372,0.048655044293379766,0.0954965486528612,0.0175350701402805
US Power Grid,adap_degree,,41,0.027081127644400307,0.00206257131739169,0.025407793907598373,0.03394100308782834,0.04380874221952836,0.05299657398986574,0.0849337564016922,0.0194834112669784
US Power Grid,adap_degree,,42,0.02725574516911548,0.002183285171433925,0.02586828529132295,0.03388618032084066,0.04303047969557289,0.05252426148593474,0.0909318637274549,0.0194834112669784
US Power Grid,adap_degree,,43,0.026731946824014887,0.0021085575475030165,0.02570103082457742,0.03615152468822041,0.039434923758254456,0.049132814065457116,0.1034290803829882,0.0370184814072589
US Power Grid,adap_degree,,44,0.026813900468184385,0.00205683659588901,0.025510980319363056,0.03310687453520465,0.041484343340984824,0.05660819690062378,0.0827905811623246,0.0194834112669784
US Power Grid,adap_degree,,45,0.026913519223743947,0.0021489853005077306,0.025277967412235928,0.03480457181949311,0.04174715797962285,0.05090317345587833,0.0876753507014028,0.0185092407036294
US Power Grid,adap_degree,,46,0.02598956475601188,0.0021230773742864023,0.02362915001410377,0.03240247955329301,0.03880407177203278,0.04996194326285022,0.0860610109107103,0.0185092407036294
US Power Grid,adap_degree,,47,0.02686303198290238,0.0019967643713538455,0.025155077463641942,0.03353279007657936,0.042237025516196944,0.05021437432688501,0.0894010242707637,0.0185092407036294
US Power Grid,adap_degree,,48,0.026170472849940403,0.0021562519925300387,0.025413128316533355,0.03322031511623631,0.04156462799841429,0.054627835509134505,0.0856574259630371,0.0185092407036294
US Power Grid,adap_degree,,49,0.026819336929939885,0.00205958871991985,0.024922865162312655,0.0348449947456864,0.041174298549885364,0.05077034410701741,0.0851981741260298,0.0194834112669784
US Power Grid,adap_degree,,50,0.02559742097477068,0.002413473909954038,0.02549701634297508,0.03170505714370753,0.035507610445557364,0.050483098328789625,0.1164551324871966,0.0321476285905143
US Power Grid,adap_degree,,51,0.02562568786444702,0.0025008097868341023,0.02369354092800981,0.03337870693962444,0.03894246826987307,0.0489793435585588,0.114938209752839,0.0165608995769316
US Power Grid,adap_degree,,52,0.026848173224588108,0.0020226587403139357,0.025006073640283843,0.03430076693791622,0.041730122766262145,0.05106452220680667,0.0916833667334669,0.0185092407036294
US Power Grid,adap_degree,,53,0.02700375635452845,0.00201886270716795,0.025137673921327784,0.03416274063455949,0.04379286350478734,0.04869389708864285,0.0834864172790024,0.0204575818303273
US Power Grid,adap_degree,,54,0.026318626600723597,0.001935512665091172,0.025471713836953815,0.03262260658985267,0.037875441010396096,0.04914789897254825,0.0922539523491427,0.0194834112669784
US Power Grid,adap_degree,,55,0.026250880966329045,0.0023065884623721727,0.023860617031414542,0.03301644190863896,0.04071875743077073,0.0510635358017622,0.0914189490091293,0.0185092407036294
US Power Grid,adap_degree,,56,0.026986308159318167,0.001993171697126393,0.024836435516401995,0.033589855736050674,0.04218902969457087,0.054264947006312056,0.0833333333333333,0.0204575818303273
US Power Grid,adap_degree,,57,0.026455744740860966,0.002038330934302347,0.024449968534103708,0.036258454324819986,0.037932181830878944,0.04717127238088489,0.0869099309730572,0.0194834112669784
US Power Grid,adap_degree,,58,0.026560366125816488,0.0021624069891310223,0.024524711154026314,0.03273321899925742,0.037099215220232205,0.05331416626694403,0.1024270763749721,0.0331217991538632
US Power Grid,adap_degree,,59,0.026964847014782124,0.002063344081282125,0.026191300607270873,0.03206617620227443,0.0426303271702018,0.054565306771780626,0.0861862614117123,0.0185092407036294
US Power Grid,adap_degree,,60,0.026224037589082465,0.0022025907114334928,0.024561035838697058,0.03236521543969767,0.040617872679617535,0.05014150164127529,0.0838621687820084,0.0194834112669784
US Power Grid,adap_degree,,61,0.026563457181378213,0.0022973830819931645,0.025585133408248546,0.03372665444233786,0.03769001624229839,0.052153377225700785,0.1100673569360944,0.0340959697172122
US Power Grid,adap_degree,,62,0.02650903833477831,0.0020084371732777386,0.025187404281876394,0.03345969604297614,0.04083010459953531,0.051733576202723085,0.094438877755511,0.0185092407036294
US Power Grid,adap_degree,,63,0.02716609100056413,0.001979072145441318,0.02492014991640035,0.03633634125558403,0.04117485995568712,0.0547152145359636,0.0834864172790024,0.0194834112669784
US Power Grid,adap_degree,,64,0.02686682801604837,0.002219632188806706,0.025344197924795992,0.03395416007824368,0.04243391289116941,0.0574496237134113,0.1197255622355822,0.0175350701402805
US Power Grid,adap_degree,,65,0.02592995347835872,0.0021236196647358295,0.025508454048357214,0.03246690127668044,0.039679263151959576,0.04957421155442195,0.1091766867067468,0.0331217991538632
US Power Grid,adap_degree,,66,0.026769771582862346,0.0019102554874091562,0.02497195892681419,0.035566937742840005,0.041350978775636094,0.051880996674839606,0.1046955021153418,0.0194834112669784
US Power Grid,adap_degree,,67,0.02606559387702141,0.0021050733313654584,0.02370900702240796,0.03286027685497759,0.04065124903066043,0.04896187032819347,0.0953434647071921,0.0185092407036294
US Power Grid,adap_degree,,68,0.02652563242253075,0.002061703652672608,0.02312195954484609,0.03519854203337201,0.04072045344885138,0.054044493448725625,0.0827905811623246,0.0194834112669784
US Power Grid,adap_degree,,69,0.02682625113317007,0.0022096269300147958,0.025154011727158,0.03486478572483594,0.04293435355559589,0.0519191892557043,0.0964985526608773,0.0185092407036294
US Power Grid,adap_degree,,70,0.026602339406602067,0.0021031075284862885,0.025172933242593676,0.032175199455514725,0.03967358101956722,0.053971646997699005,0.0906256958361166,0.0194834112669784
US Power Grid,adap_degree,,71,0.02620097668772062,0.002211796091812499,0.02444840062425159,0.03397242893242818,0.03828898398300354,0.05199151104001142,0.0899298597194388,0.0379926519706078
US Power Grid,adap_degree,,72,0.026948293598813393,0.0019364616733776663,0.022719755243921322,0.03557477273387351,0.04403348266073716,0.05108076898876648,0.0836395012246715,0.0194834112669784
US Power Grid,adap_degree,,73,0.026443895694541013,0.0021316455633873304,0.024580193915123123,0.03289224213002454,0.042278521614909026,0.05465773826372138,0.0832915831663326,0.0194834112669784
US Power Grid,adap_degree,,74,0.026405487973460404,0.002105141117671635,0.024194577416059033,0.03199247489923731,0.04071510611332879,0.04952078797512718,0.0867011801380538,0.0185092407036294
US Power Grid,adap_degree,,75,0.026998807954177424,0.002043618266184252,0.02631299636309652,0.03356687168887036,0.04249461475693996,0.054197283455800466,0.0875083500334001,0.0194834112669784
US Power Grid,adap_degree,,76,0.026158311986612018,0.0022758948229346567,0.02491870129026743,0.03335108478151725,0.03847860008820056,0.05138937062158495,0.1092601870407481,0.0185092407036294
US Power Grid,adap_degree,,77,0.026356275115175,0.002060117453108038,0.02411423699121043,0.03318301196090349,0.03886304438494916,0.05317517289969646,0.0844049209530171,0.0340959697172122
US Power Grid,adap_degree,,78,0.0267478494914443,0.00231122504571476,0.02592032788702823,0.033712405524191635,0.04292369480441124,0.046365128937291646,0.1149103763081719,0.0340959697172122
US Power Grid,adap_degree,,79,0.025879656039174456,0.002429552821779522,0.024671161247785407,0.0331503972124156,0.037676655394121496,0.0521035037726648,0.0983077265642396,0.0340959697172122
US Power Grid,adap_degree,,80,0.026909302915499665,0.0018823953155698947,0.025358672630696577,0.03336401096059752,0.042012235701500956,0.05271850200335533,0.0835142507236695,0.0194834112669784
US Power Grid,adap_degree,,81,0.02657422164679932,0.0022047192014474897,0.025369325757138395,0.03355546217883792,0.041206118984621946,0.051110388595267627,0.087981518592741,0.0194834112669784
US Power Grid,adap_degree,,82,0.026131238135924436,0.0022725326221482156,0.025492414065443687,0.03473144414666011,0.03781747052663878,0.05073291934658167,0.0996993987975951,0.03604431084391
US Power Grid,adap_degree,,83,0.026498192525789794,0.002012897512224265,0.024239039608488173,0.03460324506237575,0.039762613462218536,0.049232204245890115,0.082275662435983,0.0204575818303273
US Power Grid,adap_degree,,84,0.026748961186865622,0.001962383156860233,0.02592277864507403,0.0351572507072085,0.04133961435174594,0.05574350991484395,0.0918921175684702,0.0185092407036294
US Power Grid,adap_degree,,85,0.026027037026067224,0.002485137592845684,0.02374273352095146,0.03451155576138954,0.038317832848796106,0.0518055080350402,0.1160793809841906,0.0350701402805611
US Power Grid,adap_degree,,86,0.026271013499263987,0.0019524050125907942,0.023805790709534383,0.03585135506186193,0.040639057835951585,0.05080142363580199,0.0888861055444221,0.0185092407036294
US Power Grid,adap_degree,,87,0.026247071375921836,0.002439883454841088,0.025099462933464253,0.034104750191929295,0.038879053812274876,0.05107712194414662,0.1145207080828323,0.0350701402805611
US Power Grid,adap_degree,,88,0.025612401748436077,0.0022718276445639627,0.023166912959428947,0.032940524660997096,0.039212814206936515,0.04725669360867585,0.1095246047650857,0.0175350701402805
US Power Grid,adap_degree,,89,0.02710946232038281,0.0020397680039933273,0.02483484911697653,0.037114944153007506,0.043415680716405725,0.05183767623518021,0.086854264083723,0.0194834112669784
US Power Grid,adap_degree,,90,0.026229460493576724,0.002328619011880098,0.024897871705429838,0.032447955784914606,0.03785673505774076,0.0535865712907296,0.1046955021153418,0.0350701402805611
US Power Grid,adap_degree,,91,0.02619892954127403,0.0022651303575135515,0.025200157465497624,0.034138866953159444,0.038704976933330804,0.051651961641403545,0.0877866844800712,0.0379926519706078
US Power Grid,adap_degree,,92,0.02663362956553394,0.0019623018132928207,0.024165807963945754,0.035677104312456825,0.04145217242244625,0.05119116897735479,0.0847110888443553,0.0185092407036294
US Power Grid,adap_degree,,93,0.025946317092670156,0.0022706481628364614,0.024893396366547,0.03386339746560184,0.04092634601232437,0.050247717657537216,0.1082164328657314,0.0185092407036294
US Power Grid,adap_degree,,94,0.02658897194702371,0.0022109690988771254,0.02483121286994092,0.03373607862434603,0.041940734122633064,0.05362601048981431,0.0878701848140725,0.0185092407036294
US Power Grid,adap_degree,,95,0.02690481546203067,0.00194946308690266,0.024997234319550744,0.0344852700996707,0.04085504162615545,0.049311045988476174,0.0877171008684034,0.0194834112669784
US Power Grid,adap_degree,,96,0.026573340424818997,0.0021121231072079947,0.02411875032115511,0.033804313764437655,0.0387814046801844,0.049509596115307516,0.0879954353150746,0.0185092407036294
US Power Grid,adap_degree,,97,0.026454321228431225,0.0021206099527415136,0.025234716972623143,0.03352913163569654,0.04138880587081749,0.0509248064540467,0.092462703184146,0.0185092407036294
US Power Grid,adap_degree,,98,0.026558142734973835,0.0022805042917547775,0.025657442119654116,0.03516475317412298,0.039332261817326276,0.051466714652388265,0.1132403696281451,0.03604431084391
US Power Grid,adap_degree,,99,0.02668045634584188,0.0019278121407093204,0.02579531823503635,0.03490788005956553,0.038374279423043556,0.0497502893303754,0.0830689156089957,0.0194834112669784
US Power Grid,adap_degree,,100,0.025534203465628843,0.002580892528953093,0.02454394633283661,0.031955698443201196,0.03634062997790447,0.0497820053421018,0.0946197951458472,0.0321476285905143
US Power Grid,betweenness,,1,0.03644782587485016,0.003505307943567157,0.03615810997261956,0.041186451665637835,0.05054449527562416,0.057460504796647056,0.0891505232687597,0.0399409930973057
US Power Grid,degree,,1,0.027403790461808766,0.003132415473280596,0.024335876426710635,0.0316950611634467,0.041713483623448344,0.04641469950856324,0.0806195724782899,0.0418893342240035
US Power Grid,random,,1,0.20715451455590608,0.00858548487379019,0.2303649444482835,0.2846184668979106,0.2979148365791703,0.36196134407179137,0.0919477844578045,0.2854319750612336
US Power Grid,random,,2,0.19779307654281564,0.011258678529713337,0.2168591569103118,0.258524239421315,0.3019067851465204,0.3442513682335431,0.1117373636161211,0.2591293698508127
US Power Grid,random,,3,0.20972558136294106,0.006364507223643412,0.21704230793820858,0.29002449343130704,0.3417609202742244,0.3720465622603226,0.0315352928078379,0.1802215542195502
US Power Grid,random,,4,0.21249295402019056,0.005002083813027925,0.2111113064335298,0.2911274547144972,0.34402176028949516,0.3781716382009561,0.0384936539746159,0.2669227343576041
US Power Grid,random,,5,0.2025974581077219,0.01161946436571648,0.21639098788811056,0.2752221722803551,0.32814152002528757,0.3660202349142729,0.1540441995101313,0.2756902694277444
US Power Grid,random,,6,0.20094161489218318,0.009653742830114522,0.22256152516673558,0.2701286566258997,0.3146733855094039,0.32955726267349494,0.0870630149187263,0.2474393230906257
US Power Grid,random,,7,0.21079652365699006,0.005381253295266612,0.23155879660555675,0.3010526161432668,0.3130499796400659,0.33496875676876003,0.0790608995769316,0.3019928746381652
US Power Grid,random,,8,0.20585956563446042,0.006453103925818395,0.21715412015749525,0.28904666057260714,0.3284271986853206,0.3315880873873571,0.0416666666666666,0.2747160988643954
US Power Grid,random,,9,0.20975321106133932,0.005347333027655012,0.22509570173939608,0.2922637299431719,0.33981458724577035,0.36241805395210713,0.0508934535738143,0.3019928746381652
US Power Grid,random,,10,0.2026297921757689,0.006933573264009858,0.21822322628796692,0.27753480549441323,0.32364129927604834,0.3585953268544255,0.0574343130705856,0.2493876642173235
US Power Grid,random,,11,0.21543550663482136,0.005377470819381863,0.22519771805994854,0.308348578318374,0.3462766175626104,0.3803468023436568,0.0500306167891338,0.329269650411935
US Power Grid,random,,12,0.21496279205005664,0.004508707962140127,0.23252956006174305,0.30616279985445144,0.32614551743387055,0.34458229313598804,0.0701402805611222,0.3263471387218882
US Power Grid,random,,13,0.20603345106706888,0.008015171565390071,0.21888863196478428,0.27065763679223576,0.31896797710647634,0.3699885721989901,0.0648519260743709,0.2571810287241149
US Power Grid,random,,14,0.2086270500422775,0.00597449193241621,0.23008861445673476,0.2793627817503694,0.3365616802970717,0.3501135780832202,0.059897572923625,0.27958695168114
US Power Grid,random,,15,0.21403603122924883,0.006031988277316612,0.22200609718773529,0.2998865599065999,0.34404823148819197,0.3697768801491872,0.0396904920953017,0.2357492763304386
US Power Grid,random,,16,0.21235194823855627,0.005484668083972151,0.22189285979366136,0.30505046039791994,0.3332191312225809,0.3446595242120941,0.0713927855711422,0.3253729681585393
US Power Grid,random,,17,0.208487220449893,0.0058809875016739305,0.2195557546354479,0.29903428255688325,0.32331609435107717,0.34557538930043735,0.0447422623023825,0.2581551992874638
US Power Grid,random,,18,0.21017301165550126,0.0066498197863476905,0.22267227486989044,0.2832556365686455,0.33377270618591576,0.38897651871760136,0.0513248719661545,0.2932253395680249
US Power Grid,random,,19,0.21221726711296363,0.007467268409812484,0.22744273268759738,0.2935416287119693,0.3328659814886723,0.3562008478206493,0.0770151413938989,0.2776386105544422
US Power Grid,random,,20,0.20694642415320008,0.006969486449023093,0.22385140651673716,0.2870932837898018,0.3155276222660992,0.35213606408332654,0.0635437541750167,0.3156312625250501
US Power Grid,random,,21,0.2021956344419584,0.007671278076886555,0.2089395233691418,0.28793004007588646,0.31980439685820905,0.3326127513686843,0.0839735025606769,0.2094466711200178
US Power Grid,random,,22,0.21305338737762763,0.007581596793812726,0.2252808085306415,0.30507508837288805,0.3306230354903112,0.36942934703847036,0.1126419505678022,0.3058895568915609
US Power Grid,random,,23,0.21329072079281894,0.005521584506316832,0.2240849559055513,0.30578515859976213,0.34320354744361525,0.348920245011032,0.0410125807169895,0.3302438209752839
US Power Grid,random,,24,0.20269134214177875,0.01074191640319404,0.20806659615527354,0.2749663584005451,0.3254280581889167,0.37046772388002785,0.1059480071253618,0.2756902694277444
US Power Grid,random,,25,0.20610812446195487,0.012399061115811337,0.23109531431836414,0.2599946546526146,0.30845027190284435,0.36685978795197227,0.1204074816299265,0.2601035404141616
US Power Grid,random,,26,0.20716018149110257,0.007468149631792805,0.22249262224801536,0.2827817549905737,0.32205485759383,0.34509883965461785,0.0722556223558227,0.2669227343576041
US Power Grid,random,,27,0.20924375629862607,0.007151058848752162,0.22154699008406417,0.29443024616275526,0.33079295115551705,0.34404637709007646,0.0623747494989979,0.3312179915386328
US Power Grid,random,,28,0.20846193615768857,0.007599383920553902,0.23069702623638078,0.29576367131759607,0.30345727810995765,0.35480830081215053,0.0802159875306167,0.3010187040748163
US Power Grid,random,,29,0.21440712058379105,0.0074579410140823525,0.23475510813089193,0.2981459023158973,0.3355945809748151,0.3911781897127586,0.065979180583389,0.267896904920953
US Power Grid,random,,30,0.19626956575419818,0.005547844921330285,0.2145968816718404,0.25882962506208995,0.30587662322280496,0.3373716978803658,0.0631123357826764,0.2513360053440214
US Power Grid,random,,31,0.2143260346043406,0.007084818070354781,0.22418861159819636,0.29078875435247975,0.3360675897249043,0.419477844578045,0.065979180583389,0.2747160988643954
US Power Grid,random,,32,0.2114876863920448,0.006914145708659169,0.21668177806653383,0.2967750916527895,0.3243106583537445,0.3581085186577827,0.0686790247160988,0.2971220218214206
US Power Grid,random,,33,0.2136275373909574,0.006588269820337832,0.2281780910749374,0.2959281752827749,0.3318837511624556,0.37073762910436253,0.070460365174794,0.3321921621019817
US Power Grid,random,,34,0.2049092287363638,0.011466890947770463,0.22049876547588781,0.28894330348332964,0.3439956724196056,0.3562405485818262,0.1046537519483411,0.2240592295702516
US Power Grid,random,,35,0.21328502674309993,0.0064231288212263675,0.23452355937749259,0.29221463760855043,0.33489578608520193,0.3519144727669253,0.0626809173903362,0.292251169004676
US Power Grid,random,,36,0.2102145104321436,0.006030225833355979,0.22353886516995344,0.29625500072578637,0.3277124231974858,0.35256471106856085,0.1005483188599421,0.2971220218214206
US Power Grid,random,,37,0.19771124491399727,0.011421067404793966,0.2166939673618069,0.24986480898304542,0.3304339790692496,0.34727129697992465,0.1496325985303941,0.2221108884435537
US Power Grid,random,,38,0.1946029716304996,0.008902765458488126,0.21387131454136069,0.24571085034598666,0.32345088728181004,0.3358627035647743,0.0793670674682698,0.2396459585838343
US Power Grid,random,,39,0.20172523814886503,0.009248475619997224,0.22266843260245156,0.266253120275639,0.3227048232267003,0.3662210921245118,0.1041666666666666,0.2669227343576041
US Power Grid,random,,40,0.21195882833450613,0.005422169109675801,0.22465173683145206,0.2929828235431613,0.3222199384524034,0.36093715208194144,0.1124888666221331,0.2932253395680249
US Power Grid,random,,41,0.2090265960881534,0.005410428521445733,0.2235966097593462,0.28524416413042997,0.330502012408333,0.3495124310875494,0.053189712758851,0.3273213092852371
US Power Grid,random,,42,0.2090267587752882,0.008499599623862347,0.23279508429686835,0.28502249064803775,0.30843214206190145,0.371548652861278,0.1394733912268982,0.2854319750612336
US Power Grid,random,,43,0.20236386649663157,0.007729126910579083,0.2131560128804618,0.28440486044552865,0.30741502207168936,0.34116752022563607,0.0862558450233801,0.3000445335114673
US Power Grid,random,,44,0.2082152753467671,0.010911856672782914,0.21715388448855377,0.2726392457836467,0.3294279945943091,0.36121397384140247,0.1180833890002226,0.2727677577376976
US Power Grid,random,,45,0.21246554453044977,0.007211998738006419,0.2293187411091613,0.2983114510395691,0.3067710474639796,0.3722019201802294,0.09208695168114,0.2990703629481184
US Power Grid,random,,46,0.2087951600815996,0.00935519838044427,0.2194425082048154,0.2968759155738377,0.3528275106653707,0.37133566981756505,0.0755260521042084,0.2279559118236473
US Power Grid,random,,47,0.2088975987474962,0.007238394725632227,0.22572494096560744,0.2963326664423316,0.33370254278737915,0.3526602300207651,0.0677605210420841,0.2464651525272768
US Power Grid,random,,48,0.20729062945871204,0.007898741805898307,0.21781704434510046,0.2958999509954302,0.3230587535409392,0.3728689470631808,0.0439907592963705,0.3136829213983523
US Power Grid,random,,49,0.20890021529891467,0.006204870472593631,0.2207355888247082,0.2998348197049032,0.33242311815401104,0.341236976877732,0.0706969494544644,0.303941215764863
US Power Grid,random,,50,0.21201083398860607,0.00700149514280047,0.22758821018944206,0.2997633318155624,0.32556890184561543,0.3456932383285088,0.0622634157203295,0.3000445335114673
US Power Grid,random,,51,0.2086451083142434,0.007553329904136399,0.22323852423263577,0.2850705425706376,0.3209306308595377,0.36472945891783554,0.1054330883990202,0.2854319750612336
US Power Grid,random,,52,0.2061455967320102,0.00622332190513535,0.22899531702293474,0.282629072339391,0.32264000371244667,0.33518952208751157,0.1067690937430416,0.2834836339345357
US Power Grid,random,,53,0.20989743320636423,0.009393416299867566,0.22477060063279009,0.2753548963717957,0.33350453527600277,0.3812624787382122,0.1529030282787798,0.2756902694277444
US Power Grid,random,,54,0.2096530093435466,0.006545171286869696,0.21850500337324733,0.29801913934586055,0.3382303004702215,0.3585703745800057,0.0577126475172567,0.3078378980182587
US Power Grid,random,,55,0.20995825108026733,0.007090810379820935,0.23218109345305593,0.28654927020971904,0.33962945047182486,0.35358112382605295,0.075317301269205,0.2601035404141616
US Power Grid,random,,56,0.19903984295782978,0.010285890807010447,0.22111916525744177,0.2550525124504977,0.29114238578166424,0.33449571276121987,0.1399326430639056,0.2552326875974171
US Power Grid,random,,57,0.20648490786621607,0.0069184975895158094,0.2188373488130824,0.2902599098741383,0.3036463317024439,0.36435171588387505,0.1048068358940102,0.2932253395680249
US Power Grid,random,,58,0.20199558349516514,0.008457002709059927,0.21912619565371877,0.27705347714471423,0.3110239303478606,0.3467795806667096,0.1439545758183033,0.2776386105544422
US Power Grid,random,,59,0.20712494616915114,0.006677341026656061,0.22126097432961156,0.281258229681721,0.30488124564298325,0.3593464707192162,0.0857130928523714,0.3049153863282119
US Power Grid,random,,60,0.20725089312603032,0.0070762092094701365,0.2110857118355336,0.2765289415785945,0.33719012852031627,0.34985065206331495,0.0829714985526608,0.2766644399910933
US Power Grid,random,,61,0.21345393666083493,0.005383164869100837,0.22778318654645777,0.29291802490284335,0.33855807668268323,0.35737857804861256,0.0543726341572032,0.2932253395680249
US Power Grid,random,,62,0.20899197084295754,0.006739162137890624,0.22706815961672444,0.2936942390218265,0.3076795953017143,0.35481285105021065,0.0939796259185036,0.3019928746381652
US Power Grid,random,,63,0.21318250673363595,0.0076741115444848036,0.22740315212197174,0.28125842327930717,0.33785915080788426,0.3790134165511786,0.0821086617679804,0.2669227343576041
US Power Grid,random,,64,0.20813619584197957,0.008904270314485286,0.21292423347987968,0.28743732226771124,0.34129640401008166,0.37785052864349367,0.0525217100868403,0.2883544867512803
US Power Grid,random,,65,0.19891690571294496,0.010308368746139161,0.21626102045228732,0.2607582570052672,0.3024097028003051,0.3174816067319825,0.1770485415274994,0.2610777109775106
US Power Grid,random,,66,0.20843902438620032,0.006292518166482109,0.2200970568588156,0.29553899465597855,0.3371529832945918,0.34370841550826525,0.0635437541750167,0.3097862391449565
US Power Grid,random,,67,0.20684568014495797,0.013136521897985793,0.20131602253245778,0.2974160069509749,0.3308881593964311,0.3671186122244488,0.1004509018036072,0.2016533066132264
US Power Grid,random,,68,0.19805925980991643,0.011909277939150973,0.207997857085299,0.2510144756921989,0.3307272982178347,0.3683698919578287,0.1039439991093297,0.2513360053440214
US Power Grid,random,,69,0.21056862609561877,0.006050819313172923,0.22658260193225951,0.2789376722814067,0.34408713071336333,0.3544815613424516,0.0704464484524604,0.2688710754843019
US Power Grid,random,,70,0.2015058816620722,0.00857279527727362,0.22071364952126468,0.259242950275239,0.33504473334132645,0.3625388271442927,0.1596943887775551,0.2386717880204854
US Power Grid,random,,71,0.20788422058465378,0.006989957913488927,0.22266082343899266,0.29421695498669087,0.3489815278705559,0.36425522538811295,0.0522851258071698,0.2951736806947228
US Power Grid,random,,72,0.206569301817408,0.008377136883120712,0.2123502054614279,0.2928972510363271,0.33162833221097376,0.349990920619962,0.0595079046982854,0.2542585170340681
US Power Grid,random,,73,0.19824658048840943,0.014389836470176763,0.18799048045570244,0.2704541026497439,0.31688207556641285,0.3348730794923179,0.1116121131151191,0.2708194166109998
US Power Grid,random,,74,0.20422569873938476,0.007605945634991956,0.2247708801441266,0.28557141618678006,0.30257498958866125,0.33002083802480625,0.0770568915608995,0.2864061456245825
US Power Grid,random,,75,0.20735653130557855,0.005627304029432433,0.22514508847844306,0.2903500748103946,0.33280663891886325,0.35102119427324713,0.0384379870852816,0.2912769984413271
US Power Grid,random,,76,0.2083789792761876,0.008729598560725159,0.2264798958185731,0.27027033865711214,0.3356277369553922,0.35628015688028414,0.1340319527944778,0.2659485637942552
US Power Grid,random,,77,0.21319510142932388,0.006516307877699001,0.22978600103225072,0.30965634973651,0.3232185017125708,0.34416363591380256,0.0688460253841015,0.3234246270318415
US Power Grid,random,,78,0.21258316732893032,0.006354990026255986,0.22257440508256654,0.3044259512209195,0.3337321435059799,0.3686127043358748,0.0453824315297261,0.3341405032286796
US Power Grid,random,,79,0.2030376759373047,0.013392374532024992,0.2217926920283895,0.25580752040522287,0.3308824439001459,0.3631113669106321,0.1348112892451569,0.256206858160766
US Power Grid,random,,80,0.21139483270984177,0.0061822840753750375,0.22463549948096503,0.30054913271439604,0.3325645694013002,0.3481016759887935,0.060523825428635,0.3214762859051436
US Power Grid,random,,81,0.1980665536164612,0.009332354395262194,0.203809682953997,0.2639145925207041,0.29218486952174666,0.3574425114821082,0.0916276998441327,0.2640002226675573
US Power Grid,random,,82,0.2132943270243076,0.005679729958630695,0.22568582629070572,0.3124180297768312,0.329603480201286,0.35516564530026234,0.1093854375417501,0.3205021153417947
US Power Grid,random,,83,0.2050621410858407,0.00614843159406961,0.22654391179362465,0.27740303698644964,0.3043504704883016,0.3359902951694448,0.1215904030282787,0.267896904920953
US Power Grid,random,,84,0.20488563910181376,0.006882475946412687,0.21810939037005092,0.27535827209975505,0.3304304342393178,0.3548997907089089,0.0583528167446003,0.267896904920953
US Power Grid,random,,85,0.1972999582798913,0.013098900498056863,0.21790977788911156,0.27207192162101984,0.31603455582387247,0.32821462649923605,0.1389028056112224,0.2367234468937875
US Power Grid,random,,86,0.20615184662943983,0.00778644701108341,0.22104050350357776,0.2877206890353666,0.33310757317103346,0.3511699324575075,0.1308032732130928,0.2883544867512803
US Power Grid,random,,87,0.20481103349323398,0.006309098696973317,0.22921986730141014,0.2780820018523903,0.32563767292106205,0.34114530836821566,0.0556529726118904,0.2367234468937875
US Power Grid,random,,88,0.2035960181840337,0.006983558886185702,0.2164436334144363,0.2875770976168246,0.30776005348385976,0.34731936957463594,0.1037074148296593,0.2883544867512803
US Power Grid,random,,89,0.20552082390522647,0.011042182625041225,0.23062143373317864,0.2714563742870356,0.34219521186987845,0.37161950162952107,0.164773992429303,0.2386717880204854
US Power Grid,random,,90,0.21047696545240457,0.005862793657095688,0.22655639918334314,0.29658328588571625,0.3531306086067718,0.3635655300804236,0.0384658205299487,0.303941215764863
US Power Grid,random,,91,0.2077218994958793,0.008920959303066371,0.22573503488458396,0.2779119483055946,0.3399921919863118,0.34674409424910424,0.0991427299042529,0.2669227343576041
US Power Grid,random,,92,0.21304640538809125,0.006265783247325404,0.22729085307366864,0.2983954473944257,0.35485806432251793,0.38382606716701373,0.046356602093075,0.24354264083723
US Power Grid,random,,93,0.20400584063392618,0.007785660689931741,0.2091577222241092,0.2863960071979051,0.32009320191935425,0.33299883952027165,0.0910571142284569,0.2893286573146292
US Power Grid,random,,94,0.20569182164119176,0.00809170230506532,0.2133371877369366,0.290427243943986,0.32913138104165324,0.33801684186218967,0.0727287909151636,0.2912769984413271
US Power Grid,random,,95,0.206985713096261,0.005909756010015985,0.22000366971424962,0.2848385148329865,0.33370463218364793,0.36492770330055674,0.0301297038521487,0.365313961255845
US Power Grid,random,,96,0.20950135781936463,0.007597160529711251,0.21825548460385932,0.28037943424516915,0.3303798372426193,0.3749604807579535,0.1021765753729681,0.280561122244489
US Power Grid,random,,97,0.2083454792836743,0.008627214123873524,0.2237187936206942,0.29430778953933345,0.3045481158395221,0.3758901875684574,0.1174710532175462,0.2951736806947228
US Power Grid,random,,98,0.21538057261229449,0.0047788228349992315,0.22363331850641777,0.31401784032044555,0.35213707791282,0.36418772333359695,0.0379926519706078,0.3643397906924961
US Power Grid,random,,99,0.19682089889686835,0.009658528543330717,0.2149267972346084,0.269906822468997,0.29532792436725297,0.32392678076459436,0.0850172567356936,0.2708194166109998
US Power Grid,random,,100,0.21161713112232278,0.006293833220821968,0.22914102483181586,0.30119963134918826,0.31271308048195157,0.3721632929378485,0.1145902916945001,0.3019928746381652
US Power Grid,seamless,1.0,1,0.08195956540019095,0.006190187958675422,0.07761735592396912,0.1081787690263725,0.12047518993858473,0.14234881857627346,0.1126280338454687,0.109107103095079
US Power Grid,seamless,1.0,2,0.08917319430202342,0.0030141012544770587,0.09660877713559157,0.11286695024392597,0.13012617363688303,0.1377076623762733,0.0716154531284791,0.1130037853484747
US Power Grid,seamless,1.0,3,0.08674395000477458,0.003135601429670957,0.09095559298903855,0.11974923729708192,0.12455987527551847,0.13970337337549574,0.092587953685148,0.1227454909819639
US Power Grid,seamless,1.0,4,0.08510076927123,0.004467887048559595,0.09676884869541169,0.10874482314035988,0.11296512698813943,0.1361821682580848,0.1675573368960142,0.109107103095079
US Power Grid,seamless,1.0,5,0.08608139309092708,0.004273733510403835,0.09035815588416314,0.11420939291063095,0.12354953069864197,0.1333806501892673,0.0806195724782899,0.1071587619683812
US Power Grid,seamless,1.0,6,0.08381071452109039,0.004195616571164014,0.08560188675005459,0.10943776418373147,0.13365783127620523,0.14278905032286782,0.064504008016032,0.1100812736584279
US Power Grid,seamless,1.0,7,0.08448478154972695,0.005450612243748209,0.09132257245539878,0.10192413659949998,0.13644873547662034,0.14105989757292353,0.1487419283010465,0.0993653974615898
US Power Grid,seamless,1.0,8,0.0922743364661111,0.003568905056023586,0.10035765007715863,0.11865828059795125,0.1329336550530058,0.14502506375148116,0.1141449565798263,0.1188488087285682
US Power Grid,seamless,1.0,9,0.090367344986182,0.004013095163148454,0.10258619500554697,0.12219913856962537,0.1280383522673228,0.1526211770793807,0.0966794700512135,0.1246938321086617
US Power Grid,seamless,1.0,10,0.08195357309072476,0.003818467120849456,0.09308693255331021,0.10962921986160246,0.11543617642234622,0.13160106824527715,0.0545396348252059,0.1110554442217768
US Power Grid,seamless,1.0,11,0.08091519533816384,0.004073275845773507,0.08902933552408555,0.09984556952961518,0.11129116859033716,0.1294375045970683,0.1256958361166778,0.1003395680249387
US Power Grid,seamless,1.0,12,0.08800764943907202,0.004402812194628467,0.09242627721773512,0.11482611256612552,0.12161672378573571,0.15308553133202424,0.090709196170118,0.1188488087285682
US Power Grid,seamless,1.0,13,0.08263163951142585,0.004323366643787553,0.08619981227481356,0.11247856667509532,0.117871861034642,0.13694352026599044,0.0773213092852371,0.1178746381652193
US Power Grid,seamless,1.0,14,0.08665017442880758,0.003927575959273967,0.08895327797255945,0.11578955986744019,0.13217844886931862,0.14623411625637553,0.0614144956579826,0.1324871966154531
US Power Grid,seamless,1.0,15,0.08319987855885694,0.005543926872833195,0.08971886759765656,0.10504259093893019,0.11989653910996588,0.14579301765925012,0.093436873747495,0.109107103095079
US Power Grid,seamless,1.0,16,0.09002227201595099,0.003969183194006181,0.0947925262289284,0.12317733109316271,0.13410890408267506,0.15886699147433025,0.0874248496993988,0.1276163437987085
US Power Grid,seamless,1.0,17,0.08387241361697385,0.00554967515159711,0.0921848360698141,0.10023042910001585,0.1267468173700608,0.13462065571796838,0.2063432420396348,0.1003395680249387
US Power Grid,seamless,1.0,18,0.0825057467835916,0.004755355215800325,0.08791330599420462,0.1076806527913044,0.11917998811361158,0.1205717848425877,0.0683311066577599,0.1081329325317301
US Power Grid,seamless,1.0,19,0.08613662537320112,0.003825191522422341,0.09312929281011775,0.10945072295668963,0.12733164742182776,0.14450190062665008,0.0604820752616343,0.1159262970385214
US Power Grid,seamless,1.0,20,0.0843275444339159,0.005856706446800882,0.0861141746945612,0.10667347848183008,0.1284699247278251,0.14981544285151488,0.1408650634602538,0.1071587619683812
US Power Grid,seamless,1.0,21,0.08744256923350886,0.0036535701524402324,0.09403200565607653,0.11273932620532068,0.12046586397727696,0.15313961255845002,0.0642256735693609,0.1120296147851258
US Power Grid,seamless,1.0,22,0.08114832600237208,0.005113876989177115,0.08152777270505548,0.10411563868477693,0.12074389608684748,0.13249297336811985,0.0877866844800712,0.0818303273213092
US Power Grid,seamless,1.0,23,0.07831458725889634,0.009048872062824754,0.07991608957810764,0.08667665292567768,0.1307637431164974,0.14096248051658872,0.2019038076152304,0.0867011801380538
US Power Grid,seamless,1.0,24,0.08140165698582146,0.006295758351917438,0.08186419545088201,0.10193374192024607,0.11881288440354149,0.13347760335485775,0.1677939211756847,0.1022879091516366
US Power Grid,seamless,1.0,25,0.08519755455919133,0.005316463143821444,0.08344955472543981,0.11244335694592797,0.12914617529195835,0.13654036796998248,0.08375083500334,0.0837786684480071
US Power Grid,seamless,1.0,26,0.09074393858878592,0.003654736076906495,0.09386384548069034,0.11700443940213502,0.14486946692975378,0.16394244861348553,0.0759574704965486,0.0944945446448452
US Power Grid,seamless,1.0,27,0.08950590305000752,0.0030320917401367668,0.09440225480200162,0.12190009009078182,0.1294727476749657,0.14010869525862926,0.0648240926297038,0.109107103095079
US Power Grid,seamless,1.0,28,0.08736610628013981,0.0043441634825230465,0.09027603818748602,0.11820319197688613,0.13121880969752503,0.14697720186045227,0.0568915608995769,0.073062792251169
US Power Grid,seamless,1.0,29,0.0886724433010234,0.004158076514802505,0.0927610099477593,0.10999115017734484,0.13417370477131774,0.14482409262970383,0.0812875751503006,0.1100812736584279
US Power Grid,seamless,1.0,30,0.08757838587656762,0.0042720252954881474,0.0910235192883106,0.11491291980003772,0.1254977095483409,0.14365457132726503,0.0772517256735693,0.0915720329547984
US Power Grid,seamless,1.0,31,0.0860230290813076,0.005145804339387079,0.09206258812271813,0.11307206917379545,0.1347832501346425,0.14986102473145507,0.0890531062124248,0.0944945446448452
US Power Grid,seamless,1.0,32,0.08596080125223597,0.004606306685775581,0.09309438085209966,0.10545122704835382,0.12437445035975424,0.13483464103347934,0.080146403918949,0.1032620797149855
US Power Grid,seamless,1.0,33,0.08075204725645402,0.005828507343430736,0.07977776537212256,0.10211920093296732,0.11794687791346378,0.1287673082791096,0.1127393676241371,0.0798819861946114
US Power Grid,seamless,1.0,34,0.08572775193159511,0.004910734986822122,0.08978482170883662,0.10907047106149852,0.12505695547473544,0.15587088101424146,0.1174710532175462,0.109107103095079
US Power Grid,seamless,1.0,35,0.08296219265487349,0.004966496002284346,0.08273108213205799,0.11215864150276306,0.11479953842484052,0.13320279383205694,0.101522489423291,0.1130037853484747
US Power Grid,seamless,1.0,36,0.0879377346428798,0.0032863039455664498,0.08120166258442804,0.11928999068526809,0.14246530765043366,0.15496007396624584,0.042877421509686,0.0789078156312625
US Power Grid,seamless,1.0,37,0.08827837438868676,0.0037181298304443935,0.09576096637719878,0.12113642192123522,0.13180858380526644,0.1361644444894278,0.0659374304163883,0.1237196615453128
US Power Grid,seamless,1.0,38,0.08393232315437417,0.005735789233840119,0.08048816185222248,0.11568696146825526,0.13375303891550133,0.14583870806747595,0.1007570696949454,0.0574760632375862
US Power Grid,seamless,1.0,39,0.08196868943700253,0.006712752593003584,0.08289839384257135,0.1063404976717348,0.10910661769521353,0.1511263267275291,0.1135743709641505,0.0759853039412157
US Power Grid,seamless,1.0,40,0.08353786108146169,0.004222432833888133,0.08953728942877852,0.11252734005072239,0.12239489752049496,0.14238966767109545,0.0696392785571142,0.1188488087285682
US Power Grid,seamless,1.0,41,0.08658099172472203,0.005817254816605152,0.0899288447210199,0.10349111668129009,0.14358841139068254,0.16019981751444679,0.1225645735916277,0.0905978623914495
US Power Grid,seamless,1.0,42,0.09287791929358354,0.0038521433577588127,0.09806051769009941,0.1166093361691454,0.14408555673438367,0.1758381488296709,0.0988226452905811,0.109107103095079
US Power Grid,seamless,1.0,43,0.08338056973660567,0.004856411041050874,0.08984605684799546,0.11095078126868972,0.12516139026161685,0.14340801135367656,0.0836951681140057,0.1159262970385214
US Power Grid,seamless,1.0,44,0.08966991879643643,0.0032457135054269086,0.09523763288851599,0.12615135072646,0.13409378963216595,0.13836394413678008,0.0890531062124248,0.1324871966154531
US Power Grid,seamless,1.0,45,0.08366016113506851,0.005064203184009688,0.09005682077356528,0.1079230261566052,0.12632335377826348,0.13425223985983656,0.1305527722110888,0.1081329325317301
US Power Grid,seamless,1.0,46,0.08785465574602773,0.0036364066597158982,0.09325315623292131,0.11003235520075147,0.13501474716281375,0.14212517477600273,0.1272545090180361,0.1100812736584279
US Power Grid,seamless,1.0,47,0.08205748949809605,0.004971946021301084,0.0901421177177112,0.10350270256393881,0.12246985493028743,0.13639127763262104,0.079394900912937,0.1042362502783344
US Power Grid,seamless,1.0,48,0.08528091815852931,0.005713284180188931,0.0970977903519457,0.10218232276596073,0.12298876648279289,0.13404586951681127,0.2223335560008907,0.1022879091516366
US Power Grid,seamless,1.0,49,0.08938650425030514,0.004304657623282361,0.09656361840031731,0.12470821100996574,0.13209969530722737,0.14187472166555332,0.0999359830772656,0.1256680026720107
US Power Grid,seamless,1.0,50,0.07938689554385242,0.0055835547474249935,0.07928249661716594,0.09932622950631254,0.12010514006579301,0.1356885375689651,0.1251948341126698,0.0740369628145179
US Power Grid,seamless,1.0,51,0.0853777305610131,0.00514608904187302,0.08618703456295299,0.11872342043823615,0.12784747549645792,0.13587431272801995,0.0667028501447339,0.0584502338009352
US Power Grid,seamless,1.0,52,0.08406328629791059,0.0036661919626506216,0.08891237367858708,0.1095476144852786,0.12324647356954731,0.13567724171394197,0.0752616343798708,0.121771320418615
US Power Grid,seamless,1.0,53,0.08478361070188316,0.003972355593135322,0.09086211108677085,0.10914972479830816,0.12674615930410157,0.1440780867290135,0.0838621687820084,0.1100812736584279
US Power Grid,seamless,1.0,54,0.0853937823583161,0.004578392284891384,0.08544105160706975,0.11315725648631222,0.1406681388528129,0.1546127124224808,0.0733550434201736,0.1139779559118236
US Power Grid,seamless,1.0,55,0.08164122734911664,0.005008808214600824,0.08331175409371608,0.1076079577670388,0.11801055593377076,0.13512604405027545,0.1111111111111111,0.1120296147851258
US Power Grid,seamless,1.0,56,0.08708784020080035,0.0036107834359805162,0.09205389817986959,0.10961733224322297,0.1331225009713792,0.134338120685816,0.0695140280561122,0.0925462035181474
US Power Grid,seamless,1.0,57,0.087386252370336,0.00419634866327074,0.09501525611855403,0.11418177173890723,0.12351117663494003,0.14602587527997168,0.0915998663994656,0.121771320418615
US Power Grid,seamless,1.0,58,0.08296466007641841,0.0045808732636975075,0.08829041013214989,0.10285699242425601,0.12127266653433437,0.1447493637326574,0.164398240926297,0.1032620797149855
US Power Grid,seamless,1.0,59,0.08677311167369246,0.0044255070499369465,0.08971544804941863,0.11080235352599786,0.13983233004222956,0.14939736297476133,0.0695696949454464,0.0905978623914495
US Power Grid,seamless,1.0,60,0.08903957393528485,0.004437003607464784,0.08713695790845716,0.11194765779700465,0.14385283977917515,0.1553348907910045,0.0524938766421732,0.0876753507014028
US Power Grid,seamless,1.0,61,0.08481195893512693,0.004754596009171138,0.09055739532650796,0.10112899697466558,0.12566913214512762,0.1457883472455299,0.1835476508572701,0.1013137385882877
US Power Grid,seamless,1.0,62,0.08769817783684584,0.003679694994841328,0.09118630311223576,0.11350713122150731,0.1356098812419607,0.14465933291083585,0.0588120685816076,0.109107103095079
US Power Grid,seamless,1.0,63,0.08276222305164765,0.00389609599868478,0.09177280540762214,0.1045868961332818,0.11566612324949146,0.12765313650668048,0.0716154531284791,0.1013137385882877
US Power Grid,seamless,1.0,64,0.08735362004254178,0.0040207414584853595,0.09531884281383274,0.11005285091800486,0.13225981024823047,0.14349791027482686,0.080021153417947,0.097417056334892
US Power Grid,seamless,1.0,65,0.08770406168822213,0.0034394332112231253,0.09374110759282912,0.11690198441084408,0.12567790949129898,0.14078299292649224,0.0618876642173235,0.1149521264751725
US Power Grid,seamless,1.0,66,0.08395645507937366,0.004554450161549225,0.08854117089440193,0.1103671798007524,0.11591950085408134,0.13028215652381508,0.0844466711200178,0.1159262970385214
US Power Grid,seamless,1.0,67,0.08509191637964313,0.004416898189052311,0.08542928095239576,0.10973861482655227,0.1280898584430305,0.14644661010435261,0.0773491427299042,0.0857270095747049
US Power Grid,seamless,1.0,68,0.08562623515946258,0.00348485003636255,0.0923695865060921,0.1134504034289943,0.119325069892872,0.12527534760296272,0.1276580939657092,0.1139779559118236
US Power Grid,seamless,1.0,69,0.08380771836635734,0.004788394261431608,0.09117483373507884,0.10715092428039753,0.11502849098644709,0.1398748056765927,0.1064907592963705,0.1100812736584279
US Power Grid,seamless,1.0,70,0.08527172633541155,0.003959815126492345,0.09470823367164433,0.11264035306325182,0.1296705035952954,0.146937482270477,0.0827070808283233,0.1013137385882877
US Power Grid,seamless,1.0,71,0.07947987453388422,0.00540194167591222,0.08600284710480967,0.09417305732643086,0.11469688475353586,0.1262309500866356,0.1081746826987308,0.0944945446448452
US Power Grid,seamless,1.0,72,0.08546061965620787,0.004937957967383312,0.09574212231794228,0.10820007719770545,0.12535049522914135,0.13493205048089005,0.1101230238254286,0.109107103095079
US Power Grid,seamless,1.0,73,0.08471722079361221,0.004517533739204548,0.08984702787428321,0.11008909832158734,0.11919179794774727,0.14048317970288624,0.0936177911378312,0.1120296147851258
US Power Grid,seamless,1.0,74,0.08800819172952147,0.005308355901602529,0.09511013753274865,0.11155671645340298,0.1256163543391846,0.1559056939702131,0.1223140725896236,0.1110554442217768
US Power Grid,seamless,1.0,75,0.07905551869994717,0.005433231834844104,0.08103059787354612,0.10504323645457392,0.11299004582240985,0.13679337673731953,0.1222305722556223,0.0818303273213092
US Power Grid,seamless,1.0,76,0.08530332831135183,0.0032407786623371406,0.09464608228803281,0.10900354543369736,0.12303703465279407,0.1282056052231117,0.0555833890002226,0.1198229792919171
US Power Grid,seamless,1.0,77,0.08439248371523467,0.004291086804785471,0.08725758278063768,0.10531427854348317,0.12453903240270484,0.13810462818496455,0.0908483633934535,0.0876753507014028
US Power Grid,seamless,1.0,78,0.08846736261031174,0.0034308650221221947,0.09038013618439708,0.11296627216191975,0.14860218121428034,0.15673454178980853,0.055541638833222,0.0905978623914495
US Power Grid,seamless,1.0,79,0.08561347777663983,0.004809855405967648,0.08693307390952953,0.1115510024410005,0.12849694320714164,0.15116479940557442,0.1229820752616343,0.1120296147851258
US Power Grid,seamless,1.0,80,0.08338535544982187,0.004172298081838689,0.09410233825798824,0.10312661138659295,0.11398866732493164,0.12709220673065028,0.1906312625250501,0.1032620797149855
US Power Grid,seamless,1.0,81,0.08815595231972884,0.004243555046893272,0.09905861446650202,0.1097150169514656,0.13286006272521514,0.14437863020510372,0.1069500111333778,0.1042362502783344
US Power Grid,seamless,1.0,82,0.08331454587438805,0.006209439269630052,0.08572383249989578,0.10748371807566837,0.11867591239157073,0.1490675373402867,0.1269761745713649,0.1081329325317301
US Power Grid,seamless,1.0,83,0.08810168260300252,0.00542298254534995,0.09963201520330965,0.10604099541950901,0.12965175364974954,0.14209945645186342,0.1915915163660654,0.1061845914050323
US Power Grid,seamless,1.0,84,0.08477158541116715,0.0038439005429275336,0.09019113202179546,0.10941987613128112,0.1337876416182281,0.14055621250073447,0.0701402805611222,0.0925462035181474
US Power Grid,seamless,1.0,85,0.08408476099970787,0.0053050886016447335,0.0920142968709768,0.10279494732436759,0.12569696449956969,0.1393097888283025,0.1404753952349142,0.0993653974615898
US Power Grid,seamless,1.0,86,0.08641640657332125,0.003743875069530898,0.09356074026506049,0.10952190293350397,0.13050301183762875,0.14515257366585022,0.079645401914941,0.1100812736584279
US Power Grid,seamless,1.0,87,0.08646064391673318,0.0040897614754360585,0.0862299524502394,0.11626335397120979,0.13995084185464943,0.14609603027376072,0.0431975061233578,0.1013137385882877
US Power Grid,seamless,1.0,88,0.08827746605218396,0.0036581118349541713,0.09312556271964216,0.11818204451508026,0.14006317004730892,0.14815958545443367,0.0818024938766421,0.1188488087285682
US Power Grid,seamless,1.0,89,0.08970817738764343,0.0034922116292135093,0.09659397123228172,0.11629390857186062,0.1305000614680951,0.15069555904166299,0.0587007348029392,0.1305388554887553
US Power Grid,seamless,1.0,90,0.08586914060902175,0.00483252314675366,0.09399831835252272,0.10955471822917683,0.130195764300075,0.14778760419389497,0.1157036294811846,0.1100812736584279
US Power Grid,seamless,1.0,91,0.08175696568828537,0.00486693147576973,0.09049882171750903,0.10199917799012817,0.11489298040525488,0.1361598837294472,0.1167195502115341,0.1022879091516366
US Power Grid,seamless,1.0,92,0.08992312776453466,0.003422513749201035,0.09473011233774568,0.11839690341732591,0.13331017378287288,0.1543324826173809,0.0600367401469605,0.1013137385882877
US Power Grid,seamless,1.0,93,0.08866883706953473,0.004871025768662906,0.08780241642705701,0.11729465069969607,0.13667549730739376,0.14720894781015012,0.0582136495212647,0.1149521264751725
US Power Grid,seamless,1.0,94,0.08739368174949314,0.005369485592514069,0.09547391877384488,0.11257202601193476,0.1277821430230565,0.13737753284346466,0.1445808283233133,0.1130037853484747
US Power Grid,seamless,1.0,95,0.08514618609636944,0.004160828638833345,0.08808107867741415,0.1012796447583506,0.13506031305317023,0.14568152241385646,0.0927688710754843,0.1013137385882877
US Power Grid,seamless,1.0,96,0.08352019597007164,0.004776613001417834,0.08489297709095249,0.10313565009809295,0.13653000445335114,0.1589474790503898,0.07666722333556,0.109107103095079
US Power Grid,seamless,1.0,97,0.07874595219689229,0.004866443414365249,0.08034024303868675,0.10437208553532297,0.11382261198560459,0.13473510041288195,0.0873970162547316,0.1052104208416833
US Power Grid,seamless,1.0,98,0.08198539198284487,0.005295801877698317,0.0801324871966154,0.10814284775374892,0.13611917596577489,0.14777306074136573,0.0883851035404141,0.0672177688710754
US Power Grid,seamless,1.0,99,0.08605872535014106,0.005664396696173183,0.08634819744975174,0.10809835244073902,0.12947620484269118,0.14472191591208156,0.0655338454687152,0.1295646849254063
US Power Grid,seamless,1.0,100,0.08617386716981544,0.004589834613374271,0.0899653574459708,0.11235394866199487,0.1240229828343555,0.15474358439100414,0.1479347584057003,0.1130037853484747
US Power Grid,seamless,2.0,1,0.05776615822102895,0.0028396870886804194,0.0556755617784934,0.07343541249164995,0.0901523326373025,0.10059480071253608,0.0583110665775996,0.0545535515475395
US Power Grid,seamless,2.0,2,0.05652711944491913,0.0026853105549900615,0.05816793857947314,0.06971674605525514,0.08183337675539075,0.08808830469815068,0.0789634825205967,0.0691661099977733
US Power Grid,seamless,2.0,3,0.054143508888989486,0.004280837515291325,0.05786651101442517,0.0595753448147892,0.0753354272081234,0.09714459300545532,0.1900745936317078,0.0584502338009352
US Power Grid,seamless,2.0,4,0.055372989795928175,0.003012203237904073,0.05761189044756172,0.07195939498043696,0.07939395511627348,0.08540758197367547,0.0710448675128033,0.0750111333778668
US Power Grid,seamless,2.0,5,0.05686148217877397,0.00350834477008395,0.062003644367487024,0.0708046016166542,0.0831867948472723,0.09007592146576529,0.0822895791583166,0.0711144511244711
US Power Grid,seamless,2.0,6,0.05755835252080889,0.0028641308306882954,0.0636885000844601,0.07563043061294111,0.08090275458324049,0.08834576290300844,0.0874665998663994,0.0798819861946114
US Power Grid,seamless,2.0,7,0.05775216712743376,0.004064002679088333,0.061322970352708596,0.07808485365287071,0.0798347705415696,0.08945638862265587,0.09083444667112,0.0789078156312625
US Power Grid,seamless,2.0,8,0.059566264253376196,0.0026604872096675884,0.05908215608171073,0.08056781146149736,0.09586125921379446,0.10137433659970861,0.0555694722778891,0.0594244043642841
US Power Grid,seamless,2.0,9,0.057932614274480265,0.0032200496099078334,0.05831728248335655,0.07545108137421792,0.0872906832509732,0.0915643167523164,0.086005344021376,0.0535793809841906
US Power Grid,seamless,2.0,10,0.05708466181323526,0.0029312528310660012,0.05813691788988837,0.06967219808172441,0.08241502086060679,0.09494056587565704,0.106128924515698,0.0701402805611222
US Power Grid,seamless,2.0,11,0.05719440784293785,0.00443928122735238,0.05804564788251415,0.0725101111975454,0.08510734920132655,0.09325333673883712,0.1529865286127811,0.073062792251169
US Power Grid,seamless,2.0,12,0.05590597996414655,0.003193599393237079,0.05537885835892772,0.07052928035200601,0.0877394184715738,0.09056279225116894,0.0908205299487864,0.0711144511244711
US Power Grid,seamless,2.0,13,0.057661604622379604,0.003050082225796481,0.06166125187871977,0.07142096448850371,0.07976708402560094,0.09696422634989602,0.1131151191271431,0.07208862168782
US Power Grid,seamless,2.0,14,0.057944734466024946,0.002895570119493771,0.06083099733200531,0.07353298238808306,0.08405543131830771,0.09368408554862144,0.137316299265197,0.0740369628145179
US Power Grid,seamless,2.0,15,0.05520307664086175,0.003111876222508577,0.05946114860816387,0.06468363082754652,0.07751945818133638,0.08425144127116789,0.2014028056112224,0.0633210866176798
US Power Grid,seamless,2.0,16,0.05610688501839764,0.002824014894692009,0.06159103734129666,0.06761929090386774,0.07996373537702092,0.09123985676270562,0.0737447116455132,0.0681919394344244
US Power Grid,seamless,2.0,17,0.058504622240534834,0.0038355221554839036,0.060014665346017675,0.07188442305171082,0.09015939003729839,0.09962268189389326,0.0815519928746381,0.0545535515475395
US Power Grid,seamless,2.0,18,0.0565653644788649,0.0028781625960671966,0.06005831010592025,0.07241680305862877,0.08039574459721749,0.08362905581740386,0.0521598753061678,0.0808561567579603
US Power Grid,seamless,2.0,19,0.055974037415549516,0.0037355644683934497,0.05665160377674077,0.07413532109845022,0.08026166292699352,0.08743020228491168,0.0818720774883099,0.0750111333778668
US Power Grid,seamless,2.0,20,0.055176707767758425,0.003307629517490137,0.06027133632344049,0.06465111857403287,0.07562721180349212,0.08303519205029604,0.1592629703852149,0.0642952571810287
US Power Grid,seamless,2.0,21,0.05635984995579365,0.004475831603643691,0.06147585414501967,0.06775372596669822,0.08642206894408962,0.09291732229068284,0.1621437319082609,0.0681919394344244
US Power Grid,seamless,2.0,22,0.05884027291420709,0.0032636362047804555,0.06193314731139653,0.0789418782788245,0.0852827877978178,0.09368421185805952,0.1230377421509686,0.0798819861946114
US Power Grid,seamless,2.0,23,0.056385934126411054,0.0032840263256788695,0.05891124639113316,0.06989908222460374,0.07813887466471083,0.09223157275511981,0.0876336005344021,0.0701402805611222
US Power Grid,seamless,2.0,24,0.059105574959327535,0.003230814075328946,0.05843323082395682,0.0720876769612352,0.09104394856732859,0.09704773470992613,0.0716293698508127,0.0535793809841906
US Power Grid,seamless,2.0,25,0.05167286071592695,0.004517154135889955,0.05096443509373734,0.06396018088824384,0.0721940627237798,0.09348790172938466,0.105126920507682,0.0409151636606546
US Power Grid,seamless,2.0,26,0.0526792162174493,0.0049615476019333506,0.05470320876258376,0.06291481067907487,0.07359734283381576,0.09568537795756113,0.1196559786239145,0.048708528167446
US Power Grid,seamless,2.0,27,0.05393788590782835,0.0032682185590781057,0.06015437865651978,0.06341450927760109,0.0752296381261548,0.0868207374344648,0.1740146960587842,0.0623469160543308
US Power Grid,seamless,2.0,28,0.0584550162216736,0.002441184951919697,0.06084046541709772,0.07285248473581514,0.08547186375582014,0.08766104626310779,0.0915024493431307,0.0681919394344244
US Power Grid,seamless,2.0,29,0.057455480022552775,0.003719607571919089,0.05772646623450338,0.07205653822615282,0.08731992110674157,0.09773178836305073,0.0836673346693386,0.0506568692941438
US Power Grid,seamless,2.0,30,0.05791536943818853,0.003154703610751995,0.05132683227090576,0.0742041711947942,0.09175892711930297,0.1076694891759804,0.095190380761523,0.0516310398574927
US Power Grid,seamless,2.0,31,0.0589953544254817,0.003705846951764908,0.058312738255958015,0.0779897444696421,0.0841277804867431,0.10318106974182278,0.0991844800712536,0.0828044978846582
US Power Grid,seamless,2.0,32,0.05777659731218039,0.002541983189206764,0.05743295549140402,0.06822985131760043,0.08728100645735908,0.10300932954573566,0.0854069249610331,0.0574760632375862
US Power Grid,seamless,2.0,33,0.05743643207051668,0.0032299870823935656,0.059708906449262134,0.06980895326573355,0.0886211995140378,0.09224529576466237,0.1323201959474504,0.0701402805611222
US Power Grid,seamless,2.0,34,0.05901426680490543,0.0031020065363290272,0.06501568436465714,0.07328714307730372,0.08201223598656025,0.08934704366951168,0.1072840124693832,0.0672177688710754
US Power Grid,seamless,2.0,35,0.059528873326888256,0.0024438557323831238,0.06040058594548268,0.07543327395531799,0.09415033771246192,0.10611964670080902,0.057545646849254,0.0613727454909819
US Power Grid,seamless,2.0,36,0.05641033719663522,0.0032959160437825356,0.05640084683547097,0.06953651170105617,0.08333537615496024,0.08959260529896948,0.1036517479403251,0.0565018926742373
US Power Grid,seamless,2.0,37,0.05591343645782614,0.004831791054646939,0.05923962346527679,0.06510281234297076,0.07966481022753766,0.09245268314406585,0.2075122467156535,0.0652694277443776
US Power Grid,seamless,2.0,38,0.057465702197524476,0.0030811961403322966,0.05994004059213007,0.07461209906598928,0.07854426438631405,0.09665050822365442,0.1016059897572923,0.060398574927633
US Power Grid,seamless,2.0,39,0.05863737494255434,0.00303465406251031,0.059778543337579676,0.07645672608834218,0.09163058178118264,0.09639292271241491,0.0705021153417947,0.0789078156312625
US Power Grid,seamless,2.0,40,0.05791851472279519,0.00244750263565551,0.059223621118403035,0.07527132222171486,0.08504752008426017,0.09454269458897403,0.0528835448675128,0.0808561567579603
US Power Grid,seamless,2.0,41,0.05961989677882443,0.0024910892305281336,0.06494738788872507,0.07369119989117905,0.08815894229381753,0.09213371811411505,0.103401246938321,0.0711144511244711
US Power Grid,seamless,2.0,42,0.05529229697705358,0.004310771948099641,0.05656793813615926,0.07646491517514653,0.08628991276694081,0.09145763373594026,0.1062541750167,0.0370184814072589
US Power Grid,seamless,2.0,43,0.05681268959558688,0.00358922739061584,0.06367636344054965,0.06574955466488527,0.08151063472798484,0.08951237098920187,0.1697561790247161,0.0652694277443776
US Power Grid,seamless,2.0,44,0.05490629463515213,0.0026179445239101194,0.061203738225805555,0.06650452310702222,0.07759632756514066,0.08080020040080153,0.1010632375862836,0.0672177688710754
US Power Grid,seamless,2.0,45,0.05693797224666551,0.00322330335260439,0.05997788732743551,0.06906457199713781,0.07763147309560936,0.08872777963334073,0.1018008238699621,0.0691661099977733
US Power Grid,seamless,2.0,46,0.05543265530262627,0.005828059953809977,0.04763461976076505,0.07728441508685815,0.0805871604370009,0.09436767592031602,0.2079297483856602,0.047734357604097
US Power Grid,seamless,2.0,47,0.05844187923553626,0.0038568206128851146,0.0578799972292661,0.07864540068246373,0.08562635248323693,0.10156311282724316,0.0956496325985304,0.0798819861946114
US Power Grid,seamless,2.0,48,0.05762677601826523,0.0028099153430069285,0.057354291917167594,0.077268637503862,0.0826155624194362,0.0893609203098728,0.0893036072144288,0.0779336450679136
US Power Grid,seamless,2.0,49,0.058344849916872686,0.003051478623703752,0.05833861400099848,0.07239067994303292,0.0919141546220171,0.0967750904408277,0.1008684034736139,0.0584502338009352
US Power Grid,seamless,2.0,50,0.054427560626398835,0.0032643140678422374,0.06040686721120114,0.06933390512433438,0.07100242239096928,0.0919103208761639,0.0938682921398352,0.0701402805611222
US Power Grid,seamless,2.0,51,0.05572553281710003,0.003365817282713548,0.05853590690383841,0.07512881154465789,0.07977370670544624,0.09242004044518908,0.0742178802048541,0.0789078156312625
US Power Grid,seamless,2.0,52,0.05515466366098925,0.004250930197005481,0.061388008641210634,0.06423574592416124,0.08007186851165125,0.09035748614179329,0.2018342240035626,0.0642952571810287
US Power Grid,seamless,2.0,53,0.05514819684737984,0.003998507550058905,0.0557281199687111,0.06785874486493113,0.08124632648680738,0.09906258299731986,0.1279364284123803,0.0516310398574927
US Power Grid,seamless,2.0,54,0.05746548528134469,0.002336983842062487,0.0580897708372502,0.07237131418950166,0.08969042634700715,0.10166255923947778,0.0547483856602093,0.0584502338009352
US Power Grid,seamless,2.0,55,0.05723415773288077,0.002496729051202161,0.05908033561212257,0.0711774495362965,0.08660140815534474,0.09440141838870778,0.0650189267423736,0.0662435983077265
US Power Grid,seamless,2.0,56,0.05645495414336174,0.002915092575673108,0.061461970592074554,0.07131361073493055,0.08242056730672578,0.09105497319425167,0.0845162547316856,0.07208862168782
US Power Grid,seamless,2.0,57,0.05757460767703044,0.0033783848638789973,0.05771927149493489,0.07619747947299016,0.08438602144353742,0.09470082462575276,0.0795479848586061,0.0516310398574927
US Power Grid,seamless,2.0,58,0.05885728727705783,0.0034269063018413913,0.06024027221108881,0.07693212198334747,0.0854347584057002,0.10000429961254487,0.0920173680694722,0.0545535515475395
US Power Grid,seamless,2.0,59,0.056718371729170436,0.002525944949164986,0.05849867740315302,0.07466441629190501,0.08755636982156005,0.08858115560491503,0.0412074148296593,0.0759853039412157
US Power Grid,seamless,2.0,60,0.05854998483662933,0.0027846852798473817,0.06211326461480817,0.07357007147158466,0.07904880434650424,0.08540517832786575,0.1172344689378757,0.0740369628145179
US Power Grid,seamless,2.0,61,0.05739325219348114,0.002514963567564115,0.05634956286409156,0.07555528824092654,0.08602389552584733,0.09798753061678911,0.0776553106212425,0.0759853039412157
US Power Grid,seamless,2.0,62,0.05568269187159537,0.0037006138489279502,0.059942914502840776,0.06623092117705247,0.08296220212630766,0.09034646727522061,0.1624638165219327,0.0662435983077265
US Power Grid,seamless,2.0,63,0.052624146622310096,0.003595978906711196,0.05681785147071147,0.06008600683244084,0.07729513979650113,0.08762168382006859,0.1803468047205522,0.0574760632375862
US Power Grid,seamless,2.0,64,0.05670760726374933,0.003835861087014801,0.05490665707307213,0.07583607558899391,0.0858259071334157,0.09860963966148852,0.0903473613894455,0.0818303273213092
US Power Grid,seamless,2.0,65,0.053369931562883235,0.003396917639988134,0.05661196740241357,0.06638909131394094,0.07647094243492478,0.09270825559687342,0.0912936985081273,0.0574760632375862
US Power Grid,seamless,2.0,66,0.05776175211112737,0.0037550055810053797,0.05616849540297432,0.07448960473636529,0.09181129052907198,0.10165640790195579,0.0986556446225784,0.0457860164773992
US Power Grid,seamless,2.0,67,0.05763561535259086,0.00274927371349986,0.06102490483376834,0.06962450767761323,0.08201340420304201,0.09771019987387836,0.07854598085059,0.0642952571810287
US Power Grid,seamless,2.0,68,0.05446478886575192,0.0032343660777726787,0.05758629832764939,0.06604991433739833,0.07852201767925245,0.08348895369223391,0.0781563126252505,0.0535793809841906
US Power Grid,seamless,2.0,69,0.057568235764249694,0.0032251606973936766,0.05417052987475705,0.07138081611804403,0.08959756706016586,0.10031607738724091,0.0806752393676241,0.0535793809841906
US Power Grid,seamless,2.0,70,0.057875117929579875,0.0033605570653541215,0.06401704890591092,0.06989873771560477,0.08158632946058256,0.08606831581476516,0.1774799599198397,0.0701402805611222
US Power Grid,seamless,2.0,71,0.05440266949477016,0.003889005551058555,0.06094376429113156,0.06648638224874803,0.07399704225856528,0.09073106232454908,0.1679887552883545,0.0623469160543308
US Power Grid,seamless,2.0,72,0.05635987707031614,0.002621699885272389,0.05913448653794614,0.06794664961751701,0.07887850235413006,0.08665698165879072,0.0834725005566689,0.0681919394344244
US Power Grid,seamless,2.0,73,0.0554938934516277,0.0054296527178779,0.05739583104872942,0.060318777558782545,0.0769136373258604,0.09676974864762197,0.2047567356936094,0.060398574927633
US Power Grid,seamless,2.0,74,0.05646476960049636,0.003170660507226353,0.057981763243401124,0.07332776583377326,0.08100938222961925,0.08752974395507862,0.1259880872856824,0.0740369628145179
US Power Grid,seamless,2.0,75,0.05558947214333904,0.0031862106858636463,0.06074683297104519,0.06891512097275745,0.07794941735322497,0.08907872104918367,0.0883433533734135,0.0691661099977733
US Power Grid,seamless,2.0,76,0.05764557993959906,0.0024986270677751546,0.06301208219694872,0.06691968713687085,0.08145215090895581,0.08816132757156396,0.0900272767757737,0.0672177688710754
US Power Grid,seamless,2.0,77,0.054246367829984356,0.003499817252766723,0.05775736121115972,0.0650035588789786,0.07852196560301392,0.08289713599105968,0.1481852594077043,0.0652694277443776
US Power Grid,seamless,2.0,78,0.054157093264747595,0.0038828369971963352,0.06002744199490604,0.06211994682633,0.07957455950426813,0.0835318875670701,0.1912853484747272,0.0623469160543308
US Power Grid,seamless,2.0,79,0.0612847962448685,0.00209476981282635,0.06279088231107018,0.08030667887615821,0.09672858611897203,0.0983220564804769,0.0459947673124025,0.073062792251169
US Power Grid,seamless,2.0,80,0.05787757179386353,0.0034983259540307993,0.057957844120229834,0.08112165397648306,0.08366766155883489,0.09355142081814936,0.0903751948341126,0.0457860164773992
US Power Grid,seamless,2.0,81,0.05833948124142338,0.00220023174797848,0.06445999404048325,0.07201511562127998,0.08404838096644586,0.08656661724315085,0.0826792473836562,0.07208862168782
US Power Grid,seamless,2.0,82,0.05640654116348923,0.0034456153223465912,0.057664677105670255,0.07040615402044936,0.0873400239632704,0.10055251171859382,0.0928523714094856,0.0711144511244711
US Power Grid,seamless,2.0,83,0.054881444175307166,0.005285186542150812,0.05717153733208278,0.06606727535828472,0.08226157691727536,0.0887078104786248,0.1816549766199064,0.0662435983077265
US Power Grid,seamless,2.0,84,0.058557427773047704,0.0025527205401053945,0.05985041197510735,0.0753901124498928,0.08383192892032898,0.08696438403062597,0.08562959251837,0.060398574927633
US Power Grid,seamless,2.0,85,0.0590501528753962,0.0026157075758062288,0.06452680264744044,0.07709708678685731,0.08916907889853777,0.0951171667005508,0.0554998886662213,0.0711144511244711
US Power Grid,seamless,2.0,86,0.0581022291697995,0.002582207583292941,0.06180806037062932,0.07477583746865425,0.08280984855282704,0.08606212424849691,0.0669672678690714,0.0623469160543308
US Power Grid,seamless,2.0,87,0.058521568817079414,0.0037502740968341336,0.05514328988009018,0.0789900288695567,0.08936249234580267,0.10140344227066059,0.1077015141393899,0.0506568692941438
US Power Grid,seamless,2.0,88,0.05710007641926019,0.0030078106852637217,0.06182505534457509,0.06960947590358468,0.07778652543181598,0.09634612126965246,0.0894845246047651,0.0701402805611222
US Power Grid,seamless,2.0,89,0.054901617380025816,0.005341286489143935,0.0567792464122876,0.06214446145972939,0.08233275001156554,0.09191412540843949,0.2815352928078379,0.0574760632375862
US Power Grid,seamless,2.0,90,0.05855490612245787,0.0026562031151171235,0.05830071079205116,0.07262376022598256,0.08816140329343412,0.09425977716965694,0.0813014918726341,0.07208862168782
US Power Grid,seamless,2.0,91,0.0575798407798674,0.0035142828505051694,0.0566856619425418,0.07169235204166502,0.08105317184950324,0.10148178301046538,0.0820390781563126,0.0555277221108884
US Power Grid,seamless,2.0,92,0.057988809122302046,0.0031274128438846306,0.06406574055615592,0.07047133949340183,0.08535131351680779,0.09649733482490731,0.1066577599643732,0.0652694277443776
US Power Grid,seamless,2.0,93,0.05758347412587857,0.0025679317872117973,0.061455644485129315,0.07262586449277907,0.07952036060931413,0.0852587240758319,0.0911545312847918,0.0652694277443776
US Power Grid,seamless,2.0,94,0.056372200620779335,0.0029382754923860713,0.05554847902933207,0.07440328872580491,0.08297124885070511,0.09304867044029572,0.0810092407036294,0.0565018926742373
US Power Grid,seamless,2.0,95,0.05688794595270595,0.002712533535551247,0.06195072959417113,0.0742647396800542,0.08395495328556654,0.09240790608995766,0.053314963259853,0.0769594745045646
US Power Grid,seamless,2.0,96,0.05646199036194305,0.0035540056259256154,0.05575658812271218,0.0752197511658115,0.08772445443061014,0.09666693017355522,0.1111111111111111,0.0516310398574927
US Power Grid,seamless,2.0,97,0.05544083033115137,0.0034047130651986366,0.05857671884988614,0.068107269493626,0.08038216432865726,0.08357374117131372,0.0924766199064796,0.047734357604097
US Power Grid,seamless,2.0,98,0.05713044468442804,0.0040627689683158845,0.05882869735229149,0.06761095819483674,0.08453331517641952,0.10223935427813215,0.09729180583389,0.0623469160543308
US Power Grid,seamless,2.0,99,0.05442799445875837,0.0029088562355047073,0.05343197169847211,0.07052127323316155,0.08086011313288805,0.0841432128893901,0.0597305722556223,0.0711144511244711
US Power Grid,seamless,2.0,100,0.05445814580774646,0.002832650870099117,0.06069663064095868,0.06397462326170511,0.06721693147517567,0.08873358012941525,0.1050573368960142,0.0642952571810287
US Power Grid,seamless,3.0,1,0.04670952026303275,0.003133296695260908,0.04706126160299759,0.05602265387169763,0.06982340137276616,0.07946415134340705,0.1298708528167446,0.047734357604097
US Power Grid,seamless,3.0,2,0.046459700610243425,0.0024085526241254896,0.048838841853008304,0.05755285628011074,0.06391010473699214,0.0729992678088671,0.0937987085281674,0.0584502338009352
US Power Grid,seamless,3.0,3,0.04437971847694741,0.0028797623528930036,0.048318130226328616,0.05157947985437947,0.058286411346337386,0.06753437430416341,0.1271431752393676,0.0516310398574927
US Power Grid,seamless,3.0,4,0.046467035088571904,0.0022482108954914497,0.04855174105961087,0.05547616806732973,0.06866253947118696,0.07086299954946168,0.0681501892674237,0.0545535515475395
US Power Grid,seamless,3.0,5,0.04537817009516939,0.002775520571252086,0.04738574785975744,0.055311837493848534,0.0618259766183272,0.08000300429036762,0.1088287686484079,0.0555277221108884
US Power Grid,seamless,3.0,6,0.04645475220989238,0.002384935875052986,0.04989977406718135,0.055359131463226206,0.06111151967543644,0.07802297612352505,0.1277972611890447,0.0555277221108884
US Power Grid,seamless,3.0,7,0.048993932338501134,0.0022100336478518582,0.053647709580818284,0.06297102832822431,0.07098572503831863,0.07440084610664795,0.0583528167446003,0.0555277221108884
US Power Grid,seamless,3.0,8,0.04717071117574711,0.0034103664431339047,0.05177000465577613,0.05612300118652651,0.06924654007222321,0.07914238384567225,0.1635632375862837,0.0565018926742373
US Power Grid,seamless,3.0,9,0.045724937723054866,0.002600835260230729,0.04879967254957363,0.05462698902077656,0.06652574514165054,0.07260711246814866,0.0824565798263193,0.0545535515475395
US Power Grid,seamless,3.0,10,0.04763050569055422,0.003555578268228959,0.04913706355592685,0.06392079692030106,0.07132295114665108,0.0765190295997884,0.1118626141171231,0.0389668225339568
US Power Grid,seamless,3.0,11,0.043759189072930436,0.0034976616482302585,0.04663650973444467,0.058519078423151676,0.06520257585409524,0.0697685052644972,0.1154948786461812,0.0321476285905143
US Power Grid,seamless,3.0,12,0.04870334600117619,0.0022960409131308236,0.050980579637347104,0.06531291936858379,0.0699398298340577,0.076754057884287,0.0827627477176575,0.03604431084391
US Power Grid,seamless,3.0,13,0.04739344342058762,0.0024972984561740623,0.04893997123759195,0.05997510794548134,0.06591369897718272,0.07337690670360424,0.0666610999777332,0.0642952571810287
US Power Grid,seamless,3.0,14,0.047631739401326666,0.0027642273726427827,0.049993160745916226,0.05850370381144335,0.07033437821557526,0.08090775537245895,0.1427299042529503,0.0545535515475395
US Power Grid,seamless,3.0,15,0.04717814055490425,0.0026735564094987614,0.04734468937875744,0.06112247239845316,0.06586116358551353,0.07077539497897449,0.0957331329325317,0.047734357604097
US Power Grid,seamless,3.0,16,0.046790429998087114,0.003389149329300113,0.04431440935130131,0.05533876536879797,0.07421055805839831,0.07970423378067931,0.1679470051213538,0.0555277221108884
US Power Grid,seamless,3.0,17,0.04638312919878445,0.0029495009046891967,0.04406799471413234,0.0638207492188341,0.06701351307207574,0.07507163589985864,0.0874387664217323,0.0379926519706078
US Power Grid,seamless,3.0,18,0.048472520071378006,0.0024118741531282233,0.04937526926689386,0.06120961711620348,0.0661392260545546,0.07483683111115101,0.0711005344021376,0.0613727454909819
US Power Grid,seamless,3.0,19,0.04278724190042417,0.004056098795787951,0.04552073890980534,0.05433446282625754,0.06122256465951333,0.0770132603249007,0.1223001558672901,0.0224059229570251
US Power Grid,seamless,3.0,20,0.046116186725054506,0.003246093108741524,0.04188707631588832,0.05918568912960817,0.06226096502974002,0.07330541586317281,0.1071030950790469,0.0418893342240035
US Power Grid,seamless,3.0,21,0.04771179502892317,0.0020134940317186275,0.04947554751904829,0.06190749926107644,0.07068433866152521,0.07373848018171637,0.0675796036517479,0.0506568692941438
US Power Grid,seamless,3.0,22,0.047336719839577664,0.00227058037653027,0.049199985848417345,0.0634410052624074,0.06806139791119334,0.07864743407929546,0.073188042752171,0.0350701402805611
US Power Grid,seamless,3.0,23,0.04488681427620569,0.0035712369049561397,0.04875147338744363,0.052448570660655544,0.06582443890376631,0.07504001466986256,0.1732214428857715,0.0526052104208416
US Power Grid,seamless,3.0,24,0.04641786290207019,0.0029000846874852495,0.047669555713956695,0.056960425819935295,0.06487763405599073,0.07366631920740135,0.1255427521710087,0.0574760632375862
US Power Grid,seamless,3.0,25,0.04486737316359376,0.003994047211112372,0.04968843374615312,0.05152356237338696,0.06263916722333546,0.07568044155853916,0.2157370296147851,0.0516310398574927
US Power Grid,seamless,3.0,26,0.04333818188251854,0.002329107073284572,0.04879266619680825,0.04967193062930584,0.05429910556962231,0.06304929460428663,0.1435788243152972,0.0496826987307949
US Power Grid,seamless,3.0,27,0.046700938516670586,0.002906104111473871,0.047215106313255366,0.06078195462272218,0.07123474001142371,0.07406674025490949,0.0894288577154308,0.0350701402805611
US Power Grid,seamless,3.0,28,0.04613509910447824,0.0019328418846277404,0.048973238088590366,0.06086581675180118,0.06911087170314861,0.07090650544479038,0.0782119795145847,0.0642952571810287
US Power Grid,seamless,3.0,29,0.045455934545617076,0.002545114916552197,0.04607557408724254,0.057779700815772904,0.06766769183407825,0.07854291231259174,0.096317635270541,0.048708528167446
US Power Grid,seamless,3.0,30,0.045762830268208494,0.0036185110748848497,0.04742265870772877,0.05983045223100691,0.06901077203751516,0.07993949650914434,0.0947728790915163,0.0311734580271654
US Power Grid,seamless,3.0,31,0.04526639047628143,0.0029573912307283433,0.04905098868761487,0.052537047410005935,0.06445060428299963,0.07372141626247658,0.1373580494321977,0.0526052104208416
US Power Grid,seamless,3.0,32,0.04625756184521985,0.0021860779672484617,0.047659434129530436,0.05944037811444443,0.0630539219324633,0.07049475148172538,0.0693052772211089,0.047734357604097
US Power Grid,seamless,3.0,33,0.044949028548016086,0.0026359756813535344,0.04544380784360741,0.05627505512428782,0.06531563988790715,0.06802340448466622,0.0764445557782231,0.060398574927633
US Power Grid,seamless,3.0,34,0.04789908859289369,0.003350253546815027,0.04579286959427116,0.058097866153703555,0.06991733085199082,0.08564845576800514,0.1086200178134045,0.0457860164773992
US Power Grid,seamless,3.0,35,0.046038639190786566,0.003500291756909981,0.04982157841854506,0.05791880343379748,0.06696519951217411,0.07921491130408963,0.1136857047428189,0.0584502338009352
US Power Grid,seamless,3.0,36,0.04482103444469031,0.002939224500672568,0.046582015078480705,0.05523692492779917,0.05924068054316107,0.06252643569526234,0.1567162101981741,0.047734357604097
US Power Grid,seamless,3.0,37,0.04765511211969693,0.00217944846650423,0.04702259192655219,0.05713071950391972,0.07073193894721892,0.07884560695670717,0.0646431752393676,0.0565018926742373
US Power Grid,seamless,3.0,38,0.04684608255545947,0.003801113826467822,0.04905862470144492,0.05868055433692838,0.06505524291109646,0.07269137331266302,0.2018759741705633,0.0496826987307949
US Power Grid,seamless,3.0,39,0.044308447954631576,0.0032863446173501732,0.04563508864364092,0.05582193469713471,0.06927689042764121,0.07165109946989487,0.1129898686261411,0.0321476285905143
US Power Grid,seamless,3.0,40,0.047621002050428025,0.002597215471480812,0.04979549742760372,0.06198947753791523,0.06631548811909527,0.07376691630917831,0.1020930750389668,0.0623469160543308
US Power Grid,seamless,3.0,41,0.04755176511729754,0.002328361423916621,0.05121668243712917,0.06196165024716488,0.06459328166279184,0.07771296908340626,0.0943414606991761,0.0623469160543308
US Power Grid,seamless,3.0,42,0.04537510615413012,0.0021349942069125317,0.04827421725376924,0.055839219810779904,0.059033098877493514,0.07366518099952178,0.1044171676686706,0.0565018926742373
US Power Grid,seamless,3.0,43,0.048608458729787876,0.0022477906203931452,0.052514373237409186,0.06111815971723494,0.06962640358558872,0.07010625003472498,0.0840709196170118,0.0565018926742373
US Power Grid,seamless,3.0,44,0.0454284539770924,0.003245754177210632,0.04793156629461774,0.05702624370653491,0.06675116331147134,0.07545720095161075,0.1062124248496994,0.0584502338009352
US Power Grid,seamless,3.0,45,0.046874335887874555,0.003212999834065304,0.04834915907181677,0.05441233064122069,0.06234451372815524,0.0795112316901509,0.1300378534847472,0.0535793809841906
US Power Grid,seamless,3.0,46,0.04517677697951378,0.002709103548458636,0.045319942717679335,0.05408594967713199,0.06725531315249098,0.07713999310564955,0.1095385214874192,0.0418893342240035
US Power Grid,seamless,3.0,47,0.043434953613218606,0.0035602284088327883,0.042515941948812155,0.054065895908392364,0.060820170301052766,0.07621399220821463,0.095315631262525,0.0506568692941438
US Power Grid,seamless,3.0,48,0.04713451328824792,0.0026045499498092975,0.0467935431882201,0.05736553234674469,0.06990694573623586,0.07941341534460272,0.1094689378757515,0.0457860164773992
US Power Grid,seamless,3.0,49,0.0470295122999778,0.0029412987616416223,0.04849929832639629,0.0619074338270488,0.06909526122952969,0.08147316552190301,0.0890113560454241,0.0331217991538632
US Power Grid,seamless,3.0,50,0.04546745821766737,0.0029808859644497284,0.04490223287353627,0.05494525324407091,0.06815214353055991,0.07474961061080665,0.0897489423291026,0.0418893342240035
US Power Grid,seamless,3.0,51,0.04543207376584232,0.002822835412964503,0.047379044186063944,0.056689122528305,0.05917199416568732,0.07164167390575134,0.1044867512803384,0.0574760632375862
US Power Grid,seamless,3.0,52,0.046257222913688965,0.003195266936369069,0.050701015996410366,0.05579553402613244,0.06664654082605942,0.07147800756151469,0.1423680694722779,0.0545535515475395
US Power Grid,seamless,3.0,53,0.04578574203969675,0.0022963120583555405,0.04748526034472478,0.05494612774470995,0.06493339706859767,0.07106773884745805,0.0654085949677132,0.047734357604097
US Power Grid,seamless,3.0,54,0.04577297109961276,0.0023407934324697075,0.04475059793296523,0.05976438488113307,0.061825715290773096,0.06889790739079273,0.0733967935871743,0.060398574927633
US Power Grid,seamless,3.0,55,0.04573854921333543,0.0031982359765796806,0.04665287737456165,0.05605585926851738,0.06204562458249825,0.07948671123221658,0.1294533511467379,0.0565018926742373
US Power Grid,seamless,3.0,56,0.04753275783704516,0.0025993575187560356,0.04423496278715095,0.06274380035791742,0.06990463957487698,0.0766726773481885,0.0857130928523714,0.0438376753507014
US Power Grid,seamless,3.0,57,0.04628090744906765,0.0028096170832597463,0.04749652618096785,0.057663931450236385,0.06329443871571147,0.069837275855857,0.1063237586283678,0.0506568692941438
US Power Grid,seamless,3.0,58,0.04735803185424011,0.002231169418118235,0.050931506060967836,0.06397613234131096,0.0662625666309071,0.072856929792499,0.085128590514362,0.0652694277443776
US Power Grid,seamless,3.0,59,0.04519334395274375,0.0031652240454708614,0.04764566967467384,0.05419597013508696,0.06605542818810933,0.08044436674274469,0.140169227343576,0.0545535515475395
US Power Grid,seamless,3.0,60,0.04675886869393051,0.0024862764027894836,0.050760717563072225,0.05806530177185211,0.06725739614822858,0.0756491790164691,0.0948981295925183,0.0623469160543308
US Power Grid,seamless,3.0,61,0.047603621641523916,0.0031269247824801563,0.047978964594973667,0.06208842267460191,0.0679867725463411,0.07298222011392055,0.1044867512803384,0.0409151636606546
US Power Grid,seamless,3.0,62,0.04736287179650124,0.002162501889959666,0.0481594865515843,0.060184732608849094,0.07116736903161597,0.07846199767563479,0.0569472277889111,0.0691661099977733
US Power Grid,seamless,3.0,63,0.048435251160241194,0.0023666606869073314,0.04807127928857133,0.06380612163057992,0.07338229033631331,0.08361477857676135,0.0527443776441772,0.0340959697172122
US Power Grid,seamless,3.0,64,0.04897949385528516,0.002280856780546897,0.05216619276564818,0.06163020683264605,0.07056473231050421,0.07724286957753836,0.0943971275885103,0.0623469160543308
US Power Grid,seamless,3.0,65,0.04697985205207163,0.0028054821185828738,0.04756747584965341,0.05958104412447016,0.06788888722719068,0.07481816370646659,0.0946754620351814,0.0642952571810287
US Power Grid,seamless,3.0,66,0.04499275071550105,0.003508981961362027,0.04717962346050512,0.05280107882209889,0.06710119677557354,0.08054013225227206,0.1889751725673569,0.047734357604097
US Power Grid,seamless,3.0,67,0.0497239772987797,0.0022083254329361645,0.049624164122784226,0.06459287779408332,0.07446145846870074,0.07961587555950697,0.0611918281006457,0.0496826987307949
US Power Grid,seamless,3.0,68,0.04560792500132996,0.0019839120877024373,0.04973964263711175,0.05687472848950329,0.06492215020463983,0.06613432720885498,0.0619572478289913,0.0594244043642841
US Power Grid,seamless,3.0,69,0.04834852536011674,0.0026567589628277845,0.05145747174748993,0.05837074051574724,0.06510243184482528,0.07336999434158209,0.1411573146292585,0.0574760632375862
US Power Grid,seamless,3.0,70,0.04720913245408895,0.002308052646585611,0.04922926661403615,0.05896673453478892,0.06803253958715508,0.07572945282792938,0.0479709418837675,0.0681919394344244
US Power Grid,seamless,3.0,71,0.042944858619549844,0.003499451206713363,0.03920165570287004,0.05466980770391327,0.06455308765679503,0.0710135670270524,0.1328907815631262,0.0340959697172122
US Power Grid,seamless,3.0,72,0.04883275005967048,0.001910092800274314,0.04799218807986337,0.06506720655634594,0.07267410717295344,0.07959166026387421,0.0526608773101759,0.048708528167446
US Power Grid,seamless,3.0,73,0.048040816201851175,0.002089767183430401,0.05088468521601837,0.061964685064343654,0.06971615394577405,0.07103833157728652,0.0571142284569138,0.0516310398574927
US Power Grid,seamless,3.0,74,0.04407244315104138,0.0026519325778278906,0.04808722730521379,0.05922600813754329,0.06032948507615314,0.0691987991936386,0.0693052772211089,0.060398574927633
US Power Grid,seamless,3.0,75,0.045570873006372914,0.0027242470092588536,0.046564432814205026,0.05499292688135062,0.06833096396788021,0.07087294319623422,0.1371492985971944,0.0506568692941438
US Power Grid,seamless,3.0,76,0.04977826057276724,0.0025412375398388078,0.04855519874363531,0.06570750994383852,0.07822970211231997,0.08467341186437911,0.0655895123580494,0.0379926519706078
US Power Grid,seamless,3.0,77,0.04415384094750022,0.004500221116606635,0.0466010184766911,0.05757355557758133,0.06280115939190514,0.07235436481428457,0.1326124471164551,0.0282509463371186
US Power Grid,seamless,3.0,78,0.04593671570081694,0.002555770923883426,0.04570191284683822,0.05915378803051895,0.07070330819733427,0.072682924534515,0.0786851480739256,0.0409151636606546
US Power Grid,seamless,3.0,79,0.04864144354637421,0.0021047615143570363,0.05161377535883951,0.06274063729241539,0.06942933315367021,0.0750834105486959,0.098168559340904,0.0526052104208416
US Power Grid,seamless,3.0,80,0.04565697517248053,0.002860456812893438,0.046337023712049306,0.0576245885764723,0.06311535212987099,0.07457136495212635,0.108731351592073,0.0448118459140503
US Power Grid,seamless,3.0,81,0.0456998974615526,0.003224198131845939,0.049689274258030956,0.05398300634828869,0.061697212567066714,0.07175918804257528,0.2115341794700512,0.0506568692941438
US Power Grid,seamless,3.0,82,0.04908957881651865,0.0015248496650020697,0.04921081421096375,0.062176913084155176,0.07489676439757571,0.08385249674099197,0.0462870184814072,0.060398574927633
US Power Grid,seamless,3.0,83,0.049314276864238324,0.002492960132578656,0.05207483862747465,0.06286916135905155,0.06416842272971264,0.07835275892812403,0.0851007570696949,0.0633210866176798
US Power Grid,seamless,3.0,84,0.0478560036166868,0.003528029913398115,0.047629163366984105,0.06435674236105605,0.07855649594113298,0.08071896053302274,0.0997550656869294,0.0340959697172122
US Power Grid,seamless,3.0,85,0.04679278896154212,0.002426393979911609,0.049247915947872534,0.060213415796585526,0.06600422717811771,0.07235546702693425,0.0629870852816744,0.0633210866176798
US Power Grid,seamless,3.0,86,0.04455840318003327,0.002448316071329656,0.04621715884618761,0.05333922167648483,0.0630207547711911,0.0661245330166505,0.1002143175239367,0.0535793809841906
US Power Grid,seamless,3.0,87,0.04278886877177244,0.003685172128380541,0.04472959886836418,0.05481843637356698,0.05825912579751748,0.06626041140374368,0.123023825428635,0.0301992874638165
US Power Grid,seamless,3.0,88,0.048776365410191404,0.0024672420080146295,0.05203368517245351,0.060604444385094644,0.07413832869289233,0.0759443235492495,0.0825957470496548,0.0526052104208416
US Power Grid,seamless,3.0,89,0.0454170794349157,0.002638266858502359,0.048531763347483485,0.056080743991367386,0.06476928443174762,0.07023769761745703,0.0868960142507236,0.060398574927633
US Power Grid,seamless,3.0,90,0.04453654887492142,0.0030386670118360696,0.04452769795933219,0.05846972861267688,0.06404942622007621,0.06865866891328258,0.1139779559118236,0.0594244043642841
US Power Grid,seamless,3.0,91,0.047053305293446375,0.00192179271672069,0.0497736799030684,0.05880261678148684,0.06305312040637269,0.07347490210205168,0.0668976842574037,0.0613727454909819
US Power Grid,seamless,3.0,92,0.04529223061619659,0.0033570321774328473,0.04685783346788499,0.05747742049368282,0.06564884154273454,0.071819405336693,0.0980989757292362,0.0516310398574927
US Power Grid,seamless,3.0,93,0.046846584174125176,0.0019593192158209693,0.050857867347104374,0.06059801142091703,0.06704782054667864,0.07686615359502258,0.060774326430639,0.0662435983077265
US Power Grid,seamless,3.0,94,0.044528672106143495,0.003263093914331028,0.047323397626923766,0.05545573445889428,0.060539111008902975,0.06693173581204949,0.0837369182810064,0.0535793809841906
US Power Grid,seamless,3.0,95,0.04502259024748074,0.0028173311649028346,0.04520377886623734,0.056036369362342645,0.06699752551698371,0.07770814586150822,0.1630900690269427,0.0565018926742373
US Power Grid,seamless,3.0,96,0.048927366185834084,0.0018262411395318207,0.05047171455779032,0.06322891716520823,0.07432921398352256,0.08295976119945811,0.0513248719661545,0.0535793809841906
US Power Grid,seamless,3.0,97,0.04576410465076464,0.0027759137318279204,0.04509199954011142,0.05966694031058051,0.06326615119391413,0.07618013805388547,0.1002839011356045,0.0438376753507014
US Power Grid,seamless,3.0,98,0.046054297827513746,0.0030939941949387536,0.04811802344628191,0.05891166767340118,0.06369280484837987,0.06803849495190725,0.0998803161879314,0.03604431084391
US Power Grid,seamless,3.0,99,0.04774830473343079,0.003044239046203921,0.04631506602949484,0.06266860660492751,0.07634183782443277,0.07964426915847193,0.0816911600979737,0.0457860164773992
US Power Grid,seamless,3.0,100,0.04744725219043191,0.003386451434314216,0.04760325804588234,0.059695651904467906,0.06687114799859269,0.0763124675812768,0.1084391004230683,0.060398574927633
US Power Grid,seamless,4.0,1,0.0394622422388134,0.0022496344079211933,0.03809500924584679,0.05217587009111226,0.05916824286167942,0.06518178164804747,0.0759853039412157,0.0389668225339568
US Power Grid,seamless,4.0,2,0.040109547233770776,0.002379431626991316,0.04240593459538962,0.049862930616778614,0.05572612713816338,0.06183326248456446,0.110484858606101,0.0506568692941438
US Power Grid,seamless,4.0,3,0.042423676825867715,0.0019140244060326535,0.04467453700675335,0.052446187719626544,0.05929976084361376,0.06395532846350246,0.1092462703184146,0.0496826987307949
US Power Grid,seamless,4.0,4,0.040989508388793165,0.002492295826778106,0.04321909972720984,0.04933021611971675,0.05595685403830379,0.05921498456154054,0.1562152081941661,0.0496826987307949
US Power Grid,seamless,4.0,5,0.03918719252286452,0.002915987354914667,0.03869712376224205,0.04580432795415389,0.0549549497013962,0.06442792993394193,0.1410877310175907,0.0448118459140503
US Power Grid,seamless,4.0,6,0.041391765886916156,0.002725846766084661,0.043180859393466095,0.05230636734913447,0.05831149033938694,0.07003883800659164,0.0876336005344021,0.0311734580271654
US Power Grid,seamless,4.0,7,0.03919544889495702,0.0031840415240659563,0.0381645006453889,0.04587096842897503,0.058507343136614105,0.07269107419359935,0.1117651970607882,0.0428635047873524
US Power Grid,seamless,4.0,8,0.039307770804294394,0.0024098541212041152,0.037798199138001955,0.05175089538375942,0.05438249380116162,0.06332438889077588,0.0693191939434424,0.0340959697172122
US Power Grid,seamless,4.0,9,0.04202888937868557,0.002385491722763651,0.04392491714683782,0.054357756477470605,0.061637033957836485,0.06748189733328597,0.0887886884880872,0.0555277221108884
US Power Grid,seamless,4.0,10,0.04095838091699611,0.0017659791133393533,0.043862469426714394,0.04879923306161257,0.05830541058349615,0.06303551910259765,0.0658678468047205,0.0584502338009352
US Power Grid,seamless,4.0,11,0.042250753958806994,0.0027290191652138054,0.04202091263063032,0.056126610274231305,0.061828836780672615,0.07247668266566737,0.0894288577154308,0.0594244043642841
US Power Grid,seamless,4.0,12,0.04199740941809639,0.002490058878674222,0.04101397713895743,0.054721789610061425,0.06437232248464737,0.06767429079314394,0.0933533734134936,0.0418893342240035
US Power Grid,seamless,4.0,13,0.03896150479507463,0.0030609822638299517,0.040078587809643115,0.04640221668410625,0.0590137211249637,0.06876761376551621,0.143272656423959,0.0467601870407481
US Power Grid,seamless,4.0,14,0.04023889706322012,0.0022330538774299963,0.04234689468963981,0.05083252636575789,0.05161134256513482,0.06932749697853072,0.0873274326430639,0.0516310398574927
US Power Grid,seamless,4.0,15,0.04184494445824026,0.0025140823455838002,0.0428650058205779,0.054604564006269625,0.057271422038708185,0.0697863050864508,0.0869934313070585,0.0555277221108884
US Power Grid,seamless,4.0,16,0.04019461904802448,0.002311414847372058,0.039405180899948454,0.04766150296794911,0.05843129403120671,0.0653297856637119,0.080522155421955,0.0370184814072589
US Power Grid,seamless,4.0,17,0.041685253478145536,0.0018072067447569686,0.04072730174287161,0.05424021184837294,0.0638321461489149,0.06525352713316873,0.0634045869516811,0.0350701402805611
US Power Grid,seamless,4.0,18,0.0401286494148518,0.002739864974202327,0.04469812299850055,0.04735732467855811,0.051009697059092744,0.0684360951896022,0.1185983077265642,0.047734357604097
US Power Grid,seamless,4.0,19,0.042801043192362054,0.0017988554718358055,0.0443194728589631,0.053875085638205665,0.06271044362929883,0.0632952389509363,0.0552911378312179,0.0448118459140503
US Power Grid,seamless,4.0,20,0.03943840857356112,0.0030494992635633567,0.03760762610685084,0.04955503436140081,0.056942746132566356,0.06499587277810383,0.1195585615675796,0.0321476285905143
US Power Grid,seamless,4.0,21,0.03846312631479088,0.003022262725740928,0.03724834187726257,0.0436944444329974,0.052669807827181316,0.0687948418166135,0.1236639946559786,0.0438376753507014
US Power Grid,seamless,4.0,22,0.04152633526194123,0.001965189509936007,0.04095772616342237,0.05051344667439821,0.06407226503541581,0.06897535465531268,0.0559591405032286,0.0409151636606546
US Power Grid,seamless,4.0,23,0.035734307216017856,0.004018775655606206,0.03622018783370976,0.0454685901140608,0.05562242560019446,0.06308155781992093,0.1413382320195947,0.0370184814072589
US Power Grid,seamless,4.0,24,0.04221478654474881,0.001956607763573841,0.04212955042877075,0.056808958815558155,0.06145787301097914,0.06765917270825385,0.0751642173235359,0.0409151636606546
US Power Grid,seamless,4.0,25,0.04032071513477727,0.0027184851732337057,0.037972061299405994,0.05102640653818872,0.05573321209039964,0.06493474640003583,0.088607771097751,0.0379926519706078
US Power Grid,seamless,4.0,26,0.04358522229675456,0.0021727376221925827,0.04590637667822196,0.0544679243646303,0.0652074112334134,0.07070696643592429,0.0762636383878868,0.0613727454909819
US Power Grid,seamless,4.0,27,0.04109116073353807,0.00276354950958101,0.04022420925924901,0.05491716862908148,0.06183933246128225,0.0730241965412306,0.0839735025606769,0.0321476285905143
US Power Grid,seamless,4.0,28,0.04048233124596747,0.002411020045670379,0.04143019054805056,0.053068798541288535,0.05860379609917053,0.06755618171710154,0.0638916722333556,0.0418893342240035
US Power Grid,seamless,4.0,29,0.04023430115166124,0.0022518035697188985,0.04141710917126149,0.04843311151514977,0.058111266571866965,0.06450424640052564,0.0755399688265419,0.048708528167446
US Power Grid,seamless,4.0,30,0.04025545047918886,0.0017759843721312678,0.03896346287954016,0.05202906162612453,0.05721614624047141,0.060575977994147615,0.0624443331106657,0.0555277221108884
US Power Grid,seamless,4.0,31,0.043334914582560745,0.001995259515356679,0.047074956035318555,0.05330527079401921,0.06555330868795699,0.06734131633683511,0.0689434424404364,0.0535793809841906
US Power Grid,seamless,4.0,32,0.041324562542971045,0.003284731303263125,0.04000613520184575,0.05479046873191867,0.06199946930051538,0.06977211127235308,0.1146320418615007,0.0555277221108884
US Power Grid,seamless,4.0,33,0.03710350925725117,0.0033526125102700307,0.03841175556548744,0.04420708522919204,0.05230723418229486,0.06325768454301052,0.1628674014696058,0.0418893342240035
US Power Grid,seamless,4.0,34,0.041763980494140956,0.002379363840685137,0.04094638707614655,0.055577305642555856,0.06836484160040704,0.07017849007791786,0.0890531062124248,0.0331217991538632
US Power Grid,seamless,4.0,35,0.038715332045557695,0.0027387261642585303,0.041118115861352285,0.04858203224325212,0.05527382890781559,0.06185915821730194,0.0954269650411935,0.0438376753507014
US Power Grid,seamless,4.0,36,0.043177582565921024,0.0028259535830487065,0.04456417543184295,0.053575261869757834,0.060274178639543693,0.06821253165771471,0.0967073034958806,0.0506568692941438
US Power Grid,seamless,4.0,37,0.04057323268255252,0.0023046091022317513,0.043995919429370596,0.05015202971535602,0.05987257441933954,0.06451008111373983,0.1473920062346916,0.0448118459140503
US Power Grid,seamless,4.0,38,0.038799766668533325,0.002578601351804255,0.04103430256729686,0.04494617291078169,0.053280681242081046,0.060930396797409726,0.098794811845914,0.0418893342240035
US Power Grid,seamless,4.0,39,0.04213123314375349,0.0021824581784985514,0.045273061719459794,0.05423671850450639,0.06274617611290953,0.07403901505006938,0.0678301046537519,0.0555277221108884
US Power Grid,seamless,4.0,40,0.04220903826598489,0.002640585150173658,0.041577879323171585,0.05308203559126131,0.06167570743581395,0.06616652602099239,0.1046955021153418,0.0418893342240035
US Power Grid,seamless,4.0,41,0.040853312142419815,0.0019141599786450243,0.04148395712005134,0.05201651861970762,0.05503674014696055,0.06009325047401196,0.1081329325317301,0.0526052104208416
US Power Grid,seamless,4.0,42,0.0422704119875987,0.0026328981830530417,0.04319556292598882,0.05459995207042359,0.05914791086985868,0.07411115660974509,0.083249832999332,0.0350701402805611
US Power Grid,seamless,4.0,43,0.04333401980331919,0.0021213284875869986,0.04282219720162736,0.055834714018680585,0.06430335542043063,0.0669648212026356,0.0944527944778445,0.0535793809841906
US Power Grid,seamless,4.0,44,0.03983636841987242,0.0031377977059911535,0.036998114769523804,0.043143631086684515,0.06726599986465297,0.07166780623369856,0.1390141393898909,0.0428635047873524
US Power Grid,seamless,4.0,45,0.04011014375326514,0.001954181013812662,0.03883316324822026,0.0480728102446723,0.06063932953823841,0.06616528511568585,0.063376753507014,0.0379926519706078
US Power Grid,seamless,4.0,46,0.03822606404482429,0.0034198158542151566,0.038371169514421405,0.04347485064861313,0.05308972052565618,0.06611961296330027,0.1590124693832108,0.0438376753507014
US Power Grid,seamless,4.0,47,0.039203149419338876,0.0025125097032804647,0.0388057355987799,0.04819324069576287,0.05692235818562525,0.06028475754928657,0.1002143175239367,0.048708528167446
US Power Grid,seamless,4.0,48,0.041620734471925054,0.0019647827920989385,0.042748471717899895,0.05285877421431146,0.05994169483748639,0.06549923208239837,0.0692496103317746,0.0428635047873524
US Power Grid,seamless,4.0,49,0.04008431717061125,0.0026932279955516865,0.0398844283549177,0.04745253234078703,0.06089170120840634,0.0705729268995506,0.1028724114896459,0.0448118459140503
US Power Grid,seamless,4.0,50,0.04052374867904239,0.0020200964179403944,0.04220729523332071,0.050646193452353674,0.05457614899766527,0.06020897310915506,0.0637942551770207,0.0545535515475395
US Power Grid,seamless,4.0,51,0.042003320383995124,0.0022283223932587546,0.04326902847841271,0.05122621015206843,0.06126997584913406,0.06872781825042365,0.1465291694500111,0.0516310398574927
US Power Grid,seamless,4.0,52,0.04168392486654443,0.0029495280192116664,0.0389754131032985,0.055606170169455106,0.06056079687182038,0.06383931884933887,0.1248190826096637,0.03604431084391
US Power Grid,seamless,4.0,53,0.040422421708567115,0.0030770069466104933,0.04133838132838368,0.0503017977803998,0.0590795900353865,0.067973239227775,0.1759908706301492,0.0418893342240035
US Power Grid,seamless,4.0,54,0.04071829537777397,0.0021528355626986508,0.04230976573029092,0.05067976103061936,0.054946301090962636,0.06763344010178099,0.0961645513248719,0.0535793809841906
US Power Grid,seamless,4.0,55,0.04142340853464018,0.0028956650203224277,0.03959446732999618,0.05367098472613299,0.05916272329270738,0.06513407373298673,0.0958027165441995,0.0331217991538632
US Power Grid,seamless,4.0,56,0.037552905352690534,0.002873986959606622,0.036160280841424704,0.046074362688743514,0.05408263544256988,0.061846621680271954,0.0964150523268759,0.0467601870407481
US Power Grid,seamless,4.0,57,0.042020985495385174,0.002329364661248056,0.04473084995604976,0.05087142521354656,0.058322014148077625,0.06430052296785758,0.0751781340458695,0.0448118459140503
US Power Grid,seamless,4.0,58,0.040734279388770805,0.0025615598744310433,0.044003432065869784,0.04903123477228208,0.05946639868430816,0.06221320147764577,0.1637998218659541,0.0448118459140503
US Power Grid,seamless,4.0,59,0.04276937343011557,0.0031422038158927337,0.04118385531804676,0.05868106136413835,0.06943899453919491,0.07443190230617318,0.1054330883990202,0.0331217991538632
US Power Grid,seamless,4.0,60,0.04244161308248248,0.0021921651775432737,0.04158429091628818,0.05742735470941875,0.06290080129078697,0.0632936624424314,0.095065130260521,0.03604431084391
US Power Grid,seamless,4.0,61,0.04202849621810974,0.0024332539540968486,0.04123227084561793,0.05450446807618812,0.06390617492294529,0.06611240851904668,0.0877866844800712,0.0594244043642841
US Power Grid,seamless,4.0,62,0.041567223961827944,0.002700548916618942,0.0410395153402294,0.05477450076411946,0.06111661862556652,0.0699869495730448,0.0969438877755511,0.0418893342240035
US Power Grid,seamless,4.0,63,0.040894797361800905,0.002542498365133716,0.044779511156651006,0.04852926559204611,0.053502371571332745,0.06399544001931874,0.1067969271877087,0.0457860164773992
US Power Grid,seamless,4.0,64,0.03959243261845935,0.0024449674278044543,0.03972605390308412,0.049197346848699364,0.058645067913604965,0.06660479535672378,0.0803412380316188,0.0370184814072589
US Power Grid,seamless,4.0,65,0.042923926208202,0.0017608409113310437,0.04294434021707712,0.05572333348730553,0.06280871435542473,0.06754217712663725,0.0787408149632598,0.0594244043642841
US Power Grid,seamless,4.0,66,0.04057077881826885,0.0026347555278423275,0.03942592902660556,0.0513045890836045,0.06054305123917255,0.06474087776692983,0.0943692941438432,0.03604431084391
US Power Grid,seamless,4.0,67,0.041063531035139815,0.002513499383350663,0.03893055510959084,0.05423931506055383,0.05818232153054793,0.06264566169375779,0.084251837007348,0.0545535515475395
US Power Grid,seamless,4.0,68,0.03842093611782555,0.0034339154059002315,0.039937233894470285,0.04379047571077843,0.05323057782984398,0.06347951233555775,0.1394873079492318,0.0438376753507014
US Power Grid,seamless,4.0,69,0.04018062795442929,0.0018389442933096278,0.04042489607561542,0.05177351511651005,0.05691521848051272,0.0574477808663922,0.0611918281006457,0.03604431084391
US Power Grid,seamless,4.0,70,0.04222368010811939,0.0026994778929813287,0.04339735892061279,0.05602037521778713,0.05825723255856333,0.06709884244443565,0.0993514807392563,0.0565018926742373
US Power Grid,seamless,4.0,71,0.04039235170314646,0.0024801214061884926,0.04053422527335727,0.048393552744158456,0.06310865458515594,0.06717536695674782,0.1006039857492763,0.0340959697172122
US Power Grid,seamless,4.0,72,0.04309745915201832,0.00236773171054495,0.0428635047873524,0.05594504581769388,0.0644933277407528,0.06944648103795661,0.1216321531952794,0.0565018926742373
US Power Grid,seamless,4.0,73,0.04137045387225372,0.00281886313542246,0.041864416341140735,0.053344236365451186,0.06539062376721944,0.06987184245033272,0.0985025606769093,0.0301992874638165
US Power Grid,seamless,4.0,74,0.04178077794081192,0.0026265804993172268,0.041283627816640266,0.04872722952206526,0.06298962809019956,0.0687674575592817,0.1088009352037408,0.048708528167446
US Power Grid,seamless,4.0,75,0.04269532366924645,0.0018526371271576378,0.044447856788422266,0.05264567771612191,0.060018815497413266,0.06710293910418788,0.0599810732576263,0.060398574927633
US Power Grid,seamless,4.0,76,0.039948649657426075,0.0020998809003121973,0.03941294349478558,0.05052562430363569,0.056184200232296366,0.06425709379813456,0.0935064573591627,0.048708528167446
US Power Grid,seamless,4.0,77,0.039500338142885574,0.002942356228018011,0.041098868136511923,0.05014476223450052,0.055031153358921746,0.06257029073161331,0.1416026497439323,0.0331217991538632
US Power Grid,seamless,4.0,78,0.04182425607759466,0.0023267752243520466,0.04107120928865099,0.054840204035145605,0.061400351414302945,0.0699353618670513,0.0831106657759964,0.0594244043642841
US Power Grid,seamless,4.0,79,0.04131423190990948,0.002550944538883537,0.040739329623985125,0.05190739790785042,0.05868474179541878,0.07221952585726998,0.0856852594077043,0.03604431084391
US Power Grid,seamless,4.0,80,0.03947810423445912,0.0030691844068775134,0.04062971494435463,0.04464530250808032,0.055794675052085164,0.06735571593513276,0.1445669116009797,0.0448118459140503
US Power Grid,seamless,4.0,81,0.038630585605573635,0.0030623379899535137,0.042482969411044236,0.04886218248346705,0.05244326898541406,0.05842987799811895,0.1188070585615675,0.0496826987307949
US Power Grid,seamless,4.0,82,0.04104013120224708,0.0026907876885292692,0.04068441456828542,0.04851659273830504,0.061456668674455386,0.06944797990102201,0.158789801825874,0.048708528167446
US Power Grid,seamless,4.0,83,0.040452383255897915,0.0036842366773552873,0.038969756782641585,0.05772848241268284,0.060169585672960525,0.06615808994966099,0.1409903139612558,0.023380093520374
US Power Grid,seamless,4.0,84,0.04203766092670502,0.003439839929060212,0.045328451515826235,0.04862230603287615,0.06510612863757294,0.06651469324732509,0.2066772433756401,0.048708528167446
US Power Grid,seamless,4.0,85,0.040962014263007274,0.0025021112839127197,0.0408801652526483,0.051348387042087246,0.06112253442069318,0.06343991401606629,0.0762218882208862,0.047734357604097
US Power Grid,seamless,4.0,86,0.0413742905771834,0.002123307847727403,0.041958917835671274,0.05375206004725914,0.06001458501054332,0.06521629116819491,0.0869934313070585,0.0370184814072589
US Power Grid,seamless,4.0,87,0.039512851495006086,0.0036437004662606895,0.03813243172573622,0.04959026920810985,0.055454825900470905,0.06822853525982003,0.1149799599198396,0.03604431084391
US Power Grid,seamless,4.0,88,0.04188830057967186,0.0028032180559565217,0.04250652396281395,0.049267359581578164,0.06968723256419126,0.07107810103477823,0.1746966154531284,0.0457860164773992
US Power Grid,seamless,4.0,89,0.04094628783997392,0.0025548490301194036,0.04362154443567267,0.04884274595723216,0.052743479791123385,0.07517432776283804,0.1328211979514584,0.048708528167446
US Power Grid,seamless,4.0,90,0.04146759164900715,0.0018215096553605842,0.042507204658705444,0.05339728372873312,0.05867331345122213,0.06351607414303671,0.0749137163215319,0.0428635047873524
US Power Grid,seamless,4.0,91,0.040151615415385,0.0018952611564825226,0.041126325163852416,0.0505843863653232,0.06159829462847256,0.06313372018242439,0.0716432865731463,0.0418893342240035
US Power Grid,seamless,4.0,92,0.04231832334880548,0.00230235859686664,0.04413667402144355,0.05556149963085271,0.059378055485177154,0.06590263861055386,0.0770151413938989,0.0565018926742373
US Power Grid,seamless,4.0,93,0.03896334858260268,0.003107117623814874,0.04068244985563489,0.04880771150234764,0.055775279386067654,0.06012688255298471,0.1055305054553551,0.0321476285905143
US Power Grid,seamless,4.0,94,0.03972818147521194,0.003046692910487577,0.041581052400158906,0.05358863048428344,0.05550547889295147,0.06625294911879877,0.0978902248942329,0.0263026052104208
US Power Grid,seamless,4.0,95,0.0418038117276513,0.002477030350626764,0.03973588865931689,0.052569336511069105,0.060969030647928135,0.07317429512731416,0.0915024493431307,0.0399409930973057
US Power Grid,seamless,4.0,96,0.04030776795029724,0.003120186823646034,0.03933969471510069,0.04933596343710242,0.06100423960814074,0.0655896952054961,0.1318191939434424,0.0496826987307949
US Power Grid,seamless,4.0,97,0.039661398406365116,0.0028715466525842032,0.04255166947168187,0.048196117827798826,0.05162377246405084,0.061896470699370536,0.1002004008016032,0.0438376753507014
US Power Grid,seamless,4.0,98,0.041487791968248276,0.002085415302573756,0.04424853844460946,0.05114675555913031,0.055345548424995214,0.0669635852902385,0.1126141171231351,0.0516310398574927
US Power Grid,seamless,4.0,99,0.042321319503538554,0.0021388173545809856,0.04411663022738052,0.05126200048011804,0.06552170590528993,0.07057602687269837,0.0908205299487864,0.0516310398574927
US Power Grid,seamless,4.0,100,0.04118889502978587,0.002428142866611003,0.04305696682880621,0.05121278184388094,0.053128863862877976,0.06058283664659202,0.1392785571142284,0.0516310398574927
US Power Grid,seamless,5.0,1,0.03836105369494767,0.0024249026811756923,0.041150343446990714,0.04643777929751615,0.0561244660556945,0.0625112608592927,0.0978067245602315,0.0467601870407481
US Power Grid,seamless,5.0,2,0.0372132281724313,0.00204418767115614,0.03873783423420544,0.046044713831207014,0.04763243033636271,0.053972725324863545,0.0754843019372077,0.0350701402805611
US Power Grid,seamless,5.0,3,0.038023586348269856,0.002571090629079717,0.0398889785604391,0.05055026194947543,0.054809271320418566,0.06436544800817566,0.1042084168336673,0.0526052104208416
US Power Grid,seamless,5.0,4,0.03817522431519061,0.002414680506204009,0.03666836051577596,0.0486049785616411,0.0552219594179241,0.0602480524419948,0.0968882208862168,0.03604431084391
US Power Grid,seamless,5.0,5,0.03721063873553528,0.0026178631803427054,0.03728092918459947,0.047999624705854005,0.05148958942189929,0.05646886045398581,0.0876892674237363,0.03604431084391
US Power Grid,seamless,5.0,6,0.03714693316498897,0.00237636768595206,0.036803869317709036,0.04975089067022933,0.05498028951724419,0.05599639949869065,0.0947867958138499,0.0311734580271654
US Power Grid,seamless,5.0,7,0.03891767416949979,0.002613063909865288,0.0417224339471448,0.04649710168661735,0.0581456036689708,0.060256196152989466,0.1321671120017813,0.0467601870407481
US Power Grid,seamless,5.0,8,0.03674505527018058,0.0025318423578024993,0.03579107643468656,0.04659267357642608,0.05230610515275929,0.05788099496484001,0.0980711422845691,0.0389668225339568
US Power Grid,seamless,5.0,9,0.037543957560275,0.0023271412704054077,0.03993315794532166,0.044612336604689044,0.04874665441137368,0.058876022957275335,0.085754843019372,0.0448118459140503
US Power Grid,seamless,5.0,10,0.039087194163990355,0.0027241385511689756,0.03867969857844342,0.05276074705256168,0.056314769674206164,0.06319278954874136,0.108731351592073,0.0331217991538632
US Power Grid,seamless,5.0,11,0.03834985539716702,0.0022918652766702485,0.03754273104042019,0.04577147661824474,0.05753292003254745,0.0681332903903044,0.0964150523268759,0.0448118459140503
US Power Grid,seamless,5.0,12,0.036837637807158825,0.002518203752999439,0.03852688793839749,0.04635529258018407,0.050447690039684315,0.05527232278885252,0.1052939211756847,0.0467601870407481
US Power Grid,seamless,5.0,13,0.038347171059442374,0.002129042569230085,0.03831997689924265,0.04990967093335272,0.05679838721826304,0.060043781543463445,0.0999916499665998,0.0389668225339568
US Power Grid,seamless,5.0,14,0.03474390861096987,0.003925433911998755,0.036671862627976046,0.04637051881540854,0.049488046451174744,0.05591739033622795,0.146751837007348,0.0185092407036294
US Power Grid,seamless,5.0,15,0.039011897135087556,0.001945178992352186,0.04055357616626251,0.05065046027727966,0.0557529523383225,0.060313128611271465,0.1060454241816967,0.0535793809841906
US Power Grid,seamless,5.0,16,0.03744071901596552,0.00268662560932993,0.03814430020503292,0.04609425164768224,0.05396570441789634,0.05841608761624048,0.1313877755511022,0.0467601870407481
US Power Grid,seamless,5.0,17,0.03772501478407712,0.0024002149084655683,0.03632600157684426,0.050712956416663735,0.055523825428635,0.057730141578873455,0.1185704742818971,0.0340959697172122
US Power Grid,seamless,5.0,18,0.038564412613482424,0.0015115093199461953,0.04208574665081732,0.05011522652885092,0.053035755607074665,0.05421838806353136,0.0507403696281451,0.0516310398574927
US Power Grid,seamless,5.0,19,0.03735765367637469,0.0018457771529723948,0.0395008626104965,0.04762011585359766,0.0505601874999541,0.05971207479396267,0.0618876642173235,0.0506568692941438
US Power Grid,seamless,5.0,20,0.03802044106366317,0.002377777641120562,0.03927450537587758,0.0462593318198407,0.048572323693837426,0.06473543795409746,0.1400578935649076,0.0467601870407481
US Power Grid,seamless,5.0,21,0.03517516509087593,0.002801808100788018,0.03712036944678692,0.04080200465564451,0.04780662334770543,0.055159425796591596,0.1439128256513026,0.0409151636606546
US Power Grid,seamless,5.0,22,0.03759631570316709,0.0023097201897176022,0.03772452213436193,0.045773325354895956,0.05373615546844871,0.05808951235804937,0.1009519038076152,0.0457860164773992
US Power Grid,seamless,5.0,23,0.03556206221201892,0.0033098393510715587,0.035973521116306646,0.04016242212493401,0.052041017727365475,0.05916624916499663,0.2144149409930973,0.0379926519706078
US Power Grid,seamless,5.0,24,0.037297337421137285,0.0027177937529106835,0.03807251381147319,0.0449629582041251,0.050611139447081524,0.06723023134440007,0.107729347584057,0.0409151636606546
US Power Grid,seamless,5.0,25,0.03730276032563155,0.003654600504294159,0.03916874277431196,0.04640847253079862,0.05704189070134114,0.06026598775505259,0.1492846804720552,0.0467601870407481
US Power Grid,seamless,5.0,26,0.03807552421606362,0.0022279563472053874,0.03729155399020546,0.05182609069331339,0.05727797231084033,0.061535138148164324,0.069333110665776,0.0321476285905143
US Power Grid,seamless,5.0,27,0.03929036328086781,0.0019353093061726344,0.040331479484599586,0.04872858462022083,0.059108785564495475,0.06301858102169237,0.0583945669116009,0.0409151636606546
US Power Grid,seamless,5.0,28,0.03780740226060616,0.001872146026075736,0.03867953459913502,0.048225743553311204,0.05429964588333681,0.06204587824887237,0.0579909819639278,0.0311734580271654
US Power Grid,seamless,5.0,29,0.0362322925357258,0.0037055893638014365,0.03643752805387845,0.04184601981894987,0.054100610782288075,0.061708523429838326,0.1498135159207303,0.0370184814072589
US Power Grid,seamless,5.0,30,0.040111187662380296,0.00209664071487688,0.04040876580967243,0.053318776680368295,0.061404826609935556,0.06920371948541493,0.0778501447339122,0.0613727454909819
US Power Grid,seamless,5.0,31,0.03620154466724333,0.002654494900201433,0.03479044144934748,0.04830069718396858,0.051303190938701705,0.05470312116938698,0.1069221776887107,0.0321476285905143
US Power Grid,seamless,5.0,32,0.03883123307186128,0.002061703652672603,0.04145573788307526,0.04947171526654019,0.05669005141201617,0.060727855971852686,0.1403918949009129,0.0496826987307949
US Power Grid,seamless,5.0,33,0.03705504204833373,0.0023574146347446166,0.03578311877631615,0.046474220319284956,0.053238285255009045,0.060537058153273524,0.0934786239144956,0.0350701402805611
US Power Grid,seamless,5.0,34,0.0375056311827618,0.002124067054356603,0.03753942176675071,0.04776231635408619,0.05245821971171671,0.06569284676088825,0.1282982631930527,0.0379926519706078
US Power Grid,seamless,5.0,35,0.0376405123747953,0.002141827066575304,0.03741209616579753,0.05005051083786465,0.05530856590621427,0.0655661412873511,0.0920452015141393,0.0526052104208416
US Power Grid,seamless,5.0,36,0.034011314885579014,0.0031456202457241186,0.032806995508210646,0.04156030972909758,0.050253457583678156,0.05537678053924559,0.1219383210866176,0.0331217991538632
US Power Grid,seamless,5.0,37,0.038120656338717106,0.0028588977278513465,0.03830929093411947,0.048343243068792736,0.05831716082855615,0.0647697725199502,0.1005761523046092,0.048708528167446
US Power Grid,seamless,5.0,38,0.03796629336228799,0.0023205117696611806,0.03665764513581218,0.04854556617856784,0.05396257631542153,0.059024693143446064,0.0837647517256735,0.0340959697172122
US Power Grid,seamless,5.0,39,0.0374013894011209,0.002499088014657169,0.03698186554320659,0.04485213789507116,0.05315079186068066,0.06901933841157112,0.085253841015364,0.0506568692941438
US Power Grid,seamless,5.0,40,0.036968451820821625,0.0024316135254873333,0.035992002253963915,0.04475014749583177,0.05162788290630232,0.06099388032441878,0.0940770429748385,0.0448118459140503
US Power Grid,seamless,5.0,41,0.036935778821243714,0.0026327490531794515,0.03621588461925159,0.0447725556918535,0.0517208793581077,0.06408599091186465,0.1193637274549098,0.0340959697172122
US Power Grid,seamless,5.0,42,0.03856669023337002,0.0026347826423648033,0.038694367809306976,0.04742062540616251,0.050619067592549395,0.06596015241067175,0.164147739924293,0.047734357604097
US Power Grid,seamless,5.0,43,0.03727716421641863,0.0023121333822175485,0.0389556487611094,0.04709120404680007,0.05057972781100543,0.061076066273962,0.1010771543086172,0.0428635047873524
US Power Grid,seamless,5.0,44,0.03672057085638899,0.0019386037206528966,0.037890791906636016,0.047050823893966774,0.0476976544243678,0.051370447051468836,0.0748302159875306,0.047734357604097
US Power Grid,seamless,5.0,45,0.037867135553610445,0.0027008200618436474,0.04126308171899349,0.04460627370626471,0.053702702950637005,0.06295093229407864,0.1913270986417279,0.0448118459140503
US Power Grid,seamless,5.0,46,0.03700490729628429,0.0019889553888821046,0.038324864679969865,0.04702480776427691,0.05419655489119569,0.05833810889076457,0.0725200400801603,0.047734357604097
US Power Grid,seamless,5.0,47,0.03734154765002674,0.0023399799967955765,0.04047586556046095,0.04709998723921704,0.05154045908581288,0.05574882251947718,0.1246799153863282,0.047734357604097
US Power Grid,seamless,5.0,48,0.040653681470724866,0.001530787745423287,0.03949095171226856,0.05247090129169159,0.05801745042260453,0.06639143296339259,0.0391616566466265,0.0399409930973057
US Power Grid,seamless,5.0,49,0.037313457004746454,0.0020123416645135986,0.037506553767446486,0.04742788881065427,0.05108230056884531,0.06533627007723812,0.0932698730794923,0.0496826987307949
US Power Grid,seamless,5.0,50,0.036572905167010276,0.0025131604518197803,0.033031932564286395,0.048114886212323814,0.05485753746711605,0.060184695233162916,0.1433561567579603,0.0331217991538632
US Power Grid,seamless,5.0,51,0.03493396785623246,0.002260398873342304,0.036419679317860956,0.043703538267968314,0.04696148509964967,0.05030288761303053,0.0784624805165887,0.0272767757737697
US Power Grid,seamless,5.0,52,0.03735896873071455,0.002062706890004048,0.03901001236188853,0.046935341227697255,0.051225196724686214,0.057739500911055175,0.0890113560454241,0.047734357604097
US Power Grid,seamless,5.0,53,0.037758989280733644,0.0015407116606477838,0.0400473378623074,0.046125354140541495,0.05465698703981549,0.05984933534157454,0.0885103540414161,0.0467601870407481
US Power Grid,seamless,5.0,54,0.037031886246143224,0.0028878289233282236,0.0379876261551477,0.047231817211130935,0.05677592911922028,0.05955912237527508,0.0964289690492095,0.0409151636606546
US Power Grid,seamless,5.0,55,0.03840187460852821,0.002606081920328926,0.03995156913478476,0.04902031998639936,0.0595082882904115,0.060978060078191614,0.0688181919394344,0.0496826987307949
US Power Grid,seamless,5.0,56,0.03726916543228961,0.0029344930165013327,0.03475863007738658,0.045827744875973644,0.055033953330546476,0.06559404005880859,0.0954965486528612,0.0467601870407481
US Power Grid,seamless,5.0,57,0.03668026511873539,0.0029818756445199285,0.0372483053556682,0.042722192298518785,0.05154649001543445,0.05848920062346915,0.1281730126920507,0.0379926519706078
US Power Grid,seamless,5.0,58,0.038496992353357545,0.0024104099689147766,0.03641636360639289,0.04889795022143051,0.06236586860783381,0.06320238868431571,0.0843214206190158,0.0370184814072589
US Power Grid,seamless,5.0,59,0.037658435074148844,0.0021738628748751436,0.038600123811751874,0.04665296845725245,0.05160291674349195,0.05459583469539547,0.0867011801380538,0.0389668225339568
US Power Grid,seamless,5.0,60,0.037924089608061394,0.002660758354892309,0.03811344264508671,0.05075412947921245,0.05668907170770206,0.06733494623470304,0.0791304831885994,0.0321476285905143
US Power Grid,seamless,5.0,61,0.038615333686683545,0.0025126452758928207,0.03914885182736606,0.0489317097782513,0.0533862737019815,0.06360248274326429,0.0931446225784903,0.0350701402805611
US Power Grid,seamless,5.0,62,0.03713713126511559,0.0022087321507732395,0.035288377890248274,0.04927376119760887,0.05533926107667043,0.0626978944724625,0.0943414606991761,0.0535793809841906
US Power Grid,seamless,5.0,63,0.039300354982398485,0.002273739218398185,0.03780869653658263,0.05183827184932607,0.05805105287931696,0.06554203710039767,0.0773630594522378,0.0331217991538632
US Power Grid,seamless,5.0,64,0.03913370912728988,0.0028497736910397505,0.04191139977411309,0.046731844588780345,0.05600510808825965,0.06371425186555445,0.1580243820975284,0.0467601870407481
US Power Grid,seamless,5.0,65,0.040308676286800016,0.0019948527975196108,0.04179980867869914,0.052714713562356054,0.05703521419012947,0.06682060702601773,0.084251837007348,0.0535793809841906
US Power Grid,seamless,5.0,66,0.03787559528462149,0.0027852817993417574,0.03961937292869355,0.04325794333394514,0.052512453923794604,0.060281674460031125,0.1510799376530839,0.0418893342240035
US Power Grid,seamless,5.0,67,0.03894908634378279,0.0021941038658999687,0.04039954075928151,0.048462636240684275,0.05333255583008184,0.0581079631081809,0.1087591850367401,0.0409151636606546
US Power Grid,seamless,5.0,68,0.03766925376861488,0.0017273273615565153,0.038672496822492436,0.0454877292405366,0.05303816249278598,0.05950539491968605,0.0626391672233355,0.0457860164773992
US Power Grid,seamless,5.0,69,0.036559212333162276,0.002360288774126572,0.03577736995638168,0.047518706718215994,0.05260845565282314,0.05747378236997022,0.0777388109552438,0.0496826987307949
US Power Grid,seamless,5.0,70,0.038971862542658685,0.00198251568979517,0.03912535313824466,0.050590274724455285,0.05597021878189487,0.06220027774847933,0.093937875751503,0.0516310398574927
US Power Grid,seamless,5.0,71,0.035576785397720835,0.00316282441023216,0.0345655487625474,0.04531193705476002,0.04968490932928832,0.05776697072305525,0.092963705188154,0.0340959697172122
US Power Grid,seamless,5.0,72,0.03779680048231988,0.0022149413764191665,0.03863092290278813,0.046893740386030364,0.052557330912114446,0.06102334149099316,0.0919477844578045,0.0457860164773992
US Power Grid,seamless,5.0,73,0.03805270734540403,0.0020996639841324273,0.03865767936477977,0.04977991636633893,0.050818439046113856,0.061695384528111095,0.0855600089067023,0.0506568692941438
US Power Grid,seamless,5.0,74,0.036502420965846126,0.00340193382664533,0.037438419264982606,0.04529226907763596,0.05384446778171727,0.06212075905334095,0.1321810287241149,0.0457860164773992
US Power Grid,seamless,5.0,75,0.037314650043735194,0.0024044854457548025,0.03459207154407716,0.04698903940684291,0.05527870899284501,0.06556859238189636,0.0988643954575818,0.047734357604097
US Power Grid,seamless,5.0,76,0.03764860605975298,0.0024445471527061516,0.037831497360685765,0.049399558509505004,0.05438123499147601,0.06569021530715745,0.0744544644845246,0.0516310398574927
US Power Grid,seamless,5.0,77,0.038234211958826925,0.001970693757997682,0.038238220599751495,0.05052507113922873,0.05434306453097789,0.06372559530861989,0.0901525272767757,0.0516310398574927
US Power Grid,seamless,5.0,78,0.037206395312768537,0.0025395699967068227,0.03566745500143888,0.04906647864555808,0.05349553485790317,0.059390349538872685,0.0967768871075484,0.0496826987307949
US Power Grid,seamless,5.0,79,0.038601532394745654,0.0020981184563515667,0.038234712607545435,0.04856981822961975,0.06033923192296538,0.06284976377748124,0.0660348474727232,0.0340959697172122
US Power Grid,seamless,5.0,80,0.03632906426642587,0.0026567996346114936,0.03443611307033682,0.04450135884420643,0.056350041288517214,0.06267354971380663,0.1209502338009352,0.0350701402805611
US Power Grid,seamless,5.0,81,0.03735895517345331,0.002606990256831716,0.03760209929940975,0.04604815691990036,0.05310239579865784,0.05752363900928464,0.1150495435315074,0.0467601870407481
US Power Grid,seamless,5.0,82,0.03666841607241544,0.003451228028498161,0.037212960846179886,0.04544615385370762,0.05397225666238039,0.06124578391756183,0.1487001781340458,0.0457860164773992
US Power Grid,seamless,5.0,83,0.03731192503422683,0.0022413915930899185,0.039416740665623964,0.04742373038262191,0.05308243045751692,0.05588134111595716,0.0733411266978401,0.0409151636606546
US Power Grid,seamless,5.0,84,0.03700094857600349,0.0020812532233744174,0.03656030488250354,0.043363547377007,0.054936919747678954,0.05891370153234521,0.0885938543754175,0.0428635047873524
US Power Grid,seamless,5.0,85,0.0376457590348935,0.0022977355707852845,0.039333833609166514,0.044486834645019846,0.051202393429121945,0.05613056570041137,0.1072979291917167,0.0399409930973057
US Power Grid,seamless,5.0,86,0.03627296431943274,0.0032871987248080225,0.03778195926737188,0.041749622765455977,0.052264790545379775,0.061122609119257376,0.1819611445112447,0.0418893342240035
US Power Grid,seamless,5.0,87,0.037016363182028424,0.0029262637589312886,0.038346747468508524,0.04841177015953613,0.05532824909077409,0.058975493896555514,0.1135187040748163,0.0253284346470719
US Power Grid,seamless,5.0,88,0.03698783870438861,0.0026033569108205585,0.03929774680572758,0.04796248009457378,0.05399523768597165,0.05926768996931053,0.0968186372745491,0.0263026052104208
US Power Grid,seamless,5.0,89,0.03737729814790514,0.0020223333660442785,0.03712696908785047,0.04829235205542261,0.051503975276110864,0.061648405982270144,0.0577683144065909,0.0516310398574927
US Power Grid,seamless,5.0,90,0.0365545486352972,0.0029633970974557384,0.036893234059116514,0.04499465491120725,0.05268427837409971,0.059568462257370405,0.1314156089957693,0.0418893342240035
US Power Grid,seamless,5.0,91,0.03765211739041302,0.0023529949675817974,0.041942134796542734,0.046931803545882826,0.05353824579509992,0.05752477176575361,0.1027054108216432,0.047734357604097
US Power Grid,seamless,5.0,92,0.03666922950808957,0.0022676926798870863,0.03559056965534347,0.04885459485409081,0.05336513535476034,0.05874507126347086,0.0696392785571142,0.0506568692941438
US Power Grid,seamless,5.0,93,0.03618988542258068,0.0025987067702167308,0.036290447218344096,0.04400351882953848,0.0564854855910651,0.06580845960347532,0.0750389668225339,0.0311734580271654
US Power Grid,seamless,5.0,94,0.03773718920466673,0.0023082560055041495,0.03692655054739949,0.04952408244003503,0.056770867201462835,0.05994481653365205,0.0807030728122912,0.0506568692941438
US Power Grid,seamless,5.0,95,0.03743068664265114,0.0022488480867695307,0.038303878621318656,0.04485926729056936,0.05536055026548925,0.05828492000836688,0.1004787352482743,0.0292251169004676
US Power Grid,seamless,5.0,96,0.03852936709318827,0.002054816563964898,0.04224322607412309,0.04600538221368417,0.05306790718489639,0.05743703728482078,0.0795619015809396,0.0438376753507014
US Power Grid,seamless,5.0,97,0.03692411957658104,0.003052942807917213,0.037275354758977225,0.04590115154069717,0.05337457242889264,0.06258574496663565,0.1287714317523937,0.0379926519706078
US Power Grid,seamless,5.0,98,0.037447606104673244,0.002409271158970984,0.03687454367626763,0.04905538905365593,0.05658854094415306,0.05791714767347764,0.0716711200178134,0.0389668225339568
US Power Grid,seamless,5.0,99,0.03716699791161772,0.0026785997106784205,0.037138307821709404,0.04708213345172657,0.05743622850752579,0.0653205997917159,0.0833194166109997,0.0438376753507014
US Power Grid,seamless,5.0,100,0.03514466125309571,0.0035407059526534564,0.03662597579192901,0.04122989112092581,0.054826157040103046,0.06250595881757369,0.1329464484524604,0.0418893342240035
US Power Grid,seamless,6.0,1,0.03535554445161626,0.0018193269363016415,0.0345488948042804,0.04634325352905852,0.050406633878443866,0.05877892341085899,0.057796147851258,0.0350701402805611
US Power Grid,seamless,6.0,2,0.0354680832771334,0.002751795364089701,0.039300621297584645,0.04243529024475803,0.04674665268559115,0.056228182024563,0.1376085504342017,0.0428635047873524
US Power Grid,seamless,6.0,3,0.03463370163438526,0.003482301271250272,0.03695723116225792,0.04513339760571227,0.053601446172605434,0.05625046480843133,0.1054330883990202,0.0136383878868848
US Power Grid,seamless,6.0,4,0.03580020906288437,0.0022774810224992226,0.03253133312408942,0.04597197268099412,0.05645366012517247,0.05828867453451571,0.1148268759741705,0.0321476285905143
US Power Grid,seamless,6.0,5,0.036732325001880305,0.002026888605819453,0.03920977854252964,0.04547490759097734,0.04871112595561492,0.05844080634387053,0.0929358717434869,0.0467601870407481
US Power Grid,seamless,6.0,6,0.03453764843853068,0.002855264381840186,0.03467064971846543,0.04574117239334177,0.050574596454945865,0.05840672606854223,0.0916694500111333,0.0467601870407481
US Power Grid,seamless,6.0,7,0.03400967445696951,0.0025790351841638052,0.032042209872446555,0.04356180984870654,0.050288994593711375,0.05452714121597665,0.1044728345580049,0.0272767757737697
US Power Grid,seamless,6.0,8,0.035232254717939254,0.0019537065096694142,0.03513582169576053,0.04553838480632629,0.05168028226378964,0.05438809340132767,0.0758878868848808,0.03604431084391
US Power Grid,seamless,6.0,9,0.035832339772012854,0.0021142244826995163,0.03557953227028216,0.04895407252861887,0.05348507771504448,0.05826822575837845,0.0749972166555332,0.0506568692941438
US Power Grid,seamless,6.0,10,0.03346947182577375,0.0024772201522840686,0.03160984219129767,0.038367848336134235,0.049403175072681445,0.06306495637967564,0.0913771988421287,0.0379926519706078
US Power Grid,seamless,6.0,11,0.036211549926035244,0.0021617155688080044,0.0373284292094769,0.045339718224791804,0.05182808297370749,0.056273882924757435,0.142020151413939,0.0457860164773992
US Power Grid,seamless,6.0,12,0.03561955855691931,0.001975804845483522,0.03773943796136187,0.04290682727634749,0.05297812957176214,0.05543437666526719,0.0765002226675573,0.0389668225339568
US Power Grid,seamless,6.0,13,0.03303782218529188,0.002795612432403324,0.031140805155110703,0.04121405538335539,0.047599654235094845,0.056008501377755454,0.1078267646403919,0.0301992874638165
US Power Grid,seamless,6.0,14,0.036109517977975736,0.0017149360247871294,0.03596599481069871,0.04583470499658616,0.053720586515342686,0.05897934625922838,0.0505733689601425,0.0467601870407481
US Power Grid,seamless,6.0,15,0.03484775723203496,0.0022358331159833024,0.034119192609614775,0.048113250778781244,0.055192687781060366,0.06062578474850932,0.0699315297261189,0.0214317523936762
US Power Grid,seamless,6.0,16,0.033671325888311364,0.0029905116199270354,0.029972971175185527,0.042622562245883545,0.05673824574957505,0.06087521258297588,0.1774660431975061,0.0301992874638165
US Power Grid,seamless,6.0,17,0.03460209965844497,0.003492550560744422,0.0352613867142925,0.03697662843398905,0.053733159479772835,0.06356402791866309,0.1189044756179024,0.03604431084391
US Power Grid,seamless,6.0,18,0.03424360499959066,0.0020126941533057303,0.0340042898595191,0.03966688824271635,0.05079310606671952,0.05237331547152267,0.0753312179915386,0.0331217991538632
US Power Grid,seamless,6.0,19,0.03357062255185295,0.0025388243473388615,0.035422497136611615,0.03943328286638803,0.046391450714062366,0.053094928595930554,0.1056557559563571,0.0399409930973057
US Power Grid,seamless,6.0,20,0.035168562704654155,0.002486195059222076,0.03596864197342717,0.042459798596748664,0.050242217063855024,0.05922108027352033,0.1717601870407481,0.0428635047873524
US Power Grid,seamless,6.0,21,0.03652393633942711,0.0018619645228877622,0.036204051047516186,0.04576065394886131,0.05335085142285748,0.058367189752912,0.0620268314406591,0.0370184814072589
US Power Grid,seamless,6.0,22,0.034532089961424074,0.0021600344684147826,0.034565639031491145,0.043913501098532315,0.05210624747063654,0.053423797679226795,0.1048485860610109,0.0272767757737697
US Power Grid,seamless,6.0,23,0.03345469441102689,0.002703911117405382,0.03162893877752216,0.04076829115476769,0.053709629865169715,0.05719642722695583,0.0974588065018926,0.0321476285905143
US Power Grid,seamless,6.0,24,0.03718898778934195,0.0015254055127127345,0.03953553327904438,0.04614777603254552,0.05134282587391797,0.059085976168575916,0.0574760632375862,0.0516310398574927
US Power Grid,seamless,6.0,25,0.03383387745052681,0.003042734190206766,0.03227411844612249,0.04338631097690082,0.0504350487523676,0.057654248707833866,0.1045841683366733,0.0282509463371186
US Power Grid,seamless,6.0,26,0.0354628366170352,0.0020278647286284235,0.03200984635886397,0.046017687262485306,0.05228015948674038,0.05764017915786899,0.0900690269427744,0.0321476285905143
US Power Grid,seamless,6.0,27,0.03521605379076266,0.0024539965637873943,0.03514645229531548,0.0464927504774525,0.05165455431936654,0.05581917738890994,0.1117930305054553,0.0301992874638165
US Power Grid,seamless,6.0,28,0.0368829190596859,0.0016677567556870677,0.03441191692694698,0.04857112534630803,0.05684360249012141,0.05955483050582337,0.0696531952794477,0.0340959697172122
US Power Grid,seamless,6.0,29,0.03547399424303215,0.002718064898135396,0.03697561790247155,0.04538841112064419,0.05043546288065227,0.063864824307652,0.1100951903807615,0.0194834112669784
US Power Grid,seamless,6.0,30,0.035651052074769735,0.002578669138110442,0.030876985784754202,0.04899070170993327,0.05822629690606885,0.06294462748472456,0.1072700957470496,0.0311734580271654
US Power Grid,seamless,6.0,31,0.0346850158681622,0.003199496801874599,0.036483700734802886,0.04212360114773919,0.052306870685815965,0.062403110015450416,0.1324871966154531,0.0379926519706078
US Power Grid,seamless,6.0,32,0.03439402281300019,0.0023934498351089804,0.03418523979552621,0.04273723510966622,0.047590834390555226,0.0581107749267598,0.0848363393453573,0.0321476285905143
US Power Grid,seamless,6.0,33,0.036409241909373495,0.0018838459425221056,0.03567578512966649,0.047072679177715425,0.054225528560280824,0.0604286856541365,0.0643370073480294,0.0331217991538632
US Power Grid,seamless,6.0,34,0.037493226288731196,0.0017531810587329015,0.03872888352910342,0.044462848279225725,0.05983147210539687,0.06594994545445801,0.059396570919617,0.0321476285905143
US Power Grid,seamless,6.0,35,0.03599916187151754,0.001955360495540164,0.03604865594008908,0.04736644270201668,0.055336496037342114,0.058050956110310074,0.0763888888888889,0.0272767757737697
US Power Grid,seamless,6.0,36,0.0354302856328084,0.002260344644297357,0.03681148478095307,0.04583634263196335,0.05126041556797798,0.05688730687964957,0.0686790247160988,0.0496826987307949
US Power Grid,seamless,6.0,37,0.03580574042546852,0.002097033875452713,0.03505835163788031,0.047799982034054285,0.054436423907103924,0.05643459389757951,0.0503089512358049,0.023380093520374
US Power Grid,seamless,6.0,38,0.03654133030559245,0.0016916582072455172,0.03961863915563061,0.04547970757661749,0.04838943836399442,0.057403000445335,0.0740787129815186,0.0409151636606546
US Power Grid,seamless,6.0,39,0.03551793332669688,0.0017665214037887807,0.035857241858919094,0.04245074103833775,0.0497956014229717,0.050621073121084895,0.0601898240926297,0.0428635047873524
US Power Grid,seamless,6.0,40,0.03379172792534517,0.0025198984106538955,0.03520465649626969,0.038782156555756446,0.04448660283530021,0.05538751231811582,0.1828796481852594,0.0389668225339568
US Power Grid,seamless,6.0,41,0.03391393307812333,0.002129869562165459,0.03307467691875868,0.044947776690331544,0.04910132625804933,0.050419801048086174,0.0740091293698508,0.03604431084391
US Power Grid,seamless,6.0,42,0.03562079226769176,0.0016913735047595687,0.03383584232089358,0.04479105734199887,0.05401483403265856,0.05741722865728075,0.0576848140725896,0.0545535515475395
US Power Grid,seamless,6.0,43,0.03644423320062272,0.002474237554812223,0.03750604669413825,0.04539505007918233,0.05583837165857133,0.06113225882694391,0.1142980405254954,0.0457860164773992
US Power Grid,seamless,6.0,44,0.03639472208259012,0.001748951193227378,0.03560171615142764,0.046433993131905105,0.054262981300291196,0.06289245156980615,0.0614562458249833,0.0389668225339568
US Power Grid,seamless,6.0,45,0.03437953010073928,0.0020663809077989107,0.03417320482563517,0.04227776758524867,0.04917109350977085,0.05467713929750237,0.0955522155421955,0.0340959697172122
US Power Grid,seamless,6.0,46,0.03626522312326719,0.0017021379701806743,0.036947026353712525,0.04682311877697749,0.052659498791744294,0.057683177343062345,0.0631540859496771,0.0350701402805611
US Power Grid,seamless,6.0,47,0.03616161853290434,0.0023874168538591143,0.037373206558043555,0.04609473488223695,0.04745790249794801,0.06415730010746126,0.0821225784903139,0.0409151636606546
US Power Grid,seamless,6.0,48,0.03439649023454509,0.0028984713733982087,0.03282363165203648,0.04502539307435417,0.055044710016238396,0.05977700238234578,0.1186400578935649,0.024354264083723
US Power Grid,seamless,6.0,49,0.03494993830996806,0.002472163293843167,0.03417066142435315,0.04654938291884309,0.05029194190850834,0.05962552344833027,0.1275189267423736,0.024354264083723
US Power Grid,seamless,6.0,50,0.03356099689637564,0.0021984828612790835,0.033368232508538286,0.04052051792148771,0.049559395541091504,0.05530956047376742,0.0778918949009129,0.0272767757737697
US Power Grid,seamless,6.0,51,0.03607772620037814,0.002429878196049168,0.035907869717015886,0.03986023245909871,0.05550767778854345,0.06460499346270886,0.1741121131151191,0.0399409930973057
US Power Grid,seamless,6.0,52,0.03413924120259862,0.0018670484958511336,0.03450776054100232,0.04462244425214825,0.049990375129761205,0.05265048794491778,0.0752755511022044,0.0457860164773992
US Power Grid,seamless,6.0,53,0.0369934242960177,0.0022633407990304403,0.035696508603832874,0.047402725071893116,0.056917153516071614,0.06960952556453892,0.0620685816076597,0.03604431084391
US Power Grid,seamless,6.0,54,0.0331119126179447,0.002961566867188927,0.0326426537340308,0.04000755716941219,0.04983368692640024,0.05754024388646565,0.1100256067690937,0.0331217991538632
US Power Grid,seamless,6.0,55,0.03597428429715011,0.001941166043026439,0.03365174794032506,0.04930153456649159,0.057575565150301176,0.0613964169252315,0.0600784903139612,0.0516310398574927
US Power Grid,seamless,6.0,56,0.03629155132458682,0.0018368700323405744,0.03727332084422355,0.04183405440463188,0.05191589129708117,0.057364939064723806,0.0703768648407927,0.0516310398574927
US Power Grid,seamless,6.0,57,0.036185275953760546,0.0023785368477497655,0.03439541535943921,0.0481868189626161,0.05224019311270427,0.055326206235975846,0.0963733021598753,0.0292251169004676
US Power Grid,seamless,6.0,58,0.03617133908921031,0.001911882358757431,0.03597453640769014,0.04595408766250445,0.048626820166881767,0.05902599950173769,0.0733967935871743,0.03604431084391
US Power Grid,seamless,6.0,59,0.035753382282576435,0.00229914552595379,0.03418447354755623,0.046284174771748246,0.054445359616335606,0.0568798959180662,0.1134212870184814,0.0350701402805611
US Power Grid,seamless,6.0,60,0.03683251316241177,0.001925670093434086,0.03589682323664932,0.04877611374781745,0.05760713281510821,0.05824314953326199,0.0703211979514584,0.0496826987307949
US Power Grid,seamless,6.0,61,0.0362658738718065,0.001927554552745844,0.03715504036171038,0.046889178004669796,0.053542846762088675,0.056407610249830716,0.0839595858383433,0.0379926519706078
US Power Grid,seamless,6.0,62,0.034781136850322976,0.001890733031229814,0.03600361848757746,0.03961412930773324,0.05111000418409858,0.05600204239897413,0.0936734580271654,0.0389668225339568
US Power Grid,seamless,6.0,63,0.0332891195795559,0.0026589010101030195,0.031120569157606977,0.04104128188684732,0.0480332392533758,0.05570668085141471,0.0932977065241594,0.0350701402805611
US Power Grid,seamless,6.0,64,0.03525595281057916,0.002070651445088139,0.034994112679574266,0.04690381913117174,0.04954628849528974,0.05546739772129424,0.0852399242930305,0.0496826987307949
US Power Grid,seamless,6.0,65,0.03540181538421353,0.0021045174836547913,0.0365907892541897,0.04347657399952919,0.046450411569756996,0.06234767122531014,0.0907648630594522,0.0438376753507014
US Power Grid,seamless,6.0,66,0.03611865557204857,0.002707259760930588,0.03800678574737021,0.04081977952167036,0.05080843898505123,0.05827266347040066,0.1495212647517256,0.0409151636606546
US Power Grid,seamless,6.0,67,0.034410576228968925,0.0023104658390855643,0.032255709169006525,0.04353519073921677,0.048448061806825475,0.05356425570439123,0.1224671565352928,0.0321476285905143
US Power Grid,seamless,6.0,68,0.03455029736326356,0.0027172514624612606,0.034380060822552835,0.04331310309244255,0.050438687833182665,0.05972642363920853,0.10437541750167,0.0438376753507014
US Power Grid,seamless,6.0,69,0.0358388201428835,0.0018744100887020942,0.037148041532883695,0.046825346927259114,0.05013250094152637,0.05521331282274429,0.0546509686038744,0.047734357604097
US Power Grid,seamless,6.0,70,0.035935103812179105,0.002354011762174468,0.038103823455138255,0.04243411525658244,0.05242134258092996,0.06579362428560817,0.0989061456245825,0.0399409930973057
US Power Grid,seamless,6.0,71,0.03750012693470014,0.0018267698727200137,0.0373529605706405,0.048528253389244304,0.05390708893273005,0.060399116133501525,0.0583389000222667,0.0545535515475395
US Power Grid,seamless,6.0,72,0.035790637636451995,0.00288118586532275,0.03650489791540434,0.04705749973652319,0.054522130138255395,0.05806613226452891,0.1123636161211311,0.0253284346470719
US Power Grid,seamless,6.0,73,0.03311425802413848,0.002488065961272584,0.032828857083749774,0.037959697355841045,0.04476937599986889,0.0570535173636783,0.1211589846359385,0.0350701402805611
US Power Grid,seamless,6.0,74,0.03448565634169196,0.0029196749299707668,0.036002730393035344,0.04395071903382038,0.04641072267992764,0.05635991757156705,0.1143815408594967,0.0409151636606546
US Power Grid,seamless,6.0,75,0.03693401637728308,0.0023568316725114855,0.037900037163528855,0.04778985605230115,0.05672414149833584,0.059471339192546276,0.0889278557114228,0.0399409930973057
US Power Grid,seamless,6.0,76,0.03743086288704719,0.0022733731723448185,0.03624685117226003,0.052079158316633185,0.05792122675272447,0.06036456151474319,0.0935064573591627,0.0263026052104208
US Power Grid,seamless,6.0,77,0.03459906283192817,0.0025787911534615646,0.03625482460201073,0.04100181068640156,0.04722227148495607,0.05790055688403101,0.116816967267869,0.0379926519706078
US Power Grid,seamless,6.0,78,0.03383180318955777,0.0019810379483204844,0.03413898297184903,0.04120652557426763,0.051055518660059085,0.057127565613947044,0.073062792251169,0.0301992874638165
US Power Grid,seamless,6.0,79,0.036647117615014234,0.0018009839618498096,0.03532427173186951,0.04946484101904216,0.054396121877159365,0.05813924858263532,0.0739952126475172,0.0516310398574927
US Power Grid,seamless,6.0,80,0.03534337003102664,0.0018864760512018193,0.03478342622540107,0.04792349099295811,0.052995821656406664,0.055151778049460164,0.0647266755733689,0.0292251169004676
US Power Grid,seamless,6.0,81,0.034266774359042386,0.0022744577532436763,0.03382912547246774,0.04208803467550797,0.05121227105841793,0.05565167507470756,0.1059062569583611,0.0428635047873524
US Power Grid,seamless,6.0,82,0.03460238436093092,0.002473586806272913,0.0327300131664294,0.0447155947172819,0.052107592149213774,0.056834081863285674,0.0835699176130038,0.047734357604097
US Power Grid,seamless,6.0,83,0.03446414096811098,0.0020930344833881994,0.03440988807738068,0.04375878771562794,0.04764971425399622,0.05601566192814473,0.086854264083723,0.0448118459140503
US Power Grid,seamless,6.0,84,0.035158598117645955,0.002384366470081095,0.03726530650972477,0.04404030282787797,0.04912794352385709,0.053462102197923335,0.0836534179470051,0.0379926519706078
US Power Grid,seamless,6.0,85,0.03371087241933576,0.0026125622911995685,0.030722774136648114,0.042453589010751566,0.051461804387363475,0.05759034343283393,0.1142145401914941,0.0428635047873524
US Power Grid,seamless,6.0,86,0.03455353754869887,0.0021932633157033636,0.03816634940725219,0.0418571141974014,0.046980588317610116,0.05610149963535625,0.1103596081050991,0.0438376753507014
US Power Grid,seamless,6.0,87,0.03546952034682438,0.0017316114561069821,0.03504564995913613,0.04493921930489979,0.05432343053218696,0.05833214559900051,0.1026636606546426,0.0301992874638165
US Power Grid,seamless,6.0,88,0.03529686862498835,0.0027627903029518136,0.03645329806354382,0.04185078303151357,0.047733865132406204,0.060756729345828236,0.1715236027610777,0.0418893342240035
US Power Grid,seamless,6.0,89,0.03583770844746218,0.0022808161087631952,0.03689384652840913,0.04515148916451518,0.05200153676282127,0.055285646129377926,0.1078824315297261,0.0418893342240035
US Power Grid,seamless,6.0,90,0.0357826524095842,0.0022175443705764143,0.03652310295960815,0.04449217042673925,0.0522074241074741,0.05638813859603256,0.0860192607437096,0.0448118459140503
US Power Grid,seamless,6.0,91,0.03617592144350795,0.0022769522893110335,0.03590240854219675,0.04780524366989053,0.052479391686907635,0.06061122065926377,0.1164968826541972,0.048708528167446
US Power Grid,seamless,6.0,92,0.034995870311034454,0.0023394105918236726,0.03637968103784978,0.04075722089654243,0.04867361453654534,0.05973417658658638,0.1702850144733912,0.0409151636606546
US Power Grid,seamless,6.0,93,0.033253463982506136,0.0026932008810292263,0.03534577345973933,0.03849649843043813,0.04620382740790217,0.05716393768585099,0.1640085727009574,0.0389668225339568
US Power Grid,seamless,6.0,94,0.03411847147838559,0.002287201578805188,0.032668771190131854,0.04183172660904818,0.0480207047090814,0.05578009112931301,0.1130316187931418,0.0438376753507014
US Power Grid,seamless,6.0,95,0.03618558777076897,0.00202916622570705,0.033841917731648394,0.046539262830917354,0.052664401997282895,0.05546511354710482,0.0778362280115787,0.0331217991538632
US Power Grid,seamless,6.0,96,0.03579545046419065,0.0021189152950870523,0.03442788132174892,0.04649805710993363,0.04862201775586128,0.05881148423304557,0.0982520596749053,0.0467601870407481
US Power Grid,seamless,6.0,97,0.0351139676136582,0.00233236081598114,0.035846616472245935,0.0428612294473646,0.0512955347499189,0.054458903769495866,0.1225784903139612,0.0389668225339568
US Power Grid,seamless,6.0,98,0.03585977966875382,0.0022495801788762516,0.037734853175184976,0.04645961279567469,0.052628211670254006,0.05437070603648298,0.0730767089735025,0.0409151636606546
US Power Grid,seamless,6.0,99,0.03522361874253213,0.0023092050137906487,0.03627489183159342,0.04141506208927359,0.05211021805479523,0.05618135913403863,0.1199899799599198,0.0409151636606546
US Power Grid,seamless,6.0,100,0.03531439816376607,0.0022382463084832504,0.03544172263890178,0.04453480244347691,0.04909371008098066,0.05717195130624631,0.0946754620351814,0.048708528167446
US Power Grid,seamless,7.0,1,0.03333029298192857,0.0020268072622520433,0.03483117121044382,0.04373352766138336,0.04643483429758396,0.05060120240480951,0.0608578267646403,0.0311734580271654
US Power Grid,seamless,7.0,2,0.03318433550746556,0.002239330889382104,0.03278069133975669,0.04493800654941179,0.04739807909107353,0.05346519715781112,0.1014389890892897,0.0331217991538632
US Power Grid,seamless,7.0,3,0.03275905777976442,0.0025524358376194543,0.030820437529964217,0.04186704044550799,0.04598567833799354,0.059746763515843085,0.0817189935426408,0.0428635047873524
US Power Grid,seamless,7.0,4,0.03341047062487621,0.0018913295507241856,0.03194856802815886,0.04181837794624819,0.05123427373165815,0.05299305606327502,0.0809814072589623,0.0321476285905143
US Power Grid,seamless,7.0,5,0.03445493558773198,0.0020109452666063274,0.033566441319707145,0.04472907034311247,0.049043124057907714,0.05599258946743384,0.0856852594077043,0.0301992874638165
US Power Grid,seamless,7.0,6,0.033573578034802314,0.002409881235726589,0.031923893795650894,0.04064612023102818,0.04858585153922171,0.057681272417556065,0.1101786907147628,0.0409151636606546
US Power Grid,seamless,7.0,7,0.03367090561321307,0.0020318370061704646,0.03384216865000583,0.04022303571815199,0.04513109217095499,0.05500979122306552,0.1336562012914718,0.0409151636606546
US Power Grid,seamless,7.0,8,0.032688438005987905,0.00230520562172613,0.030974217225914494,0.04136348190086765,0.047455793128957556,0.057300084039045705,0.0889417724337564,0.0311734580271654
US Power Grid,seamless,7.0,9,0.032465773547453586,0.0025076155319743916,0.03415038548875906,0.04121447942534767,0.046929895290605934,0.04948255604048546,0.1364952126475172,0.0350701402805611
US Power Grid,seamless,7.0,10,0.035170664080145686,0.001630582745378916,0.03509059786239143,0.04442279686491626,0.05127855752129889,0.053419299312249924,0.0641143397906925,0.0418893342240035
US Power Grid,seamless,7.0,11,0.033426915582755054,0.002806729386616558,0.03508484901148275,0.03891060778905788,0.04754248674789368,0.055116978080091764,0.2156952794477844,0.0389668225339568
US Power Grid,seamless,7.0,12,0.03459584976101534,0.002314953292554561,0.03551771147436843,0.04305973810897827,0.04842864054583788,0.05978426190571789,0.1115007793364506,0.0438376753507014
US Power Grid,seamless,7.0,13,0.03316405384465702,0.002995283775881988,0.0305210772885252,0.04586234409081675,0.05300965009634311,0.056858123153213265,0.0954826319305277,0.0214317523936762
US Power Grid,seamless,7.0,14,0.03406322563885032,0.001918660989375258,0.03471796063147387,0.0442081980273971,0.04862304707998868,0.050611119358057635,0.0810927410376308,0.0409151636606546
US Power Grid,seamless,7.0,15,0.033655924839547664,0.00215436753321828,0.03319792825722188,0.044219649490062914,0.053731408065728875,0.055084860584972056,0.074440547762191,0.023380093520374
US Power Grid,seamless,7.0,16,0.03359262598683842,0.002524521436735254,0.03279989931553922,0.044039500802552964,0.0491060658285043,0.062312954144782794,0.0900133600534402,0.023380093520374
US Power Grid,seamless,7.0,17,0.03496395651808571,0.002214575330365807,0.03732481399353599,0.04291996903719342,0.05036638117335527,0.05588027907667176,0.0988643954575818,0.0418893342240035
US Power Grid,seamless,7.0,18,0.034103721178161205,0.0016915361918944023,0.03507732973121312,0.041463453375628456,0.05025494648503914,0.05242420279239226,0.0535793809841906,0.0292251169004676
US Power Grid,seamless,7.0,19,0.0334907838404362,0.0028244216125290836,0.034132239658241414,0.044747331307206,0.049124888063019734,0.05535873014338784,0.1061428412380316,0.0272767757737697
US Power Grid,seamless,7.0,20,0.03133042070527402,0.0033751175639212157,0.0307421138034035,0.035062220194680215,0.04348461578001181,0.05763717606152465,0.2793921175684702,0.0311734580271654
US Power Grid,seamless,7.0,21,0.03541934492299123,0.002083517286000767,0.03673177326238839,0.0438730826436118,0.04699773879309414,0.057184066421209025,0.1144789579158316,0.0448118459140503
US Power Grid,seamless,7.0,22,0.033798642128575355,0.0020679535501022433,0.032868875902041274,0.043332173144122584,0.049887977558783055,0.05857290713113467,0.0794366510799376,0.0438376753507014
US Power Grid,seamless,7.0,23,0.03439200278107609,0.0026545220147239064,0.033328362410439544,0.04789583901428808,0.05197584357904992,0.05719832099186544,0.0975144733912269,0.0224059229570251
US Power Grid,seamless,7.0,24,0.03388428334780097,0.001920653906776897,0.03162774086928617,0.043236732886855034,0.05083758179502324,0.059642836397432515,0.0986834780672456,0.0272767757737697
US Power Grid,seamless,7.0,25,0.033647207520573146,0.0021859152801136437,0.03389889244863995,0.04180713091450176,0.04926214583911345,0.05346312752863936,0.0910014473391226,0.0428635047873524
US Power Grid,seamless,7.0,26,0.03443927695100481,0.0016949797362482556,0.036052906466527784,0.04088721448440883,0.05078457568732231,0.05584029770171833,0.0905004453351146,0.0389668225339568
US Power Grid,seamless,7.0,27,0.0323870600887194,0.002202441581559903,0.032338705708316935,0.041209255043911285,0.0469018046124855,0.06064766983592972,0.1567579603651748,0.0331217991538632
US Power Grid,seamless,7.0,28,0.034113373948161003,0.0021903349472764625,0.034445698810334234,0.040048438380027994,0.0486152158503777,0.057794643340735426,0.0741622133155199,0.0350701402805611
US Power Grid,seamless,7.0,29,0.033561430728735187,0.002065906403655663,0.03453470392998347,0.03791129188308749,0.046374155718845025,0.06378582328054799,0.1775356268091739,0.0379926519706078
US Power Grid,seamless,7.0,30,0.033745524779054084,0.0018029362074677413,0.03122200540222063,0.04525040388986136,0.05136000348353188,0.05778988819760867,0.0602176575372968,0.0516310398574927
US Power Grid,seamless,7.0,31,0.031072561596571957,0.002339478378129854,0.029934606255923573,0.03656543972054019,0.044012698599814,0.05318398234377241,0.1470719216210198,0.0301992874638165
US Power Grid,seamless,7.0,32,0.032620190752927665,0.002449454881273453,0.03428630499601927,0.040207866364500064,0.044782739104338526,0.05527740759762588,0.1021626586506346,0.0350701402805611
US Power Grid,seamless,7.0,33,0.03451266240607338,0.002308445807161454,0.03211016049192396,0.04516349236669739,0.052034308727303864,0.05330938672030999,0.0965263861055444,0.0321476285905143
US Power Grid,seamless,7.0,34,0.03338624379904811,0.001838239315725377,0.03255493693388806,0.04257096960360623,0.04928272538926371,0.050577562026465774,0.0721582052994878,0.0311734580271654
US Power Grid,seamless,7.0,35,0.03390876776159255,0.0020172087212972003,0.03308125725526891,0.04400058194938223,0.04841143573114691,0.05231610173752515,0.0828184146069917,0.0448118459140503
US Power Grid,seamless,7.0,36,0.034121440518596204,0.0022730071262914613,0.0319406761725275,0.04273466711500666,0.05116497256870524,0.05407054961553178,0.087731017590737,0.0418893342240035
US Power Grid,seamless,7.0,37,0.033884242676017265,0.0018779756484070696,0.03141005025017051,0.041164333562940504,0.05560471538014855,0.05914485976784485,0.0790608995769316,0.0321476285905143
US Power Grid,seamless,7.0,38,0.03273445135062173,0.002037395483277086,0.031140276060710917,0.04063540272576653,0.04283124781955053,0.05506853882916349,0.0963037185482075,0.0428635047873524
US Power Grid,seamless,7.0,39,0.03411632943111037,0.002037910659204035,0.03488892402245553,0.043508077930581444,0.04514646457814372,0.058658868044966964,0.0872160988643954,0.0350701402805611
US Power Grid,seamless,7.0,40,0.03218227765775491,0.0026211982666066776,0.030116461879988916,0.03592514971954883,0.05005352039301679,0.05510352632127824,0.1072005121353818,0.03604431084391
US Power Grid,seamless,7.0,41,0.03329302407079177,0.0023552319156856833,0.03240277138449674,0.042448489561913,0.044780753216277086,0.052262370745389336,0.1150773769761745,0.0311734580271654
US Power Grid,seamless,7.0,42,0.03377615063218542,0.0016248073520925253,0.033079365251221966,0.043988036459392206,0.05035473523536602,0.05431159813744386,0.0571977287909151,0.0350701402805611
US Power Grid,seamless,7.0,43,0.0336464754284664,0.002610054197870974,0.034829365169733395,0.042352548676043135,0.049886409900669164,0.056051410842724185,0.1313877755511022,0.0428635047873524
US Power Grid,seamless,7.0,44,0.03252440870229777,0.0020654861285573545,0.03204978524574786,0.039303175272082776,0.04857232984487492,0.059226570496222944,0.0696810287241149,0.0379926519706078
US Power Grid,seamless,7.0,45,0.03332320253430232,0.002376204998817231,0.030185169049854924,0.04297336933993124,0.05368344532201657,0.0595010357762082,0.0889974393230906,0.0301992874638165
US Power Grid,seamless,7.0,46,0.03362428219182366,0.0022661607093674555,0.03223916139512426,0.044856495398203786,0.053282648878160074,0.056582589301657084,0.1077710977510576,0.024354264083723
US Power Grid,seamless,7.0,47,0.03473215446547857,0.001964823463882646,0.03271477814223928,0.046520636902219685,0.05327923310199028,0.05734046739069328,0.0881346025384101,0.0331217991538632
US Power Grid,seamless,7.0,48,0.035241202510354765,0.002009074364555815,0.035191911600979724,0.046967747710762724,0.048493683159663147,0.06147561092854357,0.0779614785125807,0.048708528167446
US Power Grid,seamless,7.0,49,0.03325538911360161,0.0017318283722867487,0.0340192896249568,0.04379148736679837,0.05005009190429208,0.053623182309893415,0.0496826987307949,0.0253284346470719
US Power Grid,seamless,7.0,50,0.0330674176865693,0.002784590379018743,0.033065171618845646,0.04328730896393531,0.04997409213955511,0.055987535774541894,0.1222444889779559,0.0350701402805611
US Power Grid,seamless,7.0,51,0.033101310839658435,0.002434216519644582,0.033185791750778994,0.04032574863691509,0.04832288097863771,0.05216109789672796,0.1168448007125361,0.0409151636606546
US Power Grid,seamless,7.0,52,0.03289380339918555,0.0020946071256915375,0.03271408071753029,0.04208651856722418,0.04778821887831285,0.04914195592611244,0.1139362057448229,0.0331217991538632
US Power Grid,seamless,7.0,53,0.034898637633452356,0.001514397016589386,0.035464249169437294,0.04611538235111965,0.04940551205503784,0.0567924584270424,0.0518815408594967,0.0467601870407481
US Power Grid,seamless,7.0,54,0.03392823598872695,0.0022871473497602423,0.035286438700743925,0.04290603549709708,0.04766862688227346,0.05157753618924659,0.1140892896904921,0.03604431084391
US Power Grid,seamless,7.0,55,0.034137668560295285,0.0022386665835815557,0.03263930901635549,0.04341525663747191,0.05417485534676437,0.05827077158118516,0.0751503006012024,0.023380093520374
US Power Grid,seamless,7.0,56,0.03322996924878475,0.002502355314614961,0.034470759188381175,0.04069362816057309,0.045174054298006854,0.05589757669765135,0.1312625250501002,0.0409151636606546
US Power Grid,seamless,7.0,57,0.033590158565293536,0.0022011671990037444,0.033424559065330664,0.04071570440584429,0.051381946458362686,0.05677290865636709,0.078671231351592,0.0516310398574927
US Power Grid,seamless,7.0,58,0.03293470565633352,0.002494709019278054,0.029136330094494334,0.042715300731332714,0.05364527782693469,0.05506740107271837,0.1158845468715208,0.0292251169004676
US Power Grid,seamless,7.0,59,0.03419546316494286,0.0015996721897616308,0.03252365045929161,0.043946826114101833,0.050756839122031,0.05799538833278943,0.0707247828991316,0.0301992874638165
US Power Grid,seamless,7.0,60,0.03342885427111176,0.0019118145724512567,0.0320822480157929,0.04201637300611961,0.050220645970303145,0.057796488947393636,0.0566828100645736,0.0272767757737697
US Power Grid,seamless,7.0,61,0.03213585759528403,0.0027419121206489106,0.032314921391589625,0.04113866462075665,0.04464617240367414,0.05183539355221475,0.1332804497884658,0.0418893342240035
US Power Grid,seamless,7.0,62,0.03327937190872746,0.0019730256069302138,0.030246283145702744,0.04455543933784208,0.05410723990686276,0.05698385074242044,0.069458361166778,0.0311734580271654
US Power Grid,seamless,7.0,63,0.03320313942879941,0.0018480683301212236,0.03386900955315058,0.03913297779359341,0.04891954429948028,0.05677033078502677,0.0655477621910487,0.024354264083723
US Power Grid,seamless,7.0,64,0.03395444217469546,0.002306466447021048,0.036280113622974244,0.043877166222721885,0.04591093743852809,0.05455702834021583,0.163145735916277,0.0370184814072589
US Power Grid,seamless,7.0,65,0.034552615654934844,0.0017038055133126633,0.036101469384702475,0.04500097303295659,0.04738861890675759,0.04935810967076395,0.0621242484969939,0.0457860164773992
US Power Grid,seamless,7.0,66,0.032622820861607366,0.003307209242391835,0.03181130576009189,0.04417301805753406,0.04749952705772874,0.05545178978298989,0.1194472277889111,0.0204575818303273
US Power Grid,seamless,7.0,67,0.03453543860494927,0.0018705462692499273,0.03581498655318931,0.04421975458823546,0.04753851670084914,0.05406039420002303,0.1048068358940102,0.0448118459140503
US Power Grid,seamless,7.0,68,0.033911194511353736,0.0018913159934629456,0.0353812139191526,0.04387143635826513,0.04676608627329211,0.0523921431692856,0.0956774660431975,0.0448118459140503
US Power Grid,seamless,7.0,69,0.03332831362178817,0.002787166258653511,0.034971800386510786,0.041246963481262534,0.04844473667152772,0.056337180154446526,0.106755177020708,0.03604431084391
US Power Grid,seamless,7.0,70,0.033341057447349685,0.002356208038494646,0.03282553078665915,0.043084229566774546,0.045088418212813425,0.054818114574082394,0.0991566466265865,0.0263026052104208
US Power Grid,seamless,7.0,71,0.03449877977056808,0.0018040750174115375,0.034753260322756795,0.046389629932192714,0.05363948214493799,0.0581981711865241,0.0593269873079492,0.047734357604097
US Power Grid,seamless,7.0,72,0.03499981547405402,0.0016861539591838453,0.03585485765034732,0.0459004481565871,0.053775432810064555,0.05805314576040528,0.0673430193720775,0.0311734580271654
US Power Grid,seamless,7.0,73,0.03326573330392439,0.001526124047558227,0.035266926844781894,0.040561486382957354,0.04366858878383854,0.05134259275011061,0.0706969494544644,0.0438376753507014
US Power Grid,seamless,7.0,74,0.034759716377570644,0.002202428024298661,0.03307178408549367,0.043535164957446026,0.04738272841980249,0.05505130686662192,0.1137692050768203,0.0438376753507014
US Power Grid,seamless,7.0,75,0.0343665286872143,0.0020728206068858423,0.03410458400857287,0.0466351141055813,0.04947511553728804,0.054091076890623334,0.0859496771320418,0.0331217991538632
US Power Grid,seamless,7.0,76,0.032675151889976994,0.0024925398574803448,0.03414831284424756,0.040634170333851596,0.04473612435934457,0.05413016765930926,0.1223279893119572,0.0409151636606546
US Power Grid,seamless,7.0,77,0.03373219799125944,0.002076792884427886,0.03613608053466026,0.04231410521130031,0.04679691295974975,0.05345763942458348,0.1052660877310175,0.0428635047873524
US Power Grid,seamless,7.0,78,0.03149103357913277,0.0025043753465390783,0.03255164175752938,0.038260153941516606,0.04057166874662327,0.05185913833086213,0.1465430861723446,0.0331217991538632
US Power Grid,seamless,7.0,79,0.03225897108456498,0.0021924363227679875,0.028883870652969764,0.04056308154366472,0.053300338907570285,0.057375659177433376,0.0745518815408595,0.0292251169004676
US Power Grid,seamless,7.0,80,0.03420742066935271,0.002321623465082503,0.034023946436232896,0.046337765869523755,0.052306715128548766,0.055814566145737994,0.1000473168559341,0.0389668225339568
US Power Grid,seamless,7.0,81,0.034036124673640256,0.0020763590520683447,0.033813927440434426,0.042090581718361615,0.050280535722903315,0.05852444383308263,0.0951764640391894,0.0263026052104208
US Power Grid,seamless,7.0,82,0.03312660868912416,0.0028325966410541717,0.033181658990263235,0.03988123183795358,0.04683639521765952,0.060173152524236904,0.1164551324871966,0.0399409930973057
US Power Grid,seamless,7.0,83,0.034434369222437505,0.0019548453196132037,0.033559194638264435,0.04579443820598143,0.051904341688707396,0.05329788260394115,0.0859914272990425,0.0301992874638165
US Power Grid,seamless,7.0,84,0.034089499611125014,0.002495007279025245,0.03297592824739222,0.04166602231547368,0.046431060488837,0.056445992625157176,0.1148407926965041,0.0418893342240035
US Power Grid,seamless,7.0,85,0.03337431340916073,0.002464191624236606,0.031759655441897044,0.04314094803845786,0.05460363070627696,0.05860014502234173,0.1116399465597862,0.0321476285905143
US Power Grid,seamless,7.0,86,0.034096644287796206,0.0021824852930210233,0.0336112738529512,0.042842587014519755,0.05050099580994939,0.05539309631486564,0.1206997327989312,0.0340959697172122
US Power Grid,seamless,7.0,87,0.03459593110458274,0.001965786029430378,0.03507382334507283,0.04323060249488747,0.04527397084935924,0.05199891742549419,0.081148407926965,0.0438376753507014
US Power Grid,seamless,7.0,88,0.035120271740132776,0.0019418439060882185,0.03748979380869958,0.04301983283383577,0.049978348585202365,0.05410703517261459,0.104751169004676,0.0409151636606546
US Power Grid,seamless,7.0,89,0.03434922962187761,0.0019029210090806686,0.032990685006742355,0.04236146140865456,0.05423154112111659,0.057355348922428974,0.0932420396348252,0.0428635047873524
US Power Grid,seamless,7.0,90,0.032999604265868565,0.0022664725263758802,0.03358951440978731,0.042250388477317546,0.04573610435978132,0.053987256550730126,0.1284374304163883,0.0428635047873524
US Power Grid,seamless,7.0,91,0.03276124049882337,0.002083083453641229,0.030204502509658837,0.0439437127103768,0.05015471071141607,0.05196829770652408,0.1304414384324204,0.0272767757737697
US Power Grid,seamless,7.0,92,0.03266167597230874,0.002284964630701304,0.03278935537436034,0.04037943494015992,0.044313190024152155,0.05116778865173707,0.126628256513026,0.0409151636606546
US Power Grid,seamless,7.0,93,0.033153126692101076,0.0019248159859762428,0.033299402010641334,0.038764762430844577,0.0447437971081913,0.05513566269614444,0.1557420396348252,0.0379926519706078
US Power Grid,seamless,7.0,94,0.03382901039374321,0.0019545063880823175,0.03520796505479696,0.042599077254063394,0.04670617721230568,0.056541533125352296,0.0841405032286795,0.0428635047873524
US Power Grid,seamless,7.0,95,0.034163115539634595,0.0021044225828261483,0.03361897946728225,0.04172830373403044,0.048446705636084365,0.05883780117921322,0.0773352260075707,0.0418893342240035
US Power Grid,seamless,7.0,96,0.03336329135577615,0.0019809972765367756,0.0336811192138883,0.03966696279156249,0.04731436565753927,0.0483795530480456,0.1237892451569806,0.0399409930973057
US Power Grid,seamless,7.0,97,0.03466287686056439,0.002608074837730568,0.03606730334947935,0.03895472598521122,0.04964924162198542,0.05514814489536837,0.1561317078601647,0.0389668225339568
US Power Grid,seamless,7.0,98,0.03381769008061146,0.0018285865457255935,0.03507394901565861,0.04070550389603586,0.04651821334225302,0.05076627614202759,0.1081746826987308,0.0409151636606546
US Power Grid,seamless,7.0,99,0.03364659744381754,0.0022297187911660267,0.03496610264758209,0.043167255946526074,0.04667958602389959,0.052751695920576706,0.1031646626586506,0.0263026052104208
US Power Grid,seamless,7.0,100,0.034490143795160966,0.0019838714159187355,0.035319144699077196,0.04425789553897007,0.04963706843674956,0.05865672210132602,0.1223419060342908,0.0448118459140503
US Power Grid,seamless,8.0,1,0.03166605782168503,0.0027677251460415902,0.029505608978508256,0.040796770408569924,0.05004560973799447,0.05529383190461356,0.1074370964150523,0.0194834112669784
US Power Grid,seamless,8.0,2,0.031230612148057165,0.002230084837219392,0.030469322338485254,0.038712496687639715,0.048775622894263196,0.05318315968369147,0.0919477844578045,0.0292251169004676
US Power Grid,seamless,8.0,3,0.033556048496024636,0.0015190200426707455,0.03354734409081001,0.04489450709218776,0.04804769471603133,0.05135026095659932,0.0927967045201514,0.0457860164773992
US Power Grid,seamless,8.0,4,0.03320684056111674,0.001851200057466657,0.033210834808704744,0.04397565564675904,0.04998680344371724,0.053313854125103276,0.0696671120017813,0.0448118459140503
US Power Grid,seamless,8.0,5,0.032496873904728184,0.0020773894039222544,0.032483939034774804,0.043854346424330136,0.046735061529737026,0.052076514294192064,0.0775718102872411,0.0340959697172122
US Power Grid,seamless,8.0,6,0.03224522402167203,0.002404471888493563,0.03293432388357843,0.04010135039168412,0.05026043780187578,0.05388913755316611,0.1117791137831218,0.0214317523936762
US Power Grid,seamless,8.0,7,0.0321470287785422,0.0020538675556784026,0.03101525938867284,0.04168564401530327,0.04728179962482708,0.05310592841010815,0.0854765085727009,0.0292251169004676
US Power Grid,seamless,8.0,8,0.032762379308767166,0.0018138498027624433,0.03246298799148678,0.04333370778070185,0.048160525507927134,0.05061436003319766,0.0666332665330661,0.0272767757737697
US Power Grid,seamless,8.0,9,0.0332404083399362,0.0020809414063659997,0.03204228223889634,0.04144292412242712,0.0500523839702196,0.05740257317754409,0.103025495435315,0.0418893342240035
US Power Grid,seamless,8.0,10,0.03266696330419065,0.0015955101105622875,0.03247141585928716,0.03797264497192858,0.05310401504763909,0.062451426585641526,0.0732019594745045,0.0331217991538632
US Power Grid,seamless,8.0,11,0.03184498655547316,0.0019138888334203077,0.030147550187630327,0.04110200907043463,0.04894590215965774,0.05241321495087296,0.0992818971275885,0.0418893342240035
US Power Grid,seamless,8.0,12,0.032387073645980646,0.0021337469388788533,0.033623093908926496,0.03919602336820647,0.046386148169934464,0.050504625346396936,0.0977510576708973,0.0399409930973057
US Power Grid,seamless,8.0,13,0.03153395586820485,0.0026860155325743266,0.031234571723555263,0.038580862224256246,0.04089332880320023,0.05692093287636124,0.1338788688488087,0.0272767757737697
US Power Grid,seamless,8.0,14,0.031511993105003105,0.0025466604443330713,0.03117615407115991,0.03865038000564486,0.04480186901147394,0.052590199972362583,0.1449844132709864,0.0389668225339568
US Power Grid,seamless,8.0,15,0.031611178028203124,0.0023380141939164005,0.03319275686728292,0.03976794503543142,0.045580867617588075,0.05084251311848008,0.1012580716989534,0.0399409930973057
US Power Grid,seamless,8.0,16,0.03277173381901975,0.0020719529421667575,0.031722523191440595,0.0403687833947185,0.04947736873834876,0.05587881711796202,0.1595134713872188,0.0321476285905143
US Power Grid,seamless,8.0,17,0.03217692253956682,0.002174052676532444,0.03143937257977286,0.04031272084108451,0.04987374045197719,0.054718736990889943,0.1181947227788911,0.0321476285905143
US Power Grid,seamless,8.0,18,0.031075245934296607,0.0021086253338091937,0.031053560111676305,0.037661447990871594,0.04169748146554101,0.05582484413270968,0.0722556223558227,0.0321476285905143
US Power Grid,seamless,8.0,19,0.03065513352312626,0.0027269584615059934,0.0277986325032875,0.04042040575294027,0.04495919019457619,0.055343970894982185,0.1160237140948563,0.0224059229570251
US Power Grid,seamless,8.0,20,0.03161491983230414,0.0023666335723848664,0.033019688034112926,0.037804928900937916,0.04624774852234717,0.050038961107247544,0.1181112224448897,0.0379926519706078
US Power Grid,seamless,8.0,21,0.03247874784645611,0.0019318657618187817,0.031835424749590405,0.03956328421913377,0.04689667623535353,0.049683420338619604,0.1214512358049432,0.0321476285905143
US Power Grid,seamless,8.0,22,0.03242975190435046,0.001864364158126477,0.033994828320642614,0.04255952823481526,0.04627456058354455,0.049948799598541524,0.0820390781563126,0.0438376753507014
US Power Grid,seamless,8.0,23,0.03227838508265443,0.0022237129244386316,0.03111133502697987,0.04320490519072512,0.04556332877279871,0.05363217387265483,0.0965820529948786,0.0253284346470719
US Power Grid,seamless,8.0,24,0.03356876520706367,0.0021967339745796862,0.033383114483252055,0.04440433508014135,0.05004624521558416,0.0577053001793787,0.0878423513694054,0.0253284346470719
US Power Grid,seamless,8.0,25,0.03263647302367167,0.001864431944432652,0.03184677937198389,0.043025758809516035,0.04748477037243663,0.05219642296014659,0.0736194611445112,0.0457860164773992
US Power Grid,seamless,8.0,26,0.033045441366106314,0.0015239548857605182,0.03422856515500136,0.04094996591134163,0.04942160187354698,0.05239522933013354,0.0583667334669338,0.0496826987307949
US Power Grid,seamless,8.0,27,0.032920104485982725,0.0019341569389676057,0.034462004218825545,0.04310708048678078,0.04752138081270716,0.051239317503395415,0.0746353818748608,0.0438376753507014
US Power Grid,seamless,8.0,28,0.03118115525906951,0.0019385630488691892,0.031136341491626942,0.03845051696518135,0.0399157201731803,0.04656535292807832,0.0895262747717657,0.0350701402805611
US Power Grid,seamless,8.0,29,0.0326735656904124,0.0021620002712939455,0.03400476682410273,0.041890637365363505,0.04995856643114869,0.05104291269878252,0.1129202850144733,0.0370184814072589
US Power Grid,seamless,8.0,30,0.03301938431001138,0.0019220231901616984,0.029218625134947572,0.04473940997130366,0.04859519700622559,0.055017499037036545,0.0775161433979069,0.024354264083723
US Power Grid,seamless,8.0,31,0.03489419085176706,0.0013525911037418953,0.03611916761745827,0.04459218295683367,0.051913401311524145,0.056137807658483245,0.0423207526163438,0.0340959697172122
US Power Grid,seamless,8.0,32,0.03288995313699463,0.0015355870159007067,0.03405109132747889,0.04407828738290927,0.047111598729428224,0.05118659399025237,0.0465236027610777,0.0448118459140503
US Power Grid,seamless,8.0,33,0.032492684711006345,0.002552354494052045,0.03283090403728169,0.04124726929955421,0.0457954966607338,0.056549617191734694,0.1000334001336005,0.023380093520374
US Power Grid,seamless,8.0,34,0.03250883140913801,0.0019906636037977984,0.030380270491517924,0.043994799635112505,0.04819153632490271,0.05801117865567093,0.0986973947895791,0.0311734580271654
US Power Grid,seamless,8.0,35,0.03317960402329431,0.0018820563840390018,0.03264013984362128,0.04296723405080434,0.04985289119169586,0.05377129258517033,0.0793670674682698,0.0438376753507014
US Power Grid,seamless,8.0,36,0.03200728052972512,0.0020593582464788394,0.032011902496809484,0.04069040550402786,0.04369445761223085,0.0519910861437287,0.0748580494321977,0.0438376753507014
US Power Grid,seamless,8.0,37,0.032140561964932805,0.0025589433230125695,0.029799920322180054,0.04225810626245898,0.0479566580261374,0.052690514580194386,0.1040553328879982,0.0301992874638165
US Power Grid,seamless,8.0,38,0.03353511608467678,0.0015157120709292432,0.03487814815656884,0.04251033391210289,0.04790729639945184,0.04962122246309147,0.0696810287241149,0.0370184814072589
US Power Grid,seamless,8.0,39,0.030724370456256728,0.0028290039668267355,0.029693621272214414,0.038050342854315494,0.04218370515866163,0.05768403101467552,0.1386105544422178,0.0340959697172122
US Power Grid,seamless,8.0,40,0.03227769366233141,0.0020861609519417256,0.030010540284406584,0.0426935066714625,0.048628957486445176,0.052308012686282095,0.0771821420619015,0.0301992874638165
US Power Grid,seamless,8.0,41,0.03412430110071692,0.001613853085014117,0.03605353697180801,0.043914286446329,0.05068319631554342,0.053919685063802264,0.0624721665553328,0.048708528167446
US Power Grid,seamless,8.0,42,0.03355680770265382,0.0019431996322117904,0.03365997729725181,0.04172012963062489,0.049984803788162106,0.05882598530394116,0.1126837007348029,0.0379926519706078
US Power Grid,seamless,8.0,43,0.033207491309656036,0.0018973083029291055,0.032567973170725295,0.04321733507511094,0.047493186213626123,0.054367783059986054,0.0935899576931641,0.0438376753507014
US Power Grid,seamless,8.0,44,0.0324169131779603,0.0015784279614053682,0.032199621397113895,0.04202068626544949,0.047744312631751655,0.05399554905793037,0.0581440659095969,0.0331217991538632
US Power Grid,seamless,8.0,45,0.03152904813963754,0.001869692161792081,0.02981689974599403,0.04126294591551778,0.04714754025746644,0.05222856586613504,0.0703072812291249,0.0418893342240035
US Power Grid,seamless,8.0,46,0.03298498953825653,0.001968389023587625,0.03242323554753077,0.04145330920891606,0.05235343919758377,0.05533011784495791,0.1052382542863504,0.0331217991538632
US Power Grid,seamless,8.0,47,0.03281164639609751,0.0024043634304036824,0.0337707057108743,0.0417801351638051,0.04924916386156622,0.056444119470171514,0.1192245602315742,0.0214317523936762
US Power Grid,seamless,8.0,48,0.031753868202708334,0.0019180780271421272,0.03413668931408924,0.037785948245242174,0.042746189677681005,0.04655944886405802,0.0967073034958806,0.0379926519706078
US Power Grid,seamless,8.0,49,0.031325512976706715,0.002591779009725313,0.030492609149923754,0.040952038074584175,0.04424814219403396,0.056586406809203314,0.0787686484079269,0.0418893342240035
US Power Grid,seamless,8.0,50,0.029704891525858264,0.0033325342063800344,0.02840928879436278,0.039317193161003676,0.04346003392244018,0.053224712898851556,0.1666666666666666,0.0292251169004676
US Power Grid,seamless,8.0,51,0.03241018877638743,0.0020770233578688915,0.030330191633266508,0.041276907778640834,0.04907875412916646,0.05042603322587194,0.0711840347361389,0.0418893342240035
US Power Grid,seamless,8.0,52,0.03254504285389844,0.0016646114710803961,0.030848295294794208,0.040564076447724896,0.051413064880909604,0.05592468004792649,0.0775161433979069,0.0311734580271654
US Power Grid,seamless,8.0,53,0.033057873374659395,0.0016969184246049549,0.03558010057546385,0.03946801649275561,0.04255921383336753,0.05122239728863898,0.0785181474059229,0.0418893342240035
US Power Grid,seamless,8.0,54,0.0325567020985611,0.0026622089818445255,0.033460984046365286,0.039919373123967664,0.0498234410332248,0.05129843361306281,0.1003395680249387,0.0389668225339568
US Power Grid,seamless,8.0,55,0.03288885499883455,0.0018449230455145525,0.032052524867971006,0.04329469503670359,0.04561160058613294,0.05590931651258406,0.0752477176575373,0.0448118459140503
US Power Grid,seamless,8.0,56,0.032953129974352756,0.0024497666982818745,0.033900144082340516,0.042479981157782426,0.04501425130052848,0.059261043454430166,0.1088148519260743,0.0428635047873524
US Power Grid,seamless,8.0,57,0.030497476132216875,0.0026926043615348462,0.03171411777473542,0.038093536557039204,0.043228297565590164,0.0533646658396156,0.0917807837898018,0.0253284346470719
US Power Grid,seamless,8.0,58,0.033233548365750966,0.002105141117671628,0.03086781686436171,0.04604322220775408,0.051982452381763945,0.05418591314663337,0.1037213315519928,0.0253284346470719
US Power Grid,seamless,8.0,59,0.03259284575701534,0.0014617948429950644,0.033289572218392,0.04006447056525706,0.050285646305544315,0.06024225453490955,0.0723530394121576,0.0340959697172122
US Power Grid,seamless,8.0,60,0.03111899521630404,0.002582207583292949,0.031945139398639494,0.0368128537389364,0.04723695572227714,0.05203407905134881,0.110484858606101,0.0370184814072589
US Power Grid,seamless,8.0,61,0.03170914279789193,0.0018368564750793365,0.03226522554393977,0.04192643162831994,0.0451365847631591,0.04747099417690592,0.056794143843242,0.0331217991538632
US Power Grid,seamless,8.0,62,0.03247207767392817,0.0015276153462941433,0.03254353444281316,0.043209153814876076,0.04682270037085318,0.04891831924230053,0.0768203072812291,0.0448118459140503
US Power Grid,seamless,8.0,63,0.03333201475410549,0.002156536695015988,0.03290102916092964,0.0416034584576181,0.04816757635844221,0.05583796434476512,0.0852677577376976,0.0418893342240035
US Power Grid,seamless,8.0,64,0.03303656135999697,0.0017393933240562485,0.03203938741680887,0.042558644461802304,0.046960126746129406,0.056293528414854306,0.0630427521710086,0.0272767757737697
US Power Grid,seamless,8.0,65,0.03261385951193061,0.002152537302951466,0.031369782649717445,0.04211025268509082,0.046682215637131215,0.054757241756239715,0.073438543754175,0.0321476285905143
US Power Grid,seamless,8.0,66,0.031113748556205845,0.0022547726099295122,0.03139466706338437,0.041037579067236665,0.04271511441141298,0.050002724124371636,0.0804247383656201,0.0418893342240035
US Power Grid,seamless,8.0,67,0.030258434502109882,0.0025901250238545698,0.032211546049855294,0.034853372787803275,0.042680233960733796,0.05097498249384388,0.1088009352037408,0.0331217991538632
US Power Grid,seamless,8.0,68,0.031794065482272045,0.0020402018363528617,0.029752788666483895,0.041901000937337014,0.04989370080029337,0.051335783784262776,0.1068943442440436,0.0301992874638165
US Power Grid,seamless,8.0,69,0.03246394331718679,0.0019761844487981178,0.03185454241816962,0.04353576298602712,0.047235197519221374,0.05385697648985283,0.0917529503451347,0.0457860164773992
US Power Grid,seamless,8.0,70,0.032006372193222325,0.0017384443157697552,0.033323306563877636,0.04008151364858292,0.04643589241531628,0.04778590904246877,0.0696114451124471,0.0379926519706078
US Power Grid,seamless,8.0,71,0.032875867142570805,0.0023318185255317126,0.030724820262445218,0.04418682201213555,0.048625079298882774,0.054389238123874896,0.1191828100645736,0.0311734580271654
US Power Grid,seamless,8.0,72,0.030589570607790655,0.0021598446667574827,0.030497970449323234,0.03802063465626508,0.040204858233401544,0.049630374859781015,0.0873830995323981,0.0389668225339568
US Power Grid,seamless,8.0,73,0.032735468145214386,0.0021114994731911527,0.030942203427625298,0.04343814804978092,0.04782888822913308,0.0527398751751869,0.0831524159429971,0.0467601870407481
US Power Grid,seamless,8.0,74,0.031987771630807016,0.0023609259654046562,0.03353899361145637,0.039577636295642774,0.04309205176895607,0.05440647832630238,0.1106657759964373,0.0399409930973057
US Power Grid,seamless,8.0,75,0.033479070366728605,0.001895817004193185,0.029999005686812203,0.04387098470715468,0.049636072497573354,0.06612136747289121,0.0818024938766421,0.0282509463371186
US Power Grid,seamless,8.0,76,0.03317145610929168,0.0016226788620785292,0.030518961948083043,0.043537566440515166,0.0510677531426819,0.05299971539372679,0.0597444889779559,0.0311734580271654
US Power Grid,seamless,8.0,77,0.031743008836458586,0.0019031379252604347,0.032339283180039875,0.04108269700833973,0.04363261094784977,0.055575138837216764,0.0663966822533956,0.0438376753507014
US Power Grid,seamless,8.0,78,0.031866569715360296,0.002144091129201659,0.029338770132858304,0.03981546971939519,0.04724638581735985,0.05664744967669877,0.0758322199955466,0.0282509463371186
US Power Grid,seamless,8.0,79,0.033847163566537754,0.001784688133844556,0.0342807655383627,0.04230583779167492,0.05018564480845086,0.05674580713590023,0.0669116009797372,0.0428635047873524
US Power Grid,seamless,8.0,80,0.032688790494780046,0.0017802549094204975,0.03359939692361975,0.04220834939592891,0.047474117532202376,0.04858193952006576,0.0528974615898463,0.047734357604097
US Power Grid,seamless,8.0,81,0.033218879409093995,0.002151954340718333,0.03511976336384713,0.04056514530176686,0.04323737150591642,0.055204758859929356,0.1091488532620797,0.0409151636606546
US Power Grid,seamless,8.0,82,0.03194246326375747,0.0023714328428622836,0.02974974480703491,0.039460704354445306,0.045523847057896714,0.05529710214078944,0.1012163215319528,0.0448118459140503
US Power Grid,seamless,8.0,83,0.03205829650375488,0.0016277492777806602,0.03255380930532111,0.03922928369503412,0.04390934647071921,0.04914935218898086,0.066605433088399,0.0321476285905143
US Power Grid,seamless,8.0,84,0.03124947029843595,0.0022579721235811293,0.0313898195696949,0.03825754530358382,0.04791120915755695,0.05255341162351549,0.1326959474504565,0.0379926519706078
US Power Grid,seamless,8.0,85,0.03246939333620352,0.0018485428342644677,0.030974786808363745,0.04353221508931229,0.045633468635871505,0.048487053612873775,0.0836812513916722,0.0311734580271654
US Power Grid,seamless,8.0,86,0.03111987643828436,0.0029510057606863547,0.030446459213679493,0.0378914632227045,0.04566476792901432,0.06153557786533877,0.1063515920730349,0.0379926519706078
US Power Grid,seamless,8.0,87,0.03133904312341989,0.0022253804675706223,0.029844406875130982,0.043124255830356596,0.04811091524398466,0.050563869432765265,0.1194889779559118,0.0224059229570251
US Power Grid,seamless,8.0,88,0.03054217442251082,0.002572798843995403,0.02811778633205652,0.03899829383805148,0.04669564077029306,0.051699495086268484,0.1095246047650857,0.0253284346470719
US Power Grid,seamless,8.0,89,0.032379034190067914,0.0022363482919102555,0.03370861700764287,0.03808197419991201,0.045242990453178235,0.058507776048697294,0.0928106212424849,0.0350701402805611
US Power Grid,seamless,8.0,90,0.0318029861601651,0.0025342555503024456,0.03420706897685479,0.03640102031915775,0.04425441467814372,0.052367360984595324,0.1802076374972166,0.0350701402805611
US Power Grid,seamless,8.0,91,0.03376107495769137,0.001885459256609147,0.033495632672710184,0.04602120085008935,0.04918665840229637,0.05576152304609213,0.0993236472945891,0.048708528167446
US Power Grid,seamless,8.0,92,0.03278324393380882,0.0024540643500935762,0.033012152250629125,0.03798501391326694,0.04719407990704675,0.05231390504850032,0.1201291471832554,0.0379926519706078
US Power Grid,seamless,8.0,93,0.03262966727853137,0.0018893637478450134,0.03456691611398098,0.041917710243101716,0.045896312004625274,0.049587446497934104,0.0655477621910487,0.0350701402805611
US Power Grid,seamless,8.0,94,0.03347375592032423,0.0020468177798358645,0.034035548009402145,0.04047516442414551,0.049245118157370545,0.05528841499423964,0.1058923402360276,0.0409151636606546
US Power Grid,seamless,8.0,95,0.0327661211128682,0.0021129501001433634,0.029718564417861193,0.04347417887183983,0.04940284830887396,0.0536126453448903,0.0737864618125139,0.0263026052104208
US Power Grid,seamless,8.0,96,0.03223788954334355,0.0027327880838373193,0.03222173159879074,0.04239187255949429,0.048724615387758186,0.055692122717444364,0.1048625027833444,0.0263026052104208
US Power Grid,seamless,8.0,97,0.03210462166539709,0.0020618256680237303,0.03520662618697635,0.037747076042416644,0.04403829252537268,0.05113582991443971,0.1142980405254954,0.03604431084391
US Power Grid,seamless,8.0,98,0.03406450002140646,0.0014021564508194333,0.035200176622727584,0.04165623243947399,0.05283362187235789,0.055607193920003656,0.0426825873970162,0.0418893342240035
US Power Grid,seamless,8.0,99,0.0340141212386548,0.0018911939781118296,0.03428038097360684,0.042784795456121634,0.052200498381037144,0.05613481060481613,0.0854486751280338,0.0350701402805611
US Power Grid,seamless,8.0,100,0.03235597328870605,0.0026777456032205777,0.03211334692846097,0.0395011316857161,0.04825535469025836,0.058484482870799145,0.1150077933645068,0.0370184814072589
US Power Grid,seamless,9.0,1,0.03177088256555908,0.0016406422332157673,0.03186150493358187,0.03886884609657804,0.04185888770609386,0.05516588733021594,0.1078267646403919,0.0399409930973057
US Power Grid,seamless,9.0,2,0.029132761544452563,0.002305490324212075,0.026351888712782462,0.036038632913898805,0.040740705487679864,0.05606068982865232,0.1062541750167,0.0263026052104208
US Power Grid,seamless,9.0,3,0.03213805387160421,0.0019718732397251857,0.033055080749734685,0.03945943659294878,0.04361904684208773,0.04865730370290627,0.1196281451792473,0.03604431084391
US Power Grid,seamless,9.0,4,0.029663216504819866,0.0020711530637538577,0.02715631853234841,0.03901389224749074,0.04182716120668058,0.05236948519810532,0.0914050322867958,0.0224059229570251
US Power Grid,seamless,9.0,5,0.03193689122938962,0.0023080797611080834,0.03276982999484502,0.03888707787818139,0.0452984364537216,0.05545808260876948,0.0849615898463593,0.0253284346470719
US Power Grid,seamless,9.0,6,0.030415712289704654,0.002548788934347069,0.0277365539674962,0.041018663311876695,0.04485836620551138,0.0525814690455229,0.1019678245379648,0.0253284346470719
US Power Grid,seamless,9.0,7,0.03057248845863372,0.002709957655916483,0.02959412090173612,0.038103858655921606,0.04785016057408396,0.051782794493599286,0.1132682030728123,0.0224059229570251
US Power Grid,seamless,9.0,8,0.03004996449608928,0.0025619530350068837,0.030803756788552607,0.03409211793572585,0.04321460468213428,0.05414628540234587,0.1110971943887775,0.0340959697172122
US Power Grid,seamless,9.0,9,0.0318745549422281,0.0018519863786183267,0.03350544158190374,0.0397502511435724,0.04500160460326403,0.05152318525940763,0.0757208862168782,0.0428635047873524
US Power Grid,seamless,9.0,10,0.029758158005253124,0.0024817482775367724,0.03138877335383551,0.03854270101765088,0.041732945056780164,0.0472160786743319,0.1151191271431752,0.0204575818303273
US Power Grid,seamless,9.0,11,0.03218218275692624,0.0024432998846724706,0.030908648282480418,0.04315233543099207,0.04702639871757397,0.050195895800765285,0.0872021821420619,0.023380093520374
US Power Grid,seamless,9.0,12,0.030334707653821645,0.001997713379640336,0.030778830268613916,0.0397530585013108,0.04360831869668277,0.04764012166562168,0.0603846582052994,0.0194834112669784
US Power Grid,seamless,9.0,13,0.03150345203042463,0.001930781180919927,0.03125689393189667,0.041292525979413824,0.046385058674562996,0.04972264124841577,0.0805360721442885,0.0418893342240035
US Power Grid,seamless,9.0,14,0.03047060564044782,0.002371215926682515,0.030777395974974326,0.03794487814767171,0.042763922907543404,0.05579561901580933,0.1360359608105099,0.0331217991538632
US Power Grid,seamless,9.0,15,0.030837492244007003,0.0027338726647361754,0.030501742652680013,0.03936400282106459,0.048406805895742075,0.055422425733820536,0.1033734134936539,0.023380093520374
US Power Grid,seamless,9.0,16,0.03256582613537271,0.0018314742423687848,0.03225991123661458,0.03930468515708359,0.05073769463772092,0.05336618840460925,0.0655616789133823,0.0350701402805611
US Power Grid,seamless,9.0,17,0.032565866807156396,0.0018881571515950463,0.03254571157819508,0.04207348857618434,0.04989682770559036,0.051242568769558176,0.0980154753952349,0.0428635047873524
US Power Grid,seamless,9.0,18,0.031321066195021424,0.00205077650011667,0.030917237162586028,0.03948939084939561,0.049044164840975846,0.059866542766501066,0.0866455132487196,0.0321476285905143
US Power Grid,seamless,9.0,19,0.030621416614433194,0.0021521712568981066,0.03005428513677715,0.04055346317887077,0.04350826815868628,0.051617983963344716,0.0791722333556,0.0418893342240035
US Power Grid,seamless,9.0,20,0.0317205037828074,0.0018536539217503109,0.031044579431235973,0.04095989041664262,0.046505271163604166,0.05845695221861343,0.083249832999332,0.0340959697172122
US Power Grid,seamless,9.0,21,0.03097951811271167,0.00237427986772177,0.030591209162794317,0.03839830322941659,0.046418010633155114,0.05630852568590991,0.0971943887775551,0.0389668225339568
US Power Grid,seamless,9.0,22,0.030607384849054294,0.0024232758098274086,0.030535499133591038,0.03827212713222431,0.04187636329833338,0.05470546281508304,0.0943971275885103,0.0399409930973057
US Power Grid,seamless,9.0,23,0.03269822634860007,0.0016894754881865788,0.032572589019437874,0.04079650656126099,0.0479027460892853,0.05298008798023528,0.0864506791360498,0.0321476285905143
US Power Grid,seamless,9.0,24,0.030671944527058466,0.0024981525636319103,0.02757565624649266,0.040268659020751794,0.04568926709671151,0.05139217988737777,0.0965681362725451,0.024354264083723
US Power Grid,seamless,9.0,25,0.03094005292525469,0.0025236537720161696,0.03185225627245243,0.035988695612787856,0.041839956113846034,0.045775816228465,0.1753228679581385,0.03604431084391
US Power Grid,seamless,9.0,26,0.032534102144081284,0.0017623050955444964,0.031159184905146374,0.03975853444130387,0.04752526621329238,0.05258618459278114,0.0858383433533734,0.0311734580271654
US Power Grid,seamless,9.0,27,0.030264087880045146,0.0028516174785677964,0.030128457359632016,0.040277560241837464,0.047271861913350276,0.05015045836161748,0.1327516143397906,0.0194834112669784
US Power Grid,seamless,9.0,28,0.03267029839045462,0.0022484549261936946,0.03163438502519437,0.0413528153887085,0.05270467203267982,0.05794884522130676,0.0831941661099977,0.024354264083723
US Power Grid,seamless,9.0,29,0.03194036188826595,0.002154109945254801,0.032296448325389374,0.04191137705258964,0.05075054305215654,0.05157059928458389,0.0792418169672678,0.0399409930973057
US Power Grid,seamless,9.0,30,0.031165577965909744,0.0019337908929142414,0.029062046350046992,0.040577753518181305,0.04602856027025229,0.04869202138845592,0.0739534624805166,0.0292251169004676
US Power Grid,seamless,9.0,31,0.03095057335997356,0.0021110791980928478,0.027746255563335435,0.04159212442519487,0.04601140917237936,0.05212757164159962,0.1059897572923625,0.0263026052104208
US Power Grid,seamless,9.0,32,0.03007660451441733,0.002402967032496406,0.02958275473264261,0.03665933844908811,0.04255606013249733,0.053041516103072235,0.0982381429525718,0.0370184814072589
US Power Grid,seamless,9.0,33,0.033069044557917586,0.0016088097838344556,0.03197838282563052,0.04145257509689319,0.04904802336675492,0.053860429191716755,0.0758183032732131,0.0301992874638165
US Power Grid,seamless,9.0,34,0.030743120148545626,0.001982719048713708,0.03137133642284565,0.03710528500448919,0.043118172215487145,0.04566733642262649,0.0880928523714094,0.0379926519706078
US Power Grid,seamless,9.0,35,0.030162788024092363,0.0023329844499979818,0.031603060576609956,0.03742466746102781,0.04282412342415316,0.050053969505495476,0.136815297261189,0.0379926519706078
US Power Grid,seamless,9.0,36,0.03104462008116527,0.0025815568347536343,0.03002337763582105,0.03843499799847637,0.0438106896251612,0.05453976328725825,0.1326959474504565,0.0389668225339568
US Power Grid,seamless,9.0,37,0.030579972066835815,0.002221597991685871,0.026934943815739163,0.040294522737230706,0.04861471370413782,0.05342784334100291,0.0870212647517256,0.0457860164773992
US Power Grid,seamless,9.0,38,0.031818143178226545,0.002342284731205636,0.03173178238084762,0.04134415500057226,0.0469708167924967,0.05736072144288565,0.100269984413271,0.0418893342240035
US Power Grid,seamless,9.0,39,0.03240162058728649,0.0022197406468965875,0.03036183227032793,0.04262736715924333,0.047630378777128134,0.05247800935527142,0.0866455132487196,0.0272767757737697
US Power Grid,seamless,9.0,40,0.03169862236317307,0.0027185800740623565,0.030893077974082053,0.03918865569579146,0.04470375962589887,0.05473501652483894,0.0974031396125584,0.0399409930973057
US Power Grid,seamless,9.0,41,0.031488349241408115,0.0017833052931985208,0.03148609370147196,0.037639113103757574,0.04456173605414039,0.051184892482760536,0.102649743932309,0.0379926519706078
US Power Grid,seamless,9.0,42,0.03251413229828115,0.0016874147844787592,0.03162127731684306,0.043651009437714,0.04884898046062978,0.053549399495384065,0.078420730349588,0.0263026052104208
US Power Grid,seamless,9.0,43,0.03075418287371392,0.002301070657049257,0.027863717349496345,0.03894165869556413,0.04818015712552278,0.05536458101387955,0.0878841015364061,0.023380093520374
US Power Grid,seamless,9.0,44,0.03302656965846628,0.0019791806035312043,0.032486942317397904,0.04054010034721454,0.050288268562621606,0.05363150765468556,0.0551519706078824,0.0331217991538632
US Power Grid,seamless,9.0,45,0.029793935617654022,0.002534052191383911,0.03265891033326545,0.036938841855477196,0.04078878477676063,0.05194751564811068,0.1193358940102427,0.0175350701402805
US Power Grid,seamless,9.0,46,0.030900669081365132,0.0022951054621055695,0.029799752919175186,0.03996722517692501,0.045133099107459995,0.05008260066710296,0.0864367624137163,0.0409151636606546
US Power Grid,seamless,9.0,47,0.030364601414846263,0.002409759220375468,0.030416648880387618,0.04117466772708244,0.042012193746278584,0.053711539055401956,0.1229542418169672,0.0214317523936762
US Power Grid,seamless,9.0,48,0.0315559186314066,0.002081754842040136,0.0292350784471309,0.042104187471260185,0.04687374944138464,0.05285299660769344,0.066229681585393,0.0292251169004676
US Power Grid,seamless,9.0,49,0.031235628334714348,0.002446648528197677,0.030086704869819687,0.04200856677517129,0.0489543744882862,0.052251805735931266,0.1079659318637274,0.0272767757737697
US Power Grid,seamless,9.0,50,0.03175415290519428,0.001971398735581943,0.03304639547116406,0.03742464779269334,0.04417405794915371,0.056778998045154946,0.1298012692050768,0.0379926519706078
US Power Grid,seamless,9.0,51,0.03281141592265651,0.0019530828756525748,0.032725317533214504,0.04039331145642893,0.0504763471356816,0.055480667522556856,0.0919895346248051,0.0409151636606546
US Power Grid,seamless,9.0,52,0.031617807528947356,0.0019341569389676057,0.03244174123193301,0.03840495895798549,0.04649004106130755,0.051490048790204586,0.0969021376085504,0.0350701402805611
US Power Grid,seamless,9.0,53,0.03266029313166271,0.0018516881188711401,0.030803325482472475,0.043106801176783345,0.05075254374877852,0.05409200277577804,0.0662157648630594,0.0263026052104208
US Power Grid,seamless,9.0,54,0.030432577522681817,0.0020072576915502326,0.027498522769707094,0.04017571701469306,0.046521130389168365,0.0525355242747159,0.0982659763972389,0.0253284346470719
US Power Grid,seamless,9.0,55,0.03101901041469113,0.002054355617082885,0.029505128060672882,0.039090181190023325,0.0481168759537423,0.05328475378942162,0.0714484524604765,0.0263026052104208
US Power Grid,seamless,9.0,56,0.030685189971285696,0.0023508258057840935,0.028980655230797008,0.038864928561344936,0.04446680212613165,0.050535937775934965,0.0814963259853039,0.0263026052104208
US Power Grid,seamless,9.0,57,0.0318837196508234,0.0020482277350043713,0.03503514014056054,0.038751610894028045,0.04407906324873261,0.0478278779781785,0.1318470273881095,0.0370184814072589
US Power Grid,seamless,9.0,58,0.03261339856504859,0.0019087099596282883,0.030596535690657626,0.04370359433226223,0.04807705729248048,0.05290305734765143,0.0583110665775996,0.048708528167446
US Power Grid,seamless,9.0,59,0.032658964520061624,0.0018583582913990844,0.03197983551127556,0.039935148073925605,0.04575394210690673,0.05358692215225713,0.0856713426853707,0.0457860164773992
US Power Grid,seamless,9.0,60,0.030581192220347025,0.0023575095355732683,0.0285341118607396,0.04096046655189326,0.04478694473431496,0.0523330122147122,0.1088983522600757,0.0263026052104208
US Power Grid,seamless,9.0,61,0.030835241738641887,0.0019982556700897575,0.029095463941186925,0.04137700812045213,0.04370633396559841,0.048247236023225594,0.093937875751503,0.0253284346470719
US Power Grid,seamless,9.0,62,0.03153993462040977,0.0017084692111777311,0.029684564569700242,0.0401473747551148,0.0522410102939146,0.053856122614512454,0.0917947005121353,0.023380093520374
US Power Grid,seamless,9.0,63,0.03209839888248992,0.002200475778680731,0.029175215067601165,0.04141246305046376,0.05182059033320872,0.05653315236589663,0.1005483188599421,0.023380093520374
US Power Grid,seamless,9.0,64,0.0318473997479731,0.0014799344585283605,0.029908594311706074,0.03970475673569359,0.04905271787311728,0.054751557378322505,0.0547762191048764,0.048708528167446
US Power Grid,seamless,9.0,65,0.031175027376991002,0.0025920908267337383,0.029305022909038202,0.03942919680812937,0.049185471790763005,0.0568247781376869,0.0949955466488532,0.024354264083723
US Power Grid,seamless,9.0,66,0.03079616971176073,0.0018222688619897803,0.031229110261533365,0.038512627255224946,0.045102641780719495,0.048773173587318,0.0884407704297483,0.0321476285905143
US Power Grid,seamless,9.0,67,0.03080174174612858,0.0024305425018497245,0.02711276984348438,0.03870520159207973,0.049309891149820984,0.05306753858594377,0.1055583389000222,0.024354264083723
US Power Grid,seamless,9.0,68,0.03136458500358785,0.0015873893110821327,0.030406734740526794,0.03767097463636876,0.046892331934325966,0.05569443322420012,0.0906117791137831,0.0282509463371186
US Power Grid,seamless,9.0,69,0.03318546076014812,0.0016255394441992458,0.033613606484296905,0.043933396090134934,0.047764375323706254,0.05305474910245337,0.0694166109997773,0.0448118459140503
US Power Grid,seamless,9.0,70,0.03220866008811948,0.0020626255464366336,0.03204574153363794,0.041187325945023015,0.04698770300457538,0.055860647758210945,0.0933533734134936,0.0418893342240035
US Power Grid,seamless,9.0,71,0.03203215810409255,0.0025118047256962117,0.031407054947591474,0.04308562267163484,0.05035262833359021,0.05249985121027507,0.1046815853930082,0.0214317523936762
US Power Grid,seamless,9.0,72,0.02934401078902648,0.002540017386327604,0.029109851616758785,0.03608771448287109,0.042011946297172025,0.044667941833366406,0.0988922289022489,0.0292251169004676
US Power Grid,seamless,9.0,73,0.03045525882072906,0.0027010912070683664,0.03234779390351398,0.03566093463300772,0.04588609256008566,0.051875673466681496,0.1259741705633489,0.03604431084391
US Power Grid,seamless,9.0,74,0.03189678885065458,0.0017323571054749423,0.031134570298317236,0.040345116358271364,0.04368231395030122,0.049526544919905144,0.1000890670229347,0.0409151636606546
US Power Grid,seamless,9.0,75,0.03115462369883134,0.0023838784086766124,0.0313119342104088,0.039515785098971,0.04542862138728714,0.04952399440379755,0.1765892896904921,0.0321476285905143
US Power Grid,seamless,9.0,76,0.030793444702252374,0.0020764132811132863,0.03031678991441652,0.03647475830213393,0.04531101193885863,0.05108755522741384,0.0960532175462035,0.0350701402805611
US Power Grid,seamless,9.0,77,0.031162107307033407,0.002082758079371575,0.029065667212095414,0.03806871020710456,0.04531279694105342,0.04822098978318389,0.0854625918503674,0.0389668225339568
US Power Grid,seamless,9.0,78,0.03224186182088559,0.0020436860524904238,0.031703785385772426,0.039581001763061764,0.047652760411611365,0.04936908990738123,0.0874109329770652,0.0399409930973057
US Power Grid,seamless,9.0,79,0.031200094753015713,0.0019522423254559633,0.030356712911760193,0.037325306781542014,0.0462369006003428,0.05456761174123731,0.0709335337341349,0.0370184814072589
US Power Grid,seamless,9.0,80,0.03250373387891342,0.0018146767956978146,0.032080432885904446,0.04212530352576395,0.04791508263589137,0.05288870299212077,0.0648101759073703,0.0448118459140503
US Power Grid,seamless,9.0,81,0.0318693489539136,0.002406817294687333,0.0315376298724191,0.04228179500002079,0.048153807884934334,0.052700735883849596,0.113463037185482,0.0428635047873524
US Power Grid,seamless,9.0,82,0.030985212162430636,0.0022017908330205912,0.030160405474713315,0.039047199643144,0.04274635904951178,0.05013513031151358,0.0793114005789356,0.0428635047873524
US Power Grid,seamless,9.0,83,0.03040795753627788,0.0023428405789162944,0.030932837210530174,0.04119870792382868,0.04556501061825138,0.04918683219333815,0.0756791360498775,0.0253284346470719
US Power Grid,seamless,9.0,84,0.030350325618765113,0.002904938187007614,0.030125076163343728,0.0373334876019,0.047277544593348764,0.0543513795267302,0.0954687152081941,0.0379926519706078
US Power Grid,seamless,9.0,85,0.030856580867826784,0.002452993326455961,0.0288238514065167,0.04120164540562854,0.052717137700368434,0.06012328692764186,0.0916137831217991,0.0185092407036294
US Power Grid,seamless,9.0,86,0.030515995351064768,0.0022263837049020588,0.02843499764584293,0.03653116237140008,0.045805232992621424,0.05464448890200333,0.1083416833667334,0.0370184814072589
US Power Grid,seamless,9.0,87,0.030370498823483763,0.00219803547165831,0.028230346628809154,0.035909451872142416,0.04392790054381693,0.047046498145342106,0.1089401024270763,0.03604431084391
US Power Grid,seamless,9.0,88,0.030795369833347828,0.0030359555595889424,0.02951594592266446,0.03808243785629392,0.04397604318006478,0.054189413309377356,0.1337675350701402,0.0272767757737697
US Power Grid,seamless,9.0,89,0.031591275968709184,0.002026739475945863,0.03218227896624318,0.04290137917846912,0.04382706021523195,0.05104867620348632,0.0877727677577377,0.024354264083723
US Power Grid,seamless,9.0,90,0.031691667488159186,0.001928476446509864,0.030760653250946304,0.03933041638134254,0.04472960974589915,0.05484309166673892,0.1083416833667334,0.0399409930973057
US Power Grid,seamless,9.0,91,0.0317651885158401,0.002387132151373169,0.03131121042660383,0.03870890259947442,0.049080471240584136,0.05320334387680831,0.1039579158316633,0.0389668225339568
US Power Grid,seamless,9.0,92,0.03267726682272975,0.0017038461850963696,0.034872418090964634,0.041677690099533725,0.046895443193955694,0.050007876655116204,0.0559869739478957,0.0389668225339568
US Power Grid,seamless,9.0,93,0.032111088479006504,0.0021146176432753514,0.032791099126223286,0.041335711120703264,0.04825800236753936,0.05472399279982748,0.0868960142507236,0.0418893342240035
US Power Grid,seamless,9.0,94,0.030743987813264716,0.001966585907843286,0.03441989342670014,0.036772798592028984,0.04044599054740301,0.0444606179325618,0.1647600757069695,0.0370184814072589
US Power Grid,seamless,9.0,95,0.02933086024562789,0.0029469385823156563,0.030060120240480947,0.03606308500894242,0.04201809415933309,0.047877838381640024,0.1854403250946337,0.0311734580271654
US Power Grid,seamless,9.0,96,0.032440570598816526,0.0017682974050106529,0.03252174345052616,0.042577509759580245,0.05015649132831179,0.05219291273765654,0.081774660431975,0.0292251169004676
US Power Grid,seamless,9.0,97,0.03174657439616356,0.0018997892817352309,0.03180267194874986,0.03889282292557718,0.044260421755617355,0.05230321754620341,0.1068665107993765,0.0389668225339568
US Power Grid,seamless,9.0,98,0.030615126045219848,0.0022849510734400656,0.030558034048086113,0.0357875117631857,0.04914749104640766,0.053681768298501756,0.0867568470273881,0.0340959697172122
US Power Grid,seamless,9.0,99,0.03180442322985607,0.0018346195269754574,0.03169873894332515,0.04015836999987116,0.04866624817599101,0.05222245727377828,0.0734524604765085,0.0350701402805611
US Power Grid,seamless,9.0,100,0.03205829650375487,0.0019227417250071857,0.033495909055427646,0.03838784439107217,0.044984065352928045,0.05264790555046984,0.0936734580271654,0.0399409930973057
US Power Grid,seamless,10.0,1,0.03062728690854823,0.0019013076949936235,0.029473782094903322,0.04153526312848202,0.04679353092741277,0.04916761269959468,0.0771403918949009,0.0301992874638165
US Power Grid,seamless,10.0,2,0.03072759708443081,0.0018352024892085905,0.031156017633448153,0.04192985126370879,0.04433588560134702,0.04940404063941834,0.0710587842351369,0.0438376753507014
US Power Grid,seamless,10.0,3,0.030206008572911624,0.0021408780582888075,0.028431179298487617,0.038752492512642685,0.04428939054312074,0.045673779728583726,0.0917251169004676,0.0418893342240035
US Power Grid,seamless,10.0,4,0.030891802632517017,0.0020745288218015317,0.02978770553390956,0.03966481072109853,0.04791126588536268,0.04955725070212107,0.082526163437987,0.0214317523936762
US Power Grid,seamless,10.0,5,0.030285508352797474,0.0019249651158498341,0.03094799081670281,0.03952622448353107,0.0451515778823352,0.050268831479788924,0.0643509240703629,0.0418893342240035
US Power Grid,seamless,10.0,6,0.03093456223445426,0.002318830669267956,0.03148022306034392,0.03765944398694451,0.047823122487665314,0.05520353493741918,0.1144650411934981,0.03604431084391
US Power Grid,seamless,10.0,7,0.030273577962910102,0.0019865150818596912,0.03172536891090708,0.034569952119964414,0.044774841138115605,0.052649502054767164,0.1578573814295257,0.0331217991538632
US Power Grid,seamless,10.0,8,0.03184193617169513,0.0019016195120020436,0.03413164388091041,0.03865363670644177,0.045498000832583006,0.05317175569777543,0.0736472945891783,0.0350701402805611
US Power Grid,seamless,10.0,9,0.032130000858430235,0.001925168474768368,0.0313074918228604,0.0409270093941985,0.04541707528532238,0.055249667397329505,0.0918921175684702,0.0438376753507014
US Power Grid,seamless,10.0,10,0.029858739326360434,0.0020225502822240476,0.029817691461600737,0.03855461697908079,0.0424981259360366,0.04602581230837737,0.0770847250055666,0.0263026052104208
US Power Grid,seamless,10.0,11,0.030443423331670345,0.0017847288056282663,0.02863194173237211,0.03919217283294835,0.046732564855623056,0.048256867269893276,0.0785042306835894,0.0253284346470719
US Power Grid,seamless,10.0,12,0.03066271203215699,0.0016457262061791353,0.033025078811856325,0.03625098079579654,0.044419467895766784,0.048555785165976584,0.089609775105767,0.0350701402805611
US Power Grid,seamless,10.0,13,0.029714408723245687,0.00234730091786283,0.031978712433624504,0.03796520376392916,0.03950257436575086,0.044872606036815865,0.1139640391894901,0.0389668225339568
US Power Grid,seamless,10.0,14,0.030552789758058328,0.00198339691177549,0.030262979215546708,0.03974030946162274,0.04435908012115157,0.04906626488597892,0.095440881763527,0.0282509463371186
US Power Grid,seamless,10.0,15,0.03143539457902166,0.0021594379489204177,0.03186617018734543,0.04021023288540621,0.04539552893283058,0.054209272853052104,0.1194472277889111,0.0340959697172122
US Power Grid,seamless,10.0,16,0.03076104284789917,0.0024492379650936816,0.0311482395695967,0.04000733719060064,0.04583766713142911,0.04893230289604609,0.1168308839902026,0.0409151636606546
US Power Grid,seamless,10.0,17,0.02993013186402736,0.002080982078149701,0.02892885940230627,0.03810210933727622,0.04333378531093022,0.05468446328355871,0.1036378312179915,0.0418893342240035
US Power Grid,seamless,10.0,18,0.031458075877068906,0.0017555400221879068,0.030744721868897533,0.037533328026230856,0.04986416631713036,0.055472831607737354,0.0644065909596971,0.0418893342240035
US Power Grid,seamless,10.0,19,0.031290996189600746,0.0018984064410891995,0.029761190861956034,0.04137230883785915,0.0438373713973275,0.050410327614417286,0.1024131596526386,0.0428635047873524
US Power Grid,seamless,10.0,20,0.030347234563203405,0.002565708396369158,0.030123335182606244,0.03666503768883987,0.04605759393026849,0.04994738641161919,0.1120296147851258,0.0350701402805611
US Power Grid,seamless,10.0,21,0.031147804396429807,0.0016885807089450282,0.029472939728314267,0.036791255519033596,0.051766119231503496,0.053539665314003275,0.0628200846136717,0.0292251169004676
US Power Grid,seamless,10.0,22,0.03071832391774563,0.002671915980889244,0.030644505876416206,0.03936744099729425,0.043630748899824726,0.05302718990228661,0.1044032509463371,0.0214317523936762
US Power Grid,seamless,10.0,23,0.03073510780715537,0.0017396780265421905,0.029916321958952042,0.0398703657314629,0.043778160380077466,0.047241680670758485,0.09271320418615,0.0253284346470719
US Power Grid,seamless,10.0,24,0.03177015047345236,0.0017887417549540183,0.02931495651147363,0.04325067513945264,0.05260834403947088,0.054209973112293815,0.0756513026052104,0.0224059229570251
US Power Grid,seamless,10.0,25,0.03054818028923821,0.0022800569021339946,0.030300464476711687,0.03595419697223046,0.04628275619298814,0.04995295249998193,0.0941744600311734,0.0253284346470719
US Power Grid,seamless,10.0,26,0.031052415506375757,0.002339044545770316,0.029798427126494737,0.0432877715307157,0.04960109762007674,0.05479915535103859,0.1027054108216432,0.024354264083723
US Power Grid,seamless,10.0,27,0.02944647656944552,0.002035389008614208,0.028287409439160558,0.036199292524442775,0.04274342400153396,0.052383976021902194,0.077042974838566,0.0292251169004676
US Power Grid,seamless,10.0,28,0.03149961532549493,0.001703127650250882,0.031575162336685336,0.04147648114600803,0.04813906676907919,0.053361166778000416,0.0938682921398352,0.023380093520374
US Power Grid,seamless,10.0,29,0.031060915909170515,0.0017351227867670202,0.02940270133790474,0.03861530054353946,0.047146570742810305,0.0505310708906877,0.0762636383878868,0.0282509463371186
US Power Grid,seamless,10.0,30,0.03021755935948439,0.0024538067621300993,0.028456921989955735,0.03698268511359253,0.044661912078590216,0.053481534777827786,0.108731351592073,0.0263026052104208
US Power Grid,seamless,10.0,31,0.03138821530992159,0.0022645473952804143,0.030992252109549638,0.038786131264662904,0.041989908314571465,0.05390868649364166,0.1236083277666444,0.0389668225339568
US Power Grid,seamless,10.0,32,0.031202751976217902,0.0021874065788495623,0.0311353237544032,0.03677907545091026,0.04284124184964953,0.04884856518592738,0.0918503674014696,0.0428635047873524
US Power Grid,seamless,10.0,33,0.030096547245694976,0.0020904179319697156,0.027935973065669,0.03867570935284191,0.044694454662241666,0.051869008885654044,0.0662575150300601,0.0272767757737697
US Power Grid,seamless,10.0,34,0.03158506674306325,0.0014314536923496764,0.032616491976759206,0.040538103747856546,0.04664262890525536,0.053833624469937495,0.05729514584725,0.0448118459140503
US Power Grid,seamless,10.0,35,0.02899004425542487,0.0035025422622751,0.02781019012271649,0.03870210227217718,0.046037081964240445,0.04974339041898937,0.1441772433756401,0.0175350701402805
US Power Grid,seamless,10.0,36,0.029812481951024386,0.001952323669023377,0.030325493184559342,0.03986325104402785,0.041317820826838804,0.047325331363540446,0.0896932754397684,0.0409151636606546
US Power Grid,seamless,10.0,37,0.03145463233271504,0.0012688207865668066,0.03217029900160067,0.03798371974767738,0.047997036787986155,0.04870112047336139,0.0531201291471832,0.0331217991538632
US Power Grid,seamless,10.0,38,0.029923800623030312,0.0020575144589507896,0.02807583984951157,0.037998574285212396,0.042625929288142524,0.0549901525863602,0.1051130037853484,0.0389668225339568
US Power Grid,seamless,10.0,39,0.031446918251071966,0.0019098352123108513,0.03129522934758401,0.04012321205160117,0.047320697225348235,0.05395038089374129,0.0679414384324204,0.0428635047873524
US Power Grid,seamless,10.0,40,0.03126201076507893,0.0018010653054172205,0.030398609625152118,0.042103020863575806,0.04442480239696432,0.05255953858395641,0.1062541750167,0.0253284346470719
US Power Grid,seamless,10.0,41,0.03085971259517223,0.0019916668411292405,0.03123261211978997,0.03880523113665807,0.04548844095704734,0.05113705353228875,0.0859635938543754,0.023380093520374
US Power Grid,seamless,10.0,42,0.030535816066991302,0.0016326841208704375,0.030659681486564578,0.04014853175176376,0.0462740729565834,0.04891995756218318,0.0641421732353596,0.0263026052104208
US Power Grid,seamless,10.0,43,0.031055370989325135,0.00210234832185709,0.029897522226398056,0.042528290004168114,0.04660227360811491,0.05110676365206556,0.0689434424404364,0.0467601870407481
US Power Grid,seamless,10.0,44,0.030372125694832046,0.0018725256293903403,0.029083726634917977,0.03787288887286475,0.046464491834398255,0.04843856557654786,0.1334196170118013,0.0321476285905143
US Power Grid,seamless,10.0,45,0.030298035262179213,0.0019986081588818884,0.031614034769662534,0.03687852928340007,0.04068857360526241,0.05124437421265661,0.0912658650634602,0.0389668225339568
US Power Grid,seamless,10.0,46,0.030171234197842164,0.002304812461150299,0.028378510935136818,0.03778607752590816,0.049808351707699865,0.05198464650306282,0.1145485415274994,0.0379926519706078
US Power Grid,seamless,10.0,47,0.030633875737508767,0.001971263162969581,0.029315544392222406,0.04021521739063418,0.043622268912280916,0.04906677153590333,0.0861027610777109,0.0292251169004676
US Power Grid,seamless,10.0,48,0.028642476749126494,0.0021241212834015423,0.029149018989212613,0.0326745604702704,0.040880844697675604,0.04566248967195526,0.1087174348697394,0.0331217991538632
US Power Grid,seamless,10.0,49,0.029848964541009524,0.0018151377425798237,0.030254900490654997,0.03561202134677324,0.0397895488290239,0.053113281823694625,0.0571838120685816,0.0399409930973057
US Power Grid,seamless,10.0,50,0.03136198200943061,0.0014389779723354636,0.030919100304114034,0.04117143942749727,0.045288107078354206,0.047687639887707516,0.0622355822756624,0.0311734580271654
US Power Grid,seamless,10.0,51,0.030809279583375603,0.0024873745409495682,0.02763031025424567,0.03798744741385829,0.047844298578170644,0.053006883297599235,0.1024270763749721,0.0263026052104208
US Power Grid,seamless,10.0,52,0.03138913720368563,0.0016197233791291608,0.029463003572869653,0.04225738667072602,0.048235066427491126,0.05118356370861375,0.0709196170118013,0.0467601870407481
US Power Grid,seamless,10.0,53,0.030504186976528527,0.0020528643183469605,0.03012960227023388,0.03948310220159912,0.043642420543591284,0.04827810206939115,0.0821643286573146,0.0409151636606546
US Power Grid,seamless,10.0,54,0.029145356240140478,0.0020168291179826054,0.02764908447782569,0.03555928340557126,0.04043765709022646,0.04451215739781605,0.0938404586951681,0.03604431084391
US Power Grid,seamless,10.0,55,0.02975037613730387,0.0018795618479716383,0.028443262851778308,0.03813457586098708,0.04292206764202772,0.04844752957692031,0.0924487864618125,0.0409151636606546
US Power Grid,seamless,10.0,56,0.029557632554316628,0.0027649052357045724,0.030313726626807314,0.03575443489883858,0.0432997397474223,0.05365375314547849,0.1214512358049432,0.0204575818303273
US Power Grid,seamless,10.0,57,0.02964206717729225,0.002870204483721877,0.028694413689466094,0.03685517836105301,0.04344088906410267,0.05077560939714426,0.107478846582053,0.0370184814072589
US Power Grid,seamless,10.0,58,0.030583022450613825,0.002579008069641336,0.03123382704381932,0.03767139114106738,0.04617755451188146,0.04891744358917864,0.1025523268759741,0.0340959697172122
US Power Grid,seamless,10.0,59,0.0315223779671096,0.0014620117591748313,0.031802475443897305,0.03922672423581526,0.043780503715764855,0.048532818363306585,0.0506012024048096,0.0438376753507014
US Power Grid,seamless,10.0,60,0.029118390847542776,0.0026827075608328262,0.02938522810196851,0.03747002827782405,0.04791370244831873,0.0486953013764117,0.1017034068136272,0.0175350701402805
US Power Grid,seamless,10.0,61,0.03071673771818106,0.0019396476297680442,0.030614996319351863,0.039272315608075356,0.04337925538245608,0.04933982639508218,0.0872717657537296,0.0253284346470719
US Power Grid,seamless,10.0,62,0.030713931365105272,0.001778695824378398,0.030335777626008364,0.038229637694191736,0.04426324750422726,0.04740729109477873,0.0779336450679136,0.0409151636606546
US Power Grid,seamless,10.0,63,0.030493110694099,0.0020566061224480047,0.03046789697198947,0.04025951664665844,0.04381183437484445,0.05278696188776609,0.1107353596081051,0.0272767757737697
US Power Grid,seamless,10.0,64,0.030675713445681974,0.0020003706028425285,0.02997763526719142,0.03838216345088491,0.04579344288976554,0.05607246057772104,0.0861862614117123,0.023380093520374
US Power Grid,seamless,10.0,65,0.031220823805445025,0.0019941613771965946,0.03162955577600967,0.03681646831700146,0.0446708275748621,0.05057730482454371,0.0895958583834335,0.0370184814072589
US Power Grid,seamless,10.0,66,0.03128020460965718,0.0025306222042912937,0.029070915858557145,0.040065399659141215,0.04750830965327308,0.05390636345154075,0.0856156757960365,0.0253284346470719
US Power Grid,seamless,10.0,67,0.030122211141214064,0.0023882709613169614,0.02933703906997,0.03572020363404289,0.04429238819519379,0.051315878746814175,0.1197533956802494,0.03604431084391
US Power Grid,seamless,10.0,68,0.030665315026314227,0.0018091725476361395,0.028388245544033564,0.03966663943701911,0.046465142180271264,0.04751187396820064,0.0788243152972612,0.024354264083723
US Power Grid,seamless,10.0,69,0.029801907287260575,0.0020444181445971525,0.027557332604513905,0.03663143488740144,0.04301034483920622,0.0438252458869362,0.0829019149409931,0.03604431084391
US Power Grid,seamless,10.0,70,0.02999779615485451,0.0022160666291017213,0.028864839709156046,0.03939622039075431,0.041831997995724825,0.05003605245549054,0.1007431529726119,0.0253284346470719
US Power Grid,seamless,10.0,71,0.030637915801356986,0.0017521507068789957,0.030637895063428563,0.0398991427649621,0.04205541811187879,0.04833944101034613,0.0576569806279225,0.0418893342240035
US Power Grid,seamless,10.0,72,0.030854899767433563,0.0023418915706298056,0.027162249517594893,0.042345846548740455,0.046671570157016694,0.054175096106844484,0.1057670897350256,0.023380093520374
US Power Grid,seamless,10.0,73,0.03146260400232162,0.0017472836500953938,0.03032243210009744,0.041473234507220486,0.046502503214313866,0.05594647824600682,0.0911684480071253,0.0438376753507014
US Power Grid,seamless,10.0,74,0.029927393297257764,0.0021727240649313524,0.029875686582358337,0.0384439381113129,0.044289345916481176,0.05302523878668299,0.0871743486973948,0.0438376753507014
US Power Grid,seamless,10.0,75,0.02952447149333423,0.002095244316969607,0.030335725288447968,0.038875361105520104,0.04584292778303747,0.04832891400703876,0.0819416610999777,0.0204575818303273
US Power Grid,seamless,10.0,76,0.030620887881245007,0.001766223144041601,0.028865097344447317,0.03873436057961008,0.044611590832489965,0.04899740702489544,0.0853930082386996,0.0292251169004676
US Power Grid,seamless,10.0,77,0.031389245661775506,0.0017642166693787225,0.031043993355802275,0.03883488069693437,0.04253050246860246,0.04618500747372659,0.0889000222667557,0.0311734580271654
US Power Grid,seamless,10.0,78,0.029972254274686527,0.0020688076575600895,0.029873108614012017,0.03651899308094378,0.03879833300412942,0.05415128628905318,0.0911127811177911,0.0370184814072589
US Power Grid,seamless,10.0,79,0.02892412885129713,0.0028883847710388876,0.02863566849888087,0.032661124506439265,0.04248954691346407,0.050006213978344254,0.1636745713649521,0.0331217991538632
US Power Grid,seamless,10.0,80,0.03094946166455223,0.0026599313619569305,0.03125757315612926,0.037480322087793186,0.04882488090862671,0.05619201120573741,0.1251948341126698,0.0379926519706078
US Power Grid,seamless,10.0,81,0.03064095262787377,0.002078135053290214,0.0326082484338232,0.03623692159533373,0.046990545418321955,0.0486111111111111,0.1050434201736807,0.0370184814072589
US Power Grid,seamless,10.0,82,0.029158059393918287,0.0021147396586264754,0.03131630006068534,0.03379190579954779,0.040558722958406,0.04565030982940327,0.1257793364506791,0.0340959697172122
US Power Grid,seamless,10.0,83,0.029719912971307366,0.0030094104420895413,0.02970314267559237,0.03482936275267661,0.044184296223184115,0.04743055432398713,0.1133517034068136,0.0331217991538632
US Power Grid,seamless,10.0,84,0.02999778259759326,0.002617578477856761,0.030315154480056013,0.04029365549280376,0.04263908895624482,0.05100907807403356,0.1104570251614339,0.0194834112669784
US Power Grid,seamless,10.0,85,0.029925942670305548,0.002539027706257394,0.02944607538664072,0.03582556970739843,0.04801713767040247,0.05108471165504928,0.1143537074148296,0.0204575818303273
US Power Grid,seamless,10.0,86,0.03087640158375331,0.001845628023098803,0.030323722279644326,0.0386310647184336,0.04755695317279643,0.04964222767430283,0.0767646403918949,0.0311734580271654
US Power Grid,seamless,10.0,87,0.029795087984859043,0.0019449349616499495,0.028822788165903397,0.03760822095702981,0.04261837225390437,0.04671126008868753,0.0912797817857938,0.0379926519706078
US Power Grid,seamless,10.0,88,0.03180411141284766,0.001811450167523729,0.031388048046364636,0.038726263727755915,0.04656629622703931,0.05085636924550596,0.0857409262970385,0.03604431084391
US Power Grid,seamless,10.0,89,0.03209551118584673,0.0017092284178069248,0.030724605846094252,0.04234300864627986,0.048079167578435306,0.052163309606687594,0.063251503006012,0.0428635047873524
US Power Grid,seamless,10.0,90,0.0318525786217651,0.0018439198081831136,0.031859630417781386,0.03997473919934733,0.04450218059467807,0.05371990862688241,0.0864924293030505,0.0321476285905143
US Power Grid,seamless,10.0,91,0.029914581685390074,0.001923406030807733,0.02832286974859393,0.038278832640553054,0.04174550524146261,0.054967882318786604,0.0832219995546648,0.0263026052104208
US Power Grid,seamless,10.0,92,0.030453103216192594,0.0017377935672304391,0.02886554121355977,0.037095260297812876,0.046166064630206255,0.04984078477239173,0.1061428412380316,0.0292251169004676
US Power Grid,seamless,10.0,93,0.03139929159235113,0.002095664592067918,0.031940590504218436,0.0378120848867834,0.04568461187100347,0.05108513085809526,0.0682754397684257,0.0272767757737697
US Power Grid,seamless,10.0,94,0.030413502456123256,0.0018408151953601512,0.03082700488696688,0.03928737223089423,0.043032606092688434,0.04959418446343965,0.070710866176798,0.0418893342240035
US Power Grid,seamless,10.0,95,0.03004886635792919,0.0019370717501332746,0.030259400641601007,0.040539059835564197,0.044099295383435815,0.050388216567234044,0.1055861723446893,0.0418893342240035
US Power Grid,seamless,10.0,96,0.031058692518327873,0.0021381801633029145,0.030725686058238957,0.040139065808922784,0.04284665838786455,0.05444145520874316,0.0918225339568025,0.0409151636606546
US Power Grid,seamless,10.0,97,0.030614407510374364,0.0028320001215598116,0.028859483329446847,0.039533213156776055,0.04724199377707929,0.050371995339114004,0.0943832108661768,0.0399409930973057
US Power Grid,seamless,10.0,98,0.029697028314341584,0.002139400316814121,0.02917307345860691,0.03649303380029744,0.04284258469504762,0.05091839897140148,0.0874526831440659,0.0370184814072589
US Power Grid,seamless,10.0,99,0.03061295688342214,0.0021881386709562876,0.028036305337882324,0.042157287898770796,0.04620980122457756,0.05805346635691532,0.0977371409485638,0.0438376753507014
US Power Grid,seamless,10.0,100,0.032066715562982205,0.0015937341093404174,0.03013192246005697,0.04258334419887699,0.04852898072709182,0.05283034123803155,0.067607437096415,0.0321476285905143
US Power Grid,seamless,11.0,1,0.030190227920833323,0.0018930377656398822,0.028288822331027967,0.040067346880860985,0.047493496001566736,0.05047603812885301,0.0912936985081273,0.024354264083723
US Power Grid,seamless,11.0,2,0.03028655226191262,0.0020493529876869296,0.02941374306346898,0.03826536980288423,0.04616986875907691,0.052032043885751215,0.0850311734580271,0.0263026052104208
US Power Grid,seamless,11.0,3,0.029385333321272744,0.0021401459661820788,0.028938042483248813,0.03650630314285014,0.04307107805354291,0.05104355231857422,0.0908901135604542,0.0301992874638165
US Power Grid,seamless,11.0,4,0.029872255915812374,0.002313990727006831,0.028560434631383518,0.03888119659106878,0.0439698680306349,0.051332258312216786,0.0977371409485638,0.0438376753507014
US Power Grid,seamless,11.0,5,0.029587689002476065,0.0018630355465253815,0.02845689623499228,0.03585357692940239,0.042570136450270496,0.05596783465921737,0.0844466711200178,0.03604431084391
US Power Grid,seamless,11.0,6,0.030830957644091415,0.001743921449308951,0.029631767405417272,0.03965811426147695,0.04494296975193295,0.048178579380984146,0.0661322645290581,0.0448118459140503
US Power Grid,seamless,11.0,7,0.029205062418622287,0.002252820364311578,0.028373781162519048,0.034921032541273,0.04447141835666151,0.0551789972860374,0.1094967713204186,0.023380093520374
US Power Grid,seamless,11.0,8,0.030728912138770666,0.0016930546051527934,0.02846085049165236,0.04116062255648834,0.046616053765578425,0.04922788044248355,0.1378729681585393,0.0272767757737697
US Power Grid,seamless,11.0,9,0.030089999088518154,0.0025783573211020237,0.02988653084537082,0.03681543337752884,0.043493663075469695,0.052740937555510445,0.111584279670452,0.0379926519706078
US Power Grid,seamless,11.0,10,0.029146210347598324,0.0020928175672084263,0.030220273765042226,0.03612163884311005,0.04575195292110061,0.049253625853454705,0.1171788020485415,0.0321476285905143
US Power Grid,seamless,11.0,11,0.03020138554683027,0.0022315354641716024,0.030159312030345744,0.038071796830943916,0.03981679727167337,0.05306876128494608,0.1072144288577154,0.0253284346470719
US Power Grid,seamless,11.0,12,0.03013041328426163,0.0016698716884398287,0.029613366861110747,0.038569447263021084,0.04396696849855093,0.0512364153257782,0.0768481407258962,0.0399409930973057
US Power Grid,seamless,11.0,13,0.030649276786272456,0.0020438351823640188,0.026608139554320773,0.03991541088713372,0.04565797067341506,0.05659374304163875,0.1169143843242039,0.0263026052104208
US Power Grid,seamless,11.0,14,0.03124886022168035,0.002139359645030414,0.03214902175542435,0.04021291298675342,0.045099413570731155,0.050312826778733236,0.0988643954575818,0.0409151636606546
US Power Grid,seamless,11.0,15,0.030669449990991103,0.0018032751389986355,0.03171345640452567,0.037614084458483,0.0421730738262238,0.04824508045024588,0.0965403028278779,0.0321476285905143
US Power Grid,seamless,11.0,16,0.029964892681835577,0.0024767185336183493,0.030840926203920843,0.03858928056372069,0.043474958778527785,0.04898202427700676,0.1058923402360276,0.0214317523936762
US Power Grid,seamless,11.0,17,0.029849072999099408,0.0022441301598595267,0.028964864506016392,0.03816997924996524,0.042784496652013365,0.04954696371440749,0.1011745713649521,0.0224059229570251
US Power Grid,seamless,11.0,18,0.030380693883932983,0.0015210400745948593,0.029048900269675135,0.03795760986401252,0.04370081017430593,0.04976619906479589,0.0752894678245379,0.0292251169004676
US Power Grid,seamless,11.0,19,0.029939865977594567,0.0023961612873561054,0.030088919006928415,0.03855850448782502,0.040906813627254464,0.050218402672503645,0.1062263415720329,0.0253284346470719
US Power Grid,seamless,11.0,20,0.02970540670178522,0.0024410629365685887,0.02833434133771327,0.03750078196121552,0.042088321777059644,0.053765359000829835,0.0987530616789133,0.0224059229570251
US Power Grid,seamless,11.0,21,0.029948447723956724,0.0019950561564381505,0.031550413768531044,0.037661758384545704,0.042251396526021986,0.04557421857514997,0.132334112669784,0.0379926519706078
US Power Grid,seamless,11.0,22,0.030700523233743216,0.0016918344516415862,0.03075442500725207,0.03834452114885215,0.04187446177713217,0.04985880108860298,0.0809257403696281,0.0282509463371186
US Power Grid,seamless,11.0,23,0.029994067908014687,0.0017445315260645584,0.02913596107225178,0.03765352726329035,0.04274045451280436,0.04670215134761242,0.0603289913159652,0.0292251169004676
US Power Grid,seamless,11.0,24,0.029919055581597843,0.002153282952319431,0.029668214304281584,0.03481552496484621,0.04706318212562669,0.04838557788057467,0.0974448897795591,0.0350701402805611
US Power Grid,seamless,11.0,25,0.029973176168450556,0.0021206777390476907,0.03242596303718542,0.036266730635710336,0.03971000930600727,0.053308356331068396,0.101021487419283,0.03604431084391
US Power Grid,seamless,11.0,26,0.03079290241180294,0.0022735087449571793,0.031506665703939514,0.039351805424087595,0.042714968302912916,0.05359863466405016,0.0900133600534402,0.024354264083723
US Power Grid,seamless,11.0,27,0.03118549358266491,0.001633172182274928,0.030154356130180034,0.04127060427160622,0.05027135236381851,0.05148070090451658,0.0881624359830772,0.0428635047873524
US Power Grid,seamless,11.0,28,0.03174973323803147,0.0017018803822171993,0.033443537691857,0.03944798957118027,0.04795620833253686,0.05153098990774318,0.0691661099977733,0.03604431084391
US Power Grid,seamless,11.0,29,0.03114065971975862,0.0025663184731247604,0.029600431573576648,0.042614101161303014,0.04841686980000114,0.05247632016169082,0.0948424627031841,0.0224059229570251
US Power Grid,seamless,11.0,30,0.029089202064102423,0.002432643877341243,0.027598528356906894,0.03556568485856717,0.04647845740895876,0.05358954240049764,0.0952877978178579,0.0253284346470719
US Power Grid,seamless,11.0,31,0.030552288139392612,0.0020371107807911387,0.029527859137077565,0.03837023418440341,0.0452029845855232,0.05055738140938388,0.1248886662213315,0.0389668225339568
US Power Grid,seamless,11.0,32,0.031022697989747213,0.001697487829576849,0.03046383857526908,0.03769418531032718,0.04812127423414632,0.05184570469928413,0.0574482297929191,0.0311734580271654
US Power Grid,seamless,11.0,33,0.029099885185956118,0.002326273605686333,0.02788005730336167,0.04028358897361418,0.04665943467390286,0.04947222288521559,0.0906256958361166,0.0409151636606546
US Power Grid,seamless,11.0,34,0.02997660615554318,0.0018678077024803297,0.028991795691114843,0.03971935910407517,0.04449874006729651,0.04669260230789788,0.0770151413938989,0.0409151636606546
US Power Grid,seamless,11.0,35,0.028801096705583614,0.0020154869491202706,0.029183157296545456,0.03456303223195048,0.039864337052976574,0.045486662822100024,0.1128646181251391,0.0350701402805611
US Power Grid,seamless,11.0,36,0.03086687082910466,0.0019651759526747724,0.030744502264703124,0.03955600172675599,0.04419823651574867,0.05227923796310558,0.0905421955021153,0.0399409930973057
US Power Grid,seamless,11.0,37,0.027060927325159186,0.003986455144820413,0.02821283415147484,0.033703436653894484,0.041516124588090376,0.051340300436724134,0.1407815631262525,0.0146125584502338
US Power Grid,seamless,11.0,38,0.02989110050892993,0.0018751557380700527,0.029164107236877006,0.03711108994344563,0.042486162801793986,0.05288966822533948,0.0781423959029169,0.03604431084391
US Power Grid,seamless,11.0,39,0.03151806675803665,0.0023435184419780836,0.03220084256884727,0.04031282933611423,0.043721342361097586,0.05343200646306854,0.1171092184368737,0.023380093520374
US Power Grid,seamless,11.0,40,0.03056774341720125,0.0021344654737243487,0.027121708135566077,0.037751151538224004,0.04762431487197519,0.05452414056195691,0.0906674460031173,0.0272767757737697
US Power Grid,seamless,11.0,41,0.03127013156455908,0.002040432309793873,0.03073319553395847,0.04131563982986097,0.04458876447649529,0.05370015144444138,0.0923652861278111,0.0438376753507014
US Power Grid,seamless,11.0,42,0.02992577998317072,0.001740708378396104,0.02895065148662016,0.037552836568589515,0.04524214233807836,0.04776349701684232,0.0648101759073703,0.0370184814072589
US Power Grid,seamless,11.0,43,0.03015257940638193,0.0024345418939142336,0.029210541764663346,0.04016699308198917,0.04659001862776413,0.05059559982748045,0.1312903584947673,0.0204575818303273
US Power Grid,seamless,11.0,44,0.028837769097226042,0.0020518746382767595,0.027589755719269516,0.03765292021952393,0.044486281361865256,0.04749575875730006,0.0856435092407036,0.024354264083723
US Power Grid,seamless,11.0,45,0.028583028158608168,0.002568975696326952,0.02570573308798266,0.03646159447460708,0.04399395413620833,0.05453406813627242,0.1217017368069472,0.0370184814072589
US Power Grid,seamless,11.0,46,0.029405194708982965,0.001505218750732855,0.03145546525857675,0.037372403397389994,0.03864308019765892,0.042411048224921984,0.0681362725450901,0.0379926519706078
US Power Grid,seamless,11.0,47,0.030806988406226782,0.0021326216861962963,0.031068154198743696,0.0378157140918948,0.045352257511511715,0.05180274422215,0.0853234246270318,0.0321476285905143
US Power Grid,seamless,11.0,48,0.02967094414372419,0.0019478768873380811,0.02940780024993926,0.03613518209013543,0.048338963571734235,0.053691694813727604,0.0696671120017813,0.0224059229570251
US Power Grid,seamless,11.0,49,0.029840355680124886,0.0019236636187712145,0.027676579877803066,0.03842946142086834,0.04087632314872853,0.050040910012608325,0.085128590514362,0.0389668225339568
US Power Grid,seamless,11.0,50,0.029252512832947084,0.0019335875339957086,0.02812474054708758,0.03594483634538551,0.04054665700855273,0.05280722467511376,0.0757765531062124,0.0311734580271654
US Power Grid,seamless,11.0,51,0.030547990487580914,0.002093102269694374,0.03069794246714593,0.041253331149205645,0.04649394775589567,0.05263198689925552,0.0757487196615453,0.0438376753507014
US Power Grid,seamless,11.0,52,0.02932169553703259,0.002521077892381396,0.029995423606174503,0.040935383331681806,0.044120527174334456,0.05490021927535623,0.0926436205744823,0.0418893342240035
US Power Grid,seamless,11.0,53,0.03017435236792638,0.002200502893203198,0.026984336972170054,0.04002090600954994,0.045142493201291524,0.05057577955518981,0.1290358494767312,0.0272767757737697
US Power Grid,seamless,11.0,54,0.02971046356022612,0.002449251522354916,0.030337338732644457,0.034809614734395616,0.043469139466758275,0.04868076195332156,0.1223836562012914,0.0350701402805611
US Power Grid,seamless,11.0,55,0.03011913364291358,0.0020256142232633035,0.031099419035885367,0.03573413181865167,0.04441297144809278,0.05501896993220153,0.1296899354264084,0.03604431084391
US Power Grid,seamless,11.0,56,0.030711247027380612,0.0020160970258758805,0.029547862811832887,0.040634085289280114,0.04586289089253003,0.050824945073743036,0.0841405032286795,0.0224059229570251
US Power Grid,seamless,11.0,57,0.030432211476628456,0.0024245501923835645,0.029178214739317417,0.03931633776123909,0.04714502466825287,0.0514717826887385,0.1100534402137608,0.0272767757737697
US Power Grid,seamless,11.0,58,0.030765137140792327,0.0015836475069810913,0.031317510908341464,0.040059067884020444,0.04361801774946895,0.049356488292521344,0.0671621019817412,0.0409151636606546
US Power Grid,seamless,11.0,59,0.0302283644966892,0.0016342432059125423,0.029548274734403978,0.0400363806316336,0.04739929753846468,0.05101491114047283,0.0492512803384546,0.0428635047873524
US Power Grid,seamless,11.0,60,0.029355195529545887,0.0025222031450639567,0.02926721790920777,0.037537333120346884,0.04167872814561639,0.04991846910829277,0.1097472723224226,0.0321476285905143
US Power Grid,seamless,11.0,61,0.031709495286684056,0.0023408069897309534,0.030784249566477268,0.041897658279034085,0.047096275885103456,0.05752829634489744,0.0980850590069027,0.0428635047873524
US Power Grid,seamless,11.0,62,0.02920454724269534,0.0021732121263358345,0.028209151529468908,0.03953781852375209,0.043358889290864754,0.047800774142976885,0.1042640837230015,0.0214317523936762
US Power Grid,seamless,11.0,63,0.030014566487002983,0.002107988142531122,0.02964147641523225,0.03671063782517954,0.039744348258681735,0.05191697949890383,0.0976118904475618,0.0370184814072589
US Power Grid,seamless,11.0,64,0.030522760424421362,0.0022685332300836935,0.02847345679128712,0.037682133270922895,0.04459457932284142,0.05460051355477663,0.1194472277889111,0.0263026052104208
US Power Grid,seamless,11.0,65,0.03091205718080308,0.0017975539747571909,0.029028266853582712,0.040921256987086804,0.04978094109636137,0.05121821385330966,0.0520902916945001,0.0292251169004676
US Power Grid,seamless,11.0,66,0.031114616220924932,0.001977201243390794,0.03090463627677292,0.04232870856980601,0.04469455470030269,0.04832122276105742,0.0818720774883099,0.0263026052104208
US Power Grid,seamless,11.0,67,0.03101681413837095,0.0020847509967732115,0.029385855043420166,0.0423866619531898,0.04615930081620494,0.0486983013432278,0.0883016032064128,0.0253284346470719
US Power Grid,seamless,11.0,68,0.029239036915278828,0.0023937209803336942,0.029320781141039746,0.040077070111189446,0.04165989189659713,0.04635596109767579,0.1041666666666666,0.0194834112669784
US Power Grid,seamless,11.0,69,0.029370501677480936,0.00252628388069589,0.026048724629251886,0.037738661159629726,0.04422159355304087,0.05387700244296015,0.0963593854375417,0.0379926519706078
US Power Grid,seamless,11.0,70,0.030017820229699548,0.0022097218308434427,0.0280528545197832,0.03670339285952781,0.044995464247207836,0.050318962423339525,0.0863115119127143,0.0370184814072589
US Power Grid,seamless,11.0,71,0.0323280724450831,0.0020671807862118045,0.03224437380508136,0.03933975586110914,0.05332445345845637,0.056232090237399834,0.0937569583611667,0.0399409930973057
US Power Grid,seamless,11.0,72,0.029744668530323662,0.0024711736137729714,0.029855975797215738,0.03664932523939191,0.04161755951292263,0.055876180443588296,0.0920452015141393,0.0224059229570251
US Power Grid,seamless,11.0,73,0.030205276480804902,0.002414843193338833,0.030346307086565282,0.03504197597164127,0.04456975853679628,0.05375387887634601,0.1762274549098196,0.0350701402805611
US Power Grid,seamless,11.0,74,0.03166185507070198,0.001576380814958783,0.030989507505038528,0.04112312437137707,0.048326069951322104,0.05223156106136208,0.0639334224003562,0.0311734580271654
US Power Grid,seamless,11.0,75,0.029644737957755685,0.002209328670267609,0.025287217222296224,0.04012311405710319,0.045083333592516955,0.05022768282897026,0.1053356713426853,0.0253284346470719
US Power Grid,seamless,11.0,76,0.02974207909342765,0.001964986151017478,0.029097893132866048,0.032946358361242566,0.04089455428780014,0.05604380338581094,0.090709196170118,0.0409151636606546
US Power Grid,seamless,11.0,77,0.030726051556649942,0.0020457467561982474,0.028748261196598863,0.03852495800929702,0.04362462429438348,0.05199282128331914,0.1010354041416165,0.0282509463371186
US Power Grid,seamless,11.0,78,0.028591352317006852,0.00222782077459304,0.029530787766008197,0.035217396583100795,0.03724036168265351,0.04612051510830113,0.1085086840347361,0.03604431084391
US Power Grid,seamless,11.0,79,0.03093471136432785,0.0017046325062480391,0.03039172677615496,0.0378214372395163,0.0466845797731449,0.04851374264183672,0.0606908260966377,0.0379926519706078
US Power Grid,seamless,11.0,80,0.029890802249182745,0.002205925797697463,0.03015813397847957,0.03835190491591524,0.04414664427725506,0.04632541832636461,0.0845580048986862,0.0224059229570251
US Power Grid,seamless,11.0,81,0.029701610668639234,0.002201234985309926,0.028840009721051805,0.039134008658010734,0.04496979395684568,0.05293757449539593,0.0745101313738588,0.0399409930973057
US Power Grid,seamless,11.0,82,0.029627086403626865,0.0016053933540030735,0.027220573625884186,0.035498549105952557,0.04377601547917193,0.052888232605561906,0.0737725450901803,0.0272767757737697
US Power Grid,seamless,11.0,83,0.028835586378167098,0.0023291613023295253,0.025295310860490843,0.03812146791286882,0.04450549792395246,0.04846542346542344,0.0939657091961701,0.0389668225339568
US Power Grid,seamless,11.0,84,0.028311516887841788,0.0025007826723116265,0.027686653863773895,0.033559167239160435,0.041464992131154906,0.04618756124058916,0.1441215764863059,0.0282509463371186
US Power Grid,seamless,11.0,85,0.0320921489850603,0.0016234245114464907,0.02962091724380249,0.04299934530415405,0.0476130994864058,0.05309864087476778,0.059146069917613,0.047734357604097
US Power Grid,seamless,11.0,86,0.029659556044286245,0.0019389833239674941,0.02816061831539963,0.03827834987735554,0.04126006103507613,0.043318742185225106,0.083876085504342,0.0389668225339568
US Power Grid,seamless,11.0,87,0.030755823302323446,0.0023369567275400207,0.030492842322084535,0.039548424364128656,0.04414398500831127,0.056931346529265354,0.0968743041638833,0.0409151636606546
US Power Grid,seamless,11.0,88,0.029780568158075674,0.0018624254697697756,0.02896209826778883,0.03860108970329408,0.042634592726956994,0.04947445395842188,0.0907509463371186,0.0409151636606546
US Power Grid,seamless,11.0,89,0.028654624055193638,0.002497108654516763,0.028309327886743514,0.03494199885261882,0.03961893853663692,0.047629360329973336,0.1244711645513248,0.0350701402805611
US Power Grid,seamless,11.0,90,0.02979953476654434,0.0023930973463168557,0.027860281321749638,0.03892731413562549,0.044549290708461795,0.05119137918891044,0.0887608550434201,0.024354264083723
US Power Grid,seamless,11.0,91,0.03036986163220569,0.0017912227337601387,0.030845876367435555,0.03858773054543727,0.0444934165933433,0.05115683014685503,0.0660765976397239,0.0389668225339568
US Power Grid,seamless,11.0,92,0.02997253897717248,0.002026292086325092,0.02976138528410032,0.038856278356555495,0.04271927568110211,0.04983262869457792,0.0774048096192384,0.0224059229570251
US Power Grid,seamless,11.0,93,0.029370081402382626,0.0025924975445708112,0.03020641480137525,0.037200922792762145,0.0468589571117543,0.05412704651890417,0.1010910710309507,0.0379926519706078
US Power Grid,seamless,11.0,94,0.030008492833969426,0.002358173841373821,0.027914065025899243,0.03747119939850221,0.04446670417153047,0.05079251853562552,0.093214206190158,0.0379926519706078
US Power Grid,seamless,11.0,95,0.029749982976728036,0.0020179950424488707,0.030254417532494794,0.03646184446231505,0.03860334168935238,0.05177247692056715,0.0948563794255177,0.0311734580271654
US Power Grid,seamless,11.0,96,0.030885905223879507,0.0017457245650532942,0.02898189282423576,0.039113595646898584,0.04548808605773635,0.05184249873315823,0.0690269427744377,0.0253284346470719
US Power Grid,seamless,11.0,97,0.029441717970751815,0.002726768659848687,0.029339261038816837,0.04048966387436427,0.04435461480697152,0.04907080757183517,0.1896431752393676,0.0301992874638165
US Power Grid,seamless,11.0,98,0.029418399481426494,0.0024372262316388993,0.030127532079000537,0.03623723237246053,0.04281102179759262,0.048293034871485854,0.1133238699621465,0.0370184814072589
US Power Grid,seamless,11.0,99,0.029968580256891666,0.0020849543556917503,0.0296958963229272,0.040168990463195865,0.044160216964054616,0.051633708817940216,0.0932420396348252,0.0194834112669784
US Power Grid,seamless,11.0,100,0.028771541876089882,0.003654397145375625,0.027358371265286157,0.039372525064601926,0.042862525935322825,0.055683010685838065,0.1413382320195947,0.0136383878868848
US Power Grid,seamless,12.0,1,0.02930493876214532,0.002171300552501612,0.027773421214620553,0.03718992634323289,0.04679856024465803,0.05009092258591253,0.0587564016922734,0.0282509463371186
US Power Grid,seamless,12.0,2,0.02995499588113355,0.0019012127941649747,0.02833901748994211,0.037881543159161625,0.04594128530097733,0.05192744625638842,0.0734663771988421,0.0253284346470719
US Power Grid,seamless,12.0,3,0.02984453131658547,0.002160454743513091,0.02891775827352861,0.037177067312920344,0.045749604424575145,0.04861459127036695,0.1145763749721665,0.0340959697172122
US Power Grid,seamless,12.0,4,0.029291584859828215,0.0024387717594197647,0.02883675046207234,0.038479867733204255,0.04558020716296886,0.04869884650314153,0.1016616566466265,0.0214317523936762
US Power Grid,seamless,12.0,5,0.029805310159830723,0.002088262327433249,0.029289167292433325,0.03855634834790991,0.04191212509025017,0.053902176993740676,0.0914885326207971,0.0418893342240035
US Power Grid,seamless,12.0,6,0.028684355129083423,0.0024434219000235894,0.030808410690633656,0.03565322711385981,0.040630943576261215,0.044568697446273384,0.1271710086840347,0.03604431084391
US Power Grid,seamless,12.0,7,0.027513143330935547,0.002812803039650123,0.02759820817811793,0.03014620117151934,0.04212676230152679,0.05086616588296414,0.1873469160543309,0.0301992874638165
US Power Grid,seamless,12.0,8,0.029131053329536874,0.002097006760930241,0.029798973362560103,0.036010657678994314,0.045966198136323896,0.047609043999715044,0.0948702961478512,0.0214317523936762
US Power Grid,seamless,12.0,9,0.030223090722068538,0.001957597443644046,0.03081626215393747,0.036598057079429286,0.04480395543596708,0.05285543280978589,0.0998942329102649,0.024354264083723
US Power Grid,seamless,12.0,10,0.029663826581575476,0.0019591972004698514,0.029445450525594576,0.03745798947561039,0.04472043945606902,0.051292444651979185,0.0816076597639724,0.0379926519706078
US Power Grid,seamless,12.0,11,0.029501708851719568,0.0019646743340090544,0.03122049954991502,0.03400108873206898,0.04105407316690989,0.05152875852169169,0.1343520374081496,0.0340959697172122
US Power Grid,seamless,12.0,12,0.02822292018566681,0.0019981607692611115,0.02406225856676256,0.037438041002934117,0.04275317254388826,0.04756211182879252,0.1031368292139835,0.0214317523936762
US Power Grid,seamless,12.0,13,0.029665128078654093,0.002017398522954499,0.029998595309897184,0.03631763646223254,0.04255929308605152,0.051756027778828026,0.0995602315742596,0.0370184814072589
US Power Grid,seamless,12.0,14,0.03098895396653169,0.0017792652293502945,0.030565046026242222,0.039284542672159015,0.04466574986777001,0.05378117345802715,0.1071030950790469,0.0399409930973057
US Power Grid,seamless,12.0,15,0.02843412875845702,0.0028147688425292985,0.02761617338986356,0.03573463942231192,0.039629682069452894,0.0526494762142674,0.1366622133155199,0.0214317523936762
US Power Grid,seamless,12.0,16,0.02910892787920029,0.0027990153049734694,0.027957290958292885,0.03547563715576718,0.04173530306686665,0.050231573346684225,0.1240119127143175,0.03604431084391
US Power Grid,seamless,12.0,17,0.028631603825615498,0.0023070629665154154,0.02847957155485249,0.03653893734272828,0.039813439829298865,0.047267026964472825,0.1080355154753952,0.0292251169004676
US Power Grid,seamless,12.0,18,0.02952725073188753,0.0017660740141680123,0.028769545649503025,0.03829335692027289,0.044917151617373245,0.0463535830121527,0.1332804497884658,0.0389668225339568
US Power Grid,seamless,12.0,19,0.02879361309738152,0.0020124772371259633,0.02798770128658526,0.036389291161733575,0.042292943881765986,0.043745353955774766,0.1025523268759741,0.0282509463371186
US Power Grid,seamless,12.0,20,0.02976034072431207,0.0017267172848009114,0.028944933527988218,0.035368087499336474,0.044854043488367946,0.04903089565039647,0.1013833221999554,0.0292251169004676
US Power Grid,seamless,12.0,21,0.030322424775142156,0.002147277085592037,0.0284924872576202,0.03933603573434415,0.04720273670076225,0.049441646866966234,0.1042223335560009,0.0272767757737697
US Power Grid,seamless,12.0,22,0.029778371881755483,0.0020193643258336717,0.030849596842370736,0.037653014703275894,0.03986381006942228,0.04621853236735435,0.1090931863727455,0.0379926519706078
US Power Grid,seamless,12.0,23,0.02923688131074237,0.0019691075584331156,0.02699471829476651,0.0378254822308076,0.04243283951642803,0.044910181999218535,0.0784346470719216,0.0272767757737697
US Power Grid,seamless,12.0,24,0.031131711927343084,0.0019584515511018898,0.030611654259516483,0.04075701908868237,0.04826128960429816,0.05183962696635091,0.0633350033400133,0.0263026052104208
US Power Grid,seamless,12.0,25,0.02937200653347809,0.002091461841084866,0.028529037803041883,0.03375938831470679,0.04571501760583308,0.0515424251514942,0.112335782676464,0.0331217991538632
US Power Grid,seamless,12.0,26,0.029011288483781136,0.0020839375610990753,0.027367996466521324,0.03674905171648653,0.04366810368370449,0.05178931127035555,0.0839874192830104,0.0282509463371186
US Power Grid,seamless,12.0,27,0.030266270599104098,0.002081619269427774,0.0303934156557882,0.03587955906724943,0.044460018739969735,0.05242078579201405,0.0840291694500111,0.0253284346470719
US Power Grid,seamless,12.0,28,0.029304518487047026,0.002068292481633137,0.027176694123170447,0.03660444327604751,0.04088395237076088,0.056878306878306806,0.0755121353818748,0.0370184814072589
US Power Grid,seamless,12.0,29,0.029157815363216055,0.0025014876498958795,0.02741086698895928,0.039944894084096245,0.04346416046378468,0.050346237548472166,0.1178885548875528,0.0214317523936762
US Power Grid,seamless,12.0,30,0.029879658180447036,0.002156211320746326,0.030438945852008795,0.03485586539839194,0.041239679911438266,0.05706071603923785,0.1346999554664885,0.0350701402805611
US Power Grid,seamless,12.0,31,0.02790638525033683,0.002641235898712973,0.02858296494089331,0.036559324431630735,0.03885894322848203,0.045238291814590444,0.1121966154531284,0.0175350701402805
US Power Grid,seamless,12.0,32,0.030489165531079415,0.0022053835072480404,0.031382569399016756,0.03742555123414436,0.04436714222036786,0.050154796773033195,0.140294477844578,0.0379926519706078
US Power Grid,seamless,12.0,33,0.030389614561826036,0.00204239811267304,0.029051750118070298,0.03636728987949459,0.045873555389646346,0.05557837898018254,0.0799376530839456,0.0263026052104208
US Power Grid,seamless,12.0,34,0.030060484930808148,0.0020291526684458098,0.028963628298214705,0.04015872625873063,0.04179323383960196,0.05064400464938378,0.0875640169227343,0.0409151636606546
US Power Grid,seamless,12.0,35,0.028911642613699103,0.002258772001994027,0.028435048564702206,0.03831588566092437,0.04395416682885213,0.049316366568667766,0.0844745045646849,0.0185092407036294
US Power Grid,seamless,12.0,36,0.029173189297457273,0.0017698564900527523,0.0272628221370533,0.03793109974858826,0.045550255672423046,0.04652640337807208,0.0803412380316188,0.0272767757737697
US Power Grid,seamless,12.0,37,0.028325629996788098,0.0022121350233433893,0.0281132201522859,0.03207347387609285,0.036408765242904054,0.05208328993399126,0.1504676018704074,0.0321476285905143
US Power Grid,seamless,12.0,38,0.03008750455245079,0.001996737256831371,0.029409765755982635,0.03680488633723546,0.04263262226252236,0.05196516327000972,0.0829436651079937,0.0370184814072589
US Power Grid,seamless,12.0,39,0.028574026137147695,0.001950384980666676,0.028241364331577454,0.03667386714290892,0.043477731087894336,0.048327129943237526,0.0742039634825206,0.0214317523936762
US Power Grid,seamless,12.0,40,0.027793873539342175,0.002465452449531523,0.025304849319826725,0.03734371482157178,0.04157726265254926,0.04693428937712693,0.1064211756847027,0.0379926519706078
US Power Grid,seamless,12.0,41,0.028124819843365633,0.0022634899289040327,0.028327549635460154,0.03591796790395349,0.04223880860947532,0.04694813034915563,0.1530143620574482,0.0292251169004676
US Power Grid,seamless,12.0,42,0.03005717695906665,0.0017979878071167294,0.028394328753210196,0.03994218913237427,0.041813673745154725,0.05349002602906962,0.0726174571364952,0.0311734580271654
US Power Grid,seamless,12.0,43,0.029569901875734897,0.0017496019417666889,0.029513712098909056,0.039016227950453265,0.04165073435872332,0.04995557782231126,0.1115286127811178,0.0399409930973057
US Power Grid,seamless,12.0,44,0.02870757871758009,0.0027713720493139815,0.02903385546517208,0.033771459549263486,0.041290076138547314,0.048953520786519746,0.1402805611222445,0.0340959697172122
US Power Grid,seamless,12.0,45,0.030640057848632215,0.0018439875944892914,0.03088970715372291,0.03926954570889499,0.040779977305137785,0.05687514914734287,0.0886216878200846,0.0399409930973057
US Power Grid,seamless,12.0,46,0.02948586041333508,0.0018519321495733844,0.02764551695771394,0.03660576540517986,0.041811044846459186,0.05552981924895404,0.0906396125584502,0.0418893342240035
US Power Grid,seamless,12.0,47,0.02978147649457846,0.0016461058094937304,0.027681233387199706,0.037876215591066735,0.04757312063886802,0.04875915435420271,0.0939657091961701,0.0214317523936762
US Power Grid,seamless,12.0,48,0.030511575683901945,0.002147507559033046,0.028392702009903518,0.041113885308436335,0.04805293251416261,0.050518498978092706,0.0733411266978401,0.0282509463371186
US Power Grid,seamless,12.0,49,0.0314125912656233,0.0012208009672701353,0.03233473276382078,0.04021865523855007,0.04472105486668619,0.04767551452588185,0.0420841683366733,0.0448118459140503
US Power Grid,seamless,12.0,50,0.027820811817417412,0.0023659421520618473,0.03023508172982377,0.033390505679423074,0.03963931131057688,0.0408684977481845,0.1598892228902249,0.0321476285905143
US Power Grid,seamless,12.0,51,0.029895913336668578,0.0020625306456079876,0.030808462006693946,0.037226866301627644,0.04157884326572761,0.05350264325183471,0.0962341349365397,0.0379926519706078
US Power Grid,seamless,12.0,52,0.029152148428019553,0.002264696525154007,0.0259061195851904,0.040081835531166746,0.04439577693785183,0.04839179952560167,0.098293809841906,0.0409151636606546
US Power Grid,seamless,12.0,53,0.029594399846787713,0.0020021737185868652,0.028283813090268027,0.04196736855853531,0.04590443252432174,0.047462292687537565,0.0772517256735693,0.0438376753507014
US Power Grid,seamless,12.0,54,0.028722491704939297,0.0023733444166965114,0.026851010016866617,0.03869099238179298,0.04264923354230226,0.049985166459621984,0.1153417947005121,0.0175350701402805
US Power Grid,seamless,12.0,55,0.029959266418422777,0.0021104284495535373,0.030057485606467437,0.03775593373318227,0.04059433785429892,0.05060949786282801,0.0977371409485638,0.0389668225339568
US Power Grid,seamless,12.0,56,0.0284570947589902,0.0025295647379149134,0.02720814839573543,0.03202741440458221,0.04083764942365701,0.04685731155337026,0.1241371632153195,0.0321476285905143
US Power Grid,seamless,12.0,57,0.02670610668409974,0.0027359604829664606,0.02626365010370841,0.030442743527106325,0.03836848447898249,0.046792772536943736,0.1094411044310844,0.0263026052104208
US Power Grid,seamless,12.0,58,0.02876056049448901,0.0022469907419802454,0.030249635221297273,0.03640537956647234,0.04143283832435105,0.0474780574786575,0.105878423513694,0.0340959697172122
US Power Grid,seamless,12.0,59,0.029786885841811474,0.001757031320923827,0.029667539294998418,0.03930998197111067,0.04341019565336119,0.04660538645452729,0.0585754843019372,0.0409151636606546
US Power Grid,seamless,12.0,60,0.028359726508795757,0.0021977236546498924,0.02658611382308772,0.0365725742834467,0.04350808374272675,0.05019302186716383,0.0841683366733467,0.0282509463371186
US Power Grid,seamless,12.0,61,0.030688308141369896,0.0017489918650110832,0.0291170069054699,0.04159476861089584,0.04537484400890278,0.05117326590250308,0.0579074816299265,0.0253284346470719
US Power Grid,seamless,12.0,62,0.030152796322561695,0.001663174401389416,0.03021508111251741,0.039147369391302145,0.045287183844813776,0.04985411016325301,0.0616371632153195,0.0399409930973057
US Power Grid,seamless,12.0,63,0.02968065114276892,0.0020549521365772535,0.028167286651334823,0.03847289830136955,0.04541630503168429,0.047784524471431125,0.0840291694500111,0.0253284346470719
US Power Grid,seamless,12.0,64,0.02981168207261147,0.002023743321212787,0.029029679043546225,0.0335619416453498,0.048107938609124413,0.050305125897288264,0.1320557782231129,0.0331217991538632
US Power Grid,seamless,12.0,65,0.030127471358573493,0.00202935602736435,0.03200608244028412,0.03711366386793454,0.043118046128098414,0.04764371503012198,0.0932698730794923,0.0379926519706078
US Power Grid,seamless,12.0,66,0.02932452900463085,0.0016493053231453466,0.029876718234083104,0.035307028083631654,0.04107844734919068,0.04813716475805082,0.1080355154753952,0.03604431084391
US Power Grid,seamless,12.0,67,0.0285682507438613,0.0021633831119399925,0.028492558288843887,0.03310278579507732,0.03794477727291991,0.05185909750028066,0.1291193498107326,0.0331217991538632
US Power Grid,seamless,12.0,68,0.027585295075231688,0.0028182123868831536,0.028616507299024412,0.030862701109107864,0.040071337938460655,0.05275706492266631,0.1281173458027165,0.0292251169004676
US Power Grid,seamless,12.0,69,0.02921901284043377,0.001993334384261222,0.02908088444607341,0.036257360938534614,0.04358059994356787,0.05005232825557486,0.0904308617234469,0.0370184814072589
US Power Grid,seamless,12.0,70,0.029913388646401338,0.00233172362470306,0.0303049152641445,0.035604025733888975,0.042485750575384826,0.04994747329416659,0.1395847250055667,0.0350701402805611
US Power Grid,seamless,12.0,71,0.03076515069805356,0.0016449941140724135,0.03156334740359766,0.0409212150575352,0.045031342572627635,0.047437683136502935,0.0877171008684034,0.0418893342240035
US Power Grid,seamless,12.0,72,0.029417924977283252,0.002151262920395314,0.029351693441422463,0.038519662275370375,0.040408933809648245,0.046489928619472626,0.1001864840792696,0.024354264083723
US Power Grid,seamless,12.0,73,0.028509127527612633,0.0023074696843524817,0.0274883268604195,0.04004323007430597,0.0418075361791375,0.0510503235336309,0.1014250723669561,0.0409151636606546
US Power Grid,seamless,12.0,74,0.030622989256736524,0.0016959965308409304,0.03172393862029436,0.03926936777334737,0.04428001214714884,0.047695601902118565,0.084627588510354,0.0418893342240035
US Power Grid,seamless,12.0,75,0.029347603463253918,0.002126602262207667,0.02869698510629244,0.0362850572051094,0.04541216769687295,0.05133992056753142,0.1009936539746159,0.0224059229570251
US Power Grid,seamless,12.0,76,0.029385550237452516,0.001682018994506969,0.029689527850996166,0.03904640913143385,0.040938678122528535,0.05003857815731559,0.094438877755511,0.0409151636606546
US Power Grid,seamless,12.0,77,0.028509710489845765,0.0023259482314166736,0.028602713701634894,0.035289295249544946,0.042791316074952235,0.04573337708555508,0.1071030950790469,0.0204575818303273
US Power Grid,seamless,12.0,78,0.03149150808327602,0.0017912362910213774,0.031854679924686234,0.039438769881831495,0.04804706524917657,0.05636264302214162,0.0881763527054108,0.023380093520374
US Power Grid,seamless,12.0,79,0.02996826843988325,0.001938576606130428,0.027343413821507984,0.04007289239988679,0.045401694478065004,0.05274332067792398,0.0736751280338454,0.0409151636606546
US Power Grid,seamless,12.0,80,0.028078223536498706,0.002586179860834994,0.025061722187081203,0.03658684243286439,0.04447150908808237,0.04985348507060369,0.1126280338454687,0.0253284346470719
US Power Grid,seamless,12.0,81,0.029899139964842666,0.00238530192110636,0.0278476257373254,0.03841293107564499,0.04397206996090644,0.052170651238475196,0.1074510131373858,0.0389668225339568
US Power Grid,seamless,12.0,82,0.030394603633960758,0.0017092826468518684,0.02863079708434261,0.038759344970096955,0.044581487121720456,0.05109795709745604,0.0438933422400356,0.0214317523936762
US Power Grid,seamless,12.0,83,0.02833742481406312,0.00224963440792119,0.029281304736627142,0.033008437589305835,0.03954645959008285,0.04927239634281007,0.1242624137163215,0.0301992874638165
US Power Grid,seamless,12.0,84,0.029704742395984668,0.0018383071020315576,0.02875727874816498,0.03671920643795422,0.046771744996584395,0.05115205089953508,0.0824983299933199,0.0292251169004676
US Power Grid,seamless,12.0,85,0.03034808867066123,0.0015833221327114365,0.028450967642784045,0.03782914167026435,0.04813379003323553,0.05111758862384009,0.0501141171231351,0.0272767757737697
US Power Grid,seamless,12.0,86,0.029493262677969756,0.0019901755423933137,0.02943712384804374,0.03602843041229011,0.03946004723527878,0.055702560090942065,0.0892618570474281,0.0379926519706078
US Power Grid,seamless,12.0,87,0.02895484960525713,0.002592470430048337,0.02870507288537274,0.03739962064271415,0.045853586605835744,0.050042692989315726,0.0894845246047651,0.0389668225339568
US Power Grid,seamless,12.0,88,0.03028939928677211,0.0019069881874513594,0.03042278595519314,0.037445553316119595,0.046259318306764836,0.050978673032339133,0.0698758628367846,0.0311734580271654
US Power Grid,seamless,12.0,89,0.029165841261867553,0.0023066426914171126,0.029303353396487847,0.037612329281433834,0.04135487898602357,0.04810859038819151,0.092963705188154,0.0224059229570251
US Power Grid,seamless,12.0,90,0.028327921173936916,0.0029859157083681523,0.027941467404035587,0.03654446426728791,0.040319976137936406,0.05291317401828741,0.1158984635938543,0.0282509463371186
US Power Grid,seamless,12.0,91,0.030108342062969983,0.002002661779991347,0.02802936589881523,0.03844201426866753,0.045292255407600276,0.048441026196537174,0.0855321754620351,0.0389668225339568
US Power Grid,seamless,12.0,92,0.029549037250693223,0.0018653673954579157,0.029470061898161853,0.03728125888607233,0.04200427233363602,0.055392637126104,0.087731017590737,0.024354264083723
US Power Grid,seamless,12.0,93,0.030086908032956432,0.0018680381759213344,0.030398391404586715,0.03921651904265012,0.04084130656128295,0.04696399377702767,0.0799237363616121,0.0409151636606546
US Power Grid,seamless,12.0,94,0.02946273172566707,0.001929493241102543,0.027330896360622418,0.03684282991331396,0.04131527620977275,0.05033704726013869,0.1079937653083945,0.0389668225339568
US Power Grid,seamless,12.0,95,0.030388123263090105,0.0018706004982948759,0.02726838384381702,0.04111409156401861,0.046021984046130116,0.0484498153975337,0.1170813849922066,0.0272767757737697
US Power Grid,seamless,12.0,96,0.02901065129250307,0.0020128432831793223,0.028158944964424563,0.0347688514349943,0.04525770003918405,0.05197399036644276,0.115564462257849,0.0350701402805611
US Power Grid,seamless,12.0,97,0.029757832630983486,0.0020133720163675152,0.02863402596927613,0.03679326518454451,0.04858535179333023,0.05255979300944222,0.0868403473613894,0.0389668225339568
US Power Grid,seamless,12.0,98,0.03111388412881821,0.001595808370309467,0.030672636174902814,0.03766703879600899,0.04920928568482312,0.05476128724656299,0.0650606769093743,0.0496826987307949
US Power Grid,seamless,12.0,99,0.03082106084338939,0.0017983402959088524,0.03131212284175245,0.03857501417894698,0.046126440155979484,0.05570158881782123,0.0851146737920285,0.0253284346470719
US Power Grid,seamless,12.0,100,0.029639870900972084,0.0022010858554363313,0.028967154321752505,0.03405788258458032,0.04528060191855978,0.0510409708305499,0.0884964373190826,0.0340959697172122
US Power Grid,seamless,13.0,1,0.029308856810642426,0.0017483275592105405,0.027088376427504064,0.036850262112081665,0.044821512000639045,0.050397381709108256,0.0653668448007125,0.0370184814072589
US Power Grid,seamless,13.0,2,0.02949045632489397,0.0019023109323250652,0.027772521470429905,0.03787647839909584,0.04432224458617731,0.049973145880237796,0.0763610554442217,0.023380093520374
US Power Grid,seamless,13.0,3,0.03138036565566617,0.001475447005059359,0.030404274443549067,0.042587589402845606,0.04654473293273042,0.05003718857468014,0.053941215764863,0.0457860164773992
US Power Grid,seamless,13.0,4,0.02866418192436477,0.0023454435730735465,0.027300356765086225,0.03809992544084139,0.04071041771385507,0.04984649554905171,0.0905004453351146,0.0389668225339568
US Power Grid,seamless,13.0,5,0.027937363592260296,0.0023678266113736066,0.025874755272903723,0.03645973696634923,0.038246462895761425,0.05466435286030996,0.0839178356713426,0.0370184814072589
US Power Grid,seamless,13.0,6,0.03056371691061427,0.001623248267050427,0.026864444805302194,0.037943835918095616,0.047953214780523,0.05916663710902628,0.0585894010242707,0.0272767757737697
US Power Grid,seamless,13.0,7,0.02905886091345704,0.0021301678219126418,0.02628810777863475,0.03584021990688261,0.04066405093459197,0.051562640647725644,0.1119043642841238,0.03604431084391
US Power Grid,seamless,13.0,8,0.028443388367880962,0.00215774329126596,0.028078357064084344,0.037369397557082476,0.043473726485904654,0.04523290920967787,0.0862558450233801,0.023380093520374
US Power Grid,seamless,13.0,9,0.03006870063111695,0.0019794517487559107,0.02900880746227988,0.03895959595959596,0.04566969190834974,0.04939339959380029,0.0891783567134268,0.0214317523936762
US Power Grid,seamless,13.0,10,0.028885910931873836,0.0021571060999878828,0.030413787332248362,0.03354802189939227,0.039657609458929315,0.05136224094279084,0.0997828991315965,0.0321476285905143
US Power Grid,seamless,13.0,11,0.029867009255714182,0.0020090336927721057,0.03065788684936596,0.03899541308019682,0.04272699845237569,0.050200523581650794,0.1129063682921398,0.024354264083723
US Power Grid,seamless,13.0,12,0.028575056489001605,0.002078080824245277,0.02655620236395314,0.03810329235191456,0.04142178462297568,0.04401503032646898,0.0774048096192384,0.0389668225339568
US Power Grid,seamless,13.0,13,0.02791091337558954,0.002588687954163585,0.025937786926181587,0.03547605140946789,0.04011206695233281,0.050161037341019184,0.129856936094411,0.03604431084391
US Power Grid,seamless,13.0,14,0.029016277555915855,0.002120108334075792,0.027135261418266513,0.03694835628888553,0.04341470681470655,0.0530657274144247,0.0991427299042529,0.0389668225339568
US Power Grid,seamless,13.0,15,0.027861781860871543,0.002241513608441046,0.025120728611042552,0.038880116253449296,0.041691025362827504,0.05187454180615936,0.0853651747940325,0.0185092407036294
US Power Grid,seamless,13.0,16,0.02986269804664124,0.0019121806185046178,0.02854670276752066,0.0408679091184026,0.044856807632358706,0.05282714865971415,0.1139083723001558,0.0418893342240035
US Power Grid,seamless,13.0,17,0.02947333350395335,0.0019920871162275393,0.028905758280797795,0.03503857181195237,0.04013752881794638,0.05510686422510066,0.094814629258517,0.0399409930973057
US Power Grid,seamless,13.0,18,0.029451655443237544,0.0017378342390141504,0.02967156993928352,0.03811558048849418,0.04238927768537315,0.045498995754372225,0.1012302382542863,0.0224059229570251
US Power Grid,seamless,13.0,19,0.028745145888464073,0.002224878848904901,0.028953706196250966,0.03800149199386868,0.0417209977851495,0.0446260738531326,0.1042780004453351,0.0194834112669784
US Power Grid,seamless,13.0,20,0.030020328323028138,0.0019621120116355218,0.02932744574115551,0.03661798811896328,0.042486646996798993,0.055909099522922834,0.1090096860387441,0.0370184814072589
US Power Grid,seamless,13.0,21,0.031012733402739013,0.0015790109236384965,0.03003781292599364,0.042370551008308374,0.044725275417792504,0.050527851282675805,0.054943219772879,0.0448118459140503
US Power Grid,seamless,13.0,22,0.02880548925822396,0.002250990134044763,0.026238735749644942,0.03936398109281955,0.042873316021416266,0.051123890212475945,0.122648073925629,0.0224059229570251
US Power Grid,seamless,13.0,23,0.02948770420086313,0.0016635675619652546,0.027078278241483338,0.03703698464691183,0.043760657212641,0.04970600975461507,0.0844884212870184,0.0272767757737697
US Power Grid,seamless,13.0,24,0.028804716494333516,0.0021040700940340162,0.028200185786700197,0.033775376224981286,0.04134185093692527,0.046367544248802864,0.1358967935871743,0.0321476285905143
US Power Grid,seamless,13.0,25,0.02742583456857796,0.002447556864700465,0.025973787152445915,0.0332585963768591,0.041604101574907675,0.04976434147166199,0.1064490091293698,0.0263026052104208
US Power Grid,seamless,13.0,26,0.028684463587173307,0.001796062676021267,0.028135404151696502,0.03635775002353207,0.039611727377642514,0.05128778799428916,0.0866594299710532,0.0389668225339568
US Power Grid,seamless,13.0,27,0.03095481678274032,0.001916247796875309,0.03098580027681665,0.04030917822700414,0.044621655267947834,0.05464354141695524,0.0726452905811623,0.0418893342240035
US Power Grid,seamless,13.0,28,0.031832242729911635,0.0017710495290414908,0.0316178004896596,0.03933190717069207,0.048247414167389244,0.051035875587584816,0.0609830772656424,0.0282509463371186
US Power Grid,seamless,13.0,29,0.029793786487780423,0.0015694666117285988,0.02843334771044087,0.036813919893956555,0.04566325323140232,0.05148944988492497,0.0634880872856824,0.0340959697172122
US Power Grid,seamless,13.0,30,0.02920992947540589,0.0016382561552382925,0.02946468707664876,0.03674878725881078,0.0420360167221964,0.047828276874604746,0.0688877755511022,0.0331217991538632
US Power Grid,seamless,13.0,31,0.02924287362020852,0.0016935697810797495,0.028732728979645787,0.036887354220054104,0.045619223521670166,0.04749508001564253,0.0572533956802493,0.0292251169004676
US Power Grid,seamless,13.0,32,0.02976059831227555,0.0016114127779917088,0.029530433920872737,0.0370692894409508,0.0387419891291044,0.050379694574333805,0.0756373858828768,0.0379926519706078
US Power Grid,seamless,13.0,33,0.029177297147611685,0.002219957563076355,0.02732997622699741,0.0383116675488616,0.04090379458238459,0.05089114834986939,0.0841822533956802,0.0253284346470719
US Power Grid,seamless,13.0,34,0.028890845774963612,0.0020031227268733605,0.028357157693785523,0.038020766880628325,0.04309205637455956,0.0542217246993987,0.0847389222890225,0.0389668225339568
US Power Grid,seamless,13.0,35,0.02997500639871737,0.0018758471583930742,0.028706396662581193,0.03573883686116459,0.04625474222577936,0.05653697399581557,0.0937430416388332,0.024354264083723
US Power Grid,seamless,13.0,36,0.02813543517891315,0.002289248725251766,0.027831303632906767,0.033991600955881524,0.03772871245629801,0.04530267115583998,0.1042640837230015,0.0311734580271654
US Power Grid,seamless,13.0,37,0.027204227576420013,0.00266875713902134,0.023007734937275762,0.03640732116821995,0.04450982106944522,0.047380488765811316,0.1070335114673792,0.0204575818303273
US Power Grid,seamless,13.0,38,0.030002758112466738,0.001850332392747578,0.029739084357181297,0.03917244125991913,0.04520497127193406,0.046566903597524474,0.06958361166778,0.0311734580271654
US Power Grid,seamless,13.0,39,0.028450695731686973,0.002237649788988887,0.02673855999291395,0.0373181103749659,0.044984199167565866,0.04850557168279682,0.107005678022712,0.0175350701402805
US Power Grid,seamless,13.0,40,0.02931075482721542,0.002213422963160779,0.0267040104304995,0.041543737506655964,0.04539854728267668,0.04753957860715923,0.0811066577599643,0.023380093520374
US Power Grid,seamless,13.0,41,0.02910331517304873,0.0023066969204620495,0.02820762327275345,0.03817792267841277,0.04100716865830421,0.05063419263970004,0.0971248051658873,0.0389668225339568
US Power Grid,seamless,13.0,42,0.028808648100091865,0.002094403766772994,0.027585319690872193,0.03800506346870414,0.04229717531725127,0.04697664487147182,0.0811205744822979,0.0272767757737697
US Power Grid,seamless,13.0,43,0.02829866460419039,0.002585962944655223,0.029263497236960763,0.036153561045505905,0.04009375242416944,0.04602013886210138,0.1081885994210643,0.0321476285905143
US Power Grid,seamless,13.0,44,0.029179981485336334,0.0016049866361660101,0.027799470658675947,0.03811045248709973,0.04275037392700814,0.04574636335075016,0.0682754397684257,0.023380093520374
US Power Grid,seamless,13.0,45,0.028621557895039885,0.002371039682286448,0.028559128981824184,0.03243562395753666,0.040972280865410986,0.04524283240811121,0.1206997327989312,0.0321476285905143
US Power Grid,seamless,13.0,46,0.029460264304122175,0.001993469956873578,0.02718661738751208,0.03754290374200254,0.0437855541231082,0.049160880556974706,0.088106769093743,0.0272767757737697
US Power Grid,seamless,13.0,47,0.02874075333582372,0.002007515279513718,0.024643676610026522,0.0385720756943059,0.04272587615950818,0.050507299672296294,0.0762775551102204,0.023380093520374
US Power Grid,seamless,13.0,48,0.0282355419958772,0.0017995604494200595,0.027260435994038053,0.035346178284895335,0.040723882753686984,0.046533112190461065,0.0738977955911823,0.03604431084391
US Power Grid,seamless,13.0,49,0.030767835035778235,0.0016105722277950903,0.030830772385392276,0.038069487958702936,0.04585894714886872,0.053285607673680666,0.0553468047205522,0.0350701402805611
US Power Grid,seamless,13.0,50,0.029607713077321123,0.0018057290032822803,0.026462025634736954,0.038971250581972025,0.041725379814022974,0.05586910222692262,0.1218269873079492,0.0253284346470719
US Power Grid,seamless,13.0,51,0.029407662130527847,0.00154940186509984,0.0287677727049696,0.0378883568295386,0.0415885739097623,0.046359954180303725,0.0581579826319305,0.0292251169004676
US Power Grid,seamless,13.0,52,0.028428936327403755,0.002655091419695806,0.028592788725904986,0.038000992472006334,0.04390908865096282,0.050613939743894526,0.0990174794032509,0.0204575818303273
US Power Grid,seamless,13.0,53,0.03067216144323823,0.0015132988784293006,0.02895048370973623,0.04133206495437423,0.04809372942895352,0.04953021986000982,0.0747884658205299,0.024354264083723
US Power Grid,seamless,13.0,54,0.02984224013943663,0.002418042706990451,0.02654614785125802,0.03858904307103672,0.046113450179483394,0.05161410603324698,0.1068247606323758,0.0224059229570251
US Power Grid,seamless,13.0,55,0.028302365736507715,0.002182268376841252,0.02726144791525547,0.03359700430671637,0.04141497585843044,0.05363968678096934,0.1197812291249165,0.023380093520374
US Power Grid,seamless,13.0,56,0.02899428767819164,0.0019837494005676124,0.030219042015995744,0.035640983613317134,0.04128060926658113,0.0497960285333837,0.1312625250501002,0.0311734580271654
US Power Grid,seamless,13.0,57,0.02942323942368762,0.0021709751782319543,0.02681147568050617,0.039441787497580254,0.04367544920553488,0.0490691129958279,0.1070195947450456,0.0272767757737697
US Power Grid,seamless,13.0,58,0.028699430803577466,0.002001021351381835,0.029003881505827726,0.034446186707731856,0.03962841750647576,0.05092945410905268,0.1116538632821198,0.0350701402805611
US Power Grid,seamless,13.0,59,0.02824783843181794,0.0028194596549168324,0.027570479830720463,0.034891287606255095,0.0377785982452762,0.048489811163545705,0.1206162324649298,0.0214317523936762
US Power Grid,seamless,13.0,60,0.029415769372746783,0.0016091622726265831,0.029121223535442834,0.03726667772913123,0.04146241259988247,0.048044589069632264,0.0768898908928969,0.0399409930973057
US Power Grid,seamless,13.0,61,0.029189010621319275,0.0022674350919236084,0.02750783032413703,0.03769633115956303,0.04432893916044404,0.049864147293739274,0.0909875306167891,0.024354264083723
US Power Grid,seamless,13.0,62,0.03046590127079904,0.0015212976625583311,0.030462257317499505,0.040203662123548985,0.04352079812073895,0.04615298776458461,0.0620824983299933,0.0438376753507014
US Power Grid,seamless,13.0,63,0.028608366679857587,0.0021442538163364863,0.028320081921525683,0.03642106400157308,0.03875871315108504,0.0461162407794743,0.1090236027610777,0.0370184814072589
US Power Grid,seamless,13.0,64,0.02924877102884603,0.0020720342857341745,0.02811626599653089,0.03563398243965763,0.039570516032064115,0.051447596569909194,0.0933672901358272,0.03604431084391
US Power Grid,seamless,13.0,65,0.029984021977439077,0.0020233094888532453,0.028834162641381004,0.038003510559689715,0.042424064247326844,0.05567369576610761,0.0950512135381874,0.0409151636606546
US Power Grid,seamless,13.0,66,0.03045163903197914,0.001960322453152413,0.028195252477392255,0.04052663815738348,0.04784537654705342,0.05011810545209657,0.0679136049877532,0.0272767757737697
US Power Grid,seamless,13.0,67,0.02903562376769913,0.001903449742268858,0.028873882474171574,0.034628208237040575,0.0393283929209407,0.051885204974169714,0.0829714985526608,0.0292251169004676
US Power Grid,seamless,13.0,68,0.028643886704295005,0.0025245349939964877,0.02851892426655675,0.037799404220069305,0.04338019889802463,0.0495856637021319,0.095315631262525,0.0204575818303273
US Power Grid,seamless,13.0,69,0.029643734720424243,0.0016869131658130425,0.028204863461184605,0.03585721122590905,0.04341388013110434,0.047219758277940144,0.0670090180360721,0.0428635047873524
US Power Grid,seamless,13.0,70,0.030591793998633304,0.0016824257123440418,0.031407590703490904,0.03784795743100266,0.04359325742305395,0.05706546838533025,0.0969299710532175,0.0389668225339568
US Power Grid,seamless,13.0,71,0.02899863955904828,0.001908425257142342,0.026674014221793437,0.03606232324261599,0.04375940809677848,0.04663418385165671,0.0953852148741928,0.024354264083723
US Power Grid,seamless,13.0,72,0.029728874320984127,0.0019787738856941327,0.028144085790628798,0.03579496064779127,0.04367569575202475,0.052869885218931725,0.0806056557559563,0.0263026052104208
US Power Grid,seamless,13.0,73,0.02959736888699833,0.0018110434496866547,0.02876292838936025,0.03902861006180867,0.03985590284466399,0.04931411220360532,0.0695557782231129,0.0399409930973057
US Power Grid,seamless,13.0,74,0.028107832595037373,0.0019750863106380353,0.027325017224309092,0.03518229807568351,0.04413782519994933,0.0510490212404664,0.0681362725450901,0.0301992874638165
US Power Grid,seamless,13.0,75,0.028803238752858836,0.002119254226617946,0.02727280676740024,0.03284506136329933,0.044299469010332285,0.049255137571731375,0.0970830549988866,0.0331217991538632
US Power Grid,seamless,13.0,76,0.02771819690712477,0.002564271326678179,0.02680717491769242,0.03897104304447151,0.04157558780028403,0.0441631273283793,0.1241649966599866,0.0146125584502338
US Power Grid,seamless,13.0,77,0.02869333003602141,0.001961542606663619,0.02525265177784123,0.03727425327775311,0.042615025362709495,0.0511966176577577,0.0880511022044088,0.0253284346470719
US Power Grid,seamless,13.0,78,0.030267314508219234,0.001914132864122548,0.028746870183785543,0.03908357705840311,0.04632852622543247,0.04896402414438486,0.0726592073034958,0.0253284346470719
US Power Grid,seamless,13.0,79,0.02892008878744892,0.0016831306899282976,0.02938556401762294,0.03628913702524253,0.039877654799193966,0.0464736948572675,0.0791861500779336,0.0370184814072589
US Power Grid,seamless,13.0,80,0.029819870658397824,0.0016881739911079553,0.030370830291462758,0.03906721415689734,0.04330402459973363,0.04789211895436787,0.0754286350478735,0.0263026052104208
US Power Grid,seamless,13.0,81,0.028093299210992753,0.00248577478412376,0.028762144751549264,0.034395964359886594,0.040572233883542655,0.051199057273706515,0.0959697172122021,0.0350701402805611
US Power Grid,seamless,13.0,82,0.029386106085163174,0.0016524099359683157,0.02923066096058422,0.03942789303354182,0.045173445355028,0.04683455220006257,0.074315297261189,0.0301992874638165
US Power Grid,seamless,13.0,83,0.02880787533620142,0.002171964858302155,0.028760043264189638,0.03636299773752124,0.037899143780003905,0.050138905004426,0.1099421064350924,0.0370184814072589
US Power Grid,seamless,13.0,84,0.028728090853829626,0.001847119321834728,0.028078828934295152,0.03804026664807664,0.044500271152961304,0.05274187872907202,0.0754147183255399,0.0185092407036294
US Power Grid,seamless,13.0,85,0.029672408327937643,0.0017953305839145412,0.02878183425203721,0.03747920024918459,0.04448312579575102,0.05063058215195819,0.1050155867290136,0.0418893342240035
US Power Grid,seamless,13.0,86,0.02873682173006538,0.002012138305595072,0.02874554650077673,0.03606398270833194,0.0432793658096383,0.0473386676656371,0.0788243152972612,0.0321476285905143
US Power Grid,seamless,13.0,87,0.02903262761296605,0.0015668636175713538,0.02882524107201288,0.03760143948545844,0.04299469264972952,0.046327115966394466,0.0638916722333556,0.0292251169004676
US Power Grid,seamless,13.0,88,0.02934707473006573,0.001979777123025571,0.029596804151643147,0.03747640083953433,0.04078917874344394,0.04988465368413078,0.0965124693832108,0.0379926519706078
US Power Grid,seamless,13.0,89,0.029343658300234342,0.002024719444021753,0.02883373960396423,0.03712810742470551,0.04054972405969808,0.050426165721756865,0.0885381874860832,0.023380093520374
US Power Grid,seamless,13.0,90,0.028327866944891988,0.001842509853014607,0.02887146117852131,0.038072774718770484,0.04131856435265819,0.046405804590984284,0.0812458249832999,0.0389668225339568
US Power Grid,seamless,13.0,91,0.029190867966108563,0.0018463872297280032,0.027844793676150507,0.03897121651102683,0.04177993695803284,0.04870913324233007,0.0637246715653529,0.0340959697172122
US Power Grid,seamless,13.0,92,0.02797093137107978,0.0028446761608151407,0.026501067723608697,0.03116468909890105,0.04690462005091256,0.049050911776362664,0.137692050768203,0.0311734580271654
US Power Grid,seamless,13.0,93,0.027456785795978943,0.0024332946258805647,0.024971822865739027,0.034129678041203516,0.037965777385077504,0.047079812402582875,0.1101786907147628,0.0253284346470719
US Power Grid,seamless,13.0,94,0.02966501962056422,0.001877541816047526,0.02901975541892051,0.03902970675946157,0.04187696883686904,0.05041439920252211,0.1056140057893565,0.0399409930973057
US Power Grid,seamless,13.0,95,0.029232556544408192,0.001964877692927589,0.027707583061205215,0.03463240725209596,0.04182561860199491,0.05534646528830013,0.0722556223558227,0.0224059229570251
US Power Grid,seamless,13.0,96,0.028954320872068933,0.002535150329544,0.02897586939196679,0.037142421682494126,0.04106611621641676,0.049456260022258385,0.1220496548652861,0.0301992874638165
US Power Grid,seamless,13.0,97,0.028935815210482267,0.002062178156815858,0.02867551022442891,0.03597325472897865,0.043309601592644256,0.04697380560822685,0.1009936539746159,0.023380093520374
US Power Grid,seamless,13.0,98,0.029177324262134156,0.0020444588163808616,0.028073915961848044,0.03619439314358561,0.04527857821435594,0.047976596610360425,0.1282704297483856,0.0311734580271654
US Power Grid,seamless,13.0,99,0.02823028177851777,0.002180763520844093,0.02688977650887767,0.03900858641651824,0.03987093858471796,0.04468691305578344,0.0926436205744823,0.0214317523936762
US Power Grid,seamless,13.0,100,0.028915411532322608,0.0022698076126398455,0.027691380484175306,0.03835777194424244,0.0406597752150709,0.050109151636606515,0.0908901135604542,0.0389668225339568
US Power Grid,seamless,14.0,1,0.028049360127328008,0.0022974237537768693,0.02731680305945693,0.03709487319963662,0.039954909819639235,0.050299578749335355,0.1081329325317301,0.0194834112669784
US Power Grid,seamless,14.0,2,0.02835193108358526,0.0021898740003944506,0.02926996821553891,0.036683943091613685,0.041629161521997436,0.04427816113326307,0.0879954353150746,0.0379926519706078
US Power Grid,seamless,14.0,3,0.02944170441349057,0.002121464060199358,0.028917553925005467,0.03724649261423973,0.04278408552551939,0.054566808789713865,0.0866455132487196,0.0428635047873524
US Power Grid,seamless,14.0,4,0.0294774955831527,0.001998011639387524,0.029107886205556106,0.03725362602599829,0.04516579290288717,0.05240739415338603,0.0829575818303273,0.0224059229570251
US Power Grid,seamless,14.0,5,0.02738396974588227,0.002800547275493096,0.026207036741263047,0.033303636554859246,0.045129075127518695,0.05034415501273788,0.1501336005344021,0.0311734580271654
US Power Grid,seamless,14.0,6,0.029408150191932332,0.0016396254386230973,0.027966535678171395,0.03726800579716932,0.038946610218527154,0.05456418736292819,0.1133934535738142,0.0282509463371186
US Power Grid,seamless,14.0,7,0.027872288738329174,0.0021948224007454628,0.026994598283915996,0.03445130859348784,0.03798652875677195,0.04459723688739745,0.0886634379870852,0.0379926519706078
US Power Grid,seamless,14.0,8,0.028797056641735385,0.0017790889849542307,0.02940163704784679,0.03442846807556359,0.04167867782177605,0.050023075409675564,0.0668141839234023,0.0311734580271654
US Power Grid,seamless,14.0,9,0.028710791788492937,0.0025324253200356382,0.028025859762863106,0.03564926526846125,0.04613794901891248,0.04671389109559504,0.1062541750167,0.03604431084391
US Power Grid,seamless,14.0,10,0.028507663343399176,0.0021683857413359437,0.02620860843435586,0.037334267029709545,0.041905729266752616,0.04626968088877937,0.1128507014028056,0.0263026052104208
US Power Grid,seamless,14.0,11,0.02811610252439112,0.0017779908467941425,0.02648024584028567,0.037377664116562494,0.04118919293422972,0.04383329404206403,0.090709196170118,0.0389668225339568
US Power Grid,seamless,14.0,12,0.02801929012190733,0.0021699448263780433,0.026903659827028633,0.034507388472554475,0.03914007691895746,0.04214491073650562,0.0808561567579603,0.0253284346470719
US Power Grid,seamless,14.0,13,0.029575907742462274,0.0018915057951202471,0.027190390591376765,0.038346252901043,0.04439047416112177,0.04824695687671629,0.0765698062792251,0.023380093520374
US Power Grid,seamless,14.0,14,0.02885314303146727,0.002073227324722912,0.0271906072444707,0.037957177972502656,0.04176381742144018,0.05263729619733285,0.0774048096192384,0.0214317523936762
US Power Grid,seamless,14.0,15,0.029653062116154365,0.0017581294590839184,0.031182761156692607,0.03749008986277518,0.041693226130649304,0.05240573740072727,0.0738282119795145,0.0331217991538632
US Power Grid,seamless,14.0,16,0.026902076895261064,0.0029594654916974,0.025074980827002095,0.03424533418830181,0.04043718635792341,0.05175188404250979,0.1148547094188376,0.0350701402805611
US Power Grid,seamless,14.0,17,0.028921702101535947,0.0017674839693365178,0.02812290011475846,0.03635221664152221,0.04362048038346362,0.04769832408841791,0.0724922066354932,0.0370184814072589
US Power Grid,seamless,14.0,18,0.029885718276219376,0.001908438814403576,0.02858656426208191,0.03601760107241922,0.04273195438902805,0.0544822397154512,0.0833472500556669,0.0428635047873524
US Power Grid,seamless,14.0,19,0.027289936581951793,0.0025362755822265683,0.024970658364916295,0.03348443305178795,0.040488278076223946,0.048851633068030975,0.1507598530394121,0.023380093520374
US Power Grid,seamless,14.0,20,0.028138485562691173,0.0024509326227481467,0.0242977758087579,0.03671021932397934,0.04450092513719766,0.05490038986018009,0.1048903362280115,0.0185092407036294
US Power Grid,seamless,14.0,21,0.0283357843854536,0.0021064155002277845,0.02589513361056444,0.03784412372328106,0.041562128274620094,0.05002594236852224,0.0850450901803607,0.0389668225339568
US Power Grid,seamless,14.0,22,0.029595850473739922,0.0017362073676658715,0.0295484834737304,0.03630982253740007,0.04503419190399052,0.05215948976031734,0.1088148519260743,0.0331217991538632
US Power Grid,seamless,14.0,23,0.027278914528567212,0.0028429137168545027,0.029244520853410953,0.0330142313311606,0.03785514736454217,0.04743637126842585,0.2212619683812068,0.0301992874638165
US Power Grid,seamless,14.0,24,0.027659168591704742,0.0028276617979644063,0.02848568623190149,0.0317994932685568,0.041726347995135506,0.05110654748362995,0.1257654197283456,0.0321476285905143
US Power Grid,seamless,14.0,25,0.02860556032678182,0.0021974796239476488,0.026947048808568404,0.03544930376967571,0.04042939563481258,0.05258189693727425,0.0840152527276775,0.03604431084391
US Power Grid,seamless,14.0,26,0.028223760735863412,0.002466360786034316,0.02695762316051877,0.03306815245758003,0.03772973821482214,0.055590614762117414,0.1227037408149632,0.0272767757737697
US Power Grid,seamless,14.0,27,0.02868661919170977,0.0018771350982104563,0.026977877250356302,0.03612000652957563,0.040815323092665286,0.05470615801570595,0.06375250501002,0.0409151636606546
US Power Grid,seamless,14.0,28,0.027710103222167094,0.0023703482619634292,0.02925871821390656,0.03042896025431823,0.03892439714753899,0.04780174792479729,0.1145346248051659,0.0301992874638165
US Power Grid,seamless,14.0,29,0.028002452003452662,0.0021325945716738257,0.027069488346681853,0.03661285986607356,0.042989050158665595,0.04371609627416212,0.1104709418837675,0.0165608995769316
US Power Grid,seamless,14.0,30,0.0307345519594447,0.0015204977841454287,0.031102336656123747,0.040302459848578734,0.04796582636039598,0.053077963555635266,0.1035682476063237,0.0409151636606546
US Power Grid,seamless,14.0,31,0.028653431016204895,0.001542758807094369,0.02574244014119575,0.03710790128924278,0.04684192549344939,0.048188970533659815,0.0624164996659986,0.0301992874638165
US Power Grid,seamless,14.0,32,0.02912633540262687,0.0018986233572689665,0.028357458646366702,0.03685287241148958,0.04327188307472815,0.04896044258656201,0.0723808728568247,0.0409151636606546
US Power Grid,seamless,14.0,33,0.02962230069041068,0.0017896636487180417,0.026219912712133746,0.03778047899076834,0.04502803171030032,0.05075105783132062,0.091961701180138,0.0263026052104208
US Power Grid,seamless,14.0,34,0.028668588034266355,0.001952120310104845,0.02634946975562406,0.03563809835568245,0.0467054690188457,0.05391280843473884,0.0780310621242485,0.023380093520374
US Power Grid,seamless,14.0,35,0.02774444376487699,0.0022917025895354253,0.028012092512696134,0.03385167307439094,0.03956791479307608,0.050206249348204106,0.0895958583834335,0.0321476285905143
US Power Grid,seamless,14.0,36,0.028199059405892065,0.0022898859165298444,0.02808836086073467,0.032018604097636974,0.04132353492891843,0.04990527057477324,0.1128785348474727,0.0321476285905143
US Power Grid,seamless,14.0,37,0.029438599800667615,0.0019519711802312497,0.029200460994987038,0.0393228833553632,0.044161754382386474,0.04757953740708108,0.0754286350478735,0.0214317523936762
US Power Grid,seamless,14.0,38,0.028338129791647376,0.0022884352895776255,0.027566722589662283,0.03471766022206012,0.03856376216340042,0.0491152320492086,0.1093715208194166,0.0350701402805611
US Power Grid,seamless,14.0,39,0.028617897434506268,0.0021058189807334135,0.02778174881521965,0.03488995777935004,0.042513565305657794,0.04598567620276668,0.0869099309730572,0.0350701402805611
US Power Grid,seamless,14.0,40,0.02894969784598757,0.0022445233204353614,0.0268466102549317,0.03833209383829031,0.04250407698695777,0.052348001358432206,0.094564128256513,0.0389668225339568
US Power Grid,seamless,14.0,41,0.028691648935628193,0.0020927768954247194,0.028764872868748386,0.035631769244605226,0.041764734666465485,0.04635322424784839,0.1111389445557782,0.03604431084391
US Power Grid,seamless,14.0,42,0.02874678631707359,0.0020423709981505717,0.027983602938199556,0.03835296163102455,0.04320282930504385,0.05069959433814042,0.0816354932086395,0.0409151636606546
US Power Grid,seamless,14.0,43,0.027809355931673288,0.0023424609756016956,0.027675904242942743,0.03585510186310207,0.03794316097612441,0.04269848851200797,0.0807587397016254,0.0253284346470719
US Power Grid,seamless,14.0,44,0.028141739305387735,0.002221964037739236,0.027761512524674264,0.03586405654206848,0.03864313067997458,0.045473438720133,0.1012163215319528,0.0370184814072589
US Power Grid,seamless,14.0,45,0.027422621497665115,0.002211308030408014,0.025365849980448506,0.03653556943889133,0.040913488422333305,0.04493799057019399,0.1085643509240703,0.0224059229570251
US Power Grid,seamless,14.0,46,0.029026906448724608,0.002078962046225589,0.026719813278690475,0.040160918916321606,0.045065427177528705,0.047688768645583905,0.0790887330215987,0.0214317523936762
US Power Grid,seamless,14.0,47,0.028131612031244695,0.0019933750560449295,0.0276547855458674,0.03523638099103019,0.03935524851170219,0.04503937031408077,0.0806613226452905,0.024354264083723
US Power Grid,seamless,14.0,48,0.028301769217013353,0.0019800347109890488,0.026351384949886734,0.03629715362284812,0.04289247946665279,0.0447276799072318,0.0871743486973948,0.0370184814072589
US Power Grid,seamless,14.0,49,0.028023696231808927,0.0023299069516974835,0.025094690514816463,0.03877157299673973,0.04308117429602328,0.04687564429270053,0.1293976842574037,0.0204575818303273
US Power Grid,seamless,14.0,50,0.029904711999210517,0.0015885823500708658,0.02950077641705678,0.03602455786254438,0.045319800144907274,0.047598432871869836,0.0979041416165664,0.0301992874638165
US Power Grid,seamless,14.0,51,0.027530808442325604,0.002646672360468464,0.0283599668014341,0.030789553292893273,0.03677150463997533,0.051083475230429345,0.1125027833444667,0.0311734580271654
US Power Grid,seamless,14.0,52,0.028682375768943013,0.002365020258297819,0.027123044538689724,0.03826316780517055,0.04072106985031275,0.05019754674861652,0.0974309730572255,0.0214317523936762
US Power Grid,seamless,14.0,53,0.026915335896749534,0.0029075411811648535,0.024838763071866436,0.03471069562948611,0.04496193343625046,0.04815702579731371,0.1479625918503674,0.0146125584502338
US Power Grid,seamless,14.0,54,0.028656400056415506,0.0019792755043598507,0.027253453583617977,0.03564709805897568,0.04040994030807192,0.04965700210569869,0.0886773547094188,0.03604431084391
US Power Grid,seamless,14.0,55,0.028675990298901027,0.0018523253101492164,0.028334941487914028,0.035742052472053316,0.04046218168800346,0.0485462074591661,0.1032064128256513,0.0214317523936762
US Power Grid,seamless,14.0,56,0.027830871305254253,0.0024318575561895787,0.028412492209432753,0.03443839096850569,0.03959594024650606,0.04187533453407523,0.1028863282119795,0.0311734580271654
US Power Grid,seamless,14.0,57,0.028295370189710116,0.0025955343710875934,0.02871320046500078,0.03510853526293209,0.041322445451371446,0.04859792926520439,0.1009240703629481,0.0194834112669784
US Power Grid,seamless,14.0,58,0.029356415683057097,0.0017719443082830433,0.030644127637182664,0.03705068290564578,0.04320482128395397,0.04477552568206416,0.0692217768871075,0.0340959697172122
US Power Grid,seamless,14.0,59,0.02932573560088082,0.001962627187562473,0.02951668398689789,0.039005040066928065,0.043184913265561745,0.04800736672549804,0.07666722333556,0.023380093520374
US Power Grid,seamless,14.0,60,0.02914225162731752,0.0017846339047996138,0.027703668853779367,0.03727136697682973,0.04154726923539333,0.04620553394005586,0.0868820975283901,0.0263026052104208
US Power Grid,seamless,14.0,61,0.027936428141235037,0.002403658452819427,0.027988417215138145,0.03389240029238947,0.03989646370321179,0.04579699304712706,0.1483383433533734,0.0340959697172122
US Power Grid,seamless,14.0,62,0.02805925692803003,0.0017583734897861573,0.02643679328444203,0.03781866397240768,0.04246064106694774,0.04416123914495655,0.0648936762413716,0.0214317523936762
US Power Grid,seamless,14.0,63,0.029024411912657245,0.001767524641120222,0.02861652792765012,0.036595832056078935,0.04334845915313083,0.05112318802828065,0.0782815631262525,0.0370184814072589
US Power Grid,seamless,14.0,64,0.028712689805065923,0.0018890926026203052,0.028093575621897557,0.03803002137153969,0.038894361180561825,0.04334937235582271,0.0863254286350478,0.0389668225339568
US Power Grid,seamless,14.0,65,0.02940749944339303,0.0017328316096181947,0.028367918237942356,0.04016446728030857,0.04371437188409159,0.047212154806065956,0.0708500334001336,0.0438376753507014
US Power Grid,seamless,14.0,66,0.029667120996055736,0.0018749659364127528,0.02724362900692133,0.038283449153697045,0.04637037623647501,0.05278708028647063,0.0657843464707192,0.0253284346470719
US Power Grid,seamless,14.0,67,0.030046222691988245,0.0016626592254624633,0.029313677860772044,0.037061527693198856,0.04797592314600494,0.05451021007133229,0.070084613671788,0.0301992874638165
US Power Grid,seamless,14.0,68,0.028451360037487525,0.0020955696912392636,0.027798587339986452,0.03517058334308337,0.040710129134743686,0.04675785214459094,0.0795201514139389,0.0350701402805611
US Power Grid,seamless,14.0,69,0.027348992011894283,0.0021265344759014916,0.026278750995865793,0.03175144221109621,0.04046804764615713,0.04970618370868254,0.084251837007348,0.0263026052104208
US Power Grid,seamless,14.0,70,0.028737987654531654,0.00209898612107065,0.02725277277311026,0.0340611779113783,0.04480274466657264,0.051192857161866834,0.0727983745268314,0.0321476285905143
US Power Grid,seamless,14.0,71,0.02658315588195362,0.002843862725141008,0.025867384600185016,0.03245144142438537,0.03783156062922163,0.04082948670291088,0.1187235582275662,0.0263026052104208
US Power Grid,seamless,14.0,72,0.028314838416844526,0.001983884973179971,0.026536484431556297,0.035968570283719255,0.0440811549792124,0.04823939217016706,0.0988226452905811,0.0253284346470719
US Power Grid,seamless,14.0,73,0.029215609967863623,0.0022549488543255718,0.028112323160785917,0.034833980974111514,0.04179817372333862,0.04823330235349922,0.1119182810064573,0.0350701402805611
US Power Grid,seamless,14.0,74,0.028830597306032383,0.002239317332120868,0.028749367052579897,0.037821879809313216,0.040777226369117764,0.04547283672324796,0.0899020262747717,0.0214317523936762
US Power Grid,seamless,14.0,75,0.028582146936627854,0.0019276901253581975,0.029419509212428377,0.03774479536994897,0.04411460786711286,0.04858673484678882,0.1012998218659541,0.0204575818303273
US Power Grid,seamless,14.0,76,0.02874463071253712,0.0019028261082520163,0.0272051755471238,0.03707858920189062,0.03877740755191754,0.04557217680747345,0.0851007570696949,0.0253284346470719
US Power Grid,seamless,14.0,77,0.02957245064084719,0.0015421216158162895,0.029043265204814806,0.036871263187532026,0.04627567503980703,0.05119832688633074,0.0724922066354932,0.0292251169004676
US Power Grid,seamless,14.0,78,0.028673021258690416,0.0017514999583396822,0.028831730364030167,0.03566485863945948,0.0440570813256907,0.04549869261998997,0.0528000445335114,0.0175350701402805
US Power Grid,seamless,14.0,79,0.029114499913568154,0.001992114230750009,0.027179553306509386,0.034896639932425595,0.03977178980537031,0.04986968238471242,0.0944527944778445,0.0350701402805611
US Power Grid,seamless,14.0,80,0.026438608362659106,0.0026765118924481383,0.02501559357330324,0.031905927165518454,0.040250969349340734,0.05085561967038482,0.1139501224671565,0.0321476285905143
US Power Grid,seamless,14.0,81,0.028496505717402244,0.002294007323945482,0.026560656386249826,0.038008614573748156,0.03971151656190187,0.04760441329733752,0.0878841015364061,0.0253284346470719
US Power Grid,seamless,14.0,82,0.028563709061347354,0.0019645387613967005,0.025277727860816834,0.03941936904111251,0.04372415630158386,0.04663594594606714,0.0823313293253173,0.024354264083723
US Power Grid,seamless,14.0,83,0.028748914807087595,0.001957041595933384,0.030217729300904293,0.03496200686312616,0.04158441051979504,0.043936273219840345,0.132459363170786,0.0311734580271654
US Power Grid,seamless,14.0,84,0.028580886111332925,0.0023187493257005457,0.027489115537764723,0.03924081930093953,0.04341752487855869,0.0480056511793899,0.0861584279670452,0.0165608995769316
US Power Grid,seamless,14.0,85,0.028443578169538266,0.0020881538693433644,0.027730228171664408,0.035706690502096884,0.04292313021103929,0.05235110940443753,0.1327237808951235,0.0292251169004676
US Power Grid,seamless,14.0,86,0.02879810055085053,0.0017880096628472926,0.027546088396693907,0.036446876185962276,0.047879455370969465,0.05278625318705472,0.0966794700512135,0.0370184814072589
US Power Grid,seamless,14.0,87,0.02982599854047633,0.0016391238199573708,0.03062387504132498,0.03552671209911441,0.0456959232574314,0.04936301115601925,0.0705995323981295,0.0340959697172122
US Power Grid,seamless,14.0,88,0.027390056956177078,0.00229239400985844,0.027394656025280226,0.035417899426855075,0.03692707288523789,0.04541996450814082,0.101397238922289,0.0204575818303273
US Power Grid,seamless,14.0,89,0.02829478722747699,0.0020524169287261867,0.027335680155860034,0.03717072770438206,0.044729404691337654,0.04760879448888301,0.1051965041193498,0.0204575818303273
US Power Grid,seamless,14.0,90,0.029074261962220738,0.0018528676005986437,0.029347378575196623,0.034365320165300146,0.04522357083139021,0.04840950468971214,0.0840430861723447,0.0311734580271654
US Power Grid,seamless,14.0,91,0.02924050109949229,0.002412782489631014,0.028451811029466274,0.03472153863650307,0.04455601233619885,0.052278496950570824,0.1048346693386773,0.0350701402805611
US Power Grid,seamless,14.0,92,0.029145966316896085,0.0017770825102913577,0.027796170150514672,0.038000004201274584,0.04430786702947611,0.05179345511451231,0.0626670006680026,0.0282509463371186
US Power Grid,seamless,14.0,93,0.029162777320828295,0.0024224623741532746,0.028414171724062715,0.03643521290646278,0.04486727988752957,0.0470955183849695,0.1146459585838343,0.0370184814072589
US Power Grid,seamless,14.0,94,0.028237534913278843,0.002018198401367405,0.027620600678481076,0.034994219217519384,0.038944317960816134,0.05451028352514634,0.0869238476953907,0.0370184814072589
US Power Grid,seamless,14.0,95,0.028634844011050826,0.0023802992917104013,0.026475009966477392,0.03571639750431515,0.04417736128929173,0.049309235989306886,0.0969856379425517,0.03604431084391
US Power Grid,seamless,14.0,96,0.02828371094504746,0.0020484310939229058,0.027626369864974205,0.03592429961595908,0.03887280537169956,0.04788701832207441,0.0816076597639724,0.0389668225339568
US Power Grid,seamless,14.0,97,0.029056352820128438,0.0018600665063147736,0.027539031138860214,0.03611035630583196,0.04460431141929184,0.050802994878646056,0.0697923625027833,0.024354264083723
US Power Grid,seamless,14.0,98,0.029285985710937892,0.0015408879050438492,0.028013272778046223,0.03928178703504925,0.04366982248483646,0.04545106761987326,0.0687068581607659,0.0438376753507014
US Power Grid,seamless,14.0,99,0.02840827506128063,0.0024505123476498405,0.02707016255278909,0.03772327025771538,0.04076788289723961,0.046510577814272695,0.1225506568692941,0.0194834112669784
US Power Grid,seamless,14.0,100,0.027903741584395875,0.002187759067641693,0.0261471266167691,0.035721879575817635,0.03948596518560727,0.04792716641414029,0.1080772656423959,0.023380093520374
US Power Grid,seamless,15.0,1,0.0290493030442859,0.0016666586175269789,0.02747935663335422,0.03701903147533533,0.04068614723363999,0.0502464740355414,0.0720051213538187,0.0409151636606546
US Power Grid,seamless,15.0,2,0.028548158882710062,0.001964267616171987,0.025942540754850852,0.03655153133646125,0.04282484120857358,0.04836378107601402,0.1193080605655756,0.0370184814072589
US Power Grid,seamless,15.0,3,0.02758547131962774,0.002425512757931298,0.028263154798822118,0.03525033199689547,0.03991707705389689,0.053203149594207536,0.1594578044978846,0.0292251169004676
US Power Grid,seamless,15.0,4,0.029053519352530192,0.0018099724260490452,0.028009952398336646,0.03725005100206614,0.04097360177036638,0.05104465015475556,0.0648658427967045,0.0399409930973057
US Power Grid,seamless,15.0,5,0.027731672824793007,0.002250583416207688,0.025759695788312314,0.035008521464304984,0.04264181351482622,0.04897862235065003,0.1035682476063237,0.0194834112669784
US Power Grid,seamless,15.0,6,0.02917104725018204,0.002008640532196269,0.02910059693607102,0.03474193446967412,0.03699318131495572,0.05247433849039472,0.096317635270541,0.0370184814072589
US Power Grid,seamless,15.0,7,0.029154520948735777,0.002035402565875443,0.028849714771243987,0.035960318066706236,0.04406008032837161,0.04872903702141124,0.0729236250278334,0.0311734580271654
US Power Grid,seamless,15.0,8,0.028502647156741986,0.001986176150328796,0.029784162463658063,0.03720141511020902,0.03889794337673132,0.05163608623653707,0.1042780004453351,0.0311734580271654
US Power Grid,seamless,15.0,9,0.027849526096714514,0.0023199830364729907,0.026637449233085694,0.03410766853808805,0.04001863375874552,0.050453161355521595,0.1021209084836339,0.0350701402805611
US Power Grid,seamless,15.0,10,0.027808949213836212,0.001898908059754913,0.026118802425674728,0.03365024326665948,0.03792398516524508,0.05035391295411331,0.0831802493876642,0.0340959697172122
US Power Grid,seamless,15.0,11,0.026872698310163416,0.0028343726422760474,0.028267527963728795,0.029987379589811437,0.039613392075680494,0.0500999028936733,0.1773407926965041,0.0301992874638165
US Power Grid,seamless,15.0,12,0.02864882154738478,0.0021392783014630035,0.02874504137423637,0.03729473873119366,0.03894120238473943,0.04759015834556739,0.1605293921175684,0.0292251169004676
US Power Grid,seamless,15.0,13,0.02927505855838196,0.0018865709520304687,0.029268522272316418,0.03740665665089217,0.043670812472028725,0.051273399157523505,0.1032342462703184,0.0409151636606546
US Power Grid,seamless,15.0,14,0.028731561512705946,0.0017190032031578265,0.027539601849511926,0.03526762971333541,0.04298832039078149,0.05113244165097867,0.0975144733912269,0.0272767757737697
US Power Grid,seamless,15.0,15,0.0289742364888241,0.0016499153999009533,0.02814820292246005,0.036455662734816735,0.0397375173088349,0.055282358590493505,0.0684424404364284,0.0282509463371186
US Power Grid,seamless,15.0,16,0.02877108092920788,0.0017311098374412671,0.02683884501691648,0.037001754415723766,0.03986085914834545,0.052672877358176017,0.0741761300378534,0.0399409930973057
US Power Grid,seamless,15.0,17,0.027820594901237637,0.002164671051757373,0.02957612997703908,0.0348748091420937,0.037004041499875205,0.05196263253001722,0.1242624137163215,0.0311734580271654
US Power Grid,seamless,15.0,18,0.028793653769165227,0.001809253891203556,0.027076809185329967,0.037080769202693833,0.042638652072436146,0.04588186970941143,0.084126586506346,0.0379926519706078
US Power Grid,seamless,15.0,19,0.028094126203928125,0.0019819327275620384,0.026852061168407222,0.037451797534462795,0.040789670509109345,0.04734413406980439,0.0741482965931863,0.0409151636606546
US Power Grid,seamless,15.0,20,0.026884208424952472,0.002549263438490316,0.02735347275434462,0.03477136746761769,0.038774202820871205,0.04183184444005375,0.0999081496325985,0.0321476285905143
US Power Grid,seamless,15.0,21,0.029047893089117396,0.0018174018052061775,0.029287058381374177,0.035291263485356564,0.04260342487161667,0.04646979734415744,0.0589790692496103,0.0253284346470719
US Power Grid,seamless,15.0,22,0.028822002002408982,0.0017213757238740675,0.02887464899325677,0.0338325045565068,0.041736652656148614,0.052860632360302494,0.1195724782899131,0.0340959697172122
US Power Grid,seamless,15.0,23,0.028286679985258075,0.002300040305195346,0.026913644094241795,0.03663309525032965,0.042567345024188324,0.05185364018428691,0.1312764417724337,0.0194834112669784
US Power Grid,seamless,15.0,24,0.02863053280197788,0.0019062154235609276,0.027142929024211823,0.037503985243213626,0.040705577032856044,0.05033085973928048,0.0819555778223112,0.0321476285905143
US Power Grid,seamless,15.0,25,0.02801802929661242,0.002182986911686739,0.025089664599772694,0.03400412448513262,0.04398380093520373,0.04629839388922768,0.0886216878200846,0.0253284346470719
US Power Grid,seamless,15.0,26,0.029216477632582713,0.0017332925565002038,0.028404499385787735,0.03568923933016601,0.04408796740598284,0.04847764545243199,0.0697784457804498,0.024354264083723
US Power Grid,seamless,15.0,27,0.02891991254305285,0.0018282882859784076,0.0273624171419762,0.036133178597379474,0.04626002224727151,0.048366953413502695,0.0646710086840347,0.0253284346470719
US Power Grid,seamless,15.0,28,0.028589725445658572,0.002386955906977105,0.02866401375736217,0.036274640149007914,0.0400854183841102,0.04496579680307789,0.1033873302159875,0.0379926519706078
US Power Grid,seamless,15.0,29,0.027352869388607683,0.002158272024454144,0.026801950695609523,0.03509709701678565,0.03751315464218052,0.04262973137109113,0.0964707192162102,0.0311734580271654
US Power Grid,seamless,15.0,30,0.028587800314563105,0.002640259775904003,0.02768715471187337,0.033739490899078184,0.04142628691726877,0.04989603896515903,0.1116538632821198,0.0331217991538632
US Power Grid,seamless,15.0,31,0.028868286492267487,0.0019758997463121763,0.02721938364885162,0.03675841488941453,0.040573939243220704,0.05040311734580267,0.1020791583166332,0.0370184814072589
US Power Grid,seamless,15.0,32,0.029219948291459037,0.001648478330209974,0.02956680192509238,0.03725920727378039,0.04013637449680882,0.04824862904102774,0.0894010242707637,0.0399409930973057
US Power Grid,seamless,15.0,33,0.027396361082651657,0.0021326352434575344,0.02720975038311912,0.033066946696169386,0.03815154814392641,0.04435754422108919,0.0975701402805611,0.0331217991538632
US Power Grid,seamless,15.0,34,0.02843011580913126,0.001706300049380026,0.02881906521881043,0.035218781328959406,0.03769394661264381,0.05193110844459831,0.0959697172122021,0.0370184814072589
US Power Grid,seamless,15.0,35,0.027825950019425717,0.0017548621591261277,0.026874863331596374,0.03730624014034617,0.039245738515134646,0.049717775427467366,0.0867707637497216,0.0379926519706078
US Power Grid,seamless,15.0,36,0.02821431132478218,0.0019428878152033674,0.024541712328069353,0.038455685996149847,0.041817012848567814,0.04621361438550945,0.1188766421732353,0.024354264083723
US Power Grid,seamless,15.0,37,0.027334851788425506,0.0022926244832994444,0.026470260306767357,0.035687016270523675,0.03862769789057248,0.049710270611858176,0.1023714094856379,0.0204575818303273
US Power Grid,seamless,15.0,38,0.028245669270020233,0.0023803399634941074,0.027374302059544657,0.035446776860226355,0.03985235611900958,0.04575951982608061,0.1081607659763972,0.03604431084391
US Power Grid,seamless,15.0,39,0.028584627915433963,0.0019414778600348609,0.026406353993988104,0.035887836246425525,0.038794050382444545,0.05352062148989326,0.0890252727677577,0.023380093520374
US Power Grid,seamless,15.0,40,0.028115099287059676,0.002155533457684548,0.028762638695306757,0.03502289531913353,0.038954647027917344,0.04479718098083859,0.0960114673792028,0.0389668225339568
US Power Grid,seamless,15.0,41,0.029462067419866518,0.001780620955473863,0.027444974068204123,0.03911005714466503,0.047273951964177136,0.049162777769992186,0.0721164551324872,0.023380093520374
US Power Grid,seamless,15.0,42,0.028912442492112004,0.0019589531697676117,0.028538532071688393,0.036786174706112784,0.04365666754687673,0.050277204400023465,0.0598697394789579,0.024354264083723
US Power Grid,seamless,15.0,43,0.02880656028186157,0.002122047022432494,0.02678106468235477,0.03751662439852293,0.04298721499093109,0.05128273161067716,0.0819138276553106,0.023380093520374
US Power Grid,seamless,15.0,44,0.027595639265554483,0.002033450320257511,0.027233193155785613,0.03311052309938872,0.04158747296047892,0.0499136778804176,0.1163020485415275,0.0321476285905143
US Power Grid,seamless,15.0,45,0.0287989275437859,0.002760946515423766,0.027127473546126008,0.03739867263624479,0.041782767499394045,0.053985263474417206,0.1232047428189712,0.0379926519706078
US Power Grid,seamless,15.0,46,0.028594321357217452,0.0020409068139371246,0.027766484046532747,0.03605442042600299,0.03921590358504393,0.05333942739279724,0.0871604319750612,0.0282509463371186
US Power Grid,seamless,15.0,47,0.029602466417222917,0.0019604037967198263,0.027687936491154367,0.03915322008438292,0.0441089525742438,0.05106491809615024,0.0770708082832331,0.024354264083723
US Power Grid,seamless,15.0,48,0.028047557011583665,0.0022843003249007573,0.02593168118833267,0.0345262027735808,0.03945558742005081,0.05263434670759951,0.1216043197506123,0.0350701402805611
US Power Grid,seamless,15.0,49,0.028125999325093146,0.0021094116549608636,0.02692803043338984,0.03694190904856772,0.04588363827744223,0.04915704455957388,0.0951625473168559,0.0214317523936762
US Power Grid,seamless,15.0,50,0.028153073175780734,0.001806406866344065,0.02902874866092638,0.03405793268870834,0.03676524493157754,0.04405908983344891,0.0965124693832108,0.03604431084391
US Power Grid,seamless,15.0,51,0.027822221772585906,0.0018059052476783511,0.027506532982106705,0.03318759980146997,0.03867065388190376,0.047687756656475254,0.0730210420841683,0.0292251169004676
US Power Grid,seamless,15.0,52,0.02820758692320928,0.0021894401680349097,0.02870131257007045,0.0329771546368884,0.038758571700953454,0.04766712611451374,0.0999777332442663,0.0331217991538632
US Power Grid,seamless,15.0,53,0.0286735499918786,0.0017299710274974686,0.026971457131235294,0.03725246585968022,0.03980176470996593,0.04912947709894812,0.0992818971275885,0.024354264083723
US Power Grid,seamless,15.0,54,0.027657135002519397,0.0026917095822933,0.024052803335328762,0.03463466903091666,0.04072444576163277,0.04745598310930406,0.1341154531284792,0.024354264083723
US Power Grid,seamless,15.0,55,0.028985868618964294,0.001570754551545985,0.030926174634367053,0.03595613952956541,0.03976842844790313,0.04388858252770973,0.0834446671120017,0.0399409930973057
US Power Grid,seamless,15.0,56,0.027680900881465496,0.0026188528604129155,0.027440058771122922,0.03638199393573902,0.03980017278264323,0.04804021039983524,0.1039718325539968,0.0185092407036294
US Power Grid,seamless,15.0,57,0.02901749770942705,0.0018536403644890756,0.027625177923197238,0.037459370840366976,0.04266867067468262,0.05089856583916126,0.0726035404141616,0.0379926519706078
US Power Grid,seamless,15.0,58,0.028483422960309836,0.0019734187675060477,0.02807613231083036,0.03628581412371774,0.040102711261695866,0.048911605943663686,0.0808700734802939,0.0399409930973057
US Power Grid,seamless,15.0,59,0.02789254328661524,0.0016422691045640504,0.02730006093547696,0.03494465205341451,0.03921346036554713,0.04912863922289018,0.0898741928301046,0.024354264083723
US Power Grid,seamless,15.0,60,0.02748251747780421,0.0024641102806691956,0.0252697932858715,0.035986089676995285,0.04172975289265208,0.04714083382099018,0.0940074593631707,0.0272767757737697
US Power Grid,seamless,15.0,61,0.028757076278351435,0.0016988706702228886,0.028778826030993642,0.03637572969535859,0.03791047885485039,0.04077387225588141,0.0904030282787797,0.0379926519706078
US Power Grid,seamless,15.0,62,0.02863290532269412,0.0027187427611971844,0.02843438664202993,0.03814818635878701,0.04360319170836429,0.05004367423950015,0.1066438432420396,0.0389668225339568
US Power Grid,seamless,15.0,63,0.02859529748002643,0.0017559467400249777,0.028612726542409386,0.03513984704906369,0.047091192679030405,0.04870174320952875,0.0642256735693609,0.0311734580271654
US Power Grid,seamless,15.0,64,0.027192419201883755,0.0022171240954781102,0.0263994778814287,0.03347368290161847,0.03608668507917675,0.043726741557114875,0.1041388332219995,0.0340959697172122
US Power Grid,seamless,15.0,65,0.028263469954022645,0.0025787640389390923,0.02898736563657141,0.03673813186957116,0.04075435086540296,0.04864981892226928,0.1155783789801826,0.0194834112669784
US Power Grid,seamless,15.0,66,0.028276471367547625,0.0021199998759859075,0.027833024222328435,0.03605861684518995,0.043527873170879305,0.04872974683407732,0.0901803607214428,0.0224059229570251
US Power Grid,seamless,15.0,67,0.026101385046683533,0.002658155360735063,0.025937862772394783,0.029418544268641572,0.03727632379948472,0.04458141710771969,0.1286183478067245,0.0272767757737697
US Power Grid,seamless,15.0,68,0.028319705473628123,0.002615219514401753,0.027928134560870097,0.03461795093283378,0.04065283643108818,0.05377033780108585,0.1420619015809396,0.0350701402805611
US Power Grid,seamless,15.0,69,0.028866591834613035,0.0020528643183469653,0.028587093780869904,0.03557123265289595,0.043794335340924084,0.04810847846084981,0.0949537964818525,0.03604431084391
US Power Grid,seamless,15.0,70,0.02909195418813326,0.00217887906153234,0.028870825902188917,0.036425628376757675,0.04398488009523448,0.051458563757752145,0.1141588733021598,0.0370184814072589
US Power Grid,seamless,15.0,71,0.02938830236148335,0.0018677534734353833,0.02702658042386911,0.03722626848032778,0.04569710673249081,0.05593964573716525,0.0869099309730572,0.0272767757737697
US Power Grid,seamless,15.0,72,0.027651142693053236,0.0022768845030048538,0.02646820765200377,0.03544759518135611,0.039319388034988495,0.047436568716117324,0.0982659763972389,0.03604431084391
US Power Grid,seamless,15.0,73,0.02907770550657459,0.002255694503693531,0.027245585225030896,0.0383524186315527,0.04153704910345785,0.0504162930155692,0.0876336005344021,0.0389668225339568
US Power Grid,seamless,15.0,74,0.029491147745216998,0.0016827917583974031,0.029201902263992642,0.039520825977717645,0.04226713176168371,0.04742373239955585,0.0974309730572255,0.0409151636606546
US Power Grid,seamless,15.0,75,0.028541448038398417,0.0019364074443327297,0.02789055914495152,0.03359767160676987,0.038871341664582275,0.04575433393232294,0.1325150300601202,0.0282509463371186
US Power Grid,seamless,15.0,76,0.02733186919095366,0.002132201411097992,0.02507194162316486,0.03416871302870344,0.039470895131504584,0.05354690863207896,0.0991148964595858,0.0340959697172122
US Power Grid,seamless,15.0,77,0.028882345372168862,0.0020245431996256877,0.027644687793122583,0.036966705421608244,0.039918403937256305,0.050865369126139114,0.0891226898240926,0.0224059229570251
US Power Grid,seamless,15.0,78,0.028489415269776,0.0021236061074745884,0.0251651348130185,0.03900118352193233,0.04483558478828351,0.049667494912754184,0.1064350924070363,0.0399409930973057
US Power Grid,seamless,15.0,79,0.0288862769779272,0.001938142773770887,0.027472513290362214,0.038847629900323505,0.04295179418082798,0.04513167634101279,0.11083277666444,0.0409151636606546
US Power Grid,seamless,15.0,80,0.028317834571577598,0.0018124534048551719,0.027968249722678626,0.03468316943910302,0.04524457578056298,0.049446724347322335,0.0585337341349365,0.0399409930973057
US Power Grid,seamless,15.0,81,0.027524233170626314,0.0021940089650713235,0.02695988668036752,0.03340270690751256,0.037783873686447984,0.055085505265949096,0.0949677132041861,0.024354264083723
US Power Grid,seamless,15.0,82,0.02994779697541741,0.0017987334564846915,0.02873199743063061,0.039997699346462745,0.04276150447307186,0.05578597376270688,0.0699176130037853,0.0428635047873524
US Power Grid,seamless,15.0,83,0.027603746507773412,0.002203038101054262,0.027470078057025005,0.03392029961562468,0.039224404304022256,0.05282748595783107,0.1064629258517034,0.0350701402805611
US Power Grid,seamless,15.0,84,0.028624513377989252,0.0019788687865227848,0.02788537921303445,0.03520957309020073,0.04360732210891831,0.05007377693984457,0.0758739701625473,0.0438376753507014
US Power Grid,seamless,15.0,85,0.028926284455833604,0.0019516593632228317,0.0280637332866791,0.037125062440263326,0.0407648246438489,0.05247040095904482,0.0840152527276775,0.0409151636606546
US Power Grid,seamless,15.0,86,0.027771734531744346,0.002305910599310389,0.026642134518048588,0.03566246836547823,0.04054118123252149,0.04987422309070132,0.1004926519706078,0.023380093520374
US Power Grid,seamless,15.0,87,0.029901593829126324,0.0014510032630514853,0.029918921378848516,0.03816743509101264,0.04240535263685098,0.05173092316841834,0.0466488532620797,0.0428635047873524
US Power Grid,seamless,15.0,88,0.029039785846898477,0.001731001379351378,0.029642232559197866,0.03497417368593757,0.03848070379226682,0.043055841026782816,0.0881485192607437,0.0370184814072589
US Power Grid,seamless,15.0,89,0.02736587080213267,0.002418273180431463,0.027148692665567065,0.03482585738853592,0.0424484482715286,0.04543164541373245,0.1184730572255622,0.0292251169004676
US Power Grid,seamless,15.0,90,0.0279018842396066,0.0018334536025091921,0.02499944721431189,0.03656746042387078,0.04420432638135648,0.046261396608893876,0.0699036962814518,0.023380093520374
US Power Grid,seamless,15.0,91,0.029497994162140995,0.001890868603842176,0.02961587223492931,0.03711416526791425,0.042402449494715645,0.04867100943628999,0.0827627477176575,0.0379926519706078
US Power Grid,seamless,15.0,92,0.029992712181891132,0.001644492495406693,0.027930269378735096,0.03931834266719932,0.04453909482304594,0.05217936245597672,0.0682615230460921,0.0399409930973057
US Power Grid,seamless,15.0,93,0.02972690851810496,0.0017978386772431367,0.02781054763444793,0.03961840591514411,0.041768590077263336,0.05264362841488916,0.0776831440659096,0.0418893342240035
US Power Grid,seamless,15.0,94,0.028527348486713348,0.0019984997007920034,0.02722476881786179,0.035640487323854025,0.045985974738877985,0.048659360124861877,0.075192050768203,0.03604431084391
US Power Grid,seamless,15.0,95,0.02834428478824835,0.0019107977778585797,0.027240298021397606,0.03518395781648135,0.04042918960015507,0.05272761478490732,0.0842100868403473,0.0370184814072589
US Power Grid,seamless,15.0,96,0.028317983701451183,0.0018294813249671508,0.027949319876707884,0.03611532984184753,0.038231091813256055,0.04874536039497541,0.0899020262747717,0.0379926519706078
US Power Grid,seamless,15.0,97,0.028253586710581854,0.0021267920638649673,0.028964862139706143,0.03574631146350668,0.04109482082199664,0.04726514265905541,0.1180138053885549,0.0321476285905143
US Power Grid,seamless,15.0,98,0.02847446161063307,0.002035144977911968,0.027196567818709695,0.03545223343973588,0.04131954912775398,0.04422357259321509,0.1154113783121799,0.03604431084391
US Power Grid,seamless,15.0,99,0.02826977408049722,0.0019752761122953386,0.027894117717781754,0.03804956807753732,0.040700069576794264,0.04690284523849953,0.0622912491649966,0.0389668225339568
US Power Grid,seamless,15.0,100,0.02941431874579456,0.001737413963915842,0.02562628591217668,0.03776204753256505,0.048839350689458945,0.05326332507122312,0.0676352705410821,0.0204575818303273
US Power Grid,seamless,16.0,1,0.02870456900558577,0.001567487251588189,0.026853850595449095,0.038130389522549275,0.04283944632404702,0.05278916444862601,0.0786990647962591,0.0253284346470719
US Power Grid,seamless,16.0,2,0.02682390572697629,0.0026780574202290015,0.02680341257495561,0.03537456858160763,0.040645992840381576,0.04775177654794496,0.0954826319305277,0.0175350701402805
US Power Grid,seamless,16.0,3,0.029466866690343933,0.002255979206179484,0.027782359280350926,0.03671816480474615,0.042511852974241086,0.05693377495732198,0.0996298151859274,0.0282509463371186
US Power Grid,seamless,16.0,4,0.02734171176261075,0.0021327301442861783,0.026526996620628514,0.03460587363071997,0.037568785014943075,0.0446508479185638,0.0962619683812068,0.0253284346470719
US Power Grid,seamless,16.0,5,0.028602740416444804,0.001959983521621522,0.029240131759209115,0.03717289819971662,0.03963547857321318,0.046968422441590926,0.0972500556668893,0.0379926519706078
US Power Grid,seamless,16.0,6,0.029018704305677046,0.002337065185629903,0.029214582329776858,0.03503650294753007,0.03982072981761777,0.04730888050421466,0.0940492095301714,0.0253284346470719
US Power Grid,seamless,16.0,7,0.029246493408958445,0.001983939202224911,0.03027018044452104,0.03578742474683712,0.042689188453301455,0.05006702783624548,0.0913076152304609,0.03604431084391
US Power Grid,seamless,16.0,8,0.029310049849631172,0.0022066985615878886,0.029415222498268227,0.03481929136049876,0.03984368050966393,0.04768529764354739,0.1446225784903139,0.0350701402805611
US Power Grid,seamless,16.0,9,0.028981557409891348,0.0019866642117332815,0.027214488653350976,0.041103673263879384,0.0427183917972664,0.04973435589783225,0.0778779781785793,0.023380093520374
US Power Grid,seamless,16.0,10,0.028171524608322458,0.002064130402433787,0.02587637516133936,0.03539307287369447,0.044456331875792274,0.05204881440440787,0.0735498775328434,0.03604431084391
US Power Grid,seamless,16.0,11,0.02893860800629681,0.0018593750859917599,0.0280488436178797,0.03376638662442764,0.04443312834702176,0.048495364090068854,0.0671342685370741,0.0321476285905143
US Power Grid,seamless,16.0,12,0.02701164668056759,0.0021372853840613605,0.02603443466208318,0.033206913909398096,0.04217020619269554,0.04820230962566978,0.1276163437987085,0.0340959697172122
US Power Grid,seamless,16.0,13,0.02827557658830608,0.002142667616771914,0.02660969361603,0.03905186368320585,0.044189981140447206,0.04964094856379422,0.0853930082386996,0.0272767757737697
US Power Grid,seamless,16.0,14,0.027404468324870562,0.002804221293287969,0.02761134516301403,0.030403068040843566,0.03865021710086837,0.04762800584732902,0.2510437541750167,0.0282509463371186
US Power Grid,seamless,16.0,15,0.027038951004696193,0.002398533808072352,0.024606512384690596,0.03587082841482047,0.04045596639902896,0.052400567285717556,0.1084669338677354,0.0379926519706078
US Power Grid,seamless,16.0,16,0.028230105534121704,0.0017828307890552697,0.027150136362571665,0.03502729398600085,0.03774206926103009,0.045481885179573196,0.0746492985971944,0.0379926519706078
US Power Grid,seamless,16.0,17,0.027497511808730852,0.0020479023607347133,0.024808673902404748,0.037531305830756465,0.03889399916236197,0.04913835840879372,0.0970134713872188,0.0214317523936762
US Power Grid,seamless,16.0,18,0.02652658143081725,0.0019411796002876689,0.024638826025782656,0.03471548503145926,0.0397907049495461,0.04256618259349742,0.0863810955243821,0.0214317523936762
US Power Grid,seamless,16.0,19,0.0276602938443873,0.0027378856140619252,0.02700222654671477,0.03816626652645218,0.0419159223243902,0.04820857979541272,0.1212146515252727,0.0175350701402805
US Power Grid,seamless,16.0,20,0.02824092422858776,0.002008789662069859,0.02766400857270089,0.035347613010679055,0.04517170758476897,0.046543300525594106,0.0885242707637497,0.0204575818303273
US Power Grid,seamless,16.0,21,0.028112292933983898,0.002086147394680481,0.026576005242322204,0.036507010598003826,0.042333631968319844,0.04835553370532523,0.0976814740592295,0.0399409930973057
US Power Grid,seamless,16.0,22,0.028171565280106156,0.0020163817283618303,0.0240763078088544,0.038565897226551835,0.04497995667079942,0.05378184717961832,0.0836812513916722,0.0185092407036294
US Power Grid,seamless,16.0,23,0.02790105724667123,0.002029586500805349,0.026666391644659483,0.03503370604240394,0.04062017216641763,0.048846535663920415,0.0650745936317078,0.0214317523936762
US Power Grid,seamless,16.0,24,0.02794007504450743,0.0021883691443972952,0.0252601469245283,0.03612175265795833,0.040735354311806124,0.05164081378486478,0.1083973502560677,0.0370184814072589
US Power Grid,seamless,16.0,25,0.028402838599525127,0.002257822993707535,0.028381790814744887,0.033103997616967515,0.04396971366480236,0.046506381019703294,0.125250501002004,0.0331217991538632
US Power Grid,seamless,16.0,26,0.028085449556737307,0.0020538268838946943,0.027699643975577743,0.03365515684390405,0.035061529538114616,0.053137833853110515,0.1126558672901358,0.0340959697172122
US Power Grid,seamless,16.0,27,0.026927022255934664,0.0024975289296150713,0.026324752298699843,0.03291427570956771,0.03948532092689928,0.04904690672893744,0.0941048764195056,0.0331217991538632
US Power Grid,seamless,16.0,28,0.026863452258000693,0.002044418144597153,0.02513816359581242,0.035582352444352275,0.039593151050511255,0.043442888464353374,0.1012024048096192,0.0214317523936762
US Power Grid,seamless,16.0,29,0.027888110062191173,0.0022728579964178663,0.026995054688386966,0.03299449852912056,0.0407016070071008,0.04868499116054628,0.1097611890447561,0.0311734580271654
US Power Grid,seamless,16.0,30,0.027470926019447735,0.0024704686361887124,0.025847015073027047,0.03190082038145131,0.041166617308811236,0.05355084467475914,0.0964985526608773,0.0301992874638165
US Power Grid,seamless,16.0,31,0.02829932890999094,0.002039591759597262,0.02641400139591585,0.03827045252767535,0.04207533922037179,0.05093984264825943,0.071086617679804,0.0253284346470719
US Power Grid,seamless,16.0,32,0.02731484127084169,0.0021121637789917004,0.025601459117337952,0.03603709215728479,0.03880639581114085,0.049677907728024336,0.0983912268982409,0.0370184814072589
US Power Grid,seamless,16.0,33,0.027830478144678428,0.002389396213999522,0.02792420768776842,0.034242271144776515,0.04159320622212972,0.05151886264110688,0.1171231351592073,0.0204575818303273
US Power Grid,seamless,16.0,34,0.027476904771652655,0.0028532985789610182,0.02721356901274512,0.034559989679141624,0.0382902306348808,0.04657317759123774,0.1056418392340236,0.0350701402805611
US Power Grid,seamless,16.0,35,0.02856457672606644,0.0017049443232564625,0.02784633903271242,0.03418434384004765,0.042495278444429706,0.04371152323277991,0.0771821420619015,0.0282509463371186
US Power Grid,seamless,16.0,36,0.02767680658857232,0.00285758267351149,0.026134804194902578,0.035410080970867785,0.04278429364785294,0.052433031437552007,0.1198368960142507,0.0146125584502338
US Power Grid,seamless,16.0,37,0.02819644285447359,0.002124663573850969,0.027840151521248583,0.0349381163535339,0.0428126397833592,0.046991243833519866,0.1141867067468269,0.0204575818303273
US Power Grid,seamless,16.0,38,0.028479938744172276,0.0020987827621521135,0.027705308991967607,0.03793989602892501,0.04222621667517056,0.04443850790735358,0.0854069249610331,0.0418893342240035
US Power Grid,seamless,16.0,39,0.02794156634324335,0.0020865541125175582,0.02598207167022213,0.03541319496819203,0.04005866264693126,0.04961471922730886,0.0902777777777777,0.0224059229570251
US Power Grid,seamless,16.0,40,0.028615294440349017,0.001974232203180189,0.026045019851497545,0.036227072619133806,0.042584780317889766,0.05241294667905136,0.1023853262079715,0.0263026052104208
US Power Grid,seamless,16.0,41,0.028615335112132722,0.0016790092825126573,0.028294737916070407,0.037077937826618224,0.040554355589180247,0.0445241816468013,0.085880093520374,0.0399409930973057
US Power Grid,seamless,16.0,42,0.027398692931584197,0.002031647204513169,0.025887262920674312,0.03540162792926671,0.04311527985548556,0.047040666982112296,0.0940074593631707,0.03604431084391
US Power Grid,seamless,16.0,43,0.02733592281206312,0.0024329692516109032,0.025962176107237434,0.03253564900418811,0.04037105860637352,0.04640185577059318,0.0929080382988198,0.0301992874638165
US Power Grid,seamless,16.0,44,0.02758034667488067,0.001777963732271674,0.02627035945013818,0.03388314026909155,0.03592271086002263,0.056571230696687416,0.0995741482965932,0.0350701402805611
US Power Grid,seamless,16.0,45,0.029478769965708845,0.0015801632908435301,0.02952141666357519,0.0375450600901502,0.04332598299251324,0.04990581960156285,0.0822895791583166,0.024354264083723
US Power Grid,seamless,16.0,46,0.02724865472148924,0.0020131008711427997,0.025803009527827554,0.033614950775743224,0.04143793979305705,0.04340253664645018,0.0916555332887998,0.0214317523936762
US Power Grid,seamless,16.0,47,0.028254006985680157,0.0021942801102960386,0.0270929766063557,0.032097525569394506,0.039706311817716534,0.0518164564734328,0.1002004008016032,0.0321476285905143
US Power Grid,seamless,16.0,48,0.02922332404950671,0.0016301760275418435,0.02999444284488205,0.034879334692777354,0.04329815484810033,0.04539895896949587,0.0804108216432865,0.0311734580271654
US Power Grid,seamless,16.0,49,0.028987590391141217,0.0019181864852320105,0.028220030440492296,0.03708921801386408,0.0405865000903,0.0474437427798236,0.1003395680249387,0.0379926519706078
US Power Grid,seamless,16.0,50,0.028531578352218874,0.0017936901553050276,0.029761068343086734,0.034694194899700534,0.03808390339046579,0.05048368341621502,0.1222584057002894,0.0350701402805611
US Power Grid,seamless,16.0,51,0.027988027077497923,0.0022080271731889853,0.028274251852988194,0.03535702008305106,0.04148826434663162,0.045293477259480235,0.1112502783344466,0.0214317523936762
US Power Grid,seamless,16.0,52,0.028068326735796685,0.0018280849270598698,0.025908184933552708,0.03379948302401902,0.04168845118044462,0.04929715397873936,0.1361751280338454,0.0311734580271654
US Power Grid,seamless,16.0,53,0.028500111948890922,0.001969785421494893,0.02808283725760264,0.03556076248855476,0.0406728838335106,0.0510442345157875,0.0972083054998886,0.03604431084391
US Power Grid,seamless,16.0,54,0.028885124610722172,0.0024225708322431587,0.028644496520044888,0.037564073314662695,0.043235469291311196,0.05123406535292801,0.1127950345134713,0.0389668225339568
US Power Grid,seamless,16.0,55,0.02802510618697743,0.002423031779125168,0.028542695725847844,0.03436908931984862,0.041423083142391265,0.050147303153314955,0.1194750612335782,0.0292251169004676
US Power Grid,seamless,16.0,56,0.02834448814716689,0.001689339915574223,0.028155263137422497,0.03609985454434567,0.045147988284260795,0.04661138756914572,0.0636550879536851,0.0301992874638165
US Power Grid,seamless,16.0,57,0.027652091701339736,0.0018430385862027979,0.027106385499510062,0.03606600147803879,0.0386499578678053,0.04576949545614941,0.0894427744377644,0.0370184814072589
US Power Grid,seamless,16.0,58,0.027535865300766495,0.002113614405943915,0.026170671701971952,0.034933965900738134,0.03882126014683993,0.04408209263384008,0.1001447339122689,0.0321476285905143
US Power Grid,seamless,16.0,59,0.029334168217369394,0.0015665789150854058,0.028675115483302028,0.03654110916977606,0.045977024060851246,0.05021827411674367,0.0713092852371409,0.0292251169004676
US Power Grid,seamless,16.0,60,0.02858115725655765,0.0022715971711229485,0.028219097329498614,0.03816960455859662,0.044851604869020435,0.048810697275309414,0.0936456245824983,0.0399409930973057
US Power Grid,seamless,16.0,61,0.028610684971528893,0.0019700430094583754,0.026137344132709822,0.038310690007465856,0.04381183829989698,0.0489708670452939,0.0892061901580939,0.0389668225339568
US Power Grid,seamless,16.0,62,0.02834945010477913,0.001776174173788566,0.028541298333753656,0.03528292838996153,0.04067273910845688,0.04379292187888102,0.0731602093075039,0.0292251169004676
US Power Grid,seamless,16.0,63,0.029616552411646766,0.0014711357959864269,0.027435197021774396,0.038633884530375466,0.045286094150651525,0.05207531127364416,0.0936456245824983,0.0282509463371186
US Power Grid,seamless,16.0,64,0.026766938115264094,0.0021265480331627237,0.02638092673350781,0.034677241685395016,0.0402223705457833,0.04367995249758775,0.0760409708305499,0.0379926519706078
US Power Grid,seamless,16.0,65,0.028118000540964107,0.0022480346510953884,0.026797504694475054,0.03365967210399828,0.04059198052655507,0.05043120195218384,0.1142980405254954,0.0263026052104208
US Power Grid,seamless,16.0,66,0.02873400181972837,0.0017456703360083535,0.02709021292060005,0.03749782166698116,0.04533770383143545,0.05096977993545772,0.07146236918281,0.0204575818303273
US Power Grid,seamless,16.0,67,0.02841726352547987,0.001595388095211164,0.02518578910625903,0.03596263676265717,0.04176576717724448,0.046612031934238775,0.0952877978178579,0.0253284346470719
US Power Grid,seamless,16.0,68,0.0287378520819193,0.001956228160259245,0.026721990455548097,0.036794474272371175,0.044307993258525885,0.05120171946349421,0.0934090403028278,0.0418893342240035
US Power Grid,seamless,16.0,69,0.028548985875645437,0.001996696585047667,0.029502452539315733,0.03518704074816297,0.0399693326046031,0.05084999599978921,0.1022044088176352,0.0379926519706078
US Power Grid,seamless,16.0,70,0.027659005904569916,0.001921657144108335,0.026173131487204623,0.03522596836866218,0.040538637702611485,0.05331527252034929,0.1117651970607882,0.0370184814072589
US Power Grid,seamless,16.0,71,0.028270845104134835,0.0028214932441021786,0.027020614343251786,0.03774572114611953,0.04194480000463348,0.05046616931117702,0.1113616121131151,0.0155867290135827
US Power Grid,seamless,16.0,72,0.028656928789603693,0.00244224241829609,0.026821075903550425,0.037304474239393016,0.04270434095474624,0.053463654552848704,0.1215069026942774,0.024354264083723
US Power Grid,seamless,16.0,73,0.029489005697941766,0.0013122040225208944,0.027643163135499353,0.03602791066607584,0.04375158159456166,0.05073430336456379,0.056543642841238,0.0272767757737697
US Power Grid,seamless,16.0,74,0.028244557574598896,0.0023385429271045944,0.024334517383114575,0.036658787660791614,0.04682237693249105,0.051970823020168,0.0943832108661768,0.0194834112669784
US Power Grid,seamless,16.0,75,0.02770542596704078,0.0028572844137642987,0.02519241083124495,0.03202471153270212,0.04326560923264961,0.055100993048899684,0.109983856602093,0.024354264083723
US Power Grid,seamless,16.0,76,0.028222974414711745,0.0025189765168898747,0.02651432494618863,0.03779805517110814,0.041365792252535005,0.04923747039404183,0.103025495435315,0.0224059229570251
US Power Grid,seamless,16.0,77,0.028683867067678937,0.0021465585507465432,0.027707952835664837,0.03473531770256798,0.04168388481937868,0.05305070830419767,0.1060454241816967,0.0301992874638165
US Power Grid,seamless,16.0,78,0.028144152497887674,0.0022795281689458134,0.029964106802063815,0.034341116723272336,0.03881957369199147,0.046212308668631075,0.117192718770875,0.0331217991538632
US Power Grid,seamless,16.0,79,0.029206363915700917,0.0021352246803535376,0.027154395596748995,0.034444600688417835,0.04414016758296977,0.05098834252687806,0.1144093743041638,0.0340959697172122
US Power Grid,seamless,16.0,80,0.027464649007495623,0.0020578398332204463,0.02860222360429666,0.03320100962442677,0.03961081446415941,0.0457780459909718,0.114938209752839,0.0311734580271654
US Power Grid,seamless,16.0,81,0.028348758684456115,0.0018557010681968947,0.02790577026864517,0.03507977361122462,0.04335426618436029,0.046192348146585516,0.0806056557559563,0.0301992874638165
US Power Grid,seamless,16.0,82,0.029048503165873,0.001915515704768584,0.026470605882423483,0.03640790971614585,0.045625296352397864,0.04753446098664367,0.0655060120240481,0.0263026052104208
US Power Grid,seamless,16.0,83,0.027524192498842606,0.0027702603538926614,0.0266413741306639,0.03700930639364287,0.04052067621698045,0.051694200366544985,0.1174710532175462,0.0185092407036294
US Power Grid,seamless,16.0,84,0.027735251941759218,0.0022837715917125626,0.026933764463248366,0.03470468995724432,0.03935937719059514,0.05210658537767293,0.1116121131151191,0.0350701402805611
US Power Grid,seamless,16.0,85,0.027285869403581093,0.0020439029686701985,0.025679900582636542,0.03564989926063463,0.03957953249944677,0.04284702269950557,0.0927827877978178,0.0263026052104208
US Power Grid,seamless,16.0,86,0.028117254891596142,0.002416402278380943,0.027396030580103887,0.036690198591875965,0.04210780586866084,0.04775817066231217,0.0991983967935871,0.0379926519706078
US Power Grid,seamless,16.0,87,0.028023397972061728,0.0016523828214458443,0.02749474342030517,0.034593816729413564,0.038840024054082906,0.044803770418299554,0.0662157648630594,0.0282509463371186
US Power Grid,seamless,16.0,88,0.027939234494310815,0.0024329014653047256,0.026890963293147035,0.032593744082141364,0.047763413789685905,0.049767640797181864,0.1267674237363616,0.0331217991538632
US Power Grid,seamless,16.0,89,0.029137953975505823,0.001621567166657204,0.028086612571371485,0.037630190713688824,0.03991642254313242,0.05423628666192223,0.0882876864840792,0.0399409930973057
US Power Grid,seamless,16.0,90,0.02969175453972091,0.0016273018881598868,0.029419394609198294,0.03670557467751998,0.04485842325106774,0.05215161225228225,0.0869934313070585,0.0370184814072589
US Power Grid,seamless,16.0,91,0.027712801117152977,0.0024697636586044594,0.0267981615404722,0.035033638008588684,0.04150655465320736,0.04899028446979862,0.0938961255845023,0.03604431084391
US Power Grid,seamless,16.0,92,0.027711309818417056,0.001991341466859579,0.026916961162468254,0.035032392986005106,0.040729486628201264,0.04442634384125645,0.0663688488087285,0.0253284346470719
US Power Grid,seamless,16.0,93,0.02795757746876265,0.0019301033178581448,0.025169530334566523,0.035091003900533976,0.042539135188329955,0.04568756926368697,0.0753868848808728,0.0214317523936762
US Power Grid,seamless,16.0,94,0.027375591358438645,0.002420360998661749,0.025900178777773012,0.033693938087912025,0.04218954592876587,0.044511364425385995,0.1045563348920062,0.0340959697172122
US Power Grid,seamless,16.0,95,0.026826196904125132,0.0025393801950495255,0.027085713702001777,0.030952856479097318,0.038377760895338904,0.044520163105934395,0.1338092852371409,0.0311734580271654
US Power Grid,seamless,16.0,96,0.02813811951663781,0.002243113365266855,0.025504085804401715,0.03799516884589706,0.044389620741710836,0.05193045404534551,0.0922400356268091,0.023380093520374
US Power Grid,seamless,16.0,97,0.02987175429714665,0.001713783657582102,0.028866625549798967,0.03410945663661959,0.04628876489362162,0.05311133963834096,0.1049599198396793,0.0292251169004676
US Power Grid,seamless,16.0,98,0.029241300977905185,0.0019192575088696285,0.027075092024326373,0.03676850187494421,0.04581292339264419,0.05091484855466054,0.0851842574036962,0.024354264083723
US Power Grid,seamless,16.0,99,0.02696442673968382,0.0023606548201799433,0.025412897163158185,0.033563431255598804,0.03891648788646172,0.0490306686605534,0.1072840124693832,0.0340959697172122
US Power Grid,seamless,16.0,100,0.02791542794358101,0.0016213231359549635,0.026152546208666947,0.03585825680927898,0.03989966863301249,0.05042040890220925,0.0894288577154308,0.0263026052104208
US Power Grid,seamless,17.0,1,0.028034338681878917,0.0019748016081520847,0.02567250193803968,0.03591402801460845,0.043852736017004665,0.04819360944110439,0.1155087953685148,0.0204575818303273
US Power Grid,seamless,17.0,2,0.028456660926630663,0.002031809891647998,0.02612178204958438,0.0364218212967181,0.04249733629051468,0.043714498976585636,0.0971387218882209,0.0370184814072589
US Power Grid,seamless,17.0,3,0.027288092794423745,0.0018051731555716254,0.02593921100076021,0.0347563473803006,0.04060966066912262,0.04980548627230478,0.0849755065686929,0.023380093520374
US Power Grid,seamless,17.0,4,0.028509141084873863,0.0018281391561048184,0.027914003004471635,0.03385140120172947,0.04252821899018639,0.04728250827896921,0.108606101091071,0.0331217991538632
US Power Grid,seamless,17.0,5,0.02814580648375844,0.0022351416956602824,0.025263786590763525,0.03383061860545527,0.044822325314307125,0.04827136912714311,0.1075484301937207,0.0340959697172122
US Power Grid,seamless,17.0,6,0.02854382055911466,0.0016091216008428777,0.028334081924295516,0.03752844143934374,0.04298436111943215,0.045640913502880485,0.0577126475172567,0.0272767757737697
US Power Grid,seamless,17.0,7,0.026592835766475875,0.002331547380307003,0.025158343578072128,0.03190461451151727,0.03590313584735776,0.04631054799444089,0.1006735693609441,0.0321476285905143
US Power Grid,seamless,17.0,8,0.027701372345931317,0.002693973644919654,0.026056438187678,0.03900671354540855,0.04173984943066202,0.046744203478464016,0.1194054776219104,0.0185092407036294
US Power Grid,seamless,17.0,9,0.02785542350535202,0.0021507884162520695,0.02806922195960111,0.03621715849433326,0.037459162980710725,0.05078983379923908,0.1002839011356045,0.0370184814072589
US Power Grid,seamless,17.0,10,0.02865241422161223,0.001822743366133026,0.028346986553686022,0.03838493746144093,0.04088575947983246,0.04469127234432432,0.0765141393898908,0.0292251169004676
US Power Grid,seamless,17.0,11,0.029372318350486513,0.0015587834898749056,0.030215374990018806,0.03487822543595019,0.04494062198471012,0.050444124964905614,0.0759574704965486,0.0409151636606546
US Power Grid,seamless,17.0,12,0.028682538456077836,0.0019309574253159913,0.028649077342364306,0.03565184584698017,0.03896048730961093,0.04662003389157964,0.1112920285014473,0.03604431084391
US Power Grid,seamless,17.0,13,0.028873465366059507,0.0017148953530034237,0.029446587320399453,0.037350279138984005,0.040536277087637046,0.04682029654738859,0.0623190826096637,0.0301992874638165
US Power Grid,seamless,17.0,14,0.02803862277642937,0.0020600767813243282,0.026339984836523327,0.03469814470649414,0.04427411345632114,0.050312457811510974,0.0936317078601647,0.0350701402805611
US Power Grid,seamless,17.0,15,0.027155950169159858,0.0019930361245140407,0.02673993367490086,0.033185346713165635,0.03583542688352746,0.04816010301637413,0.0892618570474281,0.0331217991538632
US Power Grid,seamless,17.0,16,0.028104565295079573,0.0024031568341537114,0.02577587065816111,0.038162340189194975,0.043451205010493765,0.0485933776132859,0.0985303941215764,0.0185092407036294
US Power Grid,seamless,17.0,17,0.028535604858805852,0.0018432012733376217,0.028447508468526048,0.036552593495629344,0.04261135439603479,0.04738966895496211,0.0854904252950345,0.0370184814072589
US Power Grid,seamless,17.0,18,0.0275844274105126,0.0025810281015654474,0.02832928032625365,0.035283780586651874,0.03828949678942341,0.049437764417724274,0.0964985526608773,0.0175350701402805
US Power Grid,seamless,17.0,19,0.028400547422376306,0.0021689009172629,0.0277128637947958,0.038151329200320216,0.04260133364115969,0.052162106679368964,0.0849198396793587,0.0389668225339568
US Power Grid,seamless,17.0,20,0.02813688580586537,0.0018333858162030135,0.027991184028792977,0.037043748078930766,0.03940208053252264,0.045542742944452395,0.0885938543754175,0.0224059229570251
US Power Grid,seamless,17.0,21,0.02733798351577094,0.0018694074593061359,0.025644410805607278,0.03535386550652554,0.04228793653710897,0.04805109025040467,0.0646014250723669,0.0214317523936762
US Power Grid,seamless,17.0,22,0.027372771448101622,0.002171558140465086,0.026283679068877054,0.03307384514678613,0.03884133615630497,0.051813257662866645,0.1152443776441772,0.0350701402805611
US Power Grid,seamless,17.0,23,0.02905364136788131,0.001571473086391478,0.02899688744893364,0.03468464181592073,0.04447137405267647,0.04545942351993703,0.0702655310621242,0.0448118459140503
US Power Grid,seamless,17.0,24,0.02809559038814159,0.002130100035606463,0.025480086528965266,0.03829746145677804,0.03978996276255898,0.047596260897864,0.0912658650634602,0.0253284346470719
US Power Grid,seamless,17.0,25,0.02792506715631957,0.0023718260034381144,0.025795567037689805,0.037212489951654645,0.043228297565590164,0.04823612079106035,0.098669561344912,0.0263026052104208
US Power Grid,seamless,17.0,26,0.028310337406114282,0.0022144533150146783,0.026856378994617684,0.03459680943635934,0.04127903300109301,0.05445162765229943,0.1063515920730349,0.0350701402805611
US Power Grid,seamless,17.0,27,0.027442672687032637,0.0020006417480672367,0.023243078517420225,0.03488337532324786,0.03994340270647298,0.05163536950444089,0.111333778668448,0.023380093520374
US Power Grid,seamless,17.0,28,0.028409956161673838,0.0017347431834524208,0.025749893553009294,0.03735550751441948,0.042662608034425946,0.05307021862001864,0.1054887552883545,0.0379926519706078
US Power Grid,seamless,17.0,29,0.028157086125106492,0.0014053966362547535,0.026128591505810022,0.03537302326028252,0.04358725793261529,0.050153750178100524,0.0544978846582053,0.0409151636606546
US Power Grid,seamless,17.0,30,0.028173964915344876,0.002255464030252526,0.028589062643052547,0.03473625548375186,0.041042821292323686,0.050832541150677375,0.1179859719438877,0.0350701402805611
US Power Grid,seamless,17.0,31,0.027780682324159877,0.0023614411413316067,0.026129001270724542,0.033869056545794946,0.04074502388235113,0.050056419355705456,0.1166221331551992,0.0263026052104208
US Power Grid,seamless,17.0,32,0.027240506807486617,0.002272532622148211,0.02590543680926543,0.03453461870018171,0.04051480473648862,0.044766990596021856,0.1107631930527722,0.0350701402805611
US Power Grid,seamless,17.0,33,0.027759899042685634,0.002212419725829336,0.025858768049953962,0.03449668031188018,0.037154193444359905,0.05556564646307781,0.1053356713426853,0.0350701402805611
US Power Grid,seamless,17.0,34,0.029137411685056396,0.0018338874348687321,0.02812384866935136,0.03744327178130916,0.04166640230559107,0.04569656632202773,0.0762775551102204,0.024354264083723
US Power Grid,seamless,17.0,35,0.028990356072433294,0.001710407899534424,0.027722421656578625,0.0390956509184244,0.04230258638390588,0.04831844079378226,0.117791137831218,0.0399409930973057
US Power Grid,seamless,17.0,36,0.027976218702961676,0.0024340402752485195,0.028663557644884735,0.03343301263249624,0.0422821653407825,0.056223006650156615,0.1017312402582943,0.0175350701402805
US Power Grid,seamless,17.0,37,0.028464849512416988,0.0019245719552740026,0.026953736852783697,0.037286452775360295,0.040736011886796354,0.04651073668238562,0.0868960142507236,0.0379926519706078
US Power Grid,seamless,17.0,38,0.02783237616125141,0.0018618289502754075,0.027771024074292303,0.03625148674120069,0.03854490840247566,0.045880783587901146,0.087605767089735,0.0370184814072589
US Power Grid,seamless,17.0,39,0.028862741572422114,0.0018557959690255425,0.026505485937636568,0.039109180921760606,0.04257776225723566,0.05492483496592977,0.0927688710754843,0.0399409930973057
US Power Grid,seamless,17.0,40,0.029127243739129657,0.0019352550771276923,0.02736982435224204,0.035638239746661894,0.04402298152557291,0.05667313700644928,0.090082943665108,0.03604431084391
US Power Grid,seamless,17.0,41,0.02785113941080156,0.002103161757531227,0.025831925902532284,0.034055275657940254,0.041458933974656186,0.047307856070267176,0.142646403918949,0.0263026052104208
US Power Grid,seamless,17.0,42,0.026863628502396757,0.0019151767732376954,0.02360377436349928,0.03341442239430301,0.039702720858090707,0.047303346051421766,0.0915581162324649,0.024354264083723
US Power Grid,seamless,17.0,43,0.02847814918568917,0.0018015398095604664,0.027642781181008987,0.036662692158193476,0.04165128109528531,0.042766824007961404,0.0840848363393453,0.0399409930973057
US Power Grid,seamless,17.0,44,0.027866377772430437,0.0018594293150366993,0.027444964290041382,0.034543525381804406,0.037675412506142036,0.045919420540427205,0.1266978401246938,0.0321476285905143
US Power Grid,seamless,17.0,45,0.028376144352152133,0.0019693651463965943,0.02644891022560213,0.03732396174518349,0.03962666506677475,0.0526901102017815,0.0955382988198619,0.0379926519706078
US Power Grid,seamless,17.0,46,0.02726272715865184,0.002393761652117402,0.026715535694259517,0.032149600595703265,0.03779143427602775,0.04745979695290938,0.1086617679804052,0.0321476285905143
US Power Grid,seamless,17.0,47,0.028362085472250765,0.001607942119115375,0.026207289393942606,0.03580443142684065,0.0398955536712532,0.05192846777828326,0.0813571587619683,0.0399409930973057
US Power Grid,seamless,17.0,48,0.027640947632604034,0.0024201440824819748,0.02345723372335413,0.03690978158451234,0.04533857850504928,0.05097639723892206,0.1349087063014918,0.0224059229570251
US Power Grid,seamless,17.0,49,0.028634247491556453,0.0015711205975993494,0.028393585887759983,0.037444232151842526,0.042149964013792854,0.04996581705076817,0.060148073925629,0.0263026052104208
US Power Grid,seamless,17.0,50,0.027470966691231436,0.002000573961761061,0.02638168730889328,0.03675358924920542,0.04335259406056612,0.044951760343954095,0.0949120463148519,0.0185092407036294
US Power Grid,seamless,17.0,51,0.028157099682367723,0.002050762942855437,0.026650490969388655,0.034111457325532536,0.04465286989636634,0.05407643809052924,0.0878423513694054,0.023380093520374
US Power Grid,seamless,17.0,52,0.02855590007887563,0.002306751149506994,0.0292885832715492,0.035373036991984595,0.04031659810849766,0.04738056565463451,0.1320557782231129,0.03604431084391
US Power Grid,seamless,17.0,53,0.02754718561389827,0.0021297746613368096,0.025875709498945965,0.03609434477420445,0.04077950552489883,0.0466676408372298,0.0727009574704965,0.0389668225339568
US Power Grid,seamless,17.0,54,0.028066252474827625,0.002117505339918544,0.028322576525600145,0.03383565897543172,0.03796111603051055,0.04474010960677101,0.1032064128256513,0.0340959697172122
US Power Grid,seamless,17.0,55,0.028021743986190985,0.0019289102788694055,0.026793322652848287,0.03991275626938254,0.042447640680763066,0.043710569286721575,0.1067830104653752,0.0204575818303273
US Power Grid,seamless,17.0,56,0.027771449829258405,0.0018971320585330442,0.02622650074290545,0.035135327920086945,0.03920336514679391,0.04631419957971493,0.1014946559786239,0.0370184814072589
US Power Grid,seamless,17.0,57,0.02717914664313406,0.0026267160719295867,0.026829388834649304,0.037204875591276367,0.040252911700352,0.044706499562432334,0.0989061456245825,0.0155867290135827
US Power Grid,seamless,17.0,58,0.027913950202106328,0.00208879106062144,0.0296369866700624,0.035149714633946234,0.03865926712317226,0.04206380376610276,0.0967212202182142,0.0311734580271654
US Power Grid,seamless,17.0,59,0.027725694072588087,0.002322721603242591,0.026590797335411517,0.03404619457893889,0.04104395231140242,0.044147411632381554,0.0974309730572255,0.0214317523936762
US Power Grid,seamless,17.0,60,0.02851543165408721,0.002062761119048988,0.026639406972977172,0.03849447562611894,0.04503899966576064,0.05291965649718186,0.0846415052326876,0.0214317523936762
US Power Grid,seamless,17.0,61,0.027798523679945994,0.0021019144894975452,0.025929401132693163,0.035626641097546645,0.03992244037365602,0.04633678096785503,0.0862558450233801,0.0263026052104208
US Power Grid,seamless,17.0,62,0.027860358348441798,0.0022000419463211844,0.026663881523745735,0.03481984507112395,0.04070537307053439,0.04968746780459756,0.0842240035626809,0.0204575818303273
US Power Grid,seamless,17.0,63,0.029320827872313507,0.0016474208638335918,0.026726623124771403,0.0383014054824889,0.04603381013068985,0.05136902156804006,0.0654781785793809,0.023380093520374
US Power Grid,seamless,17.0,64,0.026804912003985163,0.002637941484232704,0.025218897509287744,0.030141957813353538,0.04485859252675704,0.0456206217015883,0.1148964595858383,0.0301992874638165
US Power Grid,seamless,17.0,65,0.028010016955222143,0.0022912416426534143,0.028243656625420072,0.03714358594110417,0.04275621640186996,0.04835293983640178,0.095691382765531,0.0185092407036294
US Power Grid,seamless,17.0,66,0.028080690958043594,0.002233379251699653,0.02507527506097216,0.03585175350978211,0.04219677260263341,0.05109055559679023,0.0913632821197951,0.0399409930973057
US Power Grid,seamless,17.0,67,0.027712245269442316,0.001982583476101348,0.02682332351316944,0.03566248551717367,0.042009922709678314,0.046321635286541096,0.1046120017813404,0.0389668225339568
US Power Grid,seamless,17.0,68,0.027299738481825167,0.0018458449392785778,0.025868001739312835,0.033831085541957795,0.038916613787438964,0.051004108487978615,0.0913771988421287,0.0340959697172122
US Power Grid,seamless,17.0,69,0.02792547387415663,0.0020692143753971584,0.026286415959729307,0.036556339326352986,0.040437571604221415,0.04596882379299056,0.0894706078824315,0.0224059229570251
US Power Grid,seamless,17.0,70,0.028136302843632225,0.0018878588918478584,0.026693037491104164,0.034047261189044754,0.04276048904961894,0.048889207665092756,0.0672456023157426,0.0418893342240035
US Power Grid,seamless,17.0,71,0.02877688343701673,0.0019017550846144005,0.02685856623385796,0.03674909514394641,0.04148236784750535,0.04814303403555062,0.0691521932754397,0.0370184814072589
US Power Grid,seamless,17.0,72,0.02785061067761336,0.0019132380848810005,0.027684502120567948,0.03304746078274397,0.037934076300860695,0.05193290455179356,0.1105961923847695,0.0321476285905143
US Power Grid,seamless,17.0,73,0.028105392288014956,0.0022563045804491364,0.028666223309061333,0.03630955909113515,0.036996641933695014,0.05201596962801768,0.0940909596971721,0.0370184814072589
US Power Grid,seamless,17.0,74,0.026521158526322985,0.002745775940101075,0.02681467582912456,0.032174727819614654,0.03811791074060704,0.046106101091070974,0.1113059452237809,0.0331217991538632
US Power Grid,seamless,17.0,75,0.02835380198563578,0.0015559635795378923,0.02764161220043566,0.03638766913863049,0.040784565473531466,0.04363198879586793,0.0702516143397907,0.0409151636606546
US Power Grid,seamless,17.0,76,0.027905517585617753,0.002414070429448406,0.027978669570271942,0.03625055777749087,0.03697161257765567,0.04742596261498677,0.0880093520374081,0.0370184814072589
US Power Grid,seamless,17.0,77,0.028940221320383853,0.0016447094115864638,0.02849214471724191,0.037660754881278326,0.04088097912997708,0.04572813724943469,0.0975005566688933,0.0292251169004676
US Power Grid,seamless,17.0,78,0.02686078147753727,0.0027020673298773397,0.02742903847745103,0.0320027396910895,0.04074324537284567,0.05179441411900756,0.1352427076374972,0.0175350701402805
US Power Grid,seamless,17.0,79,0.027471983485824115,0.0018947866523392727,0.026461966647624194,0.03528969458114892,0.04476509653611427,0.05084629885445103,0.0787686484079269,0.0204575818303273
US Power Grid,seamless,17.0,80,0.029938103533633926,0.0015969200657307905,0.03023241976833521,0.03774985259317089,0.04222683605449129,0.052051230398133,0.0759435537742151,0.0399409930973057
US Power Grid,seamless,17.0,81,0.027906141219634598,0.001972795133489208,0.0275595078235117,0.0362343616552604,0.04068716545374056,0.04848718383944572,0.0701541972834558,0.0301992874638165
US Power Grid,seamless,17.0,82,0.027259473415955287,0.0016272747736374167,0.027744274897117095,0.03453331011905607,0.03689084112931671,0.03968384646946826,0.0623190826096637,0.0370184814072589
US Power Grid,seamless,17.0,83,0.029001527255691467,0.0018448281446859032,0.02861487189297735,0.03558950375977551,0.047144469454049744,0.049061855406021766,0.0658817635270541,0.0389668225339568
US Power Grid,seamless,17.0,84,0.02882249006381346,0.0017070592560092179,0.028827321840506865,0.036680107578268555,0.04057524474399888,0.047543548136763085,0.0866176798040525,0.0399409930973057
US Power Grid,seamless,17.0,85,0.028684775404181725,0.001699738334941969,0.028813882741030757,0.03617548180775036,0.03746489997145663,0.05040260701583343,0.1016199064796259,0.0370184814072589
US Power Grid,seamless,17.0,86,0.02843892802893443,0.0022458383747752165,0.028549487426296104,0.033668064960124075,0.040662389351128043,0.04874034583503925,0.1170535515475395,0.0340959697172122
US Power Grid,seamless,17.0,87,0.027901653766165595,0.0018141616197708647,0.025005573072750992,0.037012018273243914,0.042431261548149544,0.04896005518662597,0.0780728122912491,0.023380093520374
US Power Grid,seamless,17.0,88,0.02762061174075055,0.002100097816491974,0.02567700851455553,0.03613360187221192,0.038849361002026746,0.04931326950607893,0.0904030282787797,0.0370184814072589
US Power Grid,seamless,17.0,89,0.028498946024424657,0.0018507933396295858,0.027566195661266252,0.038291424226716886,0.04231287146176056,0.048113956392116755,0.0738699621465152,0.0399409930973057
US Power Grid,seamless,17.0,90,0.028871892723756173,0.0019709106741774567,0.028861892618657282,0.03596007805083848,0.03904969563540225,0.05125402319791091,0.071337118681808,0.0379926519706078
US Power Grid,seamless,17.0,91,0.02732547016365043,0.0022275360721070894,0.024944467924524896,0.03889963835717411,0.04209867031751956,0.04823857372413993,0.092337452683144,0.0194834112669784
US Power Grid,seamless,17.0,92,0.028127422837522887,0.0018562026868626153,0.026324385446593237,0.03611340205345975,0.0369482593326201,0.05135221644490175,0.089234023602761,0.0214317523936762
US Power Grid,seamless,17.0,93,0.02846255833526817,0.0019951239427443306,0.02832004697467459,0.03689765405056446,0.04115588126894674,0.04995082423169642,0.0854625918503674,0.024354264083723
US Power Grid,seamless,17.0,94,0.029102230592149874,0.0017087674709249112,0.028546186005483788,0.039386324396228106,0.04307742798281827,0.047265782703396056,0.0579909819639278,0.0292251169004676
US Power Grid,seamless,17.0,95,0.028263903786382195,0.0020619205688523763,0.026888880007117828,0.035628864386062296,0.04494858190276132,0.04570159395095408,0.1111528612781117,0.0204575818303273
US Power Grid,seamless,17.0,96,0.02724157783112423,0.001818106782790437,0.02769235690248487,0.03473109072174849,0.03874102543064719,0.04529654059311529,0.0754564684925406,0.0214317523936762
US Power Grid,seamless,17.0,97,0.02719926561880776,0.0022452147407583767,0.025382690704730256,0.035320880663246366,0.037917718142576565,0.04534331902249552,0.0946476285905143,0.0214317523936762
US Power Grid,seamless,17.0,98,0.027277382558047587,0.0019111773811731775,0.02592757711912642,0.035118298429879194,0.0434949671422617,0.05170166853907099,0.0842100868403473,0.0214317523936762
US Power Grid,seamless,17.0,99,0.028491150599214157,0.0017505916218368955,0.0274229920631662,0.034936998746488944,0.04616607503829609,0.047981759378857576,0.0719494544644845,0.0263026052104208
US Power Grid,seamless,17.0,100,0.027317932326403407,0.00207014982642242,0.0270750807228939,0.035105038158973756,0.04126792548231586,0.046304021648136115,0.0883016032064128,0.0224059229570251
US Power Grid,seamless,18.0,1,0.02748404944832385,0.0020439843122376086,0.02788238357496442,0.034381367520897606,0.03678462759984005,0.045413349824579466,0.1319166109997773,0.0350701402805611
US Power Grid,seamless,18.0,2,0.027587748939515332,0.0020018890161009155,0.027697876025841898,0.03089159867835415,0.04078871143711126,0.04369403262942515,0.1076319305277221,0.0311734580271654
US Power Grid,seamless,18.0,3,0.027179824506195844,0.0022399138516152337,0.029276666063210846,0.030789056049272914,0.03800782347938126,0.04356328527529213,0.1356045424181697,0.0311734580271654
US Power Grid,seamless,18.0,4,0.02887480753492184,0.0018028141921166193,0.028949340674813653,0.035016522601234536,0.03937483836631906,0.04912778942303507,0.1089261857047428,0.0350701402805611
US Power Grid,seamless,18.0,5,0.02707449814365607,0.002153825242768853,0.027306611004374676,0.03183187497588353,0.03792789020921332,0.04731461067707963,0.1329186150077933,0.0321476285905143
US Power Grid,seamless,18.0,6,0.027947734897105576,0.0018215232126218197,0.02615214974822803,0.03813326976828641,0.04305554386901469,0.04547509233694417,0.0738282119795145,0.0263026052104208
US Power Grid,seamless,18.0,7,0.028259172302210932,0.0023921483380303604,0.026432569699450237,0.03747762912913656,0.04166720263605263,0.05130231973919342,0.1257932531730127,0.0194834112669784
US Power Grid,seamless,18.0,8,0.02717440160170158,0.0017276391785649384,0.026466493224157617,0.030730197285420962,0.04352781563705359,0.04919029979150214,0.0812179915386328,0.0272767757737697
US Power Grid,seamless,18.0,9,0.02865306497015154,0.0020535557386699814,0.027352044724934313,0.037435898253683694,0.043321797744050025,0.05114737939420502,0.1158567134268537,0.0214317523936762
US Power Grid,seamless,18.0,10,0.027973547922498242,0.002119660944455019,0.027101995172183233,0.0356695491077941,0.041367018462914615,0.04292285822564915,0.081524159429971,0.0282509463371186
US Power Grid,seamless,18.0,11,0.02851445553127824,0.0023991574420891932,0.02712127670542771,0.03368796602320233,0.04274384504252974,0.05675615119127136,0.1309424404364284,0.0340959697172122
US Power Grid,seamless,18.0,12,0.028389837186000143,0.001955238480189043,0.02688350506868894,0.03736214605265925,0.04611012471056304,0.053052755838474276,0.0875501002004008,0.0194834112669784
US Power Grid,seamless,18.0,13,0.02781910360250172,0.0018344839543630994,0.02704219063464266,0.03468071817088982,0.03692134054346931,0.054899176812543735,0.1025523268759741,0.0350701402805611
US Power Grid,seamless,18.0,14,0.028978412125284687,0.0018012415498132868,0.026939472164668264,0.03939302215542194,0.04375425835036672,0.045583713241242226,0.0679414384324204,0.023380093520374
US Power Grid,seamless,18.0,15,0.02875027053321116,0.001740410118648922,0.02869488708513074,0.038037122872937326,0.0397790475796496,0.04804264520709708,0.0793114005789356,0.0214317523936762
US Power Grid,seamless,18.0,16,0.027299074176024625,0.002372883469814503,0.024997874314833017,0.03544619466755833,0.03905486782284681,0.05378422574528743,0.1122383656201291,0.0253284346470719
US Power Grid,seamless,18.0,17,0.02666588229001355,0.0024492379650936863,0.025715787177933484,0.03450208377427229,0.041550744513314475,0.04526932160351225,0.099045312847918,0.0185092407036294
US Power Grid,seamless,18.0,18,0.028473038098203333,0.0017977031046307822,0.02691189331967339,0.03802193176664544,0.039140608085978044,0.05123650077933637,0.1004091516366065,0.0389668225339568
US Power Grid,seamless,18.0,19,0.02872056657384384,0.0018284238585907669,0.02855194493839877,0.03873852853789469,0.04223050395402933,0.046447054468205705,0.0875222667557337,0.0409151636606546
US Power Grid,seamless,18.0,20,0.028825662462942606,0.0015510558509705832,0.025787933242970674,0.039107341905202195,0.04422635352338288,0.05191993181765817,0.0602176575372968,0.0428635047873524
US Power Grid,seamless,18.0,21,0.027780668766898647,0.001975940418095879,0.026694004439722877,0.034748931260176745,0.0445803432208648,0.05010087264377541,0.0887608550434201,0.0194834112669784
US Power Grid,seamless,18.0,22,0.02738212595835422,0.0018394459119753538,0.027049523610580453,0.03388165219327542,0.03892100962954453,0.0417840526203982,0.0701959474504564,0.0282509463371186
US Power Grid,seamless,18.0,23,0.02512145264730946,0.002428427569096955,0.025859786138682603,0.02965493726541937,0.03445824912160138,0.0441711491060445,0.1152582943665108,0.0301992874638165
US Power Grid,seamless,18.0,24,0.027758082369680047,0.001877501144263822,0.027426878000194863,0.034683191303130405,0.04136584688169023,0.04627391244192803,0.089609775105767,0.0350701402805611
US Power Grid,seamless,18.0,25,0.027168395734974177,0.002178391000127858,0.026208548224371086,0.032531148643113024,0.03760144233614901,0.04927007884296806,0.1313181919394344,0.0331217991538632
US Power Grid,seamless,18.0,26,0.028318254846675904,0.0018052680564002743,0.024914728111829213,0.0392739608792263,0.04227260037992268,0.04951620845603184,0.0757765531062124,0.023380093520374
US Power Grid,seamless,18.0,27,0.028173802228210046,0.001639218720786021,0.02656995928134125,0.03493625655089812,0.04168370298677457,0.05329113325585717,0.0906396125584502,0.0272767757737697
US Power Grid,seamless,18.0,28,0.02691797956269048,0.0020995555260425462,0.025154641976083688,0.03216050309135151,0.03950302628550477,0.051747718382248564,0.0958305499888666,0.0379926519706078
US Power Grid,seamless,18.0,29,0.026917044111665216,0.0017509305533677856,0.026208244165209237,0.03546331615768358,0.03793525389233994,0.048149496057103676,0.0793809841906034,0.0282509463371186
US Power Grid,seamless,18.0,30,0.02747674208451783,0.0022884624041000995,0.026413048966149308,0.036242342841711746,0.0388901195190123,0.04875763924543301,0.095941883767535,0.0204575818303273
US Power Grid,seamless,18.0,31,0.02713917983701136,0.0015471378024734799,0.02614891926912911,0.03417164908329054,0.040758382693412205,0.04708271318465384,0.0698619461144511,0.0272767757737697
US Power Grid,seamless,18.0,32,0.027705954700228977,0.0021656607318275753,0.02606573602147423,0.037237280078225056,0.04187254695058808,0.05096996022501851,0.1095524382097528,0.0214317523936762
US Power Grid,seamless,18.0,33,0.02863431527786262,0.0016721221938049461,0.02641572667524183,0.03710729707265482,0.041492707637497135,0.048610176858609196,0.0785598975729236,0.0389668225339568
US Power Grid,seamless,18.0,34,0.029192237249493373,0.001573384660225704,0.02794503033215745,0.035690640732676054,0.04641777521539382,0.0526677250145233,0.0603568247606323,0.0467601870407481
US Power Grid,seamless,18.0,35,0.02660816902893338,0.002051766180186879,0.02463053122525341,0.0324487781533215,0.04083436289152064,0.04745158951137267,0.0985721442885771,0.023380093520374
US Power Grid,seamless,18.0,36,0.029398632994544906,0.001959590361045684,0.026262464376397118,0.04002088539218351,0.04384700422676208,0.04710919245704593,0.1040414161656646,0.0224059229570251
US Power Grid,seamless,18.0,37,0.02788187372202278,0.0019612307896552023,0.02776973952816196,0.03721768068938262,0.03985922144023162,0.042865325666910065,0.1006874860832776,0.0379926519706078
US Power Grid,seamless,18.0,38,0.028312831942181652,0.0016365072685388948,0.027527437895569173,0.03754260426526885,0.04307406737178527,0.047196569877897374,0.0592156535292807,0.0214317523936762
US Power Grid,seamless,18.0,39,0.02775915339331766,0.0019564586337002567,0.02384485351278329,0.036972175541915855,0.040371987042476784,0.0540438233825007,0.0999777332442663,0.023380093520374
US Power Grid,seamless,18.0,40,0.028073003990922985,0.0018007941601925102,0.02646092476947128,0.03546307299246358,0.03889741392537066,0.04862413781050472,0.1036656646626586,0.0321476285905143
US Power Grid,seamless,18.0,41,0.027705547982391915,0.002009142150861987,0.027196911340197853,0.034391158842499235,0.039853555671572276,0.05657690380761516,0.1101926074370964,0.0350701402805611
US Power Grid,seamless,18.0,42,0.028401889591238634,0.0017031818792958258,0.027254539271780214,0.03565513276728156,0.041244456331208726,0.04833121374398444,0.0757069694945446,0.0379926519706078
US Power Grid,seamless,18.0,43,0.028453827459032414,0.001860744369376556,0.026208737911585716,0.03599885892248391,0.03981901829844905,0.05137571654937777,0.0789495657982631,0.0253284346470719
US Power Grid,seamless,18.0,44,0.028829336480737475,0.0018981759676481844,0.0278149947832744,0.03898548169697897,0.04164313269719197,0.053863496681681215,0.0858244266310398,0.0204575818303273
US Power Grid,seamless,18.0,45,0.027586216968995696,0.0022788096341003206,0.02769340728606481,0.03405616897435164,0.03703258876962442,0.047955981407258874,0.1137552883544867,0.0331217991538632
US Power Grid,seamless,18.0,46,0.029645009102980395,0.0014316163794845039,0.0282818226664117,0.038393356326204504,0.04128941779480193,0.05075706969494539,0.0723530394121576,0.0409151636606546
US Power Grid,seamless,18.0,47,0.027532435313673886,0.002094227522376935,0.026710375289088352,0.03423289893329208,0.037899662962288125,0.04595752953718881,0.1280755956357158,0.0350701402805611
US Power Grid,seamless,18.0,48,0.026973482990189233,0.002198442189495381,0.02665248177469405,0.033611925016542074,0.038108427083649914,0.04071765243803973,0.1106379425517702,0.0340959697172122
US Power Grid,seamless,18.0,49,0.027475549045529086,0.0018727425455701081,0.026150419907848086,0.03636242147778595,0.040144028762341986,0.04082298123566884,0.0774883099532398,0.0263026052104208
US Power Grid,seamless,18.0,50,0.02719214805665905,0.0018319351892508015,0.02418840416762389,0.036108766518759404,0.039642833972346636,0.04804815399949324,0.10500167000668,0.0370184814072589
US Power Grid,seamless,18.0,51,0.02817152460832245,0.0021136144059439206,0.02774648106826638,0.03298209974229309,0.03951961413152451,0.05164699317333848,0.1045145847250055,0.0331217991538632
US Power Grid,seamless,18.0,52,0.02693664791141198,0.002134655275381645,0.024793623945137972,0.029960496381351773,0.04268200895134461,0.04585754977480452,0.0935342908038298,0.0253284346470719
US Power Grid,seamless,18.0,53,0.02767233269236456,0.002084357836197383,0.026974080213008345,0.03534987942857952,0.040891989292594806,0.049015334713064206,0.0882181028724115,0.03604431084391
US Power Grid,seamless,18.0,54,0.02756901280448766,0.00213130663185644,0.023927823626156024,0.03565337673669947,0.042591021179772016,0.04930171737672087,0.0863671788020485,0.023380093520374
US Power Grid,seamless,18.0,55,0.02769253301160568,0.002336672025054075,0.025962245506316813,0.03530856905778256,0.03684674025877602,0.050484841345050095,0.0921565352928078,0.0214317523936762
US Power Grid,seamless,18.0,56,0.028588681536543432,0.0015725034382453869,0.02892227407835803,0.03644264390420752,0.03873502789968442,0.05044714340216168,0.0723808728568247,0.0370184814072589
US Power Grid,seamless,18.0,57,0.028914937028179363,0.0016648283872601672,0.027052676997356556,0.0387080771089302,0.04255931738681212,0.04981031507459358,0.0836812513916722,0.0409151636606546
US Power Grid,seamless,18.0,58,0.02878862402524681,0.002086689685129909,0.02669849154573918,0.034966313328812816,0.04576048032889109,0.052017202070521996,0.1177493876642173,0.0204575818303273
US Power Grid,seamless,18.0,59,0.028373731159652183,0.0017691921842522087,0.028751653807320657,0.034013376995536956,0.04262782657921172,0.048196855194236485,0.1107771097751057,0.0321476285905143
US Power Grid,seamless,18.0,60,0.028166210161918084,0.0017709275136903705,0.027636666012420687,0.037720080141880184,0.03981669264147748,0.04252308034873156,0.082526163437987,0.0214317523936762
US Power Grid,seamless,18.0,61,0.029775606200463423,0.001637632521221453,0.02907382062421883,0.03674059158430451,0.047006004955236685,0.0492507170075612,0.0620685816076597,0.0311734580271654
US Power Grid,seamless,18.0,62,0.026354919389051427,0.0025413731124511677,0.02456543424729462,0.03351942727799775,0.037670178406473014,0.050830022020105045,0.0903195279447784,0.0340959697172122
US Power Grid,seamless,18.0,63,0.02824326963478152,0.0017129973364304327,0.02754212127959616,0.035030661907274704,0.041262153937504584,0.05072700957470492,0.0795758183032732,0.0399409930973057
US Power Grid,seamless,18.0,64,0.026422610794401037,0.002238897057022565,0.02655012501253971,0.033464502333027925,0.03943338283835314,0.040836629553601164,0.0906396125584502,0.03604431084391
US Power Grid,seamless,18.0,65,0.02817145682201628,0.0016612763848164282,0.026578168628308686,0.03743613967954239,0.03992959557768352,0.04697746168092667,0.0709196170118013,0.0399409930973057
US Power Grid,seamless,18.0,66,0.027236629430773217,0.0021142109254382825,0.025766167675537046,0.03452759383017821,0.038666072451284436,0.04514729314328509,0.1134769539078156,0.0214317523936762
US Power Grid,seamless,18.0,67,0.028904877540342513,0.001682642628523817,0.027800812352674627,0.03817184279094711,0.04166303776420894,0.0479144823864063,0.0538716321531952,0.0418893342240035
US Power Grid,seamless,18.0,68,0.027159963118485616,0.002403170391414943,0.026604561576480695,0.03547843704581539,0.039741743225375596,0.04081152359046866,0.0899437764417724,0.03604431084391
US Power Grid,seamless,18.0,69,0.02762518053778697,0.0019319742199086643,0.028414694081974563,0.032985069896483886,0.04170321943368029,0.04552237477847058,0.0703768648407927,0.0292251169004676
US Power Grid,seamless,18.0,70,0.0276162191881102,0.001975533700258811,0.026679685525679352,0.03654727127792656,0.042589272752810256,0.05012704466667536,0.0808700734802939,0.0292251169004676
US Power Grid,seamless,18.0,71,0.028264608763966435,0.0017423352497443864,0.026721729658665,0.038137228520645466,0.04254955963798707,0.04689823301157337,0.0665915163660654,0.024354264083723
US Power Grid,seamless,18.0,72,0.028344366131815762,0.001856948336230577,0.02738947283141656,0.033911243277650494,0.04081543501315244,0.05583736005110244,0.179191716766867,0.0282509463371186
US Power Grid,seamless,18.0,73,0.028481972333357614,0.0015108585714068829,0.027411088326523784,0.037180932230768536,0.03806623347705504,0.05110526608773096,0.0765558895568915,0.0379926519706078
US Power Grid,seamless,18.0,74,0.027929541052527325,0.002220920128624093,0.028626288524761893,0.034389770653413775,0.037994507533585596,0.04572343339878406,0.1163437987085281,0.0340959697172122
US Power Grid,seamless,18.0,75,0.026633832924452476,0.002504944751510974,0.025678766927956672,0.03620116475713358,0.03840573049630693,0.04466254949987118,0.102649743932309,0.0263026052104208
US Power Grid,seamless,18.0,76,0.0273427963435096,0.0024854900816378114,0.026634162535682508,0.03384267721754941,0.03792528272686479,0.0453822845220958,0.1205048986862614,0.0214317523936762
US Power Grid,seamless,18.0,77,0.02783773127943951,0.0021903485045376963,0.02610282606951067,0.0339511882397345,0.04225102299316294,0.04712113506878493,0.1000473168559341,0.0253284346470719
US Power Grid,seamless,18.0,78,0.027844943742416875,0.0018866387383366496,0.025981835620019513,0.03479139351871092,0.04501675590728694,0.04617470281736173,0.0857270095747049,0.0350701402805611
US Power Grid,seamless,18.0,79,0.027725219568444835,0.0019207488076055483,0.027502188225688114,0.03498959501631929,0.037923057287561866,0.045401706384293285,0.1012024048096192,0.03604431084391
US Power Grid,seamless,18.0,80,0.026978011115441944,0.002302453497695293,0.025261370694605566,0.03335460720177749,0.03893930993591409,0.05128090319124552,0.1155087953685148,0.0340959697172122
US Power Grid,seamless,18.0,81,0.027814629706293954,0.0020358499554962196,0.02749898200329443,0.03308162717186943,0.039940907593745426,0.05184456504249367,0.1533066132264529,0.0292251169004676
US Power Grid,seamless,18.0,82,0.02805053960905551,0.0018021498863160716,0.027679595695477836,0.03672943037193076,0.04065507797972724,0.04748615588665245,0.0900968603874415,0.0214317523936762
US Power Grid,seamless,18.0,83,0.027637531202772642,0.001979722893980628,0.027415871519332616,0.03517768780270186,0.042556410018795725,0.04792666911210923,0.075317301269205,0.0194834112669784
US Power Grid,seamless,18.0,84,0.0273139736061226,0.002151534065620033,0.02336001283751427,0.0352255413674363,0.039564431747890684,0.04829822914988145,0.0879119349810732,0.0379926519706078
US Power Grid,seamless,18.0,85,0.027619161113798345,0.002703084124470008,0.026937383846602145,0.03268901103518128,0.0388773136308346,0.053627882828362984,0.1351592073034959,0.0301992874638165
US Power Grid,seamless,18.0,86,0.027999591421331932,0.0018235974735908737,0.026998520511862932,0.03560777101542385,0.039601338821324,0.045217930599569085,0.0707526163437987,0.0379926519706078
US Power Grid,seamless,18.0,87,0.02598536200502884,0.0029494060038605416,0.025044366848257924,0.03363247052869742,0.039128162975383476,0.04764583103639849,0.1401553106212424,0.0155867290135827
US Power Grid,seamless,18.0,88,0.027276772481291976,0.0018136464438439066,0.028394246811839195,0.032756765126677294,0.03861445363198866,0.04787227674523809,0.0754286350478735,0.0340959697172122
US Power Grid,seamless,18.0,89,0.02830716500698515,0.0020734849126863874,0.027305149673673066,0.036915222867836696,0.04173689225937489,0.042798621064072076,0.0841961701180138,0.024354264083723
US Power Grid,seamless,18.0,90,0.027636134804865382,0.002022970557322354,0.025870468363963926,0.035987619207800615,0.0411583837284576,0.048127566617131905,0.0883433533734135,0.0399409930973057
US Power Grid,seamless,18.0,91,0.02864757427935109,0.002129340828977272,0.02806186957902066,0.03717517582334474,0.0397779657507166,0.050895948986094744,0.0695418615007793,0.0379926519706078
US Power Grid,seamless,18.0,92,0.02790996436730305,0.002045990786900493,0.02596850809884597,0.035579541473528035,0.039682673711968174,0.0514076148264749,0.0895123580494322,0.024354264083723
US Power Grid,seamless,18.0,93,0.028743600360683214,0.001778099304884033,0.029183155161674697,0.03736985658797575,0.03894808778235425,0.0424659111065822,0.1002978178579381,0.0379926519706078
US Power Grid,seamless,18.0,94,0.027692546568866924,0.001922212991818995,0.028096179610372966,0.033717173545989694,0.0396040285048339,0.04358959905752395,0.077418726341572,0.0301992874638165
US Power Grid,seamless,18.0,95,0.02832442340053812,0.0017656672963309425,0.02600952717548685,0.03775399974424522,0.04262025056952424,0.053297360830234765,0.0743570474281897,0.0428635047873524
US Power Grid,seamless,18.0,96,0.02854129890852482,0.001581695261363152,0.028190502232865688,0.035870710493151214,0.03884929577890083,0.048438581433352584,0.0532732130928523,0.0321476285905143
US Power Grid,seamless,18.0,97,0.02718455599036709,0.0017267715138458552,0.027833969034946653,0.035130748154680695,0.036001756035228163,0.04449394194022186,0.0803134045869516,0.0292251169004676
US Power Grid,seamless,18.0,98,0.027544460604389902,0.0023444674502645793,0.027141369826740508,0.0321071225379842,0.037900652695160214,0.05296426185704737,0.133085615675796,0.0292251169004676
US Power Grid,seamless,18.0,99,0.027801330033021772,0.0021109436254804904,0.026340762170935665,0.03710487242060336,0.040525642757895504,0.0465193432893344,0.0945780449788465,0.0379926519706078
US Power Grid,seamless,18.0,100,0.026454524587349773,0.002163491570029869,0.025006314625025717,0.033113704765620686,0.041765510266293084,0.043551953991804726,0.1096776887107548,0.0204575818303273
US Power Grid,seamless,19.0,1,0.02745202719728524,0.0019439452815797427,0.025238838675544384,0.03487235983478467,0.03873006516072496,0.04287769800085814,0.0925322867958138,0.0253284346470719
US Power Grid,seamless,19.0,2,0.026898185961286434,0.0023325235031159664,0.024680540067888463,0.03421082103893018,0.0430739609998278,0.04652056076237767,0.1359246270318414,0.0253284346470719
US Power Grid,seamless,19.0,3,0.027565826848097285,0.0017688125809376101,0.02563713285156168,0.036074624944710296,0.0392347194388777,0.05273257464030253,0.1187235582275662,0.0370184814072589
US Power Grid,seamless,19.0,4,0.02694891723283024,0.002022916328277409,0.025191654167268464,0.03196493226281374,0.040723469575148795,0.043813733870754684,0.0822339122689824,0.0282509463371186
US Power Grid,seamless,19.0,5,0.027514417713491692,0.002138017476168089,0.026864756157481153,0.03612819325098705,0.04288767536517906,0.043797948447103704,0.0975144733912269,0.0379926519706078
US Power Grid,seamless,19.0,6,0.027565338786692813,0.0016337551445080576,0.02606516751894318,0.031027144749616088,0.04167857643071663,0.04396466544199508,0.0809396570919617,0.0263026052104208
US Power Grid,seamless,19.0,7,0.027379970353817753,0.0021541235025160426,0.027353326565819933,0.03386720409875629,0.03974108337720106,0.04331374320315929,0.0967908038298819,0.0340959697172122
US Power Grid,seamless,19.0,8,0.02717612337387851,0.0018890383735753597,0.026915600730381403,0.03490942747521298,0.04076310007336916,0.04575810635657598,0.0755121353818748,0.0185092407036294
US Power Grid,seamless,19.0,9,0.027944196451923062,0.002241323806783746,0.028011713154775388,0.0366253950395918,0.038762165801351355,0.05264797611048774,0.0809118236472945,0.0379926519706078
US Power Grid,seamless,19.0,10,0.028351212548739776,0.0018164527969196812,0.025629240460325657,0.03763881416537715,0.04036010516523352,0.05243063905588945,0.0880650189267423,0.0399409930973057
US Power Grid,seamless,19.0,11,0.027241184670548403,0.0016867369214169769,0.025564012647089667,0.03429847782119064,0.03630495559019268,0.04371366361939686,0.0890670229347584,0.03604431084391
US Power Grid,seamless,19.0,12,0.02788068068303404,0.002359773598199625,0.02562383220547372,0.034058230196175376,0.04142224507494516,0.04821347137866457,0.0953295479848586,0.0389668225339568
US Power Grid,seamless,19.0,13,0.027701223216057728,0.0020468855661420426,0.0276942266898656,0.036571015502562754,0.03950069868520942,0.050749912969722914,0.101522489423291,0.0389668225339568
US Power Grid,seamless,19.0,14,0.027296647426263438,0.002130669440578366,0.025793322441766357,0.035998329137846334,0.03872134971834368,0.04285976385023609,0.0786573146292585,0.0379926519706078
US Power Grid,seamless,19.0,15,0.02770492434837506,0.002106035896913182,0.02599554231748748,0.034673288822119015,0.036988594562157896,0.048934862406116275,0.0931446225784903,0.0370184814072589
US Power Grid,seamless,19.0,16,0.02798535629703451,0.0021740797910549162,0.02862664623299609,0.03429887631067378,0.03940222250883594,0.05555922290816124,0.0943414606991761,0.0350701402805611
US Power Grid,seamless,19.0,17,0.028826096295302157,0.0019106215334625174,0.027055176210053482,0.0355741259837126,0.04263982442272978,0.05373077805442534,0.0836116677800044,0.0272767757737697
US Power Grid,seamless,19.0,18,0.027065509679456836,0.0025803773530261313,0.026351020313719765,0.037754889786539216,0.04042221044494126,0.04877894154184706,0.103025495435315,0.0165608995769316
US Power Grid,seamless,19.0,19,0.02867691219266505,0.0017568686337890009,0.027926017294786405,0.03587517173218518,0.042572588098571486,0.053360471017641624,0.0545535515475395,0.023380093520374
US Power Grid,seamless,19.0,20,0.02814084452614618,0.0020046546973929887,0.02701699695687666,0.03914230504640899,0.039922916153389866,0.04710747181871443,0.0912519483411267,0.0399409930973057
US Power Grid,seamless,19.0,21,0.02632879454665033,0.001759498742468721,0.023591869729797696,0.033310453826392354,0.0375760366019913,0.046562487720539024,0.0910014473391226,0.023380093520374
US Power Grid,seamless,19.0,22,0.02710073144414706,0.0017275171632138168,0.02635823513634909,0.03399533036915655,0.03880975661259966,0.042461072052111505,0.0790887330215987,0.0224059229570251
US Power Grid,seamless,19.0,23,0.02818401084592049,0.0016165916517837228,0.025899049016306228,0.03900959525582427,0.04221545317553812,0.04855983897619787,0.0799515698062792,0.023380093520374
US Power Grid,seamless,19.0,24,0.02634701550575105,0.002554727014768283,0.026402266291088605,0.03064986209405368,0.035269170820273,0.051874102047840716,0.1863170786016477,0.0272767757737697
US Power Grid,seamless,19.0,25,0.027382830935938466,0.0019968728294437275,0.027191946314601673,0.0357309412920635,0.03780091837237664,0.044186197593453595,0.1030950790469828,0.023380093520374
US Power Grid,seamless,19.0,26,0.027395534089716272,0.0020908924361129665,0.028041168272931464,0.032623906156771146,0.04027168025927398,0.048974801454761345,0.1074649298597194,0.0331217991538632
US Power Grid,seamless,19.0,27,0.027775910168204927,0.0022878387700832666,0.026404918227061182,0.03689468363521456,0.0425684170889549,0.048251712228920336,0.1303718548207526,0.0185092407036294
US Power Grid,seamless,19.0,28,0.02695665842899579,0.0021630712949315626,0.027511624296533848,0.03528965604432325,0.03851251623661406,0.04344611202746181,0.1200178134045869,0.0204575818303273
US Power Grid,seamless,19.0,29,0.028690415224855752,0.0019175764084764036,0.02778115885618034,0.03730897891675741,0.04088749907409467,0.044446563056580006,0.0860749276330438,0.0409151636606546
US Power Grid,seamless,19.0,30,0.029115828525169238,0.0018042241472851278,0.025975695767882338,0.03833391233770691,0.04687747114795297,0.05547239157738096,0.0609413270986417,0.024354264083723
US Power Grid,seamless,19.0,31,0.028026705943803236,0.0021790146341446955,0.0285364275931639,0.034635671809864245,0.039176273830767994,0.043958497803688164,0.1252226675573369,0.0350701402805611
US Power Grid,seamless,19.0,32,0.0267885755041962,0.002311089473102404,0.024966548607753655,0.03587266119118379,0.04027980599353018,0.04455951976813368,0.0992540636829214,0.0389668225339568
US Power Grid,seamless,19.0,33,0.02723820207307655,0.0024510139663155585,0.025900237914329827,0.03298348149362137,0.03743022146822531,0.04818388136716686,0.0949955466488532,0.03604431084391
US Power Grid,seamless,19.0,34,0.027170198850718533,0.0023291884168520007,0.02432147803796367,0.03651034310707352,0.038381632546137974,0.052118488635646006,0.1126697840124693,0.0370184814072589
US Power Grid,seamless,19.0,35,0.02853937377742937,0.0017492494529745648,0.02655605208795526,0.03749699505318886,0.04418074675633622,0.04927859834896128,0.0651859274103763,0.0263026052104208
US Power Grid,seamless,19.0,36,0.027094888264554494,0.0021614308663220503,0.025920474477443736,0.03529229403759554,0.039868053774073965,0.04707499016586825,0.1033177466043197,0.0263026052104208
US Power Grid,seamless,19.0,37,0.027238080057725437,0.0022279699044666277,0.024956437119367385,0.03568287273940858,0.041693783344418464,0.050876461332732936,0.1228846582052995,0.0214317523936762
US Power Grid,seamless,19.0,38,0.02637204220999206,0.002726104354048143,0.026771019018756052,0.03275722633440184,0.036197930048130385,0.05287310732576221,0.1296203518147406,0.0165608995769316
US Power Grid,seamless,19.0,39,0.0274407204414147,0.002363772990264145,0.026164890018261614,0.033617438684662986,0.04119168223553459,0.05273991054811945,0.076792473836562,0.0340959697172122
US Power Grid,seamless,19.0,40,0.026849230690964496,0.002027539354358764,0.02401634508383339,0.034195185215802545,0.03600070946971316,0.04661139978803989,0.0997550656869294,0.0350701402805611
US Power Grid,seamless,19.0,41,0.026328374271552026,0.002457819711455851,0.02470312742886191,0.034546309252574244,0.04257663475098337,0.04450813391488858,0.0975144733912269,0.0185092407036294
US Power Grid,seamless,19.0,42,0.026951005051060534,0.002334529977778843,0.024393398625722672,0.03423440019570424,0.0387394870241377,0.050793046999348446,0.0937430416388332,0.0214317523936762
US Power Grid,seamless,19.0,43,0.028771582547873598,0.001747297207356632,0.0266499603646205,0.03867877641774353,0.04171987912959106,0.052040030474171405,0.0970691382765531,0.0409151636606546
US Power Grid,seamless,19.0,44,0.027529208685499802,0.001618367653005594,0.02677241934067333,0.03280361118377569,0.03985504903115985,0.04577496808714966,0.0660209307503896,0.0301992874638165
US Power Grid,seamless,19.0,45,0.028237995860160854,0.0016388391174714273,0.028422147159904845,0.03341993409302709,0.04213114092148884,0.05039533521497445,0.0950094633711868,0.0340959697172122
US Power Grid,seamless,19.0,46,0.02793118148113684,0.0016869673948579883,0.027948502302871343,0.03412127284872776,0.04167169026399676,0.046850704406752354,0.0630984190603429,0.0263026052104208
US Power Grid,seamless,19.0,47,0.02930758242808628,0.001841452386638228,0.0271702512797808,0.03871967801105938,0.04271871980454275,0.05402711741565917,0.1008544867512803,0.0272767757737697
US Power Grid,seamless,19.0,48,0.02526773549604213,0.00294933821755437,0.0242228855063359,0.030763749485062015,0.036399068520051044,0.0451074692119281,0.1269900912936985,0.0311734580271654
US Power Grid,seamless,19.0,49,0.026908719953266533,0.0020947291410426546,0.025036162917270198,0.03528787397102059,0.03996016794776075,0.04376910454631934,0.0993375640169227,0.0224059229570251
US Power Grid,seamless,19.0,50,0.02702841701271609,0.0021197558452836635,0.02677637918211084,0.03408973502560676,0.03676074143636368,0.04653056112224443,0.1043336673346693,0.024354264083723
US Power Grid,seamless,19.0,51,0.02882899754920657,0.0016696547722600615,0.0278498360821964,0.03578800391372072,0.04174641214090477,0.04888247962494932,0.0830828323313293,0.023380093520374
US Power Grid,seamless,19.0,52,0.02766586587875515,0.0020005604044998236,0.024866847789538796,0.033924928905568134,0.04066646115398789,0.04836701601059709,0.091961701180138,0.0340959697172122
US Power Grid,seamless,19.0,53,0.028265978047351228,0.0022077831424867434,0.029963360387370484,0.03694422610434841,0.040963226187122205,0.04441232001039114,0.1226341572032954,0.0194834112669784
US Power Grid,seamless,19.0,54,0.026722348283060034,0.002403048376063823,0.02645714607692509,0.031775249399063524,0.038383657948560135,0.050116907909699346,0.1201569806279225,0.0301992874638165
US Power Grid,seamless,19.0,55,0.02677650954169647,0.002387376182075408,0.0241558732940676,0.035461256051815625,0.04373609517230089,0.050369599679156246,0.1014111556446225,0.0165608995769316
US Power Grid,seamless,19.0,56,0.02771990512204046,0.0017446399841544449,0.029135632682150008,0.03314620222408737,0.03889294398906053,0.04368507459432818,0.0720329547984858,0.0292251169004676
US Power Grid,seamless,19.0,57,0.028531903726488526,0.0018203979599392568,0.027636889588417982,0.037279093917402556,0.0411764489268724,0.048034998159701234,0.1093715208194166,0.0253284346470719
US Power Grid,seamless,19.0,58,0.027868777407669146,0.0022174494697477618,0.02558859050143503,0.03433544447080233,0.047929191716766746,0.05164770738785393,0.1012580716989534,0.0350701402805611
US Power Grid,seamless,19.0,59,0.02809146898072594,0.0017699242763589312,0.026804677731531387,0.038968134769098536,0.044209866026948326,0.04556334892006231,0.0786155644622578,0.0214317523936762
US Power Grid,seamless,19.0,60,0.027357763559913758,0.002055996045692396,0.02592112107382482,0.03507126909929036,0.0378768009284179,0.05433245207159229,0.0956217991538632,0.0370184814072589
US Power Grid,seamless,19.0,61,0.0275848070138272,0.0019236093897262684,0.02759162594458179,0.03546790550798564,0.037920058612899495,0.04275051956566993,0.121520819416611,0.03604431084391
US Power Grid,seamless,19.0,62,0.027637138042196807,0.002118006958584264,0.02647595357509986,0.0355813849922066,0.0415990133430716,0.0485543970228686,0.1023296593186372,0.0214317523936762
US Power Grid,seamless,19.0,63,0.027187064083695676,0.002015581849948924,0.02887786361899817,0.03111247757869422,0.0360603305376184,0.04353223870051003,0.1100116900467601,0.0311734580271654
US Power Grid,seamless,19.0,64,0.02769669509080503,0.0018257801926498142,0.026260055509676437,0.030502759445592723,0.044167239090339996,0.049304838633495794,0.0815937430416388,0.0292251169004676
US Power Grid,seamless,19.0,65,0.02896054365497609,0.001746483771682495,0.027777279791983113,0.0370681450046061,0.04378752610458311,0.052194043258931566,0.0642952571810287,0.0282509463371186
US Power Grid,seamless,19.0,66,0.02688046662085143,0.002094417324034232,0.02459678434736297,0.03258037272257759,0.042483856602092994,0.050167000668002615,0.1062402582943665,0.024354264083723
US Power Grid,seamless,19.0,67,0.028474881885731385,0.001852501554545281,0.028404898742215776,0.03523743969752263,0.04054106704625974,0.04898052877291609,0.0731184591405032,0.0399409930973057
US Power Grid,seamless,19.0,68,0.028079050529434085,0.0019144717956534403,0.02800876935594962,0.03659111785425383,0.0447397924908738,0.048160594693660776,0.0744544644845246,0.0214317523936762
US Power Grid,seamless,19.0,69,0.027644431848741595,0.0018440689380567056,0.02551299490536345,0.034526565290267215,0.041761498403042295,0.04951770407682226,0.0694722778891115,0.0301992874638165
US Power Grid,seamless,19.0,70,0.02793675351550469,0.0017021650847031502,0.02944687930513239,0.03618598943940841,0.04138944087080315,0.047195324917435735,0.0656590959697172,0.0370184814072589
US Power Grid,seamless,19.0,71,0.02762355366643868,0.0020233772751594263,0.027444222855017145,0.03304763314218837,0.040605034262404416,0.05478450659120983,0.0898324426631039,0.0331217991538632
US Power Grid,seamless,19.0,72,0.027304944470139668,0.0023122418403074383,0.02682921276275743,0.03322187857953488,0.0396729909449168,0.044783721488457835,0.111083277666444,0.0331217991538632
US Power Grid,seamless,19.0,73,0.027580983866158752,0.0020095624259602925,0.025101000930465328,0.03455161170018701,0.04367041580707012,0.0490451297331505,0.0913632821197951,0.0214317523936762
US Power Grid,seamless,19.0,74,0.02727538964064594,0.0018539928532812038,0.026367957570692536,0.0339219336522298,0.04124229254118657,0.05098497703061665,0.0747467156535292,0.0204575818303273
US Power Grid,seamless,19.0,75,0.02789299067623601,0.002111648603064744,0.025895168204547313,0.035055952500817646,0.04197297638447447,0.04658675792422681,0.0775578935649076,0.0253284346470719
US Power Grid,seamless,19.0,76,0.027074335456521242,0.002151317149440255,0.027100843868752108,0.030998719831279244,0.04220463237055062,0.04688027450816935,0.1003674014696058,0.0214317523936762
US Power Grid,seamless,19.0,77,0.027537776874600736,0.002276043952808243,0.025751366291924503,0.03801558536155665,0.04104103380849251,0.043272509300033554,0.1041527499443331,0.0204575818303273
US Power Grid,seamless,19.0,78,0.02803790424158389,0.0016679872291280764,0.025722841627196583,0.034517298485860604,0.042517822749148636,0.05278485104766099,0.0697784457804498,0.0428635047873524
US Power Grid,seamless,19.0,79,0.026927279843898137,0.0022692110931454754,0.025639958244964147,0.033325600526948766,0.03872005009272831,0.05435269939277953,0.1340041193498107,0.0263026052104208
US Power Grid,seamless,19.0,80,0.02792010519870732,0.0021117028321096824,0.02705391757640084,0.03874941898506756,0.03991204862076711,0.04748252166469888,0.0790887330215987,0.0253284346470719
US Power Grid,seamless,19.0,81,0.02790870354200814,0.0016185710119241267,0.025749808957977266,0.03370965397960562,0.04077281688723429,0.0521988213574744,0.0985164773992429,0.0253284346470719
US Power Grid,seamless,19.0,82,0.02785797227046432,0.0022572535887356348,0.028058229986543056,0.0334030262218046,0.03930000203577239,0.04908336953997835,0.103025495435315,0.0340959697172122
US Power Grid,seamless,19.0,83,0.027882958302921628,0.002136499062909691,0.026986597308091304,0.03417054371461553,0.042463611154504574,0.050862467121743436,0.0938265419728345,0.0350701402805611
US Power Grid,seamless,19.0,84,0.028368091338978153,0.002201289214354866,0.02743356766261059,0.03620636655025409,0.04543133784076907,0.05270892277435476,0.0926157871298151,0.0204575818303273
US Power Grid,seamless,19.0,85,0.027285598258356393,0.0016876723724422382,0.02515936640473187,0.037307305845638725,0.041627006117619644,0.04678407364540333,0.0762218882208862,0.0418893342240035
US Power Grid,seamless,19.0,86,0.02721229414685523,0.0022594363077945738,0.02569311514407586,0.031924234388299874,0.03966424380493723,0.04647595495869782,0.1473641727900245,0.0321476285905143
US Power Grid,seamless,19.0,87,0.02740148572739873,0.002520332243013434,0.02732244001892668,0.034183410915750154,0.03902977600904113,0.05003465712787567,0.1115703629481184,0.0214317523936762
US Power Grid,seamless,19.0,88,0.028441531023091673,0.0017142852762478226,0.02721343475964196,0.03288877563161417,0.04170479370226407,0.05547453120282824,0.0736751280338454,0.0224059229570251
US Power Grid,seamless,19.0,89,0.02783550788859685,0.0018523795391941621,0.026100135081458736,0.03703616098876102,0.037956729110802036,0.04905516463232582,0.0985164773992429,0.0253284346470719
US Power Grid,seamless,19.0,90,0.027548663355372958,0.0022974779828218114,0.025777058749685364,0.03625795652607893,0.0407588347015853,0.0463361363249374,0.1226063237586283,0.0194834112669784
US Power Grid,seamless,19.0,91,0.027155787482025028,0.0027238809632054964,0.02833873803826732,0.03497408379763871,0.038597303958301146,0.05075321695257851,0.1048207526163438,0.0155867290135827
US Power Grid,seamless,19.0,92,0.027037947767364755,0.002543366029852807,0.026786740446647694,0.03436175555353969,0.03852416123399057,0.05043815229024351,0.1009240703629481,0.0350701402805611
US Power Grid,seamless,19.0,93,0.027726127904947617,0.00183981195802871,0.026637021970973406,0.03451572726617067,0.04165793617610915,0.04383836871053296,0.0638220886216878,0.0311734580271654
US Power Grid,seamless,19.0,94,0.02755893975938957,0.0019978489522526894,0.026681101276030635,0.032838140562622395,0.040090083548739955,0.049630945919616976,0.089957693164106,0.0379926519706078
US Power Grid,seamless,19.0,95,0.028100769261933604,0.0014034443906368226,0.02899031768661056,0.03543532455989956,0.03869548245735932,0.04591590588584519,0.0655199287463816,0.0389668225339568
US Power Grid,seamless,19.0,96,0.027040971036620304,0.0022177748440174202,0.025569938525898884,0.034317219263084085,0.03859288625560295,0.052171547395866824,0.1012998218659541,0.0350701402805611
US Power Grid,seamless,19.0,97,0.028395612579286526,0.0017146242077787132,0.027371453425955067,0.03494730638317549,0.04078418707213738,0.05084144897983095,0.063376753507014,0.0321476285905143
US Power Grid,seamless,19.0,98,0.028004743180601477,0.0020437809533190793,0.027366347766326928,0.03619588118835854,0.043194405832300185,0.04465480815615375,0.1032064128256513,0.0185092407036294
US Power Grid,seamless,19.0,99,0.026808952067833382,0.002320660899534777,0.026705313514167394,0.034236016354281314,0.03674867549826488,0.04475373400301906,0.1465152527276775,0.0292251169004676
US Power Grid,seamless,19.0,100,0.028597737787048848,0.0019430369450769572,0.028674005181829672,0.03517663665222849,0.04712084719898506,0.05114921200425536,0.1031229124916499,0.0340959697172122
US Power Grid,seamless,20.0,1,0.026640869143033784,0.002171070079060603,0.02603494607376845,0.031629811742614616,0.042599172605679976,0.044591397670660025,0.1001308171899354,0.0272767757737697
US Power Grid,seamless,20.0,2,0.027372174928607256,0.0022166495913348576,0.027129731160434014,0.03454801506544527,0.04040859496771317,0.050675972868264516,0.1003674014696058,0.0194834112669784
US Power Grid,seamless,20.0,3,0.02744134407543154,0.002010226731760843,0.026798522797404325,0.03391645223385626,0.03868880082261899,0.04875972545252711,0.1056140057893565,0.0370184814072589
US Power Grid,seamless,20.0,4,0.02887718005563808,0.0014937628649887259,0.027643537650525504,0.03814756510550568,0.04341327701288403,0.04634617449589978,0.0714762859051436,0.0282509463371186
US Power Grid,seamless,20.0,5,0.02787274968521119,0.0014151849788668965,0.02731138580423351,0.03182269577289712,0.03973465699324823,0.054539750797892056,0.071587619683812,0.024354264083723
US Power Grid,seamless,20.0,6,0.02845744724778233,0.001596282874452718,0.027007276663774085,0.037014635997140416,0.0388420521205954,0.05011131603421371,0.0611222444889779,0.0389668225339568
US Power Grid,seamless,20.0,7,0.02742073703835336,0.0018897297938983743,0.02778195891049638,0.03436512136844158,0.03588537850667717,0.0474070120918164,0.0962898018258739,0.0350701402805611
US Power Grid,seamless,20.0,8,0.027430538938226733,0.0025641086395433495,0.02459427712106983,0.037249414545323274,0.04355260749533127,0.049369414333717915,0.1266560899576931,0.0204575818303273
US Power Grid,seamless,20.0,9,0.028787241184600767,0.0016878079450545985,0.027487867646531366,0.0381881772215649,0.04323667390261099,0.04547274777025614,0.0954547984858606,0.0272767757737697
US Power Grid,seamless,20.0,10,0.02682560038463076,0.0019825292470564055,0.023343906441602398,0.03303364397115465,0.04321857119018162,0.04624242816699153,0.0779753952349142,0.0311734580271654
US Power Grid,seamless,20.0,11,0.027735197712714276,0.0018153275442371261,0.02777152077606356,0.03493748896279574,0.03884130891170063,0.05049486049393468,0.0710587842351369,0.0194834112669784
US Power Grid,seamless,20.0,12,0.027657975552716006,0.0018533014329581835,0.026895897057272387,0.03507941504954899,0.03956687162361833,0.045676706400079314,0.0726174571364952,0.0224059229570251
US Power Grid,seamless,20.0,13,0.027281870011516586,0.002572880187562822,0.027411480721407123,0.034452931976396164,0.03796523812560901,0.050162867742630866,0.1011606546426185,0.03604431084391
US Power Grid,seamless,20.0,14,0.028516150188932696,0.0017658028689432964,0.027095396691223357,0.03671549963377674,0.042410526018366625,0.04997885717806181,0.0633489200623469,0.0379926519706078
US Power Grid,seamless,20.0,15,0.027527676714980163,0.0021588956584709883,0.027430827192114406,0.034639062625814225,0.03690598319955628,0.04794630179464998,0.1009519038076152,0.0350701402805611
US Power Grid,seamless,20.0,16,0.02681939115898483,0.0021942529957735633,0.02570306744249482,0.034015700981655336,0.04025559030771852,0.049189846557816094,0.10374916499666,0.0370184814072589
US Power Grid,seamless,20.0,17,0.02793847528768163,0.0016865064479759688,0.026723111958834925,0.034315943715387764,0.04050272126021476,0.048994829077078375,0.080146403918949,0.0253284346470719
US Power Grid,seamless,20.0,18,0.028258630011761505,0.0016822765824704505,0.02794339917151792,0.03548029263252811,0.04150972195286624,0.05185123129289873,0.0827627477176575,0.0379926519706078
US Power Grid,seamless,20.0,19,0.025944934252024116,0.0024837954239833567,0.02446488418432306,0.03236609701450692,0.03904403457120001,0.04698452197896835,0.0960253841015364,0.03604431084391
US Power Grid,seamless,20.0,20,0.02786677093300627,0.0019412473865938543,0.026824975257061887,0.03434528807285189,0.041438859513565435,0.04906058601027652,0.0641143397906925,0.0253284346470719
US Power Grid,seamless,20.0,21,0.028035667293480008,0.0019024736194598894,0.027579363112028153,0.037470438605422256,0.03978835235935421,0.049104784985967626,0.0866455132487196,0.0214317523936762
US Power Grid,seamless,20.0,22,0.027938312600546796,0.002289126709900649,0.026762639306812084,0.03423043743115733,0.04222070766829159,0.04364589016880239,0.1231629926519706,0.0321476285905143
US Power Grid,seamless,20.0,23,0.02784204248851244,0.0016384866286792983,0.025675779607716893,0.035060990878334884,0.04159251070289784,0.04742453942493357,0.0674543531507459,0.0253284346470719
US Power Grid,seamless,20.0,24,0.026908991098491247,0.0017961169050662088,0.024270799026584355,0.034983384210524895,0.03945753870030397,0.04097361389445552,0.051088287686484,0.0194834112669784
US Power Grid,seamless,20.0,25,0.02842203568143481,0.0019547097470008507,0.028561097947745535,0.03515651296132314,0.03869592583450359,0.04920052280670255,0.1105961923847695,0.03604431084391
US Power Grid,seamless,20.0,26,0.028209498497043517,0.0018029768792514485,0.0270304016693443,0.0354806960484183,0.04019132753171744,0.04634883773053886,0.0920591182364729,0.0389668225339568
US Power Grid,seamless,20.0,27,0.0291085889476694,0.0015159289871090184,0.027920044528527227,0.0394634245795716,0.043313086518657874,0.0455392227652785,0.0687207748830995,0.0418893342240035
US Power Grid,seamless,20.0,28,0.02683997108154054,0.0027856614026563623,0.02437250295990905,0.03317873119977321,0.0425685982982432,0.04755764759493127,0.1298847695390781,0.0282509463371186
US Power Grid,seamless,20.0,29,0.026347734040596555,0.00215322872327448,0.025577402340732896,0.03437561613393597,0.04118556236628854,0.04477821972201592,0.0852399242930305,0.0350701402805611
US Power Grid,seamless,20.0,30,0.02750830338867442,0.002318844226529197,0.027662955045546705,0.03463336367581124,0.039376131294847745,0.04123465234415087,0.1057253395680249,0.0224059229570251
US Power Grid,seamless,20.0,31,0.027391480468606823,0.0020942953086831124,0.025958529191989946,0.034585862406850194,0.03950157502261709,0.05045823971174667,0.1022600757069695,0.0331217991538632
US Power Grid,seamless,20.0,32,0.02825930787482329,0.0017940697586196295,0.026491457059546832,0.03530151726638949,0.043090715838758384,0.05072600397928462,0.0985582275662436,0.0340959697172122
US Power Grid,seamless,20.0,33,0.027754394794623955,0.0020456925271533054,0.02865630764993843,0.0349313292873194,0.04123462139494198,0.04970448142662134,0.0905561122244489,0.0214317523936762
US Power Grid,seamless,20.0,34,0.02841493167654733,0.001923419588068968,0.02731079706260897,0.03664569411586907,0.04072091839305522,0.05275061163336128,0.081649409930973,0.0253284346470719
US Power Grid,seamless,20.0,35,0.027601333315273462,0.002201479016012168,0.026540027528847227,0.03719927072959819,0.04080728086823742,0.05333224241174364,0.084251837007348,0.0224059229570251
US Power Grid,seamless,20.0,36,0.026007365440014293,0.0029598044232282913,0.027088297329567215,0.032990903559858294,0.03629673309253704,0.0445834591557544,0.1057670897350256,0.0340959697172122
US Power Grid,seamless,20.0,37,0.027839263249959133,0.001977526617660451,0.027622449199474146,0.03493950518985205,0.04054942385464792,0.04427111959502689,0.0754008016032064,0.0253284346470719
US Power Grid,seamless,20.0,38,0.02757093793558313,0.0024464587265403764,0.02742174816876638,0.03511412555751231,0.04131116854685482,0.05184748884860966,0.1148268759741705,0.0301992874638165
US Power Grid,seamless,20.0,39,0.027670190645089323,0.0019227010532234798,0.027494066415659536,0.03427561436382677,0.03708916836754888,0.042831837534879895,0.0661322645290581,0.0282509463371186
US Power Grid,seamless,20.0,40,0.026837530774518125,0.002051264561521157,0.025755113444886964,0.032574799053941776,0.04283743543424868,0.04569404951783424,0.1346999554664885,0.0263026052104208
US Power Grid,seamless,20.0,41,0.026985291364725487,0.0020836935303968325,0.025079698797784607,0.031655436769596486,0.04229908491132249,0.048835720192011045,0.1034569138276553,0.0224059229570251
US Power Grid,seamless,20.0,42,0.027408521945980032,0.0016129040767276245,0.02734363972092044,0.036997174523116474,0.04065787274943013,0.04258990202627469,0.0674961033177466,0.024354264083723
US Power Grid,seamless,20.0,43,0.026721494175602194,0.00260844088378393,0.02538360337011791,0.03503734912555356,0.038799287634770474,0.05028609467952491,0.134936539746159,0.0263026052104208
US Power Grid,seamless,20.0,44,0.027113407483402387,0.0023933278197578595,0.025768785878681928,0.03288830696865643,0.03674836523803683,0.04913517738661004,0.0982659763972389,0.0321476285905143
US Power Grid,seamless,20.0,45,0.0265563396192295,0.0023100862357709625,0.025075167588455016,0.03464933438260649,0.03601873681083165,0.048662830711928895,0.1077850144733912,0.0350701402805611
US Power Grid,seamless,20.0,46,0.02695058477596221,0.0024654253350090594,0.025956556562544624,0.033364487259118565,0.041700635826807574,0.049110632612743205,0.1309424404364284,0.0282509463371186
US Power Grid,seamless,20.0,47,0.02730042990214819,0.0017267308420621462,0.028717506792200156,0.032596178644208176,0.03728761666459088,0.04621006719320989,0.0925183700734803,0.0340959697172122
US Power Grid,seamless,20.0,48,0.02776041421861258,0.0020678993210572977,0.025937563830840275,0.03472461849926363,0.037868658028030085,0.049459763544182314,0.1060315074593631,0.0350701402805611
US Power Grid,seamless,20.0,49,0.028183631242605898,0.0019632914933630174,0.028594065525687336,0.03528320421711255,0.04237488732468029,0.04893676241371622,0.0885103540414161,0.0311734580271654
US Power Grid,seamless,20.0,50,0.026400105740749857,0.0026846326919282904,0.024023500656236048,0.032307923061271025,0.0401003193434088,0.04782945520670959,0.1100395234914273,0.0292251169004676
US Power Grid,seamless,20.0,51,0.026678409199395303,0.001976062433447001,0.024829651566249663,0.035476759001264915,0.038852103290006865,0.048190574527931275,0.1055444221776887,0.03604431084391
US Power Grid,seamless,20.0,52,0.027706646120551987,0.0017528421272020134,0.027666236976543003,0.03172074486050748,0.04156635896511454,0.04732604584926464,0.0672734357604097,0.0282509463371186
US Power Grid,seamless,20.0,53,0.027170714026645486,0.0025037517125222355,0.024565363211127206,0.031678936739056925,0.039046077088263145,0.05393555387602887,0.1168726341572033,0.0311734580271654
US Power Grid,seamless,20.0,54,0.02733692604939456,0.0019983505709184157,0.02480550264169459,0.0374287773555009,0.038842232526854044,0.045268262863174875,0.0930889556891561,0.0379926519706078
US Power Grid,seamless,20.0,55,0.028049821074210016,0.00247160744613251,0.02733735872445239,0.03514233179590297,0.041700844909592,0.0511634834029623,0.1530561122244489,0.0282509463371186
US Power Grid,seamless,20.0,56,0.026276843121595325,0.002493448193983138,0.024828974231208566,0.036101614994695226,0.04260770217684035,0.0446783006778826,0.1205048986862614,0.0175350701402805
US Power Grid,seamless,20.0,57,0.027947504423664563,0.0022243094439330043,0.02758923271906209,0.03601659566438742,0.04166926947331895,0.04935436717055509,0.1005900690269427,0.0185092407036294
US Power Grid,seamless,20.0,58,0.027069278598080344,0.002027444453530119,0.026844045012757573,0.03411606874917857,0.03944245176480287,0.04493828081695297,0.0974727232242262,0.0272767757737697
US Power Grid,seamless,20.0,59,0.02774651802584604,0.0018610155146012689,0.025832636591573088,0.034202668719253086,0.040906826049637225,0.05213558254579631,0.0924070362948118,0.0224059229570251
US Power Grid,seamless,20.0,60,0.02715253373932848,0.0021902671609702784,0.025705915684934386,0.03488312186295544,0.03942310665208689,0.045510212343879565,0.0999498997995992,0.0204575818303273
US Power Grid,seamless,20.0,61,0.027376106534365594,0.0019591972004698523,0.02560297933210207,0.035146335248508076,0.03854383257908615,0.04963669257022538,0.104124916499666,0.0370184814072589
US Power Grid,seamless,20.0,62,0.027349832562090906,0.002114726101365236,0.02471793495369883,0.03338827099656101,0.044076050269588565,0.05560402596489975,0.0976536406145624,0.0214317523936762
US Power Grid,seamless,20.0,63,0.02891500481448555,0.0015471242452122457,0.027675200588442733,0.03356577275846977,0.044407219652780903,0.055175550261949424,0.1100812736584279,0.0340959697172122
US Power Grid,seamless,20.0,64,0.027322338436305,0.002037029437223724,0.026361408946449883,0.037159305842060376,0.04326089877676317,0.04530969238218035,0.1125445335114673,0.0175350701402805
US Power Grid,seamless,20.0,65,0.0282090375501615,0.0017922259710915775,0.026995739575529268,0.035245666508191525,0.04210378409522688,0.05004944529582034,0.074691048764195,0.0282509463371186
US Power Grid,seamless,20.0,66,0.028440487113976533,0.0016645030129905129,0.02586419282521799,0.039667924964622056,0.043178429843434125,0.04610853313963412,0.0747606323758628,0.0418893342240035
US Power Grid,seamless,20.0,67,0.027150351020269543,0.0018577753291659483,0.025195638723041418,0.033801826703272024,0.041156938653292195,0.04537219879531556,0.100269984413271,0.0370184814072589
US Power Grid,seamless,20.0,68,0.02726885504073035,0.002360912408143422,0.02738064817721112,0.03291079976546973,0.04171233843294132,0.0554282448751144,0.1016059897572923,0.0185092407036294
US Power Grid,seamless,20.0,69,0.027311289268397945,0.002195432477501066,0.0261540690604335,0.03550248563768117,0.037016450146158515,0.042796198457520904,0.0872160988643954,0.03604431084391
US Power Grid,seamless,20.0,70,0.027415883538830996,0.0019270800486025966,0.025254994929115992,0.036047389486773856,0.04391953763344881,0.04476372480180383,0.0727705410821643,0.0185092407036294
US Power Grid,seamless,20.0,71,0.02826044668476709,0.0017380918269776227,0.02594817397359371,0.037952577198491814,0.04117118011514813,0.044584966717059825,0.0836812513916722,0.0389668225339568
US Power Grid,seamless,20.0,72,0.02769199072115626,0.0018834663392075064,0.026630671861800556,0.03528555591725779,0.03757204056209261,0.04820680508974189,0.0921565352928078,0.03604431084391
US Power Grid,seamless,20.0,73,0.027431759091737933,0.002317596958495516,0.027036269824214736,0.03460590140046613,0.03985786204259847,0.04971356855124386,0.0867846804720552,0.0399409930973057
US Power Grid,seamless,20.0,74,0.027492929454433185,0.0023818854912749754,0.027297208521952238,0.03632961480296771,0.03956015077185814,0.04635695711150186,0.1252087508350033,0.0185092407036294
US Power Grid,seamless,20.0,75,0.0272984912137915,0.0019190948217347964,0.025141872134661923,0.036389405739768,0.0406174019828565,0.04461016098829978,0.0973057225562235,0.0370184814072589
US Power Grid,seamless,20.0,76,0.026844580550360677,0.0018873437159209027,0.02444956505686178,0.0340066768481449,0.04190669181762473,0.048006009571762154,0.0827905811623246,0.0204575818303273
US Power Grid,seamless,20.0,77,0.027699352314007213,0.0018011466489846377,0.02646216763027967,0.03670398984708247,0.03984253811190788,0.043683974164242786,0.0819973279893119,0.023380093520374
US Power Grid,seamless,20.0,78,0.02719847929765609,0.002282320964760351,0.025677017354162945,0.03508920882220581,0.04106238714758074,0.047126513281929176,0.108230349588065,0.0311734580271654
US Power Grid,seamless,20.0,79,0.027639903723488887,0.0020753829292593784,0.028290117531099418,0.035451809879848604,0.03858045969412903,0.04734126714284627,0.0898881095524382,0.03604431084391
US Power Grid,seamless,20.0,80,0.027348137904436454,0.0019719816978150677,0.025933477174193868,0.034837100142006215,0.037798209195871874,0.04365350695368452,0.0883711868180806,0.0350701402805611
US Power Grid,seamless,20.0,81,0.027287401374100736,0.0018367886887731607,0.02591716269862198,0.033772645044238526,0.04219186404304665,0.04783687032184018,0.071838120685816,0.0224059229570251
US Power Grid,seamless,20.0,82,0.028526033432373483,0.0015762181278239544,0.02775491144203218,0.03578648315547002,0.041493366976620615,0.04536483096912775,0.0768063905588955,0.0282509463371186
US Power Grid,seamless,20.0,83,0.02643986918795403,0.0021528762344823634,0.025908074662654716,0.032034335609925906,0.038665964634612776,0.04628012724269542,0.0962758851035404,0.0185092407036294
US Power Grid,seamless,20.0,84,0.025982840354439003,0.002186037295464758,0.0262890921256833,0.03413642069868826,0.03636611080920917,0.044388809639772646,0.125375751503006,0.0292251169004676
US Power Grid,seamless,20.0,85,0.027207427090071633,0.0021029448413514575,0.02584358458088949,0.03379073044720126,0.0397891756996411,0.04489262771626332,0.1023574927633043,0.0214317523936762
US Power Grid,seamless,20.0,86,0.027656592712069973,0.0016601511321338682,0.02550531403458397,0.03536480709268994,0.04148450494537725,0.049503072055753154,0.0926297038521487,0.0263026052104208
US Power Grid,seamless,20.0,87,0.027492400721244998,0.0018469701919611363,0.027384903605931987,0.0348204296373082,0.038825055080922065,0.04341384190181306,0.1017590737029614,0.0370184814072589
US Power Grid,seamless,20.0,88,0.026794920302454475,0.0020574873444283207,0.026467590410557087,0.033286376816311934,0.0340986205214662,0.04588961014353508,0.0902499443331106,0.023380093520374
US Power Grid,seamless,20.0,89,0.028373934518570725,0.001939376484543332,0.02810182948645016,0.0353678335168936,0.03892352606447458,0.05279699495609569,0.1080076820307281,0.03604431084391
US Power Grid,seamless,20.0,90,0.027718684968529247,0.0018307557075232994,0.02678991079299153,0.034192540066691465,0.040060783448875384,0.05337482386397873,0.0700011133377866,0.0389668225339568
US Power Grid,seamless,20.0,91,0.027605441165427867,0.0024771252514554157,0.02719757491496085,0.03405119518340965,0.04143644168395652,0.052152284366713146,0.0940492095301714,0.0214317523936762
US Power Grid,seamless,20.0,92,0.026641547006095556,0.002676308533529604,0.027481736061833937,0.03199001261731772,0.03882973106178692,0.04379261388371121,0.1239562458249833,0.0282509463371186
US Power Grid,seamless,20.0,93,0.02755054781468471,0.0024238316575380748,0.0258249137163215,0.035522044427953876,0.04053336434131947,0.045760322976797635,0.1179859719438877,0.03604431084391
US Power Grid,seamless,20.0,94,0.027547212728420742,0.0017967134245605717,0.025287015830602985,0.03439171325550604,0.0395255755956357,0.049128579880141465,0.1046398352260075,0.0350701402805611
US Power Grid,seamless,20.0,95,0.027248559820660587,0.002295593523510059,0.027391067857617496,0.032990818237782674,0.03587199089537095,0.05009924062684753,0.1040831663326653,0.0321476285905143
US Power Grid,seamless,20.0,96,0.02707121728643704,0.0020352263214793755,0.025254101847184466,0.03466261775706915,0.03777632917849379,0.04891767916379438,0.086854264083723,0.0350701402805611
US Power Grid,seamless,20.0,97,0.02866137557128899,0.0018076948061614547,0.027115415859786534,0.038132624244661094,0.03953242898002832,0.048619882154598636,0.1022044088176352,0.0389668225339568
US Power Grid,seamless,20.0,98,0.02728702177078612,0.0019322046933496753,0.026737200745139085,0.03440644440021947,0.03902662134631537,0.047151361715412426,0.0935203740814963,0.024354264083723
US Power Grid,seamless,20.0,99,0.02702323813892407,0.0021130856727557233,0.02559993048249818,0.032588219019857194,0.042528055104678865,0.04643507923144113,0.1586506346025384,0.0263026052104208
US Power Grid,seamless,20.0,100,0.028872340113376953,0.0017727577439571843,0.027585579179935815,0.03574701435785411,0.04185501422739049,0.05171522090073861,0.0782119795145847,0.0253284346470719
