label,protocol,m,stochastic_id,AUC_S1,AUC_S2,p_LCC_0.5,p_LCC_0.25,p_LCC_0.1,p_LCC_0.05,max_S2_over_N,p_at_max_S2
EU Power Grid — Paris,adap_betweenness,,1,0.02008631253662948,0.012161010176354571,0.007222655597035714,0.018082282680822768,0.03483997754070744,0.053284671532846634,0.4671532846715328,0.0072992700729927
EU Power Grid — Paris,adap_betweenness,,2,0.020179551387926833,0.012034471735308163,0.007222655597035714,0.018082282680822768,0.03483997754070744,0.053284671532846634,0.4671532846715328,0.0072992700729927
EU Power Grid — Paris,adap_betweenness,,3,0.02018954126485155,0.01205112153018269,0.007222655597035714,0.018082282680822768,0.03483997754070744,0.053284671532846634,0.4671532846715328,0.0072992700729927
EU Power Grid — Paris,adap_betweenness,,4,0.020023043316106274,0.011964542596835149,0.007222655597035714,0.018082282680822768,0.03483997754070744,0.053284671532846634,0.4671532846715328,0.0072992700729927
EU Power Grid — Paris,adap_betweenness,,5,0.020585806382865304,0.012061111407107406,0.007222655597035714,0.018082282680822768,0.03483997754070744,0.053284671532846634,0.4671532846715328,0.0072992700729927
EU Power Grid — Paris,adap_betweenness,,6,0.020072992700729857,0.012127710586605518,0.007222655597035714,0.018082282680822768,0.03483997754070744,0.053284671532846634,0.4671532846715328,0.0072992700729927
EU Power Grid — Paris,adap_betweenness,,7,0.02054917683414134,0.012127710586605514,0.007222655597035714,0.018082282680822768,0.03483997754070744,0.053284671532846634,0.4671532846715328,0.0072992700729927
EU Power Grid — Paris,adap_betweenness,,8,0.02026946028024928,0.0121177207096808,0.007222655597035714,0.018082282680822768,0.03483997754070744,0.053284671532846634,0.4671532846715328,0.0072992700729927
EU Power Grid — Paris,adap_betweenness,,9,0.020988731418828867,0.012177659971229098,0.007222655597035714,0.018082282680822768,0.03483997754070744,0.053284671532846634,0.4671532846715328,0.0072992700729927
EU Power Grid — Paris,adap_betweenness,,10,0.020239490649475132,0.012117720709680799,0.007222655597035714,0.018082282680822768,0.03483997754070744,0.053284671532846634,0.4671532846715328,0.0072992700729927
EU Power Grid — Paris,adap_betweenness,,11,0.020046353028930614,0.012141030422505139,0.007222655597035714,0.018082282680822768,0.03483997754070744,0.053284671532846634,0.4671532846715328,0.0072992700729927
EU Power Grid — Paris,adap_betweenness,,12,0.02023616069050023,0.012177659971229098,0.007222655597035714,0.018082282680822768,0.03483997754070744,0.053284671532846634,0.4671532846715328,0.0072992700729927
EU Power Grid — Paris,adap_betweenness,,13,0.020572486546965682,0.012167670094304382,0.007222655597035714,0.018082282680822768,0.03483997754070744,0.053284671532846634,0.4671532846715328,0.0072992700729927
EU Power Grid — Paris,adap_betweenness,,14,0.02047591773669342,0.012004502104534014,0.007222655597035714,0.018082282680822768,0.03483997754070744,0.053284671532846634,0.4671532846715328,0.0072992700729927
EU Power Grid — Paris,adap_betweenness,,15,0.020296099952048525,0.012087751078906651,0.007222655597035714,0.018082282680822768,0.03483997754070744,0.053284671532846634,0.4671532846715328,0.0072992700729927
EU Power Grid — Paris,adap_betweenness,,16,0.02094877191113,0.01211106079173099,0.007222655597035714,0.018082282680822768,0.03483997754070744,0.053284671532846634,0.4671532846715328,0.0072992700729927
EU Power Grid — Paris,adap_betweenness,,17,0.02010629229047891,0.011961212637860243,0.007222655597035714,0.018082282680822768,0.03483997754070744,0.053284671532846634,0.4671532846715328,0.0072992700729927
EU Power Grid — Paris,adap_betweenness,,18,0.020745644413660766,0.012131040545580422,0.007222655597035714,0.018082282680822768,0.03483997754070744,0.053284671532846634,0.4671532846715328,0.0072992700729927
EU Power Grid — Paris,adap_betweenness,,19,0.020209521018700986,0.012184319889178908,0.007222655597035714,0.018082282680822768,0.03483997754070744,0.053284671532846634,0.4671532846715328,0.0072992700729927
EU Power Grid — Paris,adap_betweenness,,20,0.020169561511002118,0.012157680217379665,0.007222655597035714,0.018082282680822768,0.03483997754070744,0.053284671532846634,0.4671532846715328,0.0072992700729927
EU Power Grid — Paris,adap_betweenness,,21,0.02030608982897324,0.012167670094304382,0.007222655597035714,0.018082282680822768,0.03483997754070744,0.053284671532846634,0.4671532846715328,0.0072992700729927
EU Power Grid — Paris,adap_betweenness,,22,0.020222840854600604,0.012047791571207783,0.007222655597035714,0.018082282680822768,0.03483997754070744,0.053284671532846634,0.4671532846715328,0.0072992700729927
EU Power Grid — Paris,adap_betweenness,,23,0.020782273962384724,0.01213104054558042,0.007222655597035714,0.018082282680822768,0.03483997754070744,0.053284671532846634,0.4671532846715328,0.0072992700729927
EU Power Grid — Paris,adap_betweenness,,24,0.02062576589056417,0.012127710586605514,0.007222655597035714,0.018082282680822768,0.03483997754070744,0.053284671532846634,0.4671532846715328,0.0072992700729927
EU Power Grid — Paris,adap_betweenness,,25,0.02069902498801209,0.012134370504555327,0.007222655597035714,0.018082282680822768,0.03483997754070744,0.053284671532846634,0.4671532846715328,0.0072992700729927
EU Power Grid — Paris,adap_betweenness,,26,0.02010962224945382,0.012134370504555327,0.007222655597035714,0.018082282680822768,0.03483997754070744,0.053284671532846634,0.4671532846715328,0.0072992700729927
EU Power Grid — Paris,adap_betweenness,,27,0.020229500772550413,0.012141030422505137,0.007222655597035714,0.018082282680822768,0.03483997754070744,0.053284671532846634,0.4671532846715328,0.0072992700729927
EU Power Grid — Paris,adap_betweenness,,28,0.020129602003303246,0.012107730832756082,0.007222655597035714,0.018082282680822768,0.03483997754070744,0.053284671532846634,0.4671532846715328,0.0072992700729927
EU Power Grid — Paris,adap_betweenness,,29,0.020059672864830236,0.012127710586605516,0.007222655597035714,0.018082282680822768,0.03483997754070744,0.053284671532846634,0.4671532846715328,0.0072992700729927
EU Power Grid — Paris,adap_betweenness,,30,0.01999307368533213,0.012091081037881556,0.007222655597035714,0.018082282680822768,0.03483997754070744,0.053284671532846634,0.4671532846715328,0.0072992700729927
EU Power Grid — Paris,adap_betweenness,,31,0.020339389418722296,0.012154350258404759,0.007222655597035714,0.018082282680822768,0.03483997754070744,0.053284671532846634,0.4671532846715328,0.0072992700729927
EU Power Grid — Paris,adap_betweenness,,32,0.020509217326442473,0.012194309766103625,0.007222655597035714,0.018082282680822768,0.03483997754070744,0.053284671532846634,0.4671532846715328,0.0072992700729927
EU Power Grid — Paris,adap_betweenness,,33,0.02059579625979002,0.012224279396877775,0.007222655597035714,0.018082282680822768,0.03483997754070744,0.053284671532846634,0.4671532846715328,0.0072992700729927
EU Power Grid — Paris,adap_betweenness,,34,0.02013959188022797,0.012157680217379665,0.007222655597035714,0.018082282680822768,0.03483997754070744,0.053284671532846634,0.4671532846715328,0.0072992700729927
EU Power Grid — Paris,adap_betweenness,,35,0.020049682987905517,0.011944562842985715,0.007222655597035714,0.018082282680822768,0.03483997754070744,0.053284671532846634,0.4671532846715328,0.0072992700729927
EU Power Grid — Paris,adap_betweenness,,36,0.02108197027012622,0.012141030422505137,0.007222655597035714,0.018082282680822768,0.03483997754070744,0.053284671532846634,0.4671532846715328,0.0072992700729927
EU Power Grid — Paris,adap_betweenness,,37,0.02023616069050023,0.012190979807128719,0.007222655597035714,0.018082282680822768,0.03483997754070744,0.053284671532846634,0.4671532846715328,0.0072992700729927
EU Power Grid — Paris,adap_betweenness,,38,0.020362699131546636,0.012141030422505137,0.007222655597035714,0.018082282680822768,0.03483997754070744,0.053284671532846634,0.4671532846715328,0.0072992700729927
EU Power Grid — Paris,adap_betweenness,,39,0.020609116095689637,0.012147690340454948,0.007222655597035714,0.018082282680822768,0.03483997754070744,0.053284671532846634,0.4671532846715328,0.0072992700729927
EU Power Grid — Paris,adap_betweenness,,40,0.020326069582822674,0.012137700463530233,0.007222655597035714,0.018082282680822768,0.03483997754070744,0.053284671532846634,0.4671532846715328,0.0072992700729927
EU Power Grid — Paris,adap_betweenness,,41,0.019919814587884208,0.012024481858383446,0.007222655597035714,0.018082282680822768,0.03483997754070744,0.053284671532846634,0.4671532846715328,0.0072992700729927
EU Power Grid — Paris,adap_betweenness,,42,0.020409318557195313,0.012067771325057217,0.007222655597035714,0.018082282680822768,0.03483997754070744,0.053284671532846634,0.4671532846715328,0.0072992700729927
EU Power Grid — Paris,adap_betweenness,,43,0.020239490649475132,0.012031141776333259,0.007222655597035714,0.018082282680822768,0.03483997754070744,0.053284671532846634,0.4671532846715328,0.0072992700729927
EU Power Grid — Paris,adap_betweenness,,44,0.0202228408546006,0.012180989930204004,0.007222655597035714,0.018082282680822768,0.03483997754070744,0.053284671532846634,0.4671532846715328,0.0072992700729927
EU Power Grid — Paris,adap_betweenness,,45,0.020289440034098712,0.012094410996856462,0.007222655597035714,0.018082282680822768,0.03483997754070744,0.053284671532846634,0.4671532846715328,0.0072992700729927
EU Power Grid — Paris,adap_betweenness,,46,0.020415978475145122,0.012200969684053436,0.007222655597035714,0.018082282680822768,0.03483997754070744,0.053284671532846634,0.4671532846715328,0.0072992700729927
EU Power Grid — Paris,adap_betweenness,,47,0.0204625979007938,0.012071101284032121,0.007222655597035714,0.018082282680822768,0.03483997754070744,0.053284671532846634,0.4671532846715328,0.0072992700729927
EU Power Grid — Paris,adap_betweenness,,48,0.02006966274175495,0.012037801694283068,0.007222655597035714,0.018082282680822768,0.03483997754070744,0.053284671532846634,0.4671532846715328,0.0072992700729927
EU Power Grid — Paris,adap_betweenness,,49,0.02041264851617022,0.012157680217379665,0.007222655597035714,0.018082282680822768,0.03483997754070744,0.053284671532846634,0.4671532846715328,0.0072992700729927
EU Power Grid — Paris,adap_betweenness,,50,0.020768954126485103,0.012224279396877775,0.007222655597035714,0.018082282680822768,0.03483997754070744,0.053284671532846634,0.4671532846715328,0.0072992700729927
EU Power Grid — Paris,adap_betweenness,,51,0.02006633278278005,0.011987852309659486,0.007222655597035714,0.018082282680822768,0.03483997754070744,0.053284671532846634,0.4671532846715328,0.0072992700729927
EU Power Grid — Paris,adap_betweenness,,52,0.020502557408492664,0.011991182268634392,0.007222655597035714,0.018082282680822768,0.03483997754070744,0.053284671532846634,0.4671532846715328,0.0072992700729927
EU Power Grid — Paris,adap_betweenness,,53,0.020119612126378535,0.012094410996856462,0.007222655597035714,0.018082282680822768,0.03483997754070744,0.053284671532846634,0.4671532846715328,0.0072992700729927
EU Power Grid — Paris,adap_betweenness,,54,0.020306089828973244,0.01213104054558042,0.007222655597035714,0.018082282680822768,0.03483997754070744,0.053284671532846634,0.4671532846715328,0.0072992700729927
EU Power Grid — Paris,adap_betweenness,,55,0.020119612126378535,0.012157680217379665,0.007222655597035714,0.018082282680822768,0.03483997754070744,0.053284671532846634,0.4671532846715328,0.0072992700729927
EU Power Grid — Paris,adap_betweenness,,56,0.02014625179817778,0.012127710586605516,0.007222655597035714,0.018082282680822768,0.03483997754070744,0.053284671532846634,0.4671532846715328,0.0072992700729927
EU Power Grid — Paris,adap_betweenness,,57,0.020376018967446258,0.01202115189940854,0.007222655597035714,0.018082282680822768,0.03483997754070744,0.053284671532846634,0.4671532846715328,0.0072992700729927
EU Power Grid — Paris,adap_betweenness,,58,0.020232830731525316,0.012141030422505137,0.007222655597035714,0.018082282680822768,0.03483997754070744,0.053284671532846634,0.4671532846715328,0.0072992700729927
EU Power Grid — Paris,adap_betweenness,,59,0.021025360967552822,0.0120577814481325,0.007222655597035714,0.018082282680822768,0.03483997754070744,0.053284671532846634,0.4671532846715328,0.0072992700729927
EU Power Grid — Paris,adap_betweenness,,60,0.020958761788054715,0.012151020299429854,0.007222655597035714,0.018082282680822768,0.03483997754070744,0.053284671532846634,0.4671532846715328,0.0072992700729927
EU Power Grid — Paris,adap_betweenness,,61,0.020109622249453816,0.012161010176354571,0.007222655597035714,0.018082282680822768,0.03483997754070744,0.053284671532846634,0.4671532846715328,0.0072992700729927
EU Power Grid — Paris,adap_betweenness,,62,0.020689035111087373,0.012244259150727207,0.007222655597035714,0.018082282680822768,0.03483997754070744,0.053284671532846634,0.4671532846715328,0.0072992700729927
EU Power Grid — Paris,adap_betweenness,,63,0.020452608023869084,0.012104400873781177,0.007222655597035714,0.018082282680822768,0.03483997754070744,0.053284671532846634,0.4671532846715328,0.0072992700729927
EU Power Grid — Paris,adap_betweenness,,64,0.020632425808513977,0.012190979807128719,0.007222655597035714,0.018082282680822768,0.03483997754070744,0.053284671532846634,0.4671532846715328,0.0072992700729927
EU Power Grid — Paris,adap_betweenness,,65,0.02023949064947513,0.01204446161223288,0.007222655597035714,0.018082282680822768,0.03483997754070744,0.053284671532846634,0.4671532846715328,0.0072992700729927
EU Power Grid — Paris,adap_betweenness,,66,0.020109622249453816,0.012121050668655705,0.007222655597035714,0.018082282680822768,0.03483997754070744,0.053284671532846634,0.4671532846715328,0.0072992700729927
EU Power Grid — Paris,adap_betweenness,,67,0.0205225371623421,0.012001172145559107,0.007222655597035714,0.018082282680822768,0.03483997754070744,0.053284671532846634,0.4671532846715328,0.0072992700729927
EU Power Grid — Paris,adap_betweenness,,68,0.02056582662901587,0.012101070914806273,0.007222655597035714,0.018082282680822768,0.03483997754070744,0.053284671532846634,0.4671532846715328,0.0072992700729927
EU Power Grid — Paris,adap_betweenness,,69,0.020392668762320786,0.012014491981458729,0.007222655597035714,0.018082282680822768,0.03483997754070744,0.053284671532846634,0.4671532846715328,0.0072992700729927
EU Power Grid — Paris,adap_betweenness,,70,0.020166231552027215,0.012094410996856462,0.007222655597035714,0.018082282680822768,0.03483997754070744,0.053284671532846634,0.4671532846715328,0.0072992700729927
EU Power Grid — Paris,adap_betweenness,,71,0.020685705152112467,0.012144360381480044,0.007222655597035714,0.018082282680822768,0.03483997754070744,0.053284671532846634,0.4671532846715328,0.0072992700729927
EU Power Grid — Paris,adap_betweenness,,72,0.020149581757152688,0.012101070914806273,0.007222655597035714,0.018082282680822768,0.03483997754070744,0.053284671532846634,0.4671532846715328,0.0072992700729927
EU Power Grid — Paris,adap_betweenness,,73,0.020192871223826455,0.0120577814481325,0.007222655597035714,0.018082282680822768,0.03483997754070744,0.053284671532846634,0.4671532846715328,0.0072992700729927
EU Power Grid — Paris,adap_betweenness,,74,0.020409318557195313,0.012154350258404759,0.007222655597035714,0.018082282680822768,0.03483997754070744,0.053284671532846634,0.4671532846715328,0.0072992700729927
EU Power Grid — Paris,adap_betweenness,,75,0.020132931962278156,0.012071101284032123,0.007222655597035714,0.018082282680822768,0.03483997754070744,0.053284671532846634,0.4671532846715328,0.0072992700729927
EU Power Grid — Paris,adap_betweenness,,76,0.02081557355213378,0.012054451489157595,0.007222655597035714,0.018082282680822768,0.03483997754070744,0.053284671532846634,0.4671532846715328,0.0072992700729927
EU Power Grid — Paris,adap_betweenness,,77,0.02063908572646379,0.012141030422505137,0.007222655597035714,0.018082282680822768,0.03483997754070744,0.053284671532846634,0.4671532846715328,0.0072992700729927
EU Power Grid — Paris,adap_betweenness,,78,0.020229500772550417,0.012104400873781177,0.007222655597035714,0.018082282680822768,0.03483997754070744,0.053284671532846634,0.4671532846715328,0.0072992700729927
EU Power Grid — Paris,adap_betweenness,,79,0.020072992700729857,0.012131040545580422,0.007222655597035714,0.018082282680822768,0.03483997754070744,0.053284671532846634,0.4671532846715328,0.0072992700729927
EU Power Grid — Paris,adap_betweenness,,80,0.020442618146944362,0.012194309766103625,0.007222655597035714,0.018082282680822768,0.03483997754070744,0.053284671532846634,0.4671532846715328,0.0072992700729927
EU Power Grid — Paris,adap_betweenness,,81,0.02027612019819909,0.012141030422505137,0.007222655597035714,0.018082282680822768,0.03483997754070744,0.053284671532846634,0.4671532846715328,0.0072992700729927
EU Power Grid — Paris,adap_betweenness,,82,0.020132931962278156,0.01213104054558042,0.007222655597035714,0.018082282680822768,0.03483997754070744,0.053284671532846634,0.4671532846715328,0.0072992700729927
EU Power Grid — Paris,adap_betweenness,,83,0.020106292290478913,0.012017821940433635,0.007222655597035714,0.018082282680822768,0.03483997754070744,0.053284671532846634,0.4671532846715328,0.0072992700729927
EU Power Grid — Paris,adap_betweenness,,84,0.020402658639245504,0.012034471735308163,0.007222655597035714,0.018082282680822768,0.03483997754070744,0.053284671532846634,0.4671532846715328,0.0072992700729927
EU Power Grid — Paris,adap_betweenness,,85,0.02019287122382645,0.012114390750705892,0.007222655597035714,0.018082282680822768,0.03483997754070744,0.053284671532846634,0.4671532846715328,0.0072992700729927
EU Power Grid — Paris,adap_betweenness,,86,0.020848873141882836,0.012091081037881556,0.007222655597035714,0.018082282680822768,0.03483997754070744,0.053284671532846634,0.4671532846715328,0.0072992700729927
EU Power Grid — Paris,adap_betweenness,,87,0.02043928818796946,0.012024481858383446,0.007222655597035714,0.018082282680822768,0.03483997754070744,0.053284671532846634,0.4671532846715328,0.0072992700729927
EU Power Grid — Paris,adap_betweenness,,88,0.020582476423890394,0.01214769034045495,0.007222655597035714,0.018082282680822768,0.03483997754070744,0.053284671532846634,0.4671532846715328,0.0072992700729927
EU Power Grid — Paris,adap_betweenness,,89,0.02012294208535344,0.012001172145559109,0.007222655597035714,0.018082282680822768,0.03483997754070744,0.053284671532846634,0.4671532846715328,0.0072992700729927
EU Power Grid — Paris,adap_betweenness,,90,0.02010296233150401,0.01208775107890665,0.007222655597035714,0.018082282680822768,0.03483997754070744,0.053284671532846634,0.4671532846715328,0.0072992700729927
EU Power Grid — Paris,adap_betweenness,,91,0.020122942085353437,0.012041131653257974,0.007222655597035714,0.018082282680822768,0.03483997754070744,0.053284671532846634,0.4671532846715328,0.0072992700729927
EU Power Grid — Paris,adap_betweenness,,92,0.020662395439288127,0.01222760935585268,0.007222655597035714,0.018082282680822768,0.03483997754070744,0.053284671532846634,0.4671532846715328,0.0072992700729927
EU Power Grid — Paris,adap_betweenness,,93,0.020112952208428722,0.012084421119931745,0.007222655597035714,0.018082282680822768,0.03483997754070744,0.053284671532846634,0.4671532846715328,0.0072992700729927
EU Power Grid — Paris,adap_betweenness,,94,0.02029276999307362,0.012084421119931745,0.007222655597035714,0.018082282680822768,0.03483997754070744,0.053284671532846634,0.4671532846715328,0.0072992700729927
EU Power Grid — Paris,adap_betweenness,,95,0.020605786136714738,0.01208775107890665,0.007222655597035714,0.018082282680822768,0.03483997754070744,0.053284671532846634,0.4671532846715328,0.0072992700729927
EU Power Grid — Paris,adap_betweenness,,96,0.020136261921253062,0.012104400873781177,0.007222655597035714,0.018082282680822768,0.03483997754070744,0.053284671532846634,0.4671532846715328,0.0072992700729927
EU Power Grid — Paris,adap_betweenness,,97,0.020186211305876643,0.012071101284032123,0.007222655597035714,0.018082282680822768,0.03483997754070744,0.053284671532846634,0.4671532846715328,0.0072992700729927
EU Power Grid — Paris,adap_betweenness,,98,0.020066332782780045,0.012077761201981934,0.007222655597035714,0.018082282680822768,0.03483997754070744,0.053284671532846634,0.4671532846715328,0.0072992700729927
EU Power Grid — Paris,adap_betweenness,,99,0.020046353028930618,0.012151020299429854,0.007222655597035714,0.018082282680822768,0.03483997754070744,0.053284671532846634,0.4671532846715328,0.0072992700729927
EU Power Grid — Paris,adap_betweenness,,100,0.02099206137780377,0.012151020299429854,0.007222655597035714,0.018082282680822768,0.03483997754070744,0.053284671532846634,0.4671532846715328,0.0072992700729927
EU Power Grid — Paris,adap_degree,,1,0.029493446640737282,0.011521658053172724,0.02447572703047149,0.029927007299270038,0.047468065693430594,0.06277372262773717,0.2171532846715328,0.0255474452554744
EU Power Grid — Paris,adap_degree,,2,0.02990303159465065,0.011957882678885335,0.02447572703047149,0.03153284671532839,0.04934306569343062,0.0658759124087591,0.2171532846715328,0.0255474452554744
EU Power Grid — Paris,adap_degree,,3,0.029936331184399707,0.011508338217273102,0.02447572703047149,0.030018248175182442,0.047468065693430594,0.06770072992700722,0.2171532846715328,0.0255474452554744
EU Power Grid — Paris,adap_degree,,4,0.029267009430443715,0.011741435345516478,0.022650909512223347,0.031234793187347856,0.047460462287104564,0.06770072992700722,0.2171532846715328,0.0237226277372262
EU Power Grid — Paris,adap_degree,,5,0.030216047738291767,0.012180989930204,0.022650909512223347,0.03185916702447395,0.04934306569343062,0.06989051094890505,0.2171532846715328,0.0237226277372262
EU Power Grid — Paris,adap_degree,,6,0.029659944589482554,0.01186797378656289,0.02447572703047149,0.026966747769667444,0.049285279805352765,0.06220020855057346,0.2171532846715328,0.0255474452554744
EU Power Grid — Paris,adap_degree,,7,0.030199397943417236,0.012137700463530222,0.02447572703047149,0.031282586027111495,0.047460462287104564,0.06767466110531796,0.2171532846715328,0.0255474452554744
EU Power Grid — Paris,adap_degree,,8,0.030665592199903998,0.01195455271991043,0.02447572703047149,0.03138686131386854,0.04750608272506076,0.07682481751824813,0.2171532846715328,0.0255474452554744
EU Power Grid — Paris,adap_degree,,9,0.029853082210027075,0.011891283499387223,0.022650909512223347,0.03292605522056485,0.047468065693430594,0.056934306569343035,0.2171532846715328,0.0237226277372262
EU Power Grid — Paris,adap_degree,,10,0.02991302147157537,0.01163487665831951,0.02447572703047149,0.026966747769667444,0.047468065693430594,0.06058394160583933,0.2171532846715328,0.0255474452554744
EU Power Grid — Paris,adap_degree,,11,0.029863072086951794,0.012234269273802483,0.022650909512223347,0.031282586027111495,0.04934306569343062,0.06765510948905101,0.2171532846715328,0.0237226277372262
EU Power Grid — Paris,adap_degree,,12,0.030102829133144975,0.011874633704512702,0.02447572703047149,0.028658609548881164,0.04569343065693422,0.07499999999999993,0.2171532846715328,0.0255474452554744
EU Power Grid — Paris,adap_degree,,13,0.030249347328040813,0.011458388832649519,0.02447572703047149,0.03292605522056485,0.04750608272506076,0.05894160583941602,0.2171532846715328,0.0255474452554744
EU Power Grid — Paris,adap_degree,,14,0.030259337204965535,0.011798044648089877,0.02447572703047149,0.026966747769667444,0.04933090024330896,0.05788321167883209,0.2171532846715328,0.0255474452554744
EU Power Grid — Paris,adap_degree,,15,0.030292636794714584,0.011828014278864023,0.02447572703047149,0.029708029197080266,0.04934306569343062,0.07495437956204372,0.2171532846715328,0.0255474452554744
EU Power Grid — Paris,adap_degree,,16,0.029686584261281797,0.01176474505834082,0.02447572703047149,0.026966747769667444,0.04750608272506076,0.05766423357664231,0.2171532846715328,0.0255474452554744
EU Power Grid — Paris,adap_degree,,17,0.030322606425488743,0.012370797591773603,0.022650909512223347,0.03299878345498778,0.051110097323600966,0.07372262773722624,0.2171532846715328,0.0237226277372262
EU Power Grid — Paris,adap_degree,,18,0.03010948905109479,0.011688156001917997,0.02447572703047149,0.030109489051094847,0.047468065693430594,0.060875912408759045,0.2171532846715328,0.0255474452554744
EU Power Grid — Paris,adap_degree,,19,0.030262667163940448,0.012067771325057215,0.022650909512223347,0.030078733699663702,0.04569343065693422,0.06779197080291963,0.2171532846715328,0.0237226277372262
EU Power Grid — Paris,adap_degree,,20,0.029100511481698444,0.011495018381373477,0.022650909512223347,0.030182481751824773,0.0456432481751824,0.060401459854014516,0.2171532846715328,0.0237226277372262
EU Power Grid — Paris,adap_degree,,21,0.02970656401513123,0.011468378709574237,0.02447572703047149,0.02856979927007298,0.047460462287104564,0.05894160583941602,0.2171532846715328,0.0255474452554744
EU Power Grid — Paris,adap_degree,,22,0.030429165112685702,0.011834674196813834,0.02447572703047149,0.03299878345498778,0.04569343065693422,0.0633576642335766,0.2171532846715328,0.0255474452554744
EU Power Grid — Paris,adap_degree,,23,0.029793142948478773,0.011997842186584205,0.022650909512223347,0.0311336213317443,0.051110097323600966,0.06405109489051092,0.2171532846715328,0.0237226277372262
EU Power Grid — Paris,adap_degree,,24,0.029613325163833887,0.01195455271991043,0.022650909512223347,0.028699402786994017,0.051110097323600966,0.07864963503649633,0.2171532846715328,0.0237226277372262
EU Power Grid — Paris,adap_degree,,25,0.030246017369065924,0.01180803452501459,0.022650909512223347,0.0329584388499925,0.051110097323600966,0.06094890510948898,0.2171532846715328,0.0237226277372262
EU Power Grid — Paris,adap_degree,,26,0.030382545687037035,0.011601577068570453,0.02447572703047149,0.0329584388499925,0.051110097323600966,0.05894160583941602,0.2171532846715328,0.0255474452554744
EU Power Grid — Paris,adap_degree,,27,0.029030582343225426,0.011201981991581804,0.02447572703047149,0.026966747769667444,0.0456432481751824,0.05970802919708022,0.2171532846715328,0.0255474452554744
EU Power Grid — Paris,adap_degree,,28,0.029363578240715976,0.011871303745537793,0.022650909512223347,0.026966747769667444,0.04750608272506076,0.05894160583941602,0.2171532846715328,0.0237226277372262
EU Power Grid — Paris,adap_degree,,29,0.030692231871703245,0.012214289519953053,0.02447572703047149,0.033166058394160536,0.04750608272506076,0.05788321167883209,0.2171532846715328,0.0255474452554744
EU Power Grid — Paris,adap_degree,,30,0.029956310938249138,0.011691485960892901,0.02447572703047149,0.026966747769667444,0.051110097323600966,0.07682481751824813,0.2171532846715328,0.0255474452554744
EU Power Grid — Paris,adap_degree,,31,0.029683254302306894,0.01233416804304965,0.022650909512223347,0.026966747769667444,0.04933090024330896,0.05970802919708022,0.2171532846715328,0.0237226277372262
EU Power Grid — Paris,adap_degree,,32,0.030102829133144986,0.012217619478927957,0.022650909512223347,0.030483427067129296,0.0456432481751824,0.06952554744525542,0.2171532846715328,0.0237226277372262
EU Power Grid — Paris,adap_degree,,33,0.03035590601523779,0.012084421119931741,0.02447572703047149,0.0314129301355578,0.049285279805352765,0.0633576642335766,0.2171532846715328,0.0255474452554744
EU Power Grid — Paris,adap_degree,,34,0.02945015717406352,0.011854653950663268,0.022650909512223347,0.028467153284671518,0.04934306569343062,0.06405109489051092,0.2171532846715328,0.0237226277372262
EU Power Grid — Paris,adap_degree,,35,0.02980646278437839,0.011977862432734769,0.02447572703047149,0.026966747769667444,0.051110097323600966,0.06058394160583933,0.2171532846715328,0.0255474452554744
EU Power Grid — Paris,adap_degree,,36,0.030086179338270454,0.01180137460706478,0.02447572703047149,0.02874087591240875,0.051110097323600966,0.0666319082377476,0.2171532846715328,0.0255474452554744
EU Power Grid — Paris,adap_degree,,37,0.02996630081517387,0.012234269273802485,0.022650909512223347,0.0329584388499925,0.0456432481751824,0.06414233576642332,0.2171532846715328,0.0237226277372262
EU Power Grid — Paris,adap_degree,,38,0.030542383717832498,0.011957882678885333,0.022650909512223347,0.03185916702447395,0.04569343065693422,0.07750260688216888,0.2171532846715328,0.0237226277372262
EU Power Grid — Paris,adap_degree,,39,0.030006260322872725,0.012394107304597944,0.022650909512223347,0.031282586027111495,0.049285279805352765,0.06770072992700722,0.2171532846715328,0.0237226277372262
EU Power Grid — Paris,adap_degree,,40,0.029789812989503877,0.01238411742767323,0.022650909512223347,0.031282586027111495,0.047518248175182416,0.06961678832116783,0.2171532846715328,0.0237226277372262
EU Power Grid — Paris,adap_degree,,41,0.030282646917789875,0.011957882678885336,0.02447572703047149,0.02874087591240875,0.051110097323600966,0.06405109489051092,0.2171532846715328,0.0255474452554744
EU Power Grid — Paris,adap_degree,,42,0.030152778517768562,0.011794714689114971,0.02447572703047149,0.026966747769667444,0.047468065693430594,0.06952554744525542,0.2171532846715328,0.0255474452554744
EU Power Grid — Paris,adap_degree,,43,0.029609995204858984,0.011947892801960616,0.022650909512223347,0.026966747769667444,0.051110097323600966,0.06883211678832109,0.2171532846715328,0.0237226277372262
EU Power Grid — Paris,adap_degree,,44,0.030399195481911563,0.011491688422398574,0.02447572703047149,0.0329584388499925,0.047468065693430594,0.0560583941605839,0.2171532846715328,0.0255474452554744
EU Power Grid — Paris,adap_degree,,45,0.03021604773829176,0.011914593212211562,0.02447572703047149,0.030109489051094847,0.051110097323600966,0.06584984358706984,0.2171532846715328,0.0255474452554744
EU Power Grid — Paris,adap_degree,,46,0.02956670573818521,0.012014491981458724,0.022650909512223347,0.029457768508863384,0.04750608272506076,0.06405109489051092,0.2171532846715328,0.0237226277372262
EU Power Grid — Paris,adap_degree,,47,0.029463477009963143,0.01196787255581005,0.022650909512223347,0.026966747769667444,0.051110097323600966,0.06584984358706984,0.2171532846715328,0.0237226277372262
EU Power Grid — Paris,adap_degree,,48,0.030549043635782307,0.012167670094304375,0.02447572703047149,0.030483427067129296,0.051110097323600966,0.06861313868613131,0.2171532846715328,0.0255474452554744
EU Power Grid — Paris,adap_degree,,49,0.030295966753689493,0.0118746337045127,0.02447572703047149,0.03292605522056485,0.051110097323600966,0.06947992700729921,0.2171532846715328,0.0255474452554744
EU Power Grid — Paris,adap_degree,,50,0.02983310245617765,0.012127710586605509,0.022650909512223347,0.029708029197080266,0.045681265206812566,0.06700729927007291,0.2171532846715328,0.0237226277372262
EU Power Grid — Paris,adap_degree,,51,0.02983976237412746,0.01215768021737966,0.022650909512223347,0.030109489051094847,0.051110097323600966,0.06222627737226272,0.2171532846715328,0.0237226277372262
EU Power Grid — Paris,adap_degree,,52,0.030172758271617993,0.011831344237838926,0.02447572703047149,0.03153284671532839,0.051110097323600966,0.0633576642335766,0.2171532846715328,0.0255474452554744
EU Power Grid — Paris,adap_degree,,53,0.03053239384090777,0.012197639725078528,0.02447572703047149,0.03190355121791185,0.04934306569343062,0.07354014598540141,0.2171532846715328,0.0255474452554744
EU Power Grid — Paris,adap_degree,,54,0.030002930363897805,0.011901273376311944,0.02447572703047149,0.030483427067129296,0.045681265206812566,0.056934306569343035,0.2171532846715328,0.0255474452554744
EU Power Grid — Paris,adap_degree,,55,0.03014611859981875,0.011731445468591766,0.02447572703047149,0.030078733699663702,0.049292883211678795,0.06767466110531796,0.2171532846715328,0.0255474452554744
EU Power Grid — Paris,adap_degree,,56,0.029629974958708415,0.01187130374553779,0.022650909512223347,0.03117396593673958,0.0456432481751824,0.06806569343065685,0.2171532846715328,0.0237226277372262
EU Power Grid — Paris,adap_degree,,57,0.030236027492141205,0.012490676114870198,0.022650909512223347,0.031282586027111495,0.047468065693430594,0.06624087591240871,0.2171532846715328,0.0237226277372262
EU Power Grid — Paris,adap_degree,,58,0.029486786722787484,0.012151020299429851,0.022650909512223347,0.026966747769667444,0.04933090024330896,0.0658759124087591,0.2171532846715328,0.0237226277372262
EU Power Grid — Paris,adap_degree,,59,0.031254994938462254,0.011644866535244224,0.02447572703047149,0.031341240875912335,0.04569343065693422,0.08042883211678829,0.2171532846715328,0.0255474452554744
EU Power Grid — Paris,adap_degree,,60,0.029490116681762386,0.011751425222441197,0.022650909512223347,0.03117396593673958,0.049285279805352765,0.060401459854014516,0.2171532846715328,0.0237226277372262
EU Power Grid — Paris,adap_degree,,61,0.030159438435718375,0.012174330012254186,0.022650909512223347,0.03166595105195356,0.04934306569343062,0.07497393117831067,0.2171532846715328,0.0237226277372262
EU Power Grid — Paris,adap_degree,,62,0.030156108476743472,0.01174476530449139,0.022650909512223347,0.03190355121791185,0.051110097323600966,0.06584984358706984,0.2171532846715328,0.0237226277372262
EU Power Grid — Paris,adap_degree,,63,0.029450157174063525,0.011584927273695924,0.022650909512223347,0.026966747769667444,0.051110097323600966,0.05948905109489045,0.2171532846715328,0.0237226277372262
EU Power Grid — Paris,adap_degree,,64,0.029979620651073485,0.011954552719910427,0.022650909512223347,0.031282586027111495,0.047460462287104564,0.07682481751824813,0.2171532846715328,0.0237226277372262
EU Power Grid — Paris,adap_degree,,65,0.030339256220363268,0.011881293622462511,0.022650909512223347,0.03185916702447395,0.047518248175182416,0.056462895377128924,0.2171532846715328,0.0237226277372262
EU Power Grid — Paris,adap_degree,,66,0.02904057222015015,0.012054451489157592,0.022650909512223347,0.026966747769667444,0.051110097323600966,0.06220020855057346,0.2171532846715328,0.0237226277372262
EU Power Grid — Paris,adap_degree,,67,0.029706564015131238,0.01214769034045494,0.022650909512223347,0.031282586027111495,0.049292883211678795,0.0658759124087591,0.2171532846715328,0.0237226277372262
EU Power Grid — Paris,adap_degree,,68,0.029796472907453683,0.01158825723267083,0.02447572703047149,0.028467153284671518,0.0456432481751824,0.06037539103232526,0.2171532846715328,0.0255474452554744
EU Power Grid — Paris,adap_degree,,69,0.02965328467153274,0.011604907027545361,0.02447572703047149,0.031341240875912335,0.04750608272506076,0.05766423357664231,0.2171532846715328,0.0255474452554744
EU Power Grid — Paris,adap_degree,,70,0.02970656401513124,0.011931243007086093,0.022650909512223347,0.028658609548881164,0.051110097323600966,0.07317518248175181,0.2171532846715328,0.0237226277372262
EU Power Grid — Paris,adap_degree,,71,0.030475784538334397,0.011924583089136286,0.022650909512223347,0.03299878345498778,0.051110097323600966,0.05948905109489045,0.2171532846715328,0.0237226277372262
EU Power Grid — Paris,adap_degree,,72,0.029846422292077263,0.011591587191645738,0.02447572703047149,0.02856979927007298,0.047518248175182416,0.06480709071949946,0.2171532846715328,0.0255474452554744
EU Power Grid — Paris,adap_degree,,73,0.029500106558687095,0.012021151899408538,0.022650909512223347,0.026966747769667444,0.049285279805352765,0.07317518248175181,0.2171532846715328,0.0237226277372262
EU Power Grid — Paris,adap_degree,,74,0.029679924343331988,0.011638206617294413,0.022650909512223347,0.033166058394160536,0.051110097323600966,0.07132429614181436,0.2171532846715328,0.0237226277372262
EU Power Grid — Paris,adap_degree,,75,0.029743193563855196,0.011778064894240442,0.02447572703047149,0.026966747769667444,0.04569343065693422,0.06596715328467151,0.2171532846715328,0.0255474452554744
EU Power Grid — Paris,adap_degree,,76,0.03031261654856402,0.012420746976397192,0.02447572703047149,0.03153284671532839,0.049292883211678795,0.06240875912408753,0.2171532846715328,0.0255474452554744
EU Power Grid — Paris,adap_degree,,77,0.030812110394799835,0.012190979807128716,0.02447572703047149,0.029457768508863384,0.04569343065693422,0.07677919708029192,0.2171532846715328,0.0255474452554744
EU Power Grid — Paris,adap_degree,,78,0.029849752251052162,0.012027811817358345,0.022650909512223347,0.026966747769667444,0.047518248175182416,0.06545480067377876,0.2171532846715328,0.0237226277372262
EU Power Grid — Paris,adap_degree,,79,0.029436837338163893,0.011524988012147632,0.02447572703047149,0.026966747769667444,0.0456432481751824,0.05711678832116785,0.2171532846715328,0.0255474452554744
EU Power Grid — Paris,adap_degree,,80,0.030299296712664403,0.011674836166018375,0.02447572703047149,0.03292605522056485,0.04934306569343062,0.06596715328467151,0.2171532846715328,0.0255474452554744
EU Power Grid — Paris,adap_degree,,81,0.03016942831264309,0.011764745058340822,0.02447572703047149,0.026966747769667444,0.04934306569343062,0.06231751824817513,0.2171532846715328,0.0255474452554744
EU Power Grid — Paris,adap_degree,,82,0.02970656401513123,0.011914593212211567,0.02447572703047149,0.028658609548881164,0.049285279805352765,0.06806569343065685,0.2171532846715328,0.0255474452554744
EU Power Grid — Paris,adap_degree,,83,0.029836432415152554,0.012027811817358347,0.022650909512223347,0.028658609548881164,0.04569343065693422,0.05828771289537712,0.2171532846715328,0.0237226277372262
EU Power Grid — Paris,adap_degree,,84,0.02944349725611372,0.011731445468591764,0.022650909512223347,0.02856979927007298,0.049285279805352765,0.055109489051094834,0.2171532846715328,0.0237226277372262
EU Power Grid — Paris,adap_degree,,85,0.030239357451116104,0.011984522350684576,0.022650909512223347,0.03292605522056485,0.047518248175182416,0.06952554744525542,0.2171532846715328,0.0237226277372262
EU Power Grid — Paris,adap_degree,,86,0.029979620651073482,0.011774734935265537,0.022650909512223347,0.030182481751824773,0.04934306569343062,0.07182481751824815,0.2171532846715328,0.0237226277372262
EU Power Grid — Paris,adap_degree,,87,0.02972321381000576,0.011851323991688364,0.02447572703047149,0.030109489051094847,0.047468065693430594,0.06222627737226272,0.2171532846715328,0.0255474452554744
EU Power Grid — Paris,adap_degree,,88,0.03013279876391912,0.011604907027545363,0.02447572703047149,0.03185916702447395,0.045681265206812566,0.06883211678832109,0.2171532846715328,0.0255474452554744
EU Power Grid — Paris,adap_degree,,89,0.02949677659971218,0.011634876658319507,0.02447572703047149,0.026966747769667444,0.047468065693430594,0.05894160583941602,0.2171532846715328,0.0255474452554744
EU Power Grid — Paris,adap_degree,,90,0.02951009643561181,0.01153164793009744,0.02447572703047149,0.026966747769667444,0.04750608272506076,0.058576642335766406,0.2171532846715328,0.0255474452554744
EU Power Grid — Paris,adap_degree,,91,0.02971322393308105,0.011528317971122535,0.022650909512223347,0.03299878345498778,0.051110097323600966,0.06765510948905101,0.2171532846715328,0.0237226277372262
EU Power Grid — Paris,adap_degree,,92,0.030512414087058348,0.012151020299429851,0.022650909512223347,0.03185916702447395,0.047518248175182416,0.06767466110531796,0.2171532846715328,0.0237226277372262
EU Power Grid — Paris,adap_degree,,93,0.030502424210133633,0.011891283499387229,0.02447572703047149,0.0329584388499925,0.04933090024330896,0.0658759124087591,0.2171532846715328,0.0255474452554744
EU Power Grid — Paris,adap_degree,,94,0.029077201768874107,0.01147170866854914,0.022650909512223347,0.030078733699663702,0.049285279805352765,0.058576642335766406,0.2171532846715328,0.0237226277372262
EU Power Grid — Paris,adap_degree,,95,0.029177100538121274,0.011751425222441197,0.022650909512223347,0.026966747769667444,0.04934306569343062,0.061532846715328396,0.2171532846715328,0.0237226277372262
EU Power Grid — Paris,adap_degree,,96,0.030086179338270454,0.012041131653257969,0.022650909512223347,0.03305961070559606,0.04750608272506076,0.05948905109489045,0.2171532846715328,0.0237226277372262
EU Power Grid — Paris,adap_degree,,97,0.030199397943417236,0.011798044648089876,0.02447572703047149,0.026966747769667444,0.051110097323600966,0.06058394160583933,0.2171532846715328,0.0255474452554744
EU Power Grid — Paris,adap_degree,,98,0.030425835153710817,0.012244259150727198,0.022650909512223347,0.03299878345498778,0.047518248175182416,0.07682481751824813,0.2171532846715328,0.0237226277372262
EU Power Grid — Paris,adap_degree,,99,0.030189408066492517,0.011901273376311942,0.02447572703047149,0.030445639646561603,0.04933090024330896,0.05894160583941602,0.2171532846715328,0.0255474452554744
EU Power Grid — Paris,adap_degree,,100,0.030332596302413452,0.012121050668655703,0.02447572703047149,0.026966747769667444,0.04934306569343062,0.06806569343065685,0.2171532846715328,0.0255474452554744
EU Power Grid — Paris,betweenness,,1,0.054005274655016144,0.024501838137354105,0.043898138276060025,0.04865419708029193,0.07947782144862434,0.23959854014598536,0.1970802919708029,0.010948905109489
EU Power Grid — Paris,degree,,1,0.03497122915445674,0.015174623048643986,0.02747364152473639,0.030109489051094847,0.04750608272506076,0.0761313868613138,0.2171532846715328,0.0291970802919708
EU Power Grid — Paris,random,,1,0.21100285044488243,0.031404843092333073,0.2098540145985401,0.23786656422077085,0.32135036496350355,0.48467153284671527,0.177007299270073,0.2335766423357664
EU Power Grid — Paris,random,,2,0.2101970003729553,0.044291784325217076,0.1491975802419757,0.22046911162542274,0.45474452554744516,0.5653284671532847,0.2572992700729927,0.1496350364963503
EU Power Grid — Paris,random,,3,0.2012860301561084,0.034188688795354,0.1733576642335766,0.2521897810218977,0.37300486618004863,0.46459854014598534,0.1697080291970802,0.1989051094890511
EU Power Grid — Paris,random,,4,0.20414979487452706,0.04858077148489526,0.1691909975669099,0.2162408759124087,0.35535279805352793,0.5196350364963503,0.2171532846715328,0.1697080291970802
EU Power Grid — Paris,random,,5,0.23131227023283063,0.02668296126591716,0.1934306569343065,0.2919078781776994,0.37813868613138685,0.6254692387904066,0.0802919708029197,0.2354014598540146
EU Power Grid — Paris,random,,6,0.200983003889392,0.05491102349619049,0.1418025405251682,0.27631849491107224,0.40405109489051094,0.5659124087591241,0.2791970802919707,0.1423357664233576
EU Power Grid — Paris,random,,7,0.2599232777452181,0.02810152378922687,0.23012976480129757,0.37638844811171057,0.5229097544790975,0.5491197939029626,0.0802919708029197,0.3777372262773723
EU Power Grid — Paris,random,,8,0.2545853535084447,0.05527731898343008,0.23230387045329076,0.24248783454987824,0.5669505271695052,0.731021897810219,0.2098540145985401,0.2335766423357664
EU Power Grid — Paris,random,,9,0.18860221642069366,0.05413181309606262,0.13808385171335083,0.27923357664233567,0.3290847838293094,0.3788321167883211,0.3686131386861314,0.1386861313868613
EU Power Grid — Paris,random,,10,0.25248414939527936,0.034994538867281114,0.22243222106360785,0.3576642335766423,0.40282552389922294,0.5996350364963503,0.1204379562043795,0.2755474452554744
EU Power Grid — Paris,random,,11,0.2322046992381053,0.04265011455058869,0.2080291970802919,0.2823253388946819,0.4773722627737226,0.6014598540145986,0.1806569343065693,0.218978102189781
EU Power Grid — Paris,random,,12,0.23550468858223655,0.02708588630188071,0.1952554744525547,0.3255839416058394,0.454647201946472,0.5309002433090023,0.1021897810218978,0.1313868613138686
EU Power Grid — Paris,random,,13,0.18363058767115983,0.035597261441739,0.13822268566794113,0.2413561275451402,0.3156430908633274,0.47148418491484184,0.1113138686131386,0.1386861313868613
EU Power Grid — Paris,random,,14,0.23861154030582332,0.03498454899035639,0.20904894804637178,0.2621728680790457,0.4048175182481752,0.5953218314532183,0.2445255474452554,0.2098540145985401
EU Power Grid — Paris,random,,15,0.21265451009643552,0.04434839362779046,0.20774845592363836,0.2579955820207453,0.45109489051094875,0.5462135036496351,0.1368613138686131,0.2591240875912409
EU Power Grid — Paris,random,,16,0.1993779636634876,0.04752850444882516,0.14125825512686818,0.2802919708029196,0.41321167883211674,0.5217381386861314,0.187956204379562,0.1423357664233576
EU Power Grid — Paris,random,,17,0.20897157547019016,0.03836112739091051,0.1605839416058394,0.1804334872635185,0.4875912408759123,0.5813868613138686,0.1587591240875912,0.1532846715328467
EU Power Grid — Paris,random,,18,0.22645053012946872,0.02993966114337468,0.2132429614181438,0.24776356950771086,0.4507962840079628,0.4523114355231143,0.1897810218978102,0.2481751824817518
EU Power Grid — Paris,random,,19,0.22923104587351475,0.02752211092759332,0.16392944038929436,0.29681960375391025,0.5519041574103459,0.5900851581508515,0.1313868613138686,0.0875912408759124
EU Power Grid — Paris,random,,20,0.1996943097661036,0.053382572326708885,0.14325333003422816,0.2540790038643194,0.4601975096607986,0.49215328467153285,0.3211678832116788,0.1441605839416058
EU Power Grid — Paris,random,,21,0.23373981032553673,0.04627976983323562,0.21113294653440637,0.2533290589859932,0.49132846715328465,0.5621532846715328,0.2116788321167883,0.2116788321167883
EU Power Grid — Paris,random,,22,0.2533998881133784,0.02844117960466722,0.23413586060748762,0.34886511348865107,0.4100973236009732,0.6480535279805353,0.1313868613138686,0.3503649635036496
EU Power Grid — Paris,random,,23,0.19941459321221153,0.04128816132985237,0.1691465468837731,0.19489051094890505,0.3375248838752488,0.5701291409320606,0.2116788321167883,0.1697080291970802
EU Power Grid — Paris,random,,24,0.24722281421492878,0.028414539932867994,0.2627737226277372,0.32697750633099953,0.38649635036496344,0.4664233576642335,0.1295620437956204,0.2791970802919707
EU Power Grid — Paris,random,,25,0.1795147583781767,0.04834767435665189,0.12584948401711543,0.18202554744525543,0.34910583941605833,0.4863746958637469,0.2390510948905109,0.1113138686131386
EU Power Grid — Paris,random,,26,0.1966274175502157,0.050172491874900055,0.18255035398715766,0.1976016684045881,0.36520681265206806,0.4885401459854014,0.2408759124087591,0.1843065693430657
EU Power Grid — Paris,random,,27,0.23272084287921563,0.03292330438488995,0.18734328857190613,0.30352798053527974,0.46605839416058387,0.5394160583941606,0.2372262773722627,0.187956204379562
EU Power Grid — Paris,random,,28,0.2102502797165538,0.042580185412115674,0.2025819806079093,0.20721816707218163,0.3769397134360638,0.4013990267639902,0.2427007299270072,0.2043795620437956
EU Power Grid — Paris,random,,29,0.26974332676221424,0.02248388299856142,0.24425182481751817,0.3405109489051094,0.5014598540145985,0.561830900243309,0.0456204379562043,0.364963503649635
EU Power Grid — Paris,random,,30,0.19172238798018001,0.05959294581490751,0.11661830711338803,0.22736637626559925,0.3682025547445255,0.506934306569343,0.2901459854014598,0.1167883211678832
EU Power Grid — Paris,random,,31,0.2434732804091853,0.036759417123980995,0.24715867339440548,0.3249654764253304,0.4511070559610705,0.4586861313868612,0.2700729927007299,0.2481751824817518
EU Power Grid — Paris,random,,32,0.2599032979913687,0.03161463050775211,0.2152933745087029,0.3552311435523114,0.43291970802919705,0.635352798053528,0.1021897810218978,0.3886861313868613
EU Power Grid — Paris,random,,33,0.18606478768181567,0.048730619638766015,0.1506423357664233,0.27439172749391727,0.321970802919708,0.5140510948905109,0.2262773722627737,0.1514598540145985
EU Power Grid — Paris,random,,34,0.21420294101976659,0.03048577441525916,0.15766423357664228,0.2864963503649635,0.3950895819508958,0.48467153284671527,0.1642335766423357,0.1514598540145985
EU Power Grid — Paris,random,,35,0.21684692844584144,0.0438821993713037,0.20198448905109484,0.285335102853351,0.3927615571776155,0.475,0.177007299270073,0.2098540145985401
EU Power Grid — Paris,random,,36,0.25676980659598264,0.03460493366721718,0.25067532616817056,0.3533302919708029,0.43967506475158935,0.46708029197080286,0.2062043795620438,0.2518248175182481
EU Power Grid — Paris,random,,37,0.2532633597954072,0.03740209920613774,0.2682481751824817,0.30351084609848866,0.4334793187347931,0.5850364963503649,0.1733576642335766,0.3010948905109489
EU Power Grid — Paris,random,,38,0.19970096968405343,0.03985960892961795,0.17694437452806444,0.2098540145985401,0.3658261446582614,0.5041970802919707,0.2208029197080291,0.187956204379562
EU Power Grid — Paris,random,,39,0.231265650807182,0.034535004528744175,0.2354014598540146,0.2670506386861314,0.4837591240875912,0.5680656934306569,0.2171532846715328,0.2390510948905109
EU Power Grid — Paris,random,,40,0.19697040332463098,0.04358583302253713,0.13914233576642335,0.260348332255382,0.35386050283860504,0.5356005308560052,0.1423357664233576,0.260948905109489
EU Power Grid — Paris,random,,41,0.24072606425488835,0.03738211945228831,0.24178832116788312,0.27175247077062203,0.36966892596454637,0.5593326381647549,0.2043795620437956,0.2718978102189781
EU Power Grid — Paris,random,,42,0.22786909265277844,0.0635089775693963,0.12082898852971839,0.35423919146546884,0.547544790975448,0.559529602595296,0.2864963503649635,0.1113138686131386
EU Power Grid — Paris,random,,43,0.23193830252011285,0.04575696627417546,0.19140156879834397,0.21342824395246418,0.4376147869084059,0.512728102189781,0.2427007299270072,0.1916058394160583
EU Power Grid — Paris,random,,44,0.24394946454259672,0.037978182108796374,0.23566557817902417,0.3219192786603692,0.5138686131386861,0.6087591240875913,0.1368613138686131,0.2372262773722627
EU Power Grid — Paris,random,,45,0.21062656508071817,0.04364244232511051,0.1551094890510949,0.2702608415629025,0.39562043795620433,0.5663929440389295,0.1277372262773722,0.1551094890510949
EU Power Grid — Paris,random,,46,0.250949038307848,0.03749866801641,0.22056745938309386,0.3248175182481752,0.4563868613138686,0.4761557177615572,0.1222627737226277,0.2956204379562043
EU Power Grid — Paris,random,,47,0.22841187596568802,0.0395232830731525,0.20064698075646972,0.28093895155938947,0.360948905109489,0.5505778588807785,0.1167883211678832,0.3010948905109489
EU Power Grid — Paris,random,,48,0.19561178006286956,0.04999267409025517,0.1496350364963503,0.2268856447688564,0.42895377128953766,0.5112226277372263,0.1751824817518248,0.1733576642335766
EU Power Grid — Paris,random,,49,0.24907760136395113,0.036303212744418945,0.2596415731561172,0.29259645464025025,0.39204719062977417,0.4972992700729926,0.2135036496350364,0.260948905109489
EU Power Grid — Paris,random,,50,0.1863611540305823,0.08616601843465284,0.09430794009800897,0.2776329509906152,0.4835948905109489,0.5155717761557177,0.3722627737226277,0.0948905109489051
EU Power Grid — Paris,random,,51,0.17526240076722246,0.03288667483616598,0.1611922141119221,0.1751824817518248,0.39611085766423354,0.39767335766423356,0.2536496350364963,0.1624087591240876
EU Power Grid — Paris,random,,52,0.21748961052799823,0.04024921412968189,0.1917387731425532,0.19339440228162608,0.5313868613138685,0.6074209245742093,0.2262773722627737,0.1934306569343065
EU Power Grid — Paris,random,,53,0.2326076242740689,0.03616002450849802,0.2187174139728884,0.2802842056219909,0.4802145543021455,0.481729705817297,0.1660583941605839,0.2810218978102189
EU Power Grid — Paris,random,,54,0.19954446161223285,0.03268687729767165,0.16530846915308464,0.23147346282320913,0.38357664233576627,0.5102189781021897,0.1295620437956204,0.1660583941605839
EU Power Grid — Paris,random,,55,0.26335313548937067,0.03131160424103571,0.26491394070469493,0.32806163828061635,0.4191403081914031,0.5635036496350364,0.145985401459854,0.2664233576642336
EU Power Grid — Paris,random,,56,0.21728315307155405,0.03585033832383182,0.2107664233576642,0.26224934977766584,0.4240875912408759,0.506934306569343,0.1423357664233576,0.2627737226277372
EU Power Grid — Paris,random,,57,0.19135609249294042,0.03912035803718894,0.1943430656934306,0.1984925420501428,0.35985401459854005,0.5178832116788321,0.1970802919708029,0.1989051094890511
EU Power Grid — Paris,random,,58,0.23886461718791618,0.03575709947253446,0.2394607478027707,0.291970802919708,0.40388013830195924,0.5799726277372262,0.177007299270073,0.2408759124087591
EU Power Grid — Paris,random,,59,0.22697000372955398,0.03391563215941176,0.24458847218726396,0.3053527980535279,0.39452554744525536,0.4829379562043795,0.156934306569343,0.2463503649635036
EU Power Grid — Paris,random,,60,0.19190220576482486,0.04781488092066703,0.11427919708029191,0.2833186508935313,0.320856590811507,0.4209152161706906,0.2645985401459854,0.1131386861313868
EU Power Grid — Paris,random,,61,0.18691059726144166,0.033362858969577455,0.1846626312978458,0.25,0.2809192518248175,0.38065693430656933,0.2226277372262773,0.1861313868613138
EU Power Grid — Paris,random,,62,0.23228794821247795,0.032184053492460944,0.21443831226633425,0.2591240875912409,0.38415015641293004,0.5244310863031344,0.1478102189781021,0.2153284671532846
EU Power Grid — Paris,random,,63,0.23415605519739993,0.036759417123980995,0.18530727572404046,0.3355383211678832,0.47639902676399026,0.4965693430656934,0.2445255474452554,0.1861313868613138
EU Power Grid — Paris,random,,64,0.2659771431615962,0.0330731525387607,0.26368613138686126,0.3388249203248689,0.4688047445255474,0.6074209245742093,0.1240875912408759,0.3394160583941605
EU Power Grid — Paris,random,,65,0.22429604667270492,0.03293995417976447,0.2171532846715328,0.25521376433785187,0.3768803554427166,0.43576642335766413,0.156934306569343,0.2226277372262773
EU Power Grid — Paris,random,,66,0.2023882465768021,0.03381240343118968,0.17899800928998003,0.2445255474452554,0.35815085158150844,0.5156934306569343,0.177007299270073,0.2043795620437956
EU Power Grid — Paris,random,,67,0.23315706750492823,0.03230726197453243,0.23182785888077853,0.29795381117625935,0.35255474452554736,0.4684140676841406,0.1222627737226277,0.2208029197080291
EU Power Grid — Paris,random,,68,0.2471229154456816,0.05299629708561986,0.15711678832116782,0.34583941605839413,0.5667883211678832,0.6757096512570965,0.1970802919708029,0.1441605839416058
EU Power Grid — Paris,random,,69,0.16362086419095306,0.05618639778357928,0.10646010228909077,0.1986444212721585,0.34521492295214923,0.564963503649635,0.2664233576642336,0.1076642335766423
EU Power Grid — Paris,random,,70,0.23689661143374707,0.030469124620384636,0.2062043795620438,0.3182805137207798,0.4060827250608272,0.5068734793187348,0.1405109489051094,0.3193430656934306
EU Power Grid — Paris,random,,71,0.2533998881133784,0.026216767009430406,0.2645985401459854,0.322992700729927,0.35255474452554736,0.5303832116788321,0.1003649635036496,0.3102189781021898
EU Power Grid — Paris,random,,72,0.2033572646384996,0.04774828174116891,0.1514598540145985,0.31660583941605835,0.3758150851581508,0.48467153284671527,0.2463503649635036,0.0894160583941605
EU Power Grid — Paris,random,,73,0.2451349299376631,0.03893721029356915,0.26845998435870694,0.2717642869859355,0.4682481751824817,0.5246715328467153,0.2025547445255474,0.2700729927007299
EU Power Grid — Paris,random,,74,0.21464582556342898,0.04112166338110711,0.16876286730301324,0.2354014598540146,0.470235198702352,0.5452554744525547,0.2427007299270072,0.1697080291970802
EU Power Grid — Paris,random,,75,0.2443423997016356,0.044901166817624766,0.24475364963503643,0.3036040145985401,0.4685622135460872,0.6922836287799791,0.2025547445255474,0.2463503649635036
EU Power Grid — Paris,random,,76,0.2253316639139005,0.03576708934945918,0.24315693430656923,0.2788321167883211,0.3434306569343065,0.46672749391727486,0.218978102189781,0.2463503649635036
EU Power Grid — Paris,random,,77,0.23005687569929129,0.03168788960520002,0.19105415039891352,0.26399026763990263,0.5047445255474452,0.5266423357664234,0.1131386861313868,0.2062043795620438
EU Power Grid — Paris,random,,78,0.2279956310938248,0.02686610900953696,0.1824817518248175,0.36272395487723946,0.4506893755068937,0.48704379562043787,0.0857664233576642,0.0967153284671532
EU Power Grid — Paris,random,,79,0.26333315573552124,0.029816452661303186,0.2773722627737226,0.2984980348119034,0.4615224191866527,0.6802919708029197,0.1806569343065693,0.2810218978102189
EU Power Grid — Paris,random,,80,0.21598779903031587,0.05359235974212795,0.1468217761557177,0.2511134479772361,0.5016684045881126,0.6093673965936739,0.1697080291970802,0.1478102189781021
EU Power Grid — Paris,random,,81,0.20663394426980652,0.05221708668549199,0.15805580900243305,0.23440901523882696,0.39452554744525536,0.5795620437956204,0.3485401459854014,0.1587591240875912
EU Power Grid — Paris,random,,82,0.2372329372902125,0.04469137940220572,0.2338199513381995,0.2534052398331595,0.4423479318734792,0.4881995133819951,0.2025547445255474,0.2536496350364963
EU Power Grid — Paris,random,,83,0.2728801481165751,0.03309313229261011,0.2953163017031629,0.3102189781021898,0.5094890510948904,0.633698296836983,0.2043795620437956,0.3083941605839416
EU Power Grid — Paris,random,,84,0.21362685811710794,0.04898036656188391,0.14735623998575745,0.2600364963503649,0.42662930135557864,0.5813868613138686,0.3357664233576642,0.1478102189781021
EU Power Grid — Paris,random,,85,0.24137207629601992,0.035843678405882005,0.2442335766423357,0.3014598540145985,0.40848540145985396,0.4756386861313868,0.1788321167883211,0.2992700729927007
EU Power Grid — Paris,random,,86,0.18155269327081885,0.06525387607224675,0.10871603811841037,0.2650547445255474,0.42291666666666666,0.5986496350364963,0.260948905109489,0.1094890510948905
EU Power Grid — Paris,random,,87,0.24062283552666625,0.03703913367787303,0.2241918665276329,0.30322384428223836,0.40295812524010755,0.5302919708029197,0.1587591240875912,0.260948905109489
EU Power Grid — Paris,random,,88,0.27535763759390475,0.034544994405668876,0.2928832116788321,0.3572080291970802,0.4597627737226277,0.5611922141119221,0.1916058394160583,0.3467153284671532
EU Power Grid — Paris,random,,89,0.26531781128456494,0.021727982311257887,0.2317518248175182,0.37892894384030984,0.48749999999999993,0.5318248175182482,0.0875912408759124,0.3795620437956204
EU Power Grid — Paris,random,,90,0.2062043795620437,0.05328600351643663,0.18318447658339754,0.2741970802919708,0.35912408759124087,0.5011861313868613,0.291970802919708,0.1843065693430657
EU Power Grid — Paris,random,,91,0.21369345729660605,0.03803812137034469,0.20062565172054217,0.2828467153284671,0.4298385312983853,0.5107055961070559,0.1751824817518248,0.2098540145985401
EU Power Grid — Paris,random,,92,0.22298404283659212,0.04818450636688153,0.19208759124087582,0.2828467153284671,0.43934762773722624,0.5122384428223844,0.2226277372262773,0.1934306569343065
EU Power Grid — Paris,random,,93,0.27912715115349773,0.02464502637327503,0.29394519564437,0.38896687254351486,0.49492700729926997,0.5689172749391728,0.0948905109489051,0.2956204379562043
EU Power Grid — Paris,random,,94,0.2036669508231658,0.040665459001545064,0.2043795620437956,0.22709373799462157,0.3511678832116788,0.5156934306569343,0.1113138686131386,0.2244525547445255
EU Power Grid — Paris,random,,95,0.23341680430497092,0.02984975225105222,0.20891821074302822,0.3667883211678832,0.4059436913451512,0.5226505474452554,0.1405109489051094,0.2098540145985401
EU Power Grid — Paris,random,,96,0.22814214928872067,0.034445095636421695,0.20194647201946464,0.3091895938611267,0.34598540145985396,0.564963503649635,0.1277372262773722,0.3102189781021898
EU Power Grid — Paris,random,,97,0.17917177260376144,0.03850098566785652,0.1452725821167883,0.23204701588664658,0.36337819343065686,0.3649406934306569,0.3065693430656934,0.145985401459854
EU Power Grid — Paris,random,,98,0.24003343278810796,0.03825123874473863,0.145985401459854,0.3594890510948905,0.5658759124087591,0.5777372262773722,0.1824817518248175,0.114963503649635
EU Power Grid — Paris,random,,99,0.19734668868879526,0.033609275933720456,0.18348245820579231,0.21652811570694777,0.3199918896999188,0.48886861313868607,0.1678832116788321,0.1843065693430657
EU Power Grid — Paris,random,,100,0.22578120837551272,0.043968778304651235,0.20659648911141942,0.27711157455683,0.3945120302784536,0.48635036496350353,0.2025547445255474,0.2080291970802919
EU Power Grid — Paris,seamless,1.0,1,0.10647543822260101,0.027605359901965967,0.1009009238936246,0.1291256743890828,0.19527372262773718,0.23886861313868607,0.2536496350364963,0.1021897810218978
EU Power Grid — Paris,seamless,1.0,2,0.07858037188981823,0.0185478714902232,0.0647810218978102,0.11421210820094456,0.140875912408759,0.1975912408759124,0.083941605839416,0.1350364963503649
EU Power Grid — Paris,seamless,1.0,3,0.07355879375566082,0.02795167563535613,0.053671103477887436,0.0693430656934306,0.14850696748506959,0.23146796431467956,0.1843065693430657,0.0273722627737226
EU Power Grid — Paris,seamless,1.0,4,0.08845370025041281,0.017821940433693822,0.06855819794364643,0.0855057351407716,0.16040145985401458,0.1998783454987834,0.0967153284671532,0.0492700729927007
EU Power Grid — Paris,seamless,1.0,5,0.0809446427620011,0.023103255367893823,0.0808534531162268,0.09059804246848036,0.14170537491705368,0.16199513381995131,0.1003649635036496,0.0218978102189781
EU Power Grid — Paris,seamless,1.0,6,0.08065826629015924,0.029286989184293212,0.0565693430656934,0.06747300476563906,0.12833029197080287,0.24901459854014596,0.2171532846715328,0.0675182481751824
EU Power Grid — Paris,seamless,1.0,7,0.09727143161596241,0.018741009110767717,0.08344392833443921,0.11599398883641045,0.14718763417775863,0.23416970802919704,0.1532846715328467,0.1167883211678832
EU Power Grid — Paris,seamless,1.0,8,0.07505394533539339,0.020669055357237957,0.06952218888540589,0.07105593121669425,0.10551592568015919,0.19197080291970794,0.1843065693430657,0.0711678832116788
EU Power Grid — Paris,seamless,1.0,9,0.10718804944323077,0.02656974266077037,0.08819951338199508,0.11816230141691705,0.20347855839416054,0.2412003244120032,0.1587591240875912,0.0656934306569343
EU Power Grid — Paris,seamless,1.0,10,0.07434133411476361,0.026053599019660045,0.04805723695923086,0.08252230332522295,0.14956204379562035,0.16590737477976336,0.2864963503649635,0.0492700729927007
EU Power Grid — Paris,seamless,1.0,11,0.09999866801640996,0.021291757685545268,0.05964546402502601,0.13936198972695318,0.1919593978102189,0.1996350364963503,0.1897810218978102,0.0602189781021897
EU Power Grid — Paris,seamless,1.0,12,0.07115123341680421,0.03748534818051037,0.02282134591418903,0.0763816475495307,0.1955620437956204,0.2169099756690997,0.1970802919708029,0.0127737226277372
EU Power Grid — Paris,seamless,1.0,13,0.087498002024615,0.023725957696201144,0.04683698296836976,0.09177758694718759,0.15401459854014596,0.32802919708029193,0.1916058394160583,0.0437956204379562
EU Power Grid — Paris,seamless,1.0,14,0.08171053332622934,0.027602029942991057,0.05224345212537564,0.1083554523335545,0.15210867802108674,0.2022445255474452,0.3065693430656934,0.052919708029197
EU Power Grid — Paris,seamless,1.0,15,0.08850697959401133,0.024568437316852213,0.052034948020349435,0.10824817518248173,0.21807785888077855,0.24762773722627734,0.1222627737226277,0.0091240875912408
EU Power Grid — Paris,seamless,1.0,16,0.09448425595396655,0.026293356065853226,0.06009970898334995,0.09831204379562036,0.16569343065693426,0.2542092457420924,0.2445255474452554,0.0602189781021897
EU Power Grid — Paris,seamless,1.0,17,0.08245644413660816,0.025057941286163322,0.0492700729927007,0.09520513465894788,0.11289537712895371,0.257243121841662,0.2007299270072992,0.0383211678832116
EU Power Grid — Paris,seamless,1.0,18,0.061707469763972435,0.029806462784378457,0.026706450976523934,0.06502986065029857,0.14270072992700725,0.22069864442127204,0.2591240875912409,0.0273722627737226
EU Power Grid — Paris,seamless,1.0,19,0.08831717193244171,0.023426261388459657,0.08880778588807779,0.10663409465505057,0.15278936392075076,0.29355231143552313,0.1332116788321168,0.0948905109489051
EU Power Grid — Paris,seamless,1.0,20,0.10808047844850545,0.027312323512174285,0.07935928629359285,0.11777676399026758,0.19748367268536302,0.2968065693430656,0.2153284671532846,0.0802919708029197
EU Power Grid — Paris,seamless,1.0,21,0.09053825456870364,0.025157840055410476,0.07857142857142854,0.12814781021897803,0.18501132645356153,0.21097497393117828,0.1897810218978102,0.0802919708029197
EU Power Grid — Paris,seamless,1.0,22,0.09520019713357122,0.020529197080291925,0.0802919708029197,0.10019117135905453,0.1653777865456697,0.2520072992700729,0.1514598540145985,0.1003649635036496
EU Power Grid — Paris,seamless,1.0,23,0.07338896584794068,0.033129761841334066,0.03466047334660471,0.0821167883211678,0.1324361313868613,0.24038929440389292,0.2810218978102189,0.0346715328467153
EU Power Grid — Paris,seamless,1.0,24,0.0894093984762107,0.027295673717299754,0.07678916016444327,0.08526219746446403,0.15554744525547443,0.30754257907542576,0.1496350364963503,0.0784671532846715
EU Power Grid — Paris,seamless,1.0,25,0.08797085619905154,0.01976330651606369,0.07543401065298869,0.09802116118663355,0.1319603753910323,0.15117599351175987,0.1897810218978102,0.0985401459854014
EU Power Grid — Paris,seamless,1.0,26,0.09495378016942822,0.031817758005221325,0.04194854904753424,0.1208803362088033,0.2362260070289267,0.2683698296836982,0.25,0.041970802919708
EU Power Grid — Paris,seamless,1.0,27,0.077707922638393,0.03391230220043683,0.03967808347370385,0.10538321167883205,0.1855009953550099,0.23163017031630162,0.1970802919708029,0.0072992700729927
EU Power Grid — Paris,seamless,1.0,28,0.11030156108476737,0.02060578613671476,0.06462000858737653,0.15546267953849777,0.24073310060298317,0.3647201946472019,0.1970802919708029,0.0383211678832116
EU Power Grid — Paris,seamless,1.0,29,0.07296939101710258,0.028427859768767612,0.06036766693700992,0.06329235497502878,0.1582053863579159,0.2446350364963503,0.2390510948905109,0.0620437956204379
EU Power Grid — Paris,seamless,1.0,30,0.07135436091427345,0.026686291224892064,0.03801839546986999,0.06912838127951905,0.15205706702057062,0.20383211678832114,0.2372262773722627,0.0383211678832116
EU Power Grid — Paris,seamless,1.0,31,0.07093811604241027,0.030369225851137473,0.04443488772141891,0.0574817518248175,0.1825045620437956,0.22408759124087582,0.2317518248175182,0.0456204379562043
EU Power Grid — Paris,seamless,1.0,32,0.09409465075390262,0.02403231392189243,0.06530413625304135,0.0912408759124087,0.17272958750636558,0.3146593673965936,0.1204379562043795,0.0656934306569343
EU Power Grid — Paris,seamless,1.0,33,0.09979887047791564,0.030878709574298002,0.09318837023860636,0.09984358706986439,0.2173894375268355,0.3316909975669099,0.1970802919708029,0.0948905109489051
EU Power Grid — Paris,seamless,1.0,34,0.0851104214396078,0.018098327028610972,0.06758521395566858,0.08671532846715327,0.1814563781717066,0.20895377128953765,0.1733576642335766,0.0693430656934306
EU Power Grid — Paris,seamless,1.0,35,0.08090135329532733,0.023792556875699256,0.0535528079845076,0.11366543757995329,0.11646897810218976,0.18231143552311432,0.2135036496350364,0.0383211678832116
EU Power Grid — Paris,seamless,1.0,36,0.0926061590921199,0.02318983430124137,0.053163017031630094,0.1295620437956204,0.1741501564129301,0.3061435523114355,0.1697080291970802,0.0346715328467153
EU Power Grid — Paris,seamless,1.0,37,0.06408173051307998,0.02705924663008148,0.030472253979421278,0.05279089738085008,0.10198608046172125,0.16268248175182481,0.2536496350364963,0.0310218978102189
EU Power Grid — Paris,seamless,1.0,38,0.09324218125632684,0.018741009110767703,0.072992700729927,0.12488434255166028,0.13930961070559608,0.22252346193952025,0.1222627737226277,0.125912408759124
EU Power Grid — Paris,seamless,1.0,39,0.09166045074324676,0.029530076189461303,0.06770072992700722,0.09638727138522095,0.15507704785077048,0.2808394160583941,0.1514598540145985,0.0967153284671532
EU Power Grid — Paris,seamless,1.0,40,0.11569276466513924,0.0236993180244019,0.08333333333333326,0.15137010889075023,0.28108272506082715,0.3000228102189781,0.1040145985401459,0.1514598540145985
EU Power Grid — Paris,seamless,1.0,41,0.09170707016889543,0.02145825563429053,0.07280291970802918,0.08707901139710589,0.14336834609222,0.21366006256517195,0.2208029197080291,0.072992700729927
EU Power Grid — Paris,seamless,1.0,42,0.07193377377590698,0.025873781235015138,0.048045971800335444,0.07558736313868607,0.14801157815252947,0.19257907542579064,0.2901459854014598,0.0492700729927007
EU Power Grid — Paris,seamless,1.0,43,0.10485374820182207,0.02688608876338639,0.07709854014598536,0.1330133291018724,0.198992700729927,0.21392075078206454,0.1660583941605839,0.0784671532846715
EU Power Grid — Paris,seamless,1.0,44,0.08990223240449668,0.02687609888646167,0.06447688564476882,0.07968369829683696,0.2242440041710114,0.32080291970802916,0.2080291970802919,0.0675182481751824
EU Power Grid — Paris,seamless,1.0,45,0.08911969204539393,0.02401899408599282,0.05802390775415211,0.1144421272158498,0.14224699151706444,0.25333029197080287,0.1222627737226277,0.0237226277372262
EU Power Grid — Paris,seamless,1.0,46,0.06326256060525326,0.0322772923437583,0.025149013482931123,0.0656934306569343,0.13631386861313866,0.2048540145985401,0.3978102189781022,0.0255474452554744
EU Power Grid — Paris,seamless,1.0,47,0.10066465981139103,0.02619012733763116,0.06881557937956198,0.10443571027512626,0.2410921870775885,0.24311131386861304,0.2317518248175182,0.0693430656934306
EU Power Grid — Paris,seamless,1.0,48,0.0810711812030475,0.021125259736800007,0.07046150223687304,0.07822259011212278,0.11697080291970798,0.23187347931873473,0.1934306569343065,0.0711678832116788
EU Power Grid — Paris,seamless,1.0,49,0.09195348713303844,0.023043316106345534,0.08091240875912405,0.08919108089191073,0.15102584336160974,0.24014598540145982,0.1167883211678832,0.0894160583941605
EU Power Grid — Paris,seamless,1.0,50,0.07897996696680687,0.029906361553625607,0.04333941605839415,0.09026763990267633,0.17198368398454267,0.19520681265206807,0.1970802919708029,0.0072992700729927
EU Power Grid — Paris,seamless,1.0,51,0.09086792050721924,0.022507192711385744,0.054379562043795564,0.10874253483742533,0.16402919708029193,0.25206812652068117,0.1277372262773722,0.1094890510948905
EU Power Grid — Paris,seamless,1.0,52,0.08003556396185192,0.025301028291331403,0.05762640199394693,0.07049410443571023,0.1723357664233576,0.22773722627737222,0.291970802919708,0.0583941605839416
EU Power Grid — Paris,seamless,1.0,53,0.10299563109382484,0.027195774948052594,0.05800412325179694,0.1240875912408759,0.16595489704760863,0.3670620437956204,0.1824817518248175,0.0583941605839416
EU Power Grid — Paris,seamless,1.0,54,0.08208348873141874,0.031924316692418304,0.03911306982509289,0.07404917402996537,0.18220322704571645,0.28915537017726795,0.2481751824817518,0.0383211678832116
EU Power Grid — Paris,seamless,1.0,55,0.09994538867281147,0.02346955085513342,0.09895137246838691,0.13160940003560617,0.1549190733100603,0.20978765759787654,0.1204379562043795,0.0328467153284671
EU Power Grid — Paris,seamless,1.0,56,0.10192005434493037,0.023666018434652835,0.0988263918706168,0.1059306569343065,0.18024635036496342,0.21574556830031275,0.2116788321167883,0.0711678832116788
EU Power Grid — Paris,seamless,1.0,57,0.09484389152325635,0.023179844424316653,0.05860471645143176,0.145985401459854,0.1658759124087591,0.25822384428223843,0.1861313868613138,0.0401459854014598
EU Power Grid — Paris,seamless,1.0,58,0.09191685758431448,0.022380654270339338,0.08428110677304357,0.09032846715328458,0.1794056308654848,0.26917131816230133,0.1423357664233576,0.0857664233576642
EU Power Grid — Paris,seamless,1.0,59,0.08400487505993917,0.034365176621023986,0.062434827945776795,0.06920620437956199,0.1384775808133472,0.2990267639902676,0.2098540145985401,0.0693430656934306
EU Power Grid — Paris,seamless,1.0,60,0.10901952687942874,0.021381666577867713,0.08008921330089211,0.1502576212966938,0.16360025762129665,0.23325009604302724,0.2208029197080291,0.0638686131386861
EU Power Grid — Paris,seamless,1.0,61,0.0970949437902924,0.02452514785017844,0.0848774096949279,0.09079003864319445,0.17100364963503642,0.22360857664233572,0.1788321167883211,0.0565693430656934
EU Power Grid — Paris,seamless,1.0,62,0.12014491981458779,0.03423530822100267,0.09385804840568573,0.1433183604716451,0.26161671066935854,0.2626805404565926,0.2737226277372263,0.0948905109489051
EU Power Grid — Paris,seamless,1.0,63,0.06221695348713295,0.029270339389418663,0.025187622082862078,0.06626968882059159,0.09251824817518244,0.32707365627073653,0.218978102189781,0.0255474452554744
EU Power Grid — Paris,seamless,1.0,64,0.0870784271937769,0.025241089029783108,0.05704026371556391,0.12230956391540329,0.1691927866036925,0.20492700729927005,0.1678832116788321,0.0583941605839416
EU Power Grid — Paris,seamless,1.0,65,0.08621596781927639,0.01978994618786291,0.05401459854014592,0.12074209245742086,0.13113362133174436,0.24708029197080286,0.1642335766423357,0.0437956204379562
EU Power Grid — Paris,seamless,1.0,66,0.08613937876285356,0.02469497575789863,0.056054650945161856,0.08326816127911012,0.15243309002433086,0.23321167883211674,0.2828467153284671,0.0565693430656934
EU Power Grid — Paris,seamless,1.0,67,0.0885502690606851,0.026193457296606062,0.06481248426881447,0.09263437292634369,0.17289749285940967,0.25296025952960255,0.1989051094890511,0.0930656934306569
EU Power Grid — Paris,seamless,1.0,68,0.09044168575843137,0.021757951942032037,0.06402729292288159,0.09496350364963503,0.1449009384775808,0.26514598540145984,0.1003649635036496,0.0565693430656934
EU Power Grid — Paris,seamless,1.0,69,0.08002890404390207,0.02206097820874843,0.0602189781021897,0.08221542710593797,0.12927007299270066,0.26021897810218975,0.1934306569343065,0.0638686131386861
EU Power Grid — Paris,seamless,1.0,70,0.1001551760882305,0.021704672598433537,0.09352189781021895,0.10556763472588905,0.15417327832434147,0.2114355231143552,0.2080291970802919,0.0948905109489051
EU Power Grid — Paris,seamless,1.0,71,0.10979207736160683,0.024561777398902408,0.10139638210092032,0.10828988529718454,0.17737226277372256,0.277007299270073,0.2080291970802919,0.1058394160583941
EU Power Grid — Paris,seamless,1.0,72,0.06928312643188228,0.028121503543076312,0.044724925655582545,0.07553033759124081,0.14715328467153277,0.2377128953771289,0.1934306569343065,0.0456204379562043
EU Power Grid — Paris,seamless,1.0,73,0.0881939634503702,0.02076895412648511,0.06400898371701287,0.1021897810218978,0.1325486618004866,0.2635036496350365,0.1003649635036496,0.0237226277372262
EU Power Grid — Paris,seamless,1.0,74,0.0845676381266982,0.021854520752304284,0.06428811141874315,0.1053071776155717,0.13226706741090596,0.20729927007299265,0.1897810218978102,0.0218978102189781
EU Power Grid — Paris,seamless,1.0,75,0.07988238584900627,0.028897383984229284,0.04289894286433424,0.09862704205769893,0.12725060827250598,0.20729927007299265,0.1806569343065693,0.0328467153284671
EU Power Grid — Paris,seamless,1.0,76,0.09658546006713188,0.027725238425062568,0.08650986753176532,0.08926399026763983,0.17737226277372256,0.2571532846715328,0.1989051094890511,0.0894160583941605
EU Power Grid — Paris,seamless,1.0,77,0.08033526026959335,0.024611726783525984,0.05369495730165539,0.10303853335596667,0.13467153284671526,0.27287104622871045,0.2700729927007299,0.0547445255474452
EU Power Grid — Paris,seamless,1.0,78,0.08023869145932115,0.020978741541904166,0.06338199513381991,0.07877870749510413,0.10620437956204373,0.13301516002245928,0.2135036496350364,0.0492700729927007
EU Power Grid — Paris,seamless,1.0,79,0.10956897011028814,0.02904057222015021,0.0766307127249058,0.11273317112733164,0.18077858880778583,0.30464025026068814,0.2591240875912409,0.0766423357664233
EU Power Grid — Paris,seamless,1.0,80,0.07500399595076981,0.026816159624913388,0.04968676360710383,0.08098591549295771,0.15566369288997026,0.16961678832116778,0.22992700729927,0.0510948905109489
EU Power Grid — Paris,seamless,1.0,81,0.08115443017742012,0.021444935798390935,0.05053223844282237,0.07570711678832111,0.14224452554744518,0.19912408759124087,0.2171532846715328,0.0510948905109489
EU Power Grid — Paris,seamless,1.0,82,0.06432148755927318,0.027105866055730145,0.041346523242412565,0.04868352450469235,0.14052615571776148,0.21770072992700726,0.1806569343065693,0.0456204379562043
EU Power Grid — Paris,seamless,1.0,83,0.09036176674303364,0.028607677553412512,0.07015409570154091,0.10018080760731263,0.16216545012165448,0.2531386861313868,0.1952554744525547,0.1003649635036496
EU Power Grid — Paris,seamless,1.0,84,0.06465781341573865,0.027169135276253364,0.036057296525986486,0.048309642719938484,0.11629197080291968,0.23003649635036488,0.2281021897810219,0.0364963503649635
EU Power Grid — Paris,seamless,1.0,85,0.08915299163514295,0.025860461399115527,0.06810039854910208,0.09352189781021894,0.14766423357664224,0.294014598540146,0.2208029197080291,0.0693430656934306
EU Power Grid — Paris,seamless,1.0,86,0.10409451755554361,0.028487799030315893,0.07055277618305582,0.12144862436833234,0.16017335766423355,0.2970802919708028,0.1514598540145985,0.0711678832116788
EU Power Grid — Paris,seamless,1.0,87,0.08768780968618459,0.021295087644520164,0.07605050305780227,0.08918143899895717,0.13629359286293588,0.20114702815432733,0.1441605839416058,0.0583941605839416
EU Power Grid — Paris,seamless,1.0,88,0.06573339016463309,0.03212411423091262,0.04257907542579073,0.06249999999999995,0.11992271361099177,0.26058394160583936,0.1806569343065693,0.0072992700729927
EU Power Grid — Paris,seamless,1.0,89,0.07155082849379288,0.022776919388353106,0.052961181154611736,0.06483734342615119,0.08907716371220013,0.22361835245046918,0.1441605839416058,0.0656934306569343
EU Power Grid — Paris,seamless,1.0,90,0.08993886195322065,0.031351563748734566,0.07700729927007295,0.0907542579075425,0.19728165114523027,0.21569343065693422,0.2518248175182481,0.0784671532846715
EU Power Grid — Paris,seamless,1.0,91,0.08893321434279922,0.02191113005487768,0.06788939750092779,0.09561414548200349,0.17773722627737223,0.3504379562043795,0.0985401459854014,0.072992700729927
EU Power Grid — Paris,seamless,1.0,92,0.06780462464702428,0.027731898343012387,0.030266800906116234,0.08118989688332749,0.13576642335766417,0.244662408759124,0.1970802919708029,0.010948905109489
EU Power Grid — Paris,seamless,1.0,93,0.07890670786935898,0.024265411050135802,0.05775469461600847,0.07951993262212238,0.11958108536972382,0.1808394160583941,0.1970802919708029,0.0583941605839416
EU Power Grid — Paris,seamless,1.0,94,0.08086805370557827,0.024125552773189785,0.04651059284315464,0.08546228710462282,0.1328287663036975,0.17674967797337912,0.1423357664233576,0.0474452554744525
EU Power Grid — Paris,seamless,1.0,95,0.09091120997389304,0.024854813788694086,0.06200729927007294,0.0748175182481751,0.1726277372262773,0.2733576642335766,0.2007299270072992,0.0748175182481751
EU Power Grid — Paris,seamless,1.0,96,0.0739683787095742,0.0265797325376951,0.04006150310894831,0.06924261702270135,0.13194504079003863,0.18890510948905107,0.3923357664233576,0.0401459854014598
EU Power Grid — Paris,seamless,1.0,97,0.06983589962171657,0.021185198998348302,0.056265206812652034,0.0638686131386861,0.14479318734793184,0.1691345151199165,0.2171532846715328,0.0638686131386861
EU Power Grid — Paris,seamless,1.0,98,0.08474412595236817,0.038737412755074814,0.04470802919708024,0.07593595479161755,0.1857664233576642,0.36147028154327426,0.2116788321167883,0.0237226277372262
EU Power Grid — Paris,seamless,1.0,99,0.0835286909265277,0.02608689860940909,0.05891553701772676,0.09083536090835355,0.1844434306569343,0.22591240875912402,0.1131386861313868,0.0328467153284671
EU Power Grid — Paris,seamless,1.0,100,0.07584980553039578,0.02348953060898286,0.05926689939701678,0.08804744525547442,0.11145072992700722,0.22173560421735594,0.1532846715328467,0.0602189781021897
EU Power Grid — Paris,seamless,2.0,1,0.07011561617560862,0.01604374234109431,0.048944212721584945,0.08526459854014594,0.11545012165450118,0.16270072992700726,0.1423357664233576,0.0857664233576642
EU Power Grid — Paris,seamless,2.0,2,0.07305263999147521,0.019170573818530517,0.039297233067390865,0.08873826903023978,0.16828727841501562,0.19975669099756688,0.1715328467153284,0.0383211678832116
EU Power Grid — Paris,seamless,2.0,3,0.0571620757632265,0.019163913900580715,0.032441200324411945,0.0577983018024728,0.11239802490339194,0.13111313868613136,0.3905109489051094,0.0328467153284671
EU Power Grid — Paris,seamless,2.0,4,0.06691885555969943,0.018331424156854334,0.049487961651596,0.05233315954118868,0.12395675526786942,0.19124087591240865,0.2335766423357664,0.0510948905109489
EU Power Grid — Paris,seamless,2.0,5,0.06150767222547809,0.016949491182268586,0.04412003244120031,0.07395189968182665,0.1104686899731079,0.1331732616212063,0.1843065693430657,0.0310218978102189
EU Power Grid — Paris,seamless,2.0,6,0.0550775214449357,0.017988438382439072,0.038523925385239174,0.07458941605839409,0.08204975420825256,0.15930656934306567,0.1916058394160583,0.0200729927007299
EU Power Grid — Paris,seamless,2.0,7,0.057728168788960435,0.022167536895945392,0.046284007962840004,0.0661585802204093,0.10541605839416052,0.16041362530413622,0.1587591240875912,0.0145985401459854
EU Power Grid — Paris,seamless,2.0,8,0.05782140764025779,0.018857557674889405,0.0494426908660485,0.0602189781021897,0.09763734152900491,0.14288321167883206,0.1222627737226277,0.0054744525547445
EU Power Grid — Paris,seamless,2.0,9,0.05337258244978414,0.017941818956790402,0.030244106736867248,0.056290981071384354,0.08141119221411186,0.15340632603406323,0.3102189781021898,0.0310218978102189
EU Power Grid — Paris,seamless,2.0,10,0.05272990036762739,0.019849885449411225,0.03588807785888076,0.047415340433169736,0.07066605839416054,0.15656934306569337,0.2135036496350364,0.0474452554744525
EU Power Grid — Paris,seamless,2.0,11,0.0640284511694815,0.020189541264851566,0.030959829187149235,0.06826964362387283,0.14240875912408751,0.17017726798748686,0.2645985401459854,0.0310218978102189
EU Power Grid — Paris,seamless,2.0,12,0.05511748095263458,0.02224079599339333,0.024549878345498717,0.05520072992700723,0.13652068126520678,0.21393497013934962,0.2718978102189781,0.0255474452554744
EU Power Grid — Paris,seamless,2.0,13,0.0683840375086578,0.017488944536203255,0.05142667551426674,0.09428223844282235,0.1216411952554744,0.18759124087591234,0.2171532846715328,0.052919708029197
EU Power Grid — Paris,seamless,2.0,14,0.07128110181682552,0.0162202301667643,0.052159367396593624,0.08694528777210772,0.10720464990537978,0.15941605839416056,0.1532846715328467,0.0875912408759124
EU Power Grid — Paris,seamless,2.0,15,0.06002584048164518,0.015674116894879814,0.04848800834202289,0.07302528675703858,0.10119916579770591,0.12846715328467145,0.1295620437956204,0.0182481751824817
EU Power Grid — Paris,seamless,2.0,16,0.053635649208801664,0.017445655069529498,0.04249973553369298,0.04796663190823769,0.06649635036496344,0.0930095451993262,0.2153284671532846,0.0437956204379562
EU Power Grid — Paris,seamless,2.0,17,0.055303958655229295,0.020369359049496463,0.03590256053759702,0.04349461961020392,0.10425790754257899,0.1828061638280616,0.2208029197080291,0.0364963503649635
EU Power Grid — Paris,seamless,2.0,18,0.05326269380361224,0.017096009377164427,0.04284354173278322,0.05274311278549557,0.07080291970802914,0.16635492700729923,0.1240875912408759,0.052919708029197
EU Power Grid — Paris,seamless,2.0,19,0.06129455485108415,0.017309126751558383,0.05842223469960695,0.06148766075773369,0.08738269030239831,0.13791058394160582,0.1751824817518248,0.0182481751824817
EU Power Grid — Paris,seamless,2.0,20,0.06400847141563208,0.01638006819755976,0.048469253794045014,0.06000429368827816,0.12485401459854009,0.1545985401459854,0.2153284671532846,0.0492700729927007
EU Power Grid — Paris,seamless,2.0,21,0.06584660876977987,0.016663114710426728,0.044613642084067415,0.07926551094890509,0.1102660701671768,0.15908353609083534,0.1295620437956204,0.0200729927007299
EU Power Grid — Paris,seamless,2.0,22,0.05568690393734341,0.01995644413660819,0.03567672893727575,0.07128953771289534,0.10182481751824815,0.12889294403892937,0.1934306569343065,0.0364963503649635
EU Power Grid — Paris,seamless,2.0,23,0.07268301454526072,0.01587724439234904,0.053701772679874804,0.09078467153284665,0.13310903284671532,0.20917883211678828,0.1113138686131386,0.0237226277372262
EU Power Grid — Paris,seamless,2.0,24,0.04979953646971061,0.017122649048963663,0.033092758139916294,0.047874624302275605,0.07802615571776152,0.16946472019464712,0.125912408759124,0.0346715328467153
EU Power Grid — Paris,seamless,2.0,25,0.049140204592679336,0.018684399808194307,0.028205644002528864,0.0493613138686131,0.10856100104275285,0.16843065693430653,0.2208029197080291,0.0291970802919708
EU Power Grid — Paris,seamless,2.0,26,0.0643847567797964,0.022487212957536317,0.034778875053671075,0.09379562043795617,0.11054339010543385,0.22250608272506073,0.1989051094890511,0.0273722627737226
EU Power Grid — Paris,seamless,2.0,27,0.0643447972720975,0.022330704885715775,0.04660460920200108,0.058150851581508504,0.11245169600686984,0.15813347236704897,0.3211678832116788,0.0474452554744525
EU Power Grid — Paris,seamless,2.0,28,0.06380867387713775,0.01571740636155357,0.04096400704757106,0.0626768955757485,0.1533576642335766,0.1708029197080291,0.1715328467153284,0.0364963503649635
EU Power Grid — Paris,seamless,2.0,29,0.06931975598060625,0.02011628216740365,0.05717761557177612,0.06823230720406213,0.14914841849148408,0.18654848800834195,0.2153284671532846,0.0675182481751824
EU Power Grid — Paris,seamless,2.0,30,0.06243340082050181,0.02004968298790553,0.046131386861313795,0.06483469300128808,0.1168613138686131,0.14717153284671525,0.1897810218978102,0.0364963503649635
EU Power Grid — Paris,seamless,2.0,31,0.05960293569183219,0.019959774095583097,0.029511704002013573,0.05824209245742091,0.15174661105318035,0.16642335766423355,0.1970802919708029,0.0200729927007299
EU Power Grid — Paris,seamless,2.0,32,0.06507072832862691,0.015147983376844752,0.041830432341381216,0.08258602711157448,0.1138077858880778,0.13562043795620432,0.1204379562043795,0.083941605839416
EU Power Grid — Paris,seamless,2.0,33,0.06394853215408376,0.01729580691565875,0.049635036496350336,0.07609489051094885,0.09946776155717756,0.14388686131386857,0.2208029197080291,0.0328467153284671
EU Power Grid — Paris,seamless,2.0,34,0.062010496030688825,0.016699744259150676,0.042391914654688355,0.07158899494665916,0.11124946328896514,0.1532499131039277,0.1368613138686131,0.0510948905109489
EU Power Grid — Paris,seamless,2.0,35,0.055010922265437606,0.01704938995151575,0.03955943691345145,0.055465965031403795,0.08181474955952672,0.12390510948905108,0.1788321167883211,0.0401459854014598
EU Power Grid — Paris,seamless,2.0,36,0.07154749853481795,0.016896211838670103,0.054326338199513324,0.07927221983683982,0.11416058394160579,0.22978102189781013,0.0875912408759124,0.0127737226277372
EU Power Grid — Paris,seamless,2.0,37,0.05410850338323823,0.020302759869998365,0.028955560326320302,0.06970802919708022,0.12298092771368022,0.13467153284671526,0.2025547445255474,0.0328467153284671
EU Power Grid — Paris,seamless,2.0,38,0.0683840375086578,0.01826815493633114,0.055839416058394126,0.08102189781021892,0.14964963503649628,0.16466489714664892,0.156934306569343,0.0620437956204379
EU Power Grid — Paris,seamless,2.0,39,0.07080491768341404,0.016766343438648787,0.06079116664604719,0.0669567658618753,0.13053527980535276,0.15218978102189776,0.2098540145985401,0.0620437956204379
EU Power Grid — Paris,seamless,2.0,40,0.05516410037828325,0.01965341786989179,0.036697080291970795,0.04990875912408757,0.12132429614181434,0.17950121654501208,0.1295620437956204,0.0182481751824817
EU Power Grid — Paris,seamless,2.0,41,0.07632265970483233,0.01468844903830779,0.06951685783802566,0.096759299973617,0.136970802919708,0.2008211678832116,0.0967153284671532,0.0985401459854014
EU Power Grid — Paris,seamless,2.0,42,0.06981924982684207,0.021951089562576534,0.06479761114797608,0.07400648824006484,0.1165918023582257,0.186699107866991,0.1952554744525547,0.0072992700729927
EU Power Grid — Paris,seamless,2.0,43,0.07042863231924974,0.014332143427992921,0.0556803294029571,0.06720088860679142,0.12131386861313863,0.1989963503649635,0.0638686131386861,0.0565693430656934
EU Power Grid — Paris,seamless,2.0,44,0.0584973893121636,0.017788640843944752,0.04868352450469235,0.0510948905109489,0.06562146602241183,0.12919708029197072,0.1861313868613138,0.0510948905109489
EU Power Grid — Paris,seamless,2.0,45,0.059336538973839746,0.01533113112046454,0.049999999999999975,0.07074677147669844,0.12664233576642325,0.1662773722627737,0.1733576642335766,0.0602189781021897
EU Power Grid — Paris,seamless,2.0,46,0.060741781661249855,0.01693950130534386,0.04396320572024429,0.0698644421272158,0.16807438303788666,0.1835310218978102,0.1624087591240876,0.0456204379562043
EU Power Grid — Paris,seamless,2.0,47,0.06538374447226801,0.01784525014651814,0.04574209245742085,0.06546532846715326,0.11094890510948899,0.19056709713644016,0.1295620437956204,0.0401459854014598
EU Power Grid — Paris,seamless,2.0,48,0.05137127710586595,0.024665006127124463,0.02633104336625157,0.05588503649635032,0.09857664233576635,0.21600973236009727,0.2937956204379562,0.0273722627737226
EU Power Grid — Paris,seamless,2.0,49,0.0488738078746869,0.027958335553305933,0.019654456572691322,0.06171201061712004,0.10638686131386856,0.1518248175182481,0.3740875912408759,0.0200729927007299
EU Power Grid — Paris,seamless,2.0,50,0.055140790665458905,0.021048670680377173,0.03686131386861312,0.0658074817518248,0.10316301703163011,0.1736496350364963,0.187956204379562,0.0401459854014598
EU Power Grid — Paris,seamless,2.0,51,0.06259323885129725,0.01742900527465497,0.04116898916168985,0.06349429159648133,0.11396323330629896,0.24140308191403076,0.1405109489051094,0.0328467153284671
EU Power Grid — Paris,seamless,2.0,52,0.053042916511268495,0.018507911982524338,0.027277875660709765,0.07411566535654122,0.10267639902676395,0.13405109489051092,0.1934306569343065,0.0273722627737226
EU Power Grid — Paris,seamless,2.0,53,0.07324244765304481,0.02149155522403959,0.06170586645039194,0.06739923833703579,0.1723670490093847,0.20895121014214363,0.1934306569343065,0.0675182481751824
EU Power Grid — Paris,seamless,2.0,54,0.053009616921519453,0.018168256167083976,0.041847504438745284,0.06428972487366645,0.09315328467153282,0.12125912408759118,0.1660583941605839,0.0456204379562043
EU Power Grid — Paris,seamless,2.0,55,0.060009190686770644,0.014971495551174756,0.0462721584984358,0.0597473960469121,0.08368398454272213,0.11281934306569337,0.125912408759124,0.0602189781021897
EU Power Grid — Paris,seamless,2.0,56,0.05658932281954277,0.018641110341520547,0.037408759124087546,0.062237925143655795,0.10568300312825854,0.14817518248175174,0.1441605839416058,0.041970802919708
EU Power Grid — Paris,seamless,2.0,57,0.057298604081197614,0.016743033725824443,0.040551500405514945,0.061111551888289366,0.08680428832116786,0.1479927007299269,0.1624087591240876,0.0620437956204379
EU Power Grid — Paris,seamless,2.0,58,0.05936650860461391,0.023412941552560025,0.04910418049104177,0.07208029197080287,0.12790567097136432,0.14924726277372255,0.1916058394160583,0.0091240875912408
EU Power Grid — Paris,seamless,2.0,59,0.07938289200277043,0.01719590814641159,0.06735235567352348,0.09090294674236274,0.17601378751013785,0.2374522071602363,0.1405109489051094,0.0912408759124087
EU Power Grid — Paris,seamless,2.0,60,0.06626951355959286,0.018194895838883215,0.03630918959386112,0.08114072313698859,0.10200729927007297,0.14878345498783443,0.1678832116788321,0.0346715328467153
EU Power Grid — Paris,seamless,2.0,61,0.055673584101443796,0.018611140710746394,0.0332655259064257,0.05548796972154632,0.1373700508737005,0.13999999999999993,0.2627737226277372,0.0273722627737226
EU Power Grid — Paris,seamless,2.0,62,0.05985934253289992,0.018834247962065054,0.03560914626769366,0.07427007299270068,0.11384344324188266,0.15018248175182475,0.3284671532846715,0.0364963503649635
EU Power Grid — Paris,seamless,2.0,63,0.06498414939527936,0.01828480473120566,0.048471715328467106,0.058068300312825845,0.12236704900938473,0.19562043795620435,0.2025547445255474,0.0583941605839416
EU Power Grid — Paris,seamless,2.0,64,0.06652259044168568,0.015610847674356604,0.0561224489795918,0.06931541694315412,0.10693430656934301,0.1543795620437956,0.1058394160583941,0.0766423357664233
EU Power Grid — Paris,seamless,2.0,65,0.058061164686450964,0.019024055623634663,0.05602189781021894,0.06837479517354379,0.11211678832116781,0.15018248175182475,0.1970802919708029,0.0091240875912408
EU Power Grid — Paris,seamless,2.0,66,0.0661163354467472,0.017522244125952328,0.045978245312723556,0.08793882516510251,0.14197080291970796,0.1858880778588807,0.2737226277372263,0.0474452554744525
EU Power Grid — Paris,seamless,2.0,67,0.05351244072673015,0.01769207203367249,0.047503494331417866,0.05038929440389293,0.09504692387904065,0.15060827250608264,0.1697080291970802,0.0492700729927007
EU Power Grid — Paris,seamless,2.0,68,0.05270326069582814,0.019377031274974647,0.028876233255795292,0.05465212972373643,0.1067746350364963,0.16875506893755063,0.1313868613138686,0.0237226277372262
EU Power Grid — Paris,seamless,2.0,69,0.05544714689115022,0.019450290372422567,0.039140473707731195,0.05736274198667088,0.11322627737226272,0.15620437956204375,0.1697080291970802,0.0401459854014598
EU Power Grid — Paris,seamless,2.0,70,0.06619292450317005,0.016786323192498225,0.052339859471996666,0.05627389641988179,0.09197080291970797,0.1631995133819951,0.1806569343065693,0.052919708029197
EU Power Grid — Paris,seamless,2.0,71,0.052303665618839514,0.015294501571740568,0.03605247583349772,0.050910358402362,0.06317923763179233,0.11094890510948896,0.2791970802919707,0.0364963503649635
EU Power Grid — Paris,seamless,2.0,72,0.046669375033299515,0.016256859715488264,0.0330662422479556,0.0354163563235513,0.09145715058123811,0.17545620437956203,0.1970802919708029,0.0346715328467153
EU Power Grid — Paris,seamless,2.0,73,0.052953007618946044,0.022330704885715754,0.040630120661403195,0.05391819308635168,0.08562043795620433,0.11113138686131378,0.2317518248175182,0.041970802919708
EU Power Grid — Paris,seamless,2.0,74,0.06346568810272249,0.02086219297778246,0.050328078894238217,0.07694026515715771,0.0923357664233576,0.1411566535654126,0.2700729927007299,0.0510948905109489
EU Power Grid — Paris,seamless,2.0,75,0.05337924236773394,0.020369359049496473,0.03395464025026065,0.06281213983864767,0.0907812922411462,0.12529197080291965,0.2408759124087591,0.0182481751824817
EU Power Grid — Paris,seamless,2.0,76,0.0629828440513612,0.021538174649688258,0.04222204591135087,0.07309223623092236,0.11987910583941598,0.1683576642335766,0.2354014598540146,0.0437956204379562
EU Power Grid — Paris,seamless,2.0,77,0.05934319889178956,0.016812962864297468,0.04158949776664121,0.056035670017903834,0.11356447688564471,0.1452554744525547,0.1897810218978102,0.0565693430656934
EU Power Grid — Paris,seamless,2.0,78,0.0726197453247375,0.017978448505514364,0.04791835631251685,0.09181713407606602,0.10024113660062561,0.1507299270072992,0.1587591240875912,0.0474452554744525
EU Power Grid — Paris,seamless,2.0,79,0.0561664180297298,0.020096302413554215,0.04618192026951144,0.05253815527538149,0.09389989572471322,0.17604275286757037,0.1605839416058394,0.052919708029197
EU Power Grid — Paris,seamless,2.0,80,0.05963290532260633,0.018741009110767707,0.03309555408095549,0.05617016423357661,0.1300729927007299,0.1313229927007299,0.2737226277372263,0.0328467153284671
EU Power Grid — Paris,seamless,2.0,81,0.04933001225424895,0.01841800309020188,0.02550942822384423,0.04510665438310532,0.08157727705490314,0.1348540145985401,0.1861313868613138,0.0456204379562043
EU Power Grid — Paris,seamless,2.0,82,0.04750519473600077,0.01778531088496986,0.02422602567329467,0.03443498242768313,0.11202641640597838,0.13642335766423352,0.3175182481751825,0.0182481751824817
EU Power Grid — Paris,seamless,2.0,83,0.057085486706803676,0.01954019926474501,0.038820410411788936,0.06812652068126514,0.11498957247132426,0.1619221411192214,0.1916058394160583,0.0401459854014598
EU Power Grid — Paris,seamless,2.0,84,0.06272310725131856,0.018667750013319787,0.053251493032514856,0.06261405109489046,0.1212408759124087,0.14593326381647548,0.2317518248175182,0.0547445255474452
EU Power Grid — Paris,seamless,2.0,85,0.04724212797698323,0.019630108157067457,0.038713601758103684,0.046019616788321095,0.08477580813347231,0.1315237226277372,0.1934306569343065,0.0072992700729927
EU Power Grid — Paris,seamless,2.0,86,0.046239810325536694,0.01855453140817301,0.030205532078371063,0.04814957100781145,0.07250608272506079,0.11733576642335761,0.1970802919708029,0.0127737226277372
EU Power Grid — Paris,seamless,2.0,87,0.053026266716393954,0.025447546486227244,0.03050052137643372,0.06616947000952075,0.12593387720051513,0.1616301703163017,0.2864963503649635,0.0164233576642335
EU Power Grid — Paris,seamless,2.0,88,0.070102296339709,0.020925462198305662,0.04518595759471666,0.07588923647317801,0.13346556648682958,0.16177007299270071,0.3047445255474452,0.0456204379562043
EU Power Grid — Paris,seamless,2.0,89,0.05500426234748778,0.02033605945974741,0.03387071364805962,0.0399527694289394,0.10104622871046226,0.15057351407716366,0.2445255474452554,0.0346715328467153
EU Power Grid — Paris,seamless,2.0,90,0.0613278544408332,0.015287841653790782,0.05714996682149965,0.08087127795156988,0.08519656806249196,0.1325912408759124,0.0948905109489051,0.0036496350364963
EU Power Grid — Paris,seamless,2.0,91,0.07819742660770411,0.015734056156428106,0.04012717284972528,0.11382299270072987,0.16156358048405683,0.1881508515815085,0.145985401459854,0.0401459854014598
EU Power Grid — Paris,seamless,2.0,92,0.06425488837977507,0.01723919761308536,0.042687695516162645,0.06926086670612212,0.1069717387235635,0.14522740033688936,0.1934306569343065,0.0693430656934306
EU Power Grid — Paris,seamless,2.0,93,0.05670254142468956,0.0217979114497309,0.032367573298536005,0.05457344890510943,0.1316230141691713,0.18133472367049006,0.3047445255474452,0.0328467153284671
EU Power Grid — Paris,seamless,2.0,94,0.06970603122169525,0.013363125366295431,0.05098754830399312,0.08171127331711266,0.11615875912408756,0.13467153284671526,0.1076642335766423,0.0510948905109489
EU Power Grid — Paris,seamless,2.0,95,0.05549376631679889,0.018118306782460385,0.03512450173422372,0.04121333149703894,0.09411496350364962,0.1644525547445255,0.145985401459854,0.0364963503649635
EU Power Grid — Paris,seamless,2.0,96,0.06470443284138731,0.019017395705684857,0.0415797705943691,0.06637773722627734,0.14251824817518238,0.17434827945776848,0.1003649635036496,0.0273722627737226
EU Power Grid — Paris,seamless,2.0,97,0.06428818796952412,0.02025614044434968,0.048518677544010264,0.06562186918563044,0.10681265206812647,0.18516684045881124,0.1806569343065693,0.0656934306569343
EU Power Grid — Paris,seamless,2.0,98,0.05319609462411413,0.019903164793009704,0.03426601784266014,0.04007686352576858,0.09639598540145977,0.15839416058394154,0.2317518248175182,0.0401459854014598
EU Power Grid — Paris,seamless,2.0,99,0.053648969044701296,0.020166231552027233,0.03695255474452552,0.0574817518248175,0.10298227320125125,0.11810218978102181,0.3120437956204379,0.0273722627737226
EU Power Grid — Paris,seamless,2.0,100,0.05931322926101542,0.019756646598113863,0.05137875101378749,0.05991484184914835,0.09459854014598539,0.15583941605839413,0.1934306569343065,0.0273722627737226
EU Power Grid — Paris,seamless,3.0,1,0.047961399115562804,0.014328813469018015,0.03212367442501027,0.0547445255474452,0.06012071869736096,0.09598540145985393,0.187956204379562,0.0328467153284671
EU Power Grid — Paris,seamless,3.0,2,0.05094837231605298,0.017165938515637445,0.0437956204379562,0.0502737226277372,0.10139349701393494,0.11284130846174635,0.1843065693430657,0.0036496350364963
EU Power Grid — Paris,seamless,3.0,3,0.05340921199850808,0.016696414300175776,0.04592057241644249,0.05607166556071662,0.10126333520494102,0.10318039624608961,0.25,0.0474452554744525
EU Power Grid — Paris,seamless,3.0,4,0.04471135915605511,0.013449704299642982,0.02523008568708341,0.05352798053527971,0.06685953355883918,0.10836374695863744,0.1295620437956204,0.0182481751824817
EU Power Grid — Paris,seamless,3.0,5,0.05454805796792575,0.01504475464862268,0.030908730832343047,0.06261011829851493,0.0818139462649479,0.14171813587871976,0.1642335766423357,0.0310218978102189
EU Power Grid — Paris,seamless,3.0,6,0.04597008364856937,0.014804997602429485,0.03062519834973018,0.045127244032353464,0.07988138686131384,0.1233908427339084,0.125912408759124,0.0456204379562043
EU Power Grid — Paris,seamless,3.0,7,0.06005581011241933,0.013769380361233898,0.050152729292288145,0.054080955540809494,0.08544569785445694,0.11199165797705936,0.1697080291970802,0.0510948905109489
EU Power Grid — Paris,seamless,3.0,8,0.051670973413607456,0.015161303212744368,0.042214968643980645,0.047123228853585164,0.08540145985401455,0.1220662549129702,0.25,0.0437956204379562
EU Power Grid — Paris,seamless,3.0,9,0.05306955618306774,0.015391070382012845,0.030821368412609216,0.07372262773722622,0.097380850150279,0.13545359749739305,0.1514598540145985,0.0310218978102189
EU Power Grid — Paris,seamless,3.0,10,0.04193417337098399,0.017888539613191916,0.026128069011280647,0.03198797767282088,0.09311783107403541,0.11614529023288145,0.2208029197080291,0.0237226277372262
EU Power Grid — Paris,seamless,3.0,11,0.052370264798337604,0.013789360115083327,0.03544708029197079,0.06346607986260193,0.09386861313868611,0.10493774151996557,0.1441605839416058,0.0364963503649635
EU Power Grid — Paris,seamless,3.0,12,0.043908839043102915,0.015081384197346632,0.028696149992843843,0.057051370334664626,0.07019464720194643,0.1301459854014598,0.1934306569343065,0.0145985401459854
EU Power Grid — Paris,seamless,3.0,13,0.05515744046033345,0.014395412648516119,0.04757770190722858,0.06609894566098942,0.09501216545012163,0.12645985401459844,0.2171532846715328,0.0492700729927007
EU Power Grid — Paris,seamless,3.0,14,0.044761308540678675,0.013526293356065805,0.032013646461440746,0.0405556383137196,0.06719170188244326,0.10623479318734787,0.1642335766423357,0.0401459854014598
EU Power Grid — Paris,seamless,3.0,15,0.047215488305183996,0.013509643561191281,0.04033607055961065,0.052973379132674886,0.06885644768856441,0.1139646561659623,0.25,0.041970802919708
EU Power Grid — Paris,seamless,3.0,16,0.05198398955724857,0.018154936331184337,0.0288124373837126,0.0640510948905109,0.08933594445433497,0.10927615571776154,0.354014598540146,0.0291970802919708
EU Power Grid — Paris,seamless,3.0,17,0.056925648676008224,0.015257872023016626,0.04268045417680452,0.06330378866875212,0.09805352798053521,0.14077637690776368,0.1587591240875912,0.0437956204379562
EU Power Grid — Paris,seamless,3.0,18,0.048041318130960534,0.014738398422931382,0.03220417394880224,0.0492193836171938,0.06399026763990263,0.15061587591240871,0.1240875912408759,0.0328467153284671
EU Power Grid — Paris,seamless,3.0,19,0.04260349512493996,0.01868106984921941,0.03196008082807532,0.045569748580697414,0.07175182481751823,0.11379562043795614,0.3156934306569343,0.0328467153284671
EU Power Grid — Paris,seamless,3.0,20,0.045983403484468964,0.021488225265064706,0.0181060787363886,0.040311877903118715,0.0747262773722627,0.16619525547445252,0.4434306569343065,0.0182481751824817
EU Power Grid — Paris,seamless,3.0,21,0.0552506793116308,0.014185625233097077,0.04109986728599863,0.05322899913398483,0.07767086927670865,0.11392944038929435,0.1624087591240876,0.0456204379562043
EU Power Grid — Paris,seamless,3.0,22,0.05586339176301339,0.01344970429964298,0.04122060016220596,0.05881911808819115,0.07793374508702972,0.1348945660989456,0.0948905109489051,0.041970802919708
EU Power Grid — Paris,seamless,3.0,23,0.05755501092226535,0.016846262454046503,0.03593635345460162,0.05867252257825063,0.14843200865098666,0.19225466342254655,0.3412408759124087,0.0364963503649635
EU Power Grid — Paris,seamless,3.0,24,0.05066865576216092,0.018704379562043738,0.037220705410374956,0.04872042916190305,0.08274939172749383,0.14066736183524495,0.2171532846715328,0.0383211678832116
EU Power Grid — Paris,seamless,3.0,25,0.04612992167936481,0.014964835633224954,0.03585766423357663,0.055071358535788165,0.07003981420039809,0.09285279805352795,0.1970802919708029,0.0127737226277372
EU Power Grid — Paris,seamless,3.0,26,0.059636235281581254,0.01492487612552608,0.0346715328467153,0.07252678987420405,0.11560533601812228,0.17208029197080285,0.1806569343065693,0.0145985401459854
EU Power Grid — Paris,seamless,3.0,27,0.052570062336831924,0.01383597954073201,0.033588807785888034,0.06592153284671531,0.08835892272841678,0.1812408759124087,0.2591240875912409,0.0346715328467153
EU Power Grid — Paris,seamless,3.0,28,0.05397863498321691,0.017438995151579678,0.03947012706136787,0.06643204727146329,0.0927098540145985,0.11827624929814702,0.1970802919708029,0.0127737226277372
EU Power Grid — Paris,seamless,3.0,29,0.05309286589589207,0.01332982577654637,0.04359286293592862,0.05319343065693423,0.09350364963503646,0.11178832116788313,0.218978102189781,0.0510948905109489
EU Power Grid — Paris,seamless,3.0,30,0.049093585167030634,0.013539613191965423,0.03972019464720188,0.05625198349730241,0.07773722627737223,0.10375912408759116,0.0948905109489051,0.0054744525547445
EU Power Grid — Paris,seamless,3.0,31,0.05322606425488829,0.014102376258724436,0.03873589913735891,0.05809501017111402,0.09673679690854435,0.150948905109489,0.1167883211678832,0.0054744525547445
EU Power Grid — Paris,seamless,3.0,32,0.044225185145718895,0.01590721402312319,0.0298509732360097,0.04551905920519052,0.0791089856531588,0.1355231143552311,0.2025547445255474,0.0310218978102189
EU Power Grid — Paris,seamless,3.0,33,0.04696241142309118,0.016097021684692778,0.02862628429100217,0.03877737226277363,0.0833468505001351,0.11016684045881121,0.3448905109489051,0.0291970802919708
EU Power Grid — Paris,seamless,3.0,34,0.04242367734029508,0.017762001172145513,0.02714816237674475,0.05334549878345492,0.0580089213300892,0.11143552311435515,0.1970802919708029,0.0072992700729927
EU Power Grid — Paris,seamless,3.0,35,0.04911689487985498,0.014781687889605159,0.03223213948035242,0.05451642335766418,0.08040722243565115,0.12129822732012507,0.3503649635036496,0.0328467153284671
EU Power Grid — Paris,seamless,3.0,36,0.04601670307421803,0.01878762853641638,0.03295199326221219,0.051504543423208676,0.09211486746062232,0.12931873479318728,0.1806569343065693,0.0346715328467153
EU Power Grid — Paris,seamless,3.0,37,0.039390084714156226,0.024861473706643884,0.015736598383172387,0.042686417632746505,0.09949817518248169,0.14223149113660055,0.3375912408759124,0.0164233576642335
EU Power Grid — Paris,seamless,3.0,38,0.060089109702168374,0.022060978208748413,0.05336998767655695,0.055935935332086587,0.13106244931062447,0.18120437956204374,0.1642335766423357,0.0565693430656934
EU Power Grid — Paris,seamless,3.0,39,0.0568523895785603,0.013439714422718262,0.03755282366500187,0.07415602189781016,0.08953771289537704,0.15798357664233573,0.083941605839416,0.0328467153284671
EU Power Grid — Paris,seamless,3.0,40,0.04477795833555321,0.019496909798071234,0.023042793759839652,0.04871189351653066,0.10638686131386856,0.14647917561185053,0.1970802919708029,0.0091240875912408
EU Power Grid — Paris,seamless,3.0,41,0.05237359475731251,0.01509137407427135,0.044357102751263304,0.053114355231143474,0.08124999999999995,0.15613138686131384,0.2390510948905109,0.0218978102189781
EU Power Grid — Paris,seamless,3.0,42,0.05885036496350356,0.015983803079546017,0.0480474452554744,0.0560788007220783,0.08206812652068118,0.1363686131386861,0.1605839416058394,0.0565693430656934
EU Power Grid — Paris,seamless,3.0,43,0.04779823112579245,0.016589855612978793,0.028532411659496288,0.05301834681396717,0.07830494728304943,0.11073877460738768,0.2737226277372263,0.0291970802919708
EU Power Grid — Paris,seamless,3.0,44,0.052739890244552085,0.016350098566785605,0.038523925385239174,0.06261827520951603,0.09756690997566901,0.12080291970802913,0.1167883211678832,0.0127737226277372
EU Power Grid — Paris,seamless,3.0,45,0.049906095156907575,0.019596808567318394,0.042253215154674985,0.04506338839800225,0.09248881563456554,0.15243309002433084,0.2518248175182481,0.0182481751824817
EU Power Grid — Paris,seamless,3.0,46,0.041371410304224955,0.01640004795140919,0.03325877089710379,0.0401459854014598,0.06704900938477573,0.11874999999999991,0.2682481751824817,0.0346715328467153
EU Power Grid — Paris,seamless,3.0,47,0.046442937823005924,0.017059379828440458,0.031076779540091026,0.033317635978337604,0.09782942758355735,0.12096512570965119,0.2080291970802919,0.0328467153284671
EU Power Grid — Paris,seamless,3.0,48,0.04916351430550365,0.015267861899941346,0.034172437457108955,0.04056217185299009,0.09701010668163944,0.10620437956204373,0.1970802919708029,0.0346715328467153
EU Power Grid — Paris,seamless,3.0,49,0.04579026586392446,0.015367760669188496,0.033782519183978996,0.05231143552311429,0.07253355309630326,0.12211678832116783,0.1478102189781021,0.0145985401459854
EU Power Grid — Paris,seamless,3.0,50,0.047292077361606816,0.014478661622888751,0.034517322915595734,0.05364963503649628,0.07612530413625299,0.09890510948905103,0.1186131386861313,0.0346715328467153
EU Power Grid — Paris,seamless,3.0,51,0.044714689115030015,0.017162608556662524,0.0328467153284671,0.04312800427274344,0.08478765759787653,0.10394824153948233,0.1970802919708029,0.0145985401459854
EU Power Grid — Paris,seamless,3.0,52,0.0610847674356651,0.014621849858809693,0.05305162254858844,0.0583941605839416,0.11094890510948897,0.1443795620437956,0.1441605839416058,0.0474452554744525
EU Power Grid — Paris,seamless,3.0,53,0.05855066865576208,0.012803692258511317,0.04956098593039244,0.07536496350364956,0.09276831576101646,0.1355231143552311,0.1167883211678832,0.0510948905109489
EU Power Grid — Paris,seamless,3.0,54,0.0540951835473386,0.01348300388939203,0.03366473697457836,0.07547258094703344,0.09280026542800261,0.11249999999999992,0.1405109489051094,0.0766423357664233
EU Power Grid — Paris,seamless,3.0,55,0.04932668229527403,0.02022950077255043,0.030086564207900776,0.048471715328467106,0.09892944038929434,0.10396897810218969,0.3120437956204379,0.0310218978102189
EU Power Grid — Paris,seamless,3.0,56,0.049536469710693073,0.014625179817784597,0.033107403545359695,0.05419327858880772,0.0757755474452554,0.14536777091521616,0.1843065693430657,0.0164233576642335
EU Power Grid — Paris,seamless,3.0,57,0.05316612499333999,0.018611140710746394,0.03905616382806157,0.0663125651720542,0.08430656934306559,0.1439640651319483,0.1970802919708029,0.0127737226277372
EU Power Grid — Paris,seamless,3.0,58,0.047002370930790044,0.022137567265171243,0.019390020062321215,0.05606244931062446,0.09677615571776146,0.15041970802919702,0.3102189781021898,0.0200729927007299
EU Power Grid — Paris,seamless,3.0,59,0.04336938568916822,0.015081384197346644,0.026682392736336085,0.048232103395165024,0.09107866991078663,0.12392791970802917,0.1478102189781021,0.0273722627737226
EU Power Grid — Paris,seamless,3.0,60,0.04940993126964667,0.01907067504928335,0.027199644900374798,0.06768856447688557,0.0914233576642335,0.1630656934306569,0.1843065693430657,0.0036496350364963
EU Power Grid — Paris,seamless,3.0,61,0.052689940859928515,0.01842466300815169,0.04230873208975396,0.04805352798053521,0.097380850150279,0.1360583941605839,0.2007299270072992,0.0474452554744525
EU Power Grid — Paris,seamless,3.0,62,0.050279050562096965,0.018681069849219405,0.0364963503649635,0.04160583941605835,0.11065693430656927,0.13300312825860272,0.2408759124087591,0.0401459854014598
EU Power Grid — Paris,seamless,3.0,63,0.045610448079279574,0.01912062443390692,0.03844192786603685,0.04090632603406321,0.07411366006256512,0.10383211678832108,0.2244525547445255,0.0401459854014598
EU Power Grid — Paris,seamless,3.0,64,0.04671266449997328,0.015580878043582458,0.033804181310264,0.04534671532846708,0.07028265258580521,0.09151459854014593,0.2937956204379562,0.0346715328467153
EU Power Grid — Paris,seamless,3.0,65,0.05320941446001376,0.012174330012254191,0.041033734464391354,0.04533230887437566,0.1322210636079249,0.1770802919708029,0.1605839416058394,0.0456204379562043
EU Power Grid — Paris,seamless,3.0,66,0.050302360274921326,0.016946161223293673,0.04409559044095589,0.06627405441274051,0.0865539761813292,0.10868613138686128,0.1970802919708029,0.0054744525547445
EU Power Grid — Paris,seamless,3.0,67,0.05549376631679888,0.013949198145878803,0.04637183340489474,0.05288321167883204,0.10086678832116784,0.13595850941221663,0.1751824817518248,0.0182481751824817
EU Power Grid — Paris,seamless,3.0,68,0.045903484469071255,0.01593052373594752,0.033725331170586605,0.03646715328467153,0.08795620437956198,0.14184914841849142,0.2098540145985401,0.0364963503649635
EU Power Grid — Paris,seamless,3.0,69,0.04165778677606683,0.01492154616655118,0.024783205440139684,0.039051094890510875,0.0740046449900464,0.10336577453365768,0.1970802919708029,0.0255474452554744
EU Power Grid — Paris,seamless,3.0,70,0.048770579146464835,0.017445655069529494,0.034932221063607896,0.06065828602324945,0.0783907655746053,0.13392013739802489,0.1715328467153284,0.0456204379562043
EU Power Grid — Paris,seamless,3.0,71,0.0521837870957429,0.015943843571847142,0.04117244525547441,0.05368805224740677,0.08057872784150154,0.1389598540145985,0.1332116788321168,0.0547445255474452
EU Power Grid — Paris,seamless,3.0,72,0.05077188449038299,0.013556262986839953,0.0375678028527422,0.05312246553122458,0.07795620437956201,0.12673357664233567,0.1733576642335766,0.0383211678832116
EU Power Grid — Paris,seamless,3.0,73,0.0534158719164579,0.01758551334647552,0.025519371139809042,0.05670971364402018,0.11176642335766415,0.12627737226277364,0.1970802919708029,0.0255474452554744
EU Power Grid — Paris,seamless,3.0,74,0.05147450583408803,0.01482164739730402,0.03617432374409617,0.06581508515815084,0.08558394160583938,0.13771289537712894,0.1295620437956204,0.0036496350364963
EU Power Grid — Paris,seamless,3.0,75,0.0381513399754914,0.0148149874793542,0.02498596294216726,0.03680390387927498,0.07729115977291155,0.09292376317923759,0.1113138686131386,0.0255474452554744
EU Power Grid — Paris,seamless,3.0,76,0.05789799669668059,0.014515291171612717,0.04055150040551495,0.06298385312983848,0.10655196385123387,0.13558394160583936,0.1642335766423357,0.0328467153284671
EU Power Grid — Paris,seamless,3.0,77,0.04553718898183165,0.01476170813575571,0.035236357316649265,0.04655185523114348,0.07856668878566686,0.11472019464720189,0.1788321167883211,0.0273722627737226
EU Power Grid — Paris,seamless,3.0,78,0.04945988065427025,0.017838590228568336,0.03881141736572604,0.05081840300818402,0.08529411764705878,0.11876955161626686,0.2043795620437956,0.0401459854014598
EU Power Grid — Paris,seamless,3.0,79,0.050888433054504675,0.015008125099898711,0.030179674340258235,0.06587233433519392,0.08558394160583938,0.11074983410749828,0.1131386861313868,0.0510948905109489
EU Power Grid — Paris,seamless,3.0,80,0.05582343225531452,0.0168329426181469,0.04990994407052799,0.0646506777893639,0.10262773722627734,0.15238442822384424,0.1478102189781021,0.010948905109489
EU Power Grid — Paris,seamless,3.0,81,0.04514758378176771,0.017655442484948537,0.0254737152547371,0.0437956204379562,0.07652068126520675,0.1037307380373073,0.3357664233576642,0.0255474452554744
EU Power Grid — Paris,seamless,3.0,82,0.05036229953646963,0.018484602269699973,0.04215666396323328,0.046363882130305414,0.08562043795620433,0.12950589556428968,0.1970802919708029,0.0145985401459854
EU Power Grid — Paris,seamless,3.0,83,0.044671399648356244,0.013825989663807296,0.036650995917357404,0.0428992188500448,0.050437956204379526,0.10798864557988642,0.156934306569343,0.0383211678832116
EU Power Grid — Paris,seamless,3.0,84,0.03819462944216519,0.016070382012893552,0.0291970802919708,0.036065029860650286,0.05441605839416052,0.13236009732360093,0.1697080291970802,0.0310218978102189
EU Power Grid — Paris,seamless,3.0,85,0.04513093398689319,0.017235867654110455,0.03881995133819944,0.05150547445255472,0.0727101483400047,0.1262773722627736,0.2682481751824817,0.0401459854014598
EU Power Grid — Paris,seamless,3.0,86,0.04759177366934829,0.01402578720230162,0.041970802919708,0.04742979091921311,0.05812277746584314,0.08742092457420923,0.2025547445255474,0.0474452554744525
EU Power Grid — Paris,seamless,3.0,87,0.05352576056262979,0.020685705152112474,0.042655109489051074,0.05644053241734647,0.10510948905109482,0.14215328467153276,0.25,0.0200729927007299
EU Power Grid — Paris,seamless,3.0,88,0.04480459800735245,0.01807168735681171,0.023466920823841116,0.036757038581856076,0.09366611725924179,0.1665450121654501,0.2627737226277372,0.0237226277372262
EU Power Grid — Paris,seamless,3.0,89,0.05565027438861944,0.013679471468911455,0.04254105839416056,0.05074730622175876,0.09366423357664232,0.13968978102189775,0.1715328467153284,0.0492700729927007
EU Power Grid — Paris,seamless,3.0,90,0.05043555863391753,0.016123661356492035,0.04392234387672343,0.049675587996755845,0.11160062565172046,0.1328102189781022,0.2536496350364963,0.0456204379562043
EU Power Grid — Paris,seamless,3.0,91,0.06448465554904353,0.017185918269486865,0.047879735835940164,0.0647810218978102,0.13269643623872907,0.2026231751824817,0.2645985401459854,0.0492700729927007
EU Power Grid — Paris,seamless,3.0,92,0.049569769300442115,0.018507911982524317,0.027114916713456828,0.039820125130344046,0.1208394160583941,0.15751824817518242,0.2810218978102189,0.0273722627737226
EU Power Grid — Paris,seamless,3.0,93,0.05406188395758956,0.02255714209600933,0.02700003631477645,0.07992700729927005,0.10810218978102186,0.14653284671532843,0.354014598540146,0.0273722627737226
EU Power Grid — Paris,seamless,3.0,94,0.05534724812190303,0.013359795407320523,0.04008306065945124,0.06710462287104617,0.07598083941605832,0.14133211678832108,0.1186131386861313,0.0675182481751824
EU Power Grid — Paris,seamless,3.0,95,0.038441046406308195,0.020082982577654587,0.014515969217557878,0.02546386582715769,0.0705474452554744,0.11211678832116781,0.3923357664233576,0.0145985401459854
EU Power Grid — Paris,seamless,3.0,96,0.04707895998721288,0.01628016942831259,0.0328467153284671,0.04933765882670989,0.08396767466110526,0.16998711893516522,0.1295620437956204,0.0091240875912408
EU Power Grid — Paris,seamless,3.0,97,0.05799123554797795,0.016176940700090528,0.0419201135442011,0.06527231892195394,0.07451696006869894,0.19249391727493909,0.1003649635036496,0.0164233576642335
EU Power Grid — Paris,seamless,3.0,98,0.05190074058287592,0.019749986680164044,0.026979225154407604,0.059292951301884694,0.08714517437145172,0.1865178188063546,0.2354014598540146,0.0273722627737226
EU Power Grid — Paris,seamless,3.0,99,0.054797804891043675,0.014465341786989135,0.043463835434638345,0.051363246028338326,0.07805925289823955,0.1376473891072431,0.1532846715328467,0.0510948905109489
EU Power Grid — Paris,seamless,3.0,100,0.03903044914486643,0.018018408013213246,0.01852361933617954,0.03429022769364851,0.06379562043795617,0.12354014598540143,0.354014598540146,0.0182481751824817
EU Power Grid — Paris,seamless,4.0,1,0.04631306942298461,0.014698438915232518,0.026078301260782966,0.06150310894836436,0.07791341555499619,0.12692040319777537,0.177007299270073,0.0255474452554744
EU Power Grid — Paris,seamless,4.0,2,0.04346928445841537,0.014861606905002878,0.03156345655756998,0.04403892944038928,0.0740120815504656,0.10858737655646197,0.2572992700729927,0.0328467153284671
EU Power Grid — Paris,seamless,4.0,3,0.04054558047844842,0.011924583089136282,0.028565412689500268,0.04442127215849841,0.05912408759124083,0.11573398215733978,0.1021897810218978,0.0291970802919708
EU Power Grid — Paris,seamless,4.0,4,0.04395545846875156,0.014488651499813474,0.02545620437956199,0.04011655286084289,0.07577723709110563,0.10899635036496348,0.2536496350364963,0.0255474452554744
EU Power Grid — Paris,seamless,4.0,5,0.041294821247802135,0.013859289253556336,0.029850746268656685,0.035729097544790964,0.054460665044606595,0.13166058394160582,0.1532846715328467,0.0364963503649635
EU Power Grid — Paris,seamless,4.0,6,0.04818783632585637,0.01193790292503591,0.03908150851581502,0.04462718285133508,0.09330520072992698,0.09486770072992701,0.1222627737226277,0.0401459854014598
EU Power Grid — Paris,seamless,4.0,7,0.047451915392402275,0.012157680217379667,0.03596656463385919,0.0574817518248175,0.0715869153825358,0.11654501216545009,0.1751824817518248,0.0200729927007299
EU Power Grid — Paris,seamless,4.0,8,0.04787482018221526,0.01245071660717135,0.03132872553452612,0.05664233576642333,0.09525547445255472,0.10391032325338886,0.1222627737226277,0.0328467153284671
EU Power Grid — Paris,seamless,4.0,9,0.04594344397677011,0.014312163674143473,0.026748393536714668,0.05173212837446411,0.09746958637469579,0.11191108161911074,0.1970802919708029,0.0273722627737226
EU Power Grid — Paris,seamless,4.0,10,0.044281794448292285,0.015324471202514726,0.03184306569343059,0.041970802919708,0.08500331785003314,0.10704955820207449,0.187956204379562,0.0383211678832116
EU Power Grid — Paris,seamless,4.0,11,0.04109502370930781,0.016263519633438063,0.03005362729033215,0.03877737226277365,0.06620437956204377,0.11228710462287096,0.2427007299270072,0.0310218978102189
EU Power Grid — Paris,seamless,4.0,12,0.04528411209973882,0.01604374234109431,0.03196140781961401,0.04462508294625079,0.10479014598540139,0.126841406768414,0.2974452554744525,0.0328467153284671
EU Power Grid — Paris,seamless,4.0,13,0.046106611966540464,0.013056769140604125,0.04395663374838986,0.05184068549666769,0.062356621480709015,0.07273722627737225,0.1131386861313868,0.052919708029197
EU Power Grid — Paris,seamless,4.0,14,0.04162448718631777,0.013792690074058239,0.02796264491197937,0.04138897704432452,0.06222627737226272,0.10323905109489045,0.145985401459854,0.0200729927007299
EU Power Grid — Paris,seamless,4.0,15,0.0413314507965261,0.012550615376418515,0.03239563684081024,0.03695255474452552,0.07828467153284668,0.09403892944038926,0.1551094890510949,0.0328467153284671
EU Power Grid — Paris,seamless,4.0,16,0.04607331237679142,0.014971495551174755,0.0346715328467153,0.04661772194873529,0.08154906731549061,0.1393165228931652,0.1405109489051094,0.0474452554744525
EU Power Grid — Paris,seamless,4.0,17,0.054454819116628396,0.015640817305130755,0.03617432374409617,0.0675182481751824,0.10006347191367815,0.15791514598540143,0.1222627737226277,0.0054744525547445
EU Power Grid — Paris,seamless,4.0,18,0.04617321114603858,0.016469977089882203,0.02952294056308653,0.0510948905109489,0.0883819951338199,0.12080291970802913,0.2025547445255474,0.0310218978102189
EU Power Grid — Paris,seamless,4.0,19,0.0482677553412541,0.012933560658532635,0.03347460952829444,0.04012165450121649,0.06918665276329504,0.12320125130344106,0.1295620437956204,0.0346715328467153
EU Power Grid — Paris,seamless,4.0,20,0.048444243166924084,0.015297831530715492,0.03268082282680817,0.05847710683477106,0.0924878345498783,0.14445711678832113,0.1441605839416058,0.0474452554744525
EU Power Grid — Paris,seamless,4.0,21,0.05049882785444074,0.012171000053279292,0.04073463621379793,0.054573448905109435,0.08051656372824254,0.09382879893828797,0.1605839416058394,0.0200729927007299
EU Power Grid — Paris,seamless,4.0,22,0.0416477968991421,0.013020139591880168,0.03472768107804601,0.03794835570206414,0.057949361313868596,0.11794668359251025,0.1624087591240876,0.0383211678832116
EU Power Grid — Paris,seamless,4.0,23,0.04437503329958965,0.01161489690447008,0.028236650019208588,0.05054744525547443,0.06163017031630164,0.09287527768962231,0.083941605839416,0.0255474452554744
EU Power Grid — Paris,seamless,4.0,24,0.0488871277105865,0.014352123181842348,0.03782081469272421,0.05689136968656073,0.10233576642335765,0.11771146414770282,0.1970802919708029,0.010948905109489
EU Power Grid — Paris,seamless,4.0,25,0.04152791837604551,0.015034764771697958,0.026600224592925284,0.05233908427339078,0.07292634372926343,0.11051094890510943,0.1970802919708029,0.0091240875912408
EU Power Grid — Paris,seamless,4.0,26,0.04503103521764602,0.01657320581810427,0.03698677007299268,0.05130646355654288,0.07354014598540143,0.11636253041362528,0.2828467153284671,0.0383211678832116
EU Power Grid — Paris,seamless,4.0,27,0.04440500293036381,0.01609702168469279,0.030109489051094847,0.05364963503649628,0.09399026763990266,0.09989265779304418,0.1295620437956204,0.0091240875912408
EU Power Grid — Paris,seamless,4.0,28,0.041511268581171,0.014232244658745754,0.040161066537974244,0.0428832116788321,0.05635036496350362,0.11069343065693425,0.218978102189781,0.041970802919708
EU Power Grid — Paris,seamless,4.0,29,0.04670933454099836,0.014328813469018004,0.03575737467575555,0.044989426291015704,0.10785540493569687,0.14169708029197073,0.2171532846715328,0.0364963503649635
EU Power Grid — Paris,seamless,4.0,30,0.04794807927966318,0.014695108956257603,0.0385870353362014,0.049954379562043766,0.09893828798938283,0.100948905109489,0.2098540145985401,0.0401459854014598
EU Power Grid — Paris,seamless,4.0,31,0.044215195268794194,0.013263226597048275,0.029838232392976886,0.03451110932862755,0.06965188096574952,0.11207697412076967,0.1587591240875912,0.0346715328467153
EU Power Grid — Paris,seamless,4.0,32,0.04734535670520529,0.013319835899621667,0.033752263871357185,0.04785077047850765,0.09308596918085967,0.1413267496779733,0.187956204379562,0.0346715328467153
EU Power Grid — Paris,seamless,4.0,33,0.041314801001651545,0.014811657520379298,0.025131792376317866,0.03282171782821712,0.07265206812652067,0.11953628166595097,0.3193430656934306,0.0255474452554744
EU Power Grid — Paris,seamless,4.0,34,0.039579892375725845,0.014392082689541208,0.02827234168475043,0.04427583557433728,0.06677573621948145,0.06901651940069145,0.260948905109489,0.0291970802919708
EU Power Grid — Paris,seamless,4.0,35,0.04798137886941223,0.012034471735308173,0.0384142708178161,0.05802919708029195,0.07435976741308914,0.08740875912408758,0.1751824817518248,0.0401459854014598
EU Power Grid — Paris,seamless,4.0,36,0.05251678299323342,0.014355453140817246,0.038621961979626133,0.06103000811030001,0.11180764276513518,0.1406934306569342,0.1624087591240876,0.0401459854014598
EU Power Grid — Paris,seamless,4.0,37,0.04701569076668965,0.014019127284351797,0.03369461033694606,0.04496625809117196,0.07422276290889424,0.11624087591240873,0.1624087591240876,0.0346715328467153
EU Power Grid — Paris,seamless,4.0,38,0.04378896052000629,0.013802679950982952,0.03281412930135552,0.04568561001042745,0.05958029197080286,0.07471925884334636,0.2025547445255474,0.0328467153284671
EU Power Grid — Paris,seamless,4.0,39,0.03957323245777603,0.01719923810538649,0.03333550573514073,0.03954513085276832,0.07262773722627736,0.09621350364963496,0.1970802919708029,0.0072992700729927
EU Power Grid — Paris,seamless,4.0,40,0.041224892109329114,0.016819622782247266,0.03154938412408752,0.03389598540145981,0.07915866308106029,0.09403892944038926,0.177007299270073,0.0072992700729927
EU Power Grid — Paris,seamless,4.0,41,0.04883051840801311,0.012344157919974372,0.041026379818158494,0.053808106031502045,0.07737226277372257,0.08534063260340628,0.2062043795620438,0.041970802919708
EU Power Grid — Paris,seamless,4.0,42,0.03707243326762205,0.01865443017742017,0.015848878075155396,0.03397636426833503,0.07118709181713405,0.11384714469729493,0.291970802919708,0.0164233576642335
EU Power Grid — Paris,seamless,4.0,43,0.05289306835739773,0.015497629069209817,0.0437956204379562,0.048422836287799746,0.07814274128142738,0.13193430656934305,0.1952554744525547,0.0474452554744525
EU Power Grid — Paris,seamless,4.0,44,0.044841227556076425,0.015164633171719271,0.03239051094890505,0.04630474452554737,0.08600973236009729,0.11147028154327417,0.1934306569343065,0.0164233576642335
EU Power Grid — Paris,seamless,4.0,45,0.04886048803878726,0.013073418935478672,0.03766423357664228,0.05063868613138685,0.06689259645464019,0.11824817518248167,0.1605839416058394,0.0328467153284671
EU Power Grid — Paris,seamless,4.0,46,0.03523762587244916,0.015903884064148277,0.02238442822384426,0.03768088103470349,0.058485401459853995,0.12618613138686122,0.1970802919708029,0.0054744525547445
EU Power Grid — Paris,seamless,4.0,47,0.04154123821194513,0.016290159305237306,0.034789263009182926,0.04402021336327904,0.05992700729927,0.11938361719383608,0.1843065693430657,0.0091240875912408
EU Power Grid — Paris,seamless,4.0,48,0.043465954499440476,0.01589056422824864,0.030312246553122413,0.04508489368454453,0.07960259529602594,0.1351147028154327,0.1970802919708029,0.0145985401459854
EU Power Grid — Paris,seamless,4.0,49,0.0486340508284937,0.012424076935372102,0.036699107866991064,0.05427719423179627,0.08741505159828844,0.09472830494728304,0.1478102189781021,0.0547445255474452
EU Power Grid — Paris,seamless,4.0,50,0.045990063402418783,0.015157973253769459,0.03869510589924607,0.043080005724917686,0.07087591240875908,0.1375070185289163,0.2335766423357664,0.0200729927007299
EU Power Grid — Paris,seamless,4.0,51,0.03943337418083,0.013945868186903876,0.023779653284671454,0.030535279805352738,0.061618004866179986,0.09628689304982538,0.2208029197080291,0.0237226277372262
EU Power Grid — Paris,seamless,4.0,52,0.03955658266290149,0.015061404443497205,0.03148780866594184,0.036389008158007725,0.049245742092457384,0.1020395019321597,0.2481751824817518,0.0328467153284671
EU Power Grid — Paris,seamless,4.0,53,0.040012787042463534,0.016766343438648783,0.024029197080291897,0.028127359677825304,0.07821167883211676,0.14028044563964648,0.218978102189781,0.0255474452554744
EU Power Grid — Paris,seamless,4.0,54,0.0542183920294101,0.014468671745964029,0.045255474452554685,0.054713332085594805,0.07959245742092455,0.13423357664233573,0.1788321167883211,0.0456204379562043
EU Power Grid — Paris,seamless,4.0,55,0.04011934572966051,0.01497482551014966,0.023294128077070774,0.041970802919708,0.06058394160583929,0.09608967674661098,0.2208029197080291,0.0237226277372262
EU Power Grid — Paris,seamless,4.0,56,0.05102496137247581,0.012827001971335652,0.035109489051094865,0.05860471645143176,0.08073803730738033,0.1863573166492874,0.1332116788321168,0.0510948905109489
EU Power Grid — Paris,seamless,4.0,57,0.044458282273962285,0.01468178912035799,0.03318886861313863,0.047648012976480074,0.06334955393349549,0.12125912408759118,0.1605839416058394,0.0346715328467153
EU Power Grid — Paris,seamless,4.0,58,0.04584687516649785,0.01278038254568698,0.02977333845562809,0.04360684621193052,0.09167883211678826,0.12344890510948903,0.1003649635036496,0.0273722627737226
EU Power Grid — Paris,seamless,4.0,59,0.035896957749480436,0.016313469018061643,0.023066513573361716,0.0334984358706986,0.06348083941605835,0.09693430656934297,0.3211678832116788,0.0237226277372262
EU Power Grid — Paris,seamless,4.0,60,0.05241688422398627,0.013489663807341838,0.043857830126078294,0.05015172640039365,0.0746350364963503,0.12211678832116783,0.156934306569343,0.0456204379562043
EU Power Grid — Paris,seamless,4.0,61,0.047605093505247935,0.014162315520272738,0.04032339821573393,0.05269160583941599,0.07756995133819947,0.11535888077858876,0.1003649635036496,0.0164233576642335
EU Power Grid — Paris,seamless,4.0,62,0.058114444030049464,0.014288853961319141,0.04546836982968363,0.06528067431352101,0.11124087591240868,0.13425790754257905,0.1496350364963503,0.0656934306569343
EU Power Grid — Paris,seamless,4.0,63,0.054031914326815395,0.013656161756087118,0.04438013229927004,0.046746868523024177,0.09603862530413619,0.15238629983155527,0.1751824817518248,0.0456204379562043
EU Power Grid — Paris,seamless,4.0,64,0.04706897011028814,0.017442325110554588,0.03018797582607326,0.056054650945161856,0.07799791449426481,0.12145985401459848,0.3375912408759124,0.0310218978102189
EU Power Grid — Paris,seamless,4.0,65,0.04103508444775951,0.013179977622675634,0.025808133472367,0.03923357664233569,0.059531987977672764,0.11277372262773716,0.2536496350364963,0.0273722627737226
EU Power Grid — Paris,seamless,4.0,66,0.047398636048803795,0.019143934146731253,0.022525547445255447,0.0604512276045122,0.101478102189781,0.1654379562043795,0.25,0.0218978102189781
EU Power Grid — Paris,seamless,4.0,67,0.040086046139911485,0.016363418402685216,0.014419636467725773,0.0435862151489769,0.07385534173855338,0.12103516921035164,0.4416058394160583,0.0145985401459854
EU Power Grid — Paris,seamless,4.0,68,0.04306302946347691,0.015451009643561135,0.031934306569343,0.04395203336809175,0.061989726953230545,0.09076361594609764,0.1733576642335766,0.0437956204379562
EU Power Grid — Paris,seamless,4.0,69,0.04701236080771476,0.014591880228035535,0.036963164148701384,0.06272810218978098,0.06978913219789126,0.10186861313868611,0.2262773722627737,0.0383211678832116
EU Power Grid — Paris,seamless,4.0,70,0.04124820182215346,0.015098033992221168,0.024539450816823013,0.03872173758233925,0.08894681960375384,0.11265206812652061,0.1970802919708029,0.0218978102189781
EU Power Grid — Paris,seamless,4.0,71,0.03977302999627034,0.012846981725185093,0.027261667772616648,0.04121417126580021,0.05425790754257901,0.11934306569343058,0.1496350364963503,0.0328467153284671
EU Power Grid — Paris,seamless,4.0,72,0.04478794821247794,0.015943843571847135,0.033268874605076756,0.03991788321167877,0.07372262773722624,0.12382907542579073,0.22992700729927,0.0346715328467153
EU Power Grid — Paris,seamless,4.0,73,0.0431795780275986,0.015008125099898708,0.026568474104970416,0.041681502581449134,0.08254061690605125,0.08868613138686125,0.1970802919708029,0.0218978102189781
EU Power Grid — Paris,seamless,4.0,74,0.044271804571367604,0.020142921839202882,0.02832349743749028,0.04146987262058104,0.10626324464327755,0.11760948905109483,0.302919708029197,0.0291970802919708
EU Power Grid — Paris,seamless,4.0,75,0.04001278704246355,0.015324471202514732,0.02335766423357658,0.038040426726558045,0.07777372262773719,0.10939781021897808,0.1478102189781021,0.0383211678832116
EU Power Grid — Paris,seamless,4.0,76,0.047398636048803795,0.014991475305024184,0.032349037823490315,0.050958029197080285,0.08646317186463169,0.10350364963503642,0.2171532846715328,0.0510948905109489
EU Power Grid — Paris,seamless,4.0,77,0.04276999307368524,0.01366282167403692,0.024550913702955878,0.05482386543954295,0.08023114355231142,0.10002027575020271,0.2408759124087591,0.0255474452554744
EU Power Grid — Paris,seamless,4.0,78,0.042087351483829624,0.015337791038414358,0.029614181438998934,0.05296772954283511,0.07228657569025704,0.1244525547445255,0.1295620437956204,0.0036496350364963
EU Power Grid — Paris,seamless,4.0,79,0.05204392881879686,0.012717113325163776,0.04250955856795271,0.047286575690257,0.0947176334998079,0.11078669910786693,0.1788321167883211,0.0437956204379562
EU Power Grid — Paris,seamless,4.0,80,0.03965648143214866,0.013832649581757108,0.02857142857142856,0.0325945047771645,0.08112257739743262,0.08343978102189774,0.2153284671532846,0.0328467153284671
EU Power Grid — Paris,seamless,4.0,81,0.037029143800948294,0.01851790185944903,0.0211233237141402,0.033959408937155024,0.08032004491858505,0.08729927007299268,0.3047445255474452,0.0218978102189781
EU Power Grid — Paris,seamless,4.0,82,0.043369385689168205,0.017545553838776654,0.02619149849720906,0.04288321167883209,0.08717260626878487,0.10170316301703161,0.1970802919708029,0.010948905109489
EU Power Grid — Paris,seamless,4.0,83,0.045760296233150324,0.01586725451542431,0.03340004709206494,0.042253964258746515,0.09504692387904065,0.12267987486965584,0.2810218978102189,0.0346715328467153
EU Power Grid — Paris,seamless,4.0,84,0.03809473067291803,0.014558580638286482,0.024635036496350297,0.04283077439382497,0.06456536164565359,0.08813868613138681,0.2372262773722627,0.0164233576642335
EU Power Grid — Paris,seamless,4.0,85,0.04310298897117579,0.014238904576695563,0.02901459854014598,0.03739590829649425,0.08065693430656927,0.14267466110531798,0.114963503649635,0.0383211678832116
EU Power Grid — Paris,seamless,4.0,86,0.053485801054930907,0.011022164206936916,0.04370437956204379,0.06128345498783448,0.07393552311435518,0.10187695516162668,0.1094890510948905,0.0346715328467153
EU Power Grid — Paris,seamless,4.0,87,0.039519953114177546,0.015690766689754332,0.027441779631560626,0.03533510285335101,0.0509016745384285,0.1110218978102189,0.2208029197080291,0.0237226277372262
EU Power Grid — Paris,seamless,4.0,88,0.044218525227769104,0.012883611273909053,0.0346715328467153,0.03940063740104856,0.06553122465531222,0.11405902887972068,0.1131386861313868,0.0364963503649635
EU Power Grid — Paris,seamless,4.0,89,0.046972401300015884,0.013199957376525068,0.030928317424667714,0.051956609894566054,0.09707042809232581,0.09842177944367718,0.1970802919708029,0.0237226277372262
EU Power Grid — Paris,seamless,4.0,90,0.04307967925835145,0.01494485587937551,0.03604014598540145,0.04407636159460975,0.07558394160583934,0.09038929440389286,0.1970802919708029,0.0127737226277372
EU Power Grid — Paris,seamless,4.0,91,0.04094184559646216,0.014831637274228737,0.028876936867716727,0.04828957402767181,0.0664841849148418,0.09980092899800924,0.1021897810218978,0.0291970802919708
EU Power Grid — Paris,seamless,4.0,92,0.03983296925781865,0.014971495551174756,0.027304676939713408,0.0346403393848649,0.060961070559610635,0.08149113660062558,0.2445255474452554,0.0273722627737226
EU Power Grid — Paris,seamless,4.0,93,0.04550055943310769,0.013995817571527465,0.029805352798053485,0.05094282238442821,0.08892944038929432,0.1305867490174059,0.1295620437956204,0.0237226277372262
EU Power Grid — Paris,seamless,4.0,94,0.05029903031594642,0.0150580744845223,0.03064863968148633,0.0646161287485709,0.08742641864845772,0.11258255126868259,0.2317518248175182,0.0310218978102189
EU Power Grid — Paris,seamless,4.0,95,0.04614990143321425,0.013912568597154827,0.03489963503649632,0.04312980864075753,0.06941605839416051,0.12239963503649631,0.145985401459854,0.041970802919708
EU Power Grid — Paris,seamless,4.0,96,0.044042037402099096,0.017259177366934778,0.02674498175182478,0.045108598896207885,0.07742988859008831,0.10187043795620436,0.1970802919708029,0.010948905109489
EU Power Grid — Paris,seamless,4.0,97,0.04844091320794919,0.01566745697692998,0.04216849148418489,0.0522596676502562,0.09914056981398628,0.13430656934306565,0.1934306569343065,0.0437956204379562
EU Power Grid — Paris,seamless,4.0,98,0.042966460653204655,0.015334461079439449,0.040500811030008056,0.046495350464953435,0.08050052137643376,0.10780109489051092,0.1806569343065693,0.041970802919708
EU Power Grid — Paris,seamless,4.0,99,0.044151926048270985,0.012247589109702113,0.03697470058819358,0.04489051094890506,0.06897049878345492,0.10461571489909824,0.1222627737226277,0.0383211678832116
EU Power Grid — Paris,seamless,4.0,100,0.03904709893974097,0.014445362033139694,0.025775547445255426,0.03917274939172742,0.05833333333333332,0.10927007299270071,0.1715328467153284,0.0273722627737226
EU Power Grid — Paris,seamless,5.0,1,0.036219963770046236,0.01716260855666253,0.025062121447429666,0.03227832954409471,0.08620437956204376,0.1264177428411004,0.1970802919708029,0.0036496350364963
EU Power Grid — Paris,seamless,5.0,2,0.04068210879641954,0.011698145878842717,0.028409527468305787,0.03768393001969639,0.05935766423357659,0.10128810648346927,0.1295620437956204,0.0237226277372262
EU Power Grid — Paris,seamless,5.0,3,0.03544075336991837,0.01479833768447967,0.0182481751824817,0.03882934491360983,0.052351987023519814,0.08890510948905102,0.3175182481751825,0.0182481751824817
EU Power Grid — Paris,seamless,5.0,4,0.03684266609835357,0.01288028131493414,0.019568011752283856,0.030835691941009907,0.06344929336853544,0.09074817518248168,0.2791970802919707,0.0200729927007299
EU Power Grid — Paris,seamless,5.0,5,0.04171439607864021,0.015487639192285099,0.030058799675587958,0.04263151271079786,0.08218978102189771,0.11285482562854819,0.1970802919708029,0.0127737226277372
EU Power Grid — Paris,seamless,5.0,6,0.0401626351963343,0.01334980553039581,0.031224655312246472,0.051383019592777544,0.059332638164754904,0.09092805005213758,0.1843065693430657,0.0091240875912408
EU Power Grid — Paris,seamless,5.0,7,0.040062736427087145,0.013363125366295431,0.026893622113198484,0.0437956204379562,0.07495437956204372,0.09516423357664232,0.1970802919708029,0.0145985401459854
EU Power Grid — Paris,seamless,5.0,8,0.04125486174010326,0.011678166124993283,0.0325024101363448,0.03925146701016166,0.06956848432803774,0.07103907256333186,0.1824817518248175,0.0346715328467153
EU Power Grid — Paris,seamless,5.0,9,0.03511774734935255,0.014894906494751935,0.024719376801815553,0.032001068185864276,0.05583941605839412,0.10642335766423351,0.2153284671532846,0.0255474452554744
EU Power Grid — Paris,seamless,5.0,10,0.03364257552346945,0.01541771005381209,0.0246350364963503,0.032188584420246434,0.05093006828349422,0.09324817518248173,0.1970802919708029,0.0036496350364963
EU Power Grid — Paris,seamless,5.0,11,0.04249360647876809,0.011941232884010815,0.03092163311141406,0.051389215917117946,0.07007299270072986,0.07944038929440385,0.125912408759124,0.0310218978102189
EU Power Grid — Paris,seamless,5.0,12,0.03647637061111397,0.014465341786989128,0.027425412798525946,0.04590429845904291,0.06389902676399023,0.08719309887193097,0.1970802919708029,0.0054744525547445
EU Power Grid — Paris,seamless,5.0,13,0.041081703873408176,0.012300868453300601,0.03312043795620433,0.04033156006433249,0.07722627737226273,0.09277372262773718,0.1003649635036496,0.0346715328467153
EU Power Grid — Paris,seamless,5.0,14,0.0428032926634343,0.014854946987053065,0.03543187347931872,0.04332040754257906,0.0919099756690997,0.10376642335766416,0.1660583941605839,0.0437956204379562
EU Power Grid — Paris,seamless,5.0,15,0.04684919281794439,0.014511961212637804,0.03362196460092549,0.05325382954662273,0.07354014598540143,0.13331121433311213,0.2773722627737226,0.0346715328467153
EU Power Grid — Paris,seamless,5.0,16,0.04520752304331602,0.014735068463956471,0.03968978102189774,0.04841133533705449,0.06930745949795258,0.09303649635036493,0.1952554744525547,0.0145985401459854
EU Power Grid — Paris,seamless,5.0,17,0.03603348606745156,0.013972507858703126,0.0241708285311819,0.028074115665356524,0.05267639902676392,0.08890510948905102,0.2062043795620438,0.0255474452554744
EU Power Grid — Paris,seamless,5.0,18,0.042287149022323944,0.012547285417443602,0.03539609274366679,0.03995661754579253,0.0708576642335766,0.08631386861313864,0.1788321167883211,0.0401459854014598
EU Power Grid — Paris,seamless,5.0,19,0.0427500133198358,0.016623155202727842,0.02273845649142947,0.04692387904066729,0.07901459854014596,0.11475060827250604,0.3102189781021898,0.0237226277372262
EU Power Grid — Paris,seamless,5.0,20,0.03995617773989015,0.012883611273909048,0.03862530413625296,0.04522684986403314,0.056690997566909936,0.09866180048661793,0.1678832116788321,0.0456204379562043
EU Power Grid — Paris,seamless,5.0,21,0.0405389205604986,0.014558580638286477,0.026277372262773678,0.037790311877903056,0.06411192214111919,0.07354014598540141,0.2208029197080291,0.0237226277372262
EU Power Grid — Paris,seamless,5.0,22,0.046313069422984604,0.018581171079972248,0.024619214379140057,0.041970802919708,0.09586374695863742,0.16668878566688783,0.2755474452554744,0.0255474452554744
EU Power Grid — Paris,seamless,5.0,23,0.0433660557301933,0.010908945601790138,0.038805303143154994,0.04861003261375986,0.05553207837111021,0.07249087591240874,0.0802919708029197,0.0401459854014598
EU Power Grid — Paris,seamless,5.0,24,0.0432861367147956,0.01324657680217373,0.030231143552311386,0.0429763146134366,0.06720802919708022,0.09457768508863398,0.2846715328467153,0.0218978102189781
EU Power Grid — Paris,seamless,5.0,25,0.04132146091960138,0.015437689807661518,0.029609135860607465,0.037104622871046176,0.07552597681408323,0.10004562043795616,0.2135036496350364,0.0310218978102189
EU Power Grid — Paris,seamless,5.0,26,0.037035803718898086,0.015108023869145878,0.0246350364963503,0.030766423357664163,0.08985401459854006,0.1028467153284671,0.1970802919708029,0.0036496350364963
EU Power Grid — Paris,seamless,5.0,27,0.04507765464329471,0.012004502104534015,0.029470802919708015,0.044708029197080223,0.08647354014598536,0.12128953771289532,0.1094890510948905,0.0145985401459854
EU Power Grid — Paris,seamless,5.0,28,0.040875246416964044,0.014904896371676643,0.03239051094890504,0.03911791919399602,0.07267335766423356,0.09773722627737218,0.1970802919708029,0.0164233576642335
EU Power Grid — Paris,seamless,5.0,29,0.04314627843784955,0.015913873941072985,0.028592609489051082,0.05200729927007295,0.06748175182481743,0.10323600973236004,0.2810218978102189,0.0291970802919708
EU Power Grid — Paris,seamless,5.0,30,0.040082716180936555,0.013286536309872612,0.021821776155717756,0.04349148418491483,0.06167034459344757,0.09274635036496347,0.1295620437956204,0.0182481751824817
EU Power Grid — Paris,seamless,5.0,31,0.044131946294421555,0.013233256966274119,0.030463280202591928,0.053346792980276364,0.0853019243530192,0.11507299270072989,0.0948905109489051,0.0200729927007299
EU Power Grid — Paris,seamless,5.0,32,0.05030902019287114,0.011798044648089877,0.04176804541768042,0.056470704280923226,0.07858880778588803,0.10782064650677786,0.1003649635036496,0.0602189781021897
EU Power Grid — Paris,seamless,5.0,33,0.03295993393361385,0.015284511694815863,0.019626926196269226,0.03564046250242231,0.05892501658925013,0.08688738269030237,0.1970802919708029,0.0054744525547445
EU Power Grid — Paris,seamless,5.0,34,0.03835113751398572,0.013562922904789762,0.030008110300081065,0.03527980535279803,0.05224592925322847,0.09275286757038578,0.2135036496350364,0.0328467153284671
EU Power Grid — Paris,seamless,5.0,35,0.034385156374873375,0.017395705684905897,0.022587185725871827,0.04205981840840303,0.061070559610705524,0.08567518248175178,0.2445255474452554,0.0237226277372262
EU Power Grid — Paris,seamless,5.0,36,0.04096515530928648,0.017845250146518138,0.029368983391515908,0.03540145985401458,0.09566337483898664,0.11454091432961962,0.2427007299270072,0.0310218978102189
EU Power Grid — Paris,seamless,5.0,37,0.03860754435505346,0.012876951355959237,0.024765380604796595,0.03806253232944415,0.05613138686131383,0.08007907542579074,0.2080291970802919,0.0383211678832116
EU Power Grid — Paris,seamless,5.0,38,0.04648955724865459,0.013942538227928984,0.038957732133763294,0.059064501713093964,0.06882603406326028,0.1063665855636658,0.1551094890510949,0.0401459854014598
EU Power Grid — Paris,seamless,5.0,39,0.040019446960413346,0.014785017848580042,0.029454426352236555,0.032380804472744155,0.07464132897055115,0.10529197080291963,0.1660583941605839,0.0328467153284671
EU Power Grid — Paris,seamless,5.0,40,0.03741874900101221,0.014941525920400602,0.023703006043481595,0.03676470588235293,0.061170095111700885,0.0805656934306569,0.1970802919708029,0.0127737226277372
EU Power Grid — Paris,seamless,5.0,41,0.04297645053012937,0.012141030422505139,0.03351028533510281,0.0474452554744525,0.06902372262773716,0.08284671532846707,0.2864963503649635,0.0346715328467153
EU Power Grid — Paris,seamless,5.0,42,0.04279330278650957,0.01577068570515206,0.026664359426126317,0.0310218978102189,0.09598540145985393,0.13454987834549872,0.3120437956204379,0.0273722627737226
EU Power Grid — Paris,seamless,5.0,43,0.037525307688209185,0.012427406894347006,0.023114355231143493,0.03793699577410673,0.06291058394160579,0.10328467153284665,0.1222627737226277,0.010948905109489
EU Power Grid — Paris,seamless,5.0,44,0.03585366828280667,0.015837284884650166,0.026354576080853412,0.028858454360749485,0.07864963503649633,0.08021213503649634,0.1806569343065693,0.0273722627737226
EU Power Grid — Paris,seamless,5.0,45,0.04295314081730504,0.013253236720123554,0.035116236275532085,0.048315553060078564,0.07118935165306996,0.09244981751824813,0.1587591240875912,0.0364963503649635
EU Power Grid — Paris,seamless,5.0,46,0.03736546965741374,0.014398742607491024,0.030138001824817476,0.04250058865081231,0.06185638192937457,0.07276290889429575,0.1970802919708029,0.0054744525547445
EU Power Grid — Paris,seamless,5.0,47,0.03680936650860453,0.01575070595130261,0.021243998594792916,0.030651644980429427,0.07256690997566909,0.09993917274939168,0.333941605839416,0.0218978102189781
EU Power Grid — Paris,seamless,5.0,48,0.032899994672065544,0.014795007725504758,0.023891592322249182,0.03145409143296189,0.05486618004866175,0.10437956204379553,0.1970802919708029,0.0072992700729927
EU Power Grid — Paris,seamless,5.0,49,0.04041571207842709,0.013732750812509938,0.030917622523461863,0.033711102573953086,0.07005561348627037,0.11771731917717312,0.1587591240875912,0.0328467153284671
EU Power Grid — Paris,seamless,5.0,50,0.039789679791144866,0.013486333848366932,0.03296319304239784,0.036565211403387955,0.07618004866180042,0.09621350364963496,0.156934306569343,0.0364963503649635
EU Power Grid — Paris,seamless,5.0,51,0.04193417337098398,0.014015797325376896,0.0364963503649635,0.05029307675293075,0.07003981420039809,0.10133211678832114,0.1295620437956204,0.0036496350364963
EU Power Grid — Paris,seamless,5.0,52,0.03715235228301977,0.01650660663860616,0.024569438480988436,0.041106415674222005,0.07144160583941603,0.07992700729927005,0.2536496350364963,0.0255474452554744
EU Power Grid — Paris,seamless,5.0,53,0.0452641323458894,0.01786189994139267,0.024503185519598264,0.06078046041549684,0.10224191866527631,0.13102189781021895,0.2846715328467153,0.0255474452554744
EU Power Grid — Paris,seamless,5.0,54,0.04118826256060516,0.015684106771804512,0.024343313967922865,0.04021357123546899,0.0868126520681265,0.13158150851581507,0.2664233576642336,0.0255474452554744
EU Power Grid — Paris,seamless,5.0,55,0.0433627257712184,0.015124673664020413,0.020453163017031605,0.0415797705943691,0.10779304422498923,0.12742440041710107,0.2883211678832116,0.0182481751824817
EU Power Grid — Paris,seamless,5.0,56,0.044052027279023825,0.013496323725291658,0.033599217397847804,0.0363118182563766,0.05802919708029195,0.1244525547445255,0.2043795620437956,0.0255474452554744
EU Power Grid — Paris,seamless,5.0,57,0.03954326282700188,0.01427886408439442,0.026743440520812747,0.035339149011928056,0.04218978102189778,0.1178629359286293,0.2645985401459854,0.0273722627737226
EU Power Grid — Paris,seamless,5.0,58,0.04665938515637478,0.012723773243113589,0.0354113237324916,0.05694366460789816,0.07281021897810218,0.10456204379562034,0.1313868613138686,0.0364963503649635
EU Power Grid — Paris,seamless,5.0,59,0.04123821194522873,0.011568277478821408,0.030944246000931746,0.04251148959178154,0.06332116788321164,0.10350364963503642,0.1715328467153284,0.0255474452554744
EU Power Grid — Paris,seamless,5.0,60,0.038587564601204,0.013919228515104643,0.030621328111091268,0.04477479081360152,0.053937764118324946,0.09053701772679867,0.1970802919708029,0.0036496350364963
EU Power Grid — Paris,seamless,5.0,61,0.039436704139804914,0.01356958282273956,0.021699938439890945,0.03905109489051086,0.06741229102896154,0.07281021897810218,0.2883211678832116,0.0218978102189781
EU Power Grid — Paris,seamless,5.0,62,0.040898556129788384,0.014904896371676649,0.03288473236009727,0.0436049678614228,0.06788321167883199,0.08518248175182477,0.1295620437956204,0.010948905109489
EU Power Grid — Paris,seamless,5.0,63,0.04639298843838234,0.011045473919761253,0.039416058394160514,0.04630474452554738,0.06497810218978099,0.10068937550689372,0.1496350364963503,0.041970802919708
EU Power Grid — Paris,seamless,5.0,64,0.04849086259257276,0.011288560924929348,0.041697080291970764,0.0582638164754953,0.07724531894636619,0.07833227546810534,0.1186131386861313,0.0492700729927007
EU Power Grid — Paris,seamless,5.0,65,0.04530742181256318,0.01332649581757147,0.03631386861313868,0.05951712521055581,0.07665820374484285,0.08781021897810216,0.1295620437956204,0.0072992700729927
EU Power Grid — Paris,seamless,5.0,66,0.04441832276626342,0.013832649581757098,0.03951809120163246,0.057326814488362465,0.061991657977059376,0.09403892944038926,0.1624087591240876,0.0401459854014598
EU Power Grid — Paris,seamless,5.0,67,0.03953327295007716,0.013443044381693163,0.023133976924888104,0.046319304239788715,0.07120106171201059,0.09087591240875906,0.2883211678832116,0.0200729927007299
EU Power Grid — Paris,seamless,5.0,68,0.04269673397623732,0.017302466833608553,0.03715328467153282,0.0461006530925854,0.07802615571776152,0.09462075531577276,0.1970802919708029,0.0054744525547445
EU Power Grid — Paris,seamless,5.0,69,0.04350258404816443,0.011102083222334648,0.03075743150322642,0.046141814389989495,0.06011848090553256,0.08534063260340628,0.1131386861313868,0.0255474452554744
EU Power Grid — Paris,seamless,5.0,70,0.037405429165112594,0.013016809632905264,0.02746260027462598,0.03843889804567922,0.05525879230258787,0.0777372262773722,0.1788321167883211,0.0291970802919708
EU Power Grid — Paris,seamless,5.0,71,0.03780169428312633,0.013975837817678027,0.023082340888718095,0.044542136695421335,0.05492700729927,0.10245520902455206,0.1970802919708029,0.0127737226277372
EU Power Grid — Paris,seamless,5.0,72,0.033885662528637554,0.014661809366508547,0.02226277372262772,0.041970802919708,0.05087923025879229,0.08542953396967991,0.1970802919708029,0.0072992700729927
EU Power Grid — Paris,seamless,5.0,73,0.045493899515157886,0.01303012946880489,0.031143552311435445,0.05581794761700296,0.06374087591240872,0.10939781021897808,0.1313868613138686,0.0474452554744525
EU Power Grid — Paris,seamless,5.0,74,0.04610328200756557,0.01381266982790767,0.03725144726906616,0.04647201946472013,0.07795191069128378,0.08532846715328463,0.2518248175182481,0.0383211678832116
EU Power Grid — Paris,seamless,5.0,75,0.045603788161329754,0.01485494698705307,0.032888665156472804,0.05013903371567603,0.07509124087591233,0.0874008251348778,0.1970802919708029,0.010948905109489
EU Power Grid — Paris,seamless,5.0,76,0.03387567265171284,0.01554091853588358,0.02402466649886728,0.028832116788321156,0.056934306569343035,0.08742092457420923,0.2572992700729927,0.0255474452554744
EU Power Grid — Paris,seamless,5.0,77,0.03991288827321638,0.016436677500133137,0.022171532846715317,0.04243595248318303,0.07183263816475492,0.10541362530413619,0.1806569343065693,0.0218978102189781
EU Power Grid — Paris,seamless,5.0,78,0.04295980073525483,0.013582902658639194,0.025422671408072813,0.04321499668214995,0.07606036693627928,0.09783628779979137,0.1970802919708029,0.0255474452554744
EU Power Grid — Paris,seamless,5.0,79,0.044528211412435306,0.018324764238904518,0.02321573398215728,0.04269224240366659,0.09644640799077979,0.11828467153284664,0.3467153284671532,0.0237226277372262
EU Power Grid — Paris,seamless,5.0,80,0.046086632212691034,0.011861313868613088,0.03540145985401458,0.06078530078026673,0.07262773722627736,0.09437956204379559,0.1131386861313868,0.0182481751824817
EU Power Grid — Paris,seamless,5.0,81,0.04211066119665396,0.014198945068996693,0.03724422639703239,0.041788321167883176,0.061464147702876705,0.08387524883875243,0.1934306569343065,0.0091240875912408
EU Power Grid — Paris,seamless,5.0,82,0.037039133677872996,0.013892588843305393,0.021279726866023065,0.03888077858880771,0.06970802919708023,0.08868613138686127,0.2171532846715328,0.0218978102189781
EU Power Grid — Paris,seamless,5.0,83,0.03947000372955397,0.013379775161169954,0.027303832116788294,0.03312043795620433,0.05390725633319014,0.1493917274939172,0.2354014598540146,0.0291970802919708
EU Power Grid — Paris,seamless,5.0,84,0.046246470243486514,0.011931243007086097,0.030616382806163765,0.04601713741669304,0.10072992700729919,0.15353438340376488,0.1514598540145985,0.0456204379562043
EU Power Grid — Paris,seamless,5.0,85,0.035074457882678794,0.014665139325483457,0.022100567721005666,0.035036496350364925,0.045401459854014524,0.09361313868613136,0.1970802919708029,0.0091240875912408
EU Power Grid — Paris,seamless,5.0,86,0.03708575310352167,0.017022750279716496,0.014080686525941992,0.04128649635036492,0.09233576642335763,0.13257299270072992,0.2664233576642336,0.0145985401459854
EU Power Grid — Paris,seamless,5.0,87,0.03720230166764337,0.012067771325057217,0.027172282771722796,0.029006995133819945,0.0659443430656934,0.07970802919708027,0.1916058394160583,0.0291970802919708
EU Power Grid — Paris,seamless,5.0,88,0.04290985135063127,0.014668469284458356,0.027524330900243286,0.04539233576642329,0.06997566909975664,0.10669968717413968,0.2773722627737226,0.0273722627737226
EU Power Grid — Paris,seamless,5.0,89,0.03979966966806961,0.015427699930736796,0.028301886792452813,0.04205769899200553,0.07173357664233573,0.10596107055961064,0.1970802919708029,0.0127737226277372
EU Power Grid — Paris,seamless,5.0,90,0.04013266556556014,0.01421559486387122,0.02687985169736991,0.0383211678832116,0.07150111075848933,0.09250165892501655,0.1897810218978102,0.0273722627737226
EU Power Grid — Paris,seamless,5.0,91,0.03786496350364953,0.014178965315147259,0.032699552625382565,0.03981943910872065,0.06332116788321163,0.08915843709746665,0.1642335766423357,0.0401459854014598
EU Power Grid — Paris,seamless,5.0,92,0.04088523629388878,0.013123368320102245,0.032997388334560986,0.04124087591240872,0.06459854014598537,0.08499087591240871,0.1934306569343065,0.0346715328467153
EU Power Grid — Paris,seamless,5.0,93,0.0427533432788107,0.016506606638606158,0.03289350552124269,0.04703319990581581,0.07554744525547437,0.12065693430656928,0.1642335766423357,0.0474452554744525
EU Power Grid — Paris,seamless,5.0,94,0.03756193723693315,0.012244259150727212,0.02872917836421485,0.04021484643988426,0.06088373305526583,0.09145985401459848,0.1295620437956204,0.010948905109489
EU Power Grid — Paris,seamless,5.0,95,0.03933680537055772,0.014841627151153444,0.026165296856141114,0.04443677253896229,0.08032514930325148,0.1018795620437956,0.2846715328467153,0.0182481751824817
EU Power Grid — Paris,seamless,5.0,96,0.04033246310405446,0.012973520166231494,0.0291970802919708,0.038762965808682215,0.0633576642335766,0.1376473891072431,0.218978102189781,0.0237226277372262
EU Power Grid — Paris,seamless,5.0,97,0.04432175395599115,0.011728115509616876,0.03847984766740709,0.05507359100155553,0.07383875248838748,0.09361313868613136,0.1605839416058394,0.0401459854014598
EU Power Grid — Paris,seamless,5.0,98,0.03851430550375609,0.015234562310192285,0.031255474452554666,0.04214459506430306,0.0682097579715712,0.08138686131386855,0.2153284671532846,0.0328467153284671
EU Power Grid — Paris,seamless,5.0,99,0.04561044807927958,0.011668176248068566,0.035654126895002795,0.048948046371833365,0.05790754257907541,0.11902372262773714,0.2755474452554744,0.0364963503649635
EU Power Grid — Paris,seamless,5.0,100,0.044684719484255855,0.015157973253769465,0.030109489051094833,0.055222453945081636,0.06982968369829679,0.14280210867802104,0.1970802919708029,0.010948905109489
EU Power Grid — Paris,seamless,6.0,1,0.04119159251958005,0.016593185571953693,0.02970331999058156,0.03985785631963113,0.0777372262773722,0.1270072992700729,0.2810218978102189,0.0310218978102189
EU Power Grid — Paris,seamless,6.0,2,0.039526613032127345,0.013176647663700723,0.03177054089462841,0.05174118004866177,0.06073600973236002,0.07554744525547437,0.1295620437956204,0.0164233576642335
EU Power Grid — Paris,seamless,6.0,3,0.04404536736107402,0.01369612126378597,0.03388946819603749,0.05231143552311429,0.07011861313868609,0.08598540145985398,0.1587591240875912,0.0145985401459854
EU Power Grid — Paris,seamless,6.0,4,0.035310884969897066,0.011944562842985723,0.01793603534383398,0.04408143522997096,0.048836678832116745,0.07031630170316296,0.2883211678832116,0.0182481751824817
EU Power Grid — Paris,seamless,6.0,5,0.03490462997495861,0.014821647397304013,0.02374034441216065,0.03076120959332631,0.0657455683003128,0.1077737226277372,0.1970802919708029,0.0091240875912408
EU Power Grid — Paris,seamless,6.0,6,0.03960653204752508,0.013113378443177516,0.023081769204031925,0.030671932806719263,0.06941605839416051,0.1054379562043795,0.2664233576642336,0.0237226277372262
EU Power Grid — Paris,seamless,6.0,7,0.0348380307954605,0.012357477755873987,0.025561375160193852,0.03394160583941601,0.055441274054412695,0.0722627737226277,0.22992700729927,0.0273722627737226
EU Power Grid — Paris,seamless,6.0,8,0.034518354733869584,0.014858276946027973,0.026297837505968986,0.028824268110823316,0.07128313484441026,0.0928334439283344,0.1970802919708029,0.0036496350364963
EU Power Grid — Paris,seamless,6.0,9,0.03807142096009367,0.012420746976397194,0.025630391506303862,0.040589859932925576,0.06394160583941601,0.10251419302514189,0.125912408759124,0.041970802919708
EU Power Grid — Paris,seamless,6.0,10,0.037595236826682206,0.01238411742767323,0.02855839416058393,0.0310218978102189,0.04616788321167876,0.06700729927007291,0.1861313868613138,0.0291970802919708
EU Power Grid — Paris,seamless,6.0,11,0.03956324258085129,0.013136688156001863,0.027174985204182257,0.042739147137917766,0.055748175182481714,0.10009124087591235,0.1952554744525547,0.0328467153284671
EU Power Grid — Paris,seamless,6.0,12,0.038920560498694565,0.013556262986839946,0.029399837793998365,0.047830780302251415,0.06560218978102188,0.08051656372824254,0.1295620437956204,0.010948905109489
EU Power Grid — Paris,seamless,6.0,13,0.0392535563961851,0.013992487612552557,0.025982913072329084,0.041581235134913436,0.07260492700729926,0.1247699143129165,0.1970802919708029,0.0054744525547445
EU Power Grid — Paris,seamless,6.0,14,0.03981631946294412,0.014978155469124557,0.03308217565340235,0.04335174590649042,0.07005018248175177,0.12487366647950585,0.1970802919708029,0.0072992700729927
EU Power Grid — Paris,seamless,6.0,15,0.043695721668708935,0.012523975704619257,0.029073781811008084,0.046548853886541106,0.07549942374183627,0.09233576642335761,0.1240875912408759,0.0291970802919708
EU Power Grid — Paris,seamless,6.0,16,0.042963130694229766,0.015197932761468316,0.027491272611869223,0.06283229701721181,0.0790906326034063,0.12435301924353016,0.1970802919708029,0.0072992700729927
EU Power Grid — Paris,seamless,6.0,17,0.03875739250892419,0.01654989610527993,0.02726166777261665,0.0346715328467153,0.08795620437956198,0.11591240875912405,0.2244525547445255,0.0328467153284671
EU Power Grid — Paris,seamless,6.0,18,0.0405389205604986,0.013356465448345619,0.026390636798389086,0.041317136943022074,0.07503649635036488,0.07646506777893634,0.2554744525547445,0.0273722627737226
EU Power Grid — Paris,seamless,6.0,19,0.03432188715435017,0.013030129468804883,0.026506247680316675,0.033294916122422795,0.06058394160583929,0.08202554744525539,0.1970802919708029,0.0072992700729927
EU Power Grid — Paris,seamless,6.0,20,0.03938675475518132,0.013213277212424688,0.023070907194994734,0.036268248175182476,0.0657455683003128,0.09645985401459846,0.1970802919708029,0.0200729927007299
EU Power Grid — Paris,seamless,6.0,21,0.03315973147210816,0.01619692045393995,0.021221479250676318,0.02884764715017859,0.0695255474452554,0.0983211678832116,0.2518248175182481,0.0218978102189781
EU Power Grid — Paris,seamless,6.0,22,0.038727422878150036,0.013389765038094675,0.023258512299059054,0.03754700287546998,0.057542579075425766,0.09197080291970798,0.1970802919708029,0.0237226277372262
EU Power Grid — Paris,seamless,6.0,23,0.03982963929884375,0.014618519899834771,0.028719379370963416,0.03502635847526356,0.07181670721816705,0.08649635036496346,0.3394160583941605,0.0291970802919708
EU Power Grid — Paris,seamless,6.0,24,0.04356585326868764,0.011661516330118754,0.03057500372411732,0.04313558005901536,0.056338839800230474,0.09602595296025947,0.1605839416058394,0.0310218978102189
EU Power Grid — Paris,seamless,6.0,25,0.03604680590335117,0.012833661889285464,0.025032753134942857,0.029029805352798047,0.05479666319082371,0.09178832116788316,0.2098540145985401,0.0291970802919708
EU Power Grid — Paris,seamless,6.0,26,0.04241035750439546,0.013582902658639186,0.027007299270072956,0.047307533397603574,0.0809245742092457,0.08890510948905102,0.1131386861313868,0.0145985401459854
EU Power Grid — Paris,seamless,6.0,27,0.036030156108476645,0.013979167776652934,0.02291294049403002,0.03886861313868606,0.060401459854014496,0.09598540145985393,0.2718978102189781,0.0237226277372262
EU Power Grid — Paris,seamless,6.0,28,0.03901046939101701,0.012587244925142472,0.029829683698296805,0.03955093621072669,0.059063260340632556,0.06911327385779935,0.2645985401459854,0.0310218978102189
EU Power Grid — Paris,seamless,6.0,29,0.05062203633651224,0.01314667803292658,0.037669447340980135,0.07015152915088234,0.09198905109489046,0.11925182481751816,0.1423357664233576,0.0711678832116788
EU Power Grid — Paris,seamless,6.0,30,0.04069542863231916,0.014358783099792159,0.033049472830494676,0.03905109489051086,0.07254562043795619,0.1028467153284671,0.1970802919708029,0.010948905109489
EU Power Grid — Paris,seamless,6.0,31,0.03745870850871109,0.013056769140604128,0.029774939172749364,0.04104391148186764,0.056585932315859296,0.09408759124087589,0.1587591240875912,0.0145985401459854
EU Power Grid — Paris,seamless,6.0,32,0.043695721668708935,0.013309846022696945,0.031870052431376514,0.052326642335766366,0.0765659480563571,0.0962226277372262,0.1222627737226277,0.0328467153284671
EU Power Grid — Paris,seamless,6.0,33,0.038074750919068576,0.015058074484522288,0.024929814710836547,0.04411764705882351,0.05884334643458728,0.11810218978102181,0.25,0.0164233576642335
EU Power Grid — Paris,seamless,6.0,34,0.03669947786243265,0.013599552453513717,0.019822816105486193,0.037921989051094826,0.05804947283049471,0.08795620437956202,0.2171532846715328,0.0200729927007299
EU Power Grid — Paris,seamless,6.0,35,0.045617107997229386,0.01259723480206718,0.036652763295099054,0.052696260986146215,0.07964499004644988,0.106934306569343,0.1295620437956204,0.0200729927007299
EU Power Grid — Paris,seamless,6.0,36,0.04334274601736897,0.013566252863764665,0.037408759124087546,0.04575661836801387,0.06354927007299266,0.08929993364299926,0.1952554744525547,0.0127737226277372
EU Power Grid — Paris,seamless,6.0,37,0.03312643188235912,0.015630827428206023,0.017803668351113546,0.030170316301703116,0.056621480709071914,0.08739216987392168,0.1970802919708029,0.0072992700729927
EU Power Grid — Paris,seamless,6.0,38,0.03887061111407098,0.01565746710000527,0.023143494033830096,0.03780471009502817,0.07214111922141117,0.08722627737226275,0.2901459854014598,0.0237226277372262
EU Power Grid — Paris,seamless,6.0,39,0.03139818317438319,0.01446201182801422,0.01879406076486364,0.02844568484328036,0.05476277372262768,0.09343065693430654,0.2682481751824817,0.0145985401459854
EU Power Grid — Paris,seamless,6.0,40,0.04306635942245182,0.01271378336618887,0.03709047699881172,0.04186942416869421,0.06041804910418041,0.09076361594609764,0.1934306569343065,0.0200729927007299
EU Power Grid — Paris,seamless,6.0,41,0.034448425595396584,0.014978155469124552,0.02241918665276327,0.028696149992843843,0.05477493917274934,0.08193430656934299,0.2883211678832116,0.0145985401459854
EU Power Grid — Paris,seamless,6.0,42,0.04242034738132018,0.01190793329426176,0.03138686131386854,0.05036496350364961,0.07270072992700728,0.09689781021897802,0.1003649635036496,0.0145985401459854
EU Power Grid — Paris,seamless,6.0,43,0.036782726836805266,0.013396424956044485,0.025575305064913303,0.03510090167453841,0.07520681265206805,0.0837913267496779,0.2372262773722627,0.0273722627737226
EU Power Grid — Paris,seamless,6.0,44,0.04149461878629645,0.012344157919974362,0.031178871360175733,0.04801157815252952,0.06670409882088708,0.08832116788321162,0.1806569343065693,0.0218978102189781
EU Power Grid — Paris,seamless,6.0,45,0.03856092492940477,0.011581597314721024,0.025010734220695517,0.04541768045417673,0.07744525547445251,0.09501216545012164,0.1295620437956204,0.0054744525547445
EU Power Grid — Paris,seamless,6.0,46,0.03735880973946391,0.014851617028078152,0.02608317149936378,0.05150343174637758,0.056275344687753415,0.08795620437956202,0.1970802919708029,0.0054744525547445
EU Power Grid — Paris,seamless,6.0,47,0.042593505248015244,0.012633864350791137,0.036901865369018634,0.04233576642335764,0.057826439578264374,0.09939172749391721,0.1368613138686131,0.0237226277372262
EU Power Grid — Paris,seamless,6.0,48,0.03916031754488775,0.013369785284245242,0.02600761662964134,0.04626994927625874,0.06978913219789126,0.10788321167883208,0.1970802919708029,0.0164233576642335
EU Power Grid — Paris,seamless,6.0,49,0.038887260908945516,0.0122409291917523,0.024386197743861908,0.047820953198797714,0.0544619731575229,0.10054744525547442,0.1970802919708029,0.0145985401459854
EU Power Grid — Paris,seamless,6.0,50,0.039852949011668075,0.013269886514998079,0.029796663190823747,0.050252667040988186,0.07387629658086818,0.09791449426485915,0.1970802919708029,0.0091240875912408
EU Power Grid — Paris,seamless,6.0,51,0.039216926847461135,0.011578267355746122,0.02968949136832346,0.03207467714766978,0.06763349980791386,0.10305005213764333,0.1587591240875912,0.0310218978102189
EU Power Grid — Paris,seamless,6.0,52,0.03559726144173895,0.016922851510469333,0.021188158961881576,0.027194231796332534,0.06378273937312147,0.1023266423357664,0.2226277372262773,0.0273722627737226
EU Power Grid — Paris,seamless,6.0,53,0.041481298950396824,0.016686424423251047,0.02981949867028798,0.03248175182481746,0.09307827837905862,0.09480241631009312,0.2226277372262773,0.0310218978102189
EU Power Grid — Paris,seamless,6.0,54,0.04107171399648346,0.016156960946241083,0.024396406513194767,0.06403450564034502,0.07073448905109485,0.11231355125357023,0.2354014598540146,0.0255474452554744
EU Power Grid — Paris,seamless,6.0,55,0.03923024668336075,0.016027092546219777,0.025451402228198177,0.029298459042984577,0.09041268950028067,0.11058394160583936,0.2335766423357664,0.0273722627737226
EU Power Grid — Paris,seamless,6.0,56,0.035424103575043865,0.013736080771484834,0.022705744692706267,0.04609647730879079,0.05222510007063805,0.07069864442127212,0.2372262773722627,0.0237226277372262
EU Power Grid — Paris,seamless,6.0,57,0.03913034791411361,0.013063429058553934,0.030333851860715515,0.0362356621480709,0.08091376047580423,0.08328467153284665,0.1824817518248175,0.0346715328467153
EU Power Grid — Paris,seamless,6.0,58,0.046489557248654605,0.011055463796685965,0.030377844568484275,0.05446378439079163,0.07570802919708022,0.08681569343065691,0.1094890510948905,0.0456204379562043
EU Power Grid — Paris,seamless,6.0,59,0.03885063136022155,0.013216607171399592,0.03359323158593227,0.04579151459854007,0.06392944038929436,0.08691605839416057,0.1970802919708029,0.0091240875912408
EU Power Grid — Paris,seamless,6.0,60,0.03442844584154713,0.013293196227822423,0.019123494154649534,0.0291970802919708,0.0675425790754257,0.11897810218978093,0.2518248175182481,0.0182481751824817
EU Power Grid — Paris,seamless,6.0,61,0.03676274708295585,0.014984815387074373,0.031690997566909906,0.04288321167883209,0.057913072329130705,0.09233576642335763,0.1970802919708029,0.0054744525547445
EU Power Grid — Paris,seamless,6.0,62,0.043116308807075406,0.014422052320315354,0.030371962803719576,0.046933025995645986,0.0803649635036496,0.10147906262005375,0.1843065693430657,0.0145985401459854
EU Power Grid — Paris,seamless,6.0,63,0.03903377910384134,0.014675129202408167,0.02664233576642332,0.04472403636829295,0.07690661968285925,0.10104275286757035,0.1970802919708029,0.0091240875912408
EU Power Grid — Paris,seamless,6.0,64,0.04112499334008196,0.013662821674036919,0.026916058394160544,0.045375313214947095,0.05833099382369454,0.08357664233576634,0.1587591240875912,0.0145985401459854
EU Power Grid — Paris,seamless,6.0,65,0.03729887047791562,0.013969177899728213,0.029927007299270038,0.038188453881884465,0.07118046816008052,0.07290460609111502,0.1970802919708029,0.0072992700729927
EU Power Grid — Paris,seamless,6.0,66,0.036506340241888126,0.014425382279290265,0.01958554144585538,0.03991788321167877,0.06029197080291962,0.11080291970802912,0.2572992700729927,0.0200729927007299
EU Power Grid — Paris,seamless,6.0,67,0.0393234855346581,0.016709734136075387,0.02538017031630165,0.033029197080291915,0.07568781583380117,0.11813587871982026,0.2135036496350364,0.0255474452554744
EU Power Grid — Paris,seamless,6.0,68,0.04206071181203039,0.014002477489477267,0.030622718978102124,0.04240017174753111,0.07247745813653927,0.10425790754257899,0.1642335766423357,0.0383211678832116
EU Power Grid — Paris,seamless,6.0,69,0.034335206990249785,0.013626192125312957,0.020564787492881896,0.034725203950193184,0.0643362226277372,0.07214111922141116,0.2481751824817518,0.0218978102189781
EU Power Grid — Paris,seamless,6.0,70,0.0396764611859981,0.011801374607064784,0.028381736294455645,0.03759538818845383,0.05987226277372256,0.08026155717761556,0.1368613138686131,0.0383211678832116
EU Power Grid — Paris,seamless,6.0,71,0.03902711918589155,0.012424076935372097,0.02747478061182643,0.05214191695584535,0.0653003930376193,0.08795620437956202,0.1970802919708029,0.0145985401459854
EU Power Grid — Paris,seamless,6.0,72,0.03824790878576367,0.012763732750812452,0.028008827024274298,0.03249352484106422,0.055498783454987786,0.09635036496350356,0.2208029197080291,0.0291970802919708
EU Power Grid — Paris,seamless,6.0,73,0.03785497362672483,0.014412062443390638,0.03165114523030448,0.04750711369541006,0.0639091646390916,0.08688052247406836,0.2554744525547445,0.0328467153284671
EU Power Grid — Paris,seamless,6.0,74,0.04241701742234525,0.01073245777612015,0.03202375840847281,0.046141814389989495,0.06535654126895,0.07646715328467148,0.260948905109489,0.0328467153284671
EU Power Grid — Paris,seamless,6.0,75,0.04906028557728159,0.010459401140177899,0.04362182829336113,0.0538321167883211,0.07039233576642331,0.08160583941605831,0.1806569343065693,0.0474452554744525
EU Power Grid — Paris,seamless,6.0,76,0.04381893015078046,0.01585393467952469,0.029812187320593753,0.04957420924574207,0.07451696006869894,0.11486524424480624,0.1295620437956204,0.0127737226277372
EU Power Grid — Paris,seamless,6.0,77,0.035933587298204395,0.012367467632798708,0.020047822803926474,0.040761861313868566,0.04952098540145982,0.07408759124087586,0.2627737226277372,0.0200729927007299
EU Power Grid — Paris,seamless,6.0,78,0.03843771644733327,0.01295021045340716,0.027081349836030857,0.030921317317087114,0.06165212747017975,0.09291970802919704,0.145985401459854,0.0310218978102189
EU Power Grid — Paris,seamless,6.0,79,0.03570049016996101,0.018914166977462787,0.019133589599619878,0.03742422367932694,0.07885644768856445,0.15153806047966628,0.3065693430656934,0.0200729927007299
EU Power Grid — Paris,seamless,6.0,80,0.036952554744525454,0.013526293356065798,0.022951715523634758,0.03549270072992699,0.06365497596581801,0.11153284671532838,0.3321167883211678,0.0237226277372262
EU Power Grid — Paris,seamless,6.0,81,0.037092413021471475,0.012187649848153815,0.025055359632576008,0.037473272874732684,0.06392944038929436,0.09189781021897805,0.1222627737226277,0.0383211678832116
EU Power Grid — Paris,seamless,6.0,82,0.03942005434493037,0.01201782194043364,0.02769812304483835,0.04798196650923138,0.06025547445255466,0.07112733171127328,0.1916058394160583,0.0237226277372262
EU Power Grid — Paris,seamless,6.0,83,0.040961825350311586,0.014861606905002874,0.04025902719462562,0.04451251303441081,0.062104622871046164,0.09708029197080283,0.2043795620437956,0.041970802919708
EU Power Grid — Paris,seamless,6.0,84,0.03708242314454677,0.014235574617720646,0.0163777372262773,0.04313367682839558,0.049543795620437925,0.07832522303325219,0.1970802919708029,0.0145985401459854
EU Power Grid — Paris,seamless,6.0,85,0.03530755501092217,0.012037801694283068,0.02572992700729922,0.03608359402155022,0.04910786699107863,0.11504772599663106,0.1295620437956204,0.0127737226277372
EU Power Grid — Paris,seamless,6.0,86,0.041164952847780815,0.013046779263679417,0.03296319304239784,0.035685320356853185,0.0548397334179625,0.10206812652068124,0.2427007299270072,0.0346715328467153
EU Power Grid — Paris,seamless,6.0,87,0.034641563215941085,0.014045766956151041,0.01948434188839177,0.04306569343065691,0.051824817518248134,0.06846715328467146,0.2883211678832116,0.0145985401459854
EU Power Grid — Paris,seamless,6.0,88,0.04237372795567148,0.015554238371783201,0.03833458565908107,0.044316996871741364,0.07277372262773722,0.1139247613700168,0.2408759124087591,0.0401459854014598
EU Power Grid — Paris,seamless,6.0,89,0.04159451755554362,0.011185332196707276,0.029569130465594198,0.05620437956204376,0.07868613138686129,0.08011470281543273,0.1970802919708029,0.0200729927007299
EU Power Grid — Paris,seamless,6.0,90,0.04578693590494955,0.01155162768394687,0.04200023546032491,0.04638568401224387,0.06537408759124086,0.08192026951151031,0.2171532846715328,0.0437956204379562
EU Power Grid — Paris,seamless,6.0,91,0.04040239224252748,0.01379269007405823,0.03658913769639984,0.040984415072006265,0.062226277372262696,0.09875912408759117,0.2135036496350364,0.0383211678832116
EU Power Grid — Paris,seamless,6.0,92,0.040592199904097084,0.013326495817571471,0.029825902544880618,0.03381279519106909,0.072599663110612,0.09379562043795617,0.2664233576642336,0.0310218978102189
EU Power Grid — Paris,seamless,6.0,93,0.0428665618839575,0.013649501838137294,0.03489746263468889,0.05297184567257552,0.07361449040281154,0.09217935349322207,0.1970802919708029,0.0164233576642335
EU Power Grid — Paris,seamless,6.0,94,0.03653963983163718,0.014092386381799722,0.026277372262773668,0.036936823559023384,0.07460462287104616,0.08377939983779394,0.1970802919708029,0.010948905109489
EU Power Grid — Paris,seamless,6.0,95,0.04163447706324247,0.012577255048217752,0.03510210776675139,0.046228710462287034,0.0672356957852601,0.08160583941605831,0.1970802919708029,0.0182481751824817
EU Power Grid — Paris,seamless,6.0,96,0.04316625819169897,0.014738398422931374,0.03030736083018199,0.04157410345921926,0.07302077484559236,0.09072992700729919,0.2901459854014598,0.0310218978102189
EU Power Grid — Paris,seamless,6.0,97,0.04908359529010592,0.012374127550748522,0.032532091618424304,0.055048661800486565,0.0923357664233576,0.1214187956204379,0.1295620437956204,0.0200729927007299
EU Power Grid — Paris,seamless,6.0,98,0.040565560232297834,0.012876951355959246,0.0364963503649635,0.04795214922952144,0.0528284671532846,0.07536496350364955,0.1970802919708029,0.010948905109489
EU Power Grid — Paris,seamless,6.0,99,0.04228048910437414,0.015734056156428096,0.028346529753804264,0.03671532846715327,0.08658759124087588,0.12793187347931867,0.2025547445255474,0.0291970802919708
EU Power Grid — Paris,seamless,6.0,100,0.03396558154403528,0.013213277212424681,0.02517312371326964,0.03850674254608429,0.056792376317923735,0.07591240875912401,0.1970802919708029,0.0091240875912408
EU Power Grid — Paris,seamless,7.0,1,0.03941672438595547,0.013662821674036922,0.030748175182481678,0.03869871633526295,0.06321167883211673,0.1124695863746958,0.2080291970802919,0.0383211678832116
EU Power Grid — Paris,seamless,7.0,2,0.03885729127817135,0.010282913314507914,0.03707495104148119,0.04678629359286287,0.0589523400601116,0.06624087591240871,0.1222627737226277,0.0036496350364963
EU Power Grid — Paris,seamless,7.0,3,0.035357504395545754,0.013479673930417126,0.02274939172749388,0.03985507246376806,0.058895985401459815,0.07540145985401452,0.1970802919708029,0.010948905109489
EU Power Grid — Paris,seamless,7.0,4,0.037758404816452554,0.013702781181735785,0.017749831442558497,0.04671532846715322,0.055946758265349894,0.11444647201946467,0.2226277372262773,0.0182481751824817
EU Power Grid — Paris,seamless,7.0,5,0.036526319995737556,0.014205604986946495,0.027424901740595146,0.032514930325149245,0.09131386861313863,0.09298053527980532,0.1660583941605839,0.0291970802919708
EU Power Grid — Paris,seamless,7.0,6,0.038777372262773634,0.011688156001918002,0.03135368281353675,0.03779293123319241,0.0490198123044838,0.06883211678832109,0.1697080291970802,0.0383211678832116
EU Power Grid — Paris,seamless,7.0,7,0.03804478128829443,0.011195322073631997,0.027692406197976673,0.037287104622871006,0.07076760065928887,0.0783326930464848,0.1021897810218978,0.0237226277372262
EU Power Grid — Paris,seamless,7.0,8,0.03595689701102872,0.012846981725185086,0.02899432278994322,0.038899026763990194,0.06266142616507575,0.07761557177615566,0.1350364963503649,0.0364963503649635
EU Power Grid — Paris,seamless,7.0,9,0.04033246310405446,0.014185625233097075,0.031194775259316097,0.0474452554744525,0.07109489051094887,0.10526590198123038,0.1970802919708029,0.0036496350364963
EU Power Grid — Paris,seamless,7.0,10,0.040219244498907666,0.01241075709947248,0.03020625967706255,0.032586027111574496,0.061486746062235816,0.07829683698296834,0.2262773722627737,0.0310218978102189
EU Power Grid — Paris,seamless,7.0,11,0.036746097288081314,0.012773722627737164,0.028004389103573283,0.03399923165578175,0.06045513095749241,0.07098540145985398,0.2244525547445255,0.0291970802919708
EU Power Grid — Paris,seamless,7.0,12,0.035976876764878166,0.013329825776546383,0.01989815988461031,0.03964505510233284,0.059443430656934255,0.06900617630544631,0.25,0.0200729927007299
EU Power Grid — Paris,seamless,7.0,13,0.03643641110341512,0.014212264904896318,0.027529574628744,0.03002898239587802,0.07132429614181436,0.11749677973379127,0.1970802919708029,0.0127737226277372
EU Power Grid — Paris,seamless,7.0,14,0.03551068250839142,0.012117720709680785,0.022506082725060793,0.03615684943133593,0.053852392538523856,0.06720542231491129,0.3156934306569343,0.0218978102189781
EU Power Grid — Paris,seamless,7.0,15,0.0354474132878682,0.01391256859715483,0.022582116788321137,0.03255706175414199,0.057953163017031614,0.10596107055961064,0.1970802919708029,0.0091240875912408
EU Power Grid — Paris,seamless,7.0,16,0.037565267195908046,0.014352123181842341,0.024330900243308935,0.04026763990267634,0.06423357664233573,0.09206204379562039,0.1441605839416058,0.0255474452554744
EU Power Grid — Paris,seamless,7.0,17,0.038184639565240444,0.012044461612232878,0.03109208309938229,0.04375111269360868,0.06483864771417593,0.0923357664233576,0.1295620437956204,0.010948905109489
EU Power Grid — Paris,seamless,7.0,18,0.03915365762693793,0.01346968405349241,0.033011360518083475,0.0430135557872784,0.08617589460566136,0.08739540680078332,0.2354014598540146,0.0346715328467153
EU Power Grid — Paris,seamless,7.0,19,0.04453487133038511,0.011461718791624434,0.0342805005213764,0.04185585378470024,0.057768508863399355,0.10340145985401454,0.22992700729927,0.041970802919708
EU Power Grid — Paris,seamless,7.0,20,0.03335952901060249,0.01571740636155358,0.0225022083778883,0.032643957826439515,0.057731463695735674,0.06883211678832109,0.2828467153284671,0.0237226277372262
EU Power Grid — Paris,seamless,7.0,21,0.035890297831530624,0.014402072566465914,0.021397046341877432,0.0334984358706986,0.04566098945660981,0.11343065693430651,0.3905109489051094,0.0218978102189781
EU Power Grid — Paris,seamless,7.0,22,0.03634983217006758,0.014195615110021776,0.021350364963503638,0.03765082675405924,0.049635036496350336,0.12136440202133628,0.3631386861313868,0.0218978102189781
EU Power Grid — Paris,seamless,7.0,23,0.039140337791038315,0.012417417017422288,0.035824049174029954,0.046323753041362464,0.06473808501502788,0.08163952835485676,0.1970802919708029,0.0091240875912408
EU Power Grid — Paris,seamless,7.0,24,0.0330565027438861,0.014748388299856086,0.021620120596635983,0.025518012714857492,0.05843978102189779,0.08223844282238434,0.2171532846715328,0.0255474452554744
EU Power Grid — Paris,seamless,7.0,25,0.03655961958548661,0.013483003889392027,0.02968462695715159,0.037138891744628325,0.06952554744525542,0.08905109489051087,0.1970802919708029,0.010948905109489
EU Power Grid — Paris,seamless,7.0,26,0.032124114230912576,0.015134663540945123,0.017651947676519415,0.030364963503649582,0.050844629822732,0.07235401459854011,0.3448905109489051,0.0182481751824817
EU Power Grid — Paris,seamless,7.0,27,0.03884397144227173,0.01324657680217374,0.02924387048474639,0.03439079169006173,0.06354927007299266,0.09621082009446108,0.2062043795620438,0.0346715328467153
EU Power Grid — Paris,seamless,7.0,28,0.03837111726783516,0.013249906761148643,0.026255903821382525,0.05692416869424166,0.06949947862356616,0.09379562043795617,0.1970802919708029,0.0054744525547445
EU Power Grid — Paris,seamless,7.0,29,0.04487119718685056,0.012220949437902874,0.0355839416058394,0.051010015277542,0.06902372262773716,0.08551824817518244,0.1295620437956204,0.010948905109489
EU Power Grid — Paris,seamless,7.0,30,0.03607011561617553,0.012930230699557718,0.02854252618216438,0.030752662438674097,0.06682887266828867,0.077956204379562,0.1970802919708029,0.0145985401459854
EU Power Grid — Paris,seamless,7.0,31,0.03930017582183378,0.015094704033246252,0.025853801481165704,0.030596107055961008,0.08031021897810217,0.09628953771289529,0.2372262773722627,0.0273722627737226
EU Power Grid — Paris,seamless,7.0,32,0.0366128989290851,0.012460706484096057,0.029965424510180524,0.037701418537391486,0.04655891553701766,0.08631386861313864,0.1970802919708029,0.0145985401459854
EU Power Grid — Paris,seamless,7.0,33,0.04198745271458246,0.013652831797112209,0.029912211481554513,0.049814794639938965,0.06870437956204373,0.08525547445255469,0.2445255474452554,0.0310218978102189
EU Power Grid — Paris,seamless,7.0,34,0.041561217965794546,0.013153337950876386,0.0325487859377327,0.04411764705882351,0.06996350364963498,0.08135878719820319,0.1295620437956204,0.0127737226277372
EU Power Grid — Paris,seamless,7.0,35,0.039050428898715885,0.012680483776439821,0.027707861397768246,0.051242053214033426,0.06625161013310431,0.09507299270072991,0.1441605839416058,0.0291970802919708
EU Power Grid — Paris,seamless,7.0,36,0.043722361340508185,0.010832356545367305,0.03150493774151989,0.05611313868613135,0.060401459854014496,0.0885401459854014,0.1295620437956204,0.0273722627737226
EU Power Grid — Paris,seamless,7.0,37,0.04010935585273581,0.011251931376205386,0.03312440495080922,0.047559306569343006,0.06317377877596851,0.0810827250608272,0.1295620437956204,0.0164233576642335
EU Power Grid — Paris,seamless,7.0,38,0.0368027065906547,0.013516303479141085,0.030214191695584494,0.037687283903188575,0.05715889949466589,0.061835245046923816,0.1970802919708029,0.0091240875912408
EU Power Grid — Paris,seamless,7.0,39,0.03495790931855711,0.013286536309872603,0.02417883211678825,0.04208139792081395,0.06208434712084341,0.07468978102189773,0.1295620437956204,0.010948905109489
EU Power Grid — Paris,seamless,7.0,40,0.03597354680590325,0.013855959294581431,0.03003550996251722,0.03828061638280608,0.062244525547445195,0.09737226277372255,0.1605839416058394,0.0383211678832116
EU Power Grid — Paris,seamless,7.0,41,0.03996616761681485,0.010852336299216734,0.026892047637341494,0.045045958367126195,0.06009732360097316,0.08890510948905102,0.1021897810218978,0.0273722627737226
EU Power Grid — Paris,seamless,7.0,42,0.04447160210986191,0.010202994299110181,0.03847323600973228,0.049675587996755845,0.06809376754632221,0.08620437956204377,0.1003649635036496,0.0255474452554744
EU Power Grid — Paris,seamless,7.0,43,0.03615003463157323,0.01718591826948686,0.015987703031498594,0.04717153284671526,0.07034063260340628,0.10973236009732358,0.395985401459854,0.0164233576642335
EU Power Grid — Paris,seamless,7.0,44,0.03183107784112089,0.013845969417656716,0.02414017072868977,0.026819287768192843,0.04817518248175176,0.07693430656934301,0.2135036496350364,0.0255474452554744
EU Power Grid — Paris,seamless,7.0,45,0.04429511428419193,0.011295220842879154,0.039281598155973804,0.04951338199513379,0.08852645985401456,0.09294403892944035,0.1678832116788321,0.0456204379562043
EU Power Grid — Paris,seamless,7.0,46,0.03517102669295104,0.01375939048430918,0.022506082725060793,0.0402577089229852,0.06498957247132428,0.08343383052999041,0.1843065693430657,0.0091240875912408
EU Power Grid — Paris,seamless,7.0,47,0.038101390590867826,0.013083408812403377,0.02524330900243303,0.03968978102189775,0.06705724164425655,0.08565997566909972,0.1441605839416058,0.0291970802919708
EU Power Grid — Paris,seamless,7.0,48,0.04127817145292761,0.010858996217166551,0.03315826953889972,0.04508372692142545,0.05922476717845453,0.07712895377128948,0.1222627737226277,0.0291970802919708
EU Power Grid — Paris,seamless,7.0,49,0.0390570888166657,0.01489490649475192,0.02428021086780204,0.05844783168741948,0.07239963503649634,0.12176094890510944,0.3175182481751825,0.0072992700729927
EU Power Grid — Paris,seamless,7.0,50,0.03750199797538485,0.013955858063828597,0.02507528967382976,0.035930027686886475,0.05425790754257901,0.10532846715328459,0.2518248175182481,0.0255474452554744
EU Power Grid — Paris,seamless,7.0,51,0.032174063615536166,0.016303479141136928,0.012663604329222223,0.03749999999999995,0.05660989456609891,0.08879562043795615,0.4105839416058394,0.0127737226277372
EU Power Grid — Paris,seamless,7.0,52,0.03990289839629166,0.012593904843092274,0.031436629064366214,0.04492205100477602,0.06949747332959005,0.08708029197080289,0.1970802919708029,0.0127737226277372
EU Power Grid — Paris,seamless,7.0,53,0.04095516543236177,0.012833661889285466,0.031213209324228792,0.03606698153714039,0.07591240875912403,0.087728102189781,0.2171532846715328,0.0328467153284671
EU Power Grid — Paris,seamless,7.0,54,0.037775054611327095,0.012310858330225313,0.03317850033178495,0.04045440526369893,0.06140145985401453,0.077956204379562,0.1970802919708029,0.0346715328467153
EU Power Grid — Paris,seamless,7.0,55,0.03508444775960351,0.01218764984815381,0.024726984665874432,0.02855453891230594,0.054075425790754195,0.0972992700729926,0.2043795620437956,0.0255474452554744
EU Power Grid — Paris,seamless,7.0,56,0.03614004475464853,0.014914886248601352,0.028255858624663833,0.03247466515484368,0.07370859067939356,0.09376520681265205,0.1970802919708029,0.0072992700729927
EU Power Grid — Paris,seamless,7.0,57,0.03231059193350728,0.015131333581970219,0.020393839736905405,0.04017322148382171,0.058053527980535265,0.0923965936739659,0.3175182481751825,0.010948905109489
EU Power Grid — Paris,seamless,7.0,58,0.038461026160157605,0.013992487612552555,0.027871358163328946,0.05535279805352791,0.06692518248175176,0.11701291409320604,0.1989051094890511,0.0291970802919708
EU Power Grid — Paris,seamless,7.0,59,0.033236320528531,0.012327508125099846,0.024357346874008184,0.03198797767282089,0.05481751824817512,0.07440389294403887,0.1970802919708029,0.0091240875912408
EU Power Grid — Paris,seamless,7.0,60,0.040612179657946515,0.011145372689008415,0.03151214729273334,0.039493313442378324,0.055517389437526786,0.07428223844282232,0.1587591240875912,0.0291970802919708
EU Power Grid — Paris,seamless,7.0,61,0.033972241461985096,0.01402911716127651,0.027440864936062757,0.03131002689204756,0.06252281021897806,0.11270072992700723,0.1970802919708029,0.0072992700729927
EU Power Grid — Paris,seamless,7.0,62,0.03945668389365434,0.01050269060685167,0.03193430656934299,0.04165496911847273,0.055139902676398976,0.11149635036496343,0.1003649635036496,0.0346715328467153
EU Power Grid — Paris,seamless,7.0,63,0.0336792050721934,0.013246576802173745,0.022273507943323296,0.03031551683541318,0.053467153284671456,0.10532846715328459,0.3357664233576642,0.0182481751824817
EU Power Grid — Paris,seamless,7.0,64,0.042593505248015244,0.013283206350897697,0.03695255474452552,0.05286971302869705,0.07590411413404108,0.09182481751824811,0.1970802919708029,0.0054744525547445
EU Power Grid — Paris,seamless,7.0,65,0.031831077841120894,0.014555250679311573,0.01786534633249956,0.03430656934306566,0.047485806974858005,0.0885644768856447,0.2518248175182481,0.0182481751824817
EU Power Grid — Paris,seamless,7.0,66,0.04079532740156633,0.014711758751132129,0.023306441285695933,0.05401459854014591,0.07817518248175179,0.09379562043795618,0.2208029197080291,0.0200729927007299
EU Power Grid — Paris,seamless,7.0,67,0.0377284351856784,0.010722467899195428,0.024984907524285106,0.04445633022904603,0.0507697412076974,0.07632299270072987,0.1970802919708029,0.0255474452554744
EU Power Grid — Paris,seamless,7.0,68,0.035380814108370094,0.013776040279183707,0.028839272935451542,0.04107498341074979,0.05796076642335765,0.08271400132713994,0.1970802919708029,0.0036496350364963
EU Power Grid — Paris,seamless,7.0,69,0.037162342159944496,0.013256566679098455,0.022984011122697205,0.030802919708029126,0.05944849959448494,0.10109489051094886,0.291970802919708,0.0237226277372262
EU Power Grid — Paris,seamless,7.0,70,0.03868413341147627,0.012021151899408545,0.03223259404828742,0.0392791970802919,0.0636363636363636,0.0895255474452554,0.1806569343065693,0.0328467153284671
EU Power Grid — Paris,seamless,7.0,71,0.03665285843678397,0.013952528104853689,0.027169505271695024,0.03635862828811458,0.05980187695516156,0.06711552982632764,0.1897810218978102,0.0364963503649635
EU Power Grid — Paris,seamless,7.0,72,0.03733550002663958,0.011704805796792526,0.029966925182481716,0.0409280500521376,0.06154848800834196,0.09051094890510941,0.1277372262773722,0.0346715328467153
EU Power Grid — Paris,seamless,7.0,73,0.03597687676487816,0.014538600884437043,0.0213726188356774,0.032593268450932626,0.054447147877804754,0.10331074035453591,0.3722627737226277,0.0218978102189781
EU Power Grid — Paris,seamless,7.0,74,0.03520765624167502,0.01370278118173578,0.021239229460512585,0.03599710783638616,0.05093268450932683,0.08781021897810216,0.2317518248175182,0.0218978102189781
EU Power Grid — Paris,seamless,7.0,75,0.0341587191645798,0.013572912781714474,0.022552515740792305,0.028860929696504025,0.056792376317923735,0.08065693430656931,0.2372262773722627,0.0237226277372262
EU Power Grid — Paris,seamless,7.0,76,0.03719897170866844,0.01394586818690388,0.02911774039987305,0.039051094890510875,0.06509191673425248,0.0727604512276045,0.1970802919708029,0.0091240875912408
EU Power Grid — Paris,seamless,7.0,77,0.03752197772923427,0.011514998135222915,0.024396072297532084,0.04935908848139573,0.062481751824817466,0.08525547445255469,0.1295620437956204,0.0200729927007299
EU Power Grid — Paris,seamless,7.0,78,0.040698758591294064,0.014864936863977777,0.033223844282238395,0.03616456536164564,0.07189781021897806,0.12978102189781018,0.2427007299270072,0.0346715328467153
EU Power Grid — Paris,seamless,7.0,79,0.04675595396664704,0.01109542330438483,0.03578923357664232,0.057123718007946016,0.06328467153284667,0.12141119221411185,0.1368613138686131,0.0583941605839416
EU Power Grid — Paris,seamless,7.0,80,0.03901712930896681,0.015451009643561128,0.031538007815380006,0.046084936960849296,0.08060479666319079,0.0954877239548772,0.1970802919708029,0.0072992700729927
EU Power Grid — Paris,seamless,7.0,81,0.03128163461026149,0.014631839735734396,0.023973366022176333,0.03142107664233569,0.046819603753910255,0.08058394160583938,0.2043795620437956,0.0255474452554744
EU Power Grid — Paris,seamless,7.0,82,0.0372922105599658,0.014288853961319138,0.022344704305079677,0.030565693430656866,0.058172008886067904,0.1283211678832116,0.260948905109489,0.0237226277372262
EU Power Grid — Paris,seamless,7.0,83,0.04106505407853366,0.012730433161063395,0.034818695549799834,0.038686131386861236,0.08110777157578355,0.10871350364963502,0.2062043795620438,0.0364963503649635
EU Power Grid — Paris,seamless,7.0,84,0.03947666364750376,0.015510948905109428,0.02598540145985397,0.037851929092804944,0.08510492700729921,0.09112980006347185,0.2135036496350364,0.0273722627737226
EU Power Grid — Paris,seamless,7.0,85,0.03270352709254613,0.013825989663807279,0.018087751664393945,0.033769150557471685,0.05844629822732011,0.07105175846051755,0.1970802919708029,0.0072992700729927
EU Power Grid — Paris,seamless,7.0,86,0.03982297938089392,0.01221761947892797,0.02512990226401083,0.048276817887831426,0.07325628548256284,0.07464517437145167,0.2007299270072992,0.0255474452554744
EU Power Grid — Paris,seamless,7.0,87,0.03979300975011978,0.012850311684159994,0.027904501216544992,0.03857286685124583,0.064963503649635,0.11481751824817513,0.1295620437956204,0.0218978102189781
EU Power Grid — Paris,seamless,7.0,88,0.03880068197559796,0.013935878309979164,0.03841240875912401,0.04362782112593338,0.06502433090024329,0.0729542835190165,0.1441605839416058,0.0437956204379562
EU Power Grid — Paris,seamless,7.0,89,0.034871330385209544,0.01374607064840956,0.024990249066696325,0.03525013352323302,0.04233576642335759,0.09608967674661098,0.1989051094890511,0.0255474452554744
EU Power Grid — Paris,seamless,7.0,90,0.04146797911449722,0.011674836166018379,0.04017363415173628,0.04248175182481749,0.06742700729927,0.10824817518248171,0.2171532846715328,0.041970802919708
EU Power Grid — Paris,seamless,7.0,91,0.04228381906334905,0.010888965847940696,0.036268248175182476,0.05026763990267638,0.057439640651319464,0.08774765380604795,0.1295620437956204,0.010948905109489
EU Power Grid — Paris,seamless,7.0,92,0.03923357664233567,0.013519633438115986,0.025449687174139674,0.046740212342402054,0.06970802919708019,0.09444734098018769,0.1970802919708029,0.0164233576642335
EU Power Grid — Paris,seamless,7.0,93,0.037202301667643364,0.012157680217379662,0.030441274054412683,0.03761685234985268,0.06410218978102186,0.08142741281427407,0.1970802919708029,0.0164233576642335
EU Power Grid — Paris,seamless,7.0,94,0.03990955831424146,0.014238904576695554,0.024939172749391666,0.043065693430656915,0.07011592958351219,0.07656123276561227,0.1970802919708029,0.0200729927007299
EU Power Grid — Paris,seamless,7.0,95,0.03890391070382003,0.016050402259044107,0.022679874869655857,0.03886861313868605,0.0969316031359826,0.1031282586027111,0.2390510948905109,0.0237226277372262
EU Power Grid — Paris,seamless,7.0,96,0.03696920453939997,0.011894613458362135,0.024994470249944643,0.03548687684423045,0.06023301516002238,0.09364963503649631,0.1660583941605839,0.0255474452554744
EU Power Grid — Paris,seamless,7.0,97,0.03267355746177198,0.012713783366188875,0.01817974452554739,0.03075354229282947,0.055948905109489015,0.08352798053527974,0.1441605839416058,0.0182481751824817
EU Power Grid — Paris,seamless,7.0,98,0.03757192711385786,0.01188129362246251,0.02393172141119214,0.04760867196862398,0.06303134392443104,0.08453467153284666,0.1660583941605839,0.0218978102189781
EU Power Grid — Paris,seamless,7.0,99,0.041874234109435665,0.013895918802280298,0.02664812883790982,0.0501824817518248,0.07695115103874223,0.1023266423357664,0.1897810218978102,0.0273722627737226
EU Power Grid — Paris,seamless,7.0,100,0.040712078427193696,0.010832356545367308,0.028947105289471045,0.049087591240875875,0.05602189781021893,0.08978102189781013,0.1167883211678832,0.0291970802919708
EU Power Grid — Paris,seamless,8.0,1,0.03177779849752242,0.013642841920187481,0.022810218978102148,0.029399837793998358,0.052272727272727214,0.06624087591240871,0.1989051094890511,0.0291970802919708
EU Power Grid — Paris,seamless,8.0,2,0.03511774734935255,0.014305503756193674,0.021978913219789127,0.02878234903782348,0.05625805066552165,0.09072992700729919,0.3248175182481752,0.0182481751824817
EU Power Grid — Paris,seamless,8.0,3,0.03796819223187162,0.011355160104427452,0.027551166451982228,0.0359377327573365,0.052637155639274714,0.07621654501216539,0.1295620437956204,0.0218978102189781
EU Power Grid — Paris,seamless,8.0,4,0.03774841493952785,0.011488358463423677,0.0329941753299417,0.04051094890510944,0.04756690997566903,0.07914494264859226,0.1715328467153284,0.0346715328467153
EU Power Grid — Paris,seamless,8.0,5,0.03474812190313806,0.012350817837924188,0.024326524182114093,0.04075425790754251,0.06056247316444818,0.0761313868613138,0.2518248175182481,0.0255474452554744
EU Power Grid — Paris,seamless,8.0,6,0.04275667323778561,0.012454046566146248,0.028808184755294952,0.053915063039150564,0.09346907414521703,0.10698905109489047,0.1970802919708029,0.010948905109489
EU Power Grid — Paris,seamless,8.0,7,0.0336658852362938,0.015267861899941336,0.027581668062701903,0.03565635499942068,0.05299270072992692,0.0795620437956204,0.1970802919708029,0.0036496350364963
EU Power Grid — Paris,seamless,8.0,8,0.03920693697053642,0.013050109222654323,0.031341240875912335,0.03978895588701993,0.07587765033020501,0.08016423357664232,0.1970802919708029,0.0127737226277372
EU Power Grid — Paris,seamless,8.0,9,0.03375579412861624,0.01390590867920501,0.02600364963503645,0.030569878791937257,0.06224286662242861,0.07682481751824813,0.1970802919708029,0.0310218978102189
EU Power Grid — Paris,seamless,8.0,10,0.032080824764238805,0.014981485428099465,0.022720473854253884,0.031097931873479236,0.050905650175723155,0.08309002433090015,0.2080291970802919,0.0237226277372262
EU Power Grid — Paris,seamless,8.0,11,0.03571048004688573,0.01138845969417651,0.03287930135557867,0.03797541298501722,0.04939172749391723,0.08407846715328461,0.1843065693430657,0.0091240875912408
EU Power Grid — Paris,seamless,8.0,12,0.033822393308114346,0.013070088976503752,0.026026085915998518,0.0401459854014598,0.047664233576642276,0.10428002654280018,0.2153284671532846,0.0273722627737226
EU Power Grid — Paris,seamless,8.0,13,0.03715235228301979,0.013892588843305386,0.0291970802919708,0.04335514724389629,0.052807411566535574,0.06560218978102188,0.1970802919708029,0.0072992700729927
EU Power Grid — Paris,seamless,8.0,14,0.0374686983856358,0.012530635622569073,0.03127951910691276,0.0403425042111173,0.07731014132629285,0.07837397111352691,0.1970802919708029,0.0091240875912408
EU Power Grid — Paris,seamless,8.0,15,0.03292330438488988,0.012497336032820017,0.023259997943867527,0.027425933877200485,0.050391668150258126,0.07031630170316296,0.2518248175182481,0.0237226277372262
EU Power Grid — Paris,seamless,8.0,16,0.03878403218072343,0.010875646012041072,0.027948520937379928,0.044125101378750996,0.06138686131386853,0.0763746958637469,0.125912408759124,0.0456204379562043
EU Power Grid — Paris,seamless,8.0,17,0.03684266609835357,0.010582609622249394,0.03109345928152275,0.0364591091911217,0.045337885566282016,0.06358475263584748,0.0948905109489051,0.0091240875912408
EU Power Grid — Paris,seamless,8.0,18,0.0389338803345942,0.012344157919974365,0.030383211678832064,0.042563276139918456,0.06212200208550568,0.07171532846715326,0.1441605839416058,0.0364963503649635
EU Power Grid — Paris,seamless,8.0,19,0.0374786882625605,0.012683813735414724,0.02547588378417055,0.0394925034523574,0.0667173560421735,0.07241918665276328,0.1496350364963503,0.0401459854014598
EU Power Grid — Paris,seamless,8.0,20,0.03607677553412531,0.010732457776120146,0.0273722627737226,0.03576642335766421,0.058215402949500956,0.07567778936392068,0.2171532846715328,0.0328467153284671
EU Power Grid — Paris,seamless,8.0,21,0.03535417443657085,0.013286536309872598,0.02874087591240875,0.03244120032441194,0.07131386861313865,0.07454379562043788,0.2062043795620438,0.0310218978102189
EU Power Grid — Paris,seamless,8.0,22,0.03752530768820919,0.010166364750386216,0.02796605260108908,0.044343065693430626,0.05631251689645847,0.06532846715328465,0.2171532846715328,0.0291970802919708
EU Power Grid — Paris,seamless,8.0,23,0.031484762107730734,0.013289866268847506,0.021013389458600137,0.026763990267639867,0.04801650269755628,0.07944038929440385,0.2883211678832116,0.0218978102189781
EU Power Grid — Paris,seamless,8.0,24,0.03598686664180288,0.013562922904789755,0.026327519919763707,0.03076845093268444,0.07155717761557175,0.1006569343065693,0.2372262773722627,0.0273722627737226
EU Power Grid — Paris,seamless,8.0,25,0.032287282220682945,0.01281701209441094,0.019440527538155238,0.038523925385239174,0.052541710114702746,0.06806569343065685,0.2810218978102189,0.0200729927007299
EU Power Grid — Paris,seamless,8.0,26,0.03368919494911812,0.013263226597048264,0.028132603406326017,0.03940165194006908,0.0587069864442127,0.08786496350364961,0.1970802919708029,0.0054744525547445
EU Power Grid — Paris,seamless,8.0,27,0.04038241248867805,0.010992194576162765,0.037082898852971814,0.041623218630517864,0.05809360240446542,0.07536496350364955,0.114963503649635,0.0401459854014598
EU Power Grid — Paris,seamless,8.0,28,0.03738211945228826,0.012893601150833763,0.031249999999999924,0.03829075425790746,0.06070559610705588,0.07718978102189775,0.1970802919708029,0.0145985401459854
EU Power Grid — Paris,seamless,8.0,29,0.03933680537055773,0.012976850125206402,0.031123276561232687,0.03850007156147123,0.07906436629064365,0.08182481751824809,0.1624087591240876,0.0346715328467153
EU Power Grid — Paris,seamless,8.0,30,0.03857424476530438,0.012913580904683199,0.03000214684413908,0.04513888888888883,0.06845672575599576,0.09256386861313864,0.1167883211678832,0.0456204379562043
EU Power Grid — Paris,seamless,8.0,31,0.03218072353348597,0.012004502104534015,0.0218605690451363,0.032613759900605624,0.04538199513381988,0.06551094890510947,0.1970802919708029,0.010948905109489
EU Power Grid — Paris,seamless,8.0,32,0.03766516596515521,0.013229927007299205,0.02780674313521027,0.03218978102189775,0.05647810218978099,0.11917274939172741,0.2171532846715328,0.0291970802919708
EU Power Grid — Paris,seamless,8.0,33,0.035550642016090275,0.013423064627843725,0.026620867325032164,0.03490699317165055,0.05841443633414435,0.09946215904725311,0.2007299270072992,0.0346715328467153
EU Power Grid — Paris,seamless,8.0,34,0.03411875965688093,0.014368772976716864,0.021082466221462946,0.028102189781021875,0.08864051094890506,0.09105046017137411,0.2171532846715328,0.0218978102189781
EU Power Grid — Paris,seamless,8.0,35,0.035444083328893296,0.014002477489477267,0.02741605839416056,0.04166666666666663,0.06266558529332247,0.08660583941605837,0.2135036496350364,0.0291970802919708
EU Power Grid — Paris,seamless,8.0,36,0.03401553092865885,0.013915898556129742,0.020336368425013143,0.03142397624644308,0.047518248175182416,0.11068821689259639,0.333941605839416,0.0182481751824817
EU Power Grid — Paris,seamless,8.0,37,0.04262680483776431,0.014268874207469707,0.030175021171915912,0.03912623443537992,0.05846715328467151,0.12135996926623122,0.2901459854014598,0.0310218978102189
EU Power Grid — Paris,seamless,8.0,38,0.040958495391336676,0.011381799776226699,0.03411394971613946,0.03961112509438705,0.056227925594537286,0.09178832116788316,0.1423357664233576,0.0383211678832116
EU Power Grid — Paris,seamless,8.0,39,0.03454499440566883,0.011708135755767431,0.02547141119221406,0.028271820705253404,0.0693673965936739,0.07791970802919704,0.1660583941605839,0.0273722627737226
EU Power Grid — Paris,seamless,8.0,40,0.03298657360541308,0.01571074644360376,0.025800892133008874,0.034932221063607896,0.06947187634177752,0.08999999999999991,0.1970802919708029,0.0036496350364963
EU Power Grid — Paris,seamless,8.0,41,0.03136488358463416,0.013466354094517496,0.02616865972977166,0.028670455102140783,0.05257907542579069,0.06557177615571774,0.1970802919708029,0.0054744525547445
EU Power Grid — Paris,seamless,8.0,42,0.03644973093931473,0.015530928658958863,0.03132603406326027,0.03659772911597728,0.06091572660915719,0.09726277372262765,0.1970802919708029,0.0091240875912408
EU Power Grid — Paris,seamless,8.0,43,0.03819462944216518,0.01149501838137348,0.023105788012747968,0.04203163017031627,0.062291028961619914,0.08227320125130336,0.1295620437956204,0.0218978102189781
EU Power Grid — Paris,seamless,8.0,44,0.042683414140337696,0.011305210719803872,0.02891633913531723,0.04850973236009728,0.05827250608272505,0.12347291586630808,0.1003649635036496,0.0218978102189781
EU Power Grid — Paris,seamless,8.0,45,0.0385709148063295,0.014372102935691765,0.02180702327777172,0.029154969118472762,0.05970802919708023,0.09640510948905102,0.3503649635036496,0.0218978102189781
EU Power Grid — Paris,seamless,8.0,46,0.038377777185784966,0.01464182961265911,0.03304606514138497,0.04104343663994252,0.06166579770594363,0.11296836982968364,0.2116788321167883,0.0346715328467153
EU Power Grid — Paris,seamless,8.0,47,0.038690793329426085,0.010968884863338428,0.026835551738943718,0.04803013288414743,0.07782846715328463,0.08742903487429034,0.1624087591240876,0.0310218978102189
EU Power Grid — Paris,seamless,8.0,48,0.038710773083275515,0.01387926900740577,0.03609083536090834,0.04251148959178154,0.0640693430656934,0.09708029197080283,0.2153284671532846,0.0383211678832116
EU Power Grid — Paris,seamless,8.0,49,0.036283232990569465,0.010888965847940692,0.031751824817518176,0.036342450092340155,0.048566850632009925,0.08087591240875908,0.1441605839416058,0.0364963503649635
EU Power Grid — Paris,seamless,8.0,50,0.039077068570515114,0.011674836166018387,0.0310218978102189,0.0337591240875912,0.06742700729927,0.08700412567438906,0.2171532846715328,0.0328467153284671
EU Power Grid — Paris,seamless,8.0,51,0.034178698918429215,0.011801374607064777,0.02756502518762206,0.038543706604949185,0.0434025828186412,0.08248175182481743,0.25,0.0291970802919708
EU Power Grid — Paris,seamless,8.0,52,0.039629841760349414,0.012460706484096057,0.02656123276561229,0.0458526874585268,0.06354206684594695,0.07189781021897806,0.2208029197080291,0.0273722627737226
EU Power Grid — Paris,seamless,8.0,53,0.040682108796419536,0.012540625499493786,0.0328467153284671,0.04177983364454249,0.05648346930012878,0.09438273563947952,0.1295620437956204,0.0218978102189781
EU Power Grid — Paris,seamless,8.0,54,0.03640977143161587,0.014055756833075757,0.02342525006758577,0.03259208962824642,0.06503649635036493,0.08959854014598533,0.2390510948905109,0.0237226277372262
EU Power Grid — Paris,seamless,8.0,55,0.03697253449837489,0.012926900740582807,0.027786297000552025,0.04176024705221782,0.057956204379562025,0.07723954877239544,0.2080291970802919,0.0291970802919708
EU Power Grid — Paris,seamless,8.0,56,0.040002797165538825,0.011548297724971976,0.025327918335985897,0.0485788542357885,0.05518248175182477,0.08491484184914835,0.1843065693430657,0.0255474452554744
EU Power Grid — Paris,seamless,8.0,57,0.03650634024188814,0.014738398422931362,0.02124481179333046,0.037780481211138084,0.0698106751824817,0.09167883211678828,0.3631386861313868,0.0218978102189781
EU Power Grid — Paris,seamless,8.0,58,0.035600591400713845,0.013726090894560124,0.029211117349803476,0.032481751824817454,0.05671272158498433,0.08260340632603397,0.25,0.0182481751824817
EU Power Grid — Paris,seamless,8.0,59,0.041824284724812096,0.011268581171079914,0.030616382806163762,0.04986965589155368,0.06322992700729922,0.085279805352798,0.125912408759124,0.0145985401459854
EU Power Grid — Paris,seamless,8.0,60,0.03657293942138624,0.013359795407320518,0.027911413404114113,0.030656934306569277,0.05251180764276507,0.08149113660062558,0.22992700729927,0.0291970802919708
EU Power Grid — Paris,seamless,8.0,61,0.03753196760615899,0.013166657786776005,0.02979014598540143,0.03381995133819947,0.058302919708029186,0.08918626655852926,0.1441605839416058,0.0310218978102189
EU Power Grid — Paris,seamless,8.0,62,0.034551654323618626,0.014195615110021794,0.022434521253756952,0.03270072992700724,0.05750202757502026,0.09137773722627732,0.1970802919708029,0.0127737226277372
EU Power Grid — Paris,seamless,8.0,63,0.035307555010922156,0.011078773509510302,0.025775547445255426,0.030364963503649582,0.051277372262773686,0.07796532846715325,0.1806569343065693,0.0273722627737226
EU Power Grid — Paris,seamless,8.0,64,0.03819129948319027,0.01077241728381901,0.031858272506082655,0.03754912970241432,0.04726277372262767,0.06693860025762123,0.1295620437956204,0.0328467153284671
EU Power Grid — Paris,seamless,8.0,65,0.03823125899088914,0.01351630347914108,0.02847107762342044,0.034601347557551905,0.060510948905109406,0.09890510948905103,0.1861313868613138,0.0346715328467153
EU Power Grid — Paris,seamless,8.0,66,0.038364457349885354,0.013542943150940324,0.027600364963503626,0.05170316301703159,0.06514598540145983,0.09034063260340626,0.1843065693430657,0.0072992700729927
EU Power Grid — Paris,seamless,8.0,67,0.03678605679578017,0.011358490063402359,0.029585339338406565,0.03984184914841843,0.062061174834897405,0.10821167883211674,0.1368613138686131,0.0310218978102189
EU Power Grid — Paris,seamless,8.0,68,0.036869305770152815,0.011095423304384828,0.029004213399798223,0.030779439538563557,0.07506843065693422,0.08175182481751818,0.2153284671532846,0.0291970802919708
EU Power Grid — Paris,seamless,8.0,69,0.034721482231338814,0.012743752996963018,0.023755213764337774,0.03393763884481113,0.0549452554744525,0.07810218978102186,0.1551094890510949,0.0346715328467153
EU Power Grid — Paris,seamless,8.0,70,0.0349545793595822,0.013955858063828593,0.02464407024644064,0.0289922538358409,0.05971498088286403,0.0910086264100862,0.1824817518248175,0.0255474452554744
EU Power Grid — Paris,seamless,8.0,71,0.03422864830305282,0.012474026319995673,0.02486313868613132,0.030135557872784106,0.053041362530413534,0.09919708029197075,0.1970802919708029,0.0145985401459854
EU Power Grid — Paris,seamless,8.0,72,0.03653963983163717,0.012943550535457345,0.02611885276118848,0.03790406673618346,0.06717153284671526,0.08323774765380597,0.1970802919708029,0.0164233576642335
EU Power Grid — Paris,seamless,8.0,73,0.04248028664286847,0.01194456284298572,0.02848742903487428,0.05937675463222904,0.07999999999999997,0.09447340980187695,0.1824817518248175,0.0291970802919708
EU Power Grid — Paris,seamless,8.0,74,0.04162781714529268,0.013006819755980552,0.034443430656934275,0.04866180048661796,0.06954442486785799,0.1031630170316301,0.1970802919708029,0.0091240875912408
EU Power Grid — Paris,seamless,8.0,75,0.035334194682721407,0.011924583089136284,0.027198470629127534,0.030607675428776078,0.05588152723189216,0.10050182481751821,0.1660583941605839,0.0310218978102189
EU Power Grid — Paris,seamless,8.0,76,0.037215621503542975,0.012260908945601732,0.027792260456494012,0.038534063260340555,0.060247052217855056,0.07830748175182478,0.2171532846715328,0.0291970802919708
EU Power Grid — Paris,seamless,8.0,77,0.036772736959880564,0.012230939314827582,0.026479833768447935,0.029053015751056465,0.06194994786235656,0.07923025879230257,0.2390510948905109,0.0273722627737226
EU Power Grid — Paris,seamless,8.0,78,0.03356931642602154,0.012304198412275504,0.02719235118741644,0.029008306065945122,0.045337885566282016,0.07761557177615566,0.1934306569343065,0.0291970802919708
EU Power Grid — Paris,seamless,8.0,79,0.0378416537908252,0.01367281155096163,0.028723979453906447,0.04646767466110525,0.06081940193077459,0.07288842544316995,0.1843065693430657,0.0072992700729927
EU Power Grid — Paris,seamless,8.0,80,0.03503116841600501,0.013845969417656716,0.0200729927007299,0.03933064140394464,0.056456078530077995,0.10131386861313865,0.1970802919708029,0.0091240875912408
EU Power Grid — Paris,seamless,8.0,81,0.030625632692205126,0.015314481325590011,0.017487834549878283,0.03518376232552181,0.053041362530413534,0.09864963503649629,0.2974452554744525,0.0182481751824817
EU Power Grid — Paris,seamless,8.0,82,0.034614923544141835,0.013126698279077148,0.029758562605277906,0.03302050747306216,0.05479666319082371,0.0764100862641008,0.2153284671532846,0.0328467153284671
EU Power Grid — Paris,seamless,8.0,83,0.03442511588257224,0.01255727529436831,0.022957381681186675,0.03506823230720404,0.05307612095933256,0.07144160583941603,0.3302919708029197,0.0237226277372262
EU Power Grid — Paris,seamless,8.0,84,0.04200077255048208,0.014978155469124557,0.03551876955161625,0.051438696710039124,0.062226277372262696,0.10515242593387712,0.1970802919708029,0.0091240875912408
EU Power Grid — Paris,seamless,8.0,85,0.03774508498055294,0.012630534391816236,0.02575599582898848,0.039100053409293144,0.05131386861313867,0.14435523114355228,0.1897810218978102,0.0273722627737226
EU Power Grid — Paris,seamless,8.0,86,0.036023496190526846,0.012533965581543979,0.02561872718978097,0.0383211678832116,0.05357664233576635,0.0761313868613138,0.22992700729927,0.0273722627737226
EU Power Grid — Paris,seamless,8.0,87,0.039003809473067204,0.011271911130054817,0.0348018769551616,0.038523925385239174,0.0572384428223844,0.07948905109489049,0.1824817518248175,0.0364963503649635
EU Power Grid — Paris,seamless,8.0,88,0.038770712344823814,0.012214289519953054,0.026445371335882244,0.04600461006530918,0.056111197390899176,0.09832725060827244,0.1295620437956204,0.0145985401459854
EU Power Grid — Paris,seamless,8.0,89,0.03411542969790603,0.012307528371250405,0.021146414770287662,0.043006510159794814,0.05057785888077857,0.07874087591240873,0.1970802919708029,0.0054744525547445
EU Power Grid — Paris,seamless,8.0,90,0.037788374447226714,0.012647184186690764,0.034718930704332136,0.039684284583589774,0.05693430656934299,0.08426601784266012,0.1970802919708029,0.010948905109489
EU Power Grid — Paris,seamless,8.0,91,0.03925022643721019,0.0141423357664233,0.027952886529528848,0.03975024184328549,0.08293795620437948,0.12019464720194639,0.1970802919708029,0.0091240875912408
EU Power Grid — Paris,seamless,8.0,92,0.03948665352442849,0.012294208535350782,0.034803766000211546,0.041234989404285334,0.06463503649635033,0.08999999999999991,0.1295620437956204,0.0164233576642335
EU Power Grid — Paris,seamless,8.0,93,0.03832449784218649,0.010725797858170327,0.032004491858506394,0.03617159470493628,0.05693430656934299,0.06642335766423352,0.2098540145985401,0.0364963503649635
EU Power Grid — Paris,seamless,8.0,94,0.038797352016623064,0.01634343864883579,0.028005670507329414,0.04854014598540142,0.07709489051094885,0.08536828135368277,0.2080291970802919,0.0291970802919708
EU Power Grid — Paris,seamless,8.0,95,0.03977635995524525,0.012374127550748518,0.028436739659367383,0.04415168239273631,0.062371004278882404,0.0666666666666666,0.1934306569343065,0.0200729927007299
EU Power Grid — Paris,seamless,8.0,96,0.03456497415951825,0.01393920826895407,0.02453365774533651,0.03199513381995127,0.057140590288797186,0.10975447909754477,0.1989051094890511,0.0255474452554744
EU Power Grid — Paris,seamless,8.0,97,0.04365909211998498,0.011947892801960621,0.027052919708029165,0.05693430656934304,0.08259580291970794,0.10599582898852966,0.1587591240875912,0.0164233576642335
EU Power Grid — Paris,seamless,8.0,98,0.033203020938781934,0.013709441099685596,0.02418944152096411,0.03315085158150846,0.046819603753910255,0.07417883211678826,0.2262773722627737,0.0255474452554744
EU Power Grid — Paris,seamless,8.0,99,0.033835713144013964,0.01458189035111082,0.024374348279457697,0.04413177103342295,0.05479666319082371,0.07430656934306562,0.2062043795620438,0.0273722627737226
EU Power Grid — Paris,seamless,8.0,100,0.03692591507272621,0.011351830145452544,0.02761462135036494,0.03424216401889219,0.06664233576642331,0.07632299270072987,0.2244525547445255,0.0291970802919708
EU Power Grid — Paris,seamless,9.0,1,0.03191099685651863,0.013483003889392024,0.026034063260340586,0.02891519791110319,0.06402302077484555,0.077956204379562,0.2153284671532846,0.0291970802919708
EU Power Grid — Paris,seamless,9.0,2,0.03571713996483553,0.012004502104534014,0.026850886339937402,0.0364963503649635,0.05401459854014592,0.10004562043795616,0.1295620437956204,0.010948905109489
EU Power Grid — Paris,seamless,9.0,3,0.034038840641483194,0.013722760935585221,0.019722066254912938,0.040419708029197025,0.05444248678580412,0.07457888826501959,0.1970802919708029,0.0127737226277372
EU Power Grid — Paris,seamless,9.0,4,0.03316972134903287,0.011981192391709677,0.020875912408759106,0.024996198296836924,0.06083738848337381,0.06624087591240871,0.2098540145985401,0.0218978102189781
EU Power Grid — Paris,seamless,9.0,5,0.03173450903084864,0.013249906761148643,0.025091240875912347,0.035926094890510935,0.04748175182481745,0.0851459854014598,0.1970802919708029,0.0054744525547445
EU Power Grid — Paris,seamless,9.0,6,0.03731552027279014,0.014069076668975373,0.029615890869929377,0.043947688564476874,0.05467749143452996,0.10419708029197072,0.1970802919708029,0.0072992700729927
EU Power Grid — Paris,seamless,9.0,7,0.03185771751292014,0.010908945601790124,0.021669708029197075,0.0269096329803639,0.06043795620437948,0.08309002433090015,0.1295620437956204,0.0164233576642335
EU Power Grid — Paris,seamless,9.0,8,0.03753529756513389,0.013499653684266553,0.029893828798938253,0.035881674990395684,0.06220020855057346,0.08195711678832109,0.1952554744525547,0.0310218978102189
EU Power Grid — Paris,seamless,9.0,9,0.03528757525707272,0.011847994032713461,0.024385210288494892,0.03365774533657741,0.06177007299270066,0.0673278324341478,0.3010948905109489,0.0255474452554744
EU Power Grid — Paris,seamless,9.0,10,0.03352269700037286,0.014305503756193657,0.0260688216892596,0.03498308705714792,0.05627737226277368,0.07536496350364955,0.2171532846715328,0.0273722627737226
EU Power Grid — Paris,seamless,9.0,11,0.036436411103415105,0.01210440087378117,0.027968837731611434,0.03619606393791,0.0547673357664233,0.09575078206465062,0.1970802919708029,0.0164233576642335
EU Power Grid — Paris,seamless,9.0,12,0.033379508764451914,0.013033459427779797,0.029927007299270038,0.03448773827653203,0.053467153284671456,0.0633576642335766,0.1970802919708029,0.0036496350364963
EU Power Grid — Paris,seamless,9.0,13,0.03614337471362344,0.012051121530182687,0.0291970802919708,0.04116898916168985,0.05591240875912403,0.07954176804541765,0.1970802919708029,0.0072992700729927
EU Power Grid — Paris,seamless,9.0,14,0.03497122915445673,0.012184319889178907,0.028248175182481735,0.035003317850033154,0.06757038581856091,0.0831630170316301,0.1806569343065693,0.0291970802919708
EU Power Grid — Paris,seamless,9.0,15,0.03645306089828963,0.01201116202248382,0.027621101526210994,0.030220758411963634,0.06795835122370109,0.07536496350364955,0.2171532846715328,0.0291970802919708
EU Power Grid — Paris,seamless,9.0,16,0.037595236826682206,0.012993499920080923,0.03208637469586368,0.03646568116297613,0.05444248678580412,0.07536496350364955,0.1989051094890511,0.0364963503649635
EU Power Grid — Paris,seamless,9.0,17,0.03797485214982143,0.014398742607491008,0.030158543285456356,0.04225893200153666,0.056630170316301666,0.08923357664233568,0.1843065693430657,0.0072992700729927
EU Power Grid — Paris,seamless,9.0,18,0.044987745750972245,0.012061111407107404,0.04210766423357661,0.0464977540707467,0.07107664233576638,0.09463503649635036,0.1295620437956204,0.0200729927007299
EU Power Grid — Paris,seamless,9.0,19,0.040958495391336676,0.011115403058234266,0.029710310218978075,0.04909509049095087,0.05548661800486614,0.07947080291970801,0.2153284671532846,0.0255474452554744
EU Power Grid — Paris,seamless,9.0,20,0.035593931482764046,0.014205604986946492,0.024406934306569275,0.038412408759124,0.04368235590234079,0.09713242961418134,0.1970802919708029,0.0072992700729927
EU Power Grid — Paris,seamless,9.0,21,0.03882066172944739,0.010922265437689746,0.031916416201517035,0.03757634440637564,0.06863920750782058,0.07458701498271218,0.1970802919708029,0.0164233576642335
EU Power Grid — Paris,seamless,9.0,22,0.03226730246683352,0.011754755181416105,0.020902455209024534,0.0341501564129301,0.04364716070765804,0.07575599582898847,0.1660583941605839,0.0346715328467153
EU Power Grid — Paris,seamless,9.0,23,0.03860088443710364,0.012357477755873989,0.026427499094062185,0.039503919978372465,0.052791970802919634,0.07065693430656929,0.2518248175182481,0.0273722627737226
EU Power Grid — Paris,seamless,9.0,24,0.0352043262827001,0.011947892801960616,0.022342317050346228,0.030600786075238567,0.05510948905109479,0.08160583941605831,0.2208029197080291,0.0218978102189781
EU Power Grid — Paris,seamless,9.0,25,0.03448838510309542,0.01369945122276088,0.02221983683984541,0.041768045417680415,0.06715328467153277,0.08708029197080289,0.1970802919708029,0.010948905109489
EU Power Grid — Paris,seamless,9.0,26,0.03577374926740893,0.013196627417550153,0.02321716185188987,0.034477991594779885,0.04580291970802912,0.07084854014598536,0.3759124087591241,0.0237226277372262
EU Power Grid — Paris,seamless,9.0,27,0.04444829239703756,0.01051934040172619,0.035766423357664216,0.05503779979144938,0.06713047445255468,0.08160583941605831,0.1076642335766423,0.052919708029197
EU Power Grid — Paris,seamless,9.0,28,0.0377151153497788,0.010635888965847884,0.0316983387868109,0.04209931119564097,0.050364963503649614,0.08225364963503641,0.1715328467153284,0.0328467153284671
EU Power Grid — Paris,seamless,9.0,29,0.034854680590335016,0.01307008897650375,0.02277220194647198,0.02523461939520328,0.07666261151662607,0.0944038929440389,0.1897810218978102,0.0255474452554744
EU Power Grid — Paris,seamless,9.0,30,0.03737878949331335,0.011674836166018375,0.025049767750497616,0.04294838373305525,0.04991889699918894,0.06883211678832109,0.1295620437956204,0.0200729927007299
EU Power Grid — Paris,seamless,9.0,31,0.03303319303106176,0.015004795140923802,0.01767957262244784,0.03569799270072991,0.061751824817518175,0.07840079628400794,0.2427007299270072,0.0182481751824817
EU Power Grid — Paris,seamless,9.0,32,0.035304225051947274,0.01166151633011875,0.027659635611242003,0.033987226277372225,0.05010067958721367,0.077956204379562,0.2171532846715328,0.0291970802919708
EU Power Grid — Paris,seamless,9.0,33,0.03604014598540135,0.013952528104853692,0.025981925616962068,0.040328467153284614,0.06905109489051088,0.08364963503649628,0.2171532846715328,0.0273722627737226
EU Power Grid — Paris,seamless,9.0,34,0.03725225105226694,0.01170480579679253,0.024875144064540854,0.03411231457499408,0.057464092300447356,0.086970802919708,0.1751824817518248,0.0237226277372262
EU Power Grid — Paris,seamless,9.0,35,0.03552400234429101,0.013512973520166175,0.02509124087591235,0.03273659702995212,0.050561482313307114,0.07440389294403887,0.2080291970802919,0.0328467153284671
EU Power Grid — Paris,seamless,9.0,36,0.033772443923490755,0.01386594917150614,0.021289537712895358,0.04051588084434795,0.05701852891633911,0.08325223033252223,0.1970802919708029,0.0127737226277372
EU Power Grid — Paris,seamless,9.0,37,0.03626991315466984,0.014455351910064411,0.029876914269357346,0.0374310129962613,0.061977438619774325,0.09876473891072425,0.1970802919708029,0.0091240875912408
EU Power Grid — Paris,seamless,9.0,38,0.033805743513239825,0.014162315520272733,0.0247680961070559,0.040358880778588756,0.06246958637469581,0.08377128953771283,0.1970802919708029,0.0054744525547445
EU Power Grid — Paris,seamless,9.0,39,0.032643587830997835,0.014452021951089506,0.02281021897810215,0.03180396246089669,0.05276003649635029,0.09320255474452552,0.3156934306569343,0.0237226277372262
EU Power Grid — Paris,seamless,9.0,40,0.03469817251851448,0.012494006073845114,0.02755942354482498,0.03217232624563624,0.06347047113470466,0.0850364963503649,0.1660583941605839,0.0328467153284671
EU Power Grid — Paris,seamless,9.0,41,0.038434386488358376,0.012270898822526449,0.03329779381612396,0.040799077986938104,0.06277372262773716,0.09427463503649633,0.1605839416058394,0.0346715328467153
EU Power Grid — Paris,seamless,9.0,42,0.03749866801640994,0.013662821674036915,0.029414719078550845,0.034564190639759525,0.06773722627737218,0.09038929440389286,0.1970802919708029,0.0310218978102189
EU Power Grid — Paris,seamless,9.0,43,0.040935185678512336,0.01191126325323666,0.027123424021234206,0.05399313009875476,0.07445255474452549,0.08012165450121653,0.1970802919708029,0.0127737226277372
EU Power Grid — Paris,seamless,9.0,44,0.03374247429271662,0.012757072832862638,0.019932622122403112,0.03548618352450467,0.0562867906757711,0.080948905109489,0.156934306569343,0.0291970802919708
EU Power Grid — Paris,seamless,9.0,45,0.03982297938089393,0.012560605253343217,0.02660391855551283,0.034374008251348745,0.06034063260340623,0.1168795620437956,0.1970802919708029,0.0237226277372262
EU Power Grid — Paris,seamless,9.0,46,0.03975971016037072,0.009923277745218123,0.030197786672945565,0.041551992341749396,0.05219789132197886,0.0722627737226277,0.1003649635036496,0.0310218978102189
EU Power Grid — Paris,seamless,9.0,47,0.035194336405775385,0.013499653684266552,0.026434741846916188,0.0304136253041362,0.06043795620437948,0.0931751824817518,0.1806569343065693,0.0273722627737226
EU Power Grid — Paris,seamless,9.0,48,0.037778384570301984,0.013110048484202622,0.02458259921134317,0.04070746771476694,0.0722222222222222,0.13342022940563086,0.1441605839416058,0.0255474452554744
EU Power Grid — Paris,seamless,9.0,49,0.03975971016037072,0.013206617294474879,0.0328467153284671,0.03980648446783223,0.061511146182678965,0.07814781021897807,0.187956204379562,0.0401459854014598
EU Power Grid — Paris,seamless,9.0,50,0.03638979167776643,0.0164133677873088,0.0291970802919708,0.03454421999660496,0.054688377316114485,0.11616266944734095,0.2281021897810219,0.0346715328467153
EU Power Grid — Paris,seamless,9.0,51,0.03268354733869669,0.013203287335499973,0.02390346550930485,0.03163017031630163,0.05918171340760656,0.07091240875912405,0.1897810218978102,0.0255474452554744
EU Power Grid — Paris,seamless,9.0,52,0.03452168469284448,0.013279876391922798,0.026496943801554766,0.03255238992229803,0.052098540145985334,0.09005474452554736,0.2153284671532846,0.0273722627737226
EU Power Grid — Paris,seamless,9.0,53,0.03739543928818787,0.011038814001811439,0.02952886529528863,0.03412728902548338,0.053048518677543934,0.07621654501216539,0.1295620437956204,0.0273722627737226
EU Power Grid — Paris,seamless,9.0,54,0.035630561031488,0.01070581810432089,0.029352383910545104,0.03647714175950826,0.06043795620437948,0.0952149229521492,0.1295620437956204,0.010948905109489
EU Power Grid — Paris,seamless,9.0,55,0.03260029836432406,0.012237599232777391,0.023012976480129718,0.028064434935816743,0.05026763990267638,0.07153284671532843,0.1660583941605839,0.0273722627737226
EU Power Grid — Paris,seamless,9.0,56,0.03365256540039417,0.0146984389152325,0.027105216307637497,0.03311160819401926,0.05766423357664229,0.09012451696006862,0.1970802919708029,0.0072992700729927
EU Power Grid — Paris,seamless,9.0,57,0.03845769620118269,0.011581597314721023,0.032004491858506394,0.039313612498399216,0.06085098807192444,0.06806569343065685,0.1478102189781021,0.0346715328467153
EU Power Grid — Paris,seamless,9.0,58,0.0349013000159837,0.011571607437796309,0.026603918555512834,0.028845151199165787,0.05599246526960203,0.06178617432374403,0.1970802919708029,0.0200729927007299
EU Power Grid — Paris,seamless,9.0,59,0.032024215461665416,0.014511961212637804,0.022387072886914185,0.03131002689204756,0.05501824817518243,0.09598540145985393,0.2481751824817518,0.0237226277372262
EU Power Grid — Paris,seamless,9.0,60,0.036060125739250784,0.011668176248068563,0.025010734220695517,0.030538399151537776,0.06027111574556821,0.08722627737226275,0.177007299270073,0.0310218978102189
EU Power Grid — Paris,seamless,9.0,61,0.0376585060472054,0.013682801427886346,0.030616382806163762,0.04799270072992696,0.06334144363341439,0.11708029197080289,0.1970802919708029,0.0054744525547445
EU Power Grid — Paris,seamless,9.0,62,0.03482804091853578,0.013729420853535027,0.02599131978694018,0.03386050283860499,0.05866180048661798,0.08715328467153283,0.2664233576642336,0.0273722627737226
EU Power Grid — Paris,seamless,9.0,63,0.037528637647184095,0.011221961745431228,0.028292745946644257,0.03616456536164565,0.06421698739216984,0.09318734793187344,0.1788321167883211,0.0364963503649635
EU Power Grid — Paris,seamless,9.0,64,0.03976637007832053,0.012853641643134904,0.031674408316744014,0.04494813676527079,0.058992700729926975,0.06835766423357657,0.2992700729927007,0.0328467153284671
EU Power Grid — Paris,seamless,9.0,65,0.033825723267089255,0.01443870211518989,0.027889533881257523,0.037161872048089274,0.06240875912408754,0.06379764801297644,0.2171532846715328,0.0291970802919708
EU Power Grid — Paris,seamless,9.0,66,0.035707150087910824,0.010712478022270705,0.02090536560379048,0.039051094890510875,0.07763990267639899,0.08681569343065691,0.1295620437956204,0.0127737226277372
EU Power Grid — Paris,seamless,9.0,67,0.03387900261068774,0.01282367201236075,0.0218978102189781,0.027279023922425247,0.05845498783454986,0.07273722627737225,0.2208029197080291,0.0200729927007299
EU Power Grid — Paris,seamless,9.0,68,0.03388233256966264,0.014032447120251418,0.02608348540145981,0.03149383337528309,0.058434712084347105,0.08592283628779976,0.2755474452554744,0.0273722627737226
EU Power Grid — Paris,seamless,9.0,69,0.03462491342106656,0.01194123288401081,0.027602419938186337,0.030270502361528503,0.06388265019651877,0.08407846715328461,0.1989051094890511,0.0291970802919708
EU Power Grid — Paris,seamless,9.0,70,0.0407287282220682,0.0120544514891576,0.028968978102189773,0.0483576642335766,0.06034063260340623,0.10175182481751822,0.1970802919708029,0.0182481751824817
EU Power Grid — Paris,seamless,9.0,71,0.0331231019233842,0.012620544514891528,0.01784858010549304,0.040396450551023276,0.06211678832116782,0.08362226277372256,0.2372262773722627,0.0182481751824817
EU Power Grid — Paris,seamless,9.0,72,0.03181109808727146,0.01185132399168837,0.027539677224938032,0.03055674824674389,0.04957888826501962,0.06505474452554741,0.1970802919708029,0.010948905109489
EU Power Grid — Paris,seamless,9.0,73,0.039756380201395825,0.012424076935372091,0.0273722627737226,0.043947688564476874,0.06049806784027472,0.061968656075568854,0.156934306569343,0.0145985401459854
EU Power Grid — Paris,seamless,9.0,74,0.03791491288827312,0.010822366668442586,0.031751824817518176,0.04005240501590861,0.05744120032441198,0.07228884254431697,0.1021897810218978,0.0273722627737226
EU Power Grid — Paris,seamless,9.0,75,0.033356199051627594,0.013339815653471086,0.02611009732360093,0.03299878345498778,0.05296025952960251,0.08175182481751816,0.2171532846715328,0.0273722627737226
EU Power Grid — Paris,seamless,9.0,76,0.03252370930790122,0.0130401193457296,0.02414645632210965,0.03016316015457273,0.058150851581508504,0.08142979819665086,0.2572992700729927,0.0255474452554744
EU Power Grid — Paris,seamless,9.0,77,0.035350844477595934,0.012563935212318127,0.02346918085969174,0.036648418491484175,0.05948905109489046,0.08107804604154964,0.1295620437956204,0.0127737226277372
EU Power Grid — Paris,seamless,9.0,78,0.038257898662688375,0.01296020033033188,0.022804820109704967,0.03428736073761041,0.06377737226277368,0.1071448624368332,0.2773722627737226,0.0237226277372262
EU Power Grid — Paris,seamless,9.0,79,0.035450743246843094,0.013286536309872605,0.025101378751013727,0.03871572302229229,0.05328467153284659,0.09947862356621476,0.1970802919708029,0.0127737226277372
EU Power Grid — Paris,seamless,9.0,80,0.0355040225904416,0.012427406894346998,0.027805270320425565,0.03391353172375066,0.051692103516921,0.09574209245742088,0.2062043795620438,0.0291970802919708
EU Power Grid — Paris,seamless,9.0,81,0.03489131013905899,0.013676141509936544,0.02458973960759946,0.02999543795620434,0.06459854014598536,0.07944038929440385,0.2171532846715328,0.0255474452554744
EU Power Grid — Paris,seamless,9.0,82,0.031558021205178664,0.012727103202088483,0.020813896054003606,0.023431714799534473,0.04452554744525542,0.09036496350364956,0.2171532846715328,0.0218978102189781
EU Power Grid — Paris,seamless,9.0,83,0.035104427513452933,0.013626192125312962,0.029588112617309675,0.033965151871909544,0.05769596953348141,0.09758718572587177,0.2171532846715328,0.0310218978102189
EU Power Grid — Paris,seamless,9.0,84,0.03732551014971486,0.012417417017422288,0.025045620437956145,0.03628941229588381,0.05705596107055959,0.0745336577453365,0.1697080291970802,0.0364963503649635
EU Power Grid — Paris,seamless,9.0,85,0.036542969790612084,0.011338510309552928,0.03491085317697736,0.03953771289537707,0.059258155817071306,0.06779197080291963,0.1970802919708029,0.0072992700729927
EU Power Grid — Paris,seamless,9.0,86,0.03622329372902116,0.016310139059086733,0.027753567926789388,0.0405768450932684,0.08702351987023518,0.10076034063260336,0.2354014598540146,0.0291970802919708
EU Power Grid — Paris,seamless,9.0,87,0.03746869838563579,0.010013186637540571,0.030587417448731256,0.03729927007299266,0.04678375912408752,0.07248175182481749,0.1551094890510949,0.0310218978102189
EU Power Grid — Paris,seamless,9.0,88,0.03825123874473856,0.011225291704406143,0.024591588460201534,0.049457921854873306,0.05538321167883207,0.07567778936392068,0.2208029197080291,0.0182481751824817
EU Power Grid — Paris,seamless,9.0,89,0.034614923544141835,0.013393094997069577,0.019896138139489986,0.03489963503649632,0.05476480129764796,0.07679874869655887,0.4051094890510949,0.0200729927007299
EU Power Grid — Paris,seamless,9.0,90,0.037655176088230505,0.012900261068783576,0.031920688528162044,0.04121046228710458,0.05846715328467151,0.0761313868613138,0.1970802919708029,0.0054744525547445
EU Power Grid — Paris,seamless,9.0,91,0.035187676487825566,0.01132852043262821,0.02547346616689677,0.04027479604980673,0.044768856447688514,0.08588807785888074,0.1970802919708029,0.0091240875912408
EU Power Grid — Paris,seamless,9.0,92,0.03516769673397614,0.01251065586871964,0.02619665918023578,0.03763179237631787,0.04934306569343062,0.0739659367396593,0.1843065693430657,0.0164233576642335
EU Power Grid — Paris,seamless,9.0,93,0.03311977196440931,0.013193297458575242,0.020969936904614607,0.03262417660672951,0.05191605839416054,0.0808394160583941,0.3138686131386861,0.0218978102189781
EU Power Grid — Paris,seamless,9.0,94,0.03331290958495381,0.013306516063722037,0.018714369438968464,0.0334984358706986,0.07129669386002573,0.08362226277372256,0.2372262773722627,0.0200729927007299
EU Power Grid — Paris,seamless,9.0,95,0.03297991368746327,0.012763732750812454,0.019920924574209214,0.036771794518661326,0.0573722627737226,0.09525547445255471,0.1295620437956204,0.0091240875912408
EU Power Grid — Paris,seamless,9.0,96,0.03348606745164889,0.012783712504661884,0.019388686131386824,0.0312541473125414,0.0573618352450469,0.11366332116788316,0.1295620437956204,0.0164233576642335
EU Power Grid — Paris,seamless,9.0,97,0.035533992221215734,0.01284032180723528,0.022609934128538334,0.030709071949947795,0.05607853007802664,0.09053015751056466,0.1970802919708029,0.0182481751824817
EU Power Grid — Paris,seamless,9.0,98,0.03694256486760073,0.01190793329426175,0.02955190592051904,0.0385534173855341,0.061294660007683376,0.07031630170316296,0.1624087591240876,0.0364963503649635
EU Power Grid — Paris,seamless,9.0,99,0.03338283872342682,0.012850311684159997,0.02433090024330893,0.039158789039128804,0.05742092457420922,0.07997262773722626,0.1295620437956204,0.0036496350364963
EU Power Grid — Paris,seamless,9.0,100,0.033925622036336416,0.011671506207043473,0.023234093913443242,0.02730070130241875,0.04170188244333458,0.08453881884538814,0.2171532846715328,0.0237226277372262
EU Power Grid — Paris,seamless,10.0,1,0.032377191113005396,0.013223267089349395,0.021098620065000784,0.03608429479632681,0.0485754650341417,0.07085505735140768,0.2372262773722627,0.0218978102189781
EU Power Grid — Paris,seamless,10.0,2,0.0344051361287228,0.013929218392029355,0.02616255228409739,0.03898187767430146,0.06264549220753596,0.07171532846715326,0.1970802919708029,0.0091240875912408
EU Power Grid — Paris,seamless,10.0,3,0.03690260535990186,0.01397583781767802,0.023012477077415362,0.0346715328467153,0.06491788321167881,0.07113312478275978,0.3558394160583941,0.0237226277372262
EU Power Grid — Paris,seamless,10.0,4,0.035034498374979926,0.01248401619692039,0.032035685320356784,0.03921861912169432,0.0563964656165962,0.07273507943323314,0.1970802919708029,0.0072992700729927
EU Power Grid — Paris,seamless,10.0,5,0.03797485214982141,0.010872316053066166,0.02830408448516849,0.03828673736399937,0.047644326476443205,0.07165450121654497,0.1861313868613138,0.0383211678832116
EU Power Grid — Paris,seamless,10.0,6,0.031081837071767173,0.012757072832862643,0.022434521253756952,0.031528791565287845,0.052262773722627665,0.06830900243308995,0.1970802919708029,0.0036496350364963
EU Power Grid — Paris,seamless,10.0,7,0.036999174170174134,0.013592892535563901,0.029083029197080286,0.03693083072645114,0.0657162408759124,0.09364963503649631,0.1970802919708029,0.010948905109489
EU Power Grid — Paris,seamless,10.0,8,0.03481472108263616,0.011568277478821398,0.027479604980678377,0.03531021897810217,0.05719789132197889,0.0784215328467153,0.1405109489051094,0.0364963503649635
EU Power Grid — Paris,seamless,10.0,9,0.032280622302733125,0.011801374607064784,0.023088743757203177,0.03672859986728599,0.04386861313868611,0.06989051094890505,0.1970802919708029,0.0127737226277372
EU Power Grid — Paris,seamless,10.0,10,0.03929018594490905,0.01103548404283653,0.031059914841849067,0.03999068178288548,0.06571489909832545,0.07825425790754255,0.1660583941605839,0.0310218978102189
EU Power Grid — Paris,seamless,10.0,11,0.031877697266769575,0.014135675848473488,0.02458973960759946,0.028467153284671518,0.06043795620437948,0.07818329278183289,0.2171532846715328,0.0255474452554744
EU Power Grid — Paris,seamless,10.0,12,0.03518434652885066,0.014148995684373106,0.027169505271695024,0.034378258602711126,0.05772506082725059,0.08266423357664224,0.1970802919708029,0.0054744525547445
EU Power Grid — Paris,seamless,10.0,13,0.037375459534338434,0.012657174063615483,0.029495478125143443,0.03193430656934299,0.05830828681837697,0.0880656934306569,0.2208029197080291,0.0310218978102189
EU Power Grid — Paris,seamless,10.0,14,0.040682108796419536,0.011401779530076131,0.03307481751824812,0.04322399085392664,0.08099908759124083,0.08527980535279801,0.1386861313868613,0.0437956204379562
EU Power Grid — Paris,seamless,10.0,15,0.035793729021258366,0.01262720443284133,0.024692062043795555,0.029105839416058387,0.052664233576642266,0.08192026951151031,0.2171532846715328,0.0291970802919708
EU Power Grid — Paris,seamless,10.0,16,0.03660290905216037,0.01183134423783894,0.03002003721196504,0.04218135878719818,0.05296025952960251,0.09009384775808126,0.1970802919708029,0.010948905109489
EU Power Grid — Paris,seamless,10.0,17,0.033019873195162135,0.011235281581330862,0.01958169567658615,0.03106991932385701,0.056621480709071914,0.0891032325338894,0.1970802919708029,0.0164233576642335
EU Power Grid — Paris,seamless,10.0,18,0.03464822313389089,0.014248894453620271,0.025899603022153876,0.0339639505437211,0.06755879967558791,0.08563868613138682,0.1587591240875912,0.0346715328467153
EU Power Grid — Paris,seamless,10.0,19,0.032147423943736916,0.013825989663807286,0.02557595802919703,0.028428736073761028,0.04911366006256513,0.08051094890510946,0.2317518248175182,0.0273722627737226
EU Power Grid — Paris,seamless,10.0,20,0.03813469018061688,0.010452741222228085,0.0291970802919708,0.03456725755995826,0.05103048518677543,0.06624087591240871,0.2153284671532846,0.0346715328467153
EU Power Grid — Paris,seamless,10.0,21,0.03457496403644297,0.014022457243326706,0.029045012165450114,0.038400507775309345,0.05066909975669098,0.1023722627737226,0.1970802919708029,0.0054744525547445
EU Power Grid — Paris,seamless,10.0,22,0.03251704938995141,0.01666977462837652,0.02285059104708994,0.025222230252222245,0.07193430656934303,0.08658759124087588,0.1970802919708029,0.0054744525547445
EU Power Grid — Paris,seamless,10.0,23,0.03271351696947084,0.012314188289200211,0.028386050283860487,0.03314104073463616,0.045672575599582814,0.07579075425790746,0.1970802919708029,0.0091240875912408
EU Power Grid — Paris,seamless,10.0,24,0.032510389472001605,0.012434066812296817,0.021213503649635024,0.032593770325937646,0.0568474104970455,0.08087591240875908,0.1970802919708029,0.0091240875912408
EU Power Grid — Paris,seamless,10.0,25,0.03267355746177198,0.013296526186797317,0.025699513381995085,0.02879156528791564,0.04963503649635033,0.07789943227899429,0.1715328467153284,0.0273722627737226
EU Power Grid — Paris,seamless,10.0,26,0.039200277052586614,0.01207443124300702,0.029637553486030685,0.0395128854461492,0.0654431699687174,0.09244525547445251,0.1970802919708029,0.0145985401459854
EU Power Grid — Paris,seamless,10.0,27,0.034318557195375264,0.01059592945814902,0.027445255474452528,0.03188186928433587,0.0453515174798309,0.07759124087591236,0.1441605839416058,0.0328467153284671
EU Power Grid — Paris,seamless,10.0,28,0.03750199797538484,0.01287029143800943,0.027986938148290414,0.05309630327289844,0.06939520333680911,0.09217935349322207,0.1970802919708029,0.0036496350364963
EU Power Grid — Paris,seamless,10.0,29,0.03512773722627729,0.012820342053385836,0.02483183054243589,0.035426629750818006,0.053877737226277304,0.09094890510948898,0.1970802919708029,0.0072992700729927
EU Power Grid — Paris,seamless,10.0,30,0.03362259576962003,0.013539613191965411,0.028060873157967205,0.03411793652095461,0.0573722627737226,0.0725060827250608,0.1970802919708029,0.0072992700729927
EU Power Grid — Paris,seamless,10.0,31,0.033552666631147005,0.012314188289200221,0.02411747129380622,0.03759124087591235,0.056271965396052955,0.07357664233576638,0.1970802919708029,0.0091240875912408
EU Power Grid — Paris,seamless,10.0,32,0.032823405615642724,0.013922558474079538,0.020242743167543684,0.03122465531224647,0.05191605839416054,0.1031630170316301,0.2335766423357664,0.0218978102189781
EU Power Grid — Paris,seamless,10.0,33,0.029083861686823927,0.015447679684586227,0.01773414207874981,0.021774985962942164,0.06576642335766421,0.07104014598540143,0.2518248175182481,0.0182481751824817
EU Power Grid — Paris,seamless,10.0,34,0.03809806063189292,0.011355160104427447,0.028379058645859538,0.03413482181193642,0.0639091646390916,0.09242700729927002,0.3156934306569343,0.0291970802919708
EU Power Grid — Paris,seamless,10.0,35,0.03756193723693315,0.013236586925249025,0.026054339010543347,0.0474452554744525,0.07173913043478258,0.08525547445255469,0.1970802919708029,0.0091240875912408
EU Power Grid — Paris,seamless,10.0,36,0.03538081410837009,0.012817012094410938,0.029602595296025925,0.037440221495091824,0.05359124087591234,0.08179744525547437,0.1624087591240876,0.0364963503649635
EU Power Grid — Paris,seamless,10.0,37,0.03538414406734499,0.011814694442964407,0.026059674734280912,0.03783091840069718,0.05038929440389292,0.07782412234966976,0.1970802919708029,0.0127737226277372
EU Power Grid — Paris,seamless,10.0,38,0.03699917417017412,0.013113378443177523,0.025526226447122678,0.042322574971418496,0.07655109489051089,0.0799840328467153,0.1441605839416058,0.0255474452554744
EU Power Grid — Paris,seamless,10.0,39,0.03334620917470287,0.011931243007086097,0.02580089213300887,0.032775153857163244,0.056684594698424864,0.09693992139247605,0.1934306569343065,0.0127737226277372
EU Power Grid — Paris,seamless,10.0,40,0.0369225851137513,0.011578267355746118,0.02801631601545726,0.04214459506430306,0.059818695549799794,0.06375248838752484,0.1295620437956204,0.0127737226277372
EU Power Grid — Paris,seamless,10.0,41,0.03918695721668699,0.012284218658426068,0.029668491484184892,0.03821382567625583,0.059390791690061714,0.08927007299270065,0.2171532846715328,0.0310218978102189
EU Power Grid — Paris,seamless,10.0,42,0.035856998241781575,0.0116282167403697,0.027404848800834176,0.036076642335766414,0.048696558915536974,0.06916058394160578,0.1697080291970802,0.0364963503649635
EU Power Grid — Paris,seamless,10.0,43,0.03148143214875583,0.012757072832862638,0.022662703789501255,0.031660583941605765,0.053505570495581946,0.06240875912408753,0.302919708029197,0.0237226277372262
EU Power Grid — Paris,seamless,10.0,44,0.031607970589802234,0.012800362299536402,0.0218978102189781,0.03678447944679215,0.0547673357664233,0.07987834549878343,0.1970802919708029,0.0072992700729927
EU Power Grid — Paris,seamless,10.0,45,0.03510109755447804,0.010975544781288236,0.02432221063607918,0.028890101644041197,0.0523288147375738,0.10715328467153279,0.1824817518248175,0.0291970802919708
EU Power Grid — Paris,seamless,10.0,46,0.03886395119612117,0.012503995950769831,0.03153023983315947,0.04075425790754253,0.06208434712084341,0.07992700729927005,0.2153284671532846,0.0328467153284671
EU Power Grid — Paris,seamless,10.0,47,0.03372249453886718,0.012890271191858859,0.02440331363689021,0.036777091521617046,0.06215904725316936,0.07351987023519867,0.2171532846715328,0.0255474452554744
EU Power Grid — Paris,seamless,10.0,48,0.03465155309286579,0.01061923917097336,0.029562043795620413,0.03662669447340979,0.06047445255474445,0.06484184914841845,0.1295620437956204,0.010948905109489
EU Power Grid — Paris,seamless,10.0,49,0.030625632692205137,0.015514278864084338,0.021263091082196116,0.026937782412234934,0.054805352798053465,0.0850364963503649,0.2043795620437956,0.0218978102189781
EU Power Grid — Paris,seamless,10.0,50,0.03575043955458458,0.011375139858276886,0.02342869739871644,0.02708628390892251,0.05879562043795617,0.07287104622871045,0.2664233576642336,0.0237226277372262
EU Power Grid — Paris,seamless,10.0,51,0.030449144866535147,0.013463024135542586,0.021125139738278412,0.025415757393332777,0.0493156934306569,0.10050182481751821,0.1970802919708029,0.0091240875912408
EU Power Grid — Paris,seamless,10.0,52,0.03119172571793906,0.013226597048324306,0.02287104622871042,0.029025332760841557,0.04532643957826433,0.0690328467153284,0.2171532846715328,0.0237226277372262
EU Power Grid — Paris,seamless,10.0,53,0.03383571314401397,0.01203447173530816,0.025662394390482162,0.035023690613394776,0.05756690997566908,0.06596715328467151,0.2244525547445255,0.0273722627737226
EU Power Grid — Paris,seamless,10.0,54,0.035700490169961005,0.013949198145878786,0.026265206812652025,0.04385355115282122,0.06140510948905103,0.08388545760808529,0.2645985401459854,0.0273722627737226
EU Power Grid — Paris,seamless,10.0,55,0.04081197719644084,0.009616921519526821,0.03222360690760186,0.0490267639902676,0.06023301516002238,0.06961678832116783,0.083941605839416,0.0456204379562043
EU Power Grid — Paris,seamless,10.0,56,0.03522763599552444,0.014059086792050661,0.02299737974920452,0.036075238629983145,0.07021705724164422,0.07883211678832114,0.1970802919708029,0.0127737226277372
EU Power Grid — Paris,seamless,10.0,57,0.03187103734881976,0.012374127550748515,0.02089182107430281,0.025239891741162906,0.0573722627737226,0.08409801876955156,0.2208029197080291,0.0182481751824817
EU Power Grid — Paris,seamless,10.0,58,0.03369585486706794,0.011055463796685962,0.02320125130344103,0.030366505602960777,0.05140771637122,0.07579075425790746,0.1551094890510949,0.0310218978102189
EU Power Grid — Paris,seamless,10.0,59,0.0352742554211731,0.012127710586605512,0.0255474452554744,0.03279931747085026,0.05328467153284659,0.08974047039740463,0.1295620437956204,0.0182481751824817
EU Power Grid — Paris,seamless,10.0,60,0.037422078959987115,0.011568277478821401,0.0255474452554744,0.03353102189781017,0.0561763054463784,0.07718978102189775,0.1587591240875912,0.0218978102189781
EU Power Grid — Paris,seamless,10.0,61,0.03590028770845534,0.012094410996856455,0.026563660999169507,0.035388425443169946,0.04934306569343062,0.07031630170316296,0.2901459854014598,0.0273722627737226
EU Power Grid — Paris,seamless,10.0,62,0.0358869678725557,0.011867973786562895,0.024939172749391666,0.03255037744088833,0.06208434712084341,0.0736922141119221,0.2043795620437956,0.0328467153284671
EU Power Grid — Paris,seamless,10.0,63,0.03825789866268837,0.009873328360594538,0.032253649635036435,0.03641701047286575,0.0547673357664233,0.05980535279805346,0.1003649635036496,0.0346715328467153
EU Power Grid — Paris,seamless,10.0,64,0.03433520699024978,0.011857983909638173,0.029445919044459177,0.033454987834549824,0.0639091646390916,0.06723623092236224,0.1989051094890511,0.0328467153284671
EU Power Grid — Paris,seamless,10.0,65,0.03378243380041548,0.013343145612445996,0.022969528443980952,0.03639497161394971,0.06029197080291962,0.07430656934306562,0.1970802919708029,0.010948905109489
EU Power Grid — Paris,seamless,10.0,66,0.03237053119505558,0.013329825776546372,0.024196792919133212,0.029708029197080266,0.0505793071486502,0.09178832116788316,0.2171532846715328,0.0255474452554744
EU Power Grid — Paris,seamless,10.0,67,0.03670280782140753,0.012474026319995684,0.03172076409380332,0.0390174798309642,0.050851581508515806,0.08133819951338193,0.1970802919708029,0.0091240875912408
EU Power Grid — Paris,seamless,10.0,68,0.03914699770898812,0.012357477755873989,0.030616382806163762,0.03479959021641693,0.06925182481751818,0.08642335766423355,0.1532846715328467,0.0328467153284671
EU Power Grid — Paris,seamless,10.0,69,0.03591693750332986,0.012773722627737166,0.025842365258423605,0.032590600589063844,0.06049704553354181,0.07956204379562042,0.1660583941605839,0.0273722627737226
EU Power Grid — Paris,seamless,10.0,70,0.03488798018008409,0.011768075017315725,0.02791970802919706,0.03730738037307377,0.043760862009037185,0.08248175182481743,0.2354014598540146,0.0291970802919708
EU Power Grid — Paris,seamless,10.0,71,0.031185065799989246,0.013050109222654314,0.026083304367975856,0.029927007299270038,0.04934306569343062,0.0672859986728599,0.2171532846715328,0.0273722627737226
EU Power Grid — Paris,seamless,10.0,72,0.03485801054930994,0.012823672012360742,0.021375168308411865,0.030179674340258235,0.061911081619110755,0.092287104622871,0.3631386861313868,0.0218978102189781
EU Power Grid — Paris,seamless,10.0,73,0.03489797005700879,0.013776040279183707,0.026733576642335728,0.032616696313561865,0.060252156602521485,0.07956204379562039,0.1970802919708029,0.010948905109489
EU Power Grid — Paris,seamless,10.0,74,0.03385902285683831,0.013186637540625434,0.025959500824111092,0.03481190342504208,0.058434712084347105,0.06678832116788315,0.2171532846715328,0.0273722627737226
EU Power Grid — Paris,seamless,10.0,75,0.03503449837497992,0.011514998135222923,0.02474563149745625,0.028873935523114347,0.06214807090719494,0.06905920519059199,0.2153284671532846,0.0255474452554744
EU Power Grid — Paris,seamless,10.0,76,0.03194096648729278,0.013063429058553936,0.023937312151137754,0.03073376872839025,0.05356853203568524,0.0867472627737226,0.1970802919708029,0.0072992700729927
EU Power Grid — Paris,seamless,10.0,77,0.035214316159624816,0.014188955192071973,0.027776416989173543,0.03158338012352604,0.06331156358048401,0.08329278183292775,0.2645985401459854,0.0291970802919708
EU Power Grid — Paris,seamless,10.0,78,0.03284005541051724,0.012573925089242844,0.02229698905109487,0.04212811477472939,0.05955748175182476,0.07354014598540141,0.1660583941605839,0.0237226277372262
EU Power Grid — Paris,seamless,10.0,79,0.03645639085726454,0.013466354094517498,0.029081218862240753,0.03366136600625647,0.056121433311214296,0.0837450870297585,0.156934306569343,0.0328467153284671
EU Power Grid — Paris,seamless,10.0,80,0.039626511801374505,0.01251731578666945,0.02833834263632459,0.05314781021897802,0.07789363920750779,0.0852470522178551,0.1970802919708029,0.0091240875912408
EU Power Grid — Paris,seamless,10.0,81,0.03277678618999402,0.01358290265863919,0.02451833305041582,0.031149955179920526,0.05492700729927,0.07214111922141116,0.2974452554744525,0.0255474452554744
EU Power Grid — Paris,seamless,10.0,82,0.0325703287335499,0.011791384730140065,0.022450277907988994,0.031867076450249644,0.04717633499807908,0.0753446877534468,0.1897810218978102,0.0237226277372262
EU Power Grid — Paris,seamless,10.0,83,0.0330631626618359,0.013532953274015602,0.02454145611079911,0.03769551616266939,0.05551094890510944,0.06718135878719812,0.1970802919708029,0.0054744525547445
EU Power Grid — Paris,seamless,10.0,84,0.032490409718152174,0.01489490649475192,0.023660769516268637,0.028174076531740748,0.05116788321167881,0.09072992700729919,0.1970802919708029,0.0072992700729927
EU Power Grid — Paris,seamless,10.0,85,0.037948212478022166,0.011771404976290638,0.027068126520681232,0.03847323600973228,0.06399026763990263,0.09450273722627736,0.1587591240875912,0.010948905109489
EU Power Grid — Paris,seamless,10.0,86,0.03696587458042507,0.013296526186797317,0.025298606502986005,0.03667883211678831,0.06834885476969538,0.09233576642335761,0.2171532846715328,0.0310218978102189
EU Power Grid — Paris,seamless,10.0,87,0.034831370877510696,0.012474026319995677,0.021361099184199216,0.03854927007299262,0.053626824817518175,0.08532846715328463,0.1970802919708029,0.0145985401459854
EU Power Grid — Paris,seamless,10.0,88,0.03583035856998231,0.01337311524322015,0.029696504033807122,0.03866497408230184,0.04951338199513379,0.08817518248175178,0.1970802919708029,0.010948905109489
EU Power Grid — Paris,seamless,10.0,89,0.03369252490809305,0.01204113165325797,0.022708840227088366,0.02873226828260569,0.06491788321167881,0.10474452554744518,0.1806569343065693,0.0291970802919708
EU Power Grid — Paris,seamless,10.0,90,0.03585366828280665,0.012503995950769824,0.023696926082039608,0.031087069864442044,0.06205900243308997,0.10417101147028146,0.2518248175182481,0.0237226277372262
EU Power Grid — Paris,seamless,10.0,91,0.03841440673450893,0.010502690606851666,0.02970130618517093,0.0325805961070559,0.06277372262773717,0.0920566766852726,0.1332116788321168,0.0310218978102189
EU Power Grid — Paris,seamless,10.0,92,0.035044488251904635,0.013066759017528845,0.01936587591240872,0.036587591240875905,0.07384428223844278,0.09073310060298312,0.1970802919708029,0.0164233576642335
EU Power Grid — Paris,seamless,10.0,93,0.03420533859022847,0.01332316585859657,0.0218978102189781,0.030098754830399272,0.07235401459854013,0.08777372262773721,0.1441605839416058,0.0310218978102189
EU Power Grid — Paris,seamless,10.0,94,0.03346275773882457,0.011694815919867808,0.02168871654501216,0.0335353257127117,0.05583941605839412,0.0666666666666666,0.1295620437956204,0.0218978102189781
EU Power Grid — Paris,seamless,10.0,95,0.032969923810538544,0.014818317438329101,0.025968556990454753,0.03838752488387517,0.058617193836171914,0.08673965936739655,0.2007299270072992,0.0273722627737226
EU Power Grid — Paris,seamless,10.0,96,0.031697879482124686,0.01188129362246251,0.021318503070327878,0.030394616788321113,0.052952886529528786,0.05816365731847866,0.2171532846715328,0.0218978102189781
EU Power Grid — Paris,seamless,10.0,97,0.038817331770472495,0.012820342053385841,0.029658528400033538,0.036109918419922706,0.06498783454987832,0.09405630865484878,0.1532846715328467,0.0364963503649635
EU Power Grid — Paris,seamless,10.0,98,0.03442511588257224,0.013050109222654307,0.025344687753446823,0.039233576642335684,0.05079285174930782,0.08879562043795615,0.2171532846715328,0.0291970802919708
EU Power Grid — Paris,seamless,10.0,99,0.03648636048803869,0.010645878842772592,0.02656123276561229,0.03640276997941231,0.05456576791300456,0.0688564476885644,0.2007299270072992,0.0364963503649635
EU Power Grid — Paris,seamless,10.0,100,0.03732551014971485,0.01194789280196063,0.031680859691808526,0.03697080291970801,0.06271532846715323,0.074504692387904,0.1970802919708029,0.0182481751824817
EU Power Grid — Paris,seamless,11.0,1,0.03237719111300539,0.012623874473866417,0.024223558036353156,0.03497566909975666,0.04552919708029189,0.08774765380604795,0.1295620437956204,0.0072992700729927
EU Power Grid — Paris,seamless,11.0,2,0.030898689328147367,0.012161010176354568,0.024202842873607307,0.028064434935816743,0.04616788321167876,0.09322210636079246,0.1970802919708029,0.0127737226277372
EU Power Grid — Paris,seamless,11.0,3,0.0335559965901219,0.01226423890457663,0.022732012513034375,0.0252122746908982,0.046944491597351826,0.08323774765380597,0.1970802919708029,0.0164233576642335
EU Power Grid — Paris,seamless,11.0,4,0.03384237306196378,0.01243739677127171,0.02105966728908503,0.03724774581365389,0.06935710275126328,0.07357664233576638,0.2226277372262773,0.0218978102189781
EU Power Grid — Paris,seamless,11.0,5,0.030549043635782307,0.013749400607384455,0.017979819665092257,0.031579480940794734,0.06023301516002238,0.06484184914841845,0.2883211678832116,0.0091240875912408
EU Power Grid — Paris,seamless,11.0,6,0.03403884064148319,0.011957882678885338,0.02407745336577446,0.033226885644768805,0.05411887382690296,0.10509362107267527,0.1167883211678832,0.0310218978102189
EU Power Grid — Paris,seamless,11.0,7,0.03619332409824701,0.01095889498641371,0.025868613138686082,0.035540493569690634,0.0469807564698075,0.0637266828872668,0.187956204379562,0.0273722627737226
EU Power Grid — Paris,seamless,11.0,8,0.030812110394799825,0.011398449571101227,0.023281139627972628,0.031606775219913834,0.043924431086303124,0.07189781021897806,0.1295620437956204,0.010948905109489
EU Power Grid — Paris,seamless,11.0,9,0.03312643188235911,0.012856971602109803,0.02751027418266574,0.03184306569343059,0.05178832116788318,0.06793534932221054,0.1989051094890511,0.0291970802919708
EU Power Grid — Paris,seamless,11.0,10,0.035913607544354964,0.01295687037135696,0.027643519431840576,0.03353888749056124,0.06685675182481746,0.08959854014598533,0.1660583941605839,0.0291970802919708
EU Power Grid — Paris,seamless,11.0,11,0.03528091533912293,0.013875939048430867,0.02791970802919706,0.0362356621480709,0.06211678832116782,0.06930830726451158,0.1587591240875912,0.0054744525547445
EU Power Grid — Paris,seamless,11.0,12,0.035367494272470455,0.012290878576375883,0.02444863040577656,0.03216471282164706,0.055900243309002395,0.06678832116788315,0.1970802919708029,0.0182481751824817
EU Power Grid — Paris,seamless,11.0,13,0.0372289413394426,0.013026799509829977,0.03126435608187425,0.04160583941605835,0.05997566909975662,0.07442335766423351,0.2572992700729927,0.0328467153284671
EU Power Grid — Paris,seamless,11.0,14,0.034581623954392786,0.01375606052533427,0.022522089896273502,0.028791565287915637,0.06279805352798049,0.07286496350364963,0.2627737226277372,0.0237226277372262
EU Power Grid — Paris,seamless,11.0,15,0.03419534871330376,0.012124380627630613,0.024939172749391666,0.0383211678832116,0.05475973236009727,0.05766423357664231,0.1295620437956204,0.010948905109489
EU Power Grid — Paris,seamless,11.0,16,0.03592359742127967,0.012454046566146251,0.0255474452554744,0.0437956204379562,0.06925182481751818,0.08721450435601599,0.1970802919708029,0.0091240875912408
EU Power Grid — Paris,seamless,11.0,17,0.03900047951409227,0.011671506207043474,0.025265762014402532,0.045647273507943245,0.06476336237344005,0.0691465468837731,0.2645985401459854,0.0255474452554744
EU Power Grid — Paris,seamless,11.0,18,0.03246044008737803,0.012757072832862636,0.028056569343065677,0.031224655312246476,0.045843471208434634,0.07095498783454984,0.260948905109489,0.0291970802919708
EU Power Grid — Paris,seamless,11.0,19,0.033615935851670206,0.012643854227715847,0.027852477910103705,0.03821689259645456,0.05001972775695401,0.07171532846715326,0.1970802919708029,0.0072992700729927
EU Power Grid — Paris,seamless,11.0,20,0.03289000479514082,0.0118746337045127,0.024171590777430123,0.02682481751824814,0.05660989456609891,0.07257907542579074,0.2171532846715328,0.0255474452554744
EU Power Grid — Paris,seamless,11.0,21,0.03557728168788951,0.01119532207363199,0.023038321167883156,0.03946167883211672,0.05743881494203519,0.08343065693430649,0.1970802919708029,0.0164233576642335
EU Power Grid — Paris,seamless,11.0,22,0.0350178485801054,0.011704805796792528,0.026929882769298794,0.03904572778016309,0.05658454987834547,0.077956204379562,0.1295620437956204,0.0145985401459854
EU Power Grid — Paris,seamless,11.0,23,0.03477143161596239,0.012823672012360746,0.026371556392747783,0.03837819343065685,0.05866788321167881,0.08160583941605831,0.1295620437956204,0.0072992700729927
EU Power Grid — Paris,seamless,11.0,24,0.034714822313389,0.013066759017528844,0.027220194647201917,0.03173796544396186,0.06947187634177752,0.0832116788321167,0.2208029197080291,0.0164233576642335
EU Power Grid — Paris,seamless,11.0,25,0.03385569289786341,0.014208934945921407,0.022521289537712867,0.029708029197080266,0.05218978102189774,0.13517335766423352,0.2171532846715328,0.0237226277372262
EU Power Grid — Paris,seamless,11.0,26,0.03869412328840099,0.010902285683840319,0.03330291970802915,0.04136253041362527,0.048576642335766376,0.08655249859629419,0.1970802919708029,0.0182481751824817
EU Power Grid — Paris,seamless,11.0,27,0.037198971708668455,0.010376152165805253,0.02990673154906728,0.036361178696945114,0.06388265019651877,0.06992700729927001,0.1824817518248175,0.0364963503649635
EU Power Grid — Paris,seamless,11.0,28,0.03583368852895723,0.012410757099472473,0.027532334485849637,0.03690693430656932,0.04508092668993965,0.09416058394160583,0.1295620437956204,0.0164233576642335
EU Power Grid — Paris,seamless,11.0,29,0.03992953806809089,0.011957882678885342,0.026733576642335728,0.04758211678832111,0.058880778588807754,0.07601668404588106,0.1970802919708029,0.0182481751824817
EU Power Grid — Paris,seamless,11.0,30,0.03459827374926733,0.013016809632905257,0.029548006737787742,0.036268248175182476,0.04934306569343062,0.0654969118472768,0.1970802919708029,0.0072992700729927
EU Power Grid — Paris,seamless,11.0,31,0.03590694762640513,0.010675848473546743,0.02971493391201418,0.032804277711763655,0.054582319545823134,0.06883211678832109,0.1441605839416058,0.0328467153284671
EU Power Grid — Paris,seamless,11.0,32,0.037545287442058616,0.014212264904896315,0.023553663152203228,0.0401459854014598,0.057247132429614156,0.06556569343065692,0.3850364963503649,0.0237226277372262
EU Power Grid — Paris,seamless,11.0,33,0.03647970057008887,0.011072113591560495,0.028404725316941975,0.03330291970802915,0.06023722627737218,0.08149635036496344,0.1532846715328467,0.0328467153284671
EU Power Grid — Paris,seamless,11.0,34,0.036826016303479044,0.011724785550641954,0.03175182481751816,0.038093065693430586,0.051642335766423325,0.08525547445255469,0.1952554744525547,0.0383211678832116
EU Power Grid — Paris,seamless,11.0,35,0.035697160210986095,0.010009856678565666,0.024971187091817074,0.037347931873479276,0.05444248678580412,0.0804744525547445,0.1295620437956204,0.0182481751824817
EU Power Grid — Paris,seamless,11.0,36,0.03542743353401877,0.013835979540731997,0.032586027111574496,0.039963503649634975,0.062356621480709015,0.09160583941605834,0.1970802919708029,0.0054744525547445
EU Power Grid — Paris,seamless,11.0,37,0.03530755501092217,0.012410757099472475,0.026319012394062567,0.03495539334955391,0.053232533889468116,0.08594890510948902,0.2627737226277372,0.0273722627737226
EU Power Grid — Paris,seamless,11.0,38,0.037721775267728595,0.010895625765890503,0.025452402676398974,0.036104099870386784,0.05102537365311087,0.08270072992700721,0.1824817518248175,0.0364963503649635
EU Power Grid — Paris,seamless,11.0,39,0.0344783952261707,0.012893601150833761,0.023861661452902253,0.03199723131135156,0.05014598540145983,0.09965424510180555,0.1970802919708029,0.0164233576642335
EU Power Grid — Paris,seamless,11.0,40,0.03148809206670564,0.011921253130161378,0.02433090024330893,0.035688216892596436,0.04702266615443713,0.06784266017842652,0.1295620437956204,0.0072992700729927
EU Power Grid — Paris,seamless,11.0,41,0.03424862805690225,0.011205311950556709,0.025984641119221365,0.028528582785285816,0.04929034874290345,0.08088503649635032,0.1824817518248175,0.0291970802919708
EU Power Grid — Paris,seamless,11.0,42,0.039293515903883976,0.01332982577654637,0.033830886574263884,0.04536952554744519,0.05820492024871586,0.11346309813463092,0.1970802919708029,0.0072992700729927
EU Power Grid — Paris,seamless,11.0,43,0.03152805157440451,0.013070088976503745,0.02076042395760422,0.032937956204379504,0.0468505001351716,0.06686131386861308,0.2518248175182481,0.0218978102189781
EU Power Grid — Paris,seamless,11.0,44,0.034558314241568446,0.013336485694496192,0.028842254663422537,0.034762773722627704,0.056715328467153256,0.07509124087591233,0.2153284671532846,0.0346715328467153
EU Power Grid — Paris,seamless,11.0,45,0.03359262613884587,0.012763732750812457,0.019077637690776333,0.03697656550134458,0.05197080291970799,0.07718978102189775,0.1970802919708029,0.0164233576642335
EU Power Grid — Paris,seamless,11.0,46,0.03644640098033981,0.011325190473653308,0.03062830971804774,0.03355636658556362,0.05744525547445253,0.08102189781021893,0.1897810218978102,0.0328467153284671
EU Power Grid — Paris,seamless,11.0,47,0.03644973093931472,0.009853348606745107,0.0328467153284671,0.03726682887266825,0.052566909975669034,0.10423357664233568,0.1441605839416058,0.0346715328467153
EU Power Grid — Paris,seamless,11.0,48,0.03297991368746327,0.013549603068890137,0.021272523097340602,0.025296980105910923,0.06131386861313862,0.07600364963503642,0.2518248175182481,0.0218978102189781
EU Power Grid — Paris,seamless,11.0,49,0.03449504502104524,0.01308340881240337,0.024330900243308935,0.02853811841038117,0.06377737226277368,0.0868207623682076,0.2171532846715328,0.0255474452554744
EU Power Grid — Paris,seamless,11.0,50,0.03297325376951346,0.01232417816612493,0.022603406326034033,0.031282586027111495,0.047953992479539874,0.08266423357664224,0.2700729927007299,0.0237226277372262
EU Power Grid — Paris,seamless,11.0,51,0.037035803718898086,0.011741435345516481,0.03325223033252225,0.04149058778332689,0.050967153284671524,0.07761557177615566,0.1970802919708029,0.0091240875912408
EU Power Grid — Paris,seamless,11.0,52,0.03431855719537525,0.014598540145985347,0.030579517805795115,0.035013686131386834,0.05583941605839412,0.0764458169567658,0.2007299270072992,0.0346715328467153
EU Power Grid — Paris,seamless,11.0,53,0.03445175555437147,0.011315200596728591,0.02609489051094886,0.03609083536090834,0.06575425790754255,0.11066504460665039,0.1970802919708029,0.010948905109489
EU Power Grid — Paris,seamless,11.0,54,0.038317837924236674,0.01331983589962166,0.031751824817518176,0.041833941605839385,0.06503073376872837,0.08325461571489902,0.1970802919708029,0.010948905109489
EU Power Grid — Paris,seamless,11.0,55,0.0317644786616228,0.013446374340668059,0.021147280433246984,0.031751824817518176,0.04934306569343062,0.07818329278183289,0.2171532846715328,0.0218978102189781
EU Power Grid — Paris,seamless,11.0,56,0.034098779903031506,0.012500665991794923,0.029888299048882957,0.034164639091646354,0.053048518677543934,0.06700729927007291,0.2007299270072992,0.0310218978102189
EU Power Grid — Paris,seamless,11.0,57,0.03512773722627728,0.013126698279077142,0.019347213005972093,0.030390230207748403,0.056621480709071914,0.12323600973236006,0.3193430656934306,0.0200729927007299
EU Power Grid — Paris,seamless,11.0,58,0.033522697000372845,0.013169987745750919,0.02447572703047149,0.032349037823490315,0.052450469238790334,0.07536496350364955,0.2171532846715328,0.0255474452554744
EU Power Grid — Paris,seamless,11.0,59,0.037568597154882956,0.010885635888965788,0.022767781361398707,0.046007520460075134,0.05116788321167881,0.07967153284671531,0.1441605839416058,0.0237226277372262
EU Power Grid — Paris,seamless,11.0,60,0.03119505567691396,0.014099046299749526,0.015660439605756894,0.028588807785888064,0.0529425182481751,0.1028467153284671,0.3138686131386861,0.0164233576642335
EU Power Grid — Paris,seamless,11.0,61,0.03332289946187853,0.013542943150940318,0.02486313868613132,0.038594890510948825,0.053877737226277304,0.07579075425790746,0.1970802919708029,0.0054744525547445
EU Power Grid — Paris,seamless,11.0,62,0.03166124993340073,0.011584927273695929,0.02447572703047149,0.028699402786994017,0.05850941221667306,0.0727604512276045,0.2171532846715328,0.0255474452554744
EU Power Grid — Paris,seamless,11.0,63,0.0361866641802972,0.013473014012467302,0.030710343599786295,0.04250751395448688,0.050091240875912386,0.08975495307612089,0.1970802919708029,0.0072992700729927
EU Power Grid — Paris,seamless,11.0,64,0.034608263626192015,0.011947892801960623,0.028284671532846698,0.037864963503649575,0.04723772720767133,0.08983315954118865,0.1970802919708029,0.010948905109489
EU Power Grid — Paris,seamless,11.0,65,0.0325070595130267,0.012247589109702106,0.022810218978102148,0.027828467153284648,0.06034778875053663,0.07944038929440385,0.1970802919708029,0.0145985401459854
EU Power Grid — Paris,seamless,11.0,66,0.03234389152325634,0.012210959560978146,0.021250294325406156,0.030324173465006387,0.0547673357664233,0.08416058394160578,0.2883211678832116,0.0164233576642335
EU Power Grid — Paris,seamless,11.0,67,0.036722787575256974,0.013086738771378278,0.0255474452554744,0.035426629750818006,0.07947080291970798,0.08365774533657738,0.1441605839416058,0.0364963503649635
EU Power Grid — Paris,seamless,11.0,68,0.03401220096968396,0.012154350258404754,0.029394768856447675,0.03356703803303876,0.05297184567257551,0.08817518248175178,0.2171532846715328,0.0310218978102189
EU Power Grid — Paris,seamless,11.0,69,0.035953567052053825,0.01285364164313489,0.02359457036752458,0.040875912408759076,0.06763990267639894,0.0761313868613138,0.1970802919708029,0.0091240875912408
EU Power Grid — Paris,seamless,11.0,70,0.03333621929777816,0.012803692258511315,0.026208155046564267,0.038895647472289734,0.06388381995133816,0.07393117831074031,0.1989051094890511,0.0273722627737226
EU Power Grid — Paris,seamless,11.0,71,0.03115842612819,0.013323165858596563,0.02409288056701569,0.028294698002727183,0.048328851325393725,0.05875912408759121,0.2718978102189781,0.0127737226277372
EU Power Grid — Paris,seamless,11.0,72,0.03684599605732847,0.011448398955724807,0.023973092886789678,0.04547147326083711,0.06935523114355226,0.07102189781021895,0.1295620437956204,0.0164233576642335
EU Power Grid — Paris,seamless,11.0,73,0.03418868879535395,0.011544967765997068,0.02573423759986201,0.03527980535279803,0.05214416058394156,0.08613138686131383,0.2171532846715328,0.0273722627737226
EU Power Grid — Paris,seamless,11.0,74,0.03165791997442582,0.012657174063615478,0.025395377128953716,0.031867076450249644,0.054873336195792134,0.08688052247406836,0.1970802919708029,0.0054744525547445
EU Power Grid — Paris,seamless,11.0,75,0.037085753103521656,0.011911263253236657,0.02332116788321162,0.04596652403725137,0.0526507875528236,0.09955820207452934,0.1222627737226277,0.0237226277372262
EU Power Grid — Paris,seamless,11.0,76,0.03541744365709404,0.013050109222654312,0.029681445435703318,0.04397810218978101,0.05267639902676392,0.07944038929440385,0.1970802919708029,0.0054744525547445
EU Power Grid — Paris,seamless,11.0,77,0.03615003463157325,0.012580585007192653,0.02634084417645188,0.034508925345089224,0.04913906045292903,0.07031630170316296,0.1660583941605839,0.0346715328467153
EU Power Grid — Paris,seamless,11.0,78,0.035307555010922156,0.011774734935265542,0.026023484608060886,0.03420229405630862,0.056698153714040335,0.08313868613138678,0.1897810218978102,0.0346715328467153
EU Power Grid — Paris,seamless,11.0,79,0.032646917789972724,0.013529623315040698,0.019816166531494966,0.027575020275750175,0.05478507704785071,0.08337757133377564,0.2208029197080291,0.0200729927007299
EU Power Grid — Paris,seamless,11.0,80,0.03610008524694965,0.01258391496616755,0.029881386861313836,0.03952685088633987,0.05240875912408753,0.0975311292400171,0.1295620437956204,0.0054744525547445
EU Power Grid — Paris,seamless,11.0,81,0.031791118333422026,0.012996829879055826,0.017357319386171556,0.032002737226277306,0.05299270072992692,0.06546118115461179,0.2171532846715328,0.0182481751824817
EU Power Grid — Paris,seamless,11.0,82,0.036513000159837924,0.011841334114763642,0.02314688317264525,0.03895985401459846,0.055863746958637425,0.06518248175182478,0.3284671532846715,0.0237226277372262
EU Power Grid — Paris,seamless,11.0,83,0.034411796046672605,0.012484016196920395,0.02355673523556728,0.045760808534531086,0.05086155318894339,0.09744525547445246,0.1970802919708029,0.0054744525547445
EU Power Grid — Paris,seamless,11.0,84,0.03488798018008408,0.012097740955831373,0.030109489051094847,0.03473445758872386,0.058434712084347105,0.07798989331836044,0.1970802919708029,0.010948905109489
EU Power Grid — Paris,seamless,11.0,85,0.03376578400554095,0.011365149981352176,0.025067230119093294,0.037729335174590595,0.05264395782643951,0.07007299270072986,0.1295620437956204,0.0091240875912408
EU Power Grid — Paris,seamless,11.0,86,0.03360927593372041,0.01359955245351371,0.024000989731535246,0.02883211678832116,0.06449900464499002,0.06563536828135368,0.1624087591240876,0.0291970802919708
EU Power Grid — Paris,seamless,11.0,87,0.036542969790612084,0.012497336032820017,0.028217441413753343,0.04151459854014595,0.05846715328467151,0.08592283628779976,0.1970802919708029,0.010948905109489
EU Power Grid — Paris,seamless,11.0,88,0.03442511588257223,0.0122409291917523,0.02927473210125795,0.031204379562043714,0.055900243309002395,0.07171532846715326,0.2171532846715328,0.0310218978102189
EU Power Grid — Paris,seamless,11.0,89,0.03570049016996101,0.011931243007086093,0.028796510592843143,0.03512773722627734,0.05225060827250603,0.08058394160583938,0.2262773722627737,0.0310218978102189
EU Power Grid — Paris,seamless,11.0,90,0.03537415419042027,0.01263053439181624,0.02557595802919703,0.03867332564989107,0.05810016220600161,0.09556830031282582,0.1970802919708029,0.010948905109489
EU Power Grid — Paris,seamless,11.0,91,0.03345942777984966,0.011944562842985715,0.026662611516626078,0.034250421111734944,0.045431197620978574,0.05894160583941602,0.1970802919708029,0.0091240875912408
EU Power Grid — Paris,seamless,11.0,92,0.03669947786243264,0.012767062709787353,0.026093453646761265,0.03553592009220129,0.08255474452554735,0.13328988529718458,0.2171532846715328,0.0273722627737226
EU Power Grid — Paris,seamless,11.0,93,0.032124114230912555,0.013403084873994296,0.026358475263584712,0.03224272643158213,0.052965328467153204,0.06557177615571774,0.1970802919708029,0.0036496350364963
EU Power Grid — Paris,seamless,11.0,94,0.034874660344184454,0.011648196494219137,0.022262773722627714,0.047543013555787224,0.05608272506082721,0.0808891838088918,0.156934306569343,0.0291970802919708
EU Power Grid — Paris,seamless,11.0,95,0.03322300069263138,0.012174330012254191,0.02146590074720338,0.025293998377939927,0.04992700729927005,0.06653284671532841,0.3065693430656934,0.0218978102189781
EU Power Grid — Paris,seamless,11.0,96,0.033099792210559864,0.014122356012573872,0.025263058109773383,0.03313484441029576,0.05752579914422349,0.10715328467153279,0.1970802919708029,0.0036496350364963
EU Power Grid — Paris,seamless,11.0,97,0.032786776066918766,0.013406414832969194,0.023357664233576575,0.03379171011470277,0.05033688938798426,0.07317518248175181,0.1970802919708029,0.0054744525547445
EU Power Grid — Paris,seamless,11.0,98,0.031018567851243985,0.013086738771378274,0.021261888962618877,0.04032846715328461,0.04815646640464154,0.06961678832116783,0.2390510948905109,0.0218978102189781
EU Power Grid — Paris,seamless,11.0,99,0.03225731258990879,0.012004502104534014,0.024546738874499582,0.028140606991932368,0.05116788321167881,0.08994069343065686,0.1970802919708029,0.0127737226277372
EU Power Grid — Paris,seamless,11.0,100,0.033439448026000226,0.012497336032820015,0.02759396957500509,0.03190355121791185,0.04933090024330896,0.07430656934306562,0.1824817518248175,0.0291970802919708
EU Power Grid — Paris,seamless,12.0,1,0.03380907347221473,0.012237599232777388,0.02575599582898848,0.03605247583349772,0.05249711870918165,0.07992700729927003,0.1897810218978102,0.0364963503649635
EU Power Grid — Paris,seamless,12.0,2,0.036369811923917,0.01233416804304965,0.02792585909948329,0.03249352484106422,0.061265206812652004,0.08635036496350361,0.1587591240875912,0.0164233576642335
EU Power Grid — Paris,seamless,12.0,3,0.035237625872449156,0.011172012360807653,0.025750202757501978,0.03674804933299772,0.05766423357664231,0.061901865369018594,0.1295620437956204,0.0200729927007299
EU Power Grid — Paris,seamless,12.0,4,0.03261028824124878,0.01329319622782241,0.027808632180260213,0.030470650851581453,0.05492700729927,0.07267987486965588,0.1970802919708029,0.0072992700729927
EU Power Grid — Paris,seamless,12.0,5,0.03511108743140274,0.012530635622569066,0.02410279805352791,0.033211678832116724,0.06029197080291962,0.08233576642335758,0.2171532846715328,0.0255474452554744
EU Power Grid — Paris,seamless,12.0,6,0.037781714529276894,0.012097740955831368,0.029614623283434345,0.037104622871046176,0.06139681486396808,0.08500842223469955,0.2062043795620438,0.0310218978102189
EU Power Grid — Paris,seamless,12.0,7,0.03378576375939039,0.011838004155788742,0.024038197683990927,0.03357664233576638,0.04556428972487359,0.06624087591240871,0.2390510948905109,0.0255474452554744
EU Power Grid — Paris,seamless,12.0,8,0.03225398263093389,0.012494006073845109,0.02434573615809144,0.03344698424894348,0.052980535279805265,0.07112494632889649,0.1295620437956204,0.0091240875912408
EU Power Grid — Paris,seamless,12.0,9,0.03655961958548662,0.011944562842985713,0.028436739659367383,0.0346715328467153,0.059652324241260025,0.06259124087591235,0.25,0.0291970802919708
EU Power Grid — Paris,seamless,12.0,10,0.0331830411849325,0.013036789386754698,0.02939706029397059,0.032349037823490315,0.05571456012293503,0.08145985401459847,0.1970802919708029,0.0054744525547445
EU Power Grid — Paris,seamless,12.0,11,0.03516436677500123,0.011118733017209174,0.02356161442679254,0.038534063260340555,0.05525326255253258,0.08160583941605831,0.1295620437956204,0.0164233576642335
EU Power Grid — Paris,seamless,12.0,12,0.03176114870264788,0.014215594863871217,0.016203121067203556,0.03487429034874288,0.05478507704785071,0.06518248175182478,0.4215328467153285,0.0164233576642335
EU Power Grid — Paris,seamless,12.0,13,0.035633890990462894,0.012434066812296812,0.02538155275381547,0.03491484184914839,0.056785617734522814,0.08266423357664224,0.1295620437956204,0.0164233576642335
EU Power Grid — Paris,seamless,12.0,14,0.03509776759550313,0.011488358463423668,0.02977092227884127,0.03434950622584797,0.0567700729927007,0.07028154327424396,0.2737226277372263,0.0310218978102189
EU Power Grid — Paris,seamless,12.0,15,0.0374154190420373,0.012563935212318123,0.031984995944849895,0.04161987647389104,0.04932221063607921,0.06905920519059199,0.1970802919708029,0.0145985401459854
EU Power Grid — Paris,seamless,12.0,16,0.0319409664872928,0.012294208535350787,0.021148674606223574,0.028945958615147652,0.04981751824817515,0.0633576642335766,0.1970802919708029,0.0127737226277372
EU Power Grid — Paris,seamless,12.0,17,0.03485801054930993,0.010492700729926942,0.02357170298007786,0.036587591240875905,0.048968034231059616,0.08266423357664224,0.1970802919708029,0.0237226277372262
EU Power Grid — Paris,seamless,12.0,18,0.03456164420054336,0.01148835846342367,0.026089470260894657,0.03313702720637022,0.04916362530413622,0.07045716480983476,0.1824817518248175,0.0273722627737226
EU Power Grid — Paris,seamless,12.0,19,0.03374913421066642,0.011275241089029725,0.023230216660873538,0.037408759124087546,0.05003649635036494,0.08229927007299262,0.1295620437956204,0.010948905109489
EU Power Grid — Paris,seamless,12.0,20,0.03361260589269531,0.011924583089136282,0.025988442822384383,0.031406069919323785,0.05074209245742091,0.07052919708029191,0.2116788321167883,0.0273722627737226
EU Power Grid — Paris,seamless,12.0,21,0.032437130374553695,0.011375139858276886,0.026242613833854667,0.028770499573419272,0.048116788321167836,0.06788321167883203,0.2171532846715328,0.0273722627737226
EU Power Grid — Paris,seamless,12.0,22,0.034118759656880944,0.012913580904683185,0.02787113374993434,0.0401459854014598,0.050905650175723155,0.08636363636363634,0.2135036496350364,0.0291970802919708
EU Power Grid — Paris,seamless,12.0,23,0.031091826948691895,0.012700463530289249,0.02202815432742439,0.03193430656934299,0.04338386674153096,0.07718978102189775,0.1970802919708029,0.0091240875912408
EU Power Grid — Paris,seamless,12.0,24,0.03562723107251309,0.013912568597154819,0.028258096520445027,0.033029197080291915,0.05602189781021893,0.08192026951151031,0.1970802919708029,0.0091240875912408
EU Power Grid — Paris,seamless,12.0,25,0.03492127976983315,0.011861313868613077,0.02791369214726877,0.03604014598540145,0.06355578727841497,0.07046402502606877,0.1624087591240876,0.0291970802919708
EU Power Grid — Paris,seamless,12.0,26,0.034468405349246,0.013086738771378274,0.019383953720810455,0.034899635036496325,0.053759124087591176,0.07065693430656929,0.2226277372262773,0.0200729927007299
EU Power Grid — Paris,seamless,12.0,27,0.0353874740263199,0.011574937396771212,0.0246350364963503,0.034831604558842336,0.049292883211678795,0.09160583941605834,0.1295620437956204,0.0200729927007299
EU Power Grid — Paris,seamless,12.0,28,0.03477809153391221,0.011811364483989499,0.027011543031743305,0.040358880778588756,0.055863746958637425,0.08355926312130685,0.1441605839416058,0.0273722627737226
EU Power Grid — Paris,seamless,12.0,29,0.036043475944376256,0.012207629602003249,0.02356841780610664,0.04011953877076055,0.053814457263950954,0.0687634177758694,0.1970802919708029,0.0127737226277372
EU Power Grid — Paris,seamless,12.0,30,0.03253036922585104,0.013080078853428462,0.027542013240536387,0.030879333941605764,0.05299270072992692,0.08535279805352794,0.1970802919708029,0.0054744525547445
EU Power Grid — Paris,seamless,12.0,31,0.0304791144973093,0.013246576802173752,0.02343449865539755,0.027863559797866345,0.04627737226277365,0.07916666666666665,0.1970802919708029,0.010948905109489
EU Power Grid — Paris,seamless,12.0,32,0.031311604241035663,0.013196627417550151,0.023801114512204617,0.029354392146992186,0.05113544201135441,0.078270634475014,0.1970802919708029,0.0072992700729927
EU Power Grid — Paris,seamless,12.0,33,0.03357597634397135,0.01365283179711219,0.026887545620437922,0.0291970802919708,0.058416970802919695,0.11350364963503644,0.2171532846715328,0.0291970802919708
EU Power Grid — Paris,seamless,12.0,34,0.030742181256326814,0.014285524002344238,0.024351449990136054,0.033485401459853965,0.0535431873479318,0.06441605839416054,0.2627737226277372,0.0255474452554744
EU Power Grid — Paris,seamless,12.0,35,0.03314308167723364,0.012277558740476258,0.025253119849305335,0.027034333603676637,0.057629475147723305,0.08138686131386853,0.1970802919708029,0.0164233576642335
EU Power Grid — Paris,seamless,12.0,36,0.03717899195481903,0.011195322073631993,0.03161496350364956,0.03800505776194027,0.05090747681988557,0.0797810218978102,0.1605839416058394,0.0383211678832116
EU Power Grid — Paris,seamless,12.0,37,0.03069223187170324,0.0139591880228035,0.022182937956204365,0.027586947187634152,0.0509016745384285,0.06441605839416054,0.2372262773722627,0.0237226277372262
EU Power Grid — Paris,seamless,12.0,38,0.03261361820022368,0.013293196227822414,0.027908121886224057,0.034932221063607896,0.05024688707599826,0.07065693430656929,0.2171532846715328,0.0291970802919708
EU Power Grid — Paris,seamless,12.0,39,0.03768514571900466,0.012061111407107406,0.030529486733866237,0.040554168267383735,0.06255806237558056,0.07144160583941603,0.1660583941605839,0.0364963503649635
EU Power Grid — Paris,seamless,12.0,40,0.03451169481591976,0.013499653684266557,0.029580445316812837,0.03882806163828054,0.05479666319082371,0.07065693430656929,0.1989051094890511,0.0310218978102189
EU Power Grid — Paris,seamless,12.0,41,0.02942351750226428,0.013975837817678024,0.020879307418095384,0.030673035637612645,0.04564650677789356,0.05894160583941602,0.1970802919708029,0.0054744525547445
EU Power Grid — Paris,seamless,12.0,42,0.032260642548883695,0.01483829719217853,0.019175066620322055,0.03406326034063257,0.0661853379879403,0.1205474452554744,0.2171532846715328,0.0200729927007299
EU Power Grid — Paris,seamless,12.0,43,0.03481472108263617,0.012777052586712065,0.028069550768500366,0.039776089958571646,0.04856447688564472,0.07235401459854011,0.2153284671532846,0.0291970802919708
EU Power Grid — Paris,seamless,12.0,44,0.032200703287335396,0.010589269540199212,0.025923994902097045,0.028884254431699678,0.04518248175182475,0.06505474452554741,0.1897810218978102,0.0291970802919708
EU Power Grid — Paris,seamless,12.0,45,0.03191765677446844,0.013975837817678026,0.02572992700729922,0.0289081508515815,0.06086999408167284,0.06989051094890505,0.2098540145985401,0.0291970802919708
EU Power Grid — Paris,seamless,12.0,46,0.032247322712984076,0.010878975971015975,0.025695976913936464,0.03137672343876716,0.04519708029197074,0.061532846715328396,0.1970802919708029,0.0145985401459854
EU Power Grid — Paris,seamless,12.0,47,0.03495124940060729,0.012410757099472473,0.029112205058563906,0.0342700729927007,0.06570863746958636,0.09072992700729919,0.1970802919708029,0.0091240875912408
EU Power Grid — Paris,seamless,12.0,48,0.036289892908519264,0.011548297724971967,0.0215067778936392,0.03334854014598535,0.059443430656934255,0.09822732012513027,0.1295620437956204,0.0200729927007299
EU Power Grid — Paris,seamless,12.0,49,0.0339123022004368,0.011901273376311942,0.021862029483326172,0.035915726609157254,0.054761904761904706,0.06596715328467151,0.1551094890510949,0.0364963503649635
EU Power Grid — Paris,seamless,12.0,50,0.0317045394000745,0.01456191059726138,0.020797126636542675,0.026815538785104506,0.06089051094890504,0.09869655891553696,0.2171532846715328,0.0218978102189781
EU Power Grid — Paris,seamless,12.0,51,0.0332463104054557,0.013386435079119772,0.021986825707673126,0.03736790500054468,0.06231751824817513,0.07171532846715326,0.1970802919708029,0.010948905109489
EU Power Grid — Paris,seamless,12.0,52,0.0350178485801054,0.011108743140284452,0.026315789473684167,0.030775854998769718,0.05592051905920515,0.07357664233576638,0.1532846715328467,0.0310218978102189
EU Power Grid — Paris,seamless,12.0,53,0.03228395226170804,0.011974532473759868,0.026390557146816925,0.028878461360213176,0.04875483039931297,0.0581619110816191,0.156934306569343,0.0273722627737226
EU Power Grid — Paris,seamless,12.0,54,0.033819063349139436,0.01108876338643503,0.023479318734793118,0.03134051674197652,0.05299270072992692,0.06727961819202688,0.1587591240875912,0.0182481751824817
EU Power Grid — Paris,seamless,12.0,55,0.03137487346155885,0.013289866268847508,0.019429711705088448,0.02710191943768583,0.0584115397984011,0.06719890510948898,0.2518248175182481,0.0200729927007299
EU Power Grid — Paris,seamless,12.0,56,0.03484136075443542,0.012364137673823803,0.02792984590429844,0.03435498286906,0.06004610065309251,0.06627737226277368,0.1624087591240876,0.0346715328467153
EU Power Grid — Paris,seamless,12.0,57,0.034251958015877146,0.012517315786669448,0.02262773722627734,0.033565582835655784,0.08082638164754949,0.08663321167883209,0.1970802919708029,0.0091240875912408
EU Power Grid — Paris,seamless,12.0,58,0.03336951888752721,0.012084421119931743,0.028428736073761028,0.03699883634824921,0.05074817518248174,0.06892944038929434,0.1295620437956204,0.0091240875912408
EU Power Grid — Paris,seamless,12.0,59,0.03519100644680047,0.011488358463423679,0.02993145807370479,0.039181139357328566,0.04994160583941604,0.0631386861313868,0.1970802919708029,0.010948905109489
EU Power Grid — Paris,seamless,12.0,60,0.031081837071767187,0.014831637274228714,0.014436005792133333,0.03377571333775709,0.051128069011280676,0.0741067998463311,0.4489051094890511,0.0145985401459854
EU Power Grid — Paris,seamless,12.0,61,0.03179444829239694,0.012600564761042085,0.024584347120843404,0.028639174299130585,0.062180656934306515,0.08877737226277366,0.1970802919708029,0.0091240875912408
EU Power Grid — Paris,seamless,12.0,62,0.03282673557461762,0.012760402791837546,0.023675837544450608,0.03218775344687747,0.052294056308654795,0.08448905109489044,0.1970802919708029,0.0091240875912408
EU Power Grid — Paris,seamless,12.0,63,0.03327295007725496,0.014245564494645369,0.02537636861313863,0.03526267091600697,0.05091240875912407,0.07458526874585261,0.1970802919708029,0.0054744525547445
EU Power Grid — Paris,seamless,12.0,64,0.03626991315466982,0.010146384996536782,0.029485817241060686,0.032964445490934725,0.05297184567257551,0.06732172936552491,0.1843065693430657,0.0310218978102189
EU Power Grid — Paris,seamless,12.0,65,0.033609275933720394,0.011375139858276885,0.02221983683984541,0.03203958450308809,0.05693430656934304,0.08996350364963496,0.2208029197080291,0.0182481751824817
EU Power Grid — Paris,seamless,12.0,66,0.03278011614896894,0.013093398689328097,0.02925114895917815,0.031751824817518176,0.047518248175182416,0.0654969118472768,0.2335766423357664,0.0310218978102189
EU Power Grid — Paris,seamless,12.0,67,0.03395226170813565,0.012900261068783574,0.02260673213254211,0.039300338258856975,0.052952886529528786,0.07354014598540141,0.2518248175182481,0.0237226277372262
EU Power Grid — Paris,seamless,12.0,68,0.041954153124833415,0.011005514412062383,0.03518622496724685,0.04309176225234618,0.06632382216323818,0.06746018579960178,0.125912408759124,0.0437956204379562
EU Power Grid — Paris,seamless,12.0,69,0.039170307421812475,0.010183014545260745,0.028881884538818837,0.046410284344699786,0.058817989168825024,0.07372262773722624,0.1751824817518248,0.0291970802919708
EU Power Grid — Paris,seamless,12.0,70,0.033262960200330226,0.010865656135116355,0.02134022708840226,0.03445684843280374,0.04316996871741396,0.07189781021897808,0.1587591240875912,0.0145985401459854
EU Power Grid — Paris,seamless,12.0,71,0.03239717086685481,0.013686131386861259,0.017818806354658594,0.0272419186652763,0.04871302343449861,0.09209245742092452,0.3777372262773723,0.0182481751824817
EU Power Grid — Paris,seamless,12.0,72,0.031524721615429595,0.013169987745750912,0.02522541863460707,0.032061847578682925,0.046958637469586284,0.06824817518248168,0.1970802919708029,0.0054744525547445
EU Power Grid — Paris,seamless,12.0,73,0.02954672598433578,0.013116708402152434,0.02077250608272504,0.027906355705892803,0.04749739311783101,0.06949947862356616,0.2171532846715328,0.0218978102189781
EU Power Grid — Paris,seamless,12.0,74,0.03272017688742065,0.012543955458468686,0.0218978102189781,0.035162829870859044,0.047468065693430594,0.07248175182481749,0.1970802919708029,0.0145985401459854
EU Power Grid — Paris,seamless,12.0,75,0.03436184666204904,0.011005514412062378,0.029333941605839405,0.03432937956204376,0.05015027908973806,0.07977493917274937,0.2171532846715328,0.0310218978102189
EU Power Grid — Paris,seamless,12.0,76,0.03847434599605722,0.011971202514784961,0.026459854014598497,0.04154969118472764,0.058069748580697474,0.07091240875912405,0.1587591240875912,0.0164233576642335
EU Power Grid — Paris,seamless,12.0,77,0.03555397197506517,0.011581597314721023,0.029604980678402726,0.033876854250058826,0.048968034231059616,0.0808394160583941,0.1532846715328467,0.0310218978102189
EU Power Grid — Paris,seamless,12.0,78,0.031498081943630366,0.013569582822739564,0.02356841780610664,0.028976336237344,0.04680656934306563,0.06373415290049939,0.1970802919708029,0.0054744525547445
EU Power Grid — Paris,seamless,12.0,79,0.03509776759550312,0.012327508125099841,0.02620437956204375,0.0312825860271115,0.06211678832116782,0.07248175182481749,0.2645985401459854,0.0273722627737226
EU Power Grid — Paris,seamless,12.0,80,0.035850338323831756,0.012071101284032111,0.027603985633182688,0.03432937956204376,0.06169099756690991,0.06368613138686127,0.2171532846715328,0.0291970802919708
EU Power Grid — Paris,seamless,12.0,81,0.036419761308540584,0.011951222760935522,0.02782846715328465,0.037408759124087546,0.05523114355231138,0.06921532846715323,0.2007299270072992,0.0291970802919708
EU Power Grid — Paris,seamless,12.0,82,0.03460160370824222,0.011971202514784963,0.028486361890126762,0.037263603185135996,0.051110097323600966,0.07372262773722622,0.1970802919708029,0.0091240875912408
EU Power Grid — Paris,seamless,12.0,83,0.03464822313389089,0.013473014012467302,0.03136861313868606,0.03394553017816494,0.05244740231859161,0.06556569343065692,0.1970802919708029,0.0072992700729927
EU Power Grid — Paris,seamless,12.0,84,0.037182321913793934,0.012780382545686975,0.027941709375161754,0.034443430656934275,0.07565340240169524,0.08613138686131383,0.2481751824817518,0.0291970802919708
EU Power Grid — Paris,seamless,12.0,85,0.03318304118493252,0.012484016196920397,0.02621101526211011,0.0334984358706986,0.044343065693430626,0.07430656934306562,0.1970802919708029,0.0091240875912408
EU Power Grid — Paris,seamless,12.0,86,0.03580704885715797,0.012424076935372102,0.024620553817634044,0.03941605839416051,0.060668163952835405,0.08357664233576635,0.1970802919708029,0.010948905109489
EU Power Grid — Paris,seamless,12.0,87,0.03305650274388609,0.012484016196920395,0.02287104622871042,0.025237570582564327,0.05809176225234618,0.07435036496350358,0.1897810218978102,0.0237226277372262
EU Power Grid — Paris,seamless,12.0,88,0.03159465075390261,0.012494006073845116,0.023815866588523554,0.029744525547445225,0.05116788321167881,0.07613456045699772,0.2372262773722627,0.0255474452554744
EU Power Grid — Paris,seamless,12.0,89,0.03229727209760765,0.013559592945814847,0.025215660252156546,0.03340819764177424,0.056621480709071914,0.07210636079249216,0.1970802919708029,0.0054744525547445
EU Power Grid — Paris,seamless,12.0,90,0.033486067451648914,0.012304198412275494,0.024525547445255407,0.028865295288652944,0.056621480709071914,0.07287657597876575,0.1660583941605839,0.0291970802919708
EU Power Grid — Paris,seamless,12.0,91,0.03166124993340072,0.013126698279077148,0.019005136523384654,0.03296836982968364,0.05116788321167881,0.06485922836287797,0.2372262773722627,0.0200729927007299
EU Power Grid — Paris,seamless,12.0,92,0.03584367840588195,0.011122062976184075,0.02672258952115256,0.03200449185850639,0.05262110152621094,0.07244525547445253,0.3357664233576642,0.0273722627737226
EU Power Grid — Paris,seamless,12.0,93,0.03821793915498951,0.011335180350578023,0.031433953378855586,0.040011807642765074,0.058759124087591166,0.07788750536711031,0.1970802919708029,0.0164233576642335
EU Power Grid — Paris,seamless,12.0,94,0.03531754488784687,0.010512680483776387,0.026155717761557135,0.03450564034505637,0.043575121654501205,0.06793534932221054,0.1970802919708029,0.0182481751824817
EU Power Grid — Paris,seamless,12.0,95,0.030179418189567802,0.012224279396877773,0.02399949660206386,0.0312541473125414,0.04932221063607921,0.06788321167883203,0.2627737226277372,0.0255474452554744
EU Power Grid — Paris,seamless,12.0,96,0.03164127017955129,0.013742740689434643,0.02269435754837211,0.03274533657745331,0.048832116788321125,0.09171532846715323,0.2171532846715328,0.0237226277372262
EU Power Grid — Paris,seamless,12.0,97,0.03578040918535874,0.01321660717139959,0.029982176200984516,0.03491085317697736,0.06132299270072986,0.10283548568220097,0.1441605839416058,0.0310218978102189
EU Power Grid — Paris,seamless,12.0,98,0.03006286962544611,0.011764745058340827,0.023965936739659292,0.028134528319319948,0.047485806974858005,0.06624087591240871,0.1806569343065693,0.0255474452554744
EU Power Grid — Paris,seamless,12.0,99,0.035204326282700094,0.012993499920080923,0.03157727705490313,0.03730738037307376,0.05802919708029195,0.07499999999999993,0.1970802919708029,0.0091240875912408
EU Power Grid — Paris,seamless,12.0,100,0.033139751718258725,0.011724785550641955,0.021745742092457415,0.02715240524140354,0.052155022592978745,0.06824817518248166,0.1405109489051094,0.0273722627737226
EU Power Grid — Paris,seamless,13.0,1,0.03209414460013842,0.012783712504661884,0.02314332058857601,0.02749391727493914,0.04999999999999996,0.09682481751824809,0.2171532846715328,0.0237226277372262
EU Power Grid — Paris,seamless,13.0,2,0.035837018487932124,0.012084421119931748,0.027169505271695024,0.0373415290049942,0.05802919708029196,0.09136253041362524,0.1970802919708029,0.010948905109489
EU Power Grid — Paris,seamless,13.0,3,0.03356265650807172,0.011251931376205383,0.023631386861313795,0.033589373620777414,0.057407100199070984,0.07901459854014595,0.1934306569343065,0.0182481751824817
EU Power Grid — Paris,seamless,13.0,4,0.0354474132878682,0.012104400873781174,0.022810218978102148,0.034420411169892154,0.054452554744525476,0.08142741281427407,0.1897810218978102,0.0346715328467153
EU Power Grid — Paris,seamless,13.0,5,0.031604640630827324,0.013799349992008034,0.025737860996508995,0.03180726231174344,0.054075425790754195,0.06518248175182478,0.2043795620437956,0.0273722627737226
EU Power Grid — Paris,seamless,13.0,6,0.032566998774575,0.01152165805317272,0.021187091817134063,0.041152781273596735,0.04636253041362523,0.07248175182481749,0.1295620437956204,0.0145985401459854
EU Power Grid — Paris,seamless,13.0,7,0.03341280835420097,0.012144360381480044,0.024361979860408053,0.0355839416058394,0.05458969254589687,0.09591240875912403,0.2481751824817518,0.0255474452554744
EU Power Grid — Paris,seamless,13.0,8,0.030625632692205144,0.012790372422611688,0.02077858880778587,0.031139627972686525,0.05033889468196035,0.07776329509906148,0.2718978102189781,0.0218978102189781
EU Power Grid — Paris,seamless,13.0,9,0.03143481272310716,0.013353135489370706,0.025599582898852922,0.028311507084585644,0.05583941605839412,0.06952554744525542,0.1970802919708029,0.0072992700729927
EU Power Grid — Paris,seamless,13.0,10,0.03318970110288231,0.011944562842985718,0.027007299270072956,0.037231017158024425,0.0639091646390916,0.08673965936739655,0.1532846715328467,0.0310218978102189
EU Power Grid — Paris,seamless,13.0,11,0.031624620384676755,0.013592892535563901,0.021951481322455984,0.03185916702447395,0.049292883211678795,0.08625304136253037,0.1970802919708029,0.0091240875912408
EU Power Grid — Paris,seamless,13.0,12,0.03442178592359733,0.010972214822313324,0.029112205058563906,0.03733361957921851,0.054763734152900444,0.07554744525547437,0.1970802919708029,0.0091240875912408
EU Power Grid — Paris,seamless,13.0,13,0.03504781821087956,0.012167670094304372,0.027682605889070934,0.03196576894034728,0.06025952960259521,0.06989051094890505,0.2536496350364963,0.0291970802919708
EU Power Grid — Paris,seamless,13.0,14,0.03196427620011711,0.012737093079013207,0.02473641524736409,0.027040477770404747,0.055907846715328426,0.061932719771501055,0.1897810218978102,0.0255474452554744
EU Power Grid — Paris,seamless,13.0,15,0.03614337471362343,0.010356172411955827,0.029709309770777282,0.03321997345719969,0.048905109489051045,0.07354014598540141,0.1295620437956204,0.0255474452554744
EU Power Grid — Paris,seamless,13.0,16,0.03350604720549833,0.012354147796899077,0.026421028109954923,0.0325115447638909,0.04364716070765804,0.08497209102619145,0.1970802919708029,0.0072992700729927
EU Power Grid — Paris,seamless,13.0,17,0.03378243380041549,0.011684826042943089,0.028111238462930548,0.03535880178215943,0.05702240120815502,0.07311435523114354,0.1496350364963503,0.0291970802919708
EU Power Grid — Paris,seamless,13.0,18,0.03161463050775206,0.011335180350578017,0.02130915940663997,0.03184306569343059,0.04385644768856446,0.07761557177615566,0.2171532846715328,0.0218978102189781
EU Power Grid — Paris,seamless,13.0,19,0.03506779796472899,0.01190460333528685,0.028340993061187692,0.034141747115610986,0.04537712895377122,0.07894160583941603,0.156934306569343,0.0346715328467153
EU Power Grid — Paris,seamless,13.0,20,0.03139485321540829,0.011598247109595552,0.023012976480129718,0.02822101510779153,0.06394160583941601,0.07723954877239544,0.1441605839416058,0.0291970802919708
EU Power Grid — Paris,seamless,13.0,21,0.03392562203633642,0.012067771325057217,0.0246350364963503,0.03074817518248168,0.0510314185972707,0.07085994525547441,0.2171532846715328,0.0310218978102189
EU Power Grid — Paris,seamless,13.0,22,0.03262360807714839,0.013096728648302993,0.025699513381995085,0.031660583941605765,0.06058394160583929,0.07642335766423351,0.2171532846715328,0.0273722627737226
EU Power Grid — Paris,seamless,13.0,23,0.032477089882252556,0.011791384730140068,0.02561380225613797,0.028804829797394082,0.04933090024330896,0.07065693430656929,0.156934306569343,0.0291970802919708
EU Power Grid — Paris,seamless,13.0,24,0.032373861154030494,0.011068783632585592,0.029287674069472476,0.033029197080291915,0.04069343065693425,0.0709356337093563,0.2171532846715328,0.0310218978102189
EU Power Grid — Paris,seamless,13.0,25,0.03521764611859971,0.01215768021737966,0.024221723126832545,0.04187956204379559,0.05626730430405232,0.07748175182481748,0.2007299270072992,0.0255474452554744
EU Power Grid — Paris,seamless,13.0,26,0.03232724172838182,0.01284032180723527,0.025112964893986733,0.03184306569343059,0.058576642335766406,0.08426601784266012,0.1970802919708029,0.0072992700729927
EU Power Grid — Paris,seamless,13.0,27,0.036722787575256974,0.012274228781501357,0.033426363246028296,0.0380138301959277,0.05038929440389292,0.08343065693430649,0.1970802919708029,0.0091240875912408
EU Power Grid — Paris,seamless,13.0,28,0.03344610794395002,0.012643854227715856,0.02765950256826167,0.031673618352450396,0.06206204379562038,0.07203467153284669,0.1970802919708029,0.010948905109489
EU Power Grid — Paris,seamless,13.0,29,0.03689261548297715,0.01230752837125041,0.02975629856369199,0.03617432374409617,0.06805265901981222,0.0816909975669099,0.1441605839416058,0.0328467153284671
EU Power Grid — Paris,seamless,13.0,30,0.031071847194842468,0.014225584740795928,0.020792185487333602,0.03187347931873472,0.05191605839416054,0.0666666666666666,0.3065693430656934,0.0218978102189781
EU Power Grid — Paris,seamless,13.0,31,0.029646624753582936,0.013356465448345617,0.02436668097896086,0.028977426331440924,0.05116788321167881,0.0658302919708029,0.1970802919708029,0.0036496350364963
EU Power Grid — Paris,seamless,13.0,32,0.03296992381053856,0.013276546432947888,0.022442054040209988,0.03576642335766422,0.04854014598540141,0.0626277372262773,0.1970802919708029,0.0091240875912408
EU Power Grid — Paris,seamless,13.0,33,0.031551361287228845,0.013446374340668065,0.022863890081580036,0.034266017842660146,0.05476039352586475,0.08343065693430649,0.2372262773722627,0.0237226277372262
EU Power Grid — Paris,seamless,13.0,34,0.032303932015557466,0.01433214342799291,0.026062137376005944,0.03391353172375066,0.056792376317923735,0.06806569343065685,0.2007299270072992,0.0273722627737226
EU Power Grid — Paris,seamless,13.0,35,0.03671279769833227,0.011674836166018374,0.03373305526590194,0.040991164041490544,0.06607986260197507,0.07354014598540141,0.1970802919708029,0.0072992700729927
EU Power Grid — Paris,seamless,13.0,36,0.03430190740050072,0.013323165858596556,0.026169234928358973,0.030914555603263127,0.05079285174930782,0.07591240875912401,0.2080291970802919,0.0273722627737226
EU Power Grid — Paris,seamless,13.0,37,0.03240716074377955,0.01208442111993174,0.029524611641399946,0.033613968148639636,0.047468065693430594,0.0739659367396593,0.1970802919708029,0.0072992700729927
EU Power Grid — Paris,seamless,13.0,38,0.032210693164260125,0.016107011561617497,0.01910055704955816,0.03076845093268444,0.05846715328467151,0.07832522303325219,0.2372262773722627,0.0200729927007299
EU Power Grid — Paris,seamless,13.0,39,0.03801148169854537,0.010752437529969575,0.030745410307454035,0.0390174798309642,0.05971498088286403,0.06923198984449375,0.1697080291970802,0.0346715328467153
EU Power Grid — Paris,seamless,13.0,40,0.034291917523576014,0.011261921253130101,0.026091490229858957,0.029965424510180524,0.06763349980791386,0.0727604512276045,0.2226277372262773,0.0273722627737226
EU Power Grid — Paris,seamless,13.0,41,0.02882412488678129,0.013409744791944112,0.018176613711177847,0.026970802919707996,0.05556569343065689,0.06824817518248168,0.1970802919708029,0.0054744525547445
EU Power Grid — Paris,seamless,13.0,42,0.03679604667270489,0.011811364483989492,0.026384861513848574,0.0322670674109059,0.06058394160583933,0.07286496350364963,0.2572992700729927,0.0273722627737226
EU Power Grid — Paris,seamless,13.0,43,0.034401806169747896,0.012953540412382057,0.024545584657220485,0.042655109489051074,0.05257299270072986,0.06558698296836982,0.1970802919708029,0.0091240875912408
EU Power Grid — Paris,seamless,13.0,44,0.03325963024135532,0.012354147796899088,0.02393956408554941,0.031060723714862477,0.04515593895155933,0.06518248175182478,0.2518248175182481,0.0255474452554744
EU Power Grid — Paris,seamless,13.0,45,0.03332622942085344,0.011967872555810045,0.021079200491165823,0.030050623969861037,0.05985401459854007,0.08105507631055071,0.1824817518248175,0.0218978102189781
EU Power Grid — Paris,seamless,13.0,46,0.03398556129788472,0.012783712504661874,0.020969760166840445,0.042725899823810705,0.05267639902676392,0.06703163017031623,0.3102189781021898,0.0218978102189781
EU Power Grid — Paris,seamless,13.0,47,0.03148809206670565,0.01277039266876226,0.02119924726277371,0.026350364963503608,0.06027111574556821,0.08497209102619145,0.2244525547445255,0.0218978102189781
EU Power Grid — Paris,seamless,13.0,48,0.035650540785337435,0.012394107304597942,0.028467153284671518,0.04263756316676023,0.05742092457420922,0.07214111922141116,0.1970802919708029,0.0072992700729927
EU Power Grid — Paris,seamless,13.0,49,0.035903617667430235,0.012017821940433635,0.03084386683282884,0.03656653565412689,0.04756690997566903,0.1033038801383019,0.1295620437956204,0.0127737226277372
EU Power Grid — Paris,seamless,13.0,50,0.03105519739996793,0.012617214555916611,0.02564882400648819,0.03540145985401458,0.05319343065693423,0.08343065693430649,0.2171532846715328,0.0273722627737226
EU Power Grid — Paris,seamless,13.0,51,0.038937210293569086,0.011781394853215344,0.031484911210371426,0.041678832116788286,0.050421111734980324,0.07945776850886338,0.1295620437956204,0.0218978102189781
EU Power Grid — Paris,seamless,13.0,52,0.03307981245671043,0.01287029143800942,0.02855839416058393,0.031295620437956126,0.062066605839416,0.08040145985401458,0.2171532846715328,0.0310218978102189
EU Power Grid — Paris,seamless,13.0,53,0.03402885076455849,0.011778064894240438,0.025040551500405454,0.030428832116788266,0.04536229303898871,0.0808394160583941,0.1970802919708029,0.0145985401459854
EU Power Grid — Paris,seamless,13.0,54,0.03680603654962962,0.011122062976184068,0.027453006911698184,0.03370545298411331,0.06411952554744521,0.06883211678832109,0.2043795620437956,0.0291970802919708
EU Power Grid — Paris,seamless,13.0,55,0.03442511588257222,0.013905908679205018,0.02956204379562042,0.032490653373686965,0.06389142335766419,0.07273722627737225,0.2354014598540146,0.0310218978102189
EU Power Grid — Paris,seamless,13.0,56,0.03603681602642646,0.011558287601896687,0.02899432278994322,0.033485401459853965,0.06208029197080286,0.08412408759124082,0.2171532846715328,0.0310218978102189
EU Power Grid — Paris,seamless,13.0,57,0.03845436624220779,0.010782407160743723,0.027874087591240854,0.037140403606698125,0.06012071869736096,0.09399213924761368,0.1295620437956204,0.0237226277372262
EU Power Grid — Paris,seamless,13.0,58,0.036346502211092674,0.012111060791730983,0.028284671532846698,0.03618647569205343,0.05767335766423356,0.09139728884254426,0.1660583941605839,0.0291970802919708
EU Power Grid — Paris,seamless,13.0,59,0.034415126005647514,0.014671799243433259,0.031224655312246476,0.039198483997754,0.05608272506082721,0.07335766423357662,0.2171532846715328,0.0328467153284671
EU Power Grid — Paris,seamless,13.0,60,0.029260349512493913,0.012444056689221526,0.020999884138570256,0.025174187126741812,0.051806101441137904,0.06845672575599576,0.2171532846715328,0.0218978102189781
EU Power Grid — Paris,seamless,13.0,61,0.03261361820022367,0.012404097181522668,0.019858308286818345,0.03786496350364957,0.047468065693430594,0.08244120032441192,0.1970802919708029,0.010948905109489
EU Power Grid — Paris,seamless,13.0,62,0.035207656241675,0.010952235068463906,0.029881386861313836,0.03827314636957349,0.05253887654712783,0.06521617069062323,0.1970802919708029,0.010948905109489
EU Power Grid — Paris,seamless,13.0,63,0.032430470456603876,0.014681789120357974,0.021107534915799746,0.028690186536901852,0.048788984737889805,0.07901459854014595,0.2226277372262773,0.0218978102189781
EU Power Grid — Paris,seamless,13.0,64,0.03625992327774511,0.010392801960679786,0.027575020275750175,0.03978895588701993,0.05296025952960251,0.07314911366006255,0.1003649635036496,0.0237226277372262
EU Power Grid — Paris,seamless,13.0,65,0.03189434706164408,0.014135675848473488,0.022597323600973204,0.025141930251419243,0.05314274128142733,0.09556830031282582,0.2171532846715328,0.0237226277372262
EU Power Grid — Paris,seamless,13.0,66,0.03505780808780425,0.011521658053172722,0.024563004225893133,0.03512773722627735,0.04750608272506076,0.07171532846715326,0.1295620437956204,0.0200729927007299
EU Power Grid — Paris,seamless,13.0,67,0.0342186584261281,0.012753742873887733,0.027728324728502736,0.03712559778504905,0.060232495268991534,0.07883211678832114,0.1478102189781021,0.0310218978102189
EU Power Grid — Paris,seamless,13.0,68,0.03172451915392393,0.011857983909638173,0.025849567361144632,0.033198873095146575,0.0456432481751824,0.0733576642335766,0.2664233576642336,0.0273722627737226
EU Power Grid — Paris,seamless,13.0,69,0.03307315253876063,0.012753742873887735,0.025182481751824755,0.0328467153284671,0.06430871618720478,0.07905109489051092,0.1970802919708029,0.0072992700729927
EU Power Grid — Paris,seamless,13.0,70,0.033252970323405524,0.01259723480206718,0.030210867802108632,0.038619097273945996,0.042244525547445226,0.08225364963503641,0.1970802919708029,0.0091240875912408
EU Power Grid — Paris,seamless,13.0,71,0.03837777718578498,0.010665858596622032,0.027762300105867253,0.040044606650446006,0.055811341942728764,0.0708576642335766,0.1934306569343065,0.0291970802919708
EU Power Grid — Paris,seamless,13.0,72,0.03249706963610198,0.01353628323299051,0.021347468427760388,0.03051334210841205,0.052098540145985334,0.06732172936552491,0.2171532846715328,0.0218978102189781
EU Power Grid — Paris,seamless,13.0,73,0.03510442751345293,0.012324178166124937,0.02288225124855931,0.03920282129090455,0.06411952554744521,0.07737226277372258,0.1532846715328467,0.0401459854014598
EU Power Grid — Paris,seamless,13.0,74,0.03407214023123226,0.010799056955618249,0.02836761778367616,0.03537175352232217,0.049310624493106206,0.0672343876723438,0.1532846715328467,0.0310218978102189
EU Power Grid — Paris,seamless,13.0,75,0.031854387553945235,0.012833661889285463,0.02374204068954799,0.026842477042618284,0.04635036496350357,0.08774765380604795,0.1970802919708029,0.0164233576642335
EU Power Grid — Paris,seamless,13.0,76,0.036855985934253196,0.01278704246363679,0.02841257930281737,0.03845802919708021,0.06144228169775608,0.0740231859167024,0.1824817518248175,0.0291970802919708
EU Power Grid — Paris,seamless,13.0,77,0.0374120890830624,0.012347487878949268,0.03080721339630736,0.03768248175182476,0.06402302077484555,0.07677919708029192,0.1970802919708029,0.0127737226277372
EU Power Grid — Paris,seamless,13.0,78,0.0321940433693856,0.013682801427886346,0.021101262889584044,0.032132656299587364,0.0646715328467153,0.06709625912408752,0.2171532846715328,0.0218978102189781
EU Power Grid — Paris,seamless,13.0,79,0.03960986200649998,0.011271911130054818,0.02636861313868609,0.04372718978102189,0.059635036496350304,0.08383515815085152,0.1222627737226277,0.0437956204379562
EU Power Grid — Paris,seamless,13.0,80,0.0340355106825083,0.01246736640204586,0.026810780460415462,0.03071409726497223,0.04538818845388182,0.07248175182481749,0.1806569343065693,0.0273722627737226
EU Power Grid — Paris,seamless,13.0,81,0.03217073365656126,0.01314334807395167,0.02802837693758712,0.0321577536123938,0.04945255474452551,0.0633576642335766,0.1970802919708029,0.0091240875912408
EU Power Grid — Paris,seamless,13.0,82,0.03627657307261964,0.01364617187916239,0.024834437086092655,0.03793854485519183,0.06155717761557169,0.09724249797242489,0.2700729927007299,0.0255474452554744
EU Power Grid — Paris,seamless,13.0,83,0.0314581224359315,0.012374127550748517,0.024517597745175913,0.030596107055961008,0.05116788321167881,0.0650729927007299,0.1824817518248175,0.0255474452554744
EU Power Grid — Paris,seamless,13.0,84,0.036096755287974756,0.010469391017102606,0.029146390916463902,0.038038449676159075,0.04998128392288974,0.055109489051094834,0.1295620437956204,0.0218978102189781
EU Power Grid — Paris,seamless,13.0,85,0.0332995897490542,0.012537295540518884,0.02314911366006251,0.029308803813496192,0.049361313868613095,0.07417883211678826,0.1970802919708029,0.0164233576642335
EU Power Grid — Paris,seamless,13.0,86,0.03264358783099782,0.015664127017955082,0.016262841308461676,0.03888888888888881,0.04569343065693422,0.09322210636079246,0.3923357664233576,0.0164233576642335
EU Power Grid — Paris,seamless,13.0,87,0.030615642815280418,0.012903591027758479,0.024096658657115584,0.02949568679495685,0.050469238790406656,0.07616507580011224,0.2226277372262773,0.0255474452554744
EU Power Grid — Paris,seamless,13.0,88,0.03243713037455369,0.012464036443070965,0.029298459042984584,0.03504479097544789,0.0565921532846715,0.08343065693430649,0.2171532846715328,0.0310218978102189
EU Power Grid — Paris,seamless,13.0,89,0.032553678938675376,0.012966860248281687,0.02488387524883869,0.027096239955836317,0.04671532846715321,0.07434025828186407,0.2153284671532846,0.0273722627737226
EU Power Grid — Paris,seamless,13.0,90,0.033695854867067936,0.011241941499280666,0.02757933426515502,0.03029197080291966,0.047143216712811416,0.06382567625590378,0.2171532846715328,0.0291970802919708
EU Power Grid — Paris,seamless,13.0,91,0.03105852735894283,0.012254249027651922,0.02379866180048654,0.029457768508863384,0.05476277372262768,0.0808891838088918,0.2171532846715328,0.0255474452554744
EU Power Grid — Paris,seamless,13.0,92,0.035597261441738935,0.013050109222654312,0.03178223844282232,0.04132674967797334,0.052939983779399756,0.0797810218978102,0.1970802919708029,0.0072992700729927
EU Power Grid — Paris,seamless,13.0,93,0.0351443870211518,0.011038814001811437,0.02782846715328465,0.03510601320820297,0.048905109489051045,0.07354014598540141,0.1295620437956204,0.0237226277372262
EU Power Grid — Paris,seamless,13.0,94,0.03293329426181459,0.011138712771058603,0.022871046228710418,0.0329770594369134,0.044366867661059954,0.0808394160583941,0.1295620437956204,0.0182481751824817
EU Power Grid — Paris,seamless,13.0,95,0.03440846608769771,0.012633864350791132,0.029572778016315995,0.03348430217219237,0.06120959332638158,0.07795012165450119,0.2463503649635036,0.0310218978102189
EU Power Grid — Paris,seamless,13.0,96,0.034558314241568446,0.010715807981245612,0.0248957247132429,0.0355839416058394,0.04522506082725054,0.08044838373305524,0.1295620437956204,0.0182481751824817
EU Power Grid — Paris,seamless,13.0,97,0.03714902232404487,0.011661516330118749,0.029885690676215364,0.04258614836190797,0.05634719136781971,0.07436833239752942,0.1970802919708029,0.0145985401459854
EU Power Grid — Paris,seamless,13.0,98,0.03565387074431233,0.012990169961106024,0.03172076409380332,0.034648722627737195,0.07187909414186784,0.08284671532846707,0.1970802919708029,0.0091240875912408
EU Power Grid — Paris,seamless,13.0,99,0.033143081677233635,0.012503995950769824,0.0246350364963503,0.031399446262270245,0.0514037057832678,0.09156528791565283,0.1970802919708029,0.0127737226277372
EU Power Grid — Paris,seamless,13.0,100,0.03758524694975748,0.011548297724971967,0.026445371335882244,0.03463390774324626,0.06571489909832545,0.09324817518248173,0.1605839416058394,0.0346715328467153
EU Power Grid — Paris,seamless,14.0,1,0.034408466087697695,0.011554957642921788,0.024870050873700447,0.03190355121791185,0.050072992700729894,0.06374695863746954,0.2281021897810219,0.0255474452554744
EU Power Grid — Paris,seamless,14.0,2,0.03423197826202772,0.012893601150833765,0.026161924623864102,0.03481751824817515,0.0657162408759124,0.07622871046228705,0.1970802919708029,0.0127737226277372
EU Power Grid — Paris,seamless,14.0,3,0.033389498641376636,0.01465514944855874,0.026778472946356123,0.035812043795620425,0.050758001122964615,0.06883211678832109,0.2171532846715328,0.0273722627737226
EU Power Grid — Paris,seamless,14.0,4,0.032453780169428216,0.01170813575576743,0.025493774151996513,0.02949568679495685,0.06037338573834916,0.0658759124087591,0.1660583941605839,0.0291970802919708
EU Power Grid — Paris,seamless,14.0,5,0.03684932601630337,0.012134370504555321,0.02482779891024976,0.04240658023749861,0.06391423357664229,0.08929440389294396,0.1295620437956204,0.010948905109489
EU Power Grid — Paris,seamless,14.0,6,0.03218072353348598,0.01266050402259038,0.027086016888507196,0.034789263009182926,0.047518248175182416,0.06076642335766415,0.1970802919708029,0.0091240875912408
EU Power Grid — Paris,seamless,14.0,7,0.03549070275454196,0.011398449571101227,0.02425933877200508,0.038028295935838445,0.04994160583941604,0.09864963503649629,0.1313868613138686,0.0383211678832116
EU Power Grid — Paris,seamless,14.0,8,0.033549336672172095,0.011138712771058601,0.024688707599828184,0.03138686131386854,0.06269481159992105,0.07393117831074031,0.2208029197080291,0.0182481751824817
EU Power Grid — Paris,seamless,14.0,9,0.03517435665192594,0.01337977516116996,0.024598540145985337,0.0375825512686826,0.061445660989456544,0.08229927007299262,0.1970802919708029,0.0127737226277372
EU Power Grid — Paris,seamless,14.0,10,0.0350877777185784,0.01262054451489152,0.03007093656831496,0.03475087273881305,0.06394160583941601,0.07650040551500399,0.1970802919708029,0.010948905109489
EU Power Grid — Paris,seamless,14.0,11,0.03203420533859013,0.014521951089562515,0.024133211678832044,0.040276329509906096,0.05660989456609891,0.06518248175182478,0.2171532846715328,0.0255474452554744
EU Power Grid — Paris,seamless,14.0,12,0.03518767648782557,0.011924583089136282,0.02464063409609953,0.026928388242256823,0.055057351407716316,0.08441605839416053,0.1660583941605839,0.0255474452554744
EU Power Grid — Paris,seamless,14.0,13,0.030998588097394548,0.01240409718152266,0.024229521492295143,0.03365774533657741,0.056621480709071914,0.0789943227899432,0.2171532846715328,0.0255474452554744
EU Power Grid — Paris,seamless,14.0,14,0.03471149235441409,0.013786030156108419,0.02922371996377004,0.03154327424400409,0.0564829043411448,0.074504692387904,0.2408759124087591,0.0310218978102189
EU Power Grid — Paris,seamless,14.0,15,0.03604680590335117,0.011208641909531615,0.024417796315606467,0.036180949806253936,0.05561399742378699,0.07445255474452547,0.1441605839416058,0.0255474452554744
EU Power Grid — Paris,seamless,14.0,16,0.03418535883637904,0.011208641909531615,0.025684306569343014,0.03652727947544228,0.05691771731917715,0.09299270072992698,0.2171532846715328,0.0273722627737226
EU Power Grid — Paris,seamless,14.0,17,0.032643587830997835,0.011881293622462508,0.020829954041632855,0.0360866974527037,0.06246350364963499,0.063713503649635,0.2372262773722627,0.0218978102189781
EU Power Grid — Paris,seamless,14.0,18,0.03348273749267399,0.012753742873887735,0.027406055690727196,0.03321167883211674,0.05974973931178303,0.07428666224286656,0.1970802919708029,0.010948905109489
EU Power Grid — Paris,seamless,14.0,19,0.032793435984868564,0.011431749160850276,0.02391047659939881,0.026737543636940617,0.05019388686131385,0.06350364963503644,0.2354014598540146,0.0255474452554744
EU Power Grid — Paris,seamless,14.0,20,0.03387567265171283,0.012011162022483824,0.025165506705143382,0.03044299018374019,0.05031934306569341,0.0761313868613138,0.1624087591240876,0.0310218978102189
EU Power Grid — Paris,seamless,14.0,21,0.033389498641376636,0.012394107304597949,0.025304136253041305,0.03282750672301186,0.043507044644372765,0.07440389294403887,0.1970802919708029,0.0091240875912408
EU Power Grid — Paris,seamless,14.0,22,0.03340947839522607,0.012460706484096059,0.024574209245742027,0.027040477770404747,0.048968034231059616,0.0808394160583941,0.1897810218978102,0.0255474452554744
EU Power Grid — Paris,seamless,14.0,23,0.03476477169801258,0.010259603601683563,0.023671938361719307,0.03394160583941602,0.04934306569343062,0.06624087591240871,0.1441605839416058,0.0291970802919708
EU Power Grid — Paris,seamless,14.0,24,0.03307315253876063,0.012340827960999454,0.02746350364963501,0.03713503649635033,0.056621480709071914,0.06259124087591235,0.1970802919708029,0.0072992700729927
EU Power Grid — Paris,seamless,14.0,25,0.03163461026160147,0.011934572966061001,0.02630054454871969,0.032635142282873106,0.045985401459853935,0.059906152241918594,0.1970802919708029,0.010948905109489
EU Power Grid — Paris,seamless,14.0,26,0.03362592572859492,0.012324178166124931,0.02481332326537455,0.03345498783454983,0.05726277372262772,0.07718978102189775,0.1441605839416058,0.0255474452554744
EU Power Grid — Paris,seamless,14.0,27,0.033862352815813214,0.0111353828120837,0.02257011140991161,0.030670971364401955,0.06023722627737218,0.07144160583941603,0.1295620437956204,0.0200729927007299
EU Power Grid — Paris,seamless,14.0,28,0.034618253503116744,0.011498348340348383,0.027839778005670487,0.03360471645143174,0.049285279805352765,0.08305526590198116,0.1806569343065693,0.0291970802919708
EU Power Grid — Paris,seamless,14.0,29,0.03297325376951346,0.011015504288987097,0.026510543390105393,0.0371046228710462,0.045985401459853935,0.07536496350364955,0.1295620437956204,0.0127737226277372
EU Power Grid — Paris,seamless,14.0,30,0.03557395172891461,0.012377457509723418,0.026358475263584712,0.03489176944374525,0.05660989456609891,0.08868613138686125,0.1295620437956204,0.0145985401459854
EU Power Grid — Paris,seamless,14.0,31,0.03683600618040376,0.010802386914593155,0.02899432278994322,0.04434786784479444,0.05114702815432741,0.07215849843587067,0.1295620437956204,0.0182481751824817
EU Power Grid — Paris,seamless,14.0,32,0.033905642282486985,0.012427406894347005,0.0237226277372262,0.036936823559023384,0.06043795620437948,0.07558062375580617,0.1970802919708029,0.010948905109489
EU Power Grid — Paris,seamless,14.0,33,0.03706244339069732,0.010882305929990885,0.027285366701425066,0.042354975028812886,0.06217260626878483,0.08708029197080289,0.1295620437956204,0.0182481751824817
EU Power Grid — Paris,seamless,14.0,34,0.03584700836485686,0.012051121530182687,0.027571852189780997,0.042736048975747565,0.06469991889699916,0.07992700729927003,0.1624087591240876,0.0291970802919708
EU Power Grid — Paris,seamless,14.0,35,0.03237386115403047,0.012447386648196427,0.02505213764337846,0.03209854014598534,0.049056435819832614,0.07226277372262771,0.1970802919708029,0.0072992700729927
EU Power Grid — Paris,seamless,14.0,36,0.03220736320528522,0.013389765038094664,0.021289537712895365,0.03713503649635033,0.04801650269755628,0.08138686131386853,0.2171532846715328,0.0218978102189781
EU Power Grid — Paris,seamless,14.0,37,0.03280009590281837,0.013619532207363151,0.024412322547272762,0.033029197080291915,0.05319343065693423,0.09554744525547441,0.2171532846715328,0.0255474452554744
EU Power Grid — Paris,seamless,14.0,38,0.030625632692205137,0.012397437263572854,0.020894160583941588,0.026922307769223046,0.05307411566535646,0.07408759124087586,0.2171532846715328,0.0218978102189781
EU Power Grid — Paris,seamless,14.0,39,0.03540412382119443,0.012703793489264148,0.022650909512223347,0.040363225582203635,0.05626730430405232,0.09768856447688555,0.2171532846715328,0.0237226277372262
EU Power Grid — Paris,seamless,14.0,40,0.031314934200010566,0.01282700197133565,0.022129533078438176,0.0264598540145985,0.045318399194563236,0.07335766423357662,0.2171532846715328,0.0237226277372262
EU Power Grid — Paris,seamless,14.0,41,0.031451462517981664,0.013772710320208803,0.024969586374695804,0.03255858624663843,0.05114702815432741,0.0662906436629064,0.1989051094890511,0.0328467153284671
EU Power Grid — Paris,seamless,14.0,42,0.03262360807714839,0.011265251212105004,0.02837591240875911,0.03407194994786232,0.04781021897810209,0.06883211678832109,0.1970802919708029,0.0091240875912408
EU Power Grid — Paris,seamless,14.0,43,0.03273016676434536,0.012264238904576636,0.03123742743835845,0.033987226277372225,0.049778809997788075,0.0666666666666666,0.2226277372262773,0.0328467153284671
EU Power Grid — Paris,seamless,14.0,44,0.03525427566732368,0.012863631520059616,0.031322577969475705,0.03274303251493027,0.04756690997566903,0.07445255474452549,0.218978102189781,0.0328467153284671
EU Power Grid — Paris,seamless,14.0,45,0.03234722148223124,0.011731445468591764,0.022521289537712867,0.03482360097323598,0.048968034231059616,0.08368613138686125,0.2171532846715328,0.0237226277372262
EU Power Grid — Paris,seamless,14.0,46,0.034488385103095424,0.011541637807022156,0.027501290275012878,0.03132603406326027,0.043917274939172725,0.08015004055150039,0.1295620437956204,0.0182481751824817
EU Power Grid — Paris,seamless,14.0,47,0.03687596568810262,0.013303186104747138,0.024837793998377877,0.04665450121654494,0.061748348974626284,0.0880656934306569,0.2171532846715328,0.0255474452554744
EU Power Grid — Paris,seamless,14.0,48,0.03357597634397134,0.010842346422292018,0.029515699223728403,0.033338012352610844,0.04566098945660981,0.06484184914841845,0.1295620437956204,0.0091240875912408
EU Power Grid — Paris,seamless,14.0,49,0.03252370930790122,0.01225757898662682,0.024452554744525467,0.031673618352450396,0.07120843471208431,0.07794778214486241,0.1532846715328467,0.0291970802919708
EU Power Grid — Paris,seamless,14.0,50,0.03419201875432885,0.012533965581543977,0.027853126849477192,0.03718572587185723,0.0657339821573398,0.07799999999999996,0.1970802919708029,0.010948905109489
EU Power Grid — Paris,seamless,14.0,51,0.032227342959134646,0.01241075709947247,0.026177249531683957,0.033717650962176465,0.05516835413232865,0.07358991373589911,0.1970802919708029,0.0091240875912408
EU Power Grid — Paris,seamless,14.0,52,0.030309286589589115,0.013153337950876386,0.022541863460712724,0.029957420924574173,0.054873336195792134,0.06686942416869418,0.1970802919708029,0.0091240875912408
EU Power Grid — Paris,seamless,14.0,53,0.03645972081623945,0.011278571048004634,0.027583557433730286,0.03397131217110843,0.055948905109489015,0.08795620437956202,0.1587591240875912,0.0182481751824817
EU Power Grid — Paris,seamless,14.0,54,0.032590308487399335,0.01202115189940854,0.020882109902217307,0.03178390952113573,0.04666970802919701,0.06700729927007291,0.1897810218978102,0.0200729927007299
EU Power Grid — Paris,seamless,14.0,55,0.03592359742127968,0.010855666258191645,0.028943633414436325,0.03382930937675459,0.04569343065693422,0.05828771289537712,0.2171532846715328,0.0310218978102189
EU Power Grid — Paris,seamless,14.0,56,0.03045913474345986,0.014938195961425699,0.019328659239339185,0.0328467153284671,0.045536675840612585,0.0739659367396593,0.2372262773722627,0.0200729927007299
EU Power Grid — Paris,seamless,14.0,57,0.03239384090787992,0.013599552453513714,0.027984385105793198,0.03732581287325809,0.050364963503649614,0.06806569343065685,0.1970802919708029,0.0036496350364963
EU Power Grid — Paris,seamless,14.0,58,0.032959933933613836,0.0124873461558953,0.023678119992878683,0.034932221063607896,0.047468065693430594,0.0795620437956204,0.1624087591240876,0.0328467153284671
EU Power Grid — Paris,seamless,14.0,59,0.029243699717619386,0.013559592945814842,0.020833333333333315,0.029828747894441295,0.04515593895155933,0.06496350364963499,0.2171532846715328,0.0218978102189781
EU Power Grid — Paris,seamless,14.0,60,0.03235721135915595,0.012843651766210187,0.0218978102189781,0.03793290883677583,0.04932221063607921,0.08708029197080289,0.1970802919708029,0.0036496350364963
EU Power Grid — Paris,seamless,14.0,61,0.032673557461771974,0.013309846022696938,0.02399635036496343,0.028577330946150656,0.05841443633414435,0.06546118115461179,0.2171532846715328,0.0255474452554744
EU Power Grid — Paris,seamless,14.0,62,0.03536416431349555,0.013729420853535021,0.02990673154906728,0.03433290691549398,0.06994604887337348,0.07103300539511263,0.1970802919708029,0.0054744525547445
EU Power Grid — Paris,seamless,14.0,63,0.03494125952368256,0.010955565027438796,0.024678484532499066,0.03844701736722871,0.05255474452554737,0.07536496350364955,0.1295620437956204,0.0218978102189781
EU Power Grid — Paris,seamless,14.0,64,0.031348233789759615,0.013110048484202608,0.021363717286807894,0.030496571554965657,0.049288321167883176,0.06806569343065685,0.2153284671532846,0.0218978102189781
EU Power Grid — Paris,seamless,14.0,65,0.032976583728488384,0.012280888699451159,0.02294266541087822,0.028858454360749485,0.052980535279805265,0.07427007299270066,0.2171532846715328,0.0237226277372262
EU Power Grid — Paris,seamless,14.0,66,0.032527039266876126,0.013782700197133513,0.02635847526358471,0.03847323600973228,0.04896767466110528,0.077169505271695,0.1970802919708029,0.0036496350364963
EU Power Grid — Paris,seamless,14.0,67,0.03147477223080602,0.012933560658532631,0.023089828113962745,0.027078988529718427,0.05113544201135441,0.07745813653928721,0.2171532846715328,0.0237226277372262
EU Power Grid — Paris,seamless,14.0,68,0.034644893174915994,0.011774734935265534,0.029485209373799445,0.031706204379561974,0.06217260626878483,0.08163952835485676,0.2226277372262773,0.0310218978102189
EU Power Grid — Paris,seamless,14.0,69,0.03450170493899506,0.011887953540412322,0.0310218978102189,0.042130874631835034,0.057187753446877515,0.07065693430656929,0.1970802919708029,0.0091240875912408
EU Power Grid — Paris,seamless,14.0,70,0.031854387553945235,0.011804704566039687,0.019363341443633376,0.03187347931873472,0.05297184567257551,0.0672343876723438,0.2883211678832116,0.0164233576642335
EU Power Grid — Paris,seamless,14.0,71,0.036226623687996055,0.010875646012041074,0.025451402228198177,0.039142335766423286,0.06029197080291962,0.06601784266017839,0.2883211678832116,0.0200729927007299
EU Power Grid — Paris,seamless,14.0,72,0.03651300015983794,0.010875646012041076,0.03512773722627735,0.03807690097132012,0.047644326476443205,0.07722627737226272,0.2171532846715328,0.0383211678832116
EU Power Grid — Paris,seamless,14.0,73,0.0347780915339122,0.013133358197026958,0.029349148418491473,0.03457446808510635,0.06520681265206808,0.08149635036496344,0.1970802919708029,0.0054744525547445
EU Power Grid — Paris,seamless,14.0,74,0.03604014598540135,0.01256393521231813,0.02827018885413044,0.042655109489051074,0.07270072992700728,0.08325461571489902,0.1970802919708029,0.0036496350364963
EU Power Grid — Paris,seamless,14.0,75,0.03288667483616592,0.011961212637860248,0.0262922687323104,0.028858454360749485,0.058434712084347105,0.06374087591240872,0.1970802919708029,0.010948905109489
EU Power Grid — Paris,seamless,14.0,76,0.03384237306196376,0.01314667803292658,0.022768365365298294,0.04409975669099754,0.054038929440389225,0.07864963503649633,0.1970802919708029,0.010948905109489
EU Power Grid — Paris,seamless,14.0,77,0.0329998934413127,0.01336312536629543,0.019140604187756365,0.0392335766423357,0.052637155639274714,0.08233576642335758,0.2372262773722627,0.0200729927007299
EU Power Grid — Paris,seamless,14.0,78,0.03697586445734979,0.011008844371037291,0.02691605839416055,0.042917004595836694,0.052098540145985334,0.06301703163017025,0.1313868613138686,0.0437956204379562
EU Power Grid — Paris,seamless,14.0,79,0.03315640151313327,0.012244259150727198,0.022810218978102148,0.03556320504313203,0.06023722627737218,0.09217356042173556,0.2171532846715328,0.0237226277372262
EU Power Grid — Paris,seamless,14.0,80,0.03541411369811913,0.013463024135542602,0.017977831846444928,0.03946167883211672,0.057326304406596355,0.08519290928050048,0.3923357664233576,0.0182481751824817
EU Power Grid — Paris,seamless,14.0,81,0.0325037295540518,0.012367467632798704,0.02264432647644323,0.03437720744054623,0.06023301516002238,0.07499999999999993,0.1970802919708029,0.0072992700729927
EU Power Grid — Paris,seamless,14.0,82,0.032796765943843474,0.01199118226863439,0.02909570154095701,0.034310579931017854,0.05476277372262768,0.05897810218978098,0.1970802919708029,0.0072992700729927
EU Power Grid — Paris,seamless,14.0,83,0.032956603974638926,0.012986840002131114,0.02801977866729454,0.034952274003368866,0.043378519290928036,0.07686131386861308,0.1970802919708029,0.0054744525547445
EU Power Grid — Paris,seamless,14.0,84,0.03478808141083692,0.011601577068570457,0.025832049822540632,0.03561001042752866,0.052980535279805265,0.07868613138686129,0.1897810218978102,0.0273722627737226
EU Power Grid — Paris,seamless,14.0,85,0.031105146784591517,0.01296686024828168,0.026117700729926963,0.030366104014598487,0.06272031333452016,0.06484184914841845,0.1970802919708029,0.0054744525547445
EU Power Grid — Paris,seamless,14.0,86,0.035517342426341206,0.011185332196707273,0.0255474452554744,0.03662987359800604,0.049635036496350336,0.06767466110531796,0.1295620437956204,0.0218978102189781
EU Power Grid — Paris,seamless,14.0,87,0.034028850764558485,0.011558287601896682,0.023239587805925232,0.03857286685124583,0.051113138686131376,0.06700729927007291,0.1587591240875912,0.0127737226277372
EU Power Grid — Paris,seamless,14.0,88,0.035876977995631,0.01233416804304965,0.02854714528547144,0.03800654417316882,0.05299270072992692,0.07171532846715326,0.1313868613138686,0.0291970802919708
EU Power Grid — Paris,seamless,14.0,89,0.03421532846715319,0.013299856145772225,0.0291970802919708,0.042984590429845884,0.055224191866527585,0.06806569343065685,0.2208029197080291,0.0346715328467153
EU Power Grid — Paris,seamless,14.0,90,0.03225065267195898,0.011601577068570451,0.024546738874499582,0.033269861419655086,0.046739659367396526,0.06049270072992693,0.1660583941605839,0.0310218978102189
EU Power Grid — Paris,seamless,14.0,91,0.0328167456976929,0.013016809632905269,0.01974419675149599,0.029708029197080266,0.058302919708029186,0.0747262773722627,0.3923357664233576,0.0200729927007299
EU Power Grid — Paris,seamless,14.0,92,0.03203753529756504,0.012717113325163773,0.02252602608591597,0.03593876723438766,0.04934306569343062,0.06891727493917268,0.1970802919708029,0.0054744525547445
EU Power Grid — Paris,seamless,14.0,93,0.03144480260003188,0.013110048484202608,0.021463329857490433,0.029467423628007555,0.05116788321167881,0.08229927007299262,0.1970802919708029,0.0091240875912408
EU Power Grid — Paris,seamless,14.0,94,0.03635649208801736,0.010709148063295804,0.026155717761557132,0.0420825264412334,0.0602417883211678,0.07084854014598536,0.1295620437956204,0.0182481751824817
EU Power Grid — Paris,seamless,14.0,95,0.034155389205604895,0.01027292343758319,0.02505503417912171,0.03338342636324598,0.04639745702849063,0.061811546118115394,0.1660583941605839,0.0310218978102189
EU Power Grid — Paris,seamless,14.0,96,0.035537322180190636,0.012457376525121154,0.030930656934306494,0.042356822010106654,0.05093268450932683,0.0764100862641008,0.1441605839416058,0.0328467153284671
EU Power Grid — Paris,seamless,14.0,97,0.031091826948691892,0.015217912515317749,0.017730904074946777,0.029250751395448683,0.060252156602521485,0.08562449310624488,0.2171532846715328,0.0182481751824817
EU Power Grid — Paris,seamless,14.0,98,0.03310978208748457,0.011544967765997064,0.021376433785192894,0.026239617417568546,0.056407137064071335,0.07290145985401458,0.1970802919708029,0.0164233576642335
EU Power Grid — Paris,seamless,14.0,99,0.03228728222068295,0.013393094997069565,0.02079824068875162,0.03038717867343695,0.048783454987834485,0.08817518248175178,0.2773722627737226,0.0218978102189781
EU Power Grid — Paris,seamless,14.0,100,0.033702514785017755,0.012990169961106019,0.026407070036797934,0.037793998377939925,0.04918896999188966,0.06441605839416054,0.2171532846715328,0.0273722627737226
EU Power Grid — Paris,seamless,15.0,1,0.03225065267195898,0.013363125366295426,0.022650909512223347,0.02749391727493914,0.054873336195792134,0.07248175182481749,0.2171532846715328,0.0237226277372262
EU Power Grid — Paris,seamless,15.0,2,0.032214023123235035,0.013243246843198832,0.020781914614293948,0.035142453496585804,0.04903333990925228,0.06518248175182478,0.2518248175182481,0.0218978102189781
EU Power Grid — Paris,seamless,15.0,3,0.03085872982044851,0.013333155735521279,0.02237488669433708,0.0329584388499925,0.05293430656934298,0.06806569343065685,0.2700729927007299,0.0237226277372262
EU Power Grid — Paris,seamless,15.0,4,0.035264265544248385,0.012480686237945491,0.024446761673038976,0.0346715328467153,0.047518248175182416,0.09554744525547441,0.2171532846715328,0.0255474452554744
EU Power Grid — Paris,seamless,15.0,5,0.035520672385316115,0.013319835899621657,0.03367802108678017,0.03724944965820875,0.049537712895377096,0.08696558915537016,0.1970802919708029,0.0054744525547445
EU Power Grid — Paris,seamless,15.0,6,0.03511774734935256,0.010629229047898071,0.03173154906731542,0.036597729115977286,0.05852297123228852,0.08827250608272502,0.1660583941605839,0.0346715328467153
EU Power Grid — Paris,seamless,15.0,7,0.03184439767702051,0.012896931109808668,0.024422141119221343,0.028658609548881164,0.0529425182481751,0.06732172936552491,0.2171532846715328,0.0255474452554744
EU Power Grid — Paris,seamless,15.0,8,0.03262027811817348,0.012833661889285463,0.026006839875452967,0.03291188738269025,0.05622871046228707,0.06518248175182478,0.2518248175182481,0.0273722627737226
EU Power Grid — Paris,seamless,15.0,9,0.03281341573871799,0.012041131653257972,0.02458289885297178,0.032922749391727436,0.05178640030733765,0.09708029197080283,0.1295620437956204,0.010948905109489
EU Power Grid — Paris,seamless,15.0,10,0.0325103894720016,0.014462011828014223,0.026391423357664194,0.0326373100394878,0.04726277372262767,0.06423357664233573,0.1970802919708029,0.0036496350364963
EU Power Grid — Paris,seamless,15.0,11,0.03505447812882935,0.013156667909851288,0.030018248175182442,0.04089738085015023,0.04923264083848022,0.07499999999999993,0.1970802919708029,0.0054744525547445
EU Power Grid — Paris,seamless,15.0,12,0.032237332836059354,0.012653844104640571,0.02614702815432738,0.03086659419164459,0.05465328467153279,0.06195255474452549,0.2427007299270072,0.0273722627737226
EU Power Grid — Paris,seamless,15.0,13,0.034328547072299966,0.012007832063508918,0.02621654501216541,0.028861909727394598,0.054763734152900444,0.06543795620437955,0.1660583941605839,0.0291970802919708
EU Power Grid — Paris,seamless,15.0,14,0.032517049389951425,0.012161010176354565,0.02505503417912171,0.03843889804567922,0.05192549710546183,0.06770072992700722,0.1970802919708029,0.0072992700729927
EU Power Grid — Paris,seamless,15.0,15,0.03332289946187853,0.011814694442964398,0.027824817518248154,0.03491718135878717,0.04714285714285708,0.07248175182481749,0.187956204379562,0.0291970802919708
EU Power Grid — Paris,seamless,15.0,16,0.03408879002610678,0.013110048484202613,0.03138062262149846,0.03396767466110528,0.05116788321167881,0.07074209245742089,0.2007299270072992,0.0328467153284671
EU Power Grid — Paris,seamless,15.0,17,0.033692524908093026,0.012344157919974372,0.027007299270072962,0.03228392114059616,0.048314727350794284,0.06301703163017025,0.1824817518248175,0.0328467153284671
EU Power Grid — Paris,seamless,15.0,18,0.034185358836379034,0.01142175928392556,0.025912408759124036,0.03591650180776314,0.04702815432742433,0.07430656934306562,0.1824817518248175,0.0364963503649635
EU Power Grid — Paris,seamless,15.0,19,0.032117454312962763,0.0121210506686557,0.023312974824966422,0.03601331043366251,0.045985401459853935,0.06624087591240871,0.1970802919708029,0.0091240875912408
EU Power Grid — Paris,seamless,15.0,20,0.03520432628270009,0.011881293622462517,0.025739531310026844,0.037864963503649575,0.053041362530413534,0.08362877997914488,0.1295620437956204,0.010948905109489
EU Power Grid — Paris,seamless,15.0,21,0.03153804145132922,0.012054451489157595,0.02621101526211011,0.03548618352450467,0.049310624493106206,0.08953771289537704,0.1970802919708029,0.0091240875912408
EU Power Grid — Paris,seamless,15.0,22,0.031874367307794665,0.01309339868932809,0.024406934306569275,0.02885492700729926,0.054805352798053465,0.08416058394160578,0.2171532846715328,0.0255474452554744
EU Power Grid — Paris,seamless,15.0,23,0.03172451915392392,0.012777052586712079,0.02401566412701788,0.03656270736562707,0.04512773722627732,0.09708029197080283,0.2372262773722627,0.0255474452554744
EU Power Grid — Paris,seamless,15.0,24,0.0339789013799349,0.011281901006979539,0.02562347931873474,0.03227645985401453,0.04672445255474446,0.061405109489051014,0.2171532846715328,0.0273722627737226
EU Power Grid — Paris,seamless,15.0,25,0.0320175555437156,0.013296526186797313,0.025046514956347445,0.03494525547445253,0.05660989456609891,0.06806569343065685,0.2171532846715328,0.0273722627737226
EU Power Grid — Paris,seamless,15.0,26,0.03397224146198509,0.011082103468485207,0.02507820646506772,0.03587141285871412,0.048686131386861266,0.07317518248175181,0.1295620437956204,0.0200729927007299
EU Power Grid — Paris,seamless,15.0,27,0.033063162661835906,0.010196334381160368,0.025530066041014893,0.028308066629234498,0.04520333680917616,0.09035453597497387,0.1806569343065693,0.0255474452554744
EU Power Grid — Paris,seamless,15.0,28,0.033446107943950046,0.011917923171186461,0.02796164482930587,0.03345498783454983,0.04750608272506076,0.07430656934306562,0.2773722627737226,0.0291970802919708
EU Power Grid — Paris,seamless,15.0,29,0.03395892162608548,0.012543955458468686,0.02741536869935051,0.03558394160583939,0.0505908932916232,0.08592283628779976,0.2171532846715328,0.0291970802919708
EU Power Grid — Paris,seamless,15.0,30,0.03206750492833919,0.012094410996856457,0.0246350364963503,0.027026507875528204,0.06388381995133816,0.07944038929440385,0.2171532846715328,0.0255474452554744
EU Power Grid — Paris,seamless,15.0,31,0.03115842612818999,0.014005807448452177,0.0247214752208989,0.030687068907788054,0.05850941221667306,0.06322992700729921,0.1970802919708029,0.0036496350364963
EU Power Grid — Paris,seamless,15.0,32,0.030176088230592906,0.01215102029942984,0.02482948426468822,0.03036015079810695,0.04934306569343062,0.06700729927007291,0.1970802919708029,0.0072992700729927
EU Power Grid — Paris,seamless,15.0,33,0.032204033246310305,0.012424076935372098,0.02750672301190931,0.032775153857163244,0.0487591240875912,0.06058394160583933,0.1970802919708029,0.0091240875912408
EU Power Grid — Paris,seamless,15.0,34,0.03213077414886239,0.014162315520272733,0.02065618180449994,0.035634630981346296,0.054344242995055275,0.06678832116788314,0.1970802919708029,0.0036496350364963
EU Power Grid — Paris,seamless,15.0,35,0.03671945761628207,0.012367467632798704,0.02784201777842016,0.03496184472461842,0.06417742841100502,0.07823665001920857,0.1824817518248175,0.0291970802919708
EU Power Grid — Paris,seamless,15.0,36,0.03315307155415834,0.01231085833022532,0.024608967674661038,0.027096239955836317,0.07043795620437952,0.07408759124087584,0.2153284671532846,0.0273722627737226
EU Power Grid — Paris,seamless,15.0,37,0.03125166497948735,0.012307528371250409,0.02848742903487428,0.03179880031798794,0.03844282238442813,0.05788321167883209,0.1970802919708029,0.0054744525547445
EU Power Grid — Paris,seamless,15.0,38,0.0323305716873567,0.011698145878842717,0.026097787046692113,0.03126121814048096,0.054023722627737164,0.07860401459854012,0.1441605839416058,0.0310218978102189
EU Power Grid — Paris,seamless,15.0,39,0.0329366242207895,0.012470696361020777,0.0241488624860141,0.030109489051094847,0.06208434712084341,0.06723623092236224,0.2481751824817518,0.0255474452554744
EU Power Grid — Paris,seamless,15.0,40,0.0317078693590494,0.012430736853321904,0.02425426748663709,0.037662206001622005,0.049292883211678795,0.07214111922141116,0.2171532846715328,0.0255474452554744
EU Power Grid — Paris,seamless,15.0,41,0.035357504395545754,0.013466354094517496,0.0276611922141119,0.041159772911597683,0.06208434712084341,0.06921532846715323,0.2171532846715328,0.0291970802919708
EU Power Grid — Paris,seamless,15.0,42,0.033266290159305135,0.012767062709787353,0.019547801317429198,0.03667883211678831,0.04989186266558527,0.08014598540145983,0.3722627737226277,0.0200729927007299
EU Power Grid — Paris,seamless,15.0,43,0.03156801108210337,0.012154350258404759,0.023150135966795424,0.02893885139787907,0.05478507704785071,0.08227320125130336,0.1970802919708029,0.0091240875912408
EU Power Grid — Paris,seamless,15.0,44,0.031837737759070714,0.014049096915125937,0.022681408329755227,0.03457015409570151,0.05525326255253258,0.06989051094890505,0.3010948905109489,0.0237226277372262
EU Power Grid — Paris,seamless,15.0,45,0.03383571314401398,0.011744765304491386,0.028125362066967887,0.03548025879230257,0.04750608272506076,0.06518248175182478,0.2171532846715328,0.0291970802919708
EU Power Grid — Paris,seamless,15.0,46,0.03175448878469808,0.012930230699557716,0.020636539287247724,0.030920519059205114,0.05116788321167881,0.07944038929440385,0.2372262773722627,0.0218978102189781
EU Power Grid — Paris,seamless,15.0,47,0.033066492620810815,0.012563935212318116,0.020833333333333315,0.03946167883211672,0.05267639902676392,0.06806569343065685,0.2171532846715328,0.0218978102189781
EU Power Grid — Paris,seamless,15.0,48,0.03134490383078471,0.011558287601896684,0.0246164159094294,0.029393599101628285,0.04834000470920645,0.06116788321167875,0.1660583941605839,0.0255474452554744
EU Power Grid — Paris,seamless,15.0,49,0.03077548084607588,0.012380787468698324,0.023012976480129715,0.029889252454064905,0.0448996350364963,0.07144160583941603,0.1970802919708029,0.0091240875912408
EU Power Grid — Paris,seamless,15.0,50,0.03550402259044159,0.012141030422505132,0.027700159671532824,0.033731475337314715,0.07039233576642331,0.07287657597876575,0.2262773722627737,0.0291970802919708
EU Power Grid — Paris,seamless,15.0,51,0.03285670520539177,0.013652831797112193,0.027565129665895173,0.03953771289537705,0.05381647549530755,0.07358576642335762,0.2153284671532846,0.0291970802919708
EU Power Grid — Paris,seamless,15.0,52,0.031105146784591513,0.011468378709574237,0.022893165228931606,0.033422973492124426,0.0529425182481751,0.07043795620437951,0.1295620437956204,0.0091240875912408
EU Power Grid — Paris,seamless,15.0,53,0.03183107784112089,0.0108323565453673,0.019541352951319004,0.031738790406673545,0.043917274939172725,0.07430656934306562,0.1605839416058394,0.0200729927007299
EU Power Grid — Paris,seamless,15.0,54,0.03393561191326114,0.010359502370930728,0.02762688847394328,0.030394616788321113,0.04233576642335763,0.06480709071949946,0.1660583941605839,0.0310218978102189
EU Power Grid — Paris,seamless,15.0,55,0.033143081677233635,0.012254249027651928,0.024099364257122603,0.033628779979144895,0.050608272506082685,0.07723954877239544,0.2737226277372263,0.0255474452554744
EU Power Grid — Paris,seamless,15.0,56,0.032097474559113326,0.01221428951995306,0.024383585263520823,0.02833269304648481,0.051459854014598516,0.07065693430656929,0.2171532846715328,0.0255474452554744
EU Power Grid — Paris,seamless,15.0,57,0.030708881666577773,0.013602882412488616,0.021170435404012033,0.0270370922091464,0.05496350364963498,0.06167883211678824,0.2518248175182481,0.0218978102189781
EU Power Grid — Paris,seamless,15.0,58,0.02876085566625809,0.012966860248281687,0.023839603219165187,0.029349148418491473,0.042062043795620396,0.0560583941605839,0.1970802919708029,0.0036496350364963
EU Power Grid — Paris,seamless,15.0,59,0.03713903244712016,0.011285230965954436,0.028181657640687526,0.0341443633414436,0.052584336160978434,0.0593673965936739,0.187956204379562,0.0291970802919708
EU Power Grid — Paris,seamless,15.0,60,0.033592626138845866,0.01267382385849,0.024714376388448048,0.03796797739580874,0.04799270072992695,0.074504692387904,0.1970802919708029,0.0054744525547445
EU Power Grid — Paris,seamless,15.0,61,0.034614923544141835,0.011588257232670835,0.03138686131386854,0.04031977754605486,0.04705748175182475,0.08642335766423355,0.1970802919708029,0.0127737226277372
EU Power Grid — Paris,seamless,15.0,62,0.03284671532846705,0.012027811817358357,0.023948557525199785,0.0359749739311783,0.05275750202757494,0.06883211678832109,0.1970802919708029,0.010948905109489
EU Power Grid — Paris,seamless,15.0,63,0.030382545687037035,0.01060591933507374,0.023931178310740278,0.028415015641293,0.04203163017031626,0.07128953771289534,0.1897810218978102,0.0255474452554744
EU Power Grid — Paris,seamless,15.0,64,0.03454499440566883,0.011614896904470071,0.02538523925385234,0.03730738037307377,0.05660989456609891,0.07065693430656929,0.1970802919708029,0.0145985401459854
EU Power Grid — Paris,seamless,15.0,65,0.03174449890777335,0.013692791304811061,0.026010890974394577,0.030307838781339205,0.06636253041362526,0.07007299270072988,0.2171532846715328,0.0273722627737226
EU Power Grid — Paris,seamless,15.0,66,0.02904390217912505,0.012620544514891517,0.021077479408022487,0.025215660252156546,0.05123826903023982,0.06259124087591235,0.1970802919708029,0.0054744525547445
EU Power Grid — Paris,seamless,15.0,67,0.03260362832329897,0.012890271191858852,0.027386745452438858,0.03394160583941602,0.05113544201135441,0.08777372262773721,0.2171532846715328,0.0291970802919708
EU Power Grid — Paris,seamless,15.0,68,0.0349545793595822,0.011684826042943089,0.0277632950990615,0.03279304422498921,0.04546676911256236,0.06624087591240871,0.2043795620437956,0.0291970802919708
EU Power Grid — Paris,seamless,15.0,69,0.03360261601577058,0.012633864350791137,0.02315894065043752,0.028223844282238425,0.05115571776155716,0.06259124087591235,0.3357664233576642,0.0237226277372262
EU Power Grid — Paris,seamless,15.0,70,0.03125499493846226,0.01142841920187537,0.024597019464720128,0.029343065693430648,0.045672575599582814,0.05970802919708022,0.1660583941605839,0.0255474452554744
EU Power Grid — Paris,seamless,15.0,71,0.03778504448825181,0.012753742873887728,0.040341501564129245,0.043009545199326205,0.054667691125624224,0.07430656934306562,0.1989051094890511,0.041970802919708
EU Power Grid — Paris,seamless,15.0,72,0.03296992381053855,0.012127710586605521,0.0200729927007299,0.03163017031630163,0.0529425182481751,0.11326034063260335,0.2208029197080291,0.0182481751824817
EU Power Grid — Paris,seamless,15.0,73,0.03179111833342203,0.012790372422611688,0.026106663527195623,0.03255079897415658,0.04750608272506076,0.080948905109489,0.1970802919708029,0.0072992700729927
EU Power Grid — Paris,seamless,15.0,74,0.03344610794395003,0.01361953220736314,0.02762688847394328,0.037652068126520624,0.05464720194647196,0.08613138686131383,0.1970802919708029,0.0054744525547445
EU Power Grid — Paris,seamless,15.0,75,0.032959933933613836,0.010998854494112573,0.025367955007777856,0.03660162829870858,0.04756690997566903,0.06806569343065685,0.1295620437956204,0.0127737226277372
EU Power Grid — Paris,seamless,15.0,76,0.03360594597474548,0.012244259150727212,0.026085915998564035,0.033454987834549824,0.05113544201135441,0.1077554744525547,0.1970802919708029,0.010948905109489
EU Power Grid — Paris,seamless,15.0,77,0.03331623954392871,0.010799056955618249,0.02513125880394411,0.032007299270072925,0.051117700729926996,0.07944038929440385,0.1295620437956204,0.0200729927007299
EU Power Grid — Paris,seamless,15.0,78,0.03455831424156846,0.011738105386541575,0.02788872056190605,0.03496585825288436,0.051117700729926996,0.07393117831074031,0.2773722627737226,0.0291970802919708
EU Power Grid — Paris,seamless,15.0,79,0.0320175555437156,0.012230939314827579,0.022816689962209414,0.027077937367553536,0.055374917053749126,0.056511280690112776,0.2171532846715328,0.0237226277372262
EU Power Grid — Paris,seamless,15.0,80,0.03621996377004626,0.010236293888859228,0.028299154211562955,0.044015857034986144,0.05094461142121081,0.08160583941605831,0.1295620437956204,0.0164233576642335
EU Power Grid — Paris,seamless,15.0,81,0.03266689754382216,0.012787042463636789,0.023038321167883163,0.03403917034039167,0.05658286023249524,0.07132429614181436,0.1970802919708029,0.010948905109489
EU Power Grid — Paris,seamless,15.0,82,0.03327628003622985,0.01210773083275609,0.023361907995246924,0.033422973492124426,0.06208434712084341,0.09901459854014592,0.1970802919708029,0.010948905109489
EU Power Grid — Paris,seamless,15.0,83,0.03406215035430753,0.012300868453300598,0.02455683003128252,0.02697867468155142,0.05368613138686124,0.09160583941605834,0.1897810218978102,0.0255474452554744
EU Power Grid — Paris,seamless,15.0,84,0.031727849112898825,0.013286536309872596,0.024837793998377877,0.029322929775987907,0.056621480709071914,0.06902372262773716,0.1970802919708029,0.0072992700729927
EU Power Grid — Paris,seamless,15.0,85,0.03025933720496555,0.012250919068677006,0.02326642335766417,0.031292241146255666,0.04209245742092453,0.06624087591240871,0.1970802919708029,0.0072992700729927
EU Power Grid — Paris,seamless,15.0,86,0.032343891523256334,0.01188462358143742,0.01962121748990146,0.026961678832116757,0.05224592925322847,0.0743917274939172,0.364963503649635,0.0200729927007299
EU Power Grid — Paris,seamless,15.0,87,0.03151140177952997,0.011714795673717247,0.02575599582898848,0.032316929597362785,0.04932221063607921,0.05788321167883209,0.1970802919708029,0.010948905109489
EU Power Grid — Paris,seamless,15.0,88,0.03161130054877715,0.012464036443070956,0.0255474452554744,0.0341884929154143,0.05478507704785071,0.06002245929253221,0.1970802919708029,0.0072992700729927
EU Power Grid — Paris,seamless,15.0,89,0.03609675528797475,0.011135382812083696,0.02285509154002628,0.04477821448624364,0.05967153284671527,0.07430656934306562,0.1970802919708029,0.0164233576642335
EU Power Grid — Paris,seamless,15.0,90,0.03231392189248218,0.01225757898662682,0.024966821499668154,0.030725981455908394,0.04569343065693422,0.07457888826501959,0.1897810218978102,0.0310218978102189
EU Power Grid — Paris,seamless,15.0,91,0.03587031807768119,0.012777052586712072,0.030616382806163762,0.039056981398634255,0.05516835413232865,0.0761313868613138,0.1970802919708029,0.0072992700729927
EU Power Grid — Paris,seamless,15.0,92,0.029883051840801225,0.012467366402045871,0.022650909512223347,0.028284671532846698,0.04051094890510944,0.061835245046923816,0.2171532846715328,0.0237226277372262
EU Power Grid — Paris,seamless,15.0,93,0.03253369918482595,0.011115403058234257,0.026937782412234934,0.03422702601534715,0.049470802919708,0.06788321167883203,0.1295620437956204,0.0072992700729927
EU Power Grid — Paris,seamless,15.0,94,0.0340421706004581,0.011135382812083693,0.022732012513034375,0.027084133691893938,0.05038929440389292,0.0633576642335766,0.1897810218978102,0.0237226277372262
EU Power Grid — Paris,seamless,15.0,95,0.03370917470296757,0.012870291438009418,0.02151763990267639,0.0287488794980151,0.05299270072992692,0.07430656934306562,0.1660583941605839,0.0218978102189781
EU Power Grid — Paris,seamless,15.0,96,0.032923304384889884,0.012284218658426065,0.025687815833801184,0.03138686131386852,0.04553802684247697,0.06870437956204371,0.2518248175182481,0.0273722627737226
EU Power Grid — Paris,seamless,15.0,97,0.03379908359529,0.01276706270978736,0.031093179744525468,0.03720600162205998,0.04934306569343062,0.06719890510948898,0.1970802919708029,0.0054744525547445
EU Power Grid — Paris,seamless,15.0,98,0.03188435718471938,0.011634876658319514,0.02082609199397519,0.026966747769667444,0.04385644768856446,0.06441605839416054,0.2171532846715328,0.0218978102189781
EU Power Grid — Paris,seamless,15.0,99,0.031977596036016735,0.011987852309659488,0.022768365365298294,0.030686727245642715,0.04963503649635029,0.06868613138686125,0.1897810218978102,0.0237226277372262
EU Power Grid — Paris,seamless,15.0,100,0.03548071287761725,0.013036789386754694,0.029521835951998004,0.0328467153284671,0.05719499478623564,0.0709713644020213,0.1989051094890511,0.0310218978102189
EU Power Grid — Paris,seamless,16.0,1,0.03262360807714838,0.011977862432734776,0.025992522698949572,0.03115461181154604,0.04929814710836605,0.07065693430656929,0.2153284671532846,0.0273722627737226
EU Power Grid — Paris,seamless,16.0,2,0.031241675102562642,0.012850311684159992,0.02682481751824814,0.03003434950622581,0.054582319545823134,0.07825425790754255,0.1970802919708029,0.0054744525547445
EU Power Grid — Paris,seamless,16.0,3,0.03275347647716972,0.013366455325270324,0.02782122581392652,0.03543878566688784,0.05374087591240869,0.07905109489051092,0.2171532846715328,0.0291970802919708
EU Power Grid — Paris,seamless,16.0,4,0.031038547605093406,0.012250919068677014,0.024446761673038976,0.031234793187347856,0.05116788321167881,0.08314727350794325,0.2171532846715328,0.0255474452554744
EU Power Grid — Paris,seamless,16.0,5,0.03263359795407311,0.012340827960999456,0.02950121654501215,0.03239051094890505,0.047518248175182416,0.06480709071949946,0.2171532846715328,0.0310218978102189
EU Power Grid — Paris,seamless,16.0,6,0.03244712025147841,0.011818024401939305,0.026850886339937395,0.03512773722627735,0.050139544869042485,0.06076642335766415,0.2043795620437956,0.0310218978102189
EU Power Grid — Paris,seamless,16.0,7,0.035537322180190636,0.011841334114763643,0.033724031443009506,0.045873884833738776,0.05457277801631596,0.08266423357664224,0.1970802919708029,0.0054744525547445
EU Power Grid — Paris,seamless,16.0,8,0.03314308167723363,0.01246403644307096,0.021213503649635024,0.03245133819951332,0.06755879967558791,0.07811805775944142,0.1441605839416058,0.0218978102189781
EU Power Grid — Paris,seamless,16.0,9,0.030775480846075873,0.012217619478927959,0.018060577119858052,0.037408759124087546,0.05861313868613137,0.07895377128953768,0.1970802919708029,0.0072992700729927
EU Power Grid — Paris,seamless,16.0,10,0.03373914433374171,0.013316505940646749,0.028994322789943218,0.032664233576642276,0.05116788321167881,0.06739659367396586,0.2007299270072992,0.0310218978102189
EU Power Grid — Paris,seamless,16.0,11,0.033429458149075504,0.012563935212318125,0.030109489051094847,0.03497566909975667,0.046964167219641605,0.0685644768856447,0.1970802919708029,0.0091240875912408
EU Power Grid — Paris,seamless,16.0,12,0.030382545687037042,0.012890271191858853,0.02447572703047149,0.028791565287915644,0.05115571776155716,0.07718978102189776,0.2171532846715328,0.0255474452554744
EU Power Grid — Paris,seamless,16.0,13,0.03240716074377954,0.012567265171293026,0.025040551500405454,0.030078733699663702,0.05027372262773718,0.07536496350364955,0.1532846715328467,0.0310218978102189
EU Power Grid — Paris,seamless,16.0,14,0.034744791944163154,0.010995524535137666,0.027712179762415894,0.03984184914841843,0.05075951864273031,0.05912408759124082,0.1806569343065693,0.0291970802919708
EU Power Grid — Paris,seamless,16.0,15,0.03034924609728799,0.013806009909957846,0.02155452771554527,0.02955190592051904,0.047459292532285174,0.06806569343065685,0.1970802919708029,0.0054744525547445
EU Power Grid — Paris,seamless,16.0,16,0.0345916138313175,0.011208641909531617,0.02614856161442675,0.03073376872839025,0.06208434712084341,0.07732012513034406,0.1295620437956204,0.0200729927007299
EU Power Grid — Paris,seamless,16.0,17,0.030365895892162507,0.0149381959614257,0.022479345472046174,0.02708521282703187,0.049026763990267605,0.07399635036496345,0.1970802919708029,0.0036496350364963
EU Power Grid — Paris,seamless,16.0,18,0.030512414087058355,0.012057781448132498,0.023203995389934635,0.027076346419412083,0.047485806974858005,0.06883211678832109,0.1970802919708029,0.0072992700729927
EU Power Grid — Paris,seamless,16.0,19,0.03375246416964133,0.0104027918376045,0.024597019464720128,0.028884254431699678,0.04401459854014597,0.06441605839416054,0.1897810218978102,0.0291970802919708
EU Power Grid — Paris,seamless,16.0,20,0.03446174543129619,0.012817012094410937,0.02349212447176328,0.028991052507652455,0.07695516162669443,0.08270985401459846,0.2171532846715328,0.0291970802919708
EU Power Grid — Paris,seamless,16.0,21,0.03596022697000364,0.01148169854547386,0.026735698523170905,0.037504802151363766,0.04932221063607921,0.07497393117831067,0.1551094890510949,0.0273722627737226
EU Power Grid — Paris,seamless,16.0,22,0.030998588097394548,0.013289866268847504,0.022395487723954853,0.02830408448516849,0.056698153714040335,0.07602645985401453,0.1970802919708029,0.0054744525547445
EU Power Grid — Paris,seamless,16.0,23,0.03176114870264788,0.013060099099579031,0.025750202757501978,0.030277564348828227,0.048905109489051045,0.07810218978102186,0.1970802919708029,0.0091240875912408
EU Power Grid — Paris,seamless,16.0,24,0.03425861793382696,0.01135849006340236,0.024178832116788243,0.038106483469300054,0.044981751824817465,0.08430656934306563,0.1423357664233576,0.0310218978102189
EU Power Grid — Paris,seamless,16.0,25,0.033898982364537186,0.01307674889445355,0.027603985633182688,0.03418491484184911,0.057546157148990966,0.06849148418491476,0.2171532846715328,0.0291970802919708
EU Power Grid — Paris,seamless,16.0,26,0.033882332569662624,0.01268714369438963,0.024386197743861908,0.0295620437956204,0.05214416058394156,0.07248175182481749,0.2518248175182481,0.0255474452554744
EU Power Grid — Paris,seamless,16.0,27,0.03196094624114221,0.011505008258298194,0.022871046228710418,0.02901459854014598,0.046819603753910255,0.061313868613138596,0.1441605839416058,0.0291970802919708
EU Power Grid — Paris,seamless,16.0,28,0.03598686664180288,0.011072113591560495,0.029349148418491473,0.0382986392718752,0.047408759124087534,0.07200729927007297,0.1970802919708029,0.0127737226277372
EU Power Grid — Paris,seamless,16.0,29,0.03163128030262657,0.01214103042250514,0.02628770141853735,0.03248968581402723,0.042408759124087564,0.06362530413625299,0.1970802919708029,0.010948905109489
EU Power Grid — Paris,seamless,16.0,30,0.032487079759177265,0.012137700463530233,0.023935523114355158,0.040396450551023276,0.045681265206812566,0.06806569343065685,0.2171532846715328,0.0255474452554744
EU Power Grid — Paris,seamless,16.0,31,0.03224399275400916,0.012254249027651922,0.02558358025583575,0.030435349322210578,0.04750608272506076,0.07058394160583938,0.1970802919708029,0.010948905109489
EU Power Grid — Paris,seamless,16.0,32,0.030206057861367045,0.012244259150727202,0.02261253041362527,0.027704047777040455,0.045160854284941813,0.08160583941605831,0.2171532846715328,0.0237226277372262
EU Power Grid — Paris,seamless,16.0,33,0.036363152005967195,0.011914593212211562,0.02838605028386049,0.037860853554284146,0.0553340819764177,0.061759935117599286,0.1970802919708029,0.0127737226277372
EU Power Grid — Paris,seamless,16.0,34,0.03343944802600022,0.013516303479141076,0.02863559797866366,0.03665928050052137,0.047009079579846826,0.0809914841849148,0.1970802919708029,0.0054744525547445
EU Power Grid — Paris,seamless,16.0,35,0.03197426607704183,0.013183307581650537,0.02748455923638403,0.03185136031851354,0.04932221063607921,0.07074209245742089,0.2171532846715328,0.0291970802919708
EU Power Grid — Paris,seamless,16.0,36,0.03591360754435495,0.00949371303745532,0.029293123319247015,0.03252150032521495,0.046336327905670896,0.05788321167883209,0.1788321167883211,0.0328467153284671
EU Power Grid — Paris,seamless,16.0,37,0.03296659385156365,0.011704805796792528,0.024370143630798143,0.033589373620777414,0.04750608272506076,0.05711678832116785,0.1970802919708029,0.0127737226277372
EU Power Grid — Paris,seamless,16.0,38,0.033242980446480795,0.011455058873674614,0.02622813115513841,0.03401257096512567,0.04386861313868611,0.0666319082377476,0.2171532846715328,0.0273722627737226
EU Power Grid — Paris,seamless,16.0,39,0.03361926581064511,0.013529623315040698,0.02154565245229862,0.03497566909975666,0.05523114355231138,0.08920750782064643,0.1970802919708029,0.010948905109489
EU Power Grid — Paris,seamless,16.0,40,0.03457829399541787,0.01134517022750274,0.02636861313868609,0.032436643976051775,0.055763906367983854,0.08974047039740463,0.1532846715328467,0.0328467153284671
EU Power Grid — Paris,seamless,16.0,41,0.0333661889285523,0.011991182268634389,0.024258486849727656,0.028540145985401447,0.058412408759124075,0.07088402270884019,0.2171532846715328,0.0255474452554744
EU Power Grid — Paris,seamless,16.0,42,0.03424529809792734,0.012700463530289247,0.02934800504911914,0.03428736073761041,0.06023301516002238,0.0704379562043795,0.2262773722627737,0.0310218978102189
EU Power Grid — Paris,seamless,16.0,43,0.037458708508711074,0.012394107304597952,0.03546989051094889,0.042776566499194216,0.05140771637122,0.07419708029197075,0.1970802919708029,0.010948905109489
EU Power Grid — Paris,seamless,16.0,44,0.03327628003622985,0.011108743140284457,0.026624386741653665,0.03660369257191927,0.04446472019464716,0.05970802919708022,0.1624087591240876,0.0328467153284671
EU Power Grid — Paris,seamless,16.0,45,0.03201089562576578,0.012407427140497576,0.027980535279805333,0.03394160583941602,0.04710383800329638,0.06946472019464714,0.1970802919708029,0.0036496350364963
EU Power Grid — Paris,seamless,16.0,46,0.03156135116415357,0.012344157919974362,0.026713300892132974,0.03089841391800662,0.044855752519986046,0.07214111922141116,0.2335766423357664,0.0310218978102189
EU Power Grid — Paris,seamless,16.0,47,0.0342885875646011,0.01154829772497197,0.029562043795620416,0.03789179905538852,0.056801592568015896,0.05831674408316743,0.1295620437956204,0.010948905109489
EU Power Grid — Paris,seamless,16.0,48,0.031884357184719395,0.013150007991901483,0.021340760660776018,0.035310218978102166,0.05340632603406318,0.07518248175182474,0.1970802919708029,0.0091240875912408
EU Power Grid — Paris,seamless,16.0,49,0.03124500506153754,0.01198785230965948,0.02585569145788119,0.03355636658556362,0.04714664897146642,0.06405109489051092,0.260948905109489,0.0273722627737226
EU Power Grid — Paris,seamless,16.0,50,0.031015237892269072,0.01278371250466188,0.02602219452851458,0.028683850364963494,0.047468065693430594,0.07065693430656929,0.2153284671532846,0.0273722627737226
EU Power Grid — Paris,seamless,16.0,51,0.030529063881932876,0.012690473653364532,0.022902296926270632,0.030500521376433727,0.05225060827250603,0.05644160583941603,0.1970802919708029,0.0091240875912408
EU Power Grid — Paris,seamless,16.0,52,0.031441472641056956,0.013339815653471093,0.02436469316031353,0.029927007299270038,0.0505839416058394,0.07944038929440385,0.1970802919708029,0.0091240875912408
EU Power Grid — Paris,seamless,16.0,53,0.03172118919494902,0.011112073099259361,0.02437769043608453,0.0329584388499925,0.04566098945660981,0.06952554744525542,0.1295620437956204,0.0127737226277372
EU Power Grid — Paris,seamless,16.0,54,0.03528757525707272,0.01113205285310879,0.026321610263216062,0.032316929597362785,0.05647810218978099,0.0728905109489051,0.1970802919708029,0.0182481751824817
EU Power Grid — Paris,seamless,16.0,55,0.032460440087378035,0.012750412914912827,0.025806080809241863,0.03401257096512567,0.0547673357664233,0.0636720943290286,0.2171532846715328,0.0273722627737226
EU Power Grid — Paris,seamless,16.0,56,0.03622995364697097,0.011957882678885336,0.02771441605839414,0.03424495212816377,0.061167883211678764,0.07106143552311432,0.1660583941605839,0.0291970802919708
EU Power Grid — Paris,seamless,16.0,57,0.031015237892269076,0.013449704299642973,0.02299270072992696,0.03368398454272215,0.058412408759124075,0.07248175182481749,0.1970802919708029,0.0054744525547445
EU Power Grid — Paris,seamless,16.0,58,0.03246377004635294,0.012444056689221532,0.02581530837741909,0.03179546175817194,0.04938532462543216,0.08138686131386855,0.1897810218978102,0.0273722627737226
EU Power Grid — Paris,seamless,16.0,59,0.03273682668229517,0.011857983909638176,0.022810218978102148,0.038534063260340555,0.058902897589028946,0.07065693430656929,0.2171532846715328,0.0237226277372262
EU Power Grid — Paris,seamless,16.0,60,0.030452474825510053,0.011498348340348385,0.021973844282238437,0.026737543636940617,0.047518248175182416,0.07326642335766421,0.1660583941605839,0.0237226277372262
EU Power Grid — Paris,seamless,16.0,61,0.033399488518301365,0.01306009909957903,0.027835708492642778,0.03713503649635033,0.047468065693430594,0.06806569343065685,0.2171532846715328,0.0291970802919708
EU Power Grid — Paris,seamless,16.0,62,0.03590028770845534,0.011428419201875364,0.027751824817518225,0.03055674824674389,0.054805352798053465,0.06558235480799744,0.2262773722627737,0.0291970802919708
EU Power Grid — Paris,seamless,16.0,63,0.031245005061537545,0.012583914966167545,0.022544908629704374,0.03233348540145979,0.050608272506082706,0.05529197080291965,0.2427007299270072,0.0237226277372262
EU Power Grid — Paris,seamless,16.0,64,0.03139152325643338,0.012610554637966799,0.024349332743493258,0.03198797767282089,0.05598540145985397,0.06277372262773716,0.1660583941605839,0.0255474452554744
EU Power Grid — Paris,seamless,16.0,65,0.03491128989290843,0.01112872289413388,0.02637258013329098,0.028840050777530934,0.05873700508737003,0.06956204379562038,0.2043795620437956,0.0273722627737226
EU Power Grid — Paris,seamless,16.0,66,0.03323299056955609,0.011468378709574236,0.027189781021897782,0.035401459854014564,0.06811371494429497,0.07476885644768849,0.1441605839416058,0.0291970802919708
EU Power Grid — Paris,seamless,16.0,67,0.03237386115403049,0.012214289519953053,0.025841770661643462,0.035077047850770454,0.05359749739311776,0.0709713644020213,0.1970802919708029,0.0091240875912408
EU Power Grid — Paris,seamless,16.0,68,0.0410983536682827,0.009373834514358727,0.033226885644768805,0.05331329612136818,0.060101668404588034,0.0804744525547445,0.1295620437956204,0.0346715328467153
EU Power Grid — Paris,seamless,16.0,69,0.035111087431402746,0.011142042730033507,0.0264598540145985,0.034932221063607896,0.04930048661800483,0.08229927007299262,0.1295620437956204,0.0127737226277372
EU Power Grid — Paris,seamless,16.0,70,0.029876391922851415,0.01327654643294789,0.024455428472900675,0.029250751395448683,0.051110097323600966,0.07729927007299266,0.2171532846715328,0.0255474452554744
EU Power Grid — Paris,seamless,16.0,71,0.0324504502104533,0.01219097980712872,0.02395435059668629,0.030109489051094847,0.05846715328467151,0.06719890510948898,0.2171532846715328,0.0255474452554744
EU Power Grid — Paris,seamless,16.0,72,0.03151140177952996,0.012517315786669458,0.02433454259364476,0.030174661105317996,0.05115571776155716,0.06370894160583937,0.291970802919708,0.0255474452554744
EU Power Grid — Paris,seamless,16.0,73,0.03357264638499643,0.01142508924290047,0.024473261893668722,0.031117940837495115,0.058409367396593664,0.06992700729927001,0.2171532846715328,0.0255474452554744
EU Power Grid — Paris,seamless,16.0,74,0.03199757578986616,0.012004502104534015,0.02570675472135321,0.030083420229405588,0.049310624493106206,0.06765510948905101,0.2171532846715328,0.0273722627737226
EU Power Grid — Paris,seamless,16.0,75,0.029263679471468816,0.012677153817464912,0.023230216660873538,0.028140606991932368,0.054873336195792134,0.0733171127331711,0.1970802919708029,0.0054744525547445
EU Power Grid — Paris,seamless,16.0,76,0.03474479194416315,0.011628216740369702,0.022894701270613636,0.02883691893968497,0.056275344687753415,0.06897810218978095,0.1897810218978102,0.0237226277372262
EU Power Grid — Paris,seamless,16.0,77,0.03331956950290362,0.01191126325323666,0.026376907763769036,0.03749170537491701,0.05188998957247128,0.06161800486617998,0.1970802919708029,0.010948905109489
EU Power Grid — Paris,seamless,16.0,78,0.030971948425595298,0.013006819755980555,0.02152348867677334,0.028362323342133858,0.04934306569343062,0.06537408759124086,0.1970802919708029,0.010948905109489
EU Power Grid — Paris,seamless,16.0,79,0.03325630028238042,0.012623874473866424,0.024832831402174405,0.030690112806901062,0.0570369525547445,0.06700729927007291,0.2518248175182481,0.0255474452554744
EU Power Grid — Paris,seamless,16.0,80,0.03073219137940211,0.01366948159198673,0.024484165756652614,0.030483427067129296,0.04204379562043792,0.0797810218978102,0.2171532846715328,0.0255474452554744
EU Power Grid — Paris,seamless,16.0,81,0.035387474026319886,0.012993499920080928,0.02808191403081912,0.03779248243399953,0.05527007299270068,0.06989051094890505,0.1970802919708029,0.010948905109489
EU Power Grid — Paris,seamless,16.0,82,0.032184053492460875,0.012057781448132496,0.02379866180048654,0.03233815962666022,0.05363091895938604,0.06076642335766415,0.1970802919708029,0.0145985401459854
EU Power Grid — Paris,seamless,16.0,83,0.03196760615909202,0.014605200063935158,0.027731243269115687,0.03428736073761041,0.05679393599101626,0.08588807785888074,0.218978102189781,0.0291970802919708
EU Power Grid — Paris,seamless,16.0,84,0.035171026692951045,0.010839016463317107,0.031073301120592086,0.040830291970802866,0.056896551724137906,0.06700729927007291,0.1970802919708029,0.0145985401459854
EU Power Grid — Paris,seamless,16.0,85,0.03414872928765508,0.011691485960892894,0.025293998377939927,0.03838752488387517,0.048248175182481694,0.06555150040551498,0.1970802919708029,0.0145985401459854
EU Power Grid — Paris,seamless,16.0,86,0.0337957536363151,0.01120531195055671,0.023273588871479286,0.02910806480327576,0.05293491484184907,0.06989051094890505,0.2208029197080291,0.0237226277372262
EU Power Grid — Paris,seamless,16.0,87,0.03403551068250829,0.012104400873781182,0.022358816749903934,0.03786496350364957,0.07013816475495303,0.07979014598540143,0.1970802919708029,0.010948905109489
EU Power Grid — Paris,seamless,16.0,88,0.030216047738291767,0.012590574884117368,0.022910013686131343,0.02693178957966269,0.049292883211678795,0.06883211678832109,0.2244525547445255,0.0237226277372262
EU Power Grid — Paris,seamless,16.0,89,0.03479141136981183,0.012121050668655693,0.02314332058857601,0.047890332917927665,0.05736444212721583,0.07923025879230257,0.2171532846715328,0.0237226277372262
EU Power Grid — Paris,seamless,16.0,90,0.03256699877457499,0.012953540412382067,0.022587505029024627,0.03842254663422538,0.05091613287650826,0.07718978102189775,0.2171532846715328,0.0237226277372262
EU Power Grid — Paris,seamless,16.0,91,0.03077215088710098,0.011808034525014586,0.02318478678447939,0.030683271878997602,0.05261914984972084,0.06298227320125126,0.1970802919708029,0.0072992700729927
EU Power Grid — Paris,seamless,16.0,92,0.0326902072566465,0.01271045340721396,0.026250760340632562,0.034645831191528705,0.058902897589028946,0.08448905109489044,0.1970802919708029,0.0072992700729927
EU Power Grid — Paris,seamless,16.0,93,0.030489104374234015,0.012404097181522663,0.026350364963503608,0.028865295288652944,0.051295620437956185,0.06277372262773717,0.1970802919708029,0.0054744525547445
EU Power Grid — Paris,seamless,16.0,94,0.03234056156428143,0.01160490702754536,0.022429449968388963,0.03485102309441184,0.045742092457420835,0.08635036496350361,0.2226277372262773,0.0237226277372262
EU Power Grid — Paris,seamless,16.0,95,0.03078547072300058,0.014215594863871223,0.024662137746621314,0.027220194647201917,0.05411887382690296,0.07189781021897806,0.1970802919708029,0.0036496350364963
EU Power Grid — Paris,seamless,16.0,96,0.03193430656934297,0.013116708402152424,0.024461244351755233,0.03764337851929087,0.04750608272506076,0.07028154327424396,0.2171532846715328,0.0255474452554744
EU Power Grid — Paris,seamless,16.0,97,0.03417869891842924,0.011901273376311939,0.02767960046100651,0.040419708029197025,0.05772038180797303,0.07130474452554741,0.1970802919708029,0.0072992700729927
EU Power Grid — Paris,seamless,16.0,98,0.030898689328147374,0.012324178166124931,0.0246350364963503,0.03536370500880944,0.043924431086303124,0.06532846715328465,0.1970802919708029,0.0036496350364963
EU Power Grid — Paris,seamless,16.0,99,0.03127497469231169,0.012583914966167557,0.024406934306569275,0.029544664581160913,0.04775808133472361,0.07944038929440385,0.2171532846715328,0.0273722627737226
EU Power Grid — Paris,seamless,16.0,100,0.03156135116415356,0.01201449198145873,0.02572262773722623,0.031213983864771342,0.04933090024330896,0.07860401459854012,0.1970802919708029,0.0127737226277372
EU Power Grid — Paris,seamless,17.0,1,0.03637980180084172,0.01094557515051408,0.029404151783403207,0.033107403545359695,0.04708029197080285,0.081265206812652,0.2171532846715328,0.0310218978102189
EU Power Grid — Paris,seamless,17.0,2,0.03469817251851447,0.011168682401832762,0.031173965936739583,0.0423059734842842,0.04731751824817512,0.06441605839416054,0.2171532846715328,0.0328467153284671
EU Power Grid — Paris,seamless,17.0,3,0.03252370930790123,0.011941232884010814,0.026445371335882244,0.031660583941605765,0.06399742378703302,0.07722627737226272,0.1970802919708029,0.010948905109489
EU Power Grid — Paris,seamless,17.0,4,0.03424862805690225,0.01292357078160791,0.02909570154095701,0.035414191139025615,0.05255474452554738,0.06354927007299266,0.1970802919708029,0.0054744525547445
EU Power Grid — Paris,seamless,17.0,5,0.03157800095902808,0.011002184453087479,0.02174139728884254,0.030078733699663702,0.047485806974858005,0.07054223149113656,0.1532846715328467,0.0310218978102189
EU Power Grid — Paris,seamless,17.0,6,0.03285337524641687,0.012184319889178903,0.02080291970802918,0.028450564034505625,0.053232533889468116,0.07228884254431697,0.2171532846715328,0.0218978102189781
EU Power Grid — Paris,seamless,17.0,7,0.033456097820874754,0.011798044648089867,0.027706812652068105,0.03312043795620433,0.055315772770548985,0.07499999999999993,0.2171532846715328,0.0291970802919708
EU Power Grid — Paris,seamless,17.0,8,0.03357597634397136,0.013586232617614083,0.02824665450121653,0.04047777040477765,0.06540145985401458,0.0733576642335766,0.1970802919708029,0.0072992700729927
EU Power Grid — Paris,seamless,17.0,9,0.03194429644626768,0.011591587191645743,0.024285843020636137,0.029781957701665702,0.052980535279805265,0.07677919708029192,0.2700729927007299,0.0255474452554744
EU Power Grid — Paris,seamless,17.0,10,0.03242381053865406,0.013443044381693163,0.025298606502986005,0.03377667040988205,0.052980535279805265,0.0633576642335766,0.1970802919708029,0.0054744525547445
EU Power Grid — Paris,seamless,17.0,11,0.033755794128616234,0.011448398955724807,0.02656123276561229,0.033326930464848206,0.0571928223844282,0.07879156528791562,0.1989051094890511,0.0328467153284671
EU Power Grid — Paris,seamless,17.0,12,0.03201755554371561,0.011967872555810046,0.027980535279805333,0.03354622871046224,0.04759966311061196,0.06845672575599576,0.2171532846715328,0.0291970802919708
EU Power Grid — Paris,seamless,17.0,13,0.031158426128190003,0.011425089242900463,0.024378741901090722,0.0270370922091464,0.051110097323600966,0.061532846715328396,0.1660583941605839,0.0273722627737226
EU Power Grid — Paris,seamless,17.0,14,0.03318637114390741,0.012653844104640571,0.019551616266944696,0.028851325393776404,0.0562935928629359,0.07831687419493341,0.2171532846715328,0.0200729927007299
EU Power Grid — Paris,seamless,17.0,15,0.036070115616175506,0.010752437529969568,0.02611147976111475,0.04221739988163343,0.054602595296025895,0.06767466110531796,0.1970802919708029,0.0164233576642335
EU Power Grid — Paris,seamless,17.0,16,0.02996297085619896,0.012870291438009412,0.02091363897318132,0.026547345265473414,0.04635948905109482,0.06678832116788314,0.322992700729927,0.0218978102189781
EU Power Grid — Paris,seamless,17.0,17,0.032400500825829716,0.01208109116095684,0.024278006981910436,0.026687956204379523,0.058434712084347105,0.07985401459854012,0.2226277372262773,0.0255474452554744
EU Power Grid — Paris,seamless,17.0,18,0.033875672651712825,0.011931243007086093,0.02834549878345497,0.03248175182481746,0.049635036496350336,0.07354014598540141,0.1970802919708029,0.0127737226277372
EU Power Grid — Paris,seamless,17.0,19,0.030269327081890257,0.01364617187916239,0.0213764337851929,0.029889252454064905,0.062104622871046164,0.0761313868613138,0.1970802919708029,0.0054744525547445
EU Power Grid — Paris,seamless,17.0,20,0.03248707975917726,0.011678166124993282,0.024391727493917208,0.031867076450249644,0.051113138686131376,0.07171532846715326,0.1624087591240876,0.0255474452554744
EU Power Grid — Paris,seamless,17.0,21,0.030016250199797433,0.013526293356065793,0.022718978102189744,0.026928388242256823,0.058935719331292644,0.06518248175182478,0.2171532846715328,0.0237226277372262
EU Power Grid — Paris,seamless,17.0,22,0.03339948851830135,0.011788054771165155,0.029613770906373908,0.03227045716480977,0.04756690997566903,0.06687956204379555,0.2171532846715328,0.0310218978102189
EU Power Grid — Paris,seamless,17.0,23,0.031757818743672984,0.013163327827801103,0.020841336918939666,0.03093065693430649,0.06131386861313862,0.06912148070907188,0.1970802919708029,0.0091240875912408
EU Power Grid — Paris,seamless,17.0,24,0.03175448878469808,0.012430736853321897,0.02408759124087584,0.03411231457499408,0.04949310624493103,0.07967153284671531,0.1970802919708029,0.0072992700729927
EU Power Grid — Paris,seamless,17.0,25,0.03141483296925771,0.011788054771165155,0.024123828751876512,0.03153284671532839,0.047193256864789646,0.055109489051094834,0.2171532846715328,0.0255474452554744
EU Power Grid — Paris,seamless,17.0,26,0.033655895359369074,0.011754755181416103,0.02663531723750698,0.030733768728390252,0.05296025952960251,0.06806569343065685,0.1678832116788321,0.0310218978102189
EU Power Grid — Paris,seamless,17.0,27,0.034028850764558465,0.012114390750705896,0.02395435059668629,0.030018248175182442,0.06681265206812646,0.07257559958289884,0.2171532846715328,0.0255474452554744
EU Power Grid — Paris,seamless,17.0,28,0.030915339123021905,0.011704805796792526,0.02738746958637467,0.030109489051094847,0.04708029197080284,0.06491484184914839,0.2171532846715328,0.0291970802919708
EU Power Grid — Paris,seamless,17.0,29,0.03133158399488509,0.012047791571207767,0.021282586027111562,0.03029197080291966,0.047953992479539874,0.06642335766423352,0.3065693430656934,0.0218978102189781
EU Power Grid — Paris,seamless,17.0,30,0.031245005061537545,0.014032447120251425,0.026209192267586386,0.028858454360749485,0.050091240875912386,0.08663321167883209,0.1970802919708029,0.0036496350364963
EU Power Grid — Paris,seamless,17.0,31,0.030119478928019517,0.012900261068783565,0.022430048661800463,0.034854014598540116,0.043924431086303124,0.07065693430656929,0.2171532846715328,0.0237226277372262
EU Power Grid — Paris,seamless,17.0,32,0.03425195801587714,0.01146837870957424,0.029004994237418355,0.03382930937675459,0.048905109489051045,0.077956204379562,0.1441605839416058,0.0328467153284671
EU Power Grid — Paris,seamless,17.0,33,0.031205045553838687,0.012687143694389617,0.02062494367847164,0.02959625912408757,0.05846715328467151,0.07106143552311432,0.2700729927007299,0.0218978102189781
EU Power Grid — Paris,seamless,17.0,34,0.03258031861047461,0.011714795673717244,0.027973379132674947,0.03073376872839025,0.04251824817518245,0.08270072992700721,0.1970802919708029,0.010948905109489
EU Power Grid — Paris,seamless,17.0,35,0.03240050082582973,0.012970190207256585,0.025083999536554224,0.0289550126619991,0.050469238790406656,0.07462099943851762,0.1970802919708029,0.0091240875912408
EU Power Grid — Paris,seamless,17.0,36,0.031744498907773366,0.011781394853215346,0.02568190549366111,0.029125518820666947,0.058406745532343304,0.06013088346337772,0.1970802919708029,0.0091240875912408
EU Power Grid — Paris,seamless,17.0,37,0.03497788907240653,0.010759097447919386,0.02830692540502046,0.033107403545359695,0.04938532462543216,0.05711678832116785,0.1295620437956204,0.0164233576642335
EU Power Grid — Paris,seamless,17.0,38,0.029753183440779908,0.012560605253343217,0.02413685011866904,0.026239617417568546,0.04527372262773716,0.05894160583941602,0.1970802919708029,0.0072992700729927
EU Power Grid — Paris,seamless,17.0,39,0.03399888113378434,0.01256393521231812,0.02865899307505146,0.034843685442776454,0.05660989456609891,0.07052919708029191,0.1970802919708029,0.0091240875912408
EU Power Grid — Paris,seamless,17.0,40,0.0346548830518407,0.011455058873674612,0.0244488306271413,0.03635948905109489,0.05116788321167881,0.0797810218978102,0.1897810218978102,0.0218978102189781
EU Power Grid — Paris,seamless,17.0,41,0.03146145239490641,0.014215594863871214,0.019498247025691095,0.03848409801876947,0.05299270072992692,0.07153284671532843,0.2171532846715328,0.0200729927007299
EU Power Grid — Paris,seamless,17.0,42,0.034768101656987474,0.011758085140391013,0.030198940890224655,0.04008195671660898,0.049999999999999975,0.06700729927007291,0.1295620437956204,0.010948905109489
EU Power Grid — Paris,seamless,17.0,43,0.03239051094890502,0.012094410996856455,0.027007299270072962,0.03335766423357659,0.04989186266558527,0.07430656934306562,0.2171532846715328,0.0291970802919708
EU Power Grid — Paris,seamless,17.0,44,0.029899701635675752,0.013473014012467307,0.0246350364963503,0.028010948905109467,0.0447194343065693,0.07153284671532843,0.2171532846715328,0.0273722627737226
EU Power Grid — Paris,seamless,17.0,45,0.03511441739037766,0.011315200596728582,0.026203559419338922,0.028803492199799618,0.06414233576642332,0.07065693430656929,0.1970802919708029,0.0218978102189781
EU Power Grid — Paris,seamless,17.0,46,0.03238052107198029,0.01297352016623149,0.026203559419338922,0.03661408052743112,0.047143216712811416,0.0652068126520681,0.1970802919708029,0.0054744525547445
EU Power Grid — Paris,seamless,17.0,47,0.031155096169215097,0.011028824124886719,0.021238848337388472,0.033005395112662594,0.047518248175182416,0.0618472768107804,0.1970802919708029,0.0127737226277372
EU Power Grid — Paris,seamless,17.0,48,0.032949944056689134,0.011984522350684581,0.026322992700729884,0.03481635963387786,0.048596294216732124,0.07579075425790746,0.1970802919708029,0.0127737226277372
EU Power Grid — Paris,seamless,17.0,49,0.03417203900047941,0.012943550535457348,0.024360675820529767,0.03505283799978209,0.05432742440041704,0.0797810218978102,0.2518248175182481,0.0255474452554744
EU Power Grid — Paris,seamless,17.0,50,0.03320302093878193,0.01145505887367462,0.029307675293076742,0.033691893968497845,0.045681265206812566,0.06806569343065685,0.1970802919708029,0.010948905109489
EU Power Grid — Paris,seamless,17.0,51,0.03304651286696139,0.012464036443070967,0.0231339769248881,0.03672859986728599,0.04896951481322452,0.06806569343065685,0.2171532846715328,0.0237226277372262
EU Power Grid — Paris,seamless,17.0,52,0.03209747455911335,0.012104400873781172,0.021155851447822237,0.03488442822384426,0.0438184306569343,0.07175182481751821,0.3193430656934306,0.0218978102189781
EU Power Grid — Paris,seamless,17.0,53,0.03467486280569013,0.012151020299429839,0.03016017842660174,0.03579960185799601,0.05260841562902526,0.07883211678832114,0.1970802919708029,0.0072992700729927
EU Power Grid — Paris,seamless,17.0,54,0.031095156907666812,0.014432042197240069,0.022810218978102148,0.033485401459853965,0.05566453771289533,0.06883211678832109,0.2171532846715328,0.0237226277372262
EU Power Grid — Paris,seamless,17.0,55,0.03366255527731889,0.013329825776546378,0.025370032441200268,0.034141747115610986,0.054873336195792134,0.061532846715328396,0.1970802919708029,0.0091240875912408
EU Power Grid — Paris,seamless,17.0,56,0.0328167456976929,0.012527305663594168,0.02468950866107413,0.028840050777530934,0.05072992700729925,0.07718978102189775,0.2043795620437956,0.0255474452554744
EU Power Grid — Paris,seamless,17.0,57,0.032230672918109556,0.012141030422505132,0.02691605839416055,0.03005705176608772,0.04934306569343062,0.08774765380604795,0.1624087591240876,0.0291970802919708
EU Power Grid — Paris,seamless,17.0,58,0.03654629974958699,0.0121210506686557,0.02786648418491482,0.03072536496350358,0.057907542579075384,0.08020072992700727,0.1660583941605839,0.0291970802919708
EU Power Grid — Paris,seamless,17.0,59,0.03335286909265268,0.011941232884010809,0.025141930251419243,0.03095033633891505,0.05116788321167881,0.07956204379562042,0.1295620437956204,0.010948905109489
EU Power Grid — Paris,seamless,17.0,60,0.033046512866961385,0.01428552400234423,0.027748812420345246,0.03567518248175181,0.05432520577729455,0.0840328467153284,0.2171532846715328,0.0291970802919708
EU Power Grid — Paris,seamless,17.0,61,0.03247375992327765,0.013416404709893913,0.024469797114776645,0.03185136031851354,0.06650823289764042,0.07065693430656929,0.2171532846715328,0.0255474452554744
EU Power Grid — Paris,seamless,17.0,62,0.031045207523043215,0.01252064574564435,0.02490875912408753,0.03482360097323598,0.04391087207068766,0.06956204379562038,0.2171532846715328,0.0255474452554744
EU Power Grid — Paris,seamless,17.0,63,0.0326868772976716,0.012540625499493783,0.02591717952387763,0.03263203091455554,0.05248175182481745,0.07358991373589911,0.2627737226277372,0.0273722627737226
EU Power Grid — Paris,seamless,17.0,64,0.031091826948691895,0.011861313868613072,0.0264598540145985,0.03353888749056124,0.04381082725060827,0.055109489051094834,0.1970802919708029,0.0072992700729927
EU Power Grid — Paris,seamless,17.0,65,0.033516037082423046,0.013223267089349401,0.027589502954466435,0.04247613700168442,0.053048518677543934,0.07413052812365817,0.1970802919708029,0.0036496350364963
EU Power Grid — Paris,seamless,17.0,66,0.03331623954392871,0.012916910863658098,0.025598134630981293,0.03280109489051089,0.06025952960259521,0.09333941605839413,0.1970802919708029,0.0091240875912408
EU Power Grid — Paris,seamless,17.0,67,0.03409211998508169,0.012573925089242842,0.02591240875912404,0.03978102189781015,0.051751824817518215,0.06989051094890505,0.1970802919708029,0.0091240875912408
EU Power Grid — Paris,seamless,17.0,68,0.03055570355373213,0.014188955192071973,0.021043640316819368,0.033485401459853965,0.05191605839416054,0.07579075425790746,0.2171532846715328,0.0218978102189781
EU Power Grid — Paris,seamless,17.0,69,0.03132492407693528,0.013273216473972983,0.02607277151072767,0.030616382806163765,0.055130957492486,0.06770072992700722,0.2007299270072992,0.0273722627737226
EU Power Grid — Paris,seamless,17.0,70,0.03296992381053855,0.01122196174543124,0.021438998957247123,0.025293998377939927,0.051668404588112574,0.08670490093847756,0.1916058394160583,0.0218978102189781
EU Power Grid — Paris,seamless,17.0,71,0.03557728168788951,0.010332862699131485,0.029401906748100688,0.03242560359348674,0.044343065693430626,0.07171532846715326,0.1624087591240876,0.0310218978102189
EU Power Grid — Paris,seamless,17.0,72,0.03183440780009581,0.013776040279183702,0.026054339010543343,0.03185136031851354,0.05810016220600161,0.07354014598540141,0.2171532846715328,0.0273722627737226
EU Power Grid — Paris,seamless,17.0,73,0.03421865842612809,0.011698145878842704,0.02282568353334154,0.03353609083536086,0.04981751824817515,0.07248175182481749,0.3138686131386861,0.0237226277372262
EU Power Grid — Paris,seamless,17.0,74,0.03296992381053856,0.010835686504342204,0.023888520238885123,0.03674199887703536,0.04462622703246913,0.07018248175182477,0.1441605839416058,0.0273722627737226
EU Power Grid — Paris,seamless,17.0,75,0.033925622036336416,0.010496030688901852,0.02522430048661795,0.035634630981346296,0.04781021897810209,0.09178832116788316,0.1441605839416058,0.0273722627737226
EU Power Grid — Paris,seamless,17.0,76,0.03504448825190464,0.00995324737599227,0.026763990267639867,0.036709245742092445,0.045672575599582814,0.07393117831074031,0.1131386861313868,0.0255474452554744
EU Power Grid — Paris,seamless,17.0,77,0.03360261601577059,0.011594917150620644,0.027552937775529352,0.032420924574209184,0.05261914984972084,0.08343065693430649,0.1824817518248175,0.0291970802919708
EU Power Grid — Paris,seamless,17.0,78,0.03285004528744197,0.012424076935372091,0.021394706323760136,0.031282586027111495,0.05478507704785071,0.0654969118472768,0.3503649635036496,0.0218978102189781
EU Power Grid — Paris,seamless,17.0,79,0.03212078427193767,0.013033459427779795,0.024591588460201534,0.035264598540145964,0.05014598540145983,0.07028154327424396,0.2171532846715328,0.0255474452554744
EU Power Grid — Paris,seamless,17.0,80,0.03502450849805521,0.011911263253236652,0.031934306569343,0.035310218978102166,0.049178832116788286,0.08955291970802912,0.2171532846715328,0.0346715328467153
EU Power Grid — Paris,seamless,17.0,81,0.03143814268208205,0.014218924822846125,0.026966747769667444,0.031282586027111495,0.06206526406182905,0.06707507820646501,0.2171532846715328,0.0310218978102189
EU Power Grid — Paris,seamless,17.0,82,0.032966593851563655,0.012161010176354573,0.02760216104373812,0.03432937956204376,0.05659081150708455,0.06459854014598536,0.2171532846715328,0.0291970802919708
EU Power Grid — Paris,seamless,17.0,83,0.032260642548883695,0.012603894720016984,0.023366565782446082,0.03846153846153838,0.05256386861313862,0.06700729927007291,0.2171532846715328,0.0273722627737226
EU Power Grid — Paris,seamless,17.0,84,0.031894347061644096,0.011841334114763648,0.022597323600973204,0.026966747769667444,0.04756690997566903,0.0805656934306569,0.2171532846715328,0.0237226277372262
EU Power Grid — Paris,seamless,17.0,85,0.033905642282486985,0.012913580904683187,0.026596715328467115,0.031341240875912335,0.07087591240875908,0.08343065693430649,0.1970802919708029,0.0072992700729927
EU Power Grid — Paris,seamless,17.0,86,0.03421532846715319,0.01170813575576743,0.028832116788321156,0.03631386861313868,0.05314274128142733,0.07233576642335765,0.1441605839416058,0.0310218978102189
EU Power Grid — Paris,seamless,17.0,87,0.03080212051787512,0.013499653684266555,0.024593182883546442,0.030686727245642715,0.057377476538060454,0.05994922246905737,0.1970802919708029,0.0054744525547445
EU Power Grid — Paris,seamless,17.0,88,0.031694549523149776,0.013073418935478654,0.024422141119221343,0.028658609548881164,0.06418795620437953,0.0745336577453365,0.2171532846715328,0.0255474452554744
EU Power Grid — Paris,seamless,17.0,89,0.03484136075443541,0.011874633704512697,0.029384929154143397,0.03428736073761041,0.06632382216323818,0.06746018579960178,0.2354014598540146,0.0310218978102189
EU Power Grid — Paris,seamless,17.0,90,0.03159798071287753,0.0126804837764398,0.0263295099061522,0.02929312331924701,0.05701852891633911,0.07777777777777774,0.2171532846715328,0.0291970802919708
EU Power Grid — Paris,seamless,17.0,91,0.03163794022057639,0.01275041291491283,0.022587505029024627,0.030559268016860226,0.05267639902676392,0.06459854014598536,0.2171532846715328,0.0237226277372262
EU Power Grid — Paris,seamless,17.0,92,0.033496057328573615,0.010549310032500332,0.02776681791280329,0.04099756690997562,0.051713300892132975,0.0731295620437956,0.1970802919708029,0.0072992700729927
EU Power Grid — Paris,seamless,17.0,93,0.03160464063082733,0.01281035217646113,0.0216371220020855,0.03305961070559606,0.0458029197080291,0.06558698296836982,0.1295620437956204,0.0036496350364963
EU Power Grid — Paris,seamless,17.0,94,0.0338024135542649,0.01203447173530816,0.025344687753446823,0.032658440505155775,0.046819603753910255,0.07575599582898847,0.2171532846715328,0.0328467153284671
EU Power Grid — Paris,seamless,17.0,95,0.031145106292290385,0.012507325909744732,0.021046228710462273,0.02687458526874582,0.049310624493106206,0.07175182481751821,0.1897810218978102,0.0218978102189781
EU Power Grid — Paris,seamless,17.0,96,0.029403537748414837,0.012750412914912832,0.023874695863746884,0.027883211678832096,0.05476277372262768,0.06624087591240871,0.2171532846715328,0.0255474452554744
EU Power Grid — Paris,seamless,17.0,97,0.03095862858969567,0.013423064627843727,0.01945023751593091,0.0305165637282425,0.05115571776155716,0.07901459854014595,0.2171532846715328,0.0200729927007299
EU Power Grid — Paris,seamless,17.0,98,0.033829053226064165,0.012224279396877763,0.030656934306569277,0.0343639793324038,0.05478507704785071,0.07069062324536773,0.1970802919708029,0.0072992700729927
EU Power Grid — Paris,seamless,17.0,99,0.031401513133358094,0.012570595130267932,0.022578496118642072,0.036389008158007725,0.047241305281236524,0.0560583941605839,0.2171532846715328,0.0237226277372262
EU Power Grid — Paris,seamless,17.0,100,0.03395559166711056,0.011841334114763647,0.02803583278035831,0.03384207033842066,0.0508123381210266,0.07430656934306562,0.1970802919708029,0.0091240875912408
EU Power Grid — Paris,seamless,18.0,1,0.0339156321594117,0.011421759283925564,0.027647433669331457,0.03019243530192431,0.05088959854014597,0.06484184914841845,0.2043795620437956,0.0291970802919708
EU Power Grid — Paris,seamless,18.0,2,0.035553971975065164,0.011238611540305761,0.025410583941605783,0.04120555686366843,0.04856447688564472,0.077956204379562,0.1295620437956204,0.0127737226277372
EU Power Grid — Paris,seamless,18.0,3,0.03266023762587234,0.011851323991688366,0.0243743482794577,0.03353718682185831,0.05115571776155716,0.07810218978102185,0.2171532846715328,0.0255474452554744
EU Power Grid — Paris,seamless,18.0,4,0.032530369225851036,0.011215301827481422,0.02577916811493449,0.03488442822384426,0.051117700729926996,0.06423357664233573,0.2171532846715328,0.0273722627737226
EU Power Grid — Paris,seamless,18.0,5,0.03475811178006278,0.010179684586285832,0.027688372894993943,0.03362395241957281,0.04671532846715321,0.08594890510948902,0.1587591240875912,0.0218978102189781
EU Power Grid — Paris,seamless,18.0,6,0.03331956950290363,0.011468378709574243,0.027118815896188128,0.03767711464147697,0.045672575599582814,0.06611053180396242,0.2171532846715328,0.0291970802919708
EU Power Grid — Paris,seamless,18.0,7,0.03202088550269049,0.011644866535244233,0.0247214752208989,0.032002982497449116,0.04566098945660981,0.08343065693430649,0.1970802919708029,0.010948905109489
EU Power Grid — Paris,seamless,18.0,8,0.03285004528744197,0.010832356545367303,0.02599061522419182,0.03488442822384426,0.052933225195998836,0.055109489051094834,0.1295620437956204,0.0200729927007299
EU Power Grid — Paris,seamless,18.0,9,0.03198092599499164,0.0130401193457296,0.02626305996851291,0.0337591240875912,0.0555474452554744,0.06259124087591235,0.1970802919708029,0.0054744525547445
EU Power Grid — Paris,seamless,18.0,10,0.03273349672332027,0.013279876391922794,0.024326705260508362,0.03365774533657741,0.048905109489051045,0.078270634475014,0.2627737226277372,0.0255474452554744
EU Power Grid — Paris,seamless,18.0,11,0.032716846928445745,0.01324990676114864,0.02454145611079911,0.03667883211678831,0.062089416058394103,0.07575599582898847,0.1295620437956204,0.0072992700729927
EU Power Grid — Paris,seamless,18.0,12,0.030006260322872718,0.013219937130374492,0.020053784095274654,0.03384602015988873,0.045907194994786155,0.07314911366006255,0.1970802919708029,0.0036496350364963
EU Power Grid — Paris,seamless,18.0,13,0.03284338536949214,0.012360807714848888,0.024616027980535214,0.031496350364963434,0.047153284671532784,0.06193734793187342,0.1660583941605839,0.0255474452554744
EU Power Grid — Paris,seamless,18.0,14,0.031028557728168697,0.012543955458468696,0.02630054454871969,0.03299270072992695,0.043537999141262336,0.057907542579075405,0.1660583941605839,0.0310218978102189
EU Power Grid — Paris,seamless,18.0,15,0.032963263892588746,0.01165152645319404,0.0246164159094294,0.03198797767282089,0.05116788321167881,0.06512939615129394,0.1660583941605839,0.0255474452554744
EU Power Grid — Paris,seamless,18.0,16,0.029759843358729717,0.012617214555916613,0.021566025215660246,0.0311336213317443,0.0438184306569343,0.06345498783454984,0.2171532846715328,0.0237226277372262
EU Power Grid — Paris,seamless,18.0,17,0.03064561244605456,0.012061111407107406,0.021417595082596993,0.031282586027111495,0.055315772770548985,0.06163017031630164,0.1970802919708029,0.0127737226277372
EU Power Grid — Paris,seamless,18.0,18,0.03285670520539176,0.010552639991475252,0.025942822384428178,0.03190355121791185,0.04569343065693422,0.07932742440041708,0.2171532846715328,0.0273722627737226
EU Power Grid — Paris,seamless,18.0,19,0.03162462038467676,0.011132052853108788,0.02622523461939516,0.02887879816669495,0.045749248604551235,0.06259124087591235,0.1897810218978102,0.0273722627737226
EU Power Grid — Paris,seamless,18.0,20,0.03328293995417966,0.011578267355746116,0.02782846715328465,0.030686727245642715,0.047518248175182416,0.08959854014598533,0.1660583941605839,0.0310218978102189
EU Power Grid — Paris,seamless,18.0,21,0.02991968138952519,0.012287548617400966,0.025722161826370504,0.028727841501564117,0.05478507704785071,0.05970802919708022,0.1970802919708029,0.0072992700729927
EU Power Grid — Paris,seamless,18.0,22,0.032220683041184826,0.011514998135222911,0.021815795948495035,0.02712713803246538,0.04762773722627731,0.07354014598540141,0.2043795620437956,0.0273722627737226
EU Power Grid — Paris,seamless,18.0,23,0.03236720123608068,0.011734775427566665,0.023639681486396738,0.03171406997231304,0.04757406612279943,0.07536496350364955,0.2171532846715328,0.0291970802919708
EU Power Grid — Paris,seamless,18.0,24,0.03212744418988747,0.012750412914912836,0.02581530837741909,0.038581856100104193,0.057280553995882444,0.07864963503649633,0.1970802919708029,0.0036496350364963
EU Power Grid — Paris,seamless,18.0,25,0.03299323352336289,0.012131040545580424,0.022940563086548436,0.033759124087591186,0.06632382216323818,0.06746018579960178,0.1970802919708029,0.010948905109489
EU Power Grid — Paris,seamless,18.0,26,0.03276679631306933,0.011614896904470073,0.02557509400575089,0.028010948905109467,0.05054744525547444,0.06518248175182478,0.2171532846715328,0.0273722627737226
EU Power Grid — Paris,seamless,18.0,27,0.03245378016942821,0.01386594917150615,0.019613196160698856,0.026763990267639867,0.06160583941605833,0.10047445255474449,0.2171532846715328,0.0200729927007299
EU Power Grid — Paris,seamless,18.0,28,0.03376245404656605,0.011355160104427452,0.025083999536554224,0.0370812277746584,0.05296025952960251,0.06423357664233573,0.1970802919708029,0.0127737226277372
EU Power Grid — Paris,seamless,18.0,29,0.03443843571847184,0.011994512227609297,0.030848105665623838,0.03536200434010651,0.07118004866180046,0.07284671532846715,0.1441605839416058,0.0328467153284671
EU Power Grid — Paris,seamless,18.0,30,0.0339156321594117,0.012444056689221532,0.021560920830993816,0.034147575341475715,0.06275500655062694,0.06883211678832109,0.1824817518248175,0.0346715328467153
EU Power Grid — Paris,seamless,18.0,31,0.03098859822046982,0.012513985827694543,0.023185916702447344,0.025654787462430172,0.04757406612279943,0.08503649635036489,0.2208029197080291,0.0255474452554744
EU Power Grid — Paris,seamless,18.0,32,0.03282007565666782,0.011721455591667044,0.02308538987371099,0.0420825264412334,0.05658454987834547,0.06700729927007291,0.1970802919708029,0.0072992700729927
EU Power Grid — Paris,seamless,18.0,33,0.03596022697000364,0.011048803878736154,0.026682107430282577,0.03543354455763213,0.05293491484184907,0.07248175182481749,0.2828467153284671,0.0273722627737226
EU Power Grid — Paris,seamless,18.0,34,0.03451169481591976,0.010629229047898071,0.027919708029197056,0.042153284671532815,0.05411887382690296,0.06700729927007291,0.1970802919708029,0.0127737226277372
EU Power Grid — Paris,seamless,18.0,35,0.030762161010176255,0.01214436038148004,0.022519306040410424,0.02710191943768583,0.045749248604551235,0.06767466110531796,0.2427007299270072,0.0237226277372262
EU Power Grid — Paris,seamless,18.0,36,0.03328959987212948,0.011897943417337041,0.02428542192509714,0.033632790567097094,0.0555474452554744,0.06741998877035366,0.1824817518248175,0.0255474452554744
EU Power Grid — Paris,seamless,18.0,37,0.03203420533859012,0.011571607437796314,0.024412322547272762,0.0347832563682407,0.049470802919708,0.05711678832116785,0.2171532846715328,0.0255474452554744
EU Power Grid — Paris,seamless,18.0,38,0.03223400287708446,0.012304198412275496,0.027264920566766822,0.032194994786235595,0.045749248604551235,0.06788321167883203,0.1970802919708029,0.0072992700729927
EU Power Grid — Paris,seamless,18.0,39,0.031604640630827324,0.011564947519846502,0.025741574778692294,0.03136211802548551,0.046739659367396526,0.06989051094890505,0.2171532846715328,0.0273722627737226
EU Power Grid — Paris,seamless,18.0,40,0.03466154296979051,0.011844664073738551,0.023390842733908363,0.03594890510948904,0.04934306569343062,0.08613138686131383,0.1295620437956204,0.0164233576642335
EU Power Grid — Paris,seamless,18.0,41,0.03194096648729278,0.012533965581543972,0.026010890974394577,0.031204379562043714,0.04569343065693422,0.06700729927007291,0.2171532846715328,0.0273722627737226
EU Power Grid — Paris,seamless,18.0,42,0.03218072353348597,0.013516303479141078,0.022604191193783815,0.03749999999999995,0.048686131386861266,0.06989051094890505,0.1970802919708029,0.0054744525547445
EU Power Grid — Paris,seamless,18.0,43,0.03247042996430274,0.013925888433054442,0.027161706906232423,0.03153284671532839,0.05113544201135441,0.0917680454176804,0.2171532846715328,0.0310218978102189
EU Power Grid — Paris,seamless,18.0,44,0.029406867707389758,0.012507325909744729,0.026220427602629767,0.028699402786994017,0.04106979927007295,0.07314911366006255,0.2171532846715328,0.0273722627737226
EU Power Grid — Paris,seamless,18.0,45,0.029853082210027075,0.012144360381480033,0.020991872443961262,0.030210867802108625,0.04766984839977535,0.06301703163017025,0.2171532846715328,0.0218978102189781
EU Power Grid — Paris,seamless,18.0,46,0.036070115616175506,0.01146837870957424,0.0255474452554744,0.04295339696799549,0.056630170316301666,0.06883211678832109,0.1660583941605839,0.0328467153284671
EU Power Grid — Paris,seamless,18.0,47,0.03209747455911333,0.013060099099579033,0.026155717761557135,0.034101277372262734,0.05374087591240869,0.0672859986728599,0.1970802919708029,0.0054744525547445
EU Power Grid — Paris,seamless,18.0,48,0.034128749533805645,0.010785737119718624,0.025492147754921424,0.03299878345498778,0.04550431320504306,0.06277372262773716,0.1295620437956204,0.0200729927007299
EU Power Grid — Paris,seamless,18.0,49,0.030758831051201356,0.011714795673717237,0.02276492208935131,0.02819343065693429,0.04934306569343062,0.0731295620437956,0.2171532846715328,0.0237226277372262
EU Power Grid — Paris,seamless,18.0,50,0.0325070595130267,0.013043449304704503,0.02608887462902057,0.03141079334689474,0.048783454987834506,0.06920113544201129,0.1970802919708029,0.0091240875912408
EU Power Grid — Paris,seamless,18.0,51,0.030469124620384588,0.013353135489370702,0.022650909512223347,0.028467153284671518,0.046819603753910255,0.06700729927007291,0.2171532846715328,0.0237226277372262
EU Power Grid — Paris,seamless,18.0,52,0.03407880014918207,0.010702488145345988,0.030413625304136195,0.03561001042752866,0.04756050710718396,0.06459854014598537,0.1532846715328467,0.0328467153284671
EU Power Grid — Paris,seamless,18.0,53,0.03261694815919858,0.01274708295593792,0.027651739330571422,0.03312043795620433,0.05405670971364396,0.06697810218978095,0.2007299270072992,0.0291970802919708
EU Power Grid — Paris,seamless,18.0,54,0.03262027811817348,0.01226423890457663,0.02761652968561409,0.031751824817518176,0.054873336195792134,0.07579075425790746,0.2171532846715328,0.0291970802919708
EU Power Grid — Paris,seamless,18.0,55,0.03144147264105696,0.012447386648196435,0.02257011140991161,0.03290038643194498,0.05401459854014592,0.0688236945536215,0.1970802919708029,0.0091240875912408
EU Power Grid — Paris,seamless,18.0,56,0.03035257605626289,0.012537295540518871,0.02392378872348978,0.033115950700011915,0.047664233576642276,0.06870437956204371,0.2226277372262773,0.0255474452554744
EU Power Grid — Paris,seamless,18.0,57,0.03484136075443541,0.011055463796685969,0.02379866180048654,0.04049691184727676,0.048752060277843144,0.08362877997914488,0.2171532846715328,0.0255474452554744
EU Power Grid — Paris,seamless,18.0,58,0.029613325163833883,0.01280702221748622,0.020629497333954527,0.031234793187347856,0.04204379562043792,0.06484184914841845,0.2171532846715328,0.0218978102189781
EU Power Grid — Paris,seamless,18.0,59,0.033669215195268706,0.010159704832436398,0.024740683826354144,0.028866725396425867,0.04480628860190899,0.06231751824817513,0.2043795620437956,0.0291970802919708
EU Power Grid — Paris,seamless,18.0,60,0.03323299056955609,0.013133358197026952,0.026989276381003843,0.03274533657745331,0.0518613138686131,0.07523461939520325,0.1970802919708029,0.0072992700729927
EU Power Grid — Paris,seamless,18.0,61,0.03192431669241825,0.01302346955085507,0.02577916811493449,0.031934306569343,0.050469238790406656,0.06720802919708022,0.2171532846715328,0.0273722627737226
EU Power Grid — Paris,seamless,18.0,62,0.03279343598486857,0.01142841920187537,0.029573629938593422,0.032522303325222976,0.043917274939172725,0.0662906436629064,0.2171532846715328,0.0310218978102189
EU Power Grid — Paris,seamless,18.0,63,0.03414206936970526,0.012294208535350792,0.030428832116788266,0.03457015409570151,0.047518248175182416,0.06806569343065685,0.2171532846715328,0.0346715328467153
EU Power Grid — Paris,seamless,18.0,64,0.0320108956257658,0.01232750812509983,0.027713680244878715,0.03842254663422538,0.051110097323600966,0.06883211678832109,0.2572992700729927,0.0291970802919708
EU Power Grid — Paris,seamless,18.0,65,0.031847727635995415,0.012384117427673228,0.0242894271178942,0.03233348540145979,0.0552121350364963,0.06883211678832109,0.2317518248175182,0.0255474452554744
EU Power Grid — Paris,seamless,18.0,66,0.03335286909265267,0.011718125632692146,0.024678484532499066,0.031341240875912335,0.042062043795620396,0.07102595296025949,0.2171532846715328,0.0255474452554744
EU Power Grid — Paris,seamless,18.0,67,0.034055490436357735,0.01288028131493414,0.02267335766423354,0.0401459854014598,0.05054744525547444,0.07883211678832114,0.2171532846715328,0.0237226277372262
EU Power Grid — Paris,seamless,18.0,68,0.032953274015664016,0.0107091480632958,0.02454145611079911,0.027121141096899455,0.05328467153284664,0.06741180048661792,0.1897810218978102,0.0273722627737226
EU Power Grid — Paris,seamless,18.0,69,0.03101190793329416,0.011241941499280664,0.024593182883546442,0.0270370922091464,0.044595064303093464,0.06883211678832109,0.1897810218978102,0.0255474452554744
EU Power Grid — Paris,seamless,18.0,70,0.03429857744152583,0.011328520432628206,0.027777777777777755,0.03299878345498778,0.05364963503649628,0.07248175182481749,0.2171532846715328,0.0291970802919708
EU Power Grid — Paris,seamless,18.0,71,0.03135822366668433,0.013592892535563905,0.026350364963503608,0.028865295288652944,0.051216545012165424,0.09320255474452552,0.1970802919708029,0.0054744525547445
EU Power Grid — Paris,seamless,18.0,72,0.033745804251691526,0.013010149714955448,0.02490537983238707,0.03540145985401458,0.049026763990267605,0.06259124087591235,0.1970802919708029,0.0072992700729927
EU Power Grid — Paris,seamless,18.0,73,0.03381906334913945,0.011907933294261751,0.020962591240875895,0.02845363611786968,0.06994604887337348,0.07103300539511263,0.1897810218978102,0.0200729927007299
EU Power Grid — Paris,seamless,18.0,74,0.0306689221588789,0.012171000053279285,0.024589416058394094,0.03184600894749228,0.04824035453597492,0.0631386861313868,0.1970802919708029,0.0091240875912408
EU Power Grid — Paris,seamless,18.0,75,0.031834407800095804,0.012497336032820014,0.026099912944485323,0.030313439244310812,0.049310624493106206,0.07027575020275746,0.1970802919708029,0.0091240875912408
EU Power Grid — Paris,seamless,18.0,76,0.03426860781075168,0.010259603601683558,0.0265901981230448,0.036423357664233574,0.053019243530192356,0.06806569343065685,0.1970802919708029,0.0091240875912408
EU Power Grid — Paris,seamless,18.0,77,0.03124833502051245,0.012464036443070961,0.021368024487873782,0.030078733699663702,0.04536281665951045,0.07031630170316296,0.2171532846715328,0.0218978102189781
EU Power Grid — Paris,seamless,18.0,78,0.03133158399488508,0.01340308487399429,0.02447572703047149,0.03274533657745331,0.04489051094890505,0.07616507580011224,0.2171532846715328,0.0255474452554744
EU Power Grid — Paris,seamless,18.0,79,0.03126498481538698,0.012394107304597942,0.02208029197080291,0.03411005053340816,0.06023818670764494,0.07273722627737225,0.1970802919708029,0.0072992700729927
EU Power Grid — Paris,seamless,18.0,80,0.03210746443603804,0.011941232884010817,0.023353977733539713,0.034797382330732415,0.04598540145985389,0.06627737226277368,0.1970802919708029,0.010948905109489
EU Power Grid — Paris,seamless,18.0,81,0.03227729234375822,0.010769087324844096,0.02179046801202232,0.03244383353872399,0.04815646640464154,0.0560583941605839,0.1295620437956204,0.0164233576642335
EU Power Grid — Paris,seamless,18.0,82,0.03316972134903288,0.011967872555810055,0.024949144429819253,0.030552659019812245,0.05606534584636771,0.06186131386861308,0.1295620437956204,0.010948905109489
EU Power Grid — Paris,seamless,18.0,83,0.035553971975065164,0.012783712504661886,0.029853194455835282,0.039648307896483014,0.06209593326381641,0.0709713644020213,0.1970802919708029,0.0091240875912408
EU Power Grid — Paris,seamless,18.0,84,0.033116442005434385,0.012197639725078526,0.02440331363689021,0.030406021897810165,0.053048518677543934,0.06596715328467151,0.2171532846715328,0.0255474452554744
EU Power Grid — Paris,seamless,18.0,85,0.030092839256220267,0.013602882412488615,0.017788488326739786,0.02864963503649634,0.04750608272506076,0.08167072181670715,0.2372262773722627,0.0182481751824817
EU Power Grid — Paris,seamless,18.0,86,0.031281634610261504,0.013326495817571473,0.022883800329644412,0.02527566392296935,0.05218978102189776,0.06961678832116783,0.2244525547445255,0.0237226277372262
EU Power Grid — Paris,seamless,18.0,87,0.03076882092812606,0.013319835899621652,0.024118004866179977,0.026833792030632967,0.05525326255253258,0.08459854014598535,0.2171532846715328,0.0255474452554744
EU Power Grid — Paris,seamless,18.0,88,0.030182748148542722,0.012820342053385836,0.021240027160074677,0.033049472830494676,0.046642335766423286,0.06883211678832109,0.1970802919708029,0.0072992700729927
EU Power Grid — Paris,seamless,18.0,89,0.034375166497948646,0.01267715381746491,0.027220194647201917,0.0338047445255474,0.0611541970802919,0.0691465468837731,0.1970802919708029,0.0091240875912408
EU Power Grid — Paris,seamless,18.0,90,0.030525733922957973,0.011365149981352173,0.024330900243308935,0.02825860271115744,0.04020681265206806,0.07028154327424396,0.2171532846715328,0.0255474452554744
EU Power Grid — Paris,seamless,18.0,91,0.032810085779743106,0.011897943417337036,0.02609489051094886,0.030751554474182142,0.05496350364963498,0.06518248175182478,0.2354014598540146,0.0273722627737226
EU Power Grid — Paris,seamless,18.0,92,0.03313309180030893,0.012407427140497562,0.02754605491831767,0.03583738848337387,0.05115571776155716,0.07860401459854012,0.2171532846715328,0.0291970802919708
EU Power Grid — Paris,seamless,18.0,93,0.03232058181043201,0.012683813735414716,0.028034494937602995,0.033809813463098096,0.047810218978102136,0.06947992700729921,0.1970802919708029,0.0091240875912408
EU Power Grid — Paris,seamless,18.0,94,0.03067558207682872,0.013159997868826196,0.01954320696962558,0.03218775344687747,0.049635036496350336,0.08015004055150039,0.2171532846715328,0.0200729927007299
EU Power Grid — Paris,seamless,18.0,95,0.03448838510309543,0.01147503862752405,0.025906170066753963,0.029835766423357633,0.052980535279805265,0.06441605839416054,0.2007299270072992,0.0273722627737226
EU Power Grid — Paris,seamless,18.0,96,0.03194762640524259,0.01180137460706478,0.025404322312866698,0.028010948905109467,0.05113544201135441,0.06231751824817513,0.2171532846715328,0.0273722627737226
EU Power Grid — Paris,seamless,18.0,97,0.02936690819969087,0.013949198145878786,0.024118004866179977,0.031282586027111495,0.044366867661059954,0.06883211678832109,0.2171532846715328,0.0255474452554744
EU Power Grid — Paris,seamless,18.0,98,0.032410490702754445,0.011368479940327072,0.025369414278084333,0.03480925492356422,0.05166613773405265,0.07043795620437951,0.2171532846715328,0.0273722627737226
EU Power Grid — Paris,seamless,18.0,99,0.03027598699984006,0.01115203260695822,0.023461939520333614,0.02856979927007298,0.051108927568781576,0.06119221411192205,0.1660583941605839,0.0291970802919708
EU Power Grid — Paris,seamless,18.0,100,0.032996563482337794,0.011481698545473859,0.025404322312866698,0.027883211678832096,0.04709245742092451,0.0761313868613138,0.2171532846715328,0.0273722627737226
EU Power Grid — Paris,seamless,19.0,1,0.03353934679524738,0.011638206617294415,0.02575451674690682,0.031295620437956126,0.045681265206812566,0.06824817518248168,0.2171532846715328,0.0273722627737226
EU Power Grid — Paris,seamless,19.0,2,0.03573045980073515,0.011135382812083693,0.026590198123044795,0.03796413836877175,0.05171836982968366,0.06835766423357657,0.1587591240875912,0.0164233576642335
EU Power Grid — Paris,seamless,19.0,3,0.03154470136927903,0.012660504022590377,0.02792984590429844,0.03190284419833872,0.043369829683698284,0.05894160583941602,0.1970802919708029,0.0054744525547445
EU Power Grid — Paris,seamless,19.0,4,0.033069822579785725,0.011261921253130101,0.024507299270072926,0.030508667883211618,0.05293491484184907,0.07906436629064365,0.1295620437956204,0.0164233576642335
EU Power Grid — Paris,seamless,19.0,5,0.03262693803612329,0.0107091480632958,0.024382015579954543,0.030332936094145637,0.052965328467153204,0.06414233576642332,0.1660583941605839,0.0310218978102189
EU Power Grid — Paris,seamless,19.0,6,0.03242048057967917,0.01297352016623149,0.02621654501216541,0.028861909727394598,0.043917274939172725,0.06806569343065685,0.1970802919708029,0.0091240875912408
EU Power Grid — Paris,seamless,19.0,7,0.03225398263093388,0.013003489797005646,0.019555721593194974,0.0347832563682407,0.052980535279805265,0.06897810218978095,0.2171532846715328,0.0200729927007299
EU Power Grid — Paris,seamless,19.0,8,0.03163128030262657,0.01165818637114385,0.021211410968994832,0.027828467153284648,0.057142857142857106,0.06231751824817513,0.1897810218978102,0.0218978102189781
EU Power Grid — Paris,seamless,19.0,9,0.033209680856731746,0.011358490063402359,0.02312779771746577,0.031282586027111495,0.05475973236009727,0.06428571428571424,0.3284671532846715,0.0237226277372262
EU Power Grid — Paris,seamless,19.0,10,0.03218738345143578,0.013346475571420905,0.025959500824111092,0.03657569025706124,0.04756690997566903,0.077956204379562,0.1970802919708029,0.0036496350364963
EU Power Grid — Paris,seamless,19.0,11,0.03356598646704662,0.01176141509936592,0.027727088402270863,0.032586027111574496,0.05115571776155716,0.07682481751824813,0.1897810218978102,0.0328467153284671
EU Power Grid — Paris,seamless,19.0,12,0.034794741328786745,0.012653844104640571,0.0291970802919708,0.03779138215210731,0.057080291970802895,0.0804744525547445,0.1970802919708029,0.0054744525547445
EU Power Grid — Paris,seamless,19.0,13,0.03302986307208684,0.01131187063775369,0.023922607739226002,0.03548256285482561,0.047354014598540085,0.06883211678832109,0.2572992700729927,0.0255474452554744
EU Power Grid — Paris,seamless,19.0,14,0.033209680856731746,0.01227755874047625,0.02447572703047149,0.03204557593021179,0.04949310624493103,0.06992700729927001,0.2171532846715328,0.0255474452554744
EU Power Grid — Paris,seamless,19.0,15,0.03130494432308584,0.01246070648409605,0.02457761216885298,0.0321577536123938,0.04569343065693422,0.06298227320125126,0.2518248175182481,0.0255474452554744
EU Power Grid — Paris,seamless,19.0,16,0.03179444829239694,0.012520645745644347,0.027157578359811047,0.02984880083420226,0.05113544201135441,0.06374087591240872,0.2153284671532846,0.0291970802919708
EU Power Grid — Paris,seamless,19.0,17,0.02869425648675999,0.013383105120144857,0.020464899818742936,0.027691605839416034,0.045672575599582814,0.07007299270072988,0.2627737226277372,0.0218978102189781
EU Power Grid — Paris,seamless,19.0,18,0.03357597634397133,0.012580585007192653,0.026399026763990224,0.035920092201306174,0.0592889098186955,0.06624087591240871,0.1970802919708029,0.0036496350364963
EU Power Grid — Paris,seamless,19.0,19,0.031324924076935275,0.015580878043582437,0.019334376086200866,0.03408498435870695,0.06195255474452549,0.07495437956204372,0.2171532846715328,0.0200729927007299
EU Power Grid — Paris,seamless,19.0,20,0.031534711492354296,0.012017821940433639,0.024473261893668722,0.03117396593673958,0.04932221063607921,0.05754257907542575,0.2171532846715328,0.0255474452554744
EU Power Grid — Paris,seamless,19.0,21,0.032640257872022904,0.013046779263679415,0.024345382922025188,0.03223844282238437,0.05201490267639898,0.06700729927007291,0.2171532846715328,0.0255474452554744
EU Power Grid — Paris,seamless,19.0,22,0.031451462517981685,0.01268714369438962,0.0237226277372262,0.03117396593673958,0.058409367396593664,0.08343065693430649,0.2171532846715328,0.0291970802919708
EU Power Grid — Paris,seamless,19.0,23,0.03266689754382216,0.011911263253236663,0.025800892133008874,0.032316929597362785,0.05660989456609891,0.0636720943290286,0.1970802919708029,0.0127737226277372
EU Power Grid — Paris,seamless,19.0,24,0.032380521071980306,0.01213104054558041,0.021289537712895365,0.030755778588807715,0.051120959332638154,0.07065693430656929,0.2171532846715328,0.0218978102189781
EU Power Grid — Paris,seamless,19.0,25,0.03055570355373211,0.012001172145559114,0.024482023847304645,0.028056569343065673,0.04385644768856446,0.06806569343065685,0.2226277372262773,0.0255474452554744
EU Power Grid — Paris,seamless,19.0,26,0.032899994672065544,0.012893601150833751,0.02125912408759123,0.033783783783783744,0.04735938170888787,0.06700729927007291,0.3631386861313868,0.0218978102189781
EU Power Grid — Paris,seamless,19.0,27,0.0315879908359528,0.010712478022270705,0.024620553817634044,0.033166058394160536,0.04563564476885637,0.05970802919708022,0.1295620437956204,0.0145985401459854
EU Power Grid — Paris,seamless,19.0,28,0.031025227769193774,0.011758085140391013,0.02439895870552798,0.02859749739311782,0.04989186266558527,0.06119221411192205,0.2518248175182481,0.0255474452554744
EU Power Grid — Paris,seamless,19.0,29,0.03321301081570664,0.011048803878736154,0.024196792919133212,0.029457768508863384,0.04984132021580448,0.07749391727493912,0.2171532846715328,0.0255474452554744
EU Power Grid — Paris,seamless,19.0,30,0.0307288614204272,0.012743752996963021,0.026050439827812046,0.028367617783676163,0.052952886529528786,0.06920113544201129,0.2135036496350364,0.0273722627737226
EU Power Grid — Paris,seamless,19.0,31,0.03358263626192116,0.010752437529969579,0.027105216307637497,0.03509467893790329,0.05079249217935348,0.08437956204379557,0.1970802919708029,0.010948905109489
EU Power Grid — Paris,seamless,19.0,32,0.032180723533485965,0.013296526186797313,0.026203559419338922,0.030686727245642715,0.0565921532846715,0.0654969118472768,0.1970802919708029,0.0054744525547445
EU Power Grid — Paris,seamless,19.0,33,0.03362259576962002,0.01308007885342846,0.029965424510180524,0.03697238971754996,0.05586548488008338,0.07541473125414724,0.1970802919708029,0.0072992700729927
EU Power Grid — Paris,seamless,19.0,34,0.030862059779423412,0.012114390750705889,0.02279159839118125,0.02523461939520328,0.04569343065693422,0.0731295620437956,0.1897810218978102,0.0255474452554744
EU Power Grid — Paris,seamless,19.0,35,0.03233390164633162,0.012537295540518877,0.024096658657115584,0.026231751824817476,0.06027111574556821,0.0810827250608272,0.2226277372262773,0.0255474452554744
EU Power Grid — Paris,seamless,19.0,36,0.032860035164366676,0.012327508125099846,0.026218104685257926,0.02864963503649634,0.045742092457420835,0.08824817518248171,0.2007299270072992,0.0273722627737226
EU Power Grid — Paris,seamless,19.0,37,0.034032180723533374,0.011554957642921781,0.024422141119221343,0.032132656299587364,0.05536800486618,0.0666666666666666,0.2171532846715328,0.0255474452554744
EU Power Grid — Paris,seamless,19.0,38,0.029619985081783685,0.012673823858490007,0.024765380604796598,0.030109489051094847,0.047468065693430594,0.0666319082377476,0.1970802919708029,0.0036496350364963
EU Power Grid — Paris,seamless,19.0,39,0.030622302733230224,0.01284032180723527,0.023461939520333614,0.027929845904298436,0.058434712084347105,0.08506256517205417,0.1970802919708029,0.0072992700729927
EU Power Grid — Paris,seamless,19.0,40,0.031081837071767173,0.01122862166338105,0.02391090256053752,0.028140606991932368,0.06570559610705595,0.06737226277372255,0.2043795620437956,0.0255474452554744
EU Power Grid — Paris,seamless,19.0,41,0.03500452874420577,0.011891283499387225,0.03138686131386854,0.044571167883211645,0.05475973236009727,0.06678832116788315,0.1970802919708029,0.0091240875912408
EU Power Grid — Paris,seamless,19.0,42,0.03125166497948735,0.01229087857637588,0.024522986297861375,0.03368398454272215,0.045742092457420835,0.06806569343065685,0.1970802919708029,0.0091240875912408
EU Power Grid — Paris,seamless,19.0,43,0.0328766849592412,0.011531647930097443,0.028832116788321156,0.036815693430656916,0.05120437956204378,0.06989051094890505,0.1970802919708029,0.0054744525547445
EU Power Grid — Paris,seamless,19.0,44,0.032653577707922536,0.011385129735201598,0.024194038929440317,0.04021039072563326,0.043917274939172725,0.061157455683003056,0.2171532846715328,0.0255474452554744
EU Power Grid — Paris,seamless,19.0,45,0.03067891203580363,0.013196627417550153,0.020455615728749682,0.02926225234619394,0.05761861313868611,0.0655431515671962,0.2171532846715328,0.0218978102189781
EU Power Grid — Paris,seamless,19.0,46,0.032693537215621404,0.011921253130161371,0.024259338772005083,0.030712023137308843,0.045672575599582814,0.081265206812652,0.1532846715328467,0.0310218978102189
EU Power Grid — Paris,seamless,19.0,47,0.031531381533379414,0.01153164793009744,0.021304744525547432,0.03245133819951332,0.047485806974858005,0.06883211678832109,0.1970802919708029,0.0127737226277372
EU Power Grid — Paris,seamless,19.0,48,0.03437183653897374,0.011957882678885331,0.02682192098250489,0.04252305032654627,0.05115571776155716,0.06441605839416054,0.1295620437956204,0.0091240875912408
EU Power Grid — Paris,seamless,19.0,49,0.03284338536949215,0.011395119612126319,0.02618951067856173,0.031456378171706566,0.05114702815432741,0.0666319082377476,0.1660583941605839,0.0273722627737226
EU Power Grid — Paris,seamless,19.0,50,0.03353934679524738,0.012683813735414724,0.025930068283494184,0.03253684065555703,0.048766075773375,0.0633576642335766,0.1970802919708029,0.010948905109489
EU Power Grid — Paris,seamless,19.0,51,0.03196760615909201,0.012653844104640568,0.02290526155717757,0.032460283383426304,0.05363091895938604,0.07354014598540141,0.1660583941605839,0.0237226277372262
EU Power Grid — Paris,seamless,19.0,52,0.03182108796419618,0.011385129735201603,0.02505213764337846,0.028367617783676163,0.04762773722627731,0.06961678832116783,0.1295620437956204,0.0164233576642335
EU Power Grid — Paris,seamless,19.0,53,0.03377910384144057,0.012803692258511318,0.024330900243308935,0.03367222801529367,0.04854014598540141,0.07437145174371446,0.2171532846715328,0.0255474452554744
EU Power Grid — Paris,seamless,19.0,54,0.032507059513026695,0.013686131386861256,0.024123828751876512,0.03029197080291966,0.054501216545012096,0.07462099943851762,0.2171532846715328,0.0255474452554744
EU Power Grid — Paris,seamless,19.0,55,0.031155096169215094,0.011857983909638176,0.02395435059668629,0.02664233576642332,0.04566098945660981,0.06009124087591233,0.2171532846715328,0.0255474452554744
EU Power Grid — Paris,seamless,19.0,56,0.03333621929777815,0.011421759283925558,0.025600724599072887,0.03548256285482561,0.049285279805352765,0.061313868613138596,0.2481751824817518,0.0273722627737226
EU Power Grid — Paris,seamless,19.0,57,0.03323965048750589,0.012171000053279288,0.023279457768508805,0.035523114355231124,0.06767265581134185,0.07248175182481749,0.1970802919708029,0.010948905109489
EU Power Grid — Paris,seamless,19.0,58,0.03393228195428623,0.010539320155575627,0.02513538968683771,0.03539185555128696,0.04757406612279943,0.06222627737226272,0.2208029197080291,0.0200729927007299
EU Power Grid — Paris,seamless,19.0,59,0.03126831477436187,0.012553945335393408,0.024391727493917208,0.03211678832116782,0.047810218978102136,0.07153284671532843,0.2171532846715328,0.0255474452554744
EU Power Grid — Paris,seamless,19.0,60,0.029273669348393528,0.013676141509936535,0.017842660178426544,0.02491577765300387,0.04939888364104763,0.0709713644020213,0.2171532846715328,0.0182481751824817
EU Power Grid — Paris,seamless,19.0,61,0.031488092066705636,0.012344157919974365,0.02709152161706903,0.03185735643303133,0.05134580291970801,0.06642335766423353,0.1970802919708029,0.0054744525547445
EU Power Grid — Paris,seamless,19.0,62,0.033103122169534774,0.010875646012041069,0.019880906646177456,0.042129482703903494,0.05074452554744524,0.06624087591240871,0.1295620437956204,0.0145985401459854
EU Power Grid — Paris,seamless,19.0,63,0.030812110394799842,0.013859289253556326,0.021170435404012033,0.02941176470588234,0.05282846715328459,0.06952554744525542,0.2518248175182481,0.0218978102189781
EU Power Grid — Paris,seamless,19.0,64,0.03038587564601194,0.012420746976397189,0.022636693385876105,0.029329794293297934,0.047518248175182416,0.06923661800486612,0.2883211678832116,0.0237226277372262
EU Power Grid — Paris,seamless,19.0,65,0.03086871969737324,0.01250732590974473,0.021437342247083692,0.023516599952907866,0.047201946472019404,0.06989051094890505,0.2171532846715328,0.0237226277372262
EU Power Grid — Paris,seamless,19.0,66,0.03227396238478332,0.012147690340454948,0.02585478294275831,0.028535333279858813,0.05660989456609891,0.08175182481751816,0.1587591240875912,0.010948905109489
EU Power Grid — Paris,seamless,19.0,67,0.03284005541051724,0.012017821940433642,0.02366376265599239,0.03412119105549759,0.0529425182481751,0.07171532846715326,0.1970802919708029,0.010948905109489
EU Power Grid — Paris,seamless,19.0,68,0.03206084501038937,0.011155362565933125,0.022185939300806746,0.032590600589063844,0.04347627737226276,0.06788321167883203,0.1970802919708029,0.0145985401459854
EU Power Grid — Paris,seamless,19.0,69,0.030815440353774738,0.012250919068677014,0.022774297373412227,0.03305961070559606,0.047518248175182416,0.06624087591240871,0.2171532846715328,0.0237226277372262
EU Power Grid — Paris,seamless,19.0,70,0.031441472641056956,0.011591587191645745,0.025996408295678324,0.031892833443928265,0.05660989456609891,0.06009124087591233,0.2171532846715328,0.0273722627737226
EU Power Grid — Paris,seamless,19.0,71,0.0348380307954605,0.011398449571101227,0.02786648418491482,0.030635465865178124,0.05282846715328459,0.0674160583941605,0.1660583941605839,0.0291970802919708
EU Power Grid — Paris,seamless,19.0,72,0.031078507112792274,0.012247589109702108,0.027391471379177846,0.03005935670169243,0.046819603753910255,0.06485922836287797,0.1970802919708029,0.0091240875912408
EU Power Grid — Paris,seamless,19.0,73,0.03482138100058597,0.010575949704299585,0.02440331363689021,0.03426601784266014,0.052793374508702896,0.061313868613138596,0.2171532846715328,0.0255474452554744
EU Power Grid — Paris,seamless,19.0,74,0.03419867867227866,0.012484016196920387,0.0291970802919708,0.03458463677441777,0.04909489051094887,0.07691605839416053,0.2171532846715328,0.0346715328467153
EU Power Grid — Paris,seamless,19.0,75,0.03283339549256743,0.012530635622569064,0.025989825259898205,0.031984995944849895,0.05465328467153279,0.06883211678832109,0.2171532846715328,0.0273722627737226
EU Power Grid — Paris,seamless,19.0,76,0.031211705471788483,0.012220949437902865,0.021376433785192897,0.025669099756690943,0.051110097323600966,0.0593673965936739,0.2171532846715328,0.0218978102189781
EU Power Grid — Paris,seamless,19.0,77,0.030858729820448516,0.012777052586712072,0.024597019464720128,0.02705943691345148,0.05115571776155716,0.0731295620437956,0.1970802919708029,0.0091240875912408
EU Power Grid — Paris,seamless,19.0,78,0.032823405615642724,0.011937902925035906,0.025583225991126324,0.034092504211117314,0.05116788321167881,0.07860401459854012,0.187956204379562,0.0346715328467153
EU Power Grid — Paris,seamless,19.0,79,0.03088869945122266,0.012067771325057212,0.022886253041362485,0.030307838781339205,0.046843741551770686,0.061532846715328396,0.2171532846715328,0.0237226277372262
EU Power Grid — Paris,seamless,19.0,80,0.03284671532846705,0.011904603335286852,0.026312691311513967,0.0323253388946819,0.047485806974858005,0.07700729927007294,0.1970802919708029,0.0127737226277372
EU Power Grid — Paris,seamless,19.0,81,0.03295660397463894,0.012087751078906646,0.026018856447688518,0.03218775344687747,0.056698153714040335,0.059906152241918594,0.2171532846715328,0.0273722627737226
EU Power Grid — Paris,seamless,19.0,82,0.030312616548564014,0.011588257232670832,0.024371949308136603,0.02671532846715325,0.04569343065693422,0.056934306569343035,0.1970802919708029,0.0091240875912408
EU Power Grid — Paris,seamless,19.0,83,0.03462158346209165,0.010436091427353553,0.02899432278994322,0.03363746958637465,0.04749739311783101,0.0691465468837731,0.1295620437956204,0.0200729927007299
EU Power Grid — Paris,seamless,19.0,84,0.03221402312323502,0.012021151899408538,0.02316340946550501,0.03903806047966625,0.04182052382996991,0.06376216545012162,0.2171532846715328,0.0237226277372262
EU Power Grid — Paris,seamless,19.0,85,0.03049576429218383,0.014132345889498573,0.02130915940663997,0.03482360097323598,0.043146796431467946,0.06770072992700722,0.2171532846715328,0.0218978102189781
EU Power Grid — Paris,seamless,19.0,86,0.03178445841547222,0.01303345942777979,0.026083304367975856,0.030483427067129296,0.0547673357664233,0.06076642335766415,0.2171532846715328,0.0273722627737226
EU Power Grid — Paris,seamless,19.0,87,0.03178112845649731,0.01295021045340715,0.02425486618004859,0.0368149692967211,0.048686131386861266,0.07784671532846711,0.2171532846715328,0.0255474452554744
EU Power Grid — Paris,seamless,19.0,88,0.03255034897970047,0.01367947146891144,0.026010890974394577,0.03360534733043545,0.04939172749391723,0.07643378519290922,0.2171532846715328,0.0273722627737226
EU Power Grid — Paris,seamless,19.0,89,0.03629655282646908,0.0105226703607011,0.029726012905955754,0.0343363622821391,0.04569343065693422,0.07171532846715326,0.1660583941605839,0.0346715328467153
EU Power Grid — Paris,seamless,19.0,90,0.030116148969044597,0.012220949437902865,0.024216849148418422,0.03476929092805003,0.04162408759124084,0.06824817518248168,0.1970802919708029,0.0054744525547445
EU Power Grid — Paris,seamless,19.0,91,0.032247322712984076,0.011834674196813838,0.025771243630353897,0.02866729456086648,0.047518248175182416,0.06779197080291963,0.1532846715328467,0.0273722627737226
EU Power Grid — Paris,seamless,19.0,92,0.03236054131813087,0.013063429058553944,0.025747425257474203,0.03730738037307377,0.05478507704785071,0.07149229521492292,0.2572992700729927,0.0273722627737226
EU Power Grid — Paris,seamless,19.0,93,0.0326902072566465,0.01341640470989391,0.01954320696962558,0.031204379562043714,0.04934306569343062,0.08968978102189773,0.2171532846715328,0.0200729927007299
EU Power Grid — Paris,seamless,19.0,94,0.032094144600138416,0.013226597048324304,0.026018856447688518,0.03377853703991299,0.05840767775074343,0.06240875912408753,0.2171532846715328,0.0273722627737226
EU Power Grid — Paris,seamless,19.0,95,0.032037535297565034,0.010915605519739937,0.027890895121014194,0.03367222801529367,0.04219383617193833,0.07065693430656929,0.1295620437956204,0.0127737226277372
EU Power Grid — Paris,seamless,19.0,96,0.03144813255900676,0.011505008258298196,0.025261199370258995,0.03061851709565879,0.050847236704900926,0.052817518248175106,0.1295620437956204,0.010948905109489
EU Power Grid — Paris,seamless,19.0,97,0.03252037934892633,0.01099885449411257,0.026265724491380607,0.030686727245642715,0.04204379562043792,0.06883211678832109,0.1660583941605839,0.0310218978102189
EU Power Grid — Paris,seamless,19.0,98,0.033692524908093026,0.012360807714848897,0.02899432278994322,0.035310218978102166,0.056801592568015896,0.05831674408316743,0.2171532846715328,0.0328467153284671
EU Power Grid — Paris,seamless,19.0,99,0.030166098353668187,0.01337977516116996,0.025566653860929645,0.03488442822384426,0.04416058394160582,0.06883211678832109,0.1970802919708029,0.0036496350364963
EU Power Grid — Paris,seamless,19.0,100,0.02973320368693048,0.01222427939687777,0.024266672711610756,0.026670409882088675,0.04525547445255467,0.07065693430656929,0.2226277372262773,0.0255474452554744
EU Power Grid — Paris,seamless,20.0,1,0.030549043635782314,0.012154350258404755,0.021599880828243698,0.02523461939520328,0.052965328467153204,0.0654969118472768,0.1897810218978102,0.0255474452554744
EU Power Grid — Paris,seamless,20.0,2,0.031284964569236406,0.01352962331504069,0.024721932568647832,0.028908951210142135,0.05113544201135441,0.07700729927007294,0.1970802919708029,0.0072992700729927
EU Power Grid — Paris,seamless,20.0,3,0.03327295007725494,0.012923570781607914,0.02874087591240875,0.033759124087591186,0.058987226277372226,0.06363810987322316,0.2171532846715328,0.0328467153284671
EU Power Grid — Paris,seamless,20.0,4,0.029286989184293157,0.01342639458681862,0.02082609199397519,0.029708029197080266,0.0438184306569343,0.07523461939520325,0.2171532846715328,0.0218978102189781
EU Power Grid — Paris,seamless,20.0,5,0.03343944802600022,0.012071101284032123,0.02452502976652683,0.033107403545359695,0.053041362530413534,0.07940563086548486,0.2171532846715328,0.0255474452554744
EU Power Grid — Paris,seamless,20.0,6,0.03246044008737803,0.011428419201875373,0.02591240875912404,0.03680695760211211,0.046383543463835365,0.056934306569343035,0.1970802919708029,0.0127737226277372
EU Power Grid — Paris,seamless,20.0,7,0.02977316319462934,0.013013479673930364,0.022848555480586355,0.030080676142911985,0.043832116788321156,0.06700729927007291,0.2153284671532846,0.0237226277372262
EU Power Grid — Paris,seamless,20.0,8,0.031574671000053185,0.012354147796899076,0.02899432278994322,0.03362585089805622,0.052980535279805265,0.06001042752867563,0.1970802919708029,0.0072992700729927
EU Power Grid — Paris,seamless,20.0,9,0.034561644200543355,0.011971202514784953,0.026391423357664194,0.03312043795620433,0.047518248175182416,0.0739659367396593,0.1970802919708029,0.0145985401459854
EU Power Grid — Paris,seamless,20.0,10,0.03378576375939039,0.011145372689008412,0.029562043795620413,0.03656270736562707,0.047485806974858005,0.06700729927007291,0.1295620437956204,0.0127737226277372
EU Power Grid — Paris,seamless,20.0,11,0.031185065799989246,0.011741435345516485,0.02460357412534602,0.029045012165450114,0.04750608272506076,0.06624087591240871,0.1970802919708029,0.0091240875912408
EU Power Grid — Paris,seamless,20.0,12,0.032633597954073106,0.013869279130481053,0.021376433785192897,0.030483427067129296,0.06570746771476697,0.07189781021897806,0.2171532846715328,0.0218978102189781
EU Power Grid — Paris,seamless,20.0,13,0.033046512866961364,0.012300868453300591,0.026025373653110834,0.029457768508863384,0.04489051094890505,0.09510948905109487,0.2171532846715328,0.0273722627737226
EU Power Grid — Paris,seamless,20.0,14,0.03243380041557879,0.011818024401939301,0.02152372262773722,0.028450564034505625,0.04358809217117503,0.06518248175182478,0.3631386861313868,0.0218978102189781
EU Power Grid — Paris,seamless,20.0,15,0.031954286323192395,0.011325190473653306,0.025215660252156546,0.033906286790675734,0.04416058394160582,0.06806569343065685,0.1970802919708029,0.010948905109489
EU Power Grid — Paris,seamless,20.0,16,0.0308487399435238,0.013339815653471086,0.021380324654101744,0.03608161911081618,0.047468065693430594,0.0733576642335766,0.2317518248175182,0.0218978102189781
EU Power Grid — Paris,seamless,20.0,17,0.03148143214875583,0.012227609355852678,0.025624279677295376,0.03488442822384426,0.047468065693430594,0.06989051094890505,0.1970802919708029,0.0091240875912408
EU Power Grid — Paris,seamless,20.0,18,0.03547405295966742,0.013459694176567687,0.029370872436565856,0.03902003416679602,0.060239253852392455,0.0672859986728599,0.1970802919708029,0.010948905109489
EU Power Grid — Paris,seamless,20.0,19,0.03102189781021888,0.01283699184826037,0.02781406069919322,0.03272898516599947,0.047869084059335945,0.06806569343065685,0.1970802919708029,0.0036496350364963
EU Power Grid — Paris,seamless,20.0,20,0.03290332463104044,0.01176474505834082,0.023331595411887323,0.04041522077300461,0.052105558674901686,0.061932719771501055,0.1970802919708029,0.0091240875912408
EU Power Grid — Paris,seamless,20.0,21,0.031601310671852414,0.014112366135649155,0.024954769480316864,0.03448905109489048,0.0505839416058394,0.06076642335766415,0.2007299270072992,0.0255474452554744
EU Power Grid — Paris,seamless,20.0,22,0.03297991368746327,0.012067771325057213,0.028209883929639808,0.031139627972686525,0.053690186536901795,0.08225364963503641,0.1970802919708029,0.0072992700729927
EU Power Grid — Paris,seamless,20.0,23,0.034221988385103,0.011172012360807655,0.026489286555215406,0.03372836873616005,0.047518248175182416,0.07758081334723667,0.2171532846715328,0.0273722627737226
EU Power Grid — Paris,seamless,20.0,24,0.03041917523576099,0.011674836166018372,0.024616027980535214,0.027062388100812528,0.054859777180176664,0.06700729927007291,0.1970802919708029,0.0091240875912408
EU Power Grid — Paris,seamless,20.0,25,0.0313482337897596,0.012650514145665663,0.02317518248175177,0.027064709259411106,0.04801876955161621,0.08824817518248171,0.1970802919708029,0.0091240875912408
EU Power Grid — Paris,seamless,20.0,26,0.03199091587191636,0.012240929191752297,0.026060675182481705,0.03265462927391466,0.04932221063607921,0.06894492368944917,0.1970802919708029,0.0091240875912408
EU Power Grid — Paris,seamless,20.0,27,0.030702221748627957,0.013073418935478654,0.022400712684637024,0.033431592738162035,0.05116788321167881,0.07682481751824813,0.2226277372262773,0.0237226277372262
EU Power Grid — Paris,seamless,20.0,28,0.032283952261708035,0.011907933294261751,0.02436131386861307,0.029698905109489027,0.06025952960259521,0.07686131386861308,0.1970802919708029,0.0127737226277372
EU Power Grid — Paris,seamless,20.0,29,0.03039919548191157,0.013709441099685585,0.022561380225613773,0.028683850364963494,0.049288321167883176,0.07495437956204372,0.2518248175182481,0.0237226277372262
EU Power Grid — Paris,seamless,20.0,30,0.029646624753582942,0.012457376525121149,0.024118004866179977,0.029409975669099742,0.05481751824817512,0.06661987647389102,0.2171532846715328,0.0255474452554744
EU Power Grid — Paris,seamless,20.0,31,0.03318637114390741,0.011834674196813832,0.02848742903487428,0.0329584388499925,0.05116788321167881,0.06518248175182478,0.2171532846715328,0.0310218978102189
EU Power Grid — Paris,seamless,20.0,32,0.030778810805050773,0.012144360381480044,0.024422141119221343,0.026966747769667444,0.04854927007299266,0.0560583941605839,0.2171532846715328,0.0255474452554744
EU Power Grid — Paris,seamless,20.0,33,0.031228355266663024,0.011574937396771212,0.02279159839118125,0.028884254431699678,0.04837793998377935,0.059332638164754904,0.1970802919708029,0.0127737226277372
EU Power Grid — Paris,seamless,20.0,34,0.03282007565666781,0.01198785230965949,0.024602681575813985,0.028706830809456355,0.05527007299270068,0.0812165450121654,0.2171532846715328,0.0255474452554744
EU Power Grid — Paris,seamless,20.0,35,0.031015237892269062,0.012990169961106024,0.023190389294403837,0.0353232533889468,0.0584115397984011,0.0804744525547445,0.1970802919708029,0.0036496350364963
EU Power Grid — Paris,seamless,20.0,36,0.03104520752304322,0.013679471468911433,0.019551616266944696,0.0330789648307896,0.0487591240875912,0.06002245929253221,0.2171532846715328,0.0200729927007299
EU Power Grid — Paris,seamless,20.0,37,0.03281008577974309,0.013612872289413335,0.024750897926080345,0.0341443633414436,0.04934306569343062,0.07456204379562037,0.2171532846715328,0.0255474452554744
EU Power Grid — Paris,seamless,20.0,38,0.03136821354360904,0.01238078746869833,0.020717045942464554,0.036709245742092445,0.05194647201946467,0.06920860545524389,0.1970802919708029,0.0036496350364963
EU Power Grid — Paris,seamless,20.0,39,0.03009949917417008,0.013269886514998077,0.022785106810419835,0.02884764715017859,0.04934306569343062,0.08448905109489045,0.1970802919708029,0.0054744525547445
EU Power Grid — Paris,seamless,20.0,40,0.031141776333315475,0.012277558740476261,0.025933179039819548,0.02860942719287392,0.043378519290928036,0.06518248175182478,0.2153284671532846,0.0273722627737226
EU Power Grid — Paris,seamless,20.0,41,0.03260029836432406,0.011841334114763643,0.02933944194233058,0.03153284671532839,0.04934306569343062,0.0545480067377877,0.2171532846715328,0.0310218978102189
EU Power Grid — Paris,seamless,20.0,42,0.03241382066172936,0.01226756886355154,0.02714053991426251,0.030187140860382003,0.05296025952960251,0.061811546118115394,0.1970802919708029,0.0072992700729927
EU Power Grid — Paris,seamless,20.0,43,0.033059832702860996,0.010669188555596934,0.025641025641025588,0.0428325223033252,0.0467059704285981,0.06845672575599576,0.1295620437956204,0.010948905109489
EU Power Grid — Paris,seamless,20.0,44,0.03322966061058117,0.012683813735414728,0.02600364963503645,0.030787278415015572,0.05496350364963498,0.06779197080291963,0.2153284671532846,0.0310218978102189
EU Power Grid — Paris,seamless,20.0,45,0.032566998774574994,0.011987852309659484,0.024584347120843404,0.028861909727394598,0.05296025952960251,0.07729927007299266,0.1897810218978102,0.0255474452554744
EU Power Grid — Paris,seamless,20.0,46,0.03147477223080601,0.012983510043156215,0.024422141119221343,0.03448905109489048,0.05591240875912403,0.08343065693430649,0.2171532846715328,0.0255474452554744
EU Power Grid — Paris,seamless,20.0,47,0.03014278864084383,0.012121050668655705,0.022716638592550964,0.025296323578651254,0.06023722627737218,0.06319951338199509,0.1897810218978102,0.0255474452554744
EU Power Grid — Paris,seamless,20.0,48,0.03317638126698269,0.01196787255581006,0.026422612840756702,0.030539870541247703,0.05016482222745465,0.08879562043795615,0.1970802919708029,0.010948905109489
EU Power Grid — Paris,seamless,20.0,49,0.03216407373861145,0.013186637540625436,0.027918271165009462,0.03713503649635033,0.04569343065693422,0.06624087591240871,0.2171532846715328,0.0291970802919708
EU Power Grid — Paris,seamless,20.0,50,0.029916351430550263,0.01284032180723528,0.017709919655516403,0.027040477770404747,0.04532643957826433,0.06994027869940274,0.2518248175182481,0.0182481751824817
EU Power Grid — Paris,seamless,20.0,51,0.03480473120571144,0.011524988012147625,0.02700729927007296,0.035920092201306174,0.0639091646390916,0.0688564476885644,0.1970802919708029,0.0164233576642335
EU Power Grid — Paris,seamless,20.0,52,0.03596688688795343,0.01142175928392556,0.0255474452554744,0.041970802919708,0.05419708029197074,0.07650040551500399,0.1970802919708029,0.0127737226277372
EU Power Grid — Paris,seamless,20.0,53,0.03303319303106175,0.012114390750705889,0.02582116788321163,0.03456901500861147,0.05116788321167881,0.07430656934306562,0.1970802919708029,0.0091240875912408
EU Power Grid — Paris,seamless,20.0,54,0.031175075923064528,0.01165152645319404,0.02602219452851458,0.028683850364963494,0.042840274796049786,0.07317518248175181,0.2153284671532846,0.0273722627737226
EU Power Grid — Paris,seamless,20.0,55,0.030652272364004376,0.013150007991901476,0.022597323600973204,0.03660162829870858,0.05100364963503649,0.06624087591240871,0.2171532846715328,0.0237226277372262
EU Power Grid — Paris,seamless,20.0,56,0.03394893174916075,0.011182002237732368,0.027835708492642778,0.03667883211678831,0.051117700729926996,0.06883211678832109,0.2171532846715328,0.0291970802919708
EU Power Grid — Paris,seamless,20.0,57,0.033529356918322664,0.011871303745537798,0.024258486849727656,0.02866729456086648,0.04569343065693422,0.07091240875912405,0.2171532846715328,0.0255474452554744
EU Power Grid — Paris,seamless,20.0,58,0.031591320794927706,0.012657174063615472,0.02751462442408239,0.029708029197080266,0.05116788321167881,0.06741180048661792,0.2171532846715328,0.0291970802919708
EU Power Grid — Paris,seamless,20.0,59,0.031784458415472235,0.011428419201875373,0.02656123276561229,0.03293646045231537,0.04934306569343062,0.07135036496350362,0.2171532846715328,0.0291970802919708
EU Power Grid — Paris,seamless,20.0,60,0.031564681123128456,0.01166817624806856,0.022656318705478816,0.03187065014428783,0.04810218978102185,0.06883211678832109,0.3010948905109489,0.0237226277372262
EU Power Grid — Paris,seamless,20.0,61,0.031674569769300345,0.011511668176248012,0.019098725720648232,0.03447944679216286,0.04531987977672814,0.06518248175182478,0.2116788321167883,0.0200729927007299
EU Power Grid — Paris,seamless,20.0,62,0.032423810538654056,0.011451728914699715,0.025141930251419243,0.03479959021641693,0.04989186266558527,0.06518248175182478,0.1970802919708029,0.010948905109489
EU Power Grid — Paris,seamless,20.0,63,0.029696574138206516,0.014638499653684203,0.022441855193362628,0.024845592363840475,0.06226682887266823,0.06845672575599576,0.2226277372262773,0.0237226277372262
EU Power Grid — Paris,seamless,20.0,64,0.03339948851830135,0.011641536576269318,0.025561927934190657,0.031282586027111495,0.04569343065693422,0.07066010790225322,0.2171532846715328,0.0273722627737226
EU Power Grid — Paris,seamless,20.0,65,0.031990915871916346,0.011704805796792526,0.024186073456146377,0.026833792030632967,0.052937087243656505,0.06058394160583933,0.2171532846715328,0.0255474452554744
EU Power Grid — Paris,seamless,20.0,66,0.03253369918482595,0.011977862432734767,0.02594103334764558,0.03599692662312715,0.05475973236009727,0.07430656934306562,0.1970802919708029,0.0091240875912408
EU Power Grid — Paris,seamless,20.0,67,0.030572353348606644,0.012610554637966802,0.024186073456146377,0.027883211678832096,0.05293795620437948,0.06700729927007291,0.2171532846715328,0.0255474452554744
EU Power Grid — Paris,seamless,20.0,68,0.030022910117747242,0.013279876391922794,0.025046514956347445,0.028064434935816743,0.046819603753910255,0.06700729927007291,0.1970802919708029,0.0036496350364963
EU Power Grid — Paris,seamless,20.0,69,0.0320208855026905,0.013206617294474872,0.025404322312866698,0.03210475655731124,0.050555379244684215,0.06710462287104617,0.1970802919708029,0.0054744525547445
EU Power Grid — Paris,seamless,20.0,70,0.03044581490756024,0.012773722627737166,0.019525547445255437,0.02825391618141555,0.05116788321167881,0.06556569343065692,0.2171532846715328,0.0200729927007299
EU Power Grid — Paris,seamless,20.0,71,0.028764185625232988,0.013226597048324306,0.022578496118642072,0.030109489051094847,0.04845592363840534,0.07210636079249216,0.2171532846715328,0.0237226277372262
EU Power Grid — Paris,seamless,20.0,72,0.029799802866428585,0.012993499920080925,0.023874695863746884,0.02973379132674965,0.04854927007299266,0.07499999999999993,0.2171532846715328,0.0255474452554744
EU Power Grid — Paris,seamless,20.0,73,0.03164793009750111,0.012101070914806267,0.020941953423705233,0.03019243530192431,0.051110097323600966,0.07430656934306562,0.2171532846715328,0.0218978102189781
EU Power Grid — Paris,seamless,20.0,74,0.03127164473333679,0.01174143534551648,0.023434498655397554,0.028945958615147652,0.053490955252300784,0.06259124087591235,0.1897810218978102,0.0291970802919708
EU Power Grid — Paris,seamless,20.0,75,0.032773456231019134,0.011751425222441195,0.025881995133819904,0.03482360097323598,0.046441605839415985,0.07235401459854011,0.2171532846715328,0.0273722627737226
EU Power Grid — Paris,seamless,20.0,76,0.03322633065160627,0.013113378443177521,0.028645391274825995,0.03482360097323598,0.05478507704785071,0.06191605839416053,0.1970802919708029,0.0036496350364963
EU Power Grid — Paris,seamless,20.0,77,0.03295660397463894,0.01189794341733704,0.02799501795852159,0.03473670490093845,0.04026763990267633,0.06741180048661792,0.2171532846715328,0.0291970802919708
EU Power Grid — Paris,seamless,20.0,78,0.031937636528317874,0.012873621396984329,0.01986389902676396,0.02898418491484184,0.06034778875053663,0.07510948905109481,0.2171532846715328,0.0291970802919708
EU Power Grid — Paris,seamless,20.0,79,0.032550348979700466,0.011957882678885336,0.026218104685257926,0.033485401459853965,0.045681265206812566,0.06956204379562038,0.2007299270072992,0.0273722627737226
EU Power Grid — Paris,seamless,20.0,80,0.03383238318503906,0.012230939314827577,0.026179665498017084,0.03759124087591235,0.051459854014598516,0.07458526874585261,0.2171532846715328,0.0273722627737226
EU Power Grid — Paris,seamless,20.0,81,0.03050908412808344,0.012324178166124931,0.024186073456146377,0.0329584388499925,0.04386861313868611,0.06441605839416054,0.2171532846715328,0.0255474452554744
EU Power Grid — Paris,seamless,20.0,82,0.030878709574297943,0.01362286216633805,0.019551616266944696,0.0287344504986121,0.05854856822010105,0.07541473125414724,0.2171532846715328,0.0200729927007299
EU Power Grid — Paris,seamless,20.0,83,0.03349605732857361,0.011068783632585582,0.025083999536554224,0.031295620437956126,0.04480628860190899,0.07132429614181436,0.1295620437956204,0.0164233576642335
EU Power Grid — Paris,seamless,20.0,84,0.03344277798497513,0.012117720709680802,0.026440845498783415,0.03420672083735019,0.04666970802919701,0.077956204379562,0.1970802919708029,0.010948905109489
EU Power Grid — Paris,seamless,20.0,85,0.032860035164366676,0.013090068730353184,0.024593182883546442,0.040957015409570106,0.04781021897810209,0.0746755879967558,0.1970802919708029,0.0054744525547445
EU Power Grid — Paris,seamless,20.0,86,0.03172118919494902,0.013339815653471082,0.027908121886224057,0.033827554744525506,0.054805352798053465,0.06700729927007291,0.2171532846715328,0.0291970802919708
EU Power Grid — Paris,seamless,20.0,87,0.02946680696893805,0.013386435079119767,0.022768365365298294,0.0270370922091464,0.0505908932916232,0.07575599582898847,0.1970802919708029,0.0054744525547445
EU Power Grid — Paris,seamless,20.0,88,0.028687596568810175,0.014125685971548767,0.019097899370368265,0.030362935928629306,0.05116788321167881,0.07718978102189775,0.2372262773722627,0.0200729927007299
EU Power Grid — Paris,seamless,20.0,89,0.03087870957429794,0.012980180084181302,0.027843844829000226,0.03441808596918083,0.04837793998377935,0.06700729927007291,0.1970802919708029,0.0036496350364963
EU Power Grid — Paris,seamless,20.0,90,0.030732191379402106,0.011331850391603114,0.022644979596528503,0.025136861313868556,0.04209245742092453,0.07031630170316296,0.2171532846715328,0.0237226277372262
EU Power Grid — Paris,seamless,20.0,91,0.03183107784112091,0.012600564761042076,0.026445371335882244,0.03138686131386854,0.0646715328467153,0.07722627737226272,0.1970802919708029,0.0072992700729927
EU Power Grid — Paris,seamless,20.0,92,0.0338057435132398,0.01079239703766844,0.02440331363689021,0.031282586027111495,0.04933090024330896,0.06270072992700725,0.2171532846715328,0.0255474452554744
EU Power Grid — Paris,seamless,20.0,93,0.029633304917683307,0.013123368320102236,0.02458973960759946,0.02929312331924701,0.04929034874290345,0.0652068126520681,0.2171532846715328,0.0255474452554744
EU Power Grid — Paris,seamless,20.0,94,0.033922292077361506,0.01153830784804725,0.024553732745537262,0.0410583941605839,0.058876854250058834,0.06788321167883203,0.1824817518248175,0.0255474452554744
EU Power Grid — Paris,seamless,20.0,95,0.03168455964622506,0.012074431243007031,0.0273722627737226,0.03527980535279803,0.047810218978102136,0.06624087591240871,0.1970802919708029,0.010948905109489
EU Power Grid — Paris,seamless,20.0,96,0.030262667163940445,0.012457376525121154,0.020833333333333315,0.028658609548881164,0.051117700729926996,0.0739659367396593,0.2171532846715328,0.0218978102189781
EU Power Grid — Paris,seamless,20.0,97,0.03450170493899506,0.01106545367361068,0.027640125895667292,0.030492112079114612,0.051766423357664196,0.06869424168694235,0.1897810218978102,0.0291970802919708
EU Power Grid — Paris,seamless,20.0,98,0.035014518621130475,0.01199784218658421,0.02501445400014448,0.032002737226277306,0.05349861565567574,0.06414233576642332,0.3284671532846715,0.0255474452554744
EU Power Grid — Paris,seamless,20.0,99,0.02989304171772595,0.012787042463636784,0.022597323600973204,0.028658609548881164,0.05218978102189775,0.0633576642335766,0.2171532846715328,0.0237226277372262
EU Power Grid — Paris,seamless,20.0,100,0.03474146198518824,0.012730433161063395,0.03083941605839409,0.03909320606400891,0.05567518248175178,0.0797810218978102,0.1970802919708029,0.0054744525547445
