# EU Railways — SEAMLESS input edge list
# generated: 2026-09-02
# N=53995 E=62186
1 2 1
1 35 1
2 16 1
3 39 1
3 40 1
4 41 1
4 32807 1
5 33 1
6 23 1
6 30 1
7 8 1
7 26 1
8 28 1
9 12 1
9 26 1
9 33 1
10 11 1
10 31 1
11 29 1
12 15 1
12 21 1
13 14 1
13 29 1
14 22 1
14 24 1
15 21 1
15 27 1
16 22 1
17 18 1
17 27 1
18 25 1
19 25 1
19 34 1
20 31 1
23 31 1
24 28 1
26 33 1
30 32 1
34 39 1
35 36 1
36 37 1
37 38 1
40 41 1
42 43 1
42 970 1
43 971 1
44 46 1
44 80 1
44 1549 1
45 81 1
45 1545 1
46 47 1
46 80 1
47 48 1
48 49 1
49 50 1
50 51 1
51 53 1
52 1002 1
52 1008 1
53 54 1
55 64 1
55 32060 1
56 67 1
56 1006 1
57 64 1
57 65 1
58 62 1
58 65 1
59 60 1
59 61 1
60 62 1
61 1538 1
63 65 1
63 1537 1
66 1006 1
66 1010 1
67 1003 1
68 1546 1
68 4994 1
69 71 1
69 73 1
69 1548 1
70 71 1
70 1547 1
71 73 1
72 77 1
72 1547 1
73 75 1
74 79 1
74 1010 1
75 76 1
76 78 1
78 14246 1
79 1005 1
80 82 1
81 87 1
82 88 1
83 84 1
83 14345 1
84 85 1
85 293 1
86 429 1
86 762 1
87 1005 1
87 1313 1
87 1387 1
87 1545 1
88 89 1
89 90 1
90 91 1
91 97 1
92 93 1
92 97 1
93 94 1
94 95 1
95 96 1
96 98 1
98 99 1
99 100 1
100 101 1
101 102 1
102 110 1
103 1180 1
103 1403 1
104 105 1
104 269 1
105 113 1
106 108 1
106 110 1
107 112 1
107 113 1
108 109 1
109 115 1
109 123 1
111 116 1
111 1180 1
112 124 1
114 115 1
114 124 1
115 118 1
115 121 1
116 122 1
117 119 1
117 238 1
117 241 1
118 119 1
118 121 1
118 30108 1
119 121 1
119 30108 1
120 417 1
120 946 1
121 123 1
121 30108 1
122 129 1
123 256 1
125 126 1
125 266 1
126 128 1
127 137 1
127 241 1
127 260 1
127 30108 1
128 132 1
129 149 1
130 131 1
130 137 1
130 139 1
131 136 1
132 133 1
133 134 1
134 153 1
135 138 1
135 1145 1
136 139 1
138 1041 1
139 141 1
140 144 1
140 153 1
141 143 1
141 145 1
141 152 1
142 154 1
142 1422 1
143 144 1
145 148 1
146 152 1
146 156 1
147 151 1
148 150 1
149 183 1
150 160 1
151 156 1
154 1146 1
155 167 1
155 1156 1
155 1163 1
157 158 1
157 30117 1
158 159 1
159 190 1
160 161 1
160 165 1
161 163 1
161 164 1
162 214 1
162 946 1
163 165 1
164 168 1
165 166 1
166 170 1
166 13629 1
167 171 1
168 169 1
169 173 1
170 14374 1
171 172 1
172 1051 1
173 282 1
174 175 1
174 279 1
175 176 1
176 178 1
177 1153 1
177 1401 1
178 179 1
179 180 1
180 181 1
181 182 1
182 185 1
183 1155 1
183 1402 1
184 185 1
184 186 1
186 187 1
187 203 1
188 589 1
189 1153 1
189 1155 1
190 191 1
191 192 1
192 194 1
193 195 1
193 212 1
194 198 1
195 196 1
196 198 1
197 1151 1
197 1532 1
199 201 1
199 264 1
200 202 1
200 264 1
201 205 1
202 207 1
203 206 1
204 250 1
204 255 1
205 209 1
206 211 1
207 243 1
208 209 1
208 211 1
210 219 1
210 1316 1
212 616 1
213 215 1
213 223 1
214 517 1
215 217 1
216 217 1
216 218 1
218 220 1
219 1121 1
220 221 1
221 291 1
222 284 1
223 252 1
224 225 1
224 30113 1
225 226 1
226 227 1
227 232 1
228 229 1
228 239 1
229 230 1
230 231 1
231 233 1
232 241 1
233 234 1
234 235 1
235 236 1
236 238 1
237 268 1
237 284 1
240 263 1
240 851 1
242 245 1
242 246 1
243 245 1
244 254 1
244 843 1
244 1372 1
246 247 1
247 248 1
248 250 1
249 267 1
249 1525 1
250 251 1
251 252 1
253 265 1
253 617 1
254 280 1
254 848 1
255 265 1
256 257 1
257 260 1
258 953 1
258 1291 1
259 288 1
259 891 1
261 266 1
261 276 1
262 278 1
262 281 1
263 280 1
267 288 1
268 752 1
269 270 1
270 14380 1
271 272 1
272 273 1
273 275 1
274 888 1
275 276 1
277 278 1
279 281 1
282 286 1
283 287 1
283 289 1
285 286 1
285 287 1
289 290 1
290 292 1
291 292 1
293 295 1
294 761 1
294 1363 1
295 296 1
297 422 1
297 958 1
298 306 1
298 424 1
299 14383 1
300 301 1
300 310 1
301 302 1
302 308 1
303 304 1
303 309 1
303 13696 1
304 310 1
305 307 1
305 309 1
306 318 1
306 1442 1
307 483 1
308 327 1
311 408 1
311 1442 1
312 324 1
312 624 1
313 314 1
313 323 1
314 315 1
315 316 1
316 317 1
317 319 1
318 408 1
318 1439 1
318 1442 1
318 1443 1
319 320 1
320 321 1
321 322 1
322 433 1
323 324 1
325 326 1
325 1064 1
325 1443 1
326 830 1
326 899 1
326 1440 1
327 328 1
328 338 1
329 332 1
329 554 1
330 333 1
330 338 1
331 353 1
331 362 1
331 487 1
331 1452 1
332 333 1
332 334 1
334 335 1
335 337 1
336 347 1
336 1064 1
337 569 1
339 340 1
339 519 1
340 341 1
341 342 1
342 343 1
343 361 1
344 353 1
344 1454 1
345 346 1
345 348 1
347 721 1
347 830 1
347 1085 1
347 1439 1
348 349 1
349 351 1
350 355 1
350 361 1
351 352 1
352 354 1
353 362 1
353 385 1
354 356 1
355 360 1
356 357 1
357 358 1
358 359 1
359 394 1
360 912 1
362 448 1
362 487 1
362 993 1
362 1232 1
363 364 1
363 961 1
364 963 1
365 366 1
366 963 1
367 568 1
367 923 1
368 387 1
368 926 1
368 927 1
369 930 1
369 931 1
370 371 1
370 986 1
371 985 1
372 373 1
372 985 1
373 374 1
374 389 1
375 377 1
375 563 1
376 380 1
376 961 1
377 984 1
378 984 1
379 386 1
379 984 1
380 382 1
381 386 1
381 981 1
382 383 1
383 384 1
384 489 1
385 666 1
385 1013 1
385 1068 1
387 388 1
388 923 1
389 984 1
390 919 1
390 975 1
391 393 1
391 405 1
391 561 1
392 393 1
392 396 1
393 405 1
394 933 1
395 935 1
395 936 1
396 942 1
397 400 1
397 942 1
398 400 1
398 940 1
399 401 1
399 940 1
401 939 1
402 1069 1
402 1439 1
402 1528 1
403 404 1
403 937 1
404 938 1
405 447 1
406 407 1
406 447 1
406 975 1
407 563 1
408 439 1
408 487 1
408 1064 1
408 1439 1
409 410 1
409 427 1
410 411 1
411 412 1
412 430 1
413 455 1
413 499 1
414 415 1
414 460 1
415 416 1
416 502 1
417 503 1
417 1035 1
418 429 1
418 430 1
419 423 1
419 426 1
420 439 1
420 1069 1
421 422 1
421 1035 1
423 777 1
424 428 1
424 487 1
425 426 1
425 944 1
427 453 1
428 1435 1
431 432 1
431 435 1
432 434 1
433 438 1
434 436 1
435 440 1
436 437 1
436 438 1
436 443 1
437 441 1
438 443 1
439 1439 1
440 13709 1
441 442 1
442 444 1
443 545 1
444 445 1
445 543 1
446 464 1
446 465 1
447 462 1
447 974 1
448 1069 1
449 461 1
449 464 1
450 451 1
451 461 1
452 453 1
452 941 1
454 455 1
454 974 1
456 457 1
456 941 1
457 463 1
458 459 1
458 463 1
459 945 1
460 945 1
460 974 1
462 465 1
466 483 1
466 485 1
467 925 1
467 932 1
468 472 1
468 932 1
469 470 1
469 472 1
471 917 1
471 922 1
472 964 1
473 474 1
473 476 1
473 917 1
473 918 1
474 475 1
474 476 1
475 478 1
476 479 1
477 481 1
477 964 1
478 484 1
479 920 1
480 921 1
480 924 1
481 924 1
482 484 1
482 560 1
485 918 1
486 506 1
487 1442 1
488 980 1
488 982 1
489 490 1
490 987 1
491 492 1
491 979 1
492 494 1
493 495 1
493 987 1
494 976 1
495 496 1
496 498 1
497 689 1
497 1447 1
498 501 1
498 505 1
499 977 1
499 978 1
500 502 1
500 978 1
501 503 1
501 505 1
502 503 1
503 1035 1
504 689 1
504 994 1
504 1099 1
506 913 1
507 911 1
508 511 1
508 911 1
509 510 1
509 512 1
510 515 1
511 513 1
512 514 1
513 516 1
514 519 1
515 635 1
516 912 1
516 913 1
516 914 1
517 967 1
518 1447 1
520 521 1
520 551 1
521 522 1
522 523 1
523 524 1
524 526 1
525 539 1
525 1447 1
526 527 1
527 540 1
528 531 1
528 540 1
529 530 1
529 540 1
531 532 1
532 542 1
533 534 1
533 542 1
534 535 1
535 536 1
536 537 1
537 538 1
539 541 1
541 544 1
543 546 1
544 1455 1
544 1459 1
545 547 1
546 548 1
547 549 1
548 551 1
549 552 1
550 558 1
550 1452 1
552 553 1
553 554 1
555 585 1
555 1448 1
556 560 1
556 916 1
557 559 1
557 914 1
558 566 1
559 561 1
562 565 1
562 919 1
564 565 1
564 920 1
564 921 1
565 567 1
566 576 1
567 568 1
569 577 1
570 571 1
570 572 1
571 575 1
572 573 1
573 574 1
574 579 1
575 578 1
576 585 1
576 992 1
577 581 1
577 584 1
578 580 1
579 581 1
580 582 1
582 583 1
583 586 1
584 588 1
586 587 1
589 612 1
590 593 1
590 616 1
591 658 1
591 1446 1
592 594 1
592 612 1
593 596 1
594 595 1
595 597 1
596 598 1
597 614 1
598 602 1
599 600 1
599 614 1
600 611 1
601 603 1
601 625 1
602 613 1
603 607 1
604 609 1
604 613 1
605 608 1
605 611 1
606 618 1
607 609 1
608 610 1
609 855 1
610 854 1
615 685 1
615 1453 1
617 622 1
618 632 1
619 620 1
619 621 1
620 622 1
621 633 1
622 628 1
623 626 1
623 992 1
624 627 1
625 633 1
626 631 1
627 629 1
628 791 1
629 630 1
630 789 1
631 636 1
632 1454 1
634 635 1
634 638 1
636 649 1
637 641 1
637 798 1
638 639 1
639 640 1
640 643 1
641 642 1
642 657 1
643 645 1
644 646 1
644 657 1
645 647 1
646 648 1
647 659 1
648 651 1
649 1451 1
650 652 1
650 659 1
651 653 1
652 653 1
653 654 1
654 655 1
655 762 1
656 685 1
656 992 1
656 996 1
656 1460 1
658 1458 1
660 662 1
660 862 1
661 1013 1
661 1450 1
662 663 1
663 664 1
663 686 1
664 684 1
664 686 1
665 678 1
665 684 1
666 1013 1
666 1015 1
666 1172 1
667 680 1
667 688 1
668 748 1
668 956 1
668 958 1
668 966 1
668 1196 1
669 1149 1
669 1450 1
670 671 1
670 686 1
670 869 1
671 672 1
671 869 1
672 676 1
673 674 1
673 684 1
674 675 1
675 677 1
676 687 1
677 688 1
678 679 1
679 682 1
680 683 1
681 687 1
681 709 1
681 47878 1
682 885 1
683 884 1
685 992 1
685 1460 1
687 47878 1
690 692 1
690 884 1
691 694 1
691 886 1
692 693 1
693 695 1
694 698 1
695 702 1
696 697 1
696 701 1
696 709 1
697 711 1
698 700 1
699 701 1
699 704 1
700 704 1
700 705 1
702 1227 1
703 711 1
704 705 1
705 708 1
705 801 1
706 708 1
706 716 1
707 837 1
707 1128 1
708 801 1
709 47878 1
710 715 1
710 837 1
712 713 1
712 1373 1
713 714 1
713 1231 1
714 1296 1
714 1371 1
715 727 1
716 1228 1
717 807 1
717 808 1
718 776 1
718 1129 1
718 1437 1
719 720 1
720 902 1
721 729 1
721 740 1
721 743 1
721 830 1
722 731 1
722 1276 1
723 728 1
723 1275 1
724 728 1
724 1297 1
725 1356 1
725 1362 1
726 1356 1
726 1359 1
727 1108 1
729 736 1
730 1342 1
731 1298 1
732 737 1
733 735 1
733 851 1
734 737 1
734 1306 1
735 751 1
735 47850 1
736 746 1
736 771 1
738 1236 1
738 1530 1
739 1283 1
739 1290 1
740 743 1
740 830 1
740 899 1
740 1089 1
741 1381 1
741 1382 1
742 1378 1
742 1382 1
743 746 1
743 759 1
744 745 1
745 1300 1
746 754 1
747 769 1
747 1527 1
748 956 1
748 1196 1
749 1129 1
749 1469 1
750 1381 1
751 752 1
753 760 1
753 1075 1
754 759 1
754 771 1
754 1109 1
755 1082 1
755 1084 1
756 1014 1
756 1026 1
757 1040 1
757 1060 1
758 1266 1
758 1267 1
759 779 1
759 790 1
759 800 1
759 899 1
759 1109 1
760 1411 1
761 27482 1
762 763 1
762 774 1
763 764 1
764 765 1
765 1288 1
766 777 1
766 819 1
767 999 1
767 1272 1
767 1511 1
768 1280 1
768 1284 1
769 1530 1
770 772 1
770 999 1
771 846 1
771 1108 1
772 774 1
773 775 1
773 1518 1
775 1283 1
776 1130 1
778 780 1
778 1138 1
779 943 1
780 1123 1
781 1479 1
781 1480 1
782 787 1
783 786 1
783 1123 1
784 1251 1
784 1281 1
785 788 1
785 1370 1
786 28451 1
787 1114 1
788 1181 1
789 791 1
789 799 1
790 800 1
790 846 1
790 1092 1
790 1109 1
790 1470 1
792 793 1
792 799 1
793 794 1
794 795 1
795 796 1
796 797 1
797 798 1
800 1092 1
800 1233 1
800 1234 1
800 1241 1
800 1243 1
800 1470 1
801 806 1
802 804 1
802 1227 1
802 1228 1
803 1097 1
803 1469 1
803 1471 1
804 1229 1
805 807 1
806 1231 1
808 1229 1
809 1096 1
809 1476 1
810 840 1
810 1097 1
810 1219 1
810 1223 1
811 1433 1
811 1464 1
812 813 1
812 1438 1
813 817 1
814 816 1
814 1369 1
815 1428 1
815 1464 1
816 1372 1
817 818 1
818 1314 1
819 1257 1
820 1168 1
820 1484 1
820 1486 1
820 1487 1
821 822 1
821 1425 1
822 828 1
823 1012 1
823 1017 1
824 825 1
824 1060 1
824 1062 1
825 1062 1
825 1063 1
826 1017 1
826 1021 1
827 1026 1
827 1062 1
827 1094 1
828 1067 1
829 1090 1
829 1415 1
830 899 1
830 1085 1
830 1440 1
831 1259 1
832 833 1
833 841 1
834 850 1
834 1097 1
834 1109 1
834 1469 1
834 1471 1
834 1476 1
834 1489 1
835 1000 1
835 1254 1
835 1263 1
835 1417 1
836 1050 1
836 1054 1
838 1079 1
838 1357 1
839 1030 1
839 1410 1
840 1492 1
841 1030 1
842 1372 1
842 1392 1
843 1372 1
843 1478 1
844 845 1
844 1192 1
845 1193 1
846 850 1
846 1108 1
846 1250 1
847 848 1
847 1198 1
849 1201 1
849 1203 1
852 1191 1
852 1251 1
853 1177 1
854 857 1
855 863 1
856 1178 1
856 1496 1
857 858 1
858 859 1
859 864 1
859 865 1
860 862 1
860 863 1
861 1131 1
864 865 1
864 31608 1
865 867 1
866 870 1
866 1142 1
867 868 1
868 869 1
870 1500 1
871 1021 1
871 1026 1
871 1094 1
872 876 1
872 1500 1
873 1098 1
873 1103 1
874 877 1
874 1026 1
874 1094 1
875 878 1
875 1456 1
876 1137 1
877 1104 1
878 1106 1
879 1106 1
879 1107 1
879 1117 1
880 1115 1
880 1132 1
880 5876 1
881 882 1
881 1526 1
882 1110 1
883 1133 1
883 1141 1
885 886 1
887 1222 1
887 1265 1
888 890 1
889 890 1
889 1525 1
891 892 1
892 893 1
893 1354 1
894 1134 1
894 1533 1
895 896 1
895 1354 1
896 1366 1
897 898 1
897 1365 1
898 1358 1
899 1089 1
899 1091 1
899 1440 1
900 1349 1
900 1350 1
901 1362 1
901 1364 1
902 903 1
903 905 1
904 1461 1
904 1462 1
904 1463 1
905 909 1
906 908 1
906 1270 1
906 1360 1
907 929 1
907 1462 1
908 910 1
909 910 1
912 914 1
914 916 1
915 929 1
915 1463 1
920 921 1
922 925 1
926 931 1
928 950 1
928 951 1
929 934 1
929 983 1
929 993 1
929 1463 1
929 1465 1
930 986 1
933 935 1
934 965 1
934 973 1
934 1086 1
936 937 1
938 939 1
943 965 1
943 1091 1
943 1092 1
943 1109 1
944 952 1
945 974 1
947 948 1
947 1066 1
948 1102 1
948 1490 1
949 950 1
949 1490 1
951 1087 1
952 960 1
953 960 1
954 1182 1
954 1196 1
955 956 1
955 1291 1
956 1196 1
957 959 1
957 1495 1
958 966 1
959 1191 1
962 993 1
962 1466 1
962 1477 1
965 973 1
965 1092 1
965 1233 1
965 1234 1
965 1243 1
966 1281 1
967 968 1
968 969 1
969 970 1
971 972 1
972 5738 1
973 1173 1
973 1233 1
976 977 1
979 982 1
980 981 1
983 1233 1
988 989 1
988 1077 1
989 990 1
990 991 1
991 1412 1
992 1460 1
993 1462 1
993 1466 1
993 1477 1
993 1528 1
994 1099 1
994 1444 1
995 1258 1
995 1260 1
996 1455 1
997 1012 1
997 1415 1
998 1001 1
998 1230 1
999 1272 1
1000 1004 1
1000 1431 1
1001 1032 1
1002 1527 1
1003 1008 1
1004 1014 1
1007 1259 1
1007 1261 1
1009 1122 1
1009 1202 1
1009 1213 1
1011 1230 1
1011 1495 1
1016 1154 1
1016 1460 1
1018 1157 1
1018 1166 1
1019 1170 1
1019 1179 1
1020 1171 1
1020 1176 1
1022 1025 1
1022 1176 1
1023 1027 1
1023 1181 1
1024 1028 1
1024 1189 1
1025 1483 1
1026 1094 1
1027 1183 1
1028 1187 1
1029 1183 1
1029 1186 1
1031 1379 1
1031 1383 1
1032 1323 1
1033 1034 1
1033 1383 1
1034 1385 1
1036 1040 1
1036 1046 1
1037 1303 1
1037 1388 1
1038 1406 1
1038 1418 1
1039 1042 1
1039 1048 1
1039 1307 1
1041 1323 1
1042 1418 1
1043 1044 1
1043 1300 1
1044 1061 1
1045 1304 1
1045 1393 1
1046 1050 1
1047 1053 1
1047 1061 1
1047 1304 1
1048 1320 1
1048 1407 1
1048 1424 1
1049 1407 1
1049 1420 1
1051 1056 1
1052 1118 1
1052 1312 1
1052 1320 1
1052 1321 1
1053 1253 1
1053 1304 1
1054 1410 1
1055 1315 1
1055 1321 1
1056 1432 1
1057 1058 1
1057 1253 1
1058 1059 1
1063 1065 1
1064 1443 1
1065 1067 1
1066 1236 1
1068 1451 1
1069 1528 1
1070 1411 1
1070 1414 1
1071 1414 1
1071 1425 1
1072 1073 1
1072 1430 1
1073 1264 1
1074 1076 1
1074 1310 1
1075 1267 1
1076 1419 1
1077 1444 1
1078 1080 1
1078 1308 1
1079 1082 1
1080 1309 1
1081 1083 1
1081 1309 1
1083 1311 1
1084 1088 1
1085 1093 1
1085 1439 1
1085 1463 1
1086 1463 1
1087 1213 1
1088 1090 1
1089 1091 1
1089 1440 1
1089 1463 1
1093 1440 1
1094 1098 1
1094 1456 1
1095 1096 1
1095 1470 1
1099 1103 1
1099 1446 1
1100 1209 1
1101 1209 1
1101 1220 1
1102 1222 1
1104 1526 1
1105 1206 1
1105 1529 1
1106 1107 1
1107 1445 1
1110 1120 1
1111 1121 1
1111 1409 1
1112 1324 1
1112 1327 1
1113 1398 1
1113 1399 1
1114 1138 1
1115 1328 1
1115 1400 1
1115 1402 1
1116 1327 1
1116 1329 1
1117 1127 1
1117 1480 1
1117 1482 1
1118 1317 1
1118 1318 1
1118 1320 1
1119 1328 1
1119 1399 1
1119 6669 1
1120 28467 1
1122 1202 1
1122 1485 1
1124 1125 1
1124 1337 1
1125 1339 1
1126 1335 1
1126 1339 1
1126 1340 1
1127 1136 1
1127 1482 1
1128 1441 1
1130 1174 1
1131 1133 1
1132 1137 1
1134 1135 1
1135 1208 1
1136 1368 1
1139 1207 1
1139 1493 1
1140 1141 1
1140 1533 1
1141 1142 1
1141 1499 1
1143 1144 1
1143 1493 1
1144 1177 1
1144 1214 1
1145 1162 1
1146 1156 1
1147 1148 1
1147 1163 1
1148 1150 1
1148 1158 1
1149 1445 1
1150 1423 1
1151 1426 1
1152 1159 1
1152 1161 1
1154 1157 1
1154 1167 1
1155 1402 1
1157 1160 1
1158 1426 1
1159 1401 1
1160 1165 1
1160 1167 1
1160 1168 1
1160 1247 1
1161 1532 1
1162 1422 1
1164 1238 1
1164 1242 1
1165 1190 1
1166 1171 1
1166 1445 1
1167 1247 1
1167 1252 1
1167 1472 1
1168 1249 1
1168 1250 1
1169 1239 1
1169 1243 1
1170 1171 1
1170 1190 1
1172 1232 1
1173 1235 1
1173 1240 1
1173 1466 1
1175 1211 1
1175 1531 1
1177 1214 1
1178 1494 1
1179 1189 1
1182 1485 1
1183 1188 1
1183 1483 1
1184 1397 1
1184 1405 1
1185 1374 1
1186 1510 1
1187 1519 1
1188 1483 1
1188 1513 1
1188 1514 1
1192 1404 1
1193 1204 1
1194 1195 1
1194 1199 1
1194 1204 1
1194 1289 1
1195 1197 1
1195 1199 1
1195 1204 1
1197 1198 1
1197 1199 1
1199 1200 1
1200 1201 1
1202 1523 1
1203 1341 1
1205 1487 1
1205 1488 1
1206 1488 1
1207 1208 1
1209 1488 1
1209 1489 1
1210 1211 1
1210 1219 1
1212 1215 1
1212 1220 1
1214 1216 1
1214 1221 1
1214 1226 1
1215 1218 1
1216 1217 1
1217 1494 1
1218 1524 1
1219 1487 1
1221 1522 1
1223 1224 1
1223 1487 1
1224 1225 1
1225 1493 1
1226 1531 1
1227 1228 1
1232 1468 1
1233 1235 1
1233 1238 1
1233 1243 1
1235 1240 1
1237 1252 1
1237 1466 1
1237 1472 1
1237 1477 1
1240 1242 1
1240 1252 1
1240 1473 1
1241 1244 1
1242 1245 1
1242 1475 1
1243 1475 1
1244 1248 1
1245 1246 1
1246 1249 1
1246 1473 1
1247 1249 1
1247 1472 1
1247 1474 1
1248 1250 1
1248 1475 1
1250 1484 1
1252 1474 1
1252 1477 1
1254 1255 1
1254 1394 1
1255 1256 1
1256 1260 1
1257 1265 1
1257 1286 1
1258 1263 1
1261 1262 1
1262 1417 1
1262 1431 1
1264 1310 1
1268 1269 1
1268 1289 1
1269 1273 1
1270 1271 1
1270 1360 1
1271 1274 1
1272 1286 1
1273 1294 1
1273 1297 1
1274 1299 1
1275 1298 1
1276 1277 1
1278 1280 1
1278 1283 1
1278 1299 1
1279 1282 1
1279 1294 1
1280 1283 1
1282 1290 1
1282 1295 1
1284 1285 1
1285 1287 1
1287 1288 1
1290 1295 1
1292 1293 1
1292 1295 1
1293 1395 1
1296 1330 1
1296 1457 1
1301 1302 1
1301 1385 1
1302 1303 1
1305 1307 1
1306 1314 1
1308 1419 1
1311 1435 1
1312 1320 1
1312 1430 1
1313 1322 1
1315 1432 1
1316 1432 1
1317 1413 1
1317 1435 1
1318 1319 1
1319 1409 1
1320 1424 1
1322 1387 1
1324 1402 1
1325 1326 1
1325 1423 1
1326 1329 1
1328 1399 1
1329 1413 1
1329 1416 1
1329 1429 1
1330 1344 1
1330 1457 1
1331 1334 1
1331 1400 1
1332 1333 1
1332 1334 1
1333 1337 1
1335 1340 1
1335 1429 1
1336 1338 1
1336 1416 1
1338 1434 1
1340 1436 1
1341 1347 1
1342 1343 1
1343 1345 1
1344 1352 1
1345 1346 1
1346 1367 1
1347 1351 1
1348 1349 1
1348 1367 1
1350 1351 1
1351 1353 1
1352 1360 1
1353 1366 1
1354 1355 1
1355 1361 1
1357 1359 1
1358 1361 1
1361 1363 1
1364 1365 1
1368 1370 1
1369 1375 1
1371 1373 1
1371 47802 1
1373 47802 1
1374 1376 1
1376 1397 1
1377 1379 1
1377 1380 1
1378 1380 1
1384 1386 1
1384 1395 1
1386 1389 1
1387 1427 1
1388 1406 1
1389 1390 1
1390 1391 1
1391 1394 1
1392 1396 1
1393 1420 1
1396 1404 1
1398 1405 1
1400 1402 1
1403 7483 1
1404 1467 1
1408 1421 1
1408 1467 1
1413 1416 1
1413 1429 1
1413 1435 1
1416 1429 1
1421 1428 1
1424 1427 1
1434 1441 1
1436 1437 1
1438 1457 1
1438 1481 1
1439 1461 1
1447 1448 1
1449 1453 1
1449 1459 1
1455 1458 1
1457 1481 1
1462 1528 1
1465 1466 1
1468 1477 1
1473 1474 1
1476 1487 1
1476 1489 1
1478 1481 1
1479 28355 1
1480 1482 1
1486 1487 1
1486 1529 1
1488 1489 1
1489 1491 1
1491 1492 1
1496 1497 1
1497 1498 1
1498 1499 1
1499 1501 1
1501 1502 1
1502 7537 1
1502 7547 1
1502 8488 1
1503 1505 1
1503 1519 1
1504 1505 1
1504 1520 1
1506 1507 1
1506 28310 1
1507 1508 1
1508 1516 1
1509 1510 1
1509 1516 1
1511 1518 1
1512 1513 1
1512 28561 1
1513 1514 1
1514 1515 1
1515 1521 1
1517 1521 1
1517 47418 1
1522 1524 1
1522 47329 1
1522 47352 1
1523 1534 1
1534 1545 1
1535 1536 1
1535 1549 1
1536 1537 1
1538 1539 1
1539 1540 1
1540 1541 1
1541 1542 1
1542 1543 1
1543 1544 1
1544 1548 1
1546 1547 1
1546 4992 1
1550 1860 1
1550 2194 1
1551 1572 1
1551 1576 1
1551 1646 1
1551 1765 1
1551 2186 1
1551 2201 1
1552 1566 1
1552 1578 1
1553 1555 1
1553 1780 1
1554 1561 1
1554 1779 1
1555 1767 1
1555 2018 1
1555 2021 1
1556 1560 1
1556 1564 1
1556 1767 1
1556 1770 1
1556 1771 1
1556 2045 1
1557 1558 1
1557 1767 1
1557 2021 1
1558 1560 1
1559 1615 1
1559 2217 1
1560 1561 1
1560 1564 1
1560 1770 1
1560 2045 1
1560 2046 1
1560 2047 1
1561 1562 1
1561 1564 1
1562 1563 1
1563 2039 1
1564 1565 1
1564 1770 1
1564 2047 1
1565 1748 1
1566 1615 1
1567 1568 1
1567 1569 1
1567 1729 1
1568 2016 1
1569 1570 1
1569 1729 1
1570 1574 1
1571 1573 1
1571 1979 1
1572 1581 1
1572 2201 1
1573 1577 1
1574 1575 1
1574 1577 1
1575 2020 1
1576 1595 1
1576 1646 1
1576 1765 1
1576 2186 1
1578 1784 1
1579 1584 1
1579 2120 1
1580 1596 1
1580 2116 1
1581 1647 1
1582 1583 1
1582 2118 1
1583 1585 1
1584 1589 1
1585 1588 1
1585 1838 1
1586 1592 1
1586 1596 1
1587 1950 1
1587 2209 1
1588 1846 1
1589 1594 1
1589 2150 1
1589 2151 1
1590 1591 1
1590 1592 1
1591 1850 1
1593 1596 1
1593 1713 1
1594 1849 1
1594 2150 1
1595 1784 1
1595 1785 1
1597 1821 1
1597 1835 1
1597 1836 1
1598 1683 1
1598 1836 1
1599 1604 1
1599 1785 1
1600 1601 1
1600 2097 1
1601 1608 1
1602 1607 1
1602 2099 1
1603 1605 1
1603 1606 1
1604 1786 1
1605 2159 1
1606 1607 1
1608 1706 1
1609 1630 1
1609 1647 1
1609 2161 1
1610 1613 1
1610 1617 1
1610 1620 1
1610 1753 1
1610 2024 1
1611 1614 1
1611 1637 1
1611 2021 1
1611 2024 1
1612 1615 1
1612 2197 1
1613 1616 1
1614 1617 1
1614 1621 1
1614 2021 1
1614 2024 1
1615 2209 1
1616 1617 1
1616 1619 1
1616 1659 1
1616 2041 1
1616 2145 1
1616 2157 1
1617 1619 1
1617 1620 1
1617 1621 1
1617 2024 1
1618 2161 1
1618 2164 1
1618 2170 1
1619 1620 1
1620 1782 1
1621 1723 1
1622 2102 1
1622 2107 1
1622 2111 1
1622 2154 1
1623 1624 1
1623 2156 1
1624 1625 1
1625 1626 1
1626 1644 1
1626 2201 1
1627 1635 1
1627 2108 1
1628 1630 1
1628 1631 1
1628 1635 1
1629 1636 1
1629 1648 1
1629 1686 1
1629 2163 1
1629 2168 1
1630 1631 1
1630 1647 1
1630 2162 1
1631 1632 1
1632 1633 1
1633 2109 1
1634 1692 1
1634 33115 1
1634 33116 1
1636 1689 1
1636 2162 1
1636 2164 1
1636 2167 1
1637 1726 1
1638 1639 1
1638 2018 1
1639 1640 1
1640 1641 1
1641 1642 1
1641 1755 1
1641 1767 1
1642 2021 1
1643 2166 1
1643 2168 1
1644 2186 1
1644 2201 1
1645 1651 1
1645 1686 1
1645 2167 1
1645 2171 1
1646 1765 1
1646 2186 1
1646 2210 1
1648 1687 1
1648 1688 1
1649 1650 1
1649 1652 1
1649 2050 1
1649 2051 1
1650 1653 1
1650 1656 1
1650 1758 1
1650 2047 1
1651 1691 1
1651 1695 1
1652 1656 1
1653 1658 1
1653 1757 1
1653 1759 1
1654 1685 1
1654 1877 1
1655 1693 1
1655 1694 1
1656 1658 1
1656 1659 1
1656 2041 1
1656 2145 1
1656 2157 1
1657 1660 1
1657 1661 1
1658 1659 1
1658 1760 1
1659 2041 1
1659 2145 1
1659 2157 1
1660 1664 1
1661 1694 1
1662 1665 1
1662 2070 1
1663 1665 1
1663 1666 1
1663 2076 1
1664 1674 1
1666 1669 1
1667 2073 1
1667 2079 1
1668 2070 1
1668 2077 1
1669 1670 1
1670 1671 1
1671 1672 1
1672 1673 1
1674 32845 1
1674 32846 1
1675 1676 1
1675 1677 1
1676 2137 1
1677 1679 1
1678 1679 1
1678 1680 1
1680 1681 1
1681 1682 1
1682 1810 1
1683 1684 1
1684 1838 1
1685 1861 1
1686 1687 1
1689 1690 1
1689 1691 1
1689 1695 1
1690 1691 1
1691 1692 1
1692 1693 1
1696 1699 1
1697 1698 1
1697 1703 1
1698 1699 1
1699 1700 1
1700 1701 1
1701 2173 1
1702 1703 1
1704 1705 1
1704 1707 1
1704 2086 1
1705 1707 1
1705 1708 1
1706 1708 1
1706 1709 1
1707 1710 1
1709 1711 1
1710 1712 1
1711 1714 1
1712 1716 1
1713 1717 1
1714 1715 1
1715 2199 1
1716 2198 1
1717 1851 1
1718 1720 1
1718 1775 1
1718 1783 1
1718 2019 1
1719 1732 1
1719 1908 1
1720 1721 1
1720 2019 1
1721 1726 1
1722 1743 1
1722 1901 1
1723 1724 1
1724 2169 1
1725 1943 1
1725 2214 1
1727 1730 1
1727 2013 1
1728 1729 1
1728 2012 1
1728 2070 1
1728 2072 1
1729 1734 1
1729 2070 1
1729 2072 1
1730 1733 1
1731 1734 1
1731 2180 1
1732 1763 1
1733 2068 1
1734 2070 1
1734 2072 1
1735 1736 1
1735 2143 1
1736 1739 1
1737 1738 1
1737 2141 1
1737 2144 1
1738 1740 1
1739 1742 1
1740 1741 1
1741 1744 1
1742 1745 1
1743 1766 1
1744 1746 1
1744 1747 1
1745 2206 1
1746 1812 1
1747 2121 1
1748 1749 1
1748 1750 1
1748 1770 1
1748 1771 1
1748 2047 1
1749 1750 1
1749 2045 1
1749 2054 1
1750 1751 1
1750 2067 1
1751 1752 1
1752 2037 1
1753 1760 1
1753 2024 1
1754 1755 1
1754 1757 1
1754 1760 1
1754 2021 1
1754 2027 1
1755 1756 1
1755 1758 1
1755 1767 1
1756 1759 1
1761 1762 1
1761 2041 1
1761 2043 1
1761 2044 1
1761 2172 1
1762 1764 1
1762 2043 1
1762 2044 1
1763 1928 1
1763 1944 1
1763 2019 1
1764 1765 1
1764 2158 1
1765 2043 1
1765 2158 1
1766 1775 1
1767 1769 1
1767 1771 1
1767 2018 1
1767 2025 1
1768 2165 1
1769 1772 1
1769 1773 1
1770 1771 1
1771 1772 1
1771 2046 1
1773 2047 1
1774 1776 1
1774 1911 1
1775 1783 1
1776 1777 1
1776 1845 1
1776 1989 1
1777 1778 1
1777 1845 1
1778 1779 1
1778 1780 1
1781 1782 1
1784 2218 1
1786 2160 1
1787 1789 1
1787 2144 1
1788 1791 1
1788 2140 1
1789 1790 1
1790 1792 1
1791 1793 1
1792 1796 1
1793 1794 1
1793 22198 1
1793 32281 1
1794 1797 1
1794 22198 1
1794 32281 1
1795 1796 1
1795 1797 1
1795 32277 1
1798 1872 1
1798 32258 1
1799 1801 1
1799 1828 1
1800 1864 1
1800 1871 1
1801 1802 1
1802 1803 1
1803 1805 1
1804 1805 1
1804 1806 1
1805 1866 1
1806 1807 1
1807 1808 1
1808 1867 1
1809 1998 1
1809 22632 1
1810 1813 1
1811 1937 1
1811 2165 1
1811 2179 1
1812 1852 1
1813 1814 1
1813 1819 1
1814 1815 1
1814 1819 1
1815 1816 1
1816 1817 1
1817 1821 1
1818 1822 1
1818 1823 1
1818 1835 1
1819 1820 1
1820 1821 1
1820 1825 1
1820 1827 1
1821 1823 1
1821 1825 1
1821 1827 1
1822 1823 1
1822 1824 1
1823 1825 1
1823 1827 1
1824 1829 1
1825 1827 1
1825 1828 1
1825 1863 1
1826 1829 1
1826 1839 1
1827 1840 1
1828 1833 1
1828 1863 1
1830 1831 1
1830 1868 1
1831 1833 1
1831 1834 1
1831 1840 1
1831 1841 1
1831 9368 1
1832 1843 1
1832 1990 1
1833 9292 1
1834 9368 1
1837 1862 1
1837 2117 1
1839 1841 1
1840 1841 1
1840 33043 1
1841 1842 1
1842 1844 1
1843 1845 1
1844 1847 1
1844 2152 1
1845 1989 1
1846 1847 1
1846 2150 1
1847 2150 1
1848 2152 1
1849 1850 1
1851 33077 1
1851 33186 1
1852 1853 1
1853 1854 1
1854 1855 1
1855 1856 1
1856 1864 1
1857 1858 1
1857 1859 1
1858 1865 1
1859 1864 1
1860 1889 1
1861 1922 1
1862 1892 1
1862 1895 1
1863 1865 1
1866 1868 1
1867 1869 1
1870 1871 1
1870 1872 1
1873 1874 1
1873 1897 1
1873 22334 1
1874 1875 1
1874 1879 1
1875 1876 1
1876 1877 1
1876 22348 1
1876 22572 1
1876 22641 1
1876 22642 1
1878 1920 1
1879 1880 1
1879 1881 1
1880 1881 1
1880 1882 1
1880 1989 1
1881 1883 1
1882 1884 1
1883 1885 1
1884 1888 1
1885 1886 1
1886 1887 1
1887 1984 1
1888 1985 1
1889 2014 1
1890 1893 1
1890 2096 1
1891 1913 1
1891 2069 1
1892 1895 1
1892 1911 1
1893 1912 1
1894 2096 1
1895 1910 1
1896 1897 1
1896 1917 1
1896 1918 1
1896 1919 1
1896 22391 1
1898 1899 1
1898 1902 1
1898 1984 1
1899 1900 1
1900 1901 1
1902 1903 1
1902 1984 1
1903 1904 1
1903 1906 1
1903 1930 1
1904 1905 1
1905 1907 1
1906 1933 1
1907 1908 1
1908 1909 1
1909 1934 1
1910 1967 1
1912 1915 1
1913 1914 1
1913 1962 1
1913 1977 1
1914 1916 1
1915 1917 1
1916 1918 1
1917 1919 1
1918 1919 1
1919 1976 1
1919 1978 1
1920 1921 1
1920 1927 1
1920 1982 1
1921 1924 1
1922 2042 1
1923 1925 1
1923 1932 1
1924 1932 1
1925 1926 1
1925 1928 1
1925 1983 1
1926 1928 1
1926 1954 1
1927 1930 1
1928 1951 1
1928 1952 1
1929 1953 1
1929 1956 1
1931 1936 1
1931 2155 1
1933 1935 1
1934 1937 1
1935 1938 1
1936 1947 1
1938 1939 1
1939 1940 1
1940 1944 1
1941 1945 1
1941 2179 1
1942 1944 1
1942 1949 1
1943 1945 1
1944 1951 1
1945 1949 1
1946 1950 1
1946 1953 1
1947 1955 1
1947 1960 1
1948 1965 1
1950 2212 1
1951 1952 1
1952 1953 1
1954 1975 1
1955 1960 1
1955 1967 1
1955 1979 1
1956 1957 1
1957 1958 1
1958 1959 1
1959 1961 1
1960 1965 1
1960 1987 1
1961 1974 1
1962 1963 1
1963 1964 1
1963 1966 1
1964 1966 1
1964 1969 1
1966 1968 1
1966 2194 1
1967 1979 1
1968 1991 1
1968 1992 1
1968 1995 1
1968 2194 1
1969 1970 1
1970 1972 1
1971 1974 1
1972 1973 1
1973 1975 1
1976 1981 1
1977 1980 1
1978 1982 1
1980 1983 1
1981 1983 1
1984 1988 1
1985 1986 1
1986 2106 1
1986 2117 1
1987 2016 1
1988 1990 1
1989 22348 1
1989 22572 1
1989 22641 1
1989 22642 1
1991 1993 1
1991 1994 1
1991 1995 1
1992 1993 1
1992 2194 1
1995 1996 1
1996 1997 1
1998 2125 1
1999 2004 1
1999 2015 1
2000 2001 1
2001 2002 1
2002 2003 1
2003 2005 1
2004 2007 1
2005 2006 1
2006 2008 1
2007 2012 1
2008 2009 1
2009 2010 1
2010 2011 1
2011 2013 1
2014 2069 1
2015 2182 1
2017 2019 1
2018 2019 1
2020 2031 1
2021 2023 1
2021 2025 1
2022 2026 1
2022 22619 1
2022 22620 1
2023 2024 1
2023 2027 1
2026 2034 1
2028 2029 1
2028 2082 1
2029 2030 1
2030 2088 1
2031 2032 1
2032 2035 1
2033 2036 1
2033 2087 1
2034 2080 1
2035 2038 1
2036 2037 1
2038 2039 1
2040 2042 1
2040 2125 1
2041 2043 1
2041 2044 1
2041 2051 1
2041 2145 1
2041 2147 1
2041 2148 1
2041 2157 1
2042 2052 1
2043 2044 1
2043 2157 1
2045 2046 1
2045 2047 1
2045 2053 1
2045 2054 1
2046 2048 1
2046 2146 1
2047 2049 1
2048 2051 1
2049 2050 1
2051 2145 1
2051 2146 1
2052 2066 1
2053 2054 1
2053 2055 1
2054 2058 1
2055 2057 1
2055 2146 1
2056 2057 1
2056 2148 1
2057 2059 1
2057 2146 1
2058 2065 1
2059 2060 1
2060 2061 1
2061 2064 1
2062 2063 1
2062 2064 1
2063 2149 1
2064 2067 1
2065 2067 1
2066 2080 1
2068 2071 1
2070 2072 1
2071 2072 1
2071 2073 1
2071 2076 1
2072 2076 1
2073 2074 1
2074 2075 1
2075 2184 1
2077 2078 1
2078 2081 1
2079 2082 1
2079 2084 1
2079 2086 1
2080 2085 1
2080 2092 1
2081 2083 1
2083 2084 1
2084 2086 1
2085 2092 1
2085 2155 1
2087 2090 1
2088 2089 1
2089 2091 1
2090 2091 1
2090 2093 1
2090 2097 1
2090 2098 1
2092 2100 1
2093 2094 1
2094 2095 1
2095 2099 1
2100 2106 1
2101 2102 1
2101 2159 1
2102 2107 1
2102 2113 1
2102 2154 1
2103 2104 1
2103 2158 1
2104 2105 1
2105 2107 1
2106 2117 1
2108 2110 1
2109 2112 1
2110 2111 1
2110 2114 1
2111 2114 1
2112 2115 1
2112 2116 1
2113 2118 1
2114 2120 1
2115 2119 1
2121 2122 1
2122 2123 1
2123 2124 1
2124 2127 1
2126 2127 1
2126 2128 1
2127 2131 1
2128 2130 1
2129 2130 1
2129 2139 1
2131 2138 1
2132 2133 1
2132 2138 1
2133 2134 1
2134 2204 1
2135 2136 1
2135 2137 1
2136 2199 1
2140 2141 1
2141 2142 1
2141 2144 1
2142 2143 1
2145 2146 1
2145 2147 1
2145 2148 1
2147 2148 1
2147 2157 1
2149 2153 1
2150 2151 1
2151 2152 1
2154 2156 1
2160 2163 1
2161 2170 1
2162 2164 1
2162 2170 1
2163 2168 1
2166 2216 1
2169 2183 1
2172 2186 1
2173 2174 1
2174 2175 1
2175 2176 1
2176 2177 1
2177 2180 1
2178 2181 1
2178 2182 1
2181 22310 1
2183 2197 1
2184 2185 1
2185 2187 1
2187 2188 1
2188 2189 1
2189 2190 1
2190 2191 1
2190 2196 1
2191 2193 1
2192 2193 1
2192 2195 1
2192 2196 1
2198 2199 1
2199 2200 1
2200 2202 1
2202 2205 1
2203 2205 1
2203 2207 1
2206 2207 1
2208 2210 1
2208 2217 1
2209 2214 1
2211 2215 1
2211 2218 1
2212 2213 1
2213 2215 1
2215 2216 1
2219 2363 1
2219 2539 1
2220 2357 1
2221 2610 1
2221 2694 1
2222 2225 1
2222 2575 1
2223 2224 1
2223 2225 1
2223 2575 1
2224 2226 1
2226 2245 1
2226 2259 1
2227 2914 1
2227 2916 1
2227 2917 1
2228 2908 1
2228 2912 1
2229 2244 1
2229 26477 1
2229 49107 1
2230 2915 1
2231 2238 1
2231 2823 1
2232 2234 1
2232 2237 1
2233 2234 1
2233 2235 1
2235 2239 1
2236 2905 1
2236 2911 1
2237 2238 1
2239 2240 1
2240 2241 1
2241 2852 1
2242 2243 1
2242 2851 1
2242 2854 1
2243 2244 1
2244 26477 1
2244 49107 1
2245 2246 1
2245 2259 1
2246 2247 1
2247 2249 1
2248 2264 1
2248 2911 1
2249 2250 1
2250 2251 1
2251 2252 1
2252 2253 1
2253 2254 1
2254 2255 1
2255 2256 1
2256 2257 1
2257 2258 1
2259 2919 1
2260 2261 1
2260 2262 1
2260 2810 1
2261 2262 1
2262 2263 1
2263 2265 1
2263 2266 1
2264 2274 1
2265 2269 1
2266 2267 1
2267 2268 1
2268 2280 1
2270 2271 1
2270 2280 1
2271 2273 1
2272 2275 1
2272 2849 1
2273 2275 1
2274 2282 1
2275 2276 1
2276 2277 1
2277 2278 1
2278 2455 1
2279 2455 1
2279 2457 1
2281 2392 1
2281 2767 1
2282 2283 1
2283 2284 1
2284 2606 1
2285 2286 1
2285 46712 1
2286 2287 1
2286 2291 1
2287 2290 1
2288 2320 1
2288 2542 1
2289 2298 1
2290 2295 1
2291 2293 1
2292 2294 1
2293 2296 1
2294 2297 1
2295 2297 1
2296 2298 1
2296 2554 1
2298 2299 1
2298 2554 1
2299 2300 1
2300 2554 1
2301 2302 1
2301 2303 1
2301 2407 1
2302 2368 1
2303 2304 1
2304 2549 1
2305 2306 1
2305 2309 1
2305 2400 1
2305 2401 1
2305 2406 1
2305 2528 1
2305 2549 1
2306 2308 1
2306 2309 1
2306 2522 1
2307 2311 1
2307 2610 1
2308 2522 1
2309 2524 1
2309 2549 1
2310 2312 1
2310 2345 1
2311 2405 1
2312 2313 1
2313 2380 1
2314 2315 1
2314 2338 1
2314 32741 1
2315 2316 1
2316 2339 1
2317 2323 1
2317 2342 1
2318 2319 1
2318 2346 1
2319 2347 1
2320 2416 1
2321 2340 1
2321 2347 1
2322 2325 1
2322 2335 1
2323 2324 1
2325 2343 1
2326 2332 1
2326 2343 1
2327 2329 1
2327 2362 1
2328 2338 1
2328 2344 1
2329 2334 1
2330 2333 1
2330 2344 1
2331 2392 1
2331 2420 1
2332 2336 1
2333 2336 1
2334 2350 1
2335 2340 1
2337 2342 1
2337 2381 1
2338 2350 1
2339 2346 1
2341 2367 1
2341 2848 1
2345 2372 1
2348 2350 1
2348 2351 1
2348 2359 1
2349 2357 1
2349 2415 1
2351 2352 1
2352 2353 1
2353 2360 1
2354 2356 1
2354 2359 1
2355 2356 1
2355 2361 1
2358 2383 1
2358 2735 1
2359 2365 1
2360 2365 1
2361 2363 1
2362 2364 1
2364 2375 1
2365 2366 1
2366 2368 1
2367 2405 1
2369 2370 1
2369 2380 1
2370 2381 1
2371 2372 1
2371 2382 1
2373 2375 1
2373 2377 1
2374 2378 1
2374 2382 1
2376 2377 1
2376 2381 1
2378 2398 1
2379 2415 1
2379 2542 1
2383 2542 1
2384 2385 1
2384 2386 1
2385 2398 1
2386 2387 1
2387 2388 1
2388 2390 1
2389 2395 1
2389 2396 1
2390 2391 1
2391 2393 1
2391 2396 1
2393 2397 1
2394 2397 1
2394 26611 1
2399 2400 1
2399 2403 1
2399 2417 1
2399 2529 1
2400 2401 1
2400 2404 1
2400 2522 1
2400 2528 1
2400 2529 1
2401 2402 1
2401 2406 1
2401 2522 1
2402 2407 1
2402 2408 1
2402 2409 1
2402 2413 1
2402 2549 1
2402 2553 1
2406 2408 1
2406 2417 1
2407 2408 1
2407 2553 1
2408 2409 1
2408 2413 1
2408 2419 1
2409 2410 1
2409 2413 1
2410 2411 1
2411 2412 1
2412 2550 1
2413 2414 1
2413 2418 1
2413 2544 1
2414 2430 1
2416 2447 1
2417 2532 1
2417 2535 1
2418 2848 1
2419 2552 1
2420 2474 1
2421 2426 1
2421 2428 1
2422 2426 1
2422 2536 1
2423 2427 1
2423 2431 1
2423 2534 1
2424 2425 1
2424 2427 1
2426 2434 1
2429 2434 1
2429 2535 1
2430 2436 1
2430 2848 1
2431 2432 1
2431 2438 1
2432 2433 1
2433 2434 1
2434 2437 1
2434 2438 1
2435 2439 1
2435 2465 1
2436 2508 1
2437 2506 1
2438 2509 1
2439 2447 1
2440 2441 1
2440 2463 1
2440 2520 1
2441 2442 1
2442 2444 1
2442 2460 1
2443 2445 1
2443 2459 1
2444 2460 1
2445 2446 1
2446 2448 1
2448 2449 1
2449 2462 1
2450 2456 1
2450 2462 1
2451 2453 1
2451 2466 1
2452 2454 1
2452 2464 1
2453 2461 1
2454 2467 1
2456 2466 1
2457 2461 1
2458 2459 1
2458 2518 1
2460 2471 1
2463 2519 1
2465 2468 1
2467 2494 1
2468 2527 1
2469 2497 1
2469 2500 1
2470 2472 1
2471 2497 1
2472 2501 1
2473 2475 1
2473 2500 1
2474 2492 1
2475 2491 1
2476 2498 1
2476 2501 1
2477 2495 1
2477 2498 1
2478 2479 1
2478 2480 1
2478 2491 1
2478 2503 1
2479 2499 1
2480 2481 1
2481 2482 1
2482 2483 1
2483 2496 1
2484 2490 1
2485 2494 1
2485 2505 1
2486 2488 1
2487 2496 1
2487 2502 1
2488 2489 1
2488 2490 1
2489 2502 1
2491 2503 1
2492 2507 1
2493 2505 1
2493 2809 1
2495 2499 1
2502 2504 1
2504 2800 1
2507 2523 1
2508 2510 1
2509 2511 1
2509 2512 1
2510 2514 1
2511 2512 1
2511 2521 1
2512 2520 1
2513 2514 1
2513 2515 1
2513 2521 1
2514 2515 1
2515 2517 1
2516 2519 1
2516 2520 1
2517 2518 1
2522 2525 1
2522 2526 1
2523 2531 1
2524 2525 1
2526 2529 1
2527 2655 1
2528 2529 1
2528 2530 1
2529 2532 1
2530 2533 1
2531 2543 1
2532 2536 1
2533 2534 1
2537 2538 1
2538 2541 1
2539 2544 1
2540 2544 1
2540 2554 1
2541 2544 1
2543 2551 1
2544 2547 1
2545 2546 1
2545 2548 1
2546 2550 1
2547 2552 1
2548 2553 1
2551 2570 1
2551 2576 1
2551 2655 1
2555 2557 1
2555 2628 1
2556 2558 1
2557 2561 1
2558 2559 1
2559 2560 1
2560 2563 1
2561 2564 1
2562 2563 1
2562 2566 1
2563 2567 1
2564 2572 1
2565 2574 1
2565 2899 1
2566 2569 1
2567 2568 1
2568 2574 1
2569 2571 1
2570 2576 1
2570 2655 1
2571 2573 1
2572 2686 1
2573 2701 1
2575 2577 1
2576 2595 1
2576 2655 1
2577 2578 1
2577 2605 1
2578 2579 1
2578 2605 1
2579 2599 1
2580 2581 1
2580 2599 1
2581 2582 1
2582 2583 1
2583 2601 1
2583 2602 1
2584 2585 1
2584 2604 1
2585 2587 1
2586 2590 1
2586 2600 1
2587 2589 1
2588 2598 1
2588 2723 1
2589 2736 1
2590 2592 1
2591 2598 1
2591 2736 1
2592 2597 1
2593 2603 1
2593 2604 1
2594 2596 1
2594 2601 1
2595 2611 1
2596 2601 1
2596 2646 1
2597 2748 1
2600 2676 1
2601 2602 1
2602 2603 1
2606 2607 1
2606 2609 1
2607 2608 1
2608 2631 1
2609 2621 1
2611 2629 1
2612 2614 1
2612 2639 1
2613 2615 1
2613 2639 1
2614 2643 1
2616 2618 1
2616 2634 1
2617 2618 1
2617 2643 1
2619 2620 1
2619 2637 1
2620 2644 1
2621 2633 1
2622 2624 1
2622 2633 1
2622 2636 1
2623 2624 1
2623 2640 1
2624 2636 1
2625 2626 1
2625 2636 1
2626 2630 1
2627 2628 1
2627 2636 1
2629 2638 1
2630 2775 1
2631 2641 1
2632 2635 1
2632 2637 1
2634 2635 1
2638 2645 1
2640 2642 1
2641 2779 1
2642 2644 1
2645 2905 1
2646 2647 1
2646 2649 1
2647 2649 1
2648 2649 1
2648 2676 1
2649 2650 1
2649 2651 1
2649 2653 1
2649 2661 1
2650 2651 1
2650 2653 1
2650 2661 1
2651 2653 1
2651 2661 1
2652 2654 1
2652 2656 1
2653 2658 1
2653 2661 1
2654 2660 1
2656 2658 1
2657 2677 1
2659 2660 1
2659 2677 1
2661 2662 1
2662 2663 1
2663 2664 1
2664 2665 1
2665 2666 1
2666 2667 1
2667 2668 1
2668 2669 1
2669 2670 1
2670 2671 1
2671 2672 1
2672 2674 1
2673 2706 1
2673 2865 1
2674 2675 1
2675 2789 1
2678 2701 1
2679 2695 1
2679 2706 1
2680 2681 1
2680 2686 1
2680 2688 1
2681 2683 1
2682 2684 1
2682 2699 1
2683 2684 1
2683 2685 1
2683 2686 1
2685 2688 1
2686 2688 1
2687 2699 1
2687 2703 1
2688 2700 1
2689 2700 1
2689 2702 1
2690 2693 1
2690 2705 1
2691 2692 1
2691 2696 1
2692 2704 1
2693 2697 1
2694 2767 1
2695 2711 1
2696 2697 1
2698 2707 1
2698 2754 1
2702 2707 1
2703 2708 1
2704 2709 1
2705 2708 1
2706 2735 1
2709 2710 1
2710 2714 1
2711 2718 1
2712 2713 1
2712 2774 1
2713 2715 1
2714 2716 1
2715 2720 1
2716 2717 1
2717 2719 1
2718 2727 1
2719 2721 1
2720 2722 1
2721 2723 1
2722 2724 1
2722 2725 1
2724 2732 1
2725 2730 1
2726 2728 1
2726 2731 1
2727 2752 1
2728 2729 1
2729 2730 1
2731 2753 1
2732 2733 1
2733 2738 1
2734 2739 1
2734 2753 1
2736 2737 1
2737 2741 1
2738 2740 1
2739 2742 1
2740 2743 1
2741 2744 1
2742 2745 1
2743 2751 1
2744 2746 1
2745 2747 1
2746 2748 1
2747 2749 1
2748 2751 1
2749 2750 1
2750 2788 1
2754 2755 1
2755 2756 1
2756 2757 1
2757 2758 1
2758 2760 1
2759 2768 1
2759 2777 1
2760 2772 1
2761 2763 1
2761 2774 1
2762 2770 1
2762 2772 1
2763 2769 1
2764 2771 1
2764 2773 1
2765 2766 1
2765 2770 1
2766 2773 1
2768 2785 1
2769 2771 1
2773 38352 1
2773 38353 1
2775 2778 1
2776 2778 1
2777 2794 1
2779 2780 1
2780 2781 1
2781 2782 1
2782 2783 1
2783 2784 1
2785 2799 1
2786 2787 1
2786 2788 1
2789 38108 1
2790 2791 1
2791 2792 1
2792 2793 1
2792 2797 1
2793 2795 1
2794 2877 1
2795 2796 1
2796 2801 1
2797 2803 1
2797 2804 1
2798 2800 1
2798 2804 1
2799 2822 1
2801 2802 1
2802 2846 1
2803 2807 1
2804 2805 1
2805 2807 1
2805 2808 1
2805 2810 1
2806 2807 1
2806 2847 1
2807 2808 1
2807 2810 1
2808 2809 1
2808 2810 1
2811 2812 1
2811 2815 1
2812 2814 1
2813 2822 1
2813 2832 1
2814 2819 1
2814 2824 1
2815 2817 1
2816 2818 1
2816 2820 1
2818 2819 1
2819 2824 1
2820 2821 1
2821 2825 1
2823 2825 1
2826 2827 1
2826 2849 1
2827 2843 1
2828 2829 1
2828 2847 1
2829 2842 1
2830 2833 1
2830 2843 1
2831 2844 1
2831 2850 1
2832 2892 1
2832 38199 1
2833 2834 1
2834 2835 1
2835 2837 1
2836 2838 1
2836 2850 1
2837 2907 1
2838 2840 1
2839 2845 1
2839 2868 1
2840 2860 1
2841 2865 1
2841 2877 1
2842 2845 1
2844 2846 1
2851 2871 1
2852 2853 1
2853 2857 1
2854 2858 1
2854 2871 1
2855 2856 1
2855 2858 1
2856 2859 1
2857 2860 1
2857 2861 1
2858 2864 1
2859 2860 1
2859 2861 1
2861 2862 1
2862 2872 1
2863 2866 1
2863 2872 1
2864 2873 1
2866 2874 1
2867 2869 1
2867 2873 1
2868 2874 1
2869 2875 1
2870 2874 1
2870 2901 1
2875 2883 1
2875 2900 1
2876 2878 1
2876 2901 1
2878 2879 1
2878 2885 1
2879 2880 1
2879 2885 1
2880 2881 1
2881 2882 1
2882 2884 1
2884 2900 1
2885 2887 1
2886 2900 1
2886 2909 1
2887 2888 1
2888 2889 1
2888 2907 1
2889 2890 1
2889 2895 1
2890 2891 1
2891 2897 1
2893 2894 1
2893 2906 1
2894 2902 1
2895 2898 1
2896 2902 1
2896 2903 1
2897 2903 1
2898 2904 1
2899 2904 1
2906 2908 1
2909 2910 1
2910 2913 1
2912 2914 1
2913 2915 1
2914 2916 1
2915 2916 1
2917 2918 1
2918 2919 1
2920 2985 1
2920 26827 1
2921 2959 1
2921 3048 1
2922 2924 1
2922 3058 1
2923 3057 1
2923 3058 1
2924 2927 1
2925 2926 1
2925 2928 1
2925 2930 1
2926 2927 1
2926 46266 1
2928 2929 1
2928 2930 1
2928 46266 1
2929 2960 1
2930 2953 1
2931 2938 1
2931 2975 1
2932 2933 1
2932 2953 1
2933 2934 1
2934 2961 1
2935 2936 1
2935 2955 1
2936 2937 1
2936 2955 1
2937 2939 1
2938 2969 1
2939 2954 1
2940 2944 1
2940 2955 1
2940 2961 1
2941 2943 1
2941 2954 1
2942 2943 1
2942 2957 1
2945 2956 1
2945 2958 1
2946 2947 1
2946 2958 1
2946 2962 1
2947 2948 1
2947 2962 1
2948 2950 1
2949 2959 1
2949 2975 1
2950 2951 1
2951 2952 1
2952 3015 1
2955 2961 1
2956 2957 1
2960 46266 1
2963 2973 1
2963 2979 1
2964 2979 1
2964 2981 1
2965 2980 1
2965 27186 1
2966 3044 1
2966 3047 1
2967 3037 1
2967 3044 1
2968 2971 1
2968 2972 1
2969 2974 1
2970 2971 1
2970 3045 1
2972 2981 1
2973 2980 1
2974 2975 1
2974 3057 1
2976 3038 1
2976 3048 1
2977 2978 1
2977 2985 1
2978 2996 1
2982 3036 1
2982 46430 1
2983 26843 1
2984 3015 1
2984 3031 1
2986 3027 1
2986 3031 1
2987 3010 1
2987 3014 1
2988 2993 1
2988 3030 1
2989 2990 1
2989 26843 1
2990 3008 1
2991 3023 1
2991 3034 1
2992 2995 1
2992 3021 1
2993 3019 1
2993 3032 1
2994 3011 1
2994 3021 1
2995 3004 1
2996 3007 1
2997 3011 1
2997 3043 1
2998 3000 1
2998 3033 1
2999 3016 1
2999 3026 1
3000 3022 1
3001 3042 1
3001 3043 1
3002 3003 1
3002 3033 1
3003 3012 1
3004 3018 1
3005 3020 1
3005 3025 1
3006 3013 1
3006 3018 1
3007 3017 1
3008 3020 1
3009 3013 1
3009 3016 1
3010 3029 1
3012 3026 1
3014 3027 1
3017 3028 1
3019 3034 1
3022 3032 1
3022 26854 1
3023 3025 1
3024 3029 1
3024 3030 1
3028 3038 1
3035 3036 1
3035 26843 1
3037 3045 1
3039 3040 1
3039 3053 1
3040 3041 1
3041 3049 1
3042 3049 1
3046 3047 1
3046 3050 1
3050 3051 1
3051 3052 1
3052 3053 1
3054 3055 1
3054 46295 1
3055 3056 1
3059 3060 1
3059 3174 1
3060 3171 1
3061 3082 1
3061 3209 1
3062 3063 1
3062 3226 1
3063 3065 1
3064 3216 1
3064 3218 1
3065 3075 1
3066 3208 1
3066 3214 1
3067 3068 1
3067 3069 1
3068 3070 1
3069 3072 1
3070 3317 1
3071 3072 1
3071 3073 1
3073 3210 1
3074 3082 1
3074 3199 1
3075 3076 1
3076 3077 1
3077 3078 1
3078 3080 1
3079 3083 1
3079 3166 1
3080 3081 1
3081 3088 1
3082 3104 1
3083 3189 1
3083 3191 1
3084 3085 1
3084 3086 1
3085 3196 1
3085 3197 1
3086 3087 1
3087 3759 1
3088 3197 1
3089 3090 1
3089 3192 1
3089 3194 1
3090 3091 1
3091 3665 1
3092 3093 1
3092 3094 1
3093 34004 1
3094 3095 1
3095 3101 1
3096 3097 1
3096 3101 1
3097 3098 1
3098 3099 1
3099 3103 1
3100 3102 1
3100 3114 1
3102 3103 1
3104 3125 1
3105 3106 1
3106 3107 1
3107 3108 1
3108 3113 1
3109 3110 1
3109 3113 1
3110 3112 1
3111 3112 1
3111 3117 1
3114 3119 1
3114 3121 1
3115 3116 1
3115 3117 1
3116 3118 1
3118 3120 1
3119 3121 1
3119 3122 1
3119 36076 1
3120 3123 1
3121 3129 1
3122 3126 1
3122 3129 1
3122 36076 1
3123 3124 1
3124 3128 1
3125 3177 1
3126 3129 1
3126 3130 1
3127 3128 1
3127 3131 1
3129 3137 1
3130 3131 1
3131 3132 1
3132 3133 1
3133 3134 1
3134 3136 1
3135 3169 1
3135 3173 1
3136 3138 1
3137 3156 1
3138 3157 1
3139 3140 1
3139 3164 1
3140 51519 1
3140 51614 1
3141 3143 1
3141 3181 1
3142 3143 1
3142 3152 1
3144 3145 1
3144 3167 1
3145 3153 1
3146 3147 1
3146 3155 1
3147 3148 1
3148 3149 1
3149 3154 1
3150 3195 1
3150 3209 1
3151 3166 1
3151 3177 1
3152 3153 1
3154 3195 1
3155 3168 1
3156 3159 1
3157 3158 1
3158 3161 1
3159 3160 1
3160 3162 1
3161 3163 1
3162 3165 1
3162 3167 1
3163 3164 1
3165 3167 1
3165 3168 1
3169 3171 1
3170 3172 1
3170 3175 1
3172 3176 1
3173 3175 1
3174 3202 1
3176 3181 1
3178 3180 1
3178 3415 1
3179 3182 1
3179 3471 1
3180 3184 1
3182 3183 1
3183 3185 1
3184 3198 1
3185 3186 1
3186 3187 1
3187 3190 1
3187 3193 1
3188 3199 1
3189 3190 1
3189 3191 1
3189 3198 1
3191 3192 1
3192 3193 1
3192 3194 1
3193 3196 1
3194 3196 1
3196 3197 1
3200 3201 1
3200 50780 1
3201 3204 1
3202 3203 1
3202 3206 1
3203 3206 1
3204 3205 1
3205 3213 1
3206 3207 1
3207 3208 1
3210 3211 1
3211 3212 1
3212 3213 1
3213 3216 1
3213 3219 1
3214 3215 1
3215 3217 1
3217 3218 1
3219 3220 1
3220 3221 1
3221 3222 1
3222 3223 1
3223 3224 1
3224 3225 1
3225 3226 1
3227 3228 1
3227 3254 1
3228 3352 1
3229 3294 1
3229 3397 1
3230 3239 1
3230 3398 1
3230 3399 1
3231 3234 1
3231 3394 1
3232 3235 1
3232 3400 1
3232 3403 1
3232 3404 1
3233 3404 1
3233 3405 1
3234 3316 1
3235 3399 1
3235 3400 1
3236 3390 1
3236 3406 1
3237 3242 1
3237 3395 1
3238 3401 1
3238 3403 1
3239 3394 1
3240 3396 1
3240 3398 1
3240 3400 1
3241 3243 1
3241 3405 1
3242 3401 1
3243 3244 1
3244 3245 1
3245 3248 1
3246 3269 1
3247 3251 1
3247 3286 1
3248 3249 1
3249 3250 1
3250 3252 1
3251 3255 1
3252 3253 1
3253 3268 1
3254 3363 1
3255 3257 1
3256 3267 1
3256 3268 1
3257 3259 1
3258 3261 1
3258 3267 1
3259 3260 1
3260 3263 1
3261 3262 1
3262 3265 1
3263 3291 1
3264 3275 1
3264 3373 1
3265 3266 1
3266 3291 1
3266 3292 1
3269 3277 1
3270 3274 1
3270 3277 1
3271 3272 1
3271 3274 1
3272 3273 1
3273 3276 1
3275 3363 1
3276 3652 1
3278 3279 1
3278 3353 1
3279 3280 1
3280 3281 1
3281 3283 1
3282 3290 1
3282 3350 1
3283 3284 1
3284 3285 1
3285 3286 1
3287 3289 1
3287 3290 1
3288 3289 1
3288 3355 1
3288 3357 1
3291 3296 1
3292 3293 1
3293 3296 1
3294 3299 1
3295 3297 1
3295 3300 1
3296 3297 1
3297 3298 1
3297 3301 1
3298 3300 1
3299 3354 1
3300 3301 1
3300 3302 1
3301 3312 1
3302 3303 1
3303 3304 1
3304 3571 1
3305 3306 1
3305 3312 1
3306 3307 1
3307 3308 1
3308 3310 1
3309 3318 1
3309 51892 1
3310 3311 1
3311 3573 1
3313 3333 1
3313 3369 1
3314 3368 1
3314 52020 1
3315 3316 1
3315 3333 1
3317 3342 1
3318 3329 1
3319 3321 1
3319 3389 1
3320 3321 1
3320 3322 1
3322 3323 1
3323 3324 1
3324 3332 1
3325 3330 1
3325 3389 1
3326 3327 1
3326 3332 1
3327 3328 1
3328 52031 1
3329 3334 1
3330 3331 1
3331 3372 1
3334 3336 1
3335 3343 1
3335 3354 1
3336 3338 1
3337 3340 1
3337 3341 1
3338 3339 1
3339 3341 1
3339 3347 1
3340 3344 1
3341 3347 1
3342 3352 1
3343 3345 1
3344 3346 1
3345 3346 1
3345 3348 1
3346 3348 1
3348 3349 1
3349 3350 1
3349 3351 1
3350 3351 1
3351 3353 1
3355 3356 1
3356 3358 1
3357 3370 1
3358 3359 1
3359 3360 1
3360 3361 1
3362 3364 1
3362 3371 1
3364 3365 1
3365 3366 1
3366 3367 1
3367 3369 1
3368 49410 1
3370 3371 1
3372 3374 1
3373 3381 1
3374 3388 1
3375 3382 1
3375 3406 1
3376 3377 1
3376 3388 1
3377 3378 1
3377 3380 1
3378 3379 1
3379 52003 1
3380 3383 1
3381 3391 1
3382 46179 1
3383 3387 1
3384 3386 1
3384 3387 1
3385 3386 1
3389 3390 1
3389 3392 1
3389 3393 1
3390 3392 1
3390 3393 1
3391 3397 1
3392 3393 1
3392 3396 1
3393 3395 1
3396 3400 1
3398 3399 1
3400 3402 1
3403 3404 1
3407 3426 1
3407 3463 1
3408 3415 1
3408 3513 1
3409 3453 1
3409 3488 1
3410 3412 1
3410 3519 1
3411 3417 1
3411 3518 1
3411 3519 1
3412 3414 1
3413 3414 1
3413 3416 1
3413 3517 1
3414 3416 1
3416 3418 1
3417 3423 1
3418 3420 1
3419 3423 1
3419 3480 1
3420 3421 1
3421 3422 1
3422 3474 1
3424 3499 1
3424 3506 1
3425 3491 1
3425 3495 1
3426 3453 1
3427 3429 1
3427 3465 1
3428 3438 1
3428 3441 1
3429 3431 1
3430 3441 1
3430 3689 1
3431 3444 1
3432 3433 1
3432 3687 1
3433 3434 1
3434 3435 1
3435 3443 1
3436 3442 1
3436 3471 1
3437 3440 1
3437 3443 1
3438 3468 1
3439 3450 1
3439 3476 1
3440 3449 1
3442 3450 1
3444 3445 1
3445 32127 1
3446 3447 1
3446 32135 1
3447 3449 1
3448 3837 1
3448 32136 1
3451 3472 1
3451 3474 1
3452 3455 1
3452 3472 1
3454 3473 1
3454 3475 1
3455 3456 1
3456 3457 1
3457 3470 1
3458 3461 1
3458 3477 1
3459 3460 1
3459 3470 1
3460 3461 1
3461 3462 1
3461 3465 1
3462 3465 1
3462 3469 1
3463 3513 1
3464 3466 1
3464 3469 1
3466 3467 1
3467 3468 1
3473 3476 1
3475 3477 1
3478 3479 1
3478 34038 1
3479 3481 1
3480 3488 1
3481 3482 1
3482 3483 1
3483 3484 1
3484 3485 1
3485 3486 1
3486 3487 1
3487 3489 1
3487 3490 1
3489 3491 1
3490 3493 1
3492 3494 1
3492 34039 1
3493 3506 1
3494 3497 1
3495 3496 1
3496 3498 1
3497 3501 1
3498 3500 1
3499 3504 1
3500 3502 1
3501 3505 1
3502 3503 1
3503 32178 1
3504 3512 1
3505 3514 1
3507 3508 1
3507 34020 1
3507 34021 1
3508 3511 1
3509 3510 1
3509 3511 1
3510 3514 1
3512 3515 1
3514 3516 1
3515 3517 1
3516 3518 1
3518 3519 1
3520 3521 1
3520 3785 1
3521 3585 1
3522 3575 1
3522 3614 1
3522 3641 1
3523 3636 1
3523 3658 1
3524 3638 1
3524 3647 1
3525 3526 1
3525 3540 1
3526 3527 1
3527 3542 1
3528 3529 1
3528 3542 1
3529 3530 1
3530 3532 1
3530 3533 1
3531 3606 1
3531 44412 1
3532 3533 1
3532 3606 1
3533 3534 1
3533 3536 1
3533 3606 1
3534 3607 1
3535 3537 1
3535 3618 1
3536 3543 1
3537 3607 1
3538 3543 1
3538 3544 1
3539 3540 1
3539 46205 1
3541 3651 1
3541 3735 1
3544 3605 1
3545 3603 1
3545 3621 1
3546 3569 1
3546 3573 1
3547 3548 1
3547 3569 1
3548 3584 1
3549 3567 1
3549 3583 1
3550 3577 1
3550 3633 1
3551 3565 1
3551 3586 1
3552 3554 1
3552 3598 1
3553 3556 1
3553 3568 1
3554 3570 1
3555 3557 1
3555 3620 1
3556 3562 1
3557 3608 1
3558 3587 1
3558 3599 1
3559 3608 1
3559 3609 1
3560 3572 1
3560 3579 1
3561 3611 1
3561 3612 1
3562 3613 1
3563 3602 1
3563 3613 1
3564 3612 1
3564 3613 1
3564 3615 1
3565 3568 1
3566 3600 1
3566 3615 1
3567 3597 1
3570 3587 1
3571 3574 1
3572 3581 1
3574 3632 1
3575 3614 1
3575 3633 1
3576 3594 1
3576 3614 1
3577 3646 1
3578 3581 1
3578 3651 1
3579 3604 1
3580 3582 1
3580 3645 1
3582 3650 1
3583 3657 1
3584 3586 1
3585 3614 1
3588 3589 1
3588 3600 1
3589 3590 1
3590 3591 1
3591 3592 1
3592 3593 1
3593 3601 1
3594 3651 1
3595 3596 1
3595 3601 1
3596 3795 1
3597 3598 1
3599 3602 1
3603 3605 1
3604 3622 1
3609 3610 1
3610 3611 1
3613 3615 1
3616 3617 1
3616 3629 1
3617 3946 1
3618 3619 1
3619 3620 1
3621 3623 1
3623 3624 1
3624 3625 1
3625 3626 1
3626 3630 1
3627 3628 1
3627 3630 1
3628 3629 1
3631 3647 1
3631 3648 1
3632 3634 1
3634 3635 1
3635 3636 1
3637 3639 1
3637 3658 1
3638 3639 1
3639 3640 1
3639 3649 1
3640 3656 1
3641 3644 1
3642 3643 1
3642 3655 1
3643 3644 1
3645 3646 1
3648 3652 1
3650 3657 1
3653 3654 1
3653 3656 1
3654 3655 1
3659 3680 1
3659 4019 1
3660 3666 1
3660 3791 1
3661 3786 1
3661 3792 1
3662 3663 1
3662 3664 1
3663 3777 1
3664 3759 1
3665 3667 1
3666 3713 1
3667 3668 1
3668 3758 1
3669 3670 1
3669 3737 1
3669 3779 1
3670 3673 1
3671 3674 1
3671 3771 1
3672 3677 1
3672 3713 1
3673 3675 1
3674 3676 1
3675 3988 1
3676 3678 1
3677 3681 1
3678 3679 1
3679 3680 1
3681 3692 1
3681 3788 1
3682 3688 1
3682 3689 1
3683 3685 1
3683 3688 1
3684 3686 1
3684 3701 1
3685 3686 1
3687 3690 1
3690 3691 1
3691 3694 1
3692 3697 1
3692 3788 1
3693 3695 1
3693 3702 1
3694 3696 1
3695 3698 1
3696 3699 1
3697 3703 1
3698 3699 1
3699 3700 1
3699 3715 1
3700 3714 1
3701 3702 1
3703 3706 1
3704 3705 1
3704 3729 1
3705 3734 1
3706 3709 1
3707 3710 1
3707 3726 1
3708 3761 1
3709 3769 1
3710 3711 1
3711 3712 1
3712 3990 1
3714 3717 1
3715 3719 1
3716 3717 1
3716 3732 1
3718 3757 1
3718 4018 1
3719 3720 1
3720 3721 1
3721 3723 1
3722 3731 1
3722 3732 1
3723 3725 1
3724 3730 1
3724 3733 1
3725 3727 1
3726 3727 1
3728 3729 1
3728 3731 1
3730 3741 1
3733 3738 1
3733 3757 1
3734 3850 1
3735 3786 1
3736 3780 1
3736 3789 1
3737 3779 1
3739 3740 1
3739 3741 1
3740 3742 1
3742 3743 1
3743 3744 1
3744 3745 1
3745 3746 1
3746 3748 1
3747 3748 1
3747 3750 1
3749 3767 1
3749 3772 1
3750 3755 1
3751 3755 1
3751 3756 1
3752 3754 1
3752 3876 1
3753 3754 1
3753 3756 1
3758 3760 1
3760 3762 1
3761 3767 1
3762 3763 1
3763 3774 1
3764 3773 1
3764 3774 1
3765 3766 1
3765 3775 1
3766 3768 1
3767 3772 1
3768 3770 1
3769 3777 1
3770 3771 1
3772 3776 1
3773 3775 1
3776 3778 1
3778 3788 1
3779 3780 1
3781 3782 1
3781 3787 1
3782 3784 1
3783 3790 1
3783 3792 1
3784 3793 1
3785 3794 1
3787 3791 1
3789 3790 1
3793 3794 1
3795 3903 1
3796 3887 1
3796 3928 1
3797 3801 1
3797 3804 1
3797 3903 1
3798 3802 1
3798 3957 1
3799 3802 1
3799 3836 1
3800 3803 1
3801 3804 1
3801 3808 1
3801 3826 1
3801 3951 1
3803 3954 1
3804 3826 1
3804 3862 1
3804 3867 1
3804 3888 1
3804 3951 1
3805 3806 1
3805 3928 1
3806 3807 1
3807 3809 1
3808 3813 1
3808 3857 1
3809 3810 1
3810 3811 1
3811 3812 1
3812 3813 1
3814 3815 1
3814 3873 1
3815 3828 1
3816 3817 1
3816 3827 1
3817 3825 1
3818 3819 1
3818 3825 1
3819 3820 1
3820 3821 1
3821 3880 1
3822 3823 1
3822 3833 1
3823 3824 1
3824 3950 1
3826 3857 1
3826 3867 1
3826 3888 1
3827 3828 1
3829 3830 1
3829 3877 1
3830 3834 1
3831 3833 1
3831 3888 1
3832 3834 1
3832 3908 1
3835 3836 1
3835 44347 1
3837 32145 1
3838 3839 1
3839 3840 1
3840 3841 1
3841 3842 1
3842 3843 1
3842 3847 1
3843 3844 1
3844 3845 1
3845 3846 1
3846 3849 1
3847 3848 1
3848 3853 1
3849 3851 1
3850 3852 1
3851 3855 1
3852 3854 1
3853 3863 1
3854 3856 1
3855 3858 1
3856 3858 1
3857 3873 1
3857 3888 1
3858 3859 1
3859 3860 1
3860 3861 1
3861 3866 1
3862 3867 1
3863 3922 1
3864 3865 1
3864 3923 1
3865 3868 1
3866 3869 1
3867 3877 1
3867 3888 1
3868 3870 1
3869 3871 1
3870 3874 1
3871 3872 1
3872 3875 1
3874 3904 1
3875 3921 1
3876 3878 1
3878 3892 1
3879 3883 1
3880 3894 1
3881 3882 1
3881 3890 1
3882 3891 1
3883 3884 1
3883 3891 1
3884 3885 1
3885 3886 1
3886 3889 1
3887 3892 1
3890 3893 1
3893 3894 1
3895 3902 1
3895 3920 1
3896 3897 1
3896 3901 1
3897 3898 1
3898 3899 1
3899 3900 1
3900 3924 1
3901 3919 1
3902 43718 1
3904 3905 1
3905 3907 1
3906 3910 1
3906 3921 1
3907 3909 1
3908 44428 1
3909 3912 1
3910 3911 1
3911 3912 1
3911 3913 1
3912 3913 1
3912 3914 1
3913 3914 1
3913 3915 1
3914 3917 1
3915 3916 1
3916 3918 1
3917 3919 1
3918 3920 1
3923 32460 1
3924 3940 1
3925 3926 1
3925 3940 1
3926 3927 1
3927 3934 1
3929 3930 1
3929 3943 1
3930 3931 1
3931 3932 1
3932 3942 1
3932 43580 1
3933 3941 1
3933 3943 1
3934 3938 1
3935 3937 1
3935 3941 1
3936 3937 1
3936 3939 1
3938 3952 1
3939 3952 1
3942 43580 1
3944 3945 1
3944 3952 1
3944 3953 1
3944 3955 1
3945 3948 1
3945 3953 1
3945 3955 1
3946 3951 1
3947 3948 1
3947 3949 1
3949 3950 1
3952 3953 1
3953 3954 1
3953 3955 1
3955 3956 1
3956 3957 1
3958 3959 1
3958 3991 1
3959 4004 1
3960 3965 1
3960 3969 1
3960 3984 1
3960 4020 1
3961 3966 1
3961 4022 1
3962 3967 1
3963 3996 1
3963 4023 1
3964 3973 1
3964 4017 1
3965 3968 1
3965 3984 1
3966 3971 1
3967 3970 1
3968 3994 1
3969 4017 1
3970 3992 1
3971 3996 1
3972 3974 1
3972 3975 1
3972 4001 1
3972 4005 1
3973 4021 1
3974 3977 1
3975 3976 1
3975 3980 1
3976 3978 1
3977 3980 1
3977 4000 1
3977 4001 1
3977 4008 1
3978 3979 1
3979 4009 1
3980 3989 1
3980 4016 1
3981 3982 1
3982 4002 1
3983 3984 1
3983 4006 1
3984 3985 1
3985 3993 1
3986 3988 1
3986 3993 1
3987 4012 1
3988 4015 1
3989 4016 1
3990 3991 1
3992 4000 1
3993 4015 1
3994 3996 1
3994 3997 1
3995 4015 1
3995 4018 1
3996 3998 1
3996 3999 1
3996 4001 1
3997 4000 1
3998 3999 1
3998 4001 1
3999 4005 1
4000 4001 1
4000 4006 1
4001 4003 1
4001 4006 1
4002 4003 1
4004 4007 1
4007 4017 1
4008 4011 1
4009 4010 1
4010 4012 1
4011 4014 1
4013 4016 1
4014 4015 1
4015 4018 1
4019 4020 1
4021 4023 1
4024 4025 1
4024 4180 1
4024 4826 1
4024 21381 1
4025 4073 1
4026 4028 1
4026 4030 1
4026 5737 1
4027 4029 1
4027 5736 1
4028 5613 1
4029 4031 1
4030 4032 1
4031 4154 1
4032 4155 1
4033 4040 1
4033 4351 1
4034 4035 1
4034 4352 1
4035 4127 1
4035 4350 1
4036 4180 1
4036 4630 1
4036 5570 1
4037 4128 1
4037 4353 1
4038 4179 1
4038 4350 1
4039 4351 1
4039 4352 1
4040 4056 1
4040 4358 1
4041 4361 1
4042 4369 1
4042 4581 1
4043 4338 1
4043 4364 1
4043 4587 1
4043 4590 1
4044 4448 1
4044 4452 1
4045 4339 1
4045 4344 1
4045 4393 1
4045 4468 1
4045 5470 1
4046 4560 1
4046 4570 1
4047 4049 1
4047 4391 1
4048 4392 1
4048 4397 1
4049 4551 1
4050 4187 1
4050 21091 1
4051 4336 1
4051 4554 1
4052 4404 1
4052 4407 1
4052 4553 1
4053 4233 1
4053 4567 1
4053 4568 1
4053 5680 1
4054 4311 1
4054 4568 1
4054 5697 1
4055 4057 1
4056 4124 1
4057 4122 1
4058 4060 1
4058 5644 1
4059 4176 1
4059 4189 1
4060 4061 1
4061 4062 1
4062 4065 1
4063 4066 1
4064 4143 1
4064 4188 1
4064 4189 1
4065 4067 1
4066 4068 1
4067 4068 1
4068 4070 1
4068 4071 1
4069 4182 1
4069 4188 1
4071 4072 1
4072 4074 1
4073 5570 1
4073 5658 1
4074 4101 1
4075 5547 1
4075 21384 1
4076 4082 1
4076 4195 1
4077 4078 1
4077 4082 1
4077 4109 1
4077 4197 1
4078 4079 1
4079 4144 1
4079 4148 1
4079 5642 1
4080 4190 1
4080 4867 1
4081 4195 1
4081 5556 1
4082 4196 1
4083 4084 1
4083 4142 1
4084 4086 1
4084 4099 1
4085 4088 1
4086 4087 1
4087 4089 1
4088 4091 1
4088 4106 1
4089 4090 1
4090 4092 1
4091 4093 1
4092 4126 1
4093 4095 1
4094 4110 1
4094 4186 1
4095 4096 1
4096 4214 1
4097 4220 1
4097 4229 1
4098 4240 1
4098 4243 1
4099 4100 1
4100 4216 1
4102 4139 1
4102 4182 1
4103 4106 1
4103 4149 1
4104 4105 1
4104 4153 1
4105 4107 1
4107 4108 1
4109 4111 1
4110 4125 1
4111 4187 1
4112 4116 1
4112 5088 1
4113 4124 1
4113 4166 1
4114 4117 1
4114 4168 1
4115 4118 1
4115 4169 1
4116 4123 1
4117 4127 1
4118 4121 1
4118 4122 1
4118 5059 1
4118 5070 1
4119 4130 1
4119 4186 1
4120 4121 1
4120 4126 1
4123 4128 1
4125 4183 1
4129 4186 1
4130 4135 1
4130 4140 1
4131 4139 1
4131 4443 1
4132 4133 1
4132 4165 1
4133 4134 1
4134 4136 1
4135 4138 1
4136 4141 1
4137 4141 1
4138 4142 1
4143 4167 1
4144 4145 1
4145 4146 1
4146 4147 1
4147 4148 1
4148 4151 1
4149 4150 1
4150 4152 1
4151 4152 1
4151 4176 1
4152 4153 1
4154 4156 1
4155 4157 1
4156 4160 1
4157 4158 1
4158 4159 1
4159 4161 1
4160 4162 1
4161 5277 1
4162 5276 1
4162 5277 1
4163 4455 1
4163 4462 1
4164 5051 1
4164 5073 1
4165 4167 1
4166 5122 1
4168 5126 1
4169 5559 1
4170 4171 1
4170 4172 1
4170 5306 1
4171 4173 1
4172 4174 1
4173 4175 1
4174 4177 1
4175 4179 1
4177 4178 1
4178 4455 1
4179 4181 1
4179 4456 1
4180 4685 1
4180 5570 1
4180 5594 1
4181 4457 1
4182 4183 1
4184 5387 1
4184 5556 1
4185 4432 1
4190 5547 1
4191 4192 1
4192 5037 1
4193 5283 1
4193 5550 1
4194 4197 1
4194 5319 1
4198 4200 1
4198 4211 1
4199 4201 1
4199 4567 1
4200 4202 1
4201 4231 1
4203 4210 1
4203 4713 1
4203 5600 1
4204 4205 1
4204 5682 1
4205 4206 1
4206 4208 1
4207 4233 1
4207 5680 1
4208 4238 1
4209 4211 1
4209 5681 1
4210 4286 1
4212 5696 1
4212 29749 1
4213 4223 1
4213 4969 1
4214 4239 1
4215 4241 1
4215 4286 1
4215 4340 1
4216 4256 1
4217 4219 1
4218 4219 1
4218 4221 1
4218 5638 1
4221 4224 1
4222 4230 1
4222 4335 1
4223 4225 1
4225 4226 1
4226 4227 1
4227 4228 1
4228 4555 1
4229 4239 1
4230 4237 1
4231 4232 1
4232 4234 1
4233 4235 1
4233 5703 1
4234 4236 1
4235 4236 1
4236 4530 1
4236 29754 1
4237 4289 1
4238 5703 1
4240 4244 1
4241 4289 1
4241 4340 1
4241 4917 1
4242 4243 1
4242 4252 1
4244 4259 1
4245 4258 1
4245 4557 1
4246 4251 1
4246 4253 1
4246 4257 1
4247 4260 1
4247 4335 1
4248 4255 1
4248 4558 1
4249 4253 1
4249 4259 1
4250 4251 1
4250 4255 1
4252 4254 1
4253 4257 1
4254 4256 1
4257 4258 1
4260 4271 1
4261 4275 1
4261 4538 1
4262 4263 1
4262 4275 1
4263 4264 1
4264 4265 1
4265 5694 1
4266 4267 1
4266 5694 1
4267 4274 1
4268 4269 1
4268 4274 1
4269 4270 1
4269 5694 1
4270 5704 1
4271 4917 1
4272 4273 1
4272 5127 1
4273 4276 1
4273 5695 1
4273 5704 1
4276 4769 1
4277 4292 1
4277 5685 1
4278 4285 1
4278 4292 1
4279 4285 1
4279 4291 1
4280 4282 1
4280 5684 1
4281 4282 1
4281 4291 1
4283 5686 1
4283 5687 1
4284 4288 1
4284 5701 1
4285 4290 1
4287 5684 1
4287 5701 1
4288 5687 1
4290 5686 1
4293 4305 1
4294 4295 1
4294 5683 1
4295 4296 1
4295 5697 1
4296 4297 1
4297 4298 1
4298 4306 1
4299 4300 1
4299 4320 1
4300 4302 1
4300 4306 1
4301 4303 1
4301 4320 1
4302 4304 1
4303 4329 1
4305 5683 1
4307 4308 1
4307 4570 1
4308 4315 1
4309 4310 1
4309 4315 1
4310 4312 1
4311 4312 1
4311 4313 1
4311 5697 1
4312 4313 1
4313 4314 1
4314 4539 1
4314 4540 1
4314 4547 1
4316 4327 1
4316 4330 1
4317 4318 1
4317 4330 1
4318 4319 1
4319 4320 1
4321 4328 1
4322 4323 1
4322 5690 1
4323 4324 1
4324 4325 1
4325 4423 1
4326 4328 1
4326 4430 1
4329 5690 1
4331 4341 1
4331 4345 1
4332 4333 1
4332 4346 1
4333 4348 1
4334 4336 1
4334 4339 1
4334 4344 1
4336 4344 1
4336 4391 1
4336 4398 1
4337 4339 1
4337 4348 1
4337 4587 1
4338 4339 1
4338 4587 1
4339 4344 1
4339 4448 1
4339 4587 1
4340 5000 1
4341 4347 1
4342 4347 1
4342 4543 1
4343 4349 1
4344 4393 1
4344 4468 1
4344 5470 1
4345 4346 1
4348 4349 1
4350 4354 1
4353 4358 1
4354 4461 1
4355 4357 1
4355 4358 1
4356 4360 1
4356 4461 1
4357 4359 1
4359 4363 1
4360 4364 1
4361 4362 1
4362 4363 1
4363 4367 1
4364 4590 1
4365 4366 1
4366 4370 1
4367 4369 1
4368 4545 1
4368 5657 1
4370 4371 1
4371 4582 1
4372 4373 1
4372 5721 1
4373 4374 1
4374 4376 1
4375 4381 1
4375 5721 1
4376 4378 1
4377 4385 1
4378 4385 1
4379 5721 1
4380 4384 1
4380 4399 1
4381 4382 1
4382 4383 1
4383 4572 1
4384 4394 1
4386 4387 1
4386 4476 1
4387 5656 1
4388 4392 1
4388 4400 1
4389 4390 1
4389 5656 1
4390 5235 1
4393 4403 1
4393 4472 1
4394 4422 1
4395 4396 1
4395 4401 1
4396 5237 1
4397 4398 1
4399 21467 1
4400 4449 1
4401 4402 1
4402 4604 1
4403 5661 1
4404 4405 1
4404 4553 1
4405 4406 1
4406 4410 1
4407 4409 1
4408 4410 1
4408 4412 1
4408 4417 1
4409 4411 1
4411 4591 1
4412 4413 1
4413 4592 1
4414 4422 1
4414 4429 1
4415 4416 1
4415 4609 1
4416 4418 1
4416 5214 1
4417 4420 1
4418 4419 1
4419 5676 1
4420 4434 1
4421 4424 1
4421 4430 1
4423 5693 1
4424 5698 1
4425 5692 1
4426 5700 1
4426 5713 1
4427 4496 1
4427 5713 1
4428 4447 1
4428 4489 1
4429 5612 1
4431 4435 1
4431 5298 1
4432 4437 1
4433 4436 1
4433 5676 1
4434 4438 1
4435 4441 1
4436 4440 1
4437 4453 1
4438 4439 1
4439 4442 1
4440 4442 1
4441 4444 1
4441 5473 1
4442 5705 1
4443 4474 1
4444 4445 1
4444 5473 1
4445 4446 1
4446 5706 1
4447 5705 1
4449 4450 1
4450 4451 1
4451 4452 1
4452 4468 1
4452 5655 1
4453 4482 1
4453 4531 1
4454 4455 1
4456 4461 1
4457 4459 1
4458 4459 1
4458 4460 1
4460 4465 1
4461 4466 1
4462 4480 1
4463 4466 1
4463 5647 1
4464 4465 1
4464 4477 1
4467 5655 1
4468 4469 1
4469 4471 1
4469 4473 1
4470 4474 1
4470 4485 1
4471 4472 1
4472 4475 1
4473 4529 1
4475 4476 1
4477 4478 1
4478 4479 1
4479 4486 1
4480 4484 1
4481 4483 1
4481 4487 1
4482 4497 1
4483 4484 1
4484 4519 1
4484 4521 1
4485 4501 1
4486 4487 1
4488 4490 1
4488 5706 1
4489 4494 1
4490 4491 1
4491 4498 1
4491 5712 1
4492 4493 1
4492 5711 1
4493 4495 1
4494 4496 1
4494 4500 1
4494 4502 1
4494 5712 1
4495 5715 1
4497 4501 1
4498 4499 1
4499 5715 1
4500 4509 1
4502 5712 1
4502 5716 1
4503 4505 1
4503 5716 1
4504 4508 1
4504 4509 1
4505 4514 1
4506 4520 1
4506 4546 1
4507 4514 1
4507 5718 1
4508 4510 1
4510 4511 1
4510 4514 1
4511 4514 1
4511 4573 1
4512 4513 1
4512 4573 1
4513 4515 1
4514 5226 1
4515 4516 1
4516 5723 1
4517 5280 1
4518 4522 1
4518 5647 1
4519 4521 1
4519 4523 1
4520 4534 1
4521 4524 1
4522 5648 1
4523 4528 1
4524 5649 1
4525 4527 1
4525 5648 1
4525 5649 1
4526 5649 1
4526 5651 1
4527 4529 1
4528 5252 1
4530 5688 1
4530 29754 1
4532 5688 1
4532 5689 1
4533 4535 1
4533 5702 1
4534 4643 1
4535 4536 1
4536 5691 1
4537 4538 1
4537 5691 1
4539 4542 1
4540 4541 1
4540 4547 1
4541 4543 1
4542 4544 1
4544 4548 1
4545 4630 1
4546 4649 1
4546 4686 1
4547 4549 1
4548 4550 1
4549 4551 1
4550 4552 1
4552 4553 1
4553 4554 1
4555 4556 1
4556 4564 1
4557 4571 1
4558 4560 1
4559 4571 1
4561 4562 1
4562 4563 1
4563 4564 1
4564 4565 1
4565 4566 1
4566 4569 1
4569 5680 1
4572 4573 1
4573 4574 1
4573 5728 1
4574 4579 1
4574 5728 1
4575 4576 1
4575 4579 1
4576 4577 1
4577 4578 1
4578 4773 1
4578 5039 1
4578 5040 1
4578 5127 1
4580 5129 1
4580 5728 1
4581 4584 1
4582 4585 1
4583 4612 1
4583 5561 1
4584 4587 1
4585 4586 1
4586 4588 1
4587 4589 1
4588 4589 1
4591 5662 1
4592 4593 1
4592 4608 1
4593 5662 1
4594 4595 1
4594 4596 1
4594 4608 1
4595 4599 1
4596 4600 1
4597 4601 1
4597 5662 1
4598 4599 1
4600 4603 1
4601 4604 1
4601 5661 1
4602 4617 1
4602 5635 1
4603 4605 1
4604 5661 1
4605 4606 1
4606 4609 1
4607 5238 1
4607 5661 1
4610 4613 1
4610 12316 1
4610 22266 1
4611 4653 1
4611 5660 1
4612 4623 1
4613 4653 1
4613 4659 1
4613 5660 1
4613 12316 1
4613 13129 1
4613 22266 1
4614 4669 1
4614 5541 1
4615 4624 1
4615 5455 1
4616 4618 1
4616 5455 1
4617 4686 1
4618 12462 1
4619 4620 1
4619 4621 1
4620 4696 1
4621 12338 1
4622 5455 1
4622 5542 1
4623 4631 1
4624 4626 1
4624 5453 1
4625 4626 1
4625 5033 1
4627 4628 1
4627 5029 1
4627 5031 1
4628 4629 1
4629 4632 1
4631 4643 1
4632 4688 1
4633 4637 1
4633 4642 1
4634 4636 1
4634 4690 1
4635 4651 1
4635 5035 1
4636 4640 1
4637 5035 1
4638 4639 1
4638 4641 1
4638 5029 1
4639 4651 1
4640 4650 1
4641 4644 1
4642 4650 1
4644 4647 1
4645 4646 1
4645 13028 1
4646 4650 1
4647 4672 1
4648 4650 1
4648 4671 1
4649 4686 1
4649 4693 1
4652 4699 1
4652 12532 1
4653 4654 1
4654 5449 1
4654 5660 1
4655 4656 1
4655 5660 1
4655 5666 1
4656 4657 1
4656 4658 1
4657 4658 1
4657 4660 1
4658 5666 1
4659 5533 1
4659 13129 1
4660 5669 1
4661 4662 1
4661 5674 1
4661 5679 1
4662 4663 1
4662 5679 1
4663 5434 1
4663 5707 1
4664 4665 1
4664 5439 1
4664 5679 1
4664 12715 1
4665 4666 1
4666 5443 1
4667 4668 1
4667 5441 1
4668 5543 1
4670 5542 1
4670 5543 1
4671 4674 1
4672 4677 1
4672 4968 1
4673 4675 1
4673 4968 1
4674 4680 1
4675 4676 1
4676 4678 1
4677 4679 1
4678 4687 1
4679 4681 1
4680 4682 1
4681 5140 1
4682 5211 1
4683 4684 1
4683 5138 1
4684 5139 1
4685 5599 1
4687 5137 1
4688 4689 1
4689 4691 1
4690 4694 1
4691 4692 1
4691 4698 1
4691 5732 1
4692 4697 1
4692 4698 1
4693 5553 1
4694 4695 1
4695 4698 1
4696 4697 1
4698 4699 1
4700 4714 1
4700 29218 1
4701 4711 1
4701 4714 1
4702 4703 1
4702 4711 1
4703 4710 1
4704 4705 1
4704 4710 1
4705 4706 1
4706 4707 1
4707 4708 1
4708 4709 1
4709 4712 1
4712 5047 1
4713 4726 1
4715 4716 1
4715 5696 1
4716 4717 1
4717 4727 1
4718 4719 1
4718 4727 1
4719 4728 1
4720 4721 1
4720 4728 1
4721 4722 1
4722 4723 1
4723 4724 1
4724 4725 1
4725 5114 1
4726 4730 1
4729 4731 1
4729 5056 1
4730 4747 1
4731 4732 1
4732 4733 1
4733 4734 1
4734 4735 1
4735 4736 1
4736 4737 1
4737 4738 1
4737 5109 1
4738 4739 1
4738 5109 1
4739 4740 1
4740 4742 1
4741 4754 1
4741 4770 1
4742 4743 1
4743 4744 1
4745 4746 1
4745 5159 1
4746 4748 1
4746 4815 1
4747 4764 1
4748 4767 1
4749 4766 1
4749 4778 1
4750 4753 1
4750 4766 1
4751 4752 1
4751 4765 1
4752 4758 1
4753 4756 1
4754 4764 1
4755 4757 1
4756 4759 1
4756 4760 1
4757 4758 1
4759 4761 1
4760 5058 1
4761 4763 1
4762 4811 1
4762 5100 1
4763 5111 1
4765 5155 1
4767 4815 1
4768 4769 1
4768 4771 1
4770 4795 1
4771 4772 1
4772 4773 1
4773 4775 1
4773 5039 1
4773 5040 1
4774 4775 1
4774 4776 1
4776 4777 1
4777 5046 1
4778 4779 1
4779 4780 1
4780 4782 1
4781 4821 1
4782 4786 1
4783 4784 1
4783 4793 1
4784 4794 1
4785 4787 1
4785 4794 1
4786 4788 1
4787 4789 1
4788 4789 1
4788 5149 1
4789 5149 1
4790 4808 1
4790 5046 1
4791 4792 1
4791 4808 1
4792 4793 1
4795 4810 1
4796 4805 1
4797 4805 1
4797 4809 1
4798 4799 1
4798 4809 1
4799 4807 1
4800 4801 1
4800 4807 1
4801 4804 1
4802 4803 1
4802 4804 1
4803 4834 1
4806 4810 1
4806 4821 1
4810 4827 1
4811 4812 1
4812 4813 1
4813 4814 1
4814 4829 1
4815 4816 1
4815 4828 1
4816 4824 1
4817 4818 1
4817 4830 1
4818 4848 1
4819 4820 1
4819 4830 1
4820 4822 1
4822 4823 1
4822 32062 1
4823 4889 1
4824 4829 1
4825 4828 1
4825 4830 1
4826 5570 1
4827 4831 1
4831 4837 1
4832 4833 1
4832 4838 1
4832 4877 1
4832 4878 1
4833 4834 1
4835 4836 1
4835 4911 1
4835 4944 1
4836 4839 1
4836 4876 1
4837 4842 1
4838 4841 1
4839 4840 1
4840 4843 1
4841 4844 1
4842 4849 1
4844 4845 1
4845 4846 1
4846 4848 1
4847 4895 1
4847 4910 1
4849 4851 1
4850 4853 1
4851 4856 1
4852 4853 1
4852 5131 1
4853 4854 1
4854 4855 1
4855 4858 1
4855 4860 1
4857 4858 1
4857 4859 1
4859 4862 1
4860 4868 1
4861 4863 1
4861 4864 1
4862 4882 1
4863 4882 1
4864 4865 1
4865 4868 1
4865 5076 1
4866 4888 1
4866 5075 1
4869 4879 1
4869 4880 1
4870 4871 1
4870 5142 1
4871 4943 1
4872 4873 1
4872 4884 1
4873 4875 1
4873 4876 1
4874 4877 1
4874 4879 1
4875 4878 1
4880 4881 1
4881 4882 1
4882 4883 1
4883 4885 1
4884 4885 1
4884 4887 1
4885 4886 1
4885 4887 1
4886 4887 1
4886 5141 1
4887 4888 1
4889 4890 1
4890 4891 1
4891 4987 1
4892 4893 1
4893 4997 1
4894 4930 1
4894 5638 1
4895 4896 1
4896 4897 1
4897 4898 1
4898 4899 1
4899 4901 1
4899 4909 1
4900 4904 1
4901 4905 1
4902 4906 1
4902 5135 1
4903 4907 1
4903 4909 1
4904 4905 1
4906 4907 1
4908 4942 1
4908 4981 1
4910 4912 1
4911 4913 1
4912 4915 1
4913 4914 1
4914 4924 1
4915 4916 1
4916 4919 1
4916 4920 1
4916 4924 1
4917 4956 1
4917 4975 1
4917 5560 1
4918 4919 1
4918 4920 1
4919 4974 1
4920 4921 1
4920 4923 1
4921 4922 1
4922 4948 1
4922 4951 1
4923 5060 1
4925 5096 1
4925 5360 1
4926 4928 1
4926 5145 1
4927 5351 1
4927 5357 1
4928 4929 1
4929 4931 1
4930 5646 1
4931 5521 1
4932 4933 1
4932 4959 1
4933 4936 1
4934 4935 1
4934 5510 1
4934 5512 1
4934 5521 1
4934 5730 1
4935 4936 1
4935 5730 1
4936 4938 1
4936 4940 1
4937 4940 1
4937 5513 1
4937 5514 1
4938 5031 1
4939 4941 1
4939 4960 1
4941 5036 1
4942 4952 1
4943 4945 1
4944 4946 1
4945 4967 1
4946 4947 1
4947 4948 1
4948 4951 1
4949 4950 1
4949 4953 1
4950 4951 1
4951 4954 1
4951 4955 1
4952 4961 1
4953 4970 1
4954 4957 1
4955 4958 1
4956 4975 1
4957 5138 1
4958 5136 1
4959 5147 1
4960 4963 1
4961 5560 1
4962 4966 1
4962 4973 1
4963 4964 1
4964 4965 1
4965 4971 1
4966 4970 1
4967 4971 1
4967 4972 1
4969 5639 1
4969 5646 1
4972 5148 1
4973 5032 1
4974 4977 1
4975 5560 1
4975 5561 1
4976 4978 1
4976 4979 1
4977 4978 1
4977 4980 1
4979 4982 1
4980 4983 1
4980 5133 1
4981 4988 1
4982 4984 1
4984 5132 1
4985 4986 1
4985 4996 1
4986 5001 1
4987 4989 1
4988 5005 1
4989 4991 1
4990 4992 1
4990 4998 1
4990 4999 1
4991 4993 1
4992 4993 1
4994 4997 1
4995 4999 1
4995 5009 1
5000 5034 1
5001 5011 1
5002 5003 1
5002 5018 1
5003 5004 1
5004 5012 1
5005 5010 1
5006 5007 1
5006 5014 1
5007 5008 1
5008 5009 1
5008 5012 1
5009 5011 1
5010 5021 1
5013 5015 1
5013 5133 1
5014 5133 1
5015 5016 1
5016 5017 1
5017 5019 1
5018 5022 1
5019 5020 1
5020 5023 1
5020 5067 1
5021 5030 1
5022 5023 1
5022 5067 1
5023 5025 1
5023 5067 1
5024 5025 1
5024 5026 1
5026 5027 1
5027 5200 1
5028 5031 1
5028 5033 1
5029 5031 1
5029 5032 1
5029 5036 1
5030 5043 1
5034 5566 1
5034 5567 1
5037 5081 1
5038 5039 1
5038 5125 1
5039 5040 1
5040 5041 1
5042 5044 1
5043 5562 1
5044 5045 1
5045 5695 1
5047 5048 1
5048 5050 1
5049 5052 1
5049 5053 1
5050 5052 1
5050 5054 1
5050 5055 1
5051 5555 1
5053 5055 1
5055 5056 1
5056 5057 1
5057 5058 1
5059 5070 1
5059 5557 1
5060 5061 1
5061 5063 1
5062 5064 1
5064 5065 1
5065 5066 1
5065 5068 1
5066 5069 1
5067 5195 1
5068 5195 1
5069 5071 1
5069 5140 1
5069 5196 1
5070 5088 1
5071 5072 1
5072 5198 1
5073 5094 1
5074 5095 1
5074 5234 1
5074 5353 1
5075 5077 1
5076 5078 1
5077 5097 1
5078 5080 1
5079 5082 1
5079 5097 1
5080 5095 1
5080 5345 1
5081 5152 1
5082 5731 1
5083 5084 1
5084 5085 1
5085 5086 1
5086 5087 1
5087 5089 1
5089 5092 1
5090 5348 1
5090 5729 1
5091 5092 1
5091 5093 1
5093 5096 1
5094 5099 1
5098 5102 1
5099 5105 1
5099 5110 1
5100 5108 1
5101 5111 1
5101 5112 1
5102 5103 1
5103 5104 1
5103 5112 1
5104 5107 1
5105 5110 1
5105 5128 1
5106 5107 1
5106 5109 1
5108 5109 1
5110 5122 1
5110 5126 1
5113 5115 1
5113 5173 1
5114 5116 1
5115 5119 1
5116 5117 1
5117 5118 1
5118 5121 1
5119 5121 1
5120 5124 1
5120 5185 1
5121 5123 1
5123 5124 1
5123 5191 1
5124 5125 1
5124 5191 1
5128 5593 1
5129 5130 1
5130 5131 1
5132 5134 1
5134 5135 1
5136 5137 1
5139 5206 1
5141 5142 1
5141 5143 1
5143 5145 1
5144 5145 1
5144 5146 1
5145 5147 1
5146 5148 1
5149 5150 1
5150 5151 1
5151 5154 1
5152 5645 1
5153 5177 1
5154 5156 1
5155 5157 1
5156 5157 1
5157 5158 1
5158 5159 1
5160 5164 1
5160 28948 1
5160 28949 1
5161 5162 1
5161 5190 1
5162 5170 1
5163 5194 1
5164 5167 1
5164 5169 1
5165 5166 1
5165 5169 1
5165 5170 1
5166 5171 1
5167 28926 1
5168 5171 1
5172 5173 1
5172 28950 1
5174 5175 1
5175 5176 1
5176 5178 1
5177 5183 1
5178 5179 1
5179 5180 1
5180 5181 1
5181 5182 1
5182 5184 1
5183 5579 1
5184 5188 1
5185 5186 1
5186 5187 1
5187 5191 1
5188 5189 1
5189 5191 1
5190 5191 1
5192 5657 1
5192 21382 1
5193 5219 1
5193 5645 1
5194 5578 1
5196 5206 1
5197 5223 1
5197 5592 1
5198 5199 1
5199 5202 1
5200 5205 1
5201 5203 1
5201 5204 1
5202 5208 1
5203 5210 1
5204 5205 1
5207 5209 1
5207 5213 1
5208 5209 1
5209 5210 1
5209 11891 1
5210 11891 1
5211 5212 1
5212 5213 1
5214 5215 1
5215 5216 1
5216 5217 1
5217 5218 1
5218 5220 1
5219 5319 1
5220 5221 1
5221 5222 1
5222 5224 1
5222 5238 1
5222 5671 1
5223 5240 1
5224 5458 1
5224 5470 1
5225 5229 1
5225 5723 1
5226 5227 1
5227 5720 1
5228 5229 1
5228 5722 1
5229 5724 1
5230 5231 1
5230 5720 1
5230 5722 1
5231 5233 1
5231 5722 1
5232 5234 1
5232 5724 1
5233 5312 1
5235 5267 1
5236 5284 1
5236 5300 1
5237 5268 1
5239 5261 1
5239 5262 1
5239 5659 1
5240 5270 1
5241 5242 1
5241 5659 1
5242 5244 1
5243 5266 1
5243 5269 1
5244 5526 1
5245 5246 1
5245 5269 1
5246 5247 1
5247 5524 1
5248 5250 1
5248 5281 1
5249 5283 1
5249 5589 1
5250 5251 1
5251 5652 1
5252 5253 1
5252 5254 1
5253 5254 1
5253 5652 1
5254 5663 1
5255 5260 1
5255 5663 1
5256 5257 1
5256 5261 1
5257 5259 1
5258 5270 1
5258 5591 1
5259 5361 1
5260 5262 1
5263 5264 1
5263 5659 1
5264 5265 1
5265 5266 1
5267 5659 1
5268 5659 1
5270 5293 1
5271 5273 1
5271 5622 1
5271 5623 1
5272 5273 1
5274 5619 1
5274 5621 1
5275 5621 1
5275 5622 1
5276 5277 1
5276 5278 1
5277 5279 1
5278 5280 1
5279 5281 1
5282 5365 1
5282 5621 1
5284 5296 1
5285 5286 1
5285 5297 1
5286 5295 1
5287 5288 1
5287 5294 1
5288 5289 1
5289 5291 1
5290 5432 1
5290 5709 1
5291 5708 1
5292 5708 1
5292 5711 1
5294 5488 1
5296 5632 1
5297 5487 1
5298 5299 1
5299 5675 1
5300 5421 1
5301 5302 1
5301 5304 1
5301 5673 1
5301 5675 1
5302 5303 1
5302 5304 1
5302 5673 1
5303 5305 1
5304 5372 1
5304 5373 1
5304 5673 1
5305 5332 1
5306 5633 1
5307 5313 1
5307 5413 1
5308 5309 1
5308 5313 1
5309 5310 1
5310 5312 1
5311 5491 1
5311 5505 1
5314 5315 1
5314 5317 1
5314 5709 1
5315 5316 1
5316 5318 1
5317 5320 1
5317 5709 1
5318 5321 1
5319 5642 1
5320 5326 1
5321 5328 1
5322 5323 1
5322 5324 1
5323 5328 1
5324 5325 1
5325 5330 1
5326 5717 1
5327 5329 1
5327 5330 1
5329 5400 1
5331 5375 1
5331 5677 1
5332 5333 1
5333 5337 1
5334 5335 1
5334 5336 1
5335 5338 1
5336 5337 1
5337 5341 1
5337 5474 1
5338 5390 1
5339 5340 1
5340 5342 1
5341 5343 1
5342 5678 1
5343 5344 1
5344 5678 1
5345 5346 1
5345 5495 1
5346 5347 1
5347 5725 1
5348 5349 1
5349 5350 1
5350 5515 1
5351 5352 1
5352 5515 1
5353 5358 1
5354 5380 1
5355 5358 1
5355 5500 1
5356 5357 1
5356 5360 1
5359 5363 1
5359 5380 1
5361 5654 1
5362 5364 1
5362 5652 1
5363 5489 1
5364 5653 1
5365 5369 1
5366 5369 1
5366 5650 1
5366 5652 1
5367 5385 1
5367 5630 1
5368 5444 1
5368 5650 1
5370 5484 1
5370 5630 1
5371 5383 1
5371 5469 1
5372 5373 1
5372 5383 1
5372 5673 1
5373 5374 1
5373 5376 1
5373 5379 1
5373 5673 1
5374 5375 1
5374 5379 1
5376 5377 1
5377 5429 1
5378 5381 1
5378 5422 1
5379 5382 1
5381 5427 1
5382 5427 1
5384 5499 1
5384 5515 1
5384 5725 1
5384 5726 1
5385 5393 1
5386 5495 1
5386 5726 1
5387 5447 1
5388 5389 1
5388 5489 1
5389 5395 1
5390 5677 1
5391 5394 1
5391 5474 1
5392 5396 1
5392 5474 1
5393 5397 1
5394 5398 1
5394 5432 1
5394 5435 1
5394 5486 1
5395 5494 1
5396 5398 1
5396 5677 1
5397 5411 1
5398 5399 1
5399 5544 1
5400 5401 1
5401 5402 1
5402 5404 1
5403 5408 1
5403 5719 1
5404 5719 1
5405 5535 1
5405 5536 1
5405 5710 1
5405 5719 1
5406 5410 1
5406 5413 1
5407 5409 1
5407 5539 1
5408 5410 1
5409 5412 1
5410 5506 1
5410 5510 1
5411 5414 1
5411 5416 1
5411 5426 1
5411 5736 1
5412 5509 1
5414 5430 1
5415 5667 1
5416 5426 1
5416 5494 1
5417 5418 1
5417 5667 1
5418 5419 1
5419 5420 1
5420 5423 1
5421 5426 1
5422 5429 1
5423 5424 1
5424 5431 1
5425 5431 1
5425 5471 1
5427 5428 1
5428 5668 1
5430 5433 1
5432 5435 1
5433 5451 1
5434 5440 1
5434 5545 1
5434 5707 1
5435 5437 1
5435 5438 1
5436 5442 1
5436 5734 1
5437 5438 1
5437 5707 1
5438 5540 1
5438 5710 1
5438 5714 1
5439 5441 1
5440 5443 1
5440 5714 1
5442 5735 1
5444 5445 1
5445 5446 1
5446 5448 1
5447 5550 1
5448 5449 1
5450 5453 1
5450 5456 1
5450 5733 1
5451 5734 1
5452 5454 1
5452 5456 1
5454 5541 1
5457 5672 1
5458 5461 1
5459 5463 1
5459 5672 1
5460 5462 1
5460 5470 1
5461 5464 1
5462 5463 1
5464 5466 1
5465 5466 1
5465 5523 1
5467 5671 1
5467 5673 1
5468 5469 1
5468 5529 1
5470 5659 1
5470 5671 1
5471 5666 1
5471 5668 1
5472 5670 1
5472 5674 1
5474 5475 1
5475 5490 1
5476 5478 1
5476 5490 1
5477 5479 1
5477 5480 1
5478 5479 1
5480 5481 1
5481 5482 1
5482 5483 1
5483 5487 1
5485 5486 1
5485 5488 1
5491 5492 1
5492 5493 1
5493 5495 1
5495 5498 1
5495 5499 1
5495 5506 1
5496 5497 1
5496 5502 1
5497 5501 1
5498 5501 1
5499 5506 1
5500 5503 1
5502 5503 1
5504 5505 1
5506 5507 1
5506 5726 1
5507 5510 1
5507 5726 1
5508 5630 1
5508 21497 1
5509 5510 1
5509 5512 1
5510 5511 1
5510 5512 1
5510 5726 1
5510 5730 1
5511 5730 1
5512 5513 1
5512 5514 1
5512 5733 1
5513 5514 1
5516 5517 1
5517 5518 1
5517 5730 1
5518 5520 1
5519 5522 1
5521 5730 1
5522 5527 1
5523 5665 1
5524 5525 1
5525 5526 1
5526 5528 1
5526 5532 1
5527 5548 1
5528 5529 1
5529 5530 1
5530 5664 1
5531 5664 1
5532 5665 1
5533 13127 1
5534 5546 1
5534 5572 1
5535 5537 1
5535 5540 1
5535 5710 1
5536 5540 1
5537 5539 1
5538 5548 1
5538 21525 1
5540 5714 1
5544 5545 1
5545 5707 1
5546 5548 1
5549 5551 1
5549 5552 1
5551 5553 1
5552 5558 1
5553 5554 1
5553 5557 1
5554 5555 1
5558 5559 1
5561 5635 1
5562 5563 1
5563 5564 1
5564 5565 1
5565 5568 1
5566 5569 1
5567 5572 1
5568 5571 1
5569 5573 1
5570 5594 1
5570 21381 1
5573 5575 1
5573 5576 1
5574 5575 1
5574 5637 1
5576 5577 1
5577 5583 1
5577 5590 1
5578 5582 1
5579 5580 1
5580 5581 1
5581 5583 1
5581 5584 1
5582 5585 1
5583 5590 1
5584 5588 1
5585 5586 1
5586 5587 1
5586 21476 1
5587 5591 1
5588 5592 1
5590 5593 1
5595 5596 1
5595 5601 1
5596 5597 1
5597 5598 1
5598 5600 1
5599 5609 1
5601 5602 1
5601 5636 1
5602 5603 1
5603 5604 1
5604 5605 1
5605 5606 1
5606 5607 1
5607 5608 1
5608 5610 1
5609 5615 1
5610 5611 1
5611 5612 1
5613 5614 1
5614 5616 1
5615 5620 1
5616 5617 1
5617 5618 1
5618 5619 1
5620 5727 1
5622 5623 1
5623 5624 1
5624 5625 1
5625 5626 1
5626 5627 1
5627 5628 1
5628 21603 1
5629 5631 1
5629 5727 1
5631 5634 1
5632 5633 1
5634 5636 1
5639 5645 1
5640 5641 1
5640 5644 1
5641 5643 1
5642 5643 1
5653 5654 1
5658 21385 1
5658 21396 1
5660 22266 1
5669 5670 1
5681 5682 1
5683 5684 1
5689 5702 1
5692 5693 1
5693 5698 1
5693 5699 1
5698 5699 1
5699 5700 1
5717 5718 1
5729 5731 1
5732 12464 1
5735 5737 1
5738 7008 1
5739 6129 1
5739 6383 1
5740 7487 1
5740 7492 1
5741 7070 1
5741 8503 1
5742 8509 1
5743 5744 1
5743 8512 1
5744 5745 1
5745 5747 1
5746 5748 1
5746 5760 1
5747 5749 1
5748 5750 1
5749 5754 1
5750 5752 1
5750 5753 1
5750 5755 1
5751 7070 1
5752 5759 1
5753 7797 1
5754 5756 1
5755 5758 1
5757 5759 1
5757 5838 1
5758 5837 1
5760 8511 1
5761 8506 1
5761 8508 1
5762 5763 1
5762 5815 1
5763 5764 1
5764 5766 1
5765 5876 1
5765 7496 1
5766 8349 1
5767 8354 1
5767 8356 1
5768 5920 1
5768 8355 1
5769 5770 1
5769 5918 1
5770 5792 1
5771 5773 1
5771 5850 1
5772 5774 1
5772 5844 1
5774 5788 1
5775 5776 1
5775 5789 1
5776 5778 1
5777 8337 1
5777 8361 1
5778 5779 1
5778 37010 1
5779 5780 1
5780 5782 1
5781 5783 1
5781 5791 1
5783 5797 1
5784 5791 1
5785 5844 1
5785 5845 1
5786 5810 1
5786 8139 1
5787 5790 1
5787 5793 1
5788 5789 1
5793 5794 1
5794 5795 1
5795 5796 1
5796 5821 1
5797 5819 1
5797 8362 1
5798 5799 1
5798 5821 1
5799 5819 1
5800 5801 1
5800 5803 1
5800 5820 1
5801 5805 1
5802 5804 1
5802 5819 1
5803 5807 1
5804 5812 1
5805 5806 1
5806 5812 1
5807 5809 1
5808 8342 1
5809 5811 1
5811 5813 1
5812 5815 1
5813 5814 1
5814 5816 1
5816 5817 1
5818 8351 1
5818 8453 1
5820 36992 1
5820 37010 1
5822 7877 1
5822 7878 1
5823 5824 1
5823 7734 1
5823 7736 1
5824 8106 1
5825 7880 1
5825 7912 1
5826 5829 1
5826 8130 1
5827 7940 1
5827 8051 1
5828 5847 1
5828 7495 1
5829 7689 1
5830 7680 1
5830 7682 1
5830 8133 1
5831 7930 1
5831 7935 1
5832 7935 1
5832 7995 1
5833 8002 1
5833 8011 1
5834 7744 1
5834 7749 1
5834 7756 1
5834 7757 1
5835 7783 1
5835 7784 1
5835 35616 1
5836 7784 1
5836 7799 1
5837 5840 1
5838 5841 1
5839 5874 1
5839 8136 1
5841 5842 1
5842 5843 1
5843 5844 1
5845 5846 1
5846 5848 1
5847 7494 1
5848 5849 1
5849 5850 1
5850 5851 1
5851 5852 1
5852 5853 1
5854 5856 1
5854 5866 1
5855 5857 1
5855 6008 1
5856 5859 1
5857 5860 1
5858 7539 1
5858 8488 1
5859 5861 1
5860 5870 1
5861 5870 1
5862 5863 1
5862 5869 1
5863 5864 1
5864 5865 1
5865 5866 1
5867 7501 1
5867 7552 1
5868 5869 1
5868 46972 1
5870 5871 1
5870 5872 1
5870 34511 1
5871 5873 1
5871 6015 1
5872 6015 1
5872 34511 1
5872 34512 1
5872 34513 1
5873 5973 1
5873 5978 1
5873 6019 1
5874 8134 1
5875 6702 1
5875 8453 1
5877 5878 1
5877 5879 1
5877 5880 1
5877 47093 1
5878 5879 1
5878 5880 1
5879 5883 1
5880 5881 1
5881 5885 1
5882 5983 1
5882 6887 1
5883 5884 1
5884 8496 1
5885 5906 1
5886 5891 1
5886 5916 1
5887 5888 1
5887 5890 1
5888 5889 1
5889 5891 1
5890 5892 1
5891 5894 1
5892 5893 1
5893 5961 1
5894 5896 1
5895 6047 1
5895 6890 1
5896 5897 1
5897 5898 1
5898 8439 1
5898 8441 1
5899 5901 1
5900 5912 1
5900 6892 1
5900 6894 1
5900 6895 1
5900 6898 1
5901 5902 1
5902 5903 1
5903 8442 1
5904 6896 1
5904 8096 1
5905 8452 1
5905 8457 1
5906 5908 1
5907 6897 1
5907 6911 1
5908 5909 1
5909 5911 1
5910 5911 1
5910 47151 1
5911 5913 1
5912 5974 1
5913 5914 1
5914 5915 1
5915 5916 1
5917 5995 1
5917 6900 1
5918 5922 1
5918 8356 1
5919 5941 1
5919 5943 1
5920 5923 1
5921 7617 1
5921 7618 1
5922 5924 1
5923 5925 1
5923 5928 1
5924 5927 1
5925 5928 1
5926 5942 1
5927 5932 1
5928 5933 1
5929 5934 1
5929 5945 1
5929 8423 1
5929 8425 1
5930 6160 1
5930 6513 1
5931 6005 1
5931 6910 1
5932 5935 1
5933 5936 1
5934 5937 1
5934 5971 1
5936 5937 1
5936 5942 1
5937 5942 1
5937 5968 1
5937 5969 1
5937 5976 1
5938 5939 1
5938 5999 1
5939 6005 1
5940 8462 1
5943 5945 1
5944 7620 1
5944 7637 1
5945 5958 1
5945 8460 1
5946 5948 1
5946 5958 1
5947 5955 1
5947 6525 1
5948 5951 1
5948 5958 1
5949 5950 1
5949 5960 1
5950 5952 1
5951 5953 1
5952 5953 1
5954 5956 1
5954 5960 1
5955 6535 1
5956 5984 1
5957 5960 1
5957 8445 1
5959 5962 1
5959 7621 1
5959 7636 1
5961 5963 1
5962 7644 1
5963 5964 1
5964 5965 1
5965 5966 1
5966 5967 1
5968 5973 1
5969 5971 1
5969 5972 1
5969 5976 1
5970 8095 1
5970 8102 1
5971 5972 1
5972 5976 1
5972 5978 1
5972 5981 1
5972 6001 1
5973 5975 1
5973 5977 1
5973 6002 1
5973 34515 1
5974 6899 1
5975 5977 1
5976 5977 1
5976 5978 1
5978 5982 1
5979 6691 1
5979 6702 1
5980 7618 1
5980 7619 1
5981 5982 1
5981 6000 1
5981 6001 1
5982 6001 1
5983 6047 1
5984 5988 1
5985 5987 1
5985 6000 1
5986 6005 1
5986 6525 1
5987 5989 1
5988 5998 1
5989 5994 1
5989 6007 1
5990 6193 1
5990 6913 1
5991 5993 1
5991 5998 1
5992 5996 1
5992 5998 1
5993 5994 1
5995 6899 1
5996 5997 1
5999 6014 1
6001 6004 1
6002 6015 1
6002 6024 1
6002 34515 1
6003 6889 1
6003 6892 1
6004 6013 1
6005 6969 1
6006 6007 1
6006 6009 1
6008 6009 1
6010 6033 1
6010 7619 1
6011 6012 1
6011 6013 1
6012 6016 1
6014 6033 1
6015 6016 1
6017 8092 1
6017 8093 1
6018 6020 1
6018 6901 1
6019 6022 1
6019 6023 1
6020 6904 1
6020 6910 1
6021 6022 1
6021 34514 1
6022 6023 1
6023 6024 1
6024 34358 1
6024 34454 1
6025 6026 1
6025 6031 1
6026 6032 1
6027 6895 1
6027 6896 1
6028 6029 1
6028 6031 1
6030 6032 1
6030 6051 1
6030 13589 1
6034 6035 1
6034 7098 1
6035 6041 1
6036 6037 1
6036 6041 1
6037 6038 1
6038 6039 1
6038 6042 1
6038 6043 1
6039 6040 1
6040 13596 1
6042 6043 1
6042 6044 1
6042 6064 1
6043 6045 1
6044 6064 1
6044 6066 1
6045 6048 1
6046 6049 1
6046 6050 1
6046 6064 1
6048 6052 1
6048 6054 1
6049 6050 1
6049 6053 1
6051 6052 1
6052 6054 1
6053 6055 1
6055 6057 1
6056 10858 1
6057 6058 1
6058 6059 1
6060 6061 1
6060 6065 1
6061 10882 1
6062 6898 1
6062 6911 1
6063 6065 1
6063 7089 1
6066 7071 1
6067 8085 1
6067 8089 1
6068 6098 1
6068 7494 1
6069 6075 1
6069 13733 1
6070 6071 1
6070 6075 1
6071 6072 1
6072 6073 1
6073 6074 1
6074 6274 1
6076 6106 1
6077 6105 1
6077 6108 1
6078 6102 1
6078 6105 1
6078 6114 1
6079 6775 1
6079 7276 1
6080 6293 1
6080 7502 1
6081 6109 1
6081 6111 1
6082 7269 1
6082 7270 1
6083 7273 1
6083 7278 1
6084 6111 1
6084 6868 1
6085 7273 1
6085 7274 1
6086 6778 1
6086 6780 1
6086 6783 1
6087 6781 1
6087 7240 1
6087 7354 1
6088 6090 1
6088 6784 1
6089 6110 1
6089 6869 1
6090 6100 1
6091 7246 1
6091 7247 1
6092 6094 1
6092 6642 1
6092 7247 1
6093 6095 1
6093 6100 1
6094 7257 1
6095 6618 1
6096 6107 1
6096 6615 1
6096 6619 1
6097 6103 1
6097 6462 1
6098 6112 1
6099 6107 1
6099 6616 1
6101 6103 1
6101 6110 1
6102 6612 1
6104 6293 1
6105 6114 1
6106 6256 1
6107 6619 1
6108 6189 1
6109 6114 1
6112 6137 1
6112 6148 1
6113 6612 1
6115 6118 1
6115 6769 1
6116 6774 1
6116 6788 1
6116 7277 1
6117 6119 1
6117 6797 1
6118 6122 1
6119 6123 1
6120 6128 1
6120 6293 1
6121 6124 1
6121 6774 1
6122 6126 1
6123 6789 1
6124 6125 1
6125 6792 1
6126 6127 1
6127 6242 1
6127 6789 1
6128 6167 1
6129 6130 1
6130 6131 1
6131 6519 1
6132 6133 1
6132 6768 1
6133 6747 1
6134 6135 1
6134 6747 1
6135 6164 1
6136 6162 1
6136 6169 1
6137 6148 1
6137 6177 1
6138 6150 1
6138 6161 1
6139 6161 1
6139 6165 1
6140 6151 1
6140 6796 1
6141 6142 1
6141 6165 1
6142 6750 1
6143 6146 1
6143 6158 1
6144 6750 1
6144 6766 1
6145 6992 1
6146 6791 1
6147 8089 1
6147 8105 1
6148 6307 1
6149 6152 1
6149 6162 1
6150 6156 1
6150 6994 1
6151 6163 1
6152 6153 1
6153 6748 1
6154 6156 1
6154 6164 1
6154 6992 1
6155 6168 1
6155 8413 1
6156 6994 1
6157 6307 1
6157 7382 1
6158 6796 1
6159 6513 1
6159 8413 1
6160 6514 1
6163 6994 1
6166 6748 1
6166 6764 1
6167 6204 1
6167 7493 1
6168 8285 1
6169 8285 1
6170 6189 1
6170 6867 1
6171 6199 1
6171 6767 1
6172 6174 1
6172 6176 1
6173 6195 1
6173 6201 1
6173 6765 1
6174 6197 1
6175 6176 1
6175 6865 1
6177 7530 1
6178 6756 1
6178 6765 1
6179 6180 1
6179 6198 1
6180 6759 1
6181 6751 1
6182 6203 1
6182 6753 1
6183 6184 1
6183 6185 1
6184 6194 1
6184 6202 1
6184 6754 1
6185 6756 1
6186 6188 1
6186 6517 1
6187 6192 1
6187 6202 1
6187 6753 1
6188 6518 1
6190 6954 1
6190 6967 1
6191 6520 1
6191 6954 1
6192 6902 1
6193 6518 1
6194 6516 1
6195 6761 1
6196 7524 1
6196 7535 1
6197 6200 1
6198 6200 1
6199 6755 1
6200 6765 1
6201 6763 1
6203 6751 1
6204 7518 1
6204 7519 1
6205 6207 1
6205 6278 1
6206 6208 1
6206 6209 1
6207 6208 1
6209 6210 1
6210 6211 1
6211 6231 1
6212 6214 1
6212 6232 1
6213 6214 1
6213 6239 1
6214 6235 1
6215 6217 1
6215 6231 1
6215 6235 1
6216 6239 1
6216 6240 1
6217 6219 1
6218 6221 1
6218 6233 1
6218 6234 1
6219 6222 1
6220 6237 1
6220 6238 1
6221 6233 1
6221 7134 1
6222 7137 1
6223 6224 1
6223 7141 1
6223 7158 1
6224 7158 1
6225 6236 1
6225 7475 1
6225 7534 1
6226 7144 1
6226 7160 1
6227 7109 1
6227 7144 1
6227 7147 1
6228 7149 1
6228 7151 1
6229 7156 1
6229 7159 1
6230 7110 1
6230 7155 1
6232 13734 1
6233 6238 1
6234 6240 1
6236 7815 1
6237 7133 1
6241 6243 1
6241 6792 1
6242 6771 1
6243 6248 1
6244 6245 1
6244 6791 1
6245 6794 1
6246 6600 1
6246 8084 1
6247 6257 1
6247 7534 1
6248 6255 1
6248 6790 1
6249 6251 1
6249 6771 1
6250 6252 1
6250 6794 1
6251 6265 1
6252 6254 1
6253 6773 1
6253 6790 1
6254 6262 1
6255 6268 1
6255 6790 1
6256 6773 1
6257 7428 1
6258 6260 1
6258 6261 1
6259 6260 1
6259 6262 1
6261 6793 1
6263 6264 1
6263 6265 1
6264 6267 1
6265 6272 1
6265 6793 1
6266 6315 1
6266 6323 1
6267 6758 1
6268 6269 1
6269 6270 1
6270 6271 1
6271 6758 1
6272 6761 1
6273 7104 1
6273 7117 1
6274 6276 1
6275 6295 1
6275 6772 1
6276 6277 1
6277 6281 1
6278 6279 1
6279 6281 1
6280 6282 1
6280 6296 1
6281 6283 1
6282 6284 1
6283 6284 1
6283 6285 1
6283 6297 1
6284 6285 1
6284 6297 1
6285 6297 1
6286 6297 1
6286 6298 1
6287 6298 1
6287 7234 1
6288 7233 1
6288 7235 1
6289 7235 1
6289 7345 1
6290 7345 1
6290 7349 1
6291 7266 1
6291 7353 1
6292 6779 1
6292 7347 1
6294 6644 1
6294 7245 1
6294 7248 1
6295 6296 1
6299 6314 1
6299 6659 1
6300 7227 1
6300 7296 1
6301 6302 1
6301 6303 1
6301 6314 1
6302 6303 1
6302 7282 1
6303 7285 1
6303 7289 1
6304 6305 1
6304 6320 1
6305 6306 1
6305 6319 1
6306 6319 1
6306 7287 1
6308 6309 1
6308 7295 1
6309 6324 1
6310 6313 1
6310 6320 1
6310 6329 1
6310 6331 1
6310 6803 1
6311 6312 1
6311 6321 1
6312 6324 1
6313 6704 1
6314 7212 1
6315 7444 1
6316 6317 1
6316 6318 1
6317 6321 1
6318 6319 1
6318 6724 1
6319 6724 1
6320 6329 1
6320 6331 1
6320 6803 1
6322 6384 1
6322 8105 1
6323 7529 1
6323 7530 1
6325 6326 1
6326 7263 1
6326 7264 1
6326 7265 1
6327 6329 1
6327 6334 1
6327 7284 1
6327 7293 1
6328 6628 1
6328 7264 1
6329 6331 1
6329 6334 1
6329 6803 1
6330 6332 1
6330 7263 1
6331 6803 1
6332 6627 1
6332 6800 1
6333 6342 1
6333 8228 1
6334 6801 1
6335 6338 1
6335 6999 1
6336 6337 1
6336 6362 1
6337 6821 1
6338 6357 1
6339 6344 1
6339 6354 1
6339 6356 1
6340 6351 1
6340 6819 1
6341 6343 1
6341 6351 1
6342 8229 1
6343 6354 1
6343 6632 1
6344 6345 1
6344 6354 1
6344 6357 1
6344 7037 1
6345 6354 1
6345 6357 1
6345 6393 1
6346 6394 1
6346 7037 1
6347 7044 1
6347 7585 1
6348 6352 1
6348 7032 1
6349 6350 1
6349 7032 1
6350 6403 1
6352 7036 1
6353 7587 1
6353 8124 1
6354 6357 1
6354 6436 1
6354 6632 1
6355 6356 1
6355 6369 1
6355 6995 1
6358 6470 1
6358 7579 1
6358 8231 1
6359 6360 1
6359 6817 1
6360 6361 1
6361 6363 1
6362 6364 1
6363 6367 1
6364 6369 1
6365 6367 1
6365 6369 1
6365 6996 1
6366 6367 1
6366 7000 1
6368 7582 1
6368 7586 1
6369 6995 1
6369 6996 1
6370 6371 1
6370 6374 1
6370 6388 1
6370 6856 1
6371 6375 1
6372 6377 1
6372 6721 1
6373 7601 1
6373 8231 1
6374 6388 1
6374 6856 1
6375 6387 1
6376 6379 1
6376 6387 1
6377 6380 1
6377 6929 1
6378 6386 1
6378 6388 1
6379 6381 1
6380 6382 1
6380 6929 1
6381 6937 1
6382 6928 1
6383 7008 1
6384 6463 1
6385 7604 1
6385 8232 1
6386 6389 1
6386 6932 1
6386 6939 1
6388 6856 1
6389 6958 1
6390 6391 1
6390 6423 1
6391 6416 1
6392 6413 1
6392 6416 1
6393 6409 1
6394 6422 1
6395 6464 1
6395 6522 1
6396 7035 1
6396 7050 1
6397 7057 1
6397 7061 1
6398 6401 1
6398 6418 1
6399 6415 1
6399 7057 1
6400 6402 1
6400 7066 1
6401 7051 1
6402 6404 1
6402 6405 1
6403 6411 1
6404 6406 1
6405 6407 1
6405 6412 1
6406 6411 1
6407 7067 1
6408 7058 1
6408 7060 1
6409 7033 1
6409 7034 1
6410 8232 1
6410 8233 1
6412 6415 1
6412 7051 1
6413 7378 1
6414 6423 1
6414 6425 1
6414 6445 1
6417 7061 1
6417 7063 1
6418 7033 1
6419 7113 1
6419 7588 1
6420 7375 1
6420 7392 1
6421 7405 1
6421 7411 1
6422 7035 1
6423 6445 1
6424 7653 1
6424 7658 1
6425 7034 1
6426 6433 1
6426 7006 1
6427 6451 1
6427 7004 1
6428 6453 1
6428 6455 1
6429 6448 1
6429 6455 1
6430 6475 1
6430 7659 1
6431 6432 1
6431 7003 1
6431 7007 1
6432 6434 1
6433 6435 1
6434 6436 1
6434 6450 1
6435 6443 1
6436 6442 1
6436 6450 1
6437 6956 1
6438 7146 1
6438 7603 1
6439 6440 1
6439 6450 1
6440 6441 1
6441 6446 1
6442 6446 1
6443 6445 1
6444 6451 1
6444 6481 1
6446 6476 1
6447 6502 1
6447 7728 1
6448 6452 1
6449 6452 1
6449 6500 1
6450 6452 1
6452 6722 1
6453 7005 1
6454 6489 1
6454 6507 1
6454 6813 1
6454 7444 1
6454 7852 1
6456 6457 1
6456 6884 1
6457 6458 1
6458 6930 1
6458 6933 1
6459 6465 1
6459 6877 1
6460 6461 1
6460 6933 1
6461 6467 1
6462 6468 1
6463 6558 1
6464 6489 1
6464 7601 1
6465 6466 1
6466 6471 1
6467 6473 1
6468 6472 1
6469 6471 1
6469 6915 1
6470 7044 1
6470 8231 1
6472 6474 1
6473 6973 1
6474 6914 1
6475 6502 1
6476 6480 1
6477 6478 1
6477 6950 1
6478 6479 1
6479 6484 1
6480 6499 1
6481 6498 1
6482 7113 1
6482 7583 1
6483 6485 1
6483 6500 1
6484 6486 1
6485 6486 1
6486 6490 1
6487 6491 1
6487 6843 1
6488 6493 1
6488 6499 1
6490 6493 1
6491 6494 1
6492 6497 1
6492 6498 1
6494 6593 1
6495 6497 1
6495 6603 1
6495 6605 1
6496 7668 1
6496 8236 1
6501 6504 1
6501 6951 1
6503 6505 1
6503 6948 1
6503 6977 1
6504 6509 1
6505 6508 1
6505 6974 1
6506 6510 1
6506 6948 1
6507 7603 1
6508 6511 1
6508 6955 1
6509 6512 1
6510 6512 1
6511 6972 1
6512 6970 1
6512 6975 1
6514 6699 1
6515 8085 1
6515 8212 1
6516 6520 1
6517 6760 1
6521 6523 1
6521 6535 1
6522 7604 1
6523 6524 1
6524 6526 1
6525 6534 1
6525 6540 1
6526 6527 1
6527 6529 1
6528 6530 1
6528 6922 1
6529 6541 1
6530 6541 1
6531 7653 1
6531 7667 1
6532 6539 1
6533 6969 1
6533 7633 1
6534 6536 1
6536 6543 1
6537 6643 1
6537 7562 1
6538 6539 1
6538 7632 1
6539 6542 1
6540 7629 1
6542 7633 1
6543 7632 1
6544 6546 1
6544 6549 1
6544 6672 1
6544 6677 1
6544 6977 1
6545 6547 1
6545 6553 1
6545 6556 1
6545 6980 1
6546 6547 1
6547 6548 1
6547 6550 1
6548 6550 1
6548 6553 1
6548 6554 1
6548 6565 1
6549 6550 1
6549 6673 1
6549 6677 1
6549 6828 1
6550 6577 1
6550 6677 1
6550 6828 1
6551 7306 1
6551 7564 1
6552 6555 1
6552 6643 1
6553 6556 1
6553 6557 1
6553 6974 1
6553 6980 1
6554 6556 1
6554 6561 1
6555 6560 1
6556 6557 1
6556 6563 1
6556 6830 1
6556 6974 1
6556 6980 1
6557 6562 1
6557 6563 1
6557 6577 1
6557 6830 1
6558 8091 1
6559 8191 1
6559 8194 1
6560 6564 1
6561 6563 1
6562 6981 1
6562 6983 1
6563 6566 1
6563 6577 1
6563 6582 1
6563 6983 1
6564 6570 1
6565 6566 1
6566 6567 1
6566 6569 1
6566 6577 1
6566 6582 1
6566 6983 1
6567 6568 1
6567 6677 1
6567 6683 1
6567 6961 1
6568 6569 1
6569 6571 1
6569 6577 1
6569 6961 1
6569 6964 1
6570 7612 1
6571 6572 1
6571 6576 1
6572 6573 1
6572 7819 1
6572 7878 1
6573 6575 1
6573 7819 1
6573 7878 1
6574 6575 1
6574 7871 1
6576 6577 1
6577 6579 1
6577 6582 1
6577 6583 1
6577 6983 1
6578 7272 1
6578 8195 1
6579 6580 1
6579 6583 1
6580 6581 1
6580 6729 1
6580 6733 1
6582 6583 1
6582 6983 1
6584 6587 1
6584 6594 1
6585 7869 1
6585 7873 1
6586 6589 1
6586 6743 1
6587 7569 1
6588 6590 1
6588 7869 1
6589 6591 1
6590 6596 1
6591 6593 1
6592 6593 1
6592 6744 1
6593 6595 1
6594 7275 1
6595 6596 1
6596 6597 1
6596 6603 1
6597 6598 1
6598 6599 1
6599 6602 1
6600 8082 1
6601 6611 1
6602 7943 1
6604 6605 1
6604 6606 1
6606 6607 1
6607 6608 1
6608 6609 1
6609 6610 1
6610 7011 1
6611 8197 1
6613 6614 1
6613 6868 1
6614 6615 1
6616 6885 1
6617 6621 1
6617 8196 1
6618 6620 1
6619 6622 1
6620 6622 1
6622 6623 1
6623 6880 1
6624 6625 1
6624 6812 1
6625 6640 1
6626 7611 1
6626 7614 1
6627 6640 1
6627 6641 1
6627 6800 1
6628 7029 1
6629 6630 1
6629 6640 1
6630 7027 1
6631 6637 1
6631 6638 1
6631 7029 1
6632 7027 1
6633 6634 1
6633 7030 1
6634 6636 1
6635 7288 1
6635 8202 1
6636 7038 1
6637 6638 1
6637 6639 1
6639 7028 1
6641 7030 1
6642 7247 1
6644 6657 1
6644 7248 1
6644 7249 1
6645 7250 1
6645 7256 1
6646 6671 1
6646 7255 1
6647 6650 1
6647 6663 1
6647 6666 1
6647 6671 1
6648 6660 1
6648 7260 1
6648 7300 1
6648 7313 1
6649 7301 1
6649 7303 1
6650 6664 1
6650 6666 1
6651 6652 1
6651 7303 1
6652 7302 1
6653 6660 1
6653 7316 1
6654 6667 1
6654 6670 1
6655 6664 1
6655 6665 1
6655 6670 1
6656 7295 1
6656 7312 1
6657 7249 1
6657 7250 1
6658 6665 1
6658 7291 1
6659 7316 1
6660 7316 1
6661 7504 1
6661 7506 1
6662 7251 1
6662 7260 1
6663 7311 1
6663 7314 1
6664 6670 1
6664 6861 1
6666 6855 1
6667 7315 1
6668 7315 1
6669 7503 1
6672 6677 1
6672 6678 1
6672 6920 1
6672 6924 1
6672 6977 1
6673 6675 1
6673 6677 1
6673 6978 1
6674 7346 1
6674 7493 1
6675 6676 1
6675 6677 1
6676 6678 1
6676 6679 1
6677 6680 1
6677 6682 1
6677 6683 1
6678 6680 1
6679 6680 1
6680 6683 1
6680 6684 1
6680 6961 1
6681 8221 1
6681 8224 1
6682 6683 1
6683 6961 1
6683 6962 1
6684 6959 1
6685 6700 1
6685 8123 1
6686 6701 1
6686 8221 1
6687 6698 1
6687 8123 1
6688 7485 1
6688 8351 1
6689 6690 1
6689 6703 1
6690 6691 1
6690 6841 1
6691 6841 1
6691 6845 1
6692 6694 1
6692 7490 1
6693 6893 1
6693 6997 1
6694 6695 1
6695 8083 1
6696 6701 1
6696 6706 1
6696 6909 1
6697 6943 1
6697 6971 1
6698 6703 1
6699 6841 1
6700 7010 1
6701 6706 1
6704 6707 1
6705 6707 1
6705 6724 1
6706 8216 1
6707 6708 1
6707 6709 1
6708 6711 1
6709 6710 1
6710 6727 1
6711 6713 1
6712 6714 1
6712 6727 1
6713 6726 1
6714 6716 1
6715 6726 1
6715 6728 1
6716 6718 1
6717 6722 1
6717 6728 1
6718 6719 1
6719 6723 1
6719 6998 1
6720 6721 1
6720 6722 1
6723 7005 1
6725 6731 1
6725 6735 1
6729 6733 1
6729 6985 1
6730 6786 1
6730 8099 1
6731 6966 1
6732 6734 1
6732 6984 1
6733 6736 1
6735 6746 1
6736 6737 1
6738 6740 1
6739 6741 1
6739 7867 1
6740 6745 1
6741 6743 1
6742 8216 1
6742 8219 1
6744 6745 1
6746 6757 1
6749 6757 1
6749 6770 1
6752 6766 1
6752 6767 1
6754 6755 1
6756 6763 1
6759 6760 1
6762 6770 1
6762 7515 1
6764 6768 1
6769 6798 1
6772 6799 1
6775 7267 1
6775 7268 1
6776 7271 1
6776 7274 1
6777 6778 1
6777 7271 1
6779 7348 1
6779 7349 1
6779 7352 1
6779 7353 1
6779 7354 1
6780 6781 1
6781 7354 1
6782 7516 1
6782 7517 1
6783 6784 1
6785 7244 1
6785 7246 1
6786 8227 1
6787 6802 1
6788 6797 1
6795 6826 1
6795 7580 1
6795 7581 1
6798 6799 1
6800 6804 1
6801 6805 1
6802 7056 1
6803 6810 1
6804 6806 1
6805 6806 1
6805 6807 1
6806 6807 1
6807 6808 1
6808 6809 1
6809 6823 1
6810 6824 1
6811 6815 1
6811 6823 1
6812 6815 1
6812 6825 1
6813 7444 1
6813 7581 1
6813 7584 1
6814 6815 1
6814 6816 1
6815 6825 1
6816 6818 1
6817 6824 1
6818 6821 1
6819 6822 1
6820 6826 1
6820 7581 1
6822 6825 1
6826 6827 1
6826 7581 1
6827 8152 1
6828 6829 1
6830 6832 1
6830 6972 1
6831 7182 1
6831 8152 1
6832 6833 1
6833 6834 1
6834 6836 1
6835 7135 1
6835 8238 1
6836 6837 1
6837 6838 1
6838 6839 1
6839 6842 1
6840 7491 1
6840 7512 1
6841 6845 1
6842 6843 1
6842 6950 1
6843 6950 1
6844 6880 1
6845 6859 1
6846 6864 1
6846 6882 1
6847 6849 1
6847 6864 1
6848 6851 1
6848 6852 1
6849 6850 1
6850 6852 1
6851 6853 1
6853 6854 1
6854 6855 1
6856 6858 1
6857 6860 1
6857 6863 1
6858 6862 1
6860 6862 1
6861 6863 1
6865 6867 1
6866 7489 1
6866 7490 1
6870 6871 1
6870 6885 1
6871 6872 1
6872 6873 1
6873 6874 1
6874 6876 1
6875 6881 1
6875 6886 1
6875 6902 1
6876 6877 1
6877 6878 1
6878 6879 1
6881 6902 1
6882 6883 1
6883 6884 1
6886 6893 1
6887 6982 1
6888 6889 1
6888 6988 1
6890 6891 1
6891 6894 1
6897 6913 1
6900 6901 1
6903 6905 1
6904 6906 1
6905 6907 1
6906 6908 1
6907 6908 1
6909 8212 1
6912 6916 1
6912 6997 1
6914 6919 1
6915 6920 1
6916 6926 1
6917 6918 1
6917 6919 1
6917 6922 1
6918 6921 1
6920 6975 1
6920 6978 1
6921 6923 1
6923 6925 1
6924 6925 1
6926 6934 1
6927 6930 1
6927 6931 1
6928 6935 1
6929 6937 1
6930 6933 1
6931 6932 1
6932 6939 1
6934 6943 1
6935 6957 1
6936 6937 1
6936 6944 1
6937 6942 1
6938 6945 1
6938 6956 1
6938 6957 1
6939 6940 1
6939 6955 1
6940 6948 1
6941 6944 1
6941 6953 1
6942 6947 1
6943 8083 1
6943 8090 1
6945 6947 1
6945 6950 1
6945 6957 1
6946 6949 1
6947 6950 1
6948 6977 1
6949 6951 1
6952 6953 1
6952 6958 1
6959 6962 1
6960 8088 1
6960 8090 1
6961 6964 1
6962 6963 1
6964 6968 1
6965 7009 1
6965 7010 1
6968 6969 1
6970 6977 1
6970 6978 1
6971 6988 1
6972 6974 1
6973 6975 1
6973 6978 1
6974 6980 1
6975 6978 1
6976 6979 1
6976 6982 1
6977 6978 1
6977 6980 1
6979 6993 1
6981 6984 1
6985 6986 1
6986 6989 1
6987 6989 1
6987 7870 1
6989 6990 1
6989 6991 1
6990 7875 1
6991 7872 1
6996 7002 1
6996 7003 1
6998 7000 1
6999 7001 1
7001 7004 1
7002 7004 1
7003 7007 1
7004 7006 1
7008 7009 1
7011 7013 1
7012 7014 1
7012 7942 1
7013 7018 1
7014 7019 1
7015 7018 1
7015 7019 1
7016 7072 1
7016 7500 1
7017 7119 1
7017 7146 1
7020 7021 1
7020 7944 1
7021 7022 1
7022 7024 1
7023 7602 1
7023 7605 1
7024 7025 1
7025 7026 1
7026 7378 1
7026 7387 1
7031 7517 1
7031 8213 1
7036 7038 1
7038 11130 1
7039 7040 1
7039 11155 1
7039 11161 1
7040 7041 1
7041 7042 1
7042 7043 1
7042 7059 1
7043 7045 1
7044 7582 1
7044 7583 1
7045 7046 1
7046 7047 1
7047 7049 1
7048 7065 1
7048 7371 1
7048 7393 1
7049 7394 1
7050 7066 1
7051 7067 1
7052 7054 1
7053 7054 1
7053 7067 1
7055 11172 1
7056 7508 1
7057 7058 1
7059 7062 1
7060 7064 1
7062 7065 1
7063 7369 1
7063 7376 1
7064 7068 1
7064 7370 1
7068 7372 1
7069 7073 1
7069 8238 1
7071 7075 1
7072 8142 1
7073 8286 1
7074 7089 1
7074 7090 1
7075 7076 1
7076 7077 1
7076 7094 1
7077 7078 1
7077 7094 1
7078 7097 1
7079 7081 1
7079 7118 1
7080 8120 1
7080 8128 1
7081 7093 1
7082 7118 1
7082 7122 1
7083 7086 1
7083 7093 1
7084 7092 1
7084 7097 1
7085 7088 1
7085 7097 1
7085 7168 1
7086 7126 1
7087 7540 1
7087 8273 1
7088 7125 1
7090 7091 1
7091 7094 1
7092 7095 1
7095 7187 1
7096 7182 1
7098 7101 1
7099 7100 1
7099 7115 1
7099 7117 1
7100 7102 1
7100 7115 1
7101 7103 1
7102 7108 1
7103 7105 1
7103 7107 1
7104 7109 1
7105 7111 1
7106 7112 1
7106 7160 1
7107 7108 1
7108 7110 1
7109 7147 1
7111 7325 1
7112 7116 1
7114 7116 1
7114 7140 1
7119 7598 1
7120 7121 1
7120 7123 1
7121 11236 1
7122 7131 1
7123 7124 1
7124 7131 1
7125 7126 1
7126 7170 1
7127 7171 1
7127 7189 1
7128 7129 1
7128 7185 1
7129 7208 1
7130 7339 1
7132 7674 1
7132 8128 1
7133 7164 1
7134 7138 1
7135 8256 1
7136 8213 1
7136 8214 1
7137 7141 1
7137 7162 1
7138 7139 1
7139 7140 1
7142 7143 1
7142 7145 1
7142 7158 1
7142 7347 1
7143 7145 1
7143 7158 1
7145 7158 1
7145 7161 1
7145 7167 1
7147 7148 1
7148 7150 1
7149 7150 1
7149 7152 1
7150 7152 1
7151 7159 1
7152 7155 1
7153 7154 1
7153 7231 1
7154 7156 1
7156 7157 1
7157 7342 1
7158 7347 1
7161 7230 1
7162 7165 1
7163 7167 1
7164 7165 1
7166 7190 1
7166 8241 1
7168 7178 1
7169 7171 1
7169 7172 1
7170 7178 1
7172 7176 1
7173 7174 1
7173 7191 1
7174 7189 1
7175 7177 1
7175 7179 1
7176 7178 1
7178 7183 1
7179 7180 1
7180 7181 1
7181 7184 1
7183 7184 1
7183 7185 1
7186 7507 1
7186 7511 1
7186 8290 1
7188 7191 1
7188 7344 1
7190 7510 1
7190 8290 1
7192 7196 1
7192 10737 1
7193 7195 1
7193 7206 1
7194 7195 1
7194 7196 1
7197 8414 1
7197 8420 1
7198 7199 1
7198 7208 1
7199 7200 1
7200 7201 1
7201 7228 1
7201 7229 1
7201 7356 1
7202 8142 1
7202 8316 1
7203 7528 1
7203 8426 1
7204 7210 1
7204 7366 1
7205 7206 1
7205 7207 1
7207 7210 1
7209 7525 1
7209 8150 1
7211 7212 1
7211 7213 1
7213 7214 1
7214 7219 1
7215 7216 1
7216 7217 1
7217 7218 1
7218 7219 1
7219 7220 1
7220 7221 1
7221 7222 1
7222 7223 1
7223 7224 1
7224 7226 1
7225 7556 1
7225 8153 1
7226 7227 1
7226 7228 1
7227 7228 1
7227 7356 1
7227 7358 1
7228 7229 1
7228 7356 1
7229 7356 1
7230 7232 1
7231 7239 1
7232 7347 1
7233 7238 1
7234 7237 1
7236 7239 1
7236 7355 1
7237 7238 1
7240 7241 1
7241 7243 1
7242 7245 1
7242 7348 1
7242 7351 1
7243 7244 1
7251 7256 1
7252 7259 1
7253 7258 1
7253 7259 1
7254 7542 1
7254 7557 1
7255 7262 1
7258 7262 1
7260 7300 1
7261 7305 1
7261 8146 1
7263 7264 1
7265 7294 1
7266 7267 1
7268 7269 1
7270 7278 1
7272 8196 1
7275 7574 1
7276 7279 1
7277 7279 1
7280 7576 1
7280 7612 1
7280 7614 1
7281 7284 1
7281 7360 1
7282 7296 1
7283 7285 1
7283 7290 1
7284 7293 1
7285 7289 1
7286 7287 1
7286 7289 1
7288 8200 1
7290 7297 1
7290 7298 1
7291 7297 1
7292 8203 1
7292 8204 1
7293 7294 1
7297 7298 1
7299 7565 1
7299 7568 1
7300 7302 1
7301 7314 1
7304 7310 1
7304 7339 1
7305 8147 1
7306 8191 1
7307 7308 1
7307 7313 1
7308 7309 1
7309 7310 1
7311 7312 1
7317 7318 1
7317 7342 1
7318 7319 1
7319 7320 1
7320 7321 1
7321 7322 1
7322 7323 1
7324 7325 1
7324 7341 1
7326 7327 1
7326 7343 1
7327 7331 1
7328 7333 1
7328 7335 1
7329 7332 1
7329 7335 1
7330 7498 1
7330 7563 1
7331 7332 1
7331 7344 1
7332 7344 1
7333 7334 1
7334 7336 1
7336 7338 1
7337 7338 1
7337 7339 1
7340 7493 1
7340 7495 1
7340 7496 1
7341 7343 1
7346 7350 1
7347 7355 1
7350 7503 1
7350 7504 1
7351 7352 1
7352 7353 1
7352 7354 1
7353 7354 1
7356 7358 1
7357 7358 1
7357 7359 1
7358 7367 1
7359 7364 1
7360 7365 1
7360 7367 1
7361 7499 1
7361 8150 1
7362 7363 1
7362 7364 1
7363 7366 1
7368 7390 1
7368 7524 1
7369 7376 1
7371 7391 1
7372 7380 1
7373 7374 1
7373 7377 1
7373 7381 1
7374 7391 1
7374 7395 1
7374 7396 1
7375 7379 1
7376 7378 1
7376 7379 1
7377 7383 1
7378 7379 1
7378 7387 1
7380 7383 1
7381 7384 1
7383 7385 1
7384 7389 1
7385 7392 1
7386 7388 1
7386 10859 1
7387 7400 1
7388 7399 1
7389 7399 1
7390 7520 1
7390 8352 1
7391 7395 1
7391 7396 1
7393 7395 1
7394 7396 1
7395 7396 1
7396 7398 1
7397 7398 1
7397 10863 1
7399 10881 1
7400 7401 1
7401 7402 1
7402 7403 1
7403 7404 1
7404 7405 1
7406 7408 1
7406 8045 1
7407 7410 1
7407 7438 1
7408 7412 1
7409 7410 1
7409 8045 1
7411 7412 1
7413 7414 1
7413 7421 1
7413 7438 1
7413 7440 1
7414 7415 1
7415 7417 1
7416 7421 1
7416 7422 1
7417 7418 1
7418 7419 1
7419 7420 1
7420 10896 1
7421 7438 1
7421 7440 1
7422 7465 1
7423 7424 1
7423 7463 1
7424 7425 1
7425 7462 1
7426 7455 1
7426 8037 1
7427 7525 1
7427 8440 1
7428 7466 1
7429 7435 1
7429 7449 1
7430 7437 1
7430 7438 1
7430 7440 1
7431 7454 1
7431 7459 1
7432 7445 1
7432 7461 1
7433 7434 1
7433 7457 1
7434 7450 1
7435 7450 1
7435 7452 1
7436 7437 1
7436 7459 1
7437 7438 1
7437 7440 1
7437 8037 1
7438 7440 1
7438 8037 1
7439 7460 1
7439 8039 1
7440 8037 1
7441 7442 1
7441 7443 1
7442 7451 1
7443 7448 1
7444 7519 1
7444 8150 1
7445 8039 1
7446 7458 1
7446 8183 1
7447 7460 1
7447 8043 1
7448 8040 1
7449 7458 1
7451 35356 1
7452 8040 1
7453 7456 1
7453 8038 1
7454 7456 1
7455 8032 1
7455 8036 1
7457 8039 1
7461 8038 1
7462 35429 1
7462 35446 1
7462 35447 1
7463 7464 1
7463 7469 1
7464 7467 1
7465 7469 1
7466 7520 1
7466 7534 1
7466 8382 1
7467 7468 1
7468 7470 1
7469 7471 1
7470 7472 1
7471 7481 1
7472 7476 1
7473 7477 1
7473 7481 1
7474 7478 1
7474 7479 1
7475 7534 1
7475 7536 1
7475 7538 1
7476 7478 1
7479 7480 1
7482 8069 1
7482 8078 1
7482 35494 1
7483 7484 1
7483 7523 1
7484 7485 1
7486 7487 1
7486 7523 1
7488 7489 1
7488 7492 1
7493 7496 1
7496 7563 1
7497 7502 1
7498 7501 1
7499 7556 1
7499 7557 1
7500 7526 1
7500 7527 1
7505 8390 1
7506 7507 1
7507 7511 1
7508 7509 1
7509 7510 1
7512 7513 1
7513 7514 1
7514 8080 1
7515 7516 1
7518 7519 1
7518 8352 1
7518 8359 1
7520 7533 1
7520 8352 1
7520 8359 1
7520 8382 1
7521 7522 1
7521 8454 1
7522 8420 1
7526 7531 1
7527 8340 1
7528 8437 1
7529 8340 1
7532 8382 1
7532 8390 1
7532 8414 1
7535 7538 1
7536 7857 1
7537 7547 1
7537 8488 1
7537 47541 1
7539 7552 1
7540 7559 1
7541 8264 1
7541 8273 1
7542 7706 1
7542 7776 1
7543 7544 1
7543 7692 1
7544 7545 1
7545 7548 1
7546 7838 1
7546 7971 1
7547 7558 1
7547 8139 1
7547 8488 1
7548 7555 1
7549 7551 1
7549 7555 1
7550 7554 1
7550 7838 1
7551 7553 1
7553 8297 1
7554 7567 1
7558 8237 1
7559 7589 1
7560 7561 1
7560 8466 1
7560 8480 1
7561 7562 1
7564 8480 1
7565 7675 1
7566 7567 1
7566 7631 1
7568 7570 1
7569 8297 1
7570 7571 1
7571 7572 1
7573 7577 1
7573 8476 1
7574 7578 1
7575 7611 1
7575 7615 1
7575 7759 1
7576 7578 1
7577 8458 1
7579 8230 1
7580 8226 1
7582 7583 1
7584 7592 1
7585 7592 1
7586 7587 1
7588 7590 1
7589 7590 1
7591 7595 1
7591 7606 1
7591 8271 1
7593 7594 1
7593 7724 1
7595 7606 1
7595 7613 1
7596 7599 1
7597 7607 1
7597 7800 1
7598 7610 1
7599 8228 1
7600 7608 1
7600 7800 1
7602 7610 1
7605 7730 1
7606 7737 1
7607 7723 1
7608 7729 1
7609 7737 1
7609 8329 1
7613 7622 1
7613 7634 1
7615 7616 1
7615 8210 1
7616 8202 1
7617 7643 1
7620 7640 1
7621 7641 1
7622 7755 1
7623 7627 1
7623 7628 1
7624 7625 1
7624 7626 1
7625 7629 1
7626 7639 1
7627 7644 1
7628 7630 1
7630 7639 1
7631 8476 1
7634 7646 1
7635 7670 1
7636 7642 1
7637 7648 1
7638 7643 1
7640 7642 1
7641 7652 1
7645 7647 1
7645 7670 1
7646 7747 1
7647 7651 1
7648 7667 1
7649 7650 1
7649 7816 1
7650 7666 1
7651 7657 1
7652 7656 1
7654 7655 1
7654 7656 1
7655 7669 1
7657 7660 1
7657 7669 1
7658 7659 1
7659 7662 1
7660 7661 1
7661 7663 1
7662 7665 1
7663 7671 1
7664 7747 1
7664 7764 1
7665 7668 1
7666 7670 1
7671 7704 1
7672 7692 1
7672 8264 1
7673 7696 1
7673 7755 1
7674 7691 1
7675 7676 1
7676 7688 1
7677 8116 1
7677 8120 1
7678 7679 1
7678 7744 1
7679 7680 1
7681 7693 1
7681 7697 1
7682 7686 1
7682 7694 1
7683 7685 1
7683 7772 1
7684 7685 1
7684 7743 1
7685 7701 1
7686 7690 1
7686 7694 1
7687 7699 1
7687 7700 1
7687 7744 1
7688 7698 1
7689 7695 1
7690 7881 1
7690 7921 1
7691 8264 1
7693 8108 1
7694 7701 1
7695 7699 1
7696 7721 1
7697 7913 1
7698 7702 1
7699 7744 1
7700 7702 1
7703 7707 1
7703 7829 1
7704 7709 1
7705 7834 1
7706 7776 1
7706 8185 1
7707 7712 1
7707 7716 1
7707 7722 1
7708 7714 1
7708 7728 1
7709 7712 1
7710 7713 1
7710 7714 1
7711 7764 1
7711 8189 1
7713 7717 1
7715 7718 1
7715 7725 1
7716 7722 1
7716 7723 1
7717 7718 1
7719 7720 1
7719 7725 1
7720 7726 1
7722 7723 1
7722 7724 1
7724 7726 1
7727 8189 1
7727 8190 1
7729 7734 1
7730 7731 1
7731 7732 1
7732 7733 1
7733 7735 1
7736 7738 1
7738 7741 1
7739 7740 1
7739 7742 1
7741 7742 1
7742 8115 1
7743 7773 1
7744 7749 1
7745 7750 1
7745 7770 1
7745 7772 1
7746 7748 1
7746 7778 1
7748 7773 1
7750 7769 1
7750 7770 1
7751 7769 1
7751 7775 1
7752 7753 1
7752 7767 1
7753 7758 1
7754 7761 1
7754 7775 1
7756 7759 1
7757 7760 1
7758 7763 1
7760 7768 1
7761 7771 1
7762 7765 1
7762 7768 1
7765 7766 1
7766 7771 1
7766 7779 1
7767 7770 1
7774 7778 1
7776 8326 1
7777 7851 1
7777 8004 1
7777 8225 1
7779 7780 1
7780 7781 1
7781 7782 1
7782 7783 1
7784 7790 1
7784 35616 1
7785 7789 1
7785 7796 1
7786 7796 1
7786 7799 1
7787 7788 1
7787 7789 1
7788 7798 1
7790 7792 1
7791 7798 1
7792 7797 1
7793 7821 1
7793 7832 1
7794 7795 1
7794 8507 1
7795 8501 1
7801 7802 1
7801 7847 1
7802 7803 1
7803 7805 1
7803 7807 1
7804 7806 1
7804 7976 1
7805 7807 1
7805 7902 1
7805 7909 1
7806 7809 1
7807 7808 1
7808 7811 1
7809 7813 1
7810 7811 1
7810 7812 1
7812 7813 1
7812 7814 1
7813 7814 1
7814 8154 1
7815 7826 1
7816 7866 1
7817 7820 1
7817 7822 1
7817 7830 1
7817 7959 1
7818 7823 1
7818 7860 1
7818 7865 1
7819 7820 1
7819 7861 1
7820 7822 1
7821 7826 1
7822 7825 1
7822 7864 1
7823 7828 1
7824 7830 1
7824 7980 1
7825 7827 1
7827 7831 1
7828 7829 1
7831 7833 1
7832 7851 1
7833 7834 1
7833 7837 1
7835 7836 1
7835 7968 1
7836 7839 1
7837 7849 1
7839 7841 1
7840 7848 1
7840 7849 1
7841 7842 1
7842 7843 1
7843 7844 1
7843 7848 1
7844 7846 1
7844 7848 1
7844 7850 1
7845 7847 1
7845 7850 1
7846 7850 1
7846 7877 1
7852 7854 1
7852 7874 1
7853 7855 1
7853 7875 1
7853 7948 1
7854 7856 1
7855 7859 1
7856 7858 1
7856 7860 1
7857 7876 1
7858 7861 1
7859 7864 1
7862 7863 1
7862 7865 1
7863 7866 1
7867 7868 1
7868 7870 1
7871 7874 1
7873 7875 1
7875 7948 1
7876 7982 1
7878 7879 1
7879 7880 1
7880 7910 1
7881 7908 1
7882 7885 1
7882 7908 1
7883 8185 1
7883 8281 1
7884 7905 1
7884 7982 1
7885 7888 1
7885 7912 1
7886 7887 1
7886 7888 1
7886 7912 1
7887 7889 1
7888 7912 1
7888 7914 1
7889 7907 1
7890 7892 1
7890 7907 1
7891 7892 1
7891 7893 1
7891 7914 1
7892 7893 1
7892 7894 1
7893 7896 1
7893 7914 1
7894 7895 1
7895 7898 1
7896 7897 1
7897 7899 1
7897 7900 1
7897 8054 1
7898 7911 1
7899 7901 1
7900 7934 1
7901 7917 1
7902 7916 1
7903 7906 1
7903 7917 1
7904 7916 1
7904 8157 1
7905 7915 1
7906 8074 1
7909 7911 1
7910 7912 1
7910 7913 1
7915 8270 1
7915 8275 1
7918 7920 1
7918 8075 1
7919 7928 1
7919 7934 1
7919 7935 1
7920 7926 1
7921 7939 1
7922 7925 1
7922 7927 1
7923 7924 1
7923 7941 1
7924 7936 1
7925 7929 1
7926 7937 1
7927 7940 1
7928 7929 1
7928 7935 1
7930 7936 1
7931 7932 1
7931 7938 1
7932 7996 1
7933 7941 1
7937 7938 1
7939 7941 1
7942 7945 1
7943 7962 1
7944 7965 1
7945 7966 1
7946 7953 1
7946 7965 1
7947 7949 1
7947 7962 1
7949 7950 1
7949 7951 1
7949 7963 1
7949 7966 1
7950 7951 1
7950 7952 1
7951 7958 1
7952 7953 1
7952 7954 1
7953 7954 1
7954 7961 1
7954 7964 1
7954 8024 1
7955 7957 1
7955 7963 1
7956 7957 1
7956 7967 1
7958 7960 1
7959 7967 1
7960 7985 1
7961 8024 1
7964 7993 1
7968 7980 1
7969 7970 1
7969 7980 1
7970 7972 1
7971 8326 1
7972 7973 1
7973 7974 1
7973 7975 1
7974 7977 1
7975 7976 1
7977 7978 1
7978 7981 1
7979 7981 1
7979 7983 1
7983 7994 1
7984 7989 1
7984 7994 1
7985 7986 1
7986 7987 1
7987 7988 1
7988 7989 1
7988 7990 1
7989 7990 1
7989 7992 1
7990 7991 1
7991 7993 1
7992 8015 1
7995 8000 1
7996 8013 1
7997 7998 1
7997 7999 1
7998 8001 1
7999 8005 1
8000 8001 1
8002 8005 1
8003 8012 1
8003 8013 1
8006 8007 1
8006 8012 1
8006 35500 1
8007 8008 1
8007 8012 1
8008 8009 1
8009 8010 1
8011 8013 1
8014 8017 1
8014 8041 1
8015 8017 1
8016 8018 1
8016 8041 1
8016 8156 1
8016 8158 1
8018 8019 1
8019 8020 1
8020 8022 1
8021 8022 1
8021 8023 1
8023 8025 1
8024 8026 1
8025 8027 1
8026 8028 1
8026 8032 1
8027 8029 1
8028 8030 1
8029 8030 1
8030 8031 1
8030 8032 1
8031 8035 1
8032 8033 1
8032 8037 1
8033 8042 1
8034 8046 1
8034 8177 1
8034 8183 1
8035 8044 1
8036 8037 1
8036 8042 1
8044 8046 1
8047 8071 1
8047 8072 1
8048 8051 1
8048 8054 1
8049 8052 1
8049 8076 1
8050 8053 1
8050 8073 1
8052 8077 1
8053 8055 1
8054 8057 1
8055 8059 1
8056 8058 1
8056 8077 1
8056 8079 1
8057 8060 1
8057 8062 1
8057 8079 1
8058 8061 1
8058 8077 1
8059 8063 1
8059 8064 1
8060 8075 1
8061 8070 1
8062 8068 1
8062 8079 1
8063 8064 1
8063 8175 1
8064 8066 1
8065 8067 1
8065 8070 1
8068 8069 1
8071 8167 1
8072 8074 1
8073 8076 1
8080 8082 1
8081 8098 1
8081 8237 1
8084 8085 1
8085 8086 1
8086 8087 1
8087 8088 1
8091 8092 1
8093 8094 1
8094 8103 1
8095 8103 1
8096 8104 1
8097 8102 1
8097 8104 1
8098 8239 1
8098 8283 1
8098 47364 1
8099 8101 1
8100 8101 1
8100 8104 1
8106 8110 1
8107 8108 1
8107 8109 1
8107 8110 1
8108 8109 1
8108 8110 1
8109 8111 1
8111 8113 1
8112 8239 1
8112 8240 1
8113 8115 1
8114 8117 1
8115 8116 1
8115 8118 1
8116 8118 1
8117 8119 1
8118 8121 1
8119 8126 1
8121 8122 1
8122 8125 1
8124 8281 1
8125 8127 1
8126 8130 1
8127 8129 1
8129 8130 1
8130 8131 1
8131 8132 1
8132 8133 1
8134 8240 1
8135 8138 1
8135 8240 1
8136 8137 1
8138 8143 1
8140 8148 1
8140 8288 1
8141 8241 1
8141 8256 1
8143 8201 1
8144 8286 1
8144 8316 1
8145 8146 1
8145 8316 1
8147 8149 1
8148 8174 1
8149 8151 1
8151 8153 1
8154 8155 1
8155 8156 1
8157 8159 1
8158 8161 1
8159 8165 1
8160 8161 1
8160 8163 1
8162 8164 1
8162 8166 1
8163 8168 1
8164 8165 1
8164 8169 1
8165 8167 1
8165 8169 1
8166 8168 1
8169 8170 1
8169 8172 1
8170 8171 1
8171 8175 1
8171 8178 1
8172 8173 1
8173 8176 1
8174 8209 1
8175 8178 1
8176 8177 1
8178 8179 1
8179 8180 1
8180 8181 1
8181 8182 1
8182 8184 1
8184 8186 1
8186 8187 1
8187 8188 1
8190 8192 1
8192 8193 1
8193 8194 1
8194 8195 1
8197 8198 1
8198 8199 1
8199 8200 1
8203 8207 1
8204 8208 1
8205 8206 1
8205 8207 1
8206 8269 1
8206 8499 1
8208 8210 1
8209 8225 1
8210 8211 1
8214 8215 1
8215 8217 1
8217 8218 1
8218 8220 1
8219 8222 1
8220 8222 1
8222 8223 1
8223 8226 1
8224 8227 1
8229 8230 1
8233 8234 1
8234 8235 1
8235 8236 1
8242 8245 1
8242 8267 1
8243 8244 1
8243 8267 1
8244 8333 1
8245 8246 1
8246 8247 1
8247 8268 1
8248 8251 1
8248 8268 1
8249 8255 1
8249 8300 1
8250 8253 1
8250 8268 1
8251 8252 1
8253 8254 1
8254 8255 1
8254 8257 1
8255 8257 1
8257 8258 1
8258 8269 1
8259 8260 1
8259 8299 1
8260 8261 1
8261 8498 1
8262 8263 1
8262 8499 1
8262 8501 1
8263 8501 1
8263 8504 1
8265 8266 1
8265 8498 1
8266 8500 1
8270 8272 1
8271 8274 1
8272 8274 1
8275 8276 1
8276 8280 1
8277 8280 1
8278 8279 1
8279 8282 1
8280 8464 1
8280 8467 1
8282 8468 1
8283 8284 1
8284 8287 1
8284 8292 1
8287 46857 1
8287 46866 1
8288 8289 1
8289 8293 1
8291 8295 1
8291 46866 1
8292 8294 1
8293 8294 1
8293 8366 1
8293 8368 1
8294 8296 1
8295 8298 1
8296 8367 1
8298 8366 1
8299 8318 1
8300 8304 1
8300 8306 1
8301 8303 1
8301 8335 1
8302 8329 1
8302 8332 1
8303 8304 1
8304 8306 1
8304 8320 1
8304 8323 1
8304 8328 1
8304 8335 1
8305 8313 1
8305 8319 1
8306 8307 1
8306 8320 1
8307 8317 1
8308 8317 1
8308 8322 1
8309 8322 1
8309 8330 1
8310 8314 1
8310 8315 1
8310 8330 1
8311 8473 1
8311 8474 1
8312 8325 1
8312 8334 1
8313 8321 1
8314 8330 1
8315 8324 1
8318 8319 1
8320 8321 1
8323 8327 1
8324 8341 1
8325 8421 1
8325 8423 1
8327 8334 1
8328 8332 1
8331 8335 1
8331 8336 1
8333 8336 1
8338 8358 1
8338 8361 1
8339 8358 1
8339 8362 1
8339 8364 1
8341 8357 1
8342 8343 1
8343 8344 1
8344 8363 1
8345 8346 1
8345 8363 1
8346 8347 1
8347 8353 1
8348 8365 1
8349 8353 1
8350 8353 1
8350 8354 1
8350 8355 1
8352 8359 1
8352 8382 1
8353 8365 1
8357 8364 1
8359 8395 1
8360 8422 1
8360 8424 1
8362 8364 1
8366 8368 1
8367 8369 1
8368 8370 1
8368 8374 1
8369 8372 1
8370 8371 1
8370 8374 1
8371 8373 1
8372 8375 1
8372 8384 1
8373 8379 1
8374 8376 1
8375 8377 1
8375 8385 1
8376 8381 1
8377 8379 1
8377 8385 1
8378 8380 1
8378 8381 1
8380 8383 1
8382 8390 1
8383 47204 1
8384 8386 1
8385 8387 1
8386 8401 1
8387 8388 1
8388 8393 1
8389 8391 1
8389 8401 1
8389 8404 1
8390 8395 1
8391 8392 1
8392 8394 1
8393 8397 1
8394 8396 1
8395 8407 1
8396 8398 1
8397 8400 1
8398 8399 1
8399 8419 1
8400 8478 1
8402 8403 1
8402 8481 1
8403 8419 1
8404 8405 1
8405 8406 1
8406 8408 1
8406 8470 1
8406 8477 1
8407 8417 1
8408 8409 1
8409 8410 1
8410 8411 1
8411 8418 1
8412 8415 1
8412 8418 1
8415 8416 1
8416 8449 1
8417 8426 1
8421 8423 1
8423 8425 1
8424 8428 1
8425 8427 1
8425 8434 1
8427 8429 1
8428 8431 1
8429 8432 1
8430 8431 1
8430 8433 1
8432 8436 1
8433 8435 1
8434 8451 1
8435 8459 1
8436 8447 1
8437 8440 1
8437 8448 1
8438 8439 1
8438 8450 1
8439 8441 1
8441 8443 1
8441 8444 1
8442 8443 1
8443 8444 1
8443 8445 1
8444 8446 1
8446 8447 1
8448 8458 1
8449 8450 1
8451 8455 1
8454 8463 1
8455 8457 1
8456 8457 1
8456 8459 1
8457 8460 1
8457 8461 1
8460 8461 1
8461 8462 1
8463 8466 1
8464 8465 1
8465 8470 1
8467 8473 1
8468 8469 1
8469 8471 1
8470 8472 1
8471 8472 1
8473 8474 1
8474 8475 1
8475 8477 1
8478 8479 1
8478 8483 1
8479 8482 1
8479 8483 1
8481 8484 1
8482 8486 1
8483 8485 1
8484 8487 1
8485 8489 1
8487 8491 1
8488 8503 1
8489 8490 1
8490 8492 1
8491 8493 1
8492 8497 1
8494 8495 1
8494 8497 1
8495 8496 1
8500 8502 1
8502 8505 1
8504 8505 1
8505 8506 1
8507 8511 1
8508 8509 1
8508 8510 1
8510 8512 1
8513 8965 1
8513 9328 1
8514 8865 1
8514 8868 1
8515 9560 1
8515 9578 1
8516 8719 1
8517 9554 1
8517 9644 1
8518 8519 1
8518 9554 1
8518 9556 1
8519 8521 1
8519 8727 1
8519 9554 1
8519 9670 1
8519 9674 1
8520 8522 1
8520 8526 1
8520 8678 1
8520 9020 1
8520 9023 1
8520 9031 1
8520 9204 1
8521 8584 1
8521 9554 1
8522 8524 1
8522 8595 1
8522 8662 1
8522 8676 1
8522 8678 1
8522 9020 1
8522 9023 1
8522 9031 1
8522 9204 1
8523 8528 1
8523 9554 1
8523 9656 1
8523 9680 1
8525 8584 1
8525 8727 1
8525 8730 1
8525 8735 1
8525 9543 1
8525 9556 1
8525 9670 1
8525 9674 1
8526 8595 1
8526 8662 1
8527 8578 1
8527 8739 1
8528 8577 1
8528 8582 1
8528 9680 1
8529 8627 1
8529 8710 1
8530 8585 1
8530 8631 1
8530 8715 1
8530 8730 1
8531 8533 1
8532 8572 1
8532 9588 1
8533 9514 1
8534 8576 1
8534 9527 1
8535 9514 1
8535 9624 1
8536 9077 1
8536 9610 1
8537 8547 1
8537 8555 1
8538 9002 1
8539 8542 1
8539 9002 1
8540 8541 1
8540 9545 1
8541 8597 1
8542 8770 1
8543 8545 1
8543 9636 1
8544 8545 1
8544 9007 1
8544 9555 1
8545 9038 1
8546 8547 1
8546 9548 1
8548 8735 1
8548 9548 1
8549 8551 1
8549 8581 1
8550 8555 1
8550 9544 1
8551 8553 1
8551 8580 1
8551 8605 1
8552 8553 1
8552 8558 1
8554 8711 1
8554 9601 1
8554 9602 1
8554 9605 1
8555 8556 1
8556 8557 1
8559 8573 1
8559 8634 1
8560 9246 1
8560 9247 1
8561 8563 1
8561 8570 1
8561 8705 1
8562 8700 1
8562 8701 1
8562 8708 1
8563 8565 1
8563 8570 1
8564 8616 1
8564 8664 1
8565 8568 1
8566 8569 1
8566 8575 1
8567 8574 1
8567 8684 1
8567 9261 1
8567 9265 1
8567 9269 1
8568 8696 1
8569 8574 1
8570 9460 1
8571 9314 1
8571 9332 1
8571 9336 1
8571 9341 1
8573 8575 1
8574 8689 1
8576 8607 1
8577 8587 1
8577 9550 1
8578 8580 1
8578 8589 1
8578 9544 1
8579 8580 1
8579 8587 1
8580 8586 1
8581 8586 1
8582 8583 1
8582 9546 1
8583 8591 1
8583 9546 1
8584 9542 1
8584 9543 1
8584 9670 1
8585 8631 1
8585 8713 1
8585 8725 1
8585 8733 1
8585 9674 1
8588 8631 1
8588 8738 1
8590 8722 1
8590 8727 1
8590 9674 1
8592 8593 1
8592 9021 1
8593 8594 1
8594 9551 1
8595 8659 1
8595 8662 1
8595 8678 1
8595 9020 1
8595 9031 1
8595 9204 1
8596 8598 1
8596 8603 1
8596 9531 1
8597 9636 1
8598 8599 1
8599 8600 1
8600 8975 1
8600 9531 1
8601 8978 1
8601 9531 1
8601 9547 1
8602 9553 1
8602 9582 1
8603 8604 1
8603 8962 1
8603 9531 1
8603 9547 1
8604 8637 1
8604 8992 1
8605 8607 1
8606 8632 1
8608 8609 1
8608 8615 1
8608 9527 1
8609 9600 1
8610 8611 1
8610 9596 1
8611 8752 1
8611 9524 1
8612 9184 1
8612 9524 1
8613 8615 1
8613 9533 1
8614 8758 1
8614 9035 1
8614 9537 1
8615 8632 1
8615 9669 1
8616 8651 1
8616 9244 1
8616 9245 1
8616 9247 1
8617 8619 1
8617 9186 1
8618 9563 1
8618 9613 1
8619 9032 1
8620 8621 1
8620 8623 1
8620 9037 1
8620 9563 1
8622 8719 1
8622 8722 1
8623 8625 1
8624 8628 1
8624 9036 1
8625 8634 1
8626 8628 1
8626 9575 1
8627 9618 1
8629 8633 1
8629 8990 1
8630 8633 1
8635 8636 1
8635 8682 1
8635 8955 1
8635 9010 1
8636 8637 1
8637 8992 1
8638 9260 1
8638 9262 1
8639 8641 1
8639 8992 1
8640 8644 1
8640 8682 1
8640 9018 1
8641 8643 1
8641 8675 1
8642 9131 1
8642 9132 1
8643 8644 1
8643 8670 1
8644 9645 1
8645 8751 1
8645 9641 1
8646 9341 1
8646 9342 1
8646 9395 1
8647 8997 1
8647 9001 1
8647 9270 1
8648 8669 1
8648 9182 1
8649 8651 1
8649 9206 1
8649 9247 1
8649 9518 1
8650 8655 1
8650 9000 1
8650 9009 1
8650 9271 1
8651 9592 1
8652 8661 1
8652 8669 1
8652 8761 1
8652 9592 1
8653 9617 1
8654 9524 1
8654 9617 1
8655 9005 1
8656 8661 1
8656 8668 1
8656 8761 1
8656 9524 1
8656 9592 1
8657 9596 1
8658 8662 1
8658 8667 1
8658 9244 1
8659 8667 1
8660 9131 1
8660 9304 1
8662 8678 1
8663 8664 1
8663 9248 1
8665 8678 1
8665 9245 1
8666 8674 1
8666 9005 1
8666 9006 1
8666 9062 1
8666 9065 1
8668 9184 1
8670 8673 1
8671 8674 1
8671 8987 1
8671 9001 1
8672 8675 1
8672 9641 1
8673 8676 1
8674 8987 1
8674 9001 1
8674 9005 1
8674 9069 1
8674 9189 1
8674 9267 1
8675 8676 1
8676 8677 1
8676 8678 1
8677 8749 1
8678 8680 1
8678 9023 1
8678 9645 1
8679 9113 1
8679 9142 1
8679 9217 1
8680 9651 1
8681 9106 1
8681 9107 1
8681 9109 1
8681 9110 1
8682 8955 1
8682 9010 1
8682 9651 1
8683 8981 1
8683 9155 1
8684 8689 1
8685 9460 1
8685 9577 1
8686 9251 1
8686 9254 1
8687 9104 1
8687 9106 1
8687 9110 1
8688 8689 1
8688 8690 1
8689 8691 1
8689 9628 1
8689 9635 1
8690 8695 1
8691 9460 1
8691 9628 1
8691 9635 1
8692 9217 1
8692 9220 1
8693 9278 1
8693 9300 1
8694 9460 1
8694 9627 1
8695 8697 1
8696 9577 1
8697 9068 1
8698 8700 1
8698 9458 1
8699 8700 1
8699 8701 1
8699 8703 1
8700 8701 1
8701 8705 1
8702 9101 1
8702 9277 1
8703 8704 1
8704 9681 1
8706 8707 1
8707 8708 1
8709 9110 1
8709 9112 1
8709 9113 1
8709 9219 1
8710 8713 1
8710 9607 1
8711 8713 1
8712 8714 1
8712 9074 1
8712 9075 1
8712 9162 1
8712 9164 1
8712 9276 1
8712 9287 1
8712 9288 1
8712 9299 1
8713 8730 1
8714 8718 1
8714 9074 1
8714 9075 1
8714 9276 1
8714 9277 1
8714 9285 1
8714 9287 1
8714 9288 1
8714 9299 1
8715 9608 1
8716 8719 1
8716 8721 1
8716 9619 1
8717 9222 1
8717 9225 1
8718 9079 1
8718 9277 1
8720 8723 1
8720 9637 1
8721 8725 1
8723 8726 1
8724 8982 1
8724 8989 1
8726 9666 1
8727 9666 1
8728 9109 1
8728 9138 1
8729 8731 1
8729 9550 1
8730 8733 1
8730 9542 1
8730 9543 1
8730 9674 1
8731 8734 1
8731 9680 1
8732 9262 1
8732 9268 1
8734 8735 1
8734 8737 1
8734 9543 1
8735 8737 1
8735 9542 1
8735 9543 1
8736 9097 1
8737 8739 1
8738 9542 1
8739 9544 1
8740 8743 1
8740 9546 1
8741 8746 1
8741 9203 1
8741 9215 1
8742 9026 1
8742 9034 1
8743 8744 1
8744 8749 1
8745 8747 1
8745 9034 1
8746 9211 1
8746 9212 1
8746 9215 1
8747 8748 1
8748 8751 1
8750 9087 1
8750 9210 1
8753 9600 1
8753 9604 1
8754 9349 1
8754 9351 1
8755 8756 1
8755 9056 1
8756 8760 1
8756 8995 1
8756 9203 1
8756 9215 1
8756 9231 1
8757 8758 1
8758 8762 1
8758 9046 1
8758 9537 1
8758 9600 1
8758 9604 1
8759 8761 1
8759 9604 1
8760 8764 1
8761 8762 1
8761 8763 1
8761 9518 1
8762 8772 1
8762 9059 1
8763 9047 1
8764 9230 1
8765 8771 1
8765 8971 1
8765 8977 1
8766 8979 1
8766 9549 1
8767 9090 1
8767 9241 1
8768 8771 1
8768 8773 1
8768 9612 1
8769 8770 1
8769 9549 1
8771 8773 1
8771 8774 1
8771 8971 1
8771 8978 1
8771 9639 1
8771 9650 1
8772 8778 1
8772 9046 1
8772 9050 1
8772 9058 1
8773 9004 1
8774 9650 1
8775 8777 1
8775 9183 1
8776 8792 1
8776 9187 1
8777 8780 1
8778 8995 1
8778 9039 1
8778 9046 1
8778 9058 1
8778 9242 1
8779 8850 1
8779 9196 1
8780 8784 1
8780 9196 1
8781 9200 1
8782 8785 1
8782 9200 1
8783 9288 1
8783 9290 1
8784 8787 1
8784 8788 1
8784 9196 1
8784 9392 1
8785 9392 1
8786 9043 1
8786 9167 1
8787 8788 1
8787 8852 1
8787 9392 1
8788 8789 1
8789 8930 1
8790 9052 1
8790 9187 1
8791 8874 1
8791 9351 1
8792 9183 1
8793 8795 1
8793 9448 1
8794 8814 1
8794 8884 1
8795 9449 1
8796 8797 1
8796 8798 1
8797 8813 1
8798 8883 1
8799 8842 1
8799 32876 1
8800 8801 1
8800 9991 1
8801 8802 1
8801 9992 1
8802 9453 1
8803 9449 1
8803 9453 1
8804 8805 1
8804 8816 1
8804 8817 1
8805 8815 1
8806 8807 1
8806 8808 1
8807 8815 1
8808 8809 1
8809 8818 1
8810 8814 1
8810 8828 1
8811 8812 1
8811 8813 1
8812 9580 1
8813 8818 1
8819 8821 1
8819 8844 1
8820 8844 1
8821 8823 1
8822 8872 1
8823 8824 1
8824 8829 1
8825 8940 1
8825 9443 1
8826 8830 1
8826 9452 1
8827 8830 1
8827 8872 1
8827 9451 1
8827 9706 1
8828 8832 1
8829 9452 1
8831 8849 1
8831 9441 1
8832 8851 1
8833 8834 1
8833 8837 1
8833 8841 1
8833 8957 1
8834 8836 1
8835 16200 1
8835 16244 1
8836 9444 1
8837 8838 1
8838 8839 1
8839 8840 1
8840 8841 1
8841 8849 1
8841 9442 1
8842 8886 1
8843 8844 1
8843 8848 1
8843 9443 1
8843 9444 1
8844 9447 1
8845 8846 1
8845 8847 1
8845 9442 1
8846 8849 1
8847 8848 1
8848 8936 1
8850 9185 1
8851 9139 1
8852 8853 1
8853 9438 1
8854 8856 1
8854 8887 1
8855 8909 1
8855 8917 1
8856 8857 1
8857 8858 1
8858 9410 1
8859 8889 1
8859 9409 1
8860 8862 1
8860 9088 1
8861 8871 1
8861 9071 1
8862 9096 1
8863 8865 1
8863 9096 1
8864 8867 1
8864 9071 1
8866 8867 1
8866 9067 1
8868 8961 1
8869 8870 1
8869 9796 1
8870 8871 1
8872 8875 1
8873 8966 1
8874 9357 1
8875 9415 1
8876 8879 1
8876 9416 1
8877 9415 1
8877 9420 1
8878 9415 1
8878 9419 1
8879 9440 1
8880 8918 1
8880 9424 1
8880 9425 1
8880 9440 1
8881 8885 1
8881 9454 1
8882 8894 1
8882 8918 1
8882 9419 1
8882 9427 1
8883 8885 1
8884 33131 1
8886 8909 1
8887 8888 1
8888 8890 1
8889 8894 1
8890 8891 1
8891 8893 1
8891 9414 1
8891 9416 1
8892 8894 1
8892 9438 1
8893 8894 1
8893 8895 1
8893 9414 1
8893 9416 1
8893 9526 1
8894 9419 1
8894 9420 1
8894 9424 1
8895 9417 1
8895 9526 1
8896 9080 1
8897 8898 1
8897 9085 1
8898 8899 1
8898 8901 1
8899 9098 1
8900 9456 1
8901 9088 1
8902 9486 1
8902 9525 1
8903 9488 1
8903 9516 1
8903 9519 1
8904 8907 1
8904 9479 1
8904 9526 1
8905 8906 1
8905 8913 1
8906 8912 1
8907 9485 1
8908 9487 1
8908 9609 1
8910 8926 1
8910 9487 1
8911 8915 1
8911 8916 1
8912 9485 1
8913 9486 1
8914 8927 1
8915 8926 1
8916 9485 1
8917 8924 1
8918 9420 1
8918 9424 1
8918 9425 1
8919 8923 1
8919 9430 1
8920 8922 1
8920 9434 1
8921 8922 1
8921 9427 1
8921 9428 1
8921 9586 1
8922 9427 1
8922 9428 1
8924 9030 1
8925 9433 1
8925 9598 1
8926 8968 1
8926 9423 1
8927 8929 1
8928 9432 1
8928 9433 1
8928 9436 1
8929 9010 1
8930 8931 1
8931 8932 1
8932 9397 1
8933 9102 1
8933 9508 1
8934 8947 1
8934 9437 1
8935 8936 1
8935 9745 1
8936 8942 1
8937 8938 1
8938 8942 1
8939 8941 1
8939 10043 1
8940 8942 1
8941 8943 1
8941 9441 1
8944 8958 1
8944 9410 1
8945 9413 1
8945 9414 1
8946 9475 1
8947 8948 1
8948 8952 1
8949 8950 1
8949 9411 1
8950 8953 1
8951 8954 1
8951 9406 1
8952 9403 1
8953 8956 1
8953 9409 1
8954 8956 1
8955 9010 1
8956 8957 1
8956 9403 1
8958 9406 1
8959 8971 1
8959 9536 1
8960 8961 1
8960 9595 1
8961 8963 1
8962 9530 1
8962 9531 1
8963 8964 1
8964 9057 1
8965 9057 1
8966 9060 1
8967 9611 1
8968 8969 1
8968 8972 1
8968 8973 1
8968 8974 1
8968 9418 1
8968 9423 1
8969 8973 1
8969 8974 1
8969 9424 1
8970 9033 1
8970 9510 1
8972 8973 1
8972 9427 1
8972 9431 1
8973 8974 1
8974 9439 1
8975 8979 1
8976 9435 1
8977 9611 1
8978 9547 1
8978 9650 1
8980 8981 1
8980 9151 1
8980 9195 1
8980 9635 1
8981 9195 1
8983 9064 1
8983 9066 1
8984 8985 1
8984 9199 1
8985 9157 1
8986 9069 1
8987 9295 1
8988 9642 1
8988 9650 1
8989 9193 1
8990 9575 1
8991 9175 1
8991 9260 1
8993 9175 1
8993 9267 1
8994 9172 1
8994 9174 1
8995 9042 1
8995 9170 1
8995 9175 1
8995 9231 1
8995 9285 1
8996 8997 1
8996 8999 1
8996 9001 1
8996 9268 1
8997 8999 1
8997 9001 1
8997 9198 1
8998 9000 1
8999 9001 1
8999 9005 1
8999 9069 1
8999 9272 1
9003 9006 1
9003 9269 1
9004 9616 1
9005 9065 1
9005 9272 1
9006 9065 1
9007 9555 1
9008 9012 1
9011 9030 1
9011 9086 1
9012 9017 1
9012 9643 1
9013 9014 1
9013 9025 1
9013 9028 1
9013 9030 1
9014 9015 1
9014 9028 1
9015 9024 1
9016 9019 1
9016 9024 1
9017 9648 1
9019 9020 1
9020 9023 1
9020 9031 1
9021 9038 1
9022 9031 1
9023 9031 1
9023 9203 1
9025 9029 1
9026 9551 1
9027 9028 1
9031 9215 1
9032 9035 1
9032 9037 1
9033 9429 1
9036 9037 1
9037 9040 1
9037 9587 1
9039 9040 1
9039 9042 1
9040 9041 1
9040 9042 1
9041 9042 1
9041 9043 1
9041 9587 1
9042 9170 1
9044 9513 1
9044 32900 1
9045 9227 1
9045 9229 1
9045 16400 1
9046 9058 1
9047 9049 1
9048 9050 1
9048 9528 1
9049 9050 1
9050 9051 1
9050 9212 1
9051 9053 1
9052 10035 1
9053 9054 1
9054 9055 1
9055 9056 1
9059 9528 1
9060 9595 1
9061 9062 1
9062 9070 1
9062 9188 1
9063 9594 1
9063 9597 1
9064 9065 1
9064 9188 1
9065 9068 1
9065 9191 1
9066 9070 1
9067 15555 1
9069 9070 1
9069 9189 1
9069 9192 1
9069 9272 1
9070 9188 1
9070 9189 1
9072 9081 1
9072 9164 1
9073 9085 1
9073 15556 1
9074 9078 1
9074 9081 1
9074 9276 1
9074 9285 1
9074 9287 1
9074 9288 1
9074 9299 1
9075 9083 1
9075 9276 1
9075 9285 1
9075 9287 1
9075 9288 1
9075 9299 1
9076 9080 1
9076 10010 1
9077 9151 1
9078 9082 1
9079 9116 1
9081 9084 1
9083 9280 1
9084 9280 1
9084 9281 1
9086 9089 1
9087 9097 1
9089 9099 1
9090 9091 1
9091 9092 1
9092 9136 1
9093 9094 1
9093 9136 1
9094 9095 1
9095 9294 1
9098 9576 1
9100 9104 1
9100 9278 1
9101 9105 1
9102 9273 1
9103 9108 1
9103 9576 1
9105 9106 1
9106 9110 1
9107 9135 1
9108 9591 1
9110 9112 1
9110 9113 1
9110 9116 1
9111 9574 1
9111 9591 1
9112 9113 1
9112 9127 1
9113 9217 1
9114 9224 1
9115 9120 1
9115 9126 1
9116 9117 1
9116 9283 1
9117 9118 1
9118 9121 1
9118 9129 1
9119 9122 1
9119 9129 1
9120 9140 1
9121 9128 1
9121 9314 1
9122 9123 1
9123 9127 1
9124 9128 1
9124 16398 1
9125 9252 1
9125 9340 1
9126 9152 1
9130 9317 1
9131 9133 1
9131 9291 1
9132 9135 1
9133 9136 1
9134 9224 1
9134 9238 1
9136 9137 1
9137 9141 1
9138 9141 1
9139 9303 1
9140 9147 1
9142 9143 1
9143 9255 1
9144 9173 1
9145 9146 1
9145 9148 1
9145 9219 1
9146 9148 1
9146 9222 1
9146 16197 1
9147 9216 1
9148 9149 1
9149 16158 1
9150 9634 1
9150 9649 1
9151 9153 1
9151 9578 1
9151 9635 1
9152 9243 1
9153 9154 1
9154 9162 1
9155 9161 1
9155 9635 1
9156 9169 1
9156 9477 1
9157 9158 1
9158 9159 1
9159 9163 1
9160 9232 1
9160 9243 1
9161 9162 1
9161 9163 1
9161 9165 1
9162 9164 1
9163 9165 1
9166 9274 1
9166 9296 1
9167 9168 1
9168 9171 1
9169 9218 1
9170 9175 1
9170 9231 1
9170 9285 1
9171 9172 1
9173 9216 1
9174 9175 1
9175 9178 1
9175 9231 1
9175 9285 1
9176 9446 1
9176 9512 1
9176 9529 1
9176 9535 1
9177 9183 1
9177 9213 1
9179 9181 1
9179 9285 1
9180 9185 1
9180 9476 1
9182 9249 1
9184 9620 1
9186 9533 1
9186 9537 1
9186 9613 1
9188 9193 1
9188 9197 1
9189 9190 1
9189 9198 1
9189 9296 1
9190 9202 1
9191 9194 1
9191 9195 1
9191 9201 1
9193 9195 1
9194 9201 1
9197 9199 1
9198 9267 1
9198 9298 1
9202 9297 1
9203 9212 1
9204 9215 1
9205 9206 1
9205 9212 1
9205 9215 1
9206 9212 1
9207 9209 1
9207 9210 1
9208 9580 1
9208 9621 1
9209 9214 1
9210 9241 1
9211 9214 1
9211 9236 1
9212 9215 1
9212 9518 1
9213 9238 1
9214 9235 1
9218 9232 1
9220 9221 1
9221 9229 1
9223 9226 1
9223 16244 1
9225 9226 1
9226 9228 1
9227 9228 1
9230 9233 1
9231 9234 1
9231 9242 1
9231 9285 1
9233 9234 1
9234 9235 1
9236 9237 1
9236 9239 1
9237 9287 1
9239 9240 1
9240 9289 1
9244 9245 1
9244 9246 1
9244 9247 1
9245 9247 1
9248 9249 1
9250 9253 1
9250 16392 1
9251 9253 1
9252 9254 1
9255 9256 1
9256 9257 1
9257 9258 1
9258 9259 1
9259 9293 1
9261 9265 1
9261 9266 1
9261 9269 1
9261 9587 1
9263 9264 1
9264 9265 1
9265 9269 1
9265 9272 1
9266 9271 1
9267 9270 1
9267 9296 1
9273 9429 1
9274 9275 1
9275 9276 1
9276 9287 1
9276 9288 1
9276 9299 1
9279 9286 1
9279 9490 1
9279 9491 1
9280 9281 1
9281 9282 1
9282 9283 1
9283 9284 1
9284 9316 1
9285 9287 1
9285 9288 1
9285 9300 1
9286 9292 1
9287 9288 1
9287 9300 1
9288 9300 1
9289 9290 1
9290 9291 1
9292 9315 1
9293 9294 1
9293 33109 1
9298 9299 1
9299 9300 1
9300 9301 1
9301 9302 1
9302 9304 1
9303 9412 1
9305 9306 1
9305 9579 1
9306 9308 1
9307 9532 1
9307 9597 1
9309 9311 1
9309 9532 1
9310 9311 1
9312 9313 1
9312 9532 1
9313 9391 1
9314 9332 1
9315 9326 1
9316 9319 1
9317 9318 1
9318 9320 1
9319 9322 1
9320 9321 1
9321 9327 1
9322 9325 1
9323 9324 1
9323 9330 1
9324 9327 1
9325 9401 1
9326 9462 1
9327 9399 1
9327 9400 1
9328 15601 1
9329 9335 1
9329 9462 1
9330 9331 1
9331 9332 1
9333 9334 1
9333 9358 1
9334 9339 1
9335 9338 1
9336 9337 1
9337 9340 1
9338 9354 1
9339 9342 1
9343 9346 1
9343 16689 1
9344 9345 1
9344 9346 1
9344 9348 1
9344 9398 1
9345 9347 1
9345 9398 1
9347 9349 1
9347 16288 1
9348 9350 1
9350 9352 1
9351 9353 1
9353 16486 1
9354 9368 1
9355 9356 1
9355 16634 1
9356 9357 1
9357 16638 1
9358 9367 1
9359 9360 1
9359 9395 1
9359 9396 1
9360 9361 1
9361 9362 1
9362 9363 1
9362 9366 1
9362 9367 1
9363 9407 1
9364 9365 1
9364 9366 1
9365 9373 1
9369 9370 1
9369 9371 1
9369 9393 1
9370 9371 1
9371 9374 1
9371 15785 1
9372 9374 1
9372 9408 1
9373 9376 1
9374 9375 1
9374 9378 1
9375 9382 1
9376 9377 1
9377 9379 1
9378 9381 1
9379 9380 1
9380 9383 1
9381 9385 1
9382 9386 1
9383 16699 1
9384 16691 1
9385 16266 1
9386 9387 1
9386 9389 1
9387 9388 1
9388 9390 1
9389 16269 1
9389 16270 1
9390 16270 1
9391 9394 1
9393 9394 1
9395 9396 1
9396 9398 1
9397 9437 1
9399 9400 1
9400 9402 1
9401 9404 1
9402 9404 1
9404 9405 1
9407 9408 1
9411 9413 1
9412 9494 1
9412 9530 1
9412 9531 1
9412 9534 1
9414 9416 1
9417 9418 1
9418 9423 1
9418 9424 1
9419 9424 1
9420 9427 1
9420 9454 1
9421 9422 1
9422 9423 1
9423 9424 1
9423 9425 1
9424 9425 1
9425 9426 1
9425 9435 1
9425 9439 1
9426 9427 1
9427 9428 1
9428 9430 1
9429 9446 1
9429 9455 1
9431 9436 1
9431 9598 1
9434 9583 1
9444 9447 1
9445 9499 1
9445 9565 1
9446 9535 1
9448 9450 1
9450 9451 1
9455 9463 1
9456 9499 1
9456 9564 1
9457 9585 1
9457 9623 1
9457 9625 1
9458 9569 1
9459 9557 1
9459 9629 1
9461 9559 1
9461 9562 1
9462 9465 1
9462 9467 1
9462 9471 1
9463 9469 1
9464 9466 1
9464 9470 1
9465 9468 1
9466 9467 1
9468 9470 1
9468 9477 1
9468 9478 1
9469 9609 1
9470 9501 1
9471 9472 1
9472 9473 1
9473 9474 1
9474 9500 1
9475 9534 1
9476 9478 1
9477 9478 1
9478 9479 1
9478 9489 1
9480 9481 1
9480 9489 1
9481 9482 1
9482 9483 1
9483 9484 1
9484 9501 1
9488 9508 1
9490 33051 1
9491 9493 1
9492 9495 1
9492 9500 1
9493 9496 1
9493 9498 1
9493 33055 1
9494 9529 1
9494 9530 1
9494 9531 1
9494 9534 1
9495 9497 1
9496 9497 1
9498 9519 1
9499 9572 1
9501 9502 1
9502 9503 1
9503 9504 1
9504 9505 1
9505 9506 1
9507 9509 1
9507 9516 1
9509 9520 1
9510 9515 1
9511 9515 1
9512 9517 1
9512 9529 1
9513 9517 1
9518 9592 1
9520 9521 1
9521 9522 1
9522 9523 1
9525 9526 1
9526 9609 1
9530 9531 1
9530 9534 1
9531 9534 1
9532 15286 1
9533 9537 1
9535 9536 1
9538 9582 1
9538 9583 1
9539 9584 1
9539 9586 1
9540 9581 1
9540 9584 1
9540 9590 1
9541 9588 1
9541 9590 1
9541 9653 1
9543 9680 1
9545 9656 1
9552 9632 1
9552 9655 1
9553 9601 1
9556 9639 1
9556 9662 1
9556 9674 1
9557 9568 1
9558 9632 1
9558 9665 1
9560 9561 1
9561 9566 1
9562 9567 1
9564 9565 1
9566 9570 1
9567 9571 1
9568 9574 1
9569 9677 1
9569 9682 1
9570 9571 1
9572 9573 1
9573 9574 1
9579 9597 1
9581 9608 1
9584 9590 1
9584 9657 1
9585 9623 1
9586 9608 1
9589 9672 1
9589 9673 1
9589 9675 1
9592 9604 1
9592 9620 1
9593 9594 1
9593 9610 1
9598 9599 1
9599 9614 1
9600 9604 1
9603 9605 1
9603 9606 1
9604 9620 1
9606 9607 1
9609 9612 1
9614 9615 1
9615 9616 1
9618 9619 1
9621 9622 1
9622 9623 1
9624 9653 1
9624 9654 1
9625 9626 1
9626 9627 1
9628 9629 1
9628 9635 1
9629 9630 1
9630 9631 1
9630 9633 1
9631 9633 1
9633 9649 1
9634 9635 1
9638 9640 1
9638 9650 1
9639 9640 1
9639 9666 1
9642 9646 1
9642 9650 1
9643 9644 1
9646 9647 1
9647 9648 1
9652 9653 1
9653 9654 1
9653 9655 1
9654 9667 1
9657 9658 1
9658 9664 1
9659 9661 1
9659 9667 1
9660 9665 1
9660 9668 1
9661 9669 1
9662 9666 1
9663 9668 1
9663 9671 1
9663 9672 1
9664 9676 1
9665 9668 1
9666 9674 1
9668 9672 1
9671 9673 1
9675 9677 1
9675 9683 1
9676 9681 1
9677 9682 1
9678 9679 1
9678 9683 1
9679 9682 1
9684 9685 1
9684 10155 1
9685 9827 1
9685 9833 1
9685 9882 1
9686 9751 1
9686 9753 1
9686 9755 1
9686 9810 1
9687 9700 1
9687 10095 1
9687 10096 1
9688 10000 1
9688 10175 1
9688 10176 1
9689 9690 1
9689 9955 1
9690 9704 1
9691 9692 1
9691 10000 1
9692 9694 1
9693 9695 1
9693 9740 1
9694 9695 1
9696 10021 1
9696 10095 1
9697 9704 1
9698 10033 1
9698 22232 1
9698 22234 1
9699 9702 1
9699 9705 1
9700 10022 1
9700 10096 1
9701 9703 1
9701 10033 1
9702 9811 1
9703 9811 1
9706 9802 1
9706 9963 1
9706 15574 1
9707 9903 1
9707 9926 1
9708 9709 1
9708 9926 1
9709 9711 1
9710 10023 1
9710 10028 1
9711 9904 1
9711 10066 1
9712 9713 1
9712 9903 1
9713 9715 1
9713 10173 1
9714 9720 1
9715 9717 1
9716 9719 1
9717 9721 1
9718 9910 1
9718 9911 1
9719 9724 1
9720 9908 1
9721 9731 1
9722 9725 1
9722 9727 1
9722 9908 1
9723 9985 1
9723 10026 1
9724 9730 1
9725 9726 1
9726 9910 1
9727 9839 1
9728 9805 1
9728 12216 1
9729 9732 1
9729 9977 1
9730 9767 1
9731 9906 1
9732 9975 1
9732 10042 1
9733 9734 1
9733 10062 1
9734 9735 1
9734 9737 1
9735 9736 1
9735 9737 1
9736 9738 1
9737 9741 1
9738 9739 1
9739 9740 1
9741 9743 1
9742 9987 1
9742 10040 1
9742 10041 1
9743 9744 1
9744 10097 1
9745 10040 1
9746 9747 1
9746 22236 1
9747 9748 1
9748 9749 1
9749 9750 1
9750 9751 1
9750 9805 1
9752 10103 1
9752 10106 1
9753 9754 1
9754 9755 1
9755 9809 1
9755 10141 1
9756 9945 1
9756 9965 1
9757 9764 1
9757 9917 1
9758 9759 1
9758 9761 1
9758 9917 1
9759 9762 1
9760 9948 1
9760 9949 1
9760 10085 1
9761 9917 1
9762 9763 1
9762 9849 1
9762 9850 1
9763 9883 1
9763 12376 1
9764 9765 1
9765 9766 1
9765 9905 1
9766 9767 1
9768 9844 1
9768 9847 1
9769 9979 1
9769 9983 1
9770 9772 1
9770 9823 1
9771 9775 1
9771 9823 1
9772 9774 1
9772 9851 1
9773 9802 1
9773 9979 1
9774 9845 1
9774 9851 1
9775 9776 1
9776 9790 1
9776 9902 1
9777 9778 1
9777 9780 1
9778 9790 1
9779 9981 1
9779 10052 1
9780 9781 1
9781 9782 1
9782 9792 1
9783 9784 1
9783 9786 1
9784 9792 1
9785 10055 1
9785 10057 1
9786 9788 1
9787 9909 1
9787 9917 1
9788 9855 1
9789 10057 1
9789 10058 1
9790 9902 1
9790 9909 1
9791 9999 1
9791 10002 1
9793 9794 1
9793 9815 1
9794 9795 1
9795 9797 1
9796 9999 1
9797 9799 1
9798 9800 1
9798 9847 1
9799 9801 1
9800 9803 1
9801 9803 1
9803 12676 1
9804 9808 1
9804 9993 1
9806 9807 1
9806 10225 1
9807 9864 1
9808 10004 1
9809 9811 1
9810 9813 1
9811 10062 1
9812 10003 1
9812 10004 1
9812 10005 1
9813 9814 1
9814 9815 1
9816 9938 1
9816 10205 1
9817 9820 1
9817 9823 1
9817 10097 1
9818 9819 1
9818 9821 1
9819 9822 1
9820 9823 1
9820 9824 1
9822 9825 1
9824 9825 1
9824 9892 1
9826 9829 1
9826 10159 1
9827 9925 1
9828 9830 1
9828 9882 1
9829 9832 1
9830 9831 1
9831 9893 1
9832 10166 1
9834 9843 1
9834 9946 1
9835 9836 1
9835 9905 1
9836 9837 1
9837 9838 1
9837 9884 1
9837 9906 1
9838 9907 1
9839 9907 1
9840 9858 1
9840 9921 1
9841 9875 1
9841 10234 1
9842 9850 1
9842 9915 1
9843 9848 1
9844 9846 1
9845 9846 1
9848 9854 1
9849 9850 1
9849 9855 1
9851 9852 1
9852 9853 1
9853 9855 1
9854 9861 1
9854 9972 1
9855 9856 1
9855 9915 1
9855 12376 1
9856 12376 1
9856 12684 1
9857 9861 1
9857 9956 1
9858 9859 1
9859 9860 1
9860 9885 1
9861 9863 1
9861 9950 1
9861 9972 1
9862 9876 1
9862 10117 1
9863 9950 1
9863 9978 1
9864 10146 1
9865 9866 1
9865 9867 1
9865 9984 1
9865 10047 1
9866 9980 1
9866 9984 1
9867 9869 1
9868 10123 1
9868 10127 1
9869 10056 1
9870 10056 1
9870 10063 1
9871 9881 1
9871 10063 1
9872 9874 1
9872 9881 1
9873 9878 1
9874 9877 1
9875 10112 1
9875 10234 1
9876 10112 1
9877 10130 1
9878 9879 1
9879 10130 1
9880 10194 1
9880 32247 1
9883 9884 1
9883 9921 1
9884 9921 1
9885 9886 1
9886 9887 1
9887 9888 1
9888 10067 1
9889 10032 1
9889 10102 1
9889 10109 1
9890 9891 1
9890 10067 1
9891 10109 1
9891 15812 1
9892 10161 1
9893 10162 1
9893 10166 1
9893 10169 1
9894 10119 1
9895 10134 1
9895 10138 1
9896 9900 1
9897 10127 1
9897 10132 1
9898 10129 1
9898 10143 1
9899 10125 1
9899 10171 1
9900 10070 1
9901 10124 1
9901 10136 1
9904 10135 1
9910 9912 1
9911 9913 1
9912 9914 1
9913 10030 1
9914 10031 1
9916 10109 1
9916 10115 1
9916 10121 1
9918 9920 1
9918 10029 1
9919 9922 1
9919 10037 1
9920 9922 1
9921 15518 1
9923 10035 1
9923 10045 1
9924 9927 1
9924 10039 1
9925 10175 1
9927 10045 1
9927 10073 1
9928 15377 1
9928 15857 1
9929 9932 1
9929 15675 1
9930 10135 1
9930 10137 1
9931 9934 1
9931 10136 1
9932 10099 1
9933 9935 1
9934 10100 1
9935 10144 1
9936 9937 1
9936 10084 1
9937 9939 1
9938 9946 1
9939 9940 1
9940 9943 1
9941 9943 1
9941 10145 1
9942 9951 1
9942 10145 1
9944 10168 1
9944 10174 1
9945 9947 1
9947 9948 1
9949 15572 1
9949 15745 1
9950 32223 1
9951 9952 1
9952 9953 1
9953 10090 1
9953 10172 1
9954 10160 1
9954 10164 1
9955 10177 1
9956 10013 1
9957 9960 1
9957 10096 1
9958 9959 1
9958 10164 1
9959 9961 1
9960 9962 1
9961 9965 1
9962 9964 1
9962 9988 1
9963 9964 1
9966 9967 1
9967 9968 1
9968 9970 1
9969 9970 1
9969 10024 1
9971 9973 1
9971 10017 1
9972 10044 1
9973 9974 1
9974 9976 1
9975 10027 1
9976 9977 1
9978 10046 1
9980 10044 1
9981 9982 1
9982 15757 1
9983 15750 1
9984 10046 1
9985 9987 1
9986 10041 1
9987 10040 1
9988 9994 1
9988 10059 1
9989 9990 1
9989 9994 1
9990 9991 1
9995 32247 1
9995 32265 1
9996 9997 1
9996 10061 1
9997 9998 1
9998 10003 1
10001 10008 1
10002 10003 1
10004 10060 1
10005 10006 1
10006 10007 1
10007 10009 1
10008 10013 1
10009 10010 1
10011 10012 1
10012 10014 1
10014 10015 1
10015 10016 1
10016 10017 1
10018 10019 1
10018 10174 1
10019 10020 1
10020 10021 1
10021 10023 1
10022 10026 1
10024 10025 1
10025 10028 1
10029 10051 1
10030 10071 1
10031 10032 1
10034 10079 1
10034 10082 1
10034 10093 1
10036 10098 1
10036 10121 1
10037 10039 1
10038 10049 1
10038 10050 1
10042 10043 1
10047 10048 1
10048 10049 1
10050 10051 1
10052 10053 1
10053 10054 1
10054 10055 1
10058 10059 1
10060 10064 1
10065 10086 1
10065 10124 1
10066 10069 1
10066 10071 1
10068 10070 1
10068 10075 1
10069 10070 1
10071 10072 1
10071 10079 1
10072 10082 1
10072 10086 1
10073 10074 1
10074 10076 1
10075 10086 1
10076 10150 1
10077 10078 1
10077 10130 1
10078 10080 1
10080 10142 1
10081 10083 1
10081 10150 1
10083 10168 1
10084 10142 1
10085 10089 1
10087 10088 1
10087 15371 1
10088 10089 1
10090 10092 1
10090 10172 1
10091 10094 1
10091 10160 1
10091 10172 1
10093 10098 1
10094 10096 1
10099 10103 1
10100 10104 1
10101 10105 1
10101 10144 1
10102 10111 1
10104 10105 1
10105 10107 1
10106 10108 1
10107 10110 1
10108 10156 1
10109 10111 1
10109 10115 1
10110 10172 1
10112 10113 1
10113 10114 1
10114 10116 1
10115 15324 1
10115 15795 1
10115 15891 1
10116 10133 1
10118 10122 1
10118 10123 1
10119 10127 1
10120 10151 1
10120 10226 1
10122 10148 1
10125 10126 1
10126 10128 1
10128 10129 1
10131 10132 1
10131 10143 1
10133 10134 1
10137 10139 1
10138 10140 1
10139 10140 1
10146 10147 1
10147 10149 1
10148 10152 1
10149 10153 1
10151 10159 1
10152 10154 1
10153 10155 1
10154 10157 1
10156 10160 1
10157 10158 1
10158 10159 1
10160 10172 1
10161 10165 1
10162 10163 1
10163 10167 1
10163 10173 1
10165 10167 1
10165 10173 1
10167 10173 1
10169 10170 1
10170 10171 1
10176 10177 1
10178 10180 1
10178 10204 1
10178 10229 1
10179 10186 1
10179 10223 1
10180 10181 1
10180 10229 1
10181 10184 1
10182 10183 1
10182 10279 1
10183 10185 1
10184 10192 1
10185 10188 1
10186 10270 1
10187 10188 1
10188 10190 1
10189 10190 1
10189 10192 1
10191 10278 1
10191 10279 1
10193 10194 1
10193 32244 1
10195 10250 1
10195 10266 1
10196 10197 1
10196 10249 1
10197 10198 1
10198 10199 1
10198 10200 1
10199 10202 1
10200 10201 1
10201 10206 1
10202 10203 1
10203 10205 1
10204 10260 1
10204 10273 1
10206 10207 1
10208 10235 1
10208 10254 1
10209 10213 1
10209 10215 1
10210 10211 1
10210 10216 1
10211 10212 1
10212 10217 1
10213 10244 1
10214 10217 1
10215 10216 1
10218 10231 1
10218 10268 1
10219 10222 1
10219 10230 1
10220 10221 1
10220 10260 1
10221 10222 1
10221 10226 1
10222 10226 1
10223 10245 1
10224 10225 1
10224 10268 1
10225 10226 1
10227 10258 1
10227 10262 1
10227 10263 1
10227 10272 1
10228 10252 1
10228 22169 1
10229 10272 1
10230 10231 1
10230 10250 1
10232 10241 1
10232 10260 1
10233 10240 1
10233 10265 1
10234 10254 1
10235 10237 1
10236 10238 1
10236 10239 1
10237 10242 1
10238 10241 1
10239 10242 1
10240 10243 1
10241 10244 1
10243 10246 1
10245 10273 1
10246 10249 1
10247 10248 1
10247 10251 1
10248 10249 1
10251 22176 1
10251 22177 1
10251 22185 1
10251 22192 1
10252 22181 1
10253 10255 1
10253 22181 1
10255 10256 1
10256 10259 1
10256 10262 1
10257 10259 1
10257 10266 1
10258 10261 1
10258 10262 1
10258 10263 1
10258 22182 1
10259 10262 1
10259 10267 1
10260 10273 1
10262 10263 1
10262 10267 1
10262 10271 1
10263 10264 1
10264 10265 1
10267 10269 1
10269 10270 1
10271 10274 1
10274 10275 1
10275 10276 1
10276 10277 1
10277 10278 1
10280 10350 1
10281 10492 1
10281 10582 1
10282 10631 1
10282 16574 1
10283 10588 1
10283 10603 1
10284 10603 1
10284 10617 1
10285 10477 1
10285 10617 1
10285 10619 1
10286 10292 1
10286 16356 1
10287 10288 1
10287 10289 1
10288 10290 1
10289 10293 1
10290 10296 1
10290 10382 1
10291 10314 1
10292 10349 1
10293 10454 1
10294 10296 1
10294 10324 1
10294 10352 1
10294 10356 1
10295 10322 1
10295 10356 1
10297 10299 1
10297 10300 1
10297 11668 1
10298 10299 1
10298 10401 1
10299 10300 1
10300 10303 1
10301 10304 1
10301 11670 1
10302 10314 1
10302 10343 1
10304 10353 1
10305 10309 1
10305 10480 1
10306 10307 1
10306 10540 1
10307 10308 1
10308 10310 1
10309 10312 1
10309 10313 1
10310 10311 1
10311 10319 1
10312 10318 1
10312 10428 1
10313 10318 1
10315 10316 1
10315 10428 1
10315 10446 1
10315 10447 1
10316 10320 1
10317 10321 1
10317 10419 1
10318 10430 1
10319 10428 1
10320 10448 1
10321 10337 1
10322 10326 1
10323 10335 1
10324 10325 1
10325 10327 1
10326 10332 1
10326 10347 1
10327 10330 1
10328 10351 1
10328 16302 1
10328 16304 1
10329 10331 1
10329 10348 1
10330 10337 1
10331 10334 1
10332 10333 1
10332 10347 1
10333 10336 1
10334 10338 1
10335 10382 1
10336 10425 1
10337 10345 1
10338 10344 1
10339 10342 1
10339 10425 1
10340 10345 1
10340 10346 1
10340 10419 1
10341 10347 1
10341 10463 1
10342 10420 1
10342 10426 1
10343 10352 1
10344 10451 1
10344 10468 1
10346 10420 1
10346 10423 1
10346 10507 1
10348 10349 1
10350 10355 1
10351 10357 1
10352 10356 1
10353 10355 1
10354 10355 1
10354 10358 1
10356 10363 1
10357 10360 1
10358 10359 1
10359 10361 1
10360 10362 1
10361 10362 1
10362 10363 1
10363 16298 1
10363 16302 1
10363 16304 1
10364 10625 1
10364 10631 1
10365 10484 1
10365 10521 1
10366 11602 1
10366 11603 1
10367 10553 1
10367 11723 1
10368 10370 1
10368 10553 1
10368 10558 1
10369 10370 1
10369 10373 1
10371 11726 1
10371 11735 1
10372 10404 1
10372 10443 1
10372 10558 1
10373 10374 1
10374 10403 1
10375 10398 1
10375 11751 1
10376 10377 1
10376 10399 1
10376 10411 1
10377 10378 1
10378 10379 1
10379 10380 1
10380 10381 1
10380 10416 1
10380 10676 1
10381 10384 1
10381 10385 1
10381 10676 1
10383 10384 1
10383 10755 1
10384 10392 1
10384 10410 1
10385 10386 1
10386 10388 1
10386 10389 1
10387 10388 1
10387 10394 1
10388 10389 1
10389 10390 1
10389 10395 1
10389 10413 1
10390 10392 1
10390 10395 1
10390 10413 1
10391 10393 1
10391 10842 1
10392 10544 1
10392 10595 1
10392 11673 1
10392 11675 1
10392 11680 1
10393 10596 1
10393 11185 1
10393 11673 1
10393 11675 1
10393 11680 1
10394 10404 1
10394 10415 1
10395 10413 1
10395 10437 1
10395 10441 1
10396 10397 1
10396 10399 1
10397 10398 1
10397 10400 1
10397 11775 1
10397 11776 1
10398 10400 1
10398 11775 1
10398 11776 1
10399 10676 1
10400 10676 1
10401 10418 1
10402 10408 1
10402 11735 1
10403 10406 1
10404 10409 1
10405 10427 1
10405 11534 1
10406 10417 1
10407 10408 1
10407 10417 1
10408 10411 1
10408 10416 1
10409 10410 1
10410 10412 1
10412 10414 1
10414 10415 1
10418 10421 1
10419 10422 1
10419 10447 1
10421 10434 1
10422 10513 1
10423 10505 1
10424 10426 1
10424 10489 1
10427 10445 1
10428 10448 1
10429 10446 1
10430 10443 1
10431 10432 1
10431 10443 1
10432 10433 1
10433 10450 1
10434 10440 1
10435 10437 1
10435 10450 1
10436 10442 1
10436 10444 1
10437 10536 1
10438 10439 1
10439 10441 1
10439 10543 1
10439 10545 1
10439 10546 1
10440 10449 1
10440 10522 1
10441 10536 1
10442 10537 1
10443 10558 1
10444 10513 1
10445 10469 1
10449 10462 1
10451 10453 1
10451 10455 1
10451 10468 1
10452 10454 1
10452 10462 1
10453 10455 1
10453 10456 1
10455 10456 1
10455 10457 1
10455 10465 1
10455 10468 1
10455 10491 1
10456 10457 1
10456 10465 1
10457 10458 1
10458 10459 1
10458 10461 1
10459 10460 1
10460 10613 1
10461 10614 1
10463 10464 1
10464 10466 1
10464 10467 1
10465 10466 1
10465 10490 1
10466 10467 1
10467 10468 1
10469 10480 1
10470 10528 1
10470 10554 1
10471 10472 1
10471 10486 1
10472 10474 1
10473 10509 1
10474 10479 1
10475 10476 1
10475 10487 1
10476 10478 1
10477 10479 1
10477 10619 1
10478 10481 1
10479 10481 1
10479 10483 1
10479 10484 1
10479 10488 1
10480 10500 1
10481 10482 1
10482 10555 1
10483 10484 1
10485 10488 1
10485 10621 1
10486 10618 1
10489 10493 1
10490 10494 1
10491 10496 1
10491 10497 1
10491 10499 1
10492 10588 1
10492 16354 1
10493 10495 1
10494 10495 1
10494 10498 1
10496 10502 1
10497 10503 1
10498 10501 1
10499 10526 1
10500 11616 1
10501 10512 1
10501 10515 1
10501 10551 1
10502 10528 1
10503 10527 1
10504 10505 1
10504 10510 1
10505 10506 1
10506 10508 1
10507 10510 1
10507 10512 1
10508 10514 1
10509 10540 1
10511 10513 1
10511 10520 1
10512 10515 1
10512 10551 1
10514 10516 1
10514 10520 1
10515 10517 1
10516 10518 1
10517 10519 1
10518 10547 1
10518 10548 1
10519 10547 1
10521 10523 1
10523 10524 1
10524 10525 1
10525 14794 1
10526 10534 1
10527 10529 1
10529 10530 1
10530 10535 1
10530 14947 1
10531 10532 1
10531 10533 1
10532 10608 1
10533 10534 1
10535 10551 1
10536 10541 1
10536 10543 1
10536 10545 1
10537 10538 1
10538 10539 1
10539 10542 1
10541 10544 1
10542 10543 1
10543 10546 1
10544 10545 1
10544 10595 1
10545 10546 1
10545 10595 1
10545 10597 1
10545 10599 1
10545 10602 1
10546 10597 1
10547 10548 1
10547 10549 1
10548 10552 1
10549 10550 1
10550 10559 1
10551 10605 1
10552 10598 1
10554 14798 1
10555 14806 1
10556 10560 1
10556 10564 1
10556 10585 1
10556 10589 1
10557 10565 1
10557 10574 1
10559 10562 1
10560 10561 1
10560 10585 1
10560 10589 1
10561 10570 1
10562 10565 1
10563 10567 1
10563 10615 1
10565 10568 1
10565 10570 1
10566 10569 1
10566 10628 1
10567 10580 1
10568 10605 1
10568 10606 1
10569 10604 1
10571 10573 1
10571 10599 1
10572 10601 1
10572 11012 1
10573 10575 1
10574 10576 1
10575 10581 1
10576 10577 1
10577 10578 1
10578 10583 1
10579 10581 1
10579 11014 1
10580 10582 1
10581 10583 1
10581 10584 1
10584 10585 1
10585 10586 1
10585 10589 1
10586 10587 1
10587 10590 1
10588 10617 1
10590 10622 1
10591 10592 1
10591 10620 1
10592 14891 1
10593 10594 1
10593 14888 1
10594 14892 1
10595 10596 1
10595 10597 1
10595 10599 1
10595 10602 1
10597 10601 1
10598 10600 1
10600 10602 1
10604 10606 1
10605 10606 1
10606 10607 1
10607 14946 1
10608 10609 1
10609 10610 1
10610 10611 1
10611 10612 1
10613 10615 1
10614 10616 1
10616 10618 1
10620 10623 1
10621 10625 1
10622 10624 1
10622 10626 1
10622 11021 1
10622 11025 1
10623 10627 1
10624 10626 1
10624 10628 1
10625 10631 1
10626 10627 1
10626 10629 1
10629 10630 1
10630 10632 1
10632 14854 1
10633 10965 1
10633 13573 1
10634 11249 1
10634 11254 1
10634 11256 1
10635 11246 1
10635 11249 1
10636 10637 1
10636 10719 1
10637 10638 1
10639 10640 1
10639 10642 1
10640 10641 1
10641 10653 1
10642 10713 1
10643 10644 1
10643 11197 1
10644 10645 1
10644 10646 1
10644 10693 1
10645 10646 1
10645 10652 1
10645 10693 1
10646 10647 1
10646 10649 1
10646 10652 1
10646 10693 1
10646 10712 1
10647 10648 1
10647 10712 1
10648 10651 1
10649 10650 1
10650 10717 1
10651 11199 1
10652 10693 1
10652 10695 1
10653 10655 1
10654 10656 1
10654 10677 1
10655 10722 1
10656 10657 1
10657 10659 1
10658 10659 1
10658 10722 1
10659 10663 1
10659 10718 1
10660 10661 1
10660 10718 1
10661 10662 1
10662 11188 1
10662 11196 1
10662 11202 1
10663 10665 1
10664 10694 1
10664 10755 1
10665 10675 1
10666 10667 1
10667 10716 1
10668 10669 1
10668 10670 1
10669 10671 1
10670 10720 1
10671 10673 1
10672 10716 1
10673 10674 1
10674 10699 1
10675 10705 1
10676 10714 1
10677 10701 1
10677 10707 1
10677 10786 1
10678 10679 1
10678 11255 1
10679 10680 1
10680 10681 1
10681 10682 1
10682 10723 1
10683 10684 1
10683 11252 1
10684 10686 1
10685 10689 1
10685 10723 1
10686 10687 1
10687 10688 1
10688 10690 1
10689 10691 1
10690 10693 1
10691 10692 1
10692 10696 1
10694 10736 1
10695 10696 1
10697 10698 1
10697 10711 1
10698 10701 1
10699 10700 1
10700 10702 1
10701 10703 1
10701 10705 1
10701 10707 1
10701 10786 1
10702 10704 1
10703 10704 1
10705 10707 1
10706 10721 1
10707 10708 1
10707 10786 1
10707 14856 1
10708 10709 1
10708 10710 1
10708 14856 1
10709 10826 1
10710 10827 1
10711 10855 1
10712 10713 1
10714 10787 1
10715 10717 1
10715 10719 1
10716 10720 1
10717 10778 1
10721 10756 1
10724 10728 1
10724 11245 1
10725 10737 1
10725 10739 1
10725 10740 1
10726 10733 1
10726 10739 1
10726 11243 1
10727 10729 1
10727 10733 1
10728 10735 1
10729 10730 1
10730 10743 1
10731 10732 1
10731 10748 1
10732 10743 1
10734 10735 1
10734 11244 1
10736 11122 1
10738 10740 1
10738 11244 1
10739 10740 1
10741 10742 1
10742 10744 1
10743 10765 1
10744 10745 1
10745 10747 1
10746 10747 1
10746 10753 1
10747 10749 1
10748 10751 1
10749 10750 1
10750 10766 1
10751 10752 1
10752 10767 1
10753 10813 1
10754 10758 1
10756 10782 1
10757 10758 1
10757 10759 1
10759 10764 1
10760 10761 1
10760 10764 1
10761 10762 1
10762 10763 1
10763 10765 1
10766 10768 1
10767 10769 1
10768 10771 1
10769 10770 1
10770 10773 1
10771 10774 1
10772 10773 1
10773 10776 1
10774 10775 1
10775 10779 1
10776 10778 1
10777 10778 1
10777 10779 1
10777 10780 1
10780 10781 1
10781 10794 1
10782 10814 1
10783 10785 1
10783 10788 1
10783 10794 1
10784 10785 1
10784 10796 1
10786 10789 1
10786 10796 1
10787 10814 1
10788 10790 1
10788 10794 1
10788 10811 1
10789 10791 1
10790 10792 1
10791 10795 1
10792 10818 1
10793 11041 1
10793 11042 1
10795 11042 1
10797 10813 1
10797 11029 1
10798 10814 1
10798 10995 1
10798 11122 1
10798 11139 1
10798 11148 1
10799 10800 1
10799 10816 1
10800 10812 1
10801 10802 1
10801 11030 1
10803 10804 1
10803 10809 1
10804 10805 1
10805 10810 1
10806 10807 1
10806 11057 1
10807 11065 1
10808 10810 1
10808 10811 1
10809 11031 1
10814 10993 1
10814 10995 1
10814 11139 1
10814 11148 1
10815 10817 1
10815 11065 1
10816 11029 1
10817 10819 1
10818 10820 1
10819 10821 1
10820 11060 1
10821 10824 1
10822 10824 1
10822 11059 1
10822 11061 1
10823 11062 1
10823 11079 1
10825 11066 1
10825 11080 1
10826 10828 1
10827 10830 1
10828 10829 1
10829 14767 1
10830 10844 1
10830 11047 1
10831 10832 1
10831 14769 1
10832 10833 1
10832 11047 1
10833 10844 1
10833 11048 1
10834 11069 1
10834 11070 1
10835 10839 1
10835 11069 1
10836 10838 1
10836 11071 1
10837 10838 1
10837 11036 1
10837 11071 1
10838 11034 1
10839 11034 1
10839 11037 1
10839 11047 1
10840 10845 1
10840 10858 1
10841 11036 1
10841 11040 1
10842 11232 1
10843 10844 1
10843 11043 1
10845 11097 1
10846 10849 1
10846 11184 1
10847 10888 1
10847 10931 1
10848 10849 1
10848 10972 1
10849 10850 1
10850 10854 1
10851 10888 1
10851 11109 1
10852 10853 1
10852 10854 1
10853 10855 1
10855 11020 1
10856 10857 1
10856 10976 1
10857 11020 1
10860 10862 1
10860 11166 1
10860 11168 1
10861 10863 1
10861 10913 1
10862 10912 1
10863 10913 1
10864 10867 1
10864 11175 1
10865 10873 1
10865 14760 1
10866 10868 1
10866 10869 1
10867 10878 1
10868 10870 1
10869 10871 1
10870 10872 1
10870 10874 1
10870 10875 1
10872 10874 1
10872 10875 1
10873 10874 1
10873 10905 1
10874 10875 1
10875 10876 1
10876 10877 1
10877 10879 1
10878 10904 1
10879 10880 1
10881 10883 1
10882 10931 1
10883 10886 1
10884 10885 1
10885 10889 1
10886 10897 1
10886 10921 1
10887 10890 1
10888 10919 1
10889 10891 1
10889 10892 1
10890 10891 1
10892 10893 1
10893 10894 1
10894 10895 1
10895 10896 1
10896 10897 1
10897 10903 1
10898 10900 1
10898 35429 1
10899 10902 1
10899 10923 1
10900 10901 1
10900 35430 1
10901 10902 1
10901 10910 1
10901 35430 1
10903 35429 1
10904 10906 1
10905 10907 1
10906 10909 1
10906 10910 1
10907 10908 1
10908 10909 1
10909 10910 1
10909 35439 1
10911 10914 1
10912 10916 1
10913 10916 1
10914 10918 1
10915 10916 1
10916 10917 1
10917 10922 1
10918 10920 1
10919 10924 1
10920 10921 1
10922 10923 1
10924 10925 1
10925 10926 1
10926 10927 1
10926 10928 1
10927 10929 1
10928 11204 1
10929 10930 1
10929 10998 1
10930 11000 1
10932 10935 1
10932 11007 1
10932 11011 1
10933 10936 1
10933 10979 1
10933 11008 1
10933 11022 1
10934 10937 1
10934 11009 1
10934 11011 1
10934 11223 1
10934 11224 1
10935 10938 1
10935 11007 1
10936 10970 1
10936 11022 1
10936 11046 1
10937 10939 1
10938 10941 1
10939 10940 1
10940 10943 1
10941 10942 1
10942 11780 1
10943 10944 1
10943 11188 1
10944 11778 1
10945 11223 1
10945 11224 1
10946 10951 1
10946 10968 1
10946 10994 1
10946 11139 1
10947 10960 1
10947 10961 1
10947 10968 1
10947 10973 1
10947 10995 1
10948 10952 1
10948 11127 1
10949 10950 1
10949 11173 1
10949 11185 1
10949 11192 1
10949 11218 1
10950 10951 1
10950 10966 1
10950 11173 1
10950 11218 1
10951 10966 1
10951 11139 1
10952 10970 1
10953 10954 1
10953 10990 1
10953 11186 1
10954 10955 1
10954 10990 1
10955 10962 1
10956 10962 1
10956 10997 1
10957 10959 1
10957 11183 1
10958 10960 1
10958 10961 1
10958 10991 1
10959 10974 1
10960 10961 1
10960 10964 1
10960 10968 1
10963 11181 1
10963 11183 1
10964 10967 1
10964 10968 1
10965 11127 1
10966 10969 1
10967 10969 1
10967 10971 1
10967 10973 1
10968 10971 1
10968 10973 1
10968 10995 1
10969 10971 1
10969 10973 1
10971 10973 1
10972 10974 1
10973 10976 1
10973 10995 1
10975 10982 1
10975 11046 1
10977 10980 1
10977 11001 1
10978 11772 1
10979 10981 1
10980 10982 1
10980 10983 1
10983 10985 1
10984 10986 1
10985 10988 1
10986 11756 1
10987 10992 1
10987 11109 1
10988 11007 1
10989 10990 1
10989 11776 1
10989 11784 1
10989 11785 1
10989 11786 1
10991 10993 1
10992 10999 1
10993 10996 1
10994 10995 1
10995 11122 1
10996 10997 1
10998 11001 1
10999 11091 1
11000 11002 1
11002 11003 1
11003 11004 1
11004 11005 1
11005 11006 1
11006 11009 1
11008 11064 1
11008 11091 1
11009 11011 1
11010 11222 1
11010 11223 1
11012 11013 1
11013 11015 1
11013 11016 1
11014 11015 1
11015 11016 1
11015 11017 1
11016 11192 1
11017 11018 1
11018 11019 1
11019 11020 1
11020 11021 1
11021 11023 1
11022 11064 1
11023 11024 1
11024 11025 1
11025 11026 1
11026 14889 1
11027 11028 1
11027 11033 1
11028 11054 1
11030 11031 1
11032 11033 1
11034 11037 1
11034 11047 1
11035 11039 1
11035 11087 1
11035 11098 1
11035 11112 1
11037 11041 1
11037 11043 1
11037 11047 1
11038 11039 1
11039 11098 1
11039 11112 1
11040 11052 1
11041 11043 1
11044 11045 1
11044 11052 1
11045 11049 1
11048 14999 1
11049 11050 1
11050 11051 1
11053 11055 1
11054 11056 1
11055 11057 1
11056 11058 1
11058 11063 1
11059 11060 1
11059 11061 1
11061 11062 1
11063 11068 1
11067 11119 1
11067 11130 1
11068 11114 1
11070 11072 1
11071 11074 1
11072 11075 1
11072 11077 1
11073 11076 1
11073 11079 1
11073 11081 1
11074 11077 1
11074 11078 1
11075 11076 1
11075 11077 1
11076 11077 1
11076 11081 1
11077 11082 1
11077 11084 1
11078 11082 1
11078 11083 1
11079 11080 1
11081 11084 1
11081 11086 1
11081 11087 1
11081 11088 1
11082 11083 1
11082 11084 1
11084 11085 1
11084 11087 1
11085 11088 1
11085 11092 1
11086 11088 1
11086 11090 1
11087 11098 1
11088 11089 1
11088 11092 1
11089 11092 1
11090 11113 1
11093 11094 1
11093 11095 1
11093 11096 1
11094 11151 1
11095 11096 1
11095 11112 1
11096 11108 1
11097 11109 1
11098 11099 1
11099 11100 1
11100 11101 1
11101 11110 1
11102 11107 1
11102 11108 1
11103 11105 1
11103 11110 1
11104 11106 1
11104 11107 1
11105 11111 1
11106 11123 1
11113 11115 1
11114 11116 1
11115 11117 1
11116 11121 1
11117 11119 1
11118 11119 1
11118 11120 1
11120 11121 1
11122 11143 1
11122 11218 1
11123 11124 1
11124 15032 1
11125 11126 1
11125 11129 1
11125 15040 1
11126 11128 1
11128 15032 1
11129 11175 1
11129 14760 1
11129 14765 1
11130 11131 1
11131 11132 1
11131 11135 1
11132 11133 1
11133 11134 1
11134 11136 1
11135 11137 1
11136 11138 1
11137 11140 1
11138 11142 1
11139 11148 1
11140 11141 1
11141 11145 1
11142 11150 1
11143 11148 1
11143 11218 1
11144 11145 1
11144 11146 1
11145 11147 1
11146 11149 1
11147 11172 1
11148 11157 1
11149 11171 1
11150 11153 1
11151 11154 1
11152 11214 1
11152 11218 1
11153 11155 1
11153 11156 1
11154 11159 1
11154 11162 1
11155 11156 1
11156 11158 1
11156 11160 1
11157 11165 1
11158 11160 1
11158 11162 1
11159 11164 1
11160 11163 1
11161 11174 1
11163 11166 1
11164 11168 1
11165 11173 1
11166 11167 1
11166 11168 1
11167 11169 1
11169 11170 1
11171 11174 1
11173 11179 1
11173 11218 1
11176 11177 1
11176 11190 1
11177 11178 1
11178 11181 1
11179 11232 1
11180 11182 1
11180 11196 1
11182 11184 1
11186 11201 1
11187 11189 1
11187 11201 1
11188 11196 1
11188 11200 1
11189 11193 1
11190 11191 1
11191 11193 1
11193 11203 1
11194 11195 1
11194 11200 1
11194 11233 1
11195 11197 1
11196 11202 1
11198 11199 1
11198 11203 1
11200 11233 1
11202 11203 1
11204 11216 1
11205 11206 1
11205 11236 1
11206 11237 1
11207 11208 1
11207 11216 1
11209 11210 1
11209 11246 1
11210 11211 1
11210 11213 1
11211 11212 1
11212 11215 1
11213 11219 1
11214 11218 1
11215 11250 1
11217 11219 1
11217 11220 1
11220 11221 1
11221 11222 1
11225 11235 1
11225 11257 1
11226 11227 1
11226 11235 1
11227 11229 1
11228 11229 1
11228 11230 1
11230 11231 1
11231 11234 1
11233 11234 1
11237 11239 1
11238 11239 1
11238 11256 1
11240 11241 1
11240 11254 1
11241 11242 1
11242 11243 1
11247 11248 1
11247 11257 1
11247 11258 1
11248 11252 1
11248 11257 1
11249 11256 1
11250 11251 1
11251 11253 1
11253 11255 1
11259 11274 1
11259 11339 1
11260 11266 1
11261 11468 1
11261 11469 1
11262 11410 1
11262 11470 1
11263 11264 1
11263 11267 1
11264 11269 1
11264 11472 1
11265 11267 1
11265 11268 1
11266 11301 1
11268 11283 1
11269 11419 1
11270 11287 1
11270 11289 1
11270 11418 1
11271 11275 1
11271 11404 1
11272 11273 1
11272 11276 1
11273 11282 1
11274 11390 1
11275 11455 1
11276 11278 1
11277 11279 1
11277 11368 1
11278 11452 1
11278 11454 1
11279 11451 1
11280 11282 1
11280 15283 1
11281 11439 1
11281 15269 1
11283 11286 1
11284 11285 1
11284 11471 1
11285 11290 1
11285 11292 1
11285 11293 1
11285 11295 1
11286 11287 1
11286 11290 1
11287 11289 1
11287 11290 1
11288 11322 1
11290 11292 1
11291 11446 1
11291 11466 1
11292 11293 1
11292 11295 1
11293 11294 1
11294 11441 1
11295 11443 1
11296 11320 1
11296 11434 1
11297 11298 1
11297 11377 1
11298 11315 1
11299 11300 1
11299 11381 1
11300 11302 1
11301 11307 1
11302 11303 1
11302 11327 1
11303 11304 1
11304 11305 1
11305 11306 1
11306 11308 1
11307 11311 1
11308 11309 1
11309 11310 1
11310 11376 1
11310 11464 1
11311 11362 1
11312 11314 1
11312 15223 1
11313 11321 1
11313 15221 1
11314 11316 1
11316 11317 1
11317 11318 1
11318 11319 1
11319 11320 1
11320 11325 1
11320 15895 1
11321 11326 1
11322 11393 1
11323 11324 1
11323 11326 1
11325 16557 1
11327 11328 1
11328 11329 1
11329 11330 1
11329 11431 1
11329 11432 1
11329 11433 1
11330 11331 1
11331 11434 1
11332 11340 1
11332 11352 1
11332 11396 1
11333 11334 1
11333 11354 1
11333 11432 1
11334 11336 1
11335 11342 1
11335 11354 1
11336 11337 1
11337 11338 1
11338 11341 1
11338 11345 1
11339 11385 1
11340 11428 1
11341 11345 1
11342 11343 1
11343 11344 1
11343 11450 1
11344 11350 1
11345 11348 1
11345 11355 1
11346 11353 1
11346 11356 1
11347 11353 1
11347 11357 1
11348 11355 1
11349 11428 1
11350 11351 1
11351 11356 1
11352 11396 1
11354 11432 1
11355 11461 1
11355 11462 1
11355 17313 1
11358 11360 1
11358 11363 1
11359 11367 1
11359 11382 1
11360 11362 1
11361 11364 1
11361 11403 1
11363 11365 1
11364 11366 1
11365 11366 1
11366 11383 1
11366 11384 1
11367 11375 1
11368 11369 1
11369 11370 1
11370 11371 1
11371 11372 1
11372 11373 1
11373 11376 1
11374 11440 1
11374 11466 1
11375 11391 1
11376 11464 1
11377 11378 1
11378 15233 1
11379 11381 1
11379 15229 1
11380 15234 1
11380 15235 1
11382 11417 1
11383 11386 1
11383 11419 1
11384 11387 1
11386 11388 1
11386 16804 1
11387 11390 1
11388 11430 1
11388 16804 1
11389 11390 1
11389 11393 1
11390 11392 1
11390 16804 1
11391 11395 1
11392 11394 1
11394 16816 1
11395 11398 1
11396 11399 1
11397 11399 1
11397 11400 1
11398 11404 1
11400 11403 1
11401 11409 1
11401 11410 1
11402 11405 1
11402 11411 1
11403 11408 1
11403 11409 1
11405 11406 1
11406 11407 1
11407 11408 1
11412 11413 1
11412 15232 1
11413 11414 1
11414 11415 1
11415 11417 1
11416 11422 1
11418 11420 1
11420 11421 1
11421 11423 1
11422 11440 1
11423 11424 1
11424 11426 1
11424 11429 1
11425 11427 1
11426 11427 1
11426 11429 1
11429 11430 1
11431 15905 1
11433 11435 1
11434 16148 1
11435 11436 1
11436 11437 1
11437 11438 1
11439 11460 1
11441 11442 1
11442 11445 1
11443 11444 1
11444 11446 1
11445 11447 1
11446 11450 1
11447 11448 1
11448 11449 1
11451 11453 1
11452 11455 1
11453 11455 1
11454 11456 1
11456 11458 1
11457 11458 1
11457 11459 1
11461 11462 1
11461 17313 1
11463 15239 1
11464 11466 1
11465 11467 1
11465 11473 1
11466 11467 1
11466 11471 1
11466 11472 1
11468 11473 1
11469 11470 1
11471 11472 1
11474 11588 1
11474 15743 1
11474 15744 1
11475 11479 1
11475 11792 1
11476 11477 1
11476 11479 1
11477 11478 1
11478 11482 1
11480 11481 1
11480 11482 1
11481 11483 1
11483 11526 1
11484 11791 1
11484 15744 1
11485 11489 1
11486 11487 1
11487 11490 1
11488 11660 1
11488 16313 1
11489 11709 1
11490 11491 1
11491 11532 1
11492 11496 1
11492 11520 1
11493 11494 1
11494 11499 1
11495 11497 1
11495 11655 1
11496 11516 1
11497 11498 1
11498 11500 1
11499 11706 1
11500 11501 1
11501 11502 1
11502 11503 1
11503 11508 1
11503 11509 1
11504 11505 1
11504 11509 1
11505 11507 1
11506 11516 1
11506 11697 1
11507 11547 1
11507 11552 1
11507 11702 1
11508 11509 1
11508 11682 1
11510 11636 1
11510 11642 1
11511 11512 1
11511 11565 1
11512 11513 1
11512 11526 1
11513 11514 1
11514 11515 1
11514 11615 1
11514 11629 1
11515 11517 1
11516 11525 1
11517 11518 1
11518 11519 1
11519 11521 1
11520 11618 1
11521 11523 1
11521 11550 1
11522 11523 1
11522 11524 1
11524 11693 1
11525 11527 1
11527 11538 1
11528 11545 1
11528 11681 1
11529 11530 1
11529 11545 1
11530 11531 1
11531 11532 1
11531 11543 1
11533 11534 1
11533 11535 1
11535 11536 1
11535 11543 1
11536 11537 1
11536 11540 1
11537 11539 1
11538 11544 1
11539 11541 1
11540 11657 1
11541 11542 1
11542 11657 1
11544 11546 1
11546 11548 1
11547 11552 1
11547 11564 1
11547 11702 1
11547 11705 1
11548 11588 1
11549 11551 1
11549 11563 1
11550 11553 1
11551 11562 1
11552 11556 1
11553 11564 1
11554 11559 1
11554 11562 1
11555 11557 1
11555 11570 1
11556 11580 1
11557 11571 1
11558 11559 1
11558 11560 1
11560 11566 1
11561 11694 1
11563 11565 1
11564 11573 1
11566 11567 1
11567 11569 1
11568 11582 1
11568 11597 1
11568 11654 1
11569 11570 1
11571 11573 1
11572 11574 1
11572 11583 1
11573 11575 1
11574 11576 1
11575 11576 1
11576 11578 1
11577 11620 1
11578 11579 1
11579 11580 1
11580 11672 1
11581 11582 1
11581 11583 1
11584 11585 1
11584 11596 1
11584 11752 1
11585 11586 1
11585 11644 1
11585 11645 1
11586 11587 1
11588 11694 1
11589 11591 1
11590 11599 1
11590 11600 1
11591 11592 1
11592 11593 1
11593 11594 1
11593 11599 1
11594 11595 1
11595 11597 1
11596 11752 1
11598 11671 1
11598 15753 1
11601 11605 1
11601 11679 1
11602 11726 1
11603 11614 1
11604 11606 1
11604 11619 1
11605 11607 1
11605 11608 1
11605 11689 1
11605 11692 1
11606 11607 1
11608 11609 1
11609 11610 1
11610 11617 1
11611 11612 1
11611 11617 1
11612 11613 1
11612 11723 1
11613 11616 1
11614 11619 1
11615 11618 1
11615 11629 1
11620 11621 1
11621 11623 1
11622 11727 1
11622 11729 1
11622 11731 1
11622 11732 1
11623 11624 1
11624 11625 1
11625 11626 1
11626 11628 1
11627 11630 1
11627 11731 1
11628 11640 1
11629 11642 1
11630 11631 1
11631 11635 1
11631 11637 1
11632 11633 1
11632 11640 1
11633 11634 1
11634 11635 1
11635 11637 1
11635 11638 1
11636 14316 1
11636 14359 1
11637 11639 1
11638 11674 1
11639 11736 1
11641 11732 1
11641 11733 1
11643 11707 1
11643 11741 1
11644 11645 1
11644 14341 1
11645 11646 1
11646 11708 1
11646 11710 1
11647 11648 1
11647 11654 1
11647 11656 1
11647 11711 1
11648 11649 1
11649 11651 1
11650 11652 1
11650 11715 1
11651 11718 1
11652 11719 1
11653 11720 1
11653 11727 1
11655 11664 1
11656 11710 1
11657 11658 1
11657 11659 1
11658 11660 1
11659 11661 1
11661 11662 1
11662 11663 1
11663 11665 1
11664 11722 1
11665 11666 1
11666 11667 1
11667 11668 1
11668 11669 1
11669 11670 1
11671 11678 1
11672 11673 1
11672 13216 1
11672 13268 1
11673 11674 1
11673 11675 1
11673 11680 1
11673 13216 1
11673 13268 1
11674 11675 1
11674 11680 1
11675 11676 1
11676 11677 1
11677 11688 1
11677 11690 1
11678 11738 1
11679 11680 1
11681 11683 1
11682 11684 1
11683 11686 1
11684 11688 1
11685 11722 1
11685 11724 1
11686 11687 1
11687 11689 1
11689 11692 1
11690 11691 1
11691 11692 1
11693 11695 1
11694 11791 1
11695 11696 1
11696 11699 1
11697 11698 1
11698 11699 1
11700 11701 1
11701 11702 1
11702 11703 1
11703 11704 1
11704 11705 1
11705 11706 1
11707 11708 1
11707 11741 1
11709 11722 1
11711 11712 1
11712 11713 1
11713 11714 1
11714 11716 1
11714 11721 1
11716 11721 1
11717 11721 1
11717 11754 1
11718 11720 1
11719 11720 1
11724 11738 1
11725 11726 1
11725 11736 1
11728 11729 1
11728 11730 1
11730 11746 1
11731 11732 1
11733 11737 1
11734 11735 1
11734 11737 1
11739 11740 1
11739 11743 1
11740 11741 1
11741 11754 1
11742 11747 1
11742 11792 1
11744 11746 1
11744 11753 1
11745 11748 1
11745 11753 1
11745 11767 1
11747 11765 1
11748 11749 1
11749 11750 1
11750 11751 1
11752 11773 1
11754 11755 1
11755 11763 1
11756 11781 1
11757 11768 1
11757 11772 1
11758 11759 1
11758 11768 1
11759 11761 1
11760 11769 1
11760 11771 1
11761 11762 1
11762 11763 1
11763 11764 1
11763 11771 1
11764 11770 1
11764 11771 1
11765 11777 1
11765 13343 1
11766 11767 1
11766 11770 1
11766 11774 1
11767 11770 1
11769 11781 1
11773 11789 1
11774 11779 1
11775 11776 1
11775 11783 1
11776 11786 1
11777 11788 1
11777 13343 1
11778 11779 1
11778 11780 1
11778 11782 1
11779 11782 1
11782 11783 1
11783 11784 1
11785 11786 1
11787 11789 1
11787 11790 1
11788 11790 1
11793 13150 1
11793 13154 1
11794 13079 1
11794 13094 1
11795 11796 1
11795 13178 1
11796 11797 1
11797 11798 1
11798 11799 1
11799 11920 1
11800 11803 1
11800 13029 1
11801 11802 1
11801 11809 1
11802 11806 1
11803 11805 1
11803 11808 1
11804 11958 1
11804 12066 1
11805 11806 1
11806 11897 1
11807 11809 1
11807 11810 1
11808 11898 1
11810 11811 1
11811 11904 1
11812 11814 1
11812 12926 1
11813 12374 1
11813 12473 1
11813 12924 1
11814 12473 1
11814 12476 1
11815 11816 1
11815 12927 1
11816 11817 1
11817 11818 1
11818 12929 1
11819 11827 1
11819 12327 1
11820 11821 1
11820 11823 1
11820 12378 1
11820 12658 1
11820 12684 1
11820 12685 1
11820 12687 1
11820 12688 1
11821 11823 1
11821 12376 1
11821 12380 1
11821 12658 1
11822 12658 1
11822 12660 1
11823 11824 1
11823 12380 1
11824 12380 1
11824 15554 1
11825 11826 1
11825 11835 1
11825 12884 1
11826 11829 1
11826 12888 1
11827 11841 1
11828 11838 1
11828 11839 1
11829 11830 1
11829 12888 1
11830 12886 1
11831 11832 1
11831 12883 1
11832 12882 1
11833 12882 1
11833 12917 1
11834 11835 1
11834 12862 1
11836 11837 1
11836 12875 1
11837 11838 1
11839 14271 1
11840 14288 1
11840 14304 1
11841 11852 1
11842 12505 1
11842 12507 1
11843 11845 1
11843 12507 1
11844 12506 1
11844 12666 1
11845 12666 1
11846 12477 1
11846 13058 1
11847 12477 1
11847 12666 1
11847 12671 1
11847 15353 1
11848 11850 1
11848 14227 1
11849 12884 1
11849 12887 1
11850 12886 1
11851 12325 1
11851 12326 1
11852 11867 1
11853 11854 1
11853 11865 1
11854 11855 1
11855 14244 1
11856 14246 1
11856 14247 1
11857 11858 1
11857 11871 1
11858 11859 1
11859 11860 1
11860 11861 1
11861 11862 1
11862 11863 1
11862 11864 1
11862 11865 1
11863 11864 1
11863 11865 1
11864 11865 1
11864 11866 1
11866 11868 1
11867 11870 1
11868 11869 1
11869 11872 1
11870 11878 1
11871 11893 1
11872 11873 1
11873 11874 1
11874 11875 1
11875 11876 1
11876 11877 1
11877 11929 1
11878 11879 1
11879 11889 1
11880 11881 1
11880 14278 1
11881 11882 1
11881 11883 1
11882 11884 1
11883 12258 1
11884 12259 1
11884 12260 1
11885 11887 1
11885 11900 1
11886 11894 1
11886 11902 1
11887 11895 1
11888 12091 1
11888 12328 1
11889 11896 1
11890 11891 1
11890 11894 1
11892 11893 1
11892 11895 1
11896 11899 1
11897 11900 1
11898 11901 1
11899 12296 1
11901 11902 1
11903 11925 1
11904 11905 1
11905 11906 1
11906 11907 1
11907 11908 1
11908 11909 1
11909 11911 1
11909 11934 1
11910 11922 1
11910 12277 1
11911 11920 1
11911 11934 1
11912 11913 1
11912 11920 1
11913 11914 1
11914 11915 1
11915 11919 1
11916 11917 1
11916 11924 1
11917 11918 1
11917 11960 1
11918 11919 1
11920 11921 1
11921 11923 1
11922 11930 1
11923 12975 1
11924 11959 1
11925 11928 1
11926 11927 1
11926 11929 1
11926 11932 1
11927 11928 1
11929 11931 1
11929 12260 1
11930 11951 1
11931 11937 1
11931 12264 1
11932 11935 1
11933 12053 1
11933 12405 1
11934 11936 1
11935 11936 1
11936 11937 1
11937 12311 1
11938 11955 1
11938 12277 1
11939 11940 1
11939 11953 1
11939 11956 1
11940 11941 1
11941 12308 1
11942 11977 1
11942 11980 1
11942 12001 1
11942 12003 1
11942 12089 1
11943 11944 1
11943 11956 1
11944 11952 1
11945 11947 1
11946 11948 1
11946 11949 1
11946 11954 1
11947 11950 1
11947 12019 1
11947 12021 1
11949 11975 1
11950 11973 1
11951 12351 1
11952 11974 1
11953 12313 1
11954 12268 1
11955 11958 1
11957 11984 1
11957 14301 1
11959 11961 1
11960 11963 1
11961 11962 1
11962 11972 1
11963 11965 1
11964 11972 1
11964 12984 1
11965 11966 1
11966 11967 1
11967 11968 1
11968 12319 1
11969 11970 1
11969 12989 1
11970 11971 1
11971 12302 1
11973 11976 1
11974 11977 1
11976 11978 1
11977 11980 1
11977 12256 1
11978 12256 1
11979 13144 1
11979 13170 1
11980 12256 1
11980 14321 1
11981 11982 1
11981 11984 1
11982 11985 1
11983 11985 1
11983 12065 1
11986 11987 1
11986 12006 1
11987 11988 1
11988 11989 1
11989 11990 1
11990 12014 1
11991 11992 1
11992 11993 1
11993 11995 1
11994 11996 1
11994 12005 1
11995 11997 1
11996 12007 1
11997 11999 1
11998 12001 1
11998 12008 1
11998 12016 1
11999 12000 1
12000 12002 1
12001 12003 1
12001 12089 1
12002 12003 1
12003 12094 1
12004 12007 1
12004 12016 1
12008 12016 1
12008 12017 1
12009 12011 1
12009 12285 1
12010 12018 1
12011 12013 1
12012 12014 1
12012 12017 1
12013 12101 1
12015 13016 1
12015 13055 1
12017 12304 1
12018 12288 1
12019 12020 1
12020 12036 1
12021 12022 1
12022 12023 1
12023 12025 1
12024 12036 1
12024 12257 1
12025 12026 1
12026 12027 1
12027 12028 1
12028 12029 1
12029 12030 1
12030 12097 1
12031 12032 1
12031 12230 1
12032 12231 1
12033 12034 1
12033 12899 1
12034 12035 1
12037 12044 1
12037 12048 1
12038 12039 1
12038 12614 1
12039 12040 1
12041 12046 1
12041 12119 1
12042 12043 1
12042 12085 1
12042 12611 1
12043 12045 1
12045 12046 1
12045 12107 1
12045 12112 1
12046 12142 1
12047 12117 1
12048 12057 1
12049 12065 1
12049 12067 1
12050 12051 1
12050 12067 1
12051 12052 1
12052 12054 1
12053 12417 1
12054 12055 1
12055 12056 1
12056 12058 1
12057 12075 1
12058 12059 1
12059 12062 1
12059 12276 1
12060 12061 1
12060 12278 1
12061 12063 1
12062 12064 1
12063 12784 1
12064 12782 1
12066 12252 1
12066 12342 1
12066 12993 1
12068 12070 1
12068 12080 1
12068 12093 1
12069 12071 1
12069 12103 1
12069 12131 1
12069 12153 1
12069 12160 1
12071 12072 1
12071 12079 1
12072 12161 1
12073 12103 1
12074 12076 1
12074 12079 1
12075 12082 1
12076 12077 1
12077 12078 1
12078 12282 1
12080 12081 1
12081 12083 1
12082 12092 1
12083 12084 1
12083 12085 1
12084 12086 1
12086 12102 1
12087 12089 1
12087 12093 1
12088 12090 1
12088 12102 1
12089 12090 1
12089 12103 1
12091 12327 1
12092 12096 1
12094 12098 1
12095 12098 1
12095 12099 1
12096 12123 1
12097 12099 1
12098 12100 1
12100 12101 1
12102 12104 1
12103 12105 1
12104 12106 1
12104 12108 1
12105 12109 1
12106 12107 1
12106 12108 1
12107 12117 1
12108 12110 1
12109 12110 1
12110 12111 1
12111 12113 1
12112 12115 1
12113 12114 1
12114 12116 1
12115 12141 1
12116 12127 1
12118 12122 1
12118 12144 1
12119 12125 1
12120 12128 1
12120 12145 1
12121 12124 1
12121 12135 1
12122 12126 1
12123 12130 1
12124 12126 1
12125 12126 1
12126 12132 1
12126 12133 1
12126 12155 1
12127 12131 1
12128 12131 1
12128 12132 1
12129 13158 1
12129 13160 1
12130 12134 1
12131 12153 1
12132 12155 1
12133 12157 1
12133 12280 1
12134 12140 1
12136 12137 1
12137 12138 1
12138 12139 1
12139 12142 1
12140 12329 1
12141 12143 1
12142 12144 1
12143 12145 1
12146 12148 1
12146 12283 1
12147 12959 1
12148 12149 1
12149 12150 1
12149 12151 1
12149 12285 1
12150 12162 1
12150 12168 1
12151 12165 1
12151 12285 1
12152 12159 1
12152 12329 1
12152 12972 1
12153 12157 1
12154 12159 1
12154 12329 1
12154 12959 1
12155 12157 1
12156 12160 1
12156 12280 1
12158 12361 1
12158 12438 1
12160 12161 1
12162 12164 1
12162 12166 1
12163 12331 1
12163 12333 1
12163 12963 1
12163 12972 1
12164 12180 1
12165 12167 1
12166 12179 1
12167 12168 1
12168 12171 1
12168 12175 1
12169 12170 1
12170 12171 1
12170 12184 1
12171 12175 1
12171 12177 1
12171 12184 1
12172 12175 1
12172 12198 1
12172 12199 1
12172 12210 1
12172 12213 1
12173 12187 1
12173 12212 1
12174 12198 1
12174 12206 1
12176 12186 1
12176 12332 1
12177 12210 1
12177 12218 1
12178 12180 1
12178 12182 1
12178 12281 1
12179 12180 1
12181 12190 1
12181 12191 1
12181 12280 1
12182 12193 1
12183 12190 1
12183 12194 1
12183 12195 1
12184 12187 1
12184 12190 1
12184 12193 1
12184 12195 1
12185 12191 1
12185 12194 1
12185 12195 1
12185 12233 1
12185 12235 1
12186 12201 1
12186 12963 1
12187 12189 1
12187 12193 1
12188 12189 1
12188 12233 1
12190 12195 1
12190 12280 1
12191 12232 1
12192 12699 1
12192 12714 1
12192 12738 1
12196 12197 1
12196 12211 1
12197 12754 1
12199 12203 1
12200 12747 1
12200 12752 1
12201 12216 1
12202 12205 1
12202 12209 1
12203 12207 1
12204 12207 1
12204 12732 1
12206 12209 1
12207 12219 1
12208 12754 1
12211 12218 1
12212 12213 1
12213 12217 1
12213 12741 1
12214 12215 1
12214 12729 1
12215 12297 1
12215 12741 1
12215 12753 1
12216 12963 1
12217 12742 1
12219 12220 1
12220 12734 1
12221 12222 1
12221 12734 1
12222 12223 1
12223 12224 1
12224 12225 1
12225 12226 1
12226 12227 1
12227 12229 1
12227 12897 1
12228 12762 1
12228 12895 1
12229 12230 1
12231 12275 1
12233 12234 1
12233 12731 1
12234 12235 1
12234 12237 1
12235 12236 1
12236 12238 1
12236 12239 1
12236 12726 1
12237 12238 1
12238 12239 1
12239 12289 1
12239 12290 1
12240 12243 1
12241 12247 1
12241 12653 1
12242 12252 1
12242 13165 1
12243 12244 1
12244 12245 1
12245 12246 1
12246 12249 1
12248 12251 1
12248 12763 1
12249 12250 1
12250 12253 1
12251 12254 1
12252 12272 1
12253 12255 1
12254 12724 1
12254 12728 1
12255 12721 1
12256 14325 1
12258 12261 1
12261 12262 1
12262 14328 1
12263 12271 1
12264 12265 1
12265 12267 1
12266 12271 1
12266 12273 1
12267 12268 1
12268 12269 1
12269 12274 1
12270 12273 1
12270 12274 1
12272 12277 1
12275 12276 1
12277 12296 1
12277 22248 1
12278 12279 1
12279 14331 1
12280 12281 1
12282 12284 1
12284 12286 1
12286 12287 1
12287 12288 1
12289 12291 1
12290 12548 1
12290 12724 1
12290 12764 1
12291 12293 1
12291 12294 1
12292 12966 1
12292 13160 1
12293 12295 1
12294 12728 1
12295 12297 1
12297 12548 1
12297 12758 1
12297 12764 1
12298 12299 1
12298 12300 1
12299 12301 1
12300 12303 1
12301 12304 1
12302 12305 1
12303 12307 1
12305 12306 1
12305 13111 1
12306 12307 1
12308 12310 1
12309 13081 1
12309 13082 1
12309 13123 1
12310 12311 1
12312 12313 1
12312 12320 1
12314 12315 1
12314 12317 1
12315 12320 1
12316 13066 1
12316 13124 1
12317 12318 1
12318 12319 1
12321 12322 1
12321 13075 1
12322 12323 1
12323 12324 1
12324 12325 1
12326 12328 1
12330 12965 1
12330 13103 1
12331 12363 1
12331 12963 1
12332 12336 1
12333 12341 1
12333 12342 1
12334 12338 1
12334 13149 1
12335 12972 1
12336 12679 1
12337 12972 1
12339 12340 1
12340 12341 1
12341 12342 1
12342 12371 1
12342 12993 1
12343 12377 1
12343 12381 1
12344 12345 1
12344 12646 1
12345 12524 1
12346 12347 1
12346 12348 1
12347 12350 1
12347 12461 1
12348 12685 1
12348 12906 1
12349 12353 1
12349 12381 1
12350 12458 1
12351 12986 1
12352 12354 1
12352 12425 1
12353 12382 1
12354 12355 1
12355 13026 1
12356 12357 1
12356 13026 1
12357 12358 1
12358 12359 1
12359 12635 1
12360 13166 1
12360 13169 1
12360 13170 1
12361 12362 1
12362 12474 1
12363 12702 1
12363 12974 1
12364 12365 1
12364 12974 1
12365 12366 1
12366 13038 1
12367 12370 1
12367 12866 1
12368 12369 1
12368 13038 1
12369 12384 1
12370 12374 1
12372 12991 1
12373 12375 1
12373 12993 1
12375 13000 1
12376 12685 1
12376 12688 1
12377 13148 1
12378 12379 1
12379 12690 1
12380 12658 1
12380 12689 1
12382 12438 1
12383 12387 1
12384 12386 1
12385 12388 1
12385 12686 1
12386 12387 1
12386 12390 1
12388 12389 1
12388 12393 1
12388 12465 1
12389 12445 1
12390 12391 1
12391 12392 1
12393 12394 1
12393 12465 1
12394 12674 1
12394 12675 1
12394 12906 1
12395 12399 1
12395 12703 1
12396 12398 1
12396 13033 1
12397 12399 1
12397 13033 1
12398 12399 1
12398 12402 1
12399 12403 1
12400 12437 1
12400 12629 1
12400 12636 1
12401 12695 1
12401 12697 1
12402 12693 1
12404 12413 1
12404 13137 1
12405 12416 1
12406 12408 1
12406 12416 1
12407 12449 1
12407 13136 1
12408 12409 1
12409 12411 1
12410 12412 1
12411 12944 1
12412 12415 1
12413 12428 1
12414 12479 1
12414 12944 1
12415 12418 1
12418 12420 1
12419 12429 1
12419 12837 1
12420 12421 1
12421 12425 1
12422 12430 1
12422 12798 1
12423 12424 1
12423 12425 1
12424 12798 1
12426 12427 1
12426 12493 1
12427 12928 1
12428 12432 1
12430 12737 1
12431 12433 1
12432 12439 1
12433 12434 1
12434 12435 1
12435 12436 1
12436 12711 1
12437 12711 1
12439 12441 1
12440 12701 1
12442 12443 1
12442 12662 1
12443 12445 1
12444 12450 1
12444 12711 1
12444 12765 1
12445 12686 1
12446 12447 1
12446 12451 1
12446 12765 1
12447 12448 1
12448 12452 1
12449 13072 1
12450 12673 1
12451 12932 1
12452 12453 1
12453 12672 1
12454 12457 1
12454 12692 1
12455 12687 1
12456 12461 1
12456 12687 1
12456 12691 1
12456 13049 1
12457 12459 1
12459 12460 1
12460 12463 1
12461 12522 1
12461 13049 1
12462 12464 1
12463 13045 1
12465 12466 1
12466 12468 1
12467 12469 1
12467 12673 1
12468 12470 1
12469 12470 1
12469 12471 1
12470 12472 1
12471 12475 1
12472 12548 1
12472 12637 1
12472 12638 1
12474 12489 1
12475 12643 1
12476 12514 1
12478 12481 1
12478 12555 1
12479 12480 1
12480 12482 1
12481 12484 1
12481 12485 1
12482 12483 1
12483 12484 1
12484 12485 1
12485 12486 1
12486 12487 1
12487 12488 1
12487 12545 1
12488 12490 1
12489 12494 1
12490 12491 1
12491 12492 1
12492 12493 1
12494 12500 1
12495 12496 1
12495 12523 1
12495 13045 1
12496 12497 1
12496 12523 1
12497 12498 1
12498 12499 1
12499 12501 1
12500 12508 1
12501 12503 1
12502 12506 1
12502 13049 1
12503 12504 1
12504 12505 1
12508 12514 1
12509 12510 1
12509 12938 1
12510 12511 1
12511 12517 1
12512 12515 1
12512 12622 1
12513 12969 1
12513 12970 1
12514 12518 1
12515 12516 1
12515 12621 1
12516 12517 1
12517 12519 1
12518 12527 1
12519 12520 1
12520 12521 1
12521 12645 1
12522 12523 1
12523 12524 1
12523 12525 1
12525 12526 1
12526 12528 1
12526 12529 1
12528 12707 1
12530 12531 1
12530 12648 1
12531 12534 1
12532 13023 1
12533 12541 1
12533 12641 1
12534 12535 1
12535 12536 1
12536 12542 1
12537 12543 1
12538 12539 1
12538 12542 1
12540 12583 1
12540 12628 1
12541 12544 1
12543 12544 1
12545 12546 1
12546 12547 1
12547 12549 1
12547 12553 1
12548 12551 1
12548 12552 1
12548 12637 1
12548 12906 1
12549 12550 1
12549 12553 1
12550 12551 1
12551 12552 1
12552 12789 1
12553 12616 1
12554 12558 1
12554 12565 1
12555 12556 1
12556 12557 1
12557 12565 1
12558 13047 1
12559 12561 1
12559 12565 1
12560 12562 1
12560 13121 1
12561 12564 1
12562 12603 1
12563 12564 1
12563 12650 1
12564 12651 1
12566 12568 1
12566 12597 1
12567 12570 1
12567 12596 1
12568 12569 1
12569 12571 1
12570 12574 1
12571 12572 1
12571 12580 1
12572 12581 1
12573 12575 1
12573 12580 1
12574 12575 1
12574 12582 1
12576 12577 1
12576 12871 1
12577 12578 1
12578 15534 1
12578 15846 1
12579 12595 1
12579 13082 1
12582 12709 1
12583 12584 1
12584 12585 1
12585 12588 1
12585 12589 1
12586 12587 1
12586 12599 1
12587 12588 1
12589 12590 1
12590 12598 1
12591 12592 1
12591 12821 1
12592 12593 1
12592 12598 1
12593 12596 1
12594 12698 1
12595 12602 1
12595 13080 1
12597 12852 1
12599 12819 1
12600 12601 1
12600 12613 1
12601 12604 1
12602 12630 1
12603 12608 1
12604 12605 1
12605 12606 1
12606 12607 1
12607 12609 1
12608 12609 1
12609 12611 1
12609 12612 1
12610 12615 1
12610 12760 1
12612 12657 1
12613 12614 1
12615 12856 1
12616 12617 1
12616 12619 1
12617 12618 1
12618 12621 1
12620 12820 1
12620 12856 1
12622 12623 1
12623 12624 1
12624 12625 1
12625 12626 1
12626 12627 1
12627 12628 1
12629 12693 1
12629 12695 1
12629 12696 1
12630 12642 1
12631 12634 1
12631 12820 1
12632 12633 1
12632 12993 1
12633 12635 1
12634 12642 1
12634 12647 1
12636 12993 1
12636 13030 1
12637 12906 1
12637 12954 1
12638 12639 1
12638 12648 1
12639 12641 1
12640 12644 1
12640 12954 1
12642 12647 1
12643 12645 1
12644 12646 1
12647 12659 1
12649 12650 1
12649 12657 1
12651 12652 1
12652 12653 1
12654 12655 1
12655 12656 1
12656 12767 1
12658 12685 1
12658 13053 1
12659 12668 1
12660 12661 1
12661 12663 1
12662 12701 1
12663 12664 1
12664 12665 1
12666 12669 1
12666 15554 1
12667 12669 1
12667 12670 1
12668 12773 1
12668 13092 1
12669 12671 1
12670 15893 1
12672 12923 1
12674 12677 1
12675 12678 1
12676 12677 1
12678 12906 1
12679 12680 1
12680 12681 1
12681 12682 1
12682 12702 1
12683 12699 1
12683 13105 1
12684 12685 1
12685 12687 1
12685 12688 1
12685 12691 1
12687 12691 1
12688 12689 1
12688 12692 1
12689 12691 1
12690 12692 1
12691 12692 1
12694 12704 1
12694 12738 1
12696 12700 1
12697 12698 1
12699 12714 1
12700 12701 1
12703 12705 1
12703 13000 1
12703 13030 1
12703 13033 1
12704 12706 1
12705 13000 1
12705 13033 1
12707 12708 1
12708 12712 1
12709 12710 1
12710 12712 1
12710 12713 1
12712 12713 1
12713 15546 1
12714 12751 1
12715 13145 1
12715 13146 1
12716 12718 1
12716 13129 1
12717 12863 1
12717 13015 1
12718 13136 1
12719 13125 1
12719 13127 1
12720 13128 1
12720 13130 1
12721 12722 1
12722 12723 1
12723 12726 1
12725 12730 1
12727 12728 1
12727 12730 1
12728 12768 1
12729 12731 1
12732 12735 1
12733 12740 1
12733 12748 1
12735 12736 1
12736 12739 1
12737 12837 1
12739 12740 1
12740 12890 1
12742 12753 1
12743 12746 1
12744 12745 1
12744 12749 1
12745 12748 1
12746 12747 1
12749 12772 1
12750 12755 1
12750 12756 1
12751 12866 1
12752 12757 1
12752 12761 1
12753 12755 1
12756 12757 1
12758 12759 1
12759 12761 1
12762 12897 1
12763 12767 1
12764 12768 1
12766 12774 1
12766 13153 1
12768 12769 1
12768 12770 1
12769 12770 1
12769 12771 1
12770 12772 1
12771 12786 1
12773 12787 1
12773 13090 1
12774 12785 1
12775 12776 1
12775 12782 1
12776 12777 1
12777 12778 1
12778 12779 1
12778 12801 1
12779 12780 1
12779 12801 1
12779 14204 1
12780 12783 1
12780 14204 1
12781 12783 1
12781 12803 1
12782 12784 1
12785 12817 1
12785 13092 1
12786 12788 1
12786 12790 1
12787 12817 1
12787 13089 1
12787 13090 1
12788 12789 1
12790 12791 1
12791 12792 1
12792 12793 1
12793 12794 1
12794 12913 1
12794 12915 1
12795 12796 1
12795 12898 1
12796 12804 1
12797 12799 1
12797 12801 1
12797 12804 1
12799 12800 1
12800 12802 1
12802 12816 1
12803 12880 1
12805 12806 1
12805 12807 1
12806 12808 1
12807 12810 1
12808 12809 1
12809 12905 1
12810 12811 1
12811 12812 1
12812 12813 1
12813 12814 1
12814 12815 1
12815 12818 1
12816 12818 1
12817 13089 1
12819 12822 1
12821 12823 1
12822 12824 1
12823 12826 1
12824 12825 1
12825 12827 1
12826 12829 1
12827 12828 1
12828 12909 1
12829 12910 1
12830 12839 1
12830 12915 1
12831 12833 1
12831 12834 1
12832 12835 1
12832 12838 1
12833 12840 1
12834 12839 1
12834 12840 1
12834 12901 1
12834 12915 1
12835 12840 1
12836 12929 1
12836 12946 1
12838 12841 1
12839 12842 1
12841 12916 1
12842 12900 1
12843 12844 1
12843 12914 1
12844 12846 1
12845 12851 1
12845 12908 1
12846 12849 1
12847 12852 1
12848 12849 1
12848 12853 1
12850 12851 1
12850 12865 1
12853 12854 1
12854 12855 1
12855 12857 1
12857 12858 1
12857 12859 1
12858 12859 1
12858 12860 1
12859 12862 1
12860 12861 1
12861 12874 1
12861 12875 1
12863 12889 1
12864 12865 1
12864 12867 1
12865 12868 1
12867 12869 1
12868 12871 1
12869 12870 1
12870 12872 1
12872 12873 1
12873 12874 1
12876 12880 1
12876 12881 1
12877 12878 1
12877 12879 1
12878 12887 1
12879 12881 1
12883 12888 1
12885 12924 1
12889 12922 1
12889 12927 1
12890 12891 1
12891 12898 1
12892 12893 1
12892 12895 1
12893 12894 1
12894 12896 1
12896 12899 1
12900 12901 1
12901 12902 1
12902 12903 1
12903 12904 1
12904 12905 1
12907 12920 1
12907 12925 1
12908 12914 1
12909 12911 1
12910 12912 1
12911 12913 1
12912 12914 1
12913 12915 1
12914 12916 1
12917 12918 1
12918 12919 1
12919 12921 1
12920 12922 1
12921 14067 1
12923 12928 1
12925 12926 1
12929 12930 1
12931 12933 1
12931 12945 1
12932 12938 1
12933 12934 1
12934 12935 1
12935 12943 1
12936 12937 1
12937 12942 1
12939 12940 1
12939 12941 1
12940 12943 1
12941 13175 1
12942 13173 1
12945 12946 1
12946 12947 1
12947 12948 1
12948 12953 1
12949 12950 1
12950 12951 1
12951 12952 1
12952 12980 1
12953 12955 1
12955 12956 1
12956 13031 1
12957 12960 1
12957 12962 1
12958 12973 1
12958 13095 1
12960 12961 1
12961 13034 1
12962 12987 1
12964 12966 1
12964 13162 1
12965 12967 1
12966 12999 1
12968 12969 1
12968 12999 1
12970 13164 1
12971 12973 1
12971 12999 1
12975 12976 1
12976 12977 1
12977 12978 1
12978 12979 1
12979 12990 1
12980 12990 1
12981 12982 1
12981 12990 1
12982 12983 1
12983 12985 1
12984 12992 1
12985 12987 1
12985 12988 1
12985 12992 1
12986 12993 1
12986 13026 1
12988 12989 1
12991 12993 1
12993 13019 1
12994 12997 1
12994 13172 1
12995 12996 1
12995 13172 1
12996 13017 1
12997 13011 1
12998 13001 1
12998 13017 1
13000 13019 1
13001 13005 1
13002 13006 1
13002 13079 1
13003 13004 1
13003 13020 1
13004 13018 1
13006 13007 1
13008 13009 1
13008 13018 1
13009 13010 1
13010 13012 1
13011 13013 1
13011 13048 1
13012 13014 1
13013 13016 1
13015 13048 1
13020 13099 1
13021 13022 1
13021 13024 1
13022 13173 1
13023 13027 1
13024 13025 1
13025 13027 1
13027 13028 1
13027 13029 1
13031 13035 1
13031 13037 1
13031 13040 1
13032 13036 1
13032 13050 1
13034 13035 1
13034 13107 1
13036 13039 1
13037 13040 1
13037 13041 1
13039 13040 1
13039 13043 1
13041 13042 1
13042 13117 1
13043 13044 1
13044 13046 1
13046 13047 1
13050 13051 1
13051 13073 1
13052 13054 1
13052 13167 1
13052 21964 1
13055 13057 1
13056 13059 1
13056 13060 1
13057 13061 1
13058 15525 1
13059 13063 1
13060 13064 1
13061 13069 1
13062 13063 1
13062 13071 1
13064 13065 1
13065 13068 1
13066 13123 1
13067 13068 1
13067 13069 1
13068 13070 1
13070 13073 1
13071 13075 1
13072 13140 1
13074 13140 1
13074 13141 1
13076 13077 1
13076 13087 1
13077 13078 1
13078 13082 1
13080 21968 1
13081 13087 1
13083 13084 1
13083 13085 1
13084 13088 1
13086 13168 1
13086 13170 1
13088 13126 1
13089 13091 1
13090 13096 1
13091 13092 1
13092 13093 1
13093 13095 1
13093 13097 1
13094 13104 1
13096 13100 1
13097 13098 1
13098 13106 1
13099 13144 1
13100 13105 1
13101 13102 1
13101 13106 1
13102 13103 1
13104 13110 1
13107 13108 1
13108 13109 1
13109 13111 1
13110 13122 1
13112 13113 1
13113 13114 1
13114 13115 1
13115 13116 1
13116 13118 1
13117 13121 1
13118 13119 1
13119 13120 1
13120 13121 1
13122 13174 1
13123 13139 1
13124 13125 1
13126 13139 1
13127 13128 1
13130 13131 1
13131 13132 1
13132 13133 1
13133 13134 1
13134 13135 1
13135 13137 1
13138 13152 1
13138 13174 1
13141 13142 1
13142 13143 1
13143 13145 1
13146 13147 1
13147 13149 1
13148 13149 1
13150 13151 1
13151 13153 1
13152 13165 1
13153 13155 1
13154 13157 1
13155 13156 1
13156 13158 1
13157 13159 1
13159 13163 1
13161 13162 1
13161 13163 1
13164 13166 1
13167 13168 1
13168 13170 1
13169 13171 1
13171 13172 1
13173 13175 1
13173 13176 1
13176 13177 1
13177 13178 1
13179 13180 1
13180 14268 1
13181 14026 1
13181 14027 1
13182 13183 1
13182 14472 1
13183 13187 1
13184 13490 1
13184 14473 1
13185 13354 1
13185 13362 1
13185 13462 1
13185 13489 1
13186 14198 1
13186 14471 1
13187 13529 1
13188 13189 1
13188 13200 1
13188 14450 1
13189 13191 1
13190 13194 1
13191 14452 1
13192 13193 1
13192 14452 1
13193 13195 1
13193 14455 1
13194 14213 1
13195 13235 1
13196 13197 1
13196 13510 1
13197 13199 1
13198 13707 1
13198 14471 1
13199 13200 1
13200 13202 1
13201 13203 1
13201 13508 1
13202 13206 1
13203 13204 1
13204 13205 1
13204 13211 1
13205 13206 1
13206 13207 1
13206 13209 1
13207 13210 1
13208 13221 1
13208 14243 1
13209 13212 1
13210 13217 1
13211 13214 1
13211 13270 1
13211 13509 1
13212 13213 1
13212 13217 1
13212 13301 1
13213 13214 1
13215 13742 1
13215 14044 1
13215 14045 1
13215 14047 1
13215 14049 1
13215 14050 1
13216 13225 1
13216 13249 1
13216 14240 1
13217 14415 1
13218 13220 1
13218 14447 1
13219 13220 1
13219 13222 1
13220 13224 1
13220 13473 1
13222 13223 1
13223 13226 1
13224 13227 1
13225 13234 1
13226 13373 1
13227 13228 1
13228 13233 1
13229 13230 1
13229 13381 1
13230 13231 1
13231 13232 1
13232 13417 1
13233 13417 1
13234 13236 1
13234 13335 1
13235 13237 1
13236 13243 1
13237 13238 1
13237 13240 1
13237 13244 1
13238 13241 1
13239 13247 1
13240 13242 1
13240 13245 1
13241 13246 1
13241 13247 1
13242 13246 1
13243 13256 1
13244 13251 1
13245 13452 1
13246 13247 1
13246 13262 1
13246 13452 1
13246 14419 1
13247 14414 1
13247 14419 1
13248 14034 1
13248 14170 1
13249 13256 1
13249 13258 1
13250 13252 1
13250 13255 1
13250 13455 1
13250 13462 1
13251 13254 1
13251 13257 1
13251 13452 1
13252 13253 1
13253 13257 1
13254 14458 1
13255 13459 1
13255 13460 1
13255 13462 1
13257 13457 1
13258 13260 1
13258 13267 1
13259 13486 1
13259 14416 1
13259 14418 1
13259 14419 1
13260 13268 1
13261 13263 1
13261 13264 1
13261 13486 1
13261 13488 1
13261 14419 1
13262 13265 1
13263 13323 1
13264 13265 1
13264 13452 1
13266 14221 1
13266 14222 1
13267 13271 1
13268 13278 1
13269 13276 1
13269 13288 1
13270 13275 1
13270 13281 1
13271 13289 1
13272 13276 1
13272 13288 1
13273 13277 1
13273 13279 1
13273 13288 1
13273 13295 1
13273 13297 1
13273 13357 1
13273 13360 1
13274 13277 1
13274 13358 1
13275 13280 1
13276 13280 1
13276 13301 1
13277 13279 1
13277 13297 1
13278 13286 1
13279 13296 1
13279 13297 1
13282 13283 1
13282 14463 1
13283 13284 1
13284 13285 1
13285 13287 1
13286 13294 1
13287 13288 1
13287 13293 1
13288 13290 1
13288 13292 1
13288 13357 1
13289 13306 1
13290 13291 1
13291 13374 1
13292 13375 1
13293 14469 1
13294 13343 1
13295 13301 1
13295 13305 1
13296 13300 1
13297 13298 1
13298 13302 1
13299 13302 1
13299 13515 1
13300 13304 1
13301 13305 1
13301 13309 1
13301 14415 1
13302 13304 1
13302 13308 1
13302 13312 1
13303 13306 1
13303 13315 1
13304 13311 1
13305 13311 1
13307 13310 1
13307 13515 1
13308 13310 1
13308 13313 1
13308 13314 1
13309 14415 1
13309 14417 1
13311 13312 1
13311 14418 1
13312 13314 1
13313 13328 1
13314 13329 1
13314 14418 1
13316 14025 1
13316 14031 1
13317 13318 1
13317 13488 1
13318 13319 1
13319 13320 1
13319 13322 1
13319 13336 1
13320 13327 1
13320 13333 1
13321 13327 1
13321 13371 1
13322 13324 1
13324 13325 1
13325 13326 1
13326 13342 1
13328 13330 1
13328 13337 1
13328 13338 1
13329 13331 1
13330 13339 1
13332 13338 1
13332 14418 1
13333 13334 1
13333 13336 1
13333 13339 1
13334 13369 1
13335 13353 1
13336 13337 1
13337 13338 1
13339 13365 1
13340 13341 1
13340 13354 1
13340 13355 1
13340 13360 1
13340 13362 1
13340 13378 1
13340 13458 1
13341 13352 1
13342 13344 1
13342 13354 1
13342 13355 1
13342 13360 1
13342 13362 1
13342 13378 1
13344 13351 1
13344 13371 1
13345 13346 1
13345 13351 1
13346 13347 1
13348 13349 1
13348 13403 1
13349 13392 1
13349 13393 1
13349 13394 1
13350 14024 1
13350 14222 1
13352 13392 1
13353 13359 1
13353 13361 1
13354 13355 1
13354 13360 1
13354 13362 1
13354 13365 1
13354 13382 1
13355 13356 1
13355 13360 1
13355 13362 1
13355 13365 1
13356 13357 1
13359 13370 1
13360 13378 1
13360 13512 1
13360 13513 1
13360 13514 1
13361 13576 1
13362 13364 1
13362 13365 1
13362 13378 1
13362 13401 1
13362 13514 1
13363 13365 1
13363 13517 1
13364 13366 1
13365 13378 1
13366 13367 1
13367 13368 1
13368 13369 1
13370 13556 1
13372 13551 1
13372 13566 1
13373 13376 1
13374 13376 1
13375 13377 1
13377 13378 1
13378 13379 1
13379 13380 1
13380 13381 1
13382 13384 1
13382 13387 1
13383 13385 1
13383 13387 1
13384 13387 1
13384 13406 1
13385 13386 1
13386 13408 1
13388 13389 1
13388 13499 1
13389 13390 1
13390 13391 1
13392 13393 1
13392 13394 1
13393 13394 1
13393 13400 1
13394 13395 1
13395 13396 1
13396 13397 1
13397 13398 1
13398 13745 1
13399 13411 1
13399 14253 1
13401 13402 1
13402 13403 1
13404 13521 1
13404 13546 1
13405 13407 1
13405 13409 1
13406 13415 1
13407 13408 1
13409 13410 1
13411 13416 1
13412 13413 1
13412 13415 1
13413 13414 1
13414 13917 1
13416 13422 1
13417 13419 1
13418 13421 1
13418 13477 1
13418 13481 1
13419 13420 1
13420 13425 1
13421 13423 1
13422 13427 1
13423 13428 1
13424 13426 1
13424 13428 1
13425 13426 1
13425 13429 1
13426 13443 1
13427 13501 1
13428 13443 1
13429 13447 1
13430 13495 1
13430 13511 1
13431 13435 1
13431 14292 1
13432 13434 1
13432 13442 1
13433 13441 1
13433 14227 1
13434 13436 1
13435 13437 1
13436 13437 1
13437 13438 1
13438 13439 1
13439 13440 1
13439 13445 1
13440 13445 1
13440 13448 1
13441 13453 1
13442 13480 1
13443 13445 1
13444 13456 1
13444 13511 1
13445 13448 1
13446 14024 1
13446 14371 1
13447 13451 1
13448 13449 1
13449 13904 1
13450 13453 1
13450 13487 1
13450 13501 1
13450 14065 1
13450 14101 1
13451 13903 1
13452 13455 1
13453 13454 1
13453 13487 1
13454 13466 1
13456 13483 1
13457 13460 1
13457 13463 1
13458 13459 1
13459 13460 1
13460 13461 1
13460 14473 1
13461 14470 1
13464 13465 1
13464 14394 1
13465 13470 1
13466 13491 1
13467 13469 1
13468 13469 1
13468 13473 1
13468 13477 1
13468 14410 1
13469 13471 1
13470 13472 1
13471 14335 1
13472 13473 1
13473 13475 1
13474 13476 1
13475 13478 1
13476 13484 1
13478 13479 1
13479 13481 1
13480 13485 1
13482 13502 1
13482 13747 1
13483 13930 1
13484 13485 1
13486 13488 1
13486 14418 1
13487 14229 1
13487 14385 1
13488 14418 1
13489 13492 1
13490 13493 1
13491 14360 1
13492 13494 1
13493 13496 1
13494 13497 1
13495 13521 1
13496 13498 1
13497 13499 1
13497 13614 1
13498 13500 1
13500 13613 1
13502 13815 1
13502 13940 1
13503 13504 1
13503 14438 1
13504 13507 1
13505 13506 1
13506 13509 1
13507 13510 1
13512 13517 1
13513 13515 1
13515 13516 1
13516 13517 1
13518 13519 1
13518 13522 1
13518 14428 1
13519 13522 1
13519 14427 1
13520 13523 1
13520 13895 1
13522 13525 1
13522 13526 1
13523 13524 1
13524 13526 1
13525 14450 1
13526 13527 1
13527 13528 1
13528 13529 1
13530 13550 1
13530 13643 1
13531 13534 1
13531 13550 1
13532 13545 1
13532 13797 1
13533 14178 1
13533 14179 1
13533 14183 1
13534 13535 1
13534 13544 1
13534 13549 1
13535 13541 1
13535 13544 1
13536 13797 1
13536 13999 1
13537 13544 1
13537 13547 1
13538 13541 1
13538 14182 1
13539 13561 1
13539 13568 1
13539 13999 1
13540 13602 1
13540 13609 1
13540 13999 1
13540 14182 1
13542 13544 1
13543 13548 1
13543 13549 1
13545 13996 1
13546 14054 1
13547 13595 1
13548 14183 1
13551 13587 1
13552 13553 1
13552 13554 1
13553 13560 1
13554 13555 1
13555 13557 1
13556 13587 1
13557 13558 1
13558 13559 1
13560 13575 1
13561 13562 1
13561 13568 1
13561 13834 1
13562 13827 1
13563 13564 1
13563 13834 1
13564 13567 1
13565 13601 1
13565 13624 1
13565 13631 1
13566 13663 1
13567 13598 1
13568 13602 1
13569 13610 1
13569 13628 1
13570 13571 1
13570 13574 1
13571 13572 1
13571 13578 1
13571 13579 1
13572 13575 1
13573 13575 1
13574 13588 1
13576 13590 1
13577 13578 1
13577 13612 1
13578 13579 1
13579 13581 1
13580 13585 1
13580 13611 1
13581 13583 1
13582 13583 1
13582 13584 1
13584 13586 1
13585 13586 1
13586 13593 1
13586 13594 1
13588 13589 1
13589 13597 1
13590 13610 1
13591 13592 1
13592 13597 1
13593 13595 1
13594 13596 1
13598 13600 1
13599 13663 1
13599 14341 1
13600 13604 1
13601 13607 1
13601 13608 1
13603 13605 1
13603 13606 1
13606 13607 1
13607 13608 1
13608 13612 1
13609 13611 1
13613 13615 1
13613 13618 1
13613 13896 1
13614 13616 1
13615 13617 1
13616 13621 1
13617 13619 1
13618 13620 1
13619 13622 1
13620 13896 1
13621 13799 1
13622 13623 1
13623 13800 1
13624 13631 1
13624 13807 1
13625 13626 1
13626 13627 1
13627 13633 1
13628 13631 1
13629 14372 1
13629 14373 1
13630 13632 1
13630 13755 1
13630 13804 1
13630 13885 1
13630 14372 1
13632 13885 1
13632 13891 1
13633 14420 1
13634 13635 1
13634 14157 1
13635 13645 1
13636 13638 1
13636 14184 1
13637 13641 1
13637 13645 1
13637 13653 1
13638 13639 1
13638 13642 1
13639 13640 1
13639 13817 1
13640 13641 1
13641 13653 1
13642 13644 1
13643 13644 1
13645 13650 1
13646 13647 1
13646 14155 1
13647 13649 1
13648 13649 1
13648 13650 1
13651 13652 1
13652 13783 1
13652 13784 1
13652 13789 1
13653 13654 1
13654 13787 1
13654 13793 1
13655 13656 1
13655 13853 1
13656 13657 1
13657 13658 1
13658 13662 1
13658 13666 1
13659 13660 1
13659 13691 1
13660 13661 1
13661 13665 1
13662 13664 1
13662 13856 1
13662 13858 1
13664 13665 1
13666 13852 1
13667 13732 1
13667 14223 1
13667 15400 1
13668 13669 1
13669 13670 1
13670 13671 1
13671 13673 1
13672 13674 1
13672 13764 1
13673 13675 1
13674 13677 1
13675 13676 1
13676 13677 1
13677 13678 1
13677 13679 1
13678 13847 1
13679 13710 1
13679 13843 1
13680 13683 1
13680 13821 1
13681 13682 1
13681 13821 1
13682 13684 1
13683 13685 1
13684 13686 1
13685 13734 1
13686 13688 1
13687 13698 1
13687 13714 1
13688 13689 1
13689 13869 1
13690 13693 1
13690 13865 1
13692 13694 1
13692 13859 1
13693 13695 1
13694 13696 1
13695 13697 1
13697 13699 1
13698 13701 1
13699 13700 1
13700 13735 1
13701 13707 1
13702 13703 1
13702 13704 1
13703 13724 1
13704 13705 1
13705 13706 1
13706 13708 1
13708 13711 1
13709 13710 1
13709 13711 1
13709 13781 1
13712 13713 1
13712 13719 1
13712 13768 1
13712 13778 1
13713 13715 1
13714 13732 1
13715 13716 1
13716 13717 1
13717 13718 1
13717 13720 1
13718 13876 1
13719 13722 1
13720 13721 1
13721 13725 1
13722 13839 1
13723 13724 1
13725 13729 1
13726 13727 1
13726 13830 1
13727 13729 1
13728 13729 1
13728 13730 1
13729 13731 1
13730 13884 1
13731 13733 1
13735 13737 1
13736 13739 1
13736 13741 1
13737 13740 1
13738 13740 1
13738 13741 1
13739 13836 1
13742 13754 1
13743 13744 1
13743 13866 1
13744 13746 1
13745 13748 1
13745 13749 1
13745 13753 1
13746 13748 1
13747 13765 1
13748 13749 1
13748 13752 1
13748 13753 1
13748 13786 1
13749 13750 1
13749 13753 1
13750 13751 1
13752 13766 1
13752 13786 1
13754 13761 1
13755 13762 1
13755 13804 1
13755 13885 1
13755 13891 1
13756 13757 1
13756 13759 1
13757 13760 1
13758 13759 1
13760 13762 1
13761 14117 1
13762 13763 1
13762 13764 1
13765 14129 1
13766 13767 1
13767 13768 1
13769 13770 1
13769 13795 1
13770 13772 1
13770 13793 1
13771 13772 1
13771 13774 1
13771 13778 1
13773 14131 1
13773 14135 1
13774 13775 1
13775 13779 1
13776 13779 1
13777 14097 1
13777 14105 1
13780 14098 1
13780 14109 1
13780 14116 1
13781 13782 1
13782 13849 1
13783 13784 1
13783 13788 1
13783 13789 1
13784 13786 1
13784 13789 1
13785 14104 1
13785 14106 1
13787 13788 1
13789 13790 1
13790 13791 1
13791 13792 1
13792 13794 1
13794 13795 1
13796 13991 1
13796 13994 1
13796 13997 1
13798 13814 1
13798 13897 1
13799 13803 1
13800 13801 1
13801 13802 1
13801 13814 1
13802 13805 1
13803 13816 1
13804 13806 1
13804 13885 1
13804 13891 1
13805 13809 1
13806 13808 1
13807 13827 1
13808 13810 1
13809 13812 1
13810 13811 1
13812 13813 1
13812 13856 1
13813 13816 1
13813 13856 1
13815 13940 1
13815 14235 1
13817 13818 1
13818 13819 1
13819 13820 1
13820 13821 1
13821 13822 1
13822 13824 1
13823 13825 1
13823 13826 1
13824 13828 1
13825 13828 1
13826 13829 1
13830 13831 1
13831 13832 1
13832 13833 1
13833 13837 1
13835 13837 1
13836 13839 1
13838 13839 1
13838 13898 1
13840 13841 1
13840 13899 1
13841 13901 1
13842 13901 1
13843 13844 1
13844 13854 1
13845 13868 1
13845 13900 1
13845 14423 1
13846 13854 1
13847 13848 1
13848 13850 1
13848 13855 1
13849 13852 1
13850 13851 1
13851 13853 1
13856 13858 1
13856 13860 1
13857 13955 1
13857 14359 1
13858 13859 1
13860 13861 1
13861 13862 1
13861 13863 1
13862 13863 1
13862 13864 1
13863 13866 1
13864 13865 1
13867 13870 1
13868 13887 1
13869 13871 1
13870 13873 1
13871 13872 1
13872 13879 1
13873 13874 1
13874 13878 1
13875 13876 1
13875 13877 1
13877 13880 1
13878 13880 1
13879 13881 1
13881 13882 1
13883 13884 1
13885 13886 1
13885 13891 1
13886 13888 1
13887 13893 1
13888 13889 1
13889 13890 1
13890 13892 1
13891 13896 1
13891 13897 1
13892 13894 1
13893 14242 1
13894 13895 1
13898 13902 1
13899 13902 1
13900 13979 1
13903 13906 1
13904 13907 1
13905 13920 1
13905 13928 1
13905 13979 1
13906 13918 1
13907 13908 1
13908 13909 1
13909 13910 1
13910 13937 1
13911 13912 1
13911 13934 1
13911 13935 1
13912 13913 1
13913 13914 1
13914 13915 1
13915 13916 1
13916 13924 1
13917 13919 1
13918 13921 1
13919 13922 1
13920 13930 1
13921 13922 1
13921 13927 1
13922 13923 1
13922 13927 1
13923 13924 1
13923 13927 1
13925 13926 1
13925 13927 1
13926 14149 1
13927 13957 1
13928 13943 1
13929 13932 1
13929 13942 1
13931 13938 1
13931 13944 1
13932 13934 1
13933 13939 1
13933 13944 1
13934 13935 1
13934 13936 1
13934 13939 1
13935 13937 1
13936 13939 1
13936 14165 1
13938 14331 1
13940 14234 1
13941 13942 1
13941 14318 1
13943 13955 1
13945 13946 1
13945 14331 1
13946 13958 1
13947 14159 1
13947 14163 1
13948 14163 1
13949 13976 1
13950 13951 1
13950 14159 1
13951 13952 1
13952 13953 1
13953 13956 1
13954 13957 1
13954 14000 1
13956 13957 1
13958 13960 1
13959 13961 1
13959 14165 1
13960 13962 1
13961 13964 1
13962 13963 1
13963 13965 1
13964 13966 1
13964 13969 1
13965 13968 1
13965 14165 1
13966 13967 1
13967 13968 1
13968 13980 1
13968 14165 1
13969 13970 1
13970 13973 1
13971 13972 1
13971 13978 1
13972 14019 1
13973 13974 1
13974 13975 1
13974 13977 1
13975 13976 1
13977 13978 1
13980 13981 1
13981 13985 1
13982 13983 1
13983 13986 1
13984 13985 1
13984 13987 1
13985 14207 1
13985 14217 1
13986 13987 1
13987 13988 1
13988 13989 1
13989 14166 1
13990 13993 1
13990 14001 1
13991 13995 1
13991 14109 1
13992 13994 1
13992 14114 1
13993 14146 1
13995 13996 1
13997 13998 1
13998 14178 1
14000 14014 1
14001 14002 1
14002 14004 1
14003 14101 1
14003 14168 1
14004 14005 1
14005 14006 1
14006 14007 1
14007 14008 1
14008 14009 1
14008 14014 1
14009 14013 1
14010 14011 1
14011 14012 1
14012 14013 1
14014 14022 1
14014 14023 1
14014 14053 1
14014 14194 1
14015 14032 1
14015 14041 1
14015 14046 1
14015 14253 1
14015 14423 1
14016 14020 1
14017 14018 1
14017 14022 1
14018 14019 1
14020 14021 1
14021 14022 1
14021 14053 1
14021 14061 1
14021 14139 1
14022 14023 1
14022 14053 1
14023 14063 1
14023 14139 1
14024 14025 1
14027 14028 1
14028 14029 1
14029 14030 1
14030 14033 1
14031 14035 1
14032 14041 1
14032 14046 1
14032 14101 1
14033 14034 1
14035 14170 1
14036 14037 1
14036 14176 1
14037 14053 1
14038 14039 1
14038 14177 1
14039 14042 1
14040 14232 1
14040 14233 1
14041 14051 1
14042 14044 1
14043 14045 1
14043 14052 1
14044 14045 1
14044 14047 1
14045 14047 1
14045 14048 1
14046 14065 1
14047 14174 1
14048 14049 1
14051 14054 1
14052 14055 1
14055 14057 1
14056 14058 1
14057 14059 1
14058 14060 1
14059 14062 1
14060 14063 1
14061 14063 1
14062 14064 1
14063 14138 1
14063 14139 1
14064 14138 1
14065 14094 1
14066 14070 1
14066 14073 1
14066 14139 1
14066 14142 1
14066 14143 1
14066 14145 1
14066 14190 1
14068 14094 1
14068 15428 1
14069 14071 1
14069 14144 1
14070 14071 1
14071 14072 1
14071 14077 1
14072 14074 1
14072 14141 1
14073 14075 1
14073 14076 1
14073 14077 1
14073 14078 1
14074 14084 1
14075 14190 1
14076 14077 1
14076 14078 1
14076 14190 1
14077 14083 1
14077 14190 1
14078 14079 1
14079 14080 1
14080 14082 1
14081 14137 1
14082 14086 1
14083 14099 1
14084 14085 1
14084 14093 1
14085 14088 1
14086 14087 1
14087 14090 1
14088 14091 1
14089 14099 1
14089 14102 1
14090 14100 1
14092 14100 1
14092 14112 1
14093 14095 1
14095 14096 1
14096 14097 1
14098 14102 1
14103 14104 1
14103 14116 1
14105 14107 1
14107 14113 1
14108 14111 1
14108 14113 1
14110 14115 1
14110 14333 1
14112 14114 1
14115 14119 1
14117 14118 1
14118 14120 1
14119 14230 1
14120 14121 1
14121 14122 1
14122 14125 1
14123 14125 1
14123 14132 1
14124 14127 1
14124 14132 1
14125 14126 1
14126 14129 1
14127 14135 1
14128 14158 1
14128 15500 1
14130 14133 1
14130 14136 1
14131 14134 1
14134 14136 1
14137 14141 1
14138 14139 1
14138 14140 1
14138 14141 1
14138 14142 1
14139 14145 1
14139 14186 1
14140 14143 1
14141 14144 1
14145 14185 1
14146 14147 1
14147 14148 1
14148 14150 1
14149 14151 1
14150 14153 1
14151 14155 1
14152 14158 1
14152 14162 1
14152 14169 1
14152 14230 1
14153 14154 1
14154 14156 1
14156 14157 1
14158 14169 1
14159 14160 1
14160 14161 1
14161 14164 1
14162 14181 1
14164 14165 1
14166 14171 1
14167 14172 1
14168 14239 1
14169 14192 1
14170 14174 1
14171 14173 1
14172 14175 1
14173 14176 1
14175 14177 1
14178 14179 1
14179 14180 1
14180 14184 1
14181 14239 1
14185 14186 1
14186 14187 1
14187 14188 1
14188 14189 1
14189 14191 1
14190 14194 1
14191 14193 1
14192 14223 1
14193 14195 1
14195 14196 1
14196 14197 1
14198 14213 1
14199 14200 1
14199 14331 1
14200 14211 1
14201 14208 1
14201 14212 1
14202 14203 1
14202 14209 1
14203 14205 1
14204 14206 1
14205 14210 1
14206 14207 1
14206 14210 1
14208 14214 1
14209 14214 1
14211 14212 1
14215 14216 1
14216 14224 1
14217 14218 1
14218 14219 1
14218 14220 1
14219 14220 1
14219 14224 1
14219 14352 1
14220 14225 1
14221 14226 1
14225 14226 1
14228 14352 1
14228 14360 1
14229 14441 1
14231 14300 1
14231 14309 1
14232 14304 1
14234 14236 1
14234 14237 1
14235 14238 1
14236 14241 1
14237 14240 1
14238 14242 1
14241 14243 1
14244 14245 1
14245 14248 1
14246 14247 1
14247 14248 1
14247 14278 1
14249 14250 1
14249 14275 1
14250 14251 1
14250 14260 1
14251 14252 1
14252 14256 1
14254 14255 1
14254 14257 1
14256 14257 1
14258 14261 1
14258 14343 1
14259 14261 1
14259 14262 1
14260 14269 1
14262 14263 1
14263 14265 1
14264 14265 1
14264 14266 1
14266 14267 1
14267 14269 1
14267 14270 1
14267 14273 1
14268 14316 1
14269 14270 1
14269 14273 1
14270 14272 1
14270 14273 1
14271 14276 1
14272 14274 1
14273 14409 1
14274 14328 1
14275 14277 1
14276 14342 1
14277 14278 1
14279 14281 1
14279 14340 1
14280 14288 1
14280 14342 1
14281 14282 1
14282 14283 1
14283 14284 1
14284 14285 1
14285 14286 1
14286 14287 1
14287 14289 1
14288 14300 1
14289 14290 1
14290 14291 1
14291 14293 1
14292 14294 1
14293 14320 1
14294 14307 1
14295 14301 1
14295 14325 1
14296 14297 1
14296 14326 1
14297 14299 1
14298 14305 1
14298 14306 1
14299 14330 1
14302 14310 1
14302 14321 1
14303 14306 1
14305 14326 1
14307 14311 1
14308 14310 1
14308 14312 1
14308 14320 1
14309 14313 1
14310 14312 1
14311 14314 1
14312 14314 1
14312 14315 1
14313 14319 1
14315 14317 1
14316 14359 1
14317 14318 1
14319 14323 1
14321 14322 1
14322 14324 1
14323 14327 1
14324 14326 1
14327 14333 1
14328 14329 1
14328 14332 1
14329 14330 1
14332 14334 1
14334 14335 1
14335 14336 1
14336 14337 1
14337 14338 1
14338 14339 1
14339 14340 1
14343 14344 1
14344 14345 1
14346 14403 1
14346 14405 1
14347 14348 1
14347 14403 1
14349 14354 1
14349 14387 1
14350 14355 1
14350 14400 1
14351 14356 1
14351 14388 1
14353 14358 1
14353 14383 1
14354 14357 1
14356 14364 1
14357 14358 1
14358 14361 1
14361 14362 1
14361 14363 1
14362 14365 1
14363 14379 1
14364 14398 1
14365 14375 1
14366 14369 1
14366 14413 1
14367 14421 1
14367 14424 1
14368 14370 1
14368 14422 1
14369 14426 1
14370 14427 1
14371 14381 1
14373 14374 1
14375 14378 1
14376 14377 1
14376 14401 1
14377 14378 1
14377 14398 1
14379 14380 1
14381 14441 1
14382 14429 1
14384 14386 1
14385 14395 1
14385 14404 1
14386 14387 1
14388 14400 1
14389 14396 1
14389 14397 1
14389 14401 1
14390 14391 1
14390 14392 1
14391 14393 1
14392 14396 1
14393 14394 1
14395 14402 1
14396 14397 1
14397 14435 1
14397 14449 1
14399 14402 1
14399 14459 1
14404 14411 1
14405 14406 1
14406 14407 1
14407 14408 1
14408 14409 1
14409 14410 1
14411 14423 1
14412 14413 1
14414 14415 1
14415 14416 1
14417 14418 1
14420 14422 1
14424 14425 1
14425 14428 1
14426 14428 1
14429 14430 1
14430 14431 1
14431 14432 1
14432 14433 1
14433 14434 1
14434 14435 1
14435 14437 1
14436 14438 1
14437 14439 1
14439 14464 1
14440 14442 1
14440 14449 1
14442 14443 1
14443 14445 1
14444 14446 1
14445 14447 1
14446 14448 1
14448 14460 1
14451 14453 1
14451 14472 1
14453 14454 1
14454 14455 1
14454 14456 1
14456 14457 1
14457 14458 1
14460 14461 1
14461 14462 1
14462 14463 1
14464 14465 1
14465 14466 1
14466 14467 1
14467 14468 1
14468 14469 1
14470 14474 1
14475 14604 1
14475 14893 1
14475 14941 1
14476 14518 1
14476 14642 1
14477 14480 1
14477 14726 1
14477 14727 1
14478 14490 1
14478 14747 1
14479 14480 1
14479 14484 1
14479 14669 1
14480 14484 1
14480 14726 1
14481 14496 1
14481 14691 1
14482 14483 1
14482 14486 1
14482 14727 1
14483 14486 1
14483 14714 1
14484 14729 1
14485 14715 1
14486 14730 1
14486 14740 1
14486 14746 1
14487 14491 1
14487 14698 1
14488 14495 1
14488 14695 1
14489 14699 1
14490 14519 1
14491 14493 1
14492 14494 1
14492 14495 1
14493 14497 1
14493 14569 1
14494 14497 1
14495 14667 1
14495 14708 1
14496 14520 1
14497 14569 1
14497 14706 1
14498 14499 1
14498 14718 1
14498 14719 1
14498 14917 1
14499 14500 1
14499 14688 1
14499 14689 1
14499 14709 1
14499 14714 1
14499 14717 1
14500 14501 1
14500 14512 1
14501 14502 1
14501 14503 1
14501 14512 1
14501 14717 1
14502 14506 1
14502 14512 1
14502 14711 1
14502 14717 1
14502 14738 1
14502 14740 1
14503 14504 1
14503 14717 1
14504 14505 1
14505 14507 1
14506 14508 1
14506 14512 1
14506 14738 1
14507 14996 1
14508 14739 1
14508 14748 1
14508 14749 1
14509 14510 1
14509 15097 1
14510 14743 1
14511 14516 1
14511 14653 1
14511 14911 1
14512 14730 1
14513 14514 1
14513 14910 1
14513 14911 1
14514 14697 1
14515 14559 1
14515 14653 1
14516 14909 1
14517 14531 1
14517 14563 1
14517 14693 1
14519 14520 1
14519 14551 1
14519 14581 1
14520 14583 1
14520 14584 1
14521 14522 1
14521 14593 1
14521 14599 1
14521 14621 1
14522 14523 1
14523 14592 1
14524 14530 1
14524 14532 1
14524 14546 1
14525 14592 1
14525 14602 1
14526 14596 1
14526 14598 1
14526 14600 1
14526 14610 1
14526 14622 1
14527 14528 1
14527 14547 1
14528 14624 1
14529 14624 1
14529 14642 1
14530 14721 1
14531 14534 1
14532 14533 1
14533 14541 1
14534 14899 1
14535 14538 1
14535 14721 1
14536 14537 1
14536 14601 1
14537 14539 1
14537 14545 1
14537 14570 1
14537 14600 1
14538 14543 1
14539 14577 1
14540 14564 1
14540 14721 1
14541 14900 1
14542 14547 1
14542 14577 1
14542 14638 1
14543 14544 1
14544 14638 1
14545 14570 1
14545 14575 1
14545 14577 1
14545 14578 1
14546 14564 1
14548 14550 1
14548 14552 1
14548 14555 1
14548 14581 1
14549 14556 1
14549 14754 1
14550 14551 1
14551 14556 1
14552 14557 1
14553 14557 1
14553 14592 1
14553 14614 1
14554 14580 1
14554 14605 1
14554 14606 1
14554 14607 1
14555 14632 1
14556 14630 1
14556 14634 1
14557 14633 1
14558 14561 1
14558 14626 1
14558 14628 1
14558 14630 1
14559 14626 1
14559 14628 1
14559 14630 1
14560 14567 1
14560 14643 1
14560 14644 1
14560 14645 1
14560 14648 1
14561 14697 1
14562 14692 1
14562 14718 1
14563 14967 1
14564 14690 1
14565 14570 1
14565 14602 1
14566 14570 1
14566 14572 1
14566 14644 1
14566 14677 1
14566 14685 1
14566 14694 1
14567 14570 1
14567 14644 1
14568 14569 1
14568 14704 1
14569 14709 1
14569 14717 1
14570 14574 1
14570 14601 1
14571 14573 1
14571 14678 1
14571 14685 1
14572 14677 1
14572 14679 1
14572 14685 1
14573 14678 1
14573 14679 1
14573 14681 1
14573 14682 1
14574 14641 1
14574 14677 1
14574 14679 1
14575 14641 1
14576 14579 1
14576 14678 1
14576 14682 1
14576 14709 1
14577 14637 1
14578 14579 1
14578 14639 1
14578 14640 1
14578 14684 1
14578 14688 1
14579 14682 1
14579 14688 1
14579 14689 1
14580 14596 1
14580 14620 1
14581 14585 1
14581 14611 1
14582 14589 1
14582 14590 1
14582 14604 1
14582 14617 1
14583 14617 1
14584 14586 1
14584 14587 1
14584 14611 1
14585 14588 1
14586 14588 1
14587 14613 1
14588 14592 1
14588 14614 1
14589 14590 1
14589 14618 1
14590 14593 1
14590 14595 1
14590 14617 1
14591 14592 1
14592 14615 1
14593 14613 1
14593 14615 1
14593 14617 1
14594 14607 1
14594 14608 1
14595 14619 1
14595 14621 1
14595 14622 1
14596 14603 1
14596 14622 1
14597 14608 1
14597 14612 1
14598 14599 1
14601 14602 1
14604 14651 1
14605 14606 1
14605 14951 1
14606 14874 1
14609 14619 1
14610 14629 1
14612 14616 1
14616 14629 1
14618 14623 1
14620 14623 1
14625 14631 1
14625 14674 1
14626 14628 1
14626 14630 1
14627 14628 1
14627 14631 1
14628 14630 1
14628 14662 1
14628 14676 1
14630 14635 1
14632 14635 1
14633 14636 1
14634 14635 1
14635 14636 1
14635 14646 1
14636 14643 1
14636 14645 1
14636 14646 1
14637 14638 1
14638 14640 1
14638 14688 1
14639 14679 1
14644 14694 1
14646 14695 1
14647 14651 1
14647 14700 1
14648 14694 1
14648 14696 1
14648 14698 1
14649 14662 1
14649 14664 1
14650 14652 1
14650 14968 1
14652 14658 1
14652 14737 1
14652 14911 1
14652 14968 1
14653 14911 1
14654 14658 1
14654 14737 1
14654 14741 1
14654 14911 1
14654 14968 1
14654 14980 1
14654 14982 1
14655 14659 1
14655 14660 1
14656 14657 1
14656 14660 1
14657 14670 1
14658 14731 1
14658 14737 1
14658 14741 1
14658 14911 1
14658 14968 1
14661 14675 1
14663 14674 1
14664 14665 1
14664 14695 1
14665 14666 1
14666 14701 1
14667 14701 1
14668 14669 1
14668 14705 1
14669 14676 1
14669 14724 1
14669 14726 1
14670 14673 1
14671 14707 1
14671 14716 1
14672 14706 1
14672 14711 1
14672 14723 1
14672 14727 1
14673 14725 1
14675 14683 1
14678 14680 1
14678 14709 1
14678 14717 1
14679 14681 1
14680 14682 1
14681 14682 1
14681 14684 1
14682 14709 1
14682 14711 1
14682 14717 1
14683 14686 1
14686 14687 1
14687 14691 1
14688 14689 1
14688 14690 1
14688 14692 1
14689 14692 1
14693 14721 1
14694 14699 1
14695 14696 1
14700 14707 1
14701 14702 1
14701 14705 1
14702 14703 1
14704 14710 1
14708 14723 1
14709 14711 1
14709 14717 1
14710 14711 1
14711 14712 1
14711 14727 1
14712 14714 1
14713 14714 1
14713 14717 1
14714 14715 1
14714 14727 1
14716 14728 1
14718 14719 1
14718 14917 1
14719 14720 1
14719 14916 1
14719 14917 1
14720 14722 1
14720 14916 1
14722 14988 1
14724 14725 1
14728 14747 1
14728 14754 1
14729 14731 1
14729 14732 1
14729 14735 1
14729 14746 1
14730 14740 1
14730 14745 1
14730 14746 1
14732 14741 1
14733 14734 1
14734 14735 1
14734 14736 1
14735 14737 1
14736 14737 1
14736 14738 1
14736 14746 1
14737 14911 1
14737 14968 1
14738 14742 1
14738 14746 1
14739 14740 1
14742 14744 1
14742 14753 1
14743 14744 1
14748 14750 1
14749 14753 1
14750 14751 1
14751 14752 1
14752 14755 1
14753 14995 1
14755 14756 1
14756 14994 1
14757 14794 1
14757 15901 1
14758 14759 1
14759 14997 1
14760 14764 1
14761 14764 1
14761 15078 1
14762 14770 1
14762 15121 1
14763 14765 1
14763 15087 1
14765 14781 1
14766 14807 1
14766 14809 1
14766 14810 1
14766 14811 1
14766 14841 1
14767 14768 1
14768 14769 1
14768 14857 1
14769 14857 1
14770 14783 1
14771 14772 1
14771 15063 1
14772 14773 1
14773 36182 1
14774 14775 1
14774 14781 1
14775 14776 1
14776 14777 1
14776 36197 1
14777 14778 1
14778 14779 1
14779 14785 1
14780 14792 1
14780 14807 1
14782 14784 1
14782 15082 1
14783 14819 1
14784 36219 1
14785 14786 1
14786 14787 1
14787 14788 1
14788 14789 1
14789 14791 1
14790 14791 1
14790 15125 1
14791 15123 1
14791 15124 1
14791 36224 1
14792 14851 1
14793 14794 1
14793 15013 1
14794 14796 1
14795 15083 1
14795 15940 1
14796 14828 1
14797 14798 1
14797 14799 1
14799 14800 1
14799 14822 1
14799 14824 1
14799 14827 1
14800 14801 1
14800 14822 1
14800 14827 1
14801 14802 1
14802 14803 1
14803 15126 1
14804 14805 1
14804 15126 1
14805 15105 1
14805 15126 1
14806 14807 1
14807 14840 1
14807 14841 1
14807 14843 1
14807 15105 1
14808 14872 1
14808 14877 1
14809 14840 1
14810 15013 1
14811 14813 1
14812 14890 1
14812 15980 1
14813 14814 1
14814 14815 1
14815 14817 1
14816 14821 1
14816 14828 1
14816 15013 1
14817 15111 1
14818 14949 1
14818 14952 1
14819 14838 1
14820 14821 1
14820 15051 1
14822 14823 1
14822 14827 1
14822 14947 1
14823 14825 1
14824 14826 1
14825 14830 1
14826 14835 1
14827 14831 1
14827 14832 1
14828 14876 1
14828 15013 1
14829 14931 1
14829 14933 1
14830 14833 1
14831 14885 1
14832 14836 1
14833 14878 1
14833 14884 1
14834 14918 1
14834 14919 1
14834 14920 1
14835 14880 1
14835 14959 1
14835 14960 1
14836 14879 1
14837 14923 1
14837 14924 1
14838 14839 1
14839 14841 1
14840 14843 1
14841 14842 1
14842 14844 1
14842 14848 1
14843 14870 1
14844 14872 1
14845 14850 1
14845 14928 1
14846 14847 1
14846 14851 1
14846 14870 1
14846 14871 1
14846 14899 1
14846 14901 1
14847 14880 1
14848 14849 1
14848 14937 1
14849 14881 1
14850 14853 1
14850 14932 1
14851 14852 1
14851 14871 1
14853 14869 1
14853 14932 1
14854 14855 1
14855 14886 1
14855 14887 1
14856 14867 1
14856 14889 1
14856 14891 1
14856 14892 1
14856 14953 1
14857 14858 1
14858 14861 1
14858 14865 1
14858 14867 1
14859 14869 1
14859 15110 1
14860 14866 1
14860 14868 1
14860 14955 1
14860 15001 1
14861 14868 1
14862 14863 1
14862 14958 1
14863 14864 1
14864 14866 1
14864 15004 1
14865 14998 1
14866 15001 1
14867 14953 1
14870 14871 1
14870 14873 1
14870 14899 1
14870 14901 1
14871 14874 1
14871 14899 1
14871 14901 1
14873 14875 1
14873 14899 1
14873 14901 1
14875 14950 1
14876 15052 1
14876 15058 1
14877 14949 1
14878 14879 1
14878 14882 1
14878 14884 1
14879 14961 1
14880 14959 1
14880 14960 1
14881 14894 1
14882 14883 1
14883 14959 1
14884 14961 1
14885 14887 1
14886 14887 1
14886 14888 1
14887 14942 1
14887 14945 1
14890 14939 1
14893 14941 1
14893 14966 1
14895 14898 1
14895 14959 1
14895 14961 1
14896 14897 1
14896 14942 1
14897 14943 1
14898 14908 1
14898 14912 1
14898 14980 1
14898 14981 1
14899 14901 1
14899 14952 1
14900 14902 1
14900 14913 1
14901 14902 1
14901 14913 1
14901 14952 1
14902 14903 1
14902 14913 1
14903 14931 1
14904 14907 1
14904 14971 1
14905 14906 1
14905 14943 1
14906 14908 1
14906 14912 1
14906 14980 1
14906 14981 1
14907 14908 1
14908 14909 1
14908 14912 1
14908 14980 1
14908 14981 1
14909 14980 1
14909 14981 1
14911 14912 1
14912 14980 1
14912 14981 1
14913 14915 1
14914 14926 1
14914 14938 1
14915 14917 1
14916 14918 1
14918 14967 1
14919 14922 1
14920 14923 1
14921 14932 1
14921 16032 1
14922 14933 1
14924 14929 1
14925 14930 1
14926 14927 1
14927 14928 1
14929 14930 1
14932 14956 1
14933 14934 1
14934 14935 1
14935 14936 1
14936 14937 1
14936 14938 1
14936 14939 1
14940 14941 1
14940 14963 1
14940 14965 1
14944 14978 1
14944 15104 1
14945 14970 1
14946 14947 1
14948 14956 1
14948 14964 1
14950 14951 1
14953 14954 1
14954 14955 1
14957 14958 1
14957 14990 1
14959 14960 1
14959 14962 1
14959 14965 1
14960 14962 1
14961 14965 1
14962 14963 1
14963 14966 1
14964 14978 1
14964 15003 1
14968 14981 1
14969 14972 1
14969 15016 1
14970 14971 1
14970 14992 1
14972 14973 1
14973 14974 1
14974 14975 1
14974 14976 1
14975 15091 1
14976 14979 1
14977 15052 1
14978 14997 1
14978 15003 1
14979 14982 1
14980 14981 1
14983 14984 1
14983 14996 1
14984 14989 1
14985 14986 1
14985 14988 1
14986 14987 1
14987 15099 1
14989 15029 1
14990 14992 1
14991 14993 1
14991 15127 1
14995 15017 1
14998 14999 1
14998 15033 1
14999 15033 1
15000 15001 1
15000 15002 1
15001 15039 1
15001 15044 1
15003 15014 1
15004 15005 1
15005 15007 1
15006 15007 1
15006 15008 1
15006 15045 1
15007 15008 1
15008 15009 1
15008 15011 1
15009 15010 1
15010 15012 1
15011 15077 1
15011 15113 1
15012 15015 1
15014 15020 1
15015 15016 1
15017 15018 1
15018 15019 1
15019 15023 1
15019 15098 1
15020 15031 1
15021 15022 1
15021 15054 1
15022 15024 1
15023 15025 1
15024 15025 1
15025 15026 1
15026 15027 1
15027 15028 1
15029 15030 1
15030 15066 1
15031 15035 1
15032 15033 1
15032 15036 1
15033 15034 1
15034 15036 1
15035 35333 1
15036 15037 1
15037 15038 1
15037 15039 1
15038 15040 1
15039 15041 1
15040 15042 1
15041 15049 1
15042 15043 1
15043 15078 1
15044 15045 1
15045 15046 1
15045 15049 1
15046 15078 1
15047 15048 1
15047 15050 1
15048 15053 1
15050 15078 1
15051 15086 1
15052 15058 1
15054 15055 1
15054 15059 1
15055 15057 1
15056 15063 1
15056 15123 1
15057 15060 1
15058 15070 1
15058 15096 1
15058 15121 1
15059 15062 1
15060 15061 1
15061 15063 1
15064 15065 1
15065 15066 1
15067 15068 1
15067 15088 1
15068 15075 1
15069 15074 1
15069 15076 1
15069 15094 1
15070 15079 1
15071 15072 1
15071 15074 1
15072 15073 1
15075 15077 1
15076 15115 1
15077 15113 1
15078 15080 1
15079 15083 1
15080 15081 1
15080 15082 1
15081 15084 1
15082 15085 1
15085 15087 1
15088 15089 1
15089 15090 1
15090 15092 1
15091 15092 1
15093 15097 1
15094 15095 1
15095 15097 1
15096 15102 1
15099 15100 1
15100 15103 1
15101 15103 1
15101 15127 1
15102 15111 1
15103 15104 1
15104 15106 1
15106 15112 1
15107 15108 1
15107 15112 1
15108 15109 1
15109 15110 1
15113 15114 1
15114 15116 1
15115 15117 1
15116 15118 1
15117 15120 1
15118 15119 1
15119 15122 1
15120 15124 1
15122 15125 1
15123 15124 1
15128 15148 1
15129 15151 1
15129 15152 1
15130 15141 1
15130 15152 1
15131 15133 1
15131 16439 1
15131 16441 1
15132 15133 1
15132 16448 1
15132 16451 1
15133 16439 1
15133 16441 1
15134 15135 1
15134 15143 1
15134 15149 1
15135 15136 1
15135 15143 1
15135 15144 1
15135 15145 1
15135 16647 1
15136 15145 1
15136 15150 1
15136 16647 1
15136 16671 1
15137 15138 1
15137 15146 1
15138 15139 1
15139 15140 1
15140 15142 1
15140 16596 1
15141 15146 1
15142 15143 1
15143 15144 1
15143 16647 1
15144 16628 1
15145 16658 1
15147 16647 1
15148 15151 1
15149 16477 1
15150 16477 1
15150 16658 1
15150 16671 1
15153 15164 1
15153 15174 1
15153 16540 1
15153 16541 1
15154 15163 1
15154 15166 1
15155 15157 1
15155 15158 1
15155 15159 1
15155 15165 1
15156 15158 1
15156 15160 1
15157 15165 1
15157 15168 1
15157 15169 1
15159 15161 1
15160 15256 1
15160 15270 1
15160 15274 1
15161 15254 1
15162 15169 1
15162 15255 1
15163 15164 1
15165 15176 1
15166 15173 1
15167 15168 1
15167 15170 1
15167 15177 1
15167 15178 1
15167 15192 1
15167 15193 1
15167 15196 1
15167 15251 1
15168 15169 1
15168 15170 1
15168 15178 1
15168 15251 1
15170 15171 1
15170 15254 1
15171 15172 1
15172 15258 1
15173 16543 1
15174 15175 1
15175 15190 1
15176 15177 1
15177 15190 1
15177 15191 1
15179 15181 1
15179 15189 1
15179 15258 1
15180 15183 1
15180 15189 1
15180 15232 1
15181 15185 1
15182 15245 1
15183 15240 1
15184 15194 1
15184 15201 1
15185 15243 1
15186 15187 1
15186 15241 1
15187 15188 1
15188 15268 1
15190 15191 1
15190 15192 1
15191 15193 1
15191 15202 1
15192 15193 1
15193 15195 1
15193 15259 1
15194 15248 1
15195 15198 1
15196 15259 1
15197 15200 1
15197 15218 1
15197 15260 1
15198 15209 1
15199 15200 1
15199 15247 1
15200 15203 1
15200 15264 1
15201 15208 1
15201 15236 1
15202 15206 1
15203 15212 1
15204 15205 1
15204 15209 1
15205 15207 1
15206 15225 1
15207 15227 1
15208 15236 1
15210 15212 1
15210 15213 1
15211 15214 1
15211 15250 1
15213 15216 1
15213 15249 1
15214 15215 1
15216 15217 1
15217 15230 1
15218 15229 1
15219 15220 1
15219 15231 1
15220 15233 1
15220 15234 1
15221 15222 1
15222 15223 1
15222 15224 1
15224 15225 1
15226 15228 1
15227 15228 1
15230 15231 1
15232 15238 1
15232 15277 1
15236 15237 1
15237 15239 1
15238 15252 1
15240 15242 1
15240 15244 1
15241 15245 1
15242 15244 1
15242 15245 1
15243 15246 1
15243 15247 1
15243 15249 1
15244 15246 1
15245 15250 1
15246 15247 1
15246 15249 1
15247 15249 1
15247 15267 1
15248 15256 1
15252 15263 1
15252 15270 1
15253 15255 1
15253 15276 1
15254 15255 1
15254 15274 1
15255 15257 1
15257 15258 1
15259 15260 1
15259 15261 1
15259 15262 1
15261 15265 1
15262 15264 1
15263 15270 1
15265 15266 1
15266 15267 1
15268 15269 1
15270 15274 1
15271 15272 1
15271 15273 1
15272 15285 1
15273 15275 1
15275 15276 1
15277 15278 1
15278 15279 1
15279 15281 1
15280 15284 1
15280 15285 1
15281 15283 1
15282 15284 1
15286 15587 1
15287 15542 1
15288 15441 1
15288 15820 1
15289 15290 1
15289 15525 1
15289 15822 1
15290 15523 1
15291 15292 1
15291 15465 1
15292 15467 1
15292 15469 1
15293 15405 1
15293 15407 1
15293 15444 1
15294 15295 1
15294 15600 1
15295 15297 1
15296 15298 1
15296 15600 1
15298 15299 1
15299 15503 1
15300 15597 1
15300 15603 1
15301 15321 1
15301 15325 1
15302 15304 1
15302 15305 1
15302 15356 1
15302 15411 1
15302 15415 1
15302 15876 1
15303 15306 1
15303 15415 1
15304 15305 1
15304 15308 1
15304 15309 1
15304 15310 1
15304 15411 1
15304 15415 1
15305 15307 1
15305 15422 1
15305 15876 1
15306 15309 1
15307 15308 1
15307 15411 1
15308 15878 1
15309 15311 1
15309 15314 1
15309 15316 1
15310 15312 1
15311 15421 1
15312 15314 1
15313 15566 1
15313 15567 1
15314 15420 1
15315 15318 1
15315 15418 1
15316 15317 1
15316 15417 1
15317 15319 1
15318 15320 1
15319 15321 1
15320 15322 1
15321 15322 1
15322 15323 1
15323 15513 1
15324 15565 1
15324 15569 1
15324 15795 1
15325 15326 1
15326 15514 1
15327 15329 1
15327 15509 1
15328 15512 1
15328 15583 1
15328 15678 1
15330 15331 1
15330 15439 1
15331 15683 1
15332 15333 1
15332 15683 1
15333 15334 1
15334 15336 1
15335 15341 1
15335 15615 1
15336 15337 1
15337 15339 1
15338 15339 1
15338 15692 1
15340 15343 1
15340 15622 1
15341 15358 1
15341 15567 1
15342 15344 1
15342 15372 1
15343 15344 1
15343 15347 1
15343 15516 1
15344 15346 1
15344 15347 1
15344 15349 1
15345 15346 1
15345 15370 1
15347 15350 1
15348 15350 1
15348 15352 1
15349 15868 1
15350 15351 1
15351 15448 1
15352 15630 1
15353 15527 1
15354 15526 1
15354 15848 1
15355 15356 1
15355 15359 1
15355 15410 1
15355 15468 1
15355 15479 1
15356 15359 1
15356 15444 1
15356 15468 1
15357 15406 1
15358 15364 1
15359 15412 1
15359 15468 1
15359 15479 1
15360 15625 1
15361 15591 1
15361 15625 1
15362 15363 1
15363 15620 1
15364 15585 1
15365 15366 1
15365 15384 1
15366 15367 1
15367 15368 1
15367 15892 1
15368 15369 1
15369 15370 1
15371 15377 1
15372 15373 1
15373 15385 1
15374 15375 1
15374 15439 1
15375 15381 1
15376 15381 1
15376 15437 1
15378 15701 1
15378 15705 1
15379 15473 1
15379 15705 1
15380 15383 1
15380 15694 1
15381 15382 1
15382 15383 1
15384 15433 1
15385 15705 1
15386 15388 1
15386 15471 1
15387 15442 1
15387 15447 1
15388 15392 1
15389 15390 1
15390 15391 1
15391 15393 1
15392 15490 1
15393 15882 1
15393 15890 1
15394 15395 1
15394 15399 1
15394 15400 1
15394 15874 1
15395 15396 1
15395 15398 1
15395 15399 1
15395 15871 1
15395 15872 1
15396 15397 1
15396 15398 1
15397 15501 1
15398 15400 1
15399 15400 1
15399 15401 1
15401 15402 1
15402 15403 1
15403 15856 1
15404 15405 1
15404 15407 1
15405 15406 1
15405 15408 1
15405 15441 1
15405 15443 1
15405 15444 1
15405 15562 1
15405 15574 1
15405 15663 1
15407 15855 1
15408 15444 1
15409 15745 1
15409 15767 1
15410 15412 1
15410 15414 1
15410 15479 1
15410 15481 1
15410 15573 1
15411 15412 1
15411 15415 1
15412 15413 1
15413 15414 1
15413 15415 1
15413 15416 1
15414 15483 1
15415 15417 1
15416 15418 1
15419 15555 1
15419 15762 1
15420 15421 1
15421 15423 1
15422 15426 1
15423 15424 1
15424 15425 1
15425 15427 1
15426 15877 1
15428 15429 1
15429 15706 1
15429 15708 1
15430 15706 1
15430 15865 1
15431 15434 1
15431 15486 1
15432 15550 1
15432 15584 1
15433 15435 1
15433 15486 1
15433 15513 1
15434 15436 1
15435 15437 1
15436 15437 1
15436 15438 1
15437 15438 1
15438 15439 1
15440 15475 1
15440 15754 1
15441 15443 1
15442 15569 1
15443 15444 1
15443 15574 1
15443 15663 1
15444 15467 1
15444 15468 1
15444 15479 1
15445 15453 1
15445 15571 1
15446 15506 1
15446 15568 1
15447 15505 1
15448 15449 1
15449 15450 1
15450 15463 1
15451 15454 1
15451 15875 1
15452 15455 1
15452 15621 1
15452 15624 1
15453 15464 1
15454 15457 1
15455 15463 1
15455 15621 1
15456 15458 1
15456 15621 1
15457 15459 1
15458 15459 1
15459 15460 1
15460 15461 1
15461 15462 1
15462 15866 1
15464 15466 1
15465 15854 1
15466 15480 1
15467 15468 1
15467 15479 1
15468 15479 1
15468 15549 1
15468 15562 1
15468 15573 1
15469 15470 1
15470 15471 1
15472 15480 1
15472 15482 1
15473 15710 1
15474 15476 1
15474 15710 1
15475 15508 1
15476 15595 1
15477 15478 1
15477 15712 1
15479 15549 1
15479 15573 1
15479 15583 1
15481 15484 1
15481 15573 1
15481 15577 1
15482 15485 1
15483 15484 1
15484 15488 1
15484 15489 1
15484 15577 1
15485 15498 1
15486 15489 1
15486 15577 1
15487 15573 1
15487 15577 1
15488 15586 1
15490 15491 1
15490 15492 1
15491 15844 1
15492 15493 1
15493 15497 1
15494 15495 1
15494 15496 1
15495 15887 1
15496 15497 1
15498 15729 1
15499 15500 1
15499 15843 1
15500 15502 1
15500 15842 1
15501 15502 1
15503 15562 1
15504 15507 1
15504 15603 1
15505 15532 1
15505 15562 1
15506 15532 1
15507 15509 1
15508 15724 1
15509 15511 1
15510 15512 1
15510 15562 1
15510 15597 1
15511 15512 1
15512 15583 1
15514 15515 1
15516 15799 1
15517 15821 1
15517 15822 1
15518 15520 1
15518 15821 1
15519 15520 1
15519 15821 1
15520 15823 1
15521 15522 1
15521 15524 1
15522 15523 1
15524 15590 1
15524 15847 1
15526 15528 1
15527 15831 1
15528 15535 1
15529 15533 1
15529 15831 1
15530 15533 1
15530 15832 1
15531 15832 1
15534 15547 1
15535 15536 1
15537 15835 1
15537 15836 1
15538 15539 1
15538 15540 1
15539 15541 1
15540 15548 1
15541 15833 1
15542 15543 1
15543 15544 1
15544 15893 1
15545 15823 1
15545 15824 1
15546 15547 1
15548 15846 1
15549 15559 1
15549 15573 1
15549 15583 1
15550 15754 1
15551 15552 1
15551 15767 1
15552 15553 1
15553 15757 1
15554 15821 1
15556 15557 1
15557 15762 1
15558 15560 1
15559 15562 1
15560 15641 1
15561 15563 1
15561 15648 1
15562 15573 1
15563 15564 1
15564 15658 1
15565 15795 1
15565 15891 1
15566 15663 1
15568 15609 1
15570 15634 1
15571 15762 1
15572 15741 1
15574 15663 1
15575 15579 1
15575 15741 1
15576 15578 1
15576 15741 1
15577 15583 1
15577 15586 1
15578 15580 1
15579 15581 1
15580 15582 1
15581 15737 1
15582 15584 1
15585 15737 1
15586 15620 1
15587 15588 1
15588 15761 1
15589 15594 1
15589 15724 1
15591 15620 1
15592 15593 1
15592 15712 1
15593 15595 1
15594 15596 1
15594 15729 1
15596 15598 1
15596 15599 1
15598 15599 1
15598 15798 1
15598 15800 1
15598 15801 1
15599 15797 1
15601 15602 1
15602 15604 1
15604 15605 1
15605 15606 1
15606 15607 1
15607 15619 1
15608 15611 1
15608 15612 1
15609 15615 1
15610 15614 1
15610 15619 1
15611 15613 1
15612 15791 1
15613 15617 1
15614 15618 1
15616 15617 1
15616 15756 1
15618 15791 1
15622 15623 1
15623 15627 1
15624 15626 1
15626 15630 1
15627 15628 1
15627 15804 1
15628 15629 1
15630 15643 1
15631 15632 1
15631 15643 1
15632 15807 1
15633 15636 1
15633 15645 1
15634 15845 1
15635 15636 1
15635 15637 1
15637 15644 1
15638 15644 1
15638 15655 1
15639 15642 1
15640 15645 1
15640 15801 1
15641 15648 1
15642 15803 1
15646 15649 1
15646 15761 1
15647 15733 1
15647 15847 1
15647 15849 1
15647 15851 1
15649 15650 1
15650 15653 1
15651 15652 1
15651 15653 1
15652 15769 1
15654 15657 1
15654 15667 1
15655 15666 1
15656 15657 1
15656 15666 1
15658 15663 1
15658 15891 1
15659 15660 1
15659 15794 1
15660 15661 1
15661 15662 1
15662 15664 1
15663 15891 1
15664 15665 1
15665 15672 1
15667 15723 1
15668 15669 1
15669 15670 1
15670 15671 1
15671 15673 1
15672 15676 1
15673 15674 1
15674 15677 1
15675 15845 1
15676 15677 1
15677 15809 1
15678 15683 1
15679 15681 1
15679 15810 1
15680 15682 1
15680 15811 1
15681 15682 1
15682 15684 1
15683 15701 1
15684 15686 1
15685 15687 1
15685 15689 1
15685 15782 1
15686 15687 1
15686 15711 1
15687 15688 1
15688 15689 1
15688 15697 1
15688 15698 1
15689 15690 1
15689 15697 1
15689 15698 1
15690 15693 1
15691 15827 1
15691 15828 1
15693 15695 1
15695 15698 1
15696 15697 1
15696 15703 1
15696 16196 1
15696 16264 1
15698 15699 1
15699 15700 1
15699 15703 1
15700 15703 1
15700 15787 1
15702 16264 1
15703 15704 1
15704 15786 1
15706 15708 1
15707 15711 1
15707 15722 1
15708 15709 1
15709 15711 1
15711 15713 1
15711 15726 1
15713 15714 1
15714 15715 1
15715 15716 1
15716 15717 1
15717 15718 1
15718 15719 1
15719 15720 1
15720 15721 1
15722 15723 1
15725 16721 1
15725 16722 1
15725 16730 1
15726 15727 1
15727 15728 1
15728 15730 1
15730 15739 1
15731 15732 1
15732 15739 1
15732 15740 1
15733 15829 1
15733 15849 1
15734 15735 1
15734 15739 1
15734 15740 1
15734 15742 1
15735 15736 1
15735 15742 1
15736 15738 1
15738 15819 1
15739 15740 1
15742 15746 1
15743 15749 1
15745 15750 1
15746 15748 1
15746 15751 1
15747 15748 1
15748 15751 1
15751 15753 1
15752 15753 1
15752 15755 1
15753 16265 1
15755 16263 1
15756 15758 1
15758 15759 1
15759 15760 1
15760 15766 1
15761 15763 1
15763 15765 1
15764 15765 1
15764 15766 1
15768 15770 1
15769 15771 1
15770 15788 1
15771 15773 1
15772 15774 1
15772 15788 1
15773 15775 1
15774 15777 1
15775 15776 1
15776 15780 1
15777 15779 1
15778 15828 1
15778 15829 1
15778 15830 1
15778 15855 1
15779 15781 1
15780 15783 1
15781 15782 1
15783 15787 1
15784 15785 1
15784 15786 1
15789 15790 1
15789 15808 1
15790 15791 1
15791 15792 1
15792 15793 1
15793 15794 1
15795 15812 1
15795 15820 1
15795 15830 1
15796 15797 1
15796 15799 1
15798 15803 1
15800 15801 1
15800 15807 1
15802 15805 1
15802 15806 1
15803 15806 1
15805 15808 1
15809 15810 1
15811 15815 1
15813 15814 1
15813 15817 1
15814 15816 1
15815 15818 1
15816 15818 1
15817 15819 1
15824 15825 1
15825 15826 1
15826 15827 1
15828 15829 1
15828 15855 1
15833 15834 1
15834 15835 1
15836 15837 1
15838 15839 1
15839 15842 1
15840 15841 1
15840 15843 1
15840 15844 1
15841 15850 1
15848 15849 1
15849 15850 1
15849 15851 1
15851 15852 1
15852 15853 1
15853 15854 1
15856 15858 1
15857 15891 1
15858 15859 1
15858 15864 1
15859 15860 1
15860 15861 1
15861 15862 1
15861 15865 1
15862 15863 1
15864 15866 1
15867 15868 1
15867 15884 1
15868 15870 1
15868 15873 1
15869 15872 1
15869 15883 1
15870 15874 1
15871 15885 1
15873 15875 1
15876 15879 1
15877 15879 1
15878 15880 1
15879 15888 1
15879 15890 1
15880 15883 1
15881 15886 1
15881 15892 1
15882 15887 1
15882 15890 1
15884 15889 1
15885 15888 1
15886 15889 1
15894 15953 1
15894 16058 1
15895 15975 1
15896 15897 1
15896 16149 1
15897 15899 1
15897 15901 1
15897 16136 1
15898 15900 1
15898 16153 1
15899 15902 1
15900 15903 1
15902 15904 1
15903 15906 1
15904 15912 1
15905 15914 1
15906 15908 1
15907 15911 1
15907 15927 1
15907 15941 1
15908 15909 1
15909 15910 1
15910 15912 1
15910 15928 1
15911 16063 1
15913 15915 1
15913 16038 1
15914 15924 1
15915 15926 1
15916 15917 1
15916 15918 1
15917 15919 1
15918 15920 1
15919 15921 1
15920 15922 1
15921 15923 1
15923 15925 1
15924 15948 1
15925 16048 1
15926 16048 1
15927 15931 1
15927 16045 1
15928 15929 1
15929 15930 1
15930 15941 1
15931 15932 1
15931 15946 1
15932 15933 1
15932 15942 1
15932 16099 1
15933 15944 1
15934 15938 1
15934 15944 1
15935 15937 1
15935 15943 1
15936 15937 1
15936 15941 1
15938 15941 1
15939 15945 1
15940 15943 1
15941 16098 1
15942 15947 1
15942 16102 1
15945 15953 1
15946 16057 1
15947 15949 1
15948 16068 1
15949 15950 1
15950 15951 1
15951 16052 1
15952 15954 1
15954 15956 1
15955 15956 1
15955 15957 1
15957 16054 1
15958 15959 1
15958 16056 1
15959 15960 1
15959 15962 1
15960 15961 1
15961 16139 1
15962 15963 1
15963 15964 1
15965 15966 1
15965 16142 1
15966 15967 1
15967 15968 1
15968 15969 1
15968 16122 1
15968 16123 1
15969 15970 1
15969 16122 1
15969 16123 1
15970 15971 1
15971 15972 1
15972 15974 1
15973 15974 1
15973 16076 1
15973 16097 1
15975 16018 1
15976 15977 1
15976 16138 1
15977 15978 1
15978 15982 1
15979 15981 1
15980 15981 1
15980 15982 1
15980 15983 1
15980 15984 1
15983 15985 1
15984 16110 1
15985 15987 1
15986 15991 1
15986 16124 1
15987 15988 1
15988 15989 1
15988 15990 1
15988 15992 1
15989 16006 1
15990 15993 1
15991 16074 1
15992 15994 1
15993 16111 1
15994 15995 1
15995 15996 1
15996 15997 1
15997 16114 1
15998 15999 1
15998 16115 1
15999 16000 1
15999 16009 1
16000 16002 1
16001 16004 1
16001 16009 1
16002 16041 1
16003 16008 1
16003 16074 1
16004 16011 1
16005 16007 1
16005 16033 1
16006 16007 1
16008 16010 1
16010 16022 1
16011 16013 1
16012 16015 1
16013 16014 1
16014 16016 1
16015 16017 1
16016 16019 1
16017 16020 1
16018 16107 1
16019 16020 1
16020 16021 1
16021 16023 1
16022 16027 1
16023 16024 1
16024 16025 1
16025 16026 1
16026 16137 1
16027 16042 1
16028 16115 1
16029 16030 1
16029 16043 1
16030 16031 1
16031 16032 1
16032 16033 1
16032 16034 1
16033 16034 1
16034 16035 1
16035 16036 1
16035 16037 1
16036 16039 1
16037 16041 1
16038 16042 1
16039 16040 1
16042 16047 1
16043 35333 1
16044 16045 1
16044 16046 1
16045 16057 1
16046 16049 1
16047 16050 1
16048 16049 1
16048 16051 1
16048 16052 1
16048 16054 1
16049 16051 1
16049 16052 1
16049 16054 1
16050 16085 1
16051 16052 1
16051 16053 1
16051 16054 1
16052 16053 1
16053 16056 1
16055 16070 1
16055 16085 1
16058 16061 1
16059 16060 1
16059 16157 1
16060 16061 1
16062 16080 1
16063 16064 1
16063 16065 1
16063 16071 1
16064 16066 1
16064 16071 1
16065 16067 1
16066 16068 1
16067 16069 1
16069 16124 1
16070 16100 1
16071 16157 1
16072 16075 1
16072 16097 1
16073 16077 1
16073 16097 1
16076 16078 1
16076 16079 1
16076 16082 1
16077 16096 1
16078 16084 1
16079 16095 1
16080 16100 1
16081 16086 1
16081 16096 1
16083 16095 1
16084 16088 1
16086 16087 1
16087 16089 1
16089 16090 1
16090 16091 1
16091 16092 1
16092 16093 1
16093 16094 1
16098 16113 1
16099 16102 1
16099 16105 1
16101 16103 1
16101 16113 1
16102 16104 1
16103 16106 1
16104 16110 1
16105 16112 1
16106 16108 1
16107 16147 1
16108 16109 1
16109 16110 1
16111 16112 1
16114 16118 1
16115 16116 1
16116 16117 1
16117 16118 1
16117 16119 1
16117 16126 1
16118 16120 1
16119 16125 1
16120 16121 1
16121 16123 1
16122 16125 1
16127 16128 1
16127 16137 1
16128 16129 1
16129 16130 1
16130 16131 1
16131 16132 1
16132 16133 1
16133 35236 1
16134 16135 1
16135 35238 1
16136 16146 1
16139 16140 1
16140 16141 1
16141 16142 1
16142 16143 1
16143 16144 1
16144 16145 1
16146 16147 1
16147 16148 1
16147 16151 1
16149 16150 1
16150 16151 1
16151 16152 1
16152 16155 1
16153 16154 1
16153 16157 1
16154 16155 1
16155 16156 1
16156 16157 1
16158 16398 1
16159 16288 1
16159 16393 1
16160 16162 1
16160 16776 1
16161 16162 1
16161 16165 1
16161 16773 1
16162 16163 1
16162 16165 1
16162 16271 1
16163 16164 1
16163 16271 1
16164 16273 1
16164 16277 1
16164 16775 1
16165 16271 1
16165 16768 1
16166 16167 1
16166 16761 1
16166 16762 1
16166 16773 1
16167 16771 1
16168 16368 1
16168 16369 1
16168 16370 1
16169 16190 1
16169 16603 1
16170 16563 1
16170 16603 1
16171 16172 1
16171 16190 1
16172 16175 1
16173 16174 1
16173 16188 1
16174 16175 1
16175 16176 1
16176 16185 1
16177 16185 1
16177 16186 1
16178 16180 1
16178 16186 1
16178 16187 1
16178 16189 1
16178 16246 1
16178 16523 1
16179 16186 1
16180 16183 1
16180 16186 1
16181 16186 1
16181 16560 1
16182 16184 1
16182 16599 1
16183 16527 1
16184 16187 1
16187 16189 1
16188 16189 1
16191 16192 1
16192 16193 1
16193 16195 1
16194 16248 1
16194 16726 1
16195 16198 1
16195 16248 1
16195 16251 1
16196 16198 1
16196 16199 1
16196 16265 1
16198 16249 1
16198 16251 1
16199 16729 1
16200 16217 1
16201 16207 1
16201 16230 1
16202 16203 1
16202 16292 1
16203 16205 1
16204 16399 1
16204 16401 1
16204 33107 1
16205 16207 1
16206 16207 1
16206 16210 1
16206 16278 1
16206 16279 1
16206 16770 1
16206 16773 1
16207 16208 1
16207 16210 1
16208 16211 1
16209 16259 1
16209 16274 1
16209 16430 1
16210 16213 1
16211 16212 1
16212 16214 1
16213 16215 1
16214 16317 1
16215 16216 1
16216 16603 1
16217 16314 1
16218 16603 1
16219 16221 1
16219 16233 1
16220 16233 1
16221 16222 1
16222 16231 1
16223 16224 1
16223 16289 1
16224 16225 1
16225 16226 1
16225 16231 1
16226 16227 1
16227 16229 1
16227 16232 1
16227 16250 1
16227 16734 1
16228 16309 1
16229 16230 1
16232 16234 1
16234 16290 1
16235 16240 1
16235 16474 1
16236 16241 1
16236 16664 1
16237 16468 1
16237 16477 1
16238 16472 1
16238 16661 1
16239 16272 1
16239 16400 1
16240 16660 1
16241 16666 1
16242 16672 1
16242 16673 1
16243 16247 1
16243 16524 1
16244 16259 1
16244 16309 1
16245 16246 1
16245 16247 1
16248 16252 1
16248 16732 1
16249 16250 1
16249 16251 1
16250 16743 1
16251 16253 1
16251 16727 1
16252 16254 1
16253 16255 1
16254 16256 1
16254 16258 1
16255 16260 1
16256 16257 1
16257 16261 1
16258 16289 1
16258 16291 1
16259 16382 1
16259 16430 1
16259 16639 1
16260 16310 1
16260 16315 1
16261 16262 1
16262 16315 1
16263 16264 1
16266 16268 1
16267 16268 1
16267 16281 1
16267 16695 1
16267 16716 1
16268 16717 1
16269 16730 1
16270 16732 1
16271 16273 1
16271 16768 1
16271 16769 1
16272 16370 1
16273 16764 1
16274 16382 1
16274 16388 1
16275 16276 1
16275 16769 1
16277 16278 1
16278 16279 1
16280 16282 1
16280 16711 1
16281 16285 1
16282 16283 1
16283 16286 1
16284 16287 1
16284 16712 1
16285 16737 1
16286 16742 1
16287 16761 1
16289 16316 1
16289 16327 1
16290 16297 1
16290 16299 1
16290 16301 1
16290 16303 1
16290 16345 1
16291 16307 1
16292 16293 1
16292 16297 1
16292 16299 1
16292 16303 1
16292 16316 1
16292 16345 1
16293 16300 1
16293 16303 1
16294 16298 1
16294 16316 1
16295 16302 1
16295 16327 1
16295 16328 1
16296 16297 1
16296 16298 1
16296 16308 1
16296 16345 1
16296 16347 1
16297 16300 1
16297 16306 1
16297 16325 1
16298 16304 1
16298 16356 1
16299 16301 1
16299 16303 1
16300 16316 1
16300 16345 1
16301 16303 1
16302 16304 1
16302 16328 1
16305 16374 1
16305 16381 1
16306 16325 1
16306 16345 1
16307 16327 1
16310 16311 1
16310 16315 1
16311 16312 1
16312 16313 1
16314 16323 1
16314 16332 1
16316 16327 1
16317 16319 1
16318 16357 1
16319 16324 1
16320 16322 1
16320 16324 1
16321 16322 1
16321 16325 1
16323 16326 1
16324 16331 1
16324 16344 1
16324 16359 1
16326 16342 1
16329 16363 1
16330 16562 1
16330 16563 1
16331 16334 1
16331 16344 1
16332 16362 1
16332 16363 1
16333 16335 1
16333 16562 1
16334 16567 1
16335 16337 1
16335 16343 1
16336 16338 1
16336 16567 1
16337 16339 1
16338 16339 1
16338 16615 1
16339 16615 1
16340 16360 1
16340 16364 1
16341 16554 1
16341 16562 1
16342 16349 1
16343 16574 1
16345 16358 1
16346 16348 1
16346 16350 1
16346 16358 1
16347 16351 1
16348 16353 1
16349 16698 1
16350 16352 1
16350 16359 1
16352 16354 1
16353 16355 1
16355 16356 1
16357 16644 1
16357 16740 1
16360 16371 1
16360 16374 1
16361 16422 1
16361 16698 1
16362 16403 1
16364 32945 1
16365 16366 1
16365 16432 1
16366 16367 1
16367 32937 1
16367 33085 1
16368 16372 1
16369 16383 1
16371 16424 1
16371 16478 1
16372 16373 1
16372 16385 1
16373 16381 1
16375 16383 1
16375 16386 1
16376 16377 1
16376 16385 1
16377 16384 1
16378 16379 1
16378 16410 1
16379 16429 1
16380 16384 1
16382 16430 1
16386 16387 1
16387 16431 1
16388 16390 1
16389 16402 1
16390 16391 1
16391 16392 1
16393 16430 1
16394 16395 1
16394 16639 1
16395 16590 1
16396 16397 1
16396 16590 1
16397 16486 1
16399 16400 1
16399 16401 1
16401 16433 1
16402 16428 1
16403 16406 1
16403 16431 1
16404 16405 1
16404 16422 1
16405 16407 1
16406 16409 1
16407 16408 1
16408 16412 1
16409 16413 1
16409 16426 1
16410 16418 1
16411 16414 1
16411 16426 1
16412 16618 1
16413 16415 1
16414 16416 1
16415 16417 1
16416 16419 1
16417 16420 1
16418 16470 1
16420 16421 1
16420 16715 1
16421 16434 1
16421 16715 1
16423 16640 1
16423 16715 1
16424 16437 1
16425 16694 1
16425 16706 1
16427 16455 1
16428 16445 1
16432 16433 1
16434 16436 1
16434 16759 1
16435 16745 1
16435 16753 1
16436 16745 1
16437 16450 1
16437 16470 1
16438 16620 1
16438 16759 1
16439 16440 1
16440 16456 1
16441 16447 1
16442 16456 1
16442 16503 1
16443 16449 1
16443 16451 1
16444 16448 1
16444 16494 1
16445 16632 1
16446 16454 1
16447 16452 1
16449 16597 1
16450 16455 1
16450 16640 1
16452 16454 1
16453 16747 1
16457 16650 1
16457 16652 1
16457 16653 1
16458 16651 1
16458 16661 1
16459 16471 1
16459 16480 1
16460 16461 1
16460 16480 1
16461 16462 1
16462 16476 1
16463 16670 1
16463 16672 1
16464 16671 1
16464 16674 1
16465 16466 1
16465 16691 1
16465 16704 1
16466 16678 1
16466 16680 1
16467 16679 1
16467 16680 1
16468 16469 1
16468 16489 1
16468 16679 1
16469 16489 1
16469 16521 1
16469 16679 1
16471 16479 1
16473 16597 1
16473 16598 1
16474 16666 1
16474 16668 1
16475 16682 1
16475 16687 1
16476 16504 1
16478 16495 1
16478 16584 1
16479 16598 1
16481 16482 1
16481 16504 1
16482 16483 1
16483 16487 1
16484 16485 1
16484 16508 1
16485 16488 1
16487 16489 1
16488 16489 1
16488 16490 1
16489 16506 1
16489 16679 1
16490 16492 1
16491 16493 1
16491 16506 1
16492 16519 1
16493 16494 1
16495 16500 1
16495 16505 1
16496 16497 1
16496 16511 1
16497 16498 1
16498 16499 1
16499 16501 1
16501 16502 1
16502 16503 1
16505 16516 1
16507 16509 1
16507 16519 1
16508 16532 1
16509 16510 1
16509 16518 1
16511 16512 1
16511 16518 1
16512 16513 1
16513 16514 1
16514 16515 1
16515 16517 1
16516 16520 1
16516 16533 1
16517 16535 1
16517 16543 1
16520 16526 1
16521 16522 1
16522 16525 1
16523 16676 1
16524 16758 1
16525 16536 1
16526 16551 1
16527 16528 1
16528 16529 1
16529 16531 1
16530 16531 1
16530 16537 1
16532 16534 1
16532 16536 1
16532 16537 1
16532 16538 1
16533 16542 1
16534 16535 1
16536 16538 1
16537 16538 1
16538 16539 1
16538 16585 1
16539 16540 1
16541 16585 1
16544 16546 1
16544 16617 1
16545 16565 1
16545 16594 1
16546 16561 1
16547 16551 1
16548 16561 1
16548 16564 1
16549 16550 1
16549 16554 1
16549 16564 1
16549 16565 1
16550 16558 1
16552 16553 1
16552 16565 1
16553 16555 1
16555 16556 1
16556 16559 1
16557 16565 1
16558 16581 1
16559 16566 1
16560 16562 1
16566 16579 1
16568 16578 1
16568 16581 1
16569 16570 1
16569 16579 1
16570 16580 1
16570 16583 1
16571 16582 1
16571 16583 1
16572 16582 1
16573 16575 1
16573 16578 1
16575 16577 1
16576 16577 1
16585 16586 1
16586 16587 1
16587 16592 1
16588 16589 1
16588 16610 1
16589 16591 1
16591 16592 1
16592 16593 1
16592 16594 1
16595 16629 1
16595 16633 1
16596 16598 1
16599 16601 1
16599 16602 1
16600 16601 1
16600 16604 1
16602 16605 1
16603 16615 1
16603 16755 1
16604 16606 1
16605 16608 1
16606 16613 1
16607 16609 1
16607 16611 1
16608 16612 1
16609 16610 1
16611 16614 1
16612 16616 1
16613 16614 1
16616 16617 1
16618 16619 1
16619 16620 1
16619 16623 1
16620 16623 1
16621 16622 1
16622 16630 1
16623 16628 1
16624 16648 1
16624 16740 1
16625 16626 1
16625 16631 1
16626 16633 1
16627 16629 1
16627 16630 1
16628 16631 1
16632 16654 1
16632 16677 1
16634 16635 1
16635 16636 1
16636 16637 1
16638 16641 1
16641 16642 1
16643 16644 1
16644 16645 1
16644 16740 1
16645 16646 1
16647 16649 1
16648 16650 1
16649 16662 1
16651 16662 1
16652 16656 1
16653 16655 1
16654 16677 1
16654 16694 1
16655 16663 1
16657 16659 1
16657 16663 1
16659 16660 1
16664 16665 1
16665 16667 1
16667 16669 1
16668 16670 1
16673 16685 1
16674 16676 1
16675 16685 1
16675 16686 1
16676 16679 1
16678 16686 1
16679 16681 1
16681 16682 1
16683 16684 1
16683 16687 1
16688 16700 1
16689 16695 1
16689 16701 1
16690 16692 1
16690 16701 1
16691 16696 1
16692 16697 1
16693 16696 1
16693 16703 1
16696 16700 1
16696 16702 1
16697 16702 1
16703 16707 1
16704 16708 1
16705 16707 1
16705 16709 1
16706 16715 1
16707 16712 1
16708 16710 1
16709 16711 1
16710 16714 1
16712 16713 1
16713 16714 1
16716 16731 1
16717 16718 1
16718 16719 1
16719 16733 1
16720 16723 1
16720 16731 1
16721 16728 1
16722 16725 1
16723 16724 1
16723 16735 1
16724 16726 1
16725 16729 1
16727 16728 1
16734 16735 1
16734 16736 1
16735 16736 1
16736 16746 1
16737 16738 1
16738 16739 1
16739 16744 1
16741 16747 1
16741 16753 1
16742 16744 1
16743 16746 1
16743 16770 1
16744 16771 1
16748 16749 1
16748 16763 1
16749 16750 1
16750 16751 1
16750 16752 1
16750 16754 1
16751 16754 1
16752 16754 1
16752 16756 1
16752 16757 1
16754 16755 1
16756 16757 1
16757 16760 1
16758 16760 1
16761 16762 1
16762 16763 1
16762 16764 1
16763 16764 1
16764 16766 1
16765 16767 1
16765 16768 1
16766 16767 1
16767 16768 1
16770 16773 1
16770 16774 1
16770 16775 1
16772 16773 1
16773 16775 1
16774 16776 1
16777 17269 1
16777 17270 1
16778 16783 1
16779 16785 1
16780 16781 1
16780 17314 1
16781 17206 1
16782 17242 1
16782 17247 1
16783 17319 1
16784 17314 1
16784 17315 1
16785 17320 1
16786 17236 1
16786 17239 1
16787 16788 1
16787 17235 1
16788 16789 1
16789 16790 1
16790 16791 1
16791 16844 1
16791 16847 1
16792 16841 1
16792 16843 1
16793 17214 1
16793 17278 1
16793 17286 1
16794 16795 1
16794 16826 1
16795 16796 1
16796 16797 1
16797 16798 1
16798 16877 1
16798 16896 1
16799 16800 1
16799 16801 1
16800 17253 1
16801 16802 1
16802 16803 1
16803 16878 1
16804 16827 1
16805 16806 1
16806 16808 1
16807 16810 1
16808 16809 1
16809 16811 1
16810 16812 1
16811 16813 1
16812 16814 1
16813 16814 1
16813 16815 1
16815 16817 1
16816 16836 1
16817 16818 1
16818 16820 1
16819 16820 1
16819 16821 1
16819 17212 1
16820 16821 1
16821 16822 1
16822 16824 1
16822 17217 1
16823 16827 1
16823 16864 1
16824 17240 1
16825 16826 1
16825 17217 1
16827 17037 1
16828 16831 1
16828 17220 1
16829 16830 1
16829 17237 1
16830 16832 1
16831 16833 1
16832 16839 1
16833 16838 1
16834 16835 1
16834 16838 1
16834 16862 1
16835 16844 1
16836 16988 1
16837 16839 1
16837 16861 1
16838 16860 1
16840 16913 1
16840 17157 1
16841 16849 1
16842 16843 1
16842 16845 1
16845 16846 1
16846 16848 1
16847 16849 1
16848 16850 1
16850 16851 1
16851 16853 1
16852 16864 1
16853 16856 1
16854 16855 1
16854 16862 1
16855 16858 1
16856 16857 1
16857 16859 1
16858 16937 1
16859 16929 1
16860 16866 1
16861 16875 1
16863 16865 1
16863 16871 1
16866 16867 1
16866 16869 1
16867 16868 1
16869 16872 1
16870 16874 1
16870 16875 1
16871 16873 1
16872 16919 1
16873 16892 1
16874 16897 1
16876 16884 1
16876 17060 1
16876 17065 1
16877 16879 1
16878 16880 1
16879 16882 1
16880 16881 1
16881 16883 1
16881 16885 1
16882 16886 1
16883 16885 1
16883 16902 1
16883 16942 1
16884 16893 1
16885 16943 1
16885 17217 1
16886 16943 1
16887 16888 1
16887 16958 1
16888 16889 1
16889 16896 1
16890 16894 1
16890 16985 1
16891 16892 1
16891 16896 1
16893 17017 1
16894 16895 1
16894 16908 1
16895 16896 1
16895 16911 1
16897 16898 1
16898 16899 1
16899 16900 1
16900 16903 1
16901 16902 1
16901 16903 1
16903 16904 1
16903 16905 1
16903 16906 1
16904 16941 1
16905 16952 1
16906 16953 1
16907 16914 1
16907 17027 1
16908 16909 1
16909 16912 1
16910 16921 1
16910 16987 1
16911 16916 1
16912 16915 1
16913 17274 1
16914 16930 1
16915 16917 1
16916 16919 1
16917 16918 1
16918 16920 1
16921 16932 1
16922 16923 1
16922 16940 1
16923 16924 1
16924 16925 1
16925 16926 1
16926 16927 1
16927 16931 1
16928 16929 1
16928 16931 1
16930 17095 1
16930 17105 1
16932 16933 1
16933 16934 1
16934 16935 1
16935 16936 1
16936 16938 1
16937 16939 1
16938 16940 1
16939 16940 1
16941 16942 1
16942 16947 1
16943 16945 1
16943 16946 1
16944 17001 1
16944 17283 1
16945 16948 1
16946 16949 1
16947 16974 1
16948 16949 1
16948 16974 1
16949 16973 1
16949 16989 1
16950 16957 1
16950 16976 1
16951 17177 1
16951 17191 1
16951 17309 1
16952 16954 1
16953 16956 1
16954 16955 1
16954 16957 1
16954 16967 1
16955 16960 1
16956 16959 1
16956 16961 1
16956 16962 1
16958 16982 1
16959 16982 1
16960 16962 1
16961 16979 1
16963 16965 1
16963 16976 1
16964 16968 1
16964 16976 1
16965 16966 1
16966 16968 1
16966 16969 1
16966 16995 1
16967 16968 1
16968 16970 1
16969 16970 1
16970 16971 1
16970 16978 1
16971 16978 1
16971 16980 1
16972 17187 1
16972 17286 1
16973 16975 1
16974 16976 1
16975 16976 1
16977 16989 1
16978 16981 1
16978 16983 1
16979 16980 1
16982 16983 1
16982 16984 1
16983 16984 1
16984 16985 1
16984 16986 1
16986 16987 1
16988 16990 1
16989 16991 1
16989 16996 1
16990 17005 1
16991 16993 1
16992 16994 1
16992 16995 1
16993 16994 1
16995 16997 1
16996 17003 1
16997 16998 1
16998 17004 1
16999 17000 1
16999 17004 1
17000 17002 1
17001 17276 1
17002 17003 1
17003 48152 1
17003 48153 1
17005 17006 1
17006 17007 1
17007 17008 1
17008 17009 1
17009 17011 1
17010 17015 1
17010 17276 1
17011 17012 1
17012 17013 1
17013 17014 1
17014 17268 1
17015 17161 1
17016 17023 1
17016 17051 1
17017 17018 1
17018 17020 1
17019 17270 1
17019 17272 1
17020 17023 1
17021 17022 1
17021 17023 1
17022 17025 1
17023 17027 1
17024 17033 1
17024 17275 1
17025 17026 1
17026 17030 1
17028 17038 1
17028 17161 1
17029 17030 1
17029 17062 1
17031 17032 1
17031 17271 1
17032 17034 1
17033 17277 1
17034 17036 1
17035 17036 1
17035 17040 1
17036 17041 1
17037 17040 1
17038 17129 1
17039 17040 1
17041 17042 1
17042 17053 1
17042 17054 1
17043 17048 1
17043 17129 1
17044 17054 1
17044 17055 1
17045 17046 1
17045 17049 1
17045 17055 1
17046 17047 1
17047 17050 1
17049 17056 1
17050 17051 1
17052 17060 1
17052 17277 1
17053 17054 1
17053 17081 1
17056 17057 1
17056 17058 1
17057 17058 1
17057 17100 1
17058 17059 1
17059 17061 1
17061 17062 1
17063 17066 1
17063 17304 1
17064 17066 1
17064 17125 1
17064 17135 1
17065 17144 1
17067 17068 1
17067 17135 1
17068 17080 1
17069 17070 1
17069 17080 1
17070 17071 1
17071 17074 1
17072 17079 1
17072 17144 1
17073 17074 1
17073 17120 1
17074 17075 1
17075 17076 1
17076 17077 1
17076 17078 1
17078 17104 1
17079 17082 1
17081 17083 1
17081 17288 1
17081 17290 1
17082 17085 1
17083 17084 1
17084 17086 1
17085 17105 1
17085 17110 1
17086 17087 1
17087 17088 1
17088 17089 1
17089 17091 1
17090 17272 1
17090 17279 1
17091 17287 1
17092 17093 1
17093 17103 1
17094 17096 1
17094 17103 1
17095 17105 1
17095 17177 1
17096 17097 1
17097 17098 1
17098 17099 1
17099 17101 1
17100 17139 1
17101 17102 1
17102 17137 1
17104 17114 1
17106 17107 1
17106 17112 1
17107 17113 1
17108 17111 1
17108 17114 1
17109 17115 1
17110 17121 1
17111 17112 1
17113 17116 1
17114 17117 1
17115 17116 1
17117 17118 1
17118 17147 1
17119 17120 1
17121 17176 1
17122 17136 1
17122 17266 1
17123 17124 1
17123 17136 1
17124 17134 1
17125 17131 1
17126 17127 1
17126 17133 1
17127 17128 1
17128 17132 1
17130 17133 1
17131 17142 1
17132 17134 1
17137 17138 1
17138 17139 1
17139 17140 1
17140 17141 1
17141 17142 1
17142 17143 1
17143 17145 1
17143 17146 1
17145 17146 1
17145 17255 1
17146 17256 1
17147 17148 1
17148 17151 1
17149 17150 1
17149 17153 1
17150 17152 1
17151 17158 1
17152 17154 1
17153 17155 1
17154 17156 1
17155 17159 1
17156 17158 1
17157 17283 1
17159 17160 1
17162 17163 1
17162 17175 1
17163 17166 1
17164 17165 1
17164 17166 1
17165 17167 1
17167 17169 1
17168 17170 1
17168 17290 1
17170 17173 1
17171 17172 1
17172 17181 1
17173 17179 1
17173 17182 1
17174 17175 1
17174 17292 1
17176 17180 1
17177 17191 1
17178 17179 1
17179 17182 1
17179 17183 1
17180 17187 1
17181 17184 1
17182 17296 1
17183 17185 1
17184 17188 1
17185 17186 1
17186 17293 1
17188 17294 1
17189 17190 1
17189 17203 1
17189 17298 1
17190 17303 1
17191 17204 1
17192 17193 1
17192 17202 1
17193 17203 1
17194 17196 1
17194 17202 1
17195 17196 1
17195 17197 1
17197 17198 1
17198 17205 1
17199 17201 1
17199 17205 1
17200 17201 1
17204 17267 1
17206 17207 1
17207 17208 1
17208 17209 1
17208 17301 1
17209 17210 1
17210 17211 1
17211 17212 1
17213 17215 1
17213 17217 1
17213 17296 1
17213 17301 1
17214 17216 1
17215 17241 1
17216 17280 1
17218 17219 1
17218 17237 1
17220 17221 1
17221 17223 1
17222 17231 1
17222 17280 1
17223 17224 1
17224 17228 1
17225 17226 1
17225 17229 1
17226 17227 1
17228 17233 1
17229 17230 1
17230 17232 1
17231 17238 1
17232 17233 1
17234 17267 1
17234 17273 1
17235 17236 1
17238 17310 1
17240 17243 1
17241 17246 1
17241 17249 1
17241 17250 1
17242 17273 1
17243 17249 1
17244 17248 1
17244 17302 1
17245 17246 1
17245 17248 1
17246 17249 1
17246 17250 1
17247 17252 1
17248 17303 1
17249 17250 1
17250 17253 1
17251 17274 1
17251 17275 1
17251 17279 1
17252 17282 1
17254 17259 1
17254 17282 1
17255 17257 1
17256 17258 1
17257 17261 1
17258 17260 1
17259 17285 1
17260 17262 1
17261 17266 1
17262 17263 1
17263 17264 1
17264 17265 1
17265 17266 1
17268 17269 1
17268 17271 1
17278 17286 1
17281 17295 1
17281 17310 1
17284 17295 1
17287 17288 1
17287 17290 1
17288 17289 1
17288 17290 1
17289 17291 1
17291 17292 1
17293 17297 1
17294 17298 1
17297 17299 1
17299 17300 1
17300 17302 1
17304 17305 1
17305 17306 1
17306 17307 1
17307 17308 1
17308 17309 1
17311 17314 1
17312 17313 1
17313 17314 1
17315 17318 1
17316 17317 1
17316 17318 1
17316 17320 1
17317 17319 1
17321 17372 1
17321 18135 1
17321 18139 1
17321 18160 1
17322 17364 1
17322 17482 1
17323 17334 1
17323 17346 1
17324 17325 1
17324 17387 1
17325 17329 1
17326 17334 1
17326 17335 1
17327 17330 1
17327 17512 1
17328 17381 1
17328 17383 1
17328 17507 1
17328 17510 1
17329 17366 1
17330 17365 1
17331 17332 1
17331 17358 1
17332 17335 1
17333 17360 1
17333 17462 1
17336 17359 1
17336 17366 1
17336 17385 1
17336 17444 1
17336 17448 1
17337 17361 1
17337 17386 1
17338 17386 1
17338 17388 1
17339 17353 1
17339 17363 1
17340 17407 1
17340 17428 1
17341 17342 1
17341 17424 1
17342 17355 1
17343 17347 1
17343 17351 1
17344 17350 1
17344 17389 1
17345 17354 1
17345 17390 1
17347 17352 1
17348 17388 1
17348 17454 1
17349 17352 1
17349 17362 1
17349 17446 1
17350 17391 1
17351 17370 1
17353 17356 1
17354 17357 1
17355 17357 1
17358 17367 1
17359 17361 1
17360 17373 1
17363 17389 1
17364 17516 1
17365 17368 1
17366 17371 1
17367 17369 1
17368 17371 1
17369 17370 1
17371 17451 1
17372 17466 1
17372 17467 1
17373 17410 1
17374 17376 1
17374 17449 1
17375 17378 1
17375 17461 1
17376 17379 1
17377 17378 1
17377 17382 1
17378 17380 1
17379 17380 1
17381 17383 1
17381 17422 1
17382 17465 1
17383 17387 1
17384 17385 1
17384 17412 1
17385 17413 1
17390 17393 1
17391 17392 1
17392 17453 1
17393 17452 1
17394 17410 1
17394 17422 1
17395 17397 1
17395 17404 1
17395 17405 1
17396 17397 1
17396 17409 1
17396 17464 1
17398 17399 1
17398 17409 1
17399 17406 1
17400 17401 1
17400 17405 1
17401 17408 1
17402 17403 1
17402 17408 1
17403 17405 1
17403 17489 1
17406 17480 1
17407 17450 1
17408 17448 1
17411 17412 1
17411 18597 1
17413 18596 1
17414 17417 1
17414 18437 1
17415 17416 1
17415 17421 1
17416 17419 1
17417 17418 1
17418 17425 1
17419 17420 1
17420 17423 1
17423 17424 1
17425 17426 1
17426 17427 1
17427 17430 1
17428 17462 1
17429 17476 1
17430 17478 1
17431 17432 1
17431 17488 1
17431 17493 1
17432 17433 1
17433 17434 1
17434 17435 1
17435 17436 1
17436 17437 1
17437 17438 1
17438 17439 1
17439 17440 1
17440 17441 1
17441 17495 1
17442 17443 1
17442 17451 1
17443 17444 1
17444 17448 1
17445 17446 1
17445 17447 1
17447 17449 1
17448 17449 1
17449 17453 1
17449 17454 1
17452 17455 1
17453 17454 1
17453 17456 1
17455 17457 1
17456 17458 1
17457 17459 1
17458 17461 1
17459 17464 1
17460 17463 1
17460 17474 1
17463 17464 1
17464 17465 1
17466 17468 1
17467 17468 1
17468 17469 1
17468 17470 1
17469 17471 1
17470 17505 1
17471 17472 1
17472 17473 1
17473 17516 1
17474 17475 1
17475 17494 1
17476 17477 1
17477 17494 1
17478 17481 1
17479 17480 1
17479 17483 1
17481 17488 1
17482 17492 1
17483 17484 1
17484 17485 1
17485 17487 1
17486 17487 1
17488 17493 1
17489 17490 1
17490 17491 1
17491 17493 1
17492 17500 1
17495 17496 1
17496 17497 1
17497 17498 1
17498 17499 1
17499 17501 1
17500 17504 1
17501 17503 1
17502 17503 1
17502 18848 1
17502 18880 1
17502 18990 1
17502 19185 1
17504 17506 1
17506 18581 1
17507 17511 1
17508 17509 1
17508 18581 1
17508 18586 1
17508 18588 1
17509 17510 1
17509 18581 1
17510 17511 1
17512 17513 1
17513 17514 1
17513 17515 1
17514 17515 1
17517 17524 1
17517 17551 1
17518 17519 1
17518 17536 1
17519 37761 1
17520 17549 1
17520 18205 1
17521 17531 1
17521 17546 1
17522 17523 1
17522 17535 1
17522 17546 1
17523 17525 1
17523 17535 1
17524 17525 1
17525 17541 1
17526 17543 1
17526 17544 1
17527 17529 1
17527 17557 1
17528 17530 1
17528 17540 1
17528 17554 1
17529 17532 1
17530 17534 1
17530 17535 1
17530 17536 1
17530 17539 1
17530 17543 1
17530 17547 1
17531 17555 1
17532 17538 1
17533 17541 1
17533 17542 1
17534 17539 1
17534 17544 1
17534 17554 1
17535 17536 1
17537 17547 1
17538 17545 1
17539 17544 1
17540 18612 1
17542 17556 1
17545 18249 1
17548 17552 1
17548 18339 1
17549 17552 1
17549 17553 1
17550 17551 1
17550 17553 1
17555 37651 1
17555 37779 1
17556 17557 1
17558 17559 1
17558 17637 1
17559 17637 1
17559 17639 1
17560 17561 1
17560 17685 1
17561 17562 1
17562 17578 1
17563 17566 1
17563 17572 1
17564 17574 1
17564 17680 1
17565 17576 1
17565 17665 1
17566 17570 1
17567 17577 1
17567 17677 1
17568 17612 1
17568 17619 1
17568 17657 1
17568 17664 1
17569 17660 1
17569 17663 1
17570 17594 1
17571 17672 1
17571 17673 1
17572 17684 1
17573 17676 1
17573 17682 1
17574 17684 1
17575 17668 1
17575 17669 1
17576 17666 1
17577 17580 1
17578 17681 1
17579 17666 1
17579 17667 1
17580 17674 1
17581 17671 1
17581 17672 1
17582 17584 1
17582 17658 1
17583 17585 1
17583 17658 1
17584 17605 1
17585 17586 1
17586 17587 1
17587 17589 1
17588 17644 1
17588 18787 1
17589 17590 1
17590 17591 1
17591 17593 1
17592 18832 1
17594 17595 1
17595 17597 1
17596 17597 1
17596 17604 1
17598 17599 1
17598 17604 1
17599 17600 1
17600 17601 1
17601 17603 1
17602 17603 1
17602 17927 1
17605 17606 1
17606 17611 1
17607 17608 1
17607 17609 1
17608 17609 1
17608 17610 1
17609 17613 1
17610 17611 1
17612 17618 1
17613 17614 1
17614 17615 1
17614 17616 1
17615 17616 1
17615 17622 1
17616 17617 1
17617 17620 1
17618 17621 1
17619 17626 1
17619 17657 1
17619 17664 1
17619 17675 1
17620 17621 1
17622 17623 1
17623 17624 1
17624 17625 1
17625 17660 1
17626 17653 1
17627 17638 1
17627 37304 1
17628 17629 1
17628 37305 1
17629 17630 1
17629 17638 1
17630 17632 1
17631 17633 1
17632 17633 1
17633 17634 1
17633 17635 1
17634 17635 1
17635 17636 1
17636 17637 1
17639 17653 1
17640 17641 1
17640 37304 1
17641 17642 1
17642 17645 1
17643 17644 1
17644 17646 1
17645 17647 1
17645 17649 1
17645 17657 1
17646 17647 1
17647 17648 1
17647 17649 1
17647 17657 1
17648 17652 1
17649 17651 1
17650 17654 1
17650 17655 1
17651 17657 1
17652 17654 1
17655 17656 1
17656 17658 1
17657 17659 1
17659 17664 1
17661 17662 1
17662 17665 1
17663 17665 1
17667 17668 1
17669 17670 1
17670 17671 1
17673 17674 1
17676 17679 1
17677 17678 1
17678 17681 1
17679 17683 1
17680 17682 1
17683 17685 1
17686 17687 1
17686 19599 1
17687 17692 1
17688 17689 1
17688 17690 1
17689 18691 1
17689 18782 1
17690 17699 1
17691 17698 1
17691 17699 1
17692 19584 1
17693 17694 1
17693 19586 1
17694 17695 1
17695 17696 1
17696 17697 1
17697 17698 1
17700 17701 1
17700 17758 1
17700 17771 1
17701 17902 1
17702 17720 1
17702 17919 1
17703 17704 1
17703 17926 1
17704 17708 1
17705 17708 1
17705 17821 1
17706 17873 1
17706 17925 1
17707 18782 1
17707 18783 1
17709 17726 1
17709 17882 1
17710 17872 1
17710 17882 1
17711 17712 1
17711 17756 1
17712 17713 1
17713 17722 1
17714 17727 1
17714 17910 1
17715 17716 1
17715 17722 1
17716 17717 1
17717 17718 1
17718 17719 1
17719 17721 1
17720 17831 1
17721 17765 1
17723 17838 1
17723 17841 1
17724 17896 1
17724 18783 1
17725 17756 1
17725 17896 1
17725 17899 1
17726 17893 1
17727 17759 1
17728 17730 1
17728 17898 1
17729 17733 1
17729 17829 1
17730 17735 1
17731 17732 1
17731 17736 1
17732 17735 1
17733 17895 1
17734 17748 1
17734 17883 1
17735 17737 1
17736 17739 1
17737 17852 1
17738 17845 1
17738 17895 1
17739 17846 1
17740 17759 1
17740 17833 1
17741 17742 1
17741 17898 1
17742 17743 1
17743 17744 1
17744 17745 1
17745 17746 1
17746 17762 1
17747 17761 1
17747 17762 1
17748 17772 1
17749 17750 1
17749 17761 1
17750 17760 1
17751 17760 1
17751 17795 1
17752 17753 1
17752 19596 1
17753 17756 1
17754 17838 1
17754 17839 1
17755 17757 1
17755 17899 1
17756 17868 1
17757 19595 1
17757 19596 1
17758 17802 1
17759 17764 1
17759 17811 1
17759 17831 1
17763 17795 1
17763 17806 1
17764 17775 1
17765 17766 1
17766 17768 1
17767 17822 1
17768 17861 1
17769 17771 1
17770 17802 1
17770 17910 1
17772 17779 1
17773 17835 1
17773 17864 1
17774 17780 1
17774 17871 1
17775 17808 1
17776 17862 1
17776 17881 1
17777 17782 1
17777 17881 1
17778 17858 1
17778 17860 1
17779 17844 1
17780 17835 1
17780 17870 1
17780 17871 1
17781 17843 1
17781 17858 1
17782 20012 1
17783 17784 1
17784 17785 1
17785 17792 1
17786 17787 1
17786 18745 1
17787 17799 1
17788 17789 1
17788 17799 1
17789 17790 1
17790 17791 1
17791 17793 1
17792 17793 1
17793 17794 1
17794 17796 1
17796 17797 1
17797 17798 1
17798 17800 1
17800 17875 1
17801 17803 1
17801 17824 1
17803 17911 1
17804 17907 1
17804 17908 1
17805 17814 1
17805 17904 1
17806 17810 1
17807 17808 1
17807 17904 1
17809 17844 1
17809 17889 1
17809 17906 1
17810 17878 1
17811 17904 1
17812 17877 1
17812 17880 1
17813 17877 1
17813 17886 1
17813 17894 1
17813 17904 1
17813 17905 1
17814 17817 1
17815 17878 1
17815 17879 1
17816 17817 1
17816 17818 1
17816 17876 1
17816 17905 1
17817 17818 1
17817 17819 1
17817 17908 1
17818 17876 1
17819 17820 1
17820 17823 1
17821 17825 1
17822 17879 1
17822 17900 1
17823 17824 1
17823 17886 1
17824 17827 1
17824 17890 1
17825 17829 1
17826 17845 1
17826 17894 1
17827 17828 1
17828 17850 1
17830 17864 1
17830 17901 1
17832 17863 1
17832 17866 1
17833 17834 1
17834 17902 1
17836 17842 1
17836 17874 1
17837 17883 1
17837 17884 1
17839 17903 1
17840 17903 1
17840 17909 1
17841 17884 1
17843 17871 1
17844 17906 1
17845 17846 1
17846 17849 1
17847 17860 1
17847 17871 1
17848 17849 1
17848 17850 1
17849 17851 1
17850 17851 1
17851 17853 1
17852 17922 1
17853 17854 1
17854 17890 1
17855 17888 1
17855 17913 1
17856 17857 1
17856 17922 1
17857 17859 1
17859 17923 1
17860 17862 1
17861 17865 1
17863 17892 1
17865 17867 1
17866 17870 1
17867 17868 1
17868 17901 1
17869 18554 1
17872 17924 1
17873 17924 1
17874 17919 1
17875 17880 1
17876 17885 1
17876 17886 1
17885 17886 1
17885 17894 1
17887 17892 1
17887 17900 1
17888 17912 1
17889 17911 1
17889 17912 1
17891 17893 1
17891 18782 1
17897 17917 1
17904 17906 1
17906 17907 1
17911 17912 1
17913 17914 1
17914 17915 1
17915 17916 1
17917 17918 1
17918 17920 1
17920 17921 1
17921 17923 1
17925 17926 1
17927 17928 1
17928 17996 1
17929 18094 1
17929 18126 1
17930 17931 1
17930 17953 1
17930 18130 1
17931 17933 1
17932 17953 1
17932 18052 1
17933 17934 1
17934 17935 1
17935 17936 1
17936 17938 1
17937 18094 1
17937 18098 1
17938 17944 1
17939 17951 1
17939 17958 1
17940 17941 1
17940 17955 1
17941 17957 1
17942 17944 1
17942 17955 1
17943 17952 1
17943 18098 1
17944 17956 1
17945 17946 1
17945 17958 1
17946 17956 1
17947 17954 1
17947 17957 1
17948 17949 1
17948 18060 1
17949 17954 1
17950 17956 1
17951 18085 1
17952 17959 1
17959 18091 1
17960 17964 1
17960 17965 1
17961 17964 1
17961 18635 1
17962 18074 1
17963 17965 1
17963 17974 1
17963 18634 1
17966 17971 1
17966 17992 1
17967 17968 1
17968 18122 1
17968 18130 1
17969 17973 1
17969 18100 1
17970 18091 1
17970 18097 1
17971 18064 1
17972 17990 1
17972 18063 1
17973 17975 1
17974 17978 1
17974 18634 1
17975 17979 1
17976 17979 1
17976 18099 1
17976 18101 1
17977 18092 1
17977 18097 1
17978 17981 1
17979 17980 1
17979 18099 1
17979 18101 1
17980 17985 1
17981 17982 1
17982 17984 1
17982 17991 1
17983 17988 1
17983 18092 1
17984 17985 1
17986 17987 1
17986 17991 1
17987 17989 1
17988 17997 1
17989 17990 1
17992 17993 1
17993 17994 1
17994 17995 1
17995 17998 1
17996 18086 1
17997 18004 1
17998 18003 1
17999 18001 1
17999 18006 1
18000 18001 1
18000 18023 1
18002 18003 1
18002 18114 1
18003 18005 1
18003 18007 1
18004 18016 1
18005 18006 1
18007 18047 1
18008 18115 1
18008 18130 1
18009 18016 1
18009 18027 1
18010 18112 1
18010 18115 1
18011 18012 1
18011 18020 1
18012 18018 1
18013 18015 1
18013 18018 1
18014 18015 1
18014 18029 1
18017 18019 1
18017 18021 1
18019 18020 1
18021 18024 1
18022 18023 1
18022 18029 1
18024 18025 1
18025 18028 1
18026 18028 1
18026 18030 1
18027 18036 1
18030 18044 1
18031 18032 1
18031 18044 1
18032 18033 1
18033 18042 1
18034 18040 1
18034 18042 1
18035 18037 1
18035 18040 1
18036 18090 1
18037 18038 1
18038 18041 1
18039 18041 1
18039 18043 1
18043 18045 1
18045 18046 1
18046 18521 1
18047 18048 1
18048 18049 1
18049 18050 1
18050 18051 1
18051 18053 1
18052 18058 1
18052 18061 1
18053 18054 1
18053 18056 1
18054 18055 1
18054 18056 1
18055 18058 1
18056 18062 1
18057 18068 1
18057 18096 1
18058 18061 1
18058 18062 1
18059 18060 1
18063 18079 1
18064 18065 1
18064 18067 1
18065 18067 1
18066 18071 1
18066 18079 1
18067 18069 1
18068 18081 1
18069 18070 1
18070 18072 1
18071 18074 1
18072 18073 1
18073 18076 1
18075 18080 1
18075 18082 1
18075 18088 1
18075 18089 1
18076 18077 1
18077 18078 1
18080 18087 1
18081 18082 1
18083 18089 1
18084 18088 1
18084 18093 1
18085 18093 1
18086 18095 1
18087 18129 1
18090 18096 1
18095 18105 1
18099 18101 1
18099 18127 1
18100 18124 1
18101 18122 1
18102 18123 1
18102 18124 1
18103 18111 1
18103 18118 1
18103 18127 1
18104 18106 1
18104 18123 1
18105 18113 1
18106 18121 1
18106 18125 1
18107 18108 1
18107 18128 1
18108 18110 1
18109 18110 1
18109 18111 1
18111 18115 1
18111 18118 1
18112 18114 1
18113 18120 1
18116 18117 1
18116 18129 1
18117 18119 1
18119 18121 1
18120 18126 1
18122 18130 1
18125 18128 1
18131 18132 1
18131 18328 1
18131 18329 1
18132 18155 1
18132 18328 1
18132 18329 1
18133 18134 1
18133 18136 1
18133 18141 1
18134 18137 1
18135 18139 1
18135 18160 1
18136 18139 1
18137 18138 1
18138 18140 1
18139 18160 1
18140 18141 1
18141 18143 1
18142 18328 1
18142 18329 1
18143 18145 1
18144 18157 1
18144 18159 1
18145 18146 1
18146 18147 1
18147 18148 1
18148 18149 1
18149 18150 1
18150 18152 1
18151 18154 1
18152 18154 1
18153 18156 1
18153 18579 1
18155 18159 1
18156 18158 1
18157 18158 1
18159 18160 1
18161 18195 1
18161 18244 1
18162 18167 1
18162 18244 1
18163 18366 1
18163 18369 1
18164 18344 1
18164 18363 1
18165 18216 1
18165 18359 1
18166 18365 1
18166 18366 1
18167 18170 1
18168 18169 1
18169 18171 1
18170 18178 1
18171 18172 1
18172 18173 1
18173 18191 1
18174 18176 1
18175 18176 1
18175 18198 1
18176 18177 1
18177 18179 1
18178 18356 1
18178 18363 1
18179 18180 1
18180 18181 1
18181 18183 1
18182 18233 1
18182 18273 1
18183 18184 1
18184 18190 1
18185 18186 1
18185 18190 1
18185 18234 1
18186 18187 1
18187 18189 1
18188 18219 1
18189 18223 1
18191 18192 1
18192 18193 1
18192 18194 1
18193 18196 1
18194 18198 1
18195 18233 1
18196 18197 1
18197 18199 1
18199 18201 1
18200 18273 1
18200 18359 1
18201 18203 1
18202 18204 1
18202 18206 1
18203 18204 1
18205 18216 1
18206 18207 1
18207 18208 1
18209 18210 1
18209 18213 1
18210 18211 1
18211 18215 1
18211 18217 1
18211 18350 1
18212 18218 1
18212 18569 1
18213 18315 1
18213 18317 1
18214 18215 1
18215 18217 1
18215 18350 1
18217 18218 1
18217 18350 1
18219 18220 1
18220 18221 1
18221 18222 1
18222 18224 1
18223 18225 1
18223 18228 1
18224 18226 1
18225 18343 1
18226 18227 1
18227 18229 1
18228 18230 1
18228 18232 1
18228 18341 1
18229 18231 1
18230 18371 1
18231 18232 1
18234 18238 1
18235 18245 1
18236 18239 1
18236 18247 1
18237 18245 1
18237 18247 1
18238 18251 1
18239 18240 1
18240 18241 1
18241 18242 1
18242 18243 1
18243 18263 1
18246 18248 1
18246 18303 1
18246 18353 1
18248 18250 1
18250 18252 1
18251 18254 1
18252 18253 1
18253 18255 1
18253 18256 1
18253 18303 1
18253 18353 1
18254 18268 1
18254 18269 1
18255 18257 1
18256 18269 1
18256 18303 1
18256 18353 1
18257 18261 1
18257 18346 1
18258 18259 1
18258 18268 1
18258 18269 1
18259 18260 1
18260 18346 1
18261 18345 1
18261 18347 1
18262 18263 1
18262 18264 1
18264 18265 1
18265 18266 1
18266 18268 1
18267 18268 1
18267 18270 1
18268 18269 1
18268 18327 1
18269 18279 1
18269 18327 1
18270 18272 1
18271 18272 1
18271 18325 1
18274 18275 1
18275 18276 1
18276 18277 1
18277 18278 1
18278 18286 1
18279 18289 1
18279 18326 1
18279 18327 1
18280 18281 1
18280 18286 1
18281 18282 1
18282 18283 1
18283 18285 1
18284 18287 1
18284 18288 1
18285 18287 1
18288 18332 1
18289 18332 1
18290 18303 1
18290 18341 1
18290 18343 1
18290 18344 1
18290 18354 1
18291 18292 1
18291 18293 1
18292 18300 1
18293 18294 1
18294 18295 1
18295 18314 1
18296 18297 1
18296 18314 1
18297 18298 1
18298 18301 1
18299 18302 1
18299 18327 1
18301 18302 1
18302 18304 1
18302 18307 1
18302 18327 1
18303 18311 1
18303 18353 1
18304 18305 1
18305 18306 1
18306 18308 1
18307 18308 1
18307 18309 1
18309 18310 1
18309 18315 1
18310 18312 1
18311 18313 1
18312 18352 1
18313 18316 1
18315 18317 1
18316 18323 1
18317 18318 1
18318 18319 1
18319 18320 1
18320 18321 1
18321 18322 1
18322 18324 1
18323 18333 1
18324 18330 1
18325 18326 1
18328 18329 1
18329 18330 1
18331 18334 1
18331 18340 1
18332 18337 1
18333 18339 1
18334 18335 1
18335 18336 1
18336 18337 1
18337 18338 1
18341 18342 1
18341 18343 1
18341 18344 1
18342 18343 1
18342 18344 1
18342 18355 1
18343 18344 1
18344 18368 1
18345 18348 1
18347 18556 1
18347 18559 1
18347 18621 1
18347 18627 1
18348 18349 1
18349 18350 1
18351 18352 1
18354 18355 1
18356 18357 1
18357 18358 1
18358 18360 1
18360 18361 1
18361 18362 1
18362 18363 1
18364 18365 1
18367 18368 1
18369 18370 1
18370 18371 1
18372 18399 1
18372 18409 1
18373 18456 1
18373 18674 1
18374 18461 1
18374 18462 1
18375 18377 1
18375 18457 1
18376 18399 1
18376 18412 1
18377 18456 1
18378 18460 1
18378 18470 1
18379 18458 1
18379 18470 1
18380 18391 1
18380 18426 1
18380 18470 1
18381 18383 1
18381 19582 1
18382 18384 1
18382 18391 1
18383 18385 1
18384 18387 1
18384 18408 1
18384 19042 1
18385 18386 1
18386 18387 1
18386 18388 1
18387 18389 1
18388 18389 1
18389 18390 1
18390 18407 1
18390 18408 1
18392 18404 1
18392 18452 1
18393 18394 1
18393 18404 1
18394 18395 1
18395 18396 1
18396 18403 1
18397 18398 1
18397 18403 1
18398 18400 1
18400 18405 1
18401 18405 1
18401 18406 1
18402 18406 1
18402 20314 1
18404 18452 1
18407 18408 1
18407 18427 1
18408 18410 1
18409 18413 1
18410 18411 1
18411 18414 1
18412 18430 1
18413 18429 1
18414 18415 1
18414 18416 1
18414 18443 1
18414 19042 1
18415 18443 1
18416 18443 1
18416 18448 1
18417 18428 1
18417 18431 1
18418 18419 1
18418 18428 1
18419 18420 1
18420 18421 1
18421 18422 1
18422 18432 1
18423 18424 1
18423 18432 1
18424 18425 1
18425 18463 1
18426 18433 1
18426 18462 1
18427 18465 1
18429 18431 1
18430 18437 1
18433 18462 1
18434 18435 1
18434 18964 1
18435 18436 1
18436 18438 1
18438 18453 1
18439 18442 1
18439 18467 1
18440 18441 1
18440 18966 1
18441 18469 1
18442 18469 1
18443 18466 1
18444 18447 1
18444 18965 1
18445 18446 1
18445 18454 1
18446 18449 1
18447 18450 1
18448 18455 1
18449 18450 1
18451 18452 1
18451 18454 1
18452 18455 1
18457 18458 1
18459 18460 1
18459 18461 1
18463 18464 1
18464 18465 1
18466 18468 1
18467 18468 1
18471 18475 1
18471 18511 1
18472 18544 1
18472 18551 1
18473 18481 1
18473 18482 1
18474 18499 1
18474 18539 1
18475 18542 1
18476 18539 1
18476 18545 1
18477 18526 1
18477 18771 1
18478 18480 1
18478 18508 1
18479 18511 1
18479 18517 1
18480 18535 1
18481 18554 1
18482 18548 1
18483 18484 1
18483 18538 1
18484 18485 1
18485 18486 1
18486 18487 1
18487 18490 1
18488 18517 1
18488 18523 1
18489 18497 1
18489 18520 1
18490 18500 1
18491 18492 1
18491 18498 1
18492 18493 1
18493 18494 1
18493 18498 1
18494 18496 1
18495 18502 1
18496 18497 1
18498 18499 1
18500 18504 1
18501 18507 1
18501 18521 1
18502 18523 1
18503 18504 1
18503 18505 1
18505 18506 1
18506 18540 1
18507 18510 1
18508 18541 1
18509 18511 1
18509 18517 1
18509 18541 1
18510 18512 1
18512 18519 1
18513 18514 1
18513 18519 1
18514 18515 1
18515 18516 1
18516 18520 1
18518 18522 1
18518 18525 1
18518 18726 1
18518 18727 1
18518 18728 1
18522 18524 1
18524 18526 1
18525 18527 1
18527 18528 1
18527 18727 1
18528 18529 1
18529 18530 1
18530 18531 1
18531 18532 1
18532 18533 1
18533 18534 1
18534 18536 1
18535 18548 1
18536 18537 1
18537 18538 1
18540 18542 1
18542 18543 1
18542 18544 1
18543 18547 1
18544 18547 1
18545 18546 1
18546 18549 1
18547 18550 1
18549 18552 1
18550 18553 1
18552 18553 1
18555 18611 1
18556 18559 1
18556 18621 1
18556 18627 1
18557 18569 1
18557 18585 1
18558 18589 1
18558 18590 1
18559 18617 1
18559 18621 1
18559 18627 1
18560 18604 1
18560 18607 1
18561 18562 1
18561 18567 1
18561 18622 1
18562 18564 1
18563 18603 1
18563 18607 1
18564 18565 1
18565 18566 1
18566 18625 1
18567 18589 1
18568 18578 1
18568 18598 1
18568 18622 1
18570 18573 1
18570 18628 1
18571 18574 1
18571 18575 1
18572 18575 1
18572 18623 1
18573 18574 1
18576 18578 1
18576 18627 1
18577 18592 1
18577 19375 1
18579 18587 1
18580 18584 1
18580 18587 1
18582 18583 1
18582 18584 1
18582 18586 1
18582 18596 1
18583 18591 1
18584 18586 1
18585 18598 1
18586 18588 1
18590 18591 1
18592 18593 1
18593 18630 1
18594 18600 1
18594 18601 1
18595 18597 1
18595 18599 1
18599 18600 1
18601 18629 1
18602 18603 1
18602 18608 1
18604 18605 1
18605 18606 1
18606 18610 1
18608 19446 1
18609 19280 1
18609 19369 1
18609 19388 1
18610 18665 1
18611 18617 1
18612 18616 1
18613 18614 1
18613 18616 1
18614 18615 1
18615 18618 1
18618 18619 1
18619 18624 1
18619 18626 1
18620 19280 1
18620 19369 1
18620 19388 1
18621 18627 1
18621 18628 1
18623 19263 1
18623 19280 1
18623 19369 1
18623 19388 1
18624 19263 1
18625 19259 1
18626 19281 1
18629 18630 1
18631 18829 1
18631 37789 1
18632 18827 1
18632 18830 1
18633 18636 1
18633 18842 1
18634 18638 1
18634 18650 1
18634 18844 1
18635 18637 1
18636 18841 1
18637 18846 1
18638 18683 1
18638 18844 1
18638 18847 1
18639 18654 1
18639 18659 1
18640 18672 1
18640 18813 1
18641 18812 1
18641 18843 1
18642 18653 1
18642 18662 1
18643 18653 1
18644 18652 1
18644 18683 1
18645 18684 1
18645 18845 1
18646 18774 1
18646 18775 1
18647 18684 1
18647 18685 1
18648 18649 1
18648 18685 1
18649 18657 1
18650 18846 1
18651 18658 1
18651 18686 1
18652 18681 1
18653 18666 1
18653 18761 1
18653 18787 1
18654 18843 1
18655 18821 1
18655 18836 1
18656 18674 1
18656 18758 1
18657 18658 1
18659 18660 1
18660 18776 1
18661 18754 1
18661 18809 1
18662 18770 1
18662 18814 1
18663 18664 1
18663 18786 1
18664 18667 1
18665 18668 1
18665 18758 1
18666 18801 1
18667 18669 1
18667 18786 1
18668 18764 1
18669 18670 1
18670 18671 1
18671 18749 1
18672 18830 1
18673 18675 1
18673 18729 1
18675 18676 1
18675 18683 1
18676 18677 1
18677 18678 1
18678 18679 1
18679 18680 1
18680 18681 1
18682 18756 1
18682 18762 1
18682 18767 1
18682 18768 1
18682 18769 1
18683 18844 1
18686 18688 1
18687 18689 1
18687 18721 1
18688 18690 1
18689 18693 1
18690 18696 1
18691 18737 1
18691 18782 1
18692 18693 1
18692 18694 1
18694 18695 1
18695 18697 1
18696 18699 1
18697 18707 1
18698 18699 1
18698 18700 1
18700 18701 1
18701 18703 1
18702 18703 1
18702 18709 1
18704 18706 1
18704 18708 1
18705 18714 1
18705 18780 1
18706 18709 1
18707 18708 1
18710 18711 1
18710 18719 1
18711 18712 1
18712 18720 1
18713 18715 1
18713 18720 1
18714 18779 1
18715 18716 1
18716 18717 1
18717 18718 1
18718 18722 1
18719 18721 1
18722 18723 1
18723 18725 1
18724 18731 1
18724 18778 1
18725 18726 1
18727 18728 1
18727 18732 1
18727 18743 1
18729 18732 1
18730 18734 1
18730 18749 1
18731 18779 1
18732 18733 1
18732 18734 1
18732 18738 1
18732 18743 1
18733 18751 1
18734 18735 1
18734 18748 1
18735 18738 1
18736 18746 1
18736 18752 1
18737 18769 1
18738 18748 1
18739 18747 1
18739 18755 1
18740 18741 1
18740 18750 1
18741 18742 1
18742 18743 1
18744 18748 1
18744 18756 1
18745 18780 1
18746 18751 1
18747 18752 1
18750 18757 1
18753 18808 1
18753 18813 1
18754 18821 1
18755 18757 1
18756 18766 1
18759 18760 1
18759 18764 1
18760 18763 1
18761 18814 1
18761 18823 1
18762 18768 1
18762 19310 1
18765 18822 1
18765 18825 1
18766 18767 1
18767 18768 1
18770 18781 1
18770 18792 1
18770 18814 1
18770 18823 1
18771 18772 1
18772 18773 1
18773 18775 1
18774 18777 1
18776 18831 1
18777 18778 1
18781 18786 1
18784 18804 1
18785 18788 1
18785 18790 1
18785 18838 1
18786 18823 1
18788 18790 1
18789 18795 1
18789 18804 1
18790 18791 1
18791 18793 1
18792 18810 1
18792 18823 1
18793 18794 1
18794 18797 1
18795 18796 1
18796 18798 1
18797 18799 1
18798 18801 1
18799 18802 1
18800 18810 1
18800 18828 1
18800 18831 1
18802 18803 1
18803 18840 1
18803 18841 1
18805 18811 1
18805 18828 1
18806 18808 1
18806 18836 1
18807 18811 1
18808 18812 1
18809 18814 1
18815 18816 1
18815 18817 1
18816 19293 1
18817 18818 1
18818 18825 1
18819 18820 1
18819 18826 1
18822 18824 1
18823 19509 1
18826 19297 1
18827 18829 1
18832 18834 1
18833 18835 1
18834 18835 1
18834 18837 1
18837 18838 1
18839 18840 1
18842 18847 1
18848 18880 1
18848 18990 1
18848 19185 1
18849 18863 1
18849 19251 1
18850 19245 1
18850 19249 1
18851 18856 1
18851 18857 1
18851 19105 1
18852 18856 1
18852 19078 1
18853 18862 1
18853 19120 1
18853 19136 1
18854 18855 1
18854 19084 1
18855 19114 1
18857 19112 1
18858 18859 1
18858 18950 1
18858 18954 1
18858 19136 1
18859 18860 1
18860 18864 1
18861 18862 1
18861 18865 1
18861 19113 1
18861 19141 1
18862 18865 1
18862 19110 1
18862 19117 1
18862 19137 1
18863 19186 1
18864 19153 1
18865 19136 1
18866 19186 1
18866 19191 1
18867 19137 1
18867 19147 1
18868 18870 1
18868 19117 1
18868 19120 1
18869 18897 1
18869 19150 1
18870 18871 1
18870 18873 1
18870 19117 1
18871 18872 1
18871 19142 1
18871 19146 1
18872 18935 1
18872 19086 1
18872 19142 1
18873 19086 1
18874 18890 1
18875 18876 1
18875 18890 1
18876 18877 1
18877 18879 1
18878 18887 1
18878 18941 1
18879 18882 1
18880 19015 1
18880 19185 1
18881 18887 1
18881 18978 1
18881 18983 1
18882 18888 1
18883 18885 1
18884 18888 1
18884 18988 1
18885 18886 1
18886 18889 1
18886 19192 1
18889 18980 1
18891 19016 1
18891 19055 1
18892 19048 1
18892 19049 1
18893 19191 1
18893 19240 1
18894 18897 1
18894 19167 1
18895 18900 1
18895 19056 1
18896 18898 1
18896 19059 1
18898 18899 1
18899 18947 1
18900 19058 1
18900 19066 1
18901 18970 1
18901 19250 1
18902 18903 1
18902 19176 1
18903 18904 1
18904 18906 1
18905 18914 1
18905 18974 1
18905 18976 1
18905 19252 1
18906 18911 1
18907 18908 1
18907 18911 1
18908 18909 1
18909 18910 1
18910 18919 1
18912 18913 1
18912 19175 1
18913 18915 1
18914 18922 1
18914 18967 1
18914 18970 1
18915 18916 1
18916 18920 1
18916 19146 1
18917 18918 1
18917 18920 1
18917 18921 1
18917 19182 1
18918 19178 1
18919 18921 1
18922 18973 1
18923 19070 1
18923 19205 1
18924 19099 1
18925 18929 1
18925 18932 1
18926 18928 1
18927 18932 1
18927 19030 1
18928 18931 1
18928 18936 1
18928 19226 1
18929 18934 1
18930 18967 1
18930 18971 1
18930 19252 1
18931 18934 1
18933 18936 1
18933 18937 1
18935 19027 1
18935 19086 1
18937 19086 1
18938 18968 1
18938 18972 1
18939 18942 1
18939 18999 1
18940 18945 1
18940 19017 1
18941 18971 1
18942 18943 1
18943 18944 1
18944 18946 1
18945 19020 1
18946 18989 1
18947 19021 1
18948 18950 1
18948 19137 1
18949 18952 1
18949 19130 1
18951 18972 1
18951 19006 1
18952 18953 1
18953 18955 1
18953 19140 1
18954 18955 1
18954 19140 1
18956 18959 1
18956 19050 1
18957 18959 1
18957 18960 1
18957 19048 1
18957 19050 1
18958 19053 1
18958 19064 1
18959 18961 1
18959 18962 1
18960 19219 1
18961 18963 1
18962 19204 1
18963 19216 1
18964 19023 1
18965 19035 1
18966 19028 1
18968 18973 1
18969 18987 1
18969 19214 1
18974 18975 1
18974 18976 1
18975 19255 1
18977 18978 1
18978 18984 1
18979 18995 1
18979 19193 1
18980 18982 1
18981 19001 1
18981 19015 1
18982 18983 1
18983 18984 1
18983 18988 1
18983 18991 1
18984 18985 1
18984 18991 1
18985 18994 1
18986 18992 1
18986 18995 1
18987 18996 1
18989 18994 1
18990 19031 1
18990 19185 1
18991 19020 1
18991 19026 1
18992 18993 1
18993 19222 1
18996 19012 1
18997 18998 1
18997 19006 1
18998 19004 1
18999 19013 1
19000 19002 1
19000 19008 1
19001 19239 1
19002 19003 1
19003 19007 1
19004 19005 1
19005 19008 1
19007 19209 1
19008 19020 1
19008 19048 1
19008 19209 1
19008 19218 1
19009 19013 1
19009 19018 1
19009 19210 1
19010 19018 1
19010 19049 1
19011 19017 1
19011 19019 1
19012 19238 1
19014 19016 1
19014 19019 1
19020 19026 1
19020 19211 1
19021 19022 1
19022 19024 1
19023 19031 1
19024 19025 1
19024 19029 1
19025 19033 1
19027 19029 1
19028 19098 1
19029 19030 1
19032 19033 1
19032 19225 1
19034 19036 1
19034 19196 1
19035 19042 1
19036 19038 1
19037 19039 1
19038 19040 1
19038 19045 1
19039 19045 1
19040 19041 1
19041 19043 1
19042 19046 1
19042 19243 1
19042 19247 1
19042 19252 1
19043 19044 1
19044 19155 1
19046 19060 1
19046 19126 1
19046 19159 1
19046 19243 1
19046 19247 1
19046 19252 1
19047 19049 1
19047 19217 1
19048 19050 1
19049 19051 1
19050 19051 1
19050 19053 1
19051 19052 1
19051 19053 1
19052 19054 1
19053 19054 1
19053 19056 1
19055 19057 1
19056 19057 1
19056 19061 1
19058 19072 1
19059 19063 1
19059 19068 1
19060 19067 1
19060 19126 1
19061 19064 1
19062 19065 1
19062 19066 1
19063 19069 1
19064 19200 1
19064 19203 1
19065 19200 1
19067 19071 1
19069 19202 1
19070 19080 1
19070 19081 1
19071 19076 1
19072 19073 1
19072 19083 1
19072 19136 1
19074 19077 1
19074 19085 1
19075 19077 1
19075 19078 1
19076 19082 1
19077 19079 1
19079 19084 1
19080 19083 1
19080 19202 1
19081 19085 1
19082 19092 1
19082 19094 1
19087 19088 1
19087 19090 1
19087 19096 1
19087 19135 1
19088 19204 1
19089 19091 1
19089 19204 1
19090 19093 1
19091 19093 1
19091 19205 1
19092 19094 1
19093 19125 1
19093 19132 1
19093 19133 1
19093 19134 1
19093 19200 1
19094 19101 1
19095 19131 1
19095 19139 1
19097 19099 1
19097 19106 1
19097 19125 1
19097 19137 1
19097 19140 1
19098 19214 1
19099 19100 1
19099 19106 1
19099 19137 1
19100 19108 1
19101 19104 1
19102 19106 1
19102 19137 1
19103 19106 1
19103 19109 1
19104 19111 1
19105 19107 1
19105 19136 1
19107 19108 1
19109 19136 1
19110 19115 1
19111 19248 1
19112 19116 1
19113 19154 1
19114 19116 1
19115 19117 1
19116 19120 1
19117 19118 1
19117 19146 1
19118 19144 1
19119 19121 1
19120 19122 1
19121 19124 1
19123 19207 1
19123 19215 1
19124 19144 1
19126 19150 1
19126 19159 1
19126 19243 1
19126 19247 1
19126 19252 1
19127 19129 1
19127 19134 1
19128 19132 1
19128 19140 1
19129 19130 1
19130 19140 1
19131 19201 1
19133 19135 1
19136 19138 1
19137 19138 1
19137 19140 1
19139 19207 1
19141 19145 1
19142 19146 1
19143 19197 1
19143 19201 1
19144 19154 1
19145 19153 1
19146 19168 1
19147 19149 1
19148 19151 1
19148 19153 1
19149 19152 1
19152 19174 1
19155 19160 1
19156 19157 1
19156 19165 1
19157 19161 1
19158 19162 1
19158 19166 1
19159 19197 1
19159 19243 1
19159 19247 1
19159 19252 1
19160 19161 1
19162 19164 1
19163 19167 1
19163 19179 1
19165 19166 1
19168 19169 1
19169 19172 1
19169 19175 1
19170 19173 1
19170 19174 1
19171 19173 1
19171 19177 1
19172 19175 1
19176 19177 1
19178 19181 1
19179 19251 1
19180 19181 1
19180 19182 1
19182 19184 1
19182 19228 1
19183 19187 1
19183 19188 1
19184 19187 1
19188 19229 1
19189 19193 1
19189 19235 1
19190 19193 1
19190 19198 1
19192 19193 1
19194 19195 1
19194 19196 1
19195 20643 1
19198 19199 1
19200 19206 1
19200 19208 1
19203 19204 1
19204 19208 1
19205 19206 1
19210 19211 1
19211 19213 1
19212 19218 1
19212 19219 1
19213 19216 1
19215 19253 1
19220 19224 1
19220 19225 1
19221 19222 1
19222 19224 1
19222 19226 1
19223 19227 1
19223 19253 1
19227 19235 1
19228 19236 1
19228 20353 1
19228 20361 1
19229 19231 1
19230 19236 1
19230 19237 1
19231 19236 1
19232 19234 1
19232 19237 1
19233 19234 1
19233 20351 1
19238 19241 1
19239 19243 1
19241 19242 1
19242 19254 1
19243 19247 1
19243 19252 1
19244 19245 1
19244 19247 1
19244 19252 1
19244 19254 1
19246 19247 1
19246 19250 1
19247 19250 1
19247 19252 1
19248 19249 1
19249 19255 1
19256 19269 1
19256 19274 1
19257 19270 1
19257 19449 1
19258 19306 1
19258 19367 1
19259 19263 1
19259 19375 1
19260 19318 1
19261 19383 1
19261 19421 1
19262 19283 1
19262 19568 1
19264 19271 1
19264 19571 1
19265 19266 1
19265 19573 1
19266 19268 1
19267 19270 1
19267 19571 1
19268 19269 1
19270 19271 1
19270 19345 1
19272 19530 1
19272 19578 1
19273 19304 1
19273 19340 1
19273 19345 1
19274 19397 1
19275 19326 1
19275 19449 1
19276 19279 1
19276 19546 1
19277 19461 1
19278 19374 1
19278 19377 1
19279 19423 1
19280 19335 1
19280 19369 1
19280 19388 1
19281 19367 1
19282 19469 1
19283 19329 1
19284 19360 1
19284 19369 1
19285 19508 1
19285 19562 1
19286 19303 1
19286 19567 1
19287 19300 1
19287 19580 1
19288 19290 1
19288 19300 1
19289 19303 1
19289 19309 1
19290 19291 1
19290 19309 1
19291 19301 1
19292 19294 1
19292 19301 1
19293 19298 1
19294 19298 1
19295 19298 1
19295 19305 1
19296 19302 1
19296 19311 1
19297 19302 1
19299 19332 1
19299 19372 1
19299 19449 1
19304 19306 1
19305 19311 1
19306 19312 1
19306 19314 1
19307 19565 1
19308 19509 1
19308 19540 1
19310 19540 1
19312 19324 1
19313 19316 1
19313 19474 1
19314 19402 1
19315 19397 1
19315 19546 1
19316 19319 1
19317 19321 1
19317 19325 1
19318 19319 1
19319 19320 1
19320 19322 1
19320 19323 1
19321 19579 1
19322 19402 1
19323 19389 1
19324 19325 1
19326 19327 1
19327 19328 1
19328 19330 1
19329 19367 1
19330 19331 1
19331 19381 1
19332 19364 1
19333 19337 1
19333 19402 1
19333 19408 1
19334 19336 1
19334 19435 1
19335 19344 1
19335 19388 1
19335 19496 1
19336 19338 1
19337 19346 1
19338 19339 1
19339 19346 1
19340 19449 1
19341 19343 1
19341 19346 1
19342 19343 1
19342 19381 1
19343 19344 1
19343 19368 1
19344 19368 1
19344 19400 1
19347 19437 1
19347 19438 1
19348 19349 1
19348 19491 1
19349 19469 1
19350 19354 1
19350 19436 1
19351 19352 1
19351 19558 1
19352 19442 1
19352 19444 1
19352 19529 1
19353 19445 1
19354 19395 1
19355 19443 1
19355 19445 1
19356 19357 1
19356 19359 1
19356 19415 1
19356 19417 1
19356 19422 1
19357 19360 1
19357 19369 1
19357 19403 1
19357 19405 1
19357 19468 1
19358 19360 1
19358 19366 1
19358 19374 1
19359 19366 1
19359 19382 1
19360 19425 1
19361 19363 1
19361 19365 1
19362 19370 1
19362 19412 1
19363 19364 1
19364 19371 1
19364 19374 1
19365 19419 1
19365 19519 1
19366 19368 1
19366 19369 1
19366 19425 1
19367 19474 1
19368 19369 1
19368 19400 1
19369 19388 1
19369 19399 1
19369 19400 1
19369 19405 1
19369 19407 1
19370 19420 1
19371 19373 1
19372 19374 1
19372 19416 1
19373 19376 1
19375 19379 1
19376 19377 1
19377 19378 1
19377 19380 1
19378 19382 1
19379 19383 1
19380 19381 1
19381 19382 1
19384 19387 1
19384 19406 1
19384 19427 1
19385 19396 1
19385 19399 1
19385 19401 1
19386 19387 1
19386 19396 1
19387 19427 1
19387 19440 1
19388 19486 1
19389 19398 1
19389 19402 1
19389 19421 1
19389 19579 1
19390 19391 1
19390 19396 1
19391 19551 1
19392 19395 1
19392 19494 1
19393 19394 1
19393 19505 1
19394 19496 1
19396 19426 1
19398 19408 1
19399 19401 1
19400 19401 1
19401 19520 1
19402 19408 1
19402 19435 1
19403 19404 1
19403 19406 1
19403 19428 1
19403 19464 1
19403 19466 1
19403 19467 1
19403 19468 1
19405 19407 1
19406 19407 1
19406 19426 1
19406 19541 1
19406 19543 1
19409 19410 1
19409 19420 1
19410 19411 1
19411 19413 1
19412 19414 1
19413 19415 1
19414 19423 1
19416 19417 1
19418 19470 1
19418 19473 1
19419 19422 1
19424 19530 1
19427 19440 1
19427 19543 1
19427 19544 1
19428 19464 1
19428 19466 1
19429 19544 1
19429 19548 1
19430 19431 1
19430 19466 1
19430 19499 1
19430 19502 1
19430 19541 1
19431 19433 1
19431 19464 1
19431 19472 1
19432 19480 1
19432 19545 1
19433 19513 1
19434 19478 1
19434 19479 1
19434 19552 1
19437 19450 1
19438 19439 1
19439 19489 1
19440 19494 1
19441 19444 1
19441 19447 1
19441 19483 1
19441 19529 1
19442 19443 1
19444 19447 1
19444 19455 1
19444 19483 1
19446 19457 1
19447 19452 1
19447 19483 1
19447 19529 1
19448 19454 1
19448 19498 1
19449 19519 1
19450 19558 1
19451 19458 1
19451 19561 1
19452 19453 1
19453 19454 1
19454 19561 1
19455 19459 1
19455 19462 1
19456 19457 1
19456 19460 1
19458 19560 1
19459 19460 1
19461 19463 1
19463 19465 1
19464 19471 1
19465 19475 1
19466 19467 1
19466 19544 1
19467 19543 1
19468 19470 1
19471 19472 1
19472 19473 1
19472 19501 1
19475 19529 1
19476 19501 1
19476 19535 1
19477 19495 1
19477 19514 1
19478 19483 1
19478 19497 1
19478 19557 1
19479 19484 1
19480 19481 1
19481 19488 1
19482 19485 1
19482 19495 1
19483 19485 1
19483 19529 1
19484 19497 1
19486 19496 1
19487 19498 1
19487 19502 1
19488 19493 1
19489 19492 1
19489 19549 1
19489 19550 1
19490 19497 1
19490 19498 1
19491 19496 1
19492 19559 1
19493 19498 1
19494 19550 1
19496 19500 1
19499 19503 1
19499 19525 1
19500 19529 1
19502 19504 1
19502 19510 1
19503 19524 1
19504 19525 1
19505 19511 1
19506 19512 1
19506 19562 1
19507 19509 1
19507 19516 1
19507 19557 1
19508 19564 1
19509 19557 1
19510 19545 1
19511 19515 1
19512 19514 1
19513 19522 1
19514 19521 1
19515 19520 1
19516 19517 1
19517 19563 1
19518 19536 1
19518 19539 1
19521 19556 1
19522 19524 1
19523 19527 1
19523 19547 1
19524 19525 1
19524 19526 1
19524 19528 1
19525 19528 1
19525 19541 1
19526 19539 1
19527 19551 1
19528 19552 1
19528 19553 1
19528 19554 1
19528 19557 1
19529 19542 1
19531 19532 1
19531 19538 1
19531 19557 1
19531 19578 1
19531 19580 1
19532 19533 1
19533 19534 1
19534 19537 1
19535 19537 1
19536 19538 1
19538 19554 1
19541 19544 1
19542 19547 1
19543 19544 1
19544 19545 1
19548 19549 1
19552 19557 1
19553 19555 1
19555 19556 1
19559 19560 1
19564 19565 1
19566 19567 1
19568 19569 1
19569 19570 1
19570 19571 1
19571 19572 1
19573 19577 1
19574 19575 1
19574 19576 1
19575 19577 1
19576 19581 1
19578 19580 1
19582 19583 1
19583 19592 1
19584 19586 1
19585 19587 1
19585 19600 1
19587 19589 1
19588 19600 1
19589 19591 1
19590 19592 1
19590 19599 1
19591 19593 1
19593 19594 1
19593 19598 1
19594 19598 1
19595 19596 1
19595 19597 1
19597 19598 1
19601 19602 1
19602 19695 1
19603 19650 1
19603 19672 1
19603 19707 1
19604 19687 1
19604 19719 1
19605 19684 1
19605 19708 1
19606 19615 1
19606 19680 1
19607 19615 1
19607 19712 1
19608 19609 1
19608 19623 1
19609 19610 1
19610 19611 1
19611 19613 1
19612 19616 1
19612 19635 1
19613 19614 1
19614 19719 1
19616 19659 1
19617 19618 1
19617 19667 1
19617 32490 1
19618 19619 1
19619 19621 1
19620 19642 1
19620 19690 1
19621 19622 1
19622 19668 1
19623 19624 1
19624 19625 1
19625 19626 1
19626 19627 1
19627 19628 1
19627 19634 1
19628 19629 1
19629 19630 1
19630 19631 1
19631 19682 1
19632 19633 1
19632 19634 1
19633 19637 1
19635 19642 1
19636 19637 1
19636 19657 1
19638 19639 1
19638 19651 1
19639 19640 1
19639 19653 1
19640 19641 1
19641 19652 1
19643 19644 1
19643 19652 1
19644 19645 1
19645 19646 1
19646 19647 1
19647 19648 1
19648 19649 1
19649 19661 1
19650 19692 1
19651 19676 1
19653 19671 1
19654 19655 1
19654 19660 1
19655 19658 1
19656 19657 1
19656 19660 1
19658 41583 1
19659 19692 1
19661 19662 1
19662 19663 1
19663 19664 1
19664 19665 1
19665 19666 1
19666 19667 1
19666 43636 1
19668 19669 1
19669 19683 1
19670 19671 1
19670 19683 1
19673 19674 1
19674 19675 1
19675 19677 1
19676 19678 1
19677 19679 1
19678 19681 1
19679 19680 1
19681 19682 1
19684 19686 1
19684 19689 1
19685 19686 1
19685 19720 1
19686 19688 1
19686 19689 1
19687 19688 1
19687 32356 1
19688 19720 1
19689 19691 1
19692 19693 1
19693 19694 1
19694 19696 1
19695 19707 1
19696 19697 1
19697 19698 1
19698 19699 1
19699 19700 1
19700 19701 1
19701 19704 1
19702 19703 1
19702 19710 1
19703 19705 1
19704 19708 1
19705 19709 1
19706 19710 1
19706 19718 1
19709 19717 1
19711 19712 1
19712 19713 1
19713 19714 1
19713 19715 1
19714 19715 1
19715 19716 1
19716 19717 1
19718 19720 1
19721 19729 1
19721 19737 1
19722 19727 1
19722 19742 1
19722 19750 1
19722 40522 1
19723 19750 1
19723 19751 1
19724 19725 1
19724 19739 1
19725 19733 1
19726 19738 1
19726 19747 1
19726 19748 1
19727 19735 1
19727 19736 1
19727 19744 1
19728 19736 1
19728 19747 1
19729 19730 1
19730 19731 1
19731 19770 1
19732 19734 1
19732 19747 1
19732 19748 1
19733 19734 1
19735 19738 1
19736 19744 1
19737 19751 1
19738 19747 1
19738 19748 1
19739 19848 1
19740 19741 1
19740 19766 1
19741 19743 1
19741 19745 1
19742 19752 1
19743 19744 1
19743 19745 1
19745 19768 1
19746 19749 1
19746 19845 1
19747 19748 1
19748 19749 1
19748 19926 1
19752 19848 1
19753 19759 1
19754 19755 1
19754 19760 1
19754 48012 1
19755 19756 1
19755 19764 1
19756 19757 1
19757 19758 1
19758 19759 1
19761 19773 1
19761 19774 1
19761 19930 1
19762 19765 1
19762 19775 1
19763 19766 1
19763 19774 1
19763 19924 1
19764 19765 1
19764 19767 1
19765 19767 1
19767 19771 1
19768 19769 1
19768 19770 1
19769 19770 1
19769 19772 1
19769 40599 1
19770 40599 1
19771 19772 1
19773 19774 1
19773 19775 1
19776 19827 1
19777 19782 1
19777 19810 1
19778 19779 1
19778 19921 1
19779 19780 1
19780 19913 1
19781 19891 1
19781 19915 1
19782 19783 1
19783 19860 1
19783 20005 1
19784 19786 1
19784 19874 1
19785 19899 1
19785 19903 1
19786 19940 1
19787 19788 1
19787 19790 1
19788 19856 1
19789 19796 1
19789 19918 1
19790 19791 1
19791 19792 1
19792 19793 1
19793 19795 1
19794 19799 1
19794 19916 1
19795 19801 1
19796 19798 1
19797 19827 1
19797 19869 1
19798 19800 1
19799 19875 1
19799 19876 1
19799 19878 1
19800 19876 1
19801 19875 1
19802 19803 1
19802 19812 1
19802 19884 1
19802 19886 1
19802 19888 1
19803 19804 1
19804 19805 1
19805 19806 1
19806 19807 1
19807 19808 1
19807 19824 1
19808 19809 1
19809 19811 1
19810 19908 1
19811 19812 1
19812 19814 1
19813 19815 1
19813 19816 1
19813 19821 1
19813 19886 1
19814 19821 1
19815 19887 1
19816 19818 1
19817 19861 1
19817 19908 1
19818 19819 1
19819 19820 1
19820 19854 1
19822 19823 1
19822 19825 1
19823 19862 1
19824 19825 1
19824 19826 1
19826 19828 1
19828 19829 1
19830 19831 1
19830 19859 1
19831 19862 1
19832 19833 1
19832 19834 1
19833 19837 1
19834 19835 1
19835 19836 1
19837 19846 1
19838 19839 1
19839 19867 1
19840 19841 1
19840 19943 1
19841 19842 1
19841 19856 1
19842 19843 1
19842 19845 1
19842 19850 1
19842 19851 1
19843 19846 1
19843 19850 1
19843 19851 1
19844 19853 1
19844 19902 1
19847 19849 1
19847 19852 1
19848 19849 1
19849 41622 1
19850 19852 1
19851 41616 1
19853 19861 1
19854 19855 1
19854 19856 1
19855 19858 1
19855 19859 1
19856 19857 1
19856 19862 1
19856 19882 1
19856 19889 1
19857 19858 1
19857 19862 1
19858 19859 1
19860 19872 1
19862 19866 1
19863 19864 1
19863 19866 1
19863 19868 1
19863 19874 1
19864 19865 1
19865 19867 1
19866 19868 1
19866 19874 1
19868 19871 1
19868 19874 1
19869 19899 1
19870 19873 1
19870 19877 1
19871 19872 1
19873 19885 1
19875 19878 1
19876 19878 1
19876 19894 1
19876 19895 1
19876 19896 1
19877 19920 1
19878 19879 1
19878 19881 1
19879 19880 1
19880 19890 1
19881 19884 1
19881 19886 1
19882 19889 1
19882 19890 1
19883 19884 1
19883 19886 1
19883 19889 1
19884 19888 1
19884 19896 1
19886 19888 1
19887 19889 1
19888 19898 1
19891 19892 1
19892 19894 1
19893 19897 1
19893 19902 1
19894 19895 1
19895 19896 1
19896 19898 1
19897 19900 1
19900 19901 1
19901 19904 1
19903 19908 1
19904 19905 1
19905 19906 1
19906 19907 1
19907 19912 1
19908 19935 1
19909 19911 1
19909 19917 1
19910 19913 1
19910 19917 1
19911 19919 1
19912 19914 1
19912 19916 1
19912 19919 1
19913 19915 1
19914 19916 1
19914 19918 1
19920 19921 1
19922 19925 1
19922 19993 1
19923 19924 1
19923 19927 1
19924 19926 1
19924 19928 1
19925 19927 1
19925 19947 1
19928 19987 1
19928 19988 1
19929 19930 1
19929 19938 1
19931 19932 1
19931 19934 1
19931 20002 1
19932 19934 1
19932 19935 1
19933 19934 1
19936 19937 1
19937 20000 1
19938 19996 1
19939 19944 1
19939 20008 1
19940 19941 1
19940 19945 1
19941 19942 1
19942 19943 1
19944 19945 1
19946 19962 1
19946 19963 1
19947 19989 1
19948 19949 1
19948 19951 1
19948 19963 1
19948 19983 1
19948 19987 1
19950 19958 1
19950 19986 1
19951 19952 1
19951 19953 1
19952 19954 1
19953 19955 1
19954 19956 1
19955 19957 1
19956 19960 1
19957 19959 1
19959 19972 1
19961 19976 1
19961 19980 1
19961 20000 1
19962 19975 1
19962 20002 1
19962 20003 1
19963 19987 1
19964 19967 1
19964 19992 1
19965 19966 1
19966 19974 1
19967 19973 1
19968 19969 1
19968 19974 1
19969 19970 1
19970 19971 1
19971 19972 1
19973 19976 1
19976 19980 1
19977 19978 1
19977 19979 1
19978 19986 1
19979 19980 1
19980 19981 1
19981 19982 1
19982 19984 1
19983 19984 1
19985 19988 1
19985 19989 1
19987 19988 1
19990 19991 1
19991 19992 1
19993 19994 1
19994 19998 1
19995 19997 1
19995 20000 1
19996 19997 1
19998 20001 1
19999 20000 1
19999 20001 1
20003 20009 1
20004 20005 1
20004 20006 1
20004 20011 1
20005 20006 1
20006 20007 1
20007 20008 1
20009 20010 1
20010 20011 1
20012 20323 1
20013 20100 1
20013 20323 1
20014 20017 1
20014 20328 1
20015 20016 1
20015 20329 1
20016 20082 1
20017 20070 1
20018 20020 1
20018 20328 1
20019 20041 1
20019 20101 1
20019 20156 1
20019 20294 1
20020 20327 1
20021 20085 1
20021 20685 1
20022 20035 1
20022 20112 1
20023 20024 1
20023 20329 1
20024 20025 1
20026 20028 1
20027 20029 1
20027 20032 1
20028 20036 1
20028 20037 1
20029 20030 1
20029 20035 1
20030 20031 1
20030 20035 1
20031 20037 1
20031 20044 1
20031 20048 1
20032 20172 1
20033 20053 1
20033 20156 1
20034 20036 1
20038 20040 1
20038 20270 1
20039 20043 1
20039 20281 1
20040 20042 1
20041 20047 1
20042 20044 1
20043 20045 1
20045 20046 1
20046 20052 1
20047 20063 1
20048 20050 1
20049 20050 1
20049 20056 1
20051 20054 1
20051 20056 1
20052 20055 1
20052 20121 1
20052 20131 1
20053 20074 1
20054 20055 1
20057 20059 1
20057 20067 1
20058 20060 1
20058 20117 1
20058 20126 1
20059 20068 1
20059 20126 1
20060 20064 1
20061 20062 1
20061 20068 1
20062 20065 1
20063 20324 1
20064 20066 1
20064 20318 1
20066 20318 1
20066 20320 1
20067 20328 1
20069 20087 1
20069 20324 1
20070 20071 1
20071 20073 1
20071 20081 1
20072 20073 1
20072 20078 1
20073 20081 1
20073 20199 1
20074 20092 1
20075 20077 1
20075 20080 1
20076 20079 1
20076 20082 1
20077 20079 1
20078 20080 1
20078 20083 1
20078 20195 1
20078 20199 1
20080 20195 1
20080 20199 1
20081 20195 1
20081 20196 1
20084 20085 1
20084 20123 1
20084 20133 1
20084 21928 1
20086 20089 1
20086 20105 1
20087 20309 1
20088 20091 1
20088 20104 1
20089 20093 1
20090 20094 1
20090 20104 1
20091 20096 1
20092 20106 1
20093 20095 1
20094 20095 1
20096 20097 1
20097 20098 1
20098 20099 1
20099 20102 1
20100 20294 1
20101 20117 1
20102 20103 1
20103 20201 1
20105 20181 1
20106 20109 1
20107 20110 1
20107 20120 1
20108 20113 1
20108 20203 1
20108 20204 1
20109 20126 1
20110 20111 1
20110 20204 1
20111 20115 1
20111 20171 1
20111 20191 1
20111 20193 1
20111 21790 1
20111 21858 1
20111 21940 1
20111 21944 1
20112 20116 1
20113 20119 1
20114 20115 1
20114 20116 1
20118 20225 1
20119 20215 1
20120 20204 1
20121 20133 1
20121 20193 1
20122 20124 1
20122 20131 1
20123 20702 1
20124 20132 1
20125 20127 1
20125 20132 1
20127 20190 1
20127 20191 1
20127 20193 1
20127 21790 1
20127 21858 1
20127 21940 1
20127 21944 1
20128 20129 1
20128 20130 1
20129 20189 1
20130 20179 1
20134 20136 1
20134 20147 1
20135 20146 1
20135 20148 1
20136 20150 1
20137 20141 1
20137 20142 1
20137 20149 1
20138 20139 1
20138 20150 1
20139 20221 1
20140 20141 1
20140 20146 1
20141 20142 1
20142 20143 1
20143 20169 1
20144 20145 1
20144 20224 1
20145 20151 1
20147 20148 1
20149 20238 1
20149 20253 1
20151 20152 1
20152 20155 1
20153 20154 1
20153 20240 1
20154 20158 1
20154 20169 1
20155 20157 1
20157 20160 1
20158 20159 1
20159 20161 1
20160 20161 1
20161 20162 1
20162 20164 1
20163 20168 1
20163 20222 1
20164 20165 1
20165 20167 1
20166 20167 1
20166 20249 1
20167 20170 1
20168 20171 1
20170 20230 1
20171 20172 1
20172 20173 1
20172 20177 1
20172 21790 1
20172 21858 1
20172 21940 1
20172 21944 1
20173 20174 1
20174 20180 1
20175 20176 1
20175 20237 1
20176 20302 1
20177 20178 1
20177 21790 1
20177 21858 1
20177 21940 1
20177 21944 1
20178 20179 1
20180 20302 1
20181 20182 1
20182 20187 1
20183 20184 1
20183 20187 1
20183 20330 1
20183 20604 1
20184 20185 1
20185 20186 1
20186 20252 1
20188 20191 1
20188 20228 1
20189 20190 1
20190 20193 1
20191 20192 1
20191 20193 1
20193 20194 1
20193 21790 1
20193 21858 1
20193 21940 1
20193 21944 1
20194 20205 1
20195 20196 1
20195 20199 1
20196 20197 1
20197 20198 1
20198 20201 1
20199 20200 1
20199 20203 1
20200 20202 1
20202 20204 1
20203 20204 1
20205 20206 1
20206 20207 1
20207 20208 1
20208 20209 1
20209 20210 1
20210 20211 1
20211 20212 1
20212 20213 1
20213 20214 1
20214 21944 1
20215 20216 1
20215 20217 1
20216 20218 1
20217 20221 1
20218 20219 1
20218 20220 1
20218 20225 1
20219 20224 1
20220 20222 1
20223 20236 1
20223 20663 1
20226 20228 1
20226 20308 1
20227 20267 1
20227 21839 1
20229 20231 1
20229 20251 1
20230 20232 1
20231 20233 1
20232 20233 1
20233 20235 1
20234 20254 1
20234 20300 1
20235 20300 1
20236 20250 1
20236 20281 1
20236 20663 1
20237 20301 1
20238 20241 1
20239 20252 1
20239 20253 1
20240 20242 1
20242 20243 1
20243 20244 1
20244 20271 1
20245 20246 1
20245 20251 1
20246 20247 1
20247 20271 1
20248 20269 1
20248 20271 1
20250 20265 1
20254 20261 1
20255 20257 1
20255 20300 1
20255 20301 1
20255 20303 1
20256 20260 1
20256 20300 1
20256 20301 1
20256 20303 1
20257 20264 1
20258 20259 1
20258 20262 1
20259 20267 1
20260 20268 1
20261 20263 1
20262 20264 1
20262 20280 1
20263 20277 1
20265 20266 1
20266 20270 1
20268 20279 1
20269 20272 1
20271 20273 1
20271 20274 1
20271 20395 1
20272 20278 1
20273 20274 1
20273 20475 1
20274 20275 1
20274 20395 1
20275 20276 1
20276 20297 1
20277 20278 1
20279 20282 1
20280 20283 1
20282 20295 1
20283 20284 1
20284 20293 1
20285 20286 1
20285 20295 1
20286 20287 1
20287 20289 1
20288 20291 1
20288 20293 1
20289 20290 1
20290 20292 1
20290 20296 1
20291 20299 1
20292 21369 1
20296 20298 1
20297 20298 1
20299 21178 1
20300 20303 1
20301 20303 1
20303 20304 1
20304 20305 1
20305 20306 1
20306 20307 1
20307 20308 1
20309 20310 1
20311 20312 1
20311 20319 1
20312 20313 1
20313 20315 1
20314 20315 1
20316 20317 1
20316 20319 1
20317 20318 1
20320 20321 1
20321 20322 1
20322 20638 1
20325 20326 1
20326 20327 1
20330 20376 1
20331 20455 1
20331 20648 1
20332 20333 1
20332 20633 1
20333 20334 1
20334 20335 1
20335 20336 1
20336 20337 1
20337 20338 1
20338 20340 1
20339 20344 1
20340 20341 1
20341 20342 1
20342 20343 1
20343 20372 1
20344 20450 1
20345 20346 1
20346 20347 1
20346 20353 1
20347 20352 1
20347 20353 1
20348 20350 1
20348 20352 1
20349 20414 1
20349 20428 1
20349 20642 1
20350 20351 1
20353 20359 1
20353 20361 1
20354 20355 1
20354 20619 1
20355 20356 1
20356 20360 1
20357 20369 1
20357 20428 1
20358 20359 1
20358 20360 1
20359 20361 1
20361 20362 1
20362 20363 1
20362 20368 1
20363 20364 1
20364 20365 1
20365 20366 1
20366 20367 1
20367 20596 1
20368 20385 1
20369 20381 1
20370 20373 1
20370 20582 1
20371 20375 1
20371 20399 1
20372 20374 1
20373 20377 1
20374 20382 1
20375 20379 1
20376 20454 1
20377 20378 1
20378 20380 1
20379 20384 1
20380 20383 1
20381 20390 1
20382 20427 1
20383 20581 1
20384 20429 1
20385 20386 1
20386 20387 1
20386 20388 1
20386 20389 1
20387 20388 1
20387 20389 1
20388 20389 1
20388 20582 1
20389 20391 1
20390 20399 1
20391 20525 1
20392 20393 1
20392 20600 1
20394 20395 1
20394 20468 1
20396 20400 1
20396 20421 1
20397 20418 1
20397 20424 1
20398 20400 1
20398 20425 1
20400 20401 1
20400 20432 1
20400 20433 1
20401 20402 1
20402 20403 1
20403 20431 1
20404 20409 1
20404 20410 1
20405 20409 1
20405 20430 1
20406 20410 1
20406 20454 1
20407 20408 1
20407 20434 1
20408 20432 1
20411 20412 1
20411 20441 1
20412 20413 1
20413 20585 1
20414 20450 1
20414 20642 1
20415 20419 1
20416 20460 1
20417 20418 1
20417 20426 1
20419 20421 1
20419 20456 1
20419 20457 1
20419 20464 1
20420 20422 1
20420 20463 1
20421 20422 1
20421 20423 1
20421 20429 1
20421 20457 1
20423 20452 1
20424 20425 1
20427 20429 1
20430 20431 1
20430 20443 1
20432 20442 1
20433 20435 1
20434 20440 1
20435 20529 1
20436 20439 1
20436 20440 1
20437 20438 1
20437 20439 1
20438 20532 1
20440 20441 1
20440 20531 1
20440 20537 1
20442 20443 1
20444 20447 1
20444 20479 1
20445 20446 1
20445 20447 1
20446 20448 1
20447 20451 1
20448 20449 1
20449 20542 1
20451 20593 1
20452 20530 1
20453 20456 1
20453 20457 1
20453 20529 1
20453 20532 1
20455 20516 1
20456 20457 1
20456 20529 1
20457 20459 1
20457 20462 1
20457 20537 1
20457 20577 1
20457 20580 1
20458 20461 1
20458 20465 1
20459 20537 1
20460 20463 1
20461 20516 1
20462 20534 1
20464 20578 1
20465 20476 1
20466 20467 1
20467 20534 1
20468 20470 1
20469 20470 1
20469 20472 1
20470 20471 1
20470 20475 1
20471 20473 1
20472 20492 1
20473 20474 1
20474 20491 1
20476 20478 1
20477 20479 1
20477 20487 1
20477 20489 1
20478 20519 1
20480 20481 1
20480 20487 1
20481 20482 1
20482 20483 1
20483 20488 1
20484 20519 1
20484 20527 1
20485 20488 1
20486 20490 1
20486 20513 1
20487 20489 1
20489 20584 1
20490 20494 1
20491 20495 1
20492 20496 1
20493 20590 1
20493 20604 1
20494 20507 1
20496 20497 1
20496 20603 1
20497 21142 1
20498 20507 1
20498 20591 1
20499 20500 1
20499 20512 1
20500 21244 1
20501 20502 1
20501 20503 1
20502 20506 1
20503 20518 1
20504 20505 1
20504 20506 1
20505 20508 1
20506 20547 1
20508 20509 1
20508 20511 1
20509 20510 1
20509 20511 1
20510 20512 1
20511 20514 1
20513 20527 1
20514 20515 1
20515 20517 1
20517 20561 1
20518 20521 1
20520 20522 1
20520 20526 1
20521 20523 1
20522 20524 1
20523 20524 1
20525 20526 1
20525 20563 1
20528 20554 1
20529 20530 1
20531 20536 1
20533 20535 1
20533 20551 1
20535 20545 1
20537 20577 1
20537 20580 1
20538 20565 1
20538 20609 1
20539 20540 1
20539 20603 1
20540 20541 1
20541 20543 1
20542 20548 1
20543 20547 1
20544 20546 1
20544 20548 1
20545 20557 1
20546 20547 1
20549 20561 1
20549 20562 1
20550 20552 1
20550 20562 1
20551 20572 1
20552 20553 1
20553 20554 1
20553 20555 1
20554 20555 1
20555 20556 1
20556 20559 1
20557 20560 1
20558 20559 1
20558 20606 1
20560 20609 1
20563 20564 1
20564 20566 1
20565 20576 1
20566 20567 1
20567 20568 1
20568 20569 1
20569 20570 1
20570 20571 1
20570 20573 1
20571 20573 1
20571 20574 1
20572 20596 1
20573 20614 1
20573 20617 1
20573 20891 1
20573 20892 1
20574 20605 1
20575 20635 1
20576 20624 1
20577 20580 1
20578 20579 1
20579 20581 1
20580 20583 1
20582 20624 1
20583 20584 1
20585 20586 1
20586 20587 1
20587 20588 1
20587 20592 1
20588 20589 1
20588 20592 1
20589 20590 1
20591 20601 1
20592 20595 1
20593 20594 1
20594 20597 1
20595 20598 1
20597 20599 1
20598 20600 1
20599 20602 1
20601 20619 1
20602 20603 1
20605 20608 1
20606 20607 1
20607 20610 1
20608 20611 1
20610 20620 1
20611 20612 1
20612 20618 1
20613 20614 1
20613 20848 1
20614 20621 1
20614 20632 1
20614 20891 1
20615 20616 1
20615 20617 1
20616 21169 1
20617 20621 1
20617 20632 1
20617 20892 1
20618 20625 1
20620 20622 1
20621 20623 1
20621 20632 1
20621 20891 1
20621 20892 1
20622 20623 1
20625 20627 1
20626 20628 1
20626 20636 1
20626 20846 1
20627 20629 1
20628 20630 1
20628 20846 1
20629 20631 1
20630 20637 1
20631 20632 1
20631 20637 1
20632 20891 1
20632 20892 1
20633 20640 1
20634 20635 1
20634 20636 1
20638 20639 1
20639 20641 1
20640 20643 1
20641 20647 1
20642 20646 1
20643 20650 1
20644 20645 1
20644 20647 1
20645 20646 1
20648 20649 1
20649 20650 1
20651 20698 1
20652 20660 1
20653 20656 1
20653 20660 1
20654 20655 1
20654 20659 1
20655 20715 1
20656 20767 1
20657 20766 1
20657 20773 1
20658 20667 1
20658 20715 1
20659 20794 1
20661 20673 1
20661 20785 1
20662 20665 1
20662 20666 1
20663 20793 1
20663 20794 1
20664 20666 1
20664 20685 1
20665 20794 1
20667 20669 1
20668 20670 1
20668 20723 1
20669 20676 1
20669 20684 1
20670 20683 1
20671 20672 1
20672 20674 1
20673 20686 1
20674 20675 1
20675 20684 1
20676 20678 1
20676 20684 1
20677 20681 1
20677 20683 1
20678 20680 1
20679 20680 1
20679 20681 1
20681 20682 1
20682 20687 1
20686 20701 1
20687 20688 1
20688 20689 1
20688 20692 1
20689 20690 1
20690 20693 1
20691 20774 1
20691 20776 1
20692 20695 1
20693 20694 1
20694 20736 1
20695 20696 1
20696 20697 1
20697 20699 1
20698 20727 1
20699 20700 1
20700 20702 1
20700 21777 1
20701 20776 1
20703 20704 1
20703 20705 1
20704 20724 1
20705 20706 1
20706 21792 1
20707 20709 1
20707 20772 1
20708 20709 1
20708 20710 1
20708 20718 1
20708 20771 1
20708 20789 1
20709 20710 1
20709 20718 1
20709 20789 1
20710 20711 1
20711 20716 1
20712 20713 1
20712 20716 1
20713 20714 1
20714 20715 1
20717 20720 1
20717 20788 1
20718 20719 1
20719 20721 1
20720 21683 1
20721 20723 1
20722 20781 1
20722 20785 1
20724 20746 1
20725 20726 1
20725 20736 1
20726 20748 1
20727 20770 1
20728 20775 1
20728 21661 1
20729 20747 1
20729 20749 1
20729 20752 1
20730 20731 1
20730 20751 1
20730 20755 1
20730 21790 1
20730 21796 1
20730 21797 1
20730 21805 1
20731 20735 1
20732 20757 1
20732 20764 1
20733 20734 1
20733 20741 1
20734 20735 1
20736 20745 1
20737 20739 1
20737 20745 1
20737 21747 1
20738 20742 1
20738 20745 1
20739 20740 1
20740 21687 1
20741 20743 1
20742 20744 1
20743 20744 1
20745 21747 1
20746 20747 1
20747 20749 1
20748 20749 1
20748 20751 1
20749 20751 1
20750 20762 1
20751 20754 1
20752 20753 1
20753 20755 1
20753 21790 1
20753 21796 1
20753 21797 1
20753 21805 1
20754 20757 1
20755 20756 1
20755 20761 1
20756 20758 1
20756 20761 1
20758 20759 1
20759 20760 1
20761 20763 1
20762 20766 1
20763 23428 1
20764 20765 1
20765 23469 1
20767 20768 1
20767 20773 1
20768 20771 1
20769 20772 1
20769 20780 1
20770 20781 1
20774 20775 1
20776 20779 1
20777 20778 1
20778 21662 1
20779 20780 1
20782 20784 1
20782 20786 1
20783 20784 1
20783 20789 1
20786 20787 1
20787 20790 1
20788 20790 1
20791 20792 1
20792 20793 1
20793 20794 1
20795 20943 1
20795 21005 1
20796 21021 1
20797 20894 1
20797 21023 1
20798 20873 1
20799 21018 1
20800 20871 1
20800 21019 1
20801 20802 1
20801 20832 1
20802 20803 1
20803 20804 1
20804 20805 1
20805 20941 1
20806 20809 1
20806 20821 1
20807 20821 1
20807 20823 1
20808 20855 1
20809 20822 1
20810 20812 1
20810 20814 1
20811 20817 1
20811 21019 1
20812 20822 1
20813 20815 1
20813 20823 1
20813 20831 1
20814 20818 1
20815 20816 1
20816 20819 1
20816 20829 1
20816 20948 1
20818 20820 1
20819 20881 1
20820 20882 1
20823 20831 1
20824 20825 1
20824 20908 1
20825 20826 1
20826 20827 1
20827 20897 1
20828 20831 1
20828 20886 1
20828 20891 1
20828 20896 1
20828 20901 1
20828 20907 1
20829 20897 1
20829 20948 1
20830 20832 1
20830 20871 1
20831 20901 1
20831 20903 1
20831 20906 1
20831 20907 1
20832 20847 1
20833 20835 1
20833 20942 1
20834 20941 1
20834 20942 1
20835 20836 1
20836 20837 1
20837 20838 1
20838 20839 1
20839 20840 1
20840 20841 1
20840 20842 1
20841 20843 1
20842 20946 1
20843 20944 1
20844 20945 1
20845 20846 1
20845 20882 1
20845 20883 1
20846 20848 1
20846 20891 1
20846 20892 1
20847 20855 1
20848 20891 1
20848 20892 1
20849 20850 1
20849 21174 1
20849 21175 1
20850 20851 1
20850 20854 1
20851 20924 1
20852 20853 1
20852 20857 1
20852 20953 1
20854 20856 1
20856 20857 1
20857 20953 1
20858 20860 1
20858 20988 1
20859 20861 1
20859 20864 1
20860 20989 1
20861 20989 1
20862 20863 1
20862 20865 1
20863 20870 1
20864 20991 1
20865 20866 1
20866 20867 1
20867 20868 1
20868 20869 1
20869 20920 1
20870 20991 1
20872 20875 1
20872 20901 1
20873 20874 1
20873 20878 1
20873 20899 1
20873 20901 1
20873 21024 1
20874 20880 1
20875 20876 1
20876 20877 1
20878 20900 1
20879 20880 1
20881 20882 1
20882 20883 1
20883 20884 1
20884 20885 1
20885 20889 1
20886 20887 1
20886 20889 1
20886 20931 1
20887 20888 1
20888 20938 1
20890 20893 1
20890 21170 1
20890 21189 1
20891 20892 1
20892 20928 1
20892 20930 1
20893 20932 1
20894 20896 1
20894 20898 1
20894 21021 1
20895 20896 1
20895 20899 1
20895 21021 1
20896 20901 1
20896 20907 1
20898 20902 1
20898 20903 1
20899 20901 1
20900 20911 1
20901 20907 1
20902 20903 1
20902 20904 1
20903 20906 1
20904 20905 1
20905 20906 1
20907 20908 1
20909 20910 1
20909 20915 1
20910 20912 1
20911 20937 1
20912 20913 1
20913 20914 1
20914 20916 1
20915 20917 1
20916 20920 1
20917 20918 1
20918 20919 1
20919 20921 1
20921 20923 1
20922 20924 1
20922 20925 1
20923 20926 1
20924 21015 1
20925 20926 1
20925 20927 1
20926 20927 1
20928 20929 1
20928 20930 1
20929 20934 1
20930 20933 1
20930 20935 1
20931 20948 1
20931 21017 1
20932 20933 1
20933 20935 1
20934 20936 1
20935 20939 1
20936 20938 1
20937 20961 1
20939 20940 1
20943 21016 1
20944 20945 1
20946 20947 1
20947 20949 1
20948 21017 1
20949 20950 1
20950 20951 1
20951 21006 1
20952 20961 1
20952 20974 1
20954 21004 1
20954 31989 1
20954 32042 1
20955 20956 1
20955 20971 1
20956 21001 1
20956 31998 1
20957 20958 1
20957 20970 1
20958 20959 1
20960 20962 1
20960 20963 1
20960 21014 1
20962 20963 1
20962 20966 1
20963 20964 1
20964 20965 1
20965 20967 1
20966 20968 1
20967 20969 1
20968 20993 1
20969 20995 1
20970 21013 1
20971 20972 1
20972 20975 1
20973 20975 1
20973 29565 1
20974 20982 1
20976 20977 1
20976 21009 1
20977 20978 1
20978 20979 1
20979 20980 1
20980 20981 1
20981 20983 1
20982 20990 1
20983 20984 1
20984 20985 1
20985 20986 1
20986 20987 1
20987 20988 1
20990 20996 1
20992 20994 1
20992 20997 1
20993 20998 1
20994 21001 1
20995 20997 1
20996 21005 1
20998 20999 1
20999 21000 1
21000 21002 1
21002 21003 1
21003 21004 1
21006 21007 1
21007 21011 1
21008 21009 1
21008 21010 1
21010 21012 1
21011 21014 1
21012 21013 1
21015 21017 1
21016 21019 1
21018 21020 1
21020 21021 1
21021 21022 1
21021 21023 1
21022 21024 1
21025 21026 1
21025 21027 1
21026 21337 1
21028 21080 1
21028 21301 1
21028 21335 1
21028 21419 1
21029 21223 1
21029 21343 1
21030 21031 1
21030 21239 1
21031 21236 1
21032 21033 1
21032 21303 1
21032 21317 1
21033 21034 1
21034 21035 1
21035 21075 1
21036 21046 1
21036 21049 1
21036 21057 1
21036 21407 1
21037 21038 1
21037 21047 1
21037 21266 1
21038 21042 1
21039 21040 1
21039 21041 1
21040 21183 1
21041 21047 1
21042 21043 1
21043 21044 1
21044 21045 1
21045 21268 1
21046 21065 1
21046 21407 1
21048 21050 1
21048 21052 1
21048 21292 1
21049 21057 1
21049 21101 1
21050 21052 1
21050 21053 1
21051 21052 1
21051 21081 1
21051 21382 1
21051 21383 1
21053 21055 1
21054 21055 1
21054 21260 1
21055 21261 1
21056 21058 1
21056 21317 1
21056 21334 1
21057 21156 1
21058 21059 1
21059 21060 1
21060 21061 1
21061 21062 1
21062 21340 1
21063 21064 1
21063 21066 1
21063 21336 1
21063 21341 1
21064 21067 1
21064 21093 1
21064 21336 1
21064 21341 1
21064 21557 1
21064 21559 1
21065 21152 1
21066 21312 1
21067 21068 1
21068 21069 1
21069 21311 1
21070 21071 1
21070 21076 1
21071 21073 1
21072 21073 1
21072 21196 1
21073 21074 1
21074 21075 1
21076 21256 1
21077 21117 1
21077 21375 1
21078 21296 1
21079 21284 1
21079 21326 1
21079 21328 1
21081 21083 1
21081 21089 1
21082 21084 1
21082 21085 1
21082 21285 1
21082 21320 1
21083 21087 1
21084 21088 1
21085 21096 1
21085 21285 1
21085 21320 1
21085 21441 1
21086 21249 1
21087 21088 1
21089 21090 1
21090 21440 1
21092 21097 1
21093 21094 1
21093 21317 1
21093 21557 1
21093 21559 1
21094 21095 1
21095 21096 1
21097 21390 1
21098 21115 1
21098 21117 1
21098 21392 1
21099 21398 1
21099 21400 1
21100 21401 1
21100 21418 1
21101 21110 1
21101 21128 1
21102 21106 1
21103 21403 1
21103 21413 1
21104 21107 1
21104 21108 1
21105 21106 1
21105 21408 1
21107 21412 1
21108 21384 1
21109 21411 1
21109 21412 1
21110 21119 1
21111 21124 1
21111 21249 1
21112 21113 1
21112 21119 1
21113 21116 1
21113 21127 1
21113 21342 1
21114 21116 1
21114 21118 1
21115 21117 1
21115 21118 1
21115 21158 1
21116 21127 1
21116 21342 1
21120 21122 1
21120 21126 1
21121 21122 1
21121 21560 1
21122 21123 1
21123 21563 1
21124 21180 1
21125 21130 1
21125 21160 1
21126 21127 1
21127 21128 1
21127 21342 1
21128 21129 1
21128 21342 1
21130 21131 1
21130 21135 1
21131 21141 1
21132 21135 1
21132 21216 1
21133 21342 1
21133 21344 1
21133 21357 1
21134 21217 1
21134 21222 1
21136 21143 1
21136 21297 1
21137 21138 1
21137 21287 1
21138 21144 1
21139 21140 1
21139 21141 1
21140 21151 1
21142 21211 1
21143 21145 1
21145 21146 1
21146 21148 1
21147 21148 1
21147 21150 1
21149 21151 1
21149 21213 1
21150 21215 1
21152 21153 1
21153 21154 1
21154 21155 1
21155 21157 1
21156 21160 1
21157 21159 1
21158 21164 1
21159 21310 1
21161 21163 1
21161 21165 1
21162 21163 1
21162 21166 1
21162 21230 1
21163 21165 1
21163 21166 1
21164 21173 1
21165 21166 1
21165 21233 1
21166 21167 1
21167 21168 1
21168 21235 1
21169 21186 1
21169 21188 1
21169 21193 1
21170 21171 1
21171 21172 1
21172 21193 1
21173 21178 1
21174 21176 1
21175 21177 1
21176 21194 1
21177 21179 1
21179 21197 1
21180 21211 1
21181 21214 1
21181 21221 1
21182 21184 1
21182 29472 1
21183 21184 1
21183 29566 1
21183 29597 1
21185 21186 1
21185 21193 1
21185 21194 1
21186 21187 1
21186 21188 1
21186 21193 1
21187 21189 1
21187 21192 1
21188 21193 1
21188 21235 1
21188 21240 1
21188 21243 1
21189 21190 1
21189 21303 1
21189 21317 1
21190 21191 1
21191 21247 1
21192 21246 1
21195 21201 1
21195 21251 1
21196 21204 1
21197 21199 1
21198 21200 1
21198 21212 1
21199 21212 1
21200 21201 1
21201 21203 1
21201 21206 1
21202 21214 1
21202 21863 1
21203 21206 1
21204 21205 1
21205 21207 1
21206 21208 1
21207 21260 1
21208 21209 1
21209 21210 1
21210 21264 1
21215 21218 1
21216 21217 1
21218 21219 1
21219 21220 1
21220 21225 1
21222 21224 1
21223 21229 1
21224 21226 1
21224 21230 1
21225 21227 1
21225 21232 1
21226 21229 1
21226 21230 1
21227 21231 1
21227 21232 1
21228 21234 1
21228 21281 1
21231 21233 1
21234 21238 1
21235 21237 1
21236 21240 1
21237 21239 1
21237 21242 1
21237 21245 1
21238 21241 1
21239 21242 1
21239 21245 1
21240 21243 1
21241 21244 1
21241 21254 1
21242 21245 1
21242 21272 1
21242 21273 1
21243 21246 1
21244 21254 1
21245 21293 1
21247 21248 1
21248 21250 1
21249 21281 1
21250 21252 1
21251 21253 1
21252 21255 1
21253 21255 1
21253 21258 1
21254 21265 1
21256 21257 1
21257 21259 1
21258 21259 1
21260 21266 1
21261 21263 1
21262 21263 1
21262 21267 1
21264 21266 1
21265 21282 1
21265 21310 1
21267 21379 1
21268 21269 1
21269 21270 1
21271 21397 1
21272 21274 1
21273 21275 1
21274 21277 1
21275 21284 1
21276 21278 1
21277 21279 1
21278 21279 1
21279 21280 1
21280 21283 1
21280 21304 1
21282 21302 1
21283 21295 1
21283 21306 1
21285 21286 1
21285 21320 1
21286 21288 1
21287 21297 1
21288 21290 1
21289 21321 1
21290 21291 1
21291 21292 1
21293 21294 1
21294 21296 1
21294 21304 1
21294 21334 1
21295 21296 1
21296 21300 1
21296 21308 1
21297 21302 1
21298 21299 1
21298 21309 1
21299 21300 1
21300 21301 1
21300 21333 1
21301 21333 1
21303 21304 1
21304 21305 1
21304 21334 1
21305 21306 1
21306 21307 1
21307 21308 1
21308 21309 1
21308 21334 1
21311 21314 1
21312 21313 1
21313 21315 1
21314 21316 1
21315 21318 1
21316 21319 1
21317 21557 1
21317 21559 1
21318 21321 1
21319 21320 1
21322 21332 1
21322 21354 1
21323 21324 1
21323 21332 1
21324 21326 1
21325 21326 1
21325 21327 1
21326 21328 1
21327 21370 1
21328 21330 1
21329 21331 1
21329 21341 1
21330 21331 1
21330 21419 1
21330 21420 1
21333 21334 1
21334 21336 1
21335 21337 1
21336 21340 1
21336 21341 1
21337 21338 1
21338 21339 1
21339 21340 1
21341 21373 1
21343 21357 1
21344 21345 1
21345 21358 1
21346 21347 1
21346 21358 1
21347 21348 1
21348 21351 1
21349 21359 1
21349 21361 1
21350 21351 1
21351 21353 1
21351 21355 1
21352 21355 1
21352 21361 1
21353 21356 1
21354 21356 1
21355 21362 1
21355 21365 1
21359 21360 1
21360 21446 1
21362 21368 1
21363 21364 1
21363 21367 1
21364 21378 1
21365 21372 1
21366 21377 1
21367 21555 1
21368 21370 1
21369 21375 1
21371 21372 1
21371 21376 1
21372 21374 1
21373 21374 1
21376 21377 1
21376 21378 1
21379 21380 1
21380 21386 1
21381 21383 1
21382 21383 1
21385 21387 1
21385 21396 1
21386 21395 1
21386 21396 1
21387 21388 1
21388 21390 1
21389 21391 1
21389 21395 1
21391 21393 1
21392 21394 1
21393 21413 1
21394 21407 1
21397 21399 1
21398 21418 1
21399 21400 1
21401 21403 1
21402 21404 1
21402 21416 1
21403 21410 1
21404 21406 1
21405 21409 1
21405 21415 1
21406 21414 1
21408 21411 1
21408 21417 1
21409 21410 1
21414 21417 1
21415 21416 1
21421 21510 1
21421 21624 1
21422 21435 1
21422 21575 1
21422 21623 1
21423 21424 1
21423 21485 1
21424 21425 1
21424 21427 1
21424 21438 1
21424 21452 1
21424 22927 1
21424 23085 1
21424 23105 1
21424 23118 1
21425 21426 1
21425 21427 1
21425 21438 1
21425 21452 1
21425 22927 1
21425 23085 1
21425 23105 1
21425 23118 1
21426 21436 1
21427 21437 1
21427 21438 1
21427 21452 1
21427 22114 1
21428 21429 1
21428 21436 1
21429 21430 1
21430 21431 1
21430 21926 1
21430 21927 1
21431 21433 1
21432 21486 1
21432 21538 1
21433 21434 1
21434 23085 1
21435 21490 1
21437 21439 1
21438 21439 1
21438 21482 1
21438 22927 1
21438 23085 1
21438 23105 1
21438 23118 1
21439 22011 1
21439 22114 1
21440 21465 1
21440 21466 1
21441 21578 1
21441 21579 1
21442 21523 1
21443 21444 1
21443 21455 1
21443 21610 1
21444 21446 1
21445 21454 1
21445 21455 1
21447 21453 1
21447 21514 1
21447 21544 1
21448 21449 1
21448 21454 1
21449 21451 1
21450 21451 1
21450 21481 1
21451 21452 1
21451 21527 1
21452 21557 1
21452 22927 1
21452 23085 1
21452 23105 1
21452 23118 1
21453 21460 1
21453 21514 1
21456 21512 1
21456 21513 1
21457 21458 1
21457 21515 1
21458 21511 1
21459 21513 1
21459 21516 1
21460 21474 1
21461 21462 1
21461 21472 1
21461 21546 1
21462 21473 1
21463 21464 1
21463 21465 1
21464 21473 1
21465 21466 1
21466 21467 1
21468 21469 1
21468 21472 1
21468 21525 1
21469 21475 1
21470 21575 1
21470 21592 1
21471 21483 1
21471 21523 1
21472 21546 1
21474 21485 1
21475 21476 1
21477 21478 1
21477 21479 1
21477 21588 1
21478 21486 1
21479 21480 1
21480 21484 1
21481 21484 1
21482 21526 1
21483 21926 1
21483 21927 1
21487 21489 1
21487 21534 1
21487 21561 1
21487 21583 1
21488 21491 1
21488 21577 1
21489 21494 1
21490 21514 1
21491 21493 1
21492 21496 1
21492 21522 1
21492 21524 1
21492 21568 1
21493 21494 1
21495 21510 1
21495 21609 1
21496 21508 1
21496 21554 1
21497 21595 1
21498 21504 1
21498 21594 1
21499 21500 1
21499 21504 1
21500 21607 1
21501 21503 1
21501 21601 1
21502 21596 1
21502 21599 1
21502 21600 1
21503 21600 1
21505 21506 1
21505 21602 1
21505 21607 1
21505 21608 1
21506 21508 1
21506 21509 1
21506 21606 1
21506 21608 1
21506 22269 1
21506 22273 1
21506 22285 1
21507 21511 1
21507 21550 1
21507 21553 1
21508 21509 1
21509 21511 1
21511 21512 1
21515 21517 1
21516 21587 1
21517 21591 1
21518 21520 1
21518 21537 1
21519 21524 1
21519 21539 1
21520 21521 1
21521 21522 1
21522 21524 1
21522 21567 1
21522 21568 1
21524 21568 1
21524 21569 1
21526 21528 1
21527 21529 1
21528 21531 1
21529 21530 1
21530 21532 1
21530 21535 1
21531 21536 1
21532 21533 1
21532 21535 1
21533 21534 1
21534 21561 1
21535 21537 1
21536 21539 1
21538 21544 1
21540 21541 1
21540 21542 1
21540 21554 1
21541 21545 1
21542 21543 1
21543 21547 1
21545 21546 1
21545 21548 1
21546 21586 1
21547 21550 1
21548 21549 1
21549 21551 1
21550 21553 1
21551 21553 1
21552 21560 1
21552 21610 1
21555 21556 1
21556 21558 1
21557 21558 1
21558 21559 1
21561 21564 1
21562 21566 1
21563 21571 1
21564 21565 1
21565 21566 1
21567 21568 1
21567 21569 1
21568 21570 1
21569 21572 1
21570 21577 1
21571 21612 1
21572 21573 1
21573 21574 1
21574 21576 1
21575 21623 1
21576 22009 1
21576 22125 1
21576 22128 1
21578 21581 1
21579 21583 1
21580 21592 1
21580 21597 1
21581 21582 1
21582 21584 1
21584 21585 1
21585 21586 1
21587 21589 1
21588 21611 1
21589 21590 1
21590 21593 1
21591 21594 1
21592 21611 1
21593 21595 1
21596 22009 1
21597 21613 1
21598 21599 1
21598 22062 1
21601 21602 1
21602 21607 1
21603 21604 1
21604 21605 1
21605 21606 1
21608 22219 1
21608 22269 1
21608 22273 1
21608 22285 1
21609 21886 1
21612 21614 1
21612 21889 1
21613 21617 1
21614 21615 1
21614 21616 1
21614 21889 1
21615 21618 1
21616 21617 1
21617 21623 1
21618 21619 1
21619 21620 1
21620 21621 1
21621 21622 1
21622 21624 1
21625 21753 1
21625 21759 1
21626 21627 1
21626 21630 1
21626 21678 1
21626 21776 1
21627 21632 1
21628 21631 1
21628 21637 1
21628 21764 1
21629 21759 1
21629 21762 1
21630 21631 1
21631 21637 1
21632 21633 1
21633 21634 1
21634 21635 1
21635 21638 1
21636 21644 1
21636 21671 1
21638 21639 1
21639 21640 1
21640 21641 1
21642 21775 1
21642 21776 1
21643 21649 1
21643 21753 1
21644 21748 1
21645 21646 1
21645 21650 1
21646 21657 1
21647 21648 1
21647 21657 1
21648 21651 1
21649 21652 1
21651 21653 1
21652 21654 1
21653 21654 1
21654 21655 1
21654 21671 1
21655 21656 1
21656 21658 1
21658 21659 1
21659 21661 1
21660 21770 1
21662 21663 1
21663 21664 1
21664 21665 1
21665 21666 1
21666 21680 1
21667 21668 1
21667 21684 1
21668 21679 1
21669 21670 1
21669 21680 1
21670 21673 1
21672 21679 1
21672 21746 1
21673 21690 1
21673 21744 1
21674 21677 1
21674 21681 1
21675 21677 1
21676 21681 1
21676 21743 1
21678 21682 1
21682 21749 1
21683 21688 1
21684 21688 1
21685 21686 1
21685 21687 1
21685 21689 1
21686 21702 1
21687 21689 1
21690 21696 1
21690 21733 1
21690 21744 1
21691 21703 1
21692 21694 1
21692 21695 1
21693 21694 1
21695 21697 1
21696 21698 1
21696 21703 1
21696 21711 1
21697 21740 1
21698 21699 1
21698 21701 1
21699 21740 1
21700 21705 1
21700 21745 1
21700 21749 1
21701 21707 1
21702 21747 1
21704 21706 1
21704 21708 1
21705 21748 1
21706 21709 1
21707 21709 1
21708 21710 1
21711 21712 1
21712 21713 1
21713 21714 1
21714 21734 1
21715 21717 1
21715 21719 1
21715 21745 1
21716 21719 1
21716 21727 1
21717 21732 1
21718 21727 1
21718 21739 1
21720 21721 1
21720 21739 1
21721 21725 1
21722 21724 1
21722 21731 1
21723 21728 1
21724 21726 1
21725 21733 1
21726 21729 1
21728 21730 1
21729 21738 1
21730 21738 1
21731 21741 1
21732 21741 1
21734 21735 1
21735 21736 1
21736 21737 1
21737 21738 1
21738 23454 1
21740 21744 1
21742 21743 1
21742 21744 1
21744 21746 1
21744 21747 1
21750 21751 1
21751 21752 1
21752 21763 1
21754 21757 1
21754 21763 1
21755 21756 1
21755 21767 1
21756 21761 1
21757 21758 1
21758 21769 1
21760 21764 1
21760 21765 1
21760 21766 1
21761 21762 1
21763 21768 1
21765 21769 1
21767 21768 1
21770 21771 1
21771 21772 1
21772 21773 1
21773 21774 1
21774 21775 1
21777 21848 1
21778 21782 1
21778 21848 1
21779 21780 1
21779 21858 1
21779 21903 1
21779 21915 1
21779 21950 1
21780 21781 1
21780 21858 1
21780 21903 1
21780 21950 1
21781 21783 1
21781 21786 1
21782 21787 1
21783 21813 1
21784 21938 1
21785 21786 1
21785 21936 1
21787 21803 1
21788 23422 1
21788 23428 1
21789 21832 1
21789 23423 1
21790 21796 1
21790 21797 1
21790 21805 1
21790 21944 1
21790 21950 1
21790 23242 1
21791 21793 1
21791 21943 1
21792 21813 1
21793 21794 1
21794 21795 1
21795 21798 1
21796 21797 1
21797 21799 1
21798 21838 1
21799 21804 1
21800 21802 1
21800 21804 1
21801 21802 1
21801 21819 1
21803 21915 1
21805 21838 1
21805 23162 1
21805 23242 1
21806 21826 1
21806 23327 1
21807 21812 1
21807 21814 1
21807 21912 1
21808 21809 1
21808 21817 1
21809 21810 1
21810 21811 1
21811 21812 1
21811 21814 1
21812 21814 1
21812 21838 1
21814 21815 1
21814 21816 1
21814 21838 1
21815 21833 1
21816 21818 1
21816 23206 1
21817 21917 1
21818 23073 1
21818 23189 1
21819 21820 1
21819 21831 1
21820 21821 1
21820 21831 1
21821 21822 1
21822 21832 1
21823 21824 1
21823 21831 1
21824 21825 1
21825 21826 1
21827 21829 1
21827 21830 1
21827 21831 1
21828 21883 1
21828 21948 1
21829 21830 1
21829 21831 1
21829 23452 1
21830 21831 1
21830 23358 1
21831 21838 1
21833 21834 1
21834 21835 1
21835 21836 1
21836 21837 1
21837 23396 1
21839 21840 1
21840 21841 1
21841 21842 1
21842 21843 1
21843 21844 1
21844 21845 1
21844 21851 1
21845 21867 1
21846 21847 1
21846 21851 1
21847 21850 1
21849 21869 1
21849 21897 1
21850 21852 1
21851 21902 1
21852 21904 1
21853 21935 1
21853 21941 1
21854 21857 1
21854 21941 1
21855 21856 1
21855 21942 1
21856 21860 1
21857 21859 1
21858 21915 1
21858 21947 1
21858 21950 1
21859 21861 1
21860 21901 1
21861 21862 1
21862 21913 1
21863 21864 1
21864 21865 1
21865 21866 1
21866 21868 1
21867 21870 1
21868 21871 1
21869 21874 1
21870 21872 1
21871 21875 1
21871 21881 1
21872 21873 1
21873 21878 1
21874 21880 1
21875 21876 1
21875 21881 1
21876 21877 1
21877 21878 1
21878 21879 1
21879 21905 1
21879 21906 1
21880 21894 1
21881 21882 1
21882 21885 1
21883 21894 1
21883 21903 1
21884 21886 1
21884 21926 1
21885 21887 1
21887 21888 1
21888 21889 1
21890 21891 1
21890 21904 1
21891 21892 1
21892 21895 1
21893 21896 1
21893 21902 1
21894 21903 1
21895 21898 1
21896 21897 1
21898 21899 1
21899 21900 1
21899 21918 1
21899 21923 1
21900 21901 1
21903 21915 1
21903 21950 1
21905 21923 1
21906 21909 1
21907 21908 1
21907 21909 1
21908 21925 1
21909 21910 1
21910 21911 1
21911 21912 1
21913 21914 1
21914 21916 1
21915 21950 1
21916 21917 1
21918 21919 1
21919 21920 1
21920 21921 1
21921 21922 1
21921 21923 1
21922 21924 1
21924 21925 1
21926 21927 1
21927 21930 1
21928 21949 1
21929 21934 1
21929 21950 1
21930 21931 1
21931 21932 1
21932 23070 1
21933 21935 1
21933 21950 1
21934 21937 1
21936 21940 1
21937 21939 1
21938 21940 1
21938 21943 1
21939 21942 1
21940 21943 1
21940 21944 1
21940 21950 1
21944 21945 1
21945 21946 1
21946 21947 1
21948 21949 1
21951 21984 1
21951 22085 1
21951 22120 1
21952 22034 1
21952 22086 1
21952 22187 1
21953 21960 1
21953 22278 1
21953 22283 1
21954 21956 1
21954 22299 1
21955 21959 1
21955 22300 1
21956 21957 1
21957 21958 1
21958 21961 1
21959 21963 1
21960 22295 1
21961 21962 1
21962 21963 1
21962 21964 1
21962 22228 1
21962 22230 1
21963 22228 1
21963 22230 1
21964 22228 1
21965 21968 1
21965 21969 1
21965 22269 1
21965 22272 1
21966 21974 1
21966 22274 1
21966 22295 1
21967 21969 1
21967 22264 1
21968 22272 1
21970 21977 1
21970 22294 1
21971 21972 1
21971 22096 1
21972 21975 1
21973 21975 1
21973 21976 1
21974 21987 1
21974 22255 1
21974 22274 1
21976 21983 1
21977 21982 1
21978 21981 1
21978 22097 1
21979 21980 1
21979 21981 1
21980 21982 1
21982 22296 1
21983 22097 1
21984 22531 1
21985 21992 1
21985 22284 1
21986 22053 1
21986 22058 1
21987 21993 1
21987 22255 1
21988 21989 1
21988 22058 1
21989 21990 1
21990 21991 1
21991 21994 1
21992 21995 1
21992 22096 1
21993 22008 1
21994 21996 1
21995 21997 1
21995 22096 1
21996 21999 1
21997 21998 1
21998 21999 1
22000 22056 1
22000 22267 1
22001 22002 1
22001 22008 1
22002 22003 1
22003 22004 1
22004 22006 1
22005 22012 1
22005 22538 1
22006 22007 1
22007 22037 1
22009 22010 1
22009 22125 1
22009 22128 1
22010 22013 1
22011 22013 1
22011 22023 1
22012 22022 1
22013 22014 1
22014 22021 1
22014 22125 1
22014 22128 1
22015 22016 1
22015 22197 1
22015 22198 1
22016 22278 1
22017 22031 1
22017 22163 1
22017 22187 1
22018 22019 1
22018 22163 1
22018 22187 1
22019 22020 1
22020 22274 1
22021 22024 1
22022 22034 1
22023 22091 1
22024 22025 1
22025 22026 1
22026 22027 1
22027 22028 1
22028 22029 1
22029 22030 1
22030 22035 1
22030 22114 1
22030 22120 1
22031 22703 1
22032 22033 1
22032 22123 1
22033 22035 1
22036 22078 1
22036 22161 1
22036 22204 1
22036 22205 1
22037 22038 1
22038 22039 1
22039 22042 1
22040 22041 1
22040 22042 1
22043 22044 1
22044 22045 1
22045 22061 1
22046 22047 1
22046 22280 1
22047 22048 1
22048 22050 1
22049 22060 1
22050 22051 1
22051 22052 1
22052 22054 1
22053 22060 1
22054 22055 1
22055 22057 1
22056 22219 1
22057 22059 1
22059 22273 1
22061 22280 1
22062 22076 1
22063 22064 1
22063 22105 1
22065 22237 1
22065 22239 1
22066 22244 1
22066 22250 1
22066 22252 1
22067 22242 1
22067 22256 1
22068 22229 1
22068 22237 1
22069 22083 1
22069 22146 1
22069 22148 1
22070 22072 1
22070 22073 1
22071 22074 1
22071 22083 1
22072 22080 1
22073 22084 1
22074 22075 1
22075 22079 1
22075 22138 1
22076 22101 1
22076 22103 1
22077 22186 1
22077 23085 1
22077 23094 1
22078 22120 1
22078 22171 1
22079 22080 1
22079 22102 1
22081 22082 1
22081 22084 1
22082 22101 1
22085 22120 1
22085 22132 1
22086 22171 1
22086 22187 1
22087 22088 1
22087 22090 1
22087 22099 1
22087 22112 1
22088 22090 1
22088 22115 1
22089 22092 1
22089 22100 1
22090 22095 1
22090 22220 1
22090 22221 1
22090 22238 1
22091 22114 1
22092 22093 1
22093 22286 1
22094 22289 1
22094 22290 1
22095 22220 1
22095 22221 1
22095 22223 1
22096 22098 1
22098 22297 1
22099 22168 1
22100 22110 1
22100 22121 1
22101 22103 1
22102 22119 1
22103 22104 1
22103 22110 1
22104 22105 1
22104 22110 1
22106 22107 1
22106 22119 1
22107 22122 1
22108 22112 1
22108 22161 1
22108 22162 1
22109 22111 1
22109 22122 1
22111 22113 1
22113 22116 1
22114 22186 1
22115 22119 1
22116 22117 1
22117 22118 1
22118 22121 1
22120 22139 1
22120 22151 1
22120 22186 1
22123 22124 1
22123 22155 1
22123 22201 1
22124 22133 1
22124 22155 1
22124 22201 1
22125 22126 1
22125 22127 1
22125 22128 1
22126 22127 1
22126 22133 1
22127 22129 1
22128 22134 1
22129 22130 1
22130 22141 1
22130 22143 1
22131 22136 1
22131 22207 1
22132 22135 1
22134 22137 1
22135 22149 1
22136 22140 1
22137 22138 1
22138 22142 1
22139 22147 1
22140 22141 1
22141 22143 1
22142 22145 1
22143 22144 1
22144 22146 1
22145 22148 1
22147 22150 1
22149 22171 1
22150 22154 1
22151 22152 1
22152 22155 1
22153 22155 1
22153 22197 1
22154 22163 1
22155 22156 1
22155 22201 1
22156 22157 1
22157 22200 1
22158 22253 1
22158 22254 1
22159 22231 1
22159 22233 1
22160 22235 1
22160 22249 1
22161 22172 1
22161 22238 1
22161 22241 1
22162 22164 1
22162 22172 1
22162 22238 1
22163 22187 1
22164 22165 1
22165 22166 1
22166 22167 1
22166 22210 1
22167 22210 1
22167 22212 1
22168 22169 1
22168 22170 1
22168 22253 1
22169 22253 1
22170 22220 1
22172 22173 1
22173 22174 1
22174 22175 1
22175 22176 1
22176 22177 1
22176 22185 1
22176 22192 1
22177 22178 1
22177 22182 1
22177 22185 1
22177 22192 1
22178 22179 1
22178 22182 1
22179 22180 1
22183 22184 1
22183 22185 1
22183 22216 1
22183 22217 1
22184 22185 1
22184 22190 1
22185 22188 1
22185 22192 1
22188 32243 1
22188 32245 1
22189 32235 1
22190 22197 1
22191 32241 1
22192 22193 1
22193 22194 1
22194 22195 1
22195 22196 1
22196 32244 1
22197 22198 1
22199 32280 1
22200 22202 1
22201 22204 1
22201 22208 1
22202 22203 1
22203 22206 1
22204 22205 1
22204 22208 1
22205 22207 1
22206 22211 1
22208 22209 1
22209 22210 1
22210 22213 1
22211 22217 1
22212 22213 1
22213 22214 1
22214 22215 1
22215 22216 1
22216 22217 1
22218 22268 1
22218 22270 1
22220 22221 1
22221 22222 1
22222 22224 1
22223 22226 1
22224 22225 1
22225 22227 1
22226 22250 1
22227 22251 1
22228 22229 1
22228 22230 1
22229 22230 1
22230 22238 1
22231 22263 1
22232 22234 1
22233 22234 1
22235 22236 1
22238 22240 1
22238 22241 1
22239 22243 1
22240 22241 1
22240 22242 1
22241 22244 1
22243 22257 1
22245 22246 1
22245 22257 1
22246 22247 1
22247 22248 1
22247 22259 1
22248 22249 1
22250 22260 1
22251 22252 1
22254 22261 1
22255 22312 1
22256 22258 1
22258 22259 1
22259 22260 1
22259 22262 1
22260 22261 1
22260 22262 1
22262 22263 1
22264 22265 1
22265 22266 1
22267 22268 1
22269 22273 1
22269 22277 1
22269 22285 1
22270 22276 1
22271 22275 1
22271 22277 1
22272 22275 1
22272 22276 1
22273 22285 1
22275 22276 1
22278 22283 1
22279 22281 1
22279 22285 1
22281 22282 1
22282 22284 1
22286 22287 1
22287 22288 1
22288 22289 1
22290 22291 1
22291 22292 1
22292 22293 1
22293 22294 1
22296 22298 1
22297 22299 1
22298 22300 1
22301 22503 1
22301 22510 1
22302 22375 1
22302 22605 1
22303 22304 1
22303 22705 1
22304 22305 1
22305 22307 1
22306 22326 1
22306 22704 1
22307 22573 1
22308 22309 1
22308 22623 1
22309 22310 1
22311 22312 1
22311 22514 1
22312 22313 1
22313 22314 1
22314 22315 1
22315 22515 1
22316 22376 1
22317 22451 1
22317 22452 1
22318 22380 1
22318 22449 1
22318 22451 1
22319 22338 1
22319 22417 1
22320 22453 1
22320 22592 1
22321 22453 1
22321 22454 1
22322 22344 1
22322 22664 1
22323 22324 1
22323 22325 1
22324 22345 1
22325 22327 1
22325 22364 1
22325 22368 1
22326 22343 1
22327 22328 1
22328 22402 1
22329 22337 1
22329 22342 1
22329 22348 1
22329 22694 1
22330 22331 1
22331 22332 1
22332 22333 1
22333 22335 1
22334 22336 1
22335 22340 1
22336 22339 1
22336 22690 1
22337 22340 1
22337 22342 1
22337 22350 1
22337 22352 1
22338 22380 1
22339 22340 1
22341 22342 1
22341 22344 1
22341 22346 1
22341 22348 1
22341 22350 1
22341 22356 1
22341 22358 1
22341 22378 1
22341 22387 1
22341 22404 1
22341 22418 1
22341 22452 1
22342 22346 1
22342 22348 1
22342 22350 1
22342 22364 1
22342 22404 1
22343 22355 1
22344 22346 1
22344 22348 1
22344 22350 1
22344 22404 1
22345 22353 1
22346 22347 1
22346 22348 1
22346 22382 1
22346 22410 1
22347 22349 1
22348 22404 1
22348 22572 1
22349 22352 1
22350 22404 1
22351 22354 1
22351 22356 1
22353 22403 1
22354 22373 1
22355 22376 1
22355 22448 1
22357 22372 1
22358 22370 1
22358 22408 1
22358 22411 1
22359 22370 1
22359 22371 1
22360 22364 1
22360 22661 1
22361 22362 1
22361 22370 1
22362 22363 1
22363 22365 1
22364 22366 1
22365 22367 1
22367 22368 1
22369 22410 1
22370 22408 1
22370 22418 1
22370 22452 1
22370 22658 1
22370 22661 1
22371 22372 1
22373 22374 1
22374 22377 1
22375 22407 1
22377 22378 1
22378 22379 1
22378 22398 1
22379 22381 1
22380 22449 1
22381 22383 1
22382 22384 1
22382 22410 1
22383 22393 1
22384 22392 1
22385 22386 1
22385 22387 1
22386 22396 1
22387 22391 1
22388 22389 1
22388 22391 1
22388 22392 1
22389 22390 1
22390 22392 1
22392 22397 1
22393 22395 1
22394 22400 1
22394 22454 1
22395 22398 1
22396 22399 1
22397 22398 1
22399 22401 1
22400 22406 1
22402 22405 1
22403 22404 1
22404 22405 1
22406 22409 1
22407 22420 1
22408 22410 1
22408 22418 1
22408 22452 1
22409 22411 1
22412 22414 1
22412 22419 1
22413 22414 1
22413 22418 1
22415 22416 1
22416 22417 1
22416 22418 1
22416 22695 1
22416 24972 1
22417 22418 1
22417 24972 1
22418 22695 1
22418 24972 1
22419 22434 1
22420 22433 1
22420 22679 1
22421 22424 1
22421 22431 1
22422 22423 1
22422 22656 1
22423 22424 1
22424 22425 1
22425 22426 1
22426 22427 1
22427 22428 1
22428 22429 1
22429 22430 1
22430 22434 1
22431 22539 1
22432 22476 1
22432 22679 1
22433 22435 1
22433 22439 1
22433 22556 1
22435 22439 1
22435 22555 1
22435 22556 1
22436 22437 1
22436 22483 1
22437 22555 1
22438 22554 1
22438 22555 1
22439 22557 1
22440 22441 1
22440 22558 1
22441 22442 1
22442 22443 1
22443 22445 1
22444 22557 1
22444 22571 1
22445 22601 1
22446 22571 1
22446 22574 1
22447 22449 1
22448 22450 1
22450 22454 1
22452 22454 1
22455 22474 1
22455 23450 1
22456 22457 1
22456 23112 1
22457 22458 1
22458 22459 1
22459 22460 1
22460 22464 1
22461 22462 1
22461 22485 1
22462 22463 1
22463 22465 1
22464 22468 1
22464 22469 1
22465 22466 1
22466 22467 1
22467 22468 1
22468 22469 1
22470 22471 1
22471 22472 1
22472 22482 1
22473 23468 1
22474 22476 1
22474 22477 1
22474 23407 1
22475 22478 1
22475 23444 1
22475 23468 1
22477 22481 1
22478 22479 1
22479 22480 1
22480 22890 1
22481 22482 1
22483 22505 1
22484 22489 1
22484 23112 1
22484 23127 1
22485 22491 1
22486 22487 1
22486 22895 1
22487 22488 1
22488 22490 1
22488 22492 1
22489 22490 1
22490 22492 1
22491 22496 1
22492 22493 1
22492 22494 1
22492 22496 1
22493 22495 1
22494 22498 1
22495 22497 1
22497 22550 1
22498 22499 1
22499 22500 1
22500 22501 1
22501 22508 1
22502 22509 1
22502 22707 1
22503 22605 1
22504 22505 1
22504 22508 1
22506 22507 1
22506 22509 1
22507 22554 1
22510 22539 1
22510 23404 1
22511 22512 1
22511 22702 1
22512 22569 1
22513 22514 1
22513 22568 1
22515 22516 1
22516 22517 1
22517 22518 1
22518 22519 1
22519 22520 1
22520 22521 1
22520 22608 1
22520 22618 1
22521 22608 1
22521 22618 1
22521 22619 1
22522 22523 1
22522 22546 1
22523 22530 1
22524 22525 1
22524 23101 1
22525 22531 1
22526 22534 1
22526 22546 1
22526 22570 1
22527 22528 1
22527 22542 1
22528 22529 1
22529 22532 1
22532 22533 1
22533 22561 1
22535 22537 1
22535 22548 1
22536 22538 1
22536 23181 1
22537 22540 1
22539 22549 1
22539 22570 1
22540 22541 1
22541 22542 1
22543 22549 1
22543 22563 1
22544 22545 1
22544 23178 1
22545 22547 1
22547 22548 1
22547 22551 1
22547 22552 1
22549 22570 1
22550 22551 1
22551 22552 1
22551 22571 1
22551 22572 1
22552 22553 1
22553 22705 1
22556 22558 1
22559 22560 1
22559 22587 1
22560 22561 1
22560 22562 1
22561 22562 1
22562 22564 1
22562 22569 1
22564 22565 1
22565 22566 1
22566 22567 1
22567 22568 1
22571 22910 1
22571 23062 1
22571 23068 1
22572 22641 1
22572 22910 1
22572 23062 1
22572 23068 1
22573 22575 1
22574 22576 1
22575 22577 1
22576 22580 1
22576 22581 1
22577 22579 1
22578 22583 1
22578 22653 1
22579 22582 1
22580 22581 1
22580 22584 1
22581 22582 1
22582 22587 1
22583 22585 1
22584 22586 1
22584 22589 1
22585 22650 1
22588 22650 1
22588 22672 1
22588 22676 1
22589 22599 1
22590 22591 1
22590 22594 1
22590 22599 1
22591 22593 1
22591 22594 1
22592 22597 1
22593 22595 1
22594 22606 1
22595 22596 1
22596 22598 1
22597 22682 1
22598 22611 1
22598 22613 1
22600 22669 1
22600 22671 1
22601 22602 1
22602 22637 1
22603 22610 1
22603 22678 1
22603 22682 1
22604 22641 1
22604 22669 1
22606 22607 1
22607 22608 1
22609 22618 1
22609 22629 1
22610 22612 1
22610 22681 1
22611 22613 1
22611 22614 1
22612 22675 1
22613 22624 1
22614 22615 1
22615 22616 1
22616 22617 1
22617 22684 1
22619 22620 1
22620 22621 1
22621 22622 1
22622 22623 1
22624 22625 1
22625 22626 1
22626 22631 1
22626 22634 1
22626 22683 1
22627 22673 1
22627 22675 1
22628 22630 1
22628 22631 1
22629 22632 1
22630 22632 1
22632 22635 1
22633 22680 1
22633 22681 1
22634 22636 1
22634 22683 1
22635 22636 1
22635 22638 1
22637 22641 1
22638 22639 1
22639 22689 1
22640 22641 1
22640 22642 1
22640 22655 1
22641 22642 1
22642 22643 1
22643 22644 1
22644 22645 1
22645 22648 1
22645 22649 1
22645 22651 1
22646 22647 1
22646 22648 1
22647 22657 1
22648 22649 1
22648 22651 1
22649 22651 1
22649 22652 1
22651 22674 1
22652 22696 1
22653 22670 1
22654 22658 1
22654 22667 1
22655 22659 1
22656 22670 1
22657 22660 1
22658 22661 1
22659 22663 1
22660 22662 1
22660 22668 1
22662 22666 1
22662 22668 1
22663 22665 1
22664 22666 1
22665 22684 1
22665 22685 1
22665 22686 1
22667 22701 1
22668 22688 1
22671 22672 1
22673 22674 1
22676 22677 1
22677 22678 1
22680 22699 1
22683 22685 1
22684 22686 1
22685 22686 1
22686 22687 1
22687 22688 1
22689 22690 1
22690 22691 1
22691 22692 1
22692 22693 1
22693 22694 1
22695 22704 1
22695 24972 1
22696 22697 1
22697 22698 1
22698 22701 1
22699 22700 1
22700 22701 1
22702 22703 1
22705 22706 1
22706 22707 1
22708 22738 1
22708 22757 1
22708 23291 1
22709 22711 1
22709 22712 1
22709 23336 1
22709 23340 1
22709 23397 1
22710 22729 1
22710 22733 1
22710 23365 1
22711 22713 1
22712 22714 1
22713 23227 1
22714 22751 1
22715 22719 1
22715 23250 1
22716 22718 1
22717 22727 1
22717 23395 1
22718 22722 1
22718 22723 1
22718 22724 1
22719 22721 1
22719 22741 1
22719 23315 1
22720 22728 1
22720 23393 1
22721 22725 1
22721 23251 1
22721 23315 1
22722 22723 1
22722 22724 1
22722 23395 1
22723 22724 1
22723 22726 1
22724 22726 1
22724 23300 1
22725 23294 1
22725 23390 1
22726 23273 1
22726 23300 1
22728 22730 1
22729 22731 1
22729 22733 1
22730 22732 1
22731 22735 1
22732 22976 1
22733 22745 1
22734 22818 1
22734 22890 1
22735 22988 1
22736 22737 1
22736 22739 1
22736 22741 1
22737 22739 1
22737 23369 1
22738 22770 1
22739 23250 1
22740 23249 1
22740 23368 1
22742 22743 1
22742 22746 1
22743 22747 1
22744 22746 1
22744 23098 1
22744 23220 1
22745 22749 1
22746 23220 1
22747 22748 1
22748 22750 1
22749 22757 1
22750 22751 1
22752 22753 1
22752 22805 1
22752 23093 1
22753 22754 1
22754 22756 1
22755 22805 1
22755 22862 1
22756 23064 1
22758 22760 1
22758 23351 1
22758 23355 1
22759 22760 1
22759 22761 1
22759 23354 1
22760 22761 1
22760 22782 1
22761 22778 1
22761 22782 1
22761 22801 1
22761 22854 1
22761 23033 1
22761 23035 1
22762 22782 1
22762 22783 1
22762 22784 1
22763 22764 1
22763 22773 1
22764 22765 1
22765 22766 1
22765 22795 1
22765 23289 1
22766 22954 1
22767 22768 1
22767 22772 1
22767 23289 1
22768 22772 1
22768 22774 1
22768 22780 1
22768 22810 1
22768 22955 1
22768 23069 1
22768 23289 1
22769 22775 1
22769 23232 1
22770 23169 1
22771 23374 1
22771 23377 1
22774 22776 1
22775 22785 1
22775 22796 1
22776 23342 1
22777 22778 1
22777 22779 1
22777 22806 1
22777 23342 1
22778 23034 1
22778 23342 1
22778 23345 1
22779 22780 1
22780 22806 1
22780 23069 1
22781 22787 1
22781 23077 1
22782 22803 1
22783 23355 1
22784 22786 1
22785 22791 1
22786 23323 1
22786 23355 1
22787 22796 1
22788 22790 1
22788 22793 1
22788 22840 1
22788 22841 1
22789 22790 1
22789 23311 1
22790 22792 1
22790 23314 1
22791 23208 1
22792 22794 1
22793 22962 1
22794 22795 1
22795 22954 1
22795 22962 1
22797 22799 1
22797 22803 1
22798 22802 1
22798 22803 1
22798 22854 1
22799 22800 1
22799 22860 1
22799 23031 1
22801 23032 1
22802 22854 1
22802 23031 1
22804 22809 1
22804 22812 1
22804 22814 1
22804 22859 1
22804 22860 1
22804 23324 1
22804 23326 1
22806 22845 1
22806 22848 1
22806 22851 1
22806 22853 1
22806 22875 1
22806 22886 1
22806 22887 1
22806 22957 1
22806 23019 1
22806 23036 1
22807 23077 1
22807 23207 1
22808 22809 1
22808 22865 1
22808 23335 1
22809 22812 1
22809 22813 1
22809 22865 1
22809 23029 1
22809 23335 1
22810 23297 1
22810 23298 1
22811 23064 1
22811 23339 1
22812 22813 1
22813 22864 1
22813 22945 1
22814 22859 1
22814 22860 1
22814 22947 1
22814 22951 1
22815 22816 1
22815 22820 1
22815 23373 1
22816 22819 1
22816 23373 1
22817 22834 1
22817 22837 1
22817 23308 1
22817 23385 1
22818 22821 1
22819 22832 1
22820 22822 1
22820 22826 1
22820 22827 1
22821 22843 1
22822 22824 1
22822 22829 1
22823 22830 1
22823 22833 1
22824 22829 1
22824 22831 1
22825 22847 1
22826 22828 1
22826 22836 1
22827 22932 1
22827 23015 1
22828 23009 1
22829 23013 1
22830 23108 1
22831 23010 1
22832 22833 1
22834 22837 1
22834 23308 1
22835 22836 1
22835 22837 1
22836 22839 1
22836 22963 1
22836 22997 1
22836 23105 1
22836 23132 1
22837 22838 1
22838 22840 1
22839 22997 1
22839 23009 1
22839 23124 1
22839 23132 1
22841 22842 1
22841 23124 1
22842 23027 1
22843 22850 1
22844 22960 1
22844 23124 1
22845 22851 1
22845 22852 1
22845 22868 1
22846 22967 1
22846 23023 1
22847 22856 1
22849 22854 1
22850 22858 1
22851 22852 1
22852 23019 1
22852 23026 1
22852 23357 1
22854 22860 1
22854 22861 1
22854 22942 1
22855 22856 1
22855 22857 1
22855 23016 1
22857 22882 1
22857 23016 1
22857 23025 1
22858 22884 1
22859 22860 1
22859 22863 1
22859 22942 1
22860 23323 1
22861 22885 1
22861 22889 1
22861 22892 1
22861 22939 1
22861 22942 1
22862 22897 1
22863 22946 1
22865 23065 1
22865 23066 1
22866 22883 1
22866 22900 1
22867 22870 1
22867 22877 1
22867 22900 1
22867 22907 1
22867 22908 1
22867 23147 1
22868 22871 1
22868 22883 1
22868 23026 1
22868 23357 1
22869 22877 1
22869 22878 1
22870 22872 1
22871 22873 1
22871 22875 1
22872 22874 1
22873 22875 1
22873 22878 1
22874 22876 1
22874 22893 1
22874 23037 1
22876 22887 1
22879 22880 1
22879 23148 1
22881 22906 1
22881 22908 1
22881 23041 1
22881 23147 1
22881 23148 1
22882 22884 1
22884 23215 1
22884 23216 1
22885 22888 1
22886 22888 1
22888 22891 1
22888 22894 1
22889 22938 1
22891 22893 1
22892 23045 1
22894 23038 1
22894 23039 1
22894 23045 1
22895 23062 1
22895 23173 1
22896 22897 1
22898 22900 1
22898 22901 1
22898 22970 1
22898 23356 1
22898 23357 1
22899 23019 1
22899 23023 1
22899 23026 1
22899 23356 1
22900 22902 1
22900 23357 1
22901 22903 1
22901 22968 1
22901 23128 1
22902 22903 1
22903 22904 1
22903 23146 1
22904 22907 1
22905 22908 1
22905 22993 1
22906 22908 1
22906 23146 1
22907 22993 1
22908 23147 1
22909 22911 1
22909 22950 1
22910 22912 1
22910 23068 1
22911 22913 1
22912 23173 1
22913 22915 1
22913 22917 1
22914 22917 1
22914 23174 1
22915 22918 1
22915 23175 1
22916 23151 1
22916 23175 1
22917 22918 1
22917 22950 1
22918 22990 1
22918 23060 1
22919 22920 1
22920 23059 1
22921 22922 1
22921 22934 1
22922 22923 1
22922 23107 1
22923 23011 1
22924 22934 1
22924 22935 1
22925 22926 1
22925 22937 1
22926 22927 1
22927 22933 1
22927 23085 1
22928 22929 1
22928 22936 1
22929 23103 1
22930 22933 1
22930 23104 1
22931 22932 1
22931 22937 1
22932 23015 1
22935 22936 1
22938 23168 1
22939 22940 1
22940 22941 1
22941 22942 1
22941 22943 1
22942 22943 1
22943 22944 1
22943 23038 1
22943 23171 1
22944 22974 1
22944 23170 1
22945 22947 1
22945 22974 1
22945 22977 1
22945 23170 1
22946 22948 1
22947 22949 1
22947 23171 1
22950 22951 1
22950 22974 1
22950 23067 1
22950 23174 1
22952 22953 1
22952 23170 1
22953 23168 1
22954 22955 1
22954 22956 1
22954 22958 1
22956 22957 1
22958 23024 1
22959 22962 1
22959 23027 1
22960 22966 1
22961 22964 1
22961 22972 1
22962 22965 1
22962 22973 1
22963 22964 1
22963 23132 1
22964 22968 1
22966 22970 1
22966 22973 1
22966 23356 1
22967 22969 1
22967 23021 1
22967 23024 1
22968 23130 1
22969 22971 1
22971 23356 1
22974 22977 1
22974 22978 1
22974 23167 1
22975 22978 1
22975 23164 1
22976 22991 1
22977 22978 1
22977 22980 1
22978 22979 1
22979 23047 1
22980 22986 1
22981 22982 1
22981 22986 1
22982 22983 1
22983 22984 1
22983 23055 1
22984 23058 1
22985 23150 1
22985 23152 1
22986 23150 1
22987 23164 1
22987 23167 1
22988 23028 1
22989 22990 1
22989 23154 1
22990 23155 1
22990 23161 1
22991 22994 1
22992 22995 1
22992 23128 1
22993 23004 1
22993 23149 1
22994 23008 1
22995 22998 1
22995 23124 1
22996 23133 1
22996 23134 1
22997 23014 1
22997 23015 1
22997 23132 1
22998 22999 1
22998 23006 1
22998 23133 1
22999 23000 1
23000 23002 1
23001 23005 1
23001 23006 1
23003 23022 1
23003 23028 1
23003 23048 1
23003 23077 1
23004 23005 1
23004 23047 1
23006 23049 1
23006 23125 1
23006 23129 1
23007 23287 1
23007 23348 1
23008 23012 1
23010 23017 1
23010 23108 1
23011 23196 1
23012 23016 1
23013 23018 1
23015 23105 1
23015 23132 1
23016 23025 1
23016 23048 1
23017 23018 1
23017 23107 1
23018 23107 1
23019 23020 1
23020 23021 1
23022 23048 1
23022 23221 1
23025 23223 1
23026 23357 1
23029 23330 1
23029 23331 1
23030 23332 1
23030 23333 1
23032 23033 1
23034 23036 1
23035 23036 1
23037 23041 1
23037 23046 1
23037 23147 1
23038 23042 1
23038 23166 1
23039 23042 1
23040 23042 1
23040 23046 1
23041 23042 1
23041 23043 1
23042 23044 1
23044 23165 1
23045 23166 1
23047 23049 1
23047 23054 1
23049 23051 1
23049 23052 1
23050 23132 1
23051 23052 1
23051 23053 1
23051 23125 1
23052 23055 1
23052 23129 1
23052 23132 1
23053 23132 1
23054 23055 1
23055 23056 1
23055 23129 1
23055 23132 1
23056 23058 1
23057 23126 1
23057 23129 1
23058 23129 1
23058 23157 1
23059 23062 1
23059 23174 1
23060 23063 1
23061 23062 1
23061 23063 1
23061 23118 1
23061 23174 1
23062 23068 1
23063 23180 1
23065 23066 1
23065 23068 1
23066 23067 1
23070 23071 1
23071 23072 1
23072 23073 1
23073 23074 1
23074 23083 1
23074 23086 1
23075 23076 1
23075 23083 1
23076 23082 1
23078 23079 1
23078 23091 1
23079 23081 1
23080 23082 1
23080 23102 1
23080 23103 1
23081 23087 1
23083 23086 1
23084 23085 1
23084 23086 1
23084 23090 1
23085 23086 1
23085 23105 1
23085 23118 1
23087 23102 1
23088 23089 1
23088 23094 1
23089 23092 1
23090 23091 1
23092 23114 1
23093 23106 1
23094 23095 1
23095 23096 1
23096 23097 1
23098 23109 1
23099 23145 1
23100 23101 1
23100 23143 1
23102 23103 1
23103 23104 1
23105 23114 1
23105 23118 1
23105 23122 1
23106 23109 1
23106 23112 1
23109 23112 1
23110 23114 1
23110 23131 1
23111 23120 1
23111 23159 1
23112 23127 1
23113 23116 1
23113 23160 1
23115 23117 1
23115 23118 1
23116 23118 1
23117 23119 1
23118 23119 1
23120 23121 1
23120 23135 1
23121 23123 1
23122 23138 1
23123 23136 1
23126 23131 1
23128 23130 1
23128 23134 1
23129 23132 1
23135 23139 1
23136 23137 1
23138 23140 1
23139 23142 1
23139 23143 1
23140 23141 1
23141 23145 1
23142 23144 1
23144 23181 1
23151 23152 1
23152 23153 1
23153 23154 1
23155 23156 1
23155 23161 1
23157 23158 1
23158 23160 1
23162 23188 1
23163 23172 1
23163 23272 1
23165 23167 1
23169 23172 1
23169 23183 1
23172 23183 1
23176 23177 1
23176 23180 1
23177 23178 1
23179 23188 1
23179 23198 1
23182 23359 1
23183 23185 1
23183 23364 1
23184 23360 1
23184 23382 1
23185 23186 1
23185 23364 1
23186 23232 1
23187 23287 1
23187 23442 1
23189 23190 1
23190 23200 1
23191 23193 1
23191 23200 1
23192 23194 1
23192 23201 1
23192 23202 1
23193 23196 1
23194 23199 1
23195 23197 1
23195 23199 1
23197 23229 1
23198 23228 1
23201 23203 1
23203 23396 1
23204 23205 1
23204 23206 1
23207 23210 1
23208 23209 1
23209 23211 1
23210 23213 1
23211 23212 1
23212 23247 1
23213 23214 1
23214 23387 1
23215 23216 1
23215 23217 1
23216 23219 1
23217 23218 1
23218 23220 1
23219 23227 1
23221 23222 1
23222 23225 1
23222 23261 1
23223 23224 1
23224 23226 1
23225 23254 1
23225 23388 1
23225 23391 1
23226 23261 1
23228 23230 1
23229 23233 1
23229 23234 1
23230 23231 1
23231 23235 1
23233 23234 1
23233 23235 1
23234 23371 1
23236 23237 1
23236 23379 1
23237 23241 1
23238 23248 1
23238 23327 1
23239 23240 1
23239 23382 1
23240 23242 1
23241 23242 1
23242 23243 1
23243 23244 1
23244 23245 1
23245 23246 1
23246 23366 1
23247 23251 1
23248 23259 1
23249 23252 1
23249 23369 1
23251 23252 1
23251 23389 1
23253 23271 1
23253 23322 1
23254 23255 1
23254 23388 1
23254 23391 1
23255 23256 1
23256 23257 1
23256 23328 1
23256 23394 1
23257 23258 1
23258 23260 1
23258 23329 1
23259 23264 1
23260 23261 1
23260 23329 1
23260 23334 1
23260 23397 1
23262 23263 1
23262 23265 1
23262 23282 1
23262 23285 1
23262 23350 1
23264 23272 1
23265 23266 1
23266 23267 1
23267 23394 1
23268 23269 1
23268 23350 1
23269 23270 1
23271 23394 1
23273 23277 1
23274 23275 1
23274 23278 1
23275 23279 1
23275 23298 1
23275 23301 1
23275 23343 1
23276 23283 1
23276 23291 1
23277 23278 1
23278 23280 1
23278 23286 1
23279 23281 1
23279 23286 1
23279 23344 1
23280 23282 1
23281 23285 1
23282 23284 1
23283 23302 1
23284 23285 1
23285 23346 1
23285 23347 1
23285 23352 1
23287 23348 1
23288 23303 1
23289 23290 1
23289 23304 1
23290 23292 1
23290 23293 1
23290 23303 1
23292 23294 1
23292 23305 1
23293 23295 1
23294 23301 1
23295 23297 1
23296 23298 1
23296 23305 1
23298 23299 1
23298 23349 1
23299 23301 1
23300 23301 1
23302 23370 1
23304 23317 1
23306 23307 1
23306 23384 1
23307 23308 1
23307 23309 1
23308 23309 1
23309 23318 1
23310 23311 1
23310 23318 1
23311 23312 1
23312 23313 1
23313 23314 1
23313 23319 1
23313 23384 1
23314 23315 1
23314 23316 1
23315 23317 1
23316 23317 1
23320 23325 1
23320 23355 1
23321 23324 1
23321 23326 1
23321 23355 1
23322 23351 1
23323 23324 1
23323 23326 1
23325 23328 1
23326 23328 1
23326 23330 1
23329 23330 1
23330 23333 1
23330 23334 1
23331 23332 1
23334 23335 1
23334 23336 1
23335 23337 1
23335 23339 1
23337 23338 1
23338 23340 1
23341 23342 1
23341 23349 1
23342 23343 1
23342 23345 1
23343 23344 1
23345 23346 1
23345 23347 1
23348 23365 1
23350 23353 1
23350 23355 1
23352 23354 1
23358 23370 1
23359 23362 1
23360 23364 1
23361 23369 1
23362 23367 1
23363 23368 1
23364 23366 1
23364 23369 1
23365 23386 1
23366 23369 1
23367 23375 1
23371 23372 1
23372 23373 1
23373 23374 1
23375 23376 1
23376 23379 1
23377 23378 1
23378 23380 1
23380 23381 1
23383 23385 1
23386 23393 1
23387 23388 1
23388 23391 1
23389 23390 1
23390 23392 1
23391 23394 1
23392 23394 1
23398 23411 1
23398 23441 1
23399 23454 1
23399 23486 1
23400 23479 1
23401 23408 1
23402 23403 1
23402 23407 1
23403 23404 1
23404 23405 1
23406 23408 1
23406 23461 1
23409 23410 1
23409 23485 1
23409 23487 1
23410 23481 1
23411 23492 1
23412 23413 1
23412 23419 1
23413 23414 1
23414 23416 1
23415 23416 1
23415 23417 1
23416 23417 1
23417 23430 1
23418 23486 1
23418 23491 1
23419 23488 1
23420 23438 1
23421 23424 1
23421 23425 1
23422 23423 1
23424 23427 1
23425 23472 1
23426 23427 1
23426 23452 1
23429 23433 1
23429 23481 1
23430 23434 1
23431 23433 1
23431 23435 1
23431 23438 1
23432 23464 1
23432 23486 1
23432 23490 1
23433 23435 1
23434 23436 1
23435 23437 1
23436 23448 1
23436 23453 1
23436 23465 1
23437 23440 1
23438 23439 1
23438 23440 1
23439 23456 1
23442 23443 1
23443 23445 1
23444 23445 1
23444 23462 1
23444 23466 1
23444 23468 1
23446 23447 1
23446 23460 1
23446 23463 1
23446 23466 1
23447 23448 1
23448 23449 1
23449 23450 1
23449 23451 1
23450 23451 1
23453 23455 1
23455 23457 1
23456 23462 1
23457 23458 1
23457 23459 1
23458 23460 1
23459 23465 1
23460 23463 1
23460 23466 1
23461 23467 1
23462 23466 1
23463 23466 1
23464 23486 1
23465 23467 1
23469 23473 1
23470 23473 1
23470 23474 1
23470 23476 1
23471 23472 1
23471 23474 1
23475 23476 1
23475 23499 1
23476 23477 1
23477 23478 1
23477 23481 1
23478 23479 1
23478 23481 1
23480 23482 1
23480 23498 1
23482 23483 1
23483 23489 1
23484 23485 1
23484 23489 1
23485 23487 1
23490 23492 1
23491 23493 1
23492 23494 1
23493 23497 1
23494 23495 1
23495 23496 1
23496 23498 1
23497 23499 1
23498 23500 1
23501 23502 1
23501 23515 1
23502 23510 1
23503 23504 1
23503 23505 1
23503 25177 1
23504 25686 1
23504 25691 1
23505 23506 1
23505 25177 1
23506 23509 1
23507 23508 1
23507 23510 1
23508 23509 1
23508 25687 1
23509 23511 1
23509 23514 1
23511 23512 1
23511 23513 1
23512 25177 1
23512 25181 1
23512 25184 1
23513 25411 1
23514 25177 1
23514 25181 1
23514 25184 1
23514 25690 1
23514 25691 1
23515 23966 1
23516 23518 1
23516 25585 1
23517 23518 1
23517 25576 1
23517 25577 1
23519 23525 1
23519 24722 1
23520 23521 1
23520 23525 1
23521 23522 1
23522 24176 1
23523 23524 1
23523 23525 1
23524 24711 1
23526 23530 1
23526 24008 1
23527 23529 1
23527 23530 1
23528 23529 1
23528 24038 1
23531 23535 1
23531 23865 1
23532 23533 1
23532 23534 1
23533 25180 1
23534 23538 1
23535 23536 1
23536 25175 1
23536 25180 1
23536 25183 1
23537 23538 1
23537 25502 1
23539 23540 1
23539 23548 1
23539 25075 1
23539 25326 1
23539 25328 1
23540 23542 1
23541 23542 1
23541 23545 1
23542 23543 1
23542 25326 1
23542 25328 1
23543 25326 1
23543 25328 1
23543 25330 1
23544 23550 1
23544 25326 1
23544 25328 1
23545 23547 1
23546 23551 1
23546 23552 1
23546 23553 1
23547 23548 1
23547 23552 1
23548 23551 1
23548 23552 1
23548 25075 1
23549 23551 1
23549 24050 1
23549 24051 1
23549 24052 1
23550 23551 1
23550 24056 1
23551 23552 1
23552 23553 1
23552 23894 1
23552 25001 1
23553 23554 1
23554 25075 1
23554 25076 1
23554 25077 1
23554 25079 1
23555 23716 1
23555 25509 1
23556 23557 1
23556 23716 1
23556 25512 1
23557 23716 1
23557 25095 1
23557 25112 1
23557 25116 1
23557 25119 1
23557 25656 1
23558 24781 1
23558 25484 1
23559 23560 1
23559 23562 1
23560 23561 1
23561 25502 1
23562 23564 1
23563 23564 1
23563 24780 1
23565 23570 1
23565 23571 1
23566 23567 1
23566 23588 1
23567 23568 1
23568 23569 1
23569 23737 1
23570 23576 1
23570 23582 1
23572 23584 1
23572 23589 1
23572 25592 1
23573 23575 1
23573 23581 1
23573 25412 1
23574 23575 1
23574 23589 1
23576 23584 1
23577 23579 1
23577 23899 1
23577 25124 1
23577 25355 1
23577 25357 1
23578 23580 1
23578 23900 1
23579 23580 1
23579 23583 1
23579 23586 1
23579 25124 1
23581 23899 1
23582 23588 1
23583 23585 1
23583 23586 1
23583 25112 1
23584 23589 1
23585 25112 1
23585 25674 1
23586 23587 1
23587 25674 1
23590 23591 1
23590 23600 1
23591 23595 1
23592 23597 1
23592 25456 1
23592 25458 1
23593 23594 1
23594 25431 1
23595 23597 1
23596 23599 1
23596 23676 1
23598 24787 1
23599 23600 1
23601 23602 1
23601 23603 1
23601 23606 1
23601 23608 1
23602 23607 1
23603 25083 1
23604 23605 1
23604 23804 1
23605 25084 1
23606 25081 1
23608 23616 1
23609 23611 1
23609 25083 1
23610 23614 1
23610 25337 1
23611 23613 1
23612 23613 1
23614 23615 1
23615 23616 1
23617 23636 1
23617 24820 1
23618 23623 1
23618 23646 1
23618 24121 1
23619 23655 1
23619 25794 1
23620 23652 1
23620 23654 1
23621 23622 1
23621 23624 1
23621 23649 1
23622 23624 1
23622 23652 1
23623 23625 1
23623 24121 1
23624 25797 1
23625 23651 1
23626 23634 1
23627 23633 1
23627 23638 1
23627 23641 1
23628 23629 1
23628 23630 1
23629 23641 1
23630 23631 1
23631 23632 1
23632 23642 1
23633 23634 1
23633 23638 1
23633 23641 1
23634 23635 1
23635 23637 1
23636 23643 1
23637 23643 1
23638 23639 1
23639 23640 1
23639 23647 1
23642 23644 1
23644 23645 1
23645 23748 1
23646 23744 1
23647 23648 1
23648 23649 1
23650 23653 1
23650 24150 1
23651 23655 1
23653 23656 1
23654 23655 1
23656 25796 1
23657 23663 1
23657 25043 1
23658 23661 1
23658 25483 1
23659 23660 1
23659 23661 1
23660 25500 1
23660 25501 1
23661 23662 1
23661 23663 1
23661 25052 1
23662 23664 1
23664 25038 1
23665 23670 1
23665 24801 1
23665 24817 1
23666 23670 1
23666 24074 1
23667 23668 1
23667 23677 1
23668 23672 1
23668 23674 1
23668 23675 1
23669 23671 1
23669 23674 1
23670 23671 1
23670 24817 1
23672 23673 1
23673 24082 1
23673 25821 1
23674 23675 1
23674 25618 1
23674 25619 1
23674 25621 1
23675 23676 1
23677 24080 1
23678 23679 1
23678 23680 1
23679 23789 1
23680 23715 1
23680 23766 1
23681 23682 1
23681 25791 1
23682 25588 1
23682 25591 1
23683 23684 1
23683 25746 1
23684 25752 1
23684 25824 1
23685 23697 1
23686 23687 1
23686 23697 1
23687 23688 1
23688 23689 1
23689 23691 1
23690 23691 1
23690 23700 1
23691 23692 1
23692 23693 1
23692 23703 1
23693 23694 1
23694 23696 1
23695 23699 1
23695 23702 1
23696 23699 1
23696 25542 1
23698 23701 1
23698 23702 1
23700 23868 1
23701 23708 1
23703 23705 1
23704 23705 1
23706 23707 1
23706 23708 1
23709 23710 1
23709 23712 1
23710 23711 1
23710 25823 1
23711 25822 1
23711 25823 1
23712 23713 1
23713 25459 1
23714 23715 1
23714 25421 1
23715 25459 1
23716 25666 1
23716 25667 1
23717 24249 1
23718 23723 1
23718 23728 1
23719 23720 1
23719 23721 1
23719 23738 1
23720 23724 1
23720 23731 1
23720 23738 1
23721 23722 1
23722 24837 1
23723 24244 1
23724 23725 1
23724 23732 1
23725 23726 1
23725 25085 1
23726 23727 1
23728 23732 1
23729 23735 1
23729 25572 1
23730 23731 1
23730 23733 1
23730 23736 1
23732 23738 1
23732 24242 1
23733 23734 1
23734 24077 1
23735 23736 1
23737 25593 1
23738 24242 1
23739 23740 1
23739 25311 1
23739 25324 1
23739 25328 1
23740 25324 1
23740 25328 1
23740 25329 1
23740 25346 1
23741 23742 1
23741 23748 1
23742 23743 1
23743 23744 1
23743 23745 1
23744 23745 1
23744 23747 1
23745 23747 1
23746 23747 1
23746 23749 1
23749 24155 1
23750 23755 1
23750 23760 1
23751 23753 1
23751 23763 1
23752 23754 1
23752 23764 1
23752 25283 1
23753 23757 1
23754 23758 1
23754 24083 1
23755 23759 1
23755 25622 1
23755 25624 1
23755 25625 1
23756 23757 1
23756 23759 1
23757 23758 1
23758 24083 1
23759 25622 1
23759 25624 1
23760 23761 1
23761 23762 1
23762 23763 1
23764 25283 1
23765 23770 1
23765 23785 1
23765 23790 1
23765 25435 1
23766 25589 1
23767 23769 1
23767 23784 1
23768 23774 1
23769 23775 1
23770 25436 1
23770 25437 1
23771 23772 1
23772 23773 1
23773 25194 1
23774 23788 1
23774 24847 1
23775 23792 1
23776 23777 1
23776 25587 1
23777 24465 1
23778 23792 1
23778 24696 1
23779 24646 1
23780 23781 1
23780 23782 1
23781 23785 1
23782 23783 1
23783 23793 1
23784 23790 1
23786 23787 1
23786 25194 1
23787 24845 1
23788 23793 1
23789 23791 1
23794 23795 1
23794 23797 1
23795 23796 1
23796 25181 1
23796 25473 1
23797 25031 1
23798 23800 1
23798 25472 1
23799 23803 1
23799 23804 1
23799 25006 1
23799 25007 1
23800 23801 1
23800 25059 1
23801 23802 1
23801 25059 1
23802 23803 1
23803 23804 1
23805 23809 1
23805 23815 1
23805 23816 1
23806 23808 1
23806 23824 1
23807 23830 1
23807 24844 1
23808 25445 1
23809 23831 1
23810 23811 1
23810 25443 1
23812 23813 1
23813 25445 1
23814 23815 1
23814 24234 1
23815 23816 1
23816 23817 1
23816 23818 1
23817 23819 1
23818 23820 1
23819 23829 1
23820 23822 1
23821 23822 1
23822 23823 1
23822 23824 1
23822 23828 1
23823 23825 1
23825 23826 1
23826 23827 1
23828 25718 1
23829 25722 1
23830 23831 1
23832 23834 1
23832 25173 1
23833 23835 1
23833 23840 1
23834 24835 1
23835 23841 1
23836 23837 1
23836 24842 1
23836 24843 1
23837 23838 1
23838 24835 1
23839 23840 1
23839 25198 1
23841 23842 1
23842 24834 1
23842 24835 1
23843 23844 1
23843 25677 1
23844 23845 1
23844 23858 1
23844 23859 1
23844 23870 1
23844 23875 1
23844 23878 1
23844 25664 1
23845 23880 1
23846 23851 1
23846 23882 1
23847 23860 1
23847 25677 1
23848 23849 1
23848 23858 1
23849 23850 1
23850 23854 1
23851 23853 1
23852 23860 1
23852 23861 1
23853 23857 1
23854 23856 1
23855 23859 1
23855 25583 1
23856 23866 1
23856 23867 1
23857 23865 1
23859 25664 1
23861 23862 1
23862 25695 1
23863 24007 1
23864 25692 1
23867 25693 1
23868 26392 1
23869 23870 1
23869 23885 1
23869 26341 1
23869 26391 1
23870 23875 1
23870 23878 1
23870 26341 1
23870 26391 1
23871 23872 1
23871 23887 1
23872 23875 1
23873 23883 1
23874 23883 1
23874 23885 1
23874 23886 1
23875 23876 1
23876 24779 1
23876 24781 1
23877 23878 1
23877 23879 1
23879 23881 1
23880 23884 1
23881 23882 1
23881 23884 1
23883 23885 1
23884 24779 1
23884 24781 1
23886 23887 1
23888 23893 1
23888 25012 1
23889 23891 1
23889 24056 1
23890 23892 1
23890 23894 1
23890 23896 1
23891 25477 1
23892 23893 1
23895 23896 1
23895 25564 1
23897 23898 1
23897 25595 1
23898 23899 1
23899 23900 1
23901 23928 1
23901 23936 1
23901 25018 1
23902 23903 1
23902 23956 1
23903 23904 1
23904 23905 1
23905 23906 1
23906 23907 1
23907 23929 1
23908 23944 1
23908 25364 1
23909 23930 1
23909 23938 1
23910 23938 1
23910 23946 1
23911 23943 1
23911 23951 1
23912 23913 1
23912 25303 1
23914 23943 1
23915 23916 1
23915 23917 1
23916 23918 1
23917 23940 1
23918 23919 1
23919 23920 1
23919 23922 1
23920 23921 1
23921 23923 1
23922 23949 1
23923 23925 1
23924 23925 1
23924 23927 1
23926 23927 1
23926 23948 1
23928 23935 1
23929 23931 1
23930 23937 1
23931 23932 1
23931 23936 1
23931 23942 1
23931 23944 1
23932 23936 1
23932 23942 1
23932 23944 1
23932 26041 1
23932 26198 1
23933 23934 1
23934 23935 1
23936 23942 1
23936 23944 1
23937 23939 1
23937 23945 1
23939 23941 1
23939 23947 1
23940 23941 1
23942 23944 1
23942 23951 1
23945 23947 1
23946 25069 1
23949 23950 1
23950 23952 1
23952 23953 1
23953 23954 1
23954 23955 1
23955 23956 1
23957 23958 1
23957 25702 1
23958 23959 1
23958 24092 1
23958 25347 1
23959 24084 1
23960 23961 1
23960 23963 1
23960 23978 1
23961 23962 1
23961 24003 1
23962 23985 1
23963 25660 1
23964 23969 1
23964 24003 1
23965 23966 1
23966 23968 1
23967 23971 1
23967 24003 1
23969 23974 1
23970 23973 1
23970 23981 1
23971 23975 1
23971 23976 1
23971 23996 1
23972 23973 1
23972 23980 1
23974 23982 1
23975 23977 1
23976 23996 1
23976 25393 1
23976 25397 1
23977 23979 1
23978 25669 1
23979 23991 1
23981 23985 1
23981 25383 1
23981 25392 1
23983 23984 1
23983 24001 1
23983 24004 1
23984 23986 1
23985 25380 1
23985 25383 1
23985 25392 1
23986 23987 1
23987 23988 1
23988 25561 1
23989 23990 1
23990 23992 1
23991 23992 1
23993 23994 1
23993 25404 1
23993 25405 1
23994 23995 1
23995 25406 1
23995 25408 1
23996 23997 1
23996 23998 1
23997 23998 1
23998 25561 1
23999 24000 1
24000 24001 1
24001 24002 1
24001 24004 1
24002 24005 1
24004 24006 1
24005 24007 1
24006 25682 1
24008 24014 1
24009 24030 1
24009 24046 1
24010 24011 1
24010 24026 1
24011 24041 1
24012 24026 1
24012 25601 1
24013 24015 1
24013 24038 1
24015 24016 1
24016 24017 1
24017 24022 1
24018 24019 1
24018 24031 1
24019 24020 1
24020 24021 1
24021 24023 1
24022 24024 1
24023 24028 1
24024 24026 1
24025 24026 1
24025 24027 1
24027 24028 1
24027 24029 1
24028 24029 1
24029 24030 1
24032 24033 1
24033 24035 1
24034 24041 1
24034 24043 1
24035 24036 1
24036 24042 1
24037 24039 1
24037 24042 1
24039 24040 1
24040 24043 1
24041 24043 1
24044 24045 1
24045 24046 1
24047 24049 1
24047 24054 1
24047 24055 1
24047 25407 1
24047 25476 1
24048 24050 1
24048 24055 1
24049 24051 1
24049 24052 1
24049 24055 1
24049 25476 1
24050 24051 1
24050 24052 1
24050 25318 1
24050 25326 1
24050 25328 1
24051 24052 1
24051 24053 1
24051 25318 1
24051 25326 1
24051 25328 1
24052 24099 1
24052 25318 1
24052 25326 1
24052 25328 1
24053 24107 1
24054 25477 1
24054 25479 1
24055 25318 1
24055 25326 1
24055 25328 1
24055 25407 1
24055 25476 1
24057 24058 1
24057 24070 1
24057 24076 1
24058 24075 1
24058 24076 1
24059 24068 1
24059 25600 1
24059 25606 1
24060 24066 1
24061 24076 1
24062 24063 1
24062 24066 1
24063 24064 1
24064 24069 1
24065 24068 1
24065 24075 1
24067 24069 1
24067 24070 1
24069 24071 1
24071 25449 1
24072 25600 1
24072 25617 1
24073 24826 1
24073 25638 1
24074 25617 1
24077 24078 1
24077 24079 1
24078 25513 1
24081 24082 1
24081 24083 1
24084 24094 1
24085 24089 1
24085 24098 1
24086 24088 1
24086 24089 1
24087 24088 1
24090 24091 1
24090 24832 1
24090 24833 1
24091 25738 1
24092 24093 1
24092 25701 1
24092 25705 1
24094 24095 1
24095 24096 1
24096 24097 1
24096 24098 1
24099 24110 1
24100 24101 1
24100 24120 1
24101 24102 1
24102 24103 1
24103 24104 1
24104 24116 1
24105 24115 1
24105 25318 1
24105 25326 1
24105 25327 1
24105 25328 1
24106 24108 1
24106 25328 1
24107 24109 1
24107 24115 1
24108 24113 1
24109 24111 1
24110 25279 1
24111 24112 1
24111 24113 1
24112 24114 1
24114 24118 1
24116 24117 1
24117 25307 1
24118 24119 1
24119 24993 1
24120 24993 1
24121 24140 1
24122 24162 1
24122 24163 1
24123 24158 1
24123 24949 1
24124 24126 1
24124 24138 1
24125 24127 1
24125 24149 1
24126 24128 1
24127 24129 1
24128 24130 1
24128 24131 1
24129 24951 1
24130 24131 1
24130 24133 1
24131 24953 1
24132 24135 1
24132 24155 1
24133 24950 1
24134 24135 1
24134 24137 1
24136 24147 1
24136 24155 1
24137 24139 1
24140 24155 1
24141 24142 1
24142 24143 1
24142 24145 1
24143 24144 1
24144 24146 1
24145 24147 1
24146 24148 1
24148 24151 1
24149 24152 1
24151 24153 1
24152 24154 1
24152 24158 1
24153 24157 1
24154 24156 1
24156 24157 1
24157 24159 1
24159 24160 1
24160 24161 1
24161 24162 1
24163 24164 1
24164 24946 1
24165 24203 1
24165 24208 1
24165 24486 1
24166 24225 1
24166 24226 1
24167 24168 1
24167 24711 1
24168 24175 1
24169 24229 1
24169 24873 1
24169 24878 1
24170 24172 1
24170 24223 1
24171 24173 1
24171 24221 1
24171 25721 1
24172 24174 1
24173 24196 1
24173 25721 1
24174 24195 1
24175 24176 1
24176 24177 1
24177 25651 1
24178 24179 1
24178 24186 1
24178 24188 1
24179 24194 1
24180 24215 1
24181 24182 1
24181 24725 1
24182 24183 1
24182 24184 1
24183 24184 1
24183 24185 1
24184 24186 1
24185 24192 1
24186 24188 1
24187 24190 1
24187 24204 1
24188 24190 1
24189 24191 1
24189 24192 1
24191 24216 1
24191 24225 1
24193 24195 1
24194 24207 1
24195 24197 1
24196 24199 1
24197 24198 1
24198 24200 1
24199 24201 1
24201 24202 1
24203 24210 1
24204 24205 1
24205 24206 1
24207 24209 1
24208 24211 1
24209 25654 1
24210 24314 1
24211 24217 1
24212 24213 1
24212 24217 1
24213 24215 1
24214 24229 1
24214 24850 1
24216 24220 1
24218 24219 1
24218 24220 1
24219 25708 1
24220 24221 1
24221 24222 1
24221 24224 1
24222 24224 1
24223 24224 1
24226 24227 1
24228 24230 1
24228 24231 1
24230 24231 1
24230 24851 1
24231 24232 1
24232 24233 1
24233 24234 1
24235 24239 1
24235 24240 1
24236 24238 1
24237 24238 1
24237 25365 1
24239 25628 1
24239 25630 1
24240 25200 1
24241 24253 1
24242 24249 1
24243 24248 1
24243 24253 1
24244 25429 1
24245 24246 1
24245 24249 1
24245 25623 1
24246 24249 1
24246 24251 1
24246 24252 1
24247 24250 1
24247 24252 1
24248 24251 1
24249 24252 1
24251 24254 1
24254 26249 1
24255 24446 1
24255 24448 1
24256 24259 1
24256 24754 1
24257 24261 1
24257 24761 1
24258 24467 1
24258 24760 1
24259 24278 1
24260 24468 1
24260 24469 1
24260 24762 1
24261 24386 1
24261 24472 1
24262 24263 1
24262 24467 1
24262 24470 1
24263 24384 1
24264 24265 1
24264 24270 1
24265 24354 1
24266 24287 1
24266 24765 1
24266 24772 1
24267 24268 1
24267 24403 1
24268 24352 1
24269 24270 1
24269 24462 1
24271 24274 1
24271 24283 1
24271 24352 1
24272 24276 1
24272 24462 1
24273 24274 1
24273 24352 1
24274 24280 1
24274 24283 1
24274 24402 1
24275 24278 1
24275 25776 1
24276 24277 1
24277 24463 1
24277 24685 1
24278 24287 1
24279 24280 1
24279 24281 1
24281 24687 1
24282 24284 1
24282 24684 1
24283 24284 1
24284 24689 1
24285 24286 1
24285 24406 1
24286 24309 1
24287 24546 1
24288 24362 1
24288 24455 1
24288 24731 1
24288 24735 1
24288 24738 1
24289 24291 1
24289 24731 1
24289 24735 1
24289 24738 1
24290 24291 1
24290 24362 1
24291 24292 1
24291 24352 1
24292 24496 1
24293 24294 1
24293 24329 1
24294 24336 1
24294 24493 1
24295 24296 1
24295 24298 1
24295 24344 1
24295 24492 1
24295 24494 1
24296 24298 1
24296 24348 1
24297 24299 1
24297 24418 1
24298 24319 1
24299 24322 1
24299 24349 1
24299 24350 1
24299 24400 1
24300 24301 1
24300 24302 1
24300 24303 1
24300 24318 1
24300 24764 1
24301 24304 1
24301 24307 1
24301 24321 1
24301 24342 1
24301 24357 1
24301 24358 1
24302 24770 1
24303 24358 1
24304 24342 1
24304 24355 1
24304 24357 1
24305 24306 1
24305 24413 1
24306 24342 1
24306 24355 1
24306 24360 1
24307 24323 1
24307 24342 1
24307 24412 1
24308 24327 1
24308 24329 1
24308 24332 1
24308 24333 1
24309 24690 1
24310 24335 1
24310 24387 1
24310 24728 1
24311 24315 1
24311 24684 1
24312 24451 1
24312 24453 1
24313 24326 1
24313 24398 1
24314 24317 1
24315 24686 1
24316 24648 1
24316 24688 1
24317 24648 1
24318 24319 1
24319 24320 1
24320 24321 1
24322 24323 1
24322 24349 1
24324 24330 1
24324 24375 1
24325 24337 1
24325 24399 1
24326 24335 1
24326 24728 1
24327 24380 1
24328 24336 1
24328 24474 1
24329 24333 1
24330 24694 1
24331 24553 1
24331 24564 1
24332 24333 1
24332 24343 1
24332 24552 1
24333 24344 1
24333 24346 1
24334 24691 1
24334 25763 1
24335 24339 1
24337 24695 1
24338 24340 1
24338 24357 1
24338 24358 1
24338 24388 1
24339 24727 1
24340 24505 1
24340 24770 1
24340 24775 1
24341 24367 1
24341 24521 1
24342 24412 1
24342 24413 1
24343 24347 1
24344 24492 1
24344 24494 1
24345 24356 1
24345 24457 1
24345 24459 1
24345 24460 1
24345 24463 1
24346 24348 1
24347 24350 1
24347 24376 1
24347 24380 1
24348 24349 1
24351 24352 1
24351 24497 1
24352 24354 1
24353 24363 1
24353 24520 1
24353 24523 1
24355 24357 1
24355 24360 1
24356 24375 1
24356 24398 1
24356 24457 1
24357 24358 1
24357 24389 1
24359 24360 1
24359 24565 1
24360 24390 1
24361 24362 1
24362 24364 1
24362 24388 1
24363 24387 1
24363 24520 1
24364 24365 1
24364 24369 1
24364 24388 1
24365 24366 1
24365 24496 1
24366 24368 1
24366 24369 1
24368 24498 1
24369 24388 1
24369 24391 1
24369 24393 1
24369 24466 1
24369 24498 1
24370 24371 1
24370 24374 1
24370 24752 1
24371 24373 1
24371 24374 1
24372 24518 1
24372 24567 1
24373 24376 1
24373 24378 1
24373 24386 1
24374 24379 1
24375 24398 1
24376 24384 1
24377 24381 1
24377 24386 1
24378 24380 1
24379 24383 1
24380 24381 1
24380 24563 1
24381 24382 1
24381 24642 1
24382 24426 1
24383 24426 1
24383 24625 1
24384 24549 1
24384 24552 1
24384 24555 1
24384 24561 1
24384 24641 1
24385 24395 1
24388 24389 1
24388 24390 1
24388 24391 1
24388 24505 1
24390 24391 1
24391 24392 1
24391 24565 1
24393 24397 1
24393 24498 1
24393 24501 1
24393 24503 1
24394 24504 1
24394 24610 1
24395 24398 1
24396 24576 1
24396 24613 1
24397 24581 1
24399 24463 1
24400 24401 1
24400 24417 1
24401 24412 1
24401 24417 1
24402 24406 1
24403 24405 1
24404 24406 1
24404 24497 1
24405 24408 1
24405 24497 1
24405 24502 1
24406 24407 1
24407 24409 1
24408 24501 1
24408 24502 1
24408 24605 1
24409 24605 1
24410 24420 1
24410 24538 1
24411 24437 1
24411 24541 1
24412 24413 1
24413 24415 1
24413 24565 1
24413 24585 1
24414 24483 1
24414 24567 1
24415 24587 1
24416 24420 1
24416 24428 1
24416 24528 1
24416 24535 1
24416 24542 1
24417 24421 1
24418 24419 1
24419 24421 1
24419 24563 1
24420 24430 1
24420 24433 1
24421 24423 1
24421 24585 1
24422 24424 1
24422 24561 1
24422 24564 1
24423 24424 1
24423 24584 1
24424 24583 1
24425 24477 1
24425 24584 1
24426 24625 1
24427 24549 1
24427 24628 1
24428 24430 1
24429 24447 1
24429 24629 1
24430 24437 1
24430 24442 1
24431 24432 1
24431 24623 1
24432 24435 1
24432 24615 1
24432 24616 1
24433 24454 1
24433 24516 1
24434 24660 1
24435 24614 1
24436 24606 1
24436 24607 1
24436 24610 1
24437 24442 1
24437 24461 1
24438 24578 1
24438 24605 1
24438 24607 1
24438 24614 1
24438 24617 1
24439 24443 1
24439 24625 1
24440 24464 1
24440 24566 1
24441 24536 1
24441 25815 1
24442 24732 1
24443 24444 1
24443 24449 1
24444 24696 1
24445 24446 1
24445 24646 1
24447 24448 1
24447 24637 1
24449 24629 1
24450 24451 1
24450 24636 1
24450 24637 1
24452 24655 1
24452 24852 1
24453 24840 1
24454 24516 1
24454 24521 1
24454 24535 1
24455 24462 1
24456 24459 1
24456 24519 1
24456 24522 1
24456 24737 1
24457 24459 1
24457 24460 1
24457 24736 1
24457 24738 1
24458 24460 1
24458 24462 1
24461 24516 1
24461 24520 1
24464 24566 1
24464 24604 1
24464 24747 1
24465 24604 1
24465 24753 1
24466 24568 1
24466 24574 1
24467 24473 1
24468 24471 1
24469 24470 1
24470 24472 1
24471 24475 1
24472 24474 1
24473 24476 1
24475 24476 1
24475 24743 1
24477 24560 1
24478 24651 1
24478 24652 1
24479 24652 1
24479 24653 1
24480 24653 1
24480 24654 1
24481 24570 1
24481 24578 1
24481 24579 1
24482 24570 1
24482 24579 1
24482 24597 1
24483 24506 1
24484 24499 1
24484 24545 1
24485 24618 1
24485 24621 1
24486 24618 1
24487 24489 1
24487 24743 1
24488 24492 1
24488 24764 1
24489 24491 1
24490 24510 1
24490 24763 1
24491 24492 1
24493 24494 1
24495 24510 1
24495 24512 1
24495 24547 1
24496 24497 1
24496 24498 1
24497 24498 1
24498 24500 1
24499 24510 1
24500 24502 1
24501 24503 1
24502 24503 1
24503 24504 1
24505 24775 1
24505 24776 1
24506 24508 1
24506 24528 1
24506 24535 1
24506 24546 1
24507 24586 1
24507 24587 1
24508 24510 1
24508 24512 1
24509 24593 1
24509 24670 1
24510 24511 1
24510 24512 1
24510 24514 1
24511 24767 1
24512 24513 1
24512 24515 1
24513 24514 1
24513 24537 1
24514 24537 1
24514 24538 1
24515 24540 1
24516 24517 1
24516 24520 1
24517 24519 1
24517 24520 1
24518 24525 1
24522 24523 1
24524 24526 1
24524 24536 1
24525 24528 1
24526 24527 1
24526 24530 1
24527 24532 1
24528 24535 1
24528 24542 1
24529 24536 1
24529 25811 1
24530 25816 1
24531 24533 1
24531 25816 1
24532 24534 1
24533 24534 1
24534 24535 1
24535 24542 1
24537 24538 1
24537 24539 1
24537 24543 1
24539 24541 1
24539 24773 1
24539 24776 1
24540 24542 1
24543 24740 1
24544 24545 1
24544 24634 1
24546 24547 1
24546 24548 1
24546 24666 1
24546 24741 1
24548 24742 1
24549 24553 1
24549 24631 1
24550 24556 1
24550 24659 1
24551 24567 1
24551 25782 1
24552 24557 1
24552 24559 1
24554 24555 1
24554 24651 1
24555 24561 1
24556 24560 1
24557 24563 1
24558 24567 1
24558 25787 1
24559 24562 1
24562 24564 1
24565 24568 1
24565 24572 1
24565 24590 1
24565 24596 1
24565 24598 1
24567 24580 1
24569 24570 1
24569 24571 1
24569 24602 1
24571 24572 1
24572 24574 1
24572 24575 1
24572 24598 1
24573 24579 1
24573 24600 1
24575 24577 1
24576 24578 1
24577 24581 1
24577 24610 1
24578 24614 1
24578 24617 1
24578 24619 1
24580 24595 1
24582 24603 1
24582 24652 1
24583 24586 1
24584 24585 1
24584 24589 1
24584 24590 1
24585 24587 1
24586 24589 1
24587 24590 1
24587 24596 1
24587 24598 1
24588 24594 1
24588 24672 1
24589 24590 1
24589 24591 1
24589 24592 1
24590 24596 1
24590 24598 1
24591 24603 1
24592 24597 1
24593 24594 1
24593 24600 1
24593 24601 1
24594 24599 1
24595 24609 1
24596 24598 1
24596 24602 1
24601 24671 1
24604 24747 1
24604 24749 1
24604 24753 1
24605 24606 1
24605 24607 1
24605 24608 1
24605 24612 1
24606 24607 1
24607 24612 1
24608 24611 1
24608 24683 1
24609 24624 1
24610 24613 1
24610 24614 1
24611 24683 1
24612 24623 1
24614 24617 1
24615 24617 1
24616 24660 1
24617 24622 1
24619 24620 1
24620 24662 1
24621 24623 1
24621 24649 1
24622 24661 1
24624 24650 1
24626 24629 1
24626 24642 1
24627 24630 1
24627 24641 1
24628 24629 1
24630 24632 1
24631 24633 1
24631 24643 1
24632 24633 1
24632 24635 1
24633 24635 1
24635 24636 1
24635 24638 1
24636 24637 1
24638 24639 1
24639 24655 1
24640 24643 1
24640 24657 1
24644 24645 1
24644 24683 1
24645 24712 1
24647 24649 1
24647 24688 1
24650 24666 1
24651 24868 1
24656 24657 1
24658 24659 1
24661 24663 1
24662 24667 1
24663 24665 1
24664 24668 1
24664 24871 1
24665 24669 1
24667 24668 1
24667 24673 1
24668 24673 1
24669 24870 1
24670 24675 1
24671 24674 1
24672 24676 1
24673 24678 1
24674 24679 1
24675 24677 1
24676 24681 1
24679 24680 1
24680 24682 1
24681 24882 1
24682 24880 1
24683 24690 1
24685 24689 1
24687 24689 1
24689 24692 1
24690 24693 1
24690 24714 1
24690 24717 1
24691 24707 1
24691 24713 1
24692 24703 1
24693 24715 1
24694 24706 1
24695 24699 1
24697 24698 1
24697 24706 1
24698 24903 1
24699 24700 1
24700 24701 1
24700 24903 1
24701 24702 1
24701 24903 1
24702 24704 1
24703 24704 1
24705 25775 1
24707 24713 1
24707 24759 1
24708 24710 1
24708 24723 1
24709 24711 1
24709 24720 1
24709 24724 1
24710 24711 1
24712 24716 1
24713 24721 1
24715 24718 1
24716 24720 1
24717 24722 1
24718 24719 1
24719 24723 1
24720 24724 1
24721 24745 1
24724 24725 1
24726 24727 1
24726 24960 1
24728 24967 1
24729 24731 1
24729 24733 1
24729 24740 1
24729 24777 1
24730 24754 1
24732 24734 1
24733 24736 1
24733 24737 1
24734 24736 1
24735 24736 1
24735 24738 1
24736 24737 1
24739 24772 1
24739 25772 1
24739 25774 1
24739 25775 1
24742 24743 1
24743 24744 1
24744 24763 1
24745 24765 1
24746 24748 1
24746 24755 1
24746 25792 1
24747 24749 1
24748 24755 1
24748 24758 1
24749 24751 1
24750 24751 1
24750 24756 1
24752 24753 1
24755 24759 1
24756 24757 1
24757 24761 1
24758 24760 1
24759 24762 1
24764 24766 1
24764 24769 1
24766 24768 1
24766 24769 1
24767 24768 1
24768 24771 1
24768 24773 1
24769 24770 1
24769 24774 1
24770 24771 1
24771 24773 1
24771 24774 1
24773 24776 1
24774 24775 1
24776 24777 1
24778 24780 1
24778 25014 1
24782 24805 1
24782 24831 1
24783 24805 1
24783 24830 1
24784 24785 1
24785 24788 1
24786 24787 1
24786 24790 1
24786 24815 1
24786 24816 1
24788 24789 1
24789 24792 1
24790 24791 1
24791 24799 1
24792 25742 1
24793 24797 1
24793 24826 1
24794 24798 1
24794 25822 1
24795 25742 1
24795 25750 1
24795 25751 1
24796 24799 1
24796 25820 1
24797 24800 1
24797 24802 1
24798 25749 1
24798 25750 1
24798 25751 1
24800 24802 1
24800 24809 1
24801 24810 1
24802 24803 1
24804 24805 1
24804 25452 1
24806 24807 1
24806 24818 1
24806 25454 1
24807 24818 1
24807 24820 1
24808 24809 1
24808 24811 1
24808 25639 1
24810 24822 1
24810 25645 1
24811 25639 1
24812 24813 1
24812 24817 1
24813 24816 1
24814 24815 1
24814 24828 1
24818 24819 1
24819 24821 1
24822 24824 1
24823 24824 1
24823 24830 1
24823 25644 1
24824 24828 1
24824 24830 1
24825 24827 1
24825 25643 1
24827 24829 1
24829 24831 1
24832 24833 1
24832 25701 1
24834 24835 1
24835 25358 1
24836 24837 1
24836 24838 1
24838 24839 1
24838 26240 1
24839 25569 1
24840 24853 1
24840 24856 1
24841 24853 1
24842 24843 1
24842 24889 1
24843 24844 1
24845 24846 1
24846 24848 1
24847 24856 1
24848 24849 1
24849 24855 1
24850 24851 1
24852 24860 1
24853 24856 1
24854 24857 1
24854 24861 1
24855 24857 1
24857 24859 1
24857 24860 1
24858 24866 1
24858 24885 1
24859 24860 1
24861 24862 1
24862 24863 1
24863 24864 1
24864 24869 1
24865 24867 1
24865 24886 1
24866 24874 1
24867 24868 1
24870 24872 1
24871 24872 1
24872 24873 1
24873 24875 1
24874 24882 1
24875 24876 1
24876 24877 1
24877 24881 1
24879 24883 1
24879 24884 1
24880 24884 1
24883 24888 1
24883 24889 1
24885 24887 1
24887 24888 1
24888 24889 1
24890 24893 1
24890 25805 1
24891 24923 1
24891 25810 1
24892 24941 1
24892 24989 1
24893 24992 1
24894 24895 1
24894 24991 1
24895 24958 1
24895 24960 1
24896 24897 1
24896 24898 1
24896 24927 1
24897 24899 1
24897 24927 1
24898 24901 1
24899 24934 1
24900 24901 1
24902 24908 1
24902 24967 1
24902 24968 1
24903 24905 1
24904 24921 1
24904 24976 1
24905 24906 1
24906 24907 1
24907 24908 1
24908 24909 1
24909 24957 1
24910 24943 1
24910 24974 1
24911 24914 1
24911 24973 1
24912 24913 1
24912 24972 1
24913 24920 1
24914 24915 1
24915 24916 1
24916 24917 1
24917 24918 1
24917 24919 1
24919 24920 1
24919 24921 1
24920 24921 1
24922 24940 1
24922 24943 1
24922 24976 1
24923 24953 1
24924 24926 1
24924 24932 1
24925 24930 1
24925 24931 1
24926 24933 1
24927 25191 1
24928 24929 1
24928 24948 1
24929 24933 1
24930 24948 1
24931 24990 1
24932 24984 1
24934 24935 1
24934 24942 1
24935 24936 1
24936 24937 1
24937 24938 1
24938 24939 1
24939 24941 1
24940 24943 1
24940 24985 1
24942 24973 1
24944 24945 1
24944 24949 1
24946 24947 1
24947 24948 1
24948 24971 1
24948 24975 1
24951 24952 1
24952 24977 1
24952 24991 1
24954 24955 1
24954 24983 1
24955 24956 1
24956 25186 1
24957 25190 1
24958 24961 1
24958 24962 1
24959 24961 1
24959 24988 1
24961 24962 1
24962 24963 1
24963 24964 1
24964 24967 1
24965 24966 1
24965 25190 1
24966 24968 1
24969 24970 1
24969 24975 1
24970 24974 1
24971 24972 1
24977 24978 1
24977 24990 1
24977 24991 1
24978 24979 1
24979 24980 1
24980 24981 1
24981 24982 1
24982 24983 1
24983 24984 1
24983 24986 1
24985 24989 1
24986 24987 1
24987 24988 1
24991 24992 1
24994 24995 1
24994 24999 1
24994 25004 1
24995 25000 1
24996 25005 1
24996 25008 1
24997 25005 1
24997 25011 1
24998 24999 1
24998 25411 1
24999 25004 1
25000 25010 1
25001 25002 1
25001 25007 1
25002 25003 1
25003 25070 1
25004 25006 1
25005 25012 1
25006 25007 1
25008 25009 1
25010 25011 1
25013 25482 1
25013 25540 1
25014 25532 1
25015 25016 1
25015 25527 1
25017 25018 1
25017 25336 1
25018 25067 1
25018 25068 1
25018 25069 1
25019 25020 1
25019 25068 1
25021 25023 1
25021 25029 1
25022 25027 1
25022 25066 1
25024 25055 1
25024 25266 1
25025 25058 1
25025 25060 1
25026 25029 1
25026 25030 1
25027 25040 1
25028 25062 1
25028 25304 1
25030 25059 1
25030 25060 1
25031 25032 1
25033 25034 1
25033 25050 1
25034 25036 1
25035 25037 1
25035 25530 1
25036 25046 1
25036 25049 1
25037 25039 1
25038 25041 1
25039 25041 1
25040 25045 1
25042 25045 1
25042 25057 1
25043 25481 1
25044 25057 1
25046 25057 1
25047 25048 1
25047 25442 1
25048 25050 1
25049 25441 1
25051 25064 1
25051 25492 1
25052 25053 1
25053 25054 1
25053 25057 1
25053 25064 1
25054 25057 1
25054 25063 1
25055 25056 1
25056 25058 1
25057 25067 1
25059 25060 1
25061 25062 1
25061 25065 1
25063 25264 1
25065 25266 1
25066 25529 1
25067 25068 1
25070 25077 1
25071 25072 1
25071 25076 1
25072 25073 1
25073 25074 1
25074 25318 1
25074 25323 1
25075 25076 1
25075 25077 1
25075 25078 1
25075 25079 1
25075 25081 1
25076 25077 1
25076 25078 1
25076 25079 1
25076 25081 1
25078 25079 1
25078 25084 1
25079 25080 1
25080 25082 1
25082 25338 1
25085 25094 1
25086 25115 1
25086 25511 1
25086 25512 1
25087 25088 1
25087 25098 1
25087 25108 1
25087 25120 1
25088 25119 1
25089 25090 1
25089 25681 1
25090 25091 1
25091 25092 1
25092 25106 1
25093 25109 1
25093 25116 1
25094 25116 1
25095 25096 1
25095 25102 1
25095 25112 1
25095 25121 1
25096 25108 1
25096 25116 1
25096 25119 1
25097 25099 1
25097 25100 1
25097 25104 1
25098 25103 1
25099 25104 1
25101 25109 1
25101 25114 1
25102 25104 1
25102 25107 1
25103 25105 1
25105 25106 1
25107 25110 1
25108 25111 1
25110 25596 1
25111 25598 1
25112 25116 1
25112 25119 1
25113 25118 1
25113 25516 1
25114 25117 1
25115 25120 1
25115 25511 1
25117 25118 1
25117 25119 1
25117 25511 1
25118 25119 1
25119 25121 1
25122 25125 1
25122 25133 1
25122 25135 1
25122 25137 1
25123 25139 1
25124 25138 1
25125 25137 1
25125 25354 1
25126 25127 1
25126 25139 1
25128 25130 1
25128 25134 1
25128 25135 1
25129 25131 1
25129 25139 1
25130 25132 1
25131 25132 1
25132 25383 1
25132 25395 1
25134 25135 1
25134 25480 1
25136 25140 1
25136 25145 1
25136 25390 1
25137 25138 1
25140 25145 1
25140 25400 1
25140 25446 1
25141 25154 1
25141 25155 1
25141 25446 1
25142 25152 1
25142 25171 1
25143 25149 1
25144 25146 1
25144 25147 1
25144 25271 1
25145 25170 1
25145 25400 1
25146 25149 1
25147 25148 1
25147 25271 1
25148 25166 1
25150 25446 1
25151 25152 1
25151 25153 1
25153 25154 1
25154 25155 1
25154 25170 1
25155 25157 1
25156 25157 1
25156 25161 1
25156 25270 1
25156 25279 1
25156 25281 1
25157 25161 1
25158 25159 1
25158 25398 1
25158 25400 1
25159 25160 1
25160 25161 1
25160 25162 1
25161 25162 1
25162 25163 1
25163 25407 1
25164 25277 1
25164 25407 1
25165 25166 1
25165 25270 1
25165 25271 1
25167 25168 1
25167 25169 1
25169 25171 1
25172 25174 1
25173 25174 1
25176 25177 1
25176 25183 1
25177 25184 1
25178 25179 1
25178 25180 1
25178 25504 1
25178 25505 1
25178 25507 1
25179 25180 1
25179 25181 1
25179 25507 1
25180 25181 1
25180 25182 1
25180 25507 1
25181 25183 1
25181 25184 1
25182 25183 1
25185 25188 1
25185 25191 1
25186 25187 1
25187 25190 1
25188 25189 1
25189 25190 1
25192 25193 1
25192 25466 1
25193 25465 1
25193 25704 1
25194 25197 1
25194 25199 1
25195 25199 1
25195 25355 1
25196 25197 1
25196 25198 1
25200 25203 1
25201 25206 1
25202 25223 1
25203 25205 1
25204 25205 1
25204 25206 1
25204 25209 1
25204 25210 1
25205 25206 1
25206 25208 1
25207 25209 1
25208 25210 1
25209 25211 1
25209 25300 1
25210 25212 1
25211 25288 1
25212 25213 1
25213 25214 1
25214 25215 1
25214 25218 1
25215 25216 1
25215 25218 1
25216 25217 1
25217 25300 1
25218 25221 1
25219 25221 1
25219 25222 1
25220 25222 1
25220 25223 1
25224 25225 1
25224 25229 1
25224 25241 1
25224 25243 1
25224 25709 1
25224 25719 1
25225 25226 1
25225 25229 1
25225 25241 1
25225 25243 1
25225 25263 1
25226 25227 1
25227 25261 1
25228 25243 1
25228 25245 1
25228 25259 1
25229 25230 1
25229 25241 1
25230 25231 1
25230 25236 1
25231 25236 1
25231 25237 1
25232 25234 1
25232 25236 1
25233 25234 1
25233 25237 1
25234 25238 1
25235 25239 1
25235 25242 1
25238 25711 1
25239 25718 1
25240 25258 1
25240 25261 1
25241 25243 1
25242 25246 1
25244 25258 1
25245 25262 1
25246 25252 1
25247 25248 1
25247 25262 1
25249 25250 1
25249 25259 1
25250 25251 1
25251 25253 1
25251 25255 1
25252 25263 1
25253 25255 1
25254 25257 1
25254 25260 1
25255 25256 1
25256 25257 1
25264 25265 1
25265 25267 1
25266 25267 1
25266 25268 1
25268 25269 1
25269 25496 1
25270 25271 1
25270 25278 1
25270 25279 1
25270 25281 1
25271 25272 1
25272 25273 1
25273 25276 1
25274 25275 1
25275 25276 1
25277 25278 1
25278 25279 1
25278 25281 1
25279 25281 1
25280 25281 1
25282 25284 1
25282 25608 1
25283 25286 1
25284 25285 1
25285 25286 1
25285 25608 1
25287 25297 1
25287 25302 1
25288 25291 1
25289 25292 1
25289 25300 1
25289 25368 1
25290 25298 1
25290 25299 1
25291 25294 1
25292 25295 1
25293 25296 1
25294 25296 1
25295 25298 1
25296 25297 1
25299 25302 1
25301 25635 1
25303 25335 1
25304 25333 1
25304 25341 1
25305 25306 1
25305 25352 1
25306 25312 1
25307 25308 1
25308 25309 1
25309 25310 1
25309 25329 1
25311 25348 1
25312 25313 1
25313 25314 1
25314 25316 1
25315 25317 1
25315 25332 1
25316 25319 1
25316 25320 1
25317 25319 1
25318 25326 1
25318 25328 1
25320 25321 1
25321 25322 1
25323 25324 1
25323 25326 1
25325 25333 1
25325 25334 1
25326 25328 1
25327 25330 1
25331 25333 1
25331 25335 1
25334 25336 1
25337 25339 1
25338 25340 1
25339 25341 1
25340 25342 1
25342 25343 1
25343 25344 1
25344 25345 1
25345 25348 1
25346 25347 1
25347 25700 1
25349 25350 1
25349 25467 1
25350 25351 1
25351 25352 1
25353 25412 1
25354 25356 1
25354 25358 1
25355 25357 1
25356 25480 1
25359 25360 1
25359 25367 1
25360 25361 1
25361 25366 1
25362 25363 1
25362 25366 1
25363 25365 1
25364 25367 1
25368 25369 1
25369 25372 1
25370 25372 1
25371 25373 1
25372 25373 1
25372 25374 1
25373 25374 1
25374 25375 1
25375 25376 1
25376 25377 1
25377 25378 1
25378 25379 1
25379 25861 1
25380 25381 1
25380 25382 1
25381 25382 1
25381 25396 1
25381 25397 1
25382 25399 1
25382 25403 1
25384 25386 1
25384 25410 1
25385 25389 1
25385 25391 1
25386 25387 1
25387 25388 1
25388 25398 1
25389 25390 1
25391 25399 1
25393 25394 1
25393 25397 1
25394 25401 1
25398 25407 1
25400 25407 1
25401 25402 1
25402 25405 1
25403 25409 1
25404 25405 1
25406 25407 1
25406 25408 1
25408 25476 1
25409 25410 1
25413 25415 1
25413 25428 1
25414 25415 1
25414 25420 1
25415 25419 1
25415 25423 1
25416 25417 1
25416 25425 1
25416 25821 1
25417 25418 1
25418 25433 1
25418 25821 1
25419 25422 1
25420 25436 1
25421 25426 1
25422 25425 1
25423 25424 1
25427 25428 1
25427 25438 1
25429 25430 1
25430 25432 1
25431 25433 1
25432 25438 1
25433 25434 1
25439 25442 1
25440 25441 1
25443 25444 1
25444 25445 1
25445 25446 1
25447 25448 1
25447 25449 1
25448 25450 1
25450 25637 1
25451 25453 1
25451 25455 1
25452 25453 1
25452 25454 1
25453 25454 1
25456 25458 1
25457 25458 1
25457 25459 1
25458 25459 1
25460 25466 1
25460 25467 1
25461 25462 1
25461 25469 1
25462 25463 1
25463 25464 1
25465 25468 1
25468 25469 1
25470 25471 1
25470 25472 1
25471 25474 1
25473 25474 1
25473 25475 1
25474 25475 1
25476 25478 1
25477 25479 1
25477 25563 1
25478 25565 1
25479 25563 1
25479 25566 1
25482 25487 1
25483 25486 1
25484 25485 1
25486 25487 1
25488 25494 1
25489 25490 1
25489 25493 1
25489 25501 1
25490 25491 1
25491 25492 1
25493 25495 1
25493 25497 1
25494 25500 1
25495 25496 1
25497 25498 1
25498 25499 1
25499 25505 1
25500 25501 1
25503 25504 1
25503 25508 1
25506 25507 1
25509 25514 1
25510 25513 1
25510 25517 1
25511 25519 1
25514 25518 1
25515 25517 1
25515 25519 1
25516 25519 1
25518 25519 1
25520 25521 1
25520 25547 1
25521 25549 1
25522 25553 1
25522 25554 1
25523 25524 1
25523 25527 1
25523 25559 1
25524 25525 1
25525 25526 1
25526 25528 1
25528 25529 1
25530 25535 1
25531 25533 1
25531 25550 1
25532 25549 1
25533 25534 1
25534 25535 1
25536 25538 1
25536 25548 1
25536 25559 1
25537 25541 1
25537 25548 1
25538 25539 1
25539 25540 1
25541 25549 1
25542 25543 1
25542 25544 1
25543 25544 1
25543 25545 1
25543 25560 1
25544 25545 1
25544 25546 1
25545 25548 1
25546 25547 1
25550 25551 1
25551 25552 1
25552 25553 1
25554 25555 1
25555 25557 1
25556 25557 1
25556 25558 1
25558 25559 1
25558 25560 1
25559 25560 1
25561 25566 1
25562 25565 1
25562 25566 1
25563 25564 1
25563 25566 1
25567 25572 1
25567 25575 1
25568 25586 1
25569 25570 1
25569 25571 1
25570 25571 1
25570 25574 1
25571 25576 1
25573 25575 1
25576 25577 1
25577 25579 1
25577 25582 1
25577 26320 1
25578 25584 1
25578 25658 1
25579 25580 1
25580 25581 1
25581 25583 1
25582 26348 1
25584 25585 1
25586 26315 1
25587 25589 1
25587 25590 1
25588 25591 1
25592 25597 1
25594 25595 1
25594 25599 1
25596 25597 1
25598 25599 1
25600 25606 1
25600 25610 1
25601 25602 1
25601 25605 1
25601 25611 1
25602 25603 1
25603 25604 1
25604 25609 1
25605 25608 1
25607 25609 1
25607 25612 1
25611 25618 1
25612 25613 1
25613 25615 1
25614 25615 1
25616 25620 1
25616 25621 1
25618 25619 1
25619 25621 1
25622 25623 1
25622 25624 1
25624 25626 1
25627 25636 1
25627 25735 1
25628 25629 1
25629 25633 1
25630 25631 1
25631 25636 1
25632 25633 1
25632 25634 1
25634 25635 1
25637 25638 1
25640 25641 1
25640 25644 1
25640 25647 1
25641 25642 1
25642 25643 1
25645 25646 1
25646 25647 1
25648 25652 1
25648 25653 1
25649 25650 1
25649 25655 1
25651 25652 1
25653 25655 1
25656 25657 1
25657 25659 1
25658 25666 1
25659 25661 1
25660 25672 1
25661 25665 1
25662 25663 1
25662 25665 1
25662 25671 1
25663 25664 1
25663 25670 1
25663 25671 1
25664 25667 1
25664 25670 1
25668 25671 1
25668 25681 1
25669 25671 1
25669 25674 1
25670 25706 1
25670 25707 1
25671 25674 1
25672 25706 1
25673 25679 1
25675 25677 1
25675 25707 1
25676 25679 1
25676 25680 1
25677 25707 1
25678 25680 1
25680 25706 1
25680 25707 1
25682 25699 1
25683 25684 1
25683 25685 1
25683 25698 1
25683 25699 1
25684 25685 1
25684 25686 1
25685 25687 1
25688 25689 1
25689 25694 1
25690 25694 1
25692 25697 1
25693 25694 1
25693 25695 1
25694 25696 1
25696 25697 1
25700 25703 1
25701 25705 1
25702 25703 1
25703 25704 1
25703 25705 1
25704 25705 1
25706 25707 1
25709 25714 1
25709 25719 1
25710 25712 1
25710 25716 1
25711 25717 1
25712 25717 1
25713 25717 1
25714 25722 1
25715 25729 1
25715 25731 1
25716 25730 1
25719 25720 1
25720 25721 1
25720 25723 1
25721 25723 1
25723 25724 1
25723 25725 1
25724 25726 1
25725 25727 1
25726 25728 1
25727 25729 1
25730 25731 1
25732 25737 1
25732 25738 1
25733 25735 1
25733 25738 1
25734 25736 1
25734 25739 1
25737 25739 1
25740 25741 1
25740 25745 1
25741 25743 1
25741 25753 1
25741 25754 1
25741 25819 1
25743 25771 1
25744 25746 1
25744 25755 1
25744 25790 1
25745 25770 1
25745 25820 1
25747 25748 1
25747 25750 1
25748 25752 1
25749 25751 1
25750 25820 1
25751 25753 1
25754 25767 1
25755 25756 1
25756 25757 1
25756 25765 1
25757 25765 1
25757 25770 1
25758 25760 1
25758 25771 1
25759 25761 1
25759 25766 1
25760 25768 1
25760 25779 1
25761 25763 1
25762 25764 1
25762 25765 1
25764 25772 1
25767 25769 1
25768 25789 1
25768 25802 1
25769 25798 1
25772 25774 1
25772 25775 1
25773 25774 1
25773 25786 1
25774 25775 1
25776 25788 1
25777 25778 1
25777 25813 1
25779 25786 1
25780 25785 1
25780 25789 1
25781 25782 1
25783 25793 1
25784 25800 1
25784 25819 1
25785 25787 1
25785 25788 1
25789 25802 1
25790 25791 1
25791 25792 1
25793 25800 1
25794 25804 1
25795 25796 1
25795 25810 1
25797 25803 1
25798 25799 1
25799 25801 1
25799 25802 1
25799 25803 1
25801 25809 1
25804 25807 1
25805 25806 1
25806 25808 1
25807 25808 1
25808 25809 1
25808 25811 1
25810 25818 1
25812 25814 1
25813 25815 1
25814 25816 1
25814 25817 1
25817 25818 1
25823 25824 1
25825 25826 1
25825 25887 1
25827 25852 1
25827 26100 1
25828 25840 1
25828 25884 1
25829 26203 1
25829 26204 1
25830 25848 1
25830 26206 1
25831 25836 1
25831 26103 1
25832 25833 1
25832 25835 1
25833 25837 1
25834 25839 1
25834 26098 1
25835 25838 1
25836 25838 1
25837 26113 1
25839 26107 1
25840 26195 1
25841 25843 1
25841 26012 1
25842 25844 1
25842 26015 1
25843 25845 1
25844 25847 1
25845 25846 1
25846 25848 1
25847 26090 1
25847 26095 1
25849 25856 1
25849 26190 1
25850 25855 1
25850 26121 1
25851 25857 1
25851 25882 1
25852 25864 1
25853 25854 1
25853 25856 1
25854 25857 1
25855 26163 1
25857 25883 1
25858 25859 1
25859 25860 1
25860 26140 1
25861 25866 1
25862 25863 1
25862 26141 1
25863 25867 1
25864 25872 1
25865 25866 1
25865 25867 1
25867 25868 1
25869 25871 1
25870 25871 1
25870 25946 1
25870 26198 1
25871 26078 1
25871 26080 1
25872 25881 1
25872 26175 1
25873 25877 1
25873 26082 1
25874 25877 1
25874 25880 1
25875 25878 1
25875 25880 1
25876 25948 1
25876 25963 1
25878 25961 1
25879 25963 1
25879 26079 1
25881 25894 1
25881 25922 1
25882 25892 1
25883 25885 1
25883 25886 1
25883 25889 1
25884 25893 1
25885 25891 1
25886 25890 1
25887 25940 1
25888 25894 1
25888 26014 1
25889 25891 1
25890 26183 1
25891 25895 1
25892 26181 1
25893 26183 1
25894 25922 1
25895 25896 1
25895 26157 1
25895 26160 1
25895 26192 1
25896 26185 1
25897 25899 1
25897 25900 1
25897 25978 1
25898 25901 1
25898 25946 1
25899 25904 1
25899 25950 1
25899 25951 1
25900 25904 1
25901 25902 1
25902 25903 1
25903 25904 1
25903 26134 1
25903 26135 1
25904 26132 1
25905 25916 1
25906 25907 1
25906 25908 1
25907 25914 1
25907 25920 1
25907 25924 1
25907 25925 1
25908 25910 1
25909 25912 1
25909 25928 1
25910 25913 1
25911 25917 1
25911 25924 1
25912 25915 1
25913 25918 1
25914 25919 1
25915 26116 1
25916 26014 1
25917 25921 1
25918 25923 1
25919 26115 1
25920 26119 1
25921 26114 1
25922 25944 1
25923 26069 1
25923 26117 1
25923 26157 1
25923 26160 1
25925 25926 1
25926 25927 1
25926 25942 1
25927 25928 1
25927 25933 1
25928 25933 1
25929 25935 1
25929 25945 1
25930 26125 1
25930 26159 1
25931 25932 1
25931 25934 1
25932 25933 1
25933 25936 1
25934 25935 1
25935 25938 1
25936 25937 1
25937 26047 1
25938 25939 1
25939 26046 1
25940 25977 1
25941 25942 1
25941 25945 1
25943 25956 1
25943 26014 1
25944 25947 1
25946 25961 1
25946 26198 1
25947 26121 1
25948 25949 1
25949 25950 1
25951 25952 1
25951 25978 1
25952 25953 1
25952 25962 1
25953 25954 1
25953 25955 1
25954 26048 1
25955 25957 1
25956 26122 1
25957 25960 1
25957 26048 1
25957 26056 1
25958 25959 1
25958 25962 1
25960 26048 1
25960 26052 1
25960 26056 1
25964 26130 1
25964 26131 1
25965 25966 1
25965 26129 1
25966 25967 1
25967 25968 1
25968 25970 1
25969 25971 1
25969 26043 1
25971 25972 1
25971 25973 1
25973 25974 1
25974 25975 1
25975 25976 1
25976 26199 1
25977 26100 1
25977 26171 1
25978 25979 1
25979 25980 1
25980 25981 1
25980 26173 1
25981 25982 1
25981 26173 1
25982 25983 1
25983 25984 1
25984 25986 1
25985 25995 1
25985 26174 1
25986 25989 1
25986 25990 1
25986 25994 1
25987 25988 1
25987 25995 1
25988 25989 1
25989 25990 1
25989 25994 1
25990 25992 1
25991 25993 1
25992 25993 1
25994 26112 1
25996 25998 1
25996 25999 1
25997 25998 1
25999 26003 1
26000 26001 1
26001 26002 1
26002 26004 1
26003 26006 1
26004 26005 1
26005 26016 1
26006 26009 1
26007 26008 1
26007 26016 1
26008 26015 1
26009 26010 1
26010 26011 1
26011 26013 1
26012 26013 1
26017 26018 1
26017 26180 1
26018 26019 1
26019 26020 1
26020 26021 1
26021 26022 1
26022 26023 1
26022 26027 1
26023 26024 1
26025 26027 1
26025 26087 1
26025 26098 1
26026 26188 1
26027 26098 1
26028 26029 1
26028 26040 1
26029 26030 1
26030 26031 1
26031 26032 1
26032 26034 1
26033 26067 1
26033 26069 1
26034 26035 1
26035 26036 1
26036 26037 1
26037 26038 1
26038 26107 1
26039 26060 1
26039 26142 1
26039 26192 1
26040 26150 1
26041 26196 1
26042 26043 1
26042 26044 1
26043 26045 1
26044 26054 1
26045 26046 1
26048 26066 1
26049 26060 1
26049 26193 1
26050 26051 1
26050 26177 1
26051 26052 1
26052 26176 1
26053 26056 1
26053 26126 1
26053 26168 1
26055 26068 1
26055 26126 1
26057 26059 1
26057 26062 1
26057 26116 1
26057 26119 1
26058 26069 1
26059 26062 1
26059 26063 1
26059 26119 1
26060 26118 1
26060 26120 1
26061 26115 1
26061 26191 1
26062 26066 1
26062 26119 1
26063 26065 1
26063 26068 1
26064 26065 1
26064 26069 1
26067 26086 1
26070 26101 1
26070 26142 1
26071 26084 1
26071 26167 1
26072 26081 1
26072 26194 1
26073 26074 1
26073 26077 1
26073 26078 1
26073 26118 1
26073 26170 1
26073 26172 1
26074 26167 1
26075 26079 1
26075 26083 1
26076 26084 1
26077 26080 1
26077 26085 1
26077 26170 1
26077 26172 1
26078 26080 1
26080 26085 1
26081 26197 1
26082 26085 1
26083 26169 1
26086 26108 1
26087 26088 1
26088 26089 1
26089 26090 1
26090 26095 1
26091 26093 1
26091 26094 1
26092 26093 1
26092 26097 1
26094 26099 1
26095 26096 1
26096 26102 1
26097 26103 1
26099 26102 1
26100 26171 1
26101 26133 1
26104 26105 1
26104 26112 1
26105 26143 1
26106 26143 1
26106 26144 1
26106 26178 1
26108 26166 1
26109 26110 1
26110 26111 1
26110 26113 1
26112 26178 1
26114 26119 1
26115 26117 1
26115 26119 1
26118 26170 1
26120 26164 1
26123 26124 1
26124 26131 1
26125 26127 1
26126 26168 1
26127 26128 1
26128 26129 1
26129 26130 1
26132 26134 1
26132 26138 1
26133 26165 1
26134 26135 1
26135 26136 1
26135 26141 1
26136 26137 1
26137 26139 1
26138 26141 1
26139 26140 1
26142 26192 1
26143 26144 1
26144 26145 1
26145 26146 1
26146 26147 1
26147 26148 1
26148 26149 1
26149 26151 1
26150 26151 1
26152 26154 1
26152 26157 1
26153 26155 1
26154 26156 1
26155 26156 1
26157 26192 1
26158 26159 1
26158 26162 1
26158 26163 1
26160 26161 1
26160 26192 1
26161 26162 1
26164 26167 1
26165 26168 1
26165 26172 1
26166 26169 1
26168 26169 1
26168 26172 1
26171 26175 1
26171 26194 1
26173 26174 1
26174 26176 1
26175 26179 1
26177 26178 1
26178 26180 1
26179 26184 1
26181 26186 1
26182 26183 1
26182 26185 1
26182 26187 1
26183 26187 1
26184 26190 1
26186 26188 1
26187 26189 1
26189 26193 1
26191 26192 1
26196 26197 1
26199 26205 1
26199 26206 1
26200 26202 1
26200 26204 1
26201 26202 1
26201 26205 1
26207 26442 1
26208 26250 1
26208 26460 1
26209 26288 1
26209 26289 1
26210 26281 1
26210 26284 1
26211 26458 1
26211 26459 1
26212 26213 1
26213 26244 1
26214 26233 1
26214 26453 1
26215 26220 1
26215 26242 1
26216 26224 1
26217 26222 1
26217 26223 1
26218 26221 1
26218 26222 1
26219 26220 1
26219 26241 1
26221 26244 1
26223 26242 1
26224 26226 1
26225 26347 1
26225 26460 1
26226 26227 1
26227 26228 1
26228 26441 1
26229 26440 1
26229 26441 1
26230 26231 1
26230 26232 1
26231 26246 1
26232 26234 1
26233 26239 1
26234 26235 1
26235 26236 1
26236 26247 1
26236 26274 1
26236 26443 1
26236 26447 1
26237 26238 1
26237 26247 1
26237 26248 1
26238 26240 1
26239 26245 1
26241 26440 1
26243 26246 1
26245 26265 1
26247 26248 1
26247 26274 1
26247 26443 1
26247 26447 1
26248 26249 1
26250 26293 1
26251 26255 1
26251 26296 1
26252 26254 1
26252 26290 1
26252 26296 1
26253 26254 1
26253 26273 1
26255 26256 1
26256 26258 1
26256 26261 1
26257 26270 1
26258 26259 1
26259 26260 1
26259 26269 1
26260 26263 1
26260 26269 1
26261 26267 1
26261 26269 1
26262 26264 1
26262 26272 1
26263 26264 1
26265 26275 1
26266 26268 1
26266 26272 1
26267 26269 1
26268 26271 1
26269 26448 1
26269 26449 1
26270 26283 1
26271 26298 1
26273 26276 1
26274 26441 1
26274 26443 1
26274 26444 1
26274 26447 1
26275 26300 1
26276 26294 1
26276 26338 1
26277 26279 1
26277 26295 1
26278 26282 1
26278 26297 1
26279 26282 1
26280 26281 1
26282 26285 1
26283 26316 1
26284 26287 1
26285 26290 1
26286 26288 1
26286 26290 1
26287 26289 1
26290 26296 1
26291 26292 1
26292 26294 1
26293 26437 1
26298 26313 1
26299 26301 1
26299 26313 1
26300 26376 1
26300 26401 1
26301 26302 1
26302 26303 1
26303 26304 1
26304 26305 1
26305 26306 1
26306 26312 1
26307 26337 1
26308 26311 1
26309 26314 1
26309 26328 1
26310 26314 1
26310 26320 1
26311 26322 1
26312 26319 1
26315 26318 1
26316 26342 1
26317 26318 1
26317 26319 1
26321 26322 1
26321 26334 1
26323 26324 1
26323 26334 1
26324 26325 1
26325 26338 1
26325 26339 1
26326 26338 1
26327 26328 1
26327 26339 1
26328 26335 1
26329 26330 1
26330 26331 1
26331 26332 1
26332 26336 1
26333 26335 1
26336 26413 1
26337 26352 1
26340 26341 1
26340 26348 1
26341 26345 1
26341 26349 1
26342 26376 1
26343 26344 1
26343 26349 1
26344 26346 1
26346 26390 1
26347 26427 1
26350 26351 1
26351 26353 1
26352 26360 1
26353 26354 1
26354 26355 1
26355 26399 1
26356 26357 1
26357 26358 1
26358 26398 1
26359 26361 1
26359 26397 1
26360 26394 1
26361 26362 1
26363 26383 1
26363 26426 1
26364 26377 1
26364 26384 1
26365 26366 1
26365 26384 1
26366 26367 1
26367 26381 1
26368 26369 1
26368 26379 1
26370 26371 1
26370 26372 1
26371 26386 1
26372 26374 1
26373 26374 1
26373 26381 1
26375 26379 1
26375 26380 1
26376 26394 1
26376 26401 1
26377 26383 1
26378 26382 1
26378 26387 1
26379 26380 1
26379 26386 1
26379 26387 1
26380 26396 1
26382 26404 1
26385 26401 1
26385 26423 1
26388 26391 1
26388 26395 1
26389 26390 1
26389 26393 1
26391 26392 1
26391 26393 1
26395 26396 1
26397 26400 1
26398 26405 1
26399 26404 1
26400 26402 1
26402 26403 1
26403 26406 1
26405 26407 1
26405 26408 1
26405 26420 1
26406 26411 1
26407 26416 1
26408 26418 1
26409 26417 1
26409 26453 1
26410 26412 1
26410 26414 1
26411 26415 1
26412 26413 1
26414 26421 1
26415 26419 1
26416 26420 1
26418 26419 1
26420 26424 1
26420 26426 1
26421 26422 1
26422 26425 1
26423 26445 1
26424 26425 1
26427 26428 1
26427 26429 1
26429 26431 1
26430 26432 1
26430 26434 1
26430 26445 1
26431 26435 1
26432 26433 1
26432 26434 1
26433 26446 1
26434 26444 1
26435 26436 1
26436 26439 1
26437 26438 1
26437 26443 1
26437 26446 1
26438 26439 1
26438 26443 1
26439 26442 1
26443 26447 1
26448 26451 1
26449 26450 1
26449 26451 1
26450 26452 1
26452 26454 1
26452 26458 1
26452 26460 1
26454 26460 1
26455 26456 1
26456 26457 1
26457 26458 1
26459 26460 1
26461 26462 1
26461 26476 1
26462 26463 1
26463 26464 1
26464 26465 1
26465 26466 1
26466 26467 1
26467 26468 1
26468 26781 1
26469 26479 1
26469 26770 1
26470 26471 1
26470 49111 1
26471 26785 1
26472 26478 1
26472 26780 1
26473 26474 1
26473 26478 1
26474 26475 1
26474 26476 1
26475 26476 1
26477 26797 1
26479 26481 1
26479 26787 1
26480 26722 1
26480 26744 1
26480 26755 1
26481 26482 1
26483 26484 1
26484 26580 1
26484 26584 1
26485 26486 1
26486 26488 1
26487 26490 1
26487 26580 1
26488 26492 1
26489 26492 1
26489 26787 1
26490 26491 1
26491 26770 1
26493 26497 1
26493 26753 1
26494 26496 1
26494 26498 1
26495 26496 1
26495 26497 1
26498 26499 1
26499 26500 1
26500 26501 1
26501 26502 1
26502 26503 1
26503 26504 1
26504 26737 1
26505 26506 1
26505 32695 1
26505 32696 1
26506 26508 1
26506 26550 1
26507 26508 1
26507 26549 1
26509 26510 1
26509 26511 1
26510 26513 1
26511 26512 1
26512 26713 1
26513 26514 1
26513 26515 1
26513 26527 1
26514 26521 1
26515 26516 1
26516 26517 1
26517 26518 1
26518 26519 1
26519 26520 1
26520 26522 1
26521 26523 1
26522 26524 1
26523 26525 1
26524 26526 1
26525 26527 1
26526 26531 1
26527 26528 1
26528 26529 1
26529 26530 1
26530 26583 1
26532 26533 1
26532 26739 1
26533 26534 1
26534 26536 1
26535 26536 1
26535 26730 1
26535 26735 1
26537 26538 1
26537 26730 1
26538 26540 1
26539 26542 1
26539 26697 1
26540 26541 1
26540 26547 1
26541 26543 1
26541 26547 1
26542 26547 1
26543 26544 1
26544 26546 1
26545 26548 1
26546 26548 1
26549 26550 1
26549 26555 1
26550 26551 1
26550 26555 1
26551 26552 1
26552 26553 1
26553 26567 1
26554 26555 1
26554 26556 1
26555 26568 1
26556 26558 1
26557 26559 1
26557 26568 1
26558 26562 1
26559 26560 1
26560 26561 1
26561 26574 1
26562 26563 1
26563 26564 1
26564 26565 1
26565 26566 1
26566 26606 1
26567 26579 1
26569 26570 1
26569 26579 1
26569 26743 1
26570 26578 1
26571 26575 1
26571 26576 1
26571 26578 1
26571 26743 1
26572 26573 1
26572 26574 1
26573 26575 1
26575 26576 1
26575 26577 1
26575 26578 1
26576 26577 1
26577 26594 1
26580 26581 1
26580 26587 1
26581 26582 1
26582 26584 1
26583 26592 1
26584 26587 1
26585 26586 1
26585 26591 1
26586 26588 1
26587 26590 1
26588 26628 1
26589 26617 1
26590 26593 1
26591 26592 1
26593 26617 1
26593 26618 1
26594 26595 1
26595 26596 1
26596 26597 1
26597 26602 1
26598 26599 1
26598 26601 1
26599 26600 1
26600 26603 1
26601 26604 1
26602 26604 1
26603 26605 1
26606 26607 1
26607 26616 1
26608 26609 1
26608 26616 1
26609 26610 1
26609 26611 1
26610 26611 1
26610 26613 1
26612 26614 1
26612 26615 1
26613 26615 1
26614 26634 1
26618 26621 1
26619 26620 1
26619 26702 1
26621 26622 1
26622 26702 1
26623 26624 1
26623 26704 1
26624 26625 1
26625 26626 1
26625 26627 1
26626 26633 1
26627 26629 1
26628 26629 1
26630 26631 1
26630 26633 1
26631 26632 1
26634 26635 1
26635 26636 1
26636 26637 1
26637 26638 1
26638 26639 1
26639 26640 1
26640 26641 1
26641 26642 1
26642 26643 1
26643 26644 1
26644 26645 1
26645 26650 1
26646 26650 1
26646 26652 1
26647 26648 1
26647 26652 1
26648 26649 1
26649 26651 1
26651 26771 1
26653 26656 1
26654 26656 1
26654 26666 1
26655 26755 1
26656 26657 1
26656 26658 1
26657 26659 1
26658 26660 1
26659 26672 1
26660 26661 1
26661 26662 1
26662 26664 1
26663 26665 1
26664 26682 1
26665 26677 1
26666 26668 1
26667 26670 1
26667 26714 1
26668 26669 1
26669 26671 1
26670 26761 1
26671 26675 1
26672 26673 1
26673 26676 1
26674 26675 1
26674 26678 1
26674 26762 1
26675 26676 1
26676 26680 1
26676 26683 1
26677 26681 1
26678 26679 1
26678 26765 1
26678 26767 1
26679 26683 1
26680 26682 1
26681 26685 1
26683 26684 1
26684 26686 1
26684 26690 1
26684 26692 1
26684 26767 1
26685 26697 1
26686 26769 1
26687 26688 1
26687 26689 1
26689 26690 1
26691 26693 1
26691 26769 1
26692 26696 1
26693 26694 1
26694 26695 1
26695 26698 1
26696 26699 1
26697 26713 1
26698 26724 1
26699 26700 1
26700 26701 1
26700 26703 1
26700 26705 1
26701 26702 1
26701 26703 1
26703 26757 1
26704 26760 1
26705 26726 1
26706 26713 1
26706 26723 1
26707 26708 1
26708 26709 1
26709 26710 1
26710 26711 1
26711 26712 1
26712 26714 1
26715 26716 1
26715 26734 1
26716 26717 1
26717 26718 1
26717 26729 1
26717 26732 1
26718 26719 1
26719 26721 1
26720 26721 1
26720 26724 1
26721 26725 1
26721 26726 1
26722 32705 1
26723 26730 1
26725 26754 1
26727 26728 1
26727 26729 1
26729 26732 1
26731 26736 1
26731 26768 1
26733 26734 1
26733 26736 1
26737 26738 1
26737 26740 1
26738 26740 1
26738 26741 1
26739 26742 1
26740 26742 1
26741 26743 1
26744 26745 1
26744 26755 1
26745 26746 1
26746 26747 1
26747 26748 1
26748 26749 1
26749 26750 1
26750 26751 1
26751 26752 1
26752 26753 1
26754 26756 1
26757 26758 1
26758 26759 1
26759 26760 1
26761 26762 1
26762 26763 1
26762 26765 1
26763 26764 1
26763 26765 1
26764 26766 1
26766 26768 1
26771 26773 1
26772 26773 1
26772 26774 1
26774 26775 1
26775 26776 1
26776 26777 1
26777 26778 1
26778 26779 1
26779 26780 1
26781 26782 1
26782 26784 1
26783 26784 1
26783 49108 1
26783 49111 1
26785 26786 1
26786 26788 1
26788 26789 1
26789 26790 1
26790 26791 1
26791 26792 1
26792 26793 1
26793 26798 1
26794 26795 1
26794 26798 1
26795 26796 1
26796 26797 1
26799 27047 1
26799 27194 1
26800 27046 1
26800 27047 1
26801 27146 1
26801 27279 1
26802 26809 1
26802 27110 1
26803 26804 1
26803 27146 1
26804 27148 1
26805 26809 1
26805 27108 1
26806 27122 1
26806 27149 1
26806 27152 1
26807 27151 1
26807 27153 1
26808 27239 1
26808 27265 1
26810 26813 1
26810 27131 1
26811 27095 1
26811 27096 1
26812 26815 1
26812 27094 1
26813 27098 1
26814 27096 1
26814 27097 1
26814 27104 1
26815 26816 1
26816 27099 1
26817 26823 1
26817 27099 1
26818 26825 1
26818 27105 1
26819 26822 1
26819 27098 1
26820 27134 1
26820 27136 1
26821 26989 1
26821 27060 1
26822 27100 1
26823 27100 1
26824 26826 1
26824 27101 1
26825 27097 1
26826 27105 1
26828 27170 1
26828 27179 1
26829 26989 1
26829 27053 1
26829 27058 1
26829 27062 1
26829 27070 1
26830 26861 1
26830 26974 1
26831 27162 1
26831 27164 1
26832 26833 1
26832 27161 1
26833 27160 1
26834 26842 1
26835 27004 1
26835 27076 1
26835 27189 1
26836 26947 1
26836 26971 1
26836 27051 1
26836 27073 1
26837 27156 1
26837 27157 1
26838 27187 1
26838 27188 1
26839 27234 1
26839 27243 1
26840 27240 1
26840 27245 1
26841 27171 1
26841 27173 1
26842 27155 1
26843 26844 1
26844 26846 1
26845 26971 1
26845 26974 1
26845 27070 1
26845 27071 1
26846 26847 1
26847 26862 1
26848 26849 1
26848 26860 1
26849 26855 1
26850 26862 1
26850 26976 1
26851 26853 1
26851 26911 1
26852 26854 1
26852 27000 1
26853 26859 1
26854 26932 1
26854 26958 1
26855 26856 1
26856 26963 1
26857 27064 1
26857 27065 1
26858 26859 1
26858 26966 1
26861 26947 1
26863 27182 1
26863 27190 1
26864 26883 1
26864 27080 1
26864 27084 1
26865 26869 1
26865 27191 1
26866 26873 1
26866 26893 1
26866 27066 1
26867 26868 1
26867 27011 1
26868 27022 1
26869 26883 1
26869 26887 1
26870 27013 1
26870 27015 1
26871 26886 1
26871 26900 1
26872 26887 1
26872 26889 1
26873 26878 1
26874 26882 1
26874 27017 1
26875 27023 1
26875 27026 1
26876 26889 1
26876 26890 1
26877 27018 1
26877 27020 1
26878 26885 1
26879 27009 1
26879 27013 1
26880 26882 1
26880 26888 1
26881 26884 1
26881 26903 1
26884 27080 1
26885 27121 1
26886 26903 1
26888 26902 1
26890 26891 1
26891 26892 1
26892 26894 1
26893 26898 1
26894 26913 1
26894 26914 1
26895 26896 1
26895 26904 1
26896 26905 1
26897 26899 1
26897 26902 1
26898 27117 1
26899 26900 1
26901 26906 1
26901 27111 1
26905 26918 1
26906 27113 1
26907 26909 1
26907 26911 1
26908 26970 1
26908 46588 1
26908 46595 1
26908 46779 1
26909 26910 1
26910 46609 1
26910 46660 1
26910 46775 1
26912 27117 1
26912 27138 1
26913 26915 1
26914 26916 1
26915 26925 1
26916 26921 1
26917 27139 1
26917 27141 1
26918 26920 1
26919 26925 1
26919 26926 1
26920 26926 1
26921 26922 1
26922 26923 1
26923 26981 1
26924 27058 1
26924 27062 1
26924 27238 1
26926 26979 1
26927 27138 1
26927 27250 1
26928 26952 1
26928 26953 1
26929 26956 1
26929 26958 1
26930 26936 1
26930 26952 1
26931 26933 1
26931 26956 1
26932 26937 1
26933 26934 1
26934 26951 1
26935 26943 1
26935 26945 1
26935 26946 1
26935 26951 1
26936 26954 1
26937 26941 1
26938 26939 1
26938 26957 1
26939 26943 1
26940 26948 1
26940 27040 1
26941 26964 1
26942 26944 1
26942 26950 1
26943 26945 1
26943 26946 1
26944 26945 1
26945 26946 1
26946 26949 1
26946 26955 1
26947 27036 1
26947 27051 1
26947 27081 1
26948 26949 1
26950 26959 1
26953 27001 1
26954 26957 1
26955 26977 1
26959 26961 1
26960 26972 1
26960 26977 1
26961 26962 1
26962 26964 1
26963 26964 1
26964 26966 1
26964 26973 1
26964 26976 1
26965 26967 1
26965 26972 1
26966 26976 1
26967 26970 1
26968 26969 1
26968 26973 1
26969 26970 1
26969 26975 1
26971 26974 1
26971 27071 1
26974 27071 1
26978 26985 1
26978 27038 1
26979 26980 1
26980 26983 1
26981 26984 1
26982 27090 1
26982 27238 1
26983 27002 1
26984 26988 1
26985 26986 1
26986 26990 1
26987 26991 1
26987 27002 1
26988 26993 1
26989 27053 1
26990 26992 1
26991 26994 1
26992 26994 1
26993 26995 1
26994 26996 1
26995 26997 1
26996 27003 1
26997 26999 1
26998 27001 1
26998 27003 1
26999 27000 1
27004 27076 1
27004 27091 1
27005 27088 1
27005 27158 1
27006 27127 1
27006 27166 1
27006 27204 1
27007 28338 1
27007 28463 1
27008 27106 1
27008 28501 1
27009 27100 1
27010 27011 1
27010 27101 1
27012 27027 1
27012 27085 1
27014 27015 1
27014 27021 1
27014 27022 1
27015 27021 1
27016 27021 1
27016 27025 1
27017 27024 1
27018 27025 1
27019 27075 1
27019 27091 1
27020 27029 1
27023 27024 1
27026 27028 1
27027 27067 1
27028 27039 1
27029 27031 1
27030 27031 1
27030 27039 1
27031 27032 1
27032 27033 1
27033 27034 1
27034 27035 1
27035 27037 1
27036 27051 1
27036 27074 1
27036 27081 1
27037 27038 1
27040 28796 1
27041 27083 1
27041 27087 1
27042 27043 1
27042 27260 1
27043 47765 1
27044 27266 1
27044 47769 1
27045 27055 1
27046 27227 1
27048 47790 1
27049 27050 1
27049 27054 1
27049 27062 1
27050 27054 1
27050 27062 1
27051 27072 1
27051 27081 1
27052 27058 1
27052 27062 1
27052 27211 1
27052 27212 1
27054 27062 1
27054 27210 1
27055 27059 1
27056 27145 1
27056 27272 1
27057 27225 1
27057 27226 1
27058 27062 1
27058 27211 1
27059 27061 1
27060 27212 1
27061 27090 1
27062 27211 1
27063 27120 1
27063 27151 1
27064 27071 1
27065 27066 1
27067 27079 1
27068 27069 1
27068 27228 1
27069 47860 1
27072 27109 1
27073 27081 1
27074 27078 1
27075 27078 1
27077 27082 1
27077 27087 1
27079 27083 1
27080 27084 1
27082 27144 1
27084 27085 1
27084 27102 1
27085 27102 1
27086 27109 1
27086 27144 1
27086 27180 1
27088 27150 1
27089 27180 1
27089 27233 1
27092 27093 1
27092 27233 1
27093 27104 1
27094 27095 1
27094 27103 1
27100 27106 1
27103 27233 1
27107 27108 1
27107 47969 1
27111 27112 1
27112 27121 1
27112 47948 1
27113 27118 1
27114 27115 1
27114 27118 1
27115 27277 1
27116 27122 1
27116 47892 1
27119 27277 1
27120 27126 1
27122 27152 1
27123 27124 1
27123 47862 1
27123 47975 1
27124 27137 1
27124 47862 1
27125 27145 1
27125 27147 1
27126 27135 1
27127 47929 1
27128 27135 1
27128 27158 1
27128 27166 1
27129 27132 1
27129 27204 1
27129 27228 1
27130 27131 1
27130 27197 1
27132 27133 1
27133 27134 1
27135 27166 1
27135 27197 1
27136 28463 1
27137 47929 1
27139 27140 1
27141 27239 1
27142 27147 1
27142 27150 1
27143 27265 1
27143 27278 1
27144 27180 1
27148 27149 1
27154 27276 1
27155 27156 1
27157 27159 1
27159 27160 1
27161 27177 1
27162 27177 1
27163 27164 1
27163 27165 1
27165 27169 1
27166 27197 1
27166 27204 1
27167 27168 1
27167 27169 1
27168 27176 1
27169 27178 1
27170 27176 1
27171 27178 1
27172 27179 1
27173 27174 1
27174 27175 1
27175 27234 1
27181 27187 1
27181 27190 1
27181 27192 1
27182 27183 1
27183 27185 1
27184 27185 1
27184 27191 1
27189 27192 1
27190 27192 1
27193 27247 1
27193 27275 1
27194 27195 1
27195 27196 1
27196 27214 1
27198 27199 1
27198 27200 1
27198 27214 1
27199 27215 1
27200 27213 1
27200 27214 1
27201 27202 1
27201 27207 1
27202 27203 1
27203 27213 1
27205 27206 1
27205 27215 1
27206 27217 1
27207 27208 1
27208 27209 1
27209 27210 1
27216 27217 1
27216 27242 1
27218 27229 1
27218 27270 1
27219 27220 1
27219 27229 1
27220 27230 1
27221 27222 1
27221 27230 1
27222 27223 1
27223 27231 1
27224 27231 1
27224 27232 1
27225 27232 1
27226 27227 1
27235 27243 1
27235 27244 1
27236 27237 1
27236 27244 1
27236 27245 1
27239 27250 1
27240 27241 1
27241 27246 1
27242 27246 1
27247 27251 1
27248 27254 1
27248 27274 1
27249 27271 1
27249 27275 1
27250 27279 1
27251 27253 1
27252 27271 1
27252 27273 1
27253 27255 1
27254 27276 1
27255 27256 1
27256 27257 1
27257 27258 1
27258 27259 1
27259 27261 1
27260 27263 1
27261 27262 1
27262 27264 1
27263 27264 1
27266 27268 1
27266 27269 1
27267 27269 1
27267 27270 1
27268 27269 1
27272 27278 1
27273 27274 1
27280 27482 1
27280 27590 1
27281 28316 1
27281 28517 1
27282 27668 1
27282 28331 1
27283 27284 1
27283 28800 1
27284 27285 1
27285 27287 1
27286 27291 1
27286 28799 1
27287 27290 1
27288 27289 1
27288 27291 1
27290 27539 1
27292 27310 1
27292 27535 1
27293 27295 1
27293 28741 1
27294 27299 1
27294 27520 1
27294 28794 1
27295 27298 1
27296 27297 1
27296 27308 1
27297 27300 1
27298 27309 1
27299 27302 1
27300 27305 1
27301 27304 1
27301 27309 1
27302 27305 1
27303 27307 1
27303 27310 1
27304 27307 1
27305 27306 1
27305 27362 1
27306 27307 1
27307 27325 1
27307 27362 1
27307 27365 1
27308 27520 1
27308 27538 1
27311 27315 1
27311 28737 1
27311 28738 1
27311 28747 1
27312 27313 1
27313 27315 1
27314 27316 1
27314 27873 1
27314 27878 1
27315 27317 1
27316 27318 1
27317 27319 1
27318 27319 1
27319 27321 1
27320 28580 1
27320 28583 1
27321 27322 1
27322 27323 1
27323 27381 1
27324 27881 1
27324 27886 1
27325 27327 1
27326 28580 1
27326 28645 1
27327 27328 1
27328 27381 1
27329 27338 1
27330 27332 1
27330 27561 1
27331 27337 1
27331 27398 1
27332 27333 1
27333 27334 1
27334 27335 1
27335 27356 1
27336 27339 1
27337 27359 1
27338 27347 1
27339 27340 1
27340 27343 1
27341 27342 1
27341 27356 1
27342 27344 1
27343 27357 1
27344 27348 1
27345 27349 1
27345 27359 1
27346 28334 1
27346 28336 1
27347 27355 1
27348 27349 1
27349 27350 1
27349 27354 1
27350 27353 1
27350 27354 1
27351 27357 1
27351 27358 1
27351 27436 1
27352 27353 1
27352 27358 1
27354 27364 1
27354 27371 1
27355 27775 1
27358 27436 1
27360 27776 1
27360 27777 1
27361 27362 1
27361 27364 1
27361 27366 1
27362 27366 1
27363 27369 1
27363 27376 1
27363 27775 1
27365 27367 1
27366 27368 1
27367 27370 1
27368 27375 1
27369 27376 1
27369 27776 1
27370 27372 1
27371 27373 1
27372 27374 1
27373 27377 1
27374 27380 1
27375 27447 1
27376 47393 1
27376 47397 1
27377 27447 1
27378 27380 1
27378 27430 1
27379 27490 1
27379 27683 1
27381 27382 1
27382 27384 1
27383 27706 1
27383 28443 1
27384 27387 1
27385 27386 1
27385 28350 1
27386 27389 1
27387 27464 1
27388 27406 1
27388 27534 1
27388 27714 1
27388 28443 1
27389 27390 1
27390 27391 1
27391 27466 1
27392 28218 1
27392 28335 1
27393 27509 1
27393 27534 1
27394 28361 1
27394 28363 1
27395 27397 1
27395 27400 1
27396 27401 1
27396 27414 1
27396 27543 1
27396 27549 1
27397 27415 1
27398 27415 1
27399 27402 1
27399 27414 1
27400 27401 1
27402 27413 1
27402 27418 1
27403 27409 1
27403 27413 1
27404 27411 1
27405 27407 1
27405 27408 1
27406 27417 1
27406 27534 1
27406 27714 1
27407 27416 1
27408 27410 1
27409 27416 1
27410 27411 1
27411 27412 1
27414 27543 1
27414 27549 1
27417 27423 1
27417 27715 1
27418 27419 1
27419 27926 1
27419 46741 1
27419 46752 1
27419 46777 1
27420 27422 1
27421 27426 1
27421 27429 1
27421 27447 1
27422 27424 1
27423 27512 1
27423 27715 1
27424 27425 1
27425 27427 1
27426 27429 1
27427 27431 1
27428 27435 1
27428 27510 1
27429 27433 1
27430 27434 1
27431 27432 1
27432 27449 1
27433 27455 1
27434 27454 1
27435 27439 1
27436 27438 1
27437 27441 1
27437 27448 1
27438 27440 1
27439 27565 1
27440 27442 1
27441 27888 1
27442 27443 1
27443 27444 1
27444 27445 1
27445 27447 1
27446 28272 1
27446 28495 1
27448 27484 1
27449 27450 1
27450 27451 1
27451 27453 1
27452 27494 1
27452 27541 1
27453 27892 1
27454 27456 1
27455 27456 1
27456 27457 1
27456 27459 1
27457 27458 1
27458 27460 1
27459 27463 1
27460 27485 1
27461 27463 1
27461 27485 1
27462 27527 1
27462 27907 1
27464 27476 1
27465 27478 1
27465 27527 1
27466 27467 1
27467 27480 1
27468 27469 1
27468 27471 1
27469 27472 1
27470 27494 1
27470 27776 1
27471 27474 1
27472 27475 1
27473 27478 1
27474 27477 1
27475 27513 1
27476 27486 1
27477 27479 1
27480 27500 1
27481 27557 1
27483 27981 1
27484 27491 1
27485 27492 1
27486 27487 1
27486 27489 1
27486 27511 1
27486 27898 1
27487 27488 1
27487 27489 1
27488 27489 1
27488 27898 1
27488 27914 1
27488 27928 1
27489 27928 1
27489 28230 1
27490 27622 1
27492 28230 1
27493 27507 1
27493 27515 1
27495 27496 1
27495 27507 1
27495 28206 1
27496 27505 1
27496 28224 1
27497 27498 1
27497 27499 1
27497 27505 1
27497 28224 1
27498 27506 1
27499 27501 1
27500 27506 1
27501 27508 1
27502 27503 1
27502 27903 1
27503 27504 1
27504 28352 1
27508 27903 1
27509 27591 1
27510 27512 1
27511 27513 1
27511 27900 1
27511 27927 1
27513 27514 1
27513 27515 1
27514 27515 1
27514 27897 1
27515 27905 1
27516 27518 1
27516 27526 1
27516 28793 1
27517 27519 1
27517 27538 1
27518 27522 1
27519 27522 1
27520 27521 1
27520 27538 1
27521 27523 1
27523 27525 1
27524 27525 1
27524 27529 1
27526 27528 1
27526 27533 1
27526 28691 1
27528 27530 1
27529 27530 1
27529 27537 1
27530 27537 1
27531 27532 1
27531 27537 1
27532 27535 1
27533 27536 1
27533 28691 1
27536 28736 1
27539 27542 1
27539 27545 1
27540 27542 1
27540 28762 1
27541 27565 1
27542 27545 1
27543 27544 1
27543 27549 1
27544 27545 1
27546 27548 1
27547 27562 1
27547 28775 1
27548 27562 1
27549 27550 1
27550 27551 1
27551 27552 1
27552 27553 1
27553 27554 1
27554 27555 1
27555 27563 1
27556 27558 1
27556 27564 1
27557 27799 1
27558 27563 1
27559 27560 1
27559 28761 1
27559 28763 1
27559 28767 1
27560 27561 1
27564 28763 1
27566 27570 1
27566 27846 1
27567 27568 1
27567 27846 1
27567 27849 1
27568 27569 1
27569 27571 1
27570 27580 1
27571 27866 1
27572 27582 1
27572 28182 1
27573 27574 1
27573 28124 1
27573 28127 1
27573 28128 1
27574 27575 1
27575 27580 1
27576 27578 1
27576 27579 1
27577 27579 1
27577 27587 1
27577 27588 1
27577 28127 1
27578 27581 1
27579 27587 1
27581 27584 1
27582 27583 1
27582 27585 1
27583 27584 1
27583 27589 1
27585 27586 1
27586 27821 1
27587 27588 1
27588 27843 1
27588 27844 1
27589 27871 1
27590 28517 1
27591 27675 1
27591 27694 1
27592 27616 1
27593 27594 1
27593 27613 1
27593 27866 1
27593 27869 1
27594 27616 1
27595 27596 1
27595 27613 1
27596 27610 1
27597 27599 1
27597 27610 1
27598 27601 1
27598 27602 1
27598 27614 1
27598 38870 1
27599 27600 1
27600 27614 1
27601 27602 1
27601 27614 1
27602 27607 1
27602 27608 1
27602 27614 1
27603 27612 1
27603 27870 1
27604 27609 1
27604 27612 1
27605 27606 1
27605 27611 1
27606 27607 1
27607 27608 1
27608 27609 1
27608 27619 1
27609 27619 1
27610 27858 1
27611 27615 1
27615 27617 1
27617 27618 1
27618 27620 1
27618 27640 1
27618 39569 1
27618 39577 1
27618 39588 1
27618 39589 1
27619 27621 1
27620 27640 1
27620 39569 1
27620 39577 1
27620 39588 1
27620 39589 1
27621 27624 1
27622 27714 1
27623 27625 1
27623 27640 1
27624 27841 1
27625 27626 1
27626 27641 1
27626 39605 1
27627 27641 1
27627 27691 1
27628 27637 1
27628 27670 1
27629 27633 1
27629 27663 1
27630 27636 1
27630 27670 1
27631 27647 1
27631 27808 1
27631 27811 1
27632 27635 1
27632 27636 1
27633 27638 1
27634 27654 1
27634 27682 1
27634 27689 1
27635 27654 1
27637 27641 1
27638 27654 1
27639 27812 1
27639 27813 1
27640 39569 1
27640 39577 1
27640 39588 1
27640 39589 1
27642 28175 1
27642 28178 1
27643 28178 1
27643 28188 1
27644 27648 1
27644 28191 1
27645 27701 1
27645 28203 1
27646 27697 1
27646 27698 1
27646 27822 1
27646 28196 1
27647 27669 1
27648 27821 1
27649 27650 1
27649 27651 1
27649 27692 1
27650 27652 1
27651 27655 1
27652 27653 1
27654 27658 1
27655 27656 1
27656 27659 1
27657 27700 1
27657 27813 1
27658 27667 1
27659 27660 1
27660 27661 1
27661 27662 1
27661 27664 1
27662 27664 1
27663 27666 1
27664 27742 1
27664 27743 1
27665 27739 1
27665 27741 1
27666 27792 1
27667 27671 1
27668 28326 1
27669 27677 1
27671 27743 1
27672 27673 1
27672 27711 1
27673 27674 1
27674 27676 1
27676 27682 1
27677 27693 1
27678 27679 1
27678 27680 1
27679 27681 1
27680 27683 1
27681 27685 1
27682 27832 1
27683 27688 1
27684 27781 1
27684 27806 1
27685 27687 1
27686 27694 1
27686 27941 1
27687 27695 1
27688 27692 1
27689 27695 1
27690 27826 1
27690 27923 1
27691 27841 1
27692 28001 1
27693 27712 1
27696 27703 1
27696 28197 1
27697 27698 1
27697 27822 1
27697 28196 1
27697 28204 1
27698 28196 1
27698 28202 1
27699 27701 1
27699 28202 1
27700 27738 1
27702 27705 1
27702 28205 1
27703 27713 1
27704 27705 1
27704 27713 1
27706 27707 1
27707 27708 1
27708 27709 1
27709 27710 1
27710 27711 1
27712 27719 1
27716 27760 1
27716 27795 1
27717 27737 1
27717 27796 1
27718 27723 1
27718 27798 1
27719 27730 1
27720 27733 1
27720 28091 1
27721 27722 1
27721 27737 1
27723 27726 1
27724 28091 1
27724 28135 1
27724 28267 1
27725 27727 1
27725 28214 1
27726 27728 1
27727 28259 1
27728 39620 1
27729 27735 1
27729 28255 1
27730 27777 1
27731 28259 1
27731 28264 1
27732 27793 1
27733 27761 1
27734 28244 1
27734 28245 1
27735 28253 1
27735 28271 1
27736 28243 1
27736 28262 1
27738 27749 1
27739 28096 1
27740 27762 1
27740 27765 1
27741 27742 1
27741 27743 1
27742 27743 1
27743 27745 1
27743 27748 1
27743 27762 1
27744 27774 1
27744 27806 1
27745 27746 1
27745 27748 1
27746 27747 1
27747 27750 1
27747 27755 1
27748 27752 1
27748 27756 1
27749 28062 1
27750 28102 1
27751 27760 1
27751 27765 1
27752 27753 1
27753 27757 1
27754 28117 1
27754 28170 1
27755 27761 1
27756 27798 1
27757 27759 1
27758 27764 1
27758 27793 1
27759 27796 1
27762 27764 1
27763 27801 1
27763 27803 1
27766 27834 1
27766 28015 1
27767 28062 1
27767 28069 1
27768 27797 1
27768 27810 1
27769 28021 1
27769 28027 1
27769 28034 1
27770 28058 1
27770 28063 1
27771 28027 1
27771 28032 1
27772 28019 1
27772 28273 1
27773 28225 1
27773 28231 1
27774 27805 1
27778 28245 1
27778 28246 1
27779 27780 1
27779 28278 1
27780 28280 1
27781 27811 1
27782 28249 1
27782 51317 1
27783 28256 1
27783 28261 1
27784 28260 1
27784 28270 1
27785 28260 1
27785 28263 1
27786 28269 1
27786 28284 1
27787 27789 1
27787 28268 1
27788 27789 1
27788 28275 1
27789 28282 1
27790 27804 1
27790 27805 1
27791 28260 1
27791 28261 1
27792 39607 1
27794 27795 1
27794 39607 1
27797 27802 1
27799 27912 1
27800 27906 1
27800 27907 1
27801 27802 1
27803 27804 1
27807 27816 1
27807 27929 1
27808 27809 1
27809 27918 1
27810 47444 1
27812 27814 1
27814 27815 1
27815 27840 1
27815 27847 1
27816 27923 1
27817 27818 1
27817 27821 1
27818 27819 1
27819 27820 1
27820 27823 1
27822 27824 1
27822 27825 1
27822 27827 1
27822 27828 1
27822 28196 1
27823 27824 1
27824 27825 1
27824 27827 1
27825 27828 1
27826 27923 1
27826 27941 1
27827 27828 1
27827 27832 1
27828 27829 1
27829 27830 1
27830 27837 1
27831 27833 1
27831 27837 1
27833 27835 1
27834 27840 1
27835 27836 1
27836 27842 1
27837 27839 1
27838 27842 1
27838 27864 1
27839 27841 1
27843 27848 1
27844 27851 1
27845 27850 1
27845 27871 1
27846 27849 1
27847 27904 1
27847 27938 1
27847 27941 1
27848 27849 1
27850 27852 1
27851 27853 1
27852 27854 1
27853 27858 1
27854 27855 1
27855 27856 1
27856 27858 1
27857 27858 1
27857 27860 1
27858 27861 1
27858 27870 1
27859 27861 1
27859 27863 1
27860 27862 1
27862 27865 1
27863 27864 1
27865 27867 1
27867 27868 1
27868 27869 1
27872 28693 1
27872 28740 1
27873 27874 1
27873 27878 1
27874 27876 1
27875 27878 1
27875 27879 1
27876 28740 1
27877 28738 1
27877 28740 1
27879 27882 1
27880 27883 1
27880 28344 1
27881 27887 1
27882 27884 1
27883 27886 1
27884 27887 1
27885 28321 1
27885 28323 1
27888 27913 1
27888 27967 1
27889 27890 1
27889 27925 1
27890 27891 1
27891 27893 1
27892 27894 1
27893 27963 1
27894 27895 1
27895 27953 1
27896 27913 1
27896 27925 1
27897 27899 1
27898 27900 1
27899 27901 1
27899 27908 1
27899 27919 1
27899 27921 1
27899 27927 1
27900 27927 1
27901 27905 1
27902 27906 1
27902 27938 1
27904 27918 1
27904 27941 1
27905 27909 1
27905 27910 1
27905 27951 1
27905 27952 1
27907 27912 1
27908 27910 1
27909 27911 1
27909 27951 1
27909 27952 1
27909 28222 1
27910 27922 1
27910 28209 1
27911 28206 1
27914 27916 1
27914 27927 1
27914 27928 1
27914 27937 1
27914 27945 1
27915 27916 1
27915 27937 1
27916 27917 1
27916 27920 1
27917 27919 1
27917 27920 1
27917 27921 1
27917 27927 1
27920 27922 1
27920 27924 1
27921 27922 1
27922 27924 1
27922 27946 1
27924 27937 1
27924 27939 1
27924 27946 1
27924 27996 1
27926 27966 1
27928 27945 1
27928 28237 1
27928 28241 1
27930 28217 1
27930 28479 1
27931 28085 1
27931 28086 1
27931 28428 1
27932 28216 1
27932 28465 1
27933 28475 1
27933 28476 1
27934 27939 1
27934 27959 1
27934 27961 1
27934 27964 1
27935 27936 1
27935 27939 1
27935 27958 1
27935 28236 1
27936 27937 1
27936 27945 1
27936 27947 1
27939 27940 1
27939 27947 1
27939 27948 1
27939 27993 1
27939 27996 1
27939 27997 1
27939 27998 1
27940 27996 1
27940 27997 1
27940 27998 1
27940 28055 1
27940 28056 1
27942 27943 1
27942 28000 1
27942 28226 1
27943 27944 1
27944 28023 1
27945 27996 1
27945 28241 1
27946 27948 1
27947 27948 1
27947 27993 1
27947 27996 1
27948 27996 1
27949 27951 1
27949 28209 1
27950 27986 1
27950 28078 1
27951 27952 1
27951 27997 1
27951 28206 1
27952 27995 1
27952 27997 1
27952 28206 1
27952 28220 1
27953 27957 1
27954 27955 1
27954 27963 1
27954 28234 1
27955 27956 1
27956 27957 1
27956 27963 1
27958 27959 1
27959 27964 1
27959 28236 1
27960 27962 1
27960 27963 1
27960 27964 1
27960 28053 1
27961 28053 1
27962 28042 1
27963 27964 1
27965 27978 1
27965 28069 1
27966 27984 1
27967 27968 1
27968 27970 1
27968 27991 1
27969 27978 1
27969 27986 1
27970 27971 1
27971 27972 1
27972 27982 1
27972 27987 1
27973 27974 1
27973 27984 1
27973 46741 1
27973 46752 1
27973 46766 1
27973 46769 1
27973 46777 1
27974 27983 1
27975 27980 1
27975 27989 1
27975 28134 1
27976 27977 1
27976 28125 1
27977 27992 1
27978 47508 1
27979 27988 1
27979 28099 1
27980 27983 1
27981 27982 1
27985 28320 1
27985 28335 1
27987 27990 1
27988 27991 1
27989 27990 1
27989 27992 1
27989 28134 1
27992 28134 1
27993 27996 1
27993 27997 1
27994 28210 1
27994 28227 1
27995 27998 1
27995 28220 1
27995 28223 1
27996 27997 1
27996 27998 1
27997 27998 1
27997 27999 1
27999 28000 1
28001 28225 1
28001 28290 1
28002 28043 1
28002 28045 1
28003 28004 1
28003 28035 1
28004 28007 1
28005 28009 1
28005 28018 1
28006 28008 1
28007 28008 1
28008 28010 1
28009 28011 1
28010 28012 1
28011 28017 1
28012 28013 1
28013 28020 1
28014 28016 1
28014 28020 1
28015 28021 1
28016 28100 1
28017 28149 1
28018 28043 1
28019 28027 1
28021 28027 1
28022 28024 1
28022 28028 1
28023 28025 1
28024 28026 1
28025 28026 1
28025 28029 1
28028 28030 1
28029 28030 1
28030 28031 1
28031 28033 1
28032 28039 1
28033 28064 1
28034 28044 1
28035 28036 1
28036 28037 1
28037 28038 1
28038 28040 1
28039 28083 1
28040 28041 1
28041 28042 1
28044 28046 1
28045 28049 1
28046 28052 1
28047 28048 1
28047 28089 1
28048 28050 1
28049 28053 1
28050 28051 1
28051 28054 1
28052 28058 1
28054 28055 1
28056 28057 1
28057 28059 1
28059 28060 1
28060 28061 1
28061 28075 1
28063 28087 1
28064 28066 1
28065 28066 1
28065 28067 1
28067 28068 1
28068 28070 1
28070 28071 1
28071 28072 1
28071 28076 1
28072 28074 1
28073 28328 1
28073 28332 1
28073 28495 1
28074 28075 1
28076 28086 1
28077 28078 1
28077 28087 1
28079 28080 1
28079 28098 1
28080 28081 1
28080 28414 1
28081 28082 1
28081 28414 1
28082 28085 1
28083 28339 1
28084 28205 1
28084 28433 1
28086 28428 1
28088 28418 1
28088 28431 1
28089 28092 1
28090 28094 1
28090 28152 1
28092 28097 1
28093 28098 1
28093 28194 1
28094 28095 1
28095 28097 1
28096 28126 1
28099 28105 1
28100 28101 1
28101 28103 1
28102 28117 1
28103 28106 1
28104 28120 1
28104 28121 1
28105 28112 1
28106 28107 1
28107 28111 1
28108 28121 1
28108 28141 1
28109 28110 1
28109 28120 1
28110 28112 1
28111 28112 1
28112 28113 1
28113 28114 1
28113 28116 1
28113 28119 1
28114 28115 1
28114 28116 1
28114 28119 1
28115 28153 1
28116 28118 1
28118 28165 1
28118 28184 1
28119 28163 1
28122 28124 1
28122 46772 1
28123 28125 1
28123 46766 1
28124 28128 1
28126 28145 1
28128 28147 1
28129 28130 1
28129 28147 1
28130 28131 1
28131 28132 1
28132 28133 1
28133 28136 1
28134 28137 1
28135 28157 1
28136 28148 1
28137 28138 1
28138 28139 1
28139 28141 1
28139 28142 1
28140 28143 1
28140 28148 1
28142 28144 1
28143 28146 1
28144 28165 1
28145 28161 1
28146 28167 1
28149 28150 1
28150 28151 1
28151 28156 1
28152 28155 1
28153 28154 1
28154 28158 1
28155 28159 1
28156 28158 1
28156 28196 1
28157 28162 1
28158 28196 1
28159 28160 1
28160 28192 1
28161 28319 1
28162 28200 1
28162 28255 1
28163 28164 1
28164 28166 1
28165 28167 1
28165 28168 1
28165 28184 1
28166 28169 1
28168 28173 1
28169 28174 1
28170 28200 1
28171 28172 1
28171 28184 1
28172 28176 1
28173 28183 1
28174 28175 1
28176 28177 1
28177 28188 1
28178 28186 1
28179 28187 1
28179 28319 1
28180 28185 1
28180 28186 1
28180 28198 1
28181 28185 1
28181 28191 1
28182 28189 1
28183 28190 1
28185 28186 1
28187 28279 1
28189 28190 1
28192 28197 1
28193 28214 1
28193 28314 1
28194 28195 1
28195 28197 1
28197 28204 1
28198 28199 1
28199 28201 1
28200 28221 1
28200 28314 1
28200 28333 1
28201 28203 1
28206 28207 1
28206 28222 1
28207 28208 1
28208 28224 1
28210 28212 1
28211 28216 1
28211 28227 1
28212 28213 1
28213 28215 1
28215 28217 1
28218 28328 1
28219 28228 1
28219 28333 1
28220 28222 1
28220 28223 1
28221 28235 1
28221 28333 1
28222 28224 1
28222 28226 1
28223 28227 1
28224 28226 1
28225 28290 1
28226 28227 1
28228 28242 1
28229 28232 1
28231 28239 1
28232 28233 1
28233 28236 1
28233 28237 1
28234 28236 1
28235 28251 1
28236 28237 1
28236 28238 1
28237 28238 1
28238 28240 1
28239 28242 1
28239 28299 1
28240 28241 1
28242 28299 1
28243 28244 1
28246 28247 1
28247 28248 1
28247 28277 1
28248 28249 1
28248 28277 1
28249 28277 1
28250 28253 1
28250 28267 1
28251 28330 1
28252 28254 1
28252 39070 1
28254 28256 1
28257 28271 1
28257 28274 1
28258 28270 1
28258 28283 1
28261 28274 1
28261 28276 1
28262 28330 1
28263 28269 1
28264 28265 1
28265 28266 1
28266 28268 1
28272 28329 1
28273 28299 1
28275 28276 1
28277 28278 1
28277 51321 1
28277 51327 1
28279 28290 1
28280 28281 1
28281 28282 1
28283 28286 1
28284 28288 1
28285 28287 1
28285 28288 1
28287 28289 1
28289 28291 1
28291 39065 1
28291 39076 1
28292 28297 1
28292 28301 1
28293 28297 1
28293 28378 1
28294 28300 1
28294 28378 1
28295 28298 1
28295 28423 1
28296 28300 1
28296 28427 1
28298 28378 1
28300 28540 1
28301 28343 1
28302 28303 1
28302 47967 1
28303 28304 1
28304 28334 1
28305 28313 1
28306 28307 1
28307 28308 1
28307 28401 1
28309 28312 1
28309 28415 1
28310 28430 1
28311 28385 1
28311 28415 1
28312 28315 1
28313 28337 1
28315 28423 1
28316 28317 1
28317 28336 1
28317 28362 1
28318 28320 1
28318 28336 1
28322 28324 1
28322 28408 1
28323 28326 1
28324 28325 1
28325 28327 1
28327 28329 1
28328 28495 1
28331 28332 1
28337 28343 1
28338 28582 1
28339 28340 1
28340 28341 1
28341 28342 1
28342 47566 1
28342 47567 1
28344 28345 1
28344 28346 1
28345 28346 1
28345 28347 1
28346 28348 1
28348 28349 1
28349 28350 1
28351 28354 1
28351 28369 1
28352 28353 1
28354 28356 1
28355 28401 1
28355 28451 1
28355 28467 1
28356 28357 1
28357 28358 1
28357 47685 1
28358 28359 1
28359 28360 1
28360 28367 1
28361 28367 1
28362 28368 1
28363 28364 1
28364 28365 1
28365 28366 1
28366 47689 1
28368 28389 1
28369 28373 1
28370 28371 1
28370 28464 1
28371 28372 1
28371 28374 1
28372 28373 1
28373 28375 1
28374 28376 1
28375 28390 1
28376 28380 1
28377 28388 1
28377 28390 1
28378 28389 1
28378 28396 1
28379 28381 1
28379 28388 1
28380 28382 1
28381 28383 1
28382 28384 1
28384 28386 1
28385 28451 1
28386 28387 1
28387 28483 1
28391 28392 1
28391 28402 1
28391 28492 1
28392 28393 1
28393 28394 1
28394 28395 1
28395 28399 1
28396 28408 1
28397 28398 1
28397 28399 1
28398 28400 1
28399 46812 1
28400 28458 1
28401 28446 1
28401 28451 1
28402 28403 1
28403 28404 1
28404 28405 1
28405 28406 1
28406 28409 1
28407 28409 1
28407 28424 1
28410 28411 1
28410 28426 1
28410 28429 1
28411 28428 1
28412 28413 1
28412 28432 1
28413 28416 1
28414 28417 1
28414 28433 1
28416 28417 1
28418 28425 1
28419 28420 1
28419 28431 1
28420 28422 1
28421 28422 1
28421 28459 1
28422 28450 1
28424 28429 1
28425 28432 1
28426 28481 1
28427 28549 1
28430 28446 1
28430 28569 1
28433 28434 1
28433 28437 1
28434 28437 1
28434 28457 1
28435 28457 1
28436 28450 1
28436 28454 1
28437 28438 1
28438 28439 1
28439 28441 1
28440 28445 1
28440 28455 1
28441 28443 1
28441 28449 1
28442 28444 1
28442 28453 1
28443 28456 1
28444 28452 1
28445 28447 1
28447 28454 1
28448 28452 1
28448 28455 1
28453 28456 1
28458 46913 1
28459 28462 1
28460 28461 1
28460 28462 1
28461 47281 1
28463 28511 1
28464 28469 1
28465 28466 1
28466 28468 1
28468 28470 1
28469 28470 1
28469 28472 1
28471 28477 1
28471 28571 1
28472 28473 1
28473 28474 1
28474 28475 1
28474 28481 1
28476 28478 1
28477 28482 1
28478 28480 1
28479 28480 1
28482 28486 1
28483 28484 1
28484 28485 1
28485 28487 1
28486 28521 1
28487 28490 1
28488 28489 1
28488 28493 1
28489 28492 1
28490 28493 1
28491 28497 1
28491 28707 1
28494 46961 1
28495 28498 1
28495 28499 1
28496 28498 1
28496 28510 1
28497 28532 1
28499 28503 1
28500 28502 1
28500 28510 1
28501 28507 1
28501 28582 1
28501 28585 1
28502 28512 1
28503 28516 1
28504 28505 1
28504 28509 1
28505 28512 1
28506 28508 1
28506 28509 1
28506 28511 1
28507 28579 1
28507 28582 1
28508 28509 1
28508 28584 1
28513 28577 1
28513 28635 1
28514 28534 1
28515 28518 1
28515 28598 1
28516 28534 1
28518 28531 1
28519 28533 1
28519 28534 1
28520 28531 1
28520 28536 1
28521 28561 1
28522 28524 1
28522 28539 1
28523 28538 1
28523 28670 1
28524 28537 1
28525 28526 1
28525 28538 1
28526 28527 1
28527 28535 1
28528 28529 1
28528 28535 1
28528 28537 1
28529 28530 1
28529 28535 1
28530 28541 1
28530 28544 1
28532 28561 1
28533 28539 1
28536 28539 1
28540 28545 1
28541 28543 1
28541 28544 1
28542 28543 1
28542 28545 1
28544 28572 1
28546 28547 1
28546 28572 1
28547 28548 1
28548 28552 1
28548 28553 1
28548 28747 1
28549 28550 1
28550 28551 1
28551 28554 1
28552 28556 1
28552 28747 1
28553 28575 1
28554 28574 1
28555 28557 1
28555 28575 1
28556 28746 1
28557 28562 1
28558 28559 1
28558 28573 1
28559 28560 1
28560 28576 1
28561 28604 1
28562 28564 1
28563 28570 1
28563 28571 1
28563 28576 1
28564 28571 1
28565 28566 1
28565 28567 1
28566 28569 1
28567 28578 1
28568 28570 1
28568 28578 1
28570 28571 1
28571 28577 1
28573 28574 1
28579 28613 1
28581 28583 1
28581 28585 1
28582 28585 1
28584 28587 1
28586 28588 1
28586 28613 1
28586 28617 1
28587 28590 1
28588 28589 1
28590 28592 1
28591 28593 1
28591 28614 1
28592 28593 1
28593 28596 1
28594 28597 1
28594 28614 1
28595 28600 1
28595 28611 1
28595 28615 1
28595 28617 1
28596 28612 1
28597 28610 1
28598 28599 1
28599 28609 1
28600 28615 1
28600 28644 1
28601 28603 1
28601 28610 1
28602 28606 1
28602 28612 1
28603 28607 1
28604 28616 1
28605 28612 1
28605 28618 1
28606 28621 1
28607 28608 1
28607 28636 1
28608 28609 1
28608 28636 1
28611 28615 1
28611 28620 1
28615 28645 1
28616 47371 1
28618 28619 1
28619 28620 1
28620 28622 1
28621 28623 1
28622 28625 1
28623 28629 1
28624 28627 1
28624 28629 1
28624 28630 1
28624 28633 1
28625 28639 1
28626 28636 1
28626 28638 1
28627 28628 1
28629 28630 1
28629 28632 1
28630 28633 1
28631 28638 1
28631 28642 1
28632 28643 1
28633 28718 1
28634 28642 1
28634 28694 1
28635 28641 1
28637 28639 1
28637 28640 1
28641 28739 1
28641 28764 1
28643 28692 1
28644 28646 1
28645 28666 1
28646 28648 1
28647 28649 1
28647 28663 1
28647 28666 1
28648 28650 1
28649 28652 1
28650 28651 1
28651 28653 1
28652 28654 1
28653 28664 1
28654 28655 1
28655 28669 1
28656 28657 1
28656 28664 1
28656 28667 1
28657 28664 1
28657 28665 1
28658 28665 1
28658 28720 1
28659 28668 1
28659 28739 1
28659 28764 1
28660 28661 1
28660 28662 1
28661 28663 1
28661 28771 1
28662 28749 1
28665 28765 1
28667 28723 1
28668 28693 1
28668 28739 1
28669 28748 1
28670 28671 1
28671 28673 1
28672 28674 1
28672 28694 1
28673 28685 1
28674 28688 1
28675 28684 1
28675 28688 1
28676 28685 1
28676 28690 1
28677 28686 1
28677 28687 1
28678 28700 1
28678 28764 1
28679 28680 1
28679 28687 1
28680 28682 1
28681 28683 1
28681 28705 1
28682 28689 1
28683 28781 1
28684 28686 1
28689 28790 1
28690 28691 1
28692 28695 1
28692 28712 1
28695 28701 1
28696 28697 1
28696 28712 1
28697 28698 1
28698 28724 1
28699 28719 1
28699 28724 1
28700 28707 1
28701 28702 1
28702 28704 1
28703 28719 1
28703 28723 1
28704 28705 1
28706 28709 1
28706 28726 1
28708 28714 1
28708 28726 1
28709 28713 1
28710 28717 1
28710 28722 1
28711 28715 1
28711 28717 1
28713 28725 1
28714 28720 1
28715 28721 1
28716 28721 1
28716 28780 1
28722 28725 1
28727 28728 1
28727 28746 1
28728 28729 1
28729 28742 1
28730 28739 1
28730 28742 1
28730 28745 1
28731 28732 1
28731 28744 1
28732 28747 1
28733 28734 1
28733 28747 1
28734 28735 1
28735 28736 1
28737 28738 1
28737 28743 1
28737 28747 1
28738 28743 1
28739 28745 1
28739 28764 1
28740 47096 1
28740 47100 1
28741 28743 1
28743 28747 1
28744 28745 1
28748 28750 1
28749 28751 1
28750 28768 1
28751 28753 1
28752 28769 1
28752 28774 1
28753 28768 1
28754 28774 1
28754 28777 1
28755 28766 1
28755 28776 1
28756 28757 1
28756 28760 1
28757 28758 1
28757 28773 1
28758 28775 1
28759 28761 1
28759 28763 1
28759 28767 1
28759 28770 1
28760 28767 1
28761 28763 1
28761 28767 1
28762 28778 1
28763 28767 1
28765 28769 1
28766 28772 1
28768 28772 1
28768 28778 1
28770 28777 1
28771 28779 1
28773 28776 1
28779 28797 1
28780 28795 1
28781 28782 1
28782 28783 1
28783 28784 1
28784 28785 1
28785 28786 1
28786 28787 1
28786 28788 1
28787 28795 1
28788 28789 1
28789 28791 1
28790 28792 1
28791 28794 1
28792 28793 1
28796 28797 1
28797 28798 1
28797 28799 1
28798 28800 1
28801 29098 1
28801 29136 1
28802 29137 1
28802 29248 1
28802 29496 1
28803 28821 1
28803 29351 1
28804 28817 1
28804 29285 1
28805 28806 1
28805 28817 1
28806 29258 1
28807 28808 1
28807 29258 1
28808 28809 1
28809 28810 1
28809 28812 1
28810 28811 1
28811 28813 1
28813 28814 1
28814 28816 1
28815 28956 1
28815 29305 1
28815 29306 1
28815 29328 1
28815 29348 1
28815 29352 1
28815 29355 1
28815 29366 1
28816 28903 1
28818 29244 1
28818 29246 1
28818 29291 1
28818 29297 1
28818 29302 1
28818 29308 1
28818 29309 1
28818 29330 1
28819 28820 1
28819 28880 1
28820 29261 1
28821 29240 1
28822 28823 1
28822 28840 1
28823 28826 1
28824 28825 1
28824 28924 1
28825 28826 1
28827 28839 1
28827 28840 1
28828 28839 1
28828 29339 1
28829 28830 1
28829 28842 1
28829 29339 1
28830 28832 1
28830 28835 1
28830 28842 1
28831 29306 1
28831 29352 1
28832 28833 1
28833 28834 1
28834 29083 1
28835 28836 1
28836 29032 1
28837 29240 1
28837 29242 1
28838 29036 1
28838 29082 1
28841 28863 1
28841 28904 1
28841 28973 1
28841 28974 1
28842 28843 1
28843 28856 1
28844 29119 1
28844 29323 1
28845 28974 1
28845 28975 1
28846 28847 1
28846 28971 1
28847 28848 1
28848 28849 1
28848 28856 1
28849 28850 1
28849 28851 1
28850 28852 1
28850 28963 1
28850 29365 1
28851 28860 1
28852 28856 1
28853 28855 1
28853 28860 1
28854 28857 1
28854 28862 1
28855 28859 1
28856 29357 1
28857 28932 1
28858 28859 1
28858 28916 1
28861 29333 1
28861 29355 1
28862 28916 1
28862 28917 1
28863 28977 1
28863 29240 1
28863 29244 1
28863 29246 1
28863 29291 1
28863 29292 1
28863 29295 1
28863 29330 1
28864 29162 1
28864 29164 1
28865 28876 1
28865 28879 1
28866 29240 1
28867 28871 1
28867 28876 1
28867 28877 1
28867 28878 1
28867 29161 1
28868 28869 1
28868 29164 1
28869 28872 1
28870 28874 1
28870 28878 1
28871 28943 1
28872 28875 1
28873 28891 1
28873 28929 1
28874 29014 1
28875 29022 1
28876 28877 1
28876 28878 1
28876 29161 1
28877 28878 1
28877 29085 1
28877 29161 1
28878 29161 1
28879 29323 1
28880 28881 1
28881 28882 1
28882 28883 1
28883 28885 1
28884 29331 1
28884 29334 1
28884 29337 1
28885 28886 1
28886 28900 1
28887 28888 1
28887 28900 1
28888 28894 1
28889 28890 1
28889 28894 1
28890 28897 1
28891 28906 1
28892 28897 1
28892 28899 1
28893 28898 1
28893 28902 1
28895 28896 1
28895 29206 1
28896 28902 1
28898 28899 1
28901 28923 1
28901 29337 1
28903 28905 1
28903 29030 1
28903 29031 1
28904 28974 1
28904 28978 1
28905 28907 1
28906 29114 1
28907 28908 1
28908 28909 1
28909 28910 1
28910 28911 1
28911 28912 1
28912 29067 1
28913 28914 1
28913 28915 1
28914 28917 1
28915 28920 1
28916 28917 1
28917 28918 1
28918 28921 1
28919 28920 1
28921 28925 1
28922 28936 1
28922 29002 1
28922 29119 1
28923 28980 1
28924 28925 1
28925 29075 1
28926 28927 1
28926 28971 1
28927 28928 1
28928 28931 1
28928 28932 1
28928 28933 1
28928 28971 1
28929 29240 1
28930 28931 1
28933 28935 1
28934 29180 1
28934 31353 1
28934 31360 1
28935 28972 1
28936 28946 1
28937 28955 1
28937 28964 1
28937 28990 1
28937 31579 1
28938 28941 1
28938 29002 1
28939 28940 1
28939 29002 1
28940 28942 1
28941 28951 1
28942 28944 1
28943 28946 1
28944 28945 1
28945 29012 1
28947 29023 1
28948 29018 1
28948 29023 1
28949 29025 1
28950 28952 1
28951 28953 1
28952 28953 1
28954 29297 1
28954 29322 1
28954 29332 1
28954 29366 1
28955 28996 1
28956 28957 1
28956 28974 1
28956 29306 1
28956 29321 1
28956 29329 1
28957 29325 1
28957 29348 1
28958 28979 1
28958 29094 1
28959 28969 1
28959 28996 1
28960 28961 1
28960 28962 1
28960 29347 1
28961 28963 1
28962 28965 1
28962 28966 1
28962 29090 1
28964 28979 1
28965 29090 1
28965 29162 1
28966 29090 1
28966 29163 1
28967 28968 1
28967 29163 1
28968 28970 1
28969 29177 1
28970 28972 1
28973 29308 1
28974 29305 1
28974 29306 1
28974 29309 1
28975 28976 1
28976 29331 1
28978 28983 1
28980 28981 1
28981 28982 1
28982 28984 1
28983 28986 1
28984 28985 1
28985 28987 1
28986 28989 1
28987 28988 1
28989 28991 1
28989 29283 1
28989 29287 1
28990 30386 1
28991 29282 1
28992 28993 1
28992 28994 1
28992 28999 1
28992 29252 1
28992 29274 1
28992 29290 1
28993 29286 1
28994 28995 1
28994 29252 1
28994 29290 1
28994 29291 1
28994 29312 1
28994 29335 1
28995 28997 1
28995 29145 1
28995 29278 1
28997 28998 1
28997 29312 1
28998 29279 1
28998 29298 1
28998 29319 1
28999 29001 1
28999 29290 1
29000 29003 1
29000 29134 1
29001 29290 1
29001 29293 1
29001 29312 1
29001 29335 1
29002 29069 1
29003 29039 1
29004 29005 1
29004 29079 1
29005 29006 1
29006 29007 1
29007 29008 1
29008 29009 1
29009 29010 1
29010 29221 1
29011 29037 1
29011 29040 1
29011 29041 1
29011 29044 1
29011 29058 1
29011 29263 1
29011 30502 1
29012 29024 1
29013 29015 1
29013 29024 1
29014 29015 1
29015 29017 1
29015 29020 1
29016 29021 1
29016 29051 1
29017 29018 1
29018 29023 1
29019 29025 1
29020 29022 1
29021 29026 1
29026 29034 1
29027 29028 1
29027 29287 1
29028 29029 1
29029 29030 1
29030 29031 1
29031 29033 1
29032 29033 1
29032 29035 1
29033 29035 1
29034 29135 1
29035 29036 1
29037 29038 1
29038 29043 1
29039 29040 1
29040 29051 1
29041 29042 1
29042 29055 1
29043 30469 1
29044 29045 1
29045 29053 1
29046 29052 1
29047 29048 1
29047 29054 1
29048 29052 1
29049 29056 1
29049 29059 1
29050 29057 1
29053 29054 1
29055 29056 1
29057 29059 1
29058 29268 1
29060 29061 1
29060 29062 1
29061 29273 1
29061 29274 1
29061 29284 1
29063 29064 1
29063 29284 1
29064 29065 1
29065 29066 1
29066 29149 1
29067 29068 1
29068 29070 1
29070 29071 1
29071 29072 1
29072 29073 1
29073 29074 1
29075 29077 1
29076 29077 1
29076 29078 1
29078 29079 1
29079 29080 1
29080 29081 1
29081 29082 1
29082 29083 1
29084 29085 1
29084 29086 1
29084 29156 1
29084 29159 1
29085 29086 1
29086 29088 1
29086 29090 1
29087 29147 1
29087 29817 1
29088 29089 1
29089 29091 1
29091 29151 1
29092 29147 1
29092 29342 1
29093 29131 1
29093 29133 1
29094 31546 1
29095 29123 1
29095 31582 1
29096 29097 1
29096 29124 1
29097 29100 1
29098 29635 1
29098 29646 1
29099 29100 1
29099 29101 1
29101 29172 1
29102 29105 1
29102 29112 1
29102 29213 1
29103 29178 1
29103 30365 1
29104 29109 1
29104 29181 1
29105 29108 1
29106 29107 1
29106 29112 1
29106 29254 1
29106 29345 1
29107 29111 1
29108 29110 1
29109 29193 1
29110 29193 1
29111 29194 1
29113 29171 1
29113 31390 1
29114 29115 1
29114 31344 1
29114 31345 1
29114 31353 1
29114 31360 1
29114 31396 1
29115 29116 1
29116 29189 1
29117 29118 1
29117 29281 1
29118 29120 1
29120 29121 1
29121 29191 1
29122 29127 1
29122 29130 1
29123 29124 1
29124 29128 1
29124 29131 1
29125 29126 1
29125 29129 1
29126 29128 1
29127 29137 1
29129 29132 1
29129 29182 1
29129 31388 1
29130 29267 1
29130 29486 1
29130 29489 1
29132 29134 1
29132 29190 1
29133 29135 1
29137 29248 1
29138 29139 1
29138 29140 1
29138 29248 1
29139 29248 1
29139 29815 1
29140 29141 1
29141 29142 1
29142 29143 1
29143 29144 1
29144 29249 1
29145 29252 1
29145 29276 1
29146 29256 1
29146 29280 1
29148 29158 1
29148 29248 1
29149 29150 1
29150 29341 1
29151 29344 1
29152 29153 1
29152 29358 1
29153 29154 1
29154 29155 1
29155 29346 1
29156 29159 1
29156 29271 1
29157 29346 1
29157 29347 1
29158 29169 1
29159 29160 1
29160 29161 1
29165 29179 1
29165 29250 1
29166 29167 1
29166 29168 1
29167 29171 1
29167 29175 1
29167 31410 1
29168 29170 1
29169 29241 1
29170 29172 1
29172 29173 1
29172 29176 1
29173 29174 1
29174 30347 1
29175 29177 1
29176 29178 1
29179 29245 1
29180 29183 1
29180 29187 1
29181 29805 1
29182 29184 1
29183 29186 1
29184 29188 1
29185 29198 1
29185 29245 1
29186 29188 1
29187 29189 1
29187 29205 1
29190 29191 1
29192 29241 1
29192 29254 1
29193 29195 1
29194 29196 1
29195 29197 1
29196 29199 1
29197 31430 1
29198 29254 1
29199 29200 1
29200 29201 1
29201 29202 1
29202 29203 1
29203 29204 1
29204 29205 1
29206 29207 1
29207 29208 1
29208 29212 1
29209 29210 1
29209 29214 1
29210 29216 1
29211 29214 1
29211 29215 1
29212 29219 1
29215 29231 1
29216 29220 1
29217 29220 1
29221 29222 1
29222 29223 1
29223 29226 1
29224 29225 1
29224 29227 1
29225 29228 1
29226 29227 1
29226 29232 1
29228 29239 1
29229 29230 1
29229 29239 1
29230 29231 1
29232 29233 1
29233 29237 1
29234 29237 1
29234 29238 1
29235 29236 1
29236 29238 1
29242 29243 1
29242 29244 1
29243 29246 1
29244 29246 1
29244 29292 1
29244 29295 1
29244 29330 1
29246 29290 1
29246 29291 1
29247 29250 1
29247 29267 1
29249 29251 1
29251 29252 1
29253 29272 1
29253 29276 1
29255 29256 1
29257 29273 1
29257 29280 1
29258 29259 1
29258 29263 1
29259 29260 1
29260 29261 1
29261 29262 1
29262 29264 1
29264 29265 1
29265 29266 1
29266 29268 1
29269 29284 1
29269 29298 1
29269 29316 1
29269 29318 1
29269 29321 1
29269 29343 1
29270 29271 1
29270 29816 1
29272 29274 1
29273 29275 1
29273 29284 1
29274 29284 1
29274 29294 1
29275 29277 1
29275 29313 1
29277 29278 1
29277 29279 1
29278 29279 1
29278 29294 1
29279 29298 1
29281 29289 1
29282 29283 1
29282 29287 1
29283 29285 1
29283 29287 1
29283 29289 1
29284 29313 1
29284 29316 1
29284 29317 1
29284 29320 1
29286 29340 1
29288 29298 1
29288 29301 1
29288 29317 1
29288 29318 1
29288 29322 1
29288 29358 1
29290 29335 1
29291 29302 1
29291 29330 1
29292 29293 1
29292 29330 1
29292 29335 1
29293 29295 1
29293 29300 1
29293 29312 1
29295 29296 1
29295 29302 1
29295 29330 1
29296 29297 1
29297 29302 1
29297 29303 1
29297 29309 1
29298 29299 1
29298 29314 1
29299 29316 1
29300 29332 1
29301 29311 1
29301 29363 1
29301 29364 1
29302 29309 1
29303 29366 1
29304 29305 1
29304 29310 1
29305 29306 1
29306 29366 1
29307 29361 1
29307 29364 1
29309 29310 1
29310 29366 1
29311 29321 1
29314 29320 1
29315 29316 1
29315 29319 1
29315 29322 1
29315 29325 1
29316 29319 1
29317 29318 1
29317 29322 1
29317 29325 1
29317 29327 1
29318 29321 1
29318 29322 1
29319 29324 1
29321 29325 1
29322 29324 1
29322 29326 1
29322 29328 1
29323 29706 1
29323 29715 1
29325 29327 1
29326 29327 1
29326 29328 1
29327 29329 1
29327 29362 1
29328 29366 1
29330 29335 1
29331 29337 1
29331 29352 1
29333 29336 1
29333 29356 1
29334 29338 1
29336 29339 1
29341 29343 1
29342 29344 1
29343 29344 1
29343 29649 1
29343 29651 1
29345 29351 1
29348 29349 1
29349 29350 1
29352 29353 1
29353 29354 1
29354 29355 1
29356 29357 1
29359 29360 1
29359 29365 1
29360 29361 1
29362 29366 1
29367 29397 1
29367 29414 1
29368 29385 1
29368 29386 1
29368 30290 1
29369 29371 1
29369 29437 1
29370 29373 1
29370 29383 1
29372 29375 1
29372 30210 1
29373 29374 1
29374 29375 1
29375 29379 1
29376 29379 1
29376 29381 1
29377 29379 1
29377 29380 1
29378 29384 1
29378 29387 1
29380 29389 1
29381 29405 1
29382 29383 1
29382 29437 1
29384 29410 1
29385 29388 1
29386 29387 1
29388 29434 1
29389 29412 1
29390 29391 1
29390 29392 1
29391 29393 1
29392 29412 1
29393 29395 1
29394 29410 1
29395 29399 1
29396 29398 1
29396 29427 1
29397 29404 1
29398 29400 1
29399 29400 1
29401 29402 1
29401 29429 1
29402 29409 1
29403 29409 1
29403 29411 1
29404 29431 1
29405 29406 1
29406 29407 1
29407 29432 1
29408 29422 1
29411 29425 1
29413 29415 1
29413 29435 1
29414 29422 1
29415 29433 1
29416 29418 1
29416 29432 1
29417 29419 1
29417 29420 1
29417 29433 1
29418 29419 1
29419 29420 1
29420 29421 1
29421 29423 1
29423 29424 1
29424 29426 1
29425 29430 1
29426 29430 1
29427 29428 1
29428 29429 1
29431 29434 1
29435 29436 1
29436 31439 1
29438 29446 1
29438 29465 1
29439 29469 1
29439 29470 1
29440 29441 1
29440 29470 1
29441 29442 1
29442 29443 1
29444 29445 1
29444 29471 1
29444 30657 1
29444 30658 1
29445 30657 1
29446 29454 1
29447 29455 1
29447 29461 1
29448 29449 1
29449 29450 1
29450 29451 1
29451 29452 1
29452 29453 1
29453 30295 1
29454 29467 1
29455 29462 1
29456 29463 1
29456 29464 1
29457 29460 1
29457 31022 1
29457 31271 1
29457 31291 1
29458 29459 1
29458 29466 1
29459 31261 1
29460 29461 1
29460 31291 1
29462 29463 1
29464 29466 1
29465 29466 1
29467 29468 1
29468 29469 1
29471 30240 1
29472 29636 1
29473 29476 1
29473 29480 1
29473 29482 1
29473 29824 1
29474 29475 1
29474 29481 1
29475 29482 1
29476 29477 1
29476 29480 1
29476 29482 1
29477 29479 1
29477 29685 1
29478 29524 1
29478 29710 1
29479 29681 1
29479 29685 1
29481 29509 1
29483 29485 1
29483 29508 1
29484 29488 1
29484 29498 1
29485 29487 1
29486 29489 1
29486 29528 1
29487 29490 1
29488 29491 1
29489 29492 1
29490 29493 1
29491 29499 1
29492 29496 1
29493 29494 1
29494 29496 1
29495 29497 1
29495 29643 1
29496 29623 1
29497 29499 1
29498 29517 1
29500 29524 1
29500 29566 1
29501 29526 1
29501 29670 1
29502 29521 1
29502 29673 1
29503 29520 1
29503 29526 1
29504 29507 1
29504 29508 1
29504 29512 1
29504 29518 1
29505 29515 1
29505 29530 1
29506 29513 1
29506 29516 1
29507 29508 1
29507 29512 1
29507 29525 1
29508 29512 1
29508 29513 1
29508 29514 1
29509 29525 1
29510 29516 1
29510 29523 1
29511 29529 1
29511 29597 1
29512 29517 1
29514 29521 1
29515 29522 1
29518 29697 1
29519 29520 1
29519 29530 1
29522 29668 1
29523 29527 1
29523 29528 1
29523 29530 1
29523 29796 1
29523 29798 1
29527 29530 1
29527 29800 1
29529 29545 1
29531 29532 1
29531 29719 1
29532 29533 1
29533 29534 1
29534 29536 1
29535 29546 1
29536 29537 1
29537 29538 1
29538 29652 1
29539 29540 1
29539 29546 1
29540 29541 1
29541 29542 1
29542 29543 1
29543 29544 1
29544 29622 1
29545 29547 1
29547 29562 1
29548 29549 1
29548 29791 1
29549 29550 1
29550 29551 1
29551 29552 1
29552 29553 1
29553 29554 1
29553 29602 1
29553 29685 1
29554 29556 1
29555 29559 1
29556 29557 1
29556 29649 1
29557 29558 1
29557 29560 1
29558 29561 1
29558 29602 1
29558 29647 1
29559 29591 1
29560 29561 1
29560 29683 1
29560 29684 1
29561 29683 1
29562 29590 1
29563 29564 1
29563 29585 1
29564 29792 1
29565 29567 1
29566 29597 1
29567 29570 1
29568 29569 1
29568 29792 1
29569 29571 1
29570 29588 1
29571 29587 1
29572 29576 1
29572 29588 1
29573 29574 1
29573 29586 1
29574 29575 1
29575 29584 1
29576 29586 1
29576 29763 1
29576 29814 1
29577 29578 1
29577 29580 1
29577 29587 1
29578 29589 1
29579 29581 1
29579 29582 1
29579 29583 1
29580 29582 1
29581 29822 1
29583 29584 1
29586 29763 1
29589 32056 1
29590 29592 1
29591 29593 1
29592 29594 1
29593 29595 1
29594 29596 1
29595 29601 1
29596 29599 1
29597 29617 1
29598 29599 1
29598 29789 1
29599 29600 1
29599 29602 1
29600 29603 1
29601 29681 1
29602 29685 1
29603 29676 1
29604 29789 1
29605 29606 1
29605 29651 1
29606 29622 1
29607 29613 1
29607 29651 1
29608 29610 1
29608 30236 1
29609 29611 1
29609 29613 1
29610 29612 1
29611 29620 1
29612 29621 1
29613 29615 1
29613 29616 1
29614 29620 1
29614 29621 1
29615 29616 1
29615 29618 1
29615 29619 1
29616 29624 1
29618 29627 1
29619 29631 1
29623 29635 1
29623 29642 1
29624 29644 1
29625 29628 1
29625 29642 1
29626 29628 1
29626 29629 1
29627 29630 1
29629 29630 1
29631 29632 1
29632 29633 1
29633 29634 1
29634 29645 1
29635 29637 1
29635 29646 1
29636 29710 1
29637 29638 1
29638 29645 1
29638 29761 1
29639 29640 1
29639 29646 1
29639 29700 1
29640 29700 1
29640 29701 1
29640 29795 1
29640 29797 1
29640 29817 1
29641 29764 1
29643 29644 1
29647 29648 1
29647 29649 1
29648 29683 1
29649 29651 1
29650 29656 1
29652 29679 1
29653 29654 1
29653 32058 1
29654 29655 1
29655 29657 1
29656 29672 1
29657 29659 1
29658 29660 1
29658 29801 1
29659 29661 1
29660 29662 1
29661 29675 1
29662 29663 1
29662 29664 1
29663 29664 1
29663 29669 1
29663 29675 1
29664 29668 1
29665 29666 1
29665 29667 1
29666 29674 1
29667 29670 1
29667 29673 1
29669 29671 1
29669 29675 1
29670 29671 1
29670 29673 1
29672 29686 1
29674 29697 1
29676 29677 1
29677 29678 1
29678 29680 1
29679 29683 1
29680 29682 1
29682 29684 1
29686 29691 1
29687 29688 1
29687 29823 1
29688 29689 1
29689 29690 1
29689 29820 1
29690 29692 1
29691 29698 1
29692 29693 1
29693 29694 1
29694 29695 1
29695 29696 1
29696 29697 1
29698 29699 1
29699 29711 1
29700 29702 1
29701 29768 1
29701 29773 1
29701 29775 1
29702 29703 1
29703 29770 1
29704 29707 1
29704 29788 1
29705 29707 1
29705 29708 1
29705 29785 1
29706 29707 1
29707 29709 1
29708 29712 1
29709 29713 1
29711 29719 1
29712 29714 1
29713 29727 1
29714 29726 1
29715 29787 1
29716 29718 1
29716 29727 1
29717 29720 1
29717 29726 1
29718 29721 1
29720 29722 1
29721 29723 1
29722 29724 1
29723 29725 1
29724 29728 1
29725 29728 1
29728 29729 1
29729 29730 1
29730 29732 1
29730 29750 1
29730 29751 1
29731 29732 1
29731 29752 1
29732 29740 1
29732 29744 1
29733 29734 1
29733 29747 1
29734 29753 1
29735 29736 1
29735 29747 1
29736 29742 1
29737 29738 1
29737 29746 1
29738 29739 1
29739 29741 1
29740 29753 1
29741 29748 1
29742 29743 1
29743 29748 1
29744 29745 1
29745 29754 1
29746 29749 1
29750 29751 1
29751 29752 1
29755 29756 1
29755 29760 1
29756 29759 1
29757 29758 1
29757 29759 1
29758 29761 1
29760 29762 1
29762 29766 1
29763 29769 1
29763 29814 1
29764 29765 1
29765 29767 1
29766 29771 1
29766 29784 1
29767 29786 1
29768 29777 1
29769 29783 1
29770 29772 1
29771 29772 1
29773 29774 1
29774 29776 1
29775 29779 1
29776 29778 1
29777 29780 1
29778 29784 1
29779 29787 1
29780 29781 1
29781 29785 1
29782 29787 1
29782 29788 1
29783 29799 1
29784 29786 1
29790 29791 1
29793 29794 1
29793 29802 1
29794 29800 1
29795 29803 1
29795 29817 1
29796 29798 1
29796 29812 1
29797 29816 1
29798 29804 1
29798 29808 1
29799 29810 1
29801 29802 1
29801 32059 1
29802 32059 1
29803 29815 1
29804 29805 1
29804 29807 1
29804 29808 1
29804 29813 1
29806 29807 1
29806 29812 1
29807 31955 1
29807 32011 1
29809 29813 1
29809 32001 1
29809 32002 1
29809 32003 1
29810 29818 1
29810 29821 1
29811 29812 1
29811 29813 1
29812 31955 1
29812 32011 1
29814 29821 1
29818 29820 1
29818 29821 1
29819 29820 1
29819 29824 1
29821 29822 1
29823 29824 1
29825 30847 1
29825 30851 1
29826 29963 1
29826 31334 1
29827 29875 1
29827 29963 1
29828 30040 1
29828 30042 1
29829 30043 1
29829 31554 1
29830 30039 1
29830 30043 1
29831 29832 1
29831 29834 1
29831 30025 1
29833 29844 1
29833 30033 1
29834 29838 1
29835 29837 1
29836 29840 1
29836 29851 1
29837 29839 1
29838 29842 1
29839 29843 1
29840 29841 1
29841 29845 1
29842 29939 1
29843 29921 1
29844 29848 1
29845 29924 1
29845 29940 1
29846 29849 1
29846 29850 1
29846 30041 1
29847 29851 1
29847 30042 1
29848 29857 1
29849 29853 1
29850 29853 1
29852 29871 1
29852 30027 1
29853 29855 1
29854 29856 1
29854 29873 1
29855 29859 1
29855 29860 1
29855 29861 1
29856 30008 1
29857 29916 1
29858 29859 1
29858 30008 1
29859 29860 1
29859 31512 1
29859 31519 1
29860 29861 1
29860 30011 1
29861 30011 1
29862 29867 1
29862 30044 1
29863 29866 1
29863 30009 1
29863 30011 1
29864 29993 1
29864 30009 1
29865 29869 1
29865 29992 1
29866 29992 1
29867 29876 1
29868 29871 1
29868 29873 1
29869 29994 1
29870 29872 1
29870 30038 1
29871 29872 1
29874 29880 1
29874 29887 1
29874 29920 1
29875 29922 1
29876 29882 1
29877 29904 1
29877 29918 1
29878 29879 1
29878 29890 1
29879 29880 1
29880 29883 1
29880 29887 1
29881 29887 1
29881 29904 1
29882 29917 1
29883 29884 1
29884 29889 1
29885 29892 1
29885 30029 1
29886 29923 1
29886 30001 1
29886 30019 1
29888 29893 1
29888 29909 1
29889 29891 1
29890 29892 1
29891 29893 1
29894 29912 1
29894 29922 1
29895 29898 1
29895 32008 1
29896 29897 1
29896 29912 1
29897 29899 1
29898 29901 1
29899 29900 1
29900 29905 1
29901 29911 1
29902 29929 1
29902 30020 1
29902 30021 1
29903 29904 1
29903 29911 1
29905 29910 1
29906 29913 1
29906 29914 1
29907 29908 1
29907 29913 1
29908 29915 1
29909 29915 1
29910 29914 1
29916 29917 1
29916 29918 1
29917 29918 1
29917 30001 1
29918 29919 1
29919 29920 1
29921 31898 1
29922 31991 1
29923 29948 1
29923 30001 1
29924 29925 1
29924 29940 1
29925 29926 1
29926 29927 1
29927 29928 1
29928 29930 1
29929 29954 1
29929 30021 1
29930 29936 1
29931 29932 1
29931 29940 1
29932 29934 1
29933 29938 1
29933 29946 1
29934 29935 1
29935 29947 1
29935 29969 1
29936 29939 1
29937 29938 1
29937 29939 1
29941 29943 1
29941 29967 1
29942 29945 1
29942 30172 1
29942 30198 1
29942 30215 1
29943 29944 1
29944 30215 1
29944 30216 1
29945 29962 1
29945 29967 1
29945 29990 1
29945 29993 1
29945 30010 1
29946 29949 1
29947 29968 1
29948 30012 1
29949 29969 1
29950 29970 1
29950 29990 1
29951 29960 1
29951 29970 1
29952 29955 1
29952 29957 1
29953 29958 1
29953 29959 1
29953 29968 1
29954 29971 1
29955 29956 1
29956 29961 1
29957 29959 1
29958 29962 1
29960 29967 1
29961 29964 1
29964 29967 1
29965 29966 1
29965 29967 1
29966 29972 1
29967 29990 1
29967 29993 1
29967 30010 1
29967 30172 1
29971 30024 1
29972 29973 1
29973 29985 1
29974 29985 1
29974 29986 1
29975 29983 1
29975 29987 1
29975 29993 1
29975 30010 1
29976 29984 1
29976 29986 1
29977 29984 1
29977 29988 1
29978 29980 1
29978 29988 1
29979 29983 1
29979 29989 1
29980 29982 1
29981 30012 1
29982 30018 1
29987 29990 1
29989 29999 1
29989 30003 1
29990 30172 1
29991 30024 1
29991 30025 1
29993 30010 1
29993 30172 1
29994 29995 1
29995 29997 1
29995 29998 1
29996 29999 1
29996 30010 1
29997 30000 1
29998 30006 1
29999 30003 1
30000 30005 1
30001 30023 1
30002 30022 1
30003 30004 1
30004 30007 1
30005 30007 1
30006 30013 1
30009 30011 1
30010 30172 1
30013 30014 1
30014 30015 1
30015 31434 1
30016 31434 1
30016 31435 1
30017 30018 1
30019 30020 1
30021 30022 1
30023 30026 1
30026 30033 1
30027 31563 1
30028 31573 1
30029 30030 1
30030 30045 1
30031 30041 1
30031 30044 1
30032 30038 1
30032 30045 1
30034 30037 1
30034 30039 1
30035 30037 1
30035 30038 1
30036 30040 1
30036 30041 1
30046 30083 1
30046 30132 1
30047 30133 1
30047 30160 1
30048 30049 1
30048 30139 1
30049 30051 1
30050 30051 1
30050 30052 1
30050 30512 1
30051 30512 1
30052 30053 1
30053 30090 1
30053 30092 1
30053 30095 1
30054 30055 1
30054 30093 1
30055 30056 1
30056 30058 1
30057 30058 1
30057 30096 1
30058 30059 1
30059 30061 1
30059 30062 1
30059 30095 1
30059 30134 1
30060 30131 1
30060 30137 1
30061 30062 1
30062 30067 1
30062 30068 1
30063 30064 1
30063 30067 1
30064 30065 1
30065 30066 1
30066 30071 1
30068 30070 1
30069 30080 1
30069 30136 1
30070 30073 1
30071 30072 1
30072 30074 1
30073 30075 1
30074 30079 1
30075 30076 1
30075 30134 1
30076 30078 1
30076 30134 1
30077 30080 1
30077 30084 1
30078 30106 1
30079 30158 1
30081 30082 1
30081 30085 1
30082 30094 1
30083 30115 1
30084 30097 1
30085 30086 1
30086 30091 1
30087 30090 1
30087 30095 1
30088 30089 1
30088 30094 1
30089 30130 1
30090 30092 1
30091 30095 1
30092 30096 1
30093 30096 1
30097 30098 1
30098 30099 1
30099 30100 1
30100 30101 1
30101 30102 1
30102 30103 1
30103 30104 1
30104 30105 1
30105 30106 1
30106 30134 1
30107 30108 1
30107 30109 1
30107 30135 1
30108 30109 1
30108 30114 1
30109 30110 1
30110 30126 1
30111 30112 1
30111 30114 1
30112 30113 1
30115 30138 1
30116 30118 1
30116 30119 1
30117 30118 1
30119 30120 1
30120 30121 1
30121 30124 1
30122 30131 1
30122 30136 1
30123 30125 1
30123 30126 1
30124 30127 1
30125 30127 1
30128 30129 1
30128 30468 1
30129 30130 1
30133 30137 1
30134 30135 1
30138 30148 1
30139 30525 1
30140 30141 1
30141 30142 1
30142 30143 1
30143 30159 1
30144 30145 1
30144 30159 1
30145 30146 1
30146 30147 1
30147 30149 1
30148 30160 1
30149 30150 1
30150 30151 1
30151 30152 1
30152 30153 1
30153 30154 1
30154 30155 1
30155 30156 1
30156 30157 1
30157 30158 1
30161 30174 1
30161 30175 1
30162 30165 1
30162 30221 1
30163 30168 1
30163 30221 1
30164 30168 1
30164 30201 1
30165 30166 1
30166 30217 1
30167 30172 1
30167 30198 1
30169 30219 1
30169 30220 1
30170 30171 1
30170 31913 1
30170 31917 1
30171 30173 1
30171 31913 1
30171 31917 1
30172 30173 1
30172 31917 1
30173 31917 1
30174 31922 1
30175 30178 1
30176 30177 1
30176 31925 1
30177 30178 1
30178 30190 1
30178 30194 1
30178 30195 1
30179 30180 1
30179 30190 1
30180 30192 1
30181 30192 1
30181 30193 1
30182 30183 1
30182 30193 1
30183 30184 1
30184 30185 1
30185 30186 1
30186 30187 1
30187 30218 1
30188 30189 1
30188 30191 1
30189 30206 1
30191 30194 1
30194 30195 1
30196 30197 1
30196 30220 1
30197 30199 1
30199 30200 1
30200 30201 1
30201 30202 1
30202 30203 1
30203 30204 1
30204 30205 1
30205 30206 1
30206 30207 1
30207 30208 1
30208 30209 1
30209 30212 1
30210 30211 1
30210 30214 1
30211 30214 1
30212 30213 1
30213 30214 1
30216 30217 1
30218 30219 1
30222 30223 1
30222 30230 1
30224 30225 1
30224 30239 1
30225 30237 1
30226 30227 1
30226 30237 1
30227 30228 1
30228 30229 1
30229 30231 1
30230 30233 1
30231 30232 1
30232 30234 1
30233 30239 1
30234 30235 1
30235 30238 1
30236 30238 1
30240 30316 1
30241 30295 1
30241 30308 1
30242 30268 1
30242 30346 1
30243 30330 1
30243 30332 1
30244 30309 1
30244 30329 1
30245 30296 1
30245 30326 1
30246 30314 1
30246 30327 1
30247 30248 1
30247 31867 1
30248 30249 1
30249 30250 1
30250 30266 1
30251 30265 1
30251 30266 1
30252 30263 1
30252 30264 1
30253 30254 1
30253 30263 1
30254 30256 1
30254 30294 1
30255 30260 1
30255 30262 1
30255 30292 1
30256 30261 1
30257 30258 1
30257 30319 1
30258 30259 1
30259 30261 1
30260 30262 1
30262 30270 1
30264 30265 1
30267 30269 1
30267 31890 1
30268 30343 1
30269 30270 1
30271 30272 1
30271 30310 1
30272 30305 1
30273 30278 1
30273 30305 1
30274 30280 1
30274 30336 1
30275 30321 1
30275 31918 1
30276 30278 1
30276 30321 1
30277 30283 1
30277 30284 1
30279 30281 1
30279 30344 1
30280 30324 1
30281 30282 1
30282 30293 1
30284 30291 1
30285 30287 1
30285 30291 1
30285 30293 1
30286 30297 1
30286 30320 1
30287 30288 1
30287 30293 1
30288 30289 1
30289 30290 1
30292 30294 1
30296 30327 1
30296 30329 1
30297 30328 1
30298 30318 1
30298 30329 1
30299 30300 1
30299 30313 1
30300 30301 1
30301 30311 1
30302 30304 1
30302 30312 1
30302 30346 1
30303 30333 1
30303 30345 1
30304 30331 1
30304 30335 1
30306 30307 1
30306 30335 1
30307 30340 1
30308 30317 1
30309 30313 1
30310 30315 1
30311 30315 1
30312 30316 1
30314 30325 1
30317 30336 1
30318 30330 1
30319 30320 1
30322 30323 1
30322 30324 1
30323 30325 1
30326 30328 1
30332 30333 1
30334 30337 1
30334 30345 1
30337 30338 1
30338 30339 1
30339 30340 1
30340 30341 1
30341 30342 1
30341 30344 1
30342 30344 1
30347 30413 1
30348 30349 1
30348 30359 1
30348 30361 1
30349 30350 1
30350 30353 1
30351 30354 1
30351 30530 1
30352 30372 1
30352 30502 1
30352 30512 1
30352 30526 1
30353 30355 1
30353 30373 1
30353 30376 1
30354 30475 1
30355 30356 1
30356 30358 1
30357 30358 1
30357 30382 1
30358 30463 1
30359 30360 1
30359 30361 1
30359 30474 1
30360 30361 1
30360 30530 1
30361 30362 1
30362 30363 1
30363 30364 1
30363 30492 1
30364 30366 1
30364 30371 1
30364 30492 1
30365 30386 1
30366 30367 1
30366 30492 1
30367 30369 1
30368 30370 1
30368 30373 1
30369 30370 1
30370 30377 1
30370 30378 1
30371 30387 1
30372 30386 1
30372 30412 1
30374 30375 1
30374 30388 1
30375 30378 1
30376 30377 1
30377 30378 1
30378 30380 1
30378 30382 1
30378 30384 1
30379 30381 1
30379 30421 1
30380 30381 1
30383 30385 1
30383 30421 1
30384 30453 1
30385 30452 1
30386 30417 1
30387 30389 1
30388 30390 1
30389 30392 1
30390 30391 1
30391 30397 1
30392 30439 1
30392 30441 1
30393 30394 1
30393 30506 1
30394 30396 1
30395 30397 1
30395 30439 1
30395 30446 1
30396 30439 1
30398 30399 1
30398 30428 1
30399 30400 1
30399 30402 1
30400 30401 1
30400 30402 1
30401 31586 1
30402 30403 1
30403 30411 1
30404 30406 1
30404 30411 1
30405 30406 1
30405 30461 1
30406 30409 1
30407 30408 1
30407 30409 1
30408 30414 1
30410 30414 1
30412 30433 1
30413 30527 1
30415 30416 1
30415 30438 1
30416 30418 1
30416 30438 1
30417 30433 1
30419 30420 1
30419 30447 1
30420 30432 1
30421 30422 1
30421 30429 1
30421 30430 1
30422 30423 1
30422 30429 1
30423 30424 1
30424 30425 1
30425 30426 1
30426 30436 1
30427 30440 1
30427 30529 1
30428 30429 1
30430 30448 1
30431 30432 1
30431 30434 1
30433 30454 1
30434 30449 1
30435 30437 1
30435 30450 1
30436 30437 1
30438 30439 1
30439 30441 1
30440 30470 1
30441 30442 1
30441 30444 1
30442 30443 1
30443 30445 1
30444 30446 1
30445 30447 1
30446 30448 1
30449 30450 1
30450 30451 1
30450 31625 1
30451 31627 1
30452 30453 1
30453 30455 1
30454 30514 1
30454 30522 1
30455 30456 1
30456 30457 1
30457 30462 1
30458 30459 1
30458 30462 1
30459 30460 1
30460 30461 1
30463 30464 1
30464 30465 1
30465 30466 1
30466 30467 1
30467 30468 1
30469 30487 1
30470 30472 1
30471 30473 1
30472 30474 1
30473 30475 1
30476 30477 1
30476 30524 1
30477 30490 1
30478 30479 1
30478 30507 1
30479 30480 1
30480 30481 1
30482 30484 1
30482 30520 1
30483 30485 1
30483 30486 1
30483 30521 1
30484 30490 1
30485 30486 1
30485 30488 1
30486 30489 1
30487 30502 1
30488 30490 1
30489 30491 1
30490 30493 1
30491 30492 1
30493 30494 1
30494 30496 1
30495 30510 1
30495 30512 1
30496 30501 1
30497 30499 1
30497 30513 1
30498 30508 1
30498 30513 1
30499 30503 1
30500 30508 1
30500 30509 1
30501 30504 1
30501 30507 1
30502 30512 1
30502 30526 1
30502 30527 1
30503 30504 1
30505 30506 1
30505 30511 1
30509 30511 1
30510 30525 1
30512 30526 1
30512 30527 1
30514 30516 1
30515 30517 1
30515 30522 1
30516 30518 1
30517 30519 1
30518 30520 1
30519 30521 1
30523 30524 1
30523 31556 1
30526 30527 1
30526 30528 1
30528 30529 1
30531 30536 1
30531 30734 1
30532 30584 1
30532 30708 1
30533 30587 1
30533 30753 1
30534 30647 1
30534 30753 1
30535 30749 1
30535 30752 1
30535 30760 1
30536 30554 1
30537 30547 1
30537 30749 1
30538 30540 1
30538 30735 1
30539 30540 1
30539 30541 1
30539 30548 1
30540 30541 1
30541 30543 1
30542 30546 1
30542 30548 1
30543 30544 1
30544 30549 1
30545 30631 1
30545 30636 1
30546 30547 1
30548 30551 1
30548 30750 1
30549 30550 1
30550 30613 1
30551 30750 1
30552 30669 1
30552 30688 1
30552 30695 1
30552 30698 1
30553 30555 1
30553 30691 1
30553 30711 1
30554 30754 1
30555 30557 1
30555 30691 1
30556 30558 1
30556 30562 1
30557 30559 1
30557 30809 1
30558 30560 1
30559 30685 1
30559 30686 1
30559 30747 1
30560 30702 1
30561 30677 1
30561 30680 1
30562 30565 1
30562 30715 1
30562 30718 1
30563 30584 1
30563 30734 1
30564 30674 1
30564 30695 1
30565 30711 1
30565 30718 1
30566 30681 1
30566 30682 1
30567 30568 1
30567 30733 1
30568 30569 1
30568 30577 1
30568 30580 1
30568 30746 1
30569 30723 1
30570 30574 1
30570 30701 1
30571 30572 1
30571 30611 1
30572 30725 1
30573 30724 1
30573 30725 1
30574 30582 1
30574 30583 1
30575 30632 1
30575 30634 1
30576 30721 1
30577 30578 1
30577 30723 1
30577 30724 1
30577 30732 1
30578 30580 1
30579 30581 1
30579 30720 1
30580 30581 1
30580 30704 1
30580 30706 1
30580 30707 1
30580 30732 1
30582 30707 1
30583 30706 1
30585 30612 1
30585 30725 1
30585 30745 1
30586 30589 1
30586 30759 1
30587 30592 1
30588 30591 1
30588 30596 1
30589 30593 1
30590 30594 1
30590 30636 1
30591 30595 1
30592 30595 1
30592 30648 1
30593 30650 1
30595 30648 1
30596 30759 1
30597 30605 1
30597 30687 1
30598 30604 1
30598 30687 1
30599 30600 1
30599 30609 1
30600 30601 1
30601 30602 1
30602 30655 1
30603 30608 1
30603 30655 1
30604 30608 1
30605 30607 1
30606 30656 1
30607 30609 1
30607 30629 1
30610 30615 1
30610 30727 1
30611 30619 1
30612 30614 1
30613 30736 1
30613 30748 1
30614 30616 1
30615 30618 1
30616 30617 1
30617 30639 1
30618 30637 1
30619 30635 1
30620 30621 1
30620 30678 1
30621 30624 1
30622 30623 1
30622 30625 1
30623 30722 1
30624 30633 1
30625 30626 1
30626 30633 1
30627 30628 1
30627 30633 1
30628 30632 1
30629 30630 1
30630 30631 1
30631 30708 1
30634 30754 1
30635 30644 1
30637 30638 1
30637 30640 1
30638 30640 1
30638 30641 1
30639 30643 1
30640 30642 1
30641 30646 1
30642 30643 1
30644 30647 1
30645 30660 1
30645 30668 1
30646 30760 1
30648 30649 1
30649 30652 1
30650 30651 1
30651 30653 1
30652 30654 1
30653 30655 1
30654 30656 1
30657 30658 1
30658 30661 1
30659 30698 1
30659 31214 1
30660 30678 1
30661 30662 1
30662 30663 1
30662 30664 1
30663 30666 1
30664 30696 1
30665 30693 1
30665 30695 1
30666 30667 1
30667 30670 1
30668 30713 1
30669 30716 1
30670 30671 1
30671 30672 1
30672 30673 1
30673 30675 1
30674 30677 1
30675 30676 1
30676 30679 1
30679 30681 1
30682 30683 1
30683 30684 1
30685 30767 1
30686 30748 1
30687 30719 1
30687 30722 1
30688 30689 1
30688 30695 1
30688 30698 1
30689 30694 1
30690 30694 1
30690 30788 1
30690 30791 1
30691 30812 1
30692 30693 1
30692 30697 1
30695 30696 1
30695 30698 1
30698 31205 1
30698 31214 1
30699 30700 1
30699 30709 1
30700 30701 1
30702 30703 1
30703 30704 1
30705 30720 1
30705 30721 1
30709 30710 1
30710 30712 1
30712 30714 1
30713 30719 1
30714 30715 1
30716 30717 1
30717 30718 1
30723 30724 1
30726 30728 1
30726 30737 1
30727 30741 1
30728 30740 1
30729 30743 1
30730 30739 1
30730 30746 1
30731 30733 1
30731 30740 1
30732 30743 1
30735 30773 1
30736 30738 1
30737 30747 1
30738 30739 1
30741 30742 1
30742 30744 1
30744 30745 1
30750 30751 1
30751 30756 1
30752 30755 1
30755 30757 1
30756 30759 1
30757 30758 1
30758 30759 1
30761 30770 1
30761 30982 1
30762 30773 1
30762 30818 1
30763 30775 1
30763 30776 1
30763 30795 1
30764 30786 1
30764 30811 1
30765 30795 1
30765 30797 1
30766 30787 1
30766 30798 1
30767 30780 1
30768 30777 1
30769 30804 1
30769 30805 1
30770 30772 1
30771 31023 1
30772 30928 1
30773 30774 1
30774 30775 1
30776 30795 1
30777 30779 1
30778 30801 1
30778 30803 1
30778 30804 1
30779 30780 1
30781 31249 1
30782 30783 1
30782 30790 1
30783 30784 1
30784 30787 1
30785 30788 1
30785 30789 1
30786 30789 1
30788 30791 1
30791 30813 1
30792 30812 1
30792 30813 1
30793 30794 1
30793 30797 1
30794 30796 1
30796 30814 1
30798 30799 1
30799 30800 1
30799 30802 1
30800 30801 1
30800 30803 1
30802 30814 1
30805 30806 1
30806 30807 1
30807 30808 1
30808 30811 1
30809 30810 1
30810 30817 1
30815 30816 1
30815 30970 1
30816 30818 1
30819 30856 1
30819 30858 1
30820 30824 1
30820 30888 1
30821 30852 1
30821 30981 1
30822 30828 1
30822 30882 1
30823 30979 1
30823 30980 1
30824 30958 1
30825 30971 1
30825 30972 1
30826 30830 1
30826 30971 1
30827 30892 1
30827 30929 1
30828 30849 1
30829 30973 1
30829 30975 1
30830 30832 1
30831 30890 1
30831 30909 1
30832 30833 1
30833 30834 1
30834 30836 1
30835 30893 1
30835 30895 1
30836 30837 1
30837 30839 1
30838 30863 1
30838 30909 1
30839 30840 1
30840 30841 1
30841 30843 1
30842 30846 1
30842 30895 1
30843 30844 1
30844 30845 1
30845 30850 1
30846 30848 1
30847 30850 1
30848 30857 1
30849 30851 1
30852 30853 1
30853 30854 1
30854 30855 1
30855 30865 1
30856 30912 1
30856 30946 1
30856 30958 1
30857 30896 1
30858 30860 1
30859 30860 1
30859 30861 1
30861 30862 1
30862 30864 1
30863 30904 1
30864 30866 1
30865 30866 1
30867 30897 1
30867 30898 1
30868 30869 1
30868 30870 1
30869 30875 1
30870 30872 1
30871 30873 1
30871 30882 1
30872 30874 1
30873 30875 1
30873 30876 1
30873 30879 1
30874 30877 1
30875 30876 1
30876 30879 1
30877 30878 1
30878 30883 1
30879 30880 1
30880 30905 1
30881 30883 1
30881 30886 1
30884 30887 1
30884 30911 1
30885 30890 1
30885 30974 1
30886 30905 1
30887 30889 1
30887 30894 1
30887 30902 1
30887 30907 1
30888 30961 1
30888 30974 1
30889 30894 1
30889 30902 1
30889 30907 1
30891 30892 1
30891 30893 1
30894 30902 1
30894 30907 1
30894 30962 1
30896 30897 1
30898 30910 1
30899 30902 1
30899 30904 1
30900 30906 1
30900 30908 1
30901 30906 1
30901 30911 1
30902 30907 1
30903 30944 1
30903 30946 1
30905 30961 1
30907 30921 1
30908 30910 1
30912 30923 1
30913 30915 1
30913 30928 1
30914 30915 1
30914 30927 1
30916 30918 1
30916 30927 1
30917 30933 1
30917 30951 1
30918 30919 1
30919 30963 1
30920 30921 1
30920 30963 1
30922 30924 1
30922 30965 1
30923 30945 1
30924 30962 1
30925 30964 1
30925 30965 1
30925 30966 1
30926 30967 1
30926 30968 1
30929 30930 1
30930 30931 1
30931 30932 1
30932 30934 1
30933 30947 1
30934 30935 1
30935 30936 1
30936 30939 1
30937 30938 1
30937 30958 1
30938 30942 1
30939 30940 1
30940 30941 1
30941 30942 1
30942 30943 1
30943 30950 1
30944 30950 1
30945 30959 1
30947 30960 1
30948 30952 1
30948 30970 1
30949 30951 1
30949 30964 1
30952 30969 1
30953 30957 1
30953 30960 1
30954 30955 1
30954 30956 1
30955 30957 1
30956 30959 1
30964 30966 1
30966 30967 1
30968 30969 1
30971 30972 1
30972 30973 1
30975 30976 1
30976 30977 1
30977 30978 1
30978 30979 1
30980 30981 1
30982 30993 1
30983 31271 1
30983 31933 1
30984 30986 1
30984 30994 1
30985 30989 1
30985 30994 1
30985 31144 1
30986 30990 1
30986 31323 1
30987 30988 1
30987 30991 1
30988 31323 1
30989 31139 1
30990 31305 1
30992 31083 1
30992 31168 1
30992 31169 1
30993 31298 1
30995 31005 1
30995 31049 1
30995 31147 1
30995 31197 1
30995 31274 1
30996 30997 1
30996 31005 1
30997 30998 1
30998 30999 1
30999 31006 1
31000 31002 1
31000 31006 1
31001 31003 1
31001 31056 1
31002 31003 1
31002 31004 1
31002 31192 1
31002 31195 1
31002 31314 1
31002 31321 1
31004 31055 1
31007 31008 1
31007 31072 1
31008 31010 1
31009 31017 1
31009 31070 1
31010 31013 1
31011 31023 1
31011 31026 1
31012 31015 1
31013 31014 1
31014 31016 1
31015 31019 1
31016 31018 1
31017 31027 1
31018 31021 1
31019 31020 1
31020 31041 1
31021 31024 1
31022 31271 1
31022 31275 1
31023 31197 1
31024 31025 1
31025 31028 1
31026 31031 1
31027 31029 1
31028 31030 1
31028 31042 1
31029 31032 1
31029 31033 1
31029 31059 1
31030 31034 1
31031 31281 1
31032 31036 1
31033 31042 1
31033 31060 1
31033 31079 1
31034 31037 1
31035 31038 1
31035 31040 1
31037 31039 1
31038 31039 1
31040 31041 1
31043 31044 1
31043 31055 1
31044 31045 1
31045 31046 1
31046 31047 1
31047 31048 1
31047 31050 1
31048 31050 1
31048 31324 1
31049 31177 1
31049 31197 1
31049 31274 1
31050 31051 1
31051 31053 1
31052 31057 1
31052 31058 1
31053 31058 1
31054 31057 1
31054 31203 1
31054 31225 1
31056 31321 1
31059 31062 1
31060 31063 1
31061 31283 1
31061 31329 1
31062 31312 1
31063 31066 1
31064 31068 1
31064 31078 1
31065 31071 1
31065 31224 1
31066 31067 1
31067 31068 1
31068 31325 1
31069 31140 1
31069 31289 1
31070 31088 1
31071 31172 1
31072 31081 1
31073 31074 1
31073 31086 1
31073 31195 1
31074 31174 1
31075 31076 1
31075 31156 1
31076 31079 1
31077 31172 1
31077 31193 1
31078 31087 1
31079 31087 1
31079 31233 1
31080 31083 1
31080 31120 1
31080 31152 1
31081 31119 1
31082 31130 1
31082 31178 1
31083 31149 1
31083 31192 1
31083 31196 1
31084 31126 1
31084 31153 1
31085 31176 1
31085 31183 1
31085 31233 1
31086 31176 1
31088 31120 1
31089 31102 1
31089 31193 1
31090 31103 1
31090 31105 1
31091 31093 1
31091 31094 1
31091 31270 1
31092 31117 1
31092 31126 1
31093 31302 1
31094 31095 1
31095 31132 1
31095 31140 1
31096 31115 1
31096 31311 1
31097 31098 1
31097 31099 1
31097 31112 1
31098 31099 1
31098 31113 1
31098 31310 1
31099 31310 1
31100 31101 1
31100 31104 1
31101 31103 1
31102 31143 1
31104 31109 1
31105 31106 1
31106 31107 1
31107 31110 1
31108 31111 1
31108 31143 1
31109 31304 1
31110 31306 1
31111 31215 1
31112 31113 1
31112 31114 1
31113 31115 1
31114 31116 1
31115 31118 1
31116 31294 1
31116 31296 1
31116 31297 1
31117 31151 1
31118 31293 1
31119 31121 1
31120 31144 1
31120 31145 1
31120 31146 1
31120 31152 1
31121 31123 1
31122 31138 1
31122 31147 1
31123 31125 1
31123 31127 1
31124 31125 1
31124 31150 1
31125 31128 1
31127 31130 1
31128 31129 1
31129 31130 1
31130 31190 1
31131 31171 1
31132 31140 1
31132 31141 1
31133 31138 1
31133 31197 1
31134 31136 1
31134 31293 1
31134 31300 1
31135 31137 1
31135 31167 1
31136 31165 1
31136 31300 1
31136 31305 1
31137 31168 1
31139 31299 1
31140 31233 1
31140 31693 1
31140 31933 1
31141 31142 1
31142 31196 1
31144 31145 1
31144 31146 1
31145 31146 1
31146 31148 1
31146 31150 1
31146 31152 1
31148 31149 1
31148 31152 1
31151 31242 1
31153 31177 1
31154 31156 1
31154 31188 1
31155 31157 1
31155 31164 1
31157 31158 1
31158 31159 1
31159 31161 1
31160 31163 1
31160 31233 1
31161 31162 1
31162 31240 1
31163 31314 1
31164 31189 1
31165 31166 1
31166 31167 1
31169 31173 1
31170 31171 1
31170 31173 1
31174 31175 1
31175 31179 1
31178 31180 1
31179 31182 1
31180 31181 1
31181 31184 1
31182 31185 1
31182 31186 1
31182 31187 1
31183 31185 1
31184 31188 1
31185 31186 1
31186 31187 1
31187 31189 1
31190 31191 1
31191 31192 1
31191 31194 1
31192 31194 1
31192 31195 1
31192 31198 1
31194 31195 1
31194 31198 1
31195 31198 1
31197 31274 1
31198 31233 1
31198 31693 1
31198 31933 1
31199 31216 1
31199 31269 1
31200 31216 1
31200 31225 1
31201 31254 1
31201 31259 1
31202 31220 1
31202 31287 1
31203 31204 1
31203 31225 1
31204 31223 1
31205 31218 1
31205 31227 1
31206 31219 1
31206 31221 1
31207 31208 1
31207 31221 1
31208 31209 1
31209 31226 1
31210 31211 1
31210 31227 1
31211 31222 1
31212 31213 1
31212 31222 1
31215 31217 1
31218 31254 1
31219 31228 1
31220 31295 1
31223 31228 1
31224 31226 1
31229 31234 1
31229 31295 1
31230 31241 1
31231 31232 1
31231 31240 1
31232 31241 1
31233 31235 1
31233 31237 1
31233 31330 1
31234 31281 1
31235 31236 1
31236 31238 1
31237 31286 1
31237 31330 1
31238 31239 1
31239 31243 1
31242 31298 1
31243 31265 1
31244 31246 1
31244 31268 1
31244 31332 1
31244 31333 1
31245 31247 1
31245 31250 1
31246 31268 1
31247 31261 1
31248 31252 1
31248 31265 1
31249 31274 1
31250 31263 1
31251 31262 1
31251 31263 1
31252 31253 1
31253 31260 1
31254 31257 1
31254 31260 1
31254 31268 1
31255 31266 1
31255 31287 1
31256 31258 1
31256 31269 1
31257 31264 1
31258 31264 1
31259 31267 1
31262 31267 1
31270 31292 1
31272 31273 1
31272 31275 1
31273 31276 1
31276 31277 1
31276 31279 1
31276 31288 1
31277 31279 1
31277 31288 1
31277 31693 1
31277 31933 1
31278 31280 1
31278 31288 1
31279 31286 1
31279 31288 1
31279 31289 1
31279 31693 1
31279 31933 1
31280 31282 1
31282 31285 1
31283 31284 1
31284 31326 1
31285 31328 1
31286 31289 1
31286 31330 1
31288 31693 1
31288 31933 1
31290 31292 1
31290 31930 1
31291 31933 1
31294 31296 1
31296 31297 1
31296 31299 1
31297 31300 1
31300 31323 1
31301 31302 1
31301 31303 1
31303 31310 1
31304 31307 1
31306 31310 1
31307 31309 1
31308 31309 1
31308 31311 1
31312 31315 1
31313 31316 1
31313 31325 1
31314 31319 1
31315 31317 1
31317 31318 1
31318 31320 1
31318 31321 1
31319 31320 1
31320 31322 1
31322 31324 1
31326 31327 1
31327 31328 1
31330 31331 1
31331 31332 1
31332 31333 1
31334 31335 1
31335 31392 1
31336 31349 1
31336 31353 1
31336 31580 1
31337 31345 1
31337 31584 1
31338 31339 1
31338 31585 1
31339 31340 1
31340 31342 1
31340 31343 1
31340 31396 1
31340 31399 1
31341 31350 1
31341 31374 1
31342 31396 1
31342 31408 1
31343 31345 1
31344 31345 1
31344 31347 1
31345 31347 1
31345 31528 1
31346 31348 1
31347 31350 1
31347 31528 1
31348 31582 1
31349 31353 1
31349 31382 1
31351 31352 1
31351 31355 1
31352 31365 1
31353 31360 1
31353 31396 1
31354 31356 1
31354 31469 1
31354 31473 1
31354 31511 1
31354 31516 1
31355 31366 1
31356 31359 1
31356 31396 1
31357 31366 1
31357 31369 1
31358 31367 1
31358 31378 1
31359 31384 1
31360 31433 1
31361 31362 1
31361 31364 1
31362 31385 1
31363 31473 1
31363 31577 1
31364 31369 1
31365 31367 1
31368 31384 1
31368 31385 1
31370 31375 1
31370 31414 1
31371 31373 1
31371 31386 1
31372 31379 1
31372 31401 1
31373 31376 1
31374 31388 1
31375 31378 1
31376 31377 1
31377 31379 1
31380 31390 1
31380 31391 1
31381 31383 1
31381 31391 1
31382 31388 1
31383 31384 1
31383 31389 1
31383 31396 1
31384 31389 1
31386 31387 1
31387 31398 1
31389 31436 1
31392 31450 1
31393 31540 1
31394 31407 1
31394 31583 1
31395 31396 1
31395 31514 1
31396 31398 1
31396 31510 1
31397 31402 1
31397 31540 1
31399 31510 1
31400 31403 1
31400 31408 1
31401 31407 1
31402 31409 1
31403 31406 1
31404 31405 1
31404 31406 1
31405 31407 1
31409 31422 1
31410 31583 1
31411 31415 1
31411 31572 1
31412 31415 1
31412 31417 1
31413 31416 1
31414 31461 1
31415 31472 1
31416 31420 1
31417 31480 1
31418 31419 1
31418 31480 1
31419 31478 1
31420 31423 1
31421 31474 1
31421 31478 1
31422 31426 1
31423 31424 1
31424 31425 1
31425 31474 1
31426 31431 1
31427 31469 1
31427 31472 1
31427 31516 1
31428 31429 1
31428 31469 1
31430 31432 1
31431 31465 1
31432 31433 1
31435 31438 1
31436 31477 1
31437 31438 1
31437 31496 1
31439 31440 1
31440 31452 1
31441 31442 1
31441 31452 1
31442 31451 1
31442 31454 1
31443 31444 1
31443 31454 1
31444 31446 1
31445 31447 1
31445 31451 1
31446 31463 1
31447 31453 1
31448 31449 1
31448 31466 1
31449 31453 1
31450 31584 1
31455 31457 1
31455 31493 1
31455 31498 1
31456 31458 1
31456 31494 1
31457 31460 1
31458 31468 1
31459 31463 1
31459 31467 1
31460 31462 1
31460 31468 1
31461 31477 1
31462 31464 1
31464 31466 1
31465 31471 1
31467 31491 1
31469 31475 1
31469 31511 1
31469 31513 1
31469 31518 1
31470 31476 1
31470 31567 1
31471 31521 1
31473 31475 1
31473 31511 1
31473 31516 1
31476 31512 1
31477 31510 1
31477 31514 1
31479 31570 1
31479 31571 1
31481 31482 1
31481 31507 1
31482 31487 1
31482 31491 1
31483 31484 1
31483 31485 1
31484 31488 1
31485 31490 1
31486 31497 1
31486 31521 1
31487 31489 1
31488 31492 1
31489 31492 1
31490 31494 1
31490 31536 1
31491 31496 1
31491 31498 1
31492 31493 1
31492 31495 1
31495 31498 1
31497 31503 1
31499 31500 1
31499 31526 1
31500 31504 1
31501 31502 1
31501 31525 1
31502 31507 1
31503 31510 1
31504 31505 1
31505 31506 1
31506 31508 1
31508 31509 1
31509 31531 1
31511 31515 1
31511 31516 1
31512 31519 1
31513 31518 1
31515 31517 1
31516 31518 1
31517 31522 1
31518 31520 1
31518 31523 1
31518 31525 1
31519 31520 1
31522 31548 1
31523 31524 1
31524 31527 1
31526 31527 1
31528 31580 1
31529 31533 1
31529 31538 1
31529 31559 1
31530 31532 1
31530 31562 1
31531 31533 1
31532 31534 1
31533 31535 1
31533 31538 1
31534 31537 1
31535 31536 1
31537 31538 1
31538 31545 1
31539 31541 1
31539 31545 1
31541 31542 1
31542 31543 1
31543 31544 1
31546 31547 1
31547 31549 1
31548 31550 1
31549 31552 1
31550 31551 1
31551 31553 1
31552 31553 1
31552 31555 1
31552 31557 1
31552 31559 1
31553 31555 1
31555 31556 1
31555 31557 1
31555 31559 1
31557 31558 1
31558 31560 1
31558 31562 1
31560 31562 1
31561 31573 1
31561 31576 1
31563 31566 1
31564 31565 1
31564 31576 1
31565 31574 1
31566 31567 1
31568 31569 1
31568 31575 1
31569 31570 1
31571 31572 1
31574 31575 1
31577 31581 1
31578 31579 1
31578 31581 1
31584 31585 1
31586 31632 1
31586 31648 1
31587 31606 1
31587 31638 1
31588 31607 1
31588 31656 1
31589 31641 1
31589 31654 1
31590 31591 1
31590 31593 1
31590 31600 1
31591 31593 1
31591 31642 1
31592 31630 1
31592 31648 1
31593 31599 1
31594 31596 1
31594 31599 1
31595 31596 1
31595 47760 1
31596 31646 1
31597 31598 1
31597 47760 1
31598 47754 1
31600 31601 1
31601 31602 1
31601 31603 1
31602 31603 1
31602 31613 1
31602 31626 1
31603 31604 1
31603 31609 1
31603 31610 1
31603 31616 1
31604 31605 1
31604 31609 1
31604 31610 1
31604 31616 1
31606 31634 1
31607 31608 1
31609 31610 1
31609 31616 1
31610 31611 1
31610 31616 1
31611 31615 1
31612 31615 1
31613 31626 1
31613 47934 1
31613 47936 1
31614 31615 1
31616 31626 1
31617 31619 1
31617 31620 1
31617 31649 1
31617 31651 1
31618 31619 1
31618 31633 1
31619 31620 1
31619 31645 1
31619 31651 1
31620 31621 1
31621 31622 1
31622 31623 1
31623 31624 1
31625 31644 1
31627 31628 1
31628 31629 1
31629 31631 1
31630 31631 1
31631 31633 1
31632 31638 1
31632 31648 1
31634 31637 1
31635 31636 1
31635 31640 1
31636 31639 1
31637 31639 1
31640 31641 1
31642 31643 1
31642 31650 1
31643 31644 1
31643 31650 1
31645 31650 1
31646 31647 1
31647 31649 1
31651 31652 1
31652 31653 1
31653 31654 1
31654 31655 1
31655 31656 1
31657 31658 1
31657 31930 1
31658 31765 1
31659 31666 1
31659 31871 1
31659 31928 1
31660 31661 1
31660 31947 1
31661 31669 1
31662 31669 1
31662 31672 1
31663 31672 1
31663 31676 1
31664 31665 1
31664 31668 1
31665 31667 1
31666 31871 1
31666 31927 1
31667 31677 1
31667 31690 1
31670 31931 1
31670 31934 1
31671 31673 1
31671 31691 1
31673 31674 1
31674 31675 1
31675 31678 1
31676 31684 1
31677 31682 1
31678 31800 1
31679 31680 1
31679 31800 1
31680 31726 1
31680 31799 1
31681 31683 1
31681 31721 1
31682 31724 1
31683 31685 1
31683 31689 1
31683 31723 1
31683 31789 1
31684 31731 1
31685 31686 1
31685 31722 1
31685 31723 1
31685 31789 1
31686 31726 1
31687 31693 1
31687 31695 1
31687 31869 1
31688 31726 1
31688 31747 1
31688 31750 1
31688 31757 1
31688 31762 1
31688 53988 1
31689 31690 1
31689 31723 1
31689 31789 1
31690 31764 1
31691 31816 1
31692 31722 1
31692 31799 1
31693 31699 1
31693 31934 1
31694 31696 1
31694 31837 1
31695 31705 1
31696 31698 1
31697 31701 1
31697 31820 1
31698 31700 1
31699 31708 1
31699 31934 1
31700 31702 1
31701 31704 1
31702 31703 1
31703 31706 1
31704 31944 1
31705 31861 1
31706 31707 1
31707 31849 1
31708 31870 1
31709 31712 1
31709 31746 1
31710 31713 1
31710 31745 1
31711 31713 1
31711 31715 1
31711 31743 1
31712 31714 1
31713 31715 1
31714 31715 1
31714 31716 1
31715 31718 1
31715 31820 1
31716 31832 1
31717 31739 1
31717 31942 1
31718 31837 1
31719 31720 1
31719 31738 1
31719 31810 1
31720 31738 1
31720 31872 1
31723 31727 1
31724 31730 1
31725 31797 1
31725 31936 1
31726 31730 1
31726 31747 1
31726 31750 1
31726 31751 1
31726 31757 1
31727 31730 1
31728 31729 1
31728 31731 1
31730 31731 1
31730 31734 1
31730 31747 1
31730 31757 1
31730 31759 1
31731 31733 1
31732 31735 1
31732 31793 1
31733 31734 1
31734 31749 1
31735 31748 1
31736 31738 1
31736 31742 1
31736 31772 1
31736 31876 1
31736 31878 1
31737 31741 1
31737 31877 1
31738 31743 1
31738 31878 1
31740 31756 1
31740 31927 1
31741 31744 1
31742 31745 1
31744 31746 1
31747 31749 1
31747 31750 1
31747 31757 1
31747 31875 1
31748 31758 1
31750 31751 1
31750 31752 1
31750 31753 1
31750 31754 1
31750 31757 1
31751 31752 1
31751 31753 1
31751 31754 1
31751 31761 1
31752 31754 1
31753 31754 1
31753 31767 1
31754 31755 1
31754 31873 1
31754 31874 1
31755 31875 1
31756 31766 1
31757 31783 1
31758 31766 1
31759 31760 1
31759 31768 1
31759 31783 1
31759 31788 1
31760 31762 1
31761 31763 1
31761 31767 1
31762 31763 1
31763 31767 1
31763 31768 1
31764 31812 1
31765 31871 1
31766 31810 1
31767 31769 1
31768 31770 1
31770 31879 1
31771 31777 1
31771 31781 1
31771 31820 1
31772 31774 1
31772 31781 1
31772 31782 1
31772 31873 1
31772 31879 1
31773 31775 1
31773 31776 1
31774 31776 1
31775 31777 1
31777 31778 1
31777 31820 1
31779 31780 1
31779 31782 1
31780 31788 1
31781 31873 1
31782 31784 1
31782 31788 1
31783 31785 1
31784 31879 1
31785 31786 1
31786 31798 1
31787 31790 1
31787 31798 1
31788 31790 1
31788 31791 1
31789 31790 1
31790 31791 1
31790 31792 1
31791 31795 1
31792 31794 1
31793 31797 1
31794 31796 1
31795 31805 1
31796 31801 1
31801 31802 1
31802 31803 1
31803 31804 1
31804 31806 1
31805 31865 1
31806 31845 1
31807 31808 1
31807 31896 1
31808 31817 1
31808 31896 1
31809 31811 1
31809 31817 1
31811 31812 1
31813 31814 1
31813 31815 1
31814 31818 1
31815 31816 1
31818 31897 1
31819 31822 1
31819 31845 1
31820 31876 1
31821 31823 1
31821 31842 1
31822 31841 1
31823 31847 1
31824 31826 1
31824 31839 1
31825 31828 1
31825 31840 1
31825 31847 1
31826 31827 1
31827 31905 1
31828 31831 1
31828 31840 1
31829 31830 1
31829 31833 1
31830 31834 1
31831 31922 1
31833 31838 1
31834 31920 1
31835 31844 1
31835 31923 1
31836 31839 1
31836 31841 1
31838 31844 1
31842 31865 1
31843 31906 1
31843 31908 1
31846 31909 1
31846 31910 1
31848 31904 1
31848 31912 1
31849 31853 1
31850 31856 1
31850 31944 1
31851 31860 1
31851 31872 1
31852 31872 1
31853 31854 1
31854 31855 1
31855 31859 1
31856 31880 1
31857 31858 1
31857 31860 1
31858 31885 1
31861 31863 1
31861 31864 1
31862 31868 1
31862 31870 1
31864 31869 1
31866 31867 1
31866 31868 1
31869 31893 1
31872 31892 1
31872 31907 1
31873 31876 1
31874 31876 1
31875 31877 1
31875 31878 1
31880 31883 1
31881 31882 1
31881 31941 1
31882 31895 1
31883 31884 1
31884 31894 1
31885 31887 1
31886 31888 1
31886 31894 1
31887 31889 1
31887 31891 1
31888 31890 1
31889 31891 1
31891 31893 1
31892 31901 1
31896 31898 1
31897 31903 1
31899 31900 1
31899 31902 1
31900 31914 1
31901 31943 1
31902 31903 1
31905 31906 1
31906 31922 1
31907 31924 1
31908 31909 1
31910 31911 1
31911 31912 1
31913 31922 1
31914 31916 1
31915 31937 1
31915 31943 1
31916 31917 1
31918 31919 1
31919 31921 1
31920 31921 1
31923 31925 1
31924 31929 1
31926 31936 1
31928 31942 1
31929 31939 1
31931 31932 1
31932 31933 1
31935 31938 1
31935 31940 1
31937 31941 1
31938 31939 1
31945 31946 1
31946 31947 1
31948 31989 1
31948 32033 1
31949 31967 1
31949 32045 1
31950 31951 1
31950 31995 1
31951 32049 1
31952 31954 1
31952 31996 1
31953 31955 1
31953 31995 1
31954 31957 1
31955 31956 1
31955 32010 1
31955 32011 1
31956 31959 1
31957 31958 1
31958 32010 1
31959 32009 1
31960 31962 1
31960 32016 1
31961 31998 1
31961 32042 1
31962 31963 1
31963 31964 1
31964 31965 1
31964 32017 1
31965 32017 1
31966 31968 1
31967 31974 1
31968 31969 1
31969 31970 1
31970 31971 1
31971 31972 1
31972 31973 1
31973 32021 1
31974 32012 1
31975 31993 1
31975 32031 1
31976 31977 1
31976 31993 1
31977 31978 1
31978 31979 1
31979 31980 1
31980 31981 1
31981 31982 1
31982 31983 1
31983 31984 1
31984 31986 1
31985 32004 1
31985 32012 1
31986 31992 1
31987 31988 1
31987 31991 1
31987 31992 1
31988 31990 1
31988 31991 1
31989 32042 1
31990 32008 1
31994 32009 1
31994 32019 1
31996 32059 1
31997 32005 1
31997 32015 1
31999 32000 1
31999 32006 1
32000 32001 1
32000 32007 1
32001 32002 1
32002 32003 1
32004 32034 1
32005 32006 1
32010 32011 1
32011 32013 1
32011 32015 1
32011 32016 1
32013 32014 1
32014 32018 1
32014 32019 1
32016 32018 1
32016 32020 1
32017 32020 1
32018 32019 1
32021 32032 1
32022 32023 1
32022 32032 1
32023 32024 1
32024 32025 1
32025 32026 1
32026 32027 1
32027 32028 1
32028 32029 1
32029 32030 1
32030 32031 1
32033 32045 1
32034 32035 1
32035 32036 1
32036 32037 1
32037 32038 1
32038 32039 1
32039 32043 1
32040 32041 1
32040 32043 1
32041 32044 1
32044 32046 1
32044 32048 1
32044 32054 1
32046 32055 1
32046 32057 1
32047 32049 1
32047 32054 1
32048 32050 1
32050 32055 1
32051 32052 1
32052 32053 1
32053 32058 1
32055 32057 1
32056 32057 1
32060 32061 1
32061 32062 1
32063 32150 1
32063 32156 1
32064 32159 1
32064 32200 1
32065 32072 1
32065 32081 1
32065 32219 1
32066 32074 1
32066 32077 1
32067 32068 1
32067 32072 1
32068 32069 1
32069 32076 1
32070 32115 1
32070 32159 1
32071 32076 1
32071 32191 1
32072 32083 1
32073 32083 1
32073 32218 1
32074 32083 1
32075 32079 1
32075 32080 1
32077 32081 1
32078 32115 1
32078 32157 1
32078 32158 1
32079 32214 1
32080 32082 1
32082 32176 1
32083 32218 1
32083 32307 1
32083 32356 1
32084 32085 1
32084 32209 1
32085 32086 1
32086 32119 1
32086 32124 1
32087 32158 1
32087 32172 1
32088 32089 1
32088 32114 1
32089 32090 1
32090 32091 1
32091 32094 1
32092 32096 1
32092 32117 1
32093 32112 1
32093 32116 1
32094 32101 1
32095 32097 1
32096 32097 1
32097 32102 1
32098 32111 1
32098 32116 1
32099 32113 1
32099 32126 1
32100 32102 1
32100 32111 1
32101 32103 1
32102 32104 1
32102 32111 1
32103 32122 1
32104 32106 1
32104 32107 1
32104 32125 1
32105 32109 1
32105 32122 1
32106 32107 1
32106 32125 1
32106 32128 1
32107 32120 1
32107 32125 1
32107 32131 1
32108 32110 1
32108 32120 1
32110 32125 1
32110 32154 1
32112 32121 1
32113 32118 1
32114 32124 1
32116 32121 1
32117 32123 1
32118 32119 1
32121 32219 1
32123 32187 1
32126 32425 1
32126 32431 1
32126 32433 1
32127 32129 1
32128 32129 1
32130 32131 1
32130 32147 1
32131 32148 1
32132 32133 1
32132 32153 1
32133 32134 1
32134 32151 1
32135 32148 1
32136 32137 1
32136 32151 1
32137 32138 1
32138 32146 1
32139 32146 1
32139 32149 1
32140 32142 1
32140 32143 1
32140 32149 1
32141 32175 1
32141 32185 1
32142 32143 1
32143 32144 1
32144 32425 1
32147 32152 1
32147 32154 1
32150 32160 1
32152 32153 1
32155 32156 1
32155 32174 1
32155 40159 1
32156 32174 1
32157 32158 1
32160 32175 1
32161 32162 1
32161 32172 1
32162 32163 1
32163 32164 1
32164 32166 1
32165 32167 1
32165 32171 1
32166 32169 1
32167 32168 1
32168 32169 1
32168 32205 1
32169 32205 1
32170 32171 1
32170 32484 1
32173 32176 1
32173 40147 1
32174 32177 1
32177 32192 1
32178 32179 1
32179 32180 1
32180 32181 1
32181 32182 1
32182 32184 1
32183 32186 1
32183 34052 1
32184 32187 1
32185 32200 1
32186 32189 1
32188 32189 1
32188 32210 1
32190 32206 1
32190 32463 1
32191 32193 1
32192 32207 1
32193 32194 1
32194 32196 1
32195 32196 1
32195 32209 1
32196 32197 1
32197 32198 1
32198 32199 1
32198 32207 1
32199 32201 1
32199 32207 1
32201 32202 1
32202 32203 1
32203 32204 1
32203 32206 1
32203 32208 1
32204 32206 1
32204 32208 1
32205 32208 1
32210 32211 1
32210 32218 1
32211 32212 1
32212 32213 1
32213 32214 1
32214 32215 1
32215 32216 1
32216 32217 1
32217 32218 1
32218 34052 1
32219 32307 1
32219 32356 1
32220 32233 1
32220 32241 1
32221 32222 1
32221 32223 1
32222 32295 1
32224 32245 1
32224 32246 1
32224 32264 1
32224 32290 1
32225 32226 1
32225 32229 1
32225 32232 1
32226 32232 1
32226 32290 1
32227 32270 1
32227 32283 1
32228 32229 1
32228 32230 1
32230 32231 1
32231 32291 1
32232 32255 1
32233 32274 1
32234 32236 1
32235 32237 1
32236 32239 1
32237 32238 1
32238 32240 1
32239 32242 1
32239 32243 1
32240 32243 1
32240 32245 1
32241 32242 1
32242 32243 1
32243 32245 1
32245 32246 1
32246 32264 1
32247 32265 1
32248 32251 1
32248 32263 1
32249 32250 1
32249 32251 1
32250 32252 1
32251 32253 1
32252 32289 1
32254 32256 1
32255 32264 1
32256 32257 1
32257 32261 1
32258 32262 1
32259 32260 1
32259 32261 1
32260 32262 1
32261 32263 1
32264 32266 1
32266 32293 1
32267 32268 1
32268 32269 1
32269 32271 1
32269 32279 1
32269 32280 1
32270 32273 1
32272 32273 1
32272 32281 1
32273 32275 1
32273 32279 1
32274 32292 1
32275 32276 1
32276 32284 1
32277 32282 1
32278 32280 1
32282 32285 1
32283 32292 1
32284 32287 1
32285 32286 1
32286 32288 1
32287 32290 1
32288 32290 1
32289 32291 1
32293 32294 1
32294 32295 1
32296 32297 1
32296 32397 1
32297 32395 1
32298 32301 1
32298 32495 1
32299 32303 1
32299 32305 1
32300 32320 1
32300 32468 1
32301 32307 1
32302 32479 1
32302 32490 1
32303 32493 1
32304 32306 1
32304 32441 1
32305 32312 1
32306 32443 1
32307 32308 1
32308 32309 1
32309 32311 1
32310 32319 1
32311 32317 1
32311 32319 1
32311 32326 1
32312 32314 1
32313 32319 1
32314 32315 1
32315 32316 1
32316 32317 1
32317 32323 1
32318 32321 1
32318 32443 1
32320 32346 1
32321 32324 1
32322 32323 1
32323 32325 1
32324 32327 1
32325 32326 1
32325 32328 1
32326 32328 1
32326 32331 1
32327 32333 1
32328 32329 1
32329 32330 1
32330 32380 1
32331 32332 1
32332 32334 1
32334 32335 1
32335 32336 1
32336 32339 1
32337 32384 1
32337 32395 1
32338 32366 1
32339 32340 1
32340 32341 1
32341 32342 1
32342 32343 1
32343 32344 1
32344 32345 1
32345 32391 1
32346 32363 1
32347 32348 1
32347 32377 1
32348 32350 1
32349 32355 1
32350 32351 1
32351 32352 1
32352 32353 1
32353 32358 1
32354 32357 1
32355 32411 1
32356 32359 1
32357 32358 1
32358 32359 1
32360 32371 1
32360 32411 1
32361 32379 1
32361 32402 1
32362 32363 1
32362 32379 1
32364 32365 1
32364 32403 1
32365 32367 1
32366 32401 1
32367 32368 1
32368 32369 1
32369 32370 1
32370 32372 1
32371 32376 1
32372 32373 1
32373 32374 1
32374 32375 1
32375 32377 1
32376 32378 1
32378 32396 1
32380 32381 1
32381 32382 1
32382 32383 1
32383 32386 1
32384 32474 1
32385 32432 1
32385 32440 1
32386 32398 1
32387 32388 1
32387 32398 1
32388 32389 1
32389 32397 1
32390 32432 1
32390 32480 1
32391 32392 1
32392 32399 1
32393 32399 1
32393 32400 1
32394 32400 1
32396 32440 1
32401 32404 1
32402 32405 1
32403 32406 1
32404 32467 1
32405 32424 1
32406 32407 1
32407 32408 1
32408 32409 1
32409 32413 1
32409 32414 1
32410 32413 1
32410 32423 1
32412 32414 1
32413 32416 1
32413 32417 1
32414 32415 1
32415 32418 1
32416 32422 1
32417 32419 1
32418 32421 1
32419 32420 1
32420 32427 1
32421 32426 1
32422 32428 1
32423 32424 1
32425 32429 1
32425 32431 1
32425 32433 1
32426 32445 1
32427 32430 1
32428 32435 1
32429 32430 1
32429 32431 1
32431 32433 1
32431 32437 1
32433 32434 1
32433 32437 1
32434 32436 1
32435 32439 1
32436 32442 1
32437 32450 1
32438 32441 1
32438 32445 1
32439 32444 1
32442 32449 1
32444 32451 1
32446 32447 1
32446 43715 1
32447 32448 1
32448 32465 1
32449 32452 1
32450 32460 1
32451 32453 1
32451 32455 1
32452 32453 1
32453 32454 1
32453 32455 1
32454 32455 1
32454 32456 1
32455 32457 1
32456 32458 1
32457 32459 1
32458 32461 1
32459 32464 1
32461 32462 1
32462 43727 1
32463 32468 1
32464 32465 1
32466 32467 1
32466 32468 1
32466 32484 1
32468 32469 1
32468 32487 1
32469 32470 1
32470 32483 1
32471 32472 1
32471 32473 1
32472 32476 1
32473 32475 1
32474 32479 1
32475 32477 1
32476 32482 1
32477 32478 1
32478 32485 1
32480 32481 1
32480 32483 1
32481 32482 1
32485 32486 1
32486 32488 1
32487 32491 1
32488 32489 1
32489 32492 1
32491 32493 1
32492 32494 1
32494 32495 1
32496 32578 1
32496 52135 1
32497 32581 1
32497 52139 1
32498 32592 1
32498 32593 1
32499 32685 1
32499 32687 1
32500 32531 1
32500 32532 1
32501 32525 1
32501 32669 1
32502 32515 1
32502 32523 1
32503 32656 1
32503 32675 1
32504 32660 1
32504 32662 1
32505 32655 1
32505 32673 1
32506 32507 1
32506 32508 1
32507 32511 1
32508 32510 1
32509 32593 1
32509 32605 1
32509 52130 1
32510 32677 1
32511 32546 1
32512 32677 1
32512 32680 1
32513 32514 1
32513 32544 1
32514 32538 1
32515 32688 1
32516 32517 1
32516 32518 1
32517 32521 1
32518 32534 1
32519 32522 1
32519 32543 1
32520 32552 1
32520 32579 1
32521 32665 1
32522 32534 1
32523 32667 1
32524 32668 1
32524 32678 1
32525 32526 1
32526 32691 1
32527 32528 1
32527 32691 1
32528 32530 1
32529 32587 1
32529 32639 1
32530 32531 1
32532 32533 1
32533 32689 1
32535 32536 1
32536 32537 1
32537 32541 1
32537 50370 1
32538 32540 1
32538 32541 1
32539 32601 1
32539 32661 1
32540 32541 1
32540 32545 1
32542 32547 1
32542 32548 1
32543 32547 1
32544 32546 1
32545 32548 1
32549 32569 1
32549 32661 1
32550 32551 1
32550 32610 1
32551 32552 1
32553 32554 1
32553 32555 1
32553 38541 1
32554 32555 1
32554 32571 1
32555 32577 1
32556 32557 1
32556 32571 1
32557 32575 1
32558 32560 1
32558 32577 1
32559 32611 1
32559 32614 1
32560 32574 1
32561 32562 1
32561 32689 1
32562 32576 1
32563 32564 1
32563 32573 1
32564 32565 1
32565 32566 1
32566 32567 1
32567 32568 1
32568 32570 1
32569 32650 1
32570 32572 1
32572 32600 1
32573 32575 1
32574 32576 1
32578 32580 1
32579 32590 1
32580 52139 1
32581 52129 1
32581 52138 1
32582 32592 1
32583 32584 1
32583 32600 1
32584 32607 1
32584 32618 1
32585 32586 1
32585 32607 1
32585 32629 1
32586 32603 1
32586 32629 1
32587 32603 1
32588 32589 1
32588 32670 1
32589 32608 1
32590 32650 1
32591 32592 1
32591 32604 1
32593 32605 1
32594 32597 1
32594 32605 1
32595 32597 1
32595 32602 1
32596 32599 1
32596 51451 1
32598 32608 1
32598 32681 1
32599 32602 1
32601 32639 1
32604 32681 1
32606 32629 1
32606 32670 1
32609 32615 1
32609 50409 1
32610 32611 1
32612 32613 1
32612 32614 1
32613 32615 1
32616 32622 1
32616 32645 1
32617 32619 1
32617 32621 1
32619 32620 1
32620 32623 1
32621 32622 1
32623 32686 1
32624 32625 1
32624 32635 1
32624 39481 1
32625 32626 1
32626 32648 1
32627 32630 1
32627 32631 1
32628 32632 1
32628 32648 1
32631 32634 1
32632 32651 1
32633 32636 1
32633 32649 1
32634 32649 1
32635 32638 1
32635 32679 1
32636 32647 1
32637 38242 1
32637 38251 1
32637 50304 1
32638 32679 1
32640 32641 1
32640 50310 1
32641 32642 1
32642 32643 1
32643 50308 1
32644 32645 1
32644 32652 1
32646 38242 1
32647 32651 1
32652 32653 1
32653 50309 1
32654 50342 1
32654 50481 1
32655 32690 1
32656 32679 1
32657 32673 1
32657 32683 1
32658 32659 1
32658 32674 1
32659 32660 1
32662 32684 1
32663 32671 1
32663 32677 1
32664 32680 1
32664 32688 1
32665 32666 1
32666 32678 1
32667 32668 1
32668 32676 1
32669 32676 1
32671 32682 1
32672 32686 1
32672 32690 1
32674 50346 1
32675 32685 1
32682 32684 1
32683 32687 1
32686 50342 1
32692 32693 1
32693 32712 1
32694 32778 1
32694 32789 1
32695 32696 1
32695 32798 1
32697 32701 1
32697 32782 1
32698 32701 1
32698 32702 1
32699 32700 1
32699 32702 1
32703 32704 1
32703 32723 1
32703 32778 1
32704 32706 1
32704 32723 1
32705 32756 1
32706 32787 1
32707 32729 1
32708 32709 1
32708 32729 1
32709 32710 1
32710 32711 1
32711 32713 1
32712 32723 1
32713 32714 1
32714 32715 1
32715 32716 1
32716 32717 1
32717 32721 1
32718 32719 1
32718 32720 1
32719 32725 1
32720 32728 1
32720 32737 1
32721 32722 1
32722 32724 1
32724 32726 1
32725 32726 1
32727 32728 1
32727 53609 1
32730 32733 1
32730 32736 1
32731 32732 1
32731 32735 1
32731 32747 1
32732 32733 1
32732 32735 1
32732 32747 1
32732 32780 1
32733 32747 1
32733 32780 1
32734 32745 1
32734 32756 1
32735 32737 1
32736 32738 1
32738 32748 1
32739 32742 1
32739 32748 1
32740 32741 1
32740 32746 1
32742 32743 1
32742 32746 1
32743 32744 1
32743 46729 1
32744 46729 1
32745 32767 1
32747 32780 1
32749 32750 1
32749 32787 1
32750 32788 1
32751 32783 1
32751 32793 1
32752 32753 1
32752 32783 1
32753 32755 1
32754 32757 1
32754 32758 1
32755 32759 1
32757 32764 1
32758 32760 1
32759 32762 1
32760 32791 1
32761 32763 1
32761 32791 1
32762 32792 1
32763 32790 1
32764 32786 1
32765 32766 1
32765 32768 1
32765 32792 1
32766 32768 1
32766 32770 1
32766 32785 1
32767 32789 1
32768 32769 1
32768 32785 1
32769 32771 1
32770 32773 1
32771 32781 1
32772 32781 1
32772 32782 1
32773 32784 1
32774 32775 1
32774 32784 1
32775 32776 1
32776 32777 1
32777 32779 1
32779 32780 1
32785 32786 1
32788 32790 1
32793 32794 1
32794 32795 1
32795 32796 1
32796 32797 1
32797 32799 1
32798 32799 1
32800 32813 1
32801 32802 1
32801 32803 1
32801 32807 1
32801 32812 1
32802 32803 1
32802 32804 1
32803 32808 1
32804 32805 1
32805 32816 1
32806 32811 1
32806 32814 1
32807 32812 1
32808 32811 1
32809 32813 1
32809 32823 1
32810 32823 1
32810 32832 1
32812 32844 1
32814 32815 1
32815 32817 1
32816 32818 1
32817 32838 1
32818 32840 1
32819 32837 1
32819 32838 1
32820 32821 1
32820 32840 1
32821 32841 1
32822 32837 1
32824 32825 1
32824 32841 1
32825 32826 1
32826 32827 1
32827 32842 1
32828 32830 1
32828 32842 1
32829 32830 1
32829 32833 1
32831 32833 1
32831 32834 1
32831 46301 1
32832 32839 1
32834 32835 1
32834 46301 1
32835 32836 1
32836 46265 1
32839 32843 1
32843 32844 1
32845 32846 1
32845 33174 1
32846 33098 1
32846 33103 1
32847 33174 1
32847 33311 1
32848 33075 1
32848 33234 1
32849 32852 1
32849 33078 1
32850 32852 1
32850 33229 1
32851 32852 1
32851 32854 1
32851 32876 1
32851 32979 1
32851 33119 1
32851 33136 1
32851 33258 1
32852 32876 1
32852 33258 1
32853 32854 1
32853 33234 1
32854 32856 1
32854 33075 1
32855 32858 1
32855 33125 1
32856 32857 1
32857 33238 1
32858 32898 1
32859 32957 1
32859 32974 1
32859 32978 1
32859 33322 1
32859 33325 1
32859 33326 1
32859 33327 1
32860 32956 1
32860 32957 1
32860 33318 1
32861 32862 1
32861 32873 1
32861 32954 1
32861 33318 1
32862 32880 1
32863 32876 1
32863 33128 1
32864 32865 1
32864 32880 1
32864 32947 1
32865 32879 1
32866 32868 1
32866 32872 1
32866 32951 1
32866 33231 1
32867 32871 1
32867 32987 1
32868 32973 1
32869 32877 1
32869 32907 1
32870 32918 1
32870 32975 1
32871 32875 1
32871 32917 1
32871 32976 1
32872 32874 1
32872 32954 1
32872 32973 1
32873 32954 1
32873 32956 1
32873 33318 1
32874 32878 1
32875 32991 1
32876 32885 1
32876 33136 1
32878 32948 1
32881 32883 1
32881 33153 1
32882 33156 1
32882 33157 1
32883 32886 1
32884 32889 1
32884 33157 1
32885 32924 1
32886 32888 1
32887 32891 1
32887 33151 1
32889 32890 1
32891 33205 1
32891 33249 1
32892 32899 1
32892 32924 1
32893 32894 1
32893 33129 1
32893 33186 1
32894 32896 1
32895 32898 1
32895 33195 1
32896 32897 1
32897 32900 1
32898 32900 1
32899 32901 1
32901 32903 1
32902 32904 1
32902 33191 1
32902 33193 1
32902 33194 1
32902 33196 1
32902 33198 1
32903 33316 1
32904 32905 1
32905 33193 1
32905 33198 1
32905 33204 1
32906 32907 1
32906 32980 1
32907 32919 1
32907 32970 1
32907 32971 1
32907 32974 1
32907 32978 1
32908 32909 1
32908 33332 1
32909 32910 1
32909 32911 1
32909 32919 1
32909 32971 1
32909 32978 1
32909 33327 1
32909 33328 1
32910 32919 1
32911 32912 1
32911 32918 1
32912 32913 1
32913 32914 1
32914 32915 1
32915 33341 1
32916 32917 1
32916 32983 1
32916 32984 1
32919 32969 1
32919 32970 1
32919 33328 1
32920 32921 1
32920 33271 1
32921 32923 1
32921 32931 1
32921 33262 1
32921 33266 1
32922 32931 1
32922 32958 1
32923 32925 1
32925 32927 1
32925 32928 1
32925 32930 1
32926 32927 1
32926 32967 1
32927 32928 1
32928 32930 1
32928 32961 1
32928 32964 1
32928 32966 1
32928 33310 1
32929 32963 1
32929 32966 1
32930 32966 1
32930 33002 1
32930 33023 1
32932 32933 1
32932 33109 1
32933 33106 1
32934 33104 1
32934 33105 1
32935 33107 1
32936 33099 1
32936 33100 1
32936 33102 1
32937 33085 1
32937 33086 1
32938 32946 1
32938 33094 1
32939 32944 1
32939 32945 1
32940 32941 1
32940 32946 1
32941 32943 1
32942 33298 1
32942 33306 1
32943 33027 1
32943 33092 1
32944 32946 1
32947 33273 1
32948 32949 1
32950 32979 1
32950 33270 1
32951 32952 1
32951 33231 1
32952 33228 1
32953 32960 1
32953 33250 1
32955 32977 1
32955 33291 1
32956 32957 1
32958 33099 1
32959 32961 1
32959 33308 1
32960 32972 1
32961 33310 1
32962 32963 1
32962 33096 1
32963 33084 1
32964 32965 1
32967 33099 1
32968 32969 1
32968 32970 1
32969 33324 1
32969 33328 1
32970 32971 1
32970 32978 1
32970 33320 1
32970 33327 1
32970 33328 1
32971 32978 1
32971 33320 1
32971 33327 1
32971 33328 1
32972 33024 1
32973 32974 1
32974 33325 1
32974 33327 1
32975 32976 1
32977 33013 1
32977 33123 1
32978 33327 1
32978 33328 1
32979 33013 1
32979 33119 1
32979 33136 1
32980 32981 1
32981 33326 1
32982 32983 1
32982 33343 1
32984 32985 1
32985 32986 1
32987 32988 1
32988 32989 1
32989 32990 1
32991 33233 1
32992 33233 1
32992 33235 1
32993 32994 1
32993 32995 1
32993 33021 1
32993 33022 1
32994 32996 1
32994 33021 1
32994 33022 1
32995 32998 1
32996 32997 1
32997 32999 1
32998 33000 1
32999 33001 1
33000 33004 1
33001 33002 1
33003 33004 1
33003 33035 1
33005 33008 1
33005 33012 1
33006 33008 1
33006 33028 1
33007 33012 1
33009 33010 1
33009 33030 1
33010 33011 1
33011 33091 1
33013 33123 1
33014 33033 1
33015 33017 1
33015 33033 1
33016 33018 1
33016 33034 1
33017 33019 1
33018 33031 1
33019 33032 1
33020 33021 1
33020 33032 1
33021 33022 1
33022 33031 1
33023 33039 1
33024 33119 1
33024 33120 1
33025 33026 1
33025 33038 1
33026 33030 1
33027 33042 1
33027 33092 1
33028 33040 1
33029 33049 1
33029 33116 1
33035 33037 1
33036 33044 1
33036 33136 1
33037 33041 1
33037 33042 1
33038 33040 1
33039 33088 1
33040 33041 1
33041 33042 1
33043 33045 1
33044 33078 1
33045 33046 1
33046 33050 1
33047 33050 1
33047 33064 1
33048 33050 1
33048 33130 1
33049 33057 1
33051 33059 1
33052 33053 1
33052 33059 1
33053 33054 1
33054 33056 1
33055 33056 1
33056 33066 1
33057 33075 1
33058 33059 1
33058 33060 1
33060 33061 1
33061 33062 1
33061 33063 1
33062 33065 1
33063 33064 1
33065 33067 1
33066 33067 1
33067 33068 1
33068 33069 1
33069 33070 1
33070 33071 1
33071 33072 1
33072 33074 1
33073 33074 1
33073 33130 1
33074 33076 1
33076 33129 1
33077 33154 1
33077 33186 1
33079 33080 1
33080 33311 1
33081 33218 1
33081 33316 1
33082 33083 1
33082 33218 1
33083 33315 1
33084 33085 1
33086 33089 1
33087 33089 1
33087 33090 1
33088 33092 1
33093 33094 1
33093 33095 1
33096 33102 1
33097 33101 1
33097 33266 1
33098 33103 1
33098 33116 1
33100 33104 1
33101 33105 1
33103 33108 1
33108 33110 1
33110 33112 1
33110 33115 1
33110 33152 1
33111 33118 1
33111 33223 1
33112 33113 1
33113 33114 1
33113 33117 1
33114 33152 1
33115 33116 1
33117 33132 1
33118 33127 1
33119 33136 1
33120 33122 1
33121 33122 1
33121 33125 1
33123 33124 1
33124 33126 1
33124 33128 1
33126 33313 1
33127 33148 1
33127 33164 1
33132 33133 1
33133 33134 1
33133 33152 1
33134 33135 1
33135 33136 1
33137 33138 1
33137 33139 1
33137 33205 1
33138 33139 1
33138 33210 1
33138 33211 1
33139 33273 1
33139 33275 1
33140 33141 1
33140 33188 1
33141 33142 1
33142 33143 1
33143 33147 1
33144 33145 1
33145 33146 1
33146 33358 1
33147 33357 1
33148 33154 1
33149 33157 1
33149 33348 1
33150 33151 1
33150 33153 1
33150 33355 1
33151 33155 1
33151 33353 1
33152 33158 1
33152 33362 1
33155 33156 1
33158 33160 1
33158 33161 1
33158 33165 1
33158 33362 1
33159 33161 1
33159 33166 1
33160 33163 1
33161 33162 1
33162 33165 1
33163 33347 1
33164 33175 1
33165 33176 1
33165 33345 1
33166 33366 1
33166 33368 1
33167 33168 1
33167 33173 1
33167 33367 1
33168 33170 1
33168 33176 1
33169 33172 1
33169 33173 1
33169 33353 1
33170 33177 1
33171 33172 1
33171 33181 1
33172 33173 1
33172 33349 1
33173 33176 1
33173 33212 1
33173 33349 1
33173 33353 1
33173 33367 1
33175 33178 1
33176 33177 1
33176 33346 1
33178 33190 1
33179 33180 1
33179 33185 1
33180 33181 1
33182 33183 1
33182 33184 1
33183 33202 1
33183 33203 1
33183 33239 1
33183 33240 1
33184 33200 1
33184 33242 1
33184 33243 1
33185 33203 1
33187 33188 1
33189 33192 1
33189 33193 1
33189 33196 1
33190 33195 1
33191 33193 1
33191 33194 1
33192 33194 1
33193 33196 1
33194 33196 1
33194 33197 1
33194 33200 1
33196 33200 1
33197 33363 1
33197 33367 1
33198 33204 1
33198 33286 1
33199 33201 1
33199 33204 1
33200 33202 1
33201 33202 1
33202 33203 1
33205 33206 1
33205 33249 1
33206 33207 1
33207 33208 1
33208 33209 1
33209 33210 1
33210 33211 1
33211 33288 1
33212 33292 1
33212 33329 1
33213 33229 1
33213 33284 1
33214 33215 1
33214 33283 1
33215 33230 1
33216 33220 1
33216 33282 1
33216 33284 1
33217 33219 1
33217 33283 1
33217 33285 1
33219 33224 1
33219 33295 1
33220 33312 1
33221 33222 1
33221 33230 1
33221 33295 1
33222 33225 1
33223 33234 1
33224 33225 1
33224 33295 1
33226 33228 1
33226 33232 1
33227 33231 1
33227 33237 1
33230 33237 1
33232 33236 1
33236 33307 1
33238 33241 1
33239 33245 1
33240 33244 1
33240 33254 1
33241 33250 1
33242 33254 1
33243 33249 1
33244 33246 1
33245 33247 1
33246 33248 1
33247 33248 1
33248 33252 1
33249 33251 1
33251 33255 1
33252 33253 1
33253 33255 1
33256 33257 1
33256 33259 1
33256 33314 1
33257 33262 1
33257 33272 1
33258 33263 1
33259 33261 1
33260 33262 1
33260 33315 1
33261 33264 1
33262 33266 1
33262 33272 1
33263 33279 1
33264 33265 1
33265 33269 1
33267 33268 1
33267 33272 1
33268 33269 1
33269 33271 1
33269 33296 1
33270 33274 1
33273 33276 1
33274 33279 1
33275 33277 1
33276 33280 1
33277 33278 1
33278 33281 1
33280 33281 1
33281 33282 1
33281 33283 1
33282 33284 1
33283 33285 1
33286 33289 1
33287 33319 1
33287 33356 1
33288 33289 1
33288 33290 1
33289 33290 1
33290 33292 1
33290 33293 1
33291 33298 1
33291 33304 1
33292 33293 1
33293 33330 1
33294 33296 1
33294 33306 1
33295 33297 1
33295 33299 1
33296 33297 1
33297 33299 1
33299 33300 1
33300 33301 1
33301 33302 1
33302 33303 1
33303 33305 1
33304 33312 1
33305 33308 1
33307 33309 1
33309 33310 1
33312 33319 1
33313 33314 1
33317 33320 1
33317 33323 1
33317 33329 1
33318 33321 1
33318 33322 1
33320 33321 1
33320 33323 1
33320 33328 1
33321 33325 1
33321 33328 1
33322 33325 1
33323 33324 1
33324 33325 1
33325 33327 1
33325 33328 1
33327 33328 1
33330 33331 1
33331 33333 1
33331 33335 1
33332 33333 1
33333 33334 1
33333 33335 1
33334 33335 1
33334 33344 1
33335 33336 1
33336 33337 1
33337 33338 1
33338 33339 1
33339 33340 1
33340 33341 1
33341 33342 1
33342 33343 1
33345 33346 1
33346 33347 1
33346 33349 1
33347 33350 1
33348 33351 1
33349 33350 1
33349 33353 1
33350 33352 1
33350 33353 1
33351 33352 1
33351 33353 1
33353 33367 1
33354 33355 1
33357 33363 1
33358 33359 1
33359 33361 1
33360 33362 1
33360 33364 1
33361 33362 1
33361 33366 1
33363 33367 1
33364 33365 1
33365 33367 1
33366 33368 1
33369 33380 1
33369 33391 1
33370 33371 1
33371 33372 1
33372 33374 1
33373 33376 1
33373 33393 1
33374 33375 1
33375 33379 1
33376 33381 1
33377 33378 1
33377 33381 1
33378 33379 1
33380 33393 1
33382 33383 1
33383 33384 1
33384 33385 1
33384 33387 1
33385 33387 1
33386 33387 1
33386 48030 1
33388 33390 1
33388 33392 1
33389 33390 1
33389 33968 1
33391 33392 1
33394 33395 1
33394 33398 1
33394 33831 1
33395 33398 1
33395 33405 1
33396 33402 1
33396 33425 1
33397 33398 1
33397 33402 1
33399 33400 1
33399 33405 1
33400 33401 1
33401 33411 1
33403 33406 1
33403 33412 1
33404 33407 1
33404 33410 1
33406 33408 1
33407 33409 1
33408 33410 1
33409 33847 1
33411 33688 1
33412 33413 1
33413 33414 1
33414 33415 1
33415 33416 1
33416 33417 1
33417 33418 1
33418 33419 1
33419 33420 1
33420 33421 1
33421 33422 1
33422 33423 1
33423 33424 1
33424 33426 1
33426 33427 1
33426 33428 1
33427 33430 1
33428 33429 1
33429 33431 1
33430 33432 1
33431 33581 1
33432 33954 1
33433 33434 1
33433 33702 1
33434 33535 1
33435 33457 1
33435 33741 1
33436 33437 1
33436 33742 1
33437 33438 1
33438 33439 1
33439 33440 1
33440 33451 1
33441 33448 1
33441 33460 1
33441 33663 1
33442 33443 1
33442 33451 1
33443 33447 1
33443 33663 1
33444 33446 1
33444 33447 1
33445 33454 1
33445 33488 1
33446 33454 1
33447 33449 1
33447 33450 1
33449 33459 1
33449 33460 1
33449 33741 1
33450 33452 1
33451 33453 1
33452 33505 1
33453 33456 1
33455 33471 1
33455 33473 1
33456 33457 1
33458 33463 1
33458 33501 1
33459 33460 1
33459 33463 1
33459 33502 1
33459 33504 1
33460 33741 1
33461 33462 1
33461 33501 1
33461 33502 1
33461 33520 1
33462 33464 1
33462 33465 1
33462 33502 1
33463 33502 1
33463 33504 1
33463 33506 1
33463 33523 1
33463 33526 1
33463 33671 1
33464 33465 1
33464 33467 1
33464 33502 1
33465 33467 1
33466 33472 1
33466 33514 1
33467 33468 1
33467 33470 1
33467 33476 1
33468 33469 1
33469 33471 1
33470 33476 1
33470 33526 1
33473 33475 1
33474 33479 1
33474 33539 1
33475 33477 1
33476 33493 1
33476 33526 1
33477 33478 1
33478 33494 1
33479 33495 1
33480 33481 1
33480 33492 1
33481 33482 1
33482 33484 1
33483 33485 1
33483 33492 1
33484 33486 1
33486 33487 1
33487 33489 1
33488 33491 1
33489 33490 1
33490 33491 1
33493 33496 1
33494 33497 1
33495 33498 1
33496 33500 1
33497 33499 1
33499 33682 1
33500 33683 1
33501 33520 1
33502 33503 1
33503 33504 1
33504 33507 1
33504 33509 1
33505 33508 1
33506 33523 1
33506 33524 1
33506 33526 1
33507 33508 1
33508 33510 1
33509 33514 1
33510 33512 1
33511 33517 1
33511 33518 1
33512 33513 1
33513 33515 1
33516 33533 1
33517 33525 1
33518 33522 1
33519 33520 1
33519 33523 1
33521 33524 1
33521 33535 1
33522 33540 1
33523 33526 1
33523 33527 1
33525 33527 1
33526 33530 1
33527 33529 1
33528 33540 1
33529 33530 1
33529 33536 1
33530 33531 1
33530 33686 1
33531 33532 1
33532 33538 1
33533 33534 1
33534 33537 1
33536 33539 1
33537 33538 1
33541 33550 1
33541 33646 1
33542 33543 1
33542 33550 1
33543 33545 1
33544 33546 1
33544 33563 1
33545 33556 1
33546 33547 1
33547 33561 1
33548 33549 1
33548 33561 1
33549 33551 1
33551 33552 1
33552 33553 1
33553 33554 1
33554 33555 1
33555 33557 1
33556 33562 1
33557 33558 1
33558 33559 1
33559 33560 1
33562 33563 1
33564 33566 1
33564 33908 1
33565 33568 1
33565 33572 1
33566 33569 1
33566 33910 1
33567 33568 1
33567 33574 1
33569 33570 1
33569 33571 1
33570 33572 1
33573 33574 1
33575 33584 1
33575 33885 1
33576 33580 1
33576 33584 1
33577 33579 1
33577 33613 1
33578 33969 1
33579 33610 1
33580 33597 1
33581 33582 1
33582 33583 1
33583 33585 1
33585 33586 1
33586 33587 1
33587 33592 1
33588 33590 1
33588 33592 1
33589 33593 1
33589 33595 1
33590 33594 1
33591 33593 1
33591 33594 1
33592 33606 1
33595 33596 1
33596 33598 1
33597 33612 1
33598 33599 1
33599 33601 1
33599 33603 1
33600 33601 1
33600 33602 1
33601 33603 1
33602 33604 1
33603 33607 1
33604 33605 1
33605 33607 1
33606 33611 1
33607 33609 1
33608 33611 1
33608 33612 1
33609 33610 1
33613 33969 1
33614 33618 1
33614 33628 1
33615 33616 1
33615 33631 1
33616 33617 1
33616 33619 1
33617 33618 1
33617 33619 1
33619 33620 1
33620 33622 1
33620 33625 1
33621 33623 1
33621 33625 1
33622 33794 1
33623 33625 1
33624 33626 1
33626 33632 1
33626 33652 1
33627 33628 1
33627 33630 1
33629 33630 1
33629 33787 1
33631 33632 1
33633 33647 1
33633 33650 1
33634 33635 1
33634 33647 1
33635 33640 1
33636 33637 1
33636 33651 1
33637 33638 1
33637 33772 1
33638 33649 1
33639 33649 1
33639 33774 1
33640 33641 1
33641 33642 1
33642 33643 1
33643 33644 1
33644 33645 1
33645 33646 1
33647 33650 1
33648 33771 1
33650 33651 1
33652 33658 1
33653 33660 1
33653 33661 1
33654 33655 1
33654 33657 1
33654 33661 1
33655 33657 1
33656 33657 1
33656 33799 1
33658 33659 1
33659 33660 1
33662 33697 1
33662 33753 1
33663 33725 1
33663 33738 1
33664 33665 1
33664 33736 1
33665 33727 1
33666 33688 1
33666 33689 1
33667 33668 1
33667 33669 1
33667 33686 1
33667 33687 1
33668 33670 1
33668 33672 1
33669 33674 1
33670 33672 1
33671 33681 1
33671 33717 1
33671 33728 1
33672 33673 1
33673 33705 1
33673 33707 1
33674 33675 1
33675 33677 1
33676 33706 1
33676 33713 1
33677 33678 1
33678 33696 1
33679 33709 1
33679 33712 1
33680 33690 1
33681 33714 1
33683 33684 1
33684 33685 1
33685 33686 1
33686 33687 1
33689 33690 1
33691 33692 1
33691 33704 1
33692 33694 1
33693 33714 1
33693 33715 1
33694 33695 1
33695 33839 1
33696 33699 1
33697 33717 1
33698 33702 1
33698 33716 1
33699 33700 1
33699 33701 1
33701 33703 1
33703 33704 1
33705 33706 1
33705 33707 1
33707 33708 1
33708 33710 1
33709 33711 1
33710 33711 1
33712 33713 1
33713 33845 1
33715 33716 1
33718 33731 1
33718 33804 1
33719 33720 1
33719 33731 1
33720 33721 1
33720 33725 1
33720 33801 1
33721 33722 1
33722 33730 1
33723 33724 1
33723 33730 1
33724 33725 1
33724 33827 1
33724 33831 1
33725 33734 1
33725 33827 1
33725 33831 1
33726 33727 1
33726 33732 1
33728 33733 1
33729 33732 1
33733 33759 1
33734 33735 1
33735 33738 1
33736 33737 1
33737 33741 1
33739 33740 1
33740 33742 1
33743 33750 1
33743 48618 1
33744 33763 1
33744 33768 1
33745 33746 1
33745 33769 1
33746 33749 1
33747 33749 1
33747 33761 1
33747 33765 1
33748 33751 1
33748 33761 1
33749 33765 1
33750 33751 1
33752 33753 1
33752 33754 1
33754 33755 1
33755 33757 1
33755 33767 1
33756 33757 1
33756 33767 1
33757 33758 1
33757 33760 1
33757 33767 1
33758 33766 1
33759 33762 1
33760 33764 1
33760 33766 1
33762 33763 1
33764 33765 1
33768 33770 1
33769 33770 1
33771 33773 1
33772 33783 1
33773 33774 1
33775 33776 1
33775 33777 1
33776 33780 1
33777 33779 1
33778 33780 1
33778 33782 1
33778 33790 1
33779 33781 1
33781 33784 1
33782 33785 1
33782 33790 1
33783 33788 1
33785 33786 1
33786 33787 1
33788 33789 1
33789 33790 1
33791 33792 1
33791 33802 1
33792 33815 1
33793 33818 1
33793 33837 1
33794 33805 1
33795 33796 1
33795 33806 1
33797 33798 1
33797 33814 1
33798 33799 1
33799 33800 1
33800 33801 1
33802 33822 1
33803 33804 1
33805 33806 1
33806 33807 1
33807 33808 1
33807 33809 1
33808 33809 1
33809 33810 1
33810 33811 1
33811 33812 1
33811 33817 1
33812 33813 1
33813 33814 1
33815 33886 1
33816 33817 1
33816 33825 1
33818 33824 1
33819 33820 1
33820 33821 1
33821 33823 1
33822 33833 1
33823 33826 1
33824 33827 1
33825 33826 1
33826 33828 1
33827 33831 1
33828 33831 1
33829 33830 1
33829 33831 1
33832 33833 1
33832 33834 1
33834 33835 1
33835 33836 1
33836 33837 1
33838 33846 1
33838 48507 1
33839 33841 1
33840 33841 1
33840 33883 1
33842 33843 1
33842 33862 1
33843 33844 1
33844 33865 1
33845 33859 1
33846 33851 1
33847 33866 1
33848 33849 1
33848 33869 1
33849 33850 1
33850 33852 1
33850 33855 1
33851 33857 1
33852 33853 1
33853 33854 1
33854 33856 1
33854 33859 1
33855 33860 1
33856 33858 1
33857 33862 1
33858 33859 1
33860 33861 1
33861 33863 1
33861 33871 1
33862 33883 1
33863 33864 1
33864 33865 1
33866 33867 1
33867 33868 1
33868 33869 1
33870 33871 1
33870 33872 1
33872 33873 1
33873 33874 1
33874 33875 1
33875 33876 1
33876 33877 1
33877 33878 1
33878 33879 1
33879 33880 1
33880 33881 1
33881 33882 1
33882 33884 1
33884 33885 1
33886 33913 1
33887 33919 1
33888 33889 1
33888 33951 1
33889 33890 1
33890 33893 1
33891 33922 1
33891 33938 1
33892 33899 1
33892 33947 1
33893 33895 1
33894 33948 1
33894 33949 1
33895 33900 1
33896 33898 1
33896 33946 1
33896 33948 1
33897 33912 1
33898 33899 1
33900 33901 1
33901 33902 1
33902 33903 1
33903 33904 1
33904 33905 1
33905 33906 1
33906 33907 1
33907 33908 1
33909 33912 1
33910 33913 1
33911 33912 1
33911 33914 1
33912 33945 1
33914 33917 1
33915 33918 1
33915 33922 1
33916 33920 1
33916 33921 1
33917 33927 1
33918 33933 1
33919 33924 1
33920 33923 1
33923 33931 1
33924 33927 1
33925 33926 1
33925 33930 1
33926 33932 1
33927 33929 1
33927 33943 1
33928 33929 1
33928 33944 1
33930 33933 1
33931 33938 1
33932 33934 1
33934 33944 1
33935 33936 1
33936 33937 1
33937 33939 1
33939 33940 1
33940 33941 1
33941 33942 1
33942 33947 1
33943 33945 1
33945 33946 1
33946 33949 1
33949 33950 1
33950 33951 1
33952 33953 1
33952 33954 1
33955 33957 1
33955 33974 1
33956 33958 1
33956 48829 1
33957 33967 1
33958 33981 1
33959 33963 1
33959 33974 1
33960 33962 1
33960 33964 1
33961 33967 1
33961 33980 1
33962 33965 1
33963 33965 1
33964 33966 1
33966 33968 1
33969 33970 1
33969 33979 1
33970 33981 1
33971 33972 1
33971 33979 1
33972 33973 1
33973 33975 1
33975 33976 1
33976 33977 1
33977 33978 1
33978 33980 1
33982 34051 1
33982 36885 1
33983 34001 1
33983 34082 1
33984 34073 1
33984 34084 1
33985 34081 1
33985 34082 1
33986 33987 1
33986 34063 1
33987 33989 1
33988 33998 1
33988 34080 1
33989 33990 1
33990 34067 1
33991 33992 1
33991 33993 1
33992 33994 1
33993 33995 1
33994 34002 1
33995 33996 1
33996 33997 1
33997 34000 1
33998 34054 1
33999 34000 1
33999 34011 1
34000 34019 1
34001 34025 1
34002 34066 1
34003 34004 1
34003 34049 1
34004 34005 1
34004 34017 1
34005 34007 1
34006 34008 1
34006 34017 1
34007 34009 1
34008 34010 1
34009 34012 1
34010 34011 1
34012 34015 1
34013 34014 1
34013 34019 1
34014 34018 1
34015 34016 1
34015 34020 1
34016 34018 1
34020 34021 1
34022 34023 1
34022 34039 1
34023 34024 1
34024 34027 1
34025 34751 1
34026 34041 1
34026 36541 1
34027 34072 1
34028 34029 1
34028 34076 1
34029 34030 1
34030 34031 1
34031 34032 1
34032 34033 1
34033 34034 1
34033 34035 1
34034 34036 1
34035 34037 1
34036 34038 1
34037 34040 1
34040 34042 1
34041 34050 1
34042 34043 1
34043 34044 1
34044 34045 1
34045 34061 1
34046 34047 1
34046 36563 1
34047 34048 1
34048 34049 1
34050 34055 1
34051 34058 1
34052 34053 1
34052 34054 1
34053 34054 1
34053 34714 1
34053 34726 1
34053 34727 1
34054 34714 1
34054 34726 1
34054 34727 1
34055 34064 1
34056 34057 1
34056 34064 1
34057 34059 1
34058 34062 1
34059 34060 1
34060 34062 1
34061 34065 1
34062 34063 1
34065 34070 1
34066 34068 1
34067 34069 1
34067 34083 1
34068 34069 1
34068 34083 1
34069 34071 1
34069 34083 1
34070 34080 1
34071 34072 1
34071 34074 1
34073 34083 1
34074 34076 1
34075 34077 1
34075 34084 1
34077 34078 1
34078 34079 1
34079 34081 1
34085 34086 1
34085 34993 1
34086 34262 1
34087 34255 1
34087 34297 1
34088 34089 1
34088 34090 1
34088 34306 1
34089 34091 1
34089 34305 1
34090 34092 1
34090 34305 1
34091 34093 1
34092 34095 1
34093 34094 1
34094 34096 1
34095 34100 1
34096 34098 1
34096 34099 1
34097 34107 1
34097 34302 1
34098 34099 1
34098 34101 1
34099 34146 1
34100 34209 1
34101 34208 1
34102 34103 1
34102 34150 1
34103 34104 1
34104 34105 1
34106 34108 1
34107 34124 1
34108 34109 1
34108 34116 1
34109 34110 1
34110 34111 1
34110 34116 1
34111 34112 1
34112 34113 1
34112 34128 1
34113 34114 1
34114 34232 1
34115 34124 1
34115 34276 1
34117 34233 1
34117 34235 1
34118 34258 1
34118 34259 1
34119 34121 1
34119 34161 1
34120 34160 1
34120 34259 1
34121 34122 1
34122 34235 1
34123 34258 1
34123 34309 1
34124 34143 1
34125 34127 1
34125 34131 1
34126 34127 1
34128 34129 1
34129 34130 1
34130 34133 1
34131 34132 1
34132 34139 1
34133 34135 1
34134 34139 1
34134 34141 1
34135 34136 1
34136 34138 1
34137 34250 1
34137 34253 1
34138 34141 1
34140 34242 1
34140 34282 1
34142 34144 1
34142 34213 1
34143 34162 1
34143 34223 1
34144 34145 1
34145 34147 1
34146 34149 1
34147 34148 1
34148 34150 1
34149 34150 1
34151 34152 1
34151 34218 1
34151 34219 1
34152 34153 1
34153 34154 1
34153 34157 1
34155 34156 1
34155 34159 1
34156 34173 1
34157 34158 1
34158 34159 1
34158 34217 1
34158 34219 1
34160 34163 1
34161 34164 1
34161 34165 1
34162 34236 1
34163 34165 1
34163 34168 1
34164 34165 1
34164 34174 1
34165 34168 1
34166 34252 1
34166 34281 1
34167 34175 1
34167 34269 1
34168 34169 1
34169 34170 1
34170 34171 1
34171 34172 1
34172 34173 1
34174 34178 1
34175 34187 1
34176 34237 1
34176 34239 1
34176 34248 1
34177 34179 1
34177 34239 1
34178 34181 1
34178 34185 1
34179 34180 1
34180 34240 1
34181 34182 1
34182 34183 1
34182 34240 1
34182 34241 1
34183 34184 1
34184 34675 1
34185 34204 1
34186 34188 1
34186 34204 1
34187 34202 1
34188 34189 1
34189 34190 1
34190 34191 1
34191 34203 1
34192 34193 1
34192 34195 1
34194 34196 1
34194 34197 1
34194 34206 1
34195 34196 1
34197 34205 1
34198 34201 1
34198 34207 1
34199 34200 1
34199 34205 1
34200 34201 1
34202 34214 1
34203 34206 1
34208 34210 1
34209 34211 1
34210 34211 1
34211 34212 1
34212 34217 1
34213 34215 1
34214 34228 1
34215 34218 1
34216 34217 1
34216 34219 1
34220 34221 1
34220 34287 1
34221 34222 1
34222 34224 1
34222 34285 1
34222 34306 1
34223 34228 1
34224 34225 1
34225 34226 1
34226 34227 1
34227 34229 1
34229 34230 1
34230 34231 1
34231 34232 1
34233 34234 1
34234 35721 1
34236 34243 1
34237 34238 1
34238 35702 1
34241 34244 1
34242 34274 1
34243 34249 1
34244 34245 1
34245 34246 1
34246 34247 1
34247 34248 1
34248 34773 1
34249 34278 1
34250 34251 1
34251 34260 1
34252 35346 1
34253 35226 1
34254 34312 1
34254 35802 1
34254 35820 1
34255 34257 1
34256 34291 1
34256 34312 1
34257 35820 1
34260 34261 1
34261 34289 1
34261 35677 1
34261 35712 1
34261 35749 1
34262 34289 1
34263 34265 1
34263 34289 1
34263 34290 1
34264 34288 1
34264 34289 1
34265 34270 1
34265 34289 1
34266 34273 1
34266 34290 1
34267 34293 1
34267 34310 1
34268 34272 1
34268 34312 1
34269 34283 1
34270 34272 1
34271 34280 1
34273 34310 1
34274 34279 1
34275 34278 1
34276 35221 1
34277 34281 1
34277 34282 1
34279 34296 1
34279 34302 1
34279 34308 1
34280 34284 1
34283 34285 1
34284 34286 1
34286 34287 1
34288 35811 1
34289 35677 1
34289 35712 1
34289 35749 1
34291 34311 1
34292 34309 1
34292 34311 1
34293 34294 1
34294 34295 1
34295 34296 1
34296 34302 1
34296 34308 1
34297 34298 1
34297 34299 1
34297 34312 1
34298 34308 1
34299 34300 1
34300 34301 1
34301 34303 1
34302 34308 1
34303 34304 1
34304 34307 1
34305 34307 1
34306 34307 1
34313 34402 1
34313 34506 1
34313 34515 1
34314 34317 1
34314 34581 1
34315 34401 1
34315 34407 1
34315 34408 1
34315 34412 1
34315 34415 1
34315 34417 1
34315 34582 1
34316 34320 1
34316 34423 1
34317 34426 1
34318 34358 1
34318 34579 1
34319 34320 1
34319 37007 1
34321 34532 1
34321 36986 1
34322 34327 1
34322 34447 1
34323 34356 1
34323 34497 1
34324 34496 1
34324 34497 1
34325 34326 1
34325 34356 1
34326 36343 1
34327 34328 1
34327 34371 1
34327 36335 1
34327 36346 1
34328 34330 1
34329 34346 1
34329 34506 1
34330 34331 1
34331 36335 1
34331 36336 1
34331 36338 1
34332 34498 1
34332 36334 1
34333 34334 1
34333 34498 1
34334 34495 1
34334 34496 1
34335 34337 1
34335 34432 1
34336 34339 1
34336 34427 1
34337 34342 1
34338 34344 1
34338 34514 1
34339 34340 1
34339 34343 1
34340 34341 1
34340 34343 1
34341 34411 1
34341 34507 1
34342 34345 1
34342 34351 1
34343 34352 1
34344 34348 1
34345 34451 1
34346 34502 1
34347 34352 1
34347 34364 1
34348 34349 1
34348 34354 1
34348 34507 1
34349 34354 1
34349 34505 1
34350 34351 1
34350 34453 1
34353 34513 1
34353 34514 1
34354 34355 1
34355 34356 1
34355 34357 1
34356 34357 1
34357 34359 1
34358 34369 1
34359 34360 1
34360 34361 1
34360 34362 1
34361 34364 1
34362 34365 1
34363 34391 1
34363 34494 1
34365 34446 1
34366 34367 1
34366 34370 1
34366 34376 1
34366 34410 1
34367 34374 1
34367 34376 1
34368 34372 1
34368 34376 1
34369 34382 1
34370 34373 1
34370 34374 1
34370 34377 1
34370 34405 1
34370 34407 1
34371 34377 1
34372 34375 1
34373 34377 1
34373 34386 1
34373 34387 1
34373 34388 1
34373 34390 1
34373 34392 1
34374 34376 1
34374 34380 1
34374 34407 1
34375 34381 1
34376 34380 1
34376 34404 1
34376 34436 1
34378 34560 1
34378 34583 1
34379 34396 1
34379 34517 1
34380 34383 1
34380 34387 1
34380 34388 1
34380 34392 1
34381 34384 1
34382 34395 1
34383 34386 1
34383 34387 1
34384 34385 1
34385 34386 1
34385 34388 1
34385 34389 1
34386 34387 1
34386 34388 1
34386 34392 1
34387 34388 1
34387 34390 1
34387 34392 1
34387 36428 1
34387 36429 1
34388 34392 1
34389 34393 1
34390 34394 1
34390 36429 1
34391 34411 1
34392 34420 1
34393 34419 1
34394 36429 1
34394 36441 1
34395 34403 1
34396 34519 1
34397 34398 1
34397 34417 1
34398 34399 1
34398 34424 1
34398 34437 1
34398 34443 1
34399 34401 1
34399 34404 1
34399 34443 1
34400 34401 1
34400 34404 1
34401 34404 1
34401 34407 1
34401 34408 1
34401 34414 1
34402 34525 1
34402 34579 1
34403 34411 1
34404 34405 1
34404 34436 1
34404 34443 1
34405 34443 1
34406 34407 1
34406 34455 1
34406 34457 1
34407 34409 1
34407 34412 1
34407 34414 1
34407 34415 1
34408 34409 1
34408 34414 1
34409 34410 1
34411 34418 1
34411 34507 1
34412 34414 1
34412 34415 1
34412 34417 1
34412 34426 1
34413 34414 1
34413 34432 1
34414 34415 1
34415 34416 1
34415 34417 1
34416 34417 1
34416 34435 1
34416 34443 1
34417 34443 1
34418 34427 1
34418 34456 1
34418 34536 1
34419 34421 1
34420 36428 1
34421 34422 1
34421 34518 1
34422 34518 1
34422 34520 1
34423 34424 1
34423 34533 1
34423 34549 1
34424 34425 1
34424 34435 1
34424 34443 1
34425 34426 1
34427 34456 1
34428 34431 1
34428 34533 1
34428 34549 1
34428 37009 1
34429 34434 1
34429 34438 1
34430 34433 1
34430 34434 1
34430 34439 1
34431 34440 1
34431 34441 1
34431 34445 1
34432 34456 1
34433 34435 1
34435 34436 1
34435 34437 1
34436 34439 1
34437 34443 1
34438 34442 1
34439 34444 1
34440 34445 1
34440 34541 1
34441 34444 1
34442 34445 1
34445 34517 1
34446 34450 1
34446 34452 1
34447 34448 1
34448 34449 1
34449 34450 1
34449 34452 1
34450 34451 1
34450 34452 1
34452 34455 1
34453 34454 1
34454 34457 1
34458 34459 1
34459 34460 1
34460 34461 1
34461 34462 1
34462 34463 1
34463 34464 1
34464 34465 1
34465 34466 1
34466 34469 1
34467 34468 1
34467 34510 1
34468 34469 1
34469 34500 1
34470 34472 1
34470 34479 1
34471 34473 1
34471 34480 1
34472 34509 1
34473 34474 1
34474 34475 1
34475 34476 1
34476 34477 1
34477 34478 1
34478 34481 1
34479 34480 1
34481 34486 1
34482 34483 1
34482 34499 1
34483 34484 1
34484 34485 1
34485 36466 1
34486 34487 1
34486 34499 1
34487 34488 1
34487 34499 1
34488 34489 1
34489 34490 1
34490 34491 1
34491 34492 1
34492 34493 1
34493 34495 1
34494 34516 1
34495 34496 1
34496 34503 1
34500 34501 1
34501 34503 1
34502 34525 1
34503 34504 1
34504 34505 1
34508 34509 1
34508 46977 1
34510 34511 1
34512 34513 1
34516 34529 1
34518 34519 1
34520 34521 1
34521 34522 1
34521 34633 1
34521 34637 1
34522 34523 1
34523 34524 1
34524 34527 1
34525 34546 1
34525 34570 1
34526 34527 1
34526 34528 1
34528 34558 1
34529 34536 1
34530 34531 1
34530 34632 1
34530 34633 1
34530 34637 1
34531 34573 1
34532 34537 1
34533 34535 1
34533 34549 1
34533 34581 1
34534 34538 1
34534 34549 1
34535 34539 1
34535 34540 1
34536 34550 1
34537 34539 1
34538 34541 1
34539 34540 1
34539 34543 1
34539 34575 1
34540 34543 1
34540 34576 1
34541 34542 1
34542 34543 1
34544 34549 1
34544 37008 1
34545 34547 1
34545 36975 1
34546 34560 1
34547 34548 1
34548 34549 1
34549 34581 1
34550 34560 1
34551 34552 1
34551 34554 1
34551 34577 1
34552 34553 1
34552 34554 1
34553 34561 1
34553 34562 1
34554 34558 1
34554 34563 1
34555 34556 1
34555 35996 1
34556 34557 1
34557 34559 1
34559 34561 1
34560 34578 1
34562 34565 1
34563 34564 1
34564 34569 1
34565 34566 1
34566 34567 1
34567 34568 1
34568 35998 1
34569 34571 1
34570 34578 1
34570 34580 1
34571 34574 1
34572 34573 1
34572 34574 1
34575 36010 1
34576 34577 1
34578 34580 1
34580 36937 1
34581 36953 1
34582 34583 1
34584 34619 1
34585 34643 1
34585 34670 1
34586 34587 1
34586 34669 1
34586 34673 1
34587 34673 1
34587 34674 1
34588 34593 1
34588 34661 1
34589 34600 1
34589 34672 1
34590 34595 1
34590 34599 1
34591 34592 1
34591 34595 1
34592 34594 1
34593 34606 1
34593 34668 1
34594 34596 1
34596 34597 1
34597 34598 1
34598 35874 1
34599 34611 1
34600 34602 1
34601 34605 1
34601 34611 1
34602 34604 1
34603 34604 1
34603 34607 1
34605 34608 1
34606 34643 1
34606 34668 1
34607 34608 1
34608 34609 1
34608 34610 1
34609 34610 1
34609 36622 1
34610 34620 1
34612 34613 1
34612 34616 1
34613 34614 1
34614 34615 1
34615 34655 1
34616 34618 1
34617 34631 1
34617 34634 1
34618 34626 1
34619 34645 1
34620 34621 1
34621 34622 1
34622 34624 1
34623 34640 1
34624 34625 1
34625 34626 1
34625 34627 1
34627 36804 1
34628 34629 1
34628 34639 1
34628 36409 1
34628 36417 1
34629 34639 1
34630 34634 1
34630 34639 1
34630 34642 1
34632 34633 1
34632 34637 1
34633 34635 1
34633 34637 1
34634 34650 1
34634 37213 1
34635 34636 1
34636 34646 1
34637 35881 1
34638 34646 1
34638 34647 1
34640 34650 1
34641 34654 1
34641 34661 1
34641 37213 1
34642 34644 1
34644 34667 1
34645 34654 1
34647 34648 1
34648 34649 1
34649 34651 1
34651 34652 1
34652 34653 1
34652 34668 1
34653 34671 1
34654 37213 1
34655 34656 1
34656 34664 1
34657 34658 1
34657 34663 1
34658 34665 1
34659 34662 1
34659 37217 1
34660 34662 1
34660 34665 1
34663 34664 1
34666 34668 1
34666 34669 1
34667 34670 1
34671 34673 1
34672 34674 1
34675 34802 1
34676 34786 1
34676 34814 1
34677 34678 1
34677 34819 1
34678 34800 1
34679 34780 1
34679 34790 1
34680 34696 1
34680 34697 1
34680 34810 1
34681 34686 1
34681 34769 1
34682 34791 1
34682 34813 1
34683 34752 1
34683 36592 1
34684 34752 1
34684 34753 1
34684 34754 1
34684 35827 1
34685 34687 1
34685 34754 1
34686 34808 1
34687 34688 1
34687 34699 1
34687 36660 1
34688 34689 1
34688 34699 1
34688 36660 1
34689 34690 1
34690 34691 1
34691 34692 1
34692 34693 1
34693 34694 1
34694 34695 1
34695 34696 1
34697 34784 1
34698 34710 1
34698 34798 1
34699 34700 1
34699 36660 1
34700 34701 1
34701 34702 1
34702 34704 1
34702 34707 1
34702 34774 1
34703 34712 1
34703 34713 1
34704 34707 1
34704 34713 1
34705 34706 1
34705 34712 1
34706 34708 1
34707 34776 1
34708 34732 1
34709 34714 1
34709 34818 1
34710 34716 1
34711 34714 1
34711 34743 1
34714 34726 1
34715 34721 1
34715 34722 1
34716 34729 1
34717 34718 1
34717 34719 1
34718 34720 1
34719 34732 1
34720 34722 1
34721 34723 1
34723 34731 1
34724 34726 1
34725 34726 1
34725 34730 1
34725 34749 1
34726 34727 1
34727 34748 1
34728 34733 1
34728 34748 1
34729 34741 1
34730 34751 1
34731 34749 1
34733 34747 1
34734 34742 1
34734 34744 1
34735 34736 1
34735 34738 1
34736 34745 1
34737 34743 1
34737 34746 1
34738 34739 1
34739 34740 1
34740 34746 1
34740 40131 1
34740 40170 1
34741 34758 1
34742 34745 1
34744 34747 1
34750 34758 1
34750 34764 1
34753 34755 1
34754 35827 1
34755 34756 1
34756 34757 1
34757 34759 1
34758 34808 1
34758 40113 1
34758 40114 1
34759 34760 1
34760 34761 1
34761 34762 1
34762 34763 1
34763 34770 1
34764 34792 1
34765 34803 1
34765 34807 1
34766 34772 1
34766 34809 1
34767 34768 1
34767 34809 1
34768 34770 1
34769 34771 1
34771 34785 1
34772 34789 1
34773 34803 1
34775 34778 1
34775 34811 1
34776 34780 1
34777 34779 1
34777 34781 1
34778 34779 1
34781 34784 1
34782 34783 1
34782 34817 1
34783 34814 1
34785 34786 1
34787 34789 1
34787 35710 1
34788 34790 1
34788 34810 1
34790 34815 1
34791 34816 1
34791 34819 1
34792 34804 1
34793 34816 1
34793 34817 1
34794 34815 1
34794 34818 1
34795 34797 1
34795 34799 1
34796 34799 1
34796 34801 1
34797 34800 1
34798 34801 1
34802 34804 1
34804 34805 1
34805 34808 1
34806 34809 1
34806 34811 1
34807 34809 1
34810 34812 1
34812 34813 1
34816 34819 1
34820 34821 1
34820 34946 1
34821 35065 1
34821 35366 1
34821 35513 1
34821 35837 1
34822 34829 1
34822 35084 1
34822 35133 1
34823 34827 1
34823 34828 1
34823 35428 1
34824 34825 1
34824 35048 1
34825 34826 1
34826 34827 1
34826 34828 1
34827 34828 1
34827 34830 1
34828 35133 1
34829 34840 1
34830 34831 1
34831 34832 1
34832 34833 1
34833 34836 1
34834 34835 1
34834 34842 1
34835 34851 1
34836 34851 1
34837 34838 1
34837 34998 1
34837 34999 1
34837 35013 1
34837 35027 1
34837 35060 1
34838 34839 1
34839 34842 1
34840 34848 1
34841 34843 1
34842 34844 1
34843 34844 1
34845 34847 1
34845 34849 1
34845 34898 1
34845 35977 1
34846 34847 1
34846 34897 1
34847 34849 1
34847 34898 1
34848 34858 1
34849 34850 1
34849 34898 1
34850 35980 1
34851 34852 1
34851 34853 1
34851 34859 1
34851 35079 1
34852 34853 1
34852 34856 1
34852 34859 1
34852 35075 1
34852 35079 1
34853 34855 1
34853 34859 1
34853 35079 1
34854 34858 1
34854 35085 1
34855 34857 1
34856 34860 1
34857 34880 1
34859 35070 1
34859 35072 1
34860 34861 1
34861 34864 1
34862 34874 1
34863 34865 1
34863 34877 1
34864 34865 1
34864 34873 1
34864 34876 1
34866 34867 1
34866 34873 1
34867 34868 1
34868 34870 1
34868 34927 1
34868 34930 1
34868 34932 1
34868 34933 1
34868 35092 1
34868 35096 1
34869 34871 1
34869 35130 1
34869 35131 1
34870 34923 1
34870 34930 1
34870 34932 1
34870 34933 1
34871 34922 1
34871 34923 1
34872 34878 1
34872 34935 1
34874 34875 1
34875 34877 1
34878 34881 1
34879 34882 1
34879 34943 1
34880 34883 1
34881 34886 1
34881 34914 1
34882 34912 1
34883 34884 1
34884 34885 1
34885 34886 1
34886 34887 1
34886 34914 1
34887 34888 1
34887 34914 1
34888 34889 1
34889 34890 1
34890 34912 1
34891 34892 1
34891 34908 1
34892 34893 1
34893 34894 1
34894 34895 1
34895 34896 1
34896 34897 1
34898 35715 1
34899 34901 1
34899 34919 1
34900 34902 1
34900 34918 1
34901 34906 1
34902 35716 1
34903 34904 1
34903 34920 1
34904 34910 1
34905 34907 1
34905 34910 1
34906 34908 1
34909 34911 1
34909 35717 1
34912 34913 1
34912 34918 1
34912 34952 1
34912 35725 1
34912 35749 1
34912 35752 1
34913 34916 1
34914 34917 1
34915 34924 1
34915 35425 1
34916 34920 1
34917 34919 1
34921 34922 1
34921 34923 1
34921 35126 1
34922 34923 1
34922 34926 1
34922 35050 1
34922 35051 1
34924 34928 1
34925 34956 1
34925 35046 1
34926 34927 1
34927 34929 1
34927 34930 1
34927 34931 1
34928 34938 1
34929 34937 1
34930 34932 1
34931 34933 1
34932 34933 1
34932 34934 1
34932 35054 1
34933 34936 1
34934 34935 1
34936 34939 1
34937 34942 1
34938 34972 1
34939 34940 1
34940 34941 1
34941 34943 1
34942 34944 1
34944 34945 1
34945 34947 1
34946 34957 1
34947 34948 1
34948 34949 1
34949 34950 1
34950 34951 1
34951 34952 1
34952 34953 1
34953 34954 1
34954 34955 1
34955 34959 1
34956 34958 1
34956 34959 1
34956 34961 1
34956 35049 1
34957 34962 1
34958 34959 1
34958 34960 1
34958 34961 1
34959 34961 1
34960 34964 1
34961 34963 1
34962 34965 1
34963 34966 1
34964 34967 1
34965 34998 1
34966 34968 1
34966 35725 1
34966 35749 1
34967 34969 1
34968 35725 1
34968 35749 1
34969 34995 1
34970 34971 1
34970 34997 1
34971 34973 1
34971 34976 1
34972 34986 1
34973 34974 1
34974 34975 1
34975 35761 1
34976 34990 1
34977 34978 1
34977 34996 1
34977 35003 1
34977 35006 1
34978 34979 1
34978 35000 1
34978 35003 1
34978 35006 1
34979 34981 1
34979 34997 1
34980 34982 1
34980 35004 1
34981 34983 1
34982 35005 1
34983 34995 1
34984 35007 1
34984 35008 1
34985 34987 1
34985 35000 1
34986 34999 1
34987 34988 1
34988 34989 1
34989 34994 1
34990 34991 1
34991 34992 1
34993 34994 1
34996 35045 1
34998 35027 1
34998 35060 1
34999 35027 1
34999 35060 1
35001 35002 1
35001 35006 1
35002 35216 1
35003 35004 1
35005 35007 1
35008 35320 1
35009 35010 1
35009 35043 1
35010 35011 1
35010 35049 1
35011 35012 1
35011 36236 1
35011 36242 1
35012 35047 1
35013 35027 1
35013 35048 1
35013 35060 1
35014 35016 1
35014 35017 1
35014 35030 1
35015 35020 1
35015 35029 1
35016 35028 1
35018 35019 1
35018 35026 1
35018 35028 1
35019 35021 1
35020 35022 1
35021 35023 1
35022 35024 1
35023 35025 1
35024 35068 1
35025 35069 1
35026 35070 1
35027 35060 1
35029 35105 1
35030 35093 1
35031 35032 1
35031 35086 1
35032 35033 1
35033 35034 1
35034 35035 1
35035 35036 1
35036 35110 1
35037 35112 1
35037 36257 1
35038 35039 1
35038 35066 1
35039 35046 1
35040 35041 1
35040 35064 1
35041 35042 1
35042 35043 1
35044 35045 1
35044 35047 1
35050 35053 1
35051 35052 1
35052 35054 1
35053 35057 1
35054 35055 1
35055 35056 1
35056 35058 1
35057 35059 1
35058 35061 1
35059 35062 1
35060 35067 1
35061 35063 1
35062 35064 1
35063 35066 1
35064 36251 1
35065 35100 1
35067 35120 1
35068 35071 1
35069 35073 1
35070 35072 1
35070 35118 1
35071 35074 1
35072 35075 1
35073 35076 1
35074 35126 1
35075 35122 1
35076 35123 1
35077 35078 1
35077 35112 1
35078 35081 1
35079 35082 1
35079 35119 1
35080 35101 1
35080 35851 1
35081 35084 1
35082 35083 1
35083 35085 1
35084 35577 1
35086 35087 1
35087 35088 1
35088 35089 1
35089 35090 1
35089 35091 1
35090 35091 1
35090 35093 1
35091 35094 1
35091 35095 1
35092 35096 1
35092 35120 1
35094 35095 1
35095 35103 1
35096 35132 1
35097 35098 1
35097 35102 1
35098 35099 1
35098 35102 1
35099 35103 1
35100 36961 1
35101 35109 1
35101 35132 1
35102 35104 1
35104 35105 1
35106 35107 1
35106 35121 1
35107 35108 1
35108 35111 1
35109 35113 1
35110 35112 1
35111 35116 1
35112 35114 1
35112 35119 1
35113 35135 1
35114 35115 1
35115 35116 1
35116 35118 1
35117 35134 1
35122 35125 1
35123 35130 1
35124 35127 1
35125 35128 1
35127 35129 1
35128 35129 1
35129 35131 1
35132 36009 1
35134 35135 1
35136 35225 1
35136 35227 1
35136 35320 1
35136 35334 1
35136 35340 1
35137 35249 1
35137 35351 1
35138 35139 1
35138 35333 1
35138 35338 1
35138 35343 1
35138 35350 1
35139 35300 1
35139 35301 1
35140 35248 1
35140 35256 1
35141 35143 1
35141 35146 1
35141 35310 1
35142 35147 1
35142 35163 1
35143 35145 1
35144 35159 1
35144 35250 1
35144 35251 1
35145 35148 1
35146 35151 1
35146 35153 1
35147 35152 1
35148 35149 1
35149 35154 1
35150 35215 1
35150 35252 1
35151 35155 1
35152 35183 1
35153 35156 1
35154 35158 1
35155 35157 1
35156 35160 1
35157 35161 1
35158 35239 1
35159 35166 1
35159 35250 1
35160 35162 1
35161 35241 1
35162 35347 1
35163 35302 1
35164 35165 1
35164 35167 1
35165 35169 1
35166 35235 1
35167 35168 1
35168 35171 1
35169 35170 1
35170 35175 1
35171 35174 1
35172 35173 1
35172 35175 1
35173 35179 1
35174 35176 1
35176 35178 1
35177 35232 1
35177 35233 1
35179 35180 1
35180 35181 1
35180 35182 1
35181 35183 1
35182 35184 1
35183 35259 1
35184 35190 1
35185 35186 1
35185 35190 1
35186 35188 1
35187 35214 1
35187 35217 1
35188 35189 1
35189 35275 1
35191 35195 1
35191 35297 1
35192 35193 1
35193 35197 1
35193 35296 1
35194 35230 1
35194 35232 1
35194 35285 1
35195 35196 1
35196 35197 1
35197 35200 1
35198 35199 1
35199 35201 1
35200 35202 1
35201 35206 1
35202 35203 1
35203 35213 1
35204 35205 1
35204 35213 1
35206 35207 1
35207 35211 1
35208 35209 1
35209 35210 1
35210 35212 1
35211 35220 1
35212 35220 1
35214 35215 1
35216 35218 1
35217 35219 1
35218 35219 1
35220 35221 1
35222 35224 1
35222 35235 1
35223 35224 1
35223 35225 1
35226 35334 1
35227 35234 1
35228 35229 1
35228 35234 1
35229 35230 1
35231 35340 1
35231 35346 1
35233 35294 1
35237 35288 1
35237 35307 1
35238 35267 1
35239 35240 1
35239 35250 1
35240 35243 1
35241 35244 1
35242 35245 1
35242 35347 1
35243 35329 1
35244 35253 1
35244 35257 1
35245 35351 1
35246 35257 1
35246 35258 1
35247 35258 1
35247 35284 1
35248 35255 1
35249 35250 1
35250 35252 1
35251 35256 1
35253 35255 1
35254 35266 1
35254 35355 1
35259 35262 1
35259 35264 1
35259 35331 1
35260 35261 1
35260 35262 1
35261 35263 1
35263 35265 1
35264 35268 1
35265 35269 1
35266 35279 1
35267 35270 1
35268 35273 1
35269 35272 1
35270 35271 1
35271 35272 1
35273 35274 1
35275 35276 1
35276 35277 1
35277 35278 1
35277 35280 1
35278 35283 1
35280 35281 1
35281 35282 1
35282 35286 1
35283 35289 1
35284 35285 1
35285 35290 1
35286 35287 1
35287 35291 1
35288 35302 1
35288 35306 1
35288 35332 1
35289 35292 1
35290 35293 1
35291 35299 1
35292 35298 1
35293 35295 1
35294 35295 1
35294 35297 1
35294 35299 1
35296 35298 1
35300 35301 1
35300 35303 1
35301 35304 1
35302 35332 1
35303 35305 1
35304 35308 1
35305 35307 1
35306 35321 1
35308 35309 1
35309 35310 1
35311 35312 1
35311 35314 1
35312 35327 1
35313 35323 1
35313 35324 1
35314 35315 1
35315 35316 1
35316 35317 1
35317 35319 1
35318 35323 1
35318 35328 1
35319 35322 1
35321 35331 1
35322 35348 1
35324 35325 1
35325 35326 1
35326 35327 1
35328 36270 1
35329 35330 1
35330 36240 1
35333 35338 1
35333 35339 1
35335 35336 1
35335 35345 1
35336 35337 1
35336 35339 1
35337 35338 1
35337 35353 1
35338 35339 1
35339 35342 1
35339 35345 1
35339 35353 1
35341 35344 1
35341 35345 1
35342 35343 1
35343 35350 1
35344 35349 1
35348 35350 1
35349 35352 1
35352 35353 1
35353 35354 1
35354 35355 1
35356 35450 1
35357 35489 1
35357 35590 1
35358 35555 1
35358 35587 1
35359 35587 1
35359 35617 1
35360 35362 1
35360 35662 1
35361 35366 1
35361 35662 1
35362 35367 1
35363 35377 1
35363 35643 1
35364 35365 1
35364 35374 1
35365 35368 1
35366 35369 1
35367 35370 1
35368 35375 1
35369 35372 1
35370 35371 1
35371 36968 1
35372 35373 1
35372 35478 1
35373 35375 1
35374 35385 1
35376 35381 1
35376 35382 1
35376 35401 1
35376 35409 1
35377 35389 1
35378 35380 1
35378 35416 1
35379 35392 1
35379 35394 1
35380 35393 1
35381 35391 1
35382 35384 1
35382 35386 1
35383 35385 1
35383 35391 1
35384 35394 1
35386 35387 1
35387 35388 1
35388 35487 1
35388 35513 1
35389 35396 1
35390 35421 1
35390 35499 1
35392 35393 1
35395 35397 1
35395 35398 1
35395 35405 1
35395 35658 1
35396 35404 1
35397 35398 1
35397 35400 1
35397 35403 1
35397 35405 1
35397 35406 1
35397 35607 1
35397 35658 1
35398 35400 1
35398 35402 1
35398 35403 1
35398 35592 1
35398 35658 1
35399 35554 1
35399 35562 1
35399 35654 1
35400 35401 1
35400 35403 1
35400 35405 1
35400 35658 1
35402 35576 1
35403 35405 1
35403 35406 1
35403 35407 1
35404 35408 1
35404 35564 1
35405 35406 1
35405 35658 1
35406 35410 1
35407 35409 1
35408 35411 1
35409 35412 1
35410 35574 1
35411 35644 1
35412 35413 1
35413 35414 1
35414 35415 1
35415 35417 1
35417 35575 1
35418 35419 1
35418 35575 1
35419 35577 1
35420 35426 1
35420 35428 1
35421 35422 1
35421 35424 1
35422 35423 1
35423 35425 1
35424 35427 1
35426 35427 1
35429 35446 1
35429 35447 1
35430 35431 1
35430 35445 1
35431 35432 1
35431 35445 1
35432 35434 1
35433 35443 1
35433 35449 1
35434 35435 1
35435 35439 1
35436 35438 1
35436 36298 1
35437 35618 1
35437 35619 1
35438 35439 1
35439 35443 1
35439 35444 1
35440 35441 1
35440 35444 1
35441 35442 1
35442 36200 1
35445 35446 1
35446 35447 1
35447 35448 1
35448 35449 1
35449 35611 1
35450 35452 1
35451 35455 1
35451 35615 1
35452 35453 1
35453 35454 1
35454 35456 1
35455 35460 1
35456 35457 1
35457 35458 1
35458 35459 1
35459 35461 1
35460 35464 1
35460 35589 1
35461 35462 1
35462 35463 1
35463 35464 1
35464 35589 1
35465 35469 1
35465 35476 1
35465 35479 1
35465 35491 1
35465 35589 1
35466 35468 1
35466 35469 1
35467 35470 1
35467 35473 1
35468 35470 1
35469 35471 1
35469 35491 1
35469 35589 1
35471 35476 1
35472 35473 1
35472 35476 1
35473 35475 1
35474 35476 1
35474 35523 1
35475 36234 1
35477 35561 1
35477 36907 1
35478 35542 1
35479 35491 1
35479 35517 1
35479 35518 1
35479 35589 1
35480 35481 1
35480 35529 1
35481 35482 1
35482 35483 1
35482 35488 1
35482 36298 1
35483 35484 1
35484 35485 1
35485 35486 1
35486 36255 1
35487 35499 1
35487 35513 1
35488 36256 1
35489 35490 1
35490 35492 1
35491 35498 1
35491 35517 1
35491 35518 1
35492 35495 1
35492 35498 1
35493 35494 1
35493 35496 1
35495 35497 1
35495 35498 1
35495 35603 1
35495 35606 1
35496 35497 1
35496 35598 1
35497 35516 1
35500 35503 1
35501 35502 1
35501 35633 1
35502 35504 1
35503 35506 1
35504 35505 1
35504 35507 1
35505 35543 1
35506 35509 1
35507 35508 1
35508 35509 1
35508 35511 1
35509 35510 1
35509 35600 1
35510 35512 1
35511 35514 1
35512 35516 1
35513 35548 1
35514 35515 1
35515 35600 1
35517 35518 1
35517 35521 1
35517 35589 1
35518 35524 1
35518 35530 1
35518 35584 1
35518 35589 1
35519 35520 1
35519 35523 1
35520 35521 1
35522 35524 1
35522 35610 1
35523 35525 1
35525 35527 1
35526 35527 1
35526 35528 1
35528 35529 1
35528 35583 1
35530 35580 1
35531 35543 1
35531 35641 1
35532 35534 1
35532 35538 1
35532 35601 1
35532 35602 1
35533 35535 1
35533 35641 1
35534 35536 1
35535 35537 1
35535 35539 1
35536 35537 1
35537 35539 1
35537 35540 1
35538 35560 1
35539 35540 1
35539 35541 1
35540 35562 1
35541 35545 1
35542 35544 1
35544 35563 1
35545 35547 1
35546 35556 1
35546 35654 1
35547 35550 1
35548 35570 1
35549 35553 1
35549 35560 1
35550 35551 1
35551 35552 1
35552 35558 1
35553 35559 1
35554 35653 1
35554 35657 1
35555 35558 1
35556 35557 1
35559 35579 1
35561 35643 1
35563 36971 1
35564 35587 1
35564 35655 1
35565 35567 1
35565 35586 1
35566 35568 1
35566 35588 1
35567 35571 1
35568 35569 1
35569 35578 1
35570 36980 1
35571 35572 1
35572 35576 1
35573 35574 1
35573 35578 1
35579 35581 1
35580 35582 1
35581 35592 1
35582 35586 1
35583 35584 1
35584 35585 1
35585 35588 1
35586 35603 1
35589 35590 1
35590 35596 1
35591 35593 1
35592 35607 1
35593 35594 1
35594 35595 1
35595 35597 1
35595 35598 1
35596 35599 1
35597 35599 1
35600 35601 1
35602 35603 1
35603 35604 1
35605 35606 1
35606 35608 1
35607 35658 1
35608 35609 1
35609 35610 1
35611 35612 1
35612 35613 1
35613 35614 1
35614 35615 1
35616 35618 1
35617 35625 1
35619 35620 1
35620 35621 1
35621 35622 1
35622 35623 1
35623 35645 1
35624 35626 1
35624 35639 1
35625 35630 1
35626 35627 1
35627 35645 1
35628 35629 1
35629 35631 1
35630 35658 1
35631 35632 1
35632 35634 1
35633 35642 1
35634 35639 1
35635 35638 1
35635 35642 1
35636 35637 1
35636 35640 1
35637 35649 1
35638 35640 1
35643 35652 1
35643 35653 1
35644 35659 1
35645 35646 1
35646 35647 1
35646 35648 1
35647 35649 1
35648 35650 1
35650 35651 1
35651 35652 1
35655 35656 1
35656 35657 1
35658 35661 1
35658 35662 1
35659 35660 1
35660 35661 1
35661 35662 1
35663 35665 1
35663 35801 1
35664 35665 1
35664 35799 1
35665 35798 1
35665 35814 1
35666 35670 1
35666 35816 1
35667 35671 1
35667 35836 1
35668 35755 1
35668 35803 1
35669 35671 1
35669 35763 1
35669 35764 1
35670 35674 1
35671 35672 1
35672 35673 1
35673 35675 1
35673 35676 1
35673 35684 1
35674 35675 1
35675 35676 1
35675 35684 1
35676 35678 1
35677 35735 1
35677 35793 1
35677 35808 1
35678 35679 1
35679 35680 1
35680 35682 1
35681 35682 1
35681 35685 1
35681 35768 1
35682 35685 1
35682 35698 1
35682 35827 1
35683 35693 1
35683 35695 1
35683 35697 1
35684 35768 1
35685 35765 1
35685 35766 1
35686 35703 1
35686 35729 1
35687 35766 1
35687 35769 1
35688 35690 1
35688 35769 1
35689 35693 1
35689 35703 1
35690 35691 1
35691 35692 1
35692 35694 1
35693 35694 1
35695 35696 1
35696 35704 1
35697 35699 1
35698 35700 1
35699 35705 1
35700 35707 1
35701 35708 1
35701 35721 1
35702 35704 1
35705 35706 1
35706 35709 1
35707 35710 1
35708 35735 1
35708 35739 1
35709 35710 1
35710 35711 1
35711 35714 1
35712 35749 1
35712 35812 1
35712 35813 1
35713 35739 1
35713 35807 1
35714 35827 1
35715 35737 1
35716 35722 1
35717 35718 1
35718 35719 1
35719 35722 1
35720 35724 1
35720 35757 1
35722 35731 1
35723 35725 1
35723 35728 1
35724 35725 1
35724 35726 1
35725 35726 1
35726 35727 1
35726 35730 1
35727 35730 1
35727 35786 1
35728 35732 1
35729 35734 1
35730 35733 1
35730 35786 1
35731 35736 1
35732 35744 1
35733 35777 1
35734 35735 1
35735 35808 1
35736 35737 1
35736 35738 1
35737 35738 1
35737 35746 1
35737 35752 1
35738 35740 1
35738 35746 1
35738 35752 1
35740 35741 1
35740 35746 1
35741 35742 1
35742 35764 1
35743 35744 1
35743 35746 1
35744 35777 1
35745 35748 1
35745 35990 1
35747 35749 1
35747 35762 1
35748 35767 1
35749 35750 1
35750 35760 1
35751 35752 1
35752 35753 1
35753 35754 1
35754 35758 1
35755 35804 1
35756 35757 1
35756 35760 1
35758 35759 1
35761 35762 1
35763 35770 1
35765 35772 1
35767 35774 1
35770 35773 1
35771 35772 1
35771 35785 1
35773 35775 1
35774 35792 1
35775 35776 1
35776 35777 1
35777 35778 1
35778 35779 1
35779 35781 1
35780 35781 1
35780 35782 1
35782 35783 1
35783 35784 1
35784 35785 1
35786 35787 1
35786 35788 1
35787 35790 1
35788 35789 1
35789 35791 1
35790 35793 1
35791 35794 1
35792 35800 1
35794 35795 1
35795 35801 1
35796 35820 1
35796 35831 1
35797 35798 1
35797 35812 1
35799 35831 1
35800 35809 1
35802 35803 1
35802 35820 1
35804 35805 1
35805 35807 1
35806 35808 1
35806 35810 1
35809 35819 1
35810 35814 1
35811 35813 1
35815 35817 1
35815 35829 1
35816 35818 1
35817 35819 1
35818 35821 1
35821 35822 1
35822 35823 1
35823 35824 1
35824 35825 1
35826 36588 1
35827 35828 1
35828 36587 1
35829 35830 1
35830 35833 1
35832 35833 1
35832 35834 1
35833 35835 1
35835 35836 1
35837 35997 1
35838 35871 1
35838 36013 1
35839 35986 1
35839 36011 1
35840 35841 1
35840 35902 1
35841 35845 1
35842 35851 1
35842 36009 1
35843 35844 1
35843 35956 1
35844 35846 1
35845 35847 1
35845 35848 1
35846 35847 1
35846 35848 1
35847 35848 1
35847 35880 1
35849 35850 1
35849 36008 1
35850 35852 1
35852 35853 1
35853 35854 1
35854 35856 1
35855 35858 1
35855 35938 1
35856 35857 1
35857 35859 1
35858 35859 1
35858 35860 1
35858 35861 1
35858 35883 1
35859 35860 1
35859 35861 1
35860 35861 1
35860 35862 1
35861 35883 1
35862 35900 1
35863 35864 1
35863 36009 1
35864 35865 1
35865 35866 1
35866 35867 1
35867 35868 1
35868 35870 1
35868 35872 1
35868 35977 1
35869 35964 1
35869 36530 1
35870 35872 1
35870 35877 1
35870 35977 1
35871 35878 1
35872 35873 1
35872 35977 1
35873 35875 1
35874 35879 1
35875 35876 1
35876 35903 1
35877 35878 1
35879 35887 1
35880 35882 1
35881 35923 1
35881 35956 1
35882 35883 1
35884 35885 1
35884 35963 1
35885 35888 1
35886 35889 1
35886 35963 1
35887 35899 1
35888 35932 1
35889 35890 1
35890 35891 1
35891 35900 1
35892 35893 1
35892 35900 1
35893 35894 1
35894 35895 1
35895 35896 1
35896 35897 1
35897 35898 1
35898 35964 1
35898 35974 1
35899 35902 1
35901 35904 1
35901 35952 1
35903 35906 1
35904 35905 1
35905 35907 1
35906 35908 1
35906 35921 1
35907 35910 1
35908 35909 1
35909 35911 1
35910 35916 1
35911 35918 1
35911 35921 1
35912 35915 1
35912 35918 1
35912 35924 1
35912 35928 1
35912 35930 1
35912 35940 1
35912 35941 1
35913 35985 1
35913 35997 1
35914 35923 1
35914 36851 1
35915 35917 1
35916 35917 1
35917 35943 1
35917 35945 1
35918 35921 1
35918 35924 1
35918 35925 1
35918 35928 1
35918 35940 1
35918 35941 1
35919 35920 1
35919 35922 1
35919 35933 1
35919 35934 1
35920 35933 1
35921 35922 1
35921 35924 1
35921 35925 1
35921 35928 1
35921 35930 1
35921 35940 1
35921 35941 1
35922 35924 1
35923 35956 1
35924 35925 1
35924 35928 1
35924 35940 1
35925 35926 1
35925 35928 1
35925 35940 1
35926 35927 1
35926 35930 1
35926 35934 1
35927 35928 1
35927 35930 1
35928 35930 1
35928 35940 1
35928 35941 1
35929 35932 1
35929 35936 1
35930 35940 1
35931 35937 1
35931 35949 1
35933 35934 1
35933 35935 1
35934 35935 1
35935 35938 1
35936 35939 1
35937 35953 1
35939 35944 1
35940 35941 1
35941 35942 1
35942 35943 1
35944 35951 1
35945 35946 1
35946 35947 1
35947 35948 1
35948 35949 1
35950 35985 1
35950 36976 1
35952 35954 1
35953 35955 1
35954 35976 1
35954 35980 1
35955 35957 1
35957 35958 1
35958 35959 1
35959 35966 1
35960 35965 1
35960 35992 1
35961 35979 1
35961 35984 1
35962 35975 1
35962 36529 1
35964 35974 1
35964 36615 1
35964 36847 1
35965 35968 1
35966 35967 1
35967 35968 1
35967 35969 1
35967 35970 1
35968 35969 1
35968 35970 1
35969 35970 1
35969 35971 1
35970 35973 1
35971 35972 1
35972 35974 1
35973 35975 1
35976 35978 1
35978 35979 1
35980 35981 1
35981 35982 1
35982 35983 1
35982 35984 1
35982 35990 1
35983 35987 1
35984 35988 1
35986 35993 1
35987 36577 1
35988 35989 1
35989 35991 1
35991 35992 1
35993 35994 1
35994 35995 1
35995 35996 1
35998 35999 1
35999 36000 1
36000 36001 1
36001 36002 1
36002 36003 1
36003 36004 1
36004 36005 1
36005 36006 1
36006 36007 1
36007 36008 1
36010 36011 1
36011 36012 1
36012 36013 1
36014 36096 1
36014 36161 1
36015 36046 1
36015 36084 1
36015 36140 1
36016 36018 1
36016 36023 1
36016 36177 1
36016 36178 1
36017 36029 1
36017 36173 1
36018 36020 1
36018 36023 1
36019 36020 1
36019 36022 1
36020 36023 1
36021 36022 1
36021 36181 1
36023 36025 1
36023 36026 1
36024 36098 1
36024 36149 1
36025 36104 1
36027 36028 1
36027 36102 1
36028 36030 1
36029 36049 1
36030 36087 1
36031 36032 1
36031 36043 1
36032 36179 1
36033 36045 1
36033 36179 1
36034 36035 1
36034 36045 1
36035 36036 1
36036 36037 1
36037 36050 1
36038 36044 1
36038 36047 1
36039 36040 1
36039 36044 1
36040 36041 1
36041 36042 1
36042 36103 1
36043 36048 1
36047 36050 1
36048 36181 1
36049 36062 1
36051 36052 1
36051 36130 1
36052 36053 1
36053 36054 1
36054 36068 1
36055 36056 1
36055 36067 1
36055 36068 1
36056 36067 1
36056 36111 1
36057 36058 1
36057 36067 1
36058 36060 1
36059 36061 1
36059 36065 1
36060 36064 1
36060 36065 1
36061 36066 1
36062 36074 1
36063 36066 1
36063 51513 1
36063 51590 1
36064 36077 1
36069 36070 1
36069 36092 1
36070 36071 1
36071 36072 1
36072 36073 1
36073 36075 1
36074 36084 1
36074 36095 1
36074 36180 1
36075 36076 1
36077 36078 1
36078 36079 1
36079 36080 1
36080 36081 1
36081 36082 1
36082 36083 1
36083 36085 1
36084 36095 1
36085 36086 1
36087 36088 1
36088 36089 1
36089 36090 1
36090 36091 1
36091 36092 1
36093 36094 1
36093 36571 1
36094 36096 1
36094 36098 1
36094 36573 1
36095 36156 1
36096 36573 1
36097 36099 1
36097 36159 1
36097 36160 1
36097 36867 1
36099 36100 1
36099 36101 1
36100 36103 1
36101 36102 1
36104 36105 1
36105 36106 1
36106 36107 1
36107 36108 1
36108 36109 1
36109 36110 1
36110 36111 1
36112 36113 1
36112 37101 1
36113 36114 1
36114 36116 1
36115 36163 1
36115 36165 1
36116 36118 1
36117 36163 1
36117 36166 1
36118 36165 1
36119 36123 1
36119 36125 1
36120 36123 1
36120 36126 1
36121 36126 1
36121 36138 1
36122 36123 1
36122 36129 1
36124 36125 1
36124 37098 1
36127 36128 1
36127 36130 1
36128 36131 1
36129 36139 1
36131 36132 1
36131 36138 1
36132 36134 1
36133 36137 1
36133 36139 1
36134 36135 1
36135 36136 1
36136 36146 1
36137 36141 1
36141 36142 1
36142 36143 1
36143 36145 1
36144 36145 1
36144 37179 1
36145 49901 1
36146 36147 1
36147 36148 1
36148 36150 1
36149 36153 1
36150 36151 1
36151 36152 1
36151 51530 1
36153 36154 1
36154 36155 1
36155 36157 1
36157 36158 1
36158 36159 1
36160 36536 1
36160 36867 1
36161 36167 1
36161 36567 1
36162 36164 1
36162 36180 1
36164 36170 1
36166 36168 1
36167 36173 1
36168 36169 1
36169 36171 1
36170 36172 1
36171 36174 1
36172 36176 1
36174 36175 1
36175 36177 1
36176 36178 1
36177 36178 1
36182 36294 1
36183 36184 1
36183 36186 1
36183 36297 1
36183 36298 1
36184 36187 1
36185 36271 1
36185 36294 1
36186 36188 1
36187 36259 1
36188 36189 1
36189 36190 1
36190 36191 1
36190 36298 1
36191 36192 1
36192 36193 1
36193 36194 1
36194 36195 1
36195 36196 1
36196 36233 1
36197 36209 1
36198 36234 1
36198 36298 1
36199 36201 1
36199 36297 1
36199 36298 1
36200 36201 1
36202 36221 1
36202 36279 1
36203 36208 1
36203 36217 1
36204 36207 1
36204 36296 1
36205 36206 1
36205 36218 1
36206 36210 1
36206 36213 1
36207 36212 1
36208 36220 1
36208 36250 1
36208 36251 1
36209 36260 1
36210 36213 1
36210 36220 1
36211 36214 1
36211 36221 1
36211 36222 1
36211 36223 1
36211 36228 1
36212 36216 1
36213 36215 1
36213 36245 1
36213 36284 1
36214 36243 1
36215 36244 1
36216 36238 1
36217 36286 1
36218 36277 1
36219 36258 1
36222 36223 1
36222 36228 1
36222 36261 1
36222 36266 1
36223 36225 1
36223 36228 1
36224 36235 1
36225 36226 1
36225 36233 1
36226 36227 1
36227 36229 1
36228 36232 1
36229 36230 1
36230 36231 1
36231 36255 1
36232 36269 1
36235 36277 1
36236 36237 1
36237 36238 1
36239 36241 1
36239 36242 1
36240 36241 1
36243 36253 1
36244 36250 1
36245 36246 1
36246 36247 1
36247 36248 1
36248 36252 1
36249 36254 1
36249 36268 1
36250 36251 1
36253 36269 1
36254 36265 1
36256 36257 1
36258 36259 1
36260 36262 1
36261 36263 1
36262 36264 1
36263 36264 1
36265 36276 1
36266 36267 1
36267 36268 1
36270 36275 1
36271 36272 1
36272 36273 1
36273 36274 1
36274 36277 1
36274 36281 1
36275 36285 1
36276 36281 1
36277 36278 1
36277 36283 1
36278 36281 1
36279 36280 1
36279 36284 1
36280 36282 1
36282 36283 1
36285 36287 1
36286 36288 1
36287 36289 1
36288 36290 1
36289 36291 1
36290 36293 1
36291 36292 1
36292 36295 1
36293 36295 1
36295 36296 1
36299 36398 1
36299 36421 1
36300 36308 1
36300 36508 1
36301 36509 1
36301 36527 1
36302 36307 1
36302 36519 1
36303 36502 1
36303 36517 1
36303 36521 1
36304 36519 1
36304 36520 1
36305 36306 1
36305 36527 1
36306 36507 1
36307 36521 1
36308 36503 1
36309 36401 1
36309 36504 1
36310 36311 1
36310 36506 1
36311 37014 1
36312 36315 1
36312 36352 1
36313 36478 1
36313 36479 1
36314 36475 1
36314 36481 1
36315 36317 1
36316 36333 1
36316 36478 1
36316 36483 1
36317 36319 1
36318 36344 1
36318 36504 1
36319 36328 1
36320 36322 1
36320 36487 1
36321 36323 1
36321 36328 1
36322 36324 1
36323 36327 1
36324 36326 1
36325 36360 1
36326 36332 1
36327 36331 1
36327 36361 1
36329 36331 1
36329 36332 1
36330 36344 1
36330 36349 1
36333 36481 1
36333 36483 1
36334 36480 1
36335 36336 1
36335 36338 1
36335 36346 1
36336 36337 1
36336 36338 1
36337 36341 1
36338 36342 1
36339 36340 1
36339 36462 1
36340 36464 1
36341 36437 1
36342 36358 1
36343 36345 1
36345 36346 1
36347 36351 1
36347 36467 1
36348 36350 1
36348 36479 1
36349 36364 1
36350 36351 1
36350 36353 1
36351 36353 1
36352 36355 1
36353 36355 1
36353 36356 1
36353 36431 1
36354 36392 1
36354 36395 1
36354 36396 1
36356 36357 1
36357 36358 1
36359 36362 1
36359 36407 1
36360 36363 1
36361 36366 1
36362 36365 1
36363 36365 1
36364 36394 1
36365 36367 1
36366 36368 1
36367 36371 1
36367 36380 1
36367 36382 1
36367 36386 1
36368 36381 1
36369 36387 1
36369 36388 1
36369 36459 1
36370 36372 1
36370 36389 1
36370 36390 1
36371 36373 1
36371 36380 1
36371 36385 1
36372 36374 1
36373 36392 1
36373 36422 1
36374 36375 1
36374 36378 1
36375 36376 1
36376 36377 1
36377 36379 1
36378 36391 1
36380 36385 1
36381 36383 1
36382 36383 1
36382 36384 1
36382 36389 1
36384 36390 1
36385 36386 1
36386 36389 1
36388 36394 1
36389 36390 1
36391 36393 1
36392 36395 1
36392 36422 1
36393 36396 1
36393 36397 1
36393 36457 1
36393 36502 1
36396 36397 1
36397 36398 1
36399 36403 1
36399 36430 1
36400 36402 1
36400 36436 1
36401 36421 1
36402 36404 1
36403 36411 1
36404 36407 1
36405 36406 1
36405 36411 1
36406 36408 1
36408 36409 1
36409 36412 1
36410 36459 1
36410 37013 1
36412 36413 1
36413 36415 1
36413 36417 1
36414 36416 1
36414 36427 1
36415 36416 1
36418 36420 1
36418 36427 1
36419 36423 1
36419 36425 1
36420 36424 1
36422 36426 1
36423 36426 1
36424 36425 1
36428 36429 1
36429 36430 1
36431 36432 1
36432 36433 1
36433 36434 1
36434 36435 1
36436 36438 1
36437 36439 1
36438 36440 1
36439 36440 1
36440 36441 1
36442 36443 1
36443 36444 1
36444 36445 1
36445 36446 1
36446 36447 1
36447 36448 1
36448 36449 1
36449 36450 1
36450 36451 1
36451 36452 1
36452 36458 1
36453 36454 1
36453 36458 1
36454 36455 1
36454 36456 1
36455 36456 1
36455 36461 1
36456 36460 1
36457 36461 1
36457 36502 1
36459 36516 1
36460 36491 1
36462 36480 1
36463 36493 1
36463 36495 1
36464 36465 1
36465 36467 1
36466 36468 1
36468 36469 1
36469 36471 1
36470 36476 1
36470 47470 1
36471 36472 1
36472 36473 1
36474 36475 1
36474 36477 1
36476 36484 1
36476 36489 1
36477 36482 1
36482 36485 1
36483 36487 1
36484 36492 1
36485 36486 1
36486 36488 1
36488 36490 1
36489 36494 1
36490 36491 1
36492 36496 1
36493 47470 1
36494 47465 1
36495 36518 1
36497 36498 1
36497 36518 1
36498 36520 1
36499 36522 1
36499 36524 1
36500 36503 1
36500 36505 1
36500 36524 1
36501 36526 1
36502 36517 1
36503 36505 1
36505 36507 1
36506 36508 1
36506 36526 1
36509 36510 1
36510 36511 1
36511 36512 1
36512 36513 1
36513 36514 1
36514 36515 1
36515 36516 1
36517 36523 1
36522 36528 1
36523 36525 1
36525 36528 1
36529 36675 1
36530 36671 1
36531 36568 1
36531 36830 1
36532 36533 1
36532 36895 1
36533 36534 1
36533 36542 1
36534 36542 1
36534 36543 1
36535 36544 1
36535 36545 1
36536 36537 1
36537 36545 1
36538 36543 1
36538 36544 1
36538 36546 1
36539 36541 1
36539 36878 1
36540 36552 1
36540 36598 1
36543 36544 1
36546 36547 1
36547 36548 1
36548 36549 1
36549 36550 1
36550 36551 1
36551 36553 1
36552 36559 1
36553 36562 1
36554 36555 1
36554 36810 1
36555 36556 1
36556 36557 1
36557 36558 1
36558 36560 1
36559 36564 1
36560 36561 1
36561 36876 1
36562 36563 1
36564 36572 1
36565 36566 1
36565 36875 1
36566 36569 1
36567 36573 1
36567 36874 1
36568 36602 1
36569 36570 1
36570 36571 1
36572 36584 1
36574 36743 1
36574 36750 1
36575 36576 1
36575 36766 1
36576 36750 1
36577 36578 1
36578 36579 1
36579 36593 1
36580 36589 1
36580 36838 1
36581 36586 1
36581 36587 1
36581 36591 1
36582 36583 1
36582 36589 1
36583 36585 1
36584 36590 1
36585 36586 1
36586 36587 1
36587 36588 1
36590 36592 1
36591 36596 1
36593 36594 1
36594 36595 1
36595 36597 1
36596 36597 1
36598 36857 1
36599 36600 1
36600 36614 1
36601 36603 1
36601 36615 1
36602 36828 1
36603 36604 1
36603 36606 1
36603 36619 1
36605 36607 1
36605 36618 1
36606 36610 1
36607 36608 1
36608 36611 1
36609 36826 1
36609 36827 1
36610 36720 1
36611 36612 1
36612 36789 1
36613 36632 1
36613 36837 1
36614 36619 1
36615 36847 1
36615 36849 1
36616 36719 1
36616 36730 1
36617 36620 1
36617 36621 1
36618 36869 1
36620 36867 1
36621 36869 1
36622 36688 1
36623 36689 1
36623 36690 1
36624 36625 1
36624 36699 1
36625 36626 1
36626 36636 1
36627 36802 1
36627 36803 1
36628 36803 1
36628 36871 1
36629 36630 1
36629 36799 1
36630 36763 1
36631 36635 1
36631 36836 1
36632 36633 1
36633 36637 1
36634 36665 1
36634 36725 1
36635 36637 1
36635 36663 1
36636 36650 1
36637 36638 1
36638 36639 1
36639 36662 1
36640 36643 1
36640 36844 1
36641 36642 1
36641 36643 1
36642 36815 1
36642 36870 1
36644 36645 1
36644 36779 1
36645 36646 1
36646 36647 1
36646 36648 1
36647 36648 1
36647 36711 1
36648 36649 1
36649 36651 1
36650 36661 1
36651 36652 1
36651 36654 1
36652 36653 1
36654 36655 1
36655 36807 1
36656 36783 1
36656 36884 1
36657 36658 1
36657 36784 1
36658 36659 1
36659 36660 1
36661 36851 1
36662 36664 1
36663 36665 1
36663 36666 1
36664 36667 1
36665 36669 1
36665 36676 1
36665 36684 1
36665 36700 1
36666 36668 1
36667 36670 1
36668 36672 1
36669 36672 1
36669 36676 1
36670 36673 1
36671 36759 1
36672 36681 1
36672 36684 1
36673 36674 1
36674 36676 1
36675 36743 1
36676 36681 1
36676 36684 1
36676 36715 1
36677 36686 1
36677 36707 1
36678 36679 1
36678 36706 1
36679 36680 1
36680 36683 1
36682 36683 1
36682 36684 1
36682 36685 1
36683 36685 1
36683 36687 1
36684 36733 1
36685 36701 1
36685 36712 1
36685 36732 1
36685 36735 1
36686 36698 1
36687 36700 1
36687 36732 1
36687 36735 1
36688 36689 1
36690 36691 1
36691 36692 1
36692 36694 1
36692 36695 1
36693 36694 1
36693 36696 1
36694 36697 1
36695 36696 1
36695 36797 1
36696 36797 1
36697 36699 1
36698 36725 1
36700 36701 1
36701 36702 1
36701 36703 1
36701 36732 1
36701 36735 1
36702 36735 1
36702 36742 1
36702 36745 1
36702 36747 1
36702 36749 1
36702 36753 1
36703 36712 1
36704 36712 1
36704 36713 1
36705 36706 1
36705 36713 1
36707 36714 1
36708 36709 1
36708 36742 1
36710 36711 1
36712 36732 1
36712 36734 1
36714 36731 1
36715 36717 1
36715 36721 1
36715 36733 1
36715 36739 1
36716 36718 1
36717 36718 1
36718 36719 1
36718 36721 1
36718 36723 1
36719 36720 1
36721 36722 1
36721 36736 1
36721 36739 1
36722 36723 1
36723 36724 1
36724 36726 1
36726 36729 1
36727 36728 1
36727 36729 1
36728 36730 1
36731 36741 1
36732 36733 1
36732 36734 1
36732 36735 1
36733 36736 1
36734 36735 1
36734 36736 1
36734 36737 1
36735 36737 1
36735 36747 1
36736 36738 1
36736 36739 1
36737 36738 1
36737 36740 1
36738 36739 1
36738 36744 1
36740 36746 1
36741 36743 1
36742 36753 1
36744 36748 1
36745 36747 1
36745 36751 1
36746 36748 1
36747 36748 1
36747 36749 1
36747 36757 1
36748 36754 1
36749 36752 1
36751 36756 1
36752 36755 1
36753 36754 1
36753 36758 1
36753 36854 1
36754 36758 1
36754 36854 1
36755 36756 1
36757 36761 1
36758 36760 1
36759 36830 1
36760 36762 1
36761 36858 1
36762 36796 1
36763 36764 1
36764 36765 1
36765 36767 1
36767 36768 1
36768 36769 1
36769 36770 1
36770 36771 1
36771 36840 1
36772 36773 1
36772 36816 1
36773 36774 1
36773 36787 1
36773 36850 1
36773 36867 1
36774 36775 1
36774 36776 1
36774 36787 1
36775 36810 1
36776 36785 1
36777 36778 1
36777 36785 1
36778 36780 1
36779 36786 1
36780 36781 1
36781 36782 1
36782 36809 1
36783 36788 1
36784 36788 1
36786 36801 1
36787 36807 1
36789 36790 1
36790 36791 1
36791 36792 1
36792 36793 1
36793 36794 1
36794 36795 1
36795 36796 1
36797 36798 1
36798 36800 1
36798 36802 1
36799 36800 1
36801 36808 1
36804 36805 1
36806 36871 1
36806 36872 1
36808 36815 1
36809 36811 1
36811 36879 1
36812 36814 1
36812 36852 1
36813 36816 1
36813 36862 1
36814 36817 1
36817 36818 1
36818 36819 1
36819 36820 1
36820 36822 1
36821 36868 1
36821 36870 1
36822 36823 1
36823 36850 1
36823 36867 1
36823 36894 1
36824 36831 1
36824 36868 1
36825 36826 1
36827 36829 1
36828 36836 1
36829 36834 1
36831 36838 1
36832 36833 1
36833 36835 1
36834 36835 1
36835 36839 1
36837 36839 1
36840 36841 1
36841 36842 1
36842 36843 1
36843 36845 1
36844 36848 1
36845 36846 1
36846 36847 1
36847 36849 1
36848 36857 1
36849 36850 1
36850 36867 1
36850 36894 1
36852 36853 1
36853 36854 1
36854 36855 1
36855 36856 1
36856 36858 1
36858 36859 1
36859 36860 1
36860 36861 1
36861 36862 1
36863 36864 1
36863 36875 1
36864 36865 1
36865 36866 1
36866 36867 1
36867 36894 1
36872 36873 1
36873 36874 1
36876 36877 1
36877 36878 1
36877 36884 1
36879 36880 1
36880 36881 1
36881 36882 1
36882 36883 1
36883 36884 1
36884 36885 1
36886 36887 1
36886 36890 1
36887 36888 1
36888 36891 1
36889 36890 1
36889 36893 1
36891 36894 1
36892 36893 1
36892 36895 1
36896 36897 1
36896 36934 1
36897 36950 1
36898 36909 1
36898 37012 1
36899 36900 1
36899 36901 1
36899 36909 1
36900 36909 1
36901 36903 1
36902 36906 1
36903 36908 1
36904 36905 1
36904 36933 1
36905 36908 1
36906 36910 1
36907 37012 1
36910 36913 1
36911 36932 1
36911 36998 1
36912 36914 1
36912 36933 1
36913 36915 1
36914 36969 1
36915 36916 1
36916 36918 1
36917 36920 1
36917 36969 1
36918 36919 1
36919 36921 1
36920 36923 1
36921 36922 1
36922 36924 1
36923 36926 1
36924 36925 1
36925 36929 1
36926 36927 1
36927 36936 1
36928 36930 1
36928 36983 1
36929 36931 1
36930 36935 1
36931 36936 1
36932 36934 1
36935 36938 1
36936 36939 1
36937 36994 1
36938 36940 1
36939 36940 1
36939 36941 1
36939 36943 1
36939 36948 1
36940 36941 1
36941 36942 1
36941 36997 1
36942 36944 1
36943 36947 1
36944 36945 1
36945 36946 1
36946 36996 1
36947 36949 1
36948 36995 1
36949 36952 1
36950 36967 1
36951 36952 1
36951 36956 1
36951 36982 1
36953 36991 1
36953 36993 1
36954 36955 1
36954 36985 1
36955 36960 1
36956 36957 1
36957 36958 1
36958 36959 1
36959 36962 1
36960 36964 1
36960 36965 1
36961 36963 1
36962 36964 1
36963 36966 1
36964 36965 1
36964 36972 1
36964 37005 1
36965 36966 1
36967 36988 1
36968 36969 1
36970 36990 1
36970 36996 1
36971 36977 1
36972 36973 1
36973 36974 1
36974 36975 1
36976 36986 1
36977 36978 1
36978 36979 1
36979 36981 1
36980 36982 1
36981 36983 1
36982 36984 1
36984 36985 1
36987 36992 1
36987 36998 1
36988 36989 1
36989 36990 1
36989 36991 1
36990 36991 1
36991 36993 1
36992 37010 1
36993 36994 1
36995 36999 1
36997 37000 1
36999 37001 1
37000 37002 1
37001 37003 1
37002 37004 1
37002 37005 1
37002 37008 1
37003 37011 1
37004 37005 1
37004 37007 1
37004 37008 1
37005 37006 1
37005 37008 1
37005 37011 1
37006 37008 1
37006 37009 1
37013 37087 1
37014 37188 1
37015 37043 1
37015 37195 1
37016 37019 1
37016 37231 1
37017 37022 1
37017 37232 1
37018 37026 1
37018 37230 1
37019 37020 1
37020 37023 1
37021 37023 1
37021 37024 1
37022 37028 1
37024 37054 1
37025 37158 1
37025 37204 1
37026 37072 1
37027 37050 1
37027 37055 1
37028 37038 1
37029 37030 1
37029 37031 1
37029 37124 1
37030 37031 1
37030 37032 1
37031 37048 1
37032 37033 1
37033 37035 1
37034 37035 1
37034 37053 1
37036 37037 1
37036 37053 1
37037 37047 1
37038 37047 1
37039 37040 1
37039 37058 1
37040 37041 1
37041 37042 1
37042 37059 1
37043 37061 1
37043 37065 1
37044 37050 1
37044 37054 1
37045 37049 1
37045 37153 1
37046 37051 1
37046 37081 1
37048 37126 1
37049 37057 1
37051 37055 1
37052 37146 1
37052 37223 1
37056 37058 1
37057 37059 1
37060 37141 1
37060 37153 1
37061 37065 1
37061 37083 1
37062 37064 1
37062 37067 1
37062 37210 1
37063 37064 1
37064 37067 1
37065 37074 1
37066 37068 1
37067 37069 1
37068 37070 1
37068 37133 1
37068 37134 1
37069 37071 1
37069 37208 1
37070 37082 1
37071 37077 1
37072 37073 1
37073 37208 1
37074 37093 1
37075 37080 1
37075 37082 1
37076 37079 1
37076 37080 1
37077 37202 1
37077 37211 1
37078 37079 1
37078 37141 1
37078 37143 1
37081 37210 1
37083 37135 1
37084 37202 1
37085 37086 1
37085 37219 1
37086 37089 1
37086 37092 1
37087 37204 1
37088 37105 1
37088 37125 1
37089 37090 1
37089 37092 1
37090 37091 1
37091 37096 1
37092 37094 1
37093 37114 1
37093 37135 1
37094 37095 1
37095 37098 1
37096 37099 1
37097 37146 1
37097 37226 1
37098 37100 1
37099 37101 1
37100 37102 1
37102 37103 1
37103 37104 1
37104 37106 1
37105 37135 1
37106 37132 1
37107 37108 1
37108 37111 1
37109 37110 1
37109 37131 1
37110 37111 1
37112 37113 1
37112 47596 1
37113 37115 1
37113 37131 1
37114 37227 1
37115 37116 1
37116 37128 1
37117 37118 1
37117 49826 1
37117 49864 1
37118 37123 1
37119 37127 1
37119 37129 1
37120 37129 1
37120 37130 1
37121 37122 1
37121 37126 1
37122 37123 1
37124 37130 1
37125 37225 1
37127 37128 1
37128 37131 1
37132 37133 1
37133 37134 1
37134 37136 1
37136 37138 1
37137 37138 1
37137 37139 1
37139 37140 1
37140 37142 1
37141 37143 1
37141 37145 1
37142 37144 1
37143 37144 1
37145 37147 1
37147 37148 1
37148 37154 1
37148 37165 1
37149 37152 1
37149 37154 1
37150 37152 1
37150 37155 1
37151 37155 1
37151 37174 1
37154 37165 1
37156 37157 1
37156 37164 1
37157 37166 1
37157 37168 1
37158 37181 1
37159 37161 1
37159 37165 1
37160 37164 1
37161 37167 1
37162 37163 1
37162 37164 1
37162 37166 1
37163 37171 1
37166 37168 1
37167 37170 1
37168 37172 1
37169 37172 1
37169 49857 1
37171 37180 1
37173 37207 1
37173 37211 1
37174 37175 1
37175 37176 1
37176 37177 1
37177 37178 1
37178 37179 1
37179 49901 1
37180 49848 1
37181 37182 1
37182 37183 1
37183 37200 1
37184 37196 1
37184 37203 1
37185 37189 1
37185 37196 1
37186 37187 1
37186 37201 1
37187 37190 1
37188 37195 1
37189 37192 1
37190 37191 1
37191 37198 1
37192 37194 1
37193 37197 1
37193 37198 1
37194 37206 1
37197 37209 1
37199 37205 1
37199 37206 1
37200 37201 1
37203 37207 1
37204 37223 1
37205 37222 1
37209 37221 1
37212 37213 1
37212 37221 1
37213 37220 1
37213 37224 1
37214 37218 1
37214 37220 1
37215 37216 1
37215 37218 1
37216 37222 1
37217 37219 1
37217 37224 1
37219 37224 1
37225 37228 1
37226 37230 1
37227 37229 1
37228 37231 1
37229 37232 1
37233 37234 1
37234 37582 1
37235 37564 1
37235 37565 1
37235 37803 1
37236 37240 1
37236 37634 1
37237 37238 1
37237 37240 1
37238 37706 1
37239 37654 1
37239 37695 1
37241 37243 1
37241 37659 1
37242 37245 1
37242 37247 1
37242 37658 1
37243 37244 1
37244 37673 1
37245 37246 1
37245 37247 1
37246 37252 1
37247 37248 1
37248 37249 1
37249 37672 1
37250 37251 1
37250 37252 1
37251 37714 1
37253 37265 1
37253 37690 1
37254 37259 1
37254 37294 1
37255 37256 1
37255 37258 1
37255 37266 1
37256 37257 1
37256 37258 1
37257 37260 1
37258 37262 1
37259 37564 1
37260 37261 1
37261 37263 1
37262 37646 1
37262 37652 1
37263 37264 1
37264 37650 1
37265 37266 1
37267 37268 1
37267 37607 1
37268 37269 1
37269 37271 1
37270 37367 1
37270 37733 1
37271 37621 1
37272 37273 1
37272 37592 1
37273 37274 1
37274 37277 1
37275 37277 1
37275 37584 1
37275 37587 1
37275 37595 1
37276 37310 1
37276 37787 1
37277 37594 1
37277 37596 1
37278 37279 1
37278 37295 1
37279 37280 1
37280 37281 1
37280 37282 1
37282 37283 1
37283 37284 1
37284 37285 1
37285 37292 1
37286 37287 1
37286 37292 1
37287 37288 1
37288 37289 1
37289 37291 1
37290 37291 1
37290 37302 1
37293 37300 1
37293 37310 1
37294 37300 1
37295 37296 1
37296 37315 1
37297 37301 1
37297 37339 1
37297 37397 1
37298 37299 1
37299 37301 1
37302 37303 1
37303 37305 1
37306 37313 1
37306 37318 1
37307 37314 1
37308 37315 1
37308 37321 1
37309 37313 1
37309 37321 1
37311 37312 1
37311 37452 1
37312 37317 1
37314 37319 1
37316 37318 1
37316 37452 1
37317 37322 1
37319 37320 1
37320 37322 1
37323 37324 1
37323 37336 1
37324 37326 1
37325 37328 1
37325 37700 1
37327 37333 1
37327 37334 1
37327 37338 1
37328 37341 1
37329 37330 1
37329 37334 1
37330 37402 1
37331 37332 1
37331 37336 1
37332 37337 1
37333 37334 1
37333 37335 1
37334 37339 1
37335 37359 1
37337 37338 1
37340 37350 1
37340 37370 1
37341 37346 1
37342 37348 1
37342 37349 1
37343 37344 1
37344 37345 1
37345 37474 1
37346 37412 1
37347 37349 1
37347 37476 1
37348 37350 1
37351 37362 1
37351 37435 1
37352 37356 1
37352 37360 1
37353 37356 1
37353 37359 1
37354 37355 1
37354 37392 1
37355 37358 1
37357 37404 1
37357 37412 1
37358 37362 1
37360 37361 1
37361 37435 1
37363 37364 1
37363 37430 1
37364 37365 1
37365 37372 1
37366 37373 1
37366 37374 1
37367 37393 1
37368 37377 1
37368 37378 1
37369 37372 1
37369 37378 1
37370 37376 1
37371 37387 1
37371 37404 1
37373 37375 1
37374 37379 1
37376 37377 1
37379 37420 1
37380 37381 1
37380 37708 1
37381 37383 1
37382 37385 1
37382 37389 1
37383 37391 1
37383 37422 1
37384 37389 1
37384 37391 1
37385 37386 1
37386 37493 1
37387 37388 1
37388 37550 1
37390 37492 1
37390 37495 1
37393 37426 1
37394 37395 1
37394 37403 1
37395 37397 1
37396 37399 1
37396 37403 1
37396 37440 1
37398 37401 1
37398 37410 1
37399 37400 1
37399 37446 1
37399 37451 1
37400 37445 1
37401 37402 1
37405 37406 1
37405 37410 1
37406 37407 1
37408 37409 1
37409 37460 1
37411 37413 1
37413 37446 1
37414 37415 1
37414 37424 1
37415 37423 1
37416 37417 1
37416 37425 1
37417 37431 1
37418 37419 1
37418 37421 1
37419 37430 1
37420 37429 1
37421 37428 1
37422 37424 1
37423 37429 1
37425 37498 1
37426 37453 1
37427 37455 1
37427 37457 1
37427 37548 1
37428 37431 1
37432 37435 1
37432 37482 1
37433 37434 1
37433 37436 1
37434 37435 1
37436 37437 1
37437 37438 1
37437 37481 1
37438 37439 1
37439 37440 1
37440 37441 1
37440 37445 1
37441 37442 1
37442 37443 1
37443 37445 1
37444 37467 1
37444 37565 1
37444 37583 1
37445 37447 1
37447 37448 1
37448 37450 1
37449 37450 1
37451 37463 1
37452 37459 1
37453 37530 1
37454 37461 1
37454 37462 1
37455 37525 1
37456 37458 1
37456 37460 1
37456 37502 1
37457 37525 1
37457 37565 1
37457 37587 1
37458 37461 1
37459 37462 1
37463 37464 1
37464 37465 1
37465 37466 1
37466 37468 1
37467 37478 1
37467 37485 1
37468 37469 1
37469 37470 1
37470 37471 1
37471 37472 1
37472 37473 1
37473 37523 1
37474 37475 1
37475 37477 1
37476 37480 1
37477 37479 1
37478 37485 1
37478 37496 1
37479 37481 1
37480 37481 1
37481 37482 1
37483 37484 1
37483 37493 1
37484 37494 1
37485 37506 1
37486 37488 1
37486 37492 1
37487 37495 1
37487 37498 1
37488 37494 1
37489 37499 1
37489 37786 1
37490 37491 1
37490 37788 1
37491 37500 1
37496 37515 1
37497 37500 1
37497 37501 1
37499 37789 1
37501 37737 1
37502 37513 1
37503 37504 1
37503 37513 1
37504 37505 1
37505 37507 1
37506 37577 1
37507 37508 1
37508 37509 1
37509 37510 1
37510 37514 1
37511 37512 1
37511 37514 1
37515 37578 1
37516 37521 1
37516 37524 1
37517 37518 1
37517 37521 1
37518 37519 1
37519 37526 1
37520 37522 1
37520 37523 1
37522 37524 1
37525 37585 1
37526 37527 1
37527 37528 1
37528 37529 1
37529 37531 1
37530 37548 1
37531 37532 1
37532 37533 1
37533 37534 1
37534 37535 1
37535 37536 1
37536 37537 1
37537 37538 1
37538 37539 1
37539 37540 1
37540 37541 1
37541 37542 1
37542 37543 1
37543 37544 1
37544 37545 1
37545 37791 1
37546 37790 1
37546 37791 1
37547 37790 1
37549 37558 1
37549 37563 1
37550 37551 1
37551 37553 1
37552 37554 1
37552 37558 1
37553 37563 1
37554 37559 1
37555 37559 1
37555 37561 1
37556 37561 1
37556 37562 1
37557 37560 1
37557 37815 1
37560 37562 1
37564 37565 1
37564 37567 1
37564 37597 1
37565 37591 1
37566 37570 1
37566 37571 1
37568 37569 1
37568 37597 1
37569 37570 1
37569 37572 1
37569 37599 1
37571 37612 1
37573 37581 1
37573 37613 1
37574 37579 1
37574 37583 1
37575 37580 1
37576 37577 1
37576 37579 1
37580 37626 1
37581 37583 1
37582 37600 1
37584 37588 1
37584 37591 1
37585 37589 1
37585 37590 1
37586 37633 1
37586 37634 1
37586 37645 1
37586 37653 1
37589 37591 1
37590 37593 1
37590 37601 1
37591 37592 1
37593 37601 1
37593 37602 1
37594 37603 1
37596 37598 1
37597 37601 1
37598 37599 1
37600 37631 1
37602 37607 1
37603 37604 1
37604 37605 1
37605 37606 1
37606 37607 1
37607 37610 1
37608 37622 1
37608 37627 1
37608 37724 1
37609 37611 1
37610 37611 1
37612 37710 1
37613 37618 1
37614 37624 1
37614 37626 1
37615 37621 1
37615 37625 1
37616 37617 1
37616 37625 1
37617 37619 1
37618 37646 1
37619 37635 1
37620 37623 1
37620 37624 1
37622 37678 1
37622 37724 1
37623 37646 1
37627 37649 1
37628 37629 1
37628 37635 1
37629 37630 1
37630 37632 1
37631 37733 1
37632 37633 1
37633 37634 1
37633 37645 1
37634 37645 1
37636 37645 1
37636 37650 1
37636 37651 1
37637 37638 1
37637 37647 1
37638 37639 1
37639 37640 1
37640 37648 1
37641 37646 1
37641 37648 1
37642 37644 1
37642 37652 1
37643 37645 1
37644 37653 1
37646 37652 1
37649 37667 1
37651 37779 1
37651 37784 1
37654 37655 1
37655 37662 1
37656 37667 1
37657 37659 1
37657 37662 1
37658 37661 1
37660 37661 1
37660 37815 1
37663 37664 1
37664 37669 1
37665 37670 1
37665 37671 1
37666 37668 1
37666 37685 1
37668 37765 1
37669 37670 1
37671 37688 1
37672 37673 1
37673 37682 1
37674 37675 1
37674 37676 1
37675 37718 1
37676 37679 1
37677 37679 1
37677 37681 1
37678 37691 1
37680 37681 1
37680 37683 1
37682 37683 1
37684 37687 1
37684 37688 1
37685 37690 1
37686 37687 1
37686 37690 1
37689 37692 1
37689 37693 1
37691 37700 1
37692 37776 1
37693 37694 1
37695 37697 1
37696 37697 1
37696 37705 1
37698 37702 1
37698 37706 1
37698 37707 1
37699 37701 1
37699 37705 1
37699 37707 1
37701 37704 1
37702 37721 1
37703 37730 1
37704 37722 1
37708 37709 1
37709 37711 1
37711 37716 1
37712 37716 1
37712 37717 1
37713 37715 1
37713 37718 1
37714 37715 1
37714 37717 1
37714 37720 1
37717 37720 1
37719 37720 1
37719 37740 1
37721 37723 1
37722 37730 1
37723 37727 1
37724 37734 1
37725 37726 1
37725 37727 1
37726 37729 1
37728 37729 1
37728 37751 1
37729 37764 1
37731 37739 1
37731 37740 1
37732 37738 1
37732 37746 1
37734 37744 1
37735 37742 1
37735 37745 1
37736 37737 1
37736 37745 1
37738 37742 1
37739 37743 1
37741 37743 1
37741 37746 1
37744 37759 1
37747 37760 1
37747 37762 1
37748 37755 1
37748 37761 1
37749 37756 1
37749 37763 1
37750 37752 1
37750 37753 1
37751 37760 1
37752 37763 1
37753 37762 1
37754 37757 1
37754 37764 1
37755 37784 1
37756 37758 1
37757 37761 1
37758 37782 1
37759 37771 1
37765 37766 1
37766 37767 1
37767 37768 1
37768 37769 1
37769 37774 1
37770 37775 1
37770 37777 1
37771 37787 1
37772 37773 1
37772 37777 1
37773 37778 1
37774 37775 1
37776 37778 1
37779 37780 1
37780 37781 1
37781 37785 1
37782 37783 1
37783 37797 1
37784 37785 1
37786 37796 1
37787 37803 1
37788 37792 1
37788 37795 1
37792 37795 1
37792 37808 1
37793 37794 1
37793 37796 1
37794 37795 1
37797 37798 1
37798 37809 1
37799 37811 1
37799 37812 1
37800 37810 1
37800 37814 1
37801 37802 1
37801 37814 1
37802 37813 1
37804 37805 1
37804 37813 1
37805 37806 1
37806 37807 1
37807 37808 1
37809 37811 1
37810 37812 1
37816 37817 1
37816 38635 1
37816 38636 1
37816 38637 1
37817 37868 1
37818 37820 1
37818 37821 1
37818 37859 1
37818 37883 1
37819 37884 1
37820 37822 1
37820 37823 1
37820 37833 1
37820 37882 1
37820 37885 1
37821 37824 1
37822 37823 1
37822 37835 1
37822 37837 1
37822 38636 1
37824 37826 1
37824 37827 1
37824 37831 1
37824 37834 1
37824 37881 1
37825 37833 1
37825 37847 1
37825 37858 1
37825 37878 1
37826 37836 1
37826 37837 1
37827 37828 1
37827 37829 1
37827 37830 1
37827 37879 1
37827 37881 1
37828 37872 1
37828 37874 1
37829 37832 1
37829 37839 1
37830 37831 1
37831 37832 1
37831 37843 1
37832 37835 1
37832 37839 1
37832 37841 1
37832 37842 1
37832 37850 1
37832 38629 1
37832 38631 1
37832 38636 1
37832 38645 1
37833 37837 1
37833 37858 1
37833 37882 1
37833 37885 1
37834 37836 1
37835 38636 1
37836 37837 1
37837 37885 1
37838 38629 1
37838 38631 1
37838 38635 1
37838 38637 1
37838 38645 1
37839 37841 1
37839 37842 1
37839 37850 1
37840 37841 1
37840 37842 1
37840 37845 1
37840 38626 1
37840 38627 1
37840 38641 1
37840 38642 1
37841 38641 1
37841 38642 1
37842 37845 1
37843 37844 1
37844 37846 1
37845 37849 1
37845 38641 1
37845 38642 1
37846 37848 1
37847 37856 1
37847 37885 1
37849 37850 1
37851 37852 1
37851 37854 1
37851 37878 1
37852 37853 1
37852 37854 1
37852 38638 1
37853 37855 1
37853 37880 1
37853 37881 1
37853 38638 1
37854 37857 1
37854 37858 1
37855 37857 1
37855 37859 1
37856 37861 1
37857 37858 1
37857 37859 1
37858 37882 1
37858 38638 1
37859 37883 1
37860 37876 1
37860 37879 1
37860 37880 1
37860 37883 1
37862 37884 1
37862 38622 1
37862 38635 1
37862 38636 1
37862 38637 1
37862 38654 1
37863 37864 1
37864 37865 1
37864 37867 1
37866 37867 1
37866 37869 1
37866 37872 1
37868 37878 1
37869 37875 1
37870 37871 1
37870 37873 1
37871 37872 1
37872 37876 1
37873 38626 1
37874 37879 1
37875 37877 1
37876 37879 1
37876 37880 1
37877 37880 1
37882 37885 1
37884 37885 1
37886 37887 1
37886 37904 1
37887 37895 1
37888 37897 1
37888 37900 1
37889 37890 1
37889 37929 1
37890 39803 1
37891 37893 1
37891 39801 1
37892 37894 1
37892 37909 1
37894 37896 1
37895 37926 1
37896 39507 1
37897 37929 1
37898 37899 1
37898 39009 1
37899 37902 1
37900 37901 1
37901 37905 1
37902 37903 1
37903 37906 1
37905 37906 1
37905 37909 1
37906 37907 1
37906 37909 1
37907 37908 1
37908 37913 1
37910 37921 1
37910 38614 1
37911 37912 1
37911 37914 1
37912 37915 1
37913 37918 1
37914 37916 1
37915 37919 1
37916 37917 1
37917 37924 1
37918 37920 1
37919 37922 1
37920 37923 1
37921 37927 1
37922 37923 1
37924 37925 1
37925 37926 1
37927 37928 1
37928 39814 1
37930 37931 1
37931 37943 1
37932 37933 1
37932 37961 1
37933 37936 1
37934 37962 1
37934 37963 1
37934 38589 1
37935 37966 1
37935 37967 1
37936 37967 1
37937 37944 1
37937 37963 1
37937 37964 1
37938 37961 1
37938 38657 1
37939 37942 1
37940 37942 1
37940 37944 1
37941 37952 1
37941 37959 1
37943 37949 1
37944 37963 1
37945 37950 1
37945 38624 1
37946 37948 1
37946 37951 1
37947 37948 1
37947 37952 1
37949 37959 1
37950 37951 1
37953 37954 1
37953 38094 1
37954 38620 1
37955 37956 1
37955 38591 1
37956 37957 1
37957 37958 1
37958 37960 1
37960 37962 1
37962 37963 1
37964 37965 1
37965 37966 1
37968 37977 1
37968 37982 1
37969 37997 1
37969 38022 1
37969 38030 1
37970 37972 1
37970 38022 1
37971 37973 1
37971 37983 1
37972 37974 1
37973 37975 1
37974 37980 1
37975 37976 1
37976 37984 1
37977 38028 1
37978 37983 1
37978 38031 1
37979 37982 1
37979 37985 1
37980 37986 1
37981 37984 1
37983 38013 1
37985 38031 1
37986 38003 1
37987 37988 1
37987 38003 1
37987 38006 1
37988 37989 1
37990 37991 1
37990 38006 1
37991 37992 1
37992 38002 1
37993 37999 1
37993 38008 1
37994 37995 1
37994 38001 1
37994 38007 1
37994 38493 1
37995 38005 1
37996 38000 1
37996 38005 1
37997 38022 1
37997 38028 1
37998 38000 1
37998 38023 1
37999 38001 1
38001 38007 1
38002 38007 1
38003 38006 1
38004 38013 1
38004 38029 1
38008 39334 1
38009 38010 1
38009 38024 1
38010 38011 1
38011 38021 1
38012 38014 1
38012 38021 1
38014 38015 1
38015 38016 1
38016 38017 1
38017 38018 1
38018 38019 1
38019 38020 1
38020 38023 1
38024 38716 1
38025 38026 1
38026 38027 1
38027 38029 1
38030 39363 1
38032 38033 1
38032 38041 1
38033 38042 1
38034 38035 1
38034 38049 1
38034 38073 1
38034 38350 1
38035 38049 1
38035 38331 1
38035 38350 1
38036 38039 1
38036 38040 1
38037 38038 1
38037 38042 1
38038 38060 1
38039 38056 1
38040 38041 1
38040 38055 1
38041 38055 1
38043 38335 1
38043 38791 1
38044 38079 1
38044 39020 1
38045 38046 1
38045 39021 1
38046 38047 1
38047 38058 1
38048 38050 1
38048 38058 1
38050 38051 1
38051 38052 1
38052 38053 1
38053 38057 1
38054 38056 1
38054 38057 1
38055 38059 1
38059 38066 1
38060 38070 1
38061 38068 1
38061 38070 1
38062 38063 1
38062 38068 1
38063 38064 1
38063 39666 1
38064 38067 1
38064 39666 1
38065 38067 1
38065 38069 1
38066 38081 1
38069 39034 1
38071 38072 1
38071 38079 1
38072 38074 1
38073 38080 1
38074 38077 1
38075 38078 1
38075 39635 1
38076 38077 1
38076 38078 1
38080 38081 1
38082 38083 1
38082 38107 1
38083 38094 1
38084 38085 1
38084 38124 1
38085 38086 1
38086 38087 1
38087 38090 1
38088 38091 1
38088 38108 1
38089 38090 1
38090 38092 1
38091 38100 1
38092 38095 1
38092 38097 1
38093 38095 1
38093 38096 1
38095 38097 1
38095 38099 1
38096 38098 1
38097 38099 1
38098 38101 1
38099 38111 1
38100 38103 1
38101 38102 1
38101 38109 1
38102 38106 1
38102 38109 1
38103 38104 1
38103 38105 1
38104 38105 1
38104 38109 1
38105 38107 1
38105 38115 1
38106 38112 1
38110 38120 1
38111 38112 1
38111 38113 1
38112 38113 1
38113 38114 1
38115 38116 1
38116 38117 1
38117 38118 1
38118 38119 1
38119 39388 1
38120 38121 1
38121 38122 1
38122 38123 1
38123 38124 1
38125 38134 1
38125 38136 1
38126 38127 1
38126 38128 1
38126 38145 1
38127 38149 1
38128 38129 1
38129 38131 1
38130 38133 1
38130 38136 1
38131 38132 1
38132 38138 1
38133 38141 1
38134 38150 1
38135 38137 1
38135 38150 1
38137 38147 1
38138 38441 1
38139 38143 1
38139 38144 1
38140 38143 1
38141 38144 1
38142 38145 1
38142 39768 1
38146 39797 1
38147 38148 1
38148 38149 1
38151 38169 1
38151 38643 1
38152 38160 1
38152 38164 1
38153 38161 1
38153 38172 1
38154 38155 1
38154 38180 1
38155 38158 1
38156 38157 1
38156 38159 1
38157 38160 1
38157 38193 1
38158 38159 1
38160 38193 1
38161 38162 1
38162 38165 1
38163 38646 1
38163 38651 1
38164 38167 1
38165 38166 1
38166 38168 1
38167 38169 1
38168 38170 1
38170 38948 1
38171 38190 1
38171 39424 1
38172 38188 1
38173 38174 1
38173 38175 1
38174 38177 1
38175 38183 1
38176 38186 1
38176 38192 1
38177 38181 1
38178 38181 1
38178 38192 1
38179 38185 1
38179 38187 1
38180 38187 1
38182 38186 1
38183 38185 1
38183 38188 1
38184 38189 1
38184 38193 1
38185 38188 1
38189 38191 1
38190 38191 1
38194 38199 1
38194 38218 1
38194 38225 1
38195 38196 1
38195 38237 1
38196 38226 1
38197 38198 1
38198 38199 1
38200 38201 1
38200 38240 1
38201 38202 1
38202 38215 1
38203 38205 1
38203 38215 1
38203 38217 1
38204 38206 1
38204 38215 1
38205 38215 1
38205 38216 1
38206 38209 1
38207 38208 1
38207 38216 1
38208 38212 1
38209 38210 1
38210 38211 1
38211 38916 1
38212 38220 1
38213 38214 1
38213 38220 1
38214 38920 1
38215 38217 1
38217 38219 1
38219 38235 1
38221 38222 1
38221 38230 1
38222 38223 1
38223 38224 1
38223 38373 1
38224 38373 1
38225 38237 1
38226 38227 1
38227 38228 1
38228 38229 1
38229 38231 1
38230 38232 1
38231 38241 1
38232 38234 1
38233 38235 1
38233 38239 1
38234 38236 1
38236 38240 1
38238 38239 1
38238 38241 1
38243 38262 1
38243 38265 1
38244 38264 1
38244 38265 1
38245 38246 1
38245 38264 1
38246 38269 1
38247 38266 1
38247 38290 1
38248 38250 1
38248 38272 1
38249 38252 1
38249 38269 1
38250 38254 1
38251 38261 1
38252 38253 1
38252 38267 1
38252 39807 1
38252 39812 1
38253 38258 1
38253 38274 1
38254 38263 1
38255 38257 1
38255 38258 1
38255 38274 1
38256 38259 1
38256 38274 1
38257 38260 1
38258 38259 1
38258 38267 1
38258 38270 1
38259 38268 1
38260 38273 1
38261 38268 1
38262 38271 1
38263 38273 1
38266 38272 1
38267 38274 1
38268 38270 1
38271 38286 1
38275 38276 1
38275 38285 1
38276 38277 1
38277 38278 1
38278 38279 1
38278 38280 1
38278 38281 1
38279 38280 1
38279 38281 1
38280 38281 1
38280 38282 1
38281 39510 1
38282 38283 1
38283 38284 1
38284 38288 1
38285 38291 1
38286 38291 1
38287 38288 1
38287 39495 1
38289 38290 1
38289 39477 1
38292 38293 1
38292 38300 1
38294 38351 1
38294 39123 1
38295 38319 1
38295 38332 1
38296 38315 1
38297 38299 1
38297 38315 1
38298 38300 1
38298 38302 1
38298 38521 1
38299 38303 1
38301 38310 1
38301 38327 1
38302 38324 1
38303 38304 1
38304 38321 1
38305 38316 1
38305 38321 1
38306 38307 1
38306 38317 1
38306 38322 1
38307 38314 1
38307 38317 1
38308 38316 1
38308 38320 1
38309 38312 1
38309 38323 1
38310 38319 1
38310 38334 1
38311 38313 1
38311 38327 1
38311 38340 1
38312 38318 1
38313 38320 1
38314 38320 1
38317 38323 1
38318 39121 1
38322 38324 1
38325 38326 1
38325 38327 1
38325 38340 1
38326 38339 1
38327 38340 1
38328 38329 1
38328 38337 1
38329 38338 1
38330 38338 1
38331 38333 1
38331 38338 1
38332 38351 1
38333 38335 1
38333 38338 1
38334 38336 1
38336 38344 1
38337 38339 1
38341 38345 1
38341 38346 1
38342 38344 1
38342 38345 1
38343 38346 1
38343 38737 1
38347 38348 1
38348 38349 1
38349 38350 1
38351 39123 1
38352 38353 1
38353 38356 1
38353 38369 1
38354 38359 1
38354 38371 1
38355 38372 1
38355 39237 1
38356 38366 1
38357 38368 1
38357 38372 1
38358 38366 1
38358 38368 1
38359 38360 1
38360 38361 1
38361 38362 1
38362 38621 1
38363 38367 1
38363 39247 1
38364 38365 1
38364 38367 1
38365 38628 1
38369 38370 1
38370 38371 1
38373 38376 1
38374 38414 1
38375 38406 1
38375 38414 1
38376 38399 1
38377 38381 1
38377 38383 1
38378 38380 1
38378 38384 1
38379 38388 1
38379 38699 1
38380 38385 1
38381 38400 1
38381 38404 1
38382 38383 1
38382 38385 1
38384 38386 1
38386 38483 1
38387 38406 1
38387 38410 1
38388 38413 1
38389 38407 1
38389 38415 1
38390 38391 1
38390 38410 1
38391 38392 1
38392 38393 1
38393 38409 1
38394 38398 1
38394 38411 1
38395 38396 1
38395 38409 1
38396 38397 1
38397 38408 1
38398 38401 1
38398 38403 1
38399 38415 1
38400 38404 1
38400 38408 1
38401 38402 1
38402 38412 1
38404 38405 1
38405 38412 1
38407 38411 1
38413 38414 1
38416 38750 1
38417 38428 1
38417 38458 1
38418 38419 1
38418 38449 1
38419 38464 1
38420 38439 1
38420 38463 1
38421 38462 1
38421 38463 1
38422 38423 1
38422 38460 1
38423 38454 1
38424 38425 1
38424 38450 1
38425 38426 1
38426 38427 1
38427 38429 1
38428 38449 1
38429 38446 1
38430 38445 1
38430 38451 1
38431 38434 1
38431 38446 1
38432 38433 1
38432 38435 1
38432 38455 1
38433 38443 1
38434 38451 1
38435 38436 1
38435 38455 1
38436 38437 1
38437 38438 1
38438 38452 1
38439 38756 1
38440 38444 1
38440 38457 1
38441 38457 1
38442 38456 1
38442 39548 1
38443 38444 1
38445 38453 1
38447 38448 1
38447 38456 1
38448 38452 1
38450 38454 1
38453 38455 1
38458 38461 1
38459 38795 1
38460 38802 1
38461 38462 1
38465 38466 1
38465 38480 1
38466 38492 1
38467 38475 1
38467 38485 1
38468 38502 1
38468 38503 1
38469 38503 1
38469 38536 1
38470 38471 1
38470 38499 1
38471 38472 1
38472 38473 1
38473 38474 1
38473 38503 1
38474 38486 1
38474 38503 1
38475 38478 1
38476 38477 1
38476 38486 1
38477 38520 1
38478 38481 1
38479 38481 1
38479 38487 1
38482 38487 1
38482 38488 1
38483 38509 1
38483 38513 1
38484 38492 1
38484 38509 1
38485 38533 1
38488 38489 1
38489 38490 1
38490 38491 1
38491 38493 1
38493 38494 1
38494 38495 1
38495 38496 1
38496 38497 1
38497 38498 1
38498 38499 1
38500 38535 1
38501 38502 1
38501 38535 1
38504 38506 1
38504 39299 1
38505 38507 1
38505 38806 1
38506 38518 1
38507 38508 1
38508 38511 1
38508 38867 1
38510 38511 1
38510 38512 1
38510 38517 1
38511 38512 1
38512 38514 1
38513 38519 1
38514 38515 1
38515 38522 1
38516 38523 1
38516 38536 1
38517 38518 1
38519 38524 1
38520 38521 1
38522 38532 1
38523 38525 1
38524 38533 1
38525 38527 1
38526 38528 1
38526 38531 1
38527 38531 1
38528 38529 1
38529 38530 1
38530 38840 1
38532 38534 1
38534 38536 1
38537 38538 1
38537 39503 1
38538 38545 1
38539 38574 1
38539 38588 1
38540 38541 1
38540 38579 1
38542 38569 1
38542 38579 1
38543 38544 1
38543 38886 1
38544 38548 1
38544 38549 1
38544 38554 1
38545 38552 1
38546 38547 1
38546 39157 1
38547 38548 1
38547 38549 1
38547 38554 1
38548 38549 1
38548 38554 1
38549 38550 1
38549 38554 1
38550 38556 1
38551 38553 1
38551 38556 1
38552 38559 1
38553 38555 1
38554 38557 1
38555 38897 1
38557 38558 1
38558 38562 1
38559 38569 1
38559 38588 1
38560 38561 1
38560 38582 1
38561 38563 1
38562 38565 1
38563 38564 1
38564 38578 1
38565 38566 1
38566 38576 1
38567 38576 1
38567 38578 1
38568 38570 1
38568 38580 1
38569 38588 1
38570 38571 1
38571 38573 1
38572 38574 1
38572 38577 1
38573 38581 1
38574 38576 1
38575 38583 1
38577 38581 1
38580 39742 1
38582 38583 1
38584 38585 1
38584 39501 1
38585 38586 1
38586 38587 1
38587 38896 1
38589 38600 1
38590 38616 1
38590 38619 1
38591 38592 1
38591 38620 1
38592 38593 1
38593 38596 1
38594 38595 1
38594 38600 1
38594 38609 1
38595 38596 1
38595 38597 1
38596 38597 1
38597 39805 1
38598 38605 1
38598 38649 1
38599 38601 1
38599 38602 1
38600 38609 1
38601 38617 1
38602 38603 1
38603 38604 1
38604 38606 1
38605 38607 1
38606 38608 1
38607 38611 1
38608 38610 1
38608 38612 1
38609 38619 1
38610 38611 1
38611 38615 1
38612 38614 1
38613 38615 1
38613 38958 1
38616 38618 1
38617 38618 1
38621 38652 1
38622 38632 1
38622 38635 1
38622 38636 1
38622 38637 1
38622 38652 1
38623 38656 1
38623 38657 1
38624 38655 1
38625 38626 1
38625 38632 1
38625 38638 1
38627 38628 1
38629 38630 1
38629 38633 1
38629 38645 1
38630 38631 1
38632 38638 1
38632 38652 1
38633 38634 1
38634 38639 1
38635 38636 1
38635 38637 1
38635 38656 1
38636 38637 1
38639 38640 1
38640 38647 1
38640 38648 1
38641 38643 1
38641 38644 1
38642 38645 1
38643 38644 1
38644 38645 1
38644 38646 1
38645 38646 1
38647 38650 1
38648 38649 1
38651 38653 1
38653 38963 1
38654 38655 1
38658 38692 1
38658 38695 1
38659 38668 1
38659 38687 1
38660 38678 1
38660 38698 1
38661 38673 1
38661 38686 1
38662 38667 1
38662 38670 1
38662 38677 1
38663 38677 1
38663 38686 1
38664 38669 1
38664 39672 1
38665 38669 1
38665 38679 1
38665 38680 1
38666 38672 1
38666 38694 1
38667 39053 1
38668 38683 1
38670 39052 1
38671 38672 1
38671 39080 1
38673 38686 1
38673 38694 1
38674 38697 1
38674 51262 1
38674 51263 1
38675 38676 1
38675 38697 1
38676 38698 1
38678 38689 1
38678 38690 1
38679 38693 1
38679 38695 1
38680 38682 1
38681 38685 1
38682 38684 1
38683 38692 1
38684 38696 1
38685 38691 1
38687 38688 1
38688 38691 1
38689 38690 1
38689 38696 1
38690 51209 1
38699 38709 1
38700 38701 1
38700 38719 1
38701 38720 1
38702 38703 1
38702 38705 1
38703 38720 1
38704 38706 1
38704 38710 1
38705 38708 1
38705 38712 1
38706 38707 1
38707 38712 1
38708 38710 1
38709 38719 1
38711 38712 1
38711 38713 1
38713 38714 1
38714 38718 1
38715 38716 1
38715 38717 1
38717 38718 1
38721 38722 1
38721 38734 1
38722 38732 1
38723 38726 1
38723 38801 1
38724 38725 1
38724 38730 1
38725 38749 1
38725 38759 1
38725 38761 1
38725 39706 1
38726 38736 1
38727 38728 1
38727 38736 1
38728 38749 1
38729 38763 1
38729 38781 1
38730 38739 1
38731 38735 1
38731 38752 1
38732 38733 1
38733 38741 1
38734 38737 1
38735 38741 1
38738 38739 1
38738 38770 1
38740 38763 1
38740 38770 1
38742 38752 1
38742 38760 1
38743 38744 1
38743 38749 1
38744 38745 1
38745 38746 1
38746 38747 1
38747 38748 1
38748 39643 1
38750 38751 1
38751 38754 1
38751 38758 1
38753 38755 1
38753 38757 1
38753 39143 1
38754 38758 1
38755 38756 1
38755 38757 1
38756 38758 1
38759 38762 1
38760 38765 1
38761 38767 1
38762 38764 1
38764 38768 1
38765 38766 1
38766 38772 1
38767 38803 1
38768 38769 1
38769 38771 1
38771 38773 1
38772 38776 1
38773 38774 1
38774 38775 1
38775 38777 1
38776 38784 1
38777 38779 1
38778 38780 1
38778 39694 1
38779 38782 1
38780 38785 1
38781 38801 1
38782 38783 1
38783 38785 1
38784 38786 1
38785 38787 1
38786 38788 1
38787 38789 1
38788 38790 1
38789 38792 1
38790 38793 1
38791 38801 1
38792 38794 1
38793 38795 1
38794 38797 1
38796 38803 1
38797 38798 1
38798 38799 1
38799 38800 1
38800 38802 1
38804 38833 1
38804 38848 1
38805 38838 1
38805 38839 1
38806 38867 1
38807 38818 1
38807 38877 1
38808 38809 1
38808 38811 1
38808 38879 1
38809 38811 1
38810 38811 1
38810 38818 1
38812 38820 1
38812 38821 1
38813 38814 1
38813 38871 1
38813 38878 1
38814 38815 1
38814 38878 1
38815 38876 1
38816 38822 1
38816 39294 1
38817 38819 1
38817 38877 1
38819 38844 1
38820 38871 1
38820 38873 1
38821 39565 1
38822 38823 1
38823 38827 1
38824 38825 1
38824 38838 1
38825 38834 1
38826 38827 1
38826 38834 1
38827 38829 1
38827 38830 1
38827 38831 1
38828 38833 1
38828 38836 1
38829 38830 1
38829 38864 1
38830 38831 1
38831 38832 1
38831 38835 1
38831 38869 1
38832 38835 1
38832 38875 1
38835 38837 1
38836 38837 1
38839 39379 1
38840 38841 1
38841 38845 1
38842 38844 1
38842 38846 1
38843 38845 1
38843 38847 1
38846 38847 1
38848 38859 1
38849 38850 1
38849 38865 1
38850 38851 1
38850 38853 1
38851 38853 1
38851 38868 1
38852 38856 1
38852 38868 1
38853 38866 1
38854 38855 1
38854 38857 1
38855 39302 1
38856 38866 1
38857 38858 1
38857 38861 1
38858 38860 1
38860 38866 1
38861 38862 1
38862 38863 1
38863 38864 1
38865 38867 1
38869 38870 1
38872 38873 1
38874 38875 1
38874 38878 1
38876 38880 1
38879 38880 1
38881 38891 1
38881 38904 1
38882 38884 1
38882 38889 1
38883 38884 1
38883 38903 1
38885 38887 1
38885 38888 1
38886 38887 1
38889 39558 1
38890 38892 1
38890 39559 1
38891 38898 1
38892 38893 1
38893 38894 1
38893 38897 1
38894 38895 1
38895 38896 1
38898 38899 1
38899 38900 1
38900 38901 1
38901 38902 1
38902 38903 1
38905 38912 1
38905 38938 1
38906 38907 1
38906 38947 1
38907 38908 1
38908 38909 1
38909 38911 1
38909 38921 1
38909 38922 1
38910 38911 1
38910 38939 1
38911 38921 1
38911 38922 1
38912 38926 1
38913 38914 1
38913 38916 1
38914 38915 1
38915 38917 1
38917 38927 1
38917 38928 1
38918 38919 1
38918 38936 1
38919 39434 1
38920 38921 1
38921 38922 1
38922 38923 1
38923 38924 1
38924 38925 1
38925 38927 1
38926 38937 1
38927 38928 1
38928 38929 1
38928 38932 1
38929 38930 1
38930 38931 1
38931 38934 1
38932 38933 1
38933 38936 1
38934 38935 1
38935 38946 1
38937 38947 1
38939 38940 1
38940 38941 1
38941 38942 1
38942 39240 1
38943 38944 1
38943 39392 1
38944 38945 1
38945 38946 1
38948 38959 1
38949 38950 1
38949 39019 1
38950 38999 1
38951 38955 1
38951 38956 1
38952 38953 1
38952 39011 1
38953 38954 1
38954 38958 1
38955 38968 1
38956 38957 1
38957 39008 1
38959 38973 1
38960 38961 1
38961 38962 1
38961 38965 1
38961 38967 1
38961 38991 1
38961 38997 1
38962 38964 1
38962 38965 1
38963 38970 1
38964 38967 1
38964 38970 1
38965 38966 1
38965 38968 1
38965 38971 1
38966 38968 1
38966 38971 1
38966 39007 1
38967 38969 1
38967 38971 1
38968 38971 1
38969 38971 1
38969 39000 1
38972 38974 1
38972 39007 1
38973 38991 1
38974 38976 1
38975 38997 1
38975 39001 1
38976 38977 1
38977 38980 1
38978 38979 1
38978 39001 1
38979 38983 1
38980 38982 1
38981 38986 1
38981 39002 1
38982 38984 1
38983 38985 1
38984 39004 1
38985 39005 1
38986 38988 1
38987 39003 1
38987 39005 1
38988 38998 1
38989 38992 1
38989 38996 1
38990 38993 1
38990 39003 1
38992 38994 1
38994 39014 1
38995 38998 1
38995 38999 1
38996 39004 1
38997 39002 1
39000 39006 1
39006 39011 1
39008 39009 1
39010 39012 1
39010 39013 1
39012 39015 1
39013 39014 1
39016 39017 1
39016 39018 1
39017 39019 1
39018 39750 1
39020 39021 1
39022 39031 1
39022 39034 1
39023 39031 1
39023 39032 1
39024 39037 1
39024 39056 1
39025 39038 1
39025 39059 1
39026 39037 1
39026 39040 1
39027 39028 1
39027 39032 1
39028 39029 1
39029 39040 1
39030 39035 1
39030 39055 1
39033 39035 1
39033 39039 1
39033 39057 1
39035 39057 1
39036 39044 1
39036 39058 1
39038 39049 1
39039 39044 1
39041 39042 1
39041 39045 1
39042 39043 1
39043 39590 1
39045 39046 1
39046 39047 1
39047 39048 1
39048 39049 1
39049 39050 1
39050 39051 1
39051 39060 1
39052 39055 1
39054 39056 1
39054 39057 1
39058 39059 1
39060 39061 1
39061 39069 1
39062 39070 1
39062 39087 1
39063 39072 1
39063 39073 1
39064 39077 1
39064 39085 1
39065 39074 1
39065 39075 1
39065 39076 1
39066 39076 1
39066 39079 1
39067 39075 1
39067 39081 1
39068 39087 1
39068 39632 1
39069 39084 1
39070 39071 1
39070 39086 1
39071 39072 1
39073 39074 1
39076 39082 1
39077 39083 1
39078 39081 1
39078 51258 1
39079 39080 1
39083 39084 1
39085 39086 1
39088 39098 1
39088 39132 1
39088 39136 1
39089 39132 1
39089 39133 1
39090 39093 1
39090 39136 1
39091 39093 1
39091 39094 1
39091 39144 1
39092 39097 1
39092 39137 1
39093 39094 1
39094 39096 1
39095 39110 1
39095 39126 1
39096 39111 1
39097 39107 1
39098 39099 1
39099 39101 1
39100 39104 1
39100 39105 1
39101 39102 1
39102 39103 1
39104 39111 1
39105 39140 1
39106 39107 1
39106 39142 1
39108 39109 1
39108 39121 1
39109 39126 1
39110 39112 1
39112 39113 1
39113 39119 1
39114 39115 1
39114 39119 1
39115 39124 1
39116 39117 1
39116 39127 1
39117 39118 1
39118 39120 1
39120 39122 1
39122 39125 1
39123 39138 1
39124 39127 1
39125 39128 1
39127 39130 1
39128 39131 1
39129 39132 1
39130 39133 1
39131 39134 1
39134 39135 1
39135 39137 1
39137 39138 1
39139 39140 1
39139 39141 1
39141 39771 1
39142 39143 1
39144 39466 1
39145 39172 1
39145 39174 1
39146 39195 1
39146 39196 1
39147 39148 1
39148 39150 1
39149 39151 1
39149 39185 1
39149 39212 1
39150 39152 1
39151 39153 1
39152 39154 1
39153 39155 1
39154 39155 1
39154 39156 1
39155 39156 1
39156 39157 1
39158 39159 1
39158 39177 1
39159 39166 1
39159 39175 1
39160 39161 1
39160 39163 1
39161 39162 1
39162 39178 1
39163 39167 1
39164 39166 1
39164 39176 1
39165 39191 1
39165 39192 1
39166 39175 1
39167 39168 1
39168 39176 1
39169 39177 1
39169 39182 1
39170 39171 1
39170 39172 1
39171 39181 1
39173 39174 1
39173 39184 1
39173 39203 1
39175 39180 1
39178 39211 1
39179 39186 1
39179 39188 1
39180 39181 1
39182 39183 1
39182 39184 1
39183 39184 1
39183 39185 1
39186 39187 1
39188 39189 1
39189 39190 1
39190 39191 1
39192 39193 1
39193 39194 1
39194 39195 1
39196 39198 1
39197 39198 1
39197 52183 1
39198 39199 1
39199 39203 1
39200 39202 1
39201 39202 1
39201 39646 1
39202 39204 1
39204 39205 1
39205 39209 1
39206 39207 1
39206 39208 1
39207 39210 1
39208 39211 1
39209 39210 1
39212 39724 1
39213 39221 1
39213 39238 1
39214 39217 1
39214 39244 1
39215 39216 1
39215 39250 1
39215 39251 1
39216 39219 1
39217 39218 1
39218 39220 1
39219 39222 1
39220 39224 1
39221 39249 1
39222 39233 1
39223 39233 1
39223 39236 1
39224 39248 1
39225 39230 1
39225 39231 1
39226 39230 1
39226 39234 1
39227 39228 1
39227 39246 1
39227 39248 1
39228 39237 1
39229 39235 1
39229 39245 1
39231 39232 1
39234 39236 1
39235 39244 1
39238 39239 1
39240 39244 1
39241 39242 1
39241 39429 1
39242 39243 1
39243 39245 1
39244 39251 1
39246 39247 1
39246 39248 1
39249 39250 1
39250 39251 1
39252 39272 1
39252 39370 1
39253 39306 1
39253 39368 1
39254 39266 1
39255 39298 1
39255 39379 1
39256 39263 1
39256 39371 1
39257 39263 1
39257 39382 1
39258 39261 1
39258 39376 1
39259 39286 1
39259 39307 1
39260 39286 1
39260 39326 1
39260 39378 1
39261 39280 1
39261 39374 1
39262 39266 1
39262 39373 1
39262 46731 1
39263 39264 1
39263 39265 1
39263 39268 1
39264 39265 1
39264 39268 1
39265 39268 1
39266 46731 1
39267 39375 1
39267 39376 1
39267 39377 1
39267 39380 1
39268 39373 1
39268 39375 1
39269 39271 1
39269 39359 1
39270 39285 1
39270 39321 1
39270 39324 1
39270 39325 1
39271 39285 1
39272 39369 1
39272 39372 1
39273 39337 1
39273 39343 1
39274 39325 1
39274 39355 1
39275 39276 1
39275 39320 1
39275 39324 1
39275 39325 1
39275 39326 1
39276 39319 1
39276 39320 1
39276 39324 1
39276 39325 1
39277 39281 1
39277 39287 1
39277 39319 1
39278 39358 1
39278 39368 1
39279 39354 1
39280 39374 1
39280 39378 1
39281 39282 1
39281 39287 1
39282 39381 1
39283 39289 1
39283 39354 1
39284 39320 1
39284 39328 1
39285 39324 1
39287 39290 1
39287 39291 1
39288 39299 1
39288 39336 1
39289 39293 1
39290 39291 1
39290 39296 1
39291 39294 1
39292 39303 1
39292 46584 1
39293 39297 1
39295 39296 1
39295 39298 1
39297 39300 1
39300 39301 1
39301 39302 1
39303 39304 1
39304 39307 1
39305 39311 1
39305 46584 1
39306 39361 1
39308 39312 1
39308 46584 1
39309 39310 1
39309 39311 1
39310 39313 1
39312 39317 1
39313 39316 1
39314 39315 1
39314 39317 1
39315 39318 1
39316 39328 1
39318 39323 1
39320 39324 1
39320 39325 1
39321 39322 1
39322 39323 1
39323 39346 1
39323 39347 1
39324 39325 1
39327 39351 1
39327 39372 1
39329 39340 1
39329 39342 1
39330 39331 1
39330 39340 1
39331 39338 1
39332 39337 1
39332 39344 1
39332 39351 1
39333 39339 1
39333 39345 1
39334 39344 1
39335 39336 1
39335 39339 1
39337 39341 1
39337 39351 1
39338 39345 1
39341 39342 1
39343 39361 1
39346 39348 1
39346 39357 1
39347 39353 1
39348 39349 1
39349 39350 1
39350 39352 1
39352 46690 1
39353 39356 1
39355 39358 1
39357 39363 1
39359 39362 1
39360 39365 1
39360 46690 1
39362 39370 1
39363 39364 1
39363 39366 1
39365 39367 1
39366 39367 1
39373 39375 1
39374 46734 1
39375 39376 1
39377 39379 1
39377 39382 1
39379 39382 1
39380 39381 1
39383 39384 1
39383 39387 1
39384 39386 1
39385 39387 1
39385 39391 1
39388 39389 1
39389 39390 1
39390 39391 1
39392 39402 1
39393 39400 1
39393 39405 1
39394 39430 1
39395 39427 1
39395 39430 1
39396 39397 1
39396 39427 1
39397 39398 1
39398 39399 1
39399 39404 1
39400 39431 1
39400 39432 1
39401 39403 1
39401 39409 1
39402 39432 1
39403 39408 1
39404 39406 1
39405 39407 1
39406 39410 1
39406 39426 1
39407 39426 1
39408 39428 1
39409 39410 1
39409 39413 1
39410 39413 1
39410 39426 1
39411 39429 1
39411 39433 1
39412 39414 1
39412 39428 1
39413 39416 1
39414 39417 1
39415 39418 1
39415 39419 1
39416 39423 1
39417 39419 1
39418 39420 1
39420 39421 1
39421 39422 1
39422 39425 1
39423 39424 1
39427 39447 1
39431 39432 1
39431 39433 1
39434 39446 1
39435 39436 1
39435 39437 1
39435 39472 1
39436 39437 1
39436 39439 1
39437 39438 1
39438 39443 1
39438 39448 1
39439 39467 1
39440 39442 1
39441 39442 1
39441 39467 1
39443 39464 1
39444 39445 1
39444 39463 1
39445 39447 1
39446 39454 1
39447 39449 1
39449 39450 1
39450 39451 1
39451 39452 1
39452 39453 1
39453 39455 1
39454 39462 1
39455 39456 1
39456 39457 1
39457 39458 1
39458 39459 1
39459 39465 1
39460 39461 1
39460 39465 1
39461 39466 1
39462 39469 1
39463 39468 1
39464 39468 1
39469 39470 1
39470 39471 1
39471 39472 1
39473 39481 1
39474 39485 1
39474 39498 1
39475 39484 1
39475 39490 1
39475 39492 1
39476 39484 1
39476 39497 1
39477 39496 1
39478 39480 1
39478 39491 1
39478 39497 1
39479 39489 1
39479 39490 1
39480 39483 1
39481 39489 1
39482 39487 1
39483 39499 1
39485 39494 1
39485 39504 1
39486 39505 1
39486 39506 1
39487 39488 1
39487 39492 1
39490 39492 1
39491 39493 1
39491 39497 1
39493 39506 1
39494 39502 1
39494 39504 1
39498 39500 1
39500 39501 1
39502 39503 1
39504 39505 1
39507 39508 1
39508 39517 1
39509 39510 1
39509 39511 1
39509 39518 1
39510 39511 1
39510 39519 1
39511 39519 1
39512 39513 1
39512 39520 1
39513 39514 1
39514 39515 1
39514 39521 1
39515 39516 1
39516 39556 1
39517 39518 1
39519 39520 1
39521 39531 1
39522 39523 1
39522 39562 1
39523 39546 1
39524 39525 1
39524 39556 1
39525 39526 1
39526 39532 1
39527 39528 1
39527 39532 1
39528 39529 1
39529 39530 1
39530 39551 1
39530 39554 1
39531 39540 1
39533 39534 1
39533 39547 1
39534 39535 1
39535 39536 1
39536 39537 1
39537 39538 1
39538 39539 1
39539 39541 1
39539 39542 1
39540 39549 1
39541 39542 1
39542 39543 1
39543 39550 1
39544 39545 1
39544 39550 1
39545 39546 1
39547 39548 1
39549 39560 1
39551 39552 1
39551 39554 1
39552 39553 1
39553 39555 1
39554 39557 1
39555 39558 1
39557 39559 1
39560 39561 1
39561 39562 1
39563 39564 1
39564 39574 1
39565 39582 1
39566 39567 1
39566 39581 1
39567 39568 1
39568 39587 1
39569 39570 1
39569 39588 1
39570 39585 1
39571 39573 1
39571 39576 1
39571 39587 1
39572 39585 1
39572 39586 1
39573 39575 1
39573 39576 1
39574 39583 1
39575 39580 1
39576 39579 1
39577 39578 1
39577 39588 1
39577 39589 1
39578 39630 1
39579 39631 1
39580 39586 1
39581 39584 1
39582 39588 1
39583 39593 1
39584 39622 1
39588 39589 1
39590 39591 1
39591 39594 1
39592 39594 1
39592 39595 1
39593 39612 1
39595 39596 1
39596 39598 1
39597 39598 1
39597 39626 1
39599 39623 1
39599 39625 1
39600 39602 1
39600 39613 1
39601 39604 1
39601 39618 1
39602 39604 1
39602 39623 1
39603 39612 1
39603 39622 1
39604 39623 1
39605 39606 1
39606 39608 1
39606 39630 1
39607 39608 1
39607 39609 1
39607 39611 1
39608 39611 1
39608 39630 1
39609 39610 1
39610 39613 1
39611 39614 1
39614 39615 1
39615 39617 1
39616 39631 1
39617 39619 1
39618 39620 1
39619 39621 1
39620 39632 1
39621 39624 1
39624 39627 1
39625 39626 1
39627 39628 1
39628 39629 1
39629 39641 1
39633 39634 1
39633 39636 1
39634 39635 1
39636 39637 1
39637 39638 1
39638 39639 1
39639 39642 1
39640 39641 1
39640 39642 1
39643 39644 1
39644 39654 1
39645 39665 1
39645 39714 1
39646 39721 1
39647 39650 1
39647 39665 1
39647 39706 1
39648 39649 1
39648 39691 1
39649 39651 1
39649 39652 1
39650 39653 1
39651 39652 1
39651 39655 1
39652 39657 1
39653 39663 1
39654 39664 1
39655 39656 1
39656 39662 1
39656 39663 1
39657 39658 1
39658 39659 1
39659 39660 1
39660 39696 1
39661 39662 1
39661 39674 1
39664 39673 1
39666 39677 1
39667 39671 1
39667 39689 1
39668 39669 1
39668 39670 1
39669 39671 1
39670 39672 1
39673 39683 1
39674 39675 1
39674 39680 1
39675 39676 1
39675 39680 1
39676 39678 1
39677 39679 1
39678 39679 1
39680 39681 1
39681 39682 1
39682 39684 1
39683 39714 1
39684 39685 1
39685 39688 1
39686 39690 1
39686 39695 1
39687 39688 1
39687 39690 1
39688 39689 1
39691 39692 1
39692 39693 1
39693 39694 1
39695 39697 1
39696 39699 1
39697 39698 1
39698 39700 1
39699 39702 1
39700 39701 1
39700 39703 1
39701 39705 1
39702 39704 1
39703 39708 1
39704 39707 1
39705 39709 1
39707 39710 1
39708 39716 1
39709 39715 1
39710 39711 1
39711 39712 1
39712 39713 1
39713 39717 1
39715 39718 1
39718 39719 1
39719 39720 1
39720 39721 1
39722 39725 1
39722 39726 1
39723 39726 1
39723 39727 1
39724 39738 1
39725 39743 1
39727 39729 1
39728 39733 1
39728 39737 1
39729 39730 1
39730 39734 1
39731 39740 1
39731 39743 1
39732 39734 1
39732 39739 1
39733 39736 1
39735 39736 1
39735 39739 1
39737 39738 1
39738 39744 1
39740 39741 1
39741 39742 1
39745 39746 1
39745 39756 1
39745 39758 1
39745 39760 1
39746 39784 1
39747 39749 1
39747 39764 1
39748 39749 1
39748 39765 1
39749 39752 1
39749 39754 1
39750 39751 1
39751 39755 1
39752 39753 1
39752 39754 1
39753 39787 1
39754 39756 1
39754 39757 1
39754 39758 1
39755 39757 1
39756 39757 1
39757 39758 1
39759 39761 1
39760 39768 1
39761 39762 1
39762 39781 1
39763 39764 1
39763 39781 1
39765 39769 1
39766 39767 1
39766 39783 1
39767 39770 1
39769 39783 1
39770 39780 1
39771 39782 1
39772 39773 1
39772 39782 1
39773 39785 1
39774 39775 1
39774 39776 1
39775 39780 1
39776 39779 1
39777 39786 1
39777 39795 1
39778 39786 1
39778 39792 1
39778 39793 1
39778 39794 1
39779 39785 1
39784 39789 1
39786 39795 1
39787 39788 1
39788 39790 1
39789 39797 1
39790 39791 1
39791 39794 1
39792 39793 1
39792 39794 1
39795 39798 1
39796 39798 1
39799 39800 1
39799 39805 1
39800 39813 1
39801 39815 1
39801 39816 1
39802 39804 1
39802 39813 1
39802 39816 1
39803 39815 1
39804 39817 1
39806 39811 1
39806 39812 1
39808 39809 1
39808 39810 1
39809 39819 1
39810 39811 1
39813 39816 1
39815 39816 1
39817 39818 1
39818 39819 1
39820 39821 1
39820 41385 1
39821 39933 1
39822 39981 1
39822 39982 1
39823 39824 1
39823 39971 1
39824 39825 1
39825 39826 1
39826 39834 1
39827 39834 1
39827 39835 1
39828 39829 1
39828 39943 1
39828 39948 1
39828 39980 1
39828 39984 1
39829 39832 1
39830 39831 1
39830 39833 1
39830 39836 1
39830 39877 1
39830 39946 1
39831 39832 1
39831 39948 1
39832 39863 1
39833 39851 1
39833 39877 1
39833 39948 1
39835 39986 1
39836 39946 1
39837 39849 1
39837 39964 1
39838 39842 1
39838 39844 1
39838 39914 1
39838 39915 1
39839 39846 1
39839 39854 1
39840 39841 1
39840 39854 1
39841 39843 1
39842 39846 1
39843 39845 1
39844 39847 1
39846 39892 1
39846 39939 1
39846 39940 1
39846 39942 1
39846 41560 1
39847 39940 1
39848 39849 1
39848 39853 1
39848 39950 1
39849 39854 1
39849 39950 1
39850 39852 1
39850 39963 1
39851 39854 1
39852 39854 1
39852 39855 1
39853 39866 1
39853 39911 1
39853 39948 1
39854 39856 1
39854 39911 1
39855 39935 1
39856 39918 1
39857 39865 1
39858 39859 1
39858 39870 1
39858 39878 1
39859 39860 1
39859 39870 1
39859 39936 1
39860 39879 1
39861 39862 1
39861 39895 1
39861 39920 1
39861 39928 1
39862 39864 1
39862 39895 1
39862 39928 1
39863 39866 1
39864 39910 1
39864 39913 1
39864 39936 1
39865 39866 1
39865 39868 1
39865 39869 1
39865 39870 1
39865 39909 1
39865 39910 1
39865 39913 1
39866 39869 1
39867 39884 1
39867 39898 1
39867 39940 1
39867 39958 1
39867 39961 1
39868 39870 1
39868 39914 1
39868 39936 1
39869 39909 1
39869 39911 1
39871 39882 1
39871 39888 1
39872 39873 1
39872 39894 1
39873 39874 1
39874 39876 1
39875 39880 1
39876 39895 1
39878 39880 1
39879 39895 1
39881 39883 1
39881 39888 1
39882 39900 1
39883 39894 1
39884 39893 1
39885 39905 1
39885 39970 1
39886 39887 1
39886 39897 1
39887 39901 1
39889 39890 1
39889 39891 1
39889 39892 1
39889 39912 1
39890 39891 1
39890 39892 1
39890 39927 1
39890 39929 1
39890 39930 1
39890 41428 1
39890 41429 1
39890 41436 1
39891 39892 1
39891 39942 1
39891 41432 1
39893 39907 1
39895 39896 1
39897 39922 1
39897 41517 1
39898 39919 1
39899 39929 1
39899 41517 1
39900 39903 1
39900 39904 1
39901 39902 1
39902 39906 1
39903 39904 1
39903 39906 1
39904 39905 1
39907 39916 1
39908 39910 1
39908 39912 1
39909 39914 1
39909 39915 1
39910 39913 1
39910 39928 1
39910 39936 1
39911 39915 1
39912 39928 1
39912 39930 1
39913 39917 1
39913 39936 1
39914 39915 1
39914 39917 1
39916 41389 1
39919 39923 1
39920 39925 1
39920 39928 1
39920 39930 1
39921 39922 1
39921 39934 1
39922 39924 1
39923 39977 1
39924 39925 1
39925 39926 1
39925 39928 1
39926 39927 1
39926 39930 1
39927 39929 1
39927 39930 1
39927 41428 1
39929 39930 1
39929 41428 1
39930 39931 1
39930 41428 1
39931 39932 1
39932 41428 1
39933 39973 1
39937 39969 1
39937 41557 1
39938 39969 1
39938 41555 1
39939 39941 1
39940 39962 1
39942 41560 1
39943 39944 1
39944 39985 1
39945 39946 1
39945 39947 1
39945 39983 1
39946 39947 1
39946 39948 1
39947 39949 1
39947 39954 1
39949 39952 1
39950 39951 1
39951 39953 1
39952 39954 1
39952 39973 1
39953 39959 1
39954 39958 1
39954 39976 1
39955 39960 1
39956 39978 1
39956 39982 1
39956 41386 1
39957 39976 1
39958 39976 1
39959 39960 1
39959 39963 1
39959 39964 1
39959 39976 1
39960 39964 1
39965 39966 1
39965 41670 1
39966 39968 1
39967 39968 1
39967 41673 1
39968 39970 1
39969 39972 1
39971 41241 1
39972 39974 1
39974 39975 1
39975 39976 1
39977 41581 1
39978 39982 1
39979 39980 1
39979 39986 1
39980 39981 1
39981 39983 1
39987 39990 1
39987 43189 1
39988 39989 1
39988 39990 1
39991 39995 1
39991 45232 1
39992 39993 1
39992 40008 1
39993 40012 1
39994 40003 1
39994 40009 1
39995 39996 1
39996 39997 1
39997 39998 1
39998 39999 1
39999 40000 1
40000 40001 1
40001 40002 1
40002 40004 1
40003 40005 1
40004 40007 1
40005 40007 1
40005 40008 1
40006 40013 1
40006 45236 1
40007 40008 1
40009 40024 1
40010 40011 1
40010 40015 1
40010 40021 1
40011 40012 1
40011 40015 1
40011 40021 1
40012 40016 1
40013 40019 1
40014 40015 1
40014 40669 1
40016 40017 1
40017 40018 1
40018 40020 1
40019 40024 1
40020 40022 1
40021 40628 1
40022 40023 1
40023 40025 1
40025 40026 1
40026 40028 1
40027 40030 1
40028 40029 1
40030 40635 1
40031 40032 1
40032 40039 1
40033 40037 1
40033 40702 1
40034 40035 1
40034 40038 1
40035 40061 1
40036 40059 1
40036 40060 1
40037 40061 1
40038 40060 1
40039 40042 1
40040 40041 1
40040 40750 1
40041 40047 1
40042 40048 1
40043 40045 1
40043 40047 1
40044 40045 1
40044 40046 1
40044 40759 1
40045 40046 1
40046 40057 1
40048 40054 1
40049 40050 1
40049 40764 1
40050 40051 1
40051 40053 1
40052 40055 1
40052 40766 1
40053 40056 1
40054 40058 1
40055 40056 1
40057 40787 1
40058 40059 1
40062 40085 1
40062 40086 1
40063 40065 1
40063 40084 1
40063 40085 1
40064 40066 1
40064 40069 1
40065 40067 1
40066 40068 1
40067 40070 1
40068 40072 1
40069 40081 1
40069 40086 1
40070 40071 1
40071 43202 1
40072 40073 1
40073 44443 1
40074 40075 1
40074 40076 1
40074 40083 1
40075 40076 1
40076 40077 1
40077 40078 1
40078 40079 1
40079 40082 1
40080 40081 1
40080 44505 1
40082 40084 1
40082 40085 1
40084 40085 1
40087 40092 1
40087 40191 1
40087 40193 1
40087 40195 1
40087 40198 1
40087 40202 1
40088 40100 1
40088 40167 1
40089 40090 1
40089 40199 1
40090 40092 1
40091 40094 1
40091 40097 1
40091 40198 1
40091 40202 1
40092 40098 1
40093 40102 1
40093 40200 1
40094 40095 1
40095 40096 1
40095 40201 1
40096 40174 1
40097 40099 1
40097 40198 1
40097 40202 1
40098 40101 1
40099 40104 1
40100 40116 1
40101 40103 1
40102 40130 1
40103 40106 1
40104 40105 1
40105 40109 1
40106 40107 1
40107 40108 1
40108 40110 1
40109 40111 1
40110 40133 1
40111 40132 1
40112 40143 1
40112 40181 1
40113 40114 1
40114 40115 1
40115 40117 1
40116 40148 1
40117 40118 1
40118 40172 1
40119 40120 1
40120 40121 1
40121 40123 1
40122 40168 1
40123 40124 1
40124 40125 1
40125 40126 1
40126 40127 1
40127 40128 1
40128 40129 1
40129 40168 1
40130 40189 1
40131 40156 1
40132 40135 1
40133 40134 1
40134 40136 1
40135 40138 1
40136 40137 1
40137 40139 1
40138 40140 1
40139 40151 1
40140 40153 1
40141 40142 1
40141 40165 1
40142 40150 1
40143 40183 1
40144 40146 1
40145 40146 1
40145 40149 1
40146 40147 1
40148 40185 1
40149 40150 1
40151 40154 1
40152 40154 1
40152 40155 1
40153 40158 1
40155 40157 1
40156 40158 1
40157 40159 1
40158 40159 1
40158 40160 1
40159 40164 1
40160 40161 1
40161 40162 1
40162 40163 1
40163 40165 1
40166 40169 1
40166 40181 1
40167 40168 1
40170 40171 1
40171 40175 1
40172 40173 1
40173 40179 1
40174 40180 1
40175 40177 1
40176 40178 1
40176 40179 1
40177 40180 1
40178 40182 1
40181 40187 1
40182 40201 1
40183 40184 1
40184 40188 1
40185 40191 1
40186 40192 1
40186 40201 1
40187 40200 1
40188 40190 1
40189 40195 1
40190 40194 1
40190 40197 1
40191 40193 1
40191 40198 1
40191 40202 1
40192 40193 1
40193 40198 1
40193 40202 1
40194 40197 1
40196 40197 1
40196 40199 1
40198 40202 1
40203 40206 1
40203 44472 1
40204 40205 1
40204 40206 1
40207 40264 1
40207 44332 1
40208 40223 1
40208 40318 1
40209 40210 1
40209 40362 1
40210 40211 1
40211 40212 1
40212 40213 1
40213 40214 1
40214 40216 1
40215 40321 1
40215 40322 1
40216 40245 1
40217 40234 1
40217 46115 1
40218 40219 1
40218 40220 1
40219 40224 1
40220 40221 1
40221 40238 1
40222 40224 1
40222 40233 1
40223 40237 1
40225 40226 1
40225 40239 1
40226 40228 1
40227 40230 1
40227 40236 1
40228 40229 1
40229 40235 1
40230 40261 1
40231 40237 1
40231 40321 1
40232 40235 1
40232 40241 1
40233 40234 1
40236 40353 1
40238 40342 1
40239 40342 1
40240 40303 1
40240 40323 1
40240 40356 1
40241 40262 1
40242 40243 1
40242 40261 1
40243 40263 1
40244 40248 1
40244 40262 1
40245 40250 1
40246 40251 1
40246 40263 1
40247 40303 1
40247 40320 1
40248 40249 1
40249 40253 1
40250 40254 1
40251 40252 1
40252 40257 1
40253 40256 1
40254 40259 1
40255 40303 1
40255 40314 1
40255 40323 1
40256 40258 1
40257 40268 1
40258 40277 1
40259 40266 1
40260 40265 1
40260 40295 1
40264 40335 1
40265 40269 1
40266 40267 1
40267 40271 1
40268 40273 1
40269 40278 1
40270 40272 1
40270 40277 1
40271 40274 1
40272 40274 1
40273 40276 1
40274 40275 1
40275 40276 1
40276 40280 1
40276 40281 1
40278 40334 1
40279 40330 1
40279 40333 1
40280 40284 1
40281 40282 1
40282 40285 1
40283 40329 1
40283 40330 1
40284 40288 1
40285 40286 1
40286 40287 1
40287 40290 1
40288 40289 1
40289 40292 1
40290 40291 1
40291 40299 1
40292 40297 1
40293 40294 1
40293 40315 1
40293 40326 1
40294 40328 1
40295 40296 1
40296 40323 1
40297 40298 1
40298 40307 1
40298 40316 1
40299 40302 1
40300 40301 1
40300 40316 1
40301 40304 1
40302 40306 1
40303 40323 1
40304 40305 1
40305 44783 1
40306 40308 1
40307 40313 1
40308 40310 1
40309 40312 1
40309 40324 1
40310 40356 1
40311 40318 1
40311 40344 1
40312 40314 1
40313 44805 1
40315 40326 1
40317 40327 1
40317 40339 1
40319 40322 1
40319 40351 1
40320 40351 1
40322 40351 1
40324 40325 1
40325 40326 1
40327 46211 1
40328 40329 1
40331 40332 1
40331 40333 1
40332 44359 1
40334 40336 1
40335 40357 1
40336 40337 1
40337 40338 1
40338 42724 1
40339 40340 1
40340 40341 1
40341 40343 1
40342 40346 1
40342 40347 1
40343 40345 1
40344 44759 1
40345 40347 1
40346 40348 1
40348 40349 1
40349 40350 1
40350 40359 1
40352 40353 1
40352 40359 1
40353 40354 1
40353 40358 1
40354 40355 1
40355 40357 1
40358 40360 1
40360 40361 1
40361 44349 1
40362 46142 1
40363 40372 1
40364 40365 1
40364 40373 1
40365 40366 1
40366 40367 1
40367 40368 1
40368 40369 1
40369 44551 1
40370 40371 1
40370 40373 1
40372 44545 1
40374 40375 1
40374 40388 1
40375 40376 1
40376 40378 1
40377 40379 1
40377 40380 1
40377 40381 1
40378 40379 1
40380 40381 1
40380 40387 1
40381 40382 1
40382 40383 1
40383 40386 1
40384 40385 1
40384 40573 1
40385 40386 1
40388 42976 1
40389 40396 1
40389 40589 1
40390 40391 1
40390 40394 1
40391 40396 1
40391 40397 1
40392 40394 1
40392 40395 1
40393 40395 1
40393 40512 1
40396 40397 1
40398 40543 1
40398 40550 1
40399 40400 1
40399 40421 1
40400 40402 1
40401 40404 1
40401 40419 1
40402 40403 1
40404 40405 1
40405 40407 1
40406 40418 1
40406 40419 1
40406 40550 1
40407 40408 1
40408 40409 1
40409 40412 1
40410 40419 1
40410 40420 1
40411 40413 1
40411 40505 1
40412 40415 1
40413 40414 1
40414 40416 1
40415 40416 1
40415 40562 1
40416 40417 1
40417 40594 1
40418 40419 1
40420 40421 1
40422 40423 1
40422 40424 1
40423 40431 1
40424 40425 1
40425 40426 1
40426 40427 1
40427 41525 1
40428 40429 1
40428 40435 1
40429 40432 1
40430 40433 1
40430 40434 1
40431 40432 1
40433 40437 1
40434 40435 1
40436 40441 1
40436 40551 1
40437 40442 1
40438 40439 1
40438 40534 1
40439 40442 1
40440 40441 1
40440 40537 1
40443 40449 1
40443 41284 1
40444 40445 1
40444 40463 1
40445 40446 1
40446 40447 1
40447 40448 1
40448 40450 1
40449 40462 1
40450 40451 1
40451 40452 1
40452 40453 1
40453 40454 1
40454 40455 1
40454 40456 1
40455 40456 1
40455 40499 1
40456 40461 1
40457 40458 1
40457 40461 1
40458 40459 1
40459 40460 1
40460 40578 1
40462 40463 1
40464 40469 1
40464 40515 1
40465 40466 1
40465 40492 1
40466 40468 1
40467 40479 1
40467 40483 1
40468 40471 1
40468 40474 1
40469 40482 1
40470 40472 1
40470 40479 1
40471 40472 1
40471 40473 1
40472 40473 1
40473 40474 1
40474 40475 1
40475 40476 1
40476 40477 1
40477 40478 1
40478 40480 1
40480 40481 1
40481 40564 1
40482 40492 1
40483 40484 1
40484 40485 1
40485 40486 1
40486 40487 1
40487 40488 1
40488 40489 1
40489 40490 1
40490 40491 1
40491 40493 1
40493 40494 1
40494 40495 1
40495 41835 1
40496 40497 1
40496 40555 1
40497 40501 1
40498 40500 1
40498 40503 1
40499 40500 1
40501 40504 1
40502 40503 1
40502 40504 1
40505 40513 1
40506 40507 1
40506 40518 1
40507 40508 1
40508 40509 1
40509 40510 1
40510 40511 1
40511 40561 1
40512 40517 1
40513 40514 1
40513 40516 1
40514 40516 1
40514 40560 1
40515 40516 1
40517 40518 1
40519 40520 1
40519 40526 1
40519 40539 1
40520 40521 1
40521 40523 1
40522 40540 1
40523 40528 1
40524 40526 1
40524 40533 1
40525 40535 1
40526 40538 1
40527 40532 1
40528 40532 1
40529 40531 1
40529 40532 1
40530 40531 1
40533 40536 1
40534 40536 1
40534 40537 1
40535 40612 1
40536 40537 1
40538 40540 1
40541 40542 1
40541 40544 1
40541 40548 1
40542 40549 1
40543 40557 1
40544 40559 1
40545 40547 1
40545 40556 1
40546 40553 1
40546 40559 1
40547 40554 1
40548 40555 1
40549 40554 1
40551 40552 1
40552 40553 1
40556 40558 1
40557 40558 1
40560 40561 1
40562 40563 1
40564 53647 1
40564 53648 1
40564 53649 1
40564 53650 1
40564 53651 1
40565 40566 1
40565 40577 1
40566 40574 1
40567 40568 1
40567 40574 1
40568 40569 1
40569 40570 1
40570 40571 1
40571 40572 1
40572 40573 1
40575 40576 1
40575 53645 1
40575 53648 1
40575 53649 1
40575 53650 1
40575 53651 1
40575 53652 1
40576 40577 1
40578 40581 1
40579 40580 1
40579 40590 1
40580 40582 1
40581 40586 1
40582 40583 1
40583 40584 1
40584 40585 1
40585 40587 1
40586 40591 1
40587 40588 1
40588 40589 1
40590 40593 1
40591 40592 1
40592 40593 1
40594 40596 1
40595 40596 1
40595 40599 1
40596 40597 1
40597 40598 1
40600 40606 1
40600 40608 1
40601 40603 1
40601 40610 1
40602 40610 1
40602 40611 1
40603 40609 1
40604 40605 1
40604 41486 1
40605 40607 1
40605 41486 1
40605 41609 1
40606 40609 1
40607 40608 1
40611 40612 1
40613 40638 1
40613 40639 1
40614 40659 1
40614 40660 1
40614 40663 1
40615 40629 1
40615 40686 1
40616 40617 1
40616 46058 1
40617 40620 1
40618 40619 1
40618 45552 1
40619 40622 1
40620 40621 1
40621 40623 1
40622 40624 1
40623 40625 1
40624 40626 1
40625 40627 1
40626 40627 1
40627 40668 1
40628 40633 1
40629 40630 1
40630 40631 1
40631 40632 1
40632 40670 1
40633 40661 1
40634 40635 1
40634 40674 1
40636 40637 1
40636 40692 1
40637 40638 1
40639 40640 1
40640 40642 1
40641 40661 1
40641 45988 1
40642 40643 1
40643 40644 1
40644 40645 1
40645 40647 1
40646 40662 1
40646 40667 1
40647 40648 1
40649 40654 1
40649 40667 1
40650 40651 1
40650 40683 1
40650 40684 1
40651 40652 1
40652 40653 1
40653 40655 1
40654 40657 1
40655 40656 1
40656 40687 1
40657 40665 1
40658 40664 1
40658 40665 1
40659 40660 1
40659 40664 1
40661 40662 1
40663 40675 1
40664 40666 1
40668 40671 1
40670 40672 1
40671 40673 1
40672 40674 1
40673 40676 1
40674 40678 1
40675 40686 1
40676 40677 1
40677 40679 1
40678 40680 1
40679 40685 1
40680 40681 1
40681 40682 1
40682 40683 1
40684 40685 1
40687 40688 1
40688 40689 1
40689 40690 1
40690 40691 1
40691 40692 1
40693 40698 1
40693 41027 1
40694 40695 1
40694 40698 1
40695 40697 1
40695 40700 1
40696 40700 1
40697 40703 1
40699 41025 1
40699 41026 1
40701 40705 1
40701 40706 1
40702 40704 1
40703 40704 1
40704 40764 1
40706 40765 1
40707 40708 1
40707 40709 1
40707 40975 1
40708 40711 1
40709 40710 1
40710 40712 1
40711 40714 1
40712 40713 1
40713 40715 1
40714 40716 1
40715 40718 1
40716 40719 1
40717 40718 1
40717 40720 1
40719 40941 1
40720 40721 1
40721 40722 1
40722 41025 1
40723 41021 1
40724 40728 1
40724 40767 1
40725 40726 1
40725 40830 1
40726 40727 1
40727 40729 1
40728 40731 1
40728 40739 1
40729 40730 1
40730 40731 1
40731 40732 1
40731 40739 1
40732 40735 1
40732 40739 1
40733 40827 1
40733 40906 1
40734 40754 1
40734 40778 1
40734 41021 1
40735 40736 1
40736 40737 1
40737 40738 1
40738 40954 1
40740 40741 1
40741 40743 1
40742 40745 1
40743 40744 1
40744 40746 1
40745 40748 1
40746 40747 1
40747 40749 1
40748 41004 1
40749 40997 1
40750 40761 1
40751 40752 1
40751 40753 1
40751 40763 1
40752 40780 1
40753 40755 1
40753 40763 1
40754 40762 1
40755 40756 1
40756 40757 1
40757 40758 1
40758 40759 1
40760 40761 1
40760 40951 1
40762 40817 1
40765 40766 1
40766 40767 1
40768 40769 1
40768 40770 1
40768 41005 1
40768 41007 1
40769 40770 1
40769 40773 1
40769 41005 1
40769 41007 1
40770 40781 1
40770 41005 1
40770 41007 1
40771 40774 1
40771 40781 1
40772 40817 1
40772 53655 1
40773 40775 1
40774 40779 1
40775 40776 1
40776 40777 1
40777 40780 1
40778 40792 1
40778 41021 1
40779 40848 1
40782 40786 1
40783 40785 1
40783 52200 1
40784 40785 1
40785 41010 1
40786 41009 1
40787 40789 1
40788 40790 1
40788 40801 1
40789 40793 1
40790 40794 1
40791 40795 1
40791 40796 1
40791 40797 1
40791 40800 1
40791 40804 1
40793 40794 1
40793 40802 1
40793 40803 1
40795 40839 1
40796 40797 1
40796 40798 1
40796 40800 1
40796 40802 1
40796 40804 1
40797 40798 1
40797 40800 1
40797 40804 1
40797 40805 1
40798 40799 1
40798 40800 1
40798 40803 1
40799 40824 1
40800 40804 1
40800 40829 1
40801 40804 1
40802 40805 1
40806 40808 1
40806 40824 1
40807 40808 1
40807 40809 1
40807 40829 1
40808 40810 1
40808 43799 1
40809 40828 1
40810 40812 1
40811 40825 1
40811 40828 1
40812 40815 1
40813 40814 1
40813 40825 1
40814 40816 1
40815 40841 1
40816 40818 1
40818 40819 1
40819 40820 1
40820 40821 1
40821 40822 1
40822 40826 1
40823 40826 1
40823 40923 1
40830 40831 1
40831 40832 1
40832 40925 1
40833 40834 1
40833 44492 1
40834 40932 1
40835 40838 1
40835 40859 1
40836 40838 1
40836 40863 1
40837 40839 1
40837 40845 1
40840 40842 1
40840 40853 1
40841 40846 1
40842 40843 1
40842 40846 1
40843 40844 1
40844 40887 1
40845 40861 1
40847 40849 1
40848 40852 1
40849 40850 1
40850 40851 1
40851 40854 1
40852 40853 1
40853 40867 1
40854 40855 1
40855 40867 1
40856 40857 1
40856 40863 1
40857 40858 1
40858 40913 1
40859 40866 1
40860 40864 1
40860 40865 1
40860 40866 1
40861 40864 1
40862 40868 1
40862 40875 1
40865 40866 1
40868 40945 1
40869 40870 1
40869 40898 1
40870 40871 1
40870 40872 1
40870 40897 1
40871 40872 1
40871 40886 1
40872 40883 1
40873 40874 1
40873 40886 1
40874 40876 1
40875 40904 1
40876 40877 1
40877 40878 1
40878 40879 1
40879 40880 1
40880 40881 1
40881 40882 1
40882 40938 1
40883 40884 1
40884 40885 1
40885 40952 1
40887 40888 1
40888 40891 1
40889 40890 1
40889 40903 1
40890 40892 1
40891 40899 1
40892 40893 1
40893 40894 1
40894 40895 1
40895 40896 1
40896 40898 1
40897 40898 1
40897 40899 1
40900 40901 1
40900 40903 1
40901 40902 1
40902 40996 1
40903 40905 1
40904 40914 1
40906 40907 1
40907 40908 1
40908 40909 1
40909 40910 1
40910 40911 1
40911 40912 1
40912 40915 1
40913 40922 1
40914 40926 1
40915 40916 1
40915 40921 1
40916 40919 1
40916 40922 1
40917 40918 1
40917 41017 1
40918 40920 1
40919 40920 1
40923 40924 1
40924 40940 1
40925 40928 1
40926 40935 1
40927 40939 1
40927 40940 1
40928 40930 1
40929 40931 1
40929 40939 1
40930 40931 1
40930 40932 1
40930 40933 1
40932 40933 1
40933 40934 1
40934 40936 1
40935 40976 1
40936 40937 1
40937 40938 1
40941 40942 1
40942 40943 1
40943 40944 1
40944 40946 1
40945 41021 1
40946 40950 1
40947 40949 1
40947 40950 1
40948 40959 1
40948 40988 1
40949 40951 1
40952 40953 1
40953 43878 1
40954 40955 1
40955 40956 1
40956 40957 1
40957 40958 1
40958 44513 1
40959 40963 1
40960 40961 1
40960 41006 1
40961 40962 1
40962 40964 1
40963 40973 1
40964 40965 1
40965 40966 1
40966 40967 1
40967 40968 1
40968 40969 1
40969 40970 1
40970 40971 1
40971 40972 1
40972 40974 1
40973 40978 1
40974 40975 1
40976 40977 1
40977 40979 1
40978 40989 1
40979 40980 1
40980 40981 1
40981 40982 1
40982 40983 1
40983 40984 1
40984 40985 1
40985 40986 1
40986 40987 1
40987 40988 1
40989 40999 1
40990 40991 1
40990 41022 1
40991 40993 1
40992 40993 1
40992 40994 1
40992 40995 1
40993 40995 1
40994 40996 1
40997 41002 1
40998 41000 1
40998 41001 1
40999 41006 1
41000 41002 1
41001 41003 1
41003 41004 1
41004 41005 1
41005 41007 1
41007 41008 1
41008 41016 1
41009 41010 1
41010 41011 1
41011 41012 1
41012 41014 1
41012 41015 1
41012 41016 1
41013 41014 1
41014 41016 1
41017 41020 1
41018 41019 1
41018 41020 1
41019 43799 1
41019 43805 1
41022 41023 1
41023 43812 1
41024 41026 1
41024 41027 1
41028 41198 1
41028 45816 1
41029 41081 1
41029 41200 1
41030 41051 1
41030 45892 1
41031 41207 1
41031 41209 1
41032 41033 1
41032 41211 1
41033 41043 1
41034 41040 1
41034 41042 1
41034 41195 1
41035 41041 1
41035 41042 1
41036 41037 1
41036 41041 1
41037 41038 1
41037 43475 1
41038 41039 1
41039 43475 1
41040 41042 1
41043 41044 1
41044 41045 1
41045 41047 1
41046 41061 1
41046 41068 1
41047 41048 1
41048 41049 1
41049 41050 1
41050 41052 1
41051 41082 1
41052 41053 1
41053 41054 1
41054 41055 1
41055 41056 1
41056 41078 1
41057 41079 1
41057 41080 1
41057 41083 1
41057 41084 1
41058 41060 1
41059 41062 1
41059 41205 1
41060 41063 1
41062 41064 1
41063 41067 1
41064 41065 1
41065 41066 1
41066 41067 1
41067 41069 1
41068 41082 1
41069 41070 1
41070 41071 1
41071 41072 1
41072 41073 1
41073 41074 1
41074 41075 1
41075 41201 1
41075 41204 1
41076 41077 1
41076 41190 1
41077 41206 1
41078 41079 1
41080 41083 1
41080 41085 1
41081 41121 1
41082 41087 1
41083 41096 1
41084 41086 1
41085 41088 1
41086 41089 1
41087 41128 1
41087 41130 1
41088 41090 1
41089 41091 1
41090 41092 1
41091 41109 1
41092 41108 1
41093 41094 1
41093 41106 1
41094 41095 1
41095 43400 1
41096 41097 1
41097 41098 1
41098 41099 1
41099 41100 1
41100 41101 1
41101 41102 1
41102 41103 1
41103 41104 1
41104 41105 1
41105 41106 1
41107 41112 1
41108 41111 1
41109 41110 1
41110 41113 1
41111 41117 1
41112 51074 1
41113 41114 1
41114 41115 1
41115 41138 1
41116 51073 1
41116 51074 1
41117 41126 1
41118 41125 1
41118 41127 1
41119 41120 1
41119 41126 1
41120 41123 1
41121 41167 1
41122 41133 1
41122 41196 1
41123 41124 1
41124 41142 1
41125 41126 1
41127 43433 1
41128 41135 1
41129 41141 1
41129 45923 1
41130 41131 1
41131 41132 1
41132 41134 1
41133 46116 1
41134 41139 1
41135 41136 1
41136 41137 1
41137 41138 1
41139 41141 1
41140 41144 1
41140 41203 1
41142 41143 1
41143 41145 1
41144 41149 1
41145 41146 1
41146 41150 1
41147 41148 1
41147 43468 1
41148 41150 1
41149 41155 1
41150 41151 1
41151 41152 1
41152 41153 1
41153 41154 1
41154 41156 1
41155 41165 1
41156 41159 1
41156 41164 1
41157 41159 1
41157 41178 1
41158 41159 1
41158 41163 1
41159 41164 1
41160 41161 1
41160 41703 1
41161 41162 1
41162 41163 1
41164 41166 1
41165 41171 1
41166 41179 1
41167 41184 1
41168 41169 1
41168 45958 1
41169 41170 1
41170 41172 1
41171 41180 1
41172 41173 1
41173 41174 1
41174 41175 1
41175 41176 1
41176 41178 1
41177 41181 1
41177 45777 1
41179 41181 1
41180 41182 1
41182 41183 1
41183 41185 1
41183 41197 1
41183 41199 1
41184 41190 1
41185 41186 1
41185 41199 1
41186 41188 1
41187 41189 1
41187 41197 1
41188 41191 1
41189 41193 1
41191 41192 1
41192 41194 1
41193 41196 1
41194 41195 1
41197 41199 1
41198 41200 1
41201 41202 1
41201 41203 1
41202 41204 1
41204 41208 1
41204 41211 1
41205 51079 1
41206 41207 1
41208 41210 1
41209 41210 1
41212 41226 1
41212 41493 1
41213 41221 1
41213 41676 1
41214 41217 1
41214 41675 1
41215 41216 1
41215 41221 1
41216 41223 1
41217 41218 1
41218 41220 1
41219 41223 1
41219 41609 1
41220 41477 1
41222 41242 1
41222 41660 1
41224 41225 1
41224 43684 1
41225 41226 1
41227 41230 1
41227 41231 1
41227 41646 1
41227 41647 1
41228 41229 1
41228 41230 1
41230 41231 1
41230 41234 1
41231 41233 1
41232 41237 1
41232 41252 1
41233 41624 1
41234 41621 1
41235 41474 1
41235 41477 1
41236 41239 1
41236 41658 1
41237 41242 1
41238 41240 1
41238 41659 1
41239 41244 1
41240 41339 1
41241 41244 1
41242 41348 1
41243 41345 1
41243 41387 1
41245 41246 1
41245 41249 1
41246 41247 1
41247 41248 1
41248 41627 1
41249 41250 1
41250 41253 1
41251 41254 1
41251 41628 1
41252 41674 1
41253 41255 1
41254 41255 1
41254 41675 1
41254 41676 1
41255 41675 1
41255 41676 1
41256 41261 1
41256 45470 1
41257 41258 1
41257 41262 1
41258 41259 1
41259 41260 1
41259 41261 1
41260 41261 1
41260 45518 1
41262 41264 1
41263 41286 1
41263 41287 1
41263 41580 1
41264 41271 1
41265 41267 1
41265 41271 1
41266 41273 1
41266 41274 1
41267 41269 1
41268 41270 1
41268 41273 1
41269 41270 1
41270 41574 1
41272 41274 1
41275 41285 1
41275 41326 1
41276 41277 1
41276 41523 1
41277 41278 1
41278 41279 1
41279 41280 1
41280 41281 1
41281 41282 1
41282 41283 1
41283 41284 1
41285 41289 1
41286 41290 1
41287 41291 1
41288 41333 1
41289 41292 1
41290 41293 1
41291 41490 1
41292 41295 1
41293 41294 1
41294 41491 1
41295 41494 1
41296 41297 1
41296 43345 1
41297 41298 1
41298 41300 1
41299 41321 1
41299 41358 1
41300 41305 1
41300 41306 1
41300 41307 1
41301 41456 1
41301 43378 1
41302 41303 1
41302 41304 1
41302 41321 1
41304 41319 1
41305 41306 1
41305 41319 1
41306 41308 1
41307 41311 1
41307 41319 1
41308 41309 1
41309 41310 1
41310 41502 1
41311 41312 1
41312 41313 1
41313 41314 1
41314 41322 1
41315 41317 1
41315 41322 1
41316 41413 1
41316 43376 1
41317 41320 1
41318 41320 1
41318 41360 1
41323 41324 1
41323 41370 1
41324 41325 1
41325 41545 1
41326 41327 1
41327 41328 1
41328 41329 1
41328 41330 1
41328 41332 1
41329 41331 1
41330 41575 1
41331 41333 1
41332 41554 1
41334 41335 1
41334 41537 1
41335 41336 1
41336 41337 1
41337 41349 1
41338 41341 1
41338 41349 1
41339 41340 1
41340 41352 1
41341 41343 1
41341 41344 1
41341 41347 1
41342 41364 1
41342 41489 1
41343 41344 1
41343 41345 1
41343 41347 1
41343 41352 1
41344 41346 1
41345 41352 1
41346 41384 1
41347 41383 1
41348 41351 1
41350 41353 1
41350 41393 1
41351 41546 1
41353 41393 1
41353 41417 1
41354 41355 1
41354 43388 1
41355 41356 1
41355 41369 1
41356 41358 1
41357 41369 1
41357 41371 1
41359 41361 1
41359 41373 1
41360 41362 1
41361 41363 1
41362 41365 1
41363 41366 1
41364 41411 1
41365 41367 1
41366 41368 1
41367 41526 1
41368 41527 1
41370 41388 1
41371 41372 1
41372 41375 1
41373 41374 1
41374 41377 1
41375 41376 1
41376 41378 1
41377 41380 1
41378 41381 1
41379 41388 1
41379 41424 1
41380 41382 1
41381 41566 1
41382 41565 1
41383 41552 1
41384 41385 1
41386 41387 1
41389 41577 1
41390 41392 1
41390 41423 1
41391 41399 1
41391 41581 1
41392 41394 1
41393 41605 1
41394 41395 1
41395 41399 1
41396 41398 1
41397 41402 1
41397 41410 1
41398 41400 1
41399 41579 1
41399 41582 1
41400 41401 1
41401 41412 1
41402 41409 1
41403 41408 1
41404 41409 1
41404 41412 1
41405 41406 1
41405 41407 1
41406 41580 1
41407 41408 1
41410 41422 1
41410 41425 1
41411 41417 1
41413 41542 1
41414 41424 1
41414 43209 1
41415 41418 1
41415 41564 1
41416 41419 1
41416 41422 1
41416 41435 1
41418 41420 1
41419 41421 1
41420 41423 1
41421 41453 1
41422 41425 1
41426 41427 1
41426 41473 1
41427 41459 1
41428 41430 1
41429 41430 1
41429 41436 1
41429 41517 1
41430 41431 1
41431 41441 1
41432 41433 1
41433 41434 1
41434 41435 1
41437 41452 1
41437 41457 1
41438 41439 1
41438 41455 1
41439 41440 1
41440 41451 1
41441 41449 1
41442 41450 1
41442 41451 1
41443 41449 1
41443 41450 1
41444 41445 1
41444 41453 1
41445 41446 1
41446 41447 1
41447 41448 1
41448 41454 1
41452 41455 1
41456 41475 1
41457 41460 1
41458 41460 1
41458 41461 1
41459 41461 1
41462 41464 1
41462 41543 1
41463 41485 1
41464 41465 1
41465 41466 1
41466 41467 1
41467 41468 1
41468 41469 1
41469 41470 1
41470 41471 1
41471 41472 1
41472 41518 1
41473 41488 1
41474 41488 1
41475 41489 1
41476 41478 1
41476 41488 1
41478 41479 1
41479 41480 1
41480 41481 1
41481 41482 1
41482 41483 1
41483 41484 1
41484 41487 1
41485 41504 1
41486 41487 1
41490 41492 1
41491 41495 1
41492 41500 1
41493 41576 1
41493 41633 1
41494 41496 1
41495 41497 1
41496 41498 1
41497 41499 1
41498 43242 1
41499 41501 1
41500 41502 1
41501 41503 1
41503 41506 1
41504 41505 1
41505 41509 1
41506 41507 1
41507 41508 1
41508 41516 1
41509 41524 1
41510 41511 1
41510 41516 1
41511 41512 1
41512 41513 1
41513 41514 1
41514 41515 1
41514 41526 1
41514 41528 1
41515 41528 1
41515 41533 1
41515 41534 1
41518 41519 1
41519 41520 1
41520 41521 1
41521 41522 1
41522 41523 1
41522 41525 1
41524 41529 1
41526 41527 1
41526 41528 1
41527 41530 1
41528 41532 1
41529 41537 1
41530 41531 1
41531 41536 1
41531 41544 1
41532 41533 1
41533 41535 1
41533 41544 1
41534 41535 1
41535 41544 1
41536 41538 1
41536 41544 1
41538 41539 1
41539 41540 1
41540 41541 1
41541 41543 1
41542 41576 1
41545 41547 1
41546 41548 1
41547 41559 1
41548 41558 1
41549 41550 1
41549 41559 1
41550 41553 1
41551 41552 1
41551 41553 1
41551 41555 1
41551 41558 1
41553 41554 1
41553 41556 1
41554 41578 1
41556 41557 1
41560 41561 1
41561 41562 1
41562 41563 1
41563 41564 1
41565 41567 1
41566 41568 1
41567 41569 1
41568 41570 1
41569 41570 1
41570 41571 1
41571 41572 1
41572 41573 1
41573 41574 1
41575 41577 1
41575 41578 1
41576 41633 1
41577 41578 1
41578 41579 1
41578 41580 1
41579 41580 1
41580 41582 1
41583 41585 1
41584 41586 1
41584 41608 1
41585 41589 1
41586 41600 1
41586 41601 1
41586 41608 1
41587 41604 1
41587 41608 1
41588 41591 1
41588 41615 1
41589 41594 1
41590 41603 1
41590 41607 1
41591 41592 1
41592 41597 1
41592 41599 1
41593 41595 1
41593 41596 1
41593 41603 1
41594 41597 1
41594 41599 1
41595 41603 1
41595 41606 1
41596 41599 1
41597 41599 1
41597 41602 1
41598 41606 1
41598 41648 1
41600 41601 1
41601 41607 1
41602 41649 1
41605 41639 1
41610 41611 1
41611 41612 1
41612 41613 1
41613 41614 1
41614 41615 1
41616 41617 1
41617 41618 1
41618 41619 1
41619 41620 1
41620 41621 1
41622 41623 1
41623 41626 1
41624 41625 1
41625 41627 1
41626 41628 1
41629 41630 1
41629 41661 1
41630 41632 1
41631 41632 1
41631 41634 1
41634 41635 1
41635 41636 1
41636 41638 1
41637 41638 1
41637 41641 1
41638 41643 1
41639 41651 1
41640 41644 1
41640 41663 1
41641 41642 1
41643 41646 1
41644 41645 1
41645 41647 1
41646 41647 1
41648 41650 1
41649 41653 1
41650 41652 1
41651 41660 1
41652 41654 1
41653 41655 1
41654 41656 1
41655 41659 1
41656 41657 1
41657 41658 1
41661 41662 1
41662 41664 1
41663 41666 1
41664 41665 1
41665 41668 1
41666 41667 1
41667 41669 1
41668 41670 1
41669 41671 1
41671 41672 1
41672 41673 1
41677 41759 1
41677 41771 1
41678 41679 1
41678 41792 1
41679 41680 1
41680 41681 1
41681 41683 1
41682 41709 1
41682 41771 1
41683 41684 1
41684 41685 1
41685 41686 1
41686 41778 1
41687 41694 1
41687 41698 1
41688 41689 1
41688 41694 1
41689 41690 1
41690 41782 1
41691 41692 1
41691 41783 1
41692 44561 1
41693 41709 1
41693 41753 1
41695 41696 1
41695 41765 1
41695 41766 1
41695 41770 1
41696 44686 1
41697 41698 1
41697 44683 1
41699 41717 1
41699 43452 1
41700 41701 1
41700 41703 1
41701 41702 1
41701 41703 1
41702 41704 1
41704 41721 1
41705 41716 1
41705 41719 1
41706 41707 1
41706 44740 1
41707 41711 1
41708 41710 1
41708 41714 1
41710 41713 1
41711 41712 1
41711 41715 1
41712 41714 1
41713 41718 1
41714 41715 1
41716 41717 1
41718 41742 1
41719 41720 1
41720 41726 1
41721 41722 1
41722 41724 1
41723 41728 1
41723 41754 1
41724 41725 1
41725 41727 1
41726 41729 1
41727 41731 1
41728 41734 1
41729 41732 1
41730 41732 1
41730 41742 1
41731 41735 1
41732 41733 1
41733 41736 1
41733 41743 1
41734 41737 1
41735 41738 1
41736 41740 1
41736 41744 1
41737 41745 1
41738 41739 1
41739 41741 1
41740 41741 1
41740 41744 1
41743 41746 1
41744 41747 1
41745 41751 1
41746 41758 1
41747 41748 1
41748 41760 1
41749 41752 1
41749 44799 1
41750 41753 1
41750 41760 1
41751 41757 1
41752 41769 1
41754 41755 1
41755 41756 1
41756 41758 1
41757 41761 1
41759 41784 1
41761 41762 1
41761 41776 1
41761 41777 1
41762 41763 1
41763 41775 1
41764 41768 1
41764 41776 1
41765 41766 1
41765 41775 1
41766 41770 1
41767 41768 1
41767 41769 1
41770 41772 1
41772 41777 1
41773 41774 1
41773 41777 1
41774 44029 1
41778 41779 1
41779 41780 1
41780 41781 1
41780 41782 1
41780 41783 1
41781 41782 1
41781 41783 1
41781 41786 1
41782 41783 1
41784 41789 1
41785 41786 1
41785 41788 1
41785 41789 1
41786 41787 1
41786 41789 1
41787 41788 1
41787 41789 1
41790 41791 1
41790 45706 1
41791 41792 1
41793 41803 1
41793 42027 1
41794 41795 1
41794 41813 1
41795 41796 1
41796 41797 1
41797 41798 1
41798 41799 1
41799 41800 1
41800 41801 1
41801 41802 1
41802 41804 1
41803 41812 1
41804 41809 1
41805 41806 1
41805 41810 1
41806 41807 1
41807 41808 1
41808 41811 1
41809 41810 1
41811 41868 1
41812 41813 1
41814 41825 1
41814 41832 1
41815 41821 1
41815 41838 1
41816 41817 1
41816 41818 1
41817 41820 1
41818 41819 1
41819 41838 1
41820 41831 1
41821 41824 1
41822 41823 1
41822 41831 1
41823 41833 1
41824 41829 1
41825 41826 1
41826 41827 1
41827 41828 1
41828 41830 1
41829 41832 1
41829 41837 1
41830 41874 1
41833 41834 1
41834 41835 1
41836 41837 1
41839 41843 1
41839 42002 1
41840 41841 1
41840 41843 1
41841 41842 1
41841 53654 1
41844 41845 1
41844 41847 1
41845 41853 1
41846 41847 1
41847 41849 1
41848 41849 1
41848 41850 1
41848 41851 1
41848 41855 1
41848 41883 1
41850 41855 1
41851 41854 1
41851 41862 1
41852 41862 1
41854 41856 1
41855 41860 1
41856 41857 1
41857 41859 1
41858 41859 1
41858 41861 1
41860 41882 1
41863 41864 1
41863 41866 1
41863 41894 1
41864 41865 1
41865 41867 1
41866 41870 1
41867 41869 1
41868 41883 1
41869 41871 1
41870 41873 1
41871 41872 1
41872 41874 1
41873 41875 1
41875 41876 1
41876 41880 1
41877 41880 1
41877 41881 1
41878 41879 1
41878 41908 1
41879 41881 1
41882 41884 1
41884 41885 1
41885 41886 1
41886 41887 1
41887 41888 1
41888 41889 1
41889 41890 1
41890 41891 1
41891 41892 1
41892 41893 1
41893 41894 1
41895 41896 1
41895 41900 1
41895 41901 1
41896 41897 1
41896 41900 1
41897 41912 1
41898 41899 1
41899 41910 1
41900 41931 1
41901 41902 1
41902 41905 1
41903 41906 1
41903 41931 1
41904 41920 1
41904 41922 1
41905 41933 1
41906 41907 1
41907 41936 1
41908 41911 1
41909 41911 1
41909 41920 1
41910 41918 1
41912 41913 1
41913 41919 1
41914 41915 1
41914 41919 1
41915 41916 1
41916 41917 1
41917 41999 1
41918 41921 1
41921 41927 1
41922 41936 1
41923 41924 1
41923 41939 1
41924 41925 1
41925 41926 1
41926 41928 1
41927 41937 1
41928 41929 1
41929 41930 1
41930 41932 1
41932 41937 1
41933 41934 1
41934 41935 1
41936 41938 1
41938 41939 1
41940 41948 1
41940 41982 1
41941 41942 1
41941 41964 1
41942 41943 1
41943 41944 1
41944 41945 1
41945 41950 1
41946 41947 1
41946 41952 1
41947 41949 1
41948 41961 1
41949 41953 1
41950 41951 1
41951 41952 1
41953 41954 1
41954 41955 1
41955 41959 1
41956 41957 1
41956 41959 1
41957 41962 1
41958 41960 1
41960 41962 1
41961 41963 1
41963 41964 1
41965 41986 1
41965 41993 1
41966 41983 1
41966 41985 1
41967 41968 1
41967 41998 1
41968 41969 1
41968 41985 1
41969 41970 1
41970 41972 1
41971 41984 1
41971 41996 1
41972 41973 1
41973 41974 1
41974 41975 1
41974 41976 1
41975 41977 1
41976 41977 1
41977 41978 1
41978 41980 1
41979 41987 1
41979 41988 1
41980 41981 1
41981 41982 1
41983 41995 1
41984 41995 1
41986 41987 1
41988 41997 1
41989 41990 1
41989 42043 1
41990 41992 1
41991 41993 1
41991 42045 1
41992 41994 1
41994 41996 1
41997 41998 1
41999 42004 1
42000 42001 1
42000 42009 1
42001 42002 1
42003 42004 1
42003 42005 1
42005 42006 1
42006 42007 1
42007 42008 1
42008 42009 1
42010 42028 1
42010 45510 1
42011 42012 1
42011 42013 1
42011 42014 1
42011 42020 1
42011 42037 1
42012 42031 1
42013 42014 1
42013 42020 1
42013 42037 1
42014 42015 1
42014 42020 1
42014 42037 1
42015 42016 1
42016 42017 1
42017 42018 1
42017 42019 1
42018 42038 1
42019 42039 1
42020 42037 1
42021 42022 1
42021 42031 1
42022 42023 1
42023 42024 1
42024 42025 1
42025 42026 1
42026 42027 1
42028 42030 1
42028 42033 1
42029 42032 1
42030 42032 1
42033 42034 1
42034 42035 1
42035 42036 1
42036 42037 1
42038 42040 1
42039 42041 1
42040 42042 1
42041 42044 1
42042 42043 1
42044 42045 1
42046 42059 1
42046 43112 1
42047 43185 1
42048 42051 1
42048 44155 1
42049 42050 1
42049 42076 1
42050 42052 1
42051 42058 1
42052 42053 1
42053 42054 1
42054 42055 1
42055 42056 1
42056 42057 1
42057 42061 1
42058 42066 1
42059 42060 1
42060 42992 1
42061 42062 1
42062 42063 1
42063 42064 1
42064 42065 1
42065 42067 1
42066 42076 1
42067 42068 1
42068 42069 1
42069 42070 1
42070 42078 1
42071 42072 1
42071 42078 1
42072 42073 1
42073 42074 1
42074 42075 1
42074 42077 1
42075 42077 1
42077 43514 1
42079 42222 1
42079 42367 1
42080 42336 1
42080 42368 1
42081 42265 1
42081 42368 1
42081 42369 1
42081 42499 1
42082 42086 1
42082 42090 1
42082 42148 1
42082 42240 1
42083 42265 1
42083 42312 1
42084 42337 1
42084 42339 1
42085 42220 1
42085 42228 1
42086 42171 1
42086 42242 1
42086 42362 1
42086 42364 1
42087 42270 1
42087 42313 1
42087 42314 1
42087 42316 1
42087 42325 1
42088 42104 1
42088 42315 1
42089 42213 1
42089 42214 1
42089 42282 1
42090 42330 1
42091 42354 1
42091 42355 1
42092 42358 1
42093 42357 1
42093 42488 1
42094 42214 1
42094 42219 1
42094 42220 1
42094 42292 1
42094 42295 1
42094 42297 1
42094 42358 1
42095 42096 1
42095 42104 1
42096 42286 1
42096 42325 1
42097 42124 1
42097 42222 1
42098 42338 1
42098 42340 1
42098 42342 1
42099 42105 1
42099 42114 1
42099 42204 1
42099 42212 1
42099 42250 1
42100 42101 1
42100 42339 1
42100 42344 1
42101 42314 1
42101 42339 1
42102 42110 1
42102 42115 1
42102 42252 1
42103 42109 1
42103 42268 1
42103 42270 1
42104 42316 1
42104 42317 1
42104 42318 1
42105 42114 1
42105 42122 1
42105 42205 1
42105 42211 1
42105 42215 1
42105 42218 1
42106 42324 1
42106 42510 1
42107 42111 1
42107 42328 1
42107 42511 1
42108 42112 1
42109 42327 1
42110 42252 1
42111 42112 1
42111 42323 1
42112 42323 1
42113 42222 1
42113 42369 1
42114 42115 1
42114 42120 1
42116 42118 1
42116 42119 1
42117 42118 1
42117 42281 1
42119 42121 1
42120 42121 1
42122 42189 1
42123 42281 1
42124 42154 1
42125 42155 1
42125 42222 1
42126 42127 1
42126 42223 1
42127 42129 1
42128 42130 1
42128 42913 1
42129 42130 1
42129 42149 1
42129 42151 1
42130 42131 1
42130 42157 1
42131 42133 1
42131 42154 1
42131 42158 1
42132 42156 1
42132 42319 1
42133 42147 1
42134 42136 1
42134 42815 1
42135 42447 1
42135 42755 1
42136 42147 1
42137 42138 1
42137 42192 1
42138 42139 1
42138 42143 1
42138 42144 1
42138 42196 1
42139 42140 1
42141 42165 1
42141 42168 1
42141 42222 1
42142 42914 1
42142 42916 1
42143 42145 1
42144 42146 1
42145 42391 1
42145 42392 1
42145 42914 1
42145 42916 1
42146 42271 1
42148 42149 1
42148 42150 1
42148 42331 1
42150 42362 1
42151 42152 1
42152 42153 1
42153 42157 1
42153 42231 1
42153 42360 1
42154 42160 1
42154 42255 1
42155 42167 1
42156 42162 1
42158 42231 1
42158 42233 1
42159 42690 1
42159 42694 1
42160 42161 1
42161 42288 1
42162 42163 1
42163 42170 1
42164 42700 1
42164 42704 1
42165 42259 1
42165 42273 1
42165 42288 1
42165 42368 1
42166 42168 1
42166 42170 1
42166 42235 1
42166 42259 1
42166 42273 1
42167 42168 1
42168 42261 1
42169 42176 1
42169 42193 1
42169 42343 1
42169 42702 1
42170 42273 1
42171 42174 1
42171 42181 1
42171 42364 1
42172 42202 1
42172 42332 1
42173 42177 1
42173 42239 1
42173 42243 1
42174 42175 1
42174 42177 1
42174 42231 1
42174 42234 1
42175 42177 1
42175 42179 1
42175 42238 1
42176 42180 1
42177 42178 1
42177 42181 1
42177 42201 1
42177 42253 1
42177 42254 1
42178 42201 1
42178 42203 1
42178 42205 1
42178 42253 1
42179 42238 1
42179 42254 1
42179 42276 1
42180 42182 1
42180 42340 1
42180 42341 1
42182 42342 1
42182 42347 1
42183 42221 1
42184 42185 1
42184 42187 1
42184 42218 1
42184 42221 1
42185 42186 1
42185 42190 1
42185 42216 1
42185 42218 1
42185 42220 1
42185 42224 1
42185 42226 1
42186 42191 1
42187 42196 1
42188 42194 1
42188 42220 1
42189 42191 1
42190 42195 1
42191 42192 1
42193 42706 1
42194 42195 1
42194 42198 1
42195 42197 1
42197 42200 1
42197 42941 1
42199 42304 1
42199 42766 1
42200 42484 1
42201 42202 1
42202 42204 1
42202 42206 1
42203 42207 1
42203 42219 1
42203 42227 1
42203 42253 1
42203 42257 1
42205 42209 1
42206 42215 1
42207 42210 1
42207 42218 1
42208 42251 1
42208 42424 1
42208 42792 1
42209 42211 1
42209 42221 1
42210 42211 1
42211 42215 1
42211 42218 1
42212 42215 1
42213 42216 1
42213 42219 1
42214 42216 1
42214 42286 1
42214 42358 1
42216 42226 1
42216 42227 1
42216 42282 1
42216 42284 1
42216 42292 1
42217 42424 1
42217 42865 1
42218 42219 1
42218 42229 1
42219 42220 1
42219 42225 1
42219 42226 1
42219 42227 1
42220 42225 1
42220 42292 1
42222 42290 1
42223 42302 1
42224 42225 1
42225 42226 1
42225 42229 1
42228 42294 1
42230 42231 1
42230 42360 1
42231 42234 1
42231 42235 1
42232 42258 1
42232 42425 1
42233 42235 1
42234 42238 1
42235 42236 1
42236 42237 1
42237 42272 1
42237 42275 1
42238 42272 1
42239 42243 1
42239 42332 1
42239 42364 1
42240 42241 1
42240 42242 1
42240 42247 1
42241 42245 1
42242 42243 1
42243 42247 1
42244 42245 1
42244 42248 1
42244 42267 1
42244 42291 1
42245 42248 1
42245 42289 1
42246 42247 1
42246 42291 1
42246 42912 1
42247 42250 1
42248 42249 1
42249 42252 1
42251 42267 1
42253 42254 1
42253 42256 1
42254 42256 1
42254 42277 1
42254 42335 1
42255 42652 1
42256 42278 1
42256 42335 1
42256 42363 1
42258 42285 1
42259 42260 1
42259 42261 1
42260 42275 1
42260 42277 1
42261 42262 1
42261 42368 1
42262 42263 1
42262 42368 1
42263 42264 1
42263 42309 1
42263 42368 1
42264 42265 1
42264 42310 1
42264 42326 1
42265 42337 1
42265 42368 1
42266 42269 1
42266 42342 1
42268 42321 1
42269 42312 1
42270 42342 1
42270 42344 1
42272 42275 1
42272 42333 1
42273 42275 1
42274 42281 1
42274 42289 1
42275 42277 1
42275 42306 1
42276 42307 1
42276 42333 1
42276 42334 1
42276 42335 1
42277 42334 1
42278 42279 1
42278 42280 1
42278 42282 1
42278 42308 1
42278 42363 1
42279 42282 1
42280 42365 1
42282 42283 1
42282 42284 1
42282 42365 1
42283 42286 1
42283 42287 1
42283 42365 1
42284 42286 1
42284 42287 1
42285 42359 1
42286 42310 1
42286 42325 1
42286 42329 1
42286 42350 1
42286 42365 1
42286 42366 1
42287 42351 1
42290 42410 1
42290 42917 1
42291 42304 1
42291 42330 1
42292 42300 1
42292 42301 1
42293 42300 1
42293 42301 1
42294 42295 1
42295 42297 1
42295 42299 1
42296 42301 1
42297 42358 1
42298 42299 1
42298 42354 1
42298 42357 1
42302 42303 1
42303 42305 1
42305 42425 1
42306 42307 1
42306 42310 1
42306 42326 1
42307 42308 1
42307 42335 1
42307 42361 1
42307 42363 1
42308 42311 1
42308 42366 1
42309 42310 1
42310 42312 1
42310 42313 1
42310 42326 1
42310 42361 1
42310 42366 1
42311 42329 1
42311 42365 1
42311 42366 1
42312 42313 1
42313 42325 1
42313 42329 1
42313 42366 1
42315 42329 1
42317 42320 1
42317 42327 1
42318 42321 1
42319 42653 1
42320 42323 1
42320 42327 1
42320 42355 1
42322 42324 1
42322 42327 1
42327 42328 1
42331 42359 1
42335 42363 1
42336 42337 1
42337 42338 1
42340 42341 1
42342 42345 1
42343 42499 1
42345 42346 1
42346 42348 1
42348 42500 1
42349 42501 1
42350 42352 1
42351 42353 1
42352 42355 1
42353 42354 1
42354 42357 1
42355 42356 1
42356 42358 1
42360 42364 1
42367 42499 1
42370 42584 1
42370 42671 1
42370 42673 1
42371 42638 1
42371 42670 1
42372 42789 1
42372 44775 1
42373 42375 1
42373 42821 1
42374 42377 1
42374 42816 1
42374 42848 1
42375 42376 1
42376 42379 1
42377 42378 1
42377 42848 1
42378 42380 1
42379 42386 1
42380 42381 1
42381 42382 1
42382 42385 1
42383 42409 1
42383 42928 1
42384 42387 1
42384 42390 1
42385 42390 1
42386 42387 1
42387 42388 1
42388 42389 1
42389 42482 1
42391 42393 1
42391 42916 1
42392 42396 1
42392 42916 1
42393 42395 1
42394 42426 1
42394 42440 1
42394 42948 1
42395 42397 1
42396 42398 1
42397 42879 1
42398 42881 1
42399 42400 1
42399 42794 1
42400 42402 1
42401 42403 1
42401 42825 1
42402 42404 1
42403 42404 1
42403 42406 1
42403 42826 1
42403 42832 1
42404 42405 1
42404 42406 1
42404 42407 1
42405 42406 1
42405 42407 1
42406 42407 1
42406 42832 1
42407 42408 1
42408 42859 1
42409 42415 1
42410 42845 1
42411 42413 1
42411 42414 1
42411 42419 1
42411 42857 1
42412 42414 1
42412 42456 1
42413 42414 1
42413 42416 1
42413 42419 1
42414 42419 1
42415 42426 1
42415 42440 1
42415 42452 1
42416 42417 1
42417 42418 1
42418 42875 1
42419 42923 1
42420 42421 1
42421 42422 1
42422 42423 1
42423 42425 1
42426 42440 1
42426 42452 1
42427 42428 1
42427 42429 1
42427 42808 1
42428 42810 1
42429 42433 1
42430 42431 1
42430 42433 1
42430 42822 1
42431 42432 1
42432 42809 1
42432 42822 1
42432 42823 1
42434 42435 1
42435 42437 1
42436 42437 1
42436 42439 1
42437 44118 1
42438 42439 1
42438 42467 1
42440 42452 1
42440 42459 1
42441 42442 1
42441 42769 1
42442 42478 1
42443 42449 1
42443 42482 1
42444 42446 1
42444 42448 1
42445 42449 1
42445 42481 1
42446 42483 1
42447 42652 1
42447 42753 1
42448 42478 1
42450 42767 1
42450 44082 1
42451 42921 1
42451 42935 1
42451 42937 1
42452 42487 1
42453 42454 1
42454 42856 1
42454 42858 1
42455 42456 1
42455 42457 1
42457 42458 1
42458 42462 1
42459 42464 1
42460 42461 1
42460 42470 1
42460 42471 1
42460 45238 1
42462 42463 1
42463 42465 1
42464 42630 1
42465 42468 1
42466 42467 1
42466 42468 1
42468 42469 1
42469 42470 1
42472 42927 1
42472 42931 1
42473 42474 1
42473 42475 1
42473 42934 1
42474 42476 1
42475 42477 1
42476 45176 1
42477 45180 1
42479 42483 1
42479 44042 1
42480 42481 1
42480 44070 1
42482 42776 1
42484 42485 1
42486 42496 1
42486 42587 1
42487 42497 1
42488 42491 1
42489 42490 1
42489 42491 1
42490 42514 1
42490 42525 1
42492 42493 1
42492 42937 1
42494 42932 1
42494 42953 1
42495 42496 1
42495 42953 1
42497 42507 1
42498 42535 1
42501 42502 1
42502 42704 1
42503 42504 1
42503 42510 1
42504 42505 1
42505 42506 1
42506 42508 1
42507 42523 1
42508 42509 1
42509 42576 1
42509 42703 1
42510 42511 1
42510 42512 1
42513 42526 1
42513 42591 1
42514 42515 1
42515 42529 1
42516 42528 1
42516 42593 1
42517 42594 1
42517 42596 1
42518 42522 1
42518 42533 1
42519 42524 1
42519 42545 1
42520 42521 1
42520 42544 1
42521 42558 1
42522 42536 1
42523 42534 1
42524 42541 1
42525 42526 1
42526 42527 1
42527 42528 1
42529 42530 1
42530 42531 1
42531 42532 1
42532 42533 1
42534 42557 1
42535 42543 1
42536 42537 1
42537 42538 1
42537 42539 1
42538 42542 1
42539 42540 1
42540 42541 1
42542 42543 1
42544 42546 1
42545 42548 1
42546 42547 1
42547 42549 1
42548 42550 1
42549 42551 1
42550 42563 1
42551 42564 1
42552 42553 1
42552 42585 1
42553 42560 1
42553 42561 1
42554 42555 1
42554 42560 1
42555 42556 1
42556 42559 1
42557 42565 1
42558 42559 1
42560 42561 1
42561 42562 1
42562 42586 1
42563 42564 1
42564 42566 1
42565 42575 1
42566 42567 1
42567 42568 1
42568 45212 1
42569 42570 1
42569 42571 1
42570 42572 1
42570 42599 1
42571 42622 1
42572 42573 1
42573 42574 1
42574 44863 1
42575 42584 1
42576 42598 1
42577 42578 1
42577 42598 1
42578 42579 1
42579 42581 1
42580 42709 1
42580 42710 1
42581 42583 1
42582 42583 1
42582 42711 1
42583 42585 1
42586 42599 1
42587 42588 1
42588 42589 1
42589 42590 1
42590 42592 1
42591 42592 1
42593 42596 1
42594 42595 1
42597 42650 1
42597 42662 1
42597 42666 1
42600 42601 1
42600 42613 1
42601 42602 1
42602 42603 1
42603 42604 1
42604 42607 1
42605 42606 1
42605 42721 1
42606 42608 1
42606 42609 1
42607 42608 1
42607 42609 1
42607 42610 1
42608 42610 1
42609 42696 1
42610 42611 1
42611 42710 1
42612 42620 1
42612 42708 1
42613 42614 1
42614 42615 1
42615 42616 1
42616 42618 1
42617 42688 1
42618 44903 1
42618 44913 1
42619 42621 1
42619 42624 1
42620 42625 1
42621 42623 1
42622 42623 1
42624 42626 1
42625 42631 1
42627 42757 1
42627 44701 1
42628 42629 1
42629 42763 1
42629 42797 1
42630 42633 1
42631 42632 1
42632 42634 1
42633 42635 1
42633 42644 1
42633 42648 1
42634 42636 1
42635 42637 1
42635 42644 1
42636 42641 1
42637 42640 1
42638 42752 1
42639 42647 1
42639 42708 1
42640 42641 1
42642 42643 1
42643 42644 1
42643 42648 1
42644 42645 1
42644 42648 1
42645 42646 1
42646 42649 1
42647 42686 1
42648 42651 1
42649 42650 1
42651 42655 1
42653 42755 1
42654 42877 1
42654 42913 1
42655 42656 1
42656 42657 1
42657 42676 1
42658 42659 1
42659 42660 1
42660 42666 1
42661 42667 1
42661 44361 1
42662 42663 1
42663 42664 1
42664 42665 1
42665 42668 1
42667 42678 1
42668 42669 1
42669 42672 1
42671 42673 1
42672 42674 1
42673 42677 1
42673 42746 1
42674 42675 1
42675 42745 1
42676 42679 1
42677 42771 1
42678 42686 1
42679 42680 1
42680 42681 1
42681 42712 1
42682 42683 1
42682 42713 1
42683 42684 1
42684 42722 1
42685 42687 1
42685 42720 1
42687 42689 1
42688 42690 1
42688 42696 1
42689 42691 1
42690 42695 1
42691 42692 1
42692 42693 1
42693 42705 1
42694 42697 1
42697 42698 1
42698 42700 1
42699 42702 1
42699 42705 1
42701 42706 1
42707 42845 1
42709 42711 1
42712 42715 1
42713 42714 1
42714 42715 1
42714 42716 1
42714 42717 1
42715 42716 1
42716 42718 1
42717 42720 1
42718 42719 1
42719 42721 1
42722 42723 1
42723 42725 1
42724 42732 1
42725 42726 1
42726 42727 1
42727 42730 1
42728 42729 1
42728 42730 1
42729 42733 1
42731 42734 1
42731 42735 1
42732 42940 1
42733 42734 1
42735 42736 1
42736 42738 1
42737 42738 1
42737 42739 1
42739 42740 1
42740 42741 1
42741 42742 1
42742 42743 1
42743 42744 1
42744 44853 1
42745 42749 1
42746 42751 1
42747 42750 1
42747 42800 1
42748 42756 1
42748 42870 1
42749 42754 1
42750 42753 1
42751 42755 1
42752 42845 1
42754 42917 1
42756 42783 1
42757 42758 1
42757 42764 1
42758 42759 1
42759 42761 1
42759 42762 1
42760 42762 1
42760 42785 1
42761 42763 1
42762 42763 1
42763 42765 1
42764 44701 1
42766 42846 1
42767 42778 1
42768 42770 1
42768 42781 1
42769 44077 1
42770 42772 1
42771 42800 1
42772 42773 1
42773 42779 1
42774 42775 1
42774 42779 1
42775 42785 1
42777 42784 1
42778 42788 1
42780 42786 1
42780 44028 1
42781 42787 1
42781 42788 1
42782 42786 1
42782 42787 1
42783 42805 1
42784 42820 1
42789 42790 1
42790 42795 1
42791 42795 1
42792 42793 1
42792 42795 1
42793 42794 1
42796 42876 1
42797 42798 1
42798 42799 1
42799 42801 1
42799 42802 1
42802 42803 1
42802 42806 1
42803 42804 1
42803 42806 1
42804 42807 1
42805 42832 1
42806 42809 1
42807 42808 1
42810 42811 1
42811 42812 1
42812 42813 1
42813 42814 1
42814 42816 1
42815 42828 1
42817 42818 1
42817 42820 1
42818 42819 1
42819 42821 1
42822 42823 1
42822 42824 1
42823 42826 1
42824 42830 1
42825 42829 1
42826 42827 1
42827 42829 1
42828 42839 1
42830 42831 1
42831 42833 1
42833 42834 1
42834 42835 1
42835 42836 1
42836 42840 1
42836 42842 1
42837 42841 1
42838 42841 1
42838 42842 1
42838 42861 1
42838 42947 1
42839 42876 1
42840 42842 1
42841 42843 1
42842 42843 1
42843 42844 1
42844 42846 1
42847 42876 1
42847 42877 1
42848 42849 1
42848 42850 1
42849 42851 1
42849 42852 1
42850 42858 1
42851 42854 1
42852 42853 1
42853 42855 1
42854 42857 1
42855 42866 1
42856 42857 1
42859 42860 1
42860 42862 1
42862 42863 1
42863 42864 1
42864 42865 1
42866 42867 1
42867 42868 1
42868 42869 1
42869 42871 1
42870 42880 1
42871 42872 1
42872 42873 1
42873 42951 1
42874 42875 1
42874 42898 1
42876 42878 1
42879 42882 1
42880 42894 1
42881 42885 1
42882 42884 1
42883 42895 1
42883 42896 1
42884 42886 1
42885 42891 1
42886 42887 1
42886 42890 1
42887 42893 1
42888 42895 1
42888 42918 1
42889 42893 1
42890 42892 1
42891 42944 1
42892 42945 1
42894 42907 1
42896 42939 1
42897 42914 1
42898 42899 1
42899 42900 1
42900 42901 1
42901 42952 1
42902 42903 1
42902 42904 1
42903 42919 1
42904 42905 1
42904 42911 1
42904 42920 1
42905 42906 1
42906 42908 1
42907 42915 1
42908 42909 1
42909 42910 1
42911 42932 1
42915 42928 1
42918 42919 1
42920 42936 1
42921 42935 1
42921 42936 1
42922 42924 1
42922 42933 1
42923 42925 1
42924 42930 1
42925 42926 1
42925 42927 1
42926 42929 1
42926 42933 1
42927 42929 1
42927 42933 1
42929 42930 1
42929 42931 1
42930 42931 1
42930 42934 1
42933 42935 1
42938 42939 1
42938 42942 1
42940 42948 1
42941 42943 1
42942 42943 1
42944 42950 1
42945 42946 1
42946 42947 1
42947 42949 1
42949 42951 1
42950 42952 1
42954 42974 1
42954 42990 1
42955 42956 1
42955 42974 1
42956 42975 1
42957 42958 1
42958 42964 1
42959 42986 1
42959 42991 1
42960 42969 1
42960 42977 1
42961 42969 1
42961 42972 1
42962 42964 1
42962 42966 1
42963 42971 1
42963 42973 1
42965 42967 1
42965 42970 1
42966 42973 1
42967 42968 1
42968 42971 1
42970 42972 1
42975 42976 1
42977 42986 1
42977 42990 1
42978 42980 1
42979 42981 1
42979 42991 1
42980 42983 1
42981 42984 1
42982 42984 1
42982 42989 1
42983 42987 1
42985 42987 1
42985 42988 1
42988 42989 1
42992 43037 1
42992 43122 1
42993 43005 1
42993 43008 1
42993 43077 1
42993 43182 1
42994 42995 1
42994 43188 1
42995 42996 1
42996 43007 1
42997 42999 1
42998 43001 1
42998 43004 1
42999 43000 1
43000 43002 1
43001 43003 1
43002 43048 1
43003 43093 1
43004 43007 1
43005 43077 1
43005 43109 1
43006 43187 1
43006 43188 1
43008 43021 1
43008 43077 1
43009 43020 1
43009 43109 1
43010 43011 1
43010 43020 1
43011 43136 1
43012 43013 1
43012 43184 1
43013 43014 1
43014 43015 1
43015 43019 1
43016 43017 1
43016 43019 1
43017 43018 1
43018 43022 1
43021 43032 1
43022 43023 1
43023 43026 1
43023 43027 1
43024 43025 1
43024 43059 1
43025 43027 1
43026 43027 1
43026 43088 1
43027 43028 1
43028 43029 1
43029 43031 1
43030 43090 1
43031 43033 1
43031 43035 1
43032 43047 1
43033 43034 1
43033 43058 1
43034 43035 1
43034 43101 1
43035 43036 1
43036 43097 1
43037 43147 1
43038 43039 1
43038 43106 1
43039 43117 1
43040 43118 1
43040 43119 1
43041 43121 1
43041 43135 1
43042 43119 1
43042 43120 1
43043 43044 1
43043 43068 1
43044 43045 1
43045 43046 1
43046 43050 1
43047 43084 1
43048 43049 1
43049 43051 1
43050 43052 1
43051 43053 1
43052 43054 1
43053 43057 1
43054 43055 1
43055 43056 1
43056 43058 1
43057 43059 1
43060 43071 1
43060 43093 1
43061 43062 1
43062 43063 1
43063 43064 1
43063 43069 1
43064 43065 1
43065 43066 1
43065 45148 1
43066 43068 1
43067 43069 1
43070 43072 1
43070 43098 1
43070 43116 1
43071 43084 1
43072 43086 1
43073 43079 1
43073 43086 1
43074 43081 1
43074 43083 1
43075 43079 1
43076 43087 1
43077 43180 1
43078 43080 1
43078 43087 1
43080 43081 1
43080 43089 1
43082 43098 1
43083 43085 1
43088 43089 1
43090 43091 1
43091 43094 1
43092 43101 1
43094 43099 1
43095 43096 1
43095 43099 1
43096 43102 1
43097 43098 1
43097 43106 1
43097 43108 1
43098 43103 1
43098 43106 1
43098 43107 1
43098 43114 1
43100 43115 1
43102 43107 1
43103 43110 1
43104 43105 1
43104 43186 1
43104 45197 1
43105 43186 1
43110 43113 1
43111 43152 1
43111 43182 1
43115 43118 1
43116 43159 1
43117 43118 1
43120 43121 1
43123 43124 1
43124 43125 1
43125 43126 1
43126 43127 1
43127 43128 1
43128 43129 1
43129 43137 1
43130 43131 1
43130 43137 1
43131 43132 1
43132 43133 1
43132 43134 1
43133 43134 1
43134 43135 1
43136 43184 1
43138 43140 1
43138 43168 1
43139 43154 1
43140 43143 1
43141 43142 1
43141 43157 1
43142 43144 1
43143 43148 1
43144 43145 1
43145 43146 1
43146 43155 1
43147 43158 1
43148 43150 1
43149 43150 1
43149 43155 1
43150 43151 1
43151 43153 1
43152 43156 1
43154 43157 1
43156 43166 1
43158 43169 1
43158 43180 1
43159 43160 1
43160 43161 1
43161 43162 1
43162 43163 1
43163 43164 1
43164 43165 1
43165 43167 1
43166 43181 1
43167 43168 1
43169 43172 1
43170 43171 1
43170 43183 1
43171 43185 1
43172 43183 1
43173 43174 1
43173 43178 1
43174 43175 1
43175 43176 1
43176 43177 1
43177 43179 1
43178 43181 1
43186 43187 1
43189 43193 1
43189 43200 1
43190 43192 1
43190 43198 1
43191 44495 1
43191 44529 1
43193 43197 1
43193 43200 1
43194 43196 1
43194 43204 1
43195 43197 1
43195 43201 1
43196 43201 1
43198 43205 1
43199 43203 1
43200 43202 1
43200 43203 1
43204 43205 1
43206 43314 1
43207 43346 1
43207 45097 1
43208 43215 1
43208 43233 1
43209 43210 1
43210 43212 1
43211 43224 1
43211 43397 1
43212 43213 1
43213 43214 1
43214 43226 1
43215 43225 1
43216 43217 1
43216 43223 1
43217 43220 1
43217 43221 1
43217 43227 1
43218 43219 1
43219 43220 1
43220 43227 1
43221 43222 1
43222 43239 1
43223 43226 1
43224 43234 1
43225 43227 1
43228 43237 1
43228 43368 1
43229 43230 1
43229 43235 1
43230 43238 1
43231 43232 1
43231 43236 1
43232 43233 1
43234 43250 1
43234 43307 1
43235 43237 1
43236 43238 1
43239 43240 1
43240 43241 1
43241 43244 1
43242 43243 1
43243 43244 1
43243 43246 1
43244 43245 1
43244 43246 1
43245 43246 1
43245 43247 1
43246 43248 1
43247 43249 1
43248 43251 1
43249 43345 1
43250 43262 1
43251 43252 1
43252 43253 1
43253 43254 1
43254 43255 1
43255 43327 1
43256 43263 1
43256 43396 1
43257 43258 1
43257 43260 1
43258 43259 1
43259 43261 1
43260 43264 1
43261 43265 1
43262 43280 1
43263 43264 1
43263 43273 1
43264 43273 1
43265 43266 1
43266 43277 1
43267 43268 1
43267 43272 1
43268 43270 1
43269 43278 1
43269 43307 1
43270 43271 1
43271 43277 1
43272 43288 1
43273 43274 1
43274 43275 1
43275 43276 1
43276 43279 1
43278 43351 1
43279 43373 1
43280 43281 1
43281 43282 1
43282 43283 1
43282 43289 1
43283 43284 1
43284 43285 1
43285 43287 1
43286 43288 1
43286 43289 1
43287 43395 1
43290 43291 1
43290 43612 1
43291 43292 1
43292 43293 1
43293 43294 1
43294 43295 1
43295 43297 1
43296 43298 1
43296 43322 1
43297 43298 1
43299 43300 1
43299 43614 1
43300 43301 1
43301 43302 1
43302 43303 1
43303 43304 1
43304 43305 1
43305 43306 1
43306 43320 1
43308 43309 1
43308 44835 1
43309 43310 1
43310 43313 1
43311 43312 1
43311 43341 1
43312 43315 1
43313 43314 1
43314 43315 1
43316 43317 1
43316 43337 1
43317 43326 1
43318 43319 1
43318 43326 1
43319 43323 1
43320 43321 1
43321 43325 1
43322 43380 1
43323 43324 1
43324 43325 1
43327 43329 1
43328 43332 1
43328 43380 1
43329 43330 1
43330 43331 1
43331 43333 1
43332 43340 1
43333 43334 1
43334 43335 1
43335 43382 1
43336 43338 1
43336 43339 1
43337 43338 1
43339 43342 1
43340 43379 1
43341 43344 1
43342 43343 1
43343 43344 1
43346 43381 1
43347 43348 1
43347 43350 1
43348 43349 1
43349 45021 1
43350 43358 1
43352 43362 1
43352 43379 1
43353 43354 1
43353 43367 1
43354 43355 1
43355 43356 1
43356 43357 1
43357 43358 1
43359 43360 1
43359 43369 1
43360 43361 1
43361 43363 1
43362 43368 1
43363 43364 1
43363 43365 1
43364 43365 1
43364 43366 1
43365 45517 1
43366 43367 1
43368 43375 1
43368 43377 1
43369 43370 1
43369 43374 1
43370 43371 1
43370 43374 1
43371 43372 1
43372 43373 1
43375 43376 1
43377 43378 1
43381 43397 1
43382 43383 1
43383 43384 1
43384 43385 1
43385 43386 1
43386 43387 1
43387 43389 1
43388 43391 1
43389 43390 1
43390 43392 1
43391 43394 1
43392 43393 1
43393 43395 1
43394 43396 1
43398 43440 1
43398 46168 1
43399 43475 1
43399 43477 1
43400 43401 1
43401 43402 1
43402 43412 1
43403 43405 1
43403 43492 1
43404 43406 1
43404 43491 1
43405 43407 1
43406 43410 1
43407 43408 1
43408 43409 1
43409 43411 1
43410 43413 1
43411 43412 1
43413 43414 1
43414 43415 1
43415 43416 1
43416 43417 1
43417 43418 1
43418 43419 1
43419 43453 1
43420 43421 1
43420 43476 1
43421 43422 1
43422 43423 1
43423 43424 1
43424 43425 1
43425 43426 1
43426 43427 1
43427 43428 1
43428 43429 1
43429 43431 1
43430 43432 1
43430 43440 1
43431 44801 1
43432 43441 1
43433 43434 1
43434 43435 1
43435 43436 1
43436 43437 1
43438 43439 1
43438 43456 1
43439 43460 1
43441 43457 1
43442 43443 1
43442 43455 1
43443 43444 1
43444 43466 1
43445 43446 1
43445 43466 1
43446 43459 1
43447 43449 1
43447 43459 1
43448 43449 1
43448 43458 1
43450 43451 1
43450 43458 1
43451 43465 1
43452 43454 1
43453 43464 1
43453 43465 1
43454 43463 1
43455 43460 1
43456 43468 1
43457 43467 1
43461 43462 1
43461 43464 1
43462 43463 1
43467 43497 1
43469 43470 1
43469 43487 1
43470 43471 1
43471 43472 1
43472 43473 1
43473 43474 1
43474 43476 1
43477 43489 1
43478 43496 1
43478 43499 1
43479 43482 1
43479 43497 1
43480 43481 1
43480 43496 1
43481 43483 1
43482 43485 1
43482 43493 1
43482 43494 1
43483 43484 1
43484 43485 1
43485 43494 1
43486 43487 1
43486 43488 1
43486 43494 1
43486 43498 1
43487 43498 1
43487 43500 1
43488 43490 1
43489 43495 1
43490 43492 1
43491 43494 1
43491 43498 1
43493 43500 1
43494 43498 1
43495 43499 1
43501 43552 1
43501 43559 1
43502 43517 1
43502 43552 1
43502 43560 1
43503 43509 1
43503 43577 1
43504 43508 1
43504 43509 1
43505 43506 1
43505 43508 1
43506 43507 1
43507 43563 1
43510 43511 1
43510 43512 1
43512 43515 1
43513 43514 1
43513 43515 1
43516 43518 1
43516 43573 1
43517 44192 1
43518 43520 1
43519 43521 1
43519 43556 1
43521 43522 1
43522 43526 1
43522 43529 1
43523 43524 1
43523 43525 1
43524 43525 1
43525 43527 1
43526 43528 1
43526 43529 1
43527 43528 1
43530 43531 1
43531 43535 1
43532 43538 1
43532 43540 1
43533 43534 1
43533 44658 1
43534 43536 1
43535 43537 1
43536 43539 1
43537 43539 1
43538 43541 1
43540 44660 1
43541 43542 1
43542 43543 1
43543 43544 1
43544 43545 1
43545 43546 1
43546 43547 1
43546 43548 1
43547 43549 1
43548 43557 1
43549 43558 1
43550 43558 1
43551 43553 1
43551 43557 1
43553 43554 1
43554 43555 1
43555 43556 1
43559 44643 1
43561 43562 1
43561 44228 1
43562 43574 1
43563 43564 1
43564 43565 1
43565 43566 1
43566 43567 1
43567 43568 1
43568 43569 1
43569 43570 1
43570 43571 1
43571 43572 1
43572 43573 1
43574 43575 1
43575 43578 1
43576 43577 1
43576 43578 1
43579 43723 1
43579 43729 1
43580 43692 1
43581 43731 1
43581 43733 1
43582 43589 1
43582 43761 1
43583 43584 1
43583 43762 1
43584 43611 1
43585 43588 1
43585 43762 1
43586 43603 1
43586 43759 1
43587 43756 1
43587 43761 1
43587 43762 1
43588 43615 1
43589 43757 1
43590 43605 1
43590 43748 1
43591 43592 1
43591 43732 1
43592 43609 1
43593 43594 1
43593 43608 1
43594 43607 1
43595 43596 1
43595 43607 1
43596 43597 1
43597 43598 1
43598 43674 1
43599 43604 1
43599 43674 1
43600 43601 1
43600 43604 1
43601 43606 1
43602 43603 1
43602 43606 1
43605 43610 1
43608 43609 1
43610 43621 1
43611 43612 1
43613 43614 1
43613 43615 1
43616 43618 1
43616 43744 1
43617 43618 1
43617 43743 1
43618 43619 1
43619 43620 1
43619 43625 1
43620 43622 1
43621 43734 1
43622 43623 1
43623 43624 1
43624 43626 1
43625 43630 1
43626 43627 1
43627 43628 1
43628 43629 1
43629 43631 1
43630 43634 1
43631 43633 1
43632 43643 1
43632 43734 1
43633 43635 1
43634 43745 1
43635 43749 1
43636 43637 1
43637 43638 1
43638 43639 1
43639 43654 1
43640 43641 1
43640 43728 1
43641 43712 1
43642 43644 1
43642 43712 1
43643 43659 1
43644 43713 1
43645 43713 1
43645 43714 1
43646 43660 1
43646 43714 1
43647 43648 1
43647 43656 1
43648 43663 1
43649 43663 1
43649 43666 1
43650 43661 1
43650 43703 1
43651 43652 1
43651 43661 1
43652 43653 1
43653 43662 1
43654 43655 1
43655 43667 1
43656 43658 1
43657 43664 1
43657 43691 1
43658 43660 1
43659 43665 1
43662 43664 1
43665 43675 1
43665 43736 1
43666 43669 1
43667 43668 1
43668 43670 1
43669 43670 1
43669 43672 1
43669 43673 1
43670 43673 1
43671 43672 1
43671 43673 1
43671 43689 1
43672 43673 1
43672 43688 1
43675 43682 1
43675 43730 1
43676 43686 1
43676 43703 1
43677 43681 1
43677 43686 1
43678 43681 1
43678 43683 1
43679 43683 1
43679 43753 1
43680 43685 1
43680 43704 1
43682 43735 1
43684 43685 1
43687 43693 1
43687 43730 1
43688 43691 1
43689 43690 1
43690 43694 1
43692 43729 1
43692 43748 1
43693 43698 1
43694 43695 1
43695 43696 1
43696 43697 1
43697 43699 1
43698 43707 1
43699 43700 1
43700 43701 1
43701 43702 1
43702 43704 1
43705 43706 1
43705 43709 1
43706 43710 1
43707 43719 1
43708 43711 1
43708 43726 1
43709 43715 1
43710 43711 1
43716 43717 1
43716 43726 1
43717 43720 1
43718 43724 1
43719 43732 1
43720 43721 1
43721 43735 1
43722 43723 1
43722 43725 1
43724 43725 1
43727 43728 1
43729 43738 1
43729 43748 1
43731 43738 1
43733 43739 1
43736 43737 1
43737 43741 1
43739 43740 1
43740 43742 1
43741 43744 1
43742 43743 1
43745 43747 1
43746 43751 1
43746 45095 1
43747 43752 1
43749 43750 1
43750 45084 1
43751 43752 1
43753 43754 1
43754 43755 1
43755 43756 1
43756 43762 1
43757 43758 1
43758 43760 1
43759 43760 1
43763 43815 1
43763 43842 1
43763 43957 1
43764 43767 1
43764 44008 1
43765 43766 1
43765 43769 1
43766 43768 1
43767 43776 1
43768 43769 1
43768 43770 1
43769 43770 1
43769 43771 1
43770 43777 1
43771 43772 1
43772 43773 1
43773 43774 1
43774 43775 1
43775 43780 1
43776 43785 1
43777 43778 1
43778 43779 1
43779 44018 1
43780 43781 1
43781 43782 1
43782 43783 1
43783 43788 1
43784 43786 1
43784 43788 1
43785 43825 1
43786 43787 1
43787 43789 1
43789 43790 1
43790 43802 1
43791 43792 1
43791 43799 1
43791 43802 1
43792 43793 1
43792 43794 1
43792 43799 1
43792 43813 1
43793 43794 1
43793 43795 1
43793 43799 1
43794 43798 1
43795 43796 1
43796 43800 1
43797 43813 1
43797 43831 1
43798 43833 1
43800 43832 1
43801 50174 1
43801 50175 1
43803 43804 1
43804 43807 1
43805 43806 1
43806 43809 1
43807 43808 1
43808 43810 1
43809 43811 1
43810 43822 1
43811 43816 1
43812 43817 1
43813 43814 1
43814 45592 1
43814 45677 1
43815 43957 1
43815 50060 1
43816 43818 1
43817 43819 1
43818 43830 1
43818 43832 1
43818 43858 1
43819 43827 1
43820 43821 1
43820 43823 1
43821 43824 1
43822 43829 1
43823 43826 1
43824 43827 1
43825 50174 1
43826 43828 1
43828 43830 1
43828 43832 1
43829 43856 1
43830 43832 1
43830 43858 1
43831 43877 1
43832 43837 1
43832 43847 1
43833 43834 1
43834 43835 1
43834 43836 1
43835 43836 1
43835 43839 1
43836 43838 1
43837 43838 1
43838 43840 1
43839 43841 1
43840 43845 1
43841 43844 1
43842 43877 1
43843 43848 1
43843 43994 1
43844 43846 1
43845 43847 1
43847 43855 1
43848 43857 1
43849 43859 1
43850 43851 1
43851 43853 1
43852 43853 1
43852 43854 1
43852 43855 1
43854 43855 1
43854 43867 1
43856 43859 1
43857 43862 1
43858 43859 1
43859 43860 1
43860 43861 1
43861 43863 1
43862 43865 1
43863 43872 1
43864 43866 1
43864 43990 1
43865 43868 1
43866 43987 1
43866 43988 1
43867 43869 1
43868 43872 1
43869 43870 1
43870 43871 1
43871 43873 1
43873 43874 1
43874 43875 1
43875 43876 1
43876 43997 1
43877 44008 1
43878 43888 1
43879 43880 1
43879 43882 1
43879 43891 1
43879 43898 1
43880 43881 1
43880 43882 1
43880 43891 1
43880 43926 1
43881 43889 1
43881 43891 1
43881 50056 1
43882 43890 1
43882 43891 1
43883 43884 1
43883 43889 1
43883 43890 1
43884 43885 1
43885 43886 1
43886 43887 1
43886 43924 1
43887 43904 1
43887 43924 1
43888 43895 1
43892 43893 1
43892 43894 1
43893 43896 1
43895 43900 1
43896 44012 1
43896 44016 1
43897 43898 1
43897 43899 1
43899 43902 1
43900 43905 1
43901 44012 1
43902 44009 1
43903 44005 1
43903 44007 1
43904 43906 1
43905 43915 1
43906 43907 1
43907 43908 1
43908 43909 1
43909 43920 1
43910 43911 1
43910 43920 1
43911 43912 1
43912 43913 1
43913 43914 1
43914 43916 1
43915 43921 1
43916 43917 1
43917 43918 1
43918 43919 1
43919 43958 1
43921 43925 1
43921 43932 1
43922 44010 1
43923 43927 1
43923 44016 1
43924 43928 1
43925 43950 1
43926 43946 1
43927 43929 1
43927 43931 1
43928 43930 1
43930 43934 1
43930 43944 1
43931 43933 1
43932 43960 1
43933 43935 1
43934 43936 1
43934 43944 1
43935 43937 1
43936 43938 1
43937 43945 1
43938 43939 1
43939 43941 1
43940 43946 1
43941 43959 1
43942 43943 1
43942 43947 1
43945 43947 1
43948 43949 1
43948 43958 1
43949 43951 1
43950 43994 1
43951 43952 1
43952 43953 1
43953 43954 1
43954 43955 1
43955 43956 1
43956 43957 1
43959 43961 1
43960 43970 1
43961 43962 1
43962 43963 1
43963 43964 1
43964 43965 1
43965 43966 1
43966 43967 1
43967 43968 1
43968 43969 1
43969 43971 1
43970 43982 1
43971 43972 1
43972 43973 1
43973 43984 1
43974 43984 1
43974 43985 1
43975 43978 1
43975 43979 1
43975 43985 1
43976 43978 1
43976 43980 1
43977 43989 1
43979 43983 1
43980 43981 1
43981 43986 1
43981 43989 1
43982 43987 1
43983 45276 1
43986 43989 1
43988 43989 1
43990 43992 1
43991 43993 1
43991 45279 1
43992 43995 1
43993 45280 1
43995 43996 1
43996 45281 1
43997 43998 1
43998 43999 1
43999 44000 1
44000 44001 1
44001 44002 1
44002 44003 1
44003 44004 1
44004 44005 1
44006 44010 1
44006 44013 1
44007 44010 1
44009 44017 1
44011 44014 1
44011 44015 1
44012 44015 1
44012 44016 1
44013 44014 1
44016 44017 1
44018 44019 1
44019 44020 1
44020 44021 1
44021 44022 1
44022 44027 1
44023 44024 1
44023 44027 1
44024 44025 1
44025 44026 1
44026 52826 1
44026 52885 1
44026 52957 1
44028 44077 1
44029 44030 1
44030 44031 1
44031 44173 1
44032 44037 1
44032 44041 1
44032 44045 1
44033 44034 1
44033 44037 1
44033 44067 1
44034 44037 1
44034 44041 1
44035 44036 1
44035 44041 1
44036 44188 1
44038 44039 1
44038 44177 1
44039 44170 1
44040 44070 1
44040 44145 1
44041 44188 1
44042 44145 1
44042 44170 1
44043 44113 1
44044 44113 1
44045 44052 1
44045 44062 1
44045 44123 1
44046 44047 1
44046 44081 1
44047 44048 1
44048 44050 1
44049 44053 1
44050 44058 1
44051 44060 1
44051 44090 1
44052 44059 1
44052 44062 1
44052 44123 1
44053 44057 1
44053 44058 1
44053 44183 1
44054 44055 1
44054 44060 1
44055 44061 1
44056 44057 1
44056 44071 1
44059 44117 1
44061 44064 1
44061 44071 1
44063 44064 1
44064 44065 1
44064 44071 1
44065 44066 1
44066 44068 1
44067 44124 1
44068 44103 1
44069 44094 1
44069 44103 1
44072 44073 1
44072 44081 1
44072 44084 1
44073 44074 1
44074 44075 1
44075 44076 1
44076 44078 1
44078 44079 1
44079 44080 1
44080 44684 1
44080 44686 1
44081 44083 1
44081 44084 1
44082 44191 1
44083 44090 1
44084 44093 1
44085 44087 1
44085 44138 1
44085 44147 1
44086 44121 1
44086 44124 1
44087 44088 1
44087 44147 1
44088 44095 1
44089 44093 1
44089 44096 1
44091 44147 1
44092 44134 1
44094 44115 1
44095 44098 1
44096 44097 1
44097 44099 1
44097 44101 1
44098 44100 1
44100 44102 1
44101 44104 1
44102 44105 1
44104 44106 1
44105 44107 1
44106 44108 1
44107 44151 1
44108 44110 1
44109 44111 1
44109 44151 1
44110 44128 1
44111 44112 1
44112 44161 1
44113 44118 1
44114 44119 1
44114 44121 1
44114 44159 1
44115 44117 1
44116 44122 1
44116 44159 1
44118 44164 1
44119 44120 1
44119 44121 1
44120 44125 1
44122 44138 1
44123 44124 1
44125 44134 1
44126 44127 1
44126 44590 1
44127 44128 1
44129 44161 1
44129 44162 1
44130 44133 1
44130 44162 1
44131 44157 1
44131 44166 1
44132 44139 1
44132 44161 1
44133 44167 1
44135 44136 1
44135 44166 1
44136 44137 1
44137 44165 1
44139 44140 1
44140 44141 1
44141 44142 1
44142 44143 1
44143 44144 1
44144 44169 1
44145 44170 1
44146 44169 1
44146 44172 1
44148 44149 1
44148 44171 1
44149 44150 1
44150 44152 1
44152 44153 1
44153 44154 1
44154 44155 1
44156 44180 1
44156 44794 1
44157 44167 1
44158 44190 1
44158 44191 1
44160 44165 1
44163 45173 1
44164 44168 1
44171 44172 1
44173 44174 1
44174 44175 1
44175 44176 1
44176 44178 1
44176 44179 1
44177 44188 1
44178 44179 1
44178 44180 1
44178 44182 1
44179 44181 1
44179 44182 1
44181 44183 1
44182 44184 1
44184 44185 1
44185 44186 1
44186 44187 1
44187 44189 1
44189 44190 1
44192 44193 1
44193 44260 1
44194 44213 1
44194 44259 1
44195 44197 1
44195 44266 1
44196 44197 1
44196 44198 1
44196 44265 1
44196 44267 1
44197 44198 1
44198 44217 1
44199 44233 1
44199 45756 1
44200 44201 1
44200 45431 1
44201 44250 1
44202 44247 1
44203 44204 1
44204 44205 1
44205 44206 1
44206 44207 1
44207 44209 1
44208 44246 1
44208 44247 1
44209 44211 1
44210 44211 1
44210 44212 1
44212 44214 1
44213 44246 1
44214 44216 1
44215 44257 1
44215 44263 1
44216 44227 1
44217 44218 1
44217 44220 1
44218 44219 1
44218 44220 1
44219 44222 1
44220 44221 1
44221 44223 1
44222 44224 1
44223 44225 1
44224 44226 1
44225 44227 1
44226 44228 1
44229 44230 1
44229 44239 1
44230 44231 1
44231 44232 1
44232 44646 1
44233 44234 1
44233 44236 1
44233 44246 1
44234 44235 1
44235 44239 1
44236 44237 1
44237 44238 1
44238 44240 1
44240 44245 1
44241 44242 1
44241 44245 1
44242 44243 1
44243 44244 1
44244 44248 1
44248 44251 1
44248 44258 1
44249 44251 1
44249 44252 1
44250 44256 1
44252 44253 1
44253 44254 1
44254 44255 1
44255 44257 1
44256 44259 1
44260 44261 1
44261 44262 1
44262 44266 1
44263 44264 1
44264 44267 1
44265 44266 1
44268 44318 1
44268 44341 1
44269 44273 1
44269 44439 1
44270 44272 1
44270 44442 1
44271 44337 1
44272 44274 1
44272 44275 1
44273 44294 1
44273 44414 1
44273 44416 1
44274 44275 1
44275 44276 1
44276 44333 1
44276 44334 1
44277 44278 1
44277 44334 1
44278 44295 1
44279 44284 1
44279 44297 1
44280 44281 1
44280 44292 1
44281 44282 1
44282 44283 1
44283 44285 1
44284 44286 1
44285 44287 1
44286 44293 1
44287 44288 1
44288 44291 1
44289 44296 1
44289 44298 1
44290 44293 1
44290 44296 1
44291 44299 1
44292 44339 1
44294 44413 1
44294 44414 1
44294 44415 1
44297 44339 1
44298 44308 1
44299 44300 1
44300 44301 1
44301 44302 1
44302 44309 1
44302 44316 1
44303 44307 1
44303 44321 1
44304 44315 1
44304 44320 1
44305 44307 1
44305 44315 1
44306 44316 1
44306 44317 1
44308 44319 1
44309 44310 1
44309 44320 1
44310 44311 1
44311 44312 1
44312 44313 1
44313 44314 1
44314 44356 1
44318 44362 1
44319 44324 1
44321 44886 1
44322 44325 1
44322 44417 1
44323 44329 1
44323 44418 1
44324 44326 1
44325 46103 1
44325 46219 1
44326 44327 1
44327 44328 1
44328 44330 1
44329 44416 1
44330 44331 1
44331 44332 1
44333 44334 1
44333 44335 1
44334 44339 1
44335 44336 1
44336 44337 1
44337 44338 1
44338 44340 1
44340 44341 1
44342 44344 1
44342 44368 1
44343 44427 1
44343 44430 1
44344 44345 1
44345 44346 1
44346 44348 1
44347 44348 1
44349 44405 1
44350 44407 1
44350 44408 1
44351 44352 1
44351 44410 1
44352 44353 1
44353 44354 1
44354 44397 1
44355 44356 1
44355 44357 1
44357 44358 1
44358 44373 1
44359 44370 1
44360 44361 1
44360 44371 1
44362 44422 1
44363 44364 1
44363 44366 1
44364 44365 1
44365 44370 1
44366 44369 1
44367 44369 1
44367 44403 1
44368 44372 1
44372 44398 1
44373 44374 1
44374 44376 1
44375 44376 1
44375 44394 1
44376 44378 1
44377 44384 1
44377 44435 1
44378 44379 1
44379 44381 1
44380 44381 1
44380 44395 1
44382 44383 1
44382 44393 1
44383 44385 1
44384 44401 1
44385 44386 1
44386 44387 1
44387 44388 1
44388 44389 1
44389 44390 1
44390 44391 1
44391 44392 1
44392 44419 1
44393 44396 1
44394 44397 1
44395 44396 1
44397 44399 1
44398 44404 1
44399 44400 1
44400 44402 1
44401 44411 1
44402 44403 1
44404 44426 1
44405 44406 1
44406 44407 1
44408 44409 1
44409 44410 1
44411 44420 1
44412 44413 1
44413 44414 1
44413 44416 1
44414 44416 1
44415 44417 1
44418 46220 1
44419 44897 1
44420 44423 1
44420 44424 1
44421 44423 1
44421 44424 1
44421 44425 1
44422 44427 1
44423 44424 1
44423 44436 1
44424 44438 1
44425 44426 1
44428 44429 1
44429 44431 1
44430 44434 1
44431 44432 1
44432 44433 1
44433 44435 1
44434 44439 1
44436 44437 1
44437 44441 1
44438 44440 1
44440 44442 1
44441 44442 1
44443 44444 1
44444 44495 1
44445 44461 1
44445 44550 1
44446 44451 1
44446 44559 1
44447 44448 1
44447 44453 1
44448 44459 1
44449 44450 1
44449 44459 1
44450 44452 1
44451 44472 1
44452 44502 1
44453 44560 1
44454 44455 1
44454 44458 1
44454 44460 1
44455 44559 1
44456 44458 1
44456 44471 1
44457 44460 1
44457 44526 1
44461 44473 1
44461 44511 1
44462 44463 1
44462 44544 1
44463 44464 1
44464 44465 1
44465 44466 1
44466 44467 1
44467 44468 1
44467 44469 1
44468 44469 1
44469 44474 1
44470 44471 1
44470 44474 1
44473 44496 1
44473 44511 1
44475 44477 1
44475 44552 1
44476 44478 1
44476 44553 1
44477 44479 1
44478 44480 1
44479 44481 1
44480 44483 1
44481 44482 1
44482 44484 1
44483 44485 1
44484 44486 1
44485 44487 1
44485 44488 1
44486 44487 1
44488 44519 1
44489 44490 1
44489 44524 1
44490 44491 1
44491 44493 1
44491 44512 1
44492 44494 1
44493 44494 1
44496 44498 1
44497 44500 1
44498 44499 1
44499 44501 1
44500 44503 1
44500 44510 1
44501 44510 1
44502 44506 1
44503 44504 1
44504 44507 1
44505 44527 1
44506 44507 1
44506 44508 1
44508 44509 1
44509 44541 1
44513 44519 1
44514 44515 1
44514 44517 1
44515 44521 1
44516 44520 1
44516 44521 1
44517 44523 1
44518 44522 1
44518 44523 1
44518 44524 1
44522 44525 1
44525 44526 1
44527 44528 1
44528 44530 1
44530 44532 1
44531 44533 1
44532 44533 1
44533 44534 1
44533 44535 1
44534 44536 1
44535 44540 1
44536 44537 1
44537 44538 1
44538 44539 1
44539 44541 1
44540 44542 1
44542 44543 1
44543 44544 1
44545 44550 1
44546 44547 1
44546 44554 1
44547 44548 1
44548 44549 1
44549 44555 1
44551 44553 1
44552 44555 1
44554 44556 1
44556 44557 1
44557 44558 1
44558 44560 1
44561 44592 1
44562 44572 1
44562 44685 1
44563 44564 1
44563 44688 1
44564 44567 1
44565 44566 1
44565 44686 1
44565 44687 1
44566 44568 1
44567 44579 1
44568 44671 1
44569 44570 1
44569 44668 1
44569 44672 1
44570 44571 1
44571 44573 1
44571 44574 1
44572 44637 1
44573 44574 1
44574 44575 1
44575 44576 1
44576 44577 1
44577 44578 1
44578 44579 1
44580 44581 1
44580 44616 1
44581 44582 1
44582 44591 1
44583 44584 1
44584 44675 1
44585 44586 1
44585 44619 1
44586 44587 1
44587 44588 1
44588 44589 1
44589 44590 1
44591 44679 1
44592 44663 1
44593 44594 1
44593 45742 1
44594 44598 1
44595 44596 1
44595 44598 1
44596 44597 1
44597 44681 1
44599 44617 1
44599 44657 1
44600 44601 1
44600 44617 1
44601 44602 1
44602 44603 1
44603 44604 1
44604 44605 1
44605 44606 1
44606 44608 1
44607 44609 1
44607 44618 1
44609 44610 1
44610 44611 1
44611 44612 1
44612 44614 1
44612 44616 1
44613 44614 1
44613 44615 1
44615 44634 1
44619 44620 1
44620 44621 1
44621 44622 1
44622 44623 1
44623 44624 1
44624 44625 1
44625 44658 1
44626 44628 1
44626 44644 1
44627 44629 1
44627 44630 1
44628 44630 1
44629 44631 1
44631 44632 1
44632 44633 1
44633 44636 1
44634 44635 1
44635 44636 1
44637 44649 1
44638 44639 1
44638 44644 1
44639 44640 1
44640 44645 1
44641 44642 1
44641 44645 1
44642 44643 1
44646 44647 1
44647 44648 1
44648 44650 1
44649 44659 1
44650 44651 1
44651 44652 1
44652 44653 1
44653 44654 1
44654 44655 1
44655 44656 1
44656 44657 1
44658 44660 1
44659 44661 1
44661 44662 1
44662 44664 1
44663 44667 1
44664 44665 1
44664 44666 1
44664 44672 1
44665 44666 1
44665 44669 1
44665 44672 1
44666 44668 1
44667 44670 1
44668 44672 1
44670 44677 1
44671 44673 1
44672 44674 1
44673 44675 1
44674 44676 1
44676 44678 1
44677 44685 1
44678 44679 1
44680 44681 1
44680 44682 1
44682 44683 1
44683 45705 1
44684 44686 1
44686 44687 1
44687 44688 1
44689 44690 1
44689 44699 1
44690 44698 1
44691 44823 1
44691 44828 1
44692 44694 1
44692 44826 1
44693 44817 1
44693 44818 1
44694 44701 1
44695 44698 1
44695 44704 1
44696 44697 1
44696 44705 1
44697 44727 1
44699 44700 1
44700 44702 1
44702 44719 1
44703 44759 1
44703 44800 1
44704 44711 1
44705 44718 1
44706 44707 1
44706 44812 1
44707 44708 1
44708 44709 1
44709 44710 1
44710 44714 1
44711 44712 1
44712 44714 1
44713 44715 1
44713 44716 1
44714 44716 1
44714 44717 1
44715 44827 1
44716 44717 1
44716 44720 1
44717 44718 1
44717 44720 1
44719 44800 1
44720 44721 1
44721 44722 1
44722 44723 1
44723 44724 1
44725 44726 1
44726 44757 1
44727 44732 1
44728 44733 1
44728 44742 1
44729 44730 1
44729 44731 1
44730 44735 1
44731 44734 1
44732 44737 1
44733 44738 1
44734 44736 1
44735 44739 1
44736 44738 1
44737 44741 1
44739 44740 1
44741 44747 1
44742 44743 1
44743 44744 1
44744 44745 1
44745 44746 1
44746 44748 1
44747 44779 1
44748 44766 1
44749 44752 1
44749 44754 1
44749 44776 1
44749 44777 1
44749 44778 1
44749 44780 1
44750 44757 1
44750 44778 1
44751 44755 1
44751 44781 1
44752 44753 1
44753 44756 1
44754 44758 1
44755 44756 1
44755 44758 1
44758 44761 1
44758 44762 1
44760 44768 1
44760 44779 1
44761 44763 1
44762 44763 1
44763 44798 1
44764 44765 1
44764 44798 1
44765 44804 1
44766 44767 1
44767 44769 1
44768 44775 1
44769 44770 1
44770 44771 1
44771 44772 1
44772 44773 1
44773 44774 1
44774 44776 1
44774 44782 1
44776 44777 1
44777 44778 1
44781 44784 1
44781 44785 1
44781 44795 1
44782 44787 1
44783 44789 1
44784 44785 1
44784 44795 1
44784 44797 1
44785 44786 1
44785 44795 1
44786 44788 1
44787 44788 1
44787 44790 1
44789 44796 1
44790 44791 1
44791 44792 1
44792 44793 1
44793 44794 1
44796 44817 1
44801 44802 1
44802 44803 1
44803 44815 1
44804 44814 1
44805 44806 1
44806 44807 1
44807 44808 1
44808 44809 1
44809 44810 1
44810 44813 1
44811 44812 1
44811 44813 1
44814 44826 1
44815 44816 1
44816 44817 1
44817 44819 1
44819 44829 1
44820 44821 1
44820 44829 1
44821 44822 1
44822 44823 1
44824 44825 1
44824 44828 1
44825 44827 1
44830 44984 1
44831 44892 1
44831 45094 1
44832 44833 1
44832 45103 1
44833 44836 1
44834 44836 1
44834 44989 1
44835 45051 1
44837 44838 1
44837 45093 1
44838 44839 1
44839 44841 1
44839 44842 1
44840 44851 1
44840 44862 1
44841 44960 1
44842 44843 1
44843 44844 1
44844 45098 1
44845 44849 1
44845 44901 1
44846 44847 1
44846 44849 1
44847 44848 1
44848 44850 1
44850 44856 1
44851 44944 1
44852 44898 1
44852 44899 1
44853 44854 1
44854 44855 1
44855 44856 1
44857 44858 1
44857 44872 1
44857 44873 1
44858 44859 1
44859 44860 1
44860 44861 1
44861 46093 1
44862 44880 1
44863 44864 1
44864 44865 1
44864 44866 1
44865 44932 1
44866 44867 1
44866 44932 1
44867 44868 1
44868 44869 1
44869 44870 1
44870 44871 1
44871 44879 1
44872 44873 1
44872 44879 1
44873 44874 1
44874 44875 1
44875 44876 1
44876 44877 1
44877 44878 1
44878 44939 1
44880 44892 1
44881 44940 1
44881 46081 1
44882 44889 1
44882 44890 1
44882 44891 1
44882 44899 1
44882 44901 1
44883 44884 1
44883 44925 1
44884 44900 1
44885 44887 1
44885 44900 1
44886 44937 1
44887 44888 1
44888 44889 1
44889 44890 1
44889 44891 1
44890 44891 1
44890 44899 1
44891 44893 1
44891 44899 1
44892 44905 1
44893 44902 1
44894 44895 1
44894 44902 1
44895 44896 1
44896 44915 1
44897 44898 1
44903 44904 1
44904 44907 1
44905 45053 1
44906 44908 1
44906 44913 1
44907 44909 1
44908 44912 1
44909 44910 1
44910 44911 1
44911 44956 1
44914 44925 1
44914 44938 1
44915 44916 1
44916 44917 1
44917 44918 1
44918 44919 1
44919 44921 1
44920 44922 1
44920 45037 1
44921 44961 1
44922 44923 1
44923 44931 1
44924 44927 1
44924 44961 1
44926 44928 1
44926 44930 1
44927 44929 1
44928 44931 1
44929 44930 1
44933 44939 1
44933 44942 1
44934 44940 1
44934 44942 1
44935 45026 1
44935 45027 1
44936 45060 1
44936 45061 1
44938 44953 1
44940 45025 1
44940 45028 1
44941 45066 1
44943 44945 1
44943 44986 1
44944 44953 1
44945 44946 1
44946 44947 1
44947 44948 1
44948 44949 1
44949 44950 1
44950 44951 1
44950 44959 1
44951 44952 1
44954 44958 1
44955 44956 1
44957 44958 1
44957 44959 1
44960 44979 1
44961 44962 1
44962 44963 1
44963 44964 1
44964 44974 1
44965 44966 1
44965 44973 1
44966 44967 1
44967 44968 1
44968 44969 1
44969 44971 1
44970 44994 1
44970 45010 1
44971 44972 1
44972 45000 1
44973 44975 1
44974 44976 1
44975 44978 1
44976 44977 1
44977 44987 1
44978 44980 1
44979 45001 1
44980 44981 1
44980 44982 1
44981 44982 1
44981 44987 1
44982 44983 1
44983 44986 1
44984 45078 1
44985 44994 1
44985 45014 1
44988 44990 1
44988 45000 1
44989 44993 1
44990 44991 1
44991 44992 1
44992 44996 1
44993 44998 1
44995 44998 1
44996 44997 1
44997 44999 1
44998 45003 1
44999 45002 1
45001 45014 1
45002 45004 1
45003 45007 1
45004 45005 1
45005 45006 1
45006 45007 1
45006 45008 1
45007 45008 1
45007 45012 1
45007 45015 1
45008 45009 1
45009 45011 1
45009 45013 1
45010 45037 1
45011 45012 1
45011 45013 1
45012 45013 1
45012 45015 1
45013 45071 1
45015 45073 1
45016 45017 1
45016 45035 1
45017 45018 1
45018 45019 1
45019 45020 1
45020 45022 1
45021 45024 1
45022 45023 1
45023 45026 1
45024 45059 1
45025 45027 1
45028 45029 1
45029 45030 1
45030 45031 1
45031 45032 1
45032 45033 1
45033 45034 1
45034 45056 1
45035 45049 1
45036 45038 1
45036 45048 1
45038 45040 1
45039 45040 1
45039 45041 1
45041 45042 1
45042 45043 1
45043 45044 1
45044 45046 1
45045 45053 1
45045 45057 1
45046 45047 1
45047 45085 1
45048 45049 1
45050 45054 1
45050 45096 1
45051 45052 1
45052 45055 1
45054 45067 1
45055 45069 1
45056 45058 1
45057 45072 1
45058 45059 1
45058 45060 1
45061 45062 1
45062 45064 1
45063 45072 1
45063 45095 1
45064 45065 1
45065 45066 1
45067 45068 1
45068 45069 1
45068 45071 1
45069 45070 1
45070 45071 1
45073 45074 1
45074 45075 1
45075 45076 1
45076 45077 1
45077 45079 1
45078 45094 1
45079 45080 1
45080 45081 1
45081 45082 1
45082 45083 1
45083 45085 1
45084 45086 1
45086 45087 1
45087 45088 1
45088 45089 1
45089 45091 1
45090 45091 1
45090 45092 1
45092 45093 1
45096 45097 1
45098 45099 1
45099 45100 1
45100 45101 1
45101 45102 1
45102 45103 1
45104 45207 1
45104 45222 1
45105 45119 1
45105 45246 1
45105 45252 1
45106 45107 1
45106 45254 1
45107 45120 1
45108 45119 1
45108 45120 1
45109 45110 1
45109 45119 1
45110 45111 1
45111 45112 1
45112 45113 1
45113 45118 1
45114 45116 1
45114 45118 1
45115 45189 1
45116 45195 1
45116 45258 1
45117 45137 1
45117 45140 1
45117 45253 1
45119 45252 1
45121 45139 1
45121 45140 1
45122 45123 1
45122 45240 1
45123 45124 1
45123 45136 1
45124 45125 1
45125 45126 1
45126 45127 1
45127 45128 1
45128 45130 1
45129 45142 1
45129 45258 1
45130 45131 1
45131 45132 1
45132 45133 1
45133 45134 1
45134 45135 1
45134 45141 1
45135 45141 1
45135 45170 1
45136 45138 1
45137 45168 1
45138 45243 1
45141 45234 1
45142 45175 1
45143 45144 1
45143 45205 1
45144 45145 1
45145 45149 1
45146 45147 1
45146 45149 1
45147 45148 1
45150 45162 1
45150 45206 1
45151 45152 1
45151 45170 1
45152 45154 1
45153 45156 1
45154 45155 1
45154 45157 1
45155 45157 1
45155 45158 1
45156 45159 1
45157 45160 1
45158 45159 1
45159 45161 1
45160 45163 1
45161 45164 1
45162 45189 1
45163 45167 1
45164 45165 1
45165 45166 1
45166 45228 1
45167 45169 1
45168 45206 1
45169 45200 1
45171 45172 1
45171 45250 1
45172 45174 1
45173 45174 1
45175 45183 1
45176 45177 1
45177 45178 1
45178 45179 1
45179 45255 1
45180 45181 1
45181 45222 1
45182 45223 1
45182 45225 1
45183 45185 1
45184 45186 1
45184 45189 1
45185 45188 1
45186 45187 1
45187 45198 1
45188 45190 1
45190 45191 1
45191 45193 1
45192 45193 1
45192 45198 1
45193 45194 1
45193 45197 1
45195 45196 1
45199 45228 1
45199 45253 1
45200 45201 1
45201 45202 1
45202 45203 1
45203 45204 1
45204 45205 1
45207 45208 1
45208 45209 1
45208 45210 1
45209 45210 1
45210 45211 1
45211 45217 1
45211 45221 1
45213 45214 1
45213 45216 1
45214 45215 1
45214 45216 1
45215 45217 1
45216 45219 1
45218 45219 1
45218 45220 1
45220 46080 1
45221 45231 1
45223 45224 1
45224 45231 1
45225 45226 1
45226 45227 1
45227 45229 1
45230 45232 1
45233 45239 1
45233 45260 1
45234 45235 1
45235 45237 1
45236 45237 1
45238 45241 1
45239 45240 1
45241 45242 1
45242 45244 1
45243 45245 1
45244 45246 1
45245 45251 1
45247 45248 1
45247 45251 1
45248 45249 1
45249 45254 1
45250 45252 1
45255 45256 1
45256 45257 1
45257 45259 1
45259 45260 1
45261 45310 1
45261 45424 1
45262 45288 1
45262 45437 1
45263 45264 1
45263 45446 1
45264 45266 1
45265 45268 1
45265 45425 1
45266 45267 1
45267 45269 1
45270 45273 1
45270 45297 1
45271 45277 1
45272 45273 1
45272 45288 1
45273 45274 1
45274 45757 1
45275 45726 1
45275 45758 1
45276 45278 1
45277 45284 1
45278 45279 1
45280 45285 1
45281 45282 1
45282 45283 1
45283 45294 1
45284 45297 1
45285 45286 1
45286 45287 1
45287 45289 1
45289 45290 1
45290 45291 1
45291 45298 1
45292 45293 1
45292 45296 1
45293 45304 1
45294 45295 1
45295 45299 1
45296 45298 1
45299 45300 1
45300 45302 1
45301 45305 1
45301 45424 1
45302 45303 1
45303 45345 1
45304 45311 1
45305 45315 1
45306 45307 1
45306 45311 1
45307 45308 1
45308 45309 1
45309 45412 1
45310 45426 1
45312 45320 1
45312 45442 1
45313 45314 1
45313 45326 1
45313 45329 1
45314 45316 1
45314 45327 1
45314 45329 1
45315 45328 1
45316 45317 1
45316 45318 1
45317 45318 1
45317 45327 1
45318 45319 1
45319 45321 1
45320 45323 1
45320 45325 1
45321 45347 1
45321 45362 1
45322 45324 1
45323 45324 1
45323 45325 1
45324 45327 1
45324 45329 1
45324 45349 1
45325 45398 1
45326 45420 1
45327 45329 1
45327 45349 1
45328 45339 1
45329 45349 1
45330 45331 1
45330 45345 1
45330 45347 1
45331 45335 1
45332 45333 1
45332 45334 1
45333 45336 1
45334 45346 1
45335 45342 1
45336 45338 1
45337 45340 1
45337 45346 1
45338 45341 1
45339 45348 1
45340 45351 1
45341 45344 1
45342 45343 1
45343 45379 1
45344 45363 1
45348 45352 1
45349 45353 1
45350 45351 1
45350 45354 1
45350 45362 1
45351 45354 1
45352 45359 1
45353 45356 1
45354 45358 1
45355 45357 1
45355 45361 1
45356 45360 1
45356 45382 1
45358 45383 1
45359 45368 1
45360 45382 1
45360 45386 1
45361 45384 1
45363 45364 1
45364 45366 1
45364 45367 1
45365 45367 1
45365 45379 1
45366 45369 1
45368 45372 1
45369 45370 1
45370 45371 1
45370 45381 1
45371 45373 1
45371 45381 1
45372 45378 1
45373 45380 1
45374 45375 1
45374 45380 1
45375 45376 1
45376 45377 1
45378 45387 1
45382 45388 1
45383 45386 1
45384 45385 1
45385 45386 1
45386 45390 1
45387 45394 1
45388 45399 1
45389 45390 1
45389 45391 1
45391 45392 1
45392 45393 1
45393 45395 1
45394 45432 1
45395 45396 1
45396 45397 1
45397 45400 1
45398 45405 1
45398 45406 1
45399 45405 1
45400 45401 1
45400 45402 1
45401 45402 1
45402 45403 1
45403 45404 1
45405 45406 1
45406 45407 1
45407 45408 1
45407 45410 1
45408 45409 1
45408 45410 1
45409 45411 1
45412 45414 1
45413 45416 1
45413 45423 1
45414 45415 1
45415 45417 1
45415 45423 1
45416 45418 1
45417 45419 1
45418 45422 1
45419 45421 1
45420 45421 1
45425 45427 1
45425 45428 1
45426 45437 1
45427 45428 1
45428 45429 1
45429 45430 1
45429 45431 1
45430 45431 1
45432 45433 1
45433 45434 1
45434 45435 1
45435 45436 1
45435 45438 1
45436 45438 1
45436 45439 1
45438 45443 1
45439 45440 1
45440 45441 1
45441 45442 1
45443 45444 1
45444 45445 1
45445 45446 1
45447 45554 1
45448 45456 1
45448 45532 1
45449 45453 1
45449 45457 1
45450 45456 1
45450 45458 1
45451 45453 1
45451 45454 1
45452 45455 1
45452 45457 1
45454 45458 1
45455 45492 1
45459 45462 1
45459 45504 1
45460 45461 1
45460 45467 1
45461 45463 1
45462 45466 1
45463 45464 1
45464 45465 1
45465 45574 1
45466 45467 1
45467 53656 1
45467 53657 1
45467 53658 1
45467 53659 1
45468 45473 1
45468 45474 1
45469 45472 1
45469 45474 1
45470 45472 1
45471 45473 1
45471 45571 1
45475 45476 1
45475 45489 1
45475 45490 1
45476 45546 1
45477 45478 1
45477 45480 1
45477 45502 1
45478 45479 1
45478 45480 1
45479 45481 1
45479 45502 1
45480 45484 1
45481 45482 1
45482 45483 1
45483 45504 1
45484 45485 1
45485 45486 1
45486 45487 1
45488 45489 1
45490 45491 1
45491 45503 1
45492 45493 1
45493 45494 1
45494 45495 1
45495 45496 1
45496 45497 1
45497 45498 1
45498 45499 1
45499 45500 1
45500 45501 1
45501 45502 1
45503 45545 1
45505 45513 1
45505 45583 1
45506 45512 1
45506 45516 1
45507 45511 1
45507 45512 1
45508 45509 1
45508 45511 1
45509 45510 1
45513 45514 1
45514 45515 1
45515 45516 1
45517 45518 1
45519 45520 1
45519 45529 1
45519 53664 1
45520 45523 1
45520 45525 1
45521 45522 1
45521 45526 1
45523 53662 1
45524 45525 1
45524 45526 1
45524 53675 1
45524 53693 1
45524 53696 1
45524 53698 1
45524 53702 1
45524 53703 1
45524 53886 1
45524 53892 1
45524 53920 1
45525 45526 1
45525 53675 1
45525 53696 1
45525 53698 1
45525 53700 1
45525 53701 1
45525 53702 1
45525 53703 1
45525 53704 1
45525 53705 1
45525 53709 1
45525 53710 1
45525 53715 1
45525 53716 1
45525 53717 1
45525 53758 1
45525 53886 1
45525 53891 1
45525 53892 1
45525 53893 1
45525 53894 1
45525 53913 1
45525 53915 1
45525 53916 1
45525 53920 1
45526 45534 1
45526 53712 1
45527 45528 1
45527 45529 1
45528 45530 1
45530 45532 1
45531 45533 1
45531 45568 1
45533 53660 1
45533 53924 1
45533 53956 1
45534 53663 1
45534 53665 1
45534 53666 1
45534 53796 1
45534 53924 1
45534 53956 1
45535 45556 1
45536 45548 1
45536 45565 1
45537 45538 1
45537 45562 1
45538 45553 1
45539 45552 1
45539 45567 1
45540 45544 1
45540 45551 1
45541 45542 1
45541 45543 1
45542 45544 1
45543 45545 1
45546 45557 1
45547 45549 1
45547 46063 1
45549 45550 1
45550 45551 1
45553 45554 1
45554 45555 1
45555 45556 1
45557 45558 1
45558 45559 1
45559 45560 1
45560 45561 1
45561 45563 1
45562 45566 1
45563 45564 1
45564 45565 1
45566 45567 1
45568 45572 1
45569 45570 1
45569 45572 1
45570 45571 1
45573 45582 1
45574 45575 1
45575 45576 1
45576 45577 1
45577 45578 1
45578 45579 1
45579 45580 1
45580 45582 1
45581 45583 1
45584 45619 1
45584 45904 1
45585 45590 1
45585 45786 1
45586 45587 1
45586 45617 1
45587 45593 1
45588 45589 1
45588 45795 1
45589 45591 1
45590 45604 1
45591 45592 1
45592 45594 1
45593 45595 1
45593 45596 1
45594 45595 1
45595 45596 1
45596 45597 1
45597 45618 1
45598 45616 1
45598 45665 1
45599 45600 1
45599 45616 1
45600 45601 1
45601 45602 1
45602 45603 1
45602 45614 1
45603 45605 1
45605 45606 1
45606 45607 1
45607 45608 1
45608 45609 1
45609 45610 1
45610 45611 1
45611 45612 1
45612 45613 1
45613 45631 1
45614 45615 1
45617 45645 1
45618 45621 1
45619 45662 1
45620 45622 1
45621 45623 1
45622 45624 1
45623 45626 1
45624 45625 1
45625 45629 1
45626 45627 1
45627 45628 1
45628 45630 1
45629 45706 1
45630 45706 1
45631 45632 1
45632 45633 1
45632 45639 1
45633 45634 1
45633 45639 1
45634 45635 1
45635 45636 1
45636 45653 1
45637 45638 1
45637 45653 1
45638 45679 1
45640 45643 1
45640 45703 1
45641 45644 1
45641 45762 1
45642 45647 1
45642 45654 1
45642 45787 1
45643 45646 1
45644 45648 1
45644 45651 1
45646 45648 1
45646 45651 1
45647 45649 1
45648 45650 1
45648 45651 1
45649 45650 1
45649 45652 1
45652 45654 1
45654 45670 1
45654 45787 1
45655 45737 1
45655 45779 1
45656 45657 1
45656 45666 1
45656 45678 1
45657 45658 1
45658 45659 1
45659 45660 1
45660 45661 1
45661 45663 1
45661 45668 1
45662 45671 1
45663 45664 1
45663 45668 1
45664 45665 1
45666 45667 1
45666 45669 1
45667 45669 1
45667 50178 1
45670 45672 1
45671 45693 1
45672 45673 1
45673 45674 1
45674 45676 1
45675 45676 1
45675 45684 1
45677 45678 1
45679 45703 1
45680 45681 1
45680 45695 1
45681 45694 1
45682 45683 1
45682 45684 1
45683 45685 1
45685 45686 1
45686 45687 1
45687 45694 1
45688 45689 1
45689 45690 1
45690 45691 1
45691 45692 1
45692 45718 1
45693 45722 1
45695 45702 1
45696 45697 1
45696 45701 1
45697 45704 1
45698 45704 1
45698 45734 1
45699 45701 1
45699 45702 1
45700 45705 1
45706 45707 1
45707 45708 1
45708 45709 1
45709 45710 1
45710 45711 1
45711 45712 1
45712 45713 1
45713 45714 1
45714 45715 1
45715 45716 1
45716 45717 1
45717 45718 1
45719 45721 1
45719 45723 1
45720 45721 1
45720 45724 1
45722 45731 1
45723 45725 1
45724 45729 1
45725 45726 1
45727 45728 1
45727 45730 1
45728 45729 1
45730 45732 1
45731 45736 1
45732 45733 1
45733 45735 1
45734 45735 1
45736 45747 1
45737 45783 1
45738 45739 1
45738 45755 1
45739 45740 1
45740 45741 1
45741 45742 1
45743 45744 1
45743 45769 1
45744 45746 1
45745 45752 1
45745 45767 1
45746 45751 1
45747 45784 1
45748 45749 1
45748 45753 1
45749 45750 1
45750 45751 1
45752 45756 1
45753 45754 1
45754 45755 1
45757 45763 1
45758 45761 1
45759 45760 1
45759 45763 1
45760 45763 1
45760 45765 1
45761 45764 1
45762 45774 1
45763 45764 1
45763 45766 1
45765 45767 1
45766 45768 1
45768 45769 1
45770 45772 1
45770 45782 1
45771 45775 1
45771 45782 1
45772 45781 1
45773 45776 1
45773 45779 1
45773 45780 1
45774 45785 1
45775 45777 1
45776 45778 1
45778 45781 1
45783 45786 1
45784 45785 1
45787 45788 1
45788 45789 1
45789 45790 1
45790 45791 1
45791 45792 1
45791 45798 1
45792 45796 1
45793 45794 1
45793 45796 1
45794 45795 1
45797 45798 1
45799 45890 1
45799 45919 1
45800 45890 1
45800 45920 1
45801 45970 1
45801 45973 1
45802 45804 1
45802 45972 1
45803 45840 1
45803 45969 1
45803 45975 1
45804 45978 1
45805 45809 1
45805 45971 1
45806 45807 1
45806 45824 1
45807 45808 1
45808 45825 1
45809 45821 1
45809 45971 1
45810 45825 1
45810 45827 1
45811 45820 1
45811 45821 1
45812 45814 1
45812 45822 1
45813 45828 1
45813 45830 1
45814 45819 1
45814 45827 1
45814 45828 1
45815 45826 1
45815 45828 1
45815 45829 1
45816 45819 1
45817 45823 1
45817 45824 1
45818 45823 1
45818 53310 1
45820 45830 1
45822 50969 1
45831 45834 1
45831 45838 1
45832 45833 1
45832 45835 1
45833 45834 1
45835 45837 1
45836 45858 1
45836 45975 1
45837 45839 1
45838 45855 1
45839 45884 1
45840 45849 1
45841 45842 1
45841 45964 1
45842 45843 1
45843 45844 1
45844 45845 1
45845 45846 1
45846 45847 1
45847 45848 1
45848 45850 1
45849 45875 1
45850 45851 1
45851 45852 1
45852 45854 1
45853 45889 1
45853 45890 1
45854 45886 1
45855 45856 1
45856 45867 1
45857 45859 1
45857 45867 1
45858 45877 1
45859 45860 1
45860 45861 1
45861 45865 1
45862 45863 1
45862 45865 1
45863 45864 1
45864 45866 1
45864 45869 1
45866 45868 1
45866 45869 1
45868 45957 1
45870 45934 1
45870 45937 1
45870 45943 1
45870 45948 1
45871 45924 1
45871 45950 1
45872 45889 1
45872 45969 1
45873 45928 1
45873 45937 1
45874 45928 1
45875 45876 1
45876 45879 1
45877 45878 1
45878 45880 1
45879 45882 1
45880 45881 1
45881 45883 1
45882 45885 1
45883 45884 1
45885 45893 1
45886 45887 1
45887 45888 1
45888 45891 1
45889 45939 1
45891 45892 1
45893 45894 1
45894 45895 1
45895 45896 1
45896 45897 1
45897 45898 1
45898 45899 1
45899 45900 1
45900 45901 1
45901 45902 1
45902 45903 1
45903 45904 1
45905 45918 1
45905 45977 1
45906 45907 1
45906 45967 1
45907 45908 1
45908 45909 1
45908 45910 1
45909 45910 1
45910 45912 1
45911 45940 1
45911 45979 1
45912 45913 1
45913 45914 1
45914 45915 1
45915 45917 1
45916 45917 1
45917 53311 1
45918 45955 1
45919 53452 1
45921 45922 1
45921 45923 1
45921 45950 1
45922 45950 1
45924 45925 1
45925 45926 1
45926 45927 1
45927 45932 1
45928 45930 1
45928 45934 1
45929 45930 1
45929 45934 1
45930 45931 1
45930 45933 1
45931 45933 1
45931 45948 1
45932 45935 1
45934 45937 1
45935 45936 1
45935 45938 1
45935 45948 1
45937 45943 1
45937 45948 1
45938 45941 1
45939 45969 1
45940 45959 1
45941 45942 1
45942 45944 1
45943 45944 1
45943 45945 1
45943 45946 1
45943 45948 1
45944 45946 1
45946 45949 1
45947 45949 1
45947 45953 1
45951 45952 1
45951 45953 1
45951 45957 1
45952 45954 1
45953 45957 1
45954 45956 1
45955 45960 1
45956 45958 1
45959 45960 1
45960 45961 1
45961 45962 1
45962 45963 1
45962 45967 1
45962 45968 1
45963 45965 1
45964 45966 1
45965 45966 1
45969 45975 1
45970 53308 1
45971 45972 1
45973 45974 1
45974 45976 1
45976 45977 1
45978 45979 1
45980 45981 1
45980 46065 1
45981 46078 1
45982 46065 1
45982 46093 1
45983 46098 1
45983 46099 1
45984 45986 1
45984 45987 1
45985 45987 1
45985 46022 1
45986 45988 1
45989 46006 1
45989 46056 1
45989 46066 1
45989 46069 1
45989 46076 1
45990 46000 1
45990 46081 1
45991 45992 1
45991 46006 1
45992 45993 1
45993 45995 1
45994 45995 1
45995 46005 1
45996 45997 1
45996 46005 1
45996 46007 1
45996 46008 1
45997 45999 1
45998 46001 1
45998 46101 1
45999 46024 1
46000 46004 1
46001 46003 1
46002 46003 1
46002 46023 1
46004 46013 1
46007 46008 1
46009 46010 1
46009 46075 1
46010 46012 1
46011 46015 1
46011 46072 1
46012 46014 1
46013 46021 1
46014 46017 1
46015 46022 1
46016 46017 1
46016 46018 1
46018 46019 1
46019 46020 1
46020 46037 1
46021 46082 1
46023 46026 1
46024 46025 1
46025 46028 1
46025 46030 1
46026 46029 1
46027 46029 1
46028 46030 1
46028 46033 1
46029 46032 1
46029 46035 1
46030 46032 1
46030 46033 1
46031 46034 1
46031 46082 1
46032 46035 1
46033 46071 1
46034 46041 1
46035 46036 1
46036 46068 1
46037 46038 1
46038 46039 1
46039 46040 1
46039 46045 1
46040 46042 1
46040 46045 1
46041 46052 1
46042 46043 1
46043 46044 1
46044 46046 1
46045 46048 1
46046 46047 1
46047 46049 1
46048 46059 1
46049 46050 1
46050 46051 1
46051 46053 1
46052 46077 1
46053 46054 1
46054 46055 1
46055 46057 1
46056 46066 1
46056 46069 1
46056 46077 1
46057 46058 1
46059 46064 1
46060 46061 1
46060 46064 1
46061 46067 1
46062 46063 1
46062 46067 1
46066 46069 1
46066 46076 1
46068 46070 1
46069 46076 1
46070 46072 1
46071 46073 1
46073 46074 1
46074 46075 1
46079 46083 1
46080 46083 1
46083 46084 1
46084 46085 1
46085 46086 1
46086 46087 1
46087 46088 1
46088 46089 1
46089 46090 1
46090 46091 1
46091 46092 1
46092 46094 1
46094 46095 1
46095 46096 1
46096 46097 1
46097 46099 1
46099 46102 1
46100 46101 1
46100 46102 1
46103 46104 1
46103 46219 1
46104 46149 1
46105 46253 1
46105 46259 1
46106 46107 1
46106 46135 1
46107 46108 1
46108 46109 1
46109 46110 1
46110 46111 1
46111 46114 1
46112 46113 1
46112 46115 1
46113 46114 1
46116 46132 1
46117 46121 1
46117 46198 1
46118 46119 1
46118 46183 1
46119 46122 1
46120 46137 1
46120 46241 1
46121 46124 1
46122 46123 1
46123 46125 1
46124 46125 1
46124 46126 1
46125 46126 1
46126 46127 1
46127 46128 1
46128 46129 1
46129 46253 1
46130 46131 1
46130 46251 1
46131 46133 1
46131 46156 1
46132 46150 1
46133 46134 1
46134 46143 1
46135 46136 1
46136 46138 1
46136 46143 1
46137 46154 1
46138 46139 1
46138 46140 1
46138 46143 1
46139 46140 1
46139 46153 1
46140 46141 1
46141 46142 1
46144 46145 1
46144 46146 1
46144 46262 1
46144 46264 1
46145 46146 1
46145 46260 1
46146 46148 1
46146 46260 1
46147 46148 1
46147 46159 1
46148 46151 1
46148 46152 1
46148 46153 1
46149 46197 1
46150 46157 1
46151 46156 1
46152 46153 1
46152 46155 1
46154 46158 1
46155 46156 1
46157 46164 1
46158 46169 1
46159 46160 1
46160 46170 1
46161 46162 1
46161 46170 1
46162 46163 1
46163 46165 1
46164 46173 1
46165 46166 1
46166 46167 1
46167 46168 1
46169 46198 1
46171 46172 1
46171 46175 1
46171 46181 1
46172 46174 1
46172 46175 1
46172 46181 1
46173 46183 1
46174 46176 1
46175 46178 1
46175 46181 1
46176 46177 1
46177 46201 1
46179 46180 1
46180 46181 1
46182 46184 1
46182 46204 1
46184 46185 1
46185 46186 1
46185 46187 1
46185 46206 1
46186 46193 1
46187 46188 1
46188 46190 1
46188 46199 1
46189 46191 1
46189 46192 1
46190 46192 1
46193 46194 1
46194 46195 1
46195 46196 1
46196 46200 1
46197 46240 1
46199 46230 1
46200 46229 1
46201 46202 1
46202 46203 1
46203 46204 1
46205 46206 1
46207 46212 1
46207 46239 1
46208 46211 1
46208 46223 1
46209 46210 1
46209 46228 1
46210 46213 1
46212 46215 1
46213 46214 1
46214 46242 1
46215 46216 1
46216 46255 1
46217 46218 1
46218 46221 1
46221 46222 1
46222 46224 1
46224 46225 1
46225 46228 1
46226 46227 1
46226 46240 1
46227 46228 1
46229 46231 1
46230 46233 1
46231 46232 1
46232 46234 1
46233 46235 1
46234 46237 1
46235 46236 1
46237 46238 1
46238 46239 1
46241 46263 1
46242 46243 1
46243 46244 1
46244 46245 1
46245 46246 1
46246 46247 1
46247 46252 1
46248 46249 1
46248 46252 1
46249 46250 1
46250 46251 1
46254 46255 1
46254 46257 1
46256 46257 1
46256 46258 1
46258 46261 1
46259 46260 1
46260 46264 1
46261 46262 1
46262 46264 1
46263 51082 1
46265 46348 1
46266 46338 1
46266 46359 1
46267 46268 1
46267 46272 1
46268 46590 1
46269 46582 1
46269 46590 1
46269 46596 1
46269 46600 1
46270 46768 1
46270 46781 1
46270 46783 1
46270 46785 1
46271 46774 1
46271 46781 1
46272 46783 1
46273 46274 1
46273 46318 1
46274 46278 1
46275 46276 1
46275 46295 1
46276 46281 1
46277 46282 1
46277 46372 1
46278 46279 1
46279 46281 1
46279 46283 1
46280 46338 1
46281 46283 1
46282 46296 1
46283 46284 1
46284 46296 1
46285 46375 1
46285 46376 1
46286 46287 1
46286 46373 1
46287 46288 1
46288 46289 1
46289 46290 1
46290 46291 1
46291 46292 1
46292 46293 1
46293 46522 1
46294 46307 1
46297 46323 1
46298 46299 1
46298 46323 1
46299 46324 1
46300 46313 1
46300 46315 1
46301 46303 1
46302 46314 1
46302 46320 1
46303 46319 1
46304 46316 1
46304 46319 1
46305 46306 1
46305 53602 1
46306 46321 1
46307 46318 1
46308 46317 1
46308 46321 1
46309 46310 1
46309 46321 1
46310 46394 1
46311 46312 1
46311 46320 1
46312 46347 1
46313 46322 1
46314 46315 1
46316 46317 1
46322 46324 1
46325 46328 1
46325 46683 1
46326 46331 1
46326 46682 1
46327 46332 1
46327 46684 1
46328 46329 1
46329 46330 1
46330 46336 1
46331 46333 1
46332 46339 1
46333 46337 1
46334 46335 1
46334 46336 1
46335 46341 1
46337 46342 1
46339 46340 1
46340 46724 1
46341 46444 1
46342 46343 1
46343 46344 1
46344 46345 1
46345 46346 1
46346 46698 1
46347 46349 1
46348 46519 1
46349 46350 1
46350 46351 1
46351 46352 1
46352 46353 1
46353 46354 1
46354 46355 1
46355 46356 1
46356 46357 1
46357 46361 1
46358 46360 1
46358 46403 1
46359 46782 1
46360 46363 1
46361 46362 1
46362 46367 1
46363 46365 1
46364 46400 1
46364 46721 1
46365 46366 1
46365 46673 1
46365 46674 1
46366 46369 1
46366 46673 1
46366 46674 1
46367 46368 1
46367 46371 1
46368 46670 1
46369 46370 1
46370 46371 1
46372 46398 1
46373 46374 1
46374 46399 1
46375 46401 1
46376 46377 1
46377 46378 1
46378 46402 1
46379 46380 1
46379 46402 1
46380 46381 1
46381 46382 1
46382 46383 1
46383 46385 1
46384 46386 1
46384 46387 1
46385 46388 1
46386 46390 1
46387 46389 1
46388 46393 1
46389 46610 1
46390 46391 1
46391 46392 1
46392 46396 1
46393 46610 1
46394 46395 1
46395 46396 1
46397 46398 1
46397 46399 1
46397 46401 1
46398 46401 1
46400 46576 1
46403 46404 1
46404 46406 1
46405 46524 1
46405 46525 1
46406 46407 1
46407 46408 1
46408 46409 1
46409 46426 1
46410 46422 1
46410 46427 1
46411 46412 1
46411 46432 1
46412 46420 1
46412 46634 1
46413 46420 1
46413 46633 1
46413 46634 1
46414 46423 1
46415 46416 1
46415 46428 1
46416 46418 1
46417 46421 1
46417 46425 1
46418 46421 1
46419 46424 1
46419 46425 1
46422 46426 1
46423 46430 1
46424 46431 1
46427 46432 1
46428 46429 1
46429 46479 1
46430 46440 1
46431 46697 1
46433 46435 1
46433 46479 1
46434 46436 1
46434 46437 1
46435 46437 1
46436 46438 1
46438 46470 1
46439 46441 1
46439 46470 1
46440 46567 1
46441 46442 1
46442 46443 1
46443 46445 1
46444 46476 1
46445 46449 1
46446 46448 1
46446 46471 1
46447 46474 1
46447 46475 1
46448 46452 1
46449 46455 1
46449 46475 1
46450 46539 1
46450 46547 1
46451 46454 1
46451 46474 1
46452 46453 1
46453 46472 1
46454 46472 1
46455 46473 1
46455 46475 1
46456 46457 1
46456 46468 1
46457 46458 1
46458 46459 1
46459 46462 1
46460 46469 1
46460 46570 1
46461 46465 1
46461 46466 1
46462 46463 1
46463 46464 1
46464 46467 1
46465 46467 1
46466 46477 1
46468 46473 1
46469 46478 1
46471 46476 1
46478 46556 1
46480 46516 1
46480 46629 1
46480 46631 1
46481 46518 1
46481 46521 1
46482 46514 1
46482 46515 1
46483 46501 1
46483 46510 1
46483 46511 1
46484 46485 1
46484 46514 1
46485 46489 1
46485 46507 1
46486 46505 1
46486 46511 1
46487 46489 1
46487 46505 1
46487 46507 1
46488 46495 1
46488 46556 1
46489 46507 1
46490 46500 1
46490 46507 1
46491 46500 1
46491 46512 1
46492 46493 1
46492 46496 1
46492 46499 1
46492 46512 1
46493 46509 1
46494 46497 1
46494 46509 1
46494 46527 1
46495 46504 1
46496 46499 1
46496 46502 1
46496 46512 1
46497 46503 1
46498 46503 1
46498 46527 1
46499 46512 1
46501 46508 1
46501 46511 1
46502 46558 1
46504 46577 1
46506 46521 1
46506 46614 1
46508 46517 1
46510 46518 1
46513 46520 1
46513 46564 1
46513 46574 1
46515 46516 1
46519 46576 1
46520 46528 1
46522 46523 1
46523 46524 1
46525 46526 1
46526 46529 1
46527 46534 1
46528 46535 1
46529 46530 1
46530 46531 1
46531 46533 1
46532 46534 1
46532 46644 1
46532 46667 1
46533 46648 1
46535 46784 1
46536 46538 1
46536 46606 1
46537 46540 1
46537 46649 1
46539 46567 1
46540 46545 1
46541 46542 1
46542 46544 1
46543 46549 1
46544 46546 1
46545 46546 1
46545 46548 1
46546 46548 1
46547 46570 1
46548 46550 1
46548 46685 1
46549 46554 1
46550 46551 1
46550 46685 1
46551 46552 1
46552 46553 1
46553 46555 1
46554 46686 1
46555 46557 1
46557 46558 1
46559 46563 1
46559 46573 1
46560 46561 1
46561 46573 1
46562 46563 1
46562 46579 1
46563 46565 1
46564 46574 1
46564 46577 1
46565 46566 1
46566 46575 1
46568 46569 1
46568 46571 1
46568 46575 1
46569 46571 1
46569 46665 1
46571 46572 1
46571 46665 1
46572 46601 1
46578 46581 1
46578 46604 1
46578 46605 1
46578 46606 1
46579 46580 1
46580 46582 1
46581 46594 1
46581 46606 1
46582 46596 1
46582 46600 1
46583 46593 1
46583 46598 1
46584 46585 1
46584 46592 1
46584 46690 1
46585 46599 1
46586 46589 1
46586 46597 1
46587 46591 1
46587 46593 1
46588 46595 1
46588 46779 1
46589 46735 1
46591 46594 1
46592 46598 1
46592 46785 1
46595 46618 1
46596 46600 1
46596 46784 1
46596 46786 1
46597 46599 1
46598 46785 1
46601 46602 1
46602 46603 1
46603 46604 1
46604 46605 1
46606 46607 1
46607 46608 1
46609 46660 1
46609 46775 1
46610 46611 1
46611 46612 1
46611 46613 1
46612 46615 1
46613 46616 1
46614 46643 1
46615 46640 1
46616 46617 1
46617 46637 1
46618 46646 1
46619 46620 1
46619 46640 1
46620 46621 1
46621 46622 1
46622 46623 1
46623 46624 1
46624 46636 1
46625 46626 1
46625 46636 1
46626 46627 1
46627 46628 1
46628 46630 1
46629 46631 1
46630 46633 1
46631 46632 1
46632 46638 1
46633 46634 1
46634 46641 1
46635 46638 1
46635 46642 1
46637 46639 1
46639 46643 1
46641 46642 1
46644 46667 1
46645 46649 1
46645 46669 1
46646 46777 1
46646 46779 1
46647 46651 1
46647 46669 1
46648 46650 1
46650 46655 1
46651 46654 1
46652 46667 1
46652 46668 1
46653 46666 1
46653 46777 1
46654 46657 1
46655 46656 1
46655 46658 1
46656 46658 1
46656 46668 1
46657 46659 1
46658 46663 1
46659 46661 1
46660 46700 1
46660 46775 1
46660 46776 1
46661 46662 1
46662 46663 1
46663 46664 1
46664 46665 1
46666 46672 1
46670 46671 1
46671 46675 1
46672 46778 1
46673 46674 1
46673 46676 1
46674 46676 1
46674 46677 1
46675 46678 1
46676 46682 1
46677 46683 1
46678 46681 1
46679 46680 1
46679 46684 1
46680 46681 1
46685 46687 1
46686 46689 1
46687 46688 1
46688 46692 1
46689 46690 1
46691 46733 1
46691 46750 1
46692 46693 1
46693 46694 1
46694 46695 1
46695 46696 1
46696 46697 1
46698 46699 1
46699 46701 1
46700 46722 1
46700 46776 1
46701 46702 1
46702 46703 1
46703 46704 1
46704 46705 1
46705 46706 1
46706 46707 1
46707 46708 1
46708 46713 1
46709 46710 1
46709 46713 1
46710 46712 1
46711 46768 1
46711 46778 1
46714 46715 1
46714 46728 1
46715 46716 1
46716 46717 1
46717 46725 1
46718 46719 1
46718 46725 1
46719 46720 1
46720 46726 1
46721 46782 1
46722 46780 1
46723 46726 1
46723 46727 1
46724 46727 1
46728 46729 1
46730 46736 1
46730 46737 1
46731 46734 1
46731 46737 1
46731 46738 1
46732 46739 1
46732 46755 1
46732 46772 1
46732 46785 1
46733 46744 1
46734 46737 1
46734 46738 1
46735 46738 1
46736 46739 1
46737 46738 1
46739 46755 1
46739 46772 1
46740 46741 1
46740 46749 1
46740 46752 1
46740 46779 1
46741 46742 1
46741 46749 1
46741 46752 1
46742 46747 1
46743 46748 1
46743 46752 1
46744 46753 1
46744 46763 1
46745 46746 1
46745 46748 1
46746 46751 1
46747 46750 1
46749 46752 1
46749 46777 1
46750 46777 1
46751 46764 1
46752 46777 1
46753 46754 1
46754 46757 1
46755 46756 1
46756 46758 1
46757 46773 1
46758 46759 1
46759 46760 1
46760 46761 1
46761 46766 1
46762 46766 1
46762 46773 1
46763 46774 1
46764 46769 1
46765 46766 1
46765 46767 1
46766 46769 1
46767 46770 1
46768 46781 1
46768 46785 1
46770 46771 1
46771 46772 1
46780 46784 1
46784 46786 1
46787 47357 1
46788 46789 1
46788 46853 1
46789 46791 1
46789 46796 1
46789 46853 1
46790 46911 1
46790 47703 1
46791 46792 1
46792 46799 1
46793 46794 1
46793 46798 1
46794 46797 1
46795 46796 1
46795 46797 1
46796 46799 1
46797 46799 1
46798 46992 1
46800 46801 1
46800 46996 1
46801 46803 1
46802 47277 1
46803 46804 1
46804 46805 1
46805 46806 1
46806 46807 1
46807 46808 1
46808 46809 1
46809 46810 1
46810 46912 1
46811 46926 1
46811 47661 1
46811 47697 1
46812 47277 1
46813 46814 1
46813 47275 1
46814 46815 1
46815 46816 1
46816 46817 1
46817 46818 1
46818 46819 1
46819 46820 1
46820 46821 1
46821 46822 1
46821 46823 1
46822 46824 1
46823 47022 1
46824 46825 1
46825 46826 1
46826 46827 1
46827 47019 1
46828 47016 1
46828 47359 1
46829 46843 1
46829 46924 1
46830 46832 1
46830 46851 1
46831 46833 1
46831 46848 1
46832 46835 1
46833 47279 1
46834 47069 1
46834 47282 1
46835 46837 1
46836 46838 1
46836 46842 1
46837 46846 1
46838 46839 1
46839 46840 1
46840 46841 1
46841 46846 1
46842 47279 1
46843 46903 1
46844 46845 1
46844 46851 1
46844 46852 1
46845 46852 1
46845 46920 1
46846 47394 1
46847 46849 1
46847 47281 1
46848 47282 1
46849 46852 1
46850 47393 1
46850 47396 1
46853 46854 1
46854 46856 1
46854 47379 1
46855 46858 1
46855 46859 1
46856 46858 1
46856 46860 1
46857 46866 1
46857 47353 1
46859 46861 1
46860 47379 1
46861 46862 1
46862 46863 1
46863 46864 1
46864 47380 1
46865 47379 1
46865 47385 1
46865 47390 1
46867 46868 1
46867 47655 1
46868 46869 1
46869 46874 1
46870 46872 1
46870 46947 1
46871 46886 1
46871 47376 1
46872 46873 1
46873 46876 1
46874 46876 1
46874 46877 1
46875 46906 1
46875 47718 1
46876 46877 1
46877 46981 1
46878 46903 1
46879 46880 1
46879 47034 1
46880 46895 1
46881 46897 1
46881 46907 1
46882 46883 1
46882 46901 1
46883 47283 1
46884 46888 1
46884 46901 1
46885 46887 1
46885 47069 1
46886 46896 1
46887 46888 1
46889 46890 1
46889 46909 1
46890 46904 1
46891 46893 1
46891 46905 1
46892 46899 1
46892 46900 1
46893 46910 1
46894 46899 1
46894 47415 1
46895 46907 1
46896 46923 1
46897 46909 1
46898 47037 1
46898 47284 1
46900 46904 1
46902 47280 1
46905 47278 1
46906 46940 1
46908 47631 1
46910 47620 1
46911 46948 1
46912 46914 1
46913 47285 1
46914 46915 1
46914 46918 1
46914 46927 1
46915 46916 1
46915 46918 1
46915 46927 1
46916 46917 1
46917 46925 1
46918 46920 1
46919 46922 1
46919 46925 1
46921 46922 1
46921 46924 1
46923 47017 1
46926 47359 1
46926 47418 1
46926 47653 1
46926 47661 1
46927 47285 1
46928 46930 1
46928 47680 1
46929 46931 1
46929 46932 1
46930 46946 1
46931 46934 1
46932 46944 1
46933 46943 1
46933 46944 1
46933 47060 1
46934 46936 1
46934 46946 1
46934 46949 1
46935 46943 1
46935 47171 1
46936 46939 1
46936 46946 1
46936 46949 1
46937 46938 1
46937 46939 1
46938 47014 1
46939 46941 1
46940 47351 1
46941 46945 1
46942 46945 1
46942 46947 1
46943 47060 1
46946 46949 1
46948 47334 1
46950 47380 1
46950 47381 1
46951 46952 1
46951 47381 1
46952 46953 1
46952 47383 1
46953 46955 1
46954 46956 1
46954 47383 1
46955 46957 1
46956 47384 1
46957 47392 1
46958 47237 1
46958 47238 1
46959 46960 1
46959 46970 1
46961 46962 1
46962 46968 1
46963 46964 1
46963 46969 1
46964 46965 1
46965 47692 1
46966 46967 1
46966 47258 1
46966 47260 1
46967 47215 1
46968 46969 1
46970 47689 1
46971 46972 1
46971 46973 1
46971 47644 1
46972 47644 1
46973 46979 1
46974 46975 1
46974 46976 1
46975 46978 1
46976 46977 1
46978 46980 1
46979 46980 1
46981 46982 1
46982 46983 1
46983 46984 1
46984 46995 1
46985 46990 1
46985 46995 1
46986 46987 1
46986 46988 1
46987 46995 1
46988 46992 1
46989 47030 1
46989 47041 1
46990 46991 1
46991 46993 1
46993 47705 1
46994 47024 1
46994 47030 1
46996 46997 1
46997 47000 1
46998 47000 1
46998 47018 1
46998 47274 1
46998 47702 1
46999 47038 1
46999 47068 1
47000 47274 1
47001 47002 1
47001 47274 1
47002 47003 1
47003 47005 1
47004 47017 1
47004 47038 1
47005 47006 1
47006 47007 1
47007 47008 1
47008 47009 1
47008 47011 1
47009 47010 1
47009 47011 1
47010 47275 1
47011 47015 1
47012 47013 1
47012 47015 1
47013 47014 1
47016 47329 1
47018 47675 1
47018 47704 1
47019 47021 1
47020 47023 1
47021 47027 1
47022 47026 1
47023 47025 1
47024 47036 1
47025 47027 1
47026 47028 1
47027 47286 1
47028 47029 1
47028 47031 1
47029 47032 1
47031 47033 1
47032 47034 1
47033 47035 1
47035 47037 1
47036 47068 1
47039 47097 1
47039 47099 1
47040 47095 1
47040 47191 1
47041 47094 1
47042 47192 1
47042 47194 1
47042 47195 1
47043 47253 1
47043 47256 1
47044 47046 1
47044 47130 1
47045 47196 1
47045 47199 1
47046 47047 1
47047 47128 1
47048 47049 1
47048 47200 1
47049 47217 1
47050 47216 1
47050 47218 1
47050 47221 1
47051 47225 1
47051 47227 1
47052 47262 1
47052 47264 1
47053 47263 1
47053 47266 1
47054 47266 1
47054 47269 1
47055 47056 1
47055 47269 1
47056 47152 1
47057 47058 1
47057 47159 1
47057 47162 1
47058 47157 1
47059 47159 1
47059 47163 1
47060 47168 1
47061 47112 1
47061 47113 1
47062 47111 1
47062 47119 1
47063 47202 1
47063 47234 1
47064 47234 1
47064 47684 1
47065 47666 1
47066 47305 1
47066 47306 1
47067 47514 1
47067 47518 1
47067 47523 1
47067 47525 1
47070 47072 1
47070 47401 1
47071 47626 1
47071 47628 1
47072 47610 1
47073 47074 1
47073 47402 1
47074 47633 1
47075 47077 1
47075 47632 1
47076 47408 1
47076 47410 1
47077 47629 1
47078 47623 1
47078 47624 1
47079 47549 1
47079 47558 1
47080 47583 1
47080 47595 1
47081 47577 1
47081 47581 1
47081 47582 1
47082 47091 1
47082 47321 1
47083 47302 1
47083 47317 1
47084 47548 1
47084 47549 1
47084 47550 1
47085 47307 1
47085 47309 1
47086 47326 1
47086 47573 1
47087 47114 1
47087 47207 1
47088 47478 1
47088 47483 1
47089 47478 1
47090 47448 1
47090 47449 1
47091 47120 1
47092 47093 1
47092 47116 1
47092 47117 1
47094 47097 1
47095 47098 1
47096 47099 1
47096 47100 1
47098 47100 1
47101 47102 1
47101 47169 1
47102 47104 1
47103 47107 1
47103 47198 1
47104 47106 1
47105 47114 1
47106 47108 1
47107 47110 1
47108 47109 1
47109 47110 1
47109 47111 1
47112 47118 1
47113 47119 1
47115 47116 1
47115 47173 1
47116 47117 1
47116 47173 1
47117 47121 1
47118 47185 1
47120 47125 1
47121 47182 1
47122 47124 1
47122 47346 1
47123 47134 1
47123 47349 1
47124 47126 1
47125 47150 1
47125 47219 1
47126 47127 1
47127 47129 1
47127 47131 1
47127 47187 1
47128 47132 1
47129 47131 1
47129 47187 1
47129 47188 1
47130 47187 1
47131 47187 1
47131 47188 1
47132 47135 1
47133 47139 1
47133 47257 1
47135 47136 1
47136 47137 1
47137 47138 1
47137 47140 1
47138 47140 1
47138 47142 1
47138 47144 1
47139 47170 1
47140 47143 1
47141 47145 1
47141 47350 1
47142 47144 1
47142 47147 1
47142 47149 1
47143 47146 1
47144 47147 1
47145 47149 1
47146 47232 1
47147 47149 1
47147 47263 1
47148 47149 1
47148 47262 1
47150 47198 1
47150 47219 1
47151 47205 1
47152 47153 1
47153 47154 1
47154 47162 1
47155 47156 1
47155 47158 1
47156 47157 1
47158 47160 1
47159 47162 1
47160 47184 1
47161 47180 1
47161 47189 1
47163 47165 1
47164 47168 1
47164 47184 1
47165 47166 1
47166 47167 1
47167 47169 1
47170 47186 1
47171 47172 1
47173 47183 1
47174 47176 1
47174 47183 1
47175 47177 1
47175 47181 1
47176 47178 1
47177 47179 1
47178 47212 1
47180 47186 1
47181 47182 1
47187 47190 1
47188 47191 1
47188 47193 1
47189 47204 1
47190 47192 1
47191 47193 1
47192 47195 1
47193 47202 1
47194 47196 1
47195 47201 1
47197 47199 1
47197 47200 1
47201 47203 1
47203 47253 1
47205 47206 1
47206 47208 1
47207 47378 1
47208 47209 1
47209 47210 1
47210 47211 1
47211 47213 1
47212 47213 1
47213 47214 1
47214 47239 1
47215 47216 1
47217 47220 1
47218 47224 1
47219 47257 1
47220 47222 1
47221 47223 1
47222 47226 1
47222 47227 1
47223 47681 1
47224 47225 1
47226 47227 1
47226 47231 1
47227 47228 1
47229 47230 1
47229 47665 1
47230 47669 1
47231 47232 1
47233 47683 1
47233 47685 1
47233 47686 1
47235 47687 1
47235 47688 1
47236 47237 1
47236 47688 1
47236 47691 1
47237 47691 1
47238 47252 1
47239 47240 1
47240 47241 1
47241 47242 1
47242 47244 1
47243 47245 1
47243 47250 1
47244 47247 1
47245 47246 1
47246 47638 1
47247 47658 1
47248 47249 1
47248 47660 1
47249 47662 1
47250 47251 1
47252 47254 1
47254 47258 1
47255 47256 1
47255 47259 1
47259 47260 1
47261 47294 1
47261 47332 1
47264 47265 1
47265 47267 1
47267 47268 1
47268 47270 1
47270 47272 1
47271 47330 1
47271 47347 1
47272 47273 1
47274 47702 1
47276 47337 1
47276 47342 1
47278 47280 1
47283 47284 1
47287 47288 1
47287 47289 1
47288 47292 1
47289 47290 1
47290 47597 1
47291 47554 1
47291 47561 1
47292 47293 1
47293 47596 1
47294 47297 1
47295 47303 1
47295 47598 1
47296 47299 1
47296 47300 1
47297 47328 1
47298 47299 1
47298 47561 1
47300 47301 1
47301 47303 1
47302 47563 1
47304 47331 1
47305 47569 1
47306 47307 1
47306 47308 1
47308 47309 1
47309 47310 1
47309 51318 1
47310 51318 1
47311 47313 1
47311 47316 1
47312 47327 1
47312 47328 1
47313 47314 1
47313 47316 1
47314 51296 1
47315 47316 1
47315 47573 1
47316 47326 1
47317 47318 1
47318 47319 1
47319 47320 1
47320 47325 1
47321 47331 1
47322 47323 1
47322 47324 1
47323 47325 1
47327 47375 1
47329 47352 1
47332 47333 1
47333 47334 1
47334 47336 1
47334 47337 1
47335 47339 1
47335 47351 1
47336 47337 1
47336 47338 1
47336 47341 1
47338 47341 1
47338 47342 1
47339 47340 1
47339 47343 1
47340 47341 1
47343 47346 1
47344 47345 1
47344 47346 1
47345 47348 1
47347 47350 1
47348 47349 1
47352 47354 1
47353 47364 1
47354 47356 1
47354 47358 1
47354 47363 1
47355 47356 1
47355 47357 1
47358 47361 1
47359 47653 1
47360 47362 1
47360 47366 1
47361 47515 1
47362 47365 1
47363 47365 1
47364 47607 1
47366 47368 1
47367 47370 1
47367 47617 1
47368 47369 1
47369 47372 1
47370 47373 1
47371 47418 1
47373 47374 1
47374 47377 1
47375 47377 1
47376 47382 1
47377 47378 1
47382 47391 1
47384 47385 1
47385 47390 1
47386 47390 1
47386 47425 1
47387 47389 1
47387 47428 1
47388 47390 1
47388 47428 1
47389 47392 1
47391 47403 1
47393 47397 1
47394 47395 1
47395 47396 1
47397 47398 1
47398 47399 1
47399 47400 1
47400 47401 1
47402 47405 1
47403 47440 1
47404 47409 1
47404 47489 1
47406 47407 1
47406 47408 1
47407 47409 1
47410 47411 1
47411 47412 1
47412 47413 1
47413 47414 1
47414 47415 1
47416 47417 1
47416 47426 1
47417 47419 1
47418 47653 1
47418 47664 1
47419 47420 1
47419 47421 1
47420 47422 1
47421 47427 1
47422 47423 1
47423 47424 1
47424 47425 1
47426 47453 1
47428 47441 1
47429 47430 1
47429 47441 1
47430 47431 1
47431 47432 1
47432 47433 1
47432 47434 1
47433 47435 1
47435 47439 1
47436 47437 1
47436 47439 1
47437 47438 1
47438 47451 1
47440 47664 1
47440 47667 1
47442 47443 1
47442 47510 1
47443 47446 1
47444 47445 1
47444 47450 1
47445 47449 1
47446 47447 1
47446 47450 1
47447 47483 1
47448 47622 1
47451 47452 1
47452 47455 1
47453 47454 1
47454 47456 1
47455 47472 1
47456 47458 1
47457 47458 1
47457 47473 1
47458 47464 1
47459 47460 1
47459 47461 1
47459 47462 1
47459 47472 1
47460 47461 1
47460 47462 1
47461 47462 1
47461 47465 1
47462 47463 1
47463 47466 1
47464 47468 1
47466 47467 1
47467 47501 1
47468 47479 1
47469 47471 1
47471 47473 1
47474 47487 1
47474 47489 1
47475 47487 1
47475 47488 1
47476 47477 1
47476 47490 1
47477 47480 1
47479 47485 1
47480 47481 1
47481 47482 1
47482 47485 1
47484 47500 1
47484 47515 1
47485 47486 1
47486 47606 1
47488 47490 1
47491 47494 1
47491 47540 1
47492 47493 1
47492 47542 1
47493 47495 1
47494 47496 1
47495 47499 1
47496 47497 1
47497 47498 1
47498 47501 1
47499 47502 1
47500 47529 1
47502 47503 1
47503 47504 1
47504 47505 1
47505 47506 1
47506 47507 1
47508 47509 1
47509 47511 1
47510 47512 1
47511 47513 1
47512 47514 1
47513 47523 1
47514 47517 1
47516 47518 1
47516 47521 1
47517 47521 1
47517 47525 1
47518 47520 1
47519 47524 1
47519 47575 1
47520 47522 1
47521 47525 1
47522 47524 1
47525 47526 1
47526 47527 1
47527 47528 1
47528 47530 1
47529 47568 1
47530 47600 1
47531 47532 1
47531 47609 1
47532 47533 1
47533 47534 1
47533 47535 1
47534 47535 1
47534 47537 1
47535 47536 1
47536 47538 1
47536 47542 1
47537 47540 1
47538 47539 1
47538 47542 1
47539 47559 1
47541 47568 1
47543 47557 1
47543 47559 1
47544 47545 1
47544 47557 1
47545 47546 1
47546 47547 1
47547 47548 1
47549 47550 1
47550 47551 1
47551 47552 1
47552 47553 1
47553 47554 1
47553 47562 1
47555 47556 1
47555 47562 1
47556 47586 1
47558 47560 1
47560 47587 1
47561 47563 1
47564 47565 1
47564 47569 1
47565 47566 1
47567 47590 1
47568 47578 1
47568 47592 1
47570 47571 1
47570 47593 1
47571 47579 1
47572 47575 1
47572 47589 1
47572 47590 1
47573 47576 1
47574 47575 1
47574 47579 1
47576 47577 1
47578 47617 1
47579 47580 1
47579 47588 1
47580 47583 1
47581 47584 1
47581 47591 1
47582 47588 1
47582 47591 1
47584 47585 1
47584 47591 1
47585 47586 1
47587 47594 1
47589 47590 1
47589 47593 1
47592 47599 1
47594 47595 1
47597 47598 1
47599 47607 1
47600 47601 1
47601 47602 1
47601 47603 1
47602 47603 1
47602 47604 1
47603 47605 1
47604 47606 1
47605 47608 1
47608 47609 1
47610 47611 1
47611 47613 1
47612 47614 1
47612 47615 1
47612 47619 1
47613 47614 1
47613 47619 1
47614 47619 1
47614 47634 1
47615 47618 1
47616 47623 1
47616 47634 1
47618 47620 1
47619 47621 1
47621 47625 1
47622 47623 1
47624 47627 1
47625 47626 1
47627 47629 1
47628 47630 1
47630 47631 1
47632 47633 1
47635 47636 1
47635 47657 1
47636 47637 1
47637 47639 1
47638 47640 1
47639 47642 1
47640 47641 1
47641 47646 1
47642 47644 1
47643 47644 1
47643 47645 1
47645 47646 1
47647 47648 1
47647 47662 1
47648 47651 1
47649 47655 1
47649 47658 1
47649 47659 1
47650 47651 1
47650 47652 1
47652 47663 1
47653 47664 1
47653 47667 1
47654 47655 1
47654 47659 1
47654 47663 1
47655 47659 1
47656 47657 1
47656 47659 1
47661 47676 1
47664 47667 1
47665 47681 1
47666 47668 1
47668 47704 1
47669 47670 1
47670 47671 1
47671 47672 1
47672 47673 1
47673 47674 1
47674 47677 1
47675 47677 1
47675 47678 1
47676 47690 1
47678 47682 1
47679 47680 1
47679 47682 1
47683 47684 1
47686 47687 1
47689 47691 1
47690 47703 1
47692 47693 1
47693 47694 1
47694 47695 1
47695 47696 1
47696 47698 1
47697 47718 1
47698 47699 1
47699 47700 1
47700 47701 1
47701 47702 1
47705 47706 1
47706 47709 1
47707 47708 1
47707 47709 1
47708 47710 1
47710 47711 1
47711 47721 1
47712 47713 1
47712 47720 1
47713 47714 1
47714 47715 1
47715 47716 1
47716 47717 1
47717 47719 1
47720 47721 1
47722 47782 1
47722 47785 1
47723 47785 1
47723 47790 1
47724 47757 1
47724 47910 1
47724 47924 1
47725 47728 1
47725 47837 1
47726 47816 1
47726 47983 1
47727 47729 1
47727 47815 1
47728 47732 1
47729 47731 1
47730 47808 1
47730 47813 1
47731 47818 1
47732 47733 1
47732 47734 1
47733 47734 1
47733 47743 1
47734 47735 1
47735 47835 1
47736 47835 1
47736 47884 1
47737 47812 1
47737 47893 1
47738 47740 1
47738 47819 1
47738 47884 1
47739 47820 1
47739 47822 1
47740 47885 1
47741 47742 1
47741 47981 1
47742 47802 1
47743 47832 1
47744 47972 1
47744 47973 1
47745 47747 1
47745 47938 1
47745 47940 1
47746 47811 1
47746 47841 1
47747 47748 1
47748 47750 1
47749 47751 1
47749 47761 1
47750 47751 1
47750 47752 1
47752 47753 1
47753 47760 1
47754 47762 1
47755 47756 1
47755 47762 1
47756 47758 1
47757 47964 1
47758 47759 1
47759 47879 1
47761 47941 1
47763 47766 1
47763 47894 1
47764 47932 1
47764 47933 1
47764 47946 1
47765 47767 1
47766 47832 1
47766 47836 1
47767 47770 1
47768 47770 1
47768 47946 1
47769 47773 1
47770 47771 1
47771 47774 1
47772 47778 1
47772 47830 1
47773 47775 1
47774 47932 1
47774 47933 1
47775 47776 1
47776 47777 1
47776 47931 1
47776 47932 1
47776 47935 1
47777 47788 1
47777 47931 1
47777 47932 1
47777 47935 1
47778 47945 1
47779 47784 1
47779 47954 1
47780 47900 1
47780 47947 1
47781 47783 1
47781 47787 1
47782 47900 1
47783 47830 1
47784 47786 1
47786 47839 1
47787 47947 1
47788 47944 1
47789 47792 1
47789 47794 1
47789 47797 1
47791 47826 1
47791 47838 1
47792 47867 1
47793 47795 1
47793 47944 1
47794 47797 1
47795 47796 1
47796 47798 1
47797 47799 1
47797 47801 1
47798 47951 1
47799 47801 1
47800 47926 1
47800 47928 1
47801 47927 1
47803 47866 1
47803 47906 1
47804 47886 1
47804 47894 1
47805 47806 1
47805 47981 1
47806 47982 1
47807 47831 1
47807 47836 1
47808 47821 1
47809 47877 1
47809 47883 1
47810 47866 1
47810 47925 1
47811 47831 1
47812 47821 1
47813 47834 1
47814 47815 1
47814 47983 1
47816 47817 1
47818 47833 1
47819 47820 1
47822 47823 1
47823 47974 1
47824 47825 1
47824 47845 1
47824 47974 1
47825 47976 1
47826 47838 1
47826 47971 1
47827 47828 1
47827 47962 1
47828 47841 1
47829 47834 1
47829 47982 1
47833 47835 1
47837 47980 1
47838 47962 1
47840 47918 1
47840 47976 1
47842 47843 1
47842 47975 1
47843 47844 1
47844 47846 1
47845 47853 1
47845 47974 1
47846 47918 1
47847 47848 1
47847 47901 1
47847 47939 1
47848 47849 1
47848 47939 1
47849 47912 1
47850 47912 1
47851 47966 1
47851 47968 1
47852 47949 1
47852 47950 1
47853 47858 1
47854 47856 1
47854 47857 1
47855 47861 1
47855 47966 1
47856 47965 1
47857 47968 1
47858 47939 1
47859 47949 1
47859 47965 1
47861 47967 1
47862 47950 1
47863 47879 1
47863 47881 1
47864 47865 1
47864 47881 1
47865 47870 1
47867 47868 1
47868 47869 1
47869 47871 1
47870 47882 1
47871 47872 1
47872 47874 1
47873 47880 1
47873 47882 1
47874 47876 1
47875 47878 1
47875 47880 1
47876 47878 1
47877 47901 1
47883 47906 1
47885 47970 1
47886 47889 1
47887 47970 1
47887 47973 1
47888 47969 1
47888 47970 1
47889 47948 1
47890 47895 1
47890 47972 1
47891 47892 1
47891 47895 1
47893 47925 1
47896 47898 1
47896 47920 1
47896 47927 1
47897 47951 1
47897 47952 1
47898 47920 1
47898 47952 1
47899 47902 1
47899 47920 1
47902 47955 1
47903 47922 1
47903 47964 1
47904 47905 1
47904 47955 1
47905 47957 1
47907 47919 1
47907 47921 1
47908 47921 1
47908 47958 1
47909 47958 1
47909 47959 1
47910 47926 1
47911 47914 1
47911 47924 1
47913 47961 1
47913 47978 1
47914 47923 1
47915 47916 1
47915 47923 1
47916 47917 1
47917 47977 1
47919 47963 1
47922 47953 1
47928 47954 1
47930 47931 1
47930 47932 1
47931 47932 1
47931 47935 1
47932 47933 1
47932 47935 1
47933 47934 1
47933 47936 1
47934 47936 1
47936 47937 1
47937 47938 1
47938 47940 1
47941 47943 1
47942 47943 1
47945 47962 1
47952 47953 1
47952 47956 1
47956 47960 1
47957 47963 1
47960 47961 1
47971 47977 1
47978 47979 1
47979 47980 1
47984 47985 1
47984 48001 1
47985 47986 1
47987 47989 1
47987 48521 1
47988 47989 1
47988 48001 1
47990 47991 1
47990 48526 1
47991 47992 1
47992 47993 1
47993 47994 1
47994 47995 1
47994 48521 1
47995 47998 1
47996 47998 1
47996 47999 1
47997 47999 1
47997 48013 1
48000 48001 1
48000 48016 1
48002 48003 1
48002 48010 1
48002 48017 1
48003 48005 1
48004 48011 1
48004 48016 1
48005 48008 1
48006 48007 1
48006 48011 1
48007 48009 1
48008 48011 1
48009 48028 1
48009 48029 1
48010 48017 1
48012 48023 1
48013 48015 1
48014 48021 1
48014 48022 1
48015 48022 1
48017 48018 1
48018 48020 1
48019 48020 1
48019 48021 1
48024 48025 1
48024 48027 1
48025 48026 1
48026 48031 1
48027 48028 1
48028 48029 1
48030 48031 1
48032 48033 1
48032 48059 1
48033 48034 1
48034 48058 1
48035 48041 1
48035 48053 1
48036 48053 1
48036 48464 1
48037 48057 1
48038 48039 1
48038 48058 1
48038 48713 1
48039 48046 1
48040 48056 1
48041 48048 1
48042 48054 1
48042 48055 1
48043 48045 1
48043 48060 1
48043 48065 1
48043 48180 1
48043 48462 1
48044 48047 1
48044 48055 1
48045 48049 1
48046 48051 1
48047 48050 1
48048 48059 1
48049 48050 1
48050 48052 1
48050 48576 1
48051 48052 1
48051 48576 1
48052 48576 1
48052 48577 1
48054 48056 1
48056 48057 1
48057 48462 1
48060 48065 1
48060 48462 1
48060 48691 1
48061 48075 1
48061 48077 1
48062 48066 1
48062 48076 1
48063 48066 1
48063 48945 1
48064 48077 1
48064 48168 1
48065 48068 1
48067 48069 1
48067 48857 1
48068 48069 1
48069 48070 1
48070 48071 1
48071 48072 1
48072 48075 1
48072 48076 1
48073 48074 1
48073 48928 1
48074 48076 1
48077 48179 1
48077 48180 1
48078 48117 1
48078 48144 1
48079 48080 1
48079 48149 1
48080 48167 1
48081 48146 1
48081 48166 1
48082 48087 1
48082 48149 1
48083 48121 1
48083 48164 1
48084 48085 1
48084 48088 1
48084 48154 1
48084 48157 1
48085 48089 1
48085 48154 1
48085 48157 1
48086 48098 1
48086 48153 1
48086 48158 1
48087 48145 1
48088 48093 1
48088 48160 1
48089 48091 1
48090 48100 1
48090 48153 1
48090 48158 1
48091 48094 1
48092 48100 1
48093 48095 1
48093 48160 1
48094 48095 1
48095 48096 1
48096 48099 1
48097 48101 1
48097 48161 1
48098 48106 1
48099 48162 1
48101 48128 1
48102 48103 1
48102 48104 1
48103 48105 1
48104 48108 1
48105 48106 1
48107 48108 1
48107 48115 1
48109 48110 1
48109 48115 1
48109 48118 1
48110 48120 1
48111 48112 1
48111 48116 1
48112 48113 1
48113 48114 1
48114 48119 1
48116 48120 1
48117 48148 1
48121 48137 1
48122 48124 1
48122 48165 1
48123 48127 1
48123 48167 1
48124 48151 1
48125 48126 1
48125 48950 1
48126 48127 1
48127 48129 1
48127 48130 1
48127 48151 1
48128 48142 1
48129 48131 1
48130 48147 1
48131 48132 1
48132 48133 1
48133 48960 1
48134 48135 1
48134 48136 1
48134 48147 1
48136 48147 1
48136 48159 1
48137 48143 1
48138 48139 1
48138 48149 1
48138 48150 1
48139 48140 1
48140 48141 1
48141 48783 1
48142 48144 1
48143 48144 1
48144 48145 1
48146 48149 1
48148 48149 1
48148 48150 1
48149 48150 1
48152 48153 1
48152 48155 1
48153 48158 1
48154 48155 1
48154 48157 1
48156 48157 1
48156 48158 1
48159 48563 1
48160 48161 1
48160 48164 1
48162 48163 1
48162 48165 1
48163 48164 1
48164 48166 1
48168 48178 1
48168 48182 1
48169 48170 1
48169 48186 1
48170 48171 1
48171 48172 1
48173 48183 1
48173 48184 1
48174 48175 1
48174 48177 1
48175 48187 1
48176 48181 1
48176 48381 1
48177 48186 1
48178 48383 1
48178 48385 1
48179 48180 1
48179 48181 1
48181 48182 1
48182 48183 1
48183 48586 1
48183 48592 1
48184 48185 1
48185 48186 1
48185 48382 1
48188 48422 1
48188 48429 1
48189 48190 1
48189 48374 1
48190 48191 1
48191 48192 1
48192 48194 1
48193 48224 1
48193 48431 1
48194 48195 1
48195 48196 1
48196 48248 1
48197 48199 1
48197 48200 1
48198 48200 1
48198 48222 1
48199 48201 1
48201 48205 1
48202 48205 1
48203 48231 1
48203 48297 1
48204 48222 1
48204 48237 1
48206 48207 1
48206 48237 1
48207 48208 1
48208 48210 1
48209 48210 1
48209 48212 1
48211 48237 1
48212 48213 1
48213 48217 1
48214 48215 1
48214 48218 1
48215 48218 1
48215 48219 1
48216 48220 1
48216 48244 1
48217 48409 1
48218 48407 1
48219 48413 1
48220 48380 1
48220 48407 1
48220 48410 1
48220 48411 1
48221 48225 1
48223 48225 1
48223 48271 1
48224 48334 1
48226 48227 1
48226 48248 1
48227 48228 1
48227 48230 1
48227 48236 1
48227 48252 1
48227 48254 1
48227 48255 1
48228 48229 1
48229 48233 1
48230 48232 1
48231 48440 1
48232 48298 1
48233 48247 1
48234 48236 1
48234 48296 1
48235 48237 1
48235 48245 1
48236 48238 1
48236 48240 1
48236 48245 1
48237 48247 1
48238 48243 1
48239 48296 1
48239 48368 1
48240 48241 1
48241 48296 1
48241 48302 1
48241 48304 1
48241 48368 1
48241 48371 1
48242 48334 1
48242 48350 1
48243 48244 1
48243 48368 1
48246 48249 1
48246 48297 1
48249 48440 1
48250 48251 1
48250 48363 1
48251 48255 1
48251 48257 1
48251 48293 1
48252 48271 1
48253 48256 1
48254 48255 1
48255 48257 1
48255 48299 1
48256 48258 1
48257 48259 1
48258 48260 1
48259 48262 1
48260 48261 1
48261 48263 1
48262 48266 1
48263 48270 1
48264 48266 1
48264 48270 1
48265 48267 1
48265 48319 1
48266 48267 1
48267 48270 1
48267 48303 1
48267 48390 1
48267 48391 1
48268 48269 1
48268 48388 1
48269 48294 1
48272 48275 1
48272 48376 1
48273 48274 1
48273 48377 1
48274 48276 1
48274 48279 1
48276 48278 1
48277 48295 1
48278 48280 1
48279 48281 1
48280 48282 1
48281 48283 1
48282 48284 1
48283 48285 1
48284 48329 1
48285 48307 1
48285 48308 1
48286 48287 1
48286 48306 1
48287 48288 1
48288 48289 1
48289 48290 1
48290 48291 1
48291 48353 1
48292 48293 1
48292 48353 1
48293 48294 1
48295 48300 1
48296 48301 1
48296 48303 1
48296 48305 1
48296 48320 1
48297 48428 1
48298 48318 1
48299 48301 1
48300 48379 1
48301 48318 1
48302 48330 1
48302 48371 1
48303 48395 1
48304 48305 1
48306 48379 1
48307 48310 1
48308 48309 1
48309 48331 1
48310 48311 1
48311 48313 1
48312 48317 1
48312 48387 1
48313 48314 1
48314 48418 1
48315 48316 1
48315 48418 1
48316 48431 1
48317 48324 1
48318 48319 1
48320 48321 1
48320 48330 1
48321 48322 1
48322 48323 1
48323 48326 1
48324 48340 1
48325 48399 1
48326 48327 1
48327 48328 1
48328 48347 1
48331 48332 1
48332 48333 1
48333 48335 1
48335 48337 1
48336 48344 1
48336 48345 1
48337 48338 1
48338 48339 1
48339 48341 1
48340 48363 1
48340 48385 1
48341 48343 1
48342 48344 1
48342 48351 1
48345 48346 1
48346 48348 1
48347 48349 1
48348 48349 1
48352 48354 1
48352 48403 1
48354 48355 1
48355 48356 1
48356 48357 1
48357 48365 1
48358 48359 1
48358 48362 1
48358 48365 1
48359 48360 1
48360 48361 1
48361 48366 1
48362 48364 1
48364 48367 1
48368 48370 1
48368 48380 1
48369 48400 1
48370 48373 1
48370 48378 1
48370 48380 1
48371 48376 1
48371 48377 1
48372 48375 1
48373 48412 1
48374 48419 1
48375 48423 1
48381 48383 1
48382 48385 1
48383 48385 1
48384 48386 1
48385 48386 1
48386 48387 1
48388 48394 1
48389 48400 1
48389 48419 1
48390 48395 1
48391 48392 1
48391 48397 1
48392 48393 1
48393 48394 1
48395 48396 1
48396 48399 1
48396 48406 1
48397 48401 1
48398 48401 1
48398 48404 1
48399 48402 1
48399 48403 1
48399 48406 1
48402 48403 1
48404 48405 1
48408 48416 1
48409 48417 1
48410 48413 1
48411 48414 1
48412 48415 1
48412 48421 1
48413 48415 1
48414 48433 1
48415 48420 1
48416 48417 1
48420 48434 1
48421 48435 1
48422 48461 1
48423 48425 1
48424 48426 1
48424 48433 1
48425 48430 1
48426 48429 1
48427 48428 1
48427 48430 1
48432 48435 1
48436 48461 1
48436 48572 1
48437 48457 1
48437 48459 1
48438 48439 1
48438 48451 1
48440 48447 1
48441 48453 1
48441 48747 1
48442 48443 1
48442 48444 1
48443 48445 1
48444 48446 1
48445 48449 1
48446 48458 1
48447 48452 1
48447 48460 1
48447 48571 1
48448 48458 1
48448 48460 1
48449 48450 1
48450 48451 1
48452 48454 1
48453 48459 1
48454 48455 1
48455 48456 1
48456 48457 1
48462 48467 1
48462 48491 1
48463 48464 1
48463 48490 1
48464 48489 1
48465 48628 1
48466 48469 1
48466 48496 1
48467 48478 1
48468 48470 1
48468 48502 1
48469 48471 1
48470 48473 1
48471 48481 1
48472 48474 1
48472 48493 1
48473 48475 1
48474 48477 1
48475 48479 1
48476 48493 1
48476 48499 1
48477 48480 1
48478 48489 1
48479 48480 1
48481 48483 1
48482 48483 1
48482 48500 1
48483 48484 1
48483 48492 1
48483 48497 1
48484 48485 1
48485 48486 1
48486 48491 1
48487 48488 1
48487 48497 1
48488 48490 1
48492 48494 1
48494 48498 1
48495 48499 1
48495 48500 1
48496 48503 1
48498 48631 1
48501 48502 1
48503 48504 1
48504 48505 1
48505 48506 1
48506 48507 1
48508 48509 1
48508 48535 1
48509 48518 1
48509 48542 1
48510 48511 1
48510 48544 1
48511 48512 1
48512 48513 1
48513 48515 1
48514 48520 1
48514 48550 1
48515 48516 1
48515 48522 1
48516 48525 1
48517 48519 1
48517 48525 1
48517 48551 1
48518 48542 1
48518 48543 1
48519 48523 1
48519 48524 1
48519 48525 1
48520 48524 1
48521 48522 1
48523 48524 1
48526 48527 1
48527 48538 1
48528 48537 1
48528 48827 1
48529 48532 1
48529 48537 1
48530 48531 1
48530 48539 1
48531 48533 1
48532 48534 1
48534 48536 1
48536 48539 1
48538 48540 1
48540 48542 1
48541 48543 1
48541 48544 1
48545 48556 1
48545 48558 1
48545 48559 1
48546 48547 1
48546 48562 1
48547 48559 1
48548 48549 1
48548 48562 1
48549 48550 1
48551 48822 1
48552 48553 1
48552 48755 1
48552 48822 1
48553 48557 1
48554 48555 1
48554 48557 1
48555 48556 1
48556 48559 1
48558 48560 1
48558 48561 1
48561 48761 1
48562 48822 1
48563 48568 1
48564 48567 1
48564 48902 1
48565 48568 1
48565 48570 1
48566 48567 1
48567 48569 1
48569 48570 1
48571 48591 1
48572 48587 1
48572 48595 1
48573 48574 1
48573 48594 1
48573 48595 1
48574 48575 1
48575 48578 1
48576 48586 1
48576 48593 1
48577 48590 1
48578 48580 1
48579 48587 1
48579 48591 1
48579 48743 1
48580 48581 1
48580 48590 1
48581 48583 1
48581 48589 1
48581 48590 1
48582 48590 1
48582 48733 1
48583 48584 1
48583 48590 1
48584 48588 1
48585 48588 1
48589 48590 1
48589 48743 1
48592 48594 1
48593 48594 1
48594 48595 1
48596 48597 1
48596 48647 1
48596 48699 1
48597 48690 1
48598 48603 1
48598 48709 1
48599 48600 1
48599 48712 1
48600 48601 1
48601 48602 1
48602 48604 1
48603 48663 1
48603 48668 1
48604 48605 1
48605 48657 1
48606 48607 1
48607 48608 1
48607 48701 1
48608 48609 1
48609 48610 1
48610 48611 1
48611 48626 1
48612 48627 1
48612 48665 1
48613 48614 1
48613 48631 1
48613 48703 1
48614 48615 1
48615 48616 1
48616 48617 1
48617 48619 1
48618 48703 1
48619 48620 1
48620 48621 1
48621 48622 1
48622 48628 1
48623 48625 1
48624 48625 1
48624 48626 1
48627 48641 1
48629 48630 1
48629 48631 1
48630 48632 1
48632 48633 1
48634 48636 1
48634 48637 1
48634 48643 1
48634 48650 1
48634 48652 1
48635 48690 1
48635 48707 1
48636 48637 1
48636 48638 1
48636 48643 1
48636 48652 1
48637 48640 1
48637 48643 1
48637 48652 1
48638 48639 1
48639 48674 1
48640 48642 1
48641 48702 1
48642 48644 1
48643 48646 1
48643 48652 1
48644 48645 1
48645 48706 1
48646 48694 1
48647 48693 1
48648 48649 1
48648 48787 1
48649 48650 1
48650 48652 1
48651 48652 1
48651 48673 1
48653 48654 1
48653 48777 1
48654 48655 1
48655 48656 1
48656 48658 1
48657 48671 1
48658 48659 1
48659 48660 1
48660 48669 1
48661 48662 1
48661 48664 1
48661 48667 1
48661 48669 1
48662 48666 1
48662 48667 1
48663 48679 1
48664 48669 1
48664 48882 1
48665 48666 1
48667 48672 1
48668 48683 1
48670 48672 1
48670 48673 1
48674 48675 1
48675 48676 1
48676 48677 1
48677 48678 1
48678 48680 1
48679 48688 1
48680 48681 1
48681 48682 1
48682 48702 1
48683 48686 1
48684 48685 1
48685 48687 1
48686 48843 1
48687 48689 1
48688 48691 1
48689 48691 1
48692 48698 1
48692 48706 1
48693 48702 1
48694 48695 1
48695 48696 1
48696 48697 1
48697 48700 1
48698 48700 1
48698 48701 1
48698 48703 1
48699 48705 1
48700 48701 1
48700 48703 1
48701 48703 1
48702 48709 1
48703 48704 1
48704 48705 1
48707 48708 1
48708 48710 1
48710 48711 1
48711 48712 1
48713 48714 1
48714 48724 1
48714 48740 1
48715 48717 1
48715 48743 1
48716 48718 1
48716 48719 1
48717 48720 1
48718 48748 1
48719 48743 1
48720 48740 1
48721 48722 1
48721 48723 1
48721 48737 1
48722 48723 1
48722 48737 1
48723 48725 1
48724 48742 1
48725 48726 1
48726 48727 1
48726 48738 1
48727 48728 1
48728 48729 1
48729 48730 1
48730 48731 1
48731 48752 1
48732 48734 1
48732 48736 1
48733 48742 1
48734 48737 1
48735 48736 1
48735 48739 1
48738 48760 1
48739 48740 1
48740 48741 1
48741 48757 1
48744 48745 1
48744 48764 1
48744 48769 1
48745 48761 1
48746 48768 1
48746 48770 1
48746 48771 1
48747 48771 1
48748 48762 1
48749 48750 1
48749 48788 1
48750 48751 1
48751 48754 1
48752 48753 1
48753 48754 1
48755 48756 1
48756 48758 1
48757 48763 1
48757 48766 1
48758 48759 1
48759 48760 1
48760 48764 1
48762 48763 1
48762 48766 1
48762 48768 1
48763 48766 1
48763 48768 1
48764 48767 1
48764 48769 1
48765 48766 1
48765 48767 1
48766 48771 1
48768 48771 1
48769 48770 1
48772 48774 1
48772 48782 1
48773 48774 1
48773 48785 1
48774 48775 1
48775 48776 1
48776 48777 1
48778 48780 1
48779 48869 1
48780 48781 1
48781 48785 1
48782 48786 1
48783 48784 1
48784 48785 1
48784 48950 1
48786 48787 1
48788 48815 1
48789 48813 1
48789 48836 1
48790 48794 1
48790 48839 1
48791 48819 1
48791 48840 1
48792 48815 1
48792 48838 1
48793 48799 1
48793 48816 1
48794 48795 1
48795 48796 1
48796 48801 1
48797 48798 1
48797 48821 1
48798 48804 1
48799 48838 1
48800 48814 1
48800 48821 1
48801 48812 1
48802 48803 1
48802 48819 1
48803 48805 1
48804 48808 1
48804 48812 1
48805 48816 1
48806 48814 1
48806 48817 1
48807 48809 1
48807 48817 1
48808 48811 1
48809 48823 1
48810 48828 1
48810 48840 1
48811 48820 1
48813 48821 1
48818 48828 1
48818 48834 1
48820 48822 1
48823 48824 1
48824 48825 1
48825 48826 1
48826 48827 1
48829 48830 1
48830 48831 1
48831 48837 1
48832 48833 1
48832 48837 1
48833 48835 1
48834 48839 1
48835 48836 1
48841 48842 1
48841 48875 1
48841 48896 1
48842 48843 1
48842 48898 1
48844 48864 1
48844 48867 1
48844 48888 1
48845 48847 1
48845 48889 1
48846 48850 1
48846 48890 1
48847 48848 1
48849 48958 1
48850 48851 1
48851 48852 1
48852 48853 1
48853 48855 1
48854 48942 1
48854 48959 1
48855 48935 1
48856 48867 1
48856 48885 1
48857 48887 1
48858 48859 1
48858 48951 1
48859 48864 1
48859 48878 1
48860 48861 1
48860 48878 1
48861 48862 1
48862 48863 1
48863 48865 1
48864 48867 1
48865 48866 1
48866 48868 1
48867 48872 1
48868 48870 1
48869 48876 1
48870 48871 1
48872 48873 1
48873 48874 1
48874 48875 1
48875 48877 1
48875 48892 1
48876 48888 1
48877 48891 1
48879 48883 1
48879 48894 1
48880 48881 1
48880 48956 1
48881 48884 1
48882 48885 1
48883 48884 1
48883 48886 1
48883 48887 1
48883 48889 1
48883 48891 1
48886 48890 1
48892 48893 1
48893 48895 1
48894 48896 1
48895 48897 1
48897 48898 1
48899 48918 1
48899 48937 1
48900 48937 1
48900 48940 1
48901 48917 1
48901 48926 1
48901 48931 1
48902 48903 1
48903 48905 1
48903 48947 1
48904 48908 1
48904 48935 1
48905 48927 1
48906 48908 1
48906 48939 1
48907 48936 1
48907 48940 1
48908 48909 1
48908 48925 1
48908 48930 1
48909 48928 1
48910 48911 1
48910 48930 1
48911 48912 1
48912 48932 1
48913 48914 1
48913 48941 1
48914 48920 1
48914 48924 1
48915 48923 1
48915 48934 1
48916 48921 1
48916 48927 1
48917 48936 1
48918 48929 1
48919 48921 1
48919 48941 1
48922 48941 1
48923 48933 1
48924 48925 1
48926 48938 1
48929 48934 1
48931 48945 1
48932 48933 1
48939 48944 1
48942 48943 1
48943 48944 1
48946 48953 1
48946 48960 1
48947 48948 1
48948 48955 1
48949 48951 1
48949 48955 1
48950 48954 1
48951 48952 1
48951 48953 1
48952 48956 1
48954 48957 1
48958 48959 1
48961 48962 1
48961 49072 1
48962 48965 1
48962 48988 1
48962 48998 1
48962 49151 1
48962 49153 1
48963 49148 1
48964 49152 1
48964 49153 1
48965 48999 1
48966 48967 1
48966 49063 1
48967 48968 1
48967 49063 1
48968 48970 1
48968 49006 1
48968 49008 1
48968 49071 1
48969 48970 1
48969 48971 1
48971 48972 1
48972 49143 1
48973 48976 1
48973 49045 1
48974 48976 1
48974 49011 1
48975 48977 1
48975 49151 1
48976 49015 1
48976 49063 1
48977 49004 1
48977 49056 1
48978 49014 1
48978 49040 1
48979 48980 1
48979 48981 1
48979 48982 1
48979 48988 1
48980 48982 1
48980 48984 1
48981 48983 1
48982 48984 1
48982 48985 1
48983 48986 1
48984 48987 1
48984 49091 1
48984 53969 1
48984 53973 1
48985 49091 1
48986 49041 1
48986 49091 1
48986 49102 1
48987 49104 1
48987 49127 1
48988 48999 1
48988 49074 1
48989 48990 1
48989 49139 1
48990 48991 1
48991 53970 1
48991 53971 1
48992 48993 1
48992 49148 1
48993 48994 1
48994 48995 1
48995 48996 1
48996 48998 1
48997 49000 1
48997 49153 1
48998 49153 1
49000 49073 1
49000 49074 1
49001 49003 1
49001 49154 1
49002 49005 1
49002 49017 1
49003 49006 1
49004 49014 1
49004 49033 1
49005 49007 1
49006 49008 1
49006 49011 1
49007 49008 1
49008 49009 1
49008 49012 1
49008 49080 1
49009 49010 1
49010 49013 1
49011 49012 1
49012 49015 1
49012 49023 1
49013 49080 1
49015 49016 1
49015 49046 1
49016 49044 1
49017 49153 1
49018 49019 1
49018 49021 1
49018 49050 1
49018 49053 1
49019 49020 1
49020 49023 1
49021 49025 1
49022 49028 1
49022 49094 1
49023 49024 1
49024 49085 1
49025 49026 1
49026 49027 1
49027 49030 1
49027 49036 1
49028 49031 1
49029 49030 1
49029 49031 1
49030 49082 1
49030 49084 1
49031 49032 1
49031 49034 1
49031 49038 1
49031 49041 1
49032 49035 1
49033 49035 1
49034 49096 1
49035 49039 1
49035 49041 1
49035 49084 1
49036 49037 1
49036 49096 1
49037 49038 1
49037 49096 1
49038 49042 1
49038 49100 1
49039 49040 1
49040 49041 1
49041 49042 1
49042 49043 1
49043 49100 1
49044 49048 1
49045 49047 1
49046 49047 1
49047 49049 1
49047 49051 1
49048 49050 1
49049 49071 1
49050 49076 1
49050 49092 1
49051 49052 1
49052 49054 1
49053 49087 1
49054 49088 1
49055 49069 1
49055 49089 1
49057 49105 1
49057 49121 1
49058 49059 1
49058 49105 1
49059 49103 1
49059 49105 1
49060 49061 1
49060 49064 1
49060 49103 1
49061 49064 1
49062 49063 1
49064 49065 1
49064 49066 1
49065 49067 1
49066 49070 1
49067 49069 1
49068 49069 1
49069 49071 1
49070 49095 1
49070 53981 1
49070 53982 1
49072 49076 1
49073 49078 1
49074 49076 1
49075 49077 1
49075 49146 1
49076 49079 1
49076 49081 1
49077 49081 1
49078 49082 1
49079 49083 1
49079 49085 1
49080 49082 1
49081 49084 1
49081 49085 1
49082 49086 1
49083 49086 1
49084 49085 1
49087 49090 1
49088 49089 1
49090 49092 1
49091 49141 1
49092 49093 1
49094 49095 1
49096 49097 1
49097 49098 1
49098 49099 1
49100 49101 1
49100 49142 1
49102 49109 1
49104 49127 1
49105 49121 1
49106 49107 1
49106 49110 1
49106 49126 1
49109 49142 1
49110 49112 1
49110 49126 1
49111 49124 1
49111 49133 1
49111 49135 1
49112 49132 1
49113 49125 1
49113 49132 1
49114 49123 1
49114 49128 1
49114 49133 1
49115 49122 1
49115 49123 1
49116 49129 1
49116 49131 1
49117 49118 1
49117 49119 1
49117 49130 1
49118 49130 1
49119 49136 1
49120 49134 1
49120 49136 1
49121 49126 1
49121 49137 1
49122 49129 1
49124 49133 1
49124 49135 1
49125 49135 1
49127 49140 1
49127 53976 1
49127 53977 1
49130 49131 1
49133 49135 1
49134 49137 1
49138 49139 1
49138 49140 1
49138 49141 1
49138 53983 1
49138 53984 1
49139 49142 1
49140 53972 1
49140 53974 1
49140 53975 1
49140 53978 1
49140 53979 1
49140 53980 1
49140 53983 1
49140 53984 1
49142 53985 1
49142 53986 1
49143 49144 1
49144 49147 1
49145 49149 1
49146 49151 1
49147 49148 1
49147 49150 1
49148 49153 1
49149 49150 1
49150 49152 1
49150 49154 1
49153 49154 1
49155 49227 1
49155 51148 1
49155 51161 1
49156 49227 1
49156 49270 1
49157 49160 1
49157 49279 1
49158 49164 1
49158 49269 1
49159 49162 1
49159 49264 1
49160 49170 1
49161 49168 1
49161 49263 1
49162 49167 1
49163 49171 1
49163 49196 1
49164 49193 1
49165 49166 1
49165 49167 1
49166 49169 1
49166 49265 1
49168 49169 1
49168 49172 1
49168 49175 1
49169 49172 1
49169 49173 1
49169 49175 1
49170 49233 1
49171 49192 1
49172 49173 1
49173 49175 1
49173 49176 1
49174 49187 1
49174 49192 1
49174 49193 1
49175 49177 1
49176 49179 1
49177 49178 1
49178 49181 1
49179 51836 1
49180 49261 1
49180 49281 1
49181 49182 1
49182 49184 1
49183 49185 1
49183 49191 1
49184 49190 1
49185 49189 1
49186 49190 1
49186 51840 1
49187 49191 1
49187 49192 1
49188 49225 1
49188 49238 1
49189 49205 1
49194 49204 1
49194 49241 1
49195 49197 1
49195 49248 1
49196 49204 1
49197 49199 1
49198 49238 1
49198 49247 1
49199 49200 1
49200 49201 1
49201 49202 1
49202 49272 1
49203 49216 1
49203 49250 1
49205 51366 1
49206 49217 1
49206 49250 1
49207 49210 1
49207 51099 1
49208 49209 1
49208 51098 1
49209 49211 1
49210 49212 1
49211 49214 1
49212 49213 1
49213 49216 1
49214 49215 1
49215 49219 1
49217 49231 1
49218 49251 1
49219 49266 1
49220 49221 1
49220 52129 1
49221 49226 1
49222 49226 1
49222 49228 1
49223 49224 1
49223 49230 1
49224 49225 1
49228 49229 1
49229 49230 1
49231 49232 1
49232 49234 1
49233 49236 1
49234 49237 1
49235 49236 1
49235 49249 1
49237 49245 1
49239 49240 1
49239 49249 1
49240 49245 1
49241 49242 1
49242 49244 1
49243 49244 1
49243 49245 1
49245 49246 1
49246 49248 1
49247 49279 1
49251 49252 1
49251 49266 1
49252 49254 1
49253 49255 1
49253 50685 1
49254 49256 1
49255 49258 1
49256 49271 1
49257 49258 1
49258 49268 1
49259 49267 1
49259 49271 1
49260 49262 1
49260 49269 1
49261 49270 1
49262 49264 1
49263 49268 1
49265 49267 1
49272 49273 1
49273 49274 1
49274 49275 1
49275 49276 1
49276 49277 1
49277 49278 1
49278 49282 1
49279 49281 1
49280 49282 1
49280 51468 1
49283 49315 1
49284 49343 1
49284 49369 1
49285 49308 1
49285 49311 1
49286 49288 1
49286 49303 1
49286 49306 1
49286 49354 1
49287 49374 1
49287 49375 1
49288 49392 1
49289 49290 1
49289 49344 1
49290 49366 1
49291 49309 1
49291 49317 1
49291 49334 1
49292 49296 1
49292 49298 1
49292 49338 1
49292 49356 1
49293 49297 1
49293 49334 1
49293 49338 1
49293 49355 1
49294 49319 1
49294 49361 1
49294 49373 1
49294 49431 1
49295 49296 1
49295 49364 1
49296 49298 1
49296 49349 1
49297 49298 1
49298 49349 1
49298 49351 1
49299 49301 1
49299 49331 1
49299 49333 1
49299 49372 1
49300 49333 1
49301 49302 1
49301 49305 1
49301 49354 1
49301 49377 1
49302 49306 1
49303 49304 1
49303 49306 1
49304 49395 1
49307 49309 1
49307 49360 1
49307 49368 1
49308 49310 1
49308 49360 1
49310 49314 1
49310 49316 1
49310 49338 1
49311 49312 1
49312 49313 1
49313 49336 1
49314 49368 1
49315 49335 1
49316 49337 1
49317 49338 1
49318 49320 1
49318 49322 1
49318 49345 1
49319 49336 1
49319 49344 1
49320 49323 1
49321 49326 1
49321 49353 1
49322 49325 1
49323 49324 1
49324 49328 1
49325 49327 1
49326 49327 1
49327 49331 1
49327 49332 1
49328 49329 1
49329 49330 1
49330 49333 1
49332 49333 1
49334 49346 1
49334 49352 1
49334 49355 1
49335 49347 1
49336 49344 1
49337 49344 1
49339 49341 1
49339 49424 1
49340 49342 1
49341 49368 1
49342 49368 1
49343 49474 1
49344 49356 1
49345 49346 1
49345 49352 1
49345 49355 1
49346 49387 1
49347 49362 1
49348 49352 1
49348 49357 1
49349 49350 1
49350 49367 1
49351 49353 1
49358 49359 1
49358 49388 1
49358 49391 1
49359 49360 1
49359 49432 1
49360 49361 1
49360 49368 1
49360 49373 1
49362 49363 1
49363 49365 1
49364 49365 1
49366 49369 1
49367 49369 1
49369 49370 1
49369 49371 1
49369 49372 1
49371 49374 1
49373 49431 1
49375 49376 1
49376 49377 1
49377 49378 1
49379 49380 1
49379 51420 1
49380 49439 1
49381 49394 1
49381 49404 1
49382 49519 1
49382 51865 1
49383 49516 1
49384 49517 1
49384 49518 1
49385 49386 1
49385 49388 1
49386 49390 1
49389 49394 1
49389 49479 1
49389 49489 1
49390 49391 1
49392 49393 1
49393 49456 1
49394 49442 1
49395 49396 1
49396 49399 1
49397 49399 1
49397 49401 1
49398 49402 1
49398 49403 1
49400 49401 1
49400 49402 1
49403 49405 1
49404 49500 1
49405 52071 1
49406 49407 1
49406 49414 1
49407 49408 1
49408 49410 1
49409 49410 1
49411 49412 1
49411 51896 1
49412 49413 1
49413 49414 1
49415 49417 1
49415 49510 1
49416 49418 1
49416 49506 1
49418 49433 1
49419 49422 1
49420 49421 1
49420 49433 1
49421 49434 1
49422 49423 1
49422 49425 1
49423 49435 1
49424 49434 1
49425 49429 1
49426 49427 1
49426 49428 1
49427 49431 1
49428 49451 1
49429 49451 1
49430 49432 1
49436 51849 1
49437 49472 1
49438 49443 1
49438 49459 1
49439 49460 1
49440 49467 1
49440 49512 1
49441 49443 1
49441 49470 1
49442 49465 1
49442 49489 1
49443 49472 1
49444 49445 1
49444 49457 1
49445 49467 1
49446 49464 1
49446 49471 1
49447 49448 1
49447 49471 1
49448 49473 1
49449 49474 1
49450 49469 1
49450 50818 1
49452 49456 1
49453 49454 1
49453 49478 1
49454 49455 1
49455 49456 1
49457 49459 1
49458 49463 1
49458 49466 1
49460 49469 1
49461 49466 1
49461 49473 1
49462 49463 1
49462 49468 1
49464 49465 1
49468 49475 1
49470 49511 1
49475 49477 1
49476 49477 1
49478 49480 1
49479 49511 1
49480 49481 1
49481 49482 1
49482 49483 1
49483 49484 1
49484 49485 1
49485 49486 1
49486 49487 1
49487 49488 1
49488 49490 1
49490 49491 1
49491 49492 1
49492 50543 1
49493 49513 1
49493 49515 1
49494 49496 1
49494 49518 1
49495 49497 1
49495 49499 1
49495 49501 1
49495 49514 1
49496 49498 1
49497 49499 1
49497 49501 1
49497 49513 1
49498 49502 1
49499 49501 1
49499 49503 1
49500 50907 1
49501 49504 1
49502 49506 1
49503 49505 1
49504 49507 1
49505 49508 1
49507 49509 1
49508 49510 1
49509 49512 1
49514 51852 1
49515 51884 1
49516 49517 1
49518 49519 1
49520 49625 1
49520 50240 1
49521 49532 1
49521 49561 1
49521 49626 1
49522 49599 1
49522 49672 1
49523 49524 1
49523 49550 1
49524 49527 1
49524 49529 1
49525 49531 1
49525 49599 1
49526 49527 1
49526 49530 1
49527 49529 1
49528 49529 1
49530 49533 1
49531 49534 1
49532 49537 1
49532 49654 1
49533 49535 1
49534 49535 1
49535 49536 1
49536 49572 1
49537 49545 1
49537 49561 1
49538 49540 1
49538 49646 1
49539 49540 1
49539 49647 1
49541 49542 1
49541 49548 1
49542 49543 1
49543 49544 1
49544 49546 1
49545 49666 1
49546 49547 1
49547 50797 1
49548 49644 1
49549 49550 1
49549 49602 1
49551 49601 1
49551 49656 1
49552 49553 1
49552 49601 1
49553 49554 1
49554 49563 1
49554 49569 1
49555 49556 1
49555 49571 1
49556 49560 1
49557 49558 1
49557 49559 1
49557 49571 1
49560 49562 1
49561 49603 1
49561 49654 1
49562 49569 1
49563 49564 1
49563 49569 1
49564 49565 1
49565 49566 1
49566 49567 1
49567 49568 1
49568 49584 1
49570 49578 1
49570 49603 1
49572 49573 1
49573 49574 1
49574 49575 1
49575 49576 1
49576 49577 1
49577 49583 1
49578 49586 1
49579 49580 1
49579 49583 1
49580 49581 1
49581 49582 1
49582 50872 1
49584 49592 1
49585 49595 1
49585 49596 1
49586 49594 1
49587 50519 1
49588 49589 1
49588 49590 1
49588 49591 1
49589 49591 1
49589 49596 1
49590 49593 1
49591 50675 1
49592 49593 1
49594 49600 1
49595 50674 1
49597 49644 1
49598 49668 1
49598 49672 1
49600 49602 1
49604 49610 1
49604 49614 1
49604 51392 1
49605 49606 1
49605 49610 1
49606 49613 1
49607 49611 1
49607 49612 1
49608 49611 1
49608 50238 1
49608 50239 1
49609 50239 1
49612 49613 1
49614 51391 1
49615 49618 1
49615 49648 1
49616 49654 1
49616 50245 1
49617 49618 1
49617 49619 1
49619 49621 1
49620 49621 1
49620 49662 1
49622 49624 1
49622 49649 1
49622 50258 1
49623 49624 1
49623 49648 1
49625 49627 1
49626 50246 1
49627 49628 1
49627 49649 1
49628 49629 1
49628 49649 1
49629 49630 1
49630 49631 1
49631 49632 1
49632 49633 1
49633 49634 1
49634 49636 1
49635 49636 1
49635 49638 1
49636 49637 1
49637 49639 1
49638 49640 1
49639 49641 1
49640 49643 1
49641 49642 1
49642 49644 1
49643 49645 1
49645 49646 1
49647 49667 1
49649 50258 1
49650 49659 1
49650 52556 1
49651 49657 1
49651 52566 1
49651 52569 1
49652 49655 1
49652 49656 1
49653 49655 1
49653 52551 1
49657 49659 1
49658 52543 1
49660 49661 1
49660 49663 1
49661 49662 1
49663 49664 1
49664 49665 1
49665 49666 1
49667 49670 1
49668 49669 1
49669 49671 1
49670 49671 1
49673 49816 1
49673 49819 1
49674 49821 1
49674 49824 1
49674 49828 1
49675 49923 1
49675 50681 1
49676 49677 1
49676 49929 1
49677 49679 1
49678 49680 1
49678 49933 1
49679 49723 1
49680 49724 1
49681 49845 1
49681 49921 1
49682 49920 1
49682 49924 1
49683 49928 1
49683 49932 1
49684 49685 1
49684 49918 1
49685 49687 1
49686 49689 1
49686 53067 1
49687 49688 1
49688 49711 1
49689 49690 1
49690 49717 1
49691 49692 1
49691 49694 1
49692 49697 1
49692 49707 1
49692 49713 1
49693 49696 1
49693 49713 1
49694 49716 1
49695 49698 1
49696 49699 1
49697 49707 1
49697 49713 1
49697 49722 1
49698 49701 1
49698 49708 1
49698 49719 1
49699 49701 1
49700 49712 1
49700 49718 1
49701 49706 1
49701 49708 1
49701 49719 1
49702 49703 1
49702 49722 1
49703 49704 1
49703 49710 1
49704 49710 1
49704 49811 1
49704 53103 1
49705 49715 1
49705 49720 1
49706 49708 1
49706 49719 1
49706 49876 1
49707 49713 1
49707 49714 1
49707 49721 1
49708 49719 1
49709 49710 1
49709 49754 1
49711 49714 1
49712 49793 1
49715 49719 1
49716 49718 1
49717 49721 1
49720 49887 1
49723 49725 1
49724 49729 1
49725 49730 1
49726 49727 1
49726 49728 1
49727 49733 1
49728 49732 1
49729 49735 1
49729 49736 1
49730 49731 1
49730 49736 1
49731 49734 1
49732 49754 1
49733 49734 1
49735 49736 1
49735 49737 1
49735 49738 1
49736 49741 1
49736 49742 1
49736 49743 1
49736 49745 1
49736 49753 1
49737 49738 1
49737 49739 1
49737 49742 1
49738 49741 1
49738 49742 1
49738 49743 1
49738 49745 1
49738 49753 1
49739 49740 1
49739 49758 1
49739 49898 1
49740 49742 1
49740 49743 1
49741 49743 1
49741 49744 1
49741 49745 1
49741 49753 1
49742 49745 1
49743 49745 1
49743 49749 1
49744 49747 1
49746 49761 1
49746 49784 1
49746 49919 1
49747 49748 1
49747 49749 1
49747 49753 1
49748 49750 1
49749 49753 1
49749 49764 1
49749 49813 1
49750 49752 1
49751 49917 1
49751 49919 1
49752 49792 1
49755 49757 1
49755 49912 1
49756 49788 1
49756 49913 1
49757 49760 1
49758 49759 1
49759 49791 1
49760 49763 1
49761 49773 1
49761 49784 1
49762 49782 1
49762 49788 1
49763 49781 1
49764 49785 1
49764 49813 1
49765 49766 1
49765 49781 1
49766 49769 1
49766 49780 1
49767 49769 1
49767 49770 1
49767 49780 1
49768 49779 1
49768 49787 1
49769 49779 1
49769 49780 1
49770 49774 1
49771 49778 1
49771 49789 1
49772 49869 1
49772 49880 1
49773 51345 1
49774 49775 1
49775 49783 1
49776 49778 1
49776 49786 1
49776 49818 1
49777 49787 1
49777 51529 1
49777 51532 1
49778 49783 1
49778 49786 1
49782 49791 1
49783 49786 1
49785 49789 1
49790 49803 1
49790 49816 1
49792 49794 1
49793 49807 1
49794 49797 1
49795 49806 1
49795 51216 1
49796 49797 1
49796 49801 1
49798 49799 1
49798 49815 1
49799 49800 1
49800 49808 1
49801 49814 1
49802 49803 1
49802 49810 1
49804 49809 1
49804 49811 1
49804 53103 1
49805 49811 1
49805 49812 1
49805 53103 1
49806 49817 1
49807 49811 1
49807 53103 1
49808 49814 1
49809 49815 1
49810 49813 1
49811 53103 1
49812 53102 1
49817 49866 1
49818 49831 1
49819 49821 1
49820 49822 1
49820 49831 1
49821 49824 1
49822 49823 1
49823 51536 1
49824 49825 1
49825 49827 1
49826 49861 1
49826 49862 1
49826 49863 1
49826 49864 1
49827 49829 1
49828 49880 1
49829 49891 1
49830 49850 1
49830 49859 1
49832 49842 1
49833 49834 1
49833 49835 1
49834 49837 1
49835 49863 1
49836 49841 1
49836 49892 1
49836 49896 1
49837 49838 1
49838 49840 1
49839 49857 1
49839 49860 1
49839 49865 1
49840 49841 1
49842 49843 1
49843 49844 1
49844 49845 1
49846 49847 1
49846 49920 1
49847 49851 1
49847 49920 1
49848 49853 1
49849 49853 1
49849 49854 1
49850 49860 1
49851 49852 1
49852 49855 1
49854 49856 1
49855 49856 1
49857 49865 1
49858 49869 1
49858 51145 1
49859 49862 1
49861 49862 1
49861 49863 1
49862 49863 1
49866 49867 1
49867 49868 1
49868 49870 1
49868 49871 1
49868 49872 1
49870 49871 1
49870 49872 1
49871 49872 1
49872 49873 1
49872 49874 1
49873 49874 1
49874 49897 1
49875 49877 1
49875 49897 1
49877 49878 1
49878 49879 1
49879 49881 1
49881 49882 1
49882 49883 1
49883 49884 1
49884 49885 1
49885 49886 1
49886 49888 1
49887 49889 1
49888 49892 1
49889 49895 1
49890 49895 1
49891 49902 1
49892 49896 1
49893 49894 1
49893 49896 1
49894 49895 1
49898 49914 1
49899 49900 1
49899 49914 1
49900 49928 1
49901 49903 1
49901 49916 1
49902 49923 1
49903 49906 1
49904 49905 1
49904 49907 1
49905 49915 1
49906 49908 1
49907 49912 1
49908 49909 1
49909 49910 1
49910 49911 1
49911 49913 1
49915 49916 1
49917 49918 1
49921 49922 1
49922 49925 1
49924 49927 1
49925 49929 1
49926 49928 1
49927 49930 1
49930 49931 1
49931 49932 1
49931 49933 1
49932 49933 1
49934 50137 1
49934 50169 1
49935 50126 1
49935 50154 1
49936 49945 1
49936 50172 1
49937 49939 1
49937 49956 1
49937 49962 1
49937 50181 1
49938 49940 1
49938 50144 1
49939 49962 1
49940 49941 1
49941 49942 1
49942 49964 1
49943 49954 1
49943 49956 1
49944 49959 1
49944 49966 1
49945 49953 1
49946 49963 1
49946 49964 1
49947 49948 1
49947 49966 1
49948 49965 1
49949 49952 1
49949 49963 1
49950 49955 1
49950 50160 1
49951 49965 1
49952 49955 1
49953 49961 1
49954 49958 1
49956 49962 1
49957 49960 1
49957 50146 1
49958 49992 1
49959 49992 1
49960 50180 1
49961 49972 1
49967 49969 1
49968 49971 1
49968 49990 1
49969 49970 1
49970 49984 1
49971 49991 1
49972 49983 1
49973 49991 1
49973 49993 1
49974 49980 1
49974 49989 1
49975 49976 1
49975 49977 1
49976 49981 1
49977 49978 1
49978 49979 1
49979 49982 1
49980 49981 1
49982 50147 1
49983 49994 1
49984 49991 1
49985 49987 1
49985 49990 1
49986 49987 1
49988 49990 1
49989 49991 1
49992 49995 1
49992 49998 1
49993 49996 1
49994 50003 1
49995 50000 1
49996 50005 1
49997 50000 1
49997 50004 1
49998 50009 1
49999 50001 1
50001 50002 1
50002 50008 1
50003 50014 1
50004 50006 1
50005 50008 1
50006 50007 1
50007 50076 1
50008 50082 1
50009 50040 1
50010 50035 1
50010 50098 1
50011 50012 1
50011 50035 1
50012 50030 1
50013 50015 1
50013 50030 1
50013 50034 1
50014 50025 1
50015 50017 1
50015 50034 1
50016 50037 1
50016 50060 1
50017 50037 1
50018 50019 1
50018 50039 1
50019 50020 1
50020 50021 1
50021 50033 1
50022 50023 1
50022 50039 1
50023 50024 1
50024 50026 1
50025 50128 1
50026 50027 1
50027 50032 1
50028 50032 1
50028 50122 1
50029 50033 1
50029 50034 1
50029 50038 1
50031 50033 1
50031 50034 1
50033 50034 1
50036 50047 1
50036 50138 1
50038 50108 1
50040 50077 1
50041 50042 1
50041 50044 1
50042 50073 1
50043 50065 1
50043 50111 1
50044 50045 1
50045 50046 1
50046 50048 1
50047 50058 1
50048 50059 1
50048 50067 1
50048 50069 1
50049 50062 1
50049 50065 1
50049 50072 1
50050 50053 1
50050 50062 1
50051 50062 1
50051 50070 1
50052 50053 1
50052 50073 1
50054 50055 1
50054 50072 1
50055 50057 1
50056 50071 1
50057 50061 1
50058 50068 1
50059 50067 1
50059 50069 1
50059 50071 1
50061 50074 1
50062 50065 1
50063 50064 1
50063 50066 1
50064 50110 1
50066 50070 1
50067 50113 1
50068 50127 1
50074 50075 1
50076 50078 1
50076 50080 1
50077 50081 1
50078 50080 1
50078 50084 1
50079 50090 1
50079 50124 1
50080 50091 1
50081 50083 1
50082 50102 1
50083 50085 1
50084 50086 1
50085 50088 1
50086 50087 1
50087 50092 1
50088 50089 1
50088 50094 1
50089 50097 1
50090 50101 1
50091 50096 1
50092 50093 1
50093 50095 1
50094 50095 1
50096 50099 1
50097 50098 1
50099 50100 1
50100 50103 1
50101 50112 1
50102 50106 1
50103 50104 1
50104 50105 1
50105 50111 1
50106 50109 1
50107 50108 1
50107 50110 1
50109 50113 1
50112 50114 1
50114 50115 1
50115 50116 1
50116 50117 1
50117 50118 1
50118 50119 1
50119 50120 1
50120 50121 1
50121 50123 1
50122 50123 1
50124 50125 1
50125 50127 1
50126 50148 1
50128 50129 1
50129 50130 1
50130 50131 1
50131 50132 1
50132 50133 1
50133 50134 1
50134 50135 1
50135 50136 1
50136 53444 1
50138 50139 1
50139 50140 1
50140 50141 1
50141 50142 1
50142 50143 1
50144 50145 1
50144 52878 1
50145 50146 1
50145 50147 1
50145 52867 1
50145 52874 1
50146 50147 1
50146 52867 1
50146 52874 1
50147 52867 1
50147 52873 1
50147 52874 1
50147 52968 1
50148 50153 1
50149 50150 1
50149 50168 1
50150 50152 1
50150 50166 1
50151 50157 1
50151 50169 1
50151 50170 1
50152 50171 1
50153 50164 1
50154 50158 1
50155 50166 1
50155 50167 1
50156 50163 1
50156 50167 1
50157 50159 1
50157 50173 1
50158 50173 1
50159 50161 1
50159 50173 1
50161 50163 1
50162 50165 1
50164 50172 1
50165 50171 1
50168 52887 1
50170 52898 1
50175 50176 1
50176 50177 1
50177 50179 1
50178 50179 1
50180 50181 1
50182 50183 1
50182 50204 1
50183 50233 1
50184 50212 1
50184 50285 1
50185 50192 1
50185 50295 1
50185 50296 1
50185 50297 1
50186 50187 1
50186 50188 1
50186 50191 1
50186 50298 1
50187 50188 1
50187 50191 1
50187 50294 1
50188 50189 1
50188 50298 1
50189 50193 1
50190 50202 1
50190 50293 1
50191 50219 1
50191 50298 1
50192 50223 1
50193 50218 1
50194 50289 1
50195 50247 1
50195 50270 1
50196 50197 1
50196 50198 1
50196 50429 1
50197 50199 1
50198 50216 1
50199 50200 1
50200 50215 1
50201 50214 1
50201 50215 1
50202 50228 1
50203 50206 1
50203 50214 1
50204 50205 1
50205 50206 1
50207 50208 1
50207 50216 1
50208 50209 1
50209 50210 1
50210 50211 1
50211 50213 1
50212 50221 1
50213 50284 1
50217 50249 1
50217 50253 1
50218 50220 1
50219 50224 1
50220 50222 1
50221 50254 1
50222 50225 1
50223 50231 1
50224 50230 1
50225 50226 1
50226 50227 1
50227 50229 1
50228 50232 1
50229 50264 1
50230 50271 1
50231 53588 1
50232 50234 1
50233 50248 1
50234 50236 1
50235 50236 1
50235 50237 1
50237 50238 1
50238 50239 1
50238 50241 1
50240 50241 1
50242 50243 1
50242 50247 1
50243 50244 1
50244 50246 1
50248 50257 1
50249 50474 1
50250 50251 1
50250 50253 1
50251 50252 1
50252 50293 1
50254 50255 1
50255 50256 1
50256 50258 1
50257 50267 1
50259 50260 1
50259 50280 1
50260 50261 1
50261 50262 1
50262 53569 1
50263 50279 1
50263 53565 1
50264 50265 1
50265 50283 1
50266 50268 1
50266 50283 1
50267 50277 1
50268 50269 1
50269 50270 1
50271 50272 1
50272 50273 1
50273 50278 1
50274 50281 1
50274 53582 1
50275 50276 1
50275 50281 1
50276 50278 1
50277 50285 1
50278 50279 1
50278 50282 1
50280 50282 1
50284 50286 1
50286 50287 1
50287 50290 1
50288 50295 1
50289 50292 1
50290 50291 1
50291 50294 1
50292 50296 1
50296 50297 1
50297 50298 1
50299 50426 1
50299 50456 1
50299 50463 1
50300 50315 1
50300 50326 1
50300 50427 1
50301 50481 1
50301 50484 1
50302 50303 1
50302 50477 1
50303 50312 1
50303 50477 1
50303 50478 1
50304 50311 1
50305 50306 1
50305 50311 1
50306 50307 1
50307 50312 1
50308 50309 1
50310 50312 1
50313 50316 1
50313 50317 1
50314 50316 1
50314 50324 1
50315 50326 1
50315 50417 1
50315 50463 1
50316 50325 1
50317 50318 1
50318 50320 1
50319 50320 1
50319 50321 1
50321 50323 1
50322 50323 1
50322 50327 1
50324 50484 1
50325 50483 1
50326 50347 1
50326 50472 1
50327 50329 1
50328 50330 1
50328 50341 1
50329 50341 1
50330 50331 1
50331 50332 1
50332 50333 1
50333 50334 1
50334 50335 1
50335 50336 1
50336 50337 1
50337 50339 1
50338 50339 1
50339 50340 1
50340 50405 1
50342 50345 1
50343 50344 1
50343 50346 1
50344 50345 1
50347 50352 1
50348 50366 1
50348 50422 1
50349 50388 1
50349 50390 1
50349 50391 1
50350 50355 1
50351 50354 1
50351 50381 1
50352 50364 1
50353 50355 1
50354 50357 1
50355 50356 1
50356 50360 1
50357 50359 1
50358 50456 1
50358 50472 1
50359 50361 1
50360 50363 1
50361 50362 1
50362 50365 1
50363 50437 1
50364 50381 1
50365 50435 1
50366 50367 1
50367 50368 1
50368 50385 1
50369 50371 1
50369 50385 1
50370 50391 1
50371 50388 1
50372 50389 1
50372 50390 1
50373 50377 1
50373 50387 1
50373 50389 1
50374 50375 1
50374 50384 1
50375 50376 1
50376 50392 1
50377 50386 1
50378 50379 1
50378 50383 1
50379 50380 1
50380 50382 1
50382 50431 1
50383 50386 1
50387 50392 1
50390 50391 1
50393 50394 1
50393 50444 1
50394 50395 1
50395 50396 1
50396 50397 1
50397 50398 1
50398 50399 1
50399 50400 1
50400 50401 1
50401 50402 1
50402 50428 1
50403 50413 1
50403 50462 1
50404 50405 1
50404 50406 1
50405 50406 1
50406 50407 1
50407 50408 1
50408 50410 1
50409 50425 1
50410 50411 1
50411 50412 1
50412 50414 1
50413 50430 1
50414 50423 1
50415 50416 1
50415 50419 1
50415 50423 1
50416 50426 1
50417 50418 1
50417 50426 1
50418 50419 1
50419 50420 1
50420 50421 1
50421 50422 1
50423 50424 1
50425 50436 1
50428 50429 1
50430 50436 1
50431 50432 1
50432 50434 1
50433 50434 1
50433 50454 1
50435 50437 1
50435 50438 1
50436 50441 1
50437 50438 1
50438 50439 1
50439 50440 1
50440 50442 1
50441 50445 1
50442 50443 1
50443 50444 1
50445 50446 1
50446 50447 1
50447 50451 1
50447 50458 1
50448 50449 1
50448 50458 1
50449 50450 1
50450 50452 1
50451 50455 1
50451 50458 1
50452 50453 1
50453 50454 1
50455 50457 1
50457 50459 1
50459 50476 1
50460 50461 1
50460 51387 1
50461 50462 1
50463 50472 1
50464 50465 1
50464 50476 1
50465 50466 1
50466 50467 1
50467 50468 1
50468 50469 1
50469 50475 1
50470 50471 1
50470 50475 1
50471 50473 1
50473 50474 1
50478 50479 1
50479 50480 1
50480 50482 1
50482 50483 1
50485 50486 1
50485 50661 1
50486 50639 1
50487 50489 1
50487 50541 1
50488 50490 1
50488 50491 1
50488 50677 1
50489 50492 1
50489 50494 1
50489 50517 1
50490 50513 1
50491 50493 1
50491 50497 1
50491 50516 1
50492 50493 1
50492 50496 1
50492 50499 1
50493 50499 1
50494 50517 1
50495 50521 1
50495 50617 1
50496 50499 1
50496 50513 1
50497 50498 1
50498 50499 1
50499 50500 1
50500 50501 1
50501 50503 1
50502 50505 1
50503 50508 1
50503 50512 1
50504 50609 1
50504 50616 1
50505 50506 1
50505 50507 1
50506 50510 1
50507 50509 1
50508 50509 1
50508 50512 1
50510 50511 1
50512 50515 1
50514 50544 1
50514 50616 1
50515 50540 1
50516 50678 1
50517 50542 1
50518 50519 1
50518 50668 1
50519 50520 1
50519 50523 1
50520 50523 1
50520 50541 1
50521 50538 1
50522 50536 1
50522 50538 1
50523 50525 1
50524 50534 1
50524 50617 1
50525 50526 1
50526 50539 1
50527 50528 1
50527 50539 1
50528 50537 1
50529 50530 1
50529 50537 1
50530 50532 1
50531 50533 1
50531 50670 1
50532 50545 1
50533 50535 1
50534 50610 1
50535 50547 1
50536 50540 1
50541 50542 1
50543 50580 1
50544 50554 1
50545 50546 1
50546 50549 1
50547 50548 1
50547 50550 1
50548 50550 1
50549 50560 1
50549 50561 1
50550 50552 1
50551 50553 1
50551 50559 1
50552 50553 1
50554 50618 1
50555 50556 1
50555 50563 1
50556 50558 1
50557 50558 1
50557 50561 1
50559 50560 1
50559 50568 1
50560 50561 1
50560 50568 1
50562 50610 1
50562 50613 1
50563 50564 1
50564 50566 1
50565 50566 1
50565 50567 1
50567 50601 1
50568 50569 1
50569 50570 1
50570 50571 1
50571 50572 1
50572 50577 1
50573 50613 1
50573 50619 1
50574 50575 1
50574 50576 1
50575 50577 1
50576 50578 1
50577 50603 1
50578 50579 1
50580 50583 1
50581 50582 1
50581 50861 1
50582 50602 1
50583 50586 1
50584 50650 1
50584 53140 1
50585 50587 1
50585 52052 1
50586 50589 1
50586 50591 1
50586 50602 1
50587 50588 1
50588 50592 1
50589 50590 1
50589 50591 1
50590 50593 1
50591 50596 1
50592 50595 1
50593 50595 1
50594 50607 1
50594 50618 1
50596 50597 1
50597 50598 1
50598 50599 1
50599 50600 1
50600 50601 1
50603 50604 1
50604 50605 1
50605 50606 1
50606 50997 1
50607 50614 1
50608 50611 1
50608 50621 1
50609 50615 1
50611 50619 1
50612 50620 1
50612 50639 1
50614 50658 1
50615 50670 1
50620 53302 1
50621 50666 1
50622 50623 1
50622 50657 1
50623 50658 1
50624 50659 1
50624 50666 1
50625 50657 1
50625 50664 1
50626 50627 1
50626 50628 1
50626 50656 1
50626 50660 1
50627 50634 1
50627 50667 1
50628 50631 1
50628 50660 1
50629 50633 1
50629 50659 1
50630 50632 1
50630 50667 1
50631 50635 1
50631 50656 1
50631 50664 1
50632 50633 1
50634 50636 1
50634 50637 1
50635 50665 1
50636 50637 1
50637 50640 1
50638 50642 1
50638 50665 1
50640 50641 1
50641 50643 1
50642 50644 1
50643 50645 1
50644 50646 1
50645 50647 1
50646 50648 1
50647 50663 1
50648 50649 1
50649 50652 1
50650 50655 1
50651 50662 1
50651 50663 1
50652 50655 1
50653 50654 1
50653 50662 1
50654 50661 1
50656 50660 1
50668 50673 1
50669 50671 1
50669 50674 1
50671 50672 1
50672 50673 1
50675 50676 1
50676 50680 1
50677 50679 1
50679 50680 1
50681 50728 1
50682 50690 1
50682 50757 1
50683 50736 1
50683 50783 1
50684 50711 1
50684 50796 1
50685 50714 1
50686 50724 1
50686 50733 1
50687 50688 1
50687 50723 1
50687 50731 1
50688 50691 1
50689 50719 1
50689 50723 1
50690 50707 1
50691 50694 1
50692 50693 1
50692 50724 1
50693 50695 1
50694 50700 1
50695 50717 1
50696 50701 1
50696 50705 1
50696 50717 1
50697 50698 1
50697 50721 1
50698 50699 1
50699 50701 1
50699 50702 1
50700 50703 1
50700 50704 1
50701 50705 1
50703 50721 1
50704 50709 1
50705 50706 1
50706 50708 1
50707 50722 1
50708 50718 1
50709 50710 1
50710 50712 1
50711 50720 1
50712 50713 1
50712 50714 1
50713 50714 1
50715 50718 1
50715 50720 1
50716 50719 1
50722 50725 1
50722 50726 1
50725 50732 1
50726 51174 1
50727 50730 1
50727 50732 1
50728 50735 1
50729 50734 1
50729 51555 1
50730 50731 1
50733 50734 1
50735 50746 1
50736 50769 1
50737 50754 1
50737 50769 1
50738 50739 1
50738 50754 1
50738 50791 1
50738 50793 1
50739 50754 1
50739 50756 1
50739 50767 1
50739 50791 1
50739 50793 1
50740 50753 1
50740 50779 1
50741 50742 1
50741 50767 1
50742 50744 1
50743 50755 1
50743 50773 1
50744 50775 1
50745 50747 1
50745 50775 1
50746 50757 1
50747 50778 1
50748 50749 1
50748 50765 1
50749 50750 1
50750 50759 1
50751 50758 1
50751 50759 1
50752 50772 1
50752 50774 1
50753 50762 1
50753 50770 1
50754 50767 1
50754 50793 1
50755 50779 1
50756 50792 1
50758 50774 1
50760 50762 1
50760 50777 1
50761 50765 1
50761 50776 1
50763 50770 1
50763 50771 1
50764 50778 1
50764 50780 1
50766 50773 1
50766 50776 1
50767 50793 1
50768 50777 1
50768 51561 1
50771 50791 1
50781 50782 1
50781 50796 1
50782 50794 1
50783 50794 1
50784 50785 1
50784 51915 1
50785 50786 1
50786 50787 1
50787 50788 1
50788 50795 1
50789 50790 1
50789 50795 1
50790 50792 1
50797 50918 1
50798 50912 1
50799 50846 1
50799 50871 1
50800 50801 1
50800 50820 1
50801 50802 1
50802 50803 1
50803 50804 1
50804 50806 1
50805 50806 1
50806 50807 1
50807 50809 1
50808 50871 1
50808 50927 1
50809 50810 1
50810 50811 1
50811 50812 1
50812 50813 1
50813 50814 1
50814 50824 1
50815 50816 1
50815 50824 1
50816 50821 1
50817 50819 1
50817 50825 1
50818 50857 1
50819 50852 1
50820 50901 1
50821 50825 1
50822 50855 1
50822 50856 1
50823 50824 1
50823 50853 1
50826 50827 1
50826 50829 1
50827 50869 1
50828 50848 1
50828 50871 1
50829 50830 1
50830 50833 1
50831 50832 1
50831 50844 1
50832 50834 1
50833 50844 1
50834 50835 1
50835 50843 1
50836 50838 1
50836 50840 1
50837 50870 1
50837 50871 1
50838 50839 1
50839 50876 1
50840 50841 1
50841 50842 1
50842 50843 1
50843 50906 1
50845 50862 1
50846 51426 1
50847 50849 1
50847 50934 1
50848 50863 1
50849 50850 1
50850 50851 1
50851 50852 1
50853 50854 1
50854 50855 1
50856 50858 1
50858 50859 1
50859 50860 1
50860 50861 1
50862 50870 1
50863 50864 1
50864 50866 1
50865 50895 1
50865 50918 1
50866 50867 1
50867 50868 1
50868 50869 1
50872 50873 1
50873 50874 1
50874 50877 1
50875 50902 1
50875 50904 1
50876 50885 1
50877 50878 1
50878 50879 1
50879 50880 1
50880 50903 1
50881 50882 1
50881 50904 1
50882 50884 1
50883 50886 1
50883 50903 1
50884 50887 1
50885 50912 1
50886 50888 1
50887 50905 1
50888 50890 1
50889 50891 1
50889 50905 1
50890 50893 1
50891 50892 1
50892 50894 1
50893 50894 1
50894 50896 1
50894 50898 1
50895 50902 1
50896 50897 1
50897 50899 1
50898 50900 1
50899 50920 1
50900 50901 1
50906 50931 1
50907 50925 1
50908 50924 1
50908 50928 1
50909 50921 1
50909 50924 1
50910 50911 1
50910 50929 1
50911 50933 1
50912 50922 1
50913 50914 1
50913 50922 1
50913 50926 1
50914 50915 1
50915 50916 1
50916 50917 1
50917 50932 1
50919 50920 1
50919 50932 1
50921 50930 1
50922 50926 1
50923 50931 1
50925 50928 1
50926 50933 1
50927 51434 1
50929 50930 1
50935 50936 1
50935 50939 1
50935 50941 1
50936 50942 1
50937 50946 1
50937 50947 1
50938 50939 1
50938 50944 1
50938 50945 1
50939 50944 1
50940 50945 1
50940 50946 1
50943 50944 1
50947 52241 1
50948 51035 1
50948 51046 1
50949 51024 1
50949 51076 1
50950 50980 1
50950 51084 1
50951 50964 1
50951 50967 1
50952 50953 1
50952 50964 1
50952 51984 1
50953 50965 1
50954 50962 1
50954 50968 1
50955 51085 1
50955 51086 1
50956 50967 1
50956 51092 1
50957 50961 1
50957 51085 1
50958 50963 1
50958 51089 1
50959 50980 1
50959 51061 1
50960 51064 1
50961 51091 1
50962 50965 1
50963 51088 1
50966 51087 1
50966 51088 1
50968 50988 1
50969 51084 1
50970 50987 1
50970 51064 1
50970 51068 1
50971 50972 1
50971 50988 1
50971 50993 1
50972 50994 1
50973 50991 1
50973 50995 1
50974 50975 1
50974 50994 1
50975 50977 1
50976 50977 1
50976 50989 1
50978 50982 1
50978 51065 1
50979 50981 1
50979 50995 1
50981 50983 1
50982 50984 1
50983 50985 1
50984 50985 1
50985 50986 1
50985 51080 1
50986 50992 1
50987 50991 1
50989 51985 1
50990 51063 1
50990 51069 1
50992 50996 1
50993 50995 1
50997 50998 1
50998 50999 1
50999 51001 1
51000 51072 1
51000 51075 1
51001 51002 1
51002 51003 1
51003 51004 1
51004 51005 1
51005 51006 1
51006 51007 1
51007 51008 1
51008 52038 1
51009 51071 1
51009 51073 1
51010 51011 1
51010 51071 1
51011 51014 1
51011 51071 1
51012 51075 1
51012 51077 1
51013 51056 1
51013 53239 1
51014 51015 1
51015 51017 1
51016 51018 1
51017 51019 1
51018 51020 1
51019 51021 1
51020 51021 1
51021 51023 1
51022 51025 1
51023 51026 1
51024 51067 1
51025 51027 1
51026 51028 1
51027 51030 1
51028 51029 1
51029 51033 1
51030 51031 1
51031 51034 1
51032 51041 1
51033 51036 1
51034 51037 1
51035 51056 1
51035 51076 1
51036 51038 1
51037 51043 1
51038 51039 1
51039 51042 1
51040 51041 1
51040 51044 1
51041 51050 1
51042 51047 1
51043 51050 1
51043 51062 1
51044 51048 1
51045 51049 1
51045 51062 1
51047 51048 1
51047 51053 1
51048 51053 1
51049 51051 1
51051 51052 1
51052 51054 1
51053 51055 1
51054 51067 1
51055 51057 1
51057 51058 1
51058 51059 1
51059 51060 1
51060 51061 1
51063 51087 1
51065 51066 1
51069 51070 1
51070 51071 1
51071 51072 1
51077 51078 1
51078 51079 1
51080 51083 1
51081 51082 1
51081 51083 1
51086 51089 1
51090 51092 1
51090 51981 1
51091 51092 1
51093 51094 1
51093 51135 1
51094 51119 1
51094 51123 1
51095 51105 1
51095 51118 1
51095 51121 1
51095 51203 1
51096 51098 1
51096 51207 1
51097 51099 1
51097 51208 1
51100 51101 1
51101 51114 1
51102 51103 1
51102 51114 1
51103 51106 1
51104 51106 1
51105 51121 1
51105 51204 1
51106 51108 1
51107 51110 1
51107 51113 1
51108 51109 1
51109 51141 1
51110 51140 1
51111 51112 1
51111 52164 1
51112 51140 1
51113 51168 1
51115 51128 1
51116 51120 1
51116 51133 1
51117 51129 1
51117 51131 1
51118 51139 1
51118 51172 1
51120 51127 1
51121 51122 1
51122 51198 1
51123 51126 1
51124 51131 1
51124 51137 1
51125 51136 1
51125 51165 1
51126 51134 1
51127 51132 1
51128 51163 1
51129 51154 1
51130 51135 1
51130 51138 1
51132 51134 1
51133 51165 1
51136 51176 1
51137 51198 1
51138 53029 1
51138 53106 1
51139 51187 1
51141 51166 1
51142 51144 1
51142 51166 1
51143 51146 1
51143 51160 1
51143 51162 1
51144 51147 1
51144 51160 1
51145 51154 1
51146 51163 1
51147 51167 1
51148 51150 1
51148 51161 1
51149 51151 1
51149 51159 1
51150 51159 1
51151 51158 1
51151 51167 1
51152 51153 1
51152 51158 1
51153 51155 1
51155 51156 1
51156 51157 1
51157 51164 1
51162 51168 1
51164 51172 1
51169 51170 1
51169 51171 1
51170 51204 1
51171 51173 1
51173 51178 1
51175 51177 1
51175 51203 1
51176 51187 1
51177 51179 1
51177 51180 1
51177 51181 1
51178 51183 1
51179 51188 1
51180 51181 1
51180 51182 1
51181 51182 1
51182 51184 1
51183 51186 1
51184 51189 1
51185 51186 1
51185 51190 1
51188 51192 1
51189 51193 1
51190 51191 1
51191 51194 1
51192 51195 1
51193 51199 1
51194 51196 1
51195 51197 1
51196 51202 1
51197 51200 1
51199 51201 1
51201 51206 1
51202 51205 1
51205 51207 1
51206 51208 1
51209 51298 1
51210 51267 1
51210 51338 1
51211 51265 1
51211 51266 1
51212 51230 1
51212 51346 1
51213 51224 1
51213 51226 1
51214 51215 1
51214 51230 1
51215 51227 1
51216 51226 1
51217 51313 1
51217 51346 1
51218 51232 1
51218 51342 1
51219 51223 1
51219 51340 1
51220 51232 1
51220 51340 1
51221 51246 1
51221 51247 1
51222 51225 1
51222 51339 1
51223 51339 1
51224 51227 1
51225 51294 1
51228 51229 1
51228 51292 1
51229 51294 1
51231 51318 1
51231 51319 1
51231 51320 1
51231 51326 1
51233 51234 1
51233 51337 1
51234 51255 1
51235 51257 1
51235 51283 1
51236 51257 1
51236 51284 1
51237 51252 1
51237 51256 1
51238 51240 1
51238 51255 1
51239 51242 1
51239 51284 1
51240 51256 1
51240 51278 1
51241 51249 1
51242 51248 1
51243 51253 1
51243 51254 1
51244 51245 1
51244 51253 1
51244 51278 1
51245 51246 1
51245 51253 1
51247 51316 1
51249 51259 1
51249 51315 1
51250 51251 1
51250 51316 1
51251 51338 1
51252 51257 1
51254 51258 1
51259 51301 1
51260 51267 1
51260 51269 1
51261 51262 1
51261 51269 1
51262 51263 1
51262 51264 1
51263 51264 1
51264 51268 1
51265 51268 1
51270 51271 1
51270 51298 1
51271 51329 1
51272 51288 1
51272 51329 1
51273 51274 1
51273 51308 1
51274 53128 1
51275 51302 1
51275 51303 1
51276 51280 1
51276 51303 1
51277 51311 1
51277 51312 1
51279 51295 1
51279 51320 1
51280 51304 1
51281 51282 1
51281 51331 1
51282 51293 1
51283 51336 1
51285 51286 1
51285 51322 1
51285 51323 1
51286 51322 1
51286 51327 1
51287 51321 1
51287 51327 1
51288 51308 1
51289 51330 1
51289 51333 1
51290 51291 1
51290 51333 1
51291 51292 1
51293 51334 1
51295 51297 1
51296 51299 1
51297 51300 1
51297 51314 1
51299 51314 1
51300 51314 1
51300 51315 1
51301 51302 1
51304 51305 1
51305 51306 1
51306 51307 1
51307 51309 1
51309 51310 1
51310 51311 1
51312 51313 1
51317 51318 1
51318 51319 1
51319 51326 1
51321 51326 1
51322 51324 1
51323 51325 1
51324 51328 1
51325 51330 1
51328 51331 1
51331 51332 1
51332 51335 1
51334 51336 1
51335 51337 1
51341 51342 1
51341 51343 1
51343 51344 1
51344 51345 1
51347 51348 1
51347 51439 1
51348 51463 1
51349 51350 1
51349 51462 1
51349 51464 1
51350 51351 1
51351 51352 1
51352 51354 1
51353 51355 1
51353 51506 1
51354 51358 1
51355 51357 1
51356 51369 1
51356 51451 1
51357 51359 1
51358 51360 1
51359 51468 1
51360 51471 1
51361 51362 1
51361 51472 1
51362 51363 1
51363 51364 1
51364 51365 1
51365 51366 1
51367 51444 1
51368 51370 1
51368 51377 1
51369 51447 1
51370 51371 1
51371 51442 1
51372 51374 1
51372 51425 1
51373 51375 1
51373 51376 1
51374 51392 1
51375 51390 1
51376 51442 1
51377 51378 1
51378 51441 1
51379 51433 1
51379 51452 1
51379 51454 1
51380 51433 1
51380 51453 1
51381 51433 1
51381 51440 1
51381 51454 1
51382 51383 1
51382 51443 1
51383 51384 1
51383 51386 1
51384 51387 1
51385 51440 1
51385 51444 1
51386 51388 1
51388 51441 1
51389 51453 1
51389 51455 1
51390 51391 1
51393 51394 1
51393 51431 1
51394 51432 1
51395 51396 1
51396 51398 1
51396 51403 1
51397 51404 1
51397 51444 1
51398 51401 1
51399 51405 1
51399 51432 1
51400 51411 1
51400 51450 1
51401 51402 1
51402 51415 1
51403 51406 1
51404 51407 1
51405 51416 1
51406 51408 1
51406 51429 1
51407 51412 1
51408 51409 1
51409 51430 1
51410 51413 1
51410 51415 1
51411 51460 1
51412 51414 1
51414 51428 1
51415 51424 1
51416 51419 1
51417 51418 1
51417 51429 1
51418 51420 1
51419 51423 1
51419 51428 1
51419 51445 1
51421 51423 1
51421 51425 1
51422 51446 1
51422 51455 1
51424 51426 1
51427 51434 1
51427 51445 1
51430 51841 1
51431 51493 1
51433 51454 1
51435 51492 1
51435 51844 1
51436 51489 1
51436 51492 1
51436 51505 1
51437 51438 1
51437 51489 1
51437 51505 1
51438 51845 1
51439 51465 1
51443 51452 1
51446 51456 1
51447 51448 1
51448 51449 1
51449 51450 1
51456 51457 1
51457 51458 1
51458 51459 1
51459 51461 1
51460 51465 1
51461 51470 1
51462 51470 1
51463 51466 1
51463 51477 1
51464 51469 1
51464 51506 1
51466 51467 1
51467 51469 1
51471 51473 1
51472 51476 1
51472 51491 1
51473 51474 1
51474 51500 1
51475 51480 1
51475 51495 1
51475 51500 1
51476 51496 1
51478 51491 1
51478 51501 1
51479 51494 1
51479 51501 1
51480 51482 1
51481 51496 1
51481 51497 1
51482 51499 1
51483 51485 1
51483 51497 1
51484 51491 1
51485 51498 1
51486 51489 1
51486 51498 1
51487 51488 1
51487 51493 1
51488 51490 1
51489 51505 1
51490 51499 1
51491 51496 1
51494 51495 1
51502 51503 1
51502 51816 1
51503 51504 1
51504 51505 1
51507 51508 1
51507 51546 1
51508 51547 1
51509 51549 1
51509 51606 1
51510 51512 1
51510 51518 1
51510 51596 1
51510 51616 1
51510 51619 1
51511 51512 1
51511 51613 1
51512 51603 1
51512 51613 1
51513 51590 1
51513 51597 1
51514 51600 1
51514 51621 1
51515 51591 1
51515 51592 1
51516 51580 1
51516 51605 1
51517 51527 1
51517 51528 1
51517 51533 1
51517 51591 1
51518 51594 1
51519 51614 1
51520 51531 1
51520 51549 1
51521 51522 1
51521 51530 1
51522 51523 1
51523 51525 1
51524 51529 1
51524 51532 1
51525 51526 1
51525 51533 1
51526 51528 1
51527 51528 1
51527 51533 1
51528 51533 1
51529 51532 1
51531 51542 1
51532 51533 1
51534 51535 1
51534 51536 1
51535 51551 1
51537 51538 1
51537 51542 1
51537 51557 1
51538 51542 1
51538 51544 1
51539 51540 1
51539 51544 1
51539 51552 1
51540 51548 1
51540 51552 1
51541 51548 1
51541 51550 1
51543 51553 1
51545 51546 1
51545 51551 1
51550 51563 1
51553 51564 1
51554 51556 1
51554 51558 1
51555 51556 1
51557 51558 1
51559 51560 1
51559 51562 1
51560 51561 1
51562 51579 1
51563 51568 1
51563 51587 1
51564 51574 1
51565 51566 1
51565 51587 1
51566 51567 1
51567 51594 1
51569 51588 1
51569 51598 1
51570 51571 1
51570 51588 1
51571 51572 1
51572 51584 1
51573 51575 1
51573 51584 1
51574 51585 1
51575 51576 1
51576 51577 1
51577 51578 1
51578 51579 1
51580 51586 1
51581 51582 1
51581 51586 1
51582 51589 1
51583 51589 1
51585 51595 1
51592 51622 1
51593 51596 1
51593 51622 1
51595 51606 1
51597 51621 1
51598 51619 1
51599 51601 1
51599 51620 1
51600 51602 1
51600 51621 1
51601 51615 1
51602 51615 1
51603 51624 1
51604 51607 1
51604 51613 1
51605 51624 1
51607 51623 1
51608 51609 1
51608 51623 1
51609 51610 1
51610 51611 1
51611 51614 1
51612 51616 1
51612 51617 1
51617 51618 1
51618 51620 1
51625 51626 1
51625 51767 1
51626 51720 1
51627 51638 1
51627 51776 1
51628 51794 1
51628 51795 1
51629 51632 1
51629 51784 1
51630 51636 1
51630 51648 1
51631 51632 1
51631 51633 1
51633 51635 1
51634 51643 1
51634 51780 1
51635 51637 1
51636 51637 1
51637 51640 1
51638 51647 1
51639 51640 1
51639 51641 1
51641 51642 1
51642 51645 1
51643 51644 1
51645 51646 1
51646 51786 1
51647 51656 1
51648 51783 1
51649 51652 1
51649 51654 1
51650 51651 1
51650 51755 1
51651 51654 1
51652 51657 1
51653 51655 1
51653 51755 1
51655 51663 1
51655 51748 1
51655 51751 1
51656 51677 1
51657 51660 1
51658 51665 1
51658 51752 1
51658 51755 1
51659 51661 1
51659 51754 1
51660 51662 1
51661 51666 1
51662 51664 1
51663 51670 1
51664 51667 1
51665 51681 1
51666 51668 1
51667 51713 1
51668 51669 1
51669 51671 1
51670 51673 1
51671 51673 1
51672 51674 1
51672 51681 1
51673 51757 1
51674 51683 1
51675 51676 1
51675 51682 1
51676 51678 1
51677 51687 1
51678 51679 1
51679 51680 1
51680 51714 1
51682 51683 1
51684 51688 1
51684 51723 1
51685 51715 1
51685 51726 1
51686 51691 1
51686 51724 1
51687 51697 1
51688 51689 1
51689 51690 1
51690 51692 1
51691 51694 1
51691 51728 1
51692 51698 1
51693 51695 1
51693 51696 1
51694 51695 1
51694 51728 1
51696 51699 1
51697 51708 1
51698 51699 1
51699 51700 1
51700 51701 1
51701 51702 1
51702 51703 1
51703 51705 1
51704 51706 1
51704 51758 1
51705 51709 1
51706 51707 1
51707 51710 1
51708 51719 1
51709 51711 1
51710 51714 1
51711 51712 1
51712 51713 1
51715 51740 1
51716 51717 1
51716 53547 1
51717 51718 1
51718 51727 1
51719 51729 1
51720 51721 1
51721 51724 1
51721 51730 1
51722 51735 1
51722 51737 1
51723 51738 1
51725 51726 1
51725 51763 1
51727 51776 1
51728 51750 1
51729 51734 1
51730 51731 1
51731 51732 1
51732 51733 1
51733 51734 1
51734 51737 1
51735 51736 1
51736 51740 1
51737 51738 1
51739 51750 1
51739 51753 1
51741 51742 1
51741 51794 1
51742 51793 1
51743 51744 1
51743 51793 1
51744 51745 1
51745 51747 1
51746 51748 1
51747 51748 1
51748 51749 1
51748 51751 1
51748 51755 1
51749 51752 1
51749 51754 1
51751 51754 1
51752 51755 1
51753 51761 1
51756 51757 1
51756 52345 1
51758 51759 1
51759 51760 1
51760 51762 1
51762 51764 1
51763 51770 1
51764 51785 1
51765 51785 1
51766 51773 1
51766 51780 1
51767 53542 1
51768 51772 1
51768 51785 1
51769 51770 1
51769 51771 1
51769 51773 1
51770 51778 1
51771 51774 1
51772 51775 1
51774 51785 1
51775 51777 1
51777 51779 1
51778 51783 1
51779 51781 1
51781 51782 1
51782 51784 1
51786 51787 1
51787 51788 1
51788 51792 1
51789 51790 1
51789 51792 1
51790 51791 1
51791 52952 1
51795 52430 1
51796 51798 1
51796 51965 1
51797 51889 1
51797 51926 1
51797 51936 1
51797 51965 1
51798 51910 1
51799 51949 1
51799 51952 1
51799 51961 1
51800 51874 1
51800 51970 1
51801 51931 1
51801 51942 1
51802 51962 1
51802 51969 1
51803 51950 1
51803 51973 1
51804 51806 1
51804 51950 1
51805 51810 1
51805 51960 1
51806 51951 1
51807 51823 1
51807 51840 1
51808 51809 1
51808 51944 1
51809 51938 1
51810 51970 1
51811 51885 1
51811 51969 1
51811 51971 1
51812 51832 1
51812 51907 1
51813 51814 1
51813 51835 1
51814 51815 1
51815 51820 1
51816 51835 1
51817 51819 1
51817 51832 1
51818 51829 1
51818 51830 1
51819 51821 1
51819 51822 1
51819 51830 1
51820 51822 1
51820 51825 1
51821 51824 1
51821 51830 1
51822 51825 1
51823 51908 1
51824 51834 1
51825 51826 1
51826 51828 1
51827 51864 1
51827 51883 1
51828 51877 1
51829 51833 1
51831 51839 1
51831 51910 1
51833 51972 1
51834 51883 1
51835 51905 1
51836 51837 1
51837 51838 1
51838 51936 1
51839 51847 1
51841 51842 1
51842 51843 1
51843 51844 1
51845 51846 1
51846 51879 1
51847 51856 1
51848 51850 1
51848 51879 1
51848 51880 1
51849 51850 1
51849 51851 1
51851 51852 1
51853 51880 1
51854 51855 1
51854 51881 1
51855 51857 1
51856 51867 1
51857 51858 1
51858 51859 1
51859 51860 1
51860 51862 1
51861 51862 1
51861 51877 1
51863 51864 1
51865 51866 1
51866 51868 1
51867 51911 1
51868 51869 1
51869 51876 1
51870 51871 1
51870 51876 1
51871 51882 1
51872 51873 1
51872 51875 1
51873 51874 1
51875 51882 1
51878 51897 1
51878 51909 1
51881 51884 1
51885 51887 1
51886 51888 1
51886 51971 1
51887 51891 1
51888 51892 1
51889 51926 1
51889 51965 1
51890 51898 1
51890 51911 1
51891 51893 1
51893 51894 1
51894 51895 1
51895 51896 1
51897 51899 1
51898 51912 1
51899 51901 1
51900 51903 1
51900 51912 1
51901 51902 1
51902 51904 1
51903 51907 1
51904 51905 1
51906 51913 1
51906 51955 1
51908 51909 1
51913 51916 1
51914 51935 1
51914 51946 1
51915 51955 1
51916 51918 1
51917 51920 1
51917 51935 1
51918 51937 1
51918 51940 1
51919 51922 1
51919 51934 1
51919 51940 1
51920 51921 1
51921 51924 1
51922 51925 1
51923 51927 1
51923 51934 1
51924 51929 1
51925 51930 1
51926 51946 1
51926 51965 1
51927 51928 1
51928 51939 1
51929 51931 1
51930 51932 1
51932 51933 1
51933 51941 1
51938 51939 1
51941 51943 1
51942 51945 1
51943 51948 1
51944 51947 1
51945 51949 1
51947 51949 1
51948 51953 1
51949 51951 1
51949 51952 1
51949 51954 1
51951 51954 1
51952 51954 1
51953 51962 1
51954 51957 1
51956 51959 1
51956 51973 1
51957 51960 1
51958 51964 1
51959 51972 1
51961 51963 1
51963 51964 1
51964 51966 1
51966 51967 1
51967 51968 1
51968 51969 1
51974 52043 1
51974 52096 1
51975 52058 1
51975 52094 1
51976 51987 1
51976 52105 1
51977 52124 1
51978 51982 1
51978 52039 1
51979 52118 1
51979 52120 1
51979 52122 1
51980 52047 1
51980 52122 1
51981 52123 1
51982 52115 1
51983 52116 1
51983 52117 1
51983 52118 1
51984 52124 1
51985 51986 1
51986 51992 1
51987 52007 1
51988 51990 1
51988 51991 1
51989 51990 1
51989 52019 1
51991 51992 1
51993 51994 1
51993 51995 1
51993 52013 1
51994 51995 1
51995 52001 1
51996 51997 1
51996 52001 1
51997 51999 1
51998 52037 1
51998 52051 1
51998 52068 1
51999 52002 1
52000 52002 1
52002 52093 1
52003 52004 1
52004 52005 1
52005 52006 1
52006 52008 1
52007 52017 1
52008 52009 1
52009 52010 1
52010 52011 1
52011 52012 1
52012 52014 1
52013 52014 1
52015 52016 1
52016 52018 1
52017 52040 1
52018 52019 1
52020 52021 1
52021 52022 1
52022 52023 1
52023 52024 1
52024 52025 1
52025 52026 1
52026 52108 1
52027 52028 1
52027 52029 1
52028 52030 1
52029 52036 1
52030 52034 1
52031 52032 1
52032 52033 1
52033 52034 1
52035 52036 1
52035 52070 1
52037 52042 1
52037 52051 1
52038 52039 1
52040 52044 1
52041 52045 1
52041 52069 1
52042 52047 1
52043 52054 1
52044 52046 1
52045 52049 1
52046 52064 1
52048 52057 1
52048 52117 1
52049 52119 1
52050 52052 1
52050 52055 1
52053 52061 1
52053 52068 1
52054 52056 1
52055 52114 1
52056 52076 1
52056 52114 1
52058 52069 1
52059 52066 1
52059 52095 1
52060 52087 1
52060 52105 1
52061 52065 1
52062 52063 1
52062 52067 1
52063 52076 1
52064 52119 1
52065 52066 1
52067 52087 1
52070 52072 1
52071 52074 1
52072 52073 1
52072 52109 1
52073 52101 1
52073 52109 1
52074 52107 1
52075 52098 1
52075 52101 1
52077 52078 1
52077 52107 1
52078 52079 1
52079 52081 1
52080 52082 1
52080 52098 1
52081 52103 1
52082 52100 1
52083 52104 1
52083 52111 1
52084 52097 1
52084 52099 1
52085 52088 1
52085 52099 1
52086 52102 1
52086 52104 1
52086 52110 1
52086 52113 1
52088 52112 1
52089 52102 1
52089 52112 1
52090 52091 1
52090 52110 1
52091 52106 1
52092 52096 1
52092 52106 1
52093 52095 1
52094 52113 1
52097 52100 1
52103 52111 1
52108 52109 1
52115 52116 1
52118 52121 1
52119 52120 1
52120 52121 1
52121 52122 1
52121 52123 1
52125 52145 1
52125 52153 1
52126 52127 1
52126 52143 1
52127 52137 1
52128 52132 1
52128 52133 1
52129 52138 1
52130 52133 1
52131 52134 1
52131 52190 1
52132 52138 1
52134 52189 1
52135 52136 1
52136 52190 1
52137 52194 1
52140 52158 1
52140 53133 1
52141 52142 1
52142 52144 1
52143 52150 1
52144 52145 1
52146 52149 1
52146 52169 1
52147 52151 1
52147 52170 1
52147 52191 1
52148 52156 1
52148 52161 1
52149 52151 1
52150 52152 1
52152 52153 1
52153 52177 1
52154 52155 1
52155 52160 1
52157 52161 1
52157 52181 1
52158 52181 1
52159 52185 1
52159 52187 1
52160 52194 1
52162 52169 1
52162 52193 1
52163 52164 1
52165 52193 1
52166 52167 1
52166 52169 1
52168 52193 1
52168 53051 1
52170 52173 1
52170 52179 1
52171 52172 1
52171 52174 1
52172 52178 1
52173 52175 1
52173 52179 1
52174 52176 1
52175 52182 1
52176 52177 1
52177 52184 1
52178 52192 1
52179 52185 1
52180 52183 1
52180 52184 1
52182 52186 1
52186 52192 1
52187 52188 1
52188 52189 1
52191 53133 1
52195 52235 1
52195 52238 1
52196 52222 1
52196 52228 1
52196 52277 1
52196 52285 1
52197 52198 1
52197 52293 1
52198 52199 1
52199 52204 1
52200 52238 1
52200 52280 1
52201 53548 1
52202 52203 1
52202 52281 1
52203 52205 1
52204 52205 1
52204 52206 1
52205 52206 1
52205 52216 1
52206 52216 1
52207 52208 1
52207 52209 1
52207 52216 1
52208 52210 1
52209 52212 1
52210 52211 1
52211 52214 1
52212 52213 1
52213 52215 1
52214 52262 1
52215 53548 1
52217 52218 1
52217 52288 1
52218 52223 1
52218 52224 1
52219 52220 1
52220 52221 1
52221 52223 1
52222 52228 1
52222 52277 1
52224 52225 1
52225 52226 1
52226 52227 1
52227 52229 1
52228 52234 1
52228 52239 1
52228 52277 1
52229 52230 1
52230 52231 1
52231 52232 1
52232 52233 1
52233 52235 1
52236 52237 1
52236 52240 1
52237 52245 1
52238 52277 1
52239 52244 1
52240 52241 1
52242 52243 1
52242 52279 1
52243 52245 1
52244 52247 1
52246 52249 1
52246 52250 1
52247 52253 1
52248 52249 1
52248 52252 1
52250 52255 1
52251 52252 1
52251 52256 1
52253 52258 1
52254 52256 1
52254 52270 1
52255 52257 1
52257 52260 1
52258 52261 1
52259 52260 1
52262 52263 1
52263 52264 1
52263 53590 1
52264 53590 1
52265 52266 1
52265 52278 1
52266 52267 1
52267 52276 1
52268 52275 1
52268 52276 1
52269 52270 1
52269 52271 1
52269 52275 1
52270 52275 1
52271 52272 1
52272 52273 1
52273 52274 1
52274 52289 1
52278 52279 1
52280 52285 1
52280 52290 1
52281 52282 1
52282 52283 1
52283 52284 1
52284 52286 1
52286 52287 1
52287 52288 1
52289 52291 1
52291 52292 1
52292 52293 1
52294 52295 1
52294 53138 1
52295 52382 1
52296 52437 1
52296 52448 1
52297 52312 1
52297 52316 1
52298 52303 1
52298 52313 1
52299 52306 1
52299 52322 1
52300 52301 1
52300 52315 1
52301 52303 1
52302 52317 1
52302 52638 1
52304 52308 1
52304 52317 1
52305 52633 1
52305 52638 1
52306 52347 1
52307 52348 1
52307 52587 1
52308 52311 1
52309 52310 1
52309 52648 1
52310 52649 1
52311 52323 1
52312 52648 1
52313 52320 1
52314 52647 1
52314 52649 1
52315 52352 1
52316 52530 1
52317 52324 1
52318 52358 1
52318 52630 1
52319 52639 1
52319 52640 1
52319 52643 1
52320 52645 1
52321 52323 1
52321 52642 1
52322 52650 1
52324 52640 1
52325 52643 1
52325 52645 1
52326 52337 1
52326 52437 1
52327 52328 1
52327 52332 1
52328 52329 1
52329 52349 1
52330 52332 1
52330 52334 1
52330 52335 1
52330 52352 1
52331 52345 1
52331 52349 1
52332 52333 1
52333 52334 1
52333 52335 1
52334 52350 1
52335 52336 1
52336 52338 1
52337 52348 1
52338 52339 1
52339 52342 1
52340 52344 1
52340 52347 1
52341 52343 1
52341 52346 1
52342 52351 1
52343 52354 1
52344 52360 1
52346 52350 1
52348 52379 1
52351 52378 1
52353 52362 1
52353 52378 1
52354 52355 1
52355 52357 1
52356 52357 1
52356 52359 1
52358 52364 1
52359 52361 1
52360 52362 1
52361 52363 1
52362 52380 1
52363 52368 1
52364 52371 1
52365 52367 1
52365 52380 1
52366 52380 1
52366 52381 1
52367 52384 1
52368 52369 1
52369 52372 1
52370 52373 1
52370 52384 1
52371 52453 1
52372 52374 1
52373 52375 1
52374 52377 1
52375 52385 1
52376 52381 1
52376 52386 1
52377 52388 1
52382 52609 1
52383 52390 1
52383 52453 1
52385 53454 1
52386 52387 1
52387 52394 1
52388 52389 1
52389 52392 1
52390 52400 1
52391 52393 1
52392 52407 1
52393 52402 1
52394 52395 1
52395 52396 1
52396 52409 1
52397 52405 1
52397 52406 1
52398 52404 1
52398 52406 1
52399 52401 1
52399 52404 1
52400 52410 1
52401 52403 1
52402 52405 1
52403 52420 1
52406 52407 1
52408 52409 1
52408 52412 1
52410 52417 1
52411 52419 1
52411 52421 1
52412 52415 1
52413 52414 1
52413 52421 1
52414 52416 1
52415 52740 1
52416 52418 1
52417 52422 1
52418 52711 1
52419 52420 1
52422 52423 1
52423 52424 1
52424 52425 1
52425 52447 1
52426 52428 1
52426 52447 1
52427 52428 1
52427 52429 1
52429 52430 1
52431 52432 1
52431 52446 1
52432 52433 1
52433 52434 1
52434 52435 1
52435 52436 1
52436 52438 1
52438 52441 1
52439 52441 1
52439 52444 1
52440 52442 1
52440 52444 1
52442 52443 1
52443 52613 1
52445 52446 1
52445 52594 1
52448 52641 1
52449 52454 1
52449 52455 1
52449 52627 1
52449 52629 1
52450 52454 1
52450 52459 1
52450 52627 1
52450 52629 1
52451 52452 1
52451 52458 1
52451 52635 1
52452 52455 1
52454 52459 1
52456 52620 1
52456 52630 1
52457 52458 1
52459 52461 1
52460 52461 1
52460 52637 1
52462 52463 1
52462 52644 1
52462 52646 1
52463 52597 1
52464 52530 1
52464 52599 1
52465 52468 1
52465 52584 1
52466 52467 1
52466 52528 1
52467 52469 1
52468 52487 1
52469 52470 1
52470 52483 1
52471 52484 1
52471 52579 1
52472 52474 1
52472 52490 1
52472 52579 1
52473 52475 1
52473 52483 1
52474 52485 1
52474 52490 1
52476 52487 1
52476 52606 1
52477 52478 1
52477 52486 1
52478 52567 1
52479 52488 1
52479 52495 1
52480 52488 1
52480 52596 1
52481 52488 1
52481 52489 1
52482 52489 1
52482 52493 1
52484 52491 1
52485 52494 1
52486 52494 1
52487 52607 1
52488 52588 1
52490 52526 1
52490 52533 1
52491 52495 1
52492 52502 1
52492 52607 1
52493 52593 1
52496 52497 1
52497 52498 1
52498 52512 1
52499 52500 1
52499 52501 1
52499 52513 1
52500 52501 1
52500 52512 1
52500 52577 1
52501 52511 1
52502 52510 1
52503 52505 1
52503 52577 1
52504 52506 1
52504 52511 1
52506 52556 1
52507 52508 1
52507 52509 1
52509 52515 1
52510 52514 1
52512 52577 1
52514 52519 1
52515 52516 1
52516 52536 1
52517 52532 1
52517 52536 1
52518 52532 1
52518 52578 1
52519 52524 1
52519 52603 1
52520 52521 1
52520 52578 1
52521 52533 1
52521 52534 1
52522 52523 1
52522 52534 1
52523 52525 1
52524 52552 1
52525 52526 1
52526 52527 1
52526 52528 1
52527 52529 1
52529 52555 1
52531 52535 1
52531 52542 1
52531 52612 1
52533 52534 1
52533 52579 1
52535 52563 1
52537 52538 1
52537 52555 1
52538 52539 1
52538 52540 1
52538 52568 1
52539 52540 1
52539 52565 1
52539 52568 1
52540 52553 1
52540 52568 1
52541 52572 1
52541 52592 1
52543 52564 1
52544 52559 1
52544 52564 1
52544 52582 1
52545 52548 1
52545 52560 1
52546 52547 1
52546 52559 1
52547 52560 1
52548 52574 1
52549 52550 1
52549 52582 1
52550 52551 1
52552 52600 1
52553 52554 1
52554 52571 1
52555 52556 1
52557 52570 1
52557 52572 1
52558 52564 1
52558 52569 1
52558 52581 1
52559 52582 1
52561 52565 1
52561 52570 1
52562 52571 1
52562 52581 1
52563 52600 1
52567 52568 1
52573 52601 1
52573 52610 1
52574 52595 1
52575 52588 1
52575 53566 1
52576 52588 1
52580 52600 1
52580 52608 1
52583 52585 1
52583 52589 1
52584 52595 1
52585 52587 1
52586 52589 1
52586 52591 1
52590 52598 1
52590 52608 1
52591 52596 1
52592 52604 1
52593 52594 1
52597 52601 1
52598 52602 1
52598 52605 1
52599 52609 1
52602 52632 1
52603 52611 1
52603 52612 1
52604 52606 1
52605 52612 1
52610 52611 1
52611 52612 1
52613 52615 1
52614 52615 1
52614 52616 1
52616 52618 1
52617 52618 1
52617 52619 1
52619 52621 1
52620 52641 1
52621 52623 1
52622 52623 1
52622 52624 1
52623 52625 1
52624 52626 1
52625 52628 1
52626 52627 1
52627 52629 1
52628 52633 1
52629 52636 1
52631 52632 1
52631 52636 1
52632 52634 1
52634 52635 1
52638 52639 1
52640 52643 1
52642 52644 1
52644 52646 1
52646 52647 1
52647 52650 1
52651 52652 1
52651 52901 1
52651 52903 1
52652 52750 1
52653 52981 1
52653 52991 1
52654 52656 1
52654 53026 1
52655 52685 1
52655 53027 1
52656 52661 1
52657 52659 1
52657 52681 1
52657 52685 1
52658 52668 1
52658 52680 1
52659 52664 1
52660 52663 1
52660 52664 1
52661 52666 1
52661 52667 1
52661 52682 1
52662 52670 1
52662 53520 1
52663 52665 1
52665 52667 1
52666 52669 1
52667 52682 1
52668 52673 1
52669 52682 1
52670 53535 1
52671 52672 1
52671 52681 1
52672 52684 1
52674 52675 1
52674 52682 1
52675 52676 1
52676 52679 1
52677 52678 1
52677 52686 1
52678 52684 1
52679 52895 1
52680 53027 1
52683 53023 1
52683 53024 1
52686 52767 1
52687 52688 1
52687 52945 1
52688 52719 1
52689 52717 1
52690 52722 1
52690 53482 1
52691 52692 1
52691 52714 1
52692 52693 1
52692 52714 1
52693 52694 1
52694 52695 1
52695 52696 1
52696 52697 1
52697 52698 1
52698 52699 1
52699 52702 1
52699 52715 1
52700 52703 1
52700 52835 1
52701 52722 1
52701 52751 1
52702 52704 1
52702 52707 1
52702 52715 1
52703 52706 1
52703 52718 1
52704 52705 1
52705 52706 1
52707 52708 1
52708 52709 1
52708 52710 1
52709 52716 1
52710 52723 1
52711 52989 1
52712 52718 1
52712 52720 1
52713 52720 1
52713 52721 1
52713 52748 1
52714 52719 1
52716 52950 1
52717 52973 1
52720 52721 1
52721 52724 1
52723 52748 1
52724 52726 1
52725 52727 1
52725 52730 1
52725 52748 1
52726 52728 1
52726 52747 1
52727 52729 1
52728 52731 1
52728 52733 1
52730 52734 1
52731 52733 1
52731 52734 1
52731 52736 1
52732 52739 1
52733 52736 1
52733 52812 1
52734 52735 1
52734 52736 1
52734 52737 1
52735 52749 1
52736 52738 1
52736 52741 1
52737 52738 1
52739 52742 1
52739 52749 1
52740 52996 1
52741 52743 1
52742 52744 1
52743 52745 1
52744 52746 1
52745 52906 1
52746 52908 1
52750 52838 1
52751 52760 1
52752 52755 1
52752 52923 1
52753 52756 1
52753 52924 1
52754 52759 1
52754 52784 1
52755 52757 1
52756 52761 1
52757 52761 1
52758 52761 1
52759 52762 1
52760 53010 1
52761 52763 1
52762 52764 1
52764 52766 1
52765 52767 1
52765 52782 1
52766 52773 1
52768 52769 1
52769 52771 1
52770 52980 1
52771 52772 1
52772 52774 1
52773 52783 1
52774 52783 1
52775 52776 1
52775 52783 1
52776 52779 1
52776 52780 1
52777 52786 1
52777 52979 1
52778 52779 1
52780 52781 1
52781 52888 1
52784 52813 1
52785 52790 1
52785 52791 1
52786 52795 1
52787 52788 1
52787 52812 1
52788 52790 1
52788 52792 1
52788 52794 1
52789 52791 1
52789 52793 1
52789 52807 1
52789 52813 1
52790 52794 1
52791 52796 1
52792 52797 1
52794 52811 1
52795 52810 1
52795 52986 1
52796 52801 1
52797 52798 1
52798 52799 1
52799 52800 1
52800 52802 1
52801 52807 1
52801 52854 1
52802 52804 1
52803 52805 1
52803 52806 1
52804 52805 1
52804 52852 1
52806 52853 1
52808 52811 1
52808 52824 1
52808 52832 1
52809 52837 1
52810 52827 1
52813 52926 1
52814 52816 1
52814 52835 1
52815 52851 1
52816 52818 1
52817 52849 1
52817 52977 1
52818 52820 1
52819 52837 1
52819 52840 1
52820 52845 1
52821 52822 1
52821 52845 1
52822 52850 1
52823 52843 1
52823 52848 1
52824 52830 1
52824 52832 1
52824 52834 1
52825 52826 1
52825 52830 1
52826 52828 1
52826 52876 1
52827 52839 1
52827 52849 1
52828 52847 1
52829 52843 1
52829 52847 1
52829 52851 1
52829 52985 1
52831 52835 1
52831 52851 1
52832 52881 1
52833 52848 1
52834 52841 1
52836 52842 1
52836 52884 1
52838 52933 1
52839 52849 1
52840 52846 1
52841 52844 1
52842 52881 1
52844 52845 1
52846 52850 1
52849 52860 1
52849 52988 1
52852 52880 1
52853 52855 1
52854 52859 1
52856 52859 1
52856 52880 1
52857 52858 1
52857 52861 1
52858 52884 1
52859 52862 1
52860 52982 1
52861 52865 1
52862 52883 1
52863 52868 1
52863 52882 1
52864 52866 1
52864 52883 1
52865 52871 1
52866 52867 1
52867 52872 1
52867 52873 1
52867 52878 1
52868 52870 1
52869 52879 1
52869 52983 1
52869 52987 1
52870 52976 1
52871 52875 1
52872 52874 1
52875 52960 1
52876 52885 1
52877 52968 1
52886 52887 1
52886 52904 1
52888 52890 1
52889 52914 1
52889 52985 1
52890 52892 1
52891 52893 1
52891 52904 1
52892 52893 1
52893 52894 1
52894 52898 1
52895 52896 1
52896 52899 1
52897 52907 1
52897 52914 1
52898 52900 1
52899 52901 1
52900 52905 1
52902 52903 1
52902 52905 1
52906 52909 1
52908 52956 1
52909 52911 1
52910 52954 1
52911 52925 1
52912 52913 1
52913 52915 1
52913 52925 1
52914 52945 1
52915 52916 1
52916 52917 1
52917 52918 1
52918 52919 1
52919 52920 1
52920 52921 1
52921 52924 1
52922 52934 1
52922 52973 1
52923 52926 1
52927 52931 1
52927 53006 1
52928 52930 1
52928 53007 1
52929 52931 1
52929 52943 1
52929 53002 1
52930 52936 1
52932 52935 1
52932 52938 1
52932 53005 1
52933 52981 1
52934 52952 1
52935 52937 1
52936 52939 1
52937 52940 1
52937 52942 1
52938 52946 1
52939 52947 1
52941 52944 1
52943 52944 1
52946 52948 1
52948 52949 1
52949 52951 1
52951 52953 1
52953 52954 1
52954 52955 1
52955 52956 1
52958 52961 1
52959 52963 1
52960 52972 1
52961 52962 1
52962 52963 1
52963 52965 1
52964 52965 1
52964 52970 1
52966 52969 1
52966 52970 1
52966 52971 1
52967 52968 1
52967 52976 1
52969 52975 1
52970 52971 1
52971 52972 1
52974 52975 1
52974 52976 1
52978 52986 1
52978 52988 1
52979 52984 1
52980 52984 1
52982 52983 1
52985 52987 1
52986 52988 1
52989 52990 1
52990 52992 1
52991 52998 1
52992 52993 1
52993 52996 1
52994 52995 1
52994 53000 1
52995 52997 1
52996 52997 1
52996 52999 1
52996 53001 1
52998 53019 1
52999 53004 1
52999 53022 1
53000 53002 1
53001 53005 1
53003 53006 1
53003 53007 1
53008 53019 1
53008 53512 1
53008 53514 1
53009 53012 1
53010 53014 1
53011 53012 1
53011 53015 1
53013 53014 1
53013 53016 1
53015 53017 1
53016 53017 1
53017 53022 1
53018 53020 1
53018 53488 1
53020 53021 1
53021 53023 1
53024 53025 1
53025 53026 1
53028 53114 1
53028 53117 1
53029 53109 1
53030 53037 1
53030 53075 1
53031 53045 1
53031 53136 1
53032 53129 1
53032 53131 1
53033 53040 1
53033 53046 1
53034 53035 1
53034 53044 1
53035 53052 1
53036 53041 1
53036 53047 1
53037 53047 1
53038 53039 1
53038 53135 1
53038 53136 1
53039 53136 1
53039 53137 1
53040 53136 1
53041 53048 1
53042 53099 1
53042 53135 1
53043 53048 1
53043 53110 1
53044 53050 1
53045 53110 1
53046 53127 1
53049 53090 1
53049 53134 1
53050 53137 1
53051 53121 1
53052 53121 1
53053 53079 1
53053 53133 1
53054 53064 1
53054 53068 1
53055 53063 1
53055 53064 1
53056 53059 1
53056 53061 1
53057 53059 1
53058 53059 1
53060 53100 1
53060 53116 1
53061 53062 1
53061 53065 1
53062 53063 1
53065 53066 1
53067 53072 1
53068 53071 1
53068 53082 1
53069 53082 1
53069 53085 1
53070 53119 1
53070 53120 1
53071 53072 1
53073 53092 1
53073 53096 1
53074 53095 1
53074 53096 1
53075 53076 1
53076 53077 1
53076 53095 1
53077 53078 1
53078 53080 1
53079 53090 1
53080 53081 1
53080 53093 1
53081 53087 1
53083 53084 1
53083 53085 1
53083 53097 1
53084 53086 1
53086 53094 1
53087 53100 1
53088 53091 1
53088 53098 1
53089 53091 1
53089 53094 1
53092 53101 1
53093 53098 1
53094 53097 1
53099 53134 1
53101 53131 1
53102 53113 1
53103 53104 1
53104 53107 1
53105 53109 1
53105 53115 1
53106 53108 1
53106 53116 1
53107 53115 1
53108 53111 1
53111 53112 1
53111 53118 1
53112 53117 1
53112 53118 1
53113 53114 1
53119 53128 1
53120 53122 1
53122 53123 1
53123 53130 1
53124 53125 1
53124 53129 1
53124 53130 1
53125 53126 1
53125 53129 1
53125 53130 1
53126 53132 1
53127 53132 1
53129 53130 1
53138 53162 1
53139 53173 1
53139 53517 1
53140 53517 1
53141 53513 1
53141 53515 1
53142 53521 1
53142 53523 1
53143 53163 1
53143 53168 1
53144 53161 1
53144 53171 1
53144 53178 1
53145 53183 1
53146 53147 1
53146 53163 1
53147 53181 1
53148 53149 1
53148 53181 1
53150 53174 1
53150 53179 1
53150 53182 1
53151 53162 1
53151 53528 1
53152 53153 1
53152 53170 1
53153 53187 1
53154 53164 1
53154 53312 1
53155 53176 1
53155 53187 1
53156 53160 1
53156 53165 1
53157 53159 1
53157 53176 1
53158 53164 1
53158 53172 1
53159 53531 1
53160 53208 1
53161 53511 1
53165 53169 1
53166 53167 1
53166 53174 1
53167 53169 1
53168 53341 1
53168 53344 1
53170 53177 1
53171 53179 1
53172 53207 1
53173 53254 1
53175 53183 1
53175 53186 1
53177 53186 1
53178 53180 1
53180 53183 1
53182 53185 1
53184 53195 1
53184 53331 1
53188 53189 1
53188 53250 1
53189 53190 1
53190 53192 1
53191 53193 1
53191 53349 1
53192 53256 1
53193 53205 1
53194 53196 1
53194 53205 1
53195 53357 1
53196 53197 1
53197 53198 1
53198 53199 1
53199 53201 1
53200 53203 1
53200 53408 1
53201 53409 1
53202 53206 1
53202 53407 1
53203 53415 1
53204 53213 1
53204 53342 1
53206 53237 1
53206 53262 1
53207 53209 1
53208 53211 1
53209 53210 1
53210 53212 1
53211 53215 1
53212 53219 1
53213 53421 1
53214 53217 1
53214 53219 1
53215 53221 1
53216 53217 1
53216 53218 1
53218 53225 1
53220 53222 1
53220 53227 1
53221 53226 1
53222 53224 1
53223 53365 1
53223 53421 1
53224 53225 1
53226 53372 1
53227 53373 1
53228 53232 1
53228 53242 1
53229 53230 1
53229 53260 1
53230 53233 1
53231 53232 1
53231 53260 1
53233 53234 1
53234 53249 1
53235 53249 1
53235 53257 1
53236 53237 1
53236 53257 1
53237 53261 1
53238 53244 1
53238 53336 1
53239 53507 1
53240 53247 1
53240 53396 1
53241 53244 1
53241 53313 1
53242 53246 1
53243 53245 1
53243 53246 1
53245 53251 1
53245 53258 1
53247 53253 1
53248 53250 1
53248 53254 1
53251 53255 1
53252 53256 1
53252 53257 1
53253 53428 1
53255 53477 1
53258 53507 1
53259 53413 1
53259 53428 1
53261 53262 1
53262 53263 1
53262 53280 1
53262 53290 1
53263 53268 1
53264 53265 1
53264 53270 1
53264 53276 1
53265 53268 1
53266 53405 1
53266 53446 1
53267 53269 1
53267 53272 1
53267 53273 1
53267 53287 1
53267 53288 1
53267 53301 1
53267 53304 1
53267 53354 1
53269 53271 1
53269 53273 1
53270 53271 1
53272 53273 1
53272 53274 1
53273 53279 1
53273 53288 1
53274 53277 1
53275 53385 1
53275 53457 1
53276 53290 1
53277 53290 1
53278 53279 1
53279 53282 1
53279 53291 1
53279 53300 1
53279 53304 1
53280 53281 1
53280 53290 1
53281 53284 1
53282 53283 1
53283 53286 1
53284 53313 1
53285 53289 1
53285 53405 1
53286 53315 1
53287 53354 1
53287 53356 1
53287 53369 1
53288 53433 1
53289 53309 1
53291 53295 1
53292 53293 1
53292 53314 1
53293 53294 1
53294 53296 1
53295 53296 1
53295 53298 1
53296 53297 1
53296 53299 1
53297 53304 1
53298 53301 1
53298 53366 1
53299 53306 1
53300 53307 1
53301 53304 1
53301 53436 1
53302 53496 1
53303 53349 1
53303 53385 1
53304 53306 1
53304 53440 1
53305 53307 1
53306 53368 1
53306 53436 1
53306 53439 1
53308 53332 1
53309 53320 1
53310 53334 1
53311 53312 1
53314 53316 1
53315 53317 1
53317 53318 1
53318 53337 1
53319 53335 1
53319 53337 1
53320 53430 1
53321 53322 1
53321 53336 1
53322 53324 1
53323 53325 1
53323 53335 1
53324 53326 1
53325 53327 1
53326 53328 1
53327 53329 1
53328 53330 1
53329 53332 1
53330 53333 1
53331 53374 1
53333 53334 1
53338 53339 1
53338 53370 1
53339 53340 1
53340 53345 1
53341 53343 1
53342 53357 1
53343 53346 1
53344 53350 1
53345 53348 1
53346 53347 1
53347 53348 1
53348 53371 1
53350 53351 1
53351 53353 1
53352 53354 1
53352 53371 1
53353 53355 1
53355 53358 1
53356 53359 1
53358 53368 1
53359 53361 1
53359 53366 1
53360 53435 1
53360 53441 1
53361 53366 1
53361 53435 1
53362 53364 1
53363 53367 1
53363 53441 1
53364 53367 1
53365 53490 1
53366 53369 1
53367 53368 1
53367 53441 1
53368 53443 1
53370 53510 1
53372 53376 1
53373 53377 1
53374 53453 1
53375 53377 1
53375 53378 1
53376 53379 1
53378 53380 1
53379 53381 1
53380 53406 1
53381 53382 1
53382 53386 1
53383 53384 1
53383 53406 1
53384 53406 1
53386 53389 1
53387 53388 1
53387 53390 1
53388 53390 1
53388 53397 1
53389 53392 1
53390 53391 1
53391 53393 1
53392 53393 1
53392 53394 1
53392 53399 1
53393 53399 1
53394 53398 1
53395 53413 1
53395 53528 1
53396 53490 1
53398 53400 1
53399 53402 1
53400 53538 1
53401 53403 1
53402 53404 1
53403 53449 1
53404 53448 1
53407 53411 1
53408 53409 1
53409 53410 1
53409 53412 1
53410 53412 1
53410 53418 1
53411 53416 1
53412 53414 1
53413 53457 1
53413 53478 1
53414 53416 1
53415 53422 1
53416 53417 1
53417 53434 1
53418 53420 1
53419 53423 1
53419 53434 1
53420 53429 1
53422 53424 1
53423 53426 1
53424 53425 1
53425 53427 1
53426 53431 1
53427 53430 1
53429 53432 1
53431 53433 1
53432 53506 1
53435 53437 1
53436 53438 1
53436 53440 1
53437 53438 1
53437 53441 1
53439 53440 1
53440 53442 1
53442 53443 1
53444 53445 1
53445 53447 1
53446 53501 1
53447 53448 1
53449 53450 1
53450 53451 1
53451 53452 1
53453 53455 1
53454 53458 1
53455 53456 1
53456 53459 1
53458 53471 1
53459 53460 1
53460 53464 1
53460 53472 1
53461 53463 1
53461 53470 1
53462 53472 1
53462 53491 1
53463 53465 1
53464 53465 1
53464 53472 1
53465 53466 1
53466 53467 1
53467 53468 1
53468 53473 1
53469 53470 1
53469 53471 1
53473 53483 1
53474 53475 1
53474 53483 1
53475 53476 1
53475 53482 1
53476 53479 1
53478 53496 1
53479 53480 1
53480 53481 1
53481 53484 1
53484 53485 1
53485 53486 1
53486 53487 1
53487 53489 1
53488 53489 1
53491 53492 1
53492 53493 1
53492 53494 1
53493 53494 1
53494 53495 1
53495 53497 1
53497 53498 1
53498 53499 1
53499 53500 1
53500 53501 1
53502 53503 1
53502 53511 1
53503 53504 1
53503 53505 1
53504 53508 1
53505 53509 1
53506 53508 1
53509 53510 1
53512 53537 1
53513 53537 1
53514 53535 1
53515 53516 1
53516 53518 1
53518 53519 1
53519 53521 1
53520 53522 1
53522 53524 1
53523 53534 1
53524 53525 1
53525 53533 1
53526 53533 1
53526 53536 1
53527 53529 1
53527 53536 1
53529 53530 1
53530 53538 1
53531 53532 1
53532 53534 1
53539 53546 1
53539 53550 1
53540 53542 1
53540 53546 1
53541 53547 1
53541 53596 1
53543 53544 1
53543 53589 1
53545 53589 1
53549 53550 1
53549 53564 1
53551 53552 1
53551 53584 1
53552 53553 1
53553 53554 1
53554 53568 1
53555 53565 1
53555 53573 1
53556 53568 1
53556 53572 1
53557 53558 1
53557 53569 1
53558 53561 1
53559 53560 1
53560 53567 1
53561 53566 1
53562 53567 1
53562 53570 1
53563 53564 1
53563 53571 1
53570 53571 1
53572 53595 1
53574 53575 1
53574 53576 1
53574 53588 1
53575 53576 1
53575 53577 1
53577 53578 1
53578 53579 1
53578 53581 1
53579 53585 1
53580 53582 1
53580 53585 1
53583 53587 1
53584 53586 1
53586 53587 1
53589 53596 1
53590 53591 1
53591 53592 1
53592 53593 1
53593 53594 1
53594 53595 1
53597 53599 1
53597 53639 1
53598 53601 1
53598 53635 1
53599 53608 1
53600 53642 1
53600 53643 1
53601 53602 1
53603 53604 1
53604 53607 1
53605 53626 1
53605 53637 1
53606 53631 1
53606 53633 1
53606 53638 1
53607 53636 1
53608 53641 1
53609 53610 1
53610 53619 1
53611 53612 1
53611 53619 1
53612 53613 1
53613 53614 1
53614 53615 1
53615 53616 1
53616 53617 1
53617 53621 1
53618 53629 1
53618 53642 1
53620 53623 1
53620 53628 1
53621 53631 1
53621 53640 1
53622 53627 1
53622 53628 1
53623 53630 1
53624 53626 1
53624 53630 1
53625 53627 1
53625 53632 1
53629 53644 1
53631 53633 1
53631 53640 1
53632 53636 1
53633 53634 1
53635 53644 1
53637 53640 1
53638 53639 1
53641 53643 1
53645 53646 1
53645 53653 1
53646 53648 1
53646 53651 1
53647 53652 1
53649 53650 1
53649 53653 1
53650 53651 1
53652 53653 1
53660 53661 1
53661 53711 1
53661 53935 1
53663 53665 1
53663 53796 1
53665 53666 1
53667 53669 1
53667 53670 1
53667 53954 1
53668 53727 1
53669 53672 1
53669 53923 1
53670 53671 1
53670 53734 1
53673 53674 1
53673 53675 1
53673 53768 1
53674 53777 1
53674 53834 1
53675 53691 1
53676 53677 1
53676 53678 1
53676 53777 1
53677 53689 1
53677 53691 1
53678 53679 1
53678 53905 1
53679 53680 1
53679 53906 1
53680 53681 1
53680 53899 1
53681 53682 1
53681 53904 1
53682 53685 1
53682 53686 1
53683 53684 1
53684 53685 1
53684 53820 1
53685 53848 1
53686 53687 1
53686 53854 1
53687 53688 1
53688 53904 1
53689 53690 1
53689 53704 1
53690 53713 1
53691 53692 1
53692 53693 1
53692 53694 1
53693 53694 1
53694 53695 1
53695 53696 1
53695 53697 1
53697 53698 1
53697 53702 1
53698 53699 1
53699 53700 1
53699 53885 1
53700 53701 1
53702 53703 1
53704 53897 1
53705 53706 1
53705 53760 1
53706 53707 1
53706 53757 1
53707 53708 1
53707 53714 1
53708 53709 1
53708 53716 1
53709 53710 1
53710 53715 1
53711 53796 1
53711 53946 1
53712 53718 1
53713 53912 1
53714 53715 1
53714 53754 1
53716 53891 1
53717 53917 1
53718 53725 1
53718 53952 1
53719 53720 1
53719 53728 1
53720 53721 1
53720 53729 1
53721 53758 1
53722 53724 1
53723 53724 1
53723 53726 1
53724 53726 1
53725 53731 1
53725 53930 1
53726 53727 1
53727 53728 1
53729 53730 1
53730 53760 1
53731 53735 1
53731 53937 1
53732 53733 1
53732 53752 1
53733 53736 1
53733 53762 1
53735 53745 1
53735 53938 1
53737 53738 1
53738 53739 1
53738 53741 1
53739 53740 1
53739 53743 1
53741 53742 1
53741 53746 1
53742 53759 1
53743 53744 1
53743 53763 1
53745 53756 1
53746 53747 1
53746 53761 1
53747 53748 1
53748 53749 1
53749 53750 1
53749 53759 1
53750 53751 1
53750 53762 1
53751 53754 1
53752 53753 1
53753 53755 1
53755 53757 1
53756 53764 1
53764 53940 1
53764 53941 1
53765 53766 1
53765 53767 1
53765 53799 1
53767 53768 1
53767 53798 1
53768 53769 1
53769 53770 1
53769 53809 1
53770 53771 1
53770 53879 1
53771 53822 1
53771 53823 1
53772 53773 1
53773 53774 1
53773 53775 1
53774 53842 1
53774 53843 1
53776 53777 1
53776 53778 1
53776 53831 1
53778 53779 1
53778 53790 1
53779 53780 1
53779 53907 1
53780 53781 1
53780 53853 1
53782 53783 1
53783 53784 1
53783 53803 1
53784 53786 1
53784 53805 1
53785 53808 1
53785 53858 1
53786 53787 1
53786 53837 1
53787 53788 1
53788 53789 1
53789 53839 1
53789 53840 1
53790 53791 1
53790 53794 1
53791 53792 1
53791 53793 1
53792 53833 1
53794 53795 1
53794 53812 1
53795 53805 1
53795 53833 1
53797 53819 1
53797 53828 1
53800 53801 1
53801 53802 1
53801 53832 1
53802 53809 1
53802 53810 1
53804 53805 1
53804 53831 1
53806 53807 1
53806 53835 1
53806 53838 1
53807 53836 1
53807 53840 1
53808 53819 1
53809 53811 1
53810 53811 1
53810 53816 1
53811 53818 1
53812 53813 1
53812 53824 1
53814 53815 1
53815 53851 1
53815 53852 1
53816 53817 1
53816 53830 1
53817 53818 1
53817 53829 1
53818 53856 1
53819 53958 1
53821 53822 1
53821 53856 1
53821 53936 1
53822 53841 1
53823 53843 1
53823 53844 1
53824 53825 1
53824 53846 1
53826 53827 1
53827 53829 1
53827 53855 1
53828 53858 1
53828 53869 1
53829 53857 1
53834 53835 1
53834 53879 1
53835 53836 1
53836 53879 1
53837 53838 1
53837 53839 1
53838 53839 1
53840 53871 1
53841 53856 1
53841 53941 1
53843 53859 1
53844 53845 1
53845 53867 1
53846 53847 1
53846 53850 1
53849 53858 1
53849 53960 1
53850 53873 1
53850 53874 1
53852 53853 1
53852 53860 1
53853 53854 1
53854 53910 1
53861 53862 1
53861 53867 1
53861 53882 1
53863 53864 1
53863 53867 1
53863 53868 1
53864 53865 1
53864 53866 1
53868 53870 1
53868 53871 1
53869 53890 1
53869 53919 1
53871 53872 1
53875 53877 1
53875 53883 1
53876 53883 1
53877 53878 1
53880 53881 1
53880 53883 1
53880 53918 1
53884 53890 1
53885 53886 1
53885 53892 1
53887 53888 1
53888 53889 1
53888 53893 1
53889 53891 1
53889 53894 1
53890 53895 1
53895 53903 1
53895 53952 1
53896 53897 1
53897 53898 1
53899 53900 1
53899 53904 1
53900 53901 1
53900 53902 1
53902 53906 1
53902 53918 1
53903 53914 1
53903 53929 1
53905 53906 1
53905 53911 1
53907 53908 1
53907 53909 1
53912 53913 1
53912 53916 1
53913 53915 1
53914 53931 1
53914 53952 1
53920 53921 1
53920 53925 1
53921 53922 1
53921 53954 1
53922 53923 1
53924 53935 1
53925 53926 1
53925 53954 1
53926 53927 1
53927 53928 1
53930 53931 1
53930 53937 1
53931 53932 1
53932 53933 1
53932 53966 1
53933 53934 1
53933 53953 1
53934 53936 1
53934 53953 1
53935 53946 1
53936 53963 1
53937 53942 1
53938 53939 1
53939 53940 1
53940 53948 1
53941 53967 1
53942 53943 1
53942 53945 1
53943 53944 1
53944 53967 1
53945 53947 1
53946 53956 1
53947 53948 1
53948 53949 1
53950 53951 1
53951 53962 1
53951 53964 1
53953 53955 1
53955 53957 1
53957 53963 1
53958 53959 1
53958 53965 1
53961 53962 1
53962 53963 1
53967 53968 1
53981 53982 1
53987 53988 1
53987 53991 1
53987 53992 1
53989 53994 1
53990 53995 1
53991 53993 1
53993 53994 1
53993 53995 1
