node,original_id,lat,lon,community_id,seamless_mavg,degree,betweenness
57549,ITA.13_1_227,45.133993999999994,7.7026232,82,0.2886775901589241,2,1.5281290352157337e-05
42287,FRA.1_1_517,45.06483709999999,5.699085299999999,59,0.2889442810207823,2,1.5281290352157334e-05
62918,LVA_145,55.8291957,26.462206999999996,8,0.2905764746332517,2,1.5281290352157334e-05
37635,FRA.10_1_594,44.81717615000001,-0.5987122993347206,54,0.2906029951100244,2,1.528129035215734e-05
75642,POL.6_1_293,50.0795695,20.9254023,114,0.2906169697432762,2,1.5281290352157337e-05
36904,FRA.10_1_142,45.0294288,-0.5901041,54,0.2908054821210268,2,1.5281290352157337e-05
6360,BUFFER_0375_13,53.3823559,-6.209468705072693,81,0.290967561888753,2,1.5281290352157334e-05
107001,RUS.76_1_306,55.96795459999999,39.45964392197288,138,0.291348907396088,2,1.5281290352157337e-05
6325,BUFFER_0366_83,34.31276855000001,-6.3664236748843654,10,0.2917611934596577,2,1.528129035215734e-05
27769,DNK_906,57.09941975,10.020166990203212,14,0.2918755577628361,2,1.5281290352157337e-05
25350,DEU.8_1_209,54.3168155,12.753222325070992,37,0.2921351696210268,2,1.5281290352157337e-05
50195,GBR.1.49_1_87,53.84669395168498,-1.5081792737357056,69,0.2922329080073349,2,5.837990476687195e-11
111374,RUS.81_1_279,57.6175853,39.987073599999995,169,0.2922794430012224,2,1.5281290352157334e-05
11940,BUFFER_1329_337,56.8881184,59.8686375,24,0.2922825985635696,2,1.5281290352157334e-05
59119,ITA.19_1_55,45.79251785,7.824628615455023,82,0.2924494269559902,2,1.5281290352157337e-05
13895,CHE_932,47.0164612,7.724447433790904,25,0.2925488539119804,2,1.5281290352157337e-05
10235,BUFFER_1047_18,52.94062619999999,40.4744645,156,0.2928586262224939,2,1.5281290352157334e-05
64665,MDA_1139,48.1695093,27.620919099999995,100,0.2929720163508557,2,1.5281290352157337e-05
39811,FRA.12_1_786,47.72468438707726,-1.34275462,66,0.2931149870110024,2,1.528129035215734e-05
81657,RUS.19_1_776,56.7287152,41.3729161,117,0.2932586606051345,2,1.5281290352157334e-05
32558,ESP.5_1_195,41.00334164999999,-5.645832349999998,41,0.2936251566320293,2,1.528129035215734e-05
94909,RUS.53_1_177,51.5786264,54.1582543,147,0.2936585345354522,2,1.5281290352157337e-05
3121,BGR_693,42.231597699999995,26.0822684,5,0.2937284115220048,2,1.5281290352157337e-05
106360,RUS.74_1_494,58.120681999999995,52.60266907187076,143,0.2937287897310512,2,1.5281290352157334e-05
27783,DNK_930,56.35543830000001,10.5939996,14,0.2938107121026895,2,1.5281290352157337e-05
129597,UKR.8_1_235,49.60833389999999,37.679471898749135,191,0.2938160375916869,2,1.5281290352157334e-05
109528,RUS.79_1_355,51.02138980000001,39.475041399999995,165,0.293912645171149,2,1.5281290352157334e-05
105106,RUS.70_1_606,54.0796909,38.1467839,160,0.2940083282396087,2,1.5281290352157337e-05
15165,CZE_2700,49.619804499999994,13.3961538,26,0.2941687194376527,2,1.5281290352157337e-05
125005,UKR.2_1_59,51.455353499999994,31.23361839999999,185,0.2941873242665035,2,1.5281290352157337e-05
80222,RUS.10_1_40,43.252147,45.6104936,119,0.2942071630501223,2,1.5281290352157337e-05
45633,FRA.7_1_287,50.742105550000005,3.146623604714283,64,0.2942612278422981,2,1.5281290352157334e-05
51630,GBR.3_1_342,57.672473549999985,-2.8132505168465154,73,0.2943018719437653,2,1.5281290352157337e-05
31232,ESP.2_1_376,42.755229400000005,-0.5136325891806746,46,0.2943059061735941,2,1.5281290352157337e-05
65114,MDA_2159,46.6539262,28.513880599999997,99,0.2943203965464548,2,1.5281290352157334e-05
71989,POL.11_1_227,54.35453070635573,18.589727485636384,110,0.2943964585880195,2,1.5281290352157337e-05
39805,FRA.12_1_710,47.4853524,-1.2473291,66,0.2943976772616136,2,1.5281290352157337e-05
9902,BUFFER_0873_94,40.77745145,29.53207262576231,19,0.2944388867665036,2,1.5281290352157337e-05
96069,RUS.55.3_1_14,59.4365372,56.764045499999995,155,0.2944844857885085,2,1.5281290352157334e-05
37296,FRA.10_1_287,44.8776936,-0.7143835999999999,54,0.2945439601161368,2,1.5281290352157337e-05
67519,NLD_1037,51.814314550000006,4.684483499999992,103,0.2945453354217603,2,1.5281290352157334e-05
103548,RUS.68_1_170,55.8303951,52.004344399999994,158,0.2946004622555012,2,1.5281290352157334e-05
126260,UKR.5_1_1156,48.11309584999999,33.565017444200755,190,0.2946182877444988,2,1.5281290352157337e-05
40002,FRA.13_1_224,43.63826639999999,5.1338773,57,0.2946194949572128,2,3.2959471520319425e-06
116539,UKR.10_1_372,49.429867999999985,26.939515599999996,179,0.2947756341687041,2,1.5281290352157337e-05
55310,HUN_385,48.1232054,20.8664549,80,0.2947846615220048,2,1.5281290352157337e-05
107410,RUS.77_1_205,48.819124499999994,44.7385116,162,0.2948170843520782,2,1.5281290352157337e-05
3875,BLR.2_1_143,52.45345230000001,30.8007899,7,0.2948863539119804,2,1.5281290352157337e-05
43803,FRA.3_1_8,48.03811394999999,-1.382798815126192,66,0.2949207480134473,2,1.528129035215734e-05
104541,RUS.6_1_71,54.4317687,55.8411017,158,0.295017351772616,2,1.5281290352157334e-05
45541,FRA.7_1_197,51.0330798,2.3000635397668394,64,0.2950213898227384,2,1.5281290352157334e-05
129640,UKR.8_1_277,49.089416400000005,36.26489759999999,193,0.2950237125611247,2,1.5281290352157334e-05
38956,FRA.12_1_1550,47.286942100000005,-1.4456047,62,0.2950877444987775,2,1.5281290352157337e-05
98438,RUS.59_1_193,54.575724699999995,39.84059409999999,146,0.2951268757640586,2,1.5281290352157337e-05
51027,GBR.1.88_1_1,51.5440525,-2.4726425999999995,72,0.29514668398533,2,1.5281290352157337e-05
38931,FRA.12_1_1443,47.51970049999999,-1.2410982999999998,66,0.2951797830073349,2,1.5281290352157337e-05
46788,FRA.8_1_694,48.78240914999999,1.8101972014709629,65,0.2951877597799511,2,1.5281290352157334e-05
44106,FRA.4_1_33,47.48093339999999,0.716815,55,0.2952053560513447,2,1.528129035215734e-05
101099,RUS.64_1_1145,55.4591556,32.346706,153,0.2952911445599022,2,1.5281290352157337e-05
41954,FRA.1_1_3965,45.7486644,5.1845844,59,0.2953752406784841,2,1.5281290352157334e-05
99028,RUS.62_1_102,53.9642881,50.90757620000001,148,0.2953841419621027,2,1.5281290352157334e-05
124027,UKR.26_1_528,47.6133837,35.4151621,187,0.2955094896088019,2,1.5281290352157334e-05
117964,UKR.14_1_188,50.61134680000001,25.0984527,182,0.2955145171149144,2,1.5281290352157334e-05
80837,RUS.14_1_438,59.847962858226474,30.46813884504164,129,0.295520667787286,2,1.5281290352157337e-05
32210,ESP.4_1_603,39.5555717,-1.7446885,45,0.2955421836797066,2,1.5281290352157337e-05
46480,FRA.8_1_373,48.80638389999999,1.9430999399081768,65,0.2955807457212714,2,8.060595118215875e-06
32487,ESP.5_1_1257,41.6047664,-5.019838517354258,41,0.29559472799511,2,1.528129035215734e-05
15775,CZE_454,50.58095320000001,13.7969362,28,0.2956268643031784,2,9.790581163145771e-06
71270,NOR.7_1_126,60.55442319999999,6.0228844067422385,12,0.2956292214242053,2,1.5281290352157337e-05
2951,BGR_483,42.742800900000006,23.52605841143132,5,0.2957297906479217,2,1.5281290352157337e-05
36939,FRA.10_1_1514,46.11606725000001,1.0514344690489688,54,0.295771894101467,2,1.5281290352157337e-05
8652,BUFFER_0656_19,54.884473,12.12014373035,15,0.2958467107273838,2,1.5281290352157337e-05
36348,FIN.5.4_1_140,62.35136455,21.38069076952347,53,0.2958745874083129,2,1.5281290352157334e-05
128828,UKR.6_1_6,48.4731936,38.2073665,192,0.2960986972799511,2,1.5281290352157337e-05
7394,BUFFER_0488_48,54.8283844,1.9274252000000005,71,0.296120102383863,2,1.5281290352157337e-05
44798,FRA.6_1_334,47.79841395,7.256978430381619,34,0.2961565136002445,2,1.5281290352157334e-05
29607,ESP.17_1_313,43.4776144,-5.6651454,42,0.2961663775977995,2,1.528129035215734e-05
27787,DNK_938,56.3308229,10.540648499999998,14,0.2961761575488998,2,1.5281290352157337e-05
70733,NOR.1_1_70,59.8432694,10.665428599999998,108,0.2962463783618582,2,1.5281290352157337e-05
14798,CZE_2046,49.6800868,14.0690456,26,0.2962868925733496,2,1.5281290352157337e-05
37758,FRA.10_1_708,44.854427599999994,-0.5200392999999999,54,0.2963167023227384,2,1.5281290352157334e-05
1484,AUT_825,46.742669799999994,12.4502631,0,0.2963668665953544,2,1.5281290352157334e-05
99951,RUS.62_1_895,53.249930199999994,50.4752705,148,0.2963821477689486,2,1.5281290352157337e-05
9824,BUFFER_0873_179,40.4976782,29.485714400000003,18,0.2963964738691931,2,1.5281290352157334e-05
85023,RUS.32.15_1_0,63.425145400000005,54.023987299999995,133,0.2964527467909535,2,1.5281290352157337e-05
118891,UKR.15_1_424,48.1387283,39.677290000000006,144,0.2964567772004889,2,1.5281290352157337e-05
124507,UKR.27_1_208,50.72783895,27.43660945000001,188,0.2964912133251834,2,1.5281290352157337e-05
47125,FRA.9_1_130,49.152529099999995,-0.2950958999999999,66,0.2964924931234717,2,1.5281290352157337e-05
47304,FRA.9_1_219,49.45128091688298,1.0509107475963937,65,0.2965084352078239,2,1.5281290352157337e-05
22651,DEU.2_1_133,48.13574319999999,11.3781574,35,0.2965408694987774,2,1.5281290352157337e-05
54671,HRV_677,43.7667156,15.844704099999998,171,0.2965652429706601,2,1.5281290352157337e-05
32691,ESP.5_1_352,42.38354089999999,-3.7695928,47,0.2965671225550122,2,1.528129035215734e-05
99196,RUS.62_1_125,52.9507261,49.6946241,147,0.2965760505806845,2,1.5281290352157334e-05
88328,RUS.38_1_429,59.9013759,30.73461739999999,130,0.2966092565709046,2,1.5281290352157337e-05
91738,RUS.44_1_1604,56.141978,37.3259933,137,0.2966201253056234,2,4.108472412775596e-07
75204,POL.4_1_516,51.53958975,23.55335034161211,114,0.2966465655562346,2,1.5281290352157334e-05
16679,DEU.10_1_1310,50.8414354,6.3106891,105,0.2966776130806846,2,1.5281290352157337e-05
40053,FRA.13_1_274,44.31884565,4.69750801663179,56,0.296734241289731,2,1.5281290352157337e-05
60709,ITA.6_1_143,44.5778606,11.069741999999998,85,0.2967570484413201,2,2.6392555192763784e-07
25513,DEU.9_1_1095,51.68012650000001,9.902375,38,0.296765701405868,2,1.5281290352157334e-05
53783,GRC_137,40.410683600000006,21.799513308605174,3,0.2967940403422983,2,1.5281290352157337e-05
86101,RUS.34_1_155,44.739523250000005,37.60409317639109,125,0.296800882487775,2,1.5281290352157337e-05
129032,UKR.6_1_820,48.009460999999995,37.18675669999999,192,0.2968051917787285,2,1.5281290352157337e-05
108365,RUS.78.5_1_65,59.17985749999999,37.70314098034366,163,0.2968172944682151,2,5.837990476687195e-11
48082,GBR.1.109_1_2,51.429334649999994,-1.0025488251548618,72,0.2968355325488997,2,1.528129035215734e-05
32414,ESP.5_1_1146,41.61884570000001,-4.774983,41,0.296994238997555,2,1.528129035215734e-05
47291,FRA.9_1_207,49.2772132,1.1977005027962084,65,0.2970029951100245,2,1.5281290352157337e-05
30859,ESP.1_1_897,38.21729814999999,-3.9829300499999993,44,0.2970205493581907,2,1.528129035215734e-05
103390,RUS.68_1_1176,55.56400459999998,51.96350879999999,158,0.2970625993276283,2,1.5281290352157334e-05
102211,RUS.65_1_130,44.6630495,42.0134392,154,0.2970696936124694,2,1.5281290352157337e-05
46051,FRA.7_1_696,51.014099050000006,2.263813183554216,64,0.2970806502139363,2,5.837990476687195e-11
10565,BUFFER_1097_52,40.54399049999999,44.8040269,20,0.2971096118581907,2,1.5281290352157337e-05
57966,ITA.14_1_3,40.5956276,8.587295499999998,84,0.2971188340464546,2,5.935290317965315e-09
38750,FRA.11_1_856,43.21906175,2.3315899490963865,48,0.2971409115220049,2,1.5281290352157334e-05
49734,GBR.1.37_1_14,53.31538979999999,-2.730147,9,0.2971529951100243,2,1.5281290352157337e-05
99184,RUS.62_1_1199,53.24854074999999,50.39482868146268,148,0.2971841190403422,2,1.5281290352157337e-05
3140,BGR_726,42.0833896,24.9630372,5,0.2972520629584352,2,1.5281290352157337e-05
101334,RUS.64_1_206,53.9820217,32.8285174,153,0.2972648265586797,2,1.5281290352157337e-05
52352,GBR.4_1_3324,51.6861949,-4.1807006,76,0.2972674090770171,2,1.5281290352157337e-05
42080,FRA.1_1_416,46.21114669999999,5.246819300000001,60,0.2972704462102689,2,1.5281290352157337e-05
91679,RUS.44_1_1531,55.9480461,37.5788737,137,0.2972720889364303,2,1.5281290352157337e-05
74222,POL.1_1_166,51.15659912972093,17.036301781533567,112,0.2973070216992665,2,1.5281290352157337e-05
53540,GBR.4_1_7079,51.61946630636063,-3.3300099999999997,78,0.2973156173594132,2,1.5281290352157334e-05
57951,ITA.14_1_155,39.16091314999999,9.504429379683508,84,0.2973354332212714,2,5.837990476687195e-11
123272,UKR.24_1_42,48.5846064,29.4966226,179,0.2973672753667481,2,1.5281290352157337e-05
54611,HRV_601,45.47434079999999,16.7916544,171,0.297381471577017,2,1.5281290352157337e-05
34859,EST_443,58.36782742573507,25.58154358527691,51,0.2973826062041564,2,1.5281290352157337e-05
46423,FRA.8_1_31,48.52057475,2.355485469013467,65,0.2973852804095354,2,5.837990476687195e-11
104812,RUS.70_1_301,54.0921342,38.1697061,160,0.2973953354217603,2,1.5281290352157337e-05
94214,RUS.49_1_349,58.6017086,31.2297507,131,0.2974023609413203,2,1.5281290352157337e-05
93852,RUS.47_1_942,55.4295213,42.5415304,140,0.297403480287286,2,1.5281290352157334e-05
49633,GBR.1.36_1_141,51.52467325077519,-0.0108666553646937,70,0.2974095927567236,2,1.5281290352157337e-05
9255,BUFFER_0804_16,71.1337796,22.991015399999995,17,0.2974288584963325,2,1.5281290352157337e-05
120127,UKR.17_1_199,47.8662044,29.47025979999999,184,0.2974474327628361,2,1.5281290352157334e-05
106677,RUS.75_1_317,54.3518698,48.6172805,159,0.297456750458435,2,1.5281290352157334e-05
55767,IRL_1318,52.8564367,-8.9656832,81,0.2974744422371637,2,1.5281290352157337e-05
95273,RUS.55.12_1_11,58.3630793,58.3038533,23,0.2975459543092909,2,1.5281290352157334e-05
34014,ESP.8_1_234,40.507243,-4.073771150331305,50,0.2975548670537897,2,1.528129035215734e-05
32218,ESP.4_1_616,39.0639868,-2.1469135999999995,45,0.2975885696821516,2,1.5281290352157334e-05
87073,RUS.37_1_192,52.2439015,35.5593921,127,0.2975994613386308,2,1.5281290352157334e-05
126369,UKR.5_1_1274,48.5583255,35.872013599999995,193,0.2976054706601466,2,1.5281290352157337e-05
72698,POL.12_1_483,50.45916849999999,19.491739102017934,111,0.2976390548594131,2,1.5281290352157337e-05
40647,FRA.1_1_1305,45.1078491,5.7080308,59,0.2976791297371638,2,5.837990476687195e-11
10391,BUFFER_1097_115,41.54713009999999,45.0543808,20,0.2976839815097799,2,1.5281290352157337e-05
16915,DEU.10_1_1541,51.40955099999999,7.4927667,30,0.2976848410757945,2,1.5281290352157337e-05
2148,BEL_569,51.13289989999999,4.133142099999999,2,0.2977273571210269,2,1.5281290352157334e-05
55032,HUN_1447,47.63420829999999,19.16659119290459,80,0.2977555279645477,2,1.5281290352157334e-05
57182,ITA.10_1_936,45.574692299999995,9.265109850000002,82,0.2977685933679707,2,1.5281290352157337e-05
118542,UKR.14_1_94,49.20119939999999,24.658469499999995,182,0.2977939944987775,2,1.5281290352157337e-05
99209,RUS.62_1_138,52.9190018,49.6968227,147,0.2978058565097798,2,1.5281290352157334e-05
45560,FRA.7_1_213,50.33158929999999,3.4905970999999996,64,0.297821836797066,2,1.5281290352157334e-05
58465,ITA.16_1_214,43.823452638031426,10.603459334926562,86,0.2978266847493886,2,1.5281290352157337e-05
7174,BUFFER_0486_2,49.859024816840055,0.6351075377316513,65,0.2978325947432762,2,1.5281290352157337e-05
99113,RUS.62_1_1114,53.6237058,49.140141684249016,148,0.297842955378973,2,3.0844049685164014e-09
36145,FIN.5.1_1_24,61.188790249999975,25.362000049999995,53,0.2978449801344743,2,1.5281290352157337e-05
61796,LTU_120,56.1942164,23.5103011,87,0.2978537820904645,2,1.5281290352157334e-05
8816,BUFFER_0674_3,35.94375980000001,14.449827700000002,83,0.2978609642420537,2,1.528129035215734e-05
107918,RUS.77_1_717,47.641870100000006,43.1751685,145,0.2978787171454767,2,1.5281290352157337e-05
128626,UKR.6_1_41,48.4734714,38.2072587,192,0.2978792405256723,2,1.5281290352157337e-05
24240,DEU.4_1_435,51.94240734999999,13.867250049999996,37,0.2978932648227383,2,1.5281290352157337e-05
104176,RUS.68_1_807,54.66679630000001,51.5055875,158,0.2979213630806845,2,1.5281290352157334e-05
18504,DEU.10_1_791,51.61198279999999,8.5220537,31,0.2980079271088018,2,1.5281290352157337e-05
47326,FRA.9_1_239,49.42489049999999,1.0984613,65,0.2980502559596577,2,1.5281290352157334e-05
64181,LVA_6423,56.5329651,26.0188957,51,0.2981160146699266,2,1.5281290352157334e-05
69674,NOR.14_1_52,61.55813489999999,7.7966559,12,0.2981225168092909,2,1.5281290352157337e-05
31698,ESP.3_1_128,43.43720575,-3.8424645930417967,47,0.2981248471882639,2,1.528129035215734e-05
93868,RUS.47_1_959,55.39554369999999,42.1219571,140,0.2981360215464547,2,1.5281290352157334e-05
40235,FRA.13_1_457,43.685334399999995,7.191894675697398,57,0.2981585689180929,2,1.5281290352157334e-05
122290,UKR.21_1_401,51.55167960000001,33.3756785,185,0.2981822394559902,2,1.5281290352157337e-05
114573,SWE.19_1_216,62.50830199999999,16.37682777089208,173,0.2982091113997554,2,1.5281290352157337e-05
36942,FRA.10_1_1517,46.12081969999999,1.0576334471045197,54,0.2982367817848411,2,1.5281290352157337e-05
96286,RUS.55.40_1_23,58.11431110000001,56.3304075,141,0.2982506379889975,2,1.5281290352157334e-05
53588,GBR.4_1_7193,51.6535239,-3.3354525999999995,78,0.2982533809596576,2,1.5281290352157334e-05
92947,RUS.45.17_1_10,67.5936037,33.3931683,133,0.2982606395171149,2,1.5281290352157337e-05
32122,ESP.4_1_468,38.6767891,-4.1626306,50,0.2982780867970661,2,1.528129035215734e-05
39328,FRA.12_1_2956,47.40848280435218,-2.1081263999999997,62,0.298281173594132,2,1.5281290352157337e-05
9269,BUFFER_0816_2,38.3850225,23.89564477367771,3,0.2982853186124694,2,1.5281290352157337e-05
54861,HUN_1019,47.43465315000932,19.30601546664972,80,0.2983091152200489,2,1.5281290352157334e-05
105770,RUS.72_1_516,56.4598592,31.37484635,161,0.2983229561430317,2,1.5281290352157337e-05
108060,RUS.77_1_871,50.1235861,45.36616375558499,162,0.2983354523227384,2,1.5281290352157337e-05
104832,RUS.70_1_321,53.7683194,38.5729455,160,0.2983498319070904,2,1.5281290352157337e-05
126617,UKR.5_1_1535,48.492788749999995,35.09646257000307,193,0.2983650863386307,2,1.5281290352157337e-05
114192,SWE.16_1_22,59.9090168,17.6544173,173,0.2983786063569683,2,1.5281290352157337e-05
90624,RUS.42_1_515,54.359534399999994,44.76839199999999,134,0.2983958626222494,2,1.5281290352157334e-05
112193,SRB_113,44.75076215,20.9500686519359,4,0.2984242397616137,2,1.5281290352157334e-05
48846,GBR.1.25_1_260,53.215578099999995,-1.3824634,70,0.2984803789731051,2,1.5281290352157337e-05
91856,RUS.44_1_1714,55.4255203,37.5735033,136,0.2985325871026895,2,1.5281290352157334e-05
96388,RUS.55.41_1_128,57.9095901,56.28189149999999,141,0.2985361705378973,2,1.5281290352157334e-05
87276,RUS.37_1_380,51.8146073,38.0605863,127,0.298536781784841,2,1.5281290352157337e-05
118550,UKR.15_1_10,48.6553388,38.52288209999999,192,0.2985393375611247,2,1.5281290352157337e-05
72956,POL.12_1_80,50.13318759999999,18.5254337,111,0.2985784917481663,2,1.5281290352157337e-05
35747,FIN.3_1_78,64.66117480000001,24.490820299999996,172,0.2986078430623471,2,1.5281290352157337e-05
76426,POL.7_1_715,52.20468465,20.57269000017004,109,0.2986105860330073,2,3.41618954398976e-06
81361,RUS.19_1_483,56.8962532,41.26388206041354,117,0.2986453850855745,2,1.5281290352157334e-05
110594,RUS.7_1_394,51.2489593,37.93177049999999,167,0.2986501413508557,2,1.5281290352157337e-05
114979,SWE.21_1_336,59.0643826,12.6849027,174,0.2986675122249388,2,1.5281290352157337e-05
120980,UKR.18_1_350,49.450847749999994,35.41000084480946,191,0.2986720316320293,2,1.5281290352157334e-05
22716,DEU.2_1_1437,48.263082700000005,10.943901,1,0.2986740372860635,2,1.5281290352157337e-05
113684,SWE.11_1_72,59.87019785,14.993867065283688,177,0.2986808374083129,2,1.5281290352157337e-05
77380,PRT_1535,40.62315415,-7.220799510988561,43,0.2987089356662592,2,1.528129035215734e-05
97873,RUS.58_1_535,47.5796908,40.0811421,145,0.2987301994193154,2,1.5281290352157337e-05
75903,POL.7_1_1327,52.16216785000001,20.778958549999995,109,0.2987318803484107,2,1.5281290352157334e-05
48061,GBR.1.108_1_72,52.50745380000001,-1.480477,9,0.2987367244804401,2,1.5281290352157337e-05
89207,RUS.39_1_33,53.0314331,39.136383129198435,132,0.2987429706601466,2,1.5281290352157334e-05
100722,RUS.63_1_753,52.064382,43.1098937,151,0.2987438378667481,2,1.5281290352157337e-05
114913,SWE.21_1_262,58.80066749999999,12.4327134,174,0.2987546340158923,2,1.528129035215734e-05
72104,POL.11_1_61,54.33983130424805,18.56273120117647,110,0.2987886651894865,2,1.5281290352157337e-05
26786,DNK_1226,55.4143787,10.298408099999998,40,0.2988343062347188,2,5.730088437061287e-06
61916,LTU_232,54.3295252,23.471873899999995,87,0.2988356204156479,2,1.5281290352157334e-05
114652,SWE.19_1_75,62.36491479999999,17.2678959,173,0.2988495950488997,2,1.5281290352157337e-05
50209,GBR.1.4_1_13,52.51246379999999,-1.867106,9,0.2990116900977995,2,1.5281290352157337e-05
51783,GBR.3_1_581,55.9560859,-3.1293788999999994,73,0.2990300695293398,2,1.5281290352157337e-05
32921,ESP.5_1_622,42.8712711,-4.277926599999999,47,0.2990458282396087,2,1.528129035215734e-05
104829,RUS.70_1_319,53.76851579999998,38.57306479999999,160,0.2990464280256723,2,1.5281290352157337e-05
109410,RUS.79_1_243,51.72324029999999,39.288135999999994,165,0.2990849786063569,2,1.5281290352157334e-05
123614,UKR.26_1_146,47.8423049,35.2310137,187,0.2991064486552567,2,1.5281290352157334e-05
23902,DEU.3_1_72,52.411288799999994,13.3937874,37,0.2991502674205378,2,1.5281290352157337e-05
129821,UKR.8_1_464,50.331402450000006,37.2132917,191,0.2991512033924205,2,1.5281290352157337e-05
114579,SWE.19_1_226,62.36122849999999,16.972749138341868,173,0.2991815021393643,2,1.5281290352157337e-05
99937,RUS.62_1_875,53.28785909999999,50.3104949,148,0.2992561774144254,2,1.5281290352157334e-05
117970,UKR.14_1_195,50.6126846,24.1976046,182,0.2992718864608802,2,8.493131476502781e-07
54439,HRV_357,45.4979101,16.6668174,171,0.299302914883863,2,4.809541968232969e-06
128734,UKR.6_1_512,47.179444,37.546802799999995,192,0.2993191664119803,2,1.1675980953374388e-10
67399,MKD_77,41.98756699999999,21.490438,4,0.2993976887224938,2,1.5281290352157337e-05
3123,BGR_695,42.2306238,26.0792396,5,0.2993981395171149,2,1.5281290352157337e-05
28413,ESP.11_1_299,38.1999161,-6.599029178708312,44,0.2994223563569682,2,1.528129035215734e-05
25836,DEU.9_1_166,51.89876530000001,9.852416299999998,38,0.2994857617665036,2,1.5281290352157334e-05
14913,CZE_2240,49.0108086,14.010098199999998,26,0.2994935742665037,2,1.5281290352157337e-05
98086,RUS.58_1_736,47.74271989999999,40.3783846,145,0.2995225168092909,2,1.5281290352157337e-05
113190,SVN_119,46.036780118102094,14.4631070839804,171,0.2995462064486552,2,1.5281290352157337e-05
27562,DNK_643,54.9556899,8.851472799999998,33,0.2995492550427873,2,1.5281290352157337e-05
4579,BLR.3_1_30,53.7441663,23.735727769392323,8,0.299551505195599,2,1.5281290352157334e-05
46165,FRA.7_1_990,50.9781667,2.1488,64,0.299559806693154,2,2.8686392095040527e-05
22011,DEU.1_1_607,47.649132249999994,7.9369561678486065,34,0.2996011842909535,2,1.5281290352157334e-05
14710,CZE_1905,49.7826358,14.6751575,28,0.2996341152200489,2,1.5281290352157337e-05
29001,ESP.12_1_95,43.3177668,-8.4276178,42,0.2996470851161369,2,4.997503630356163e-06
10105,BUFFER_0901_87,40.5626019,30.97437289999999,19,0.2996669621026894,2,1.5281290352157337e-05
16279,CZE_938,50.380474475233946,13.338383225484202,26,0.2996822700183373,2,7.6364457149291e-06
7862,BUFFER_0547_75,60.6272984,4.851504599999999,12,0.2997281173594132,2,1.5281290352157337e-05
75865,POL.7_1_115,52.55881995,19.695838750262546,109,0.2997672715464546,2,1.1675980953374388e-10
66177,MDA_4086,46.13903565,28.950442475,99,0.2997675313264057,2,1.5281290352157334e-05
48831,GBR.1.25_1_163,52.91398079999999,-1.208736,9,0.2997719284841075,2,1.5281290352157337e-05
105727,RUS.72_1_47,56.726327000000005,36.7884126,137,0.2997887492359413,2,1.5281290352157337e-05
26843,DNK_1317,55.43599864999999,11.809891400000003,15,0.2997996599938874,2,1.5281290352157337e-05
53582,GBR.4_1_7187,51.64478230000001,-3.3214480999999996,78,0.2998131188875305,2,1.5281290352157334e-05
113076,SVK_652,48.95726439999999,20.960122199999997,27,0.299823773685819,2,1.27542877733443e-05
48214,GBR.1.115_1_17,51.34691720000001,-0.9097291,72,0.2998380959657701,2,1.5281290352157337e-05
9390,BUFFER_0844_136,38.380848,27.192046999999995,18,0.2998387836185819,2,1.5281290352157334e-05
11700,BUFFER_1328_53,55.2411772,61.27001490000001,24,0.2998418971577017,2,1.5281290352157334e-05
66503,MDA_4920,47.756857704413335,28.95227936666667,101,0.2998429974022004,2,1.5281290352157337e-05
84885,RUS.31.40_1_9,56.21277500000001,51.0233952,157,0.2998451176650367,2,1.5281290352157334e-05
113487,SWE.10.4_1_19,66.4406225,20.749872,172,0.2998503018031784,2,9.700553070101744e-06
102060,RUS.64_1_887,54.8071241,31.09388307476852,153,0.2998741251528117,2,1.5281290352157337e-05
31017,ESP.2_1_147,41.80304960000001,-1.1968749,46,0.2998776054400978,2,1.5281290352157334e-05
115297,SWE.2_1_138,60.1547318,15.2305085,173,0.2998930050427872,2,1.5281290352157337e-05
255,AUT_1520,47.50772650961963,12.08006485,35,0.2999168818765281,2,1.5281290352157337e-05
6866,BUFFER_0432_13,54.07851930000001,-3.4111891,69,0.299926111705379,2,1.5281290352157337e-05
7217,BUFFER_0486_59,51.0971403,1.1555277,64,0.299938947891198,2,1.4273564404548494e-05
58704,ITA.16_1_472,43.4254998,11.8425209,86,0.2999526933068459,2,1.5281290352157337e-05
6208,BUFFER_0347_11,53.38807789999999,-9.549476,81,0.2999629049511002,2,1.5281290352157337e-05
8500,BUFFER_0629_11,56.59573865,11.15333585,14,0.2999985291870414,2,1.5281290352157337e-05
82052,RUS.1_1_78,44.59877039999999,40.57573445,126,0.3000075680012224,2,1.5281290352157334e-05
49416,GBR.1.32_1_91,50.88347709999999,0.0217075034182048,67,0.3000302529034229,2,5.837990476687195e-11
43698,FRA.3_1_353,47.73378332290828,-3.375249113910178,62,0.30004609948044,2,5.837990476687195e-11
27179,DNK_206,56.2524351,10.343003387722687,14,0.3000567848410757,2,5.837990476687195e-11
2964,BGR_501,42.61717389999999,23.7138368,5,0.300086254584352,2,1.5281290352157337e-05
47739,GBR.1.101_1_9,52.69961750000001,-2.6098579,9,0.300124694376528,2,1.5281290352157337e-05
26776,DNK_1215,55.45828349999999,11.7718473,15,0.3001376604523226,2,1.5281290352157337e-05
17423,DEU.10_1_2048,51.387218399999995,7.518392897150274,30,0.3001386499083129,2,1.5281290352157337e-05
100485,RUS.63_1_505,51.98882469999999,48.741128999999994,150,0.3001392191320294,2,1.5281290352157337e-05
6207,BUFFER_0347_10,51.83848929999999,-8.2295775,81,0.3001486896393642,2,1.5281290352157334e-05
77739,PRT_334,38.656123699999995,-8.640661070991289,115,0.3001814562958435,2,1.5281290352157337e-05
838,AUT_343,46.81811885,15.226682351351393,0,0.3001857006418093,2,1.5281290352157337e-05
93121,RUS.45.9_1_18,69.0521834,33.34367379999999,133,0.3001969475855746,2,1.5281290352157337e-05
114447,SWE.18_1_6,63.7446819,19.020394399999997,173,0.3002236361552567,2,7.568955010814283e-06
125863,UKR.4_1_739,44.7274335,34.00945914999999,186,0.3002618161674816,2,1.5281290352157337e-05
57769,ITA.13_1_443,45.071643535004455,7.673866004605707,82,0.3002856738997556,2,1.5281290352157337e-05
48419,GBR.1.15_1_5,53.6947246,-1.8392228,69,0.3002914654645477,2,1.5281290352157334e-05
80238,RUS.10_1_55,43.359105,45.54657559999999,119,0.3003049854828851,2,1.1675980953374388e-10
99227,RUS.62_1_154,53.06765550000001,49.946840300000005,147,0.3003513103606355,2,1.5281290352157334e-05
57701,ITA.13_1_376,44.299525958718824,7.507461380905729,82,0.3003514631723715,2,5.837990476687195e-11
61003,ITA.6_1_479,44.630859599999994,10.4151664,85,0.3003672409841076,2,1.5281290352157337e-05
27245,DNK_278,56.14254079999999,8.9276116,14,0.3003862393031784,2,1.5281290352157337e-05
35683,FIN.3_1_303,65.38195859999999,25.887868082866785,172,0.3003911789425428,2,1.5281290352157337e-05
48871,GBR.1.25_1_47,52.81341749999999,-1.6205005,9,0.3004001375305623,2,1.5281290352157337e-05
128723,UKR.6_1_502,47.1616978,37.5170824,192,0.3004087026283618,2,1.1675980953374388e-10
86365,RUS.34_1_348,44.3161201,40.911849700000005,126,0.3004399182457212,2,1.5281290352157334e-05
65143,MDA_2207,46.9594364,29.061981399999993,97,0.3004453048594132,2,1.5281290352157337e-05
61258,ITA.7_1_62,45.7930350000429,13.226175684858774,85,0.3004951520476772,2,1.5281290352157337e-05
45262,FRA.6_1_772,48.6896478,5.923676699999999,63,0.3005469093826405,2,1.5281290352157334e-05
40807,FRA.1_1_1529,46.160324089846455,6.351232688347318,60,0.3005517535146699,2,1.5281290352157337e-05
51058,GBR.1.88_1_6,51.55254880000001,-2.5024189000000003,72,0.300553785910758,2,1.5281290352157337e-05
30935,ESP.1_1_969,36.82028969999999,-2.5830008,44,0.3005575794621026,2,2.306971795517738e-05
47238,FRA.9_1_1668,48.85984015,-1.2825667786538466,66,0.3006050542481662,2,1.5281290352157337e-05
53569,GBR.4_1_717,51.75997001107057,-3.3796510828454416,75,0.300674847188264,2,1.5281290352157334e-05
101929,RUS.64_1_766,55.5818487,32.4846257,153,0.3007144139669926,2,1.5281290352157337e-05
112180,SRB_101,43.3367133,21.93813067114414,4,0.3007742741442542,2,1.5281290352157337e-05
55997,IRL_253,51.7156671,-9.4015792,81,0.3007922486246943,2,1.5281290352157334e-05
40240,FRA.13_1_463,43.73642110000001,7.244384200000001,57,0.3007988195293398,2,1.5281290352157337e-05
19248,DEU.12_1_105,49.57385539999999,6.9587627,88,0.3008365640281173,2,1.5281290352157337e-05
130185,UKR.8_1_837,49.904025100000005,36.5074206,191,0.3008410223105134,2,1.5281290352157337e-05
7017,BUFFER_0450_25,35.17938004999999,-1.6434248780195302,10,0.3008556693154033,2,1.1675980953374388e-10
48751,GBR.1.22_1_23,54.891616,-2.9950398,69,0.3008688837102689,2,1.5281290352157337e-05
109244,RUS.79_1_179,50.8625987,38.885227099999994,165,0.3008748701100245,2,1.5281290352157334e-05
21260,DEU.1_1_1062,48.99725341740946,8.355840520468998,1,0.3009487927872861,2,1.5281290352157337e-05
39608,FRA.12_1_378,47.18732529999999,-1.6062888999999998,11,0.3009583931845965,2,1.5281290352157337e-05
124817,UKR.2_1_186,51.7800459,32.2176169,185,0.3009704194682151,2,1.5281290352157337e-05
67459,MNE_7,42.29030510618063,18.83316291590749,4,0.3009960880195599,2,1.5281290352157334e-05
2658,BGR_176,42.709150599999994,25.3277802,5,0.3010064142726161,2,1.5281290352157337e-05
41514,FRA.1_1_2921,46.12615910000001,4.729580899999999,58,0.3010286254584352,2,1.5281290352157334e-05
15204,CZE_2794,50.3429322,13.5675412,26,0.3010373777506113,2,1.5281290352157334e-05
14708,CZE_1903,49.78262889999999,14.675272899999998,28,0.301075546301956,2,1.5281290352157337e-05
30222,ESP.1_1_260,37.55418584999999,-7.511956213909313,44,0.3010769483496331,2,1.528129035215734e-05
51455,GBR.3_1_148,55.84548245,-4.506028783650084,73,0.3011279530867971,2,1.5281290352157337e-05
86613,RUS.34_1_596,45.5109454,39.1804989,126,0.3011454041870415,2,1.5281290352157334e-05
55423,HUN_490,47.3984759,19.0631609,80,0.3011512912591686,2,1.5281290352157337e-05
81896,RUS.19_1_991,57.0814366,41.0728694,117,0.3011539578239608,2,1.5281290352157337e-05
44557,FRA.6_1_125,49.2425568,4.2681615,63,0.3011882067542787,2,1.5281290352157334e-05
28572,ESP.12_1_136,43.169090649999994,-8.40950064846993,42,0.3011976161369192,2,1.528129035215734e-05
113756,SWE.12_1_60,58.5080311,15.9558499,175,0.3012323884474327,2,1.5281290352157337e-05
122041,UKR.21_1_170,50.3913707,35.448936,185,0.3012387454156479,2,1.5281290352157334e-05
86063,RUS.34_1_1513,44.836495850000006,38.49335915,126,0.3012454041870415,2,1.5281290352157337e-05
129815,UKR.8_1_455,49.8775789,36.530078,191,0.3012613806540342,2,1.5281290352157337e-05
99680,RUS.62_1_611,53.54247415,49.61432213150042,148,0.3012812270782395,2,1.5281290352157334e-05
43902,FRA.4_1_1270,47.61227728879364,1.3267823438659994,55,0.3012875764058679,2,1.528129035215734e-05
113986,SWE.15_1_120,59.54617530000001,18.078119399999995,173,0.3013055356051344,2,1.5281290352157337e-05
104375,RUS.6_1_146,54.6690184,55.794928799999994,158,0.3013158886002445,2,1.5281290352157334e-05
49526,GBR.1.35_1_1006,51.8596390250122,-2.2756913999999986,9,0.3013361055929094,2,1.5281290352157337e-05
123373,UKR.24_1_85,48.543778,27.8445939,179,0.3013396393643031,2,1.5281290352157337e-05
45354,FRA.6_1_909,48.963937949999995,6.569961269344893,63,0.301359672982885,2,1.5281290352157334e-05
8043,BUFFER_0574_6,59.01779590000001,6.3033718,13,0.3013608687347188,2,1.5281290352157337e-05
77909,PRT_5,37.1945024,-8.604622,115,0.3013674243581907,2,1.528129035215734e-05
113768,SWE.13_1_107,55.55892990000001,13.0410748,175,0.3013781211797065,2,1.5281290352157337e-05
9259,BUFFER_0804_3,70.6784632,23.639278999999995,17,0.3014083931845965,2,1.5281290352157337e-05
118380,UKR.14_1_567,49.92311,23.4776966,182,0.3014090235330073,2,1.5281290352157337e-05
32180,ESP.4_1_553,40.12445389999999,-3.7898609433952535,50,0.3014131647310514,2,1.528129035215734e-05
128201,UKR.6_1_1561,47.97628999999999,38.77886598371484,192,0.3014216763447432,2,1.5281290352157337e-05
70346,NOR.17_1_95,69.00297574999999,23.027722042893608,17,0.3014316702322737,2,1.5281290352157337e-05
11170,BUFFER_1298_43,51.2780161,58.435819300000006,21,0.3015057457212713,2,1.5281290352157334e-05
55302,HUN_375,47.94694770000001,20.969283599999997,80,0.3015245797677261,2,1.5281290352157337e-05
45340,FRA.6_1_893,48.87680889999999,6.0451663,63,0.3015293589547677,2,1.5268215292152883e-05
55774,IRL_1335,51.91808319999999,-8.8954571,81,0.3015444300122248,2,1.1675980953374388e-10
94911,RUS.53_1_179,51.5735954,54.15158799999999,147,0.3015824266503667,2,1.5281290352157337e-05
46461,FRA.8_1_350,48.54666029999999,2.1074412,55,0.3016196439486552,2,1.5281290352157334e-05
127711,UKR.6_1_1081,48.7823954,37.5758447,191,0.301628461185819,2,1.5281290352157334e-05
40130,FRA.13_1_352,43.6503172,5.227520099999999,57,0.3016636537286062,2,1.5281290352157337e-05
82578,RUS.22_1_165,46.36311924999999,44.20666157550632,119,0.3016824648533007,2,1.5281290352157337e-05
71637,NOR.9_1_118,63.683425199999995,10.595959399999998,106,0.3016948922677261,2,1.5281290352157337e-05
69195,NOR.12_1_35,59.91718089999999,10.781213158627589,108,0.3016951062041565,2,1.1675980953374388e-10
84231,RUS.25_1_3,43.91748335,41.17420003159179,154,0.3016951520476773,2,1.5281290352157337e-05
103525,RUS.68_1_149,55.2155089,51.6014863,159,0.3017258328239608,2,1.5281290352157334e-05
25367,DEU.8_1_233,53.64882604999999,13.190726300000003,37,0.3017420385085574,2,1.5281290352157337e-05
26841,DNK_1315,55.14005495000001,11.86610482123836,15,0.30175683450489,2,1.5281290352157337e-05
73575,POL.15_1_172,51.6508352,17.798311042201316,112,0.3017737469437653,2,5.837990476687195e-11
10775,BUFFER_1152_73,39.59804579999999,47.54112479999999,20,0.3018198235024448,2,1.5281290352157337e-05
8235,BUFFER_0592_6,39.25896049999999,9.0775141,84,0.3018225168092909,2,1.5281290352157334e-05
56327,ITA.10_1_0,45.3588453346771,9.675566567694808,82,0.3018523533007334,2,1.5281290352157337e-05
111325,RUS.81_1_213,56.567069499999995,38.6155013,137,0.3018718941014671,2,1.5281290352157337e-05
10756,BUFFER_1152_50,39.6133235,48.9582512,20,0.3018974251222494,2,1.5281290352157337e-05
28600,ESP.12_1_168,42.85851019999999,-8.320382799999999,42,0.3019029454462102,2,1.528129035215734e-05
44278,FRA.4_1_6,47.8700302,1.7990049999999995,55,0.3019069070904645,2,1.5281290352157337e-05
19052,DEU.11_1_402,49.98993175,7.54799660165334,88,0.3019347570293398,2,1.5281290352157337e-05
105663,RUS.72_1_384,57.0335097,35.41712635695514,161,0.3019632143948655,2,1.5281290352157337e-05
109872,RUS.79_1_689,49.978925999999994,39.72510629999999,166,0.3019769330684596,2,1.5281290352157334e-05
2108,BEL_529,51.13703019999999,4.2931243,2,0.302003010391198,2,1.483207338764864e-05
56163,IRL_561,52.79980629999999,-6.2500269,81,0.3020124770782395,2,1.5281290352157334e-05
38589,FRA.11_1_653,44.821597,2.7350118999999995,56,0.302012988997555,2,1.5281290352157334e-05
104636,RUS.70_1_118,54.5719901,38.2996381,160,0.3020247555012225,2,1.5281290352157337e-05
78859,ROU.17_1_38,44.94943764999999,25.45092303753318,116,0.3020247631418093,2,4.838713521870117e-06
54918,HUN_1192,47.324574899999995,18.917656799999996,80,0.3020296722188264,2,1.5281290352157334e-05
4459,BLR.3_1_168,54.5228135,26.455014699999996,8,0.3020377292176038,2,1.5281290352157334e-05
100725,RUS.63_1_756,52.0643151,43.1096542,151,0.3020666259168704,2,1.5281290352157337e-05
110274,RUS.7_1_1066,51.26878439999999,37.6539654,167,0.3020995530256722,2,1.5281290352157334e-05
42016,FRA.1_1_4029,45.75728999999999,4.893642099999999,59,0.3021121867359413,2,5.837990476687195e-11
50500,GBR.1.61_1_1,51.3452631,-2.955985615822727,72,0.3021519674511001,2,1.5281290352157337e-05
19300,DEU.12_1_163,49.4441119,6.53193,88,0.302177032396088,2,1.5281290352157334e-05
68112,NLD_449,51.16583945,5.960921999730473,105,0.3022042672677261,2,1.5281290352157334e-05
20132,DEU.14_1_359,50.54304115000001,12.909484041242296,36,0.3022126833740831,2,1.5281290352157334e-05
68361,NLD_699,51.693051399999995,5.960971899999999,29,0.302212950794621,2,1.5281290352157334e-05
59792,ITA.2_1_219,40.43123930005882,17.28005046520505,83,0.3022258099022004,2,1.5281290352157337e-05
123839,UKR.26_1_353,47.18355844999999,36.35942142960526,187,0.3022618276283618,2,1.2168988749691948e-05
30630,ESP.1_1_666,37.41238680000001,-5.8755197,44,0.3022969590464547,2,1.5281290352157337e-05
119428,UKR.16_1_15,47.79801875,31.18133564576549,180,0.3023101352383863,2,1.5281290352157334e-05
55851,IRL_156,54.540344399999995,-8.1197684,81,0.3023176039119805,2,1.5281290352157337e-05
50041,GBR.1.45_1_10,53.80292465000001,-0.3324971543411074,71,0.3023324228300733,2,1.5281290352157337e-05
2942,BGR_473,42.8696982,23.019776299999997,5,0.3024063111246943,2,1.5281290352157337e-05
78238,PRT_815,38.3339773,-7.9808968,115,0.3024141885696821,2,1.528129035215734e-05
22201,DEU.1_1_801,48.92932939999999,9.1436006,1,0.3024370071821515,2,1.0035704305230598e-05
15378,CZE_3247,50.2849669,12.8690038,26,0.3024592909535452,2,1.5281290352157334e-05
48833,GBR.1.25_1_166,53.22830059999999,-1.4153801999999998,70,0.3024632908007335,2,1.5281290352157337e-05
31515,ESP.2_1_70,41.705382,-1.3500529,46,0.3024802720048899,2,1.5281290352157334e-05
113667,SWE.11_1_57,59.589573400000006,15.25035456732485,177,0.3024848983801956,2,1.5281290352157337e-05
108095,RUS.77_1_907,48.5390759,44.4497729,162,0.3024937958435206,2,1.5281290352157337e-05
34522,EST_1136,58.8006515,26.624587399999996,52,0.3025049014364303,2,1.5281290352157334e-05
120005,UKR.16_1_714,47.07180129999999,31.824805300000005,184,0.3025056311124695,2,7.63916621849124e-06
71987,POL.11_1_225,54.4620737,18.4498935,110,0.3025088210574572,2,1.5281290352157337e-05
59922,ITA.2_1_36,40.61260464999999,16.930600616296562,83,0.3025386804706601,2,4.42024481351141e-06
4460,BLR.3_1_169,54.522967099999995,26.455217699999995,8,0.3025408771393642,2,1.5281290352157337e-05
6358,BUFFER_0375_11,53.3448495,-6.203670799999999,81,0.3025596042176038,2,1.5281290352157337e-05
59049,ITA.18_1_48,42.72117469999999,12.13037973184726,86,0.3025646126222493,2,2.400315972178553e-06
83288,RUS.23_1_164,54.516337799999995,36.0889367,120,0.3025698273227383,2,1.5281290352157337e-05
43370,FRA.2_1_636,47.304717999999994,4.9817585000000015,61,0.3025843941014669,2,1.528129035215734e-05
34805,EST_39,59.35207570000001,28.171633,52,0.3025937385391197,2,1.5281290352157337e-05
39804,FRA.12_1_71,48.4172574,0.1360406,66,0.3025968826405868,2,1.5281290352157337e-05
113469,SWE.10.14_1_1,65.67613650000001,20.974168601790613,172,0.3026470430929095,2,1.5281290352157337e-05
34298,ESP.9_1_262,42.760224,-1.6315396999999998,47,0.3026756112469437,2,1.5281290352157337e-05
75612,POL.6_1_2670,50.1813155,19.447412199999995,111,0.3026757564180929,2,1.5281290352157337e-05
84248,RUS.25_1_50,44.127225849999995,42.434223025139715,154,0.3026912859107579,2,1.5281290352157337e-05
103065,RUS.67_1_550,52.1491755,41.4388847,156,0.3026988157090464,2,1.5281290352157337e-05
77418,PRT_1595,38.9467968,-7.697862099999999,115,0.3027266083435208,2,1.528129035215734e-05
112764,SVK_263,48.45212615,18.921816304540563,27,0.3027310819070905,2,1.5281290352157337e-05
43505,FRA.3_1_150,47.53727531095851,-3.1371473887254906,62,0.3027633328239608,2,1.5281290352157337e-05
89229,RUS.39_1_35,52.5280607,39.6614149,132,0.3027657930929095,2,1.973231718335054e-05
9448,BUFFER_0844_26,39.8897786,27.3064089,18,0.3027947127139364,2,1.6357251456978994e-05
55968,IRL_227,51.8958309,-8.643209399999998,81,0.3028198960880195,2,1.5281290352157334e-05
80625,RUS.14_1_179,59.73323148619459,30.430186860782,130,0.3028203774449878,2,1.5281290352157337e-05
123590,UKR.26_1_124,47.79307845,35.17621030568139,187,0.3028555126833741,2,1.5281290352157334e-05
30446,ESP.1_1_477,37.21242899999999,-3.5925227000000004,44,0.3029352842298287,2,2.9085588826407785e-08
62454,LTU_756,55.86373489999999,21.2791179,87,0.3029418474938876,2,1.5281290352157337e-05
31718,ESP.3_1_161,43.3296185,-4.252003300000001,47,0.3029951826100244,2,1.5281290352157344e-05
34574,EST_160,59.31650299999999,27.4439316,52,0.302995572279951,2,1.5281290352157334e-05
45677,FRA.7_1_327,49.4155480833883,2.117354220309104,65,0.3030247975244499,2,1.5281290352157337e-05
51654,GBR.3_1_367,55.92200700000001,-3.3025159999999993,73,0.303089925886308,2,1.5281290352157337e-05
32777,ESP.5_1_450,41.9630382,-2.2467975820668196,46,0.3030907090464547,2,1.528129035215734e-05
117663,UKR.13_1_438,47.86021295,32.421358716246274,180,0.3031108190709046,2,5.837990476687195e-11
12555,BUFFER_1357_32,56.4386801,61.7228886,24,0.3031260620415648,2,1.5281290352157334e-05
45004,FRA.6_1_522,49.2138861,5.980930599999999,63,0.3031361055929095,2,6.365452303383126e-06
40754,FRA.1_1_1439,45.5268535,6.478971218544974,60,0.3031597799511002,2,5.837990476687195e-11
68423,NLD_756,53.0207643,6.5710847999999995,104,0.3031975702933985,2,1.5281290352157337e-05
13786,CHE_818,46.99503665,6.928305931808999,60,0.3032002101161368,2,1.5281290352157337e-05
120689,UKR.17_1_752,45.33219669999999,28.83470927147185,98,0.3032121790953545,2,6.110430032265931e-09
114719,SWE.20_1_34,60.132800550000006,16.176636567902555,173,0.303224923594132,2,5.837990476687195e-11
104200,RUS.68_1_834,56.520222149999995,50.306270531094725,157,0.3032331601466992,2,1.5281290352157337e-05
69458,NOR.13_1_58,58.80649359999998,6.252697587549164,13,0.3032459543092909,2,1.5281290352157337e-05
24088,DEU.4_1_268,52.957178175032205,13.259278375,37,0.3032554630195598,2,1.5281290352157337e-05
127652,UKR.6_1_1012,47.968246400000005,38.05881589999999,192,0.3032720583740831,2,5.837990476687195e-11
33610,ESP.6_1_55,41.51087509999999,1.8921161,49,0.3033093024144254,2,1.5281290352157334e-05
93591,RUS.47_1_605,56.098084,43.91391759999999,139,0.3033199839547676,2,1.5281290352157334e-05
7592,BUFFER_0519_1,60.6428121,3.724665499999999,12,0.3033509550733496,2,5.837990476687195e-11
110722,RUS.7_1_517,51.25274089999999,37.6489085,167,0.3033954194682151,2,5.837990476687195e-11
57573,ITA.13_1_25,44.2486243,7.423188799999999,82,0.3034030944376528,2,5.837990476687195e-11
101431,RUS.64_1_302,55.0750071,33.2176534,153,0.3034174319987774,2,1.5281290352157337e-05
54456,HRV_378,45.12066969999999,19.241955782474868,171,0.3034506418092909,2,1.5281290352157337e-05
8496,BUFFER_0628_9,54.9820322,11.8968073,15,0.3034731318765282,2,1.5281290352157337e-05
49333,GBR.1.32_1_105,50.784733,0.2734310999999999,67,0.3034753438264058,2,1.5281290352157337e-05
50152,GBR.1.49_1_32,53.82653195000001,-1.6055390129555722,69,0.3034794238997555,2,1.5281290352157337e-05
56120,IRL_414,51.893776849999995,-8.94472841777987,81,0.3034820255195599,2,1.5281290352157334e-05
55863,IRL_1646,53.27807615,-6.357184623862944,81,0.3035032663508558,2,1.5281290352157337e-05
48124,GBR.1.110_1_11,50.867969900000006,-0.2278915,67,0.3035038279339853,2,2.546660001643981e-06
51083,GBR.1.92_1_112,52.573175250000006,-2.1859466500000018,9,0.3035064524755501,2,1.5281290352157337e-05
48411,GBR.1.15_1_18,53.7055587,-1.8246419000000005,69,0.3035132678789731,2,1.5281290352157334e-05
59851,ITA.2_1_287,41.086776397104835,16.766164562747424,83,0.3035386231662592,2,1.5281290352157334e-05
114829,SWE.21_1_166,58.30036285,12.320962802697244,174,0.3035694911369191,2,1.5281290352157337e-05
86715,RUS.34_1_717,45.07493649999999,39.0743244,126,0.3035783007334963,2,1.5281290352157337e-05
127780,UKR.6_1_1144,48.5947911,37.437708196851794,192,0.3035967298288508,2,1.5281290352157337e-05
69398,NOR.13_1_277,58.348930299999985,6.431753499999999,13,0.3035971615220049,2,1.5281290352157337e-05
6523,BUFFER_0403_58,51.7078145,-4.9443151,76,0.3036017764364304,2,1.5281290352157337e-05
50404,GBR.1.52_1_99,52.9168192,-0.6110201,70,0.3036097799511003,2,1.5281290352157337e-05
58967,ITA.17_1_55,46.62325645080482,11.18340164686926,85,0.303627502292176,2,1.5281290352157337e-05
49178,GBR.1.30_1_57,54.61662119999999,-1.5330653999999997,69,0.3036460498166259,2,1.5281290352157337e-05
41265,FRA.1_1_231,45.8509268,4.6847912,59,0.3036766427261613,2,9.75969176132642e-06
120373,UKR.17_1_440,45.36088650000001,28.842677499999997,98,0.3036926688569681,2,6.110430032265931e-09
27076,DNK_1670,55.03278005,8.671823149999998,33,0.303747402200489,2,1.5281290352157337e-05
14536,CZE_1686,50.4072683,14.2615159,28,0.303749472799511,2,1.5281290352157334e-05
95352,RUS.55.12_1_55,58.2793605,57.6950401,141,0.303755100091687,2,1.5281290352157334e-05
12846,CHE_126,47.5567551,8.874935649999998,25,0.3037959008251834,2,1.5281290352157337e-05
129061,UKR.6_1_85,47.98506355000001,37.16977732171179,192,0.3038180967298288,2,1.5281290352157337e-05
15384,CZE_3257,50.901315999999994,14.520044199999996,28,0.3038315479828851,2,1.5281290352157337e-05
83125,RUS.23_1_1055,54.5148943,36.1903744,120,0.3038413470354523,2,1.5281290352157337e-05
35708,FIN.3_1_34,64.2041861,27.72734081744945,53,0.3038700221577017,2,1.5281290352157337e-05
43430,FRA.2_1_890,47.00044753089722,5.1470715994153435,61,0.3038787438875305,2,1.5281290352157337e-05
13834,CHE_864,46.316915749999986,7.97823452738747,60,0.3038911674816625,2,1.5281290352157334e-05
45128,FRA.6_1_642,49.3644782,5.193563014186509,64,0.3039346271393642,2,1.5281290352157334e-05
5351,BLR.5_1_337,54.05378290000001,26.910294373607424,8,0.3039881150672371,2,1.5281290352157337e-05
12608,BUFFER_1358_8,58.74393930000001,61.8250549,23,0.3039940632640586,2,1.5281290352157334e-05
45438,FRA.7_1_1007,51.01278084309187,2.13502943501272,64,0.3040779492665036,2,5.837990476687195e-11
32764,ESP.5_1_434,42.3445455,-3.5891072,47,0.3041195981051344,2,1.528129035215734e-05
102184,RUS.65_1_10,44.186143949999995,43.131987849999994,154,0.304128537591687,2,1.5281290352157337e-05
51922,GBR.4_1_1072,51.76781594433727,-3.2512100546733644,76,0.3041316473105134,2,1.5281290352157337e-05
106547,RUS.75_1_167,53.13825620000001,47.2310615,149,0.304146137683374,2,1.5281290352157334e-05
83494,RUS.23_1_353,53.92015899999999,35.8014936,120,0.3041609757029339,2,1.5281290352157337e-05
52961,GBR.4_1_5538,53.176441761189025,-2.9943190671213764,9,0.3041816549511001,2,1.5281290352157337e-05
41533,FRA.1_1_3003,45.8995319,4.795212099999999,59,0.3041913088325182,2,1.5281290352157334e-05
39470,FRA.12_1_3429,47.23648570000001,-1.0626698,11,0.3042048250305623,2,1.5281290352157337e-05
95395,RUS.55.13_1_0,58.1579509,56.299423011253495,142,0.3042461529645476,2,1.5281290352157337e-05
39269,FRA.12_1_2771,47.3091943,-2.1129128,62,0.3042615716687041,2,1.5281290352157337e-05
56234,IRL_687,52.33059070000001,-9.438073464817002,81,0.3042660337713936,2,1.5281290352157334e-05
119374,UKR.15_1_94,48.27744795,39.59484296906571,144,0.3042865372860636,2,7.632684103065292e-06
84260,RUS.25_1_80,43.818034299999994,41.8913137,154,0.3043209581295842,2,1.5281290352157337e-05
39440,FRA.12_1_3338,47.4427232,-1.5107354999999998,66,0.3043292023227383,2,1.5281290352157337e-05
24683,DEU.7_1_117,50.46721635000001,8.123940242261432,32,0.304369613386308,2,1.5281290352157337e-05
51957,GBR.4_1_1117,51.78323300000001,-3.2194914,76,0.3043702628361858,2,1.5281290352157337e-05
839,AUT_3430,47.99360885,13.708405900447906,0,0.304455646393643,2,1.5281290352157337e-05
6345,BUFFER_0367_2,36.5214033,-6.245879399999999,44,0.3045139326100244,2,1.5281290352157337e-05
70666,NOR.1_1_177,60.3924328,11.255613899999998,176,0.3045450030562347,2,1.5281290352157334e-05
103782,RUS.68_1_408,55.7413678,48.9369358,157,0.3045657243276284,2,1.5281290352157334e-05
13922,CHE_963,46.2076652,8.2006535,60,0.3046042672677261,2,1.5281290352157334e-05
76885,POL.9_1_81,50.2285411,21.77469961489726,114,0.3046272730745721,2,6.8566000774427e-06
41422,FRA.1_1_278,45.14811494021097,5.702033729848965,59,0.3046479943459657,2,7.941905580207463e-06
12538,BUFFER_1356_98,55.05727799999998,61.3761975,24,0.3046545652506113,2,1.5281290352157334e-05
111367,RUS.81_1_272,58.302170900000014,39.093158499999994,169,0.3046663890586796,2,1.5281290352157334e-05
78218,PRT_796,38.67207225,-8.447588679388211,115,0.3046779148838631,2,5.562490296168644e-07
106577,RUS.75_1_207,54.4479797,46.7733773,149,0.3047454194682151,2,1.5281290352157334e-05
14930,CZE_2271,48.9407983,14.785820199999996,26,0.3047610521088019,2,1.5281290352157337e-05
3419,BIH_93,44.893041799999985,16.882728224541278,171,0.3047806158312958,2,1.8883724269820516e-06
20175,DEU.14_1_411,51.47015640000001,14.484625899999998,37,0.3047834313875305,2,1.5281290352157334e-05
3226,BGR_955,42.766672799999995,24.039589654015504,5,0.3047937652811735,2,1.5281290352157337e-05
6407,BUFFER_0393_31,34.490611849999986,-4.711851346975648,10,0.3047988997555012,2,1.528129035215734e-05
114756,SWE.20_1_78,59.505861499999995,15.9874731,173,0.3048042252444988,2,1.5281290352157337e-05
122757,UKR.23_1_229,47.99547220000001,23.7081004,181,0.3048099060207824,2,1.5281290352157337e-05
48108,GBR.1.10_1_32,53.839005199999995,-1.759578,69,0.3048382716992664,2,2.214126814828934e-06
93174,RUS.47_1_107,56.2962829,43.8949724,139,0.3048397463325183,2,9.658072183641608e-06
72692,POL.12_1_478,50.18002570000001,19.092377789597315,111,0.3048510582212714,2,1.5281290352157337e-05
90287,RUS.42_1_198,54.62158039999999,46.53503560000001,149,0.3048963019559901,2,1.5281290352157334e-05
30450,ESP.1_1_480,37.37008403399634,-6.001627273168221,44,0.3049382411369193,2,1.528129035215734e-05
8956,BUFFER_0706_4,43.26591669999999,16.586913299999996,171,0.3049942733801956,2,1.5281290352157337e-05
42137,FRA.1_1_4256,46.3619401,6.123538109957956,60,0.3050004355134474,2,1.5281290352157337e-05
79979,ROU.42_1_14,45.8473563,27.207495099999996,102,0.3050508328239608,2,1.5281290352157337e-05
15189,CZE_2745,49.503228,12.9309336,26,0.3050520782396088,2,1.5281290352157337e-05
128897,UKR.6_1_669,48.22825105,37.85938102891065,192,0.3050539081601467,2,5.837990476687195e-11
54302,HRV_187,45.43823969999999,16.393446199999996,171,0.3050639708129584,2,1.5281290352157337e-05
65329,MDA_2499,47.4375448,28.4048912,96,0.3050872937041564,2,1.5281290352157337e-05
98854,RUS.5_1_139,46.657248,47.8370138,162,0.3050976008557456,2,1.5281290352157337e-05
19396,DEU.12_1_95,49.3424662,7.236357459807896,88,0.305119670690709,2,2.933567820021395e-05
83324,RUS.23_1_197,54.08432400000001,35.374872,120,0.305148475702934,2,1.5281290352157337e-05
9204,BUFFER_0788_6,38.5564748,23.2537514,3,0.3051876948349633,2,1.5281290352157337e-05
53030,GBR.4_1_5754,51.65559336222685,-3.1996966500000004,76,0.3051903461185819,2,1.5281290352157337e-05
104665,RUS.70_1_148,53.9358355,38.467614399999995,160,0.3052064830378972,2,1.5281290352157334e-05
19150,DEU.11_1_536,50.7656453,7.862193,32,0.3052111552567236,2,5.837990476687195e-11
44680,FRA.6_1_219,48.08224674999999,7.372539165366802,34,0.3052131570904645,2,1.5281290352157334e-05
104811,RUS.70_1_300,54.3629548,38.2856584,146,0.305217619193154,2,1.5281290352157337e-05
68592,NLD_946,53.20962649999999,6.535039699999999,104,0.3054245033618581,2,1.5281290352157337e-05
46948,FRA.8_1_892,48.7503155,2.1666744999999996,65,0.3054329538508558,2,1.5281290352157334e-05
115593,SWE.3_1_37,60.6542394,16.9364687,173,0.3054503285452323,2,1.5281290352157334e-05
2804,BGR_310,43.2132642,25.3300607,5,0.3054816396699266,2,6.680010957891266e-06
30329,ESP.1_1_369,37.182884754825665,-6.889245593900211,44,0.3055251642726161,2,7.632482114172212e-06
23324,DEU.2_1_581,49.9574021,9.2193444,31,0.3055353453545232,2,1.5281290352157337e-05
50972,GBR.1.84_1_61,52.738577799999995,-2.7287625645405393,9,0.3055421989608801,2,1.5281290352157337e-05
84156,RUS.23_1_95,53.99122880000001,35.074238699999995,120,0.3056388829462102,2,1.5281290352157337e-05
37117,FRA.10_1_2008,44.704513899999995,-0.8265421,54,0.3056691052872861,2,1.528129035215734e-05
30161,ESP.1_1_203,36.7083008,-4.5464477,44,0.3056842260085574,2,2.5351100062872965e-08
103465,RUS.68_1_1249,55.3449518,50.7009038,159,0.3056994345965769,2,1.5281290352157334e-05
124010,UKR.26_1_512,46.83496895,35.351657147562726,187,0.3057078659841076,2,7.180728286325246e-10
103512,RUS.68_1_132,55.273667499999995,51.99234729999999,158,0.3057613844743276,2,1.5281290352157334e-05
90153,RUS.41_1_46,55.97809159999999,48.62439012465223,157,0.3057759054095355,2,1.5281290352157337e-05
115064,SWE.21_1_465,58.39451269999999,11.3228459,174,0.3059910223105134,2,1.5281290352157337e-05
108204,RUS.78.24_1_8,60.581157799999986,45.536600199999995,133,0.306003950183374,2,1.5281290352157337e-05
42863,FRA.2_1_1259,46.5499324,4.9952185,61,0.3060145400366747,2,1.5281290352157337e-05
49924,GBR.1.44_1_145,51.1813647,0.2787035,67,0.3060215273533006,2,1.528129035215734e-05
127942,UKR.6_1_1300,47.097420850000006,37.511523595897785,192,0.3060411751222494,2,1.5281290352157334e-05
37756,FRA.10_1_706,45.24639169999999,-0.2987972,54,0.3060831257640586,2,1.5281290352157334e-05
49182,GBR.1.30_1_60,54.774570299999986,-1.365993,69,0.306164436888753,2,1.5281290352157337e-05
47655,FRA.9_1_730,49.3917086,-1.5344543,66,0.3061758022616135,2,1.5281290352157334e-05
2462,BEL_879,51.10702375672832,3.4371271214505343,2,0.306185498166259,2,5.837990476687195e-11
18258,DEU.10_1_562,51.06952965,6.531812057366239,30,0.3061921645782396,2,1.5281290352157337e-05
82529,RUS.22_1_111,45.7334234,44.255922445885105,119,0.3062689639364302,2,1.3947828019277366e-05
18036,DEU.10_1_36,50.971663799999995,6.8132283,30,0.3063659306234719,2,1.5281290352157337e-05
106420,RUS.74_1_557,57.295828349999994,53.32872302357142,143,0.3064465044315403,2,5.837990476687195e-11
37208,FRA.10_1_226,44.8909458,-0.742676023738062,54,0.3064516465464547,2,1.5281290352157337e-05
989,AUT_3716,47.80305885,13.47140121424731,0,0.3064533274755501,2,1.5281290352157337e-05
91641,RUS.44_1_1486,55.374333699999994,38.9923483,138,0.3064903843215157,2,1.5281290352157337e-05
19314,DEU.12_1_182,49.459420299999984,6.6700873,88,0.3065452093520783,2,5.6257043690025846e-06
11040,BUFFER_1270_7,50.3462228,57.1410998910795,21,0.3065723945599021,2,5.837990476687195e-11
72639,POL.12_1_43,49.780417525005305,19.21192778844866,111,0.3065952513753056,2,1.5281290352157334e-05
126178,UKR.5_1_1075,47.905417699999994,33.3080598,190,0.3065963936430317,2,1.5281290352157337e-05
77035,PRT_1128,41.20655548420533,-8.584077569967508,43,0.3066002368581907,2,1.989415721401315e-08
80053,ROU.5_1_47,46.47590520000001,22.604157199999996,116,0.3066023647616136,2,1.5281290352157337e-05
45719,FRA.7_1_365,49.64163339999999,3.3256279,64,0.3066037782701711,2,1.1675980953374388e-10
47228,FRA.9_1_1614,49.1724518,-0.3237798378289464,66,0.3066195140586796,2,1.5281290352157334e-05
47870,GBR.1.105_1_6,53.7233118,-1.492085,68,0.3066213669009779,2,1.5281290352157337e-05
28559,ESP.12_1_122,42.86631694999999,-7.868552994819187,42,0.3066938302261613,2,1.294310288636202e-08
88340,RUS.38_1_440,59.9871389,30.7523214,130,0.306789925886308,2,1.5281290352157337e-05
32956,ESP.5_1_67,41.7852581,-5.401676,43,0.3068146240831295,2,1.528129035215734e-05
2324,BEL_738,51.262121400000005,3.2112746999999997,2,0.3068861055929095,2,1.5281290352157334e-05
34930,EST_517,59.13364940000002,24.8946088,52,0.3068980134474327,2,1.5281290352157337e-05
75851,POL.7_1_1099,52.12700170000001,20.719355797844823,109,0.3069088172371638,2,1.5281290352157334e-05
54358,HRV_244,46.50400535000001,16.4319765156502,171,0.3069512263141809,2,4.984739588507884e-06
56691,ITA.10_1_440,45.5623972,9.1819589,82,0.3070345201711491,2,1.5281290352157337e-05
58257,ITA.15_1_307,37.9547859,13.4658775,83,0.3070522310513447,2,5.093264291822997e-06
122086,UKR.21_1_212,51.1735883,33.8508739,185,0.3070865449266503,2,1.5281290352157337e-05
62422,LTU_722,54.724545085898605,25.204532082944493,87,0.3071065059596576,2,3.056030388802877e-05
26323,DEU.9_1_667,53.527262,8.52502,39,0.3071180776283618,2,1.5281290352157337e-05
41490,FRA.1_1_2885,45.9779166,4.7478663999999995,59,0.3071553636919315,2,5.837990476687195e-11
105510,RUS.72_1_206,57.53403304999999,35.969075600000004,161,0.3072278728606357,2,1.5281290352157337e-05
45793,FRA.7_1_44,49.15067299999999,2.2544272,65,0.3072371179706601,2,9.569233984989044e-06
44839,FRA.6_1_372,49.107113,7.0329785,63,0.3072700909229828,2,1.5281290352157337e-05
88662,RUS.38_1_820,60.26547060000001,29.8856816,129,0.3073290495110024,2,1.4469535504936369e-05
32528,ESP.5_1_162,41.2814573,-6.4061346,43,0.3073320599022005,2,7.503648484329286e-06
68497,NLD_828,51.8113286,5.337051499999999,29,0.3073628820293398,2,6.765581136876378e-06
118079,UKR.14_1_295,49.3777281,24.117985999999995,182,0.3073835192542787,2,2.350035579909796e-05
82628,RUS.22_1_216,45.94433715,47.03554253667619,119,0.3073990372860635,2,5.837990476687195e-11
46751,FRA.8_1_648,48.856271250000006,2.272357978325693,65,0.307432189792176,2,1.5281290352157334e-05
108092,RUS.77_1_904,48.5393452,44.4494772,162,0.3074876910146698,2,1.5281290352157337e-05
51978,GBR.4_1_1179,51.8013783,-3.2235171999999994,76,0.3075189066320293,2,1.5281290352157337e-05
8867,BUFFER_0684_13,56.13676029999999,14.837323299999996,110,0.3075201062041564,2,1.5281290352157337e-05
55456,HUN_521,48.24034125000001,20.33425854897469,80,0.3075357694070904,2,9.01651681681044e-06
90262,RUS.42_1_170,54.209334349999985,45.23140016091549,134,0.307578969284841,2,1.5281290352157337e-05
129156,UKR.6_1_943,48.80950215000001,37.62347994779629,191,0.3076111590770171,2,2.008222474964937e-07
45183,FRA.6_1_693,49.41759690000001,3.955865499999999,63,0.3076287668092909,2,1.5281290352157334e-05
40895,FRA.1_1_1634,46.27105,5.362556657194693,60,0.3076561468520782,2,1.8727247495538875e-06
33349,ESP.6_1_222,42.32268070000001,1.9217243999999996,49,0.3076633786674816,2,1.5281290352157337e-05
62233,LTU_527,55.217867899999995,24.36960789903287,87,0.3077018337408312,2,1.1069530512816343e-05
55944,IRL_203,53.16588429999999,-7.158002300000001,81,0.3077602078239609,2,8.060872070577006e-06
60982,ITA.6_1_454,44.466406799999994,11.499209199999996,85,0.3078143299205378,2,2.603874665598765e-05
58539,ITA.16_1_285,43.3398586,11.866069061679909,86,0.3078355898533008,2,3.589889497635195e-06
114477,SWE.19_1_100,62.496073599999995,15.485532836968169,173,0.3078527467909535,2,1.5281290352157337e-05
61699,ITA.9_1_66,44.36941985,9.1510659,82,0.3078702781173593,2,1.5285863444697408e-05
38047,FRA.11_1_1295,42.8687401,0.736681599999997,48,0.3078798441320293,2,1.5281290352157337e-05
90133,RUS.41_1_24,56.606302,47.8525997,157,0.307939081601467,2,1.5281290352157337e-05
104689,RUS.70_1_172,53.87779630000001,38.40339846226602,160,0.3079721309596576,2,5.798075628570839e-06
61728,KAZ_16,47.91096159999999,48.43665452368605,162,0.3079841305012225,2,1.5281290352157337e-05
1681,BEL_130,51.338291049999995,4.539325000629944,2,0.3079845507334963,2,5.837990476687195e-11
46116,FRA.7_1_863,49.41339969999999,2.4034979999999995,64,0.3080027735330073,2,1.3178591762859018e-06
92793,RUS.44_1_889,56.2156621,36.90788859999999,137,0.3080107885085574,2,1.5281290352157337e-05
37813,FRA.10_1_763,44.21150539999999,0.4557880999999998,54,0.3080243543704156,2,1.527435222480859e-05
97921,RUS.58_1_582,47.45514429999999,41.19826718821022,145,0.3080281288202934,2,1.5281290352157337e-05
27440,DNK_517,56.1331911,8.8786923,14,0.3080317695599022,2,1.5281290352157337e-05
70013,NOR.16_1_17,59.27581260000001,9.543568799999996,108,0.30818476849022,2,1.365199023931196e-05
53415,GBR.4_1_6760,51.5215696,-3.2358935999999994,78,0.3082456907090464,2,1.5281290352157337e-05
47308,FRA.9_1_222,49.4222196,1.0132012,65,0.3082732044621027,2,5.478483063448097e-07
112381,SRB_31,44.7248753,21.159815,4,0.3082757602383862,2,1.5281290352157337e-05
71124,NOR.5_1_53,70.19441889999999,28.18744836601787,17,0.3082973754584351,2,7.572746361743977e-06
13886,CHE_924,46.99602139999999,6.718653,60,0.3083023418398533,2,1.5281290352157337e-05
60024,ITA.3_1_123,40.53218215,15.594942202664964,83,0.3083033886002445,2,3.152514857411085e-09
61491,ITA.8_1_340,41.8702635,12.537166001141406,86,0.3083079156479217,2,8.375904851525815e-06
51422,GBR.3_1_1153,55.31820685,-4.188126389287688,81,0.3083494116748166,2,1.5281290352157337e-05
124116,UKR.26_1_61,47.8662265,35.0675429,187,0.3083509741748166,2,6.108183110550828e-06
114047,SWE.15_1_193,59.179018499999984,17.6934517,173,0.3083698196821516,2,1.5279305435395262e-05
11280,BUFFER_1299_58,53.574954699999985,58.9922717,21,0.3083969934290954,2,1.1675980953374388e-10
77344,PRT_147,40.6207019,-7.257579899999999,43,0.3084225091687042,2,1.5281290352157344e-05
31660,ESP.2_1_871,41.6830514,-1.0605628948724952,46,0.3085137301344743,2,1.4344694504348926e-05
94903,RUS.53_1_162,54.0856182,52.55024464889341,158,0.3085495148227384,2,7.640645176078667e-06
120204,UKR.17_1_284,46.161522775895314,29.792978049494028,98,0.3085767038508556,2,1.5281290352157337e-05
11226,BUFFER_1299_110,53.47642919999999,58.984222199999984,21,0.3086188913508557,2,1.528712834263402e-05
54064,GRC_49,37.84441755,23.797234266569916,3,0.3086519980134474,2,1.5281290352157337e-05
45863,FRA.7_1_505,50.7070087,2.2448367,64,0.3088090808374083,2,1.5281290352157334e-05
104241,RUS.68_1_878,55.7133759,53.079632752110385,158,0.3088304821210269,2,1.5281290352157334e-05
10000,BUFFER_0900_10,39.38140419999999,30.102680399999993,18,0.3088388753056235,2,1.5281290352157334e-05
28097,ESP.10_1_370,37.967528249999994,-0.7053273499999998,44,0.3088710077933984,2,1.5281290352157334e-05
36481,FIN.5.6_1_30,61.4729283,24.356916735402756,53,0.3088963974633252,2,1.5281290352157337e-05
13264,CHE_31,46.8892363,7.4604705,25,0.3089607961491443,2,1.5281290352157337e-05
2909,BGR_424,42.90352875,24.71513573152321,5,0.3090254355134473,2,1.5281290352157334e-05
78187,PRT_768,40.6604526,-7.924983199999999,43,0.3090698082212713,2,5.274096228949419e-07
42013,FRA.1_1_402,45.22043515006926,3.8159998717977506,56,0.3091106280562347,2,4.2617370948314055e-06
70495,NOR.18_1_63,58.58261805,7.809757087995494,13,0.3091893948655256,2,1.5281290352157337e-05
111741,RUS.81_1_83,58.048895499999986,38.7913275,169,0.3092222990525672,2,1.5281290352157334e-05
21369,DEU.1_1_1218,49.38327264103248,8.66187019483618,1,0.309254725702934,2,1.5281290352157337e-05
11576,BUFFER_1328_197,54.63046269999999,59.731416894437295,21,0.3092632564180927,2,1.5281290352157334e-05
93795,RUS.47_1_87,56.309872299999995,43.8800845,139,0.3093728988386308,2,1.1675980953374388e-10
70737,NOR.1_1_76,59.9387199,10.6169859,108,0.3093974213019559,2,1.5281290352157334e-05
124015,UKR.26_1_517,47.20304430000001,34.69841074397648,187,0.3094194261919315,2,5.813407467135111e-06
43884,FRA.4_1_1165,47.60613143747535,1.3258860460788375,55,0.3094639822738386,2,1.5281290352157337e-05
85256,RUS.33_1_408,58.832580199999995,42.54746779999999,124,0.309483897463325,2,1.5281290352157334e-05
122095,UKR.21_1_222,50.6239613,35.10837194999999,185,0.3095078774449877,2,1.5684734414032933e-08
7146,BUFFER_0460_30,55.14800000000001,-1.4131,69,0.3096061965158924,2,1.5281290352157334e-05
80665,RUS.14_1_22,59.8467066,30.347931372680712,129,0.309629725702934,2,5.837990476687195e-11
20607,DEU.15_1_324,54.849144999999986,9.1521028,33,0.3096604714242053,2,1.5281290352157334e-05
122268,UKR.21_1_382,51.48599255,33.695370890110844,185,0.3096770553178484,2,1.649465029798185e-05
50081,GBR.1.48_1_107,53.73935160670189,-2.964311698572425,69,0.3096784382640586,2,1.5281290352157337e-05
113335,SVN_323,46.09982290000001,13.679774899999998,171,0.3097137874388753,2,1.5281290352157337e-05
114688,SWE.20_1_103,59.49328409999998,16.0120499,173,0.3098200297982885,2,1.5281290352157337e-05
95907,RUS.55.31_1_75,57.3040603,56.5499568,141,0.3098346882640586,2,1.5281290352157334e-05
52193,GBR.4_1_2391,51.6750901,-4.9289447,76,0.3099989226772616,2,1.5281290352157337e-05
47237,FRA.9_1_166,48.7541223,-0.0445946,66,0.3100287477078239,2,1.5281290352157337e-05
27662,DNK_754,55.96100435,12.019146662510291,15,0.3100556387530562,2,5.837990476687195e-11
71305,NOR.7_1_161,60.5819741,5.8236322,12,0.3101806425733496,2,1.5281290352157337e-05
49145,GBR.1.2_1_9,51.27362720000001,-2.4788436999999997,72,0.3101941091075794,2,1.5281290352157337e-05
71377,NOR.7_1_322,60.0918051,6.549686199999999,108,0.3101942810207823,2,1.5281290352157337e-05
33096,ESP.5_1_855,40.4367187,-5.694636899999999,50,0.31021035299511,2,1.528129035215734e-05
47108,FRA.9_1_1280,48.851877249999994,-1.5586008613741171,66,0.3102579844132028,2,1.5281290352157334e-05
10649,BUFFER_1125_102,40.45802925,47.1267859,20,0.31032558450489,2,1.5281290352157337e-05
91111,RUS.43_1_50,55.70055205,37.45255167680165,136,0.3103735100855745,2,1.5281290352157337e-05
125700,UKR.4_1_58,45.3283345,33.2884381,186,0.3103828812652811,2,1.5281290352157337e-05
100685,RUS.63_1_707,51.9787859,47.809968,150,0.3104383672066014,2,1.5281290352157337e-05
29567,ESP.17_1_272,43.486789900000005,-6.1063187,42,0.3104482273838631,2,1.528129035215734e-05
72131,POL.11_1_70,54.53462160461819,18.509473693740983,110,0.3104649984718825,2,1.5281290352157337e-05
50044,GBR.1.45_1_29,53.74656845,-0.277346666203515,71,0.3104872975244498,2,5.837990476687195e-11
76324,POL.7_1_452,52.1549756026628,21.043968049999997,109,0.3105246408924205,2,1.5281290352157334e-05
82639,RUS.22_1_229,45.92702805,47.10916239537113,119,0.3105343215158924,2,1.5281290352157337e-05
73570,POL.15_1_168,51.47479467501398,17.638215909224282,112,0.3105508557457213,2,7.672684620417706e-07
91685,RUS.44_1_1539,55.8777394,37.4998014,137,0.3105513982273838,2,1.9487195362724498e-07
44835,FRA.6_1_369,49.1430917,6.7691666999999995,63,0.3106080264364303,2,5.5754581472231425e-06
7118,BUFFER_0458_14,50.69282849999998,-0.259831,67,0.3106177949266503,2,1.528129035215734e-05
18392,DEU.10_1_685,50.91170245000001,6.168613243105469,105,0.3106336109413202,2,1.5281290352157334e-05
69209,NOR.12_1_50,59.872006079875774,10.790931123916108,108,0.3106428063875305,2,1.5281290352157337e-05
36910,FRA.10_1_144,43.80774905,-0.8237006312064913,48,0.3106924740220049,2,1.528129035215734e-05
127521,UKR.5_1_887,47.68188024999999,34.7147304,189,0.3107160681540342,2,1.5281290352157337e-05
69585,NOR.14_1_240,60.805374,7.366823899999999,108,0.3107786101772615,2,1.5281290352157337e-05
70843,NOR.2_1_8,59.23827659999999,10.999240599999998,108,0.3107964547677262,2,7.6501983524949e-06
90053,RUS.4.3_1_1,61.51838005,38.94382990428236,133,0.3108104752444987,2,1.5281290352157337e-05
44695,FRA.6_1_232,48.18913310000001,7.368838272099264,34,0.3109104102995109,2,1.5281290352157334e-05
16219,CZE_877,49.895534000000005,16.5871885,27,0.310931941473105,2,1.5281290352157337e-05
49954,GBR.1.44_1_21,51.2247274,0.1118219749747896,67,0.3109797104217603,2,9.924167076946969e-06
45190,FRA.6_1_700,49.1747035,6.660205217592592,63,0.3110636460880195,2,7.640645176078667e-06
28349,ESP.11_1_213,39.134862649999995,-5.617857879392185,50,0.3110776894865524,2,1.528129035215734e-05
48868,GBR.1.25_1_44,53.27598165,-1.8850597776203195,69,0.3111147157701712,2,1.5281290352157337e-05
75164,POL.4_1_29,51.14677224999999,23.50928511587644,114,0.3111504546149144,2,5.837990476687195e-11
104239,RUS.68_1_876,54.6562936,52.6525421,158,0.3112699648533007,2,1.5281290352157334e-05
1541,AUT_886,46.56068179999999,13.826846884717314,0,0.3112725817542787,2,1.5281290352157337e-05
34037,ESP.8_1_264,40.411263649999995,-3.82364227245655,50,0.3113047600855745,2,1.528129035215734e-05
87005,RUS.37_1_130,51.3261973,34.37579621961641,127,0.3113349709657701,2,7.492054187408746e-06
39595,FRA.12_1_3745,47.442196499999994,-2.0914971,62,0.3113393834046453,2,6.421789524355916e-10
33223,ESP.6_1_1070,42.18434309999999,2.7057668999999995,49,0.3113524106051344,2,1.5281290352157334e-05
57875,ITA.13_1_75,45.10312139999999,8.314431097756046,82,0.3114735062652812,2,1.087837808423756e-06
54562,HRV_523,45.4477395,17.1927712937524,171,0.3115229752444987,2,1.1675980953374388e-10
34288,ESP.9_1_253,42.756018100000006,-1.6289198,49,0.311632438111247,2,1.5281290352157337e-05
127443,UKR.5_1_804,48.1861797,33.547348400000004,190,0.3116420499694376,2,1.5281290352157337e-05
35859,FIN.4_1_201,60.49514835000001,26.539487307225567,53,0.3116479408618581,2,1.5281290352157334e-05
81267,RUS.19_1_399,56.8248906,41.3334766,117,0.3117226887224938,2,1.5281290352157334e-05
7745,BUFFER_0547_113,59.7848387,5.337732699999999,13,0.3119092451100243,2,1.5281290352157337e-05
122032,UKR.21_1_161,50.2874698,34.5299549,185,0.3119300122249388,2,1.5281290352157334e-05
100687,RUS.63_1_709,51.978713600000006,47.80982809999999,150,0.3119413814180928,2,1.5281290352157337e-05
3702,BLR.1_1_360,52.202443289496195,23.68156068445915,6,0.3119869498777505,2,1.5281290352157334e-05
27552,DNK_630,56.489464299999995,9.9100799,14,0.3120689868581907,2,9.543825649177974e-06
49127,GBR.1.29_1_4,52.44670120000001,-2.0359971,9,0.3120926268337408,2,1.5281290352157337e-05
52117,GBR.4_1_174,52.41260769999999,-3.878585096794011,76,0.3121018834046454,2,1.5281290352157337e-05
68455,NLD_789,53.322581599999985,5.976177200000001,104,0.312145236094132,2,1.5281290352157337e-05
108960,RUS.79_1_151,51.666380700000005,39.30010719999999,165,0.3122752941625917,2,1.5281290352157337e-05
17078,DEU.10_1_1696,51.2554969,7.104625925044036,30,0.3122810360635696,2,1.5281290352157334e-05
58750,ITA.16_1_574,44.433274400502995,9.623742399532896,82,0.3122826826100244,2,1.076108956384148e-05
48893,GBR.1.25_1_78,52.775423,-1.6533806,9,0.3123432571821515,2,1.6643332450304956e-07
50888,GBR.1.78_1_0,52.6630455,-0.7149524999999999,70,0.312348773685819,2,1.5281290352157337e-05
51314,GBR.2_1_47,54.1828916,-7.5763981,81,0.3123771355440097,2,1.5281290352157337e-05
14685,CZE_1847,50.197785200000006,15.252864599999995,28,0.3124997287591686,2,1.5281290352157334e-05
109166,RUS.79_1_1713,51.311682399999995,42.77526949999999,151,0.3125684711185818,2,1.5281290352157337e-05
53434,GBR.4_1_6826,51.5274011,-3.1966928999999995,78,0.3126416564792175,2,1.5281290352157337e-05
109890,RUS.79_1_704,51.27261269999999,41.49405091462766,164,0.3126467756723716,2,1.5281290352157337e-05
97226,RUS.58_1_109,47.217227400000006,39.7634893,145,0.3126647501528117,2,1.5281290352157337e-05
44396,FRA.4_1_874,47.94597455346904,1.8929596465579064,55,0.3126917328850856,2,1.5281290352157334e-05
105639,RUS.72_1_358,57.91743340000001,34.96229085933425,161,0.3127044659229828,2,1.5281290352157337e-05
86585,RUS.34_1_570,45.00645050000001,41.2024675,126,0.3127331143031784,2,1.5281290352157337e-05
9588,BUFFER_0871_101,37.8063761,28.298266499999997,18,0.3127565900061124,2,1.5281290352157334e-05
32999,ESP.5_1_728,42.32322975776446,-3.8194416636497985,47,0.3128696477689486,2,1.528129035215734e-05
113972,SWE.15_1_102,59.4456556,17.949661399999997,173,0.3128754622555012,2,1.5281290352157337e-05
67242,MDA_931,46.6394712,29.9356098,184,0.3129438684290954,2,1.5281290352157337e-05
23520,DEU.2_1_77,49.3732457,10.199867637960386,35,0.3129668513141809,2,1.5281290352157337e-05
77260,PRT_1382,40.6741267,-7.866988799999999,43,0.3130075756418092,2,5.274096228949419e-07
94481,RUS.52_1_169,52.2647007,36.965581,128,0.3130681578545232,2,1.5281290352157337e-05
105079,RUS.70_1_582,54.0567197,38.252408499999994,160,0.3131518069987775,2,5.837990476687195e-11
16337,CZE_996,49.8080154,18.44187570465013,27,0.3134601543398533,2,1.6638272858558507e-09
27608,DNK_69,56.24482415,10.051551942500906,14,0.313474732579462,2,1.5281290352157337e-05
81559,RUS.19_1_68,57.1249753,41.7127719,117,0.3135017878973105,2,1.5281290352157334e-05
56222,IRL_65,51.9373083,-8.481756199999998,81,0.3135374350550122,2,1.0238997127442648e-05
52448,GBR.4_1_3826,51.67170552514085,-4.1547499000000006,76,0.3135499159535452,2,1.5281290352157337e-05
100919,RUS.63_1_975,51.3561129,44.05900479999999,151,0.3136216075794621,2,1.5281290352157337e-05
96493,RUS.55.44_1_36,59.6667903,56.78805429999999,155,0.3136587140892419,2,1.5281290352157334e-05
57451,ITA.13_1_121,45.01096819999999,7.8493964540001935,82,0.3137210841992665,2,1.529817187461909e-05
24246,DEU.4_1_440,52.327043399999994,12.694844343132251,37,0.3138269598105133,2,1.5281290352157337e-05
13258,CHE_304,46.8393498,6.863211003333332,60,0.313877406784841,2,1.5281290352157337e-05
60975,ITA.6_1_447,44.7973593,9.814164808591457,85,0.3139010849633252,2,1.5281290352157337e-05
65344,MDA_259,47.862943400000006,28.078771399999997,101,0.3139168360330073,2,1.5281290352157334e-05
72985,POL.12_1_867,50.12463268043619,18.985802388241165,111,0.3140017993581907,2,1.5281290352157337e-05
50929,GBR.1.83_1_34,53.484826649999995,-1.592361402716035,68,0.3140026589242054,2,1.5281290352157337e-05
69164,NOR.11_1_94,60.64851435,9.897486585178118,176,0.3141201558679706,2,1.5281290352157334e-05
3552,BLR.1_1_214,53.3085088,25.71091164830416,8,0.3141374121332517,2,1.4448490732362124e-06
81653,RUS.19_1_772,56.8154119,40.51685689999999,117,0.3141692619193154,2,1.5281290352157334e-05
45248,FRA.6_1_76,47.81405415,7.525368402906325,34,0.3141712675733497,2,3.871600200094217e-06
69727,NOR.15_1_123,63.40741,10.4308156,106,0.3141905982579462,2,1.5281290352157337e-05
75252,POL.4_1_70,51.24873100000001,22.61277690774632,114,0.3142088248777506,2,8.9950933444415e-06
32177,ESP.4_1_544,38.7008985,-2.2614688,45,0.3142399106051344,2,1.5281290352157337e-05
29109,ESP.15_1_98,42.22915005,-1.8590155549665095,46,0.3143084657701711,2,1.528129035215734e-05
20996,DEU.16_1_234,50.89411785000001,11.585089948243764,36,0.3143503285452321,2,1.5281290352157337e-05
110867,RUS.7_1_654,50.42904769999999,36.5260329,167,0.3143693918092908,2,1.5281290352157337e-05
123471,UKR.25_1_197,51.37543575,23.7121639,182,0.314392695599022,2,1.5281290352157334e-05
29199,ESP.16_1_190,43.29352649999999,-1.9763717999999997,47,0.3143934252750611,2,1.528129035215734e-05
116962,UKR.12_1_376,49.47976169999999,30.65809937006329,180,0.3143937652811736,2,1.5281290352157334e-05
126384,UKR.5_1_1288,48.5443885,35.1218328608865,193,0.3143957480134475,2,1.5281290352157337e-05
24235,DEU.4_1_430,52.3801298,13.779843899999998,37,0.3145170996332517,2,1.5281290352157337e-05
6021,BLR.6_1_83,55.0188904,30.154990191732296,8,0.3145718864608802,2,1.5281290352157337e-05
2509,BEL_941,51.4710245,4.7195437,2,0.3146077551955989,2,1.5281290352157334e-05
11164,BUFFER_1298_38,51.21501859999999,58.49622454538155,21,0.314640942084352,2,1.5281290352157334e-05
61555,ITA.8_1_60,41.85628409999999,12.413354159108154,86,0.3146622287591686,2,6.479120000980575e-08
127927,UKR.6_1_1286,47.9362779,38.2941116,145,0.3147346462408313,2,1.9654334908666424e-05
69182,NOR.12_1_23,60.69716470000001,8.980304,108,0.3147698005806846,2,4.857788764851744e-06
113742,SWE.12_1_43,58.5923961,15.8718858,175,0.314855963477995,2,1.5281290352157337e-05
53015,GBR.4_1_5719,51.6313327,-3.2322671,76,0.3148888867665037,2,1.5281290352157337e-05
41540,FRA.1_1_3010,45.9359149,4.807748599999999,59,0.3148898953239609,2,5.837990476687195e-11
58015,ITA.14_1_77,40.32665885,9.304712872954196,84,0.3149304668398532,2,7.697732382954272e-06
14917,CZE_2246,49.43532569999999,15.176600999999998,26,0.3149337064486551,2,2.7361054690260317e-05
28858,ESP.12_1_47,42.286983000000006,-8.6195932,42,0.3149706257640586,2,1.528129035215734e-05
69703,NOR.14_1_87,61.22056215000001,6.069029383256168,12,0.3149730860330073,2,1.5281290352157334e-05
103385,RUS.68_1_1171,55.5694376,51.965171899999994,158,0.3150116824572126,2,3.5027942860123174e-10
75458,POL.6_1_138,50.015651725594765,19.885331727163123,111,0.3150166182762836,2,1.5281290352157337e-05
87362,RUS.37_1_463,51.922965,37.68224564247753,127,0.3150576138447433,2,7.806986987236327e-07
102465,RUS.65_1_542,45.11039465,41.54900344538135,119,0.3150601887224938,2,1.5281290352157337e-05
93508,RUS.47_1_509,55.098415200000005,43.9472329,134,0.315064150366748,2,1.5281290352157337e-05
9413,BUFFER_0844_160,38.80068555,26.947781549999995,18,0.3150773074572127,2,1.1675980953374388e-10
1822,BEL_261,51.151231800000005,2.95425608271146,2,0.3150901245415648,2,1.5302822807032174e-05
49204,GBR.1.31_1_112,53.819778099999986,-0.1401134401698015,71,0.3151276894865525,2,1.5283469868601966e-05
55325,HUN_40,47.470752100000006,21.634028376187793,80,0.3151645820599021,2,1.5281290352157334e-05
99843,RUS.62_1_780,53.84017214999999,51.16637304289438,148,0.3151693383251834,2,1.5281290352157337e-05
34987,EST_599,58.21469199999999,22.081741899999997,52,0.3151865487469437,2,1.5281290352157334e-05
122642,UKR.23_1_118,48.9452597,22.66415487799484,181,0.315218730898533,2,1.5281290352157337e-05
293,AUT_1609,48.1247903,16.424472,0,0.3152309367359413,2,1.5281290352157337e-05
104715,RUS.70_1_199,53.11791779999999,38.23245952193509,160,0.315238420690709,2,1.5281290352157337e-05
69372,NOR.13_1_242,59.15219944999999,6.167308479253111,13,0.3153322929400978,2,1.5281290352157337e-05
66684,MDA_5367,46.471298399999995,29.994982499999992,97,0.3153532663508557,2,1.5281290352157337e-05
52303,GBR.4_1_3142,51.6869712,-4.140725,76,0.3153565556234719,2,1.5281290352157337e-05
24204,DEU.4_1_402,52.5642513,12.941452099999998,37,0.3153646813875306,2,1.5281290352157337e-05
61741,KAZ_40,51.110508800000005,51.26985849999999,147,0.3153676535757945,2,1.5281290352157337e-05
128907,UKR.6_1_678,48.172111949999994,37.83125893555963,192,0.3154017955378972,2,2.918995238343598e-10
110882,RUS.7_1_668,50.458393,37.73936189999999,167,0.3154055356051344,2,1.5281290352157334e-05
102392,RUS.65_1_436,43.9283967,43.97975739999999,154,0.315421214089242,2,1.5281290352157337e-05
50326,GBR.1.52_1_144,52.7672794,-0.1065021999999999,70,0.3154318727078239,2,1.5281290352157337e-05
48118,GBR.1.10_1_7,53.853978999999995,-1.7375931999999998,69,0.315434260391198,2,1.5281290352157337e-05
95715,RUS.55.22_1_12,59.09599059999999,57.6507466,141,0.315438795079462,2,1.5281290352157334e-05
117926,UKR.14_1_150,49.414364600000006,24.079514399999997,182,0.315503144101467,2,1.3166586721800545e-07
93544,RUS.47_1_552,56.9511277,44.36448479999999,168,0.3155066664119804,2,1.5281290352157337e-05
130023,UKR.8_1_660,49.35885844999999,37.0119164,193,0.3155077399144254,2,1.5281290352157337e-05
75674,POL.6_1_3169,49.4310872,20.3548061,111,0.3155586147616137,2,1.5281290352157334e-05
27106,DNK_1731,55.26536484999999,9.482903742500543,33,0.3156023036369192,2,1.5281290352157337e-05
115012,SWE.21_1_394,58.21849190000001,11.688755071220168,174,0.3156034650061124,2,1.5281290352157337e-05
13124,CHE_168,47.01459615117332,9.504713707573927,25,0.3156306616748165,2,6.548000454861409e-06
96997,RUS.57_1_443,57.3563253,28.28788467291225,131,0.3156513103606356,2,1.5281290352157337e-05
120116,UKR.17_1_188,47.86788595,29.62422965,184,0.3156997669621027,2,1.269023796276431e-05
70870,NOR.3_1_218,58.721612248002145,9.228729866759222,13,0.3157062461797065,2,1.5281290352157337e-05
6380,BUFFER_0376_3,54.73772675,-5.782743256156427,81,0.3157727040036674,2,1.8055542346615618e-07
74179,POL.1_1_124,51.47151165,17.322314183952862,112,0.3157890204767725,2,6.193445486445744e-06
74131,POL.1_1_1026,50.8533398,16.3598609,112,0.3158033694987775,2,6.665039127551215e-09
30515,ESP.1_1_541,37.22956824999999,-3.7226004,44,0.3158718024144255,2,1.5281290352157337e-05
62207,LTU_503,55.4837371,22.691843949999996,87,0.3158720278117359,2,4.394749856302151e-06
49,ALB_28,40.285273700000005,20.064047,3,0.3159081907090464,2,1.5281290352157337e-05
62179,LTU_479,55.97348675,24.73819735710748,87,0.3159112660452322,2,7.883427740035833e-08
5265,BLR.5_1_254,54.21741235,26.63154428402669,8,0.3159235826711491,2,1.0112511503808261e-08
128053,UKR.6_1_1410,48.303625999999994,37.9714952,192,0.3159282319682151,2,1.5281290352157334e-05
55958,IRL_216,52.28890200000001,-7.0528283,81,0.3160070713630806,2,7.640645176078667e-06
70900,NOR.3_1_83,58.49442339999999,8.8029604,13,0.3160556387530562,2,1.5281290352157337e-05
86564,RUS.34_1_551,46.442989399999995,39.2003662,126,0.3161098639975549,2,1.52694878814103e-05
60472,ITA.5_1_254,41.145501825110664,15.1158081913437,83,0.3161557877444988,2,1.5281290352157334e-05
14160,CZE_1224,49.17168059529932,16.555588024518826,27,0.3161583167787286,2,7.202792993688494e-08
110827,RUS.7_1_618,50.0867458,38.5006949,167,0.3161681998777506,2,1.5281290352157334e-05
87692,RUS.37_1_768,51.1990687,34.8481286,185,0.3162245644865525,2,1.5281290352157337e-05
15313,CZE_305,49.99817719999999,14.545815599999996,28,0.3162415724327628,2,1.5281290352157334e-05
87338,RUS.37_1_441,51.21258040000001,36.44369052800673,127,0.3162739723410757,2,1.5281290352157334e-05
110964,RUS.7_1_741,51.3118209,37.6477245,167,0.3162935322432763,2,1.7493568674288896e-05
76259,POL.7_1_351,52.388892799999994,21.949300103842766,109,0.3163084275672372,2,2.2246706056366663e-05
27453,DNK_530,56.4685776,8.6763993,14,0.3163384474327627,2,1.5281290352157334e-05
115005,SWE.21_1_387,57.7175791,13.1008212,175,0.3163880119193153,2,1.5281290352157337e-05
66745,MDA_5493,48.3663823,27.862281599999996,100,0.3165622287591687,2,5.837990476687195e-11
13726,CHE_764,46.7558508,9.779139099999998,25,0.3166067428178484,2,1.5281290352157337e-05
129539,UKR.8_1_176,49.7558661,36.3369533,191,0.31661191549511,2,1.9203374674196225e-08
111347,RUS.81_1_25,58.11160197780979,40.61977334558051,124,0.3166174014364303,2,1.5281290352157334e-05
10955,BUFFER_1214_10,51.2175497,52.19981069999999,147,0.3166252292176039,2,1.1675980953374388e-10
79346,ROU.27_1_15,47.919636149999995,23.9126480036104,116,0.3166277315097799,2,1.5281290352157337e-05
115000,SWE.21_1_379,58.043583299999995,13.707896500000002,174,0.3166538432151588,2,1.5281290352157337e-05
126664,UKR.5_1_158,47.55211400000001,33.6712914,189,0.316668241900978,2,1.5281290352157337e-05
45199,FRA.6_1_711,47.86623765024803,7.377611916776272,34,0.3167367703239608,2,5.5033603732559495e-06
14460,CZE_1582,49.3735258,16.636415699999997,27,0.3167610330073349,2,1.5281290352157337e-05
18048,DEU.10_1_370,51.45522562757458,7.02275830245865,30,0.3167617130195598,2,1.5281290352157334e-05
56068,IRL_321,53.529847499999995,-6.2052818,81,0.3167865411063569,2,1.5281290352157334e-05
40207,FRA.13_1_428,43.4490109,6.735265699999999,57,0.3167912438875305,2,1.5281290352157337e-05
57495,ITA.13_1_169,44.3920643,8.024957639775467,82,0.316836705378973,2,1.5281290352157334e-05
99088,RUS.62_1_109,53.75464859999999,50.85629529999999,148,0.3168494193154034,2,1.5281290352157337e-05
69838,NOR.15_1_25,63.31598025,9.143501860076782,106,0.3168659382640587,2,1.5281290352157337e-05
3314,BIH_149,44.8730926,17.125006499999998,171,0.3168696019254278,2,8.41026786251748e-06
56557,ITA.10_1_311,45.077813,9.713429899999998,85,0.3168719666870416,2,1.5281290352157337e-05
73224,POL.13_1_71,50.85198529999999,20.6483727,114,0.3168847073655256,2,1.5281290352157337e-05
696,AUT_2820,47.98572119999999,13.39130441653846,0,0.3168924434596577,2,1.5281290352157337e-05
35278,FIN.1_1_165,63.335798775537846,30.040596664423305,53,0.3170152353300733,2,5.837990476687195e-11
116126,TUR_30,40.2573818,26.427100099999997,19,0.3170950641809291,2,1.5281290352157334e-05
45606,FRA.7_1_258,49.26939805000001,2.4859497308120324,64,0.3171165762530562,2,1.5281290352157337e-05
50443,GBR.1.59_1_1,52.68128389999998,0.7273268999999999,70,0.3172786292787285,2,1.5281290352157337e-05
39585,FRA.12_1_3719,47.581602488632846,-2.04476158,62,0.3173032243276283,2,1.5281290352157337e-05
59072,ITA.18_1_76,43.00566954999999,12.601807791551304,86,0.3173061124694376,2,1.1575304094063483e-05
36077,FIN.4_1_55,60.2145,25.015051399999997,53,0.3173394674511001,2,1.5281290352157334e-05
28549,ESP.12_1_105,43.50054939999999,-8.2062839,42,0.3174004851772615,2,1.528129035215734e-05
85174,RUS.33_1_236,58.6519076,41.309897467895,124,0.3174019292481662,2,1.5281290352157334e-05
57375,ITA.12_1_14,41.71015406717423,14.794674900882436,86,0.3174416985024449,2,1.3886725566578004e-05
115427,SWE.2_1_310,61.18119545,12.887474235319186,177,0.317449961797066,2,1.5281290352157337e-05
28686,ESP.12_1_253,43.314185,-8.421279300000002,42,0.31747109948044,2,1.528129035215734e-05
14718,CZE_1916,49.6790751,14.3994419,26,0.3175026283618581,2,1.5281290352157337e-05
128235,UKR.6_1_1596,47.74178245,38.593923798567104,145,0.3175785872555011,2,1.5281290352157334e-05
82002,RUS.1_1_32,45.1297904,39.63293829999999,126,0.3176028537591686,2,1.5281290352157337e-05
73305,POL.14_1_273,53.1470985,20.3536521,109,0.3176381838325183,2,1.5281290352157337e-05
96813,RUS.57_1_238,57.430202649999984,29.256195950245388,131,0.3176387492359413,2,1.5281290352157337e-05
126693,UKR.5_1_1608,48.8970753,35.224338245950406,193,0.3176425962713937,2,1.5281290352157337e-05
37489,FRA.10_1_462,42.8823926,-0.5617233840400194,48,0.3176566625916871,2,1.5281290352157337e-05
43446,FRA.2_1_946,47.33799635,6.284237172185862,61,0.31768105898533,2,1.5281290352157334e-05
15270,CZE_2915,50.067522,16.927183288081206,27,0.3177086300427872,2,1.5281290352157337e-05
86985,RUS.37_1_112,51.60128125,36.284948199999995,127,0.3177543360330073,2,1.0892949667228569e-05
46586,FRA.8_1_484,48.9321366,2.3458292999999997,65,0.3177625076405868,2,1.3247109546129804e-05
17801,DEU.10_1_2497,52.22975060000001,9.1044208,31,0.3177988768337407,2,3.055908958600962e-05
106292,RUS.74_1_425,57.6690104,53.915646677165185,143,0.317826237775061,2,1.5281290352157337e-05
87549,RUS.37_1_635,52.396029099999986,35.544131199999995,127,0.3178548250305623,2,1.5280706553109666e-05
56221,IRL_641,52.79883465,-7.342813960416996,81,0.3178910681540343,2,1.5281290352157334e-05
106506,RUS.75_1_10,53.963025300000005,47.77508879999999,149,0.3179114226772616,2,1.5281290352157334e-05
42438,FRA.1_1_654,44.7609528,4.819742299999999,56,0.3179564562958435,2,1.5281290352157334e-05
12049,BUFFER_1329_465,56.77074890000001,60.56399629999999,24,0.3179905982579462,2,1.5281290352157334e-05
81161,RUS.19_1_293,57.2786362,41.1497308,117,0.3180298021088019,2,1.5281290352157334e-05
13060,CHE_1585,47.4205984,8.6225186,25,0.3180459046454767,2,1.5281290352157337e-05
124250,UKR.26_1_730,47.3022479,35.08914059668237,187,0.3180513600244499,2,1.5281290352157334e-05
79744,ROU.36_1_41,47.34167775000001,25.370330944908588,102,0.3180535643337408,2,1.5281290352157337e-05
8567,BUFFER_0631_11,59.42449585,10.66144505,108,0.3181907166870416,2,1.5281290352157337e-05
39509,FRA.12_1_3522,47.16821053018287,-0.94506075,11,0.3181928522310513,2,1.5281290352157337e-05
64007,LVA_6099,56.34224789999999,25.5689845,95,0.3181942160757945,2,1.5281290352157337e-05
33041,ESP.5_1_785,40.6088864,-6.6302758,43,0.3182398647616136,2,1.528129035215734e-05
54529,HRV_470,45.29301355,18.560039300000003,171,0.3182932648227383,2,1.5281290352157337e-05
61633,ITA.9_1_163,44.4244477,8.862949,82,0.31831133099022,2,3.3672993527249536e-06
105099,RUS.70_1_60,54.295638700000005,38.288201699999995,146,0.3183305929095354,2,1.5281290352157337e-05
88218,RUS.38_1_302,59.454811150000005,29.634236381560555,131,0.3183536674816626,2,1.5281290352157337e-05
49214,GBR.1.31_1_121,53.6656016,-0.8172916999999998,69,0.31836387148533,2,1.5281290352157337e-05
94752,RUS.52_1_429,53.3336476,35.58032734999999,128,0.3183854102995109,2,1.5281290352157337e-05
20970,DEU.16_1_204,51.172460400000006,11.119149351574372,36,0.3184012721577017,2,1.5281290352157334e-05
60859,ITA.6_1_321,44.50165700000001,11.0258528,85,0.3184068154034229,2,1.0566409760413436e-05
36906,FRA.10_1_1435,45.63257618825868,-1.0213979475124326,54,0.3184106815403422,2,1.5281290352157334e-05
65085,MDA_21,47.0376935,28.900319,97,0.3185305967298288,2,1.5281290352157337e-05
14464,CZE_1596,50.27442130000001,14.3158249,28,0.3185566052872859,2,1.5281290352157334e-05
115654,SWE.4_1_8,57.38556125,18.2520898631679,175,0.3185912668092909,2,1.5281290352157337e-05
41716,FRA.1_1_3324,45.93616649999999,4.7821549,59,0.3185970621943764,2,1.5281290352157334e-05
91393,RUS.44_1_124,55.6250068,37.186748699999995,136,0.3186072394559901,2,1.5281290352157337e-05
119818,UKR.16_1_531,46.8308497,31.971572499999994,194,0.3186163355745721,2,1.1675980953374388e-10
114875,SWE.21_1_212,58.3440917,12.6851959,174,0.3186222379278727,2,1.5281290352157337e-05
97742,RUS.58_1_396,47.88456579999999,40.00940299999999,144,0.3186407472493887,2,1.5281290352157337e-05
15331,CZE_3126,48.99352139999999,17.1376962,27,0.3186488233496332,2,1.5281290352157334e-05
48069,GBR.1.108_1_746,52.09109880399772,-1.6273605433224316,9,0.3186545117665036,2,1.5281290352157337e-05
130781,UKR.9_1_70,46.10445525,34.52101028710383,194,0.3186554706601466,2,1.5281290352157334e-05
19186,DEU.11_1_572,49.957070149999986,7.408628758934609,88,0.3186596577017114,2,1.5281290352157337e-05
5753,BLR.6_1_225,54.75036690000001,28.31098305191154,8,0.3186851008557456,2,1.59314725012009e-05
52909,GBR.4_1_5407,51.699182507650576,-3.0324640499999997,76,0.3187033312958435,2,1.5281290352157334e-05
13507,CHE_551,47.1181218,9.1693014,25,0.318723227383863,2,1.5281290352157337e-05
109228,RUS.79_1_1773,51.0405625,39.9613277,166,0.318723869193154,2,1.383728871066292e-05
99217,RUS.62_1_145,53.18349749999999,50.5763234,148,0.3187431922371638,2,1.5281290352157334e-05
35360,FIN.1_1_70,62.637781399999994,29.23951007006018,53,0.3187654607273839,2,1.615177365216791e-09
115790,SWE.6_1_0,63.09245475,14.825316230636297,173,0.3187758939486553,2,1.5281290352157337e-05
98870,RUS.5_1_157,46.4889146,48.0619647,162,0.318796607579462,2,1.5281290352157337e-05
15112,CZE_2603,50.63277550000001,13.8053057,28,0.3187977307457211,2,1.5281290352157337e-05
79445,ROU.29_1_46,46.53033659999999,24.595152299999995,116,0.3188317924816626,2,1.5281290352157337e-05
45202,FRA.6_1_714,47.830845,7.272836025163337,34,0.3188368811124695,2,1.5281290352157334e-05
96806,RUS.57_1_22,56.5193677,29.409016526429244,153,0.3188735941320293,2,1.5281290352157337e-05
48168,GBR.1.111_1_13,53.496364,-2.759803,9,0.3189271088019559,2,6.356072608558717e-07
126503,UKR.5_1_1414,47.684017700000005,33.14119652677971,190,0.3189491251528116,2,1.5281290352157334e-05
101612,RUS.64_1_475,54.100860899999994,33.25446019999999,121,0.3189579462102689,2,1.5281290352157337e-05
129953,UKR.8_1_59,50.2036251,37.093553799999995,191,0.3189730898533007,2,5.837990476687195e-11
55747,IRL_1266,52.64374179999999,-8.148140794714257,81,0.3189878094437652,2,1.5281290352157334e-05
87311,RUS.37_1_413,51.6913421,35.64117211777038,127,0.3189987889669926,2,1.5281290352157337e-05
53942,GRC_32,38.06203595,23.51791229148583,3,0.3190325909229828,2,1.526920181987694e-05
8374,BUFFER_0604_24,62.96421599999999,8.3176576,106,0.3190456754278728,2,1.5281290352157334e-05
2515,BEL_98,50.53920610000001,4.2385543,2,0.3190587102689487,2,1.5281290352157334e-05
22758,DEU.2_1_1507,49.15987640000001,11.7414698,35,0.3190661063569681,2,1.5281290352157337e-05
3411,BIH_86,44.3353052,17.2746725,171,0.3190902085880195,2,1.5281290352157337e-05
94224,RUS.49_1_358,58.54305379999999,31.2083518,131,0.3190922524449878,2,1.5281290352157337e-05
31892,ESP.4_1_176,40.2999388,-4.5389182,50,0.3191084543092909,2,1.528129035215734e-05
29508,ESP.17_1_213,43.13953065,-5.575972799563213,42,0.3191506570904645,2,1.528129035215734e-05
14493,CZE_1634,50.3571098,14.4563035,28,0.3191938416870415,2,1.528105683253827e-05
71375,NOR.7_1_320,60.06580334999999,6.550172063265704,108,0.3192181311124694,2,7.640333816586577e-06
14779,CZE_2010,50.470147299999994,14.863343199999996,28,0.3192450374388752,2,1.5281290352157337e-05
85069,RUS.33_1_101,57.4520288,41.1533896,117,0.3192689524755501,2,7.640645176078667e-06
27279,DNK_314,57.081367099999994,9.244658,14,0.3192873624694375,2,1.5281290352157337e-05
58875,ITA.17_1_176,45.883624200007006,10.837870038676437,85,0.3193683908924205,2,1.5281290352157334e-05
4986,BLR.4_1_371,54.29774635,30.981106405619748,7,0.3194421340158924,2,2.394067552915599e-05
47572,FRA.9_1_62,49.6810766,-1.8690915999999995,66,0.3194578316014669,2,7.640421386443728e-06
58272,ITA.15_1_321,37.2196977,14.75400585407161,83,0.3194629737163813,2,1.5285565707183104e-05
71007,NOR.4_1_227,60.25866595,8.923851160390832,108,0.3195001795537896,2,1.5281290352157337e-05
96330,RUS.55.40_1_47,57.9462075,56.26641119999999,141,0.3195180050427872,2,1.5281290352157334e-05
19463,DEU.13_1_156,51.95656400000001,11.379383434416756,37,0.3195369575183374,2,1.5281290352157337e-05
73221,POL.13_1_67,51.0632056,21.060706611356025,114,0.3195845545537897,2,1.5281290352157337e-05
130824,UKR.9_1_745,46.6937568,33.72680725000001,194,0.3196408351161369,2,1.5281290352157337e-05
77090,PRT_1186,41.59627785,-7.893050097467694,43,0.3196461415036674,2,1.528129035215734e-05
109144,RUS.79_1_1690,51.5931684,39.27195999999999,165,0.319701130806846,2,1.5281290352157337e-05
10315,BUFFER_1070_10,42.6241043,42.828295399999995,20,0.3197057380806846,2,1.5281290352157337e-05
62614,LUX_110,49.62565,6.1819165,63,0.319707361705379,2,1.5281290352157334e-05
124742,UKR.2_1_104,50.6988607,32.20290605810493,185,0.3197074151894865,2,2.2709782954313193e-08
51504,GBR.3_1_200,55.9563143,-2.473301246350523,73,0.3197135391198044,2,1.5281290352157337e-05
48853,GBR.1.25_1_276,52.867695299999994,-1.585486,9,0.3197175733496332,2,1.5281290352157337e-05
54570,HRV_532,46.24391434999999,16.618088727230557,171,0.3197249312347188,2,2.9660938048699767e-09
74092,POL.16_1_65,54.189646,16.150472991927103,110,0.3197494842603912,2,7.640528416269135e-06
114538,SWE.19_1_18,62.6101751,16.793423399999995,173,0.3197576520476771,2,1.619596545350451e-05
8210,BUFFER_0576_82,62.6597719,6.2437467,106,0.3197584008251833,2,1.5281290352157337e-05
43303,FRA.2_1_50,47.474295999999995,3.9107991000000006,54,0.3197746179706601,2,1.5281290352157337e-05
113816,SWE.13_1_16,56.1949853,14.1158169,175,0.3198107694070904,2,1.5281290352157337e-05
39514,FRA.12_1_3529,47.11712679887785,-0.9834108714285714,11,0.3198122249388752,2,1.5281290352157337e-05
47728,GBR.1.100_1_7,53.435487,-2.0009385,69,0.3198189219132029,2,1.5281290352157337e-05
96127,RUS.55.3_1_67,59.260079099999984,57.0156419,155,0.3198637683374082,2,1.5281290352157334e-05
49980,GBR.1.44_1_26,51.2747385,0.5336989164309744,67,0.3198779187041564,2,1.5281290352157337e-05
50775,GBR.1.71_1_32,50.37367323750252,-4.100789225289305,72,0.3198855898533007,2,1.5281290352157337e-05
55514,HUN_578,47.43088785,19.056907999999996,80,0.3198954309290953,2,1.5281290352157334e-05
116163,TUR_373,41.2089188,28.782119699999996,19,0.3199321477689485,2,1.5281290352157334e-05
83631,RUS.23_1_477,54.07801440000001,34.37533619999999,122,0.3199484986246943,2,1.5281290352157334e-05
79377,ROU.27_1_45,47.614953799999995,24.003895586322553,116,0.3199922486246943,2,1.5281290352157337e-05
109752,RUS.79_1_575,51.9471704,38.53697948276269,165,0.3200528231968215,2,1.5281290352157334e-05
34280,ESP.9_1_243,42.77413425,-1.6295709757044312,49,0.3201418513141809,2,1.5281290352157337e-05
61378,ITA.8_1_195,42.10290169999999,11.8251088,86,0.3201427261613692,2,1.52808233129192e-05
26698,DNK_1130,56.54881205000001,10.32191758283838,14,0.3201718444376527,2,7.640586796173902e-06
119182,UKR.15_1_7,48.6555904,38.5199799,192,0.3202047944682151,2,1.4599717173052577e-05
60484,ITA.5_1_267,40.88191514999999,14.445851325454225,83,0.3202050542481662,2,1.5281290352157337e-05
126712,UKR.5_1_1628,47.571091901208625,34.38940197646488,189,0.3202085345354523,2,1.5281290352157337e-05
121914,UKR.1_1_92,48.75460205,29.943831800000005,180,0.320229160299511,2,1.5281290352157337e-05
91953,RUS.44_1_1815,55.8079759,39.010678451831055,138,0.3202298823349633,2,1.5281290352157337e-05
129053,UKR.6_1_842,48.50282300000001,37.744072592187955,192,0.3202513103606357,2,1.5281290352157334e-05
75856,POL.7_1_1111,52.08456755,20.80484320391566,109,0.3202761766503667,2,1.5281290352157334e-05
49375,GBR.1.32_1_47,50.97042157900049,0.0957113673770665,67,0.3202807915647921,2,1.5281290352157337e-05
72597,POL.12_1_390,50.1098107,18.957824999999996,111,0.3202932304400978,2,1.5281290352157334e-05
72424,POL.12_1_275,50.21173285,18.68905758155895,111,0.3203534000611246,2,1.5281290352157337e-05
112114,RUS.8_1_447,53.3154352,34.1472674,122,0.3204108114303178,2,1.5281290352157337e-05
104657,RUS.70_1_140,53.9578878,38.6561787,160,0.3204116557151589,2,1.7006443943118208e-05
96207,RUS.55.40_1_150,57.9432578,56.2669497,141,0.3204486132334963,2,1.5281290352157334e-05
110940,RUS.7_1_72,50.63594419999999,38.571402,167,0.3205121332518337,2,7.213517823249851e-06
116905,UKR.12_1_32,50.61004580000001,30.421040500000004,188,0.3205308603300733,2,1.5281290352157334e-05
75827,POL.6_1_95,50.09465590000001,19.9644578,111,0.3205449037286063,2,1.5281290352157337e-05
127766,UKR.6_1_1131,48.92251075,37.3757390440203,191,0.32055585650978,2,1.5281290352157337e-05
27033,DNK_1622,55.3956877,9.960616311074572,40,0.320592409077017,2,1.5281290352157337e-05
28065,ESP.10_1_323,39.9680197,-0.088867,46,0.3205978453545232,2,1.0313783175480712e-09
6532,BUFFER_0405_3,56.0874391,-4.877769999999999,73,0.3206065823655256,2,1.5281290352157334e-05
25462,DEU.8_1_85,53.84698159999999,13.8583731,37,0.3206291450183374,2,1.5281290352157337e-05
40925,FRA.1_1_1664,45.69743879999999,6.6539309,60,0.3206421798594132,2,1.5281290352157337e-05
3799,BLR.1_1_72,52.47333675,24.52912976027075,6,0.320655195599022,2,1.5281290352157337e-05
24190,DEU.4_1_390,52.35493879999999,14.4729807,37,0.3206896011613691,2,1.5281290352157337e-05
65716,MDA_328,46.72133880139012,29.513371200784757,97,0.3207042443459658,2,1.5281290352157337e-05
26706,DNK_1139,56.52062759999999,8.550660955164298,14,0.3207341381418092,2,7.640645176078669e-06
56160,IRL_555,52.1360088,-9.687898199999998,81,0.3207471080378973,2,1.5281290352157334e-05
36496,FIN.5.6_1_57,61.7685947,23.3376131,53,0.3207526512836186,2,4.692108967305279e-06
125783,UKR.4_1_657,45.1657239,33.2626732,186,0.320754553789731,2,1.5281290352157337e-05
113294,SVN_238,45.6608715,14.862729,171,0.3207819185513447,2,3.6032366734408417e-06
83048,RUS.22_1_88,47.7617537,45.827929399999995,119,0.3208044506418093,2,1.5281290352157337e-05
95448,RUS.55.13_1_6,58.21230715,56.52180576555613,141,0.3208651512836186,2,1.5281290352157334e-05
51624,GBR.3_1_336,56.85720140000001,-2.3927902999999997,73,0.3208672142420538,2,2.5313526706915684e-08
129055,UKR.6_1_844,48.421679299999994,37.80225708826848,192,0.3208691549511001,2,1.5281290352157337e-05
123933,UKR.26_1_442,48.0415645,35.49472247968676,187,0.3208970507334962,2,1.5281290352157337e-05
113708,SWE.11_1_98,59.00194820000001,15.045142517756124,177,0.3209183030256724,2,1.5281290352157337e-05
33383,ESP.6_1_267,41.55004805,2.4530053282178828,49,0.3209424243581906,2,1.5281290352157337e-05
103314,RUS.68_1_11,55.6390693,52.34066189999999,158,0.3209802185207824,2,1.6421405222654996e-05
45225,FRA.6_1_737,50.05120109999999,4.7272949,64,0.3209870492053789,2,6.836737688567573e-06
36739,FIN.5.9_1_8,61.043110799999994,25.0298996,53,0.3210324877750611,2,1.5281290352157334e-05
111084,RUS.7_1_855,50.8635695,36.419647351882325,167,0.3210396202628361,2,1.5281290352157337e-05
71033,NOR.4_1_35,60.1364924,10.31370271182943,108,0.3210482312041565,2,1.5281290352157337e-05
113455,SWE.10.12_1_7,66.69554405,23.701759398943423,172,0.3210565976466993,2,1.5281290352157337e-05
76528,POL.8_1_151,50.35703699999999,18.221081,111,0.3210825947432761,2,7.636352307081475e-06
70912,NOR.4_1_0,59.5717628,10.5552629,108,0.3211283045537897,2,1.5281290352157337e-05
3682,BLR.1_1_342,52.38125045,23.655653199999996,6,0.3211432762836185,2,1.5281290352157334e-05
26450,DEU.9_1_818,52.7579347,9.5316158,38,0.3211813760696821,2,1.5281290352157337e-05
115017,SWE.21_1_401,57.294215349999995,13.05303667242432,175,0.3212714853300734,2,1.5281290352157337e-05
86829,RUS.34_1_837,45.04222789999999,37.338870799999995,125,0.3213302261613691,2,1.5281290352157337e-05
45241,FRA.6_1_751,48.61261512482417,6.19115013490884,63,0.3213610330073349,2,1.5281290352157334e-05
72247,POL.12_1_144,50.24195065000001,19.30248194254355,111,0.3213685704462103,2,1.5281290352157337e-05
76920,PRT_1013,38.69650139999999,-9.3384621,115,0.3213829576711491,2,1.5281290352157344e-05
53626,GBR.4_1_7268,51.50024485,-3.5345855297400446,78,0.3213904607273838,2,1.5281290352157334e-05
20805,DEU.15_1_56,54.097566599999986,9.9541552,33,0.3214119193154033,2,1.1675980953374388e-10
42575,FRA.1_1_803,45.2182389,6.4587940999999995,60,0.3215245530256723,2,1.5281290352157334e-05
14648,CZE_1811,50.40456619999999,14.8777816,28,0.3215460650977995,2,1.5281290352157334e-05
41592,FRA.1_1_3093,46.0299204,4.701981499999999,59,0.3215543054706601,2,1.5281290352157334e-05
81606,RUS.19_1_73,57.2611356,41.885745,117,0.3215583167787286,2,1.5281290352157334e-05
35293,FIN.1_1_183,61.1993568,26.038669139779003,53,0.3215637072127139,2,5.300381424335288e-06
86248,RUS.34_1_213,43.52614199999999,39.99766979999999,20,0.3216344475855745,2,1.5281290352157337e-05
122782,UKR.23_1_253,48.18666475,23.8880482,181,0.321658886002445,2,1.5281290352157337e-05
98161,RUS.58_1_810,47.86256920000001,39.48566784999999,144,0.3216781058985329,2,1.5281290352157337e-05
91,ALB_78,40.55742229999999,19.635086,4,0.3217180012224938,2,1.5281290352157337e-05
56447,ITA.10_1_207,45.5685561,8.870067,82,0.3217507105745721,2,1.5281290352157337e-05
113872,SWE.13_1_28,55.72187285,13.15256163126877,175,0.3217877215770171,2,6.637795171993341e-08
74030,POL.16_1_3,53.45033835,14.576007394649327,112,0.3217901627444987,2,2.2026738068540793e-08
119565,UKR.16_1_288,47.21136619999999,32.2208494,194,0.321817466381418,2,1.5281290352157337e-05
96372,RUS.55.41_1_105,58.00370625,56.73450745041822,141,0.3218418895171148,2,1.5281290352157334e-05
100908,RUS.63_1_965,52.26513315,43.32653739150188,151,0.3218545155867969,2,1.5281290352157337e-05
83489,RUS.23_1_349,54.46084715,35.555076699999994,120,0.3219000687652811,2,1.7995463974983352e-05
29248,ESP.16_1_237,42.9821879,-3.0390622,47,0.3219124083129584,2,1.528129035215734e-05
12101,BUFFER_1329_7,55.6355865,60.52691365734921,22,0.3219334046454767,2,1.5281290352157334e-05
4564,BLR.3_1_273,54.3399258,25.84931128772624,8,0.321946607579462,2,1.5281290352157337e-05
58568,ITA.16_1_313,43.41818245009865,11.130076004892762,86,0.3219549663814181,2,2.8648253261999904e-05
128120,UKR.6_1_1477,47.9871668,37.85836389999999,192,0.3219596768031784,2,1.5281290352157337e-05
14852,CZE_2124,50.46022505,14.163214794182007,28,0.3219706219437652,2,1.5281290352157334e-05
52383,GBR.4_1_3522,51.68824910025652,-4.250098349999999,76,0.3219924052567237,2,1.5281290352157337e-05
120265,UKR.17_1_342,45.3465317,28.5037413,98,0.3220517382334963,2,1.5281290352157334e-05
124136,UKR.26_1_628,46.68364775,35.0463894,187,0.3220699954156479,2,1.5281290352157334e-05
74509,POL.1_1_97,51.0896683,17.0710805405863,112,0.3220745759474327,2,1.5281290352157337e-05
56335,ITA.10_1_103,45.54426364999999,9.03469918476519,82,0.3220799434596577,2,1.627576643224951e-05
114948,SWE.21_1_304,58.11138529999999,12.1561727,174,0.3221007182151589,2,1.5281290352157337e-05
33533,ESP.6_1_441,41.38808590000001,2.0625631999999996,49,0.3221075909229829,2,1.5281290352157334e-05
22631,DEU.2_1_1300,49.0007896262055,12.0533536516251,35,0.3221744040342297,2,1.5281290352157334e-05
104493,RUS.6_1_316,56.365939899999994,55.35078840108624,141,0.3222114685207823,2,1.5281290352157334e-05
34454,EST_100,57.62323395000001,26.59908621738157,51,0.3222316587713936,2,1.5281290352157337e-05
120698,UKR.17_1_85,47.30290445,29.998107749999996,184,0.3222486285146699,2,1.5281290352157337e-05
49651,GBR.1.36_1_165,51.4891953583973,-0.1365844769230764,70,0.3222717833129583,2,1.5281290352157337e-05
31732,ESP.3_1_185,43.4149277,-3.8234054,47,0.3223003629278728,2,1.528129035215734e-05
89363,RUS.39_1_474,52.64056029999999,39.5064013,132,0.3223398838630807,2,1.5281290352157334e-05
37485,FRA.10_1_459,43.20766395,-0.6347476966947283,48,0.322346779492665,2,1.5281290352157337e-05
93553,RUS.47_1_570,54.934179699999994,43.24816289999999,140,0.3224456448655257,2,1.5281290352157334e-05
68257,NLD_584,52.765100100000005,5.867498199999999,104,0.3224457441931539,2,5.42849934705462e-06
81614,RUS.19_1_737,56.9900453,40.7833017,117,0.3224931234718826,2,7.637012000005344e-06
69266,NOR.13_1_121,59.2143803,6.121312518770765,13,0.3225244536980441,2,1.5281290352157337e-05
18652,DEU.10_1_926,51.13213489999999,6.7910355,30,0.3225813111246943,2,1.2843579048711831e-09
18772,DEU.11_1_141,49.78004279999999,6.7868653,88,0.322618031784841,2,1.5281290352157337e-05
820,AUT_3372,47.99020671919501,13.615804455691965,0,0.3226625038202934,2,1.5281290352157337e-05
32183,ESP.4_1_556,39.8674194,-3.9710809,50,0.3226706181234718,2,1.528129035215734e-05
76735,POL.9_1_35,50.0170594,22.0230933,114,0.3226846424205378,2,1.5281290352157337e-05
117668,UKR.13_1_442,48.3779564,33.4853325,190,0.3227080264364302,2,7.640489496332622e-06
34663,EST_248,59.3967888,24.306911339725644,52,0.3227234604217603,2,1.5280940072728737e-05
58442,ITA.16_1_192,43.18586985,10.766011730753137,86,0.3227454958740831,2,1.5281290352157334e-05
10846,BUFFER_1181_61,40.44706739999999,49.90175529935333,20,0.3227489799816625,2,1.5281290352157337e-05
17316,DEU.10_1_1935,50.97912610000001,7.4971163,30,0.3227951253056234,2,1.5281290352157337e-05
73962,POL.16_1_191,54.4897791,16.7076156,110,0.3228422257029339,2,1.5281290352157337e-05
117611,UKR.13_1_391,48.48835549999999,32.119837399999994,180,0.3228683221271393,2,1.5281290352157337e-05
113019,SVK_57,48.36193300000001,17.64279466993449,27,0.3228858496332517,2,1.5281290352157337e-05
79827,ROU.38_1_54,45.7819761,21.2357031,116,0.3229640968826406,2,1.5281290352157337e-05
101229,RUS.64_1_1278,55.86288994999999,34.240470850811946,152,0.3229957365525672,2,1.5281056832538267e-05
38102,FRA.11_1_178,43.5459294,1.4268108999999998,48,0.3230217145476772,2,1.5281290352157337e-05
24876,DEU.7_1_328,50.5650955561006,8.678504738785017,32,0.3230221538814181,2,1.5281290352157337e-05
26199,DEU.9_1_53,52.3533569,9.6542738,38,0.3230338821821515,2,7.397255804938353e-06
47258,FRA.9_1_178,49.06134985111695,-0.0753977833142041,66,0.3230444873166259,2,1.5662711215295562e-06
37807,FRA.10_1_758,45.227148,-0.6274342999999999,54,0.3230528843215158,2,3.0786253579444717e-07
51565,GBR.3_1_268,55.62376410000001,-3.848898855940007,73,0.3230654148838631,2,1.5281290352157337e-05
72565,POL.12_1_360,50.26106598438675,18.97170119700562,111,0.3230877979828851,2,1.5281290352157337e-05
21079,DEU.16_1_43,50.9992639,11.3151,36,0.3230965311735941,2,1.5281290352157337e-05
3348,BIH_27,44.77007715,17.215464249759975,171,0.3231432380806845,2,1.5281290352157337e-05
91716,RUS.44_1_1582,55.92406719999999,37.9571425,137,0.323143406173594,2,1.5281290352157334e-05
1564,AUT_93,47.15168251703292,9.816183675228336,1,0.3231469399449877,2,2.1405965081186384e-10
118378,UKR.14_1_565,49.86489182536398,24.030692430738064,182,0.3231713057762836,2,2.073392202055232e-07
118269,UKR.14_1_467,49.637017500000006,24.938375481664167,182,0.3231872898838631,2,1.4729217454602687e-05
98237,RUS.58_1_888,47.40793185,40.94088149260937,145,0.3231925657090463,2,1.5281290352157334e-05
80300,RUS.13_1_138,56.1128702,47.37680309999999,157,0.3232769712713937,2,2.3351961906748776e-10
27255,DNK_287,55.3589922,8.779260099999998,14,0.3233332021699266,2,1.5281290352157337e-05
43881,FRA.4_1_1159,47.603126597439314,1.3259861968333204,55,0.3233541450183373,2,1.5281290352157337e-05
55368,HUN_439,47.494028949999986,20.510544049999996,80,0.3233943268643032,2,7.639952401208768e-06
40324,FRA.13_1_564,43.099669650014306,5.887995179464277,57,0.323409902200489,2,1.5280414653585833e-05
15428,CZE_3402,49.9023296,18.4770473,111,0.3234482426650366,2,1.5281290352157337e-05
8410,BUFFER_0605_3,63.5167951,9.110646561340062,106,0.3235137568765281,2,4.1683252003546584e-08
32983,ESP.5_1_710,41.364185199999994,-4.2991854,41,0.3235301153728606,2,1.528129035215734e-05
9297,BUFFER_0832_2,70.5146028,23.9259106,17,0.3235471462408312,2,1.528105683253827e-05
84298,RUS.26.11_1_3,62.89629114999998,36.01570440861035,123,0.3235884512530563,2,1.5281290352157337e-05
50878,GBR.1.77_1_77,53.38347129999999,-1.3864303,68,0.3236076176650367,2,1.5281290352157337e-05
43757,FRA.3_1_51,48.0058096,-4.1271403081091025,62,0.323634596577017,2,7.640224840764345e-06
70111,NOR.16_1_286,59.31365435,9.862184474710912,108,0.3236606471577016,2,1.975071028120735e-05
99854,RUS.62_1_792,53.282309999999995,50.27142527741708,148,0.3236606968215158,2,1.5281290352157334e-05
70941,NOR.4_1_127,59.93949135,9.339160869570131,108,0.3236900099327628,2,1.5281290352157337e-05
2859,BGR_371,43.200114600000006,27.705360298321835,5,0.3237245033618581,2,1.5281290352157337e-05
118928,UKR.15_1_459,48.4905098,39.4198682,183,0.323749060207824,2,1.2343364100771e-05
77712,PRT_31,41.128374699999995,-8.636592533944958,43,0.3237887454156478,2,1.1675980953374388e-10
43666,FRA.3_1_314,47.99711219999999,-3.6869507000000006,62,0.3237958817237164,2,1.5281290352157337e-05
19256,DEU.12_1_113,49.55512367539158,7.131657993456768,88,0.3238441855134473,2,1.5281290352157337e-05
111857,RUS.8_1_190,53.5136152,34.3350848,122,0.3238951367665036,2,1.5281290352157337e-05
18794,DEU.11_1_161,49.96488815,6.535478382628934,88,0.3239024335268948,2,1.5281290352157337e-05
20788,DEU.15_1_54,54.39173439999999,10.2909152,33,0.3239805203239608,2,5.578691796793968e-06
115711,SWE.5_1_166,56.5934033,13.0037389,175,0.323992676497555,2,1.5281290352157337e-05
15964,CZE_64,50.0755305001102,14.36297659557415,26,0.3241069452933984,2,1.5281290352157337e-05
95720,RUS.55.22_1_24,59.06233819999998,57.5677109,141,0.324175882487775,2,1.5281290352157334e-05
21919,DEU.1_1_524,47.6994123,7.846764638991714,34,0.3242188340464547,2,1.5281290352157337e-05
113151,SVK_887,48.59911460000001,20.9338544,27,0.3242236323349632,2,1.1675980953374388e-10
59337,ITA.20_1_201,45.025313,11.31393645701658,85,0.3242249159535452,2,8.094582417359745e-06
21363,DEU.1_1_1207,47.8385198,8.9887432,34,0.3242675886308068,2,1.5260680340602915e-05
31737,ESP.3_1_19,43.39335229999999,-3.7597873000000006,47,0.3242854943459657,2,2.5565122654744197e-05
125383,UKR.4_1_285,45.9383915,33.8074438,186,0.3243354485024449,2,1.5281290352157337e-05
16995,DEU.10_1_1617,51.6675189,7.7085397,30,0.3243567924816625,2,1.564005621188256e-05
59320,ITA.20_1_182,45.3371763,10.98801857422861,85,0.3243570293398533,2,7.234188330368152e-06
12886,CHE_1326,47.66487244285177,9.159863143812132,25,0.3243657625305623,2,1.5281290352157337e-05
23892,DEU.3_1_63,52.43363625,13.302363150777602,37,0.3243666106356967,2,7.640547876237389e-06
23895,DEU.3_1_66,52.4194435,13.258540468502412,37,0.3244086033007334,2,7.640547876237389e-06
44744,FRA.6_1_283,48.2175763,6.481193799999999,34,0.3244146928484107,2,1.5281290352157334e-05
128607,UKR.6_1_390,48.02318890000001,38.25408329999999,192,0.3244671836797066,2,1.5281290352157334e-05
57558,ITA.13_1_236,44.23439989999999,7.548850790049621,82,0.3244940976466993,2,1.5281290352157334e-05
81695,RUS.19_1_81,57.036134800000006,41.71664640000001,117,0.3245155142114914,2,1.5281290352157334e-05
115837,SWE.6_1_32,63.2203581,14.6687087,173,0.3245547027811736,2,1.5281290352157337e-05
49577,GBR.1.35_1_4,51.8313564,-2.3479359,9,0.3245725511919315,2,4.00875346065854e-09
28741,ESP.12_1_305,42.52244050338274,-8.521422277945273,42,0.3245734374999999,2,1.528129035215734e-05
103336,RUS.68_1_1119,55.72526129999999,48.74652029999999,157,0.3245865143643032,2,1.5281290352157334e-05
35549,FIN.3_1_115,64.0989888,28.967814988256293,53,0.3246183641503667,2,2.4105131973410313e-05
15249,CZE_2860,50.54619360000001,13.606910699999998,28,0.3246234374999999,2,1.5281290352157334e-05
45644,FRA.7_1_298,50.06125200763702,1.4054142204667632,65,0.3246356891809291,2,1.5281290352157334e-05
50848,GBR.1.77_1_27,53.43899160000001,-1.3506924052522946,68,0.3247065441625916,2,1.5281290352157337e-05
96515,RUS.55.44_1_58,59.56759420000001,57.0019332,155,0.324734336797066,2,1.5281290352157334e-05
536,AUT_2320,48.284021,16.3843859,0,0.3248518069987774,2,6.008404198697158e-09
109381,RUS.79_1_215,51.680266200000005,39.118236550000006,165,0.3248578010391197,2,8.467830967436503e-06
73877,POL.15_1_95,52.42185613101341,16.977261980474577,112,0.3248610521088019,2,1.5281290352157337e-05
11796,BUFFER_1329_168,56.992915749999995,59.56915521784298,24,0.3249395056540342,2,1.5281290352157334e-05
89394,RUS.39_1_501,52.5770372,39.5355367,132,0.3250052872860635,2,1.52799476143477e-05
72841,POL.12_1_626,50.480387149999984,19.226619458157007,111,0.3250313149449877,2,8.824603955679849e-07
121218,UKR.18_1_68,49.10426955,33.56956843091293,185,0.3250406937652811,2,2.345796242101329e-07
125072,UKR.3_1_123,48.393406199999994,25.341731792161927,178,0.3250574610330072,2,4.935389152605491e-07
52006,GBR.4_1_1259,51.94025469999999,-3.3552297,77,0.3251392764364302,2,1.5281290352157337e-05
88327,RUS.38_1_428,60.6773949,28.916914399999996,129,0.3251539272616136,2,1.5281290352157337e-05
105058,RUS.70_1_563,53.9358415,38.4657959,160,0.3251600550122249,2,1.1373817931820568e-05
29232,ESP.16_1_222,43.35089562529358,-1.7820889894709535,47,0.3251964165647921,2,1.528129035215734e-05
112296,SRB_223,45.27094284999999,19.413678243345675,4,0.3252077246332517,2,1.0045019554606858e-05
126680,UKR.5_1_1594,48.708013699999995,34.29547474169225,190,0.3253114914425429,2,1.5281290352157337e-05
3139,BGR_72,42.14586634999999,24.79038207882662,5,0.3253715770171149,2,1.5280064374157232e-05
6112,BLR.7_1_243,53.820173999999994,27.710290180032345,8,0.3254051459352078,2,1.5281290352157334e-05
51000,GBR.1.86_1_7,52.38223039999999,-1.8313723,9,0.325421894101467,2,5.275770199044635e-07
86249,RUS.34_1_214,43.5198214,40.0251717,126,0.3254304935819071,2,1.5281290352157337e-05
59672,ITA.2_1_101,41.1940565439433,16.60094405494724,83,0.3254791564792175,2,1.5281290352157334e-05
12525,BUFFER_1356_8,55.253266,61.4855117,24,0.3256038584963325,2,1.3684249677354786e-07
86437,RUS.34_1_417,45.2324126,39.6424996,126,0.3256042252444987,2,1.5281290352157337e-05
63991,LVA_6081,56.34439701224864,25.55320975078887,95,0.3256348143337408,2,1.5281290352157337e-05
56950,ITA.10_1_701,45.13728365,10.714675181278729,85,0.3256502139364303,2,1.8152552466006396e-05
91421,RUS.44_1_1268,56.4148702,37.6768232,137,0.3257466763447433,2,1.5281290352157337e-05
16923,DEU.10_1_1550,51.25815700803677,7.754177283625748,30,0.3257514937347188,2,1.5281290352157337e-05
1081,AUT_439,47.47529339999999,11.940158399999998,35,0.325757170690709,2,1.5281290352157337e-05
38516,FRA.11_1_580,42.909639349999985,-0.2600555387458093,48,0.32577578698044,2,1.5281290352157337e-05
58152,ITA.15_1_207,37.75631247510488,13.914250709676187,83,0.3258304515586797,2,1.5281290352157337e-05
125825,UKR.4_1_70,45.333029578165885,33.093343374999996,186,0.3258694338325184,2,1.5281290352157337e-05
11991,BUFFER_1329_387,56.1034145,59.918862343047536,22,0.3258733076100244,2,1.5281290352157334e-05
84077,RUS.23_1_879,54.9574112,36.3534136,152,0.3258932801039119,2,1.57383525957419e-05
97924,RUS.58_1_585,47.0094636,41.44399637247595,145,0.3260896928484107,2,1.5281290352157337e-05
123479,UKR.25_1_203,51.06526494999999,24.2443175,182,0.3260983114303178,2,1.5568038206532e-05
40882,FRA.1_1_1620,45.575767799999994,4.314862599999999,56,0.3261005806845965,2,2.2095913960024284e-08
60259,ITA.4_1_232,38.41042595000001,16.05208602146289,83,0.3261054515586797,2,7.640195650811963e-06
72048,POL.11_1_473,54.61214780000001,17.0338863,110,0.3261376948349633,2,1.5281290352157337e-05
77226,PRT_1348,41.32430769999999,-7.867526222975234,43,0.3261468979217602,2,1.528129035215734e-05
1059,AUT_419,48.243573027820695,13.008664822117597,35,0.3261701711491442,2,1.5281290352157337e-05
31321,ESP.2_1_485,41.5806174,-1.0453266,46,0.326175863386308,2,1.5281290352157334e-05
64864,MDA_16,46.9963077,28.9194495,97,0.3261861437958435,2,1.5281290352157337e-05
18516,DEU.10_1_801,51.664509300000006,8.600299240598194,31,0.326200920690709,2,1.1675980953374388e-10
20117,DEU.14_1_342,50.79192565,12.745344664479596,36,0.3262474862469438,2,1.5281290352157337e-05
40960,FRA.1_1_1717,44.9399165,4.909306199999999,59,0.3262529416259169,2,1.5281290352157334e-05
53253,GBR.4_1_6352,51.54357280836088,-3.37450745,78,0.3262537056845966,2,1.5281290352157334e-05
25245,DEU.7_1_88,49.9581753,8.849135,31,0.3262558068459656,2,1.5281290352157337e-05
51540,GBR.3_1_241,56.3948961,-3.5003987,73,0.3262626680929095,2,1.5281290352157334e-05
60707,ITA.6_1_141,44.59309634999999,11.08709814785235,85,0.3263217756723716,2,1.1510571223201593e-08
90887,RUS.43_1_284,55.918169878525774,37.41024848132113,137,0.3263496485330073,2,1.066359266926362e-06
40056,FRA.13_1_277,44.33211665143034,4.7296476850517095,56,0.3264014058679707,2,2.135560960294382e-06
87455,RUS.37_1_547,51.71572239999998,36.4439927,127,0.3264117779645476,2,2.683109534734757e-05
126350,UKR.5_1_1252,49.1419215,34.8114192,193,0.3264219666870417,2,1.5281290352157334e-05
74938,POL.3_1_331,51.7600922,19.425695599999997,113,0.3264549319987774,2,2.796846482856568e-05
92859,RUS.44_1_955,55.4812247,37.3555112,136,0.3264789807457212,2,1.7532845306714946e-05
78618,ROU.14_1_27,46.85863265000001,23.784662660114915,116,0.3266177185207823,2,1.5281290352157337e-05
62534,LTU_853,54.65390109999999,25.3506013,87,0.3266478377139364,2,1.5281290352157334e-05
65266,MDA_2411,48.4352378,27.762652099999997,100,0.3266547753667482,2,1.5281290352157337e-05
129073,UKR.6_1_860,48.20823450000001,38.14739689999999,192,0.3267008939486552,2,1.5281290352157334e-05
57213,ITA.10_1_98,45.53399939999999,8.831390899999999,82,0.3267163317542788,2,1.5281290352157337e-05
31489,ESP.2_1_664,41.02307539452252,-0.3823122468299671,46,0.3267404760085574,2,1.964089643928475e-06
82032,RUS.1_1_6,44.91466415,38.93863644136974,126,0.3267540380501221,2,1.5281290352157337e-05
34599,EST_183,59.36627480000001,26.6039492,52,0.3267609948044009,2,1.5281290352157334e-05
119221,UKR.15_1_737,48.48231745,39.0939042942088,183,0.3268287171454768,2,1.5281290352157337e-05
118204,UKR.14_1_407,50.40803825,24.13071368205057,182,0.3268549014364302,2,3.744410799259667e-06
44747,FRA.6_1_286,48.2189889,6.4634722,34,0.3269291755806846,2,2.371948163090962e-05
22729,DEU.2_1_1459,48.41837309999999,10.249511267745085,1,0.3269569720354522,2,1.5281290352157337e-05
118684,UKR.15_1_228,48.90291224999999,38.36060109046181,183,0.3270174893031784,2,1.5281290352157337e-05
71782,POL.10_1_66,53.1628788,23.092838899999997,109,0.3270291679400978,2,1.5281290352157334e-05
85462,RUS.33_1_629,58.44390649999999,41.9797128,124,0.3270504469743276,2,3.161110603389142e-07
48328,GBR.1.117_1_69,52.4929018,-2.2044364,9,0.3271416526589241,2,1.5281290352157337e-05
48593,GBR.1.19_1_260,53.175866000000006,-2.825479799077043,9,0.3271431349327628,2,1.5281290352157337e-05
104238,RUS.68_1_875,55.57352499999999,51.9802643,158,0.3271456219437653,2,1.5281290352157337e-05
5852,BLR.6_1_320,54.811427550000005,29.654828049999992,8,0.327222249388753,2,3.5027942860123174e-10
127777,UKR.6_1_1141,48.88901385,37.34807686082142,191,0.3272355401894865,2,1.5281290352157334e-05
43694,FRA.3_1_347,48.3336184,-3.8521556,62,0.3272460765586797,2,1.2899324233979054e-05
31993,ESP.4_1_296,38.7568612,-3.4018186,50,0.3272715349938875,2,1.528129035215734e-05
51376,GBR.3_1_1057,57.4665419,-4.4950189,73,0.3272816740525672,2,1.101501507467707e-05
105637,RUS.72_1_356,57.68609465,35.208022727704176,161,0.3272844093826405,2,3.193380790747896e-08
93205,RUS.47_1_129,56.24074159999999,43.21166929999999,139,0.3275472646699266,2,1.5281290352157334e-05
70424,NOR.18_1_237,58.7636086,7.509700097532025,13,0.3275569643948655,2,1.5281290352157337e-05
38181,FRA.11_1_251,44.35105410267538,2.0144347043071087,56,0.3275608152506112,2,4.864992063905996e-10
9517,BUFFER_0844_97,38.72867605039277,26.935751573263076,18,0.3275681998777506,2,1.2259780001043111e-09
15022,CZE_244,49.9661737,17.8552803,27,0.3275999006723716,2,1.5281290352157334e-05
95610,RUS.55.1_1_3,59.33459555,57.25937269330959,155,0.3276615525672371,2,1.5281290352157334e-05
65099,MDA_2125,46.7806618,29.071074300000003,97,0.3277210689180929,2,1.5281290352157337e-05
58937,ITA.17_1_26,46.0437557,11.119564612004403,85,0.3277249465158924,2,1.0699326105309975e-05
11620,BUFFER_1328_248,54.6324678,60.671257607974745,21,0.3277904569070904,2,2.0263889515918052e-05
49411,GBR.1.32_1_87,50.9913532,0.7010757999999999,67,0.3278224404034229,2,1.5281290352157337e-05
75433,POL.6_1_123,50.022487799999986,20.1936992,111,0.3278286178178484,2,1.5281290352157337e-05
104810,RUS.70_1_3,53.92101339999999,38.1091860227666,160,0.3278379622555012,2,1.167598095337439e-09
109980,RUS.79_1_792,50.5287644,40.62940410000001,166,0.3278638218215158,2,2.855227841248015e-05
79438,ROU.29_1_39,46.5272962,24.509924999999996,116,0.327893933374083,2,1.5281290352157337e-05
58524,ITA.16_1_271,43.918426,10.5249182,86,0.3279186774144253,2,2.1005150817130624e-05
93271,RUS.47_1_207,56.3894301,43.7033505,139,0.3279582480134473,2,1.5281290352157334e-05
124042,UKR.26_1_541,46.7852302,35.297360899999994,187,0.3279769063264058,2,2.784491209313186e-07
25612,DEU.9_1_1262,53.442788349999994,8.697484405858086,38,0.3280186277506112,2,1.0370032296587024e-05
67898,NLD_241,51.45259195,6.084424631626648,105,0.3280248319070905,2,1.3482417875137456e-05
24129,DEU.4_1_314,51.72427452504085,14.305034039243854,37,0.3280456410452321,2,1.5281290352157337e-05
50515,GBR.1.61_1_2,51.3382137,-2.8345513,72,0.3280579041870415,2,7.671956265001967e-06
1244,AUT_588,47.14369631316938,9.830301440423526,35,0.3280621752750611,2,1.2506827621695531e-05
15017,CZE_2435,49.6000478,15.5393833,27,0.3280973563569682,2,1.5281290352157337e-05
6673,BUFFER_0429_5,49.5355889,-1.8741911,66,0.3281200680012224,2,7.641112215316802e-06
54189,HRV_105,45.6998255,17.201199499999998,171,0.3281893146393642,2,3.1751686054999684e-06
54911,HUN_1184,47.56654644999999,21.543106450102872,80,0.3281937423594132,2,1.5281290352157334e-05
30919,ESP.1_1_954,37.3676168,-2.142771849705027,44,0.3283045270476772,2,1.5281290352157334e-05
40407,FRA.13_1_692,43.824862,5.0407459999999995,57,0.3283220354523227,2,2.5227521740667404e-06
105755,RUS.72_1_498,56.27463559999999,31.67277572585644,161,0.3283317084352078,2,3.1525148574110865e-08
99323,RUS.62_1_247,53.6058592,49.7976029,148,0.328346214089242,2,1.5281290352157334e-05
75983,POL.7_1_167,52.23096845034296,21.08449274071861,109,0.3284698808068459,2,1.5281290352157334e-05
119008,UKR.15_1_534,49.2389452,37.978834299999995,183,0.3284774220660146,2,5.313952295598448e-06
10810,BUFFER_1181_100,40.4451061,49.629784599999994,20,0.3284964356662591,2,2.6946184498374477e-05
109316,RUS.79_1_1858,51.6186663,39.068489851540576,165,0.3285068154034229,2,1.5281290352157337e-05
4154,BLR.2_1_40,52.0183138,29.205674800000004,7,0.3285076138447432,2,1.5281290352157334e-05
45784,FRA.7_1_431,49.308208150000006,2.5950357500000005,64,0.3286028079156479,2,1.5281290352157334e-05
31546,ESP.2_1_728,40.78451259999999,-0.8563662999999999,46,0.3286194682151588,2,7.582779643630639e-08
46403,FRA.8_1_292,48.6423704,2.8171305,65,0.3286669162591687,2,1.5281290352157334e-05
5834,BLR.6_1_303,54.602495450000006,31.1514756,8,0.3286719781479216,2,4.0061570754673006e-06
117598,UKR.13_1_374,48.34429659999999,31.51775529999999,180,0.328711934596577,2,1.5281290352157337e-05
61416,ITA.8_1_252,41.924894050000006,12.529710830262168,86,0.3287510123777505,2,1.5281290352157337e-05
83879,RUS.23_1_70,54.71759310000001,35.1149593,120,0.3287556311124694,2,1.5281290352157334e-05
59335,ITA.20_1_2,45.06844355,12.060045162448423,85,0.3287727727689485,2,1.0469235275600623e-05
62610,LUX_104,49.7941227,6.096609835931768,88,0.3287731433374082,2,6.164189233925642e-06
113075,SVK_651,49.037084099999994,19.3325038,27,0.3287974900672371,2,5.097214351756446e-09
19819,DEU.13_1_535,51.772001149999994,12.70057090587054,36,0.3288765548594132,2,1.5281290352157337e-05
28432,ESP.11_1_338,39.7991964,-6.3603836626318975,50,0.3288788317542787,2,1.528129035215734e-05
44948,FRA.6_1_472,48.76144085,7.376090398226544,63,0.3289049205378972,2,9.288772149826012e-06
73608,POL.15_1_201,52.33586885013792,16.84900745838472,112,0.3289524297066014,2,1.3351350752041543e-05
57767,ITA.13_1_441,45.56982725000001,7.803454812430995,82,0.3289582212713936,2,1.1675980953374388e-10
4880,BLR.4_1_269,53.6916392,32.30830729729021,7,0.3289700336185819,2,5.569998913852602e-09
61825,LTU_148,55.76901709999999,22.492779899999995,87,0.3290203698044009,2,4.66796615797363e-06
73679,POL.15_1_280,52.95601119999999,17.033863199999995,110,0.3290450603606357,2,7.08856756924074e-06
31206,ESP.2_1_345,41.73620490000001,-1.1894203999999968,46,0.3291111285146698,2,1.528129035215734e-05
42218,FRA.1_1_455,45.40571779999999,4.4035178,56,0.3291367550427871,2,2.5090386088931363e-05
14693,CZE_186,49.2554629,13.903984065075518,26,0.3291476275977995,2,2.1083000319818615e-06
55445,HUN_511,46.080046499999995,18.258944699999997,80,0.3291936048288508,2,1.5281290352157337e-05
107623,RUS.77_1_408,48.81879144999999,44.61277755,162,0.3292427223410757,2,1.5281290352157337e-05
100548,RUS.63_1_563,51.96580999999998,48.5142142,150,0.3292872249388752,2,1.5281290352157334e-05
58163,ITA.15_1_217,37.61496415,13.831256433914977,83,0.3293519407090465,2,1.538986890979678e-05
43207,FRA.2_1_383,47.72029879999999,3.3485322739807595,61,0.3294300122249388,2,1.5281290352157337e-05
86553,RUS.34_1_541,44.85978554999999,37.84988965,125,0.3294537897310512,2,7.660951652953409e-06
66910,MDA_5919,46.451637,29.8334947,97,0.3294753056234719,2,2.3351961906748776e-10
24552,DEU.5_1_49,53.18108463111333,8.579243793453088,38,0.3295067695599022,2,1.5281290352157337e-05
95129,RUS.54_1_223,52.5523939,43.26977072331072,156,0.3295428254889975,2,3.056047902774306e-05
39898,FRA.13_1_119,43.7016853,5.76645775599442,57,0.3295433565097799,2,1.5281290352157337e-05
60593,ITA.5_1_55,40.6726414,14.819640899999996,83,0.3296005539425428,2,1.5281290352157337e-05
57507,ITA.13_1_182,44.56766857500701,7.695787910150565,82,0.3296010849633251,2,1.1553848058901103e-05
41081,FRA.1_1_1944,46.341576999999994,6.06662275,60,0.3296111972799511,2,1.5281290352157337e-05
19917,DEU.14_1_131,51.3692633,12.4369116,36,0.3297322891198043,2,1.5281290352157334e-05
4196,BLR.2_1_44,51.9731092,29.223442400000003,7,0.3297397157701711,2,2.2912137434219296e-05
61674,ITA.9_1_40,44.0027236,8.15789465109264,82,0.3298082823960879,2,6.786845142465222e-06
33966,ESP.8_1_162,40.3116323,-4.0753334,50,0.3298729752444987,2,1.528129035215734e-05
118854,UKR.15_1_391,48.10626955,39.37142883366362,144,0.3298991480745722,2,5.093724530778788e-06
23679,DEU.2_1_932,49.98629349999999,10.162663099999998,35,0.3299454920537897,2,7.569813394539837e-06
106160,RUS.74_1_283,56.44994294999999,52.44627403803991,143,0.3299760391198043,2,1.5281290352157337e-05
124870,UKR.2_1_246,50.6715261,31.81067802101961,188,0.3299956448655256,2,7.241521568294936e-06
61454,ITA.8_1_297,41.9975405,12.669190961784352,86,0.3300138409229828,2,1.5281290352157337e-05
40440,FRA.13_1_79,43.42339069999999,5.391299577317214,57,0.3300224251222493,2,7.517166066686439e-06
82346,RUS.21_1_123,54.63491749999999,20.638895499999997,87,0.3300307495415648,2,1.5281290352157334e-05
49027,GBR.1.27_1_51,53.5232292,-1.1922304,68,0.3300727231051344,2,7.842026657571994e-06
19026,DEU.11_1_38,50.3531138,7.490476300000001,32,0.3300870453850856,2,5.406711769018992e-06
97863,RUS.58_1_523,49.3585707,40.28408235,144,0.3301215082518337,2,1.1675980953374388e-10
123961,UKR.26_1_469,47.3632049,34.981537700000004,187,0.3301766694682151,2,7.640645176078667e-06
19799,DEU.13_1_517,52.71646745,11.379611700321432,37,0.330196424205379,2,1.5281290352157337e-05
97144,RUS.57_1_87,58.62917525000001,28.78586884369852,131,0.3302070025977995,2,1.5281290352157337e-05
15210,CZE_2802,49.98534780000001,13.3132317,26,0.3302101696210269,2,1.5281290352157337e-05
73353,POL.14_1_55,54.24075595068324,21.008617579891325,109,0.3302424893031784,2,4.56821506787154e-06
107149,RUS.76_1_491,56.145333750000006,40.46230547141355,139,0.3302576291259168,2,1.5281290352157334e-05
58800,ITA.16_1_97,43.88740261198104,10.685955687286214,86,0.3303353453545232,2,1.4306140476673704e-06
83433,RUS.23_1_295,54.50774100000001,36.0725703,120,0.3303394789119804,2,7.766381776302215e-06
52717,GBR.4_1_4798,51.70345249999998,-3.5445542999999997,75,0.3304070560819071,2,1.5281290352157337e-05
72176,POL.11_1_941,54.5491456,18.477814099999996,110,0.3304150137530562,2,1.528977489831679e-05
75092,POL.4_1_105,51.26590460000001,22.569071104871355,114,0.3304328316014669,2,7.641228975126337e-06
125638,UKR.4_1_523,45.629945549999995,34.43179964471632,186,0.330437538202934,2,2.995127449029743e-06
126917,UKR.5_1_284,48.8030735,35.352823,193,0.3304489647004889,2,1.5281290352157337e-05
124181,UKR.26_1_669,47.771105600000006,35.95200967425306,193,0.3304976123166259,2,1.5281290352157334e-05
16485,DEU.10_1_1134,51.5149704,6.961173306565984,30,0.330499453698044,2,1.5281290352157337e-05
324,AUT_1691,46.8825452,14.308557999999998,0,0.3305131418092909,2,1.5281290352157337e-05
116235,TUR_92,40.65866315,26.223465900000004,19,0.3305205493581907,2,1.5281290352157334e-05
52461,GBR.4_1_3865,51.67716105115579,-4.1675232499999995,76,0.3305374503361858,2,1.5281290352157337e-05
61366,ITA.8_1_182,41.87854775,12.589789023503082,86,0.3305804515586796,2,2.8786853040998035e-09
5292,BLR.5_1_279,54.14668005,26.22933294350419,8,0.3305839012836185,2,1.5308185696283908e-05
86394,RUS.34_1_375,45.8402997,40.12583895345622,126,0.3305868849327627,2,1.3742533987584973e-05
49660,GBR.1.36_1_174,51.49920948681147,-0.4117138054430813,70,0.3305994269559903,2,2.05662502319349e-05
37005,FRA.10_1_1722,44.9180052,-0.6117674273476135,54,0.3306835689180928,2,1.5281290352157337e-05
10486,BUFFER_1097_230,40.85424465,43.839819094013095,20,0.33076172448044,2,1.5281290352157337e-05
115553,SWE.3_1_198,61.31728655000001,16.385651104498866,173,0.3309169047982884,2,1.5281290352157334e-05
20359,DEU.14_1_68,51.14799419999999,12.5052418,36,0.3309354599633252,2,1.5281290352157334e-05
100578,RUS.63_1_592,52.0931724,49.24534679999999,150,0.3310245835880195,2,1.5281290352157334e-05
31392,ESP.2_1_570,42.529534550042726,-0.391537992092603,46,0.3310603873777505,2,1.5281290352157337e-05
99110,RUS.62_1_1110,53.45927629999999,50.5007012,148,0.3310668971577016,2,1.5281290352157337e-05
31690,ESP.3_1_111,43.35936235,-3.956455872926548,47,0.331074625611247,2,1.528129035215734e-05
102264,RUS.65_1_220,45.4430012,41.58118519999999,119,0.3310785987163814,2,2.698551868115125e-05
41990,FRA.1_1_40,46.3481578,6.4493833883993625,60,0.3310827131723716,2,1.9070768890511502e-09
43064,FRA.2_1_236,46.96733535,4.794177865431344,61,0.3311434099938875,2,3.530248852985819e-07
120694,UKR.17_1_81,47.22258335,29.71242546653692,184,0.3311494193154035,2,7.800721398478233e-06
19280,DEU.12_1_14,49.26314490000001,7.144419,88,0.33122597799511,2,1.5281290352157334e-05
128435,UKR.6_1_219,47.7900231,37.6420441,192,0.3312277811735941,2,1.5281290352157334e-05
66699,MDA_5380,46.423200699999995,29.2700914,97,0.3313019521699266,2,1.5281290352157337e-05
107480,RUS.77_1_277,48.482916900000006,44.5815628,162,0.331306116289731,2,4.028213428914165e-09
103898,RUS.68_1_523,54.75410875000001,49.78421110243256,159,0.3313622707823961,2,1.5281290352157334e-05
100013,RUS.62_1_962,53.4410194,50.1021688,148,0.3313799931234718,2,1.5281290352157334e-05
50634,GBR.1.66_1_9,52.9785302,-1.1733577643541713,9,0.3315203239608802,2,1.5281290352157337e-05
127967,UKR.6_1_1323,47.1670501,37.663473070204645,192,0.3316949877750611,2,5.837990476687195e-11
51849,GBR.3_1_920,58.1908233,-4.5129668,73,0.3317574228300733,2,1.5281290352157337e-05
72694,POL.12_1_48,49.8095544,19.0186438119954,111,0.3318287629889975,2,4.053789387192986e-09
87197,RUS.37_1_309,51.623360000000005,34.58941808463193,127,0.3318395744193153,2,1.5281290352157334e-05
49059,GBR.1.27_1_83,53.4876917,-1.1174054999999998,68,0.3318573273227384,2,2.028415768111344e-05
2350,BEL_761,51.3103314,4.3263004,2,0.3319638905867971,2,1.2212023081062866e-05
91285,RUS.44_1_1135,55.53640519999999,36.9965396,152,0.3320708091381417,2,7.670831122097818e-06
54370,HRV_260,43.448845000000006,16.669993,171,0.3321018948655256,2,1.089758222314943e-09
92579,RUS.44_1_660,56.30788285,36.84749829052437,152,0.3321273456601467,2,1.736788018970397e-06
15516,CZE_3546,50.17152201654595,15.088212147419258,28,0.3322296645782395,2,2.2398423462223205e-08
44016,FRA.4_1_231,47.101415200000005,2.0076283,54,0.3323215082518338,2,2.7185575653106706e-08
65750,MDA_3318,46.193929,28.4031437,99,0.3323827475550122,2,7.6404116564596e-06
130108,UKR.8_1_746,49.934746799999985,35.0421573916247,191,0.3323930203239608,2,1.5281290352157337e-05
93967,RUS.48_1_46,43.6694218,44.976650457942895,119,0.3324592145476772,2,1.5281290352157337e-05
125159,UKR.3_1_72,48.61371839999999,27.275840799999997,179,0.3326717642114914,2,1.5281290352157337e-05
93209,RUS.47_1_132,56.2417045,43.2104838,139,0.3328387377750611,2,1.5281290352157334e-05
97230,RUS.58_1_1093,47.06418949999999,43.256836947527944,145,0.3328602842298288,2,7.4142479053927385e-09
129794,UKR.8_1_436,50.244486949999995,36.18862530844861,191,0.3328665418704157,2,2.83916798558058e-07
48458,GBR.1.16_1_39,52.5480363,-0.2311436999999999,70,0.3330455455378973,2,1.5281290352157337e-05
105686,RUS.72_1_418,56.9114154,35.8630094,137,0.3331717298288508,2,1.5281290352157334e-05
77942,PRT_533,41.22733543230186,-8.535295489910139,43,0.3332462866748166,2,1.5281290352157337e-05
85527,RUS.33_1_94,57.9628799,41.2757038,124,0.3332638027200488,2,1.5281290352157334e-05
24140,DEU.4_1_329,51.73336385,14.54252506039644,37,0.333301428789731,2,1.5281290352157337e-05
1758,BEL_201,50.85648299999999,3.5845529999999997,2,0.3333075412591686,2,1.5281290352157337e-05
74969,POL.3_1_42,51.65778445,19.361916645536688,113,0.3333632258557457,2,5.9934067422277665e-06
10040,BUFFER_0901_114,40.774807,29.984152300000005,19,0.3334137645171149,2,1.5281290352157337e-05
5621,BLR.5_1_92,53.2003423,27.961999699999993,8,0.3334444643948654,2,4.275812192261247e-06
33256,ESP.6_1_123,41.39737259999999,1.8668172,49,0.3334599595048899,2,4.922228642076394e-07
32091,ESP.4_1_406,40.2225139,-3.76513806500708,50,0.3335976963630805,2,1.528129035215734e-05
115878,SWE.7_1_118,57.275262700000006,13.6121378,175,0.3337192351772616,2,1.5281290352157337e-05
84668,RUS.31.22_1_11,59.042469325171176,52.36065895384714,168,0.33376641198044,2,1.5281290352157337e-05
53544,GBR.4_1_7085,51.59014590000065,-3.3094667999999996,78,0.3338033542176039,2,1.5281290352157337e-05
116242,TUR_99,41.778102149999995,27.196155594546727,19,0.3338401016198044,2,2.7786073579908396e-05
10838,BUFFER_1181_51,40.4265036,49.6637016,20,0.333956116289731,2,6.063195592651205e-08
119070,UKR.15_1_592,48.671971250000006,39.18229607480615,183,0.3339798823349632,2,1.5281290352157334e-05
71038,NOR.4_1_4,59.66721610000001,9.646368642323116,108,0.333989513294621,2,2.1066525524097483e-06
122166,UKR.21_1_289,51.17348199999999,34.969754449999996,185,0.3340037553484107,2,7.589181613937684e-06
54867,HUN_105,47.598686699999995,19.0302364,80,0.3340076558679706,2,1.5281290352157337e-05
42425,FRA.1_1_641,44.676367602966,4.795645966666666,59,0.3340078048594131,2,1.8845881326403987e-05
4828,BLR.4_1_218,54.27910099999998,29.729765550000003,7,0.3340416908618581,2,1.5281290352157337e-05
92893,RUS.44_1_989,55.8525824,38.9608439,138,0.3341845507334963,2,2.87618966695739e-05
16674,DEU.10_1_1306,51.05973505,7.182693997885871,30,0.3342211415036674,2,1.5281290352157334e-05
91978,RUS.44_1_1842,56.1173098,38.0904585,137,0.3342246676344743,2,2.568071189714641e-05
29345,ESP.16_1_373,43.0454629,-2.2388208,47,0.3342602154645477,2,2.444172012906376e-09
71712,POL.10_1_118,53.1027521,23.1971362,109,0.3342726275977995,2,1.5281290352157334e-05
119369,UKR.15_1_883,48.8721468,38.101603274914424,183,0.3343015319376527,2,2.9508477839337976e-05
78473,ROU.11_1_22,45.38836969999999,27.0523315,102,0.3343073273227383,2,1.5281290352157334e-05
105118,RUS.70_1_617,54.09124142580609,38.22701959551704,160,0.3343353491748165,2,1.113930212053436e-05
65079,MDA_2077,46.28384205,28.13059341229001,99,0.3343434023533008,2,1.5281290352157337e-05
48217,GBR.1.116_1_11,52.5795674,-2.0814183,9,0.3344848334352078,2,1.5281290352157337e-05
79675,ROU.34_1_15,47.684389,22.49160815765055,116,0.3345201711491442,2,1.5281290352157337e-05
45569,FRA.7_1_221,50.67245520000001,3.0400902999999997,64,0.3345513638447432,2,1.5281290352157334e-05
106846,RUS.75_1_82,54.15363589999999,47.5292915,149,0.3346141350855746,2,1.2489777035635126e-05
65800,MDA_3413,48.3443908,26.9290191,178,0.3346228988386308,2,1.5281290352157337e-05
28812,ESP.12_1_40,42.41731099999999,-8.66480543577811,42,0.3347413088325183,2,1.528129035215734e-05
30884,ESP.1_1_921,36.4893744,-5.91368883842355,44,0.3347555776283618,2,1.528129035215734e-05
102225,RUS.65_1_155,45.4836472,42.81226269681051,119,0.334873284688264,2,1.5281290352157334e-05
11014,BUFFER_1270_12,50.3581218,57.2742067,21,0.3349495912286064,2,1.5281290352157334e-05
14026,CZE_1083,50.0162303,14.216090799999998,26,0.3350306349327628,2,1.5281290352157337e-05
97467,RUS.58_1_1323,46.81681035,43.662518199999994,119,0.3350506074266503,2,1.5281290352157337e-05
77614,PRT_217,38.8976614,-9.1558081,115,0.3350705493581906,2,6.870702848831987e-07
72671,POL.12_1_459,50.242059,19.1451659,111,0.3351425771699265,2,8.801544780446581e-08
124862,UKR.2_1_237,52.23384315,32.844620196005565,185,0.3351550542481662,2,7.6151460648919e-06
87598,RUS.37_1_68,51.73015521830785,36.19567071406044,127,0.3351634856356968,2,5.645336790956519e-08
99034,RUS.62_1_1025,52.567318500000006,49.98172649999999,147,0.3352968253361857,2,1.5281290352157334e-05
114259,SWE.17_1_106,60.15159219999999,13.790426275304748,177,0.3353900099327627,2,1.5281290352157337e-05
1226,AUT_571,47.04495059999999,11.4792333,35,0.335392130195599,2,1.5281290352157337e-05
19344,DEU.12_1_36,49.2314828,6.7128309,88,0.3354733458129584,2,1.7230782426412725e-06
40468,FRA.1_1_1001,45.90113337504632,6.107509299218538,60,0.3354734680623472,2,1.5281290352157334e-05
65360,MDA_2611,47.56737819999999,28.3957439,96,0.3355311965158923,2,1.5281290352157337e-05
99267,RUS.62_1_190,52.11185359999999,50.875174699999995,147,0.3355694300122248,2,7.604454500115274e-06
37384,FRA.10_1_367,45.148458549999994,1.4862000546716154,54,0.3356002636002445,2,8.697604561524266e-07
4178,BLR.2_1_421,52.472981999999995,30.982765430654467,7,0.33560274297066,2,1.5281290352157334e-05
29677,ESP.17_1_52,43.315994399999994,-5.7243874,42,0.3357557915647921,2,1.5281290352157337e-05
103243,RUS.68_1_1021,55.38455930000001,53.2909115,158,0.3357567963019559,2,1.5281290352157334e-05
70324,NOR.17_1_61,69.4178533,20.5836582,17,0.3357596806234718,2,6.050973461515887e-06
115067,SWE.21_1_468,59.0476553,11.2541483,108,0.3357821783312958,2,1.5281290352157337e-05
115097,SWE.21_1_497,57.9658645,12.490489999999998,174,0.3358547142420537,2,1.5281290352157337e-05
74458,POL.1_1_769,50.80225255,16.286101944548154,112,0.3358951940709046,2,2.491270354412024e-06
57196,ITA.10_1_963,44.99921930033763,10.763152529283312,85,0.3359502674205378,2,1.5281290352157337e-05
14274,CZE_1344,50.1778813,14.665833799999998,28,0.3360238539119804,2,1.5281290352157337e-05
84011,RUS.23_1_819,54.9511157,36.45498419999999,152,0.3361696668704156,2,1.5064277925331585e-05
46771,FRA.8_1_673,48.720024499999994,2.0737889,65,0.3362250687652811,2,1.6871352869614457e-05
118804,UKR.15_1_343,49.354465399999995,40.00837980597476,183,0.3363379355134474,2,1.5281290352157334e-05
50389,GBR.1.52_1_57,53.43576919999999,-0.7137596381450325,70,0.3363453736246943,2,1.5281290352157337e-05
125100,UKR.3_1_149,48.57961105,25.990633110932404,179,0.336621405103912,2,1.5281290352157334e-05
94740,RUS.52_1_418,53.161146499999994,36.3228017,128,0.3366400175733496,2,1.5281290352157334e-05
107081,RUS.76_1_411,55.563290599999995,41.97796537969293,140,0.3367264784535452,2,1.5281290352157334e-05
16818,DEU.10_1_1449,51.52257569999999,6.718480899999999,29,0.3367941282090465,2,7.443244426921891e-06
39843,FRA.12_1_848,48.00205129149244,0.1767048313471249,66,0.3368754775366748,2,1.5281290352157334e-05
94650,RUS.52_1_330,52.423303100000005,37.7283389,128,0.3368797486246943,2,8.76381424360788e-06
101030,RUS.64_1_1079,54.2047081,32.17885859999999,153,0.3368955455378972,2,1.5558127860561856e-05
65961,MDA_3714,45.7643,28.359580599999997,99,0.3369398036369192,2,1.5281290352157334e-05
69610,NOR.14_1_303,60.9729256,5.704778300000001,12,0.3369899106051345,2,1.5281290352157337e-05
120166,UKR.17_1_242,47.23495770000001,30.343751450000003,184,0.3370719132029339,2,1.471548387660726e-05
62406,LTU_705,54.99412399999999,25.5921938,8,0.3370978033312958,2,1.5281290352157337e-05
96619,RUS.55.6_1_6,57.1373472,54.8598246,142,0.3371368696515892,2,1.5281290352157337e-05
80639,RUS.14_1_191,59.8120602830605,30.343272334282627,130,0.3371468100550122,2,1.5281290352157334e-05
97191,RUS.58_1_1038,47.4529944,39.2006627,145,0.3371674205378971,2,8.101844844303119e-06
112905,SVK_422,49.31019695042903,18.78412771798572,27,0.3371725779339852,2,7.168319560111709e-06
30847,ESP.1_1_884,37.32119569999999,-6.0159,44,0.3371951482273838,2,1.5280823312919206e-05
126379,UKR.5_1_1283,48.80434675000001,34.91736753983455,193,0.3372232082823961,2,1.0130298508654105e-05
107613,RUS.77_1_4,48.7299234,44.569244000000005,162,0.3372410146699266,2,1.5281290352157337e-05
127230,UKR.5_1_596,48.5342065,35.0061946,193,0.3372671187347187,2,1.5281290352157334e-05
86038,RUS.34_1_1478,44.8389346,39.238843,126,0.3373208855440097,2,1.5281290352157337e-05
103517,RUS.68_1_14,55.56439410000001,51.96430779999999,158,0.3374104981662592,2,1.5281290352157334e-05
9745,BUFFER_0872_7,39.7903396,27.8117188,18,0.3374408465770171,2,1.5281290352157334e-05
33115,ESP.5_1_880,41.5867643,-3.0549663900280906,47,0.3374556693154035,2,1.528129035215734e-05
76192,POL.7_1_286,52.233814750268365,21.010363111525756,109,0.3375024946515892,2,1.6796961653307487e-06
31202,ESP.2_1_341,41.68876345,-1.2349216217744268,46,0.3375479332212713,2,1.5281290352157334e-05
114749,SWE.20_1_69,59.60806180000001,16.461788199999997,173,0.3375634168704156,2,1.5281290352157337e-05
100755,RUS.63_1_79,51.4597954,45.8195543,151,0.3376130806845965,2,1.5281290352157337e-05
127853,UKR.6_1_1212,48.829015899999995,37.78745539999999,191,0.3376844093826406,2,1.7513971430061587e-10
127548,UKR.5_1_916,48.330143,35.73017399999999,193,0.3376863233496332,2,1.5281290352157337e-05
26634,DNK_1061,55.56034425000001,9.153128235059455,40,0.3376887683374082,2,1.5281290352157337e-05
78477,ROU.11_1_26,45.3573045,26.751555699999997,116,0.3379232312041564,2,1.5281290352157334e-05
121099,UKR.18_1_459,49.04380979999999,33.719252977533785,193,0.3379235139058679,2,1.5281290352157337e-05
121793,UKR.1_1_368,49.06620700000001,32.66775309342105,180,0.3380383481051344,2,1.1675980953374388e-10
119162,UKR.15_1_68,48.5258396,38.65398129999999,192,0.338085219284841,2,6.106364819027141e-06
103288,RUS.68_1_1075,55.7337132,52.12385859999999,158,0.3381326711491442,2,1.4367770776350348e-05
98089,RUS.58_1_739,47.5235648,42.26954069999999,145,0.3381604370415648,2,9.550617586857615e-06
126670,UKR.5_1_1585,48.1251396,34.6439695,189,0.338171836797066,2,2.9127429483820057e-05
68458,NLD_791,51.84133190000001,5.8141872999999995,29,0.3381766885696821,2,5.703117655361837e-06
96483,RUS.55.44_1_20,59.69263259999999,56.707422,155,0.338178442084352,2,1.5281290352157334e-05
21548,DEU.1_1_166,48.68568719999999,9.000185399999998,1,0.3381937767420537,2,1.5281290352157334e-05
125192,UKR.4_1_106,45.62860734999999,33.17293905,186,0.3382098563569681,2,7.724614290436072e-06
62081,LTU_386,56.238920199999995,24.8169621,87,0.3382163928789731,2,1.5281290352157334e-05
97905,RUS.58_1_568,47.610810699999995,41.532334,145,0.3383093864608802,2,8.186973574690114e-06
64662,MDA_1128,48.42002819999998,27.505639,100,0.3383389326100243,2,1.5281290352157334e-05
10007,BUFFER_0900_2,39.73097530194941,30.648192297346853,18,0.3383587599327629,2,7.637325305494258e-06
48491,GBR.1.17_1_12,51.9523318,-0.4960926,70,0.3383950183374082,2,1.5281290352157337e-05
63718,LVA_4841,56.74795515,21.88384735279947,92,0.3384209428484108,2,1.5281290352157334e-05
110613,RUS.7_1_411,51.24525409999998,37.72072949999999,167,0.3385299625611246,2,1.5281290352157337e-05
699,AUT_2833,48.35365747630287,13.63676285,0,0.3385647921760391,2,1.5281290352157334e-05
48886,GBR.1.25_1_69,52.8527152,-1.5498069,70,0.3385679515586797,2,1.5281290352157337e-05
113579,SWE.11_1_126,59.2628192,14.4017889,177,0.3386531708435207,2,1.1675980953374388e-10
18475,DEU.10_1_765,51.6847671,7.704049800000001,30,0.3386658542176038,2,1.6091099424840074e-05
113813,SWE.13_1_154,56.12309135,12.933860649999998,175,0.3386935551650366,2,1.5281290352157334e-05
110583,RUS.7_1_384,51.2285665,37.827623,167,0.3387741748166258,2,1.5281290352157337e-05
3028,BGR_577,43.8183963,27.14704203342793,5,0.3390226466992665,2,1.5281290352157337e-05
69296,NOR.13_1_153,59.687315250000005,6.520041170450101,13,0.3390471882640586,2,1.5281290352157337e-05
64840,MDA_1499,46.82309149999999,28.3835237,99,0.3391324572127139,2,1.5281290352157334e-05
92420,RUS.44_1_503,56.107492400000005,37.466295499999994,137,0.3392841801650367,2,1.5281290352157334e-05
40441,FRA.13_1_8,43.6601467,5.5729486999999995,57,0.3392900939792175,2,5.167152058087825e-06
43774,FRA.3_1_593,47.7704793,-3.0442994,62,0.3393932151589242,2,3.374719894935658e-08
37754,FRA.10_1_704,45.6710273,0.125488,54,0.3394039272616136,2,5.1423457041801305e-06
19435,DEU.13_1_130,52.78117870031908,11.735679076467662,37,0.3394476161369193,2,1.5281290352157337e-05
113845,SWE.13_1_190,56.2587515,13.630380399999998,175,0.3394482617665037,2,1.7067390259955856e-05
128514,UKR.6_1_303,47.960808199999995,37.454503141397595,192,0.3394689944987775,2,5.576521844987315e-06
77176,PRT_1269,41.55195452942686,-8.400875102640446,43,0.339490903881418,2,1.528129035215734e-05
10859,BUFFER_1181_79,40.386319699999994,49.7836208,20,0.3394967145476772,2,1.5281290352157337e-05
33625,ESP.6_1_578,42.026812,2.8184693,49,0.3396150863386307,2,1.5281290352157334e-05
31726,ESP.3_1_170,43.33676830000001,-3.8324281,47,0.3397478415342297,2,7.495870573591473e-06
119473,UKR.16_1_195,47.1381839,32.66197449999999,194,0.3397675275061124,2,1.5281290352157334e-05
50097,GBR.1.48_1_17,53.7473933,-2.7581007999999994,69,0.3397708893643031,2,1.5281290352157337e-05
44881,FRA.6_1_411,48.305347899999994,4.101066,63,0.3397869766198044,2,3.7946938098466775e-10
34908,EST_494,58.38327807500004,26.723168077124047,51,0.3398780638753055,2,1.5281290352157334e-05
125098,UKR.3_1_147,48.514214849999995,26.07244545283763,178,0.3399053522310513,2,9.267409382523996e-06
97090,RUS.57_1_57,57.83280229999998,28.3631242,131,0.3399441855134474,2,1.5281290352157337e-05
70762,NOR.2_1_100,59.2365335,10.8902706,108,0.340062194376528,2,1.5281290352157337e-05
33664,ESP.6_1_637,42.0659399,2.8132205,49,0.3400653384779951,2,7.639068918649961e-06
118922,UKR.15_1_453,48.35114969999999,39.36971979999999,183,0.3400828889058679,2,1.5281290352157337e-05
75156,POL.4_1_23,51.13711005000425,21.97458016705751,114,0.340107755195599,2,4.1698819978151074e-08
130757,UKR.9_1_677,46.20637949999999,34.079564049999995,194,0.3401252559596576,2,1.5281290352157337e-05
14001,CZE_1055,49.7348109,15.092371300000002,28,0.3401300848105134,2,1.5281290352157337e-05
53742,GBR.4_1_998,51.74746094999999,-3.19588795,76,0.340131097188264,2,1.5281290352157337e-05
39422,FRA.12_1_327,46.79615080000001,-1.8244016000000003,11,0.340173754584352,2,1.5281290352157337e-05
116902,UKR.12_1_317,50.2275953,31.273297251844912,188,0.3401820216992665,2,1.5281290352157334e-05
78284,PRT_857,41.0642411,-7.544232883497053,43,0.3401982159229829,2,1.528129035215734e-05
87917,RUS.38_1_123,59.591072,30.6154703,130,0.3402156975855746,2,1.5281290352157337e-05
20448,DEU.15_1_16,53.595554099999994,9.7139017,33,0.340226936888753,2,1.5281290352157334e-05
11938,BUFFER_1329_335,56.828275100000006,59.959287,24,0.3402361170537897,2,7.645023668936181e-06
33385,ESP.6_1_269,41.49629005,1.2017296801165076,49,0.3402608572738386,2,1.5281290352157334e-05
124219,UKR.26_1_702,47.30865715,35.40283995911043,187,0.3402813875305622,2,3.0516981929789083e-05
48631,GBR.1.19_1_98,53.20515849999999,-2.844725287453123,9,0.3403661178178484,2,1.5281290352157337e-05
102562,RUS.66_1_2,56.4550536,59.11546156818489,24,0.3405530906173593,2,1.5281290352157334e-05
30598,ESP.1_1_636,37.146568212560055,-3.6078354023675856,44,0.3406248128056234,2,1.528129035215734e-05
108545,RUS.79_1_1128,50.2352409,39.4451109,166,0.3406520362163814,2,2.4732817477161508e-05
125946,UKR.4_1_818,45.614797249999995,34.80604434999999,186,0.3406528117359412,2,1.5281290352157337e-05
83447,RUS.23_1_310,54.1121074,35.373876700000004,120,0.340689475091687,2,3.60188294744932e-08
754,AUT_319,47.88006130034074,15.266348913302902,0,0.3407286636613691,2,1.1523705006801847e-05
124973,UKR.2_1_354,51.1766836,32.1027198,185,0.3408107579462102,2,1.5281290352157337e-05
114612,SWE.19_1_30,63.007643999999985,17.6101193,173,0.3408736781784841,2,1.5281290352157337e-05
65848,MDA_3508,46.4800178,29.8313664,97,0.3409224862469437,2,1.5281290352157337e-05
95200,RUS.54_1_48,53.28351039999999,43.253431299999995,156,0.3409623739303179,2,7.632707455027197e-06
129921,UKR.8_1_560,49.968121499999995,36.142956899999994,191,0.3410218635391198,2,1.527953895501433e-05
2245,BEL_661,50.5149906,4.429740915139292,2,0.3410914731051345,2,1.2843579048711831e-09
70922,NOR.4_1_107,60.57397915000001,9.10374137309104,108,0.3411194070904645,2,1.828862664839757e-05
72076,POL.11_1_507,54.7208383,18.1160248,110,0.3412507029339854,2,1.5281290352157337e-05
124600,UKR.27_1_297,50.28481244999999,28.554677934345793,188,0.3413248051650367,2,1.5281290352157334e-05
129683,UKR.8_1_322,49.9927741,36.47691059999999,191,0.3413635887836185,2,1.5281290352157337e-05
4480,BLR.3_1_187,54.4764298,26.437965,8,0.3413641350855745,2,2.3614233601138123e-05
120720,UKR.18_1_113,49.87882905000001,33.86604571549883,185,0.3413889364303178,2,2.0372532346978982e-05
18106,DEU.10_1_422,52.3279775,8.9269435,31,0.3414033427567237,2,1.5281290352157337e-05
88153,RUS.38_1_215,60.0832147,30.461007799999997,129,0.3414472914119804,2,3.31448598738219e-06
32313,ESP.4_1_84,38.811076199999995,-1.7397249464592297,45,0.3414806769559902,2,2.6752397979280665e-05
71695,NOR.9_1_82,64.22415479999998,12.0304326,106,0.341486350091687,2,5.494719808533939e-06
75783,POL.6_1_652,49.8869734,19.479305799999995,111,0.3414928140281174,2,1.5281290352157334e-05
115174,SWE.21_1_585,57.619628250000005,13.46871240392942,175,0.3415703621638141,2,1.5281290352157337e-05
57280,ITA.11_1_141,43.2292773,13.004077099999998,86,0.3415911751222493,2,2.34251514522331e-05
102352,RUS.65_1_363,45.64391014999999,43.3976524565275,119,0.341636159077017,2,1.6349046770894343e-05
105116,RUS.70_1_615,54.07108950000001,38.1978181,160,0.3416371485330073,2,7.502389090548907e-06
18514,DEU.10_1_80,51.76093070000001,6.1699021,29,0.3417890013753056,2,5.067943114321988e-06
100516,RUS.63_1_534,51.9605709,48.0145857,150,0.3417926612163814,2,1.5281290352157337e-05
34829,EST_412,59.3571144,24.70965175000001,52,0.3418049549205379,2,1.5281290352157337e-05
13851,CHE_882,47.709557800000006,8.8001217,34,0.3418516159841075,2,1.5281290352157337e-05
107650,RUS.77_1_437,50.575095100000006,44.652884949999994,162,0.3418706181234719,2,2.292462162416841e-05
100290,RUS.63_1_307,51.95744869999999,48.1835031,150,0.3418765892420538,2,1.5281290352157337e-05
53863,GRC_232,41.33062829999999,26.49299849003788,3,0.3419071592298288,2,5.3709512385522214e-09
27750,DNK_881,55.977238150000005,10.22343891695344,14,0.3419158809596577,2,1.5281290352157337e-05
84342,RUS.26.19_1_1,61.762520899999984,34.4092898,123,0.3419207862163814,2,1.5281290352157337e-05
39858,FRA.12_1_944,47.1619043,-1.2750373,11,0.3419280256723716,2,1.5281290352157337e-05
44001,FRA.4_1_218,48.62650436289409,1.771077965519704,65,0.3420238615525672,2,1.6149240028839412e-05
32036,ESP.4_1_340,39.95449949999999,-4.9307428,50,0.342061033007335,2,1.528129035215734e-05
22218,DEU.1_1_817,48.9487634,9.1284114,1,0.3420838325183374,2,1.5281290352157337e-05
59097,ITA.19_1_20,45.7820737,7.1405238,82,0.3422080990220048,2,1.675992783341317e-05
75001,POL.3_1_568,52.12111799999999,19.1716464,113,0.3422166832212714,2,1.5281290352157337e-05
129080,UKR.6_1_867,48.2454171,38.1680007,192,0.342245197891198,2,1.5281290352157334e-05
41117,FRA.1_1_2040,45.467454,6.959263,60,0.3423164540036674,2,5.837990476687195e-11
86972,RUS.37_1_100,52.088764100000006,35.525741230610265,127,0.3423862087408312,2,5.11057425223868e-06
82429,RUS.21_1_218,54.744639799999995,20.365559699999995,87,0.3424823387836185,2,1.5281290352157334e-05
40476,FRA.1_1_1010,45.890882062060335,6.081825154866828,60,0.3425051039119803,2,1.958025570271008e-06
13254,CHE_300,47.44592165,9.651442448813889,25,0.342529381876528,2,1.5281290352157334e-05
84451,RUS.26.2_1_4,65.0674384,32.0085076,123,0.3425323005806845,2,1.5281290352157337e-05
37685,FRA.10_1_641,45.0577048,-1.0722773,54,0.3425839738691932,2,1.5281290352157337e-05
51866,GBR.3_1_954,56.04912749999999,-5.4266561,73,0.342655329309291,2,1.5281290352157337e-05
4169,BLR.2_1_413,52.4330325,30.878937799999992,7,0.3426577322738385,2,5.837990476687195e-11
36075,FIN.4_1_51,60.275668949999975,25.07603044776337,53,0.3427533580378973,2,6.274622044185434e-06
102889,RUS.67_1_380,52.3181214,42.4283699,156,0.3428218597188263,2,1.5281290352157337e-05
55288,HUN_362,47.7375908,21.9100891758564,80,0.342872967603912,2,1.5281290352157334e-05
19449,DEU.13_1_143,51.301305600000006,11.985218733997865,36,0.3428863768337408,2,1.5281290352157334e-05
44441,FRA.5_1_21,42.5316119,9.4364398,84,0.3429239035757945,2,1.5281290352157334e-05
16362,DEU.10_1_1018,51.08951919026124,6.8231354336158745,30,0.342932132487775,2,7.066709375644315e-06
108184,RUS.78.16_1_4,59.5112809,40.3268378,133,0.3429609374999999,2,1.5281290352157337e-05
61456,ITA.8_1_30,41.25679024999999,13.110871206473991,86,0.342991545690709,2,3.0302109733505413e-05
87848,RUS.38_1_1145,60.8495984,28.5628089,129,0.3430107808679706,2,1.5281290352157337e-05
55949,IRL_208,53.37843578118553,-6.5222925927276325,81,0.3430730631112468,2,1.1942582518476441e-08
21785,DEU.1_1_387,49.2106016,8.625378,1,0.3431279492665035,2,1.5281290352157337e-05
49781,GBR.1.38_1_5,50.8886273,-1.2072211,72,0.3431547371638141,2,1.53063215528038e-05
76156,POL.7_1_25,52.2083616161752,20.957716858903893,109,0.3431856700794621,2,5.134378164376921e-06
127808,UKR.6_1_117,48.71956229999999,37.50810822670392,192,0.3431990945904645,2,1.5281290352157337e-05
1885,BEL_318,50.443594099999984,4.432814932092461,2,0.3432232197432763,2,1.3389093148923769e-05
94414,RUS.52_1_102,53.1677042,36.4178755,128,0.3432397195904645,2,1.5281290352157334e-05
88947,RUS.39_1_1171,52.52078809999999,39.6022325,132,0.3432398227383862,2,8.527918479674618e-06
24879,DEU.7_1_330,50.4803782,9.35937079242299,31,0.343250920690709,2,1.5281290352157337e-05
3961,BLR.2_1_222,51.87300369999999,30.0225655,185,0.3432597532090463,2,1.5281290352157334e-05
98827,RUS.5_1_111,46.8456522,47.9758854,162,0.3432644330684595,2,1.5281290352157337e-05
51322,GBR.2_1_55,54.5314647,-6.683374800000001,81,0.3432944911369192,2,1.5281290352157337e-05
39973,FRA.13_1_198,43.8291073,5.770281149477656,57,0.3433416297371637,2,1.5281290352157334e-05
80482,RUS.13_1_48,55.52221085,47.52262965295815,157,0.3433854599633251,2,2.918995238343598e-10
126254,UKR.5_1_1150,48.8633729,35.99090117454011,193,0.3433887912591686,2,1.5281290352157337e-05
110080,RUS.79_1_887,49.8437288,40.03404019999999,166,0.3434415533312958,2,1.5281290352157334e-05
52521,GBR.4_1_427,51.59882600000001,-3.077896169732079,76,0.3434448960880195,2,1.5281290352157337e-05
83158,RUS.23_1_1085,53.6218566,34.7780424,120,0.3434543665953544,2,1.5281290352157337e-05
62360,LTU_652,54.49877525000001,23.085200827480897,87,0.3435375993276283,2,1.3944282044950613e-05
58,ALB_37,42.0691052,20.031352561028413,4,0.3435410796149144,2,1.5281290352157334e-05
81945,RUS.1_1_136,44.88671269999999,39.5415874,126,0.3436473181540342,2,1.5281290352157337e-05
120696,UKR.17_1_83,47.32328725000001,29.894788145863448,184,0.3436621638141809,2,1.5281290352157334e-05
95874,RUS.55.31_1_45,57.48590635,56.72133657744725,141,0.3436710421760391,2,7.317298838854054e-09
125330,UKR.4_1_232,45.39916989999999,33.7888931,186,0.3437357350244499,2,1.5281290352157337e-05
95569,RUS.55.19_1_15,58.78770685,56.13390629107153,142,0.3437832136308068,2,1.1675980953374383e-09
41722,FRA.1_1_333,46.0183888,5.803849647608765,60,0.3437844743276284,2,4.553632571816013e-10
112624,SVK_123,48.6856118,17.3522038,27,0.3438359451405867,2,1.0666717348385624e-05
114954,SWE.21_1_31,57.6752835,12.536355,175,0.34389570599022,2,1.5281290352157337e-05
55692,IRL_1142,52.32681602860306,-9.030886457972658,81,0.3439076138447433,2,1.5281290352157334e-05
74441,POL.1_1_728,51.09691921951165,17.01234245191695,112,0.3439090731968214,2,1.784257161064924e-05
26791,DNK_1230,55.4077463,12.1552836,15,0.3440045881723715,2,1.5281290352157334e-05
34792,EST_378,58.7894699,24.928910199999997,52,0.3440082021699265,2,1.5281290352157337e-05
31288,ESP.2_1_446,41.97445629999999,0.2016692,49,0.344010314792176,2,1.5281290352157337e-05
8648,BUFFER_0656_110,54.120852099999986,13.774828299999998,37,0.3440125916870415,2,1.5281290352157337e-05
96594,RUS.55.49_1_0,59.3348829,54.34117795271136,142,0.3440452284535452,2,1.5281290352157334e-05
41456,FRA.1_1_2838,46.108555,4.7357739,58,0.3440687385391198,2,1.5281290352157334e-05
114068,SWE.15_1_218,59.75259729999999,18.3848987,173,0.3440713439792175,2,1.5281290352157337e-05
6463,BUFFER_0394_72,35.654036999999995,-5.6663016,10,0.3440876948349633,2,3.055450481748859e-05
126953,UKR.5_1_318,48.4599902,34.683098799999996,190,0.3441180470660147,2,1.5281290352157337e-05
82550,RUS.22_1_138,45.6908329,45.5701871,119,0.3441238577322739,2,1.2349672048598247e-05
126587,UKR.5_1_1507,48.4828853,34.17335805,190,0.3441710841992665,2,1.5281290352157337e-05
49967,GBR.1.44_1_225,51.1235488,0.8949175,67,0.3441820981051344,2,1.5281290352157337e-05
130325,UKR.9_1_216,46.33037815,33.66378755103895,194,0.3442355516503667,2,1.9498888192135232e-08
9308,BUFFER_0843_11,38.1773217,27.183803099999995,18,0.3443397234107579,2,1.5383630325213663e-05
16529,DEU.10_1_1174,51.5181416,6.7715545,30,0.3443780638753055,2,1.4661743267257513e-05
129183,UKR.6_1_970,48.8710325,37.54261474826955,191,0.3443845239914425,2,5.837990476687195e-11
36318,FIN.5.4_1_106,63.1490636,21.60571543408952,53,0.3443961567848409,2,1.5281290352157337e-05
72014,POL.11_1_364,54.61056297503409,18.23020260359606,110,0.344406269101467,2,5.2062890491421525e-06
130588,UKR.9_1_491,46.9874677,33.5494096,194,0.3445077131723716,2,1.5281290352157334e-05
88543,RUS.38_1_696,59.8515938,29.0437825,131,0.3445245148227384,2,1.5281290352157337e-05
127593,UKR.5_1_957,47.8620902,33.4652796,190,0.3445614455990219,2,6.003380247918208e-08
8271,BUFFER_0600_2,54.681732999999994,9.9524337,33,0.3445777506112468,2,1.0928856708255692e-05
129862,UKR.8_1_502,49.84816125,36.7236196,191,0.3446263371026895,2,1.5281290352157334e-05
21327,DEU.1_1_1136,49.2105953,9.2116105,1,0.3447067122555012,2,1.5281290352157337e-05
88627,RUS.38_1_782,59.916275780786435,29.08820046735816,131,0.3447682571821516,2,1.5281290352157337e-05
26938,DNK_1487,55.754429,8.7090508,14,0.3447693459657702,2,3.040199536737005e-05
83921,RUS.23_1_738,54.7212443,35.991054,120,0.3447876489914426,2,1.5281290352157334e-05
61033,ITA.6_1_578,44.23116865001759,10.654645569654608,85,0.3448003705684596,2,1.5281290352157337e-05
42851,FRA.2_1_1242,46.2456691,4.786617999999999,58,0.3448359069376527,2,1.5281290352157334e-05
97623,RUS.58_1_27,48.8927995,40.60299587229726,144,0.3448648800427872,2,1.5281290352157337e-05
9137,BUFFER_0760_12,39.38660075,20.11098031680681,3,0.3449325259779951,2,3.056030388802876e-05
123157,UKR.24_1_300,49.28964,27.938215126340346,179,0.3449478606356967,2,4.660940729037636e-06
39245,FRA.12_1_2695,47.48927110000001,-2.0504147,62,0.3449840006112469,2,1.5281290352157337e-05
16044,CZE_715,50.63175739999999,14.133897799999998,28,0.3449909573655256,2,1.5281290352157337e-05
97423,RUS.58_1_1278,47.45472095849659,40.104451975,145,0.3450062499999999,2,1.5281290352157337e-05
9752,BUFFER_0872_87,39.5784244,27.851892483585285,18,0.3450257411369193,2,1.5281290352157334e-05
71842,POL.11_1_1176,54.59920910000001,17.8870645,110,0.3450881188875306,2,1.5281290352157337e-05
129911,UKR.8_1_550,49.97021475,36.225118490955296,191,0.3451196172066014,2,1.5281290352157337e-05
5141,BLR.5_1_126,54.17049017238047,27.229124778238383,8,0.3451288814180928,2,5.107012631089648e-06
7803,BUFFER_0547_183,60.47253849999999,5.411584399999999,12,0.3451518452017114,2,7.636376956374599e-06
105220,RUS.70_1_713,54.076037199999995,38.2518166,160,0.345158091381418,2,1.5281290352157334e-05
64833,MDA_145,47.57475230000001,27.986628044435875,96,0.3452102345660146,2,1.5281290352157334e-05
28266,ESP.10_1_92,40.01703890012306,-0.2780113080409915,46,0.3452497784229828,2,1.5281290352157334e-05
128526,UKR.6_1_315,48.06648479999999,37.79807970000001,192,0.3453283427567236,2,1.5281290352157334e-05
37173,FRA.10_1_2128,46.3081693,-0.6446072,54,0.3454598105134473,2,1.5281290352157337e-05
49053,GBR.1.27_1_77,53.591146,-1.0166112,68,0.3455132487775061,2,1.5281290352157337e-05
59235,ITA.1_1_94,42.0152566,14.163789804084477,86,0.3456059863997555,2,2.947710738167655e-07
88702,RUS.38_1_874,60.6696403,33.4973988,123,0.3456101887224939,2,1.5283742308157544e-05
86259,RUS.34_1_225,45.33532955,37.121024158071705,125,0.3456606738997555,2,1.5281290352157337e-05
26690,DNK_1123,56.481818899999986,10.0605044,14,0.3456793131112469,2,6.025050629274438e-06
80059,ROU.5_1_52,47.22116574999999,22.385259576022683,116,0.345752013294621,2,1.70742771338674e-05
41743,FRA.1_1_339,46.2392716,6.0132421,60,0.3457716648838631,2,9.093096433411609e-08
121745,UKR.1_1_323,49.19820654999999,31.460264099999993,180,0.345772776589242,2,1.5281290352157337e-05
73461,POL.14_1_941,53.830664509508374,22.362167865458428,109,0.3457761766503667,2,1.5281290352157337e-05
128475,UKR.6_1_268,48.39077095000001,37.84489994999999,192,0.3458694834963324,2,5.837990476687195e-11
21305,DEU.1_1_1115,48.47307055,9.960618656396388,1,0.3458785987163814,2,2.164418498244735e-07
77602,PRT_206,38.877170099999994,-9.1806438,115,0.3459334084657701,2,7.4493070041972125e-06
124072,UKR.26_1_570,46.8204842,35.19313760463781,187,0.3460467833129584,2,7.65938251293145e-06
34737,EST_327,59.2910601,25.60342243417897,52,0.3460747287591686,2,1.5281290352157334e-05
22633,DEU.2_1_1302,48.33920165,11.82408805,35,0.3460861590770171,2,8.633950011371987e-06
116927,UKR.12_1_34,50.6115333,30.37857719999999,188,0.3460924816625916,2,1.5281290352157334e-05
16122,CZE_79,50.1100272,14.6999656,28,0.3461218558985329,2,2.3332501938493157e-08
107072,RUS.76_1_402,55.59883219999999,40.3348124,138,0.3461364876222493,2,1.5281290352157334e-05
40496,FRA.1_1_1034,45.5911734,5.91556958959323,60,0.3461427720048899,2,2.228503699692182e-07
74149,POL.1_1_106,50.9902221,17.21823,112,0.346142878973105,2,7.61232058238368e-06
41464,FRA.1_1_2845,46.105992099999995,4.740414799999999,58,0.3461602995110023,2,1.5281290352157334e-05
14359,CZE_1455,50.13144110000001,14.2908699,26,0.346198513905868,2,1.5281290352157334e-05
65301,MDA_2462,48.398228200000005,27.7939354,100,0.3463038584963325,2,1.5281290352157337e-05
28028,ESP.10_1_285,39.94915209999999,-0.1533078,46,0.3463247555012224,2,1.5281290352157334e-05
85884,RUS.34_1_1328,45.8154909,40.9723373,126,0.3463263829462101,2,1.5281290352157337e-05
74490,POL.1_1_870,51.17416209999999,16.740469995454546,112,0.3463345545537896,2,1.5281290352157337e-05
42054,FRA.1_1_4102,45.78980963650053,4.824409034011757,59,0.3464003820293398,2,1.5281290352157334e-05
59140,ITA.1_1_109,42.51138584999999,13.410753824191453,86,0.3464414769254277,2,3.891993651124797e-11
32145,ESP.4_1_505,40.041661899999994,-1.6443066485553497,50,0.3464735903117358,2,1.528129035215734e-05
62446,LTU_746,55.906825700000006,21.1038421,87,0.3465292252444987,2,1.5284174791209692e-05
72899,POL.12_1_70,50.12561715,18.529911143804107,111,0.3465367550427872,2,1.5281290352157337e-05
123564,UKR.26_1_100,46.816532599999995,35.24970274455076,187,0.3465493505501221,2,1.5281290352157334e-05
69249,NOR.12_1_88,59.80922775,10.777590832024876,108,0.3465574533924204,2,7.554072747066604e-06
43526,FRA.3_1_171,48.10996750089856,-1.6074078598023382,66,0.3466791335574571,2,2.0822166033517664e-10
65043,MDA_2017,47.799840999999994,29.0758024,101,0.3466954003667481,2,1.526605319701318e-05
93862,RUS.47_1_951,55.34863330000001,42.1520787,140,0.3466959275672371,2,1.5281290352157334e-05
99781,RUS.62_1_720,53.24671451300816,50.18467000851299,148,0.3467022616136919,2,1.5281290352157334e-05
41806,FRA.1_1_3544,46.0534869,4.7209847,59,0.3467142000305624,2,1.527965571482386e-05
88553,RUS.38_1_704,59.853324999999984,29.064120700000004,131,0.346725450794621,2,1.5281290352157337e-05
86223,RUS.34_1_189,45.41512305,36.76767744999999,125,0.3467706601466992,2,1.5281290352157337e-05
77525,PRT_1904,38.76237175,-9.244325449999998,115,0.3468032663508557,2,1.528129035215734e-05
108338,RUS.78.5_1_165,59.28618099999999,37.90109399999999,169,0.3468314601161368,2,1.5281290352157334e-05
79509,ROU.30_1_19,46.937410500000006,26.34653102090413,102,0.3468394063264058,2,1.5281290352157337e-05
8922,BUFFER_0691_38,67.7645346,15.15307846895661,17,0.3468471768031785,2,1.1675980953374388e-10
95016,RUS.53_1_396,51.77461334999999,52.514406665785906,147,0.3468650404951099,2,1.5281290352157337e-05
73626,POL.15_1_22,52.17912947524582,16.79683473452766,112,0.3469004355134474,2,9.247199630994738e-06
90302,RUS.42_1_210,54.3042716,45.0686158,134,0.3469899717298288,2,1.5281290352157337e-05
67293,MKD_104,42.14103575,21.69396985711814,4,0.3470191969743276,2,1.504237448389256e-05
99645,RUS.62_1_566,53.583983800000006,49.2452314,148,0.3470240143643032,2,1.5281290352157334e-05
52451,GBR.4_1_3839,51.678513,-4.144893999999999,76,0.3470330799205378,2,1.5281290352157337e-05
8421,BUFFER_0622_5,42.85067759999999,10.436258626084916,86,0.3470887339547677,2,2.8016217448031865e-05
128590,UKR.6_1_375,47.9306438,38.207042484045765,192,0.3470902276894864,2,2.2888182966160245e-06
73851,POL.15_1_790,52.036809950000006,17.6443508,112,0.3471196019254279,2,2.2317171584707844e-05
15202,CZE_279,50.0097823,14.644506899999998,28,0.3471203239608801,2,1.5281290352157337e-05
91713,RUS.44_1_158,55.48238789999999,37.86445330000001,136,0.3471422104217604,2,1.5281290352157337e-05
64760,MDA_1301,46.773090749999994,29.822350459076944,97,0.3471428942542786,2,1.5281290352157337e-05
49487,GBR.1.33_1_87,51.76926389999999,0.5194581,70,0.3471841113997554,2,1.5281290352157337e-05
96410,RUS.55.41_1_153,57.91039275000001,56.14982251651099,141,0.3474173708740831,2,5.837990476687195e-11
66874,MDA_583,45.80714389999999,28.4232549,99,0.3474177490831296,2,1.5281290352157334e-05
97455,RUS.58_1_1308,46.99781125,39.23031787594404,145,0.3474276092603912,2,1.5281290352157337e-05
99782,RUS.62_1_721,53.4863665,49.5368278,148,0.3474711224022004,2,1.5281290352157334e-05
53243,GBR.4_1_6294,51.60697579999999,-3.4046709999999996,78,0.3476269827322738,2,1.5281290352157334e-05
103613,RUS.68_1_24,55.6236854,52.2920695,158,0.3476341228606356,2,3.503494339415799e-07
79630,ROU.32_1_55,44.9921609,26.426615799999997,116,0.3476408007334962,2,1.5281290352157334e-05
103644,RUS.68_1_268,55.9203187,49.145053283517846,157,0.347650469896088,2,9.729984127811992e-10
81967,RUS.1_1_156,44.81705509999999,40.34025560054155,126,0.3476735291870415,2,2.7471322969593494e-05
70344,NOR.17_1_93,70.10379459999999,22.534776563331796,17,0.3476968444376528,2,1.5281290352157337e-05
25027,DEU.7_1_488,49.5713091,8.9524797,1,0.3478035605134474,2,1.5281290352157334e-05
37525,FRA.10_1_495,44.03813889314777,-0.9106255115151488,47,0.347808186888753,2,5.837990476687195e-11
62303,LTU_597,54.78835010000001,24.66766835,87,0.3478581257640586,2,1.110423648971072e-05
25390,DEU.8_1_288,54.1394762,13.666065095410708,37,0.3479717680317847,2,1.5281290352157337e-05
44729,FRA.6_1_269,48.286148,5.0715898,63,0.3479752750611247,2,7.676969712369731e-06
65746,MDA_3314,46.20288119999999,28.387124199999995,99,0.3480818230440097,2,1.5281290352157334e-05
112856,SVK_348,49.2757535,21.603109549999996,27,0.3481200527200488,2,3.099972943120901e-08
78758,ROU.15_1_69,43.8041032,28.522441199999996,102,0.3481337102689487,2,1.5281290352157334e-05
120343,UKR.17_1_413,45.635753599999994,28.815766599999996,98,0.3481436468520781,2,7.646308026841056e-06
78037,PRT_631,40.8040449,-8.557382300000002,43,0.3481442351772615,2,2.018369694119731e-05
30054,ESP.1_1_1159,37.53042815049669,-7.294646705522059,115,0.348263458893643,2,1.528129035215734e-05
70150,NOR.16_1_7,59.0542893,9.647415,108,0.348266094896088,2,1.5281290352157337e-05
95688,RUS.55.20_1_12,58.39016789999999,54.3978340734087,142,0.3482787171454767,2,1.5281290352157334e-05
77746,PRT_341,39.3165731,-8.921655563797563,115,0.3483463401589241,2,5.643390794130956e-10
116841,UKR.12_1_254,49.56266675,30.878818169439658,180,0.3484183908924204,2,1.604845935485218e-05
97062,RUS.57_1_525,56.31919070000001,28.5960745,153,0.3484239303178484,2,1.5281290352157337e-05
49397,GBR.1.32_1_72,50.9144406,0.2442606999999999,67,0.3485036942237164,2,1.7620582176455377e-05
72006,POL.11_1_31,54.4808511,17.004968268326852,110,0.3485352918704156,2,6.849526786405233e-06
42394,FRA.1_1_613,45.29030519999999,5.546411099999999,59,0.3485792519865525,2,2.313318957117845e-07
6255,BUFFER_0366_104,35.61699689999999,-5.9199403,10,0.3485887797982885,2,1.528129035215734e-05
48228,GBR.1.117_1_11,52.12693162272862,-2.3047384141207914,9,0.3486165609718826,2,2.0362999047815595e-05
103427,RUS.68_1_1210,55.61990769999999,50.890330843335946,158,0.348633148685819,2,1.5281290352157334e-05
7900,BUFFER_0548_25,61.91214690000001,5.441917899999999,12,0.3487028613997554,2,7.639526227903967e-06
40386,FRA.13_1_666,43.44485528101825,5.242835265523593,57,0.3487147539731051,2,5.837990476687195e-11
125252,UKR.4_1_161,45.27128849999999,33.66508030000001,186,0.3487168283924206,2,2.289560202119287e-05
17163,DEU.10_1_1780,51.84963400032428,8.031352548801408,31,0.3487683030256723,2,1.5281290352157337e-05
16793,DEU.10_1_1422,51.208271399999994,7.0249286,30,0.3488384054095353,2,1.5281290352157334e-05
27773,DNK_915,57.49256825,10.20081860475196,14,0.3489351925427872,2,1.5281290352157337e-05
102708,RUS.67_1_211,51.791268200000005,42.31146944999999,156,0.3489415991748166,2,5.090373955819666e-06
68036,NLD_374,52.04224008465575,4.293444832592082,103,0.3490207136308068,2,1.1675980953374388e-10
43241,FRA.2_1_420,46.37197010267946,5.641883975476516,60,0.3490260505806845,2,3.891993651124797e-11
93458,RUS.47_1_45,56.34032014999999,43.91930564401569,139,0.3490387874388753,2,1.5281290352157334e-05
95499,RUS.55.14_1_6,56.73734795,54.92007377951381,143,0.3490407357885084,2,1.5281290352157337e-05
15741,CZE_423,48.6221779,14.250324000000004,26,0.3491034993887529,2,1.5281290352157334e-05
15179,CZE_272,50.14477719999999,14.6413581,28,0.3491123166259168,2,3.5436602193491284e-08
38374,FRA.11_1_439,43.1123539,0.1930138,48,0.3491327628361858,2,1.4185397865871528e-07
38237,FRA.11_1_302,44.0074441,1.3283142,48,0.349154141198044,2,1.7513971430061587e-10
61422,ITA.8_1_26,42.287385949999994,12.39233971331922,86,0.3492026016198044,2,4.90068209625694e-06
118950,UKR.15_1_479,49.83141714999999,38.73577104807718,183,0.3492327895782395,2,8.556784776135123e-06
56620,ITA.10_1_373,45.16923419999999,10.818404895068538,85,0.3493057304400978,2,1.812606934112463e-07
16576,DEU.10_1_1216,51.49699009999999,6.9162936,30,0.3493268757640586,2,1.4997023401831971e-05
70116,NOR.16_1_3,59.0488978,9.674299,108,0.3493664654645477,2,1.5281290352157337e-05
120577,UKR.17_1_631,46.9583168,30.82314525545816,184,0.3493743696515892,2,5.281435384576351e-09
104785,RUS.70_1_270,54.36991435,37.67398481203677,136,0.3493996981968215,2,1.5281290352157337e-05
65081,MDA_2079,46.632008,29.1943619,99,0.3494990143643031,2,1.5281290352157337e-05
107968,RUS.77_1_775,47.6424306,43.306083099999995,119,0.349508637683374,2,1.5281290352157337e-05
43339,FRA.2_1_568,46.78233079999999,4.452284950000001,59,0.3495300848105133,2,7.640119756935767e-06
21496,DEU.1_1_1448,48.03529620000001,7.857454008684693,34,0.3495328812652811,2,1.5281290352157334e-05
51763,GBR.3_1_549,55.93147633510691,-3.2019718284736216,73,0.3495914005195598,2,1.5281290352157337e-05
127816,UKR.6_1_1179,48.7999522,37.42132069513441,191,0.3496854714242053,2,1.5281290352157337e-05
38466,FRA.11_1_535,44.20815679999999,4.6591979,56,0.3496882716992665,2,4.04663444970408e-06
28480,ESP.11_1_42,38.7150337,-6.80051556893812,44,0.3497513753056234,2,1.528129035215734e-05
77958,PRT_55,38.9323441,-8.5342667,115,0.349781116289731,2,1.5281290352157337e-05
113115,SVK_748,48.88974009999999,21.003654500000003,27,0.3498621141503667,2,8.148166708176272e-09
108555,RUS.79_1_1137,50.6405506,39.15208869999999,166,0.3498633748471882,2,1.5281290352157337e-05
52233,GBR.4_1_2511,51.79835659999999,-4.9810783,76,0.3498840502750611,2,1.5281290352157337e-05
38801,FRA.11_1_983,43.2844994,1.9675774,48,0.3498971424205379,2,2.988327393976872e-05
90910,RUS.43_1_306,55.66821850000001,37.53960750284408,136,0.3499497707823961,2,2.8298982262437874e-05
30353,ESP.1_1_392,37.40790970000001,-6.1013817724683586,44,0.3499950488997554,2,1.528129035215734e-05
26423,DEU.9_1_792,52.3632434,7.982012600000001,39,0.3500954576711491,2,1.5281290352157337e-05
120662,UKR.17_1_713,46.541476499999995,30.678172,184,0.3501006074266503,2,4.203509114568746e-07
23123,DEU.2_1_388,48.3231377,11.9150271,35,0.3501076749694377,2,1.5281290352157337e-05
76035,POL.7_1_1938,52.35002198117445,21.242331599999996,109,0.3501245644865524,2,1.5281290352157334e-05
89366,RUS.39_1_477,52.6508391,39.561857,132,0.3501459619498777,2,1.494071036564282e-05
30494,ESP.1_1_522,37.08522324999999,-4.935796518652397,44,0.3501619002139364,2,1.528129035215734e-05
50675,GBR.1.67_1_250,53.073971,-0.8610333,70,0.350174587408313,2,1.5281290352157337e-05
50995,GBR.1.86_1_42,52.3901773,-1.8226551,9,0.3502995377444988,2,1.5281290352157337e-05
71340,NOR.7_1_240,60.347653150000006,5.295335656432426,12,0.3503271890281174,2,2.1092659592270837e-08
458,AUT_2072,46.62882145,14.810246639024392,0,0.350329343673594,2,1.5281290352157337e-05
113926,SWE.13_1_84,55.95586680000001,13.4868915,175,0.3503601237775061,2,1.5281290352157337e-05
110657,RUS.7_1_454,51.3556548,37.660277099999995,127,0.350425844284841,2,1.5281290352157334e-05
129360,UKR.7_1_266,48.57778605,24.42904925635612,178,0.3504452437347188,2,1.5281290352157334e-05
19074,DEU.11_1_427,50.5411937,7.3019503,32,0.3505170614303178,2,1.5281290352157337e-05
112932,SVK_478,48.432844925000154,20.34683869924333,27,0.3505668742359413,2,4.5274231595467e-06
4337,BLR.2_1_580,51.9306661,29.66443199999999,185,0.350574281784841,2,6.7478640271523485e-06
97175,RUS.58_1_1023,47.3967482,40.02375877425104,145,0.3506244040342298,2,5.3459868792757234e-08
128326,UKR.6_1_1680,47.17655119999999,37.9185867,192,0.3506464318459658,2,1.5281290352157334e-05
47863,GBR.1.105_1_53,53.713816225001615,-1.3410537642237388,69,0.3506645171149143,2,1.5281290352157337e-05
17837,DEU.10_1_2532,51.3967269,8.516595999999998,31,0.3506899335268948,2,4.7287722861166295e-09
38569,FRA.11_1_633,44.19551979999999,4.6154992,56,0.3507521240831295,2,1.5281290352157334e-05
121780,UKR.1_1_355,49.514918050000006,32.38290290420702,185,0.3507645362163814,2,1.5281290352157337e-05
65346,MDA_26,47.0975512,28.789311699999992,97,0.3508700565403422,2,1.5281290352157337e-05
36846,FRA.10_1_1254,43.742756699999994,-1.0568273,47,0.3508814983190708,2,1.528129035215734e-05
70439,NOR.18_1_280,58.159042250000006,6.712287696887737,13,0.3508989685207823,2,2.8012842255525654e-05
87359,RUS.37_1_460,52.0602633,34.459841899999994,122,0.3509716152200489,2,7.641987913888306e-06
126021,UKR.4_1_890,45.1857343,35.4742347951642,186,0.3511042940097799,2,2.899024067482541e-06
124486,UKR.27_1_189,49.87461135000001,29.452549349999995,179,0.351162175275061,2,7.63511409710133e-06
72977,POL.12_1_858,50.26019995,19.03152417465133,111,0.351163611705379,2,1.9265368573067747e-09
62452,LTU_752,54.712927650000005,23.20536505946378,87,0.3511751833740831,2,1.3378678121956384e-05
93879,RUS.47_1_969,55.9805115,43.1060679,139,0.3512234604217603,2,1.5281290352157337e-05
62315,LTU_607,54.64333560000001,25.207795080335895,87,0.3512361858190709,2,1.6052527814064224e-08
129144,UKR.6_1_931,48.636348100000006,37.137146649999984,193,0.3512694300122249,2,1.9392167855288385e-05
71631,NOR.9_1_106,63.9994614,11.5040253,106,0.351272757487775,2,5.66285076238658e-09
29850,ESP.18_1_49,37.6745416,-1.1807671,44,0.3512827628361857,2,1.5281290352157334e-05
44033,FRA.4_1_249,47.25142679999999,1.3410924,54,0.3512854981662591,2,8.564028127352962e-06
16212,CZE_870,49.211889910196824,16.14385560131725,27,0.3513028996026894,2,1.5281290352157334e-05
46546,FRA.8_1_438,48.6981251,2.2508741999999997,65,0.3513587790342297,2,1.7795946675472305e-05
58195,ITA.15_1_247,38.19069569999999,15.3115947,83,0.3514669888447432,2,1.528003518420485e-05
79104,ROU.21_1_16,44.9380674,23.1386632,116,0.3514855898533007,2,1.5281290352157337e-05
50914,GBR.1.82_1_21,53.664978899999994,-2.97421646980897,9,0.3515837102689486,2,7.640586796173902e-06
56087,IRL_349,53.41403494999999,-6.414962480890967,81,0.3516186965158923,2,1.5281290352157334e-05
69492,NOR.13_1_96,59.02564624999999,7.085491355767809,13,0.3516270782396088,2,6.8103493508168535e-06
28536,ESP.11_1_93,39.89110405000001,-5.511156759005415,50,0.3516605478300733,2,1.528129035215734e-05
79020,ROU.1_1_16,46.195567,23.689129467850204,116,0.3516690900061124,2,5.944544099534406e-06
20850,DEU.15_1_75,53.910350349999995,9.214840342964733,33,0.3517082327322738,2,2.629203237744065e-05
36458,FIN.5.6_1_121,61.9397143,24.128358694729023,53,0.3517445904645475,2,1.5270227360204016e-05
54055,GRC_463,40.5970722,22.3656349,3,0.3517463898227383,2,1.1286235790547311e-05
86864,RUS.34_1_869,46.0728654,38.95877910000001,126,0.3517782587102689,2,6.989425821949356e-06
93276,RUS.47_1_211,56.38944709999999,43.7037963,139,0.3518031441014669,2,1.5281290352157334e-05
4983,BLR.4_1_369,54.20866929999999,31.05450429999999,7,0.3519408733190708,2,6.6687284005931415e-06
76702,POL.9_1_193,50.10726645531464,21.99770932456385,114,0.351965548594132,2,1.5281290352157337e-05
435,AUT_200,47.34465865000001,15.690638382180316,0,0.3519802490831295,2,2.1225988446568154e-05
76039,POL.7_1_1947,52.27883817306108,21.12819387709491,109,0.3520207021699266,2,1.5281290352157334e-05
89591,RUS.39_1_685,52.5715392,38.20599609999999,132,0.3522809329156479,2,1.5281290352157334e-05
95848,RUS.55.31_1_13,57.362419299999985,55.867679149999994,141,0.3522859680623471,2,1.5281290352157334e-05
34447,ESP.9_1_96,42.17233889999999,-1.6697339,46,0.352300469896088,2,5.829918134933027e-06
87454,RUS.37_1_546,51.71571320000001,36.4435984,127,0.352399339089242,2,3.851363103021358e-06
94853,RUS.52_1_71,52.4369561,37.5549753,128,0.3524927070599021,2,3.82154856603944e-08
11546,BUFFER_1328_164,54.29331899999999,59.4759584,21,0.3525298937958435,2,1.5281290352157334e-05
41935,FRA.1_1_391,45.32728720000001,4.8080917,59,0.352594517878973,2,2.61275228738419e-06
79678,ROU.34_1_21,47.7822652,22.897128799999997,116,0.3528138065403422,2,1.5281290352157337e-05
4356,BLR.2_1_71,52.447541,30.8291071,7,0.3528172333435208,2,2.2034091738056163e-08
125926,UKR.4_1_80,45.4176451,33.24368719999999,186,0.3528513141809291,2,1.5281290352157337e-05
106621,RUS.75_1_257,54.37437669999999,48.8033903,159,0.3528970010696821,2,1.5281290352157334e-05
6217,BUFFER_0347_7,51.82688579999999,-8.2537679,81,0.3529374121332518,2,7.636636422618e-06
88305,RUS.38_1_40,60.8245642,30.438179099999996,129,0.3530230210880195,2,1.5281290352157337e-05
94955,RUS.53_1_256,51.67981340000001,54.687534799999995,147,0.3530271470048899,2,1.5281290352157337e-05
129042,UKR.6_1_831,48.44143095,37.354861958964854,193,0.3531565479828851,2,1.5281290352157334e-05
113957,SWE.14_1_22,59.25625839999999,17.150240799999995,173,0.3531702704767726,2,1.5281290352157337e-05
124740,UKR.2_1_102,51.6004723,31.21780105500868,185,0.3531728300733495,2,1.5281290352157337e-05
48553,GBR.1.19_1_150,53.18505889999999,-2.8542626499999995,9,0.3532883863080683,2,1.5281290352157337e-05
116699,UKR.11_1_99,50.457510599999985,30.7129557,188,0.353324568306846,2,1.5281290352157334e-05
7885,BUFFER_0548_11,61.6040246,5.315677599999999,12,0.353342072891198,2,8.854285556308914e-10
26165,DEU.9_1_492,51.6281278,10.2590067,38,0.3533630654034229,2,2.37130435815505e-06
73583,POL.15_1_18,52.64710439999999,16.847561599731264,110,0.3534677108801955,2,1.004974807553384e-05
85572,RUS.34_1_1037,46.130241700000006,39.7562997,126,0.3535435093215158,2,1.5281290352157337e-05
46776,FRA.8_1_680,49.06727455009566,2.1797667745477702,65,0.3536158427567237,2,1.5281290352157334e-05
50557,GBR.1.63_1_55,54.1276034,-0.837418,69,0.3536653117359412,2,8.306761896337098e-06
130112,UKR.8_1_754,48.906833799999994,37.1449628,191,0.3537364150366747,2,1.5281290352157334e-05
118311,UKR.14_1_504,49.09618404999999,24.25684255,178,0.353740942084352,2,5.100627609305209e-06
106515,RUS.75_1_124,54.1064008,46.5972695,149,0.3537538737775061,2,1.5281290352157334e-05
103386,RUS.68_1_1172,55.56917789999999,51.96515149999999,158,0.3538083473410758,2,3.064945000260777e-09
22034,DEU.1_1_635,49.516792260296896,9.352520701596488,1,0.3538474900672371,2,1.5281290352157337e-05
30426,ESP.1_1_459,36.042359399999995,-5.563211607586026,44,0.3538621485330073,2,1.0520331556519787e-05
88424,RUS.38_1_548,59.4742949,30.965061699999993,130,0.3539099289425428,2,1.5281290352157337e-05
106279,RUS.74_1_411,56.13810085,54.02696905861192,143,0.3539210039731051,2,1.5281290352157334e-05
14507,CZE_1647,50.12084629999999,14.1130483,26,0.3539384512530562,2,1.1812200731163761e-08
130223,UKR.9_1_113,47.114411800000006,34.4241401,194,0.3539517955378973,2,1.5281290352157337e-05
112039,RUS.8_1_377,52.77929004999999,33.062252403436375,122,0.3540479790647922,2,1.5281290352157337e-05
50507,GBR.1.61_1_134,51.47590000000001,-2.7668848999999995,72,0.354083091381418,2,1.5281290352157337e-05
37521,FRA.10_1_491,43.4750765,-0.3112053,48,0.3541532396088019,2,1.9321617147978055e-08
2133,BEL_551,50.751134201675,5.07053165101052,2,0.3541670614303178,2,4.869696336924222e-06
95158,RUS.54_1_282,53.0738811,44.01200074748583,156,0.3541777009474328,2,1.2376539810576857e-08
123979,UKR.26_1_485,47.25145045,35.94634722396682,187,0.3542208740831295,2,1.5281290352157334e-05
19388,DEU.12_1_86,49.3076265,7.0474761,88,0.3542507602383863,2,2.0927885350361517e-05
103633,RUS.68_1_258,55.993724699999994,49.3157635,157,0.3543492626833739,2,2.7243955557873575e-10
31578,ESP.2_1_761,41.8319193,-1.5085473,46,0.3544164005195598,2,1.528129035215734e-05
14830,CZE_2089,49.5524953,14.0869617,26,0.3544225970354522,2,1.5281290352157337e-05
80338,RUS.13_1_174,56.133317800381114,47.43025433670071,157,0.3545907816320292,2,1.5281290352157337e-05
66999,MDA_622,48.102041699999994,27.366269299999995,100,0.3546059558374083,2,2.527960078428027e-05
94419,RUS.52_1_107,52.1383593,37.5948388,128,0.3547019636308067,2,1.5281290352157334e-05
44752,FRA.6_1_290,48.19136230000001,6.4913961,34,0.3547435016809291,2,3.2107429880594584e-06
98365,RUS.59_1_124,53.7442678,40.6038905,146,0.3548608114303178,2,1.5281290352157334e-05
113696,SWE.11_1_85,59.0655298,15.3990489,177,0.3550539081601466,2,1.5281290352157337e-05
44899,FRA.6_1_428,48.998361499999994,4.3378748,63,0.3550689104523227,2,7.731829948109601e-06
118842,UKR.15_1_380,48.070368049999985,39.39658575,144,0.3551129049511002,2,3.891993651124797e-11
71513,NOR.8_1_148,62.573321199999995,7.102080281362373,106,0.3553784917481662,2,1.1586363485771176e-07
26175,DEU.9_1_503,52.3355504,10.250383199999998,38,0.3554340846577016,2,1.5281290352157334e-05
9800,BUFFER_0873_15,40.68690975,29.40304679816494,18,0.355498399297066,2,5.837990476687196e-10
85469,RUS.33_1_637,58.367722999999984,42.3334382,124,0.3555428484107579,2,2.7408019485113104e-07
6181,BUFFER_0340_18,38.7276089,-9.12810561980472,115,0.3555561926955989,2,1.528129035215734e-05
110281,RUS.7_1_1072,50.9828686,36.1729157,167,0.3555933679706601,2,1.5281290352157334e-05
60734,ITA.6_1_168,44.8905265,10.648866797459933,85,0.3556872172982884,2,7.231454714532734e-08
25096,DEU.7_1_567,50.56450800001387,8.674676535425373,32,0.3557032396088019,2,1.5281290352157337e-05
51696,GBR.3_1_45,58.18760085,-4.729253532494394,73,0.355792955378973,2,1.5281290352157337e-05
122159,UKR.21_1_282,50.648224199999994,33.98522165,185,0.3558028766809291,2,1.2222057292303898e-05
10050,BUFFER_0901_125,41.0803904,30.404330500000004,19,0.3558208320599021,2,2.532650122385583e-05
51994,GBR.4_1_1242,51.9520518,-3.3813929,77,0.3558295614303177,2,1.5281290352157337e-05
122082,UKR.21_1_209,50.7589559,34.31620217216971,185,0.3558376489914424,2,2.3996800388179333e-07
101986,RUS.64_1_819,55.143718699999994,32.4837447,153,0.3558496179706601,2,1.131134338316698e-05
121203,UKR.18_1_563,49.18205665,33.4856135425228,185,0.3558498548288508,2,1.790678478927866e-08
71331,NOR.7_1_215,60.57306620000001,6.9127688,12,0.3559185666259168,2,1.5281290352157337e-05
39836,FRA.12_1_837,47.53531389999999,-0.6210832999999999,11,0.3559442122555011,2,1.198705111969972e-05
55760,IRL_130,53.16153715,-8.340143963156386,81,0.3560191320293398,2,3.888101657473672e-08
117487,UKR.13_1_269,48.235514499999994,30.6506169,180,0.3560555165036674,2,1.5281290352157337e-05
124910,UKR.2_1_290,51.80907745000001,31.16196423404132,185,0.3560791068154033,2,1.5281290352157334e-05
130527,UKR.9_1_425,46.47132834999999,33.8879311,194,0.3561069376528116,2,7.688815945693772e-06
4499,BLR.3_1_203,53.715906200000006,23.87154216839516,8,0.3562317007946211,2,2.1741889596029756e-05
70636,NOR.1_1_141,60.00832050000001,11.0475442,108,0.3562502636002445,2,7.645198808650485e-06
87649,RUS.37_1_729,51.95398085000001,36.373583038123485,127,0.3563312576405868,2,7.581790633419388e-06
4045,BLR.2_1_3,52.61892160000001,29.785532298267427,7,0.3564119460574572,2,3.891993651124797e-11
6240,BUFFER_0365_31,34.2798538,-5.7510647,10,0.3564353682762836,2,3.0512023706786573e-05
100488,RUS.63_1_508,51.944954300000006,47.799056799999995,150,0.3565043207518337,2,1.5281290352157337e-05
65369,MDA_2627,47.5332448,28.509130299999995,96,0.3565103682762835,2,1.5281290352157337e-05
9052,BUFFER_0719_8,68.4088677,17.479012300000004,17,0.3566256418092909,2,7.614999578913448e-06
128319,UKR.6_1_1674,47.94599339999999,37.927052,192,0.3566646775672372,2,2.0419787250055563e-05
81964,RUS.1_1_153,44.891787,38.8257509383318,126,0.3566704576711491,2,7.094907532022819e-06
11774,BUFFER_1329_146,57.332015200000214,60.153932184215655,24,0.3568284497249388,2,1.200290842006887e-07
71779,POL.10_1_63,52.40485065,22.870320322056905,109,0.3571911751222493,2,1.8414649411964207e-05
65315,MDA_2476,48.2675289,27.9028774,100,0.3572084084657702,2,1.5281290352157337e-05
63802,LVA_5171,56.779364400000006,23.147169099999996,51,0.3572415495110024,2,1.5281290352157334e-05
22336,DEU.1_1_941,48.27961249999999,8.625017899999998,34,0.357279458282396,2,2.574903219733557e-05
91746,RUS.44_1_1614,55.643630300000005,37.06354678900204,136,0.3573217642114913,2,2.0010683293788656e-05
103204,RUS.67_1_71,52.902886050000006,40.60800784999999,156,0.3573279034229829,2,3.0523721498067934e-05
3390,BIH_65,43.5685731,17.295891099999995,171,0.3573911330990219,2,1.7163692001460356e-08
44541,FRA.6_1_1178,49.19592785,5.656875997400581,63,0.357420045079462,2,1.5281290352157334e-05
38509,FRA.11_1_574,43.5706402,4.1997998,56,0.3574258481051344,2,1.5281290352157334e-05
63938,LVA_5966,56.4900155,27.3147194,94,0.3574373395476772,2,1.5281290352157334e-05
46470,FRA.8_1_361,48.69218359999999,2.2404304,65,0.3575229217603911,2,3.957464975143368e-06
43566,FRA.3_1_207,48.4763762,-2.743284099999999,62,0.3576105096271392,2,9.020277492819896e-06
34122,ESP.8_1_444,40.32786089999999,-3.8424249,50,0.3576450680012225,2,1.528129035215734e-05
36220,FIN.5.2_1_41,63.8583653,23.04718899584102,53,0.357718597188264,2,7.005588572024635e-10
34319,ESP.9_1_296,42.903275,-2.1833572,47,0.3578582480134473,2,1.528129035215734e-05
118731,UKR.15_1_271,48.8673793,38.52587599999999,183,0.3578982961491442,2,1.4062571775595537e-07
104365,RUS.6_1_127,55.018486,57.1756803,158,0.3579559940403423,2,1.5281290352157334e-05
66752,MDA_5501,48.14319859999999,27.9803699,100,0.3580012186735941,2,7.640353276554833e-06
115574,SWE.3_1_226,60.5472318,16.3089721,173,0.3580065212408312,2,1.5281290352157337e-05
22349,DEU.1_1_953,48.8857243,10.350478653637053,1,0.3580772616136919,2,6.752608984701523e-09
111800,RUS.8_1_134,52.8446714,34.490879799999995,122,0.3580962752139364,2,5.578045147394062e-07
60538,ITA.5_1_330,40.988266299999985,14.075138,86,0.3581755233801956,2,1.5281290352157337e-05
4233,BLR.2_1_481,52.35333419999999,31.02936439999999,7,0.3582024182457212,2,1.5281290352157334e-05
72234,POL.12_1_133,49.964978900000006,18.625343427231467,111,0.3583818115831295,2,3.951123159300749e-06
5308,BLR.5_1_295,54.1061577,28.331968000000003,8,0.3584173823349633,2,1.5281290352157337e-05
105645,RUS.72_1_363,57.41440990000002,34.1294247,161,0.3584252559596576,2,1.5281290352157337e-05
43886,FRA.4_1_117,47.490300899999994,1.684193,54,0.3584552949266503,2,1.528129035215734e-05
50836,GBR.1.76_1_16,53.6323645,-2.2572909999999995,69,0.3584890357579462,2,1.5281290352157337e-05
90233,RUS.42_1_144,54.3804182,46.408127750000006,134,0.3587700871026894,2,1.5281290352157337e-05
71100,NOR.5_1_129,70.8528701,29.0888786,17,0.3588734642420538,2,1.5281290352157337e-05
120099,UKR.17_1_172,46.49224809999999,30.6582809,184,0.3589099404034229,2,1.5281290352157337e-05
22386,DEU.1_1_990,48.8115901,9.840355399999998,1,0.3589394521699267,2,1.5281290352157337e-05
126683,UKR.5_1_1597,48.819736249999984,34.7169741,193,0.35894453698044,2,2.812459784616864e-05
65061,MDA_2035,46.8137412,29.0378735,97,0.3590269789119804,2,1.5281290352157337e-05
80587,RUS.14_1_144,59.9809301511518,30.371222696351996,129,0.3590644216075794,2,1.5281290352157337e-05
11375,BUFFER_1300_168,54.76035950000001,58.21537943294913,158,0.359174041106357,2,3.891993651124797e-11
121679,UKR.1_1_261,49.338655813651805,31.019026125,180,0.3592078316014669,2,1.5281290352157337e-05
124549,UKR.27_1_250,49.9051327,28.99629317481923,188,0.3593943154034229,2,1.213579797611368e-07
89235,RUS.39_1_355,52.4226931,40.1451104,132,0.3594699381112468,2,3.0327603897162785e-05
42770,FRA.2_1_107,47.5058882,6.464644752246084,34,0.3596040495110024,2,1.5274644494998487e-05
92745,RUS.44_1_837,55.4373786,37.6901924,136,0.3596727383863081,2,1.960372580532072e-06
53158,GBR.4_1_5995,51.5828265,-3.2200042,78,0.3598239532396088,2,1.5281290352157337e-05
85982,RUS.34_1_142,44.7557863,37.7516161,125,0.3598694376528117,2,2.3007088457328968e-05
116271,UKR.10_1_123,50.33808544999999,26.668551300613284,182,0.3599909917481662,2,1.5281290352157334e-05
62256,LTU_548,54.173897199999985,24.5093426,87,0.3600299740220048,2,1.5281290352157334e-05
43678,FRA.3_1_326,47.69191729999999,-3.0057411,62,0.3600918207518336,2,1.1979000459069053e-08
108074,RUS.77_1_886,50.12444429999999,45.41714789788136,162,0.3601481968215158,2,3.891993651124797e-11
65325,MDA_2486,48.2524114,27.9452101,100,0.3601749961797066,2,1.5281290352157337e-05
24900,DEU.7_1_351,50.578681262360654,9.656825280037037,31,0.36022480898533,2,1.5880329255416328e-05
9672,BUFFER_0871_82,38.1535212,28.715853200000005,18,0.3603373319070903,2,2.494767930370996e-07
86410,RUS.34_1_391,45.115807999999994,38.6313357,126,0.3604601275977995,2,1.5281290352157334e-05
8378,BUFFER_0604_28,62.84822059999999,8.636292,106,0.3606055585268948,2,4.45833821694842e-06
66248,MDA_428,48.2232469,26.8973599,178,0.3606132182151589,2,1.5281290352157334e-05
92643,RUS.44_1_725,55.1860958,38.34500168973107,136,0.3606764402506112,2,1.7268841407906776e-05
77928,PRT_520,38.85080665,-7.594202635551152,115,0.3606878705684596,2,3.933639387924348e-06
95753,RUS.55.25_1_31,58.0938296,55.6967434,142,0.3606926306540342,2,1.528129035215733e-05
9369,BUFFER_0844_117,38.27561299999999,26.4449538,18,0.3606964012836186,2,1.5281290352157334e-05
44950,FRA.6_1_474,48.516245999999995,7.7292323,34,0.3607539616442543,2,1.5281290352157334e-05
126801,UKR.5_1_1726,47.8445262,33.397209,190,0.3608990067237163,2,2.607635746253614e-09
24150,DEU.4_1_340,51.4881167,13.7827911,37,0.3609463477995109,2,1.5281290352157334e-05
80673,RUS.14_1_227,60.22226555000001,29.62063942722305,129,0.3610089203850855,2,2.529990472913675e-08
23334,DEU.2_1_590,48.72788404999999,10.923087911049311,35,0.3610264211491442,2,1.5281290352157337e-05
24694,DEU.7_1_127,51.1834095,9.060161200215967,31,0.3610828430623472,2,1.5281290352157337e-05
11522,BUFFER_1328_131,54.29350509999999,59.475365499999995,21,0.3612325374388753,2,1.5281290352157334e-05
2033,BEL_457,49.85649825000001,5.450957413961921,2,0.3613025710574572,2,2.4360568313546445e-05
54068,GRC_504,39.02472439999999,22.262783399999996,3,0.3613573196821516,2,1.527906746778345e-05
60542,ITA.5_1_334,41.1582265,14.1664153,86,0.3613791564792176,2,9.710990995531156e-07
30923,ESP.1_1_958,36.7935529,-2.8036942999999996,44,0.3614072509168703,2,1.5281290352157337e-05
71727,POL.10_1_180,52.93980650000001,22.72892448006728,109,0.3614461835268948,2,1.5281290352157334e-05
21074,DEU.16_1_418,51.3344156,11.405321820918369,36,0.3614580302567237,2,1.5281290352157337e-05
51473,GBR.3_1_167,55.784878199999994,-4.1093419,73,0.3614649679095355,2,1.5281290352157334e-05
64744,MDA_1282,46.425824654142616,29.2672016,97,0.3615338554400977,2,1.5281290352157337e-05
3956,BLR.2_1_218,51.73977864999999,29.37708914765439,7,0.36157695599022,2,1.5281290352157334e-05
42638,FRA.1_1_868,45.6287448,5.9040947,60,0.3615847532090465,2,7.640283220669112e-06
65458,MDA_2902,47.5224872,28.808889499999992,101,0.3616554974022004,2,1.5281290352157337e-05
64965,MDA_1924,46.7069589,28.231408,102,0.3618208817237164,2,1.5281290352157337e-05
127814,UKR.6_1_1177,48.8490437,37.4311458,191,0.3618490411063569,2,1.5281290352157337e-05
127222,UKR.5_1_589,48.421566199999994,34.9191974,190,0.3618679057151588,2,1.933942116191033e-05
81000,RUS.19_1_137,56.57975635,40.372659366681994,117,0.3618718291564792,2,7.661066466766088e-06
15118,CZE_261,49.94237540000001,14.3671335,28,0.3619102345660147,2,7.640411656459601e-06
19829,DEU.13_1_548,51.863748650000005,11.095128466403514,36,0.3619979943459657,2,1.5281290352157337e-05
19883,DEU.14_1_1,51.0414851890216,13.64970881088217,37,0.362029515586797,2,1.1886463234185124e-05
562,AUT_2351,48.22719465,16.33423918105437,0,0.3621231738997554,2,1.145358131616726e-09
85956,RUS.34_1_1393,45.28981107555305,39.564565206119156,126,0.3621282548899755,2,9.180498778014669e-08
76498,POL.8_1_113,50.842634875576664,18.50769572813699,111,0.3621463057762836,2,5.53772316650291e-08
97691,RUS.58_1_343,47.528079299999995,42.250165,145,0.3622151512836186,2,1.5281290352157337e-05
87467,RUS.37_1_559,51.5134282,37.68835638259349,127,0.3622851696210268,2,1.5281290352157337e-05
125379,UKR.4_1_281,45.8345342,33.777022099999996,186,0.3622878705684597,2,3.6540955391997966e-08
14199,CZE_1266,50.25883554999999,17.228492753331132,27,0.3623073769865525,2,1.6183596627526698e-05
121864,UKR.1_1_437,49.56516125,31.778771656419405,180,0.3623791564792176,2,2.037344835548657e-05
51910,GBR.4_1_106,51.6576474,-3.0595152,76,0.3624974556845966,2,1.5281290352157337e-05
9874,BUFFER_0873_63,40.927901,29.415027,19,0.3625021355440097,2,1.5281290352157334e-05
113288,SVN_229,45.81108739999999,13.9505443,171,0.3625621026894865,2,1.5281290352157337e-05
29730,ESP.18_1_105,37.67173699999999,-1.3408175,44,0.3628310589853301,2,2.489817467278447e-05
8617,BUFFER_0650_1,43.1941466,13.789720420394524,86,0.3628464967909536,2,1.5281290352157337e-05
118650,UKR.15_1_198,49.22294875,38.560647849999995,183,0.362953613997555,2,2.2144061156003235e-05
37120,FRA.10_1_202,45.0395289,0.2919157999999999,54,0.3631003018031784,2,7.468516030385355e-06
73605,POL.15_1_2,52.4199999,16.892720499999996,112,0.3631273036369192,2,4.913641984545056e-09
75268,POL.4_1_756,50.4265662,23.405147899999996,114,0.3631960536369193,2,1.5281290352157337e-05
130713,UKR.9_1_63,46.94160039999999,34.39427559999999,194,0.3632783351161369,2,2.429992649230571e-06
68058,NLD_397,51.90290619999998,5.8995393,29,0.3633764478911979,2,1.5281290352157337e-05
109948,RUS.79_1_759,51.85707689999999,39.857162499999994,165,0.3634678254889975,2,3.828359554928908e-08
62378,LTU_677,54.71024375,25.66760758746758,8,0.363544441473105,2,1.054129759225131e-06
129981,UKR.8_1_614,49.72893880000001,36.8260423,191,0.3636070255195599,2,9.18544901469361e-06
126061,UKR.4_1_927,45.5900937,33.37782982210145,186,0.3636955952017113,2,7.641634391131659e-06
92307,RUS.44_1_394,54.6218719,38.6849687,146,0.3637153957823961,2,9.589350671175069e-06
57393,ITA.12_1_32,41.444855399999994,14.073308716760804,86,0.3637511422677262,2,1.5281290352157334e-05
66020,MDA_3812,48.2031742,27.680144899999995,100,0.3637527353300733,2,1.5281290352157337e-05
19065,DEU.11_1_417,50.12870355,7.153115054640533,32,0.3637961873471882,2,1.5281290352157337e-05
5551,BLR.5_1_551,54.40104665,28.585149987697317,8,0.3638000038202934,2,7.63882372304994e-06
58942,ITA.17_1_30,46.527318699999995,10.954674746467925,85,0.3639233076100244,2,1.5281290352157337e-05
123166,UKR.24_1_309,48.78974945,28.243296698363867,179,0.363981376069682,2,2.06314644100572e-06
14185,CZE_1251,50.451032999999995,13.4721231,26,0.3639982770476772,2,1.5281290352157334e-05
6063,BLR.7_1_13,53.8666912,27.4221194,8,0.3642721768031783,2,1.5278593200557104e-05
82098,RUS.20_1_118,43.49687305,44.059487749999995,154,0.364309749388753,2,7.731678009426076e-06
103041,RUS.67_1_523,52.13387,40.9461758,156,0.3643965808374083,2,7.624616577610186e-08
125715,UKR.4_1_594,45.8643722,34.1279688,186,0.364399587408313,2,7.25331396791873e-08
43204,FRA.2_1_380,47.9676889,3.3871530999999995,61,0.3644411025366748,2,1.5281290352157337e-05
52692,GBR.4_1_4774,51.69585370000001,-3.5281660999999995,75,0.3644459466687041,2,1.5281290352157337e-05
27761,DNK_899,54.8996207,11.11313485226143,15,0.3644645744193153,2,7.64045057639611e-06
55577,HUN_75,47.61405015,17.276680799170926,80,0.3645419697432763,2,1.9472070634423795e-05
117966,UKR.14_1_19,49.2733373,23.41921011000772,182,0.3647014173288508,2,7.670463407437221e-06
14758,CZE_1984,49.71112589999999,15.020279299999997,28,0.3647990602078239,2,5.0939385904212905e-06
65171,MDA_2246,46.815887149999995,28.26284514510542,99,0.364828652200489,2,1.5281290352157334e-05
679,AUT_2749,48.3463733,13.40176428038348,35,0.3648558259474327,2,1.5281290352157337e-05
65204,MDA_2305,46.32491749999999,28.4505949,99,0.3648583129584352,2,1.5281290352157337e-05
92265,RUS.44_1_356,56.3806352,38.46201048336842,137,0.3648891427261613,2,1.5281290352157334e-05
130263,UKR.9_1_159,46.6510925,33.70398208007549,194,0.364941507487775,2,4.472582089218531e-06
93266,RUS.47_1_200,55.27169455,43.68066368105979,140,0.3650434596577017,2,1.5281290352157334e-05
48523,GBR.1.18_1_24,53.16727464999999,-2.4092193039708247,9,0.3651515395782396,2,1.5281290352157337e-05
43007,FRA.2_1_185,47.65240179950925,6.836448532041991,34,0.3651721691625916,2,9.729984127811992e-11
38202,FRA.11_1_270,44.342979,2.5916849999999996,56,0.3651875420232272,2,6.105066248102011e-07
115302,SWE.2_1_147,60.449895825155394,16.044356604788895,173,0.3653055126833739,2,1.7942295478674367e-05
130806,UKR.9_1_724,47.379600200000006,34.171981,187,0.3654754546149145,2,1.5281290352157334e-05
125581,UKR.4_1_469,45.24103545,36.39775570183229,186,0.3654993543704156,2,1.5281290352157337e-05
52156,GBR.4_1_2238,51.8091628,-4.9626888,76,0.3655123930317848,2,1.5281290352157337e-05
3031,BGR_581,44.0795755,27.2663534,5,0.365564570599022,2,8.752077917930551e-06
37996,FRA.11_1_1228,44.11154630000001,0.8573191820849433,48,0.3655663202933985,2,4.50730769742585e-07
65630,MDA_3149,47.5247567,28.2735568,96,0.365571664883863,2,1.5281290352157337e-05
66963,MDA_6083,48.23244249999999,27.507927,100,0.3657663126528117,2,1.5280356273681065e-05
71753,POL.10_1_4,52.89040310000001,23.69716589486005,109,0.3658040724327627,2,1.9015098627379498e-05
22611,DEU.2_1_126,48.28198365677023,11.561645130097384,35,0.3658372249388752,2,1.6888186463992658e-05
32829,ESP.5_1_504,42.57169699999999,-5.5822952,41,0.3658620568459657,2,1.528129035215734e-05
18165,DEU.10_1_478,51.69321795000001,7.48946842416318,30,0.3658870148227384,2,1.4904343509173824e-05
58994,ITA.17_1_8,46.58106065,11.63843961656436,85,0.3659129851772615,2,2.8924915077093895e-05
33877,ESP.6_1_940,41.7314665,2.5704314018867915,49,0.3659946401283618,2,2.0674644868891223e-05
30466,ESP.1_1_497,37.3781827,-5.933518,44,0.3661194529339852,2,7.576364648962865e-06
29511,ESP.17_1_218,43.1651469,-6.541479854688355,42,0.3664648571210268,2,1.528129035215734e-05
107255,RUS.77_1_100,50.31328739999999,45.00090424038291,162,0.3665432648227383,2,7.355828245870878e-06
126484,UKR.5_1_1397,47.68617009999999,33.172321399999994,190,0.3665756876528117,2,2.338532185232985e-09
60499,ITA.5_1_282,40.78824004999999,15.23747499202438,83,0.3666092985941319,2,1.4949439513494157e-07
10334,BUFFER_1070_4,42.6144615,41.75468789999999,20,0.3666760964242052,2,1.5281290352157337e-05
119527,UKR.16_1_253,47.0868197,31.9376385,184,0.3668285834352077,2,1.5281290352157337e-05
89951,RUS.4.15_1_9,61.6461351,40.1603136,133,0.3668312270782395,2,1.5281290352157334e-05
20611,DEU.15_1_331,53.7433138,9.985625399999998,33,0.3668678293092909,2,1.5281290352157337e-05
119349,UKR.15_1_860,48.45734775,38.76099405700678,192,0.3668848754584351,2,1.5281290352157337e-05
120072,UKR.17_1_145,46.56293225000001,30.839214170062196,184,0.3668908312958435,2,1.5281290352157334e-05
18888,DEU.11_1_246,49.0883161,8.1879361,88,0.3669632067542786,2,1.5281290352157337e-05
56166,IRL_564,51.873734850000005,-9.31477193541106,81,0.3670013103606356,2,1.5281290352157334e-05
2047,BEL_473,51.07165975,3.71558895,2,0.3670127674205378,2,1.4818203781179373e-05
92444,RUS.44_1_525,55.298610399999994,38.6600157,138,0.3672730707518337,2,2.1370760229523872e-08
125224,UKR.4_1_136,45.4385606,33.38067,186,0.3675137072127139,2,1.2661586645589758e-07
52472,GBR.4_1_3909,51.6121045,-3.9636069,76,0.3675468673594132,2,7.640645176078669e-06
101163,RUS.64_1_1214,54.601645299999994,32.2244292,153,0.3675565900061124,2,1.5281290352157337e-05
105534,RUS.72_1_230,56.7953023,35.90640844673568,137,0.3676062461797066,2,1.5281290352157334e-05
119657,UKR.16_1_374,46.8961079,31.55133159999999,184,0.3676187805623471,2,1.5281290352157337e-05
59972,ITA.2_1_74,41.10972365,16.83842723505301,83,0.367637251680929,2,2.607635746253614e-09
50402,GBR.1.52_1_97,52.6447041,-0.3703273,70,0.3676509703545232,2,1.5281290352157337e-05
28691,ESP.12_1_258,43.22154689999999,-7.250829398678734,42,0.3676515433985329,2,1.528129035215734e-05
55671,IRL_1062,52.27023975000001,-9.723277717022988,81,0.3676849060207823,2,1.5281290352157334e-05
113895,SWE.13_1_49,55.635751799999994,13.53719646452368,175,0.3677498204462102,2,1.5274051243966244e-05
95330,RUS.55.12_1_30,58.5471167,57.81941017930223,141,0.3677704118276282,2,7.636040252590499e-06
85447,RUS.33_1_605,58.156527,41.6243742,124,0.367939475091687,2,1.5281290352157334e-05
14354,CZE_1450,50.13179759999999,14.259636,26,0.3679550924511002,2,1.9641804515095425e-07
130773,UKR.9_1_693,46.4650274,33.7713424,194,0.3680043016503666,2,7.1410890131023715e-06
27529,DNK_606,55.476188050000005,10.26162789822046,40,0.3680656479217603,2,1.528212713079233e-05
88444,RUS.38_1_567,59.87971099999999,32.3580707,130,0.3680724174816624,2,1.5281290352157337e-05
34249,ESP.9_1_187,42.6598629,-1.7394921,47,0.3680968826405868,2,1.5281290352157334e-05
79492,ROU.2_1_34,46.300859499999994,22.53406805,116,0.3682915762530561,2,1.5281290352157337e-05
27923,ESP.10_1_166,38.3406285,-0.6529856,45,0.368344479676039,2,1.3044016721744768e-08
116844,UKR.12_1_257,49.5078302,31.04164825,180,0.3684562156173593,2,2.5746588762714275e-08
52878,GBR.4_1_5359,51.6938049,-3.0110035999999996,76,0.3685766541870415,2,1.5281290352157334e-05
37535,FRA.10_1_503,46.65988159999999,-0.2532624007749928,11,0.368605703698044,2,9.786576390001423e-07
104185,RUS.68_1_815,55.09863064999999,52.58939002119083,158,0.368667504584352,2,1.527798215755388e-05
114377,SWE.17_1_66,59.41219925000001,13.662926773804204,174,0.3687125191014669,2,1.5281290352157337e-05
48933,GBR.1.26_1_297,50.432810700000005,-4.1276979,72,0.3687619498777505,2,1.5281290352157337e-05
40388,FRA.13_1_668,43.5310868,5.456705107499997,57,0.3688657357885086,2,4.6173130012696595e-08
64847,MDA_1504,46.7982553,28.356486199999996,99,0.3688909688264058,2,1.5281290352157334e-05
113306,SVN_271,45.9733483,15.4858813,171,0.368919028881418,2,1.5281290352157337e-05
103575,RUS.68_1_2,55.638234,52.33997949999999,158,0.3689476466992665,2,2.1589628924990797e-07
116947,UKR.12_1_360,50.6855085,29.8506726,188,0.3689535452322738,2,1.5281290352157334e-05
117694,UKR.13_1_468,48.22777695,30.180433457096505,180,0.3692199342909535,2,1.8321560112669986e-08
126546,UKR.5_1_1459,48.786427,34.40820419641057,193,0.3692796034535451,2,1.7212536521781973e-07
121071,UKR.18_1_433,49.2734346,34.4805479,193,0.3693972570293398,2,1.5281290352157334e-05
58563,ITA.16_1_308,42.856972458672026,11.7030056427397,86,0.369525297982885,2,5.357204734026746e-06
123443,UKR.25_1_17,51.078687849999994,24.513067529399844,182,0.3695316014669926,2,3.670562822190976e-06
130686,UKR.9_1_605,46.65333759999999,32.5912964,194,0.3695565976466992,2,1.5281290352157337e-05
53385,GBR.4_1_6702,51.54362110000001,-3.2640085,78,0.3695800580684595,2,1.5281290352157337e-05
108046,RUS.77_1_856,49.57010174999999,42.41049978691078,144,0.3696152162286062,2,1.5281290352157337e-05
17965,DEU.10_1_296,51.49489609999999,6.922721299999999,30,0.3696412973716381,2,1.5281290352157337e-05
98600,RUS.59_1_366,54.17037680000001,42.011285099999995,146,0.3696616251528117,2,4.753269035899522e-08
24272,DEU.4_1_475,51.8873815,14.426424099999998,37,0.3696940938264058,2,1.5281290352157337e-05
130423,UKR.9_1_317,46.39114225057164,34.623758052527,194,0.3697414119804401,2,8.363695544470289e-08
33107,ESP.5_1_868,41.6670032,-3.7264157999999985,47,0.3699357197432762,2,7.641053835412038e-06
61980,LTU_290,56.348077399999994,23.254150599999996,87,0.3699903193765281,2,6.774204974297249e-06
25336,DEU.8_1_196,53.885006649999994,11.364580555263895,15,0.3701148762224938,2,1.4666271900750951e-05
130430,UKR.9_1_323,46.29048269999999,34.38422872447531,194,0.3702233878361858,2,7.69496958976415e-06
122260,UKR.21_1_375,52.26482955,33.313416149999995,185,0.370321951405868,2,1.6827218346184842e-05
77471,PRT_1777,39.2636097,-8.5447736,115,0.3704124656173594,2,1.528129035215734e-05
80279,RUS.13_1_119,54.9773927,47.78550026689019,157,0.3704194911369193,2,1.5281290352157337e-05
91276,RUS.44_1_1127,55.17405954999999,37.31866480177153,136,0.3704480860330072,2,1.5252605885085676e-05
32775,ESP.5_1_449,42.611812449999995,-5.80330346244301,41,0.3705047600855746,2,2.0465755648550902e-06
72880,POL.12_1_663,50.19475806469951,19.27670288486787,111,0.3705863042481662,2,1.692042461986816e-05
3699,BLR.1_1_358,52.39787194999999,23.49785535,6,0.3705979026589242,2,8.75698571503079e-10
32844,ESP.5_1_519,42.8544028,-5.330991399999999,41,0.3705991175122248,2,2.335196190674878e-09
56490,ITA.10_1_246,45.57417980000001,9.3635363,82,0.3706185971882639,2,1.7576498135426272e-05
56753,ITA.10_1_505,45.43691155004826,8.789495745923345,82,0.3707952666564792,2,1.5281290352157334e-05
89040,RUS.39_1_173,52.57246069999999,38.558331499999994,132,0.371051104064792,2,3.2108947621779583e-09
99063,RUS.62_1_1051,52.12854020000001,50.9683926,147,0.3710654225244498,2,1.5281290352157337e-05
120409,UKR.17_1_473,45.45675374999999,29.50567506738255,98,0.3710824342909534,2,8.542926064218932e-09
26794,DNK_1233,55.23739945,12.130382225264954,15,0.3710906211797066,2,2.2005332103459613e-08
7851,BUFFER_0547_65,60.5611254,5.707719999999999,12,0.3712101275977995,2,6.0798500821499245e-09
85865,RUS.34_1_1310,46.2250352,40.60129728962104,126,0.3712286025366748,2,1.723560057883427e-05
4344,BLR.2_1_60,52.4564482,30.190634354919055,7,0.3712354179400977,2,1.068211264379887e-05
104188,RUS.68_1_818,55.09940555,52.09317728433915,158,0.3712951062041564,2,7.641540334618425e-06
39259,FRA.12_1_2739,47.437075152168894,-2.09199765,62,0.3712981586185818,2,1.5281290352157337e-05
116141,TUR_324,41.156240800000006,28.139661499999995,19,0.3713255310207824,2,1.5281290352157337e-05
104819,RUS.70_1_31,53.26556304999999,38.11849468657179,160,0.3713803331295843,2,3.891993651124797e-10
115918,SWE.7_1_53,57.6806989,14.196247899999998,175,0.371447230287286,2,1.0644793743540637e-05
118053,UKR.14_1_27,49.3045209,23.527809557274324,182,0.3714702475550122,2,5.332031302040971e-09
111111,RUS.7_1_88,50.48120735,38.89164256059322,167,0.3714755042787285,2,3.152514857411085e-09
16561,DEU.10_1_1202,50.9730521,6.284432699999999,105,0.3715293436735941,2,1.5281290352157334e-05
976,AUT_3670,48.21649711914054,16.402037985414143,0,0.3715628629278728,2,1.5281290352157337e-05
120775,UKR.18_1_163,49.2592248,34.239818,185,0.3716289654645477,2,1.5281290352157334e-05
36706,FIN.5.9_1_11,60.7335349,24.9993453,53,0.3717152697127138,2,1.786612276032837e-05
109075,RUS.79_1_1619,51.5819602,41.89678860000001,164,0.3717776818459657,2,1.5281290352157337e-05
88231,RUS.38_1_316,59.76964809999999,29.2231178,131,0.3718430088630807,2,1.5281290352157337e-05
108230,RUS.78.27_1_24,59.202554000000006,39.78639069999999,124,0.3719183335880195,2,1.5281290352157337e-05
31842,ESP.4_1_125,40.44979549999999,-3.9104211,50,0.3719685513447432,2,3.634044426496949e-06
32356,ESP.5_1_1061,42.52210049999999,-4.733357386353069,41,0.3719884894559901,2,1.528129035215734e-05
10331,BUFFER_1070_36,42.1423551,42.46280610565336,20,0.3720191396699267,2,1.5281290352157337e-05
95723,RUS.55.23_1_1,59.94960795,54.992200417799786,142,0.3720722723105134,2,1.5281290352157334e-05
39573,FRA.12_1_3683,47.43063026142967,-2.0208111499999997,62,0.372103086797066,2,1.5281290352157337e-05
25134,DEU.7_1_61,50.028865191587464,8.128377764707192,88,0.3722936659535452,2,1.5281290352157337e-05
93614,RUS.47_1_638,55.421683349999995,42.195549484008595,140,0.372383186888753,2,1.163141206607808e-06
39447,FRA.12_1_3346,47.42632350000001,-1.5026781,66,0.3724394330684596,2,1.5281290352157337e-05
74733,POL.2_1_9,53.17949244999999,18.596489134089015,109,0.3724967756723716,2,7.639745013547071e-06
88789,RUS.39_1_1013,52.573113250000006,39.66377715320211,132,0.3725131112469437,2,1.5281290352157337e-05
107792,RUS.77_1_585,48.6495879,44.0083194,162,0.3725404798288508,2,1.5281290352157337e-05
63734,LVA_4886,56.2258196,25.563120948838783,95,0.3725681081907089,2,1.5281290352157334e-05
126083,UKR.4_1_948,45.330058225165025,36.08195139811328,186,0.3726861323349632,2,1.5281290352157337e-05
107092,RUS.76_1_424,55.96934649999999,42.3483661,139,0.372727292176039,2,1.0260849179638332e-05
14201,CZE_1268,49.46250920000001,18.116510417289778,27,0.3727717374694376,2,4.00433785654718e-06
124220,UKR.26_1_703,47.71090275,35.2212985429778,187,0.3729705875611246,2,3.6886091828988746e-08
37134,FRA.10_1_2053,46.21290395656307,-0.1410633026592502,54,0.3729767535146698,2,2.4786994718917613e-05
108234,RUS.78.27_1_30,59.24541929999999,39.773909,124,0.3730024106051344,2,1.5281290352157337e-05
60911,ITA.6_1_377,44.4779826,11.409553699999998,85,0.3730460765586796,2,1.5281290352157337e-05
9105,BUFFER_0748_4,69.6029966,19.82134899435949,17,0.3730521737469437,2,1.5281290352157337e-05
25542,DEU.9_1_1147,51.9270906,9.623968071446454,31,0.3730868734718826,2,3.6915791106863823e-06
54622,HRV_621,44.68957535,14.38974495,171,0.3730954882334963,2,1.5281290352157337e-05
110126,RUS.79_1_930,50.18113720000001,40.34307379999999,166,0.3731472837713936,2,1.5281290352157337e-05
129174,UKR.6_1_961,48.7314323,37.56852849999999,192,0.3731563913508556,2,1.5281290352157337e-05
19287,DEU.12_1_148,49.48898719999999,7.0537651,88,0.3731846615220049,2,1.278425860037965e-07
2002,BEL_423,50.57185750000001,3.4432397201886262,2,0.3731909573655255,2,2.1164661474816623e-08
11373,BUFFER_1300_164,53.7130187,58.760032399999986,21,0.3732262912591687,2,1.5281290352157334e-05
53751,GRC_104,38.23503909999999,21.821403946165496,3,0.3732599174816626,2,1.5281290352157337e-05
120253,UKR.17_1_331,45.5975184,29.217215955277226,98,0.3733461071210269,2,1.5281290352157337e-05
110957,RUS.7_1_735,51.0793706,36.9666318,167,0.3733948655256723,2,1.5281290352157334e-05
124722,UKR.27_1_85,50.16414895,28.851978049999996,188,0.3734194605745721,2,1.0441193561786102e-05
130127,UKR.8_1_774,49.217124850000005,35.3007261,193,0.3734556120110024,2,1.5281290352157334e-05
118533,UKR.14_1_86,49.306393,23.497350399999995,182,0.3735629507946209,2,1.5306690387268586e-05
116097,TUR_245,40.75097645,26.91181535622612,19,0.3735782472493887,2,1.2843579048711831e-09
90126,RUS.41_1_183,56.14428015,46.090985149999995,157,0.3736029951100244,2,1.5281290352157334e-05
45845,FRA.7_1_488,50.40309440000001,1.6073383,64,0.3738010964242053,2,1.5281290352157334e-05
91936,RUS.44_1_1799,55.773561599999994,38.2962627,138,0.3738220545537897,2,1.5281290352157337e-05
51574,GBR.3_1_279,57.0824107,-4.8073259,73,0.3738562538202934,2,1.5281290352157337e-05
22060,DEU.1_1_664,48.1020796,7.975839699999998,34,0.3738827590158924,2,1.5281290352157334e-05
30065,ESP.1_1_1169,37.54083165,-5.884938324906983,44,0.3739115181845965,2,1.528129035215734e-05
27399,DNK_461,57.233056999999995,9.67927729574679,14,0.3740128591075794,2,7.640645176078669e-06
95775,RUS.55.26_1_13,60.01199799999999,57.71345480772224,155,0.3740352804095354,2,7.6405867961739e-06
81822,RUS.19_1_924,57.33025219999998,42.840278,118,0.3740828736246943,2,1.5281290352157334e-05
86697,RUS.34_1_691,43.589728950001415,40.01588657028878,20,0.374091373777506,2,1.5281290352157337e-05
71181,NOR.6_1_157,60.79841135,11.060964077636946,176,0.3741172982885086,2,7.589387619693352e-10
97209,RUS.58_1_1070,47.7653853,40.3523704,144,0.3741241557151589,2,1.5281290352157334e-05
74027,POL.16_1_297,53.2023115,14.4584501,112,0.3741753018031784,2,1.5281290352157337e-05
8390,BUFFER_0604_39,63.16451579999999,8.253182599999999,106,0.3741757793398532,2,7.640178136840532e-06
29434,ESP.17_1_109,43.47408787508816,-5.434011229755433,42,0.3741758977689485,2,1.528129035215734e-05
48874,GBR.1.25_1_50,52.770846,-1.6557447999999997,9,0.3742314333740831,2,1.427666671096529e-08
31350,ESP.2_1_518,42.0350509,-0.5828379,46,0.3742978529951098,2,1.5068565072531717e-05
84501,RUS.31.11_1_22,58.448384799999985,50.517165403812314,168,0.3743242779645477,2,1.568915066514306e-06
12113,BUFFER_1329_80,56.82930069999999,59.96005779999999,24,0.3743664272616137,2,1.5281290352157334e-05
21892,DEU.1_1_496,48.5808588,8.7604655,34,0.3743772577933985,2,1.5281290352157337e-05
30358,ESP.1_1_397,38.27843125000236,-3.604161059676731,44,0.3744688837102689,2,1.528129035215734e-05
77102,PRT_1197,40.104884549999994,-8.489015948251705,43,0.374479420079462,2,1.5281290352157344e-05
84163,RUS.23_1_956,54.47476120000001,36.3297972,120,0.3744827704767725,2,1.5281290352157337e-05
1611,AZE_17,41.3947549,48.850980099999994,154,0.3745470010696822,2,1.5281290352157337e-05
23814,DEU.3_1_171,52.506858699999995,13.285554199999998,37,0.3746068803484106,2,1.5281290352157334e-05
64930,MDA_1771,47.4476139,29.047783700000004,101,0.374651994193154,2,1.5281290352157337e-05
30134,ESP.1_1_18,36.58214785,-4.5978221,44,0.3746526169009779,2,1.528129035215734e-05
130077,UKR.8_1_716,49.3713403,36.68217625,191,0.3746957441931539,2,1.5281290352157337e-05
55911,IRL_1856,53.4392102,-6.542904699999999,81,0.3747036407396088,2,1.5281290352157337e-05
43070,FRA.2_1_241,46.67096015,5.195056245090998,60,0.3747076635085574,2,2.024198259658008e-05
70527,NOR.19_1_0,59.5659632,10.2726218,108,0.3747502139364301,2,1.5281290352157337e-05
13278,CHE_322,46.9439296,8.6214794,25,0.3747620186430317,2,3.4132191332266144e-06
60930,ITA.6_1_398,44.53365775,11.850336374028972,85,0.3747627215770171,2,1.5281290352157337e-05
109428,RUS.79_1_261,51.56952369999998,39.5348684,165,0.374764494193154,2,1.5281290352157334e-05
66757,MDA_5506,48.1298506,28.014117500000005,100,0.3747775710574572,2,1.5281290352157337e-05
86399,RUS.34_1_381,45.912397350000006,40.15405105000001,126,0.374787049205379,2,1.5281290352157334e-05
83875,RUS.23_1_697,54.81820979999999,36.6048574,152,0.3748843520782395,2,1.5281290352157337e-05
9066,BUFFER_0732_0,40.14601325,18.498140722779752,3,0.3749110062652811,2,1.5281290352157337e-05
7382,BUFFER_0488_36,54.7277178,2.0870558,71,0.3749568268643031,2,1.5281290352157337e-05
27809,DNK_961,56.3269176,10.0699329,14,0.3749821592298288,2,1.5281290352157337e-05
118655,UKR.15_1_201,49.33165064999999,38.189241359736776,183,0.3749932801039119,2,2.3013452003742687e-06
94262,RUS.49_1_405,58.46394900000001,32.7482567,161,0.3750809214547676,2,1.5281290352157337e-05
12976,CHE_1473,46.809371000000006,7.5782116,25,0.375086972799511,2,3.3736436005112635e-06
27959,ESP.10_1_200,39.43375180000001,-0.3529444,45,0.3751291144559902,2,1.5281290352157337e-05
86731,RUS.34_1_731,46.55940185,38.00326565,126,0.3751992512224938,2,6.838232845026267e-09
80836,RUS.14_1_437,59.78078595,30.635709807014944,130,0.375215002292176,2,8.049921668440008e-08
580,AUT_2368,48.1675863,16.280309299999995,0,0.3752358152506112,2,7.271020500776389e-06
47796,GBR.1.104_1_15,53.43921819999999,-2.3354849,9,0.3752882258557457,2,1.5281290352157337e-05
92016,RUS.44_1_1886,56.19190509999999,37.5466669,137,0.3753204041870416,2,6.225516210301662e-07
14753,CZE_1978,49.7192112,14.8768482,28,0.3753392687958434,2,1.5281290352157337e-05
33954,ESP.8_1_145,40.3501867,-4.2881147,50,0.3753832403728606,2,1.1675980953374388e-10
1416,AUT_751,48.27142613216503,16.421316024880667,0,0.3753925351466992,2,6.861725545099493e-06
2981,BGR_525,43.7330574,23.8421715,5,0.3754540724327627,2,1.5281290352157337e-05
71466,NOR.7_1_6,60.24973724999999,5.744355245260769,13,0.3755376337102689,2,1.5281290352157337e-05
86507,RUS.34_1_499,44.4856875,39.423448699999994,126,0.37553984948044,2,1.5281290352157337e-05
119936,UKR.16_1_648,47.0271002,32.0755023,194,0.3755454882334963,2,2.7002978155852265e-05
98997,RUS.5_1_92,46.2196843,47.8361273,162,0.3755736399755501,2,1.5281290352157337e-05
37768,FRA.10_1_717,44.5658104,-0.2391981999999999,54,0.3755843597188263,2,1.5281290352157337e-05
1027,AUT_390,48.03988644999999,14.123511051630556,0,0.3755944758557457,2,2.999873790962976e-05
102435,RUS.65_1_488,44.68014250000001,41.9327873,154,0.3756224671454767,2,1.5281290352157337e-05
55553,HUN_615,47.2179944,16.6446683,80,0.3756762836185817,2,1.5281290352157337e-05
19091,DEU.11_1_448,49.820233599999995,6.793257499999999,88,0.3757163355745722,2,1.5281290352157337e-05
21488,DEU.1_1_1440,48.66133775448964,7.945871360397116,34,0.3757231280562346,2,1.3344528843303357e-05
45706,FRA.7_1_353,50.137054,3.4158472999999994,64,0.3757642535146699,2,1.5281290352157337e-05
103294,RUS.68_1_1080,55.728138,49.3522869,157,0.3757865602078238,2,1.5281290352157337e-05
53162,GBR.4_1_6001,51.58042780000001,-3.2061114,76,0.3758166908618582,2,1.5281290352157337e-05
56153,IRL_54,52.08208075,-7.77066082933792,81,0.3758266121638141,2,3.055816329152066e-05
34201,ESP.9_1_124,42.80258769999999,-1.4926384,47,0.3758369269559902,2,1.5281290352157337e-05
76980,PRT_1075,39.60150457511954,-8.693592790428182,115,0.375844517878973,2,1.528129035215734e-05
75101,POL.4_1_113,51.7744352,22.5890511,114,0.3758523341992665,2,1.669938244773809e-05
73978,POL.16_1_205,53.25710410000001,14.7672055,112,0.3759177070599023,2,1.5281290352157337e-05
56713,ITA.10_1_463,45.4682125,8.7875861,82,0.3759255806845965,2,1.5281290352157337e-05
74287,POL.1_1_232,51.108763,16.951306699999996,112,0.3759452513753055,2,1.5281290352157337e-05
99511,RUS.62_1_435,53.114879900000005,48.3870551,149,0.3759477498471882,2,1.5281290352157334e-05
123101,UKR.24_1_249,49.0105852,28.485828464532588,179,0.3760110139058679,2,7.60257675217837e-06
94335,RUS.49_1_50,59.01058459999999,33.71639199999999,131,0.3760170690709046,2,1.5281290352157337e-05
110622,RUS.7_1_42,50.1532495,38.14436605651736,167,0.376019181693154,2,1.5281290352157334e-05
17428,DEU.10_1_2054,51.052314,6.579645199999999,30,0.3760192237163813,2,1.5281290352157334e-05
7223,BUFFER_0486_67,51.4543936,0.7251022,103,0.3760274335268947,2,1.5281290352157334e-05
94378,RUS.49_1_64,58.3993827,31.1762412,131,0.3760415380501222,2,1.5281290352157337e-05
7806,BUFFER_0547_186,60.560863699999985,5.7078602,12,0.3760708893643031,2,6.079850082149919e-09
2906,BGR_42,42.5021886,25.6075111,5,0.3760732388447433,2,1.5281290352157334e-05
100044,RUS.63_1_10,52.02363749999999,47.944294199999995,150,0.3761451711491442,2,1.5281290352157334e-05
100512,RUS.63_1_530,51.960881699999995,47.9381561,150,0.3761851161369193,2,1.1807778011105652e-08
107508,RUS.77_1_301,50.47162735,43.842100733766934,162,0.3762034688264059,2,7.394787937137113e-09
79755,ROU.36_1_9,47.7441817,26.3687636,102,0.3762175160452322,2,1.5281290352157337e-05
93324,RUS.47_1_295,55.4175437,43.78816869999999,140,0.3762323387836185,2,1.5281290352157334e-05
101867,RUS.64_1_707,54.3043192,31.8242408,153,0.3762875916870415,2,1.5281290352157337e-05
57704,ITA.13_1_379,44.57458355,7.194981515817598,82,0.376346550275061,2,1.5281290352157334e-05
41000,FRA.1_1_1819,45.19468894458672,6.626773798791019,60,0.3764148341992664,2,1.5281290352157334e-05
114620,SWE.19_1_38,62.9609716,16.3046978,173,0.3764452169926649,2,1.5281290352157337e-05
117589,UKR.13_1_366,48.2538447,29.878051600000003,180,0.3764587217298288,2,1.5281290352157337e-05
57207,ITA.10_1_974,45.54255035,9.924105805173832,82,0.3764908886002445,2,1.5281290352157337e-05
83443,RUS.23_1_303,55.102726149999995,35.592463053488295,120,0.3764984298594132,2,1.5281290352157334e-05
108264,RUS.78.29_1_4,60.940310649999994,36.68889820286036,123,0.3765580073349633,2,1.5281290352157337e-05
55807,IRL_1440,53.29646009999999,-6.348984099999999,81,0.3765607808679707,2,1.5281290352157337e-05
41426,FRA.1_1_2802,46.06721069999999,4.734661899999999,59,0.3766106930012224,2,1.5281290352157334e-05
84661,RUS.31.21_1_11,57.86934565000001,49.2570695085558,168,0.3766299931234719,2,5.92647752664545e-06
48838,GBR.1.25_1_18,53.2212662,-1.2748027999999998,70,0.3766340502750611,2,1.5281290352157337e-05
22255,DEU.1_1_859,49.3714645,9.151222364003672,1,0.3766351084963325,2,1.5281290352157337e-05
57616,ITA.13_1_293,45.379087650094185,7.856327970744347,82,0.3766393108190709,2,2.9366273433431164e-05
62000,LTU_308,55.0635471,25.3538127,87,0.3766427070599022,2,1.5281290352157334e-05
32689,ESP.5_1_350,40.9594053,-5.647484799999999,41,0.3767463401589241,2,1.528129035215734e-05
103716,RUS.68_1_336,55.5405862,51.97286419999999,158,0.3767502559596576,2,1.5281290352157334e-05
120473,UKR.17_1_535,46.5545589,30.035218290658463,184,0.3767912744498777,2,2.865540855612137e-07
43733,FRA.3_1_398,48.4041656,-2.52977,62,0.3768074342909536,2,1.5281290352157334e-05
22228,DEU.1_1_832,47.82184193341029,9.997530372305215,1,0.3768172524449878,2,1.003757525615808e-05
59859,ITA.2_1_296,41.30032697530393,15.139750086096797,86,0.3768573693459657,2,1.5281290352157337e-05
41560,FRA.1_1_3038,45.93934809999999,4.805484699999999,59,0.3768573693459657,2,1.5281290352157334e-05
85074,RUS.33_1_107,59.0572002,43.28177780000001,124,0.3768581945293398,2,1.5281290352157334e-05
29356,ESP.16_1_39,43.330835099999994,-3.0977964,47,0.3768791068154034,2,1.5317789468617587e-05
58477,ITA.16_1_225,43.1855,10.6062147,86,0.3768806502139364,2,1.5281290352157337e-05
69568,NOR.14_1_201,61.05202905,7.640677900000007,108,0.3768943421454768,2,1.5281290352157334e-05
116982,UKR.12_1_397,50.36535270000001,31.162826999999997,188,0.3769232961491442,2,1.5281290352157334e-05
39556,FRA.12_1_3656,47.315995599999994,-1.7091894,62,0.3769767955378972,2,1.5281290352157337e-05
116514,UKR.10_1_35,49.2820101,26.728741300000003,179,0.3770139440709046,2,7.975612389658187e-08
73770,POL.15_1_533,52.23681089999999,18.591135699999995,113,0.3770587217298288,2,1.5281290352157337e-05
71975,POL.11_1_214,54.1419728,19.005990899999997,110,0.3770911674816625,2,1.5281290352157337e-05
106635,RUS.75_1_272,54.378294799999985,46.982293199999994,149,0.3771366977383864,2,1.5281290352157334e-05
10937,BUFFER_1212_55,47.1371093,52.00838009999999,162,0.3771400557762837,2,1.5281290352157337e-05
124904,UKR.2_1_285,51.02107015,31.23672477866656,185,0.3771496332518337,2,4.7166329725857396e-08
75513,POL.6_1_183,50.29852835,19.500222854973867,111,0.3771713057762835,2,1.535328401265596e-05
37979,FRA.11_1_1205,43.54316227651131,3.457651519143356,56,0.3772679783007335,2,1.5281290352157337e-05
119431,UKR.16_1_152,47.1609418,31.75245450908325,184,0.3772687958435207,2,1.5281290352157337e-05
7378,BUFFER_0488_32,54.67300529999999,1.9944394999999997,71,0.3773048785146699,2,1.5281290352157337e-05
45662,FRA.7_1_313,49.9563389,1.9567306,65,0.3773093291564791,2,1.5281290352157334e-05
48047,GBR.1.108_1_558,52.28734521647989,-1.5678628085646584,9,0.3773106433374081,2,1.5281290352157337e-05
67452,MNE_60,42.68758542520484,19.47612666328092,4,0.3773440594437652,2,1.528129035215734e-05
51020,GBR.1.87_1_48,51.1127387,-3.0117993999999997,72,0.3773460918398533,2,1.5281290352157337e-05
37067,FRA.10_1_192,45.93557609999999,-1.3149519,54,0.3773478147921759,2,1.5281290352157334e-05
2979,BGR_523,43.74206680000001,23.825167200000003,5,0.377356097188264,2,2.2902831947896987e-06
112008,RUS.8_1_347,52.85726125000001,32.65960422133827,122,0.3774159955684596,2,1.5281290352157337e-05
110062,RUS.79_1_869,50.4622647,39.8569206,166,0.3774253285452322,2,1.5281290352157334e-05
11086,BUFFER_1298_13,51.21209275,58.64984616633045,21,0.3774367817848411,2,1.5281290352157334e-05
7397,BUFFER_0488_51,54.82776340000001,1.7939354999999997,71,0.3774482923288509,2,1.5281290352157337e-05
105684,RUS.72_1_416,56.77236249999999,31.270788700000004,161,0.3774650519559901,2,1.5281290352157337e-05
129726,UKR.8_1_368,49.8638588,35.643839199999995,191,0.3774836071210269,2,3.307494825103714e-06
55873,IRL_1660,53.331317199999994,-6.379887799999999,81,0.3775033045537897,2,1.5281290352157337e-05
110491,RUS.7_1_300,50.8466897,38.58110959999999,167,0.3775417940097799,2,1.5281290352157337e-05
46554,FRA.8_1_446,48.6343261,2.4876333622441513,65,0.3775435246026895,2,1.5079207137264044e-05
96691,RUS.55.8_1_75,56.75638699999998,54.46198220000001,143,0.3775839165647921,2,1.915289613899801e-06
44141,FRA.4_1_366,47.26237635,0.7277218432921415,54,0.3776076520476772,2,2.0471797612696157e-05
21861,DEU.1_1_466,48.8686434,9.394191,1,0.3776978568154033,2,2.33609387373992e-05
8582,BUFFER_0633_15,64.736599,11.2848446,106,0.3777278996026894,2,1.5281290352157337e-05
57637,ITA.13_1_314,44.774471000000005,8.123958530153375,82,0.3777290838936429,2,2.5313976500164058e-05
114061,SWE.15_1_206,59.37618107580153,18.04471316774553,173,0.3777574381112469,2,1.5281290352157337e-05
