node,original_id,lat,lon,community_id,seamless_mavg,degree,betweenness
2538,BGR_496,42.7159257,23.1674214,8,0.3041877025650523,2,3.7041152720672656e-05
25782,GBR.1.98_1_199,51.3293766,-0.2132483,66,0.3054240948235948,2,3.704115272067267e-05
21018,FRA.13_1_89,43.27132580000001,5.392649100000001,56,0.3062560700064821,2,3.704115272067267e-05
12121,DEU.1_1_1787,48.7843271,9.161211799999998,31,0.3064496527456247,2,3.704115272067267e-05
20880,FRA.13_1_321,43.303309000000006,5.4187943,56,0.3068653486433929,2,3.704115272067267e-05
4057,CHE_1061,46.6041518,7.0987035,13,0.3086288915640337,2,3.704115272067267e-05
21728,FRA.3_1_300,48.6144318,-1.9059258,55,0.3088680896379294,2,3.704115272067267e-05
42146,RUS.43_1_234,55.70852510000001,37.8998529,124,0.3091226409852763,2,3.704115272067267e-05
12937,DEU.1_1_459,47.9582095,8.771165500000002,32,0.3094957033058617,2,3.704115272067267e-05
25937,GBR.3_1_295,55.920609299999995,-4.3191885,70,0.3098044911565886,2,3.704115272067267e-05
53307,UKR.8_1_307,50.037997,36.2620157,141,0.3103266320955644,2,3.704115272067267e-05
23772,GBR.1.13_1_23,51.8625389,-0.9228506,63,0.3109152051115844,2,3.7041152720672656e-05
16230,DEU.9_1_1162,52.25215949999999,9.9666728,43,0.3110905083804057,2,5.046781319180132e-05
16275,DEU.9_1_1322,52.38390559999999,9.7463828,43,0.3111324474488379,2,3.704115272067266e-05
42706,RUS.44_1_373,55.84611159999999,37.3615145,124,0.3115919344383739,2,3.704115272067267e-05
506,AUT_1982,48.0094661,13.591102900000005,3,0.3117425224557829,2,3.704115272067267e-05
24660,GBR.1.36_1_629,51.6088927,-0.0001301,66,0.3119413001203815,2,3.704115272067266e-05
50992,UKR.21_1_141,52.11777479999998,33.8625991,140,0.3120904342994722,2,3.704115272067267e-05
27616,HUN_1634,46.321463699999995,20.966544000000003,128,0.3121402629873137,2,3.704115272067266e-05
19198,ESP.6_1_830,41.73221559999999,1.833017,53,0.3124182146495045,2,3.704115272067267e-05
23032,FRA.8_1_2217,48.867518,2.3465656,61,0.3127120381516807,2,3.4301810161199286e-10
9699,DEU.11_1_1028,49.105629400000005,8.030922,32,0.3127170478748031,2,3.704115272067267e-05
33919,NOR.7_1_39,60.358227000000014,5.3415629,92,0.3134549310121307,2,3.704115272067267e-05
26754,GRC_899,38.065597700000005,23.803992099999995,72,0.3137942772478933,2,3.704115272067267e-05
43110,RUS.47_1_396,56.325732300000006,43.91203550000001,125,0.3138261135290304,2,3.704115272067267e-05
4432,CHE_207,46.46086900000001,6.911919899999998,11,0.3139405593110472,2,3.704115272067267e-05
9350,DEU.10_1_3409,52.2431146,8.9200253,43,0.3141374571719604,2,3.704115272067267e-05
14470,DEU.2_1_989,48.1334299,11.6905408,1,0.3142459764793036,2,3.704115272067267e-05
48087,SWE.13_1_13,56.0551486,12.873669,134,0.3148337994258728,2,3.127991869116949e-06
39353,ROU.38_1_72,45.5728104,21.2823442,102,0.3150163626261691,2,3.704115272067266e-05
45403,RUS.77_1_397,48.7920592,44.598626,121,0.3158011852949347,2,3.704115272067267e-05
14216,DEU.2_1_4004,49.4007731,10.2272252,34,0.3158295860727845,2,3.704115272067267e-05
5780,CZE_1050,50.2629579,17.353899499999997,20,0.3158973238262802,2,3.704115272067267e-05
13506,DEU.2_1_2107,48.11481190000001,11.4769673,1,0.315943781831651,2,3.704115272067267e-05
16095,DEU.8_1_571,54.4291119,13.5752844,41,0.3159593666080192,2,3.704115272067267e-05
16084,DEU.8_1_559,54.51796929999999,13.607837100000005,41,0.316151736271877,2,3.704115272067267e-05
51018,UKR.21_1_24,50.97454490000001,34.394461500000006,152,0.3162284563385499,2,3.704115272067267e-05
23117,FRA.8_1_2540,48.8746234,2.7735731,59,0.3163951013982776,2,3.4301810161199286e-10
11427,DEU.15_1_489,54.6704307,9.820289,45,0.3164029817575701,2,3.704115272067267e-05
5919,CZE_1287,49.74860770000001,18.0310207,21,0.3164579405500509,2,3.704115272067266e-05
39944,RUS.14_1_468,59.850644800000005,30.268218,116,0.3164854986572831,2,3.704115272067267e-05
24763,GBR.1.36_1_928,51.46458850000001,-0.1717302,66,0.3164952495601445,2,2.6377309117905757e-05
29789,ITA.13_1_737,45.0721192,7.5616897,79,0.3166020742661357,2,3.704115272067267e-05
37611,PRT_437,38.7750749,-9.1155101,52,0.3166825261598295,2,3.704115272067267e-05
25726,GBR.1.96_1_61,51.976652299999984,1.3194153000000002,64,0.3168096120011111,2,3.704115272067266e-05
39708,ROU.6_1_82,47.4003719,24.7362515,101,0.317267043244745,2,3.704115272067267e-05
52716,UKR.6_1_164,47.9727136,37.60297619999999,151,0.3174057875729235,2,3.704115272067268e-05
30022,ITA.16_1_59,42.924867000000006,10.5313855,82,0.3174355403278081,2,3.704115272067267e-05
11590,DEU.16_1_362,50.57908809999999,11.1355548,28,0.3174970552828965,2,3.704115272067267e-05
14759,DEU.4_1_1003,53.06841240000001,14.271542200000004,38,0.3176222428002593,2,3.704115272067267e-05
46959,SVK_1378,48.0237291,18.8025146,130,0.3176588480414852,2,3.704115272067267e-05
9311,DEU.10_1_3321,51.423684400000006,8.621199100000002,40,0.3177086026483934,2,3.704115272067266e-05
24396,GBR.1.36_1_1680,51.5641065,-0.0714812,66,0.3178280859338828,2,2.877550964450821e-07
25503,GBR.1.80_1_12,53.51637880000002,-2.3535431,63,0.3178744142976202,2,3.704115272067267e-05
8482,CZE_962,49.077041699999995,17.716596600000003,18,0.3179087600703769,2,3.704115272067267e-05
23000,FRA.8_1_1984,48.78037550000001,2.4594358,61,0.3179256320029632,2,3.704115272067267e-05
9047,DEU.10_1_2541,51.4741588,7.000622300000001,44,0.3184002222428002,2,1.9837880209893593e-08
49098,TUR_478,41.1292867,29.0248677,135,0.3186271506620983,2,3.704115272067267e-05
5852,CZE_1134,50.3966861,17.0814983,20,0.3188996110750996,2,3.704115272067267e-05
23398,FRA.9_1_1,49.505281100000005,-1.4799493,55,0.3189133438281323,2,3.704115272067266e-05
41845,RUS.4.19_1_1,62.69142970000001,38.8163269,113,0.3189409204555978,2,3.704115272067267e-05
11172,DEU.14_1_807,50.8898233,14.2285771,26,0.3189447726641355,2,3.704115272067267e-05
48272,SWE.15_1_226,59.39095190000001,18.0420085,132,0.3190174460598204,2,3.704115272067267e-05
37988,ROU.13_1_31,45.309991899999986,21.8797376,102,0.3190309102694694,2,3.704115272067267e-05
15839,DEU.7_1_843,49.8944215,8.938701400000001,39,0.3190765348643393,2,3.704115272067267e-05
3761,BLR.5_1_4,52.809196799999995,27.5731562,9,0.3191357255301417,2,3.704115272067267e-05
49934,UKR.15_1_0,48.958307299999994,38.3434368,141,0.3191711825168996,2,3.704115272067267e-05
50931,UKR.1_1_94,49.26572600000001,30.8495264,139,0.319206630243541,2,3.704115272067267e-05
9862,DEU.11_1_15,49.622862700000006,7.288014899999998,24,0.3192450967682192,2,3.704115272067267e-05
34843,POL.15_1_145,51.89257000000001,17.7754542,37,0.3192908324844893,2,3.704115272067267e-05
4599,CHE_2536,47.0434392,7.7770153,33,0.319330891749236,2,3.704115272067267e-05
43087,RUS.47_1_320,56.1562306,44.1843228,125,0.3193847022872488,2,3.704115272067267e-05
25679,GBR.1.92_1_68,53.03795040000001,-2.0011895,63,0.319467987776646,2,3.704115272067266e-05
25321,GBR.1.63_1_132,54.46989120000001,-0.6278304,69,0.3195108158162792,2,3.704115272067266e-05
23096,FRA.8_1_2444,48.5454403,3.2870716000000004,59,0.3195646541346421,2,3.704115272067267e-05
25008,GBR.1.46_1_4,53.594982,-1.6337828,65,0.319633132697472,2,3.704115272067267e-05
36492,POL.6_1_57,49.368164099999994,20.9397752,131,0.319671117696083,2,3.704115272067266e-05
9475,DEU.10_1_44,51.371368800000006,6.5066683,22,0.3196881748310029,2,3.704115272067267e-05
12391,DEU.1_1_2649,49.1195581,8.409565399999998,32,0.3198564774516159,2,3.704115272067267e-05
1130,AUT_3734,48.4118684,16.4037124,4,0.3198852208537828,2,3.704115272067267e-05
6880,CZE_2855,49.942790900000006,14.040277000000003,36,0.3199778498009075,2,3.704115272067267e-05
19548,ESP.8_1_906,40.438993999999994,-3.663174,54,0.3200455505139365,2,0.0001946923133026
21025,FRA.1_1_1001,45.7794495,4.827505900000001,58,0.3202104546717287,2,3.704115272067267e-05
11489,DEU.16_1_134,51.38296409999999,10.4131852,28,0.3202456060746365,2,3.704115272067267e-05
22628,FRA.7_1_760,50.31676330000001,3.4610302,60,0.3205973053060468,2,3.090960717012565e-05
14058,DEU.2_1_3557,49.4391448,11.0363169,34,0.320600287063617,2,3.704115272067267e-05
19039,ESP.6_1_314,42.351338699999985,2.1655185,56,0.3206738957310862,2,3.704115272067267e-05
32985,NLD_1439,52.867646,4.811310699999999,91,0.3206936012593759,2,3.704115272067267e-05
8552,DEU.10_1_1154,51.2907066,6.839837799999999,22,0.3207746828410038,2,3.704115272067267e-05
5664,CHE_909,47.30841129999999,7.6883255,33,0.3208393925363459,2,3.704115272067267e-05
7386,CZE_3734,50.918571699999994,14.6042648,26,0.3208581072321511,2,3.704115272067267e-05
6639,CZE_2456,50.702040299999986,13.702056399999996,16,0.3209087600703769,2,3.704115272067267e-05
5786,CZE_106,48.8374706,16.8540642,18,0.3209479118436892,2,3.704115272067267e-05
46508,SRB_385,44.0770169,20.9332309,129,0.3209551902953976,2,3.704115272067267e-05
7502,CZE_3905,48.96525939999998,16.603802899999998,18,0.321053690156496,2,3.704115272067267e-05
11169,DEU.14_1_799,51.05369820000001,14.4320019,26,0.3211265209741641,2,3.704115272067267e-05
5242,CHE_4182,47.2182217,7.618761099999999,33,0.3212024817112696,2,9.981732283894972e-05
15963,DEU.8_1_271,54.2458776,12.2370745,41,0.3212976571904806,2,3.704115272067267e-05
14088,DEU.2_1_3668,49.485041800000005,11.1051519,34,0.3213716733030836,2,3.704115272067267e-05
8451,CZE_895,49.574174000000006,17.856777599999997,21,0.3213846930271321,2,4.049859366414286e-05
15027,DEU.4_1_732,52.57663680000002,13.887954700000002,37,0.321424891193629,2,3.704115272067267e-05
10041,DEU.11_1_647,50.5919563,7.2591152,25,0.3215644318918418,2,3.704115272067267e-05
9878,DEU.11_1_185,49.981215000000006,7.1194018,25,0.321663876284841,2,3.704115272067267e-05
873,AUT_2860,47.860695,16.2440204,4,0.3216992406704324,2,0.0002574082640492
16785,DNK_1022,54.835787,11.4819246,46,0.3217115844059635,2,3.704115272067267e-05
19121,ESP.6_1_566,41.4594263,2.2054422,53,0.3217121863135476,2,3.704115272067267e-05
25956,GBR.3_1_35,55.75153539999999,-4.8531757,70,0.3217803222520604,2,3.704115272067267e-05
4821,CHE_299,46.5522787,6.374042500000001,13,0.3217805537549772,2,3.704115272067267e-05
16015,DEU.8_1_395,54.117069400000005,13.8309366,41,0.3218030002778035,2,3.704115272067267e-05
4361,CHE_1885,46.8939689,7.2997201,13,0.3218069636077415,2,3.704115272067267e-05
22879,FRA.8_1_1635,48.8579778,2.43575,61,0.3218483007685896,2,3.704115272067267e-05
2389,BGR_247,41.43527330000001,23.2555331,73,0.3218717659042504,2,3.704115272067267e-05
36711,POL.7_1_427,52.3577087,20.9723779,97,0.3220434669876841,2,3.704115272067267e-05
21751,FRA.3_1_47,48.4096149,-4.3881718,55,0.3221170293545699,2,3.704115272067267e-05
18980,ESP.6_1_169,41.5414667,1.8879099000000004,53,0.3221510510232429,2,7.541300175322813e-05
31313,ITA.5_1_940,40.797459200000006,14.600368300000005,86,0.3221765904250394,2,3.704115272067267e-05
52961,UKR.6_1_428,48.043627400000005,38.7756402,151,0.3222015001389018,2,3.704115272067266e-05
40745,RUS.34_1_231,44.793581899999985,37.883015400000005,147,0.3222038707287711,2,3.704115272067267e-05
39798,ROU.8_1_90,46.11619529999999,25.234484,107,0.3222297805352347,2,3.704115272067267e-05
16039,DEU.8_1_440,53.681464899999995,14.072562899999998,41,0.3223709973145662,2,3.704115272067267e-05
49987,UKR.15_1_153,48.126266,38.9623715,126,0.3227492823409575,2,3.704115272067267e-05
37413,PRT_1560,41.24383150000001,-8.556775700000001,100,0.3227818409111954,2,3.704115272067267e-05
40531,RUS.26.24_1_26,61.704846900000014,30.6994414,108,0.3229478007222891,2,3.704115272067266e-05
25451,GBR.1.73_1_12,50.796319,-1.0741314,68,0.3229592647467357,2,3.704115272067266e-05
36804,POL.7_1_717,51.096235400000005,21.2135512,144,0.3229945087508102,2,3.704115272067267e-05
5996,CZE_1441,49.55046100000001,18.3804228,95,0.3230617649782387,2,3.704115272067266e-05
5273,CHE_4270,47.45206040000001,7.157200800000001,33,0.3231177331234374,2,3.704115272067267e-05
17120,DNK_467,57.001802000000005,9.9945273,45,0.323236605241226,2,3.704115272067267e-05
33914,NOR.7_1_21,60.3815929,5.333052,92,0.3233424761551995,2,1.8522977487047616e-08
47023,SVK_1509,48.72893940000001,19.633803199999996,131,0.3233533104917122,2,3.704115272067267e-05
5171,CHE_3953,45.9112513,9.0013515,79,0.3233580887119178,2,3.704115272067267e-05
24133,GBR.1.32_1_132,51.122478799999975,0.2245186,68,0.323409991665895,2,3.704115272067267e-05
25441,GBR.1.6_1_4,53.8345159,-3.0312617000000004,62,0.3234173719788869,2,3.7041152720672656e-05
16960,DNK_1542,55.688503999999995,12.542457399999998,46,0.3234460876007037,2,1.7650453775913918e-06
45409,RUS.77_1_413,48.786224,44.81542429999999,121,0.3234529586072784,2,3.704115272067267e-05
48508,SWE.18_1_0,64.8295305,16.9381003,133,0.3235219927771089,2,3.704115272067267e-05
24198,GBR.1.33_1_186,51.8377612,1.2433218,64,0.3236881655708862,2,3.704115272067266e-05
50001,UKR.15_1_168,48.132319200000005,39.085840899999994,126,0.3238678581350124,2,3.704115272067267e-05
30743,ITA.2_1_73,41.0439147,16.847148400000002,84,0.3239765070839892,2,3.704115272067267e-05
35593,POL.1_1_691,50.80984590000001,15.763888,37,0.3240104083711454,2,3.704115272067267e-05
52124,UKR.2_1_99,51.5451391,33.01194589999999,140,0.3241794795814426,2,3.704115272067267e-05
13750,DEU.2_1_2755,48.5744965,12.066032600000002,35,0.3242645615334753,2,3.704115272067267e-05
13983,DEU.2_1_3324,49.2827149,10.782395,34,0.3243341327900731,2,3.704115272067267e-05
33107,NLD_1867,52.30624460000001,6.9338109,42,0.3244588943420687,2,3.704115272067267e-05
20855,FRA.13_1_27,43.342212100000005,6.1305527,87,0.3246243448467451,2,3.704115272067267e-05
26348,GBR.4_1_341,52.9332472,-3.0661500000000004,63,0.3246387258079451,2,0.0001328926576781
50510,UKR.18_1_125,49.0351172,33.621401500000005,152,0.3246499027687749,2,3.704115272067267e-05
33383,NOR.10_1_45,68.4338004,17.6562847,133,0.3246830725067135,2,3.704115272067267e-05
21946,FRA.4_1_86,47.1111519,0.5771269,55,0.3247547921103806,2,2.686975129293944e-09
47985,SWE.10.10_1_2,65.6118326,22.1151084,133,0.3247639318455412,2,3.704115272067267e-05
32889,NLD_1109,51.931394,4.5895479,91,0.3248051393647559,2,3.704115272067267e-05
42032,RUS.4.5_1_60,60.81105680000001,39.950898,113,0.3248735808871192,2,3.704115272067267e-05
6094,CZE_1635,49.84235359999999,13.5876109,36,0.3249037966478378,2,3.704115272067267e-05
14163,DEU.2_1_3881,48.892216000000005,11.1694871,34,0.3249230484304102,2,3.704115272067267e-05
52944,UKR.6_1_409,48.0367169,37.37488379999999,149,0.3249960274099453,2,3.704115272067267e-05
41060,RUS.37_1_159,51.52242,34.780589500000005,127,0.3250605426428373,2,3.704115272067267e-05
23677,GBR.1.112_1_9,51.339580000000005,-2.2818824,67,0.3250815260672285,2,3.704115272067267e-05
37409,PRT_1555,41.3008657,-8.5487228,48,0.3250985554217983,2,3.704115272067267e-05
10890,DEU.14_1_1611,50.85324790000001,14.751772,26,0.3251817760903787,2,3.704115272067267e-05
29286,ITA.10_1_66,45.4094455,9.150056799999998,79,0.3252183813316047,2,3.704115272067267e-05
5770,CZE_1036,49.9632359,18.0730417,20,0.3252423372534493,2,3.704115272067267e-05
47277,SVK_2122,48.2065853,19.3985863,76,0.3252994073525326,2,3.704115272067266e-05
23338,FRA.8_1_754,48.9728511,2.3069718000000003,61,0.3253026020927864,2,3.6870764195665296e-05
4562,CHE_2433,46.311114100000005,7.499157900000001,11,0.3254375960737105,2,3.704115272067267e-05
3837,BLR.6_1_192,55.04132559999999,26.3108094,10,0.3255660153717937,2,3.704115272067267e-05
11380,DEU.15_1_386,53.67770260000002,10.147867199999997,27,0.3256430873229002,2,3.704115272067267e-05
19373,ESP.8_1_334,40.3878336,-3.7449956,54,0.3257010741735345,2,2.1038443565535565e-08
45265,RUS.77_1_107,50.6810406,44.747523400000006,122,0.3257162700250023,2,3.704115272067267e-05
26044,GBR.3_1_569,55.985179900000006,-4.5773986,70,0.3257720437077507,2,3.704115272067267e-05
37598,PRT_394,38.747997300000016,-9.141209000000002,52,0.3257969626817297,2,8.171344548210268e-08
9720,DEU.11_1_1086,49.71085520000001,8.0865113,24,0.3258341790906565,2,3.704115272067267e-05
38750,ROU.29_1_38,46.18257030000001,25.0982513,107,0.3258942957681267,2,3.704115272067267e-05
27373,HUN_1145,47.0394957,18.6601211,78,0.3259561811278821,2,6.081353841980177e-05
27981,HUN_2293,46.52363399999998,19.1176099,128,0.3261162607648856,2,3.704115272067267e-05
26084,GBR.3_1_659,55.74889319999999,-3.9775506,70,0.3261264283729975,2,3.704115272067267e-05
13976,DEU.2_1_3298,49.21547189999999,11.1381245,34,0.3263337438651726,2,3.704115272067267e-05
26277,GBR.4_1_202,51.7562757,-4.9967193000000005,63,0.3263513288267431,2,3.704115272067267e-05
41641,RUS.38_1_912,60.59176759999998,28.648119500000007,109,0.3264459672191869,2,3.704115272067267e-05
8251,CZE_542,49.702783200000006,17.014482599999997,20,0.3265435781090842,2,3.704115272067267e-05
23578,GBR.1.108_1_34,52.4793285,-1.4674675000000004,63,0.3265963144735623,2,6.424607365273908e-07
25494,GBR.1.7_1_3,53.5335276,-2.4938302,62,0.3267039725900546,2,3.704115272067267e-05
20939,FRA.13_1_483,44.0373702,4.994185600000001,56,0.3267088341513103,2,3.704115272067267e-05
38292,ROU.1_1_0,45.852281299999994,23.3633896,107,0.3268550513936475,2,3.704115272067267e-05
42893,RUS.44_1_846,55.5865453,38.14205100000001,119,0.3269347532178905,2,3.704115272067267e-05
24819,GBR.1.38_1_69,51.00577990000001,-0.9429563999999998,68,0.3269527734049449,2,3.704115272067266e-05
3199,BLR.1_1_7,52.512520900000005,25.1560231,10,0.3271462635429206,2,3.704115272067267e-05
11591,DEU.16_1_363,50.58110350000001,11.0790119,28,0.3271904991202889,2,3.704115272067267e-05
5574,CHE_608,46.7205862,6.5319485,13,0.3273036299657376,2,3.704115272067267e-05
21106,FRA.1_1_1266,45.932119400000005,6.9027886,58,0.3274220668580424,2,3.704115272067267e-05
45121,RUS.76_1_143,55.9823439,41.120787500000006,125,0.3277995832947495,2,3.704115272067267e-05
37299,PRT_1206,41.23816959999999,-8.6583034,100,0.3279975090286138,2,3.704115272067267e-05
45523,RUS.78.5_1_15,59.12399089999998,37.9496566,153,0.3280718399851837,2,3.704115272067267e-05
1868,BEL_2021,50.5908188,5.8642843,6,0.3280993517918326,2,0.0002369074737768
48364,SWE.15_1_450,59.28308580000001,18.302256599999996,132,0.3286679322159459,2,3.704115272067267e-05
10335,DEU.13_1_21,51.7514699,11.046892099999996,28,0.3287279192517826,2,3.704115272067267e-05
32050,ITA.9_1_83,44.3654683,8.3256049,87,0.3287535975553292,2,5.122453622672748e-06
24108,GBR.1.31_1_26,53.7647567,-0.8606410999999998,65,0.3287734234651356,2,0.0003294744331465
6956,CZE_2981,50.26723439999999,14.2399088,16,0.3287888322992869,2,3.704115272067267e-05
2552,BGR_520,42.72774059999999,23.2827967,8,0.3290455134734698,2,1.51376211117093e-05
33287,NLD_73,52.0200045,5.549098000000001,91,0.3292525882026113,2,3.704115272067267e-05
5522,CHE_506,46.664304900000005,6.317096599999999,13,0.3293573386424668,2,3.704115272067267e-05
8132,CZE_5008,50.028898600000005,15.9695139,19,0.3293713028984165,2,0.0003343227771666
7230,CZE_3439,49.7244499,13.242150100000002,17,0.3293784424483749,2,6.285606511277298e-06
45556,RUS.78.6_1_55,59.128607300000006,41.6114153,110,0.3294812945643114,2,3.704115272067267e-05
29126,ITA.10_1_268,45.1370899,10.190011199999995,80,0.3294853041948328,2,0.0001970461090532
13274,DEU.2_1_1334,48.164081,11.5059798,1,0.3296491619594407,2,3.704115272067267e-05
8618,DEU.10_1_1334,51.4323414,7.123102199999999,44,0.3298907769237892,2,1.6132688680110918e-05
48717,SWE.2_1_12,60.2741742,15.980137600000004,133,0.3299692656727475,2,3.844038414216355e-05
32256,LUX_211,49.9654034,5.953124000000001,6,0.3301128715621816,2,3.704115272067267e-05
27848,HUN_1940,46.31374009999999,20.4881875,128,0.3301407815538476,2,0.0001862533056428
30385,ITA.20_1_211,45.71586420000001,12.1482897,2,0.3302365126400592,2,7.616907761514471e-05
4173,CHE_1383,47.0092673,7.0305644,33,0.3302517825724603,2,0.0001671694878215
12146,DEU.1_1_1858,48.7667769,9.2490932,31,0.3303369571256597,2,3.704115272067267e-05
9202,DEU.10_1_2984,51.5307286,7.472859200000001,44,0.3304346791369571,2,3.704115272067267e-05
16144,DEU.8_1_690,54.32961290000001,12.741188800000002,41,0.3306494305028243,2,3.704115272067267e-05
20452,FRA.11_1_397,43.586333800000006,1.4470736999999996,57,0.3308780813038245,2,1.5797447332545243e-06
10825,DEU.14_1_1454,51.0069505,13.667019300000002,26,0.3308842855819983,2,3.704115272067267e-05
34330,POL.12_1_132,50.1093562,19.1838037,95,0.3312252708584128,2,2.6454051187140136e-07
25771,GBR.1.98_1_178,51.264019000000005,-0.5028528,67,0.3315336883044727,2,3.021882472523956e-05
24489,GBR.1.36_1_2239,51.47508369999997,-0.201549,66,0.3316445226409853,2,4.256057791180032e-05
1905,BEL_2137,50.8970248,3.8799172,7,0.3319296323733679,2,8.846120763723971e-05
35700,POL.2_1_174,53.26459860000001,18.9815011,97,0.3321311788128531,2,8.397597642504131e-05
27433,HUN_1273,47.32244480000001,18.898511300000003,78,0.3322590795444022,2,0.0002295563939863
34255,POL.11_1_539,53.8532443,18.0553708,94,0.3327066487637743,2,1.1559710024324161e-07
17526,ESP.11_1_23,39.81198379999999,-6.3257492000000015,52,0.332794629132327,2,6.860362032239855e-10
27966,HUN_2276,46.115556899999994,19.1594005,128,0.3328096212612279,2,8.49058112193231e-06
9617,DEU.10_1_82,51.43281610000001,6.9744912,44,0.3330769052690064,2,3.704115272067267e-05
9835,DEU.11_1_1370,49.6068805,8.1879153,24,0.3331833966107973,2,0.0002259303357689
48232,SWE.15_1_150,59.3177717,18.049211699999997,132,0.3331968237799795,2,1.8518198101498484e-05
16728,DEU.9_1_870,51.660994,9.737912700000004,43,0.3333259561070469,2,6.663072107561568e-05
27458,HUN_1323,47.387920900000005,18.974371100000003,78,0.3334559774053153,2,7.429698825161124e-05
31583,ITA.6_1_95,44.95920889999999,10.6964703,80,0.3334662098342439,2,0.0002507223691409
711,AUT_2390,46.5229945,14.304321599999998,75,0.3334939253634595,2,3.704115272067267e-05
9925,DEU.11_1_3,49.221222199999985,7.7006687,24,0.3335800629687934,2,0.0003236981328939
34583,POL.12_1_98,50.1756428,18.472966,95,0.3337850541716826,2,8.185632820144153e-05
12730,DEU.1_1_3681,48.8466944,9.157127999999998,31,0.3338623576257061,2,3.704115272067267e-05
12379,DEU.1_1_2586,49.486870399999994,8.493390799999998,24,0.3340029724974535,2,4.328187518437808e-06
16185,DEU.9_1_1051,52.89667500000001,10.134095299999997,43,0.3343649874988425,2,6.433850073587394e-05
34764,POL.14_1_3,54.33973019999999,19.5782177,97,0.3344456616353367,2,3.502372114012309e-05
53255,UKR.8_1_221,50.13483230000001,35.4221824,152,0.3346138253541994,2,3.704115272067267e-05
8475,CZE_946,49.37809669999999,17.4539005,18,0.3349737105287526,2,4.367864720300941e-05
53268,UKR.8_1_242,49.9550652,36.0350819,141,0.33497427539587,2,2.440711593689569e-05
23266,FRA.8_1_542,48.88480869999999,2.2599720000000003,61,0.3354769237892397,2,1.967779968437286e-05
16641,DEU.9_1_701,52.547670700000005,8.6750197,43,0.3354826650615797,2,3.704115272067267e-05
26433,GBR.4_1_51,51.4938863,-3.2338039000000003,63,0.3358107602555792,2,1.5747961045006598e-06
31338,ITA.6_1_101,44.7553117,10.212301499999995,80,0.3358518659135104,2,1.6684043243927158e-05
41557,RUS.38_1_743,59.62440900000001,30.4867696,116,0.3360791462172423,2,2.9908686233593048e-05
33245,NLD_607,52.0719618,4.4949107999999995,91,0.3362048615612557,2,2.86838817259154e-05
27463,HUN_1342,47.398261100000006,18.9723339,78,0.3362728122974349,2,7.429698825161124e-05
15212,DEU.6_1_298,53.58195200000001,10.067826800000002,27,0.3362918140568571,2,0.0003082927118551
12982,DEU.1_1_563,48.297052400000005,8.8751475,14,0.3363375590332439,2,0.0002634509367931
17382,ESP.10_1_232,39.483550599999994,-0.3941092,47,0.3363556903416983,2,5.4357931554694015e-05
15929,DEU.8_1_201,53.508058,12.053855399999998,41,0.3364446337623853,2,0.000104286687481
23437,FRA.9_1_216,49.00394720000001,0.854886,55,0.3365674321696453,2,1.256753804234849e-06
25931,GBR.3_1_289,55.904596999999995,-4.385482699999999,70,0.3366630891749236,2,3.734666750984175e-05
22624,FRA.7_1_754,50.2254206,3.329847799999999,60,0.3366646448745254,2,5.392304117309692e-05
4462,CHE_2155,47.11396230000001,7.1956903,33,0.3367123066950643,2,0.0001987179437813
48494,SWE.17_1_46,59.18728689999998,13.015633399999995,134,0.3374410408371145,2,0.0002787275092282
22996,FRA.8_1_1976,48.809037100000005,2.434721099999999,61,0.3375133901287156,2,1.8103712383591009e-07
9644,DEU.10_1_889,51.23157410000001,6.7621750999999986,22,0.3378654968052598,2,7.483072010608683e-05
20107,FRA.10_1_324,44.9909925,-0.4404756999999999,57,0.3379012964163348,2,1.7515653106712172e-05
17803,ESP.16_1_300,43.2690417,-2.9254531,49,0.3380220020372256,2,1.7961571194075994e-07
15365,DEU.7_1_1234,50.17601110000001,8.697154699999999,39,0.3382583850356515,2,0.0001590478205814
20394,FRA.11_1_247,44.9022285,1.4666467,57,0.3383454579127697,2,3.694299237392807e-05
2026,BEL_35,50.391498600000006,3.9111708999999992,60,0.3385475969997221,2,0.0002444798056354
33452,NOR.12_1_135,59.9437046,10.7208514,92,0.3386210667654412,2,7.291421446598929e-07
45369,RUS.77_1_331,48.50868389999999,44.537893700000005,121,0.3388525604222613,2,0.0003333209798794
37442,PRT_1676,41.1757272,-8.562158700000001,100,0.3393823316973793,2,6.860362032239855e-10
1392,AUT_68,46.915501500000005,15.354468100000002,3,0.3394741550143531,2,0.000196106661917
45358,RUS.77_1_305,48.71287090000002,44.5123748,121,0.3396368274840263,2,0.0001042669759979
5107,CHE_3742,46.848145200000005,9.8732389,83,0.3398058523937401,2,0.0003052269859253
44278,RUS.64_1_122,55.593949,32.384298300000005,123,0.3399473191962219,2,3.704115272067267e-05
8717,DEU.10_1_16,52.229555700000006,7.754089300000001,44,0.3400156032966015,2,0.0002239575677021
22763,FRA.8_1_1183,48.8088438,2.317762800000001,61,0.340563218816557,2,3.704115272067267e-05
50509,UKR.18_1_124,49.0967911,33.61642619999999,152,0.3407316325585702,2,0.0002222263352379
24379,GBR.1.36_1_1617,51.52273,-0.3314121999999999,66,0.3407574312436336,2,2.184649002056634e-06
33130,NLD_259,50.9473903,5.786487800000001,6,0.3417007408093342,2,8.617705414866644e-05
18576,ESP.4_1_27,38.8955125,-3.709650200000001,51,0.341889952773405,2,5.249411057880045e-05
42161,RUS.43_1_292,55.707095200000005,37.516305599999995,124,0.3419409482359478,2,8.780192419703946e-05
23495,FRA.9_1_83,49.269601599999994,-0.6979279999999998,55,0.3422114455042133,2,1.2535253505308669e-06
24168,GBR.1.33_1_108,51.567595399999995,0.4237157,64,0.3422114825446801,2,2.0982053047822045e-05
52048,UKR.2_1_24,50.943121600000005,32.711215700000004,152,0.3423154180942679,2,3.704115272067267e-05
16864,DNK_125,54.9187353,9.5940472,45,0.3423525048615612,2,3.704115272067267e-05
21785,FRA.4_1_125,47.4987905,0.7932396000000002,55,0.3424638114640244,2,1.120620536932003e-06
29788,ITA.13_1_735,45.6700193,8.620080699999999,79,0.3424999073988332,2,3.7643922480774086e-05
47946,SVN_478,45.5011319,13.9092453,75,0.3425593666080192,2,3.703978064826622e-05
12618,DEU.1_1_3266,48.9935055,8.744426800000001,31,0.3431104824520789,2,0.0002862894986768
10561,DEU.13_1_805,51.82119740000001,12.3143699,28,0.3434709695342161,2,0.0002226065865625
25277,GBR.1.60_1_3,53.4852618,-0.5935506999999998,65,0.3436045189369386,2,2.2422391042462293e-05
18838,ESP.5_1_81,42.5401671,-6.714933899999999,50,0.3437084637466432,2,0.0002222263352379
17315,DNK_988,54.77409860000001,11.764962,46,0.3437135382905824,2,0.0003333209798794
23994,GBR.1.25_1_72,53.263919,-1.2164106,65,0.3438812760440781,2,0.0001113703109553
51237,UKR.23_1_126,48.180131900000006,22.910986899999997,101,0.3442219094360589,2,0.0001751726889168
15426,DEU.7_1_1441,50.1060348,8.7502628,39,0.3442993703120659,2,1.2771261558150244e-05
29979,ITA.16_1_436,43.7209027,11.4522595,82,0.3444073062320585,2,1.803390990039372e-05
12118,DEU.1_1_1780,48.7750285,9.155029100000002,31,0.3444518659135105,2,8.612670725356474e-05
39951,RUS.14_1_488,59.851397600000006,30.3221334,116,0.3446392536345958,2,2.667973233641134e-06
4011,BLR.7_1_68,53.91461310000001,27.663311299999997,10,0.344868330400963,2,0.0001926591741015
12759,DEU.1_1_3777,48.8440681,9.2106086,31,0.344966635799611,2,0.0002501212697656
52608,UKR.5_1_59,48.465821700000006,34.7260275,150,0.3450790813964255,2,1.7513393543025198e-06
15622,DEU.7_1_367,50.4159429,8.7368818,39,0.3451763589221225,2,0.0001851920428792
13265,DEU.2_1_1295,48.12914529999999,11.593012300000002,1,0.3451764052227057,2,6.254363386058669e-09
22349,FRA.7_1_1142,50.63013060000001,3.0978716999999993,60,0.3454849800907492,2,1.3732974710965862e-08
7827,CZE_4571,50.1496354,15.1237972,19,0.3456674414297621,2,0.0002020369540779
18860,ESP.6_1_1042,41.4337214,2.2175726,53,0.345773988332253,2,4.706174052306381e-06
13375,DEU.2_1_1700,48.1760311,11.4087172,1,0.3459293638299843,2,6.711226324357289e-06
7062,CZE_3176,50.9564439,14.390261400000002,26,0.3459303824428188,2,0.000177026583544
19784,FIN.4_1_118,60.6471327,25.307199500000003,109,0.3461275581072321,2,1.8822971318200286e-05
1837,BEL_192,50.543357500000006,4.0103809,60,0.3461317622002037,2,9.335526569059896e-05
25237,GBR.1.59_1_37,52.6346757,1.5439771999999996,64,0.3461496805259746,2,3.7035550091679666e-05
50991,UKR.21_1_140,51.780287599999994,33.771136199999994,140,0.3461654968052597,2,0.0001851920428792
34640,POL.13_1_23,50.5825553,20.5192088,99,0.3461855542179831,2,3.704115272067267e-05
38663,ROU.27_1_14,47.54000470000002,23.374889399999997,101,0.3462542087230299,2,0.0002797542479849
8253,CZE_544,49.71286700000002,17.0746289,20,0.3462960181498288,2,0.0002989914541943
19597,ESP.9_1_29,42.9109612,-2.0717275,49,0.3462962496527456,2,0.0003333209798794
13125,DEU.1_1_867,47.588939,7.6266518,29,0.3463026113529031,2,2.401923962437036e-05
33706,NOR.1_1_216,60.1929905,11.0962934,93,0.3463314103157699,2,0.0002807394427012
26292,GBR.4_1_219,52.0405985,-4.4034981,63,0.3465621539031391,2,3.704115272067266e-05
22946,FRA.8_1_1834,48.90822559999999,2.3778512999999997,61,0.3467571719603667,2,3.704115272067267e-05
29838,ITA.16_1_119,42.95770059999999,11.193214499999996,82,0.3468939624039263,2,0.0001163684192029
49348,UKR.11_1_316,50.5121705,30.4985738,138,0.3470025743124362,2,3.704115272067267e-05
11595,DEU.16_1_372,50.6426687,11.1808533,28,0.3470235669969442,2,0.000296290803738
20143,FRA.10_1_394,44.94119160000001,1.0081942000000002,57,0.3470298268358181,2,1.4016270091672378e-05
20164,FRA.10_1_446,45.2865966,0.7486706,57,0.3470354940272248,2,7.838697284139515e-06
12442,DEU.1_1_2810,49.06026409999999,8.4693913,32,0.3470407908139643,2,0.0002791384618374
23430,FRA.9_1_193,49.6083424,0.5971326,61,0.3471477636818223,2,0.000296290803738
7647,CZE_4330,49.9854625,15.0149715,19,0.3474096120011112,2,0.0001622829388727
19830,FIN.4_1_208,60.33202369999999,25.0682825,109,0.3475185017131216,2,2.343957027681951e-08
52705,UKR.6_1_154,47.911165200000006,37.7855995,151,0.3476360774145753,2,0.0003396880517235
11616,DEU.16_1_427,51.3909334,11.3070888,28,0.3478739698120197,2,3.565809662391688e-05
11062,DEU.14_1_525,50.99925650000001,13.646449599999997,26,0.3479142605796833,2,0.0003396745999358
42228,RUS.43_1_523,55.7713304,37.74506609999999,124,0.3480172330771368,2,2.597935945705813e-07
23594,GBR.1.109_1_17,51.4983202,-1.1110145,67,0.3480358736920085,2,3.704115272067267e-05
35797,POL.2_1_400,53.57634680000001,18.027577599999997,94,0.348190499120289,2,0.0002732417230181
14704,DEU.3_1_846,52.5180981,13.431526399999996,38,0.3482383461431614,2,1.8259996942478424e-08
7970,CZE_4799,50.29917449999999,15.180309400000002,19,0.3482915455134735,2,0.0002612099362645
27316,HUN_1052,47.6465869,18.348154799999996,5,0.3482954162422446,2,0.0001351329335201
33053,NLD_1640,50.8762291,6.0595563,6,0.3482983979998148,2,3.7143504874333976e-06
52964,UKR.6_1_431,48.0641433,38.637918799999994,151,0.3483260857486804,2,0.0002222263352379
30775,ITA.3_1_26,40.4208569,16.552169600000003,84,0.3483844615242151,2,0.0001168066441394
44786,RUS.70_1_364,53.991161899999994,38.2959394,119,0.348395064357811,2,8.559018686472148e-05
22144,FRA.6_1_471,48.7352041,6.169047300000001,23,0.3485005556070006,2,4.749081202958072e-05
52149,UKR.3_1_30,48.436251699999985,25.7767709,90,0.3485140568571164,2,0.0001057343367806
5993,CZE_1437,49.61704340000001,18.3619068,95,0.3485950087971109,2,0.0002377493318525
28760,HUN_936,46.3101965,18.138727900000003,78,0.3487366885822761,2,0.0002146008550225
20230,FRA.10_1_648,45.6076518,1.0261052999999998,57,0.3488227058060931,2,0.0002030588240661
52880,UKR.6_1_340,48.2574321,38.22911219999999,151,0.3489293730901009,2,3.4529587702659366e-05
33064,NLD_1667,50.8733825,5.7964022,6,0.3490671358459116,2,4.092388092703569e-05
21919,FRA.4_1_477,47.32019699999999,1.6819797,55,0.3492246689508288,2,2.3725418694829508e-08
11001,DEU.14_1_393,50.51920749999999,12.382029500000002,17,0.3492277988702658,2,0.0002684065963149
15022,DEU.4_1_723,52.5286522,13.9176158,37,0.3492318085007871,2,0.0002935833069214
35527,POL.1_1_523,51.4510912,16.2329449,37,0.3492816094082785,2,4.8283324458257575e-05
29108,ITA.10_1_228,45.073440600000005,9.1702779,79,0.3495959625891287,2,0.0001084616417887
19062,ESP.6_1_384,41.3841397,2.1308966999999996,53,0.3496997221964996,2,6.007390352898038e-08
28250,HUN_2879,47.75080449999999,21.9879567,77,0.3497459764793036,2,0.0002377841861508
42155,RUS.43_1_27,55.7395667,37.4833259,124,0.3498487545143068,2,1.0054741662595733e-06
23402,FRA.9_1_110,49.93243129999998,1.6257486,60,0.3499365033799425,2,7.643468780612435e-05
42484,RUS.44_1_1332,55.805690000000006,37.919038499999985,124,0.3501012964163348,2,3.704115272067267e-05
13970,DEU.2_1_3283,49.183436,11.0160335,34,0.350263941105658,2,0.0002062213087559
1934,BEL_2238,50.929243,3.9628398,7,0.3502946013519771,2,4.863498470392001e-05
35790,POL.2_1_386,53.3336272,18.1977019,94,0.3503555514399482,2,3.178489277691544e-06
20667,FRA.12_1_139,47.050574100000006,-1.1828046,55,0.3503692286322808,2,3.303590604900947e-05
25646,GBR.1.90_1_6,50.91142850000001,-1.4336980999999998,67,0.350666895082878,2,8.791714019429465e-06
26811,HRV_115,45.95111729999999,16.5678848,74,0.3508721177886841,2,0.000143854819024
7148,CZE_3313,49.718022700000006,12.862854599999997,17,0.3509508102602093,2,0.0001826560898108
8636,DEU.10_1_1377,51.41354960000001,6.6690285000000005,44,0.3510463283637374,2,0.0001555778431166
27093,HRV_604,45.923937499999994,16.5385563,74,0.3510525141216779,2,0.0001879772389576
10367,DEU.13_1_281,51.271452999999994,11.5449799,28,0.3510861190851004,2,2.2464298358859944e-05
48435,SWE.15_1_97,59.408184799999994,17.928665300000002,132,0.351167756273729,2,3.704115272067267e-05
20479,FRA.11_1_462,43.8562799,1.8078806,57,0.3512193906843226,2,6.62113749164717e-05
15624,DEU.7_1_369,50.429604100000006,8.933740400000001,39,0.3512537364570794,2,3.4756094683353264e-05
53069,UKR.7_1_29,48.99465270000001,24.0722,142,0.3514482452078896,2,0.0003126318901683
17613,ESP.12_1_162,43.21868459999999,-8.1868944,48,0.3515839059172146,2,0.0001304950624324
24809,GBR.1.38_1_46,50.854934500000006,-1.5049911999999996,67,0.3515928604500417,2,0.0001111193419447
48679,SWE.21_1_29,58.38954590000001,13.8523217,134,0.3516847763681822,2,3.305355694444288e-05
21597,FRA.2_1_55,46.8651963,3.3180427999999997,59,0.3517601907584035,2,5.529209304618384e-06
38106,ROU.15_1_35,44.256333100000006,28.4657991,105,0.3520141957588666,2,0.000203652019375
25565,GBR.1.83_1_3,53.36379620000001,-1.3573689,65,0.3520903139179554,2,2.5768012009232585e-05
6177,CZE_173,49.10793090000001,16.4626567,18,0.3522212704880082,2,0.0001997424897793
21274,FRA.1_1_582,45.68950999999999,4.8322476000000005,58,0.3524374664320771,2,5.287435097591637e-06
31139,ITA.5_1_522,40.8336118,14.2346987,86,0.3526756551532549,2,0.0001857924706306
9804,DEU.11_1_128,50.7828543,7.739903700000001,40,0.3529142883600332,2,3.704115272067267e-05
53271,UKR.8_1_245,49.9576639,36.138395800000005,141,0.3533472728956384,2,1.3907025442730384e-05
2521,BGR_456,42.69046249999999,23.5345666,8,0.3533867395129178,2,8.981713538618928e-05
12590,DEU.1_1_3196,49.1875887,8.9344966,31,0.3535701268635985,2,0.0003164011745583
15456,DEU.7_1_1523,50.3565931,8.983285099999998,39,0.3536173534586536,2,0.0001876652918359
25776,GBR.1.98_1_187,51.36389879999999,-0.2479640999999999,67,0.3539250115751458,2,0.0002194229011723
29025,ITA.10_1_1666,45.8135762,8.8970458,79,0.3543126400592648,2,3.704115272067267e-05
4666,CHE_2665,47.5753003,8.2562445,12,0.3543294193906843,2,0.0001081978397115
4840,CHE_3038,47.2488787,9.168213799999998,12,0.3544093249374942,2,3.704115272067267e-05
7000,CZE_3075,50.441753800000015,14.070192100000002,16,0.354512778961015,2,0.0001305458399384
53927,__tmp_RUS.78.30_1__52,59.137365,37.8060472,153,0.3549518288730438,2,3.704115272067267e-05
10320,DEU.13_1_180,51.597599200000005,11.533777700000002,28,0.3550500694508751,2,6.860362032239855e-10
14383,DEU.2_1_755,47.4781927,10.946117,0,0.3552533753125289,2,3.704115272067267e-05
48780,SWE.5_1_24,56.9576654,13.0793448,134,0.3553013612371516,2,3.704115272067267e-05
18975,ESP.6_1_155,41.250244399999985,1.2974063,53,0.3553621631632558,2,3.7079170560268e-05
47747,SVN_130,45.87599049999999,13.7575087,75,0.35609715714418,2,0.0001132855164103
31647,ITA.7_1_76,45.975947700000006,13.397404899999998,2,0.3563090841744606,2,3.411821337237811e-05
15081,DEU.4_1_885,51.74530620000001,14.3534079,37,0.3563859061024169,2,3.704115272067267e-05
49432,UKR.12_1_164,50.426531100000005,30.3743316,138,0.3564250023150292,2,3.704115272067267e-05
33111,NLD_19,51.4503095,5.4569206,6,0.3565388461894619,2,0.0001041330685981
40014,RUS.19_1_62,57.366495500000006,41.2691646,110,0.3569819242522455,2,3.704115272067267e-05
23013,FRA.8_1_2032,48.6480745,2.4359577999999997,59,0.3569932864154088,2,0.0002035538687711
23250,FRA.8_1_487,48.82105690000001,2.2140176000000005,61,0.3574527085841282,2,1.9719527530900767e-05
53877,__tmp_RUS.78.30_1__380,59.1222003,37.84501159999999,153,0.3575555236595981,2,3.704115272067267e-05
5058,CHE_3653,46.5882632,9.777353299999998,83,0.3581979442540975,2,0.0003102405994109
25748,GBR.1.98_1_126,51.3363364,-0.7438864999999999,67,0.3582808037781276,2,0.0001000963601796
33154,NLD_34,51.3853329,5.5694204,6,0.358468876747847,2,0.0001479023532592
31664,ITA.8_1_108,41.7997882,12.296154,81,0.3588575608852672,2,3.704115272067267e-05
23705,GBR.1.114_1_55,53.4284435,-3.0697346000000003,62,0.3593470043522548,2,3.704115272067267e-05
27652,HUN_1685,47.6208838,21.0766126,77,0.3594245763496619,2,3.704115272067267e-05
39430,ROU.3_1_50,45.0903252,24.6733125,106,0.3596225576442263,2,3.704115272067267e-05
44306,RUS.64_1_178,54.99782769999999,33.29097719999999,123,0.3596438373923511,2,3.704115272067267e-05
7054,CZE_3168,50.8373722,14.2231279,16,0.3599727752569682,2,3.704115272067267e-05
40786,RUS.34_1_319,45.3691405,36.9637845,148,0.3601607556255208,2,3.704115272067267e-05
29160,ITA.10_1_331,45.6272111,8.711208800000001,79,0.3603425594962496,2,6.147045159148552e-06
29752,ITA.13_1_675,46.04357949999999,8.2607136,79,0.3603876840448189,2,1.0290543048359787e-09
42321,RUS.43_1_803,55.85023990000001,37.552053599999994,124,0.3606073710528752,2,1.3963609381661888e-05
34497,POL.12_1_559,49.89018200000001,19.0243244,95,0.3606531345494953,2,0.0003086465995896
24341,GBR.1.36_1_139,51.3814027,-0.0144917,66,0.3614253078988795,2,3.704115272067267e-05
29332,ITA.10_1_85,45.4746191,9.1947419,79,0.3614772015927401,2,1.3613806976962666e-05
41046,RUS.37_1_13,51.1844431,36.464612800000005,127,0.3621643578109084,2,3.704115272067267e-05
14881,DEU.4_1_32,53.09278170000001,12.9002055,38,0.3621985739420316,2,3.704115272067267e-05
24219,GBR.1.33_1_53,51.9712206,0.7691114000000001,64,0.3622278822113157,2,3.704115272067266e-05
2424,BGR_316,42.6407011,23.372936999999993,8,0.3622371423279933,2,3.704115272067266e-05
15693,DEU.7_1_501,51.33258420000001,9.4524239,40,0.362514584683767,2,6.860362032239855e-10
48989,TUR_192,41.024079500000006,29.108681500000007,135,0.3628050004630058,2,0.0001481563784482
31249,ITA.5_1_81,40.6100751,15.447708400000003,85,0.3629802944717103,2,3.704115272067267e-05
9596,DEU.10_1_75,51.43019620000002,7.000099299999999,44,0.3630559774053153,2,3.704115272067267e-05
35499,POL.1_1_46,51.229741399999995,17.3688647,37,0.3631586165385683,2,0.0002523471660944
28457,HUN_532,47.76754899999999,19.935382499999996,76,0.3632814705065285,2,3.704115272067267e-05
27944,HUN_2191,47.5133157,19.1989051,76,0.3635789702750255,2,0.0003113083267227
19313,ESP.8_1_126,40.28862349999999,-3.756770200000001,54,0.363970626909899,2,3.892717488956796e-05
44437,RUS.64_1_86,54.800599899999995,31.9063302,123,0.3641546069080471,2,3.94109403730259e-05
16776,DEU.9_1_999,52.35995730000001,9.750621399999998,43,0.3642048893416057,2,2.9108843939603863e-05
13592,DEU.2_1_2351,50.178884100000005,12.134541700000002,17,0.3644239374016113,2,3.704115272067267e-05
26456,GBR.4_1_93,51.60526669999998,-3.6482526,63,0.365071664042967,2,3.704115272067267e-05
539,AUT_203,48.003567200000006,16.258368100000002,4,0.3653151217705343,2,3.448968028830159e-06
1492,AUT_877,48.263432,16.4515472,4,0.3655136494119826,2,3.1180345436530155e-08
49083,TUR_436,41.04080139999999,28.9071496,135,0.3656507083989259,2,2.8401920864638867e-05
25958,GBR.3_1_354,56.01482240000001,-3.6256241,70,0.3656689971293639,2,3.704115272067267e-05
22770,FRA.8_1_120,48.8237835,1.9927044,61,0.3665989536068154,2,1.0089488096671072e-05
19828,FIN.4_1_202,60.235770200000005,25.082802500000003,109,0.3669495601444578,2,3.704115272067267e-05
49087,TUR_451,41.1059874,28.870752999999997,135,0.3669693027132142,2,9.24001962167514e-06
31682,ITA.8_1_151,41.834246400000005,12.4310773,81,0.367006917307158,2,2.1981015308180577e-05
13620,DEU.2_1_2417,47.942137999999986,12.041463,1,0.3678570052782665,2,1.0495395589693646e-05
28975,ITA.10_1_1496,45.499540999999994,9.240769599999998,79,0.3680986850634318,2,0.0001028927116539
33156,NLD_344,51.9410889,4.5564294,91,0.368333391980739,2,3.8132772933269065e-05
23354,FRA.8_1_822,48.87940659999999,2.304356500000001,61,0.3688935827391425,2,4.677111810938168e-05
32922,NLD_1205,52.2840605,6.421178,91,0.3691523566996945,2,7.853238829207651e-05
15017,DEU.4_1_715,52.5181921,13.6729032,37,0.3694409945365311,2,0.0003119123657125
9487,DEU.10_1_468,51.01830869999999,6.752383299999998,22,0.3694726363552181,2,1.891657718593746e-05
25113,GBR.1.4_1_61,52.489656700000005,-1.9137098,63,0.3695219835169923,2,3.702225242327384e-05
34336,POL.12_1_144,50.07988490000001,18.6706409,95,0.3698167237707195,2,0.000123744644771
22609,FRA.7_1_709,50.2503881,3.6457346,60,0.3700190110195387,2,5.85466120465249e-05
8581,DEU.10_1_1216,51.270248800000005,6.830400900000001,22,0.370436864524493,2,6.860362032239855e-10
13210,DEU.2_1_1092,48.1125225,11.548722199999997,1,0.3707078155384758,2,2.2791262758406283e-05
48100,SWE.13_1_159,55.46765680000001,13.1326477,134,0.3709436614501343,2,3.704115272067267e-05
19822,FIN.4_1_188,60.20517189999999,25.122326,109,0.3716191406611723,2,0.0002960489302406
19771,FIN.3_1_29,64.7588815,26.413605200000003,109,0.3719937309010093,2,5.5940387692092686e-05
29116,ITA.10_1_242,45.308849,9.4975895,80,0.3723233447541439,2,4.032378437451001e-05
1552,BEL_1003,51.0515271,4.2067001,7,0.3724066858042411,2,2.0206722382844e-05
28627,HUN_765,46.6496231,17.471443299999997,78,0.3733112788221131,2,3.704115272067267e-05
32862,NLD_1057,52.31172900000001,4.9473287,91,0.3735597833132696,2,0.0001150252257036
9240,DEU.10_1_3082,51.6538139,7.0996292,44,0.3735786646911751,2,1.2725041862583152e-05
2060,BEL_465,50.84258259999999,4.4191288,7,0.373629428650801,2,7.905139102615628e-05
25512,GBR.1.81_1_14,52.5522427,-1.9759632,63,0.3738112973423464,2,2.7836321825532673e-05
15966,DEU.8_1_274,54.30084500000001,12.9310464,41,0.3739166959903695,2,0.0002198592709583
34669,POL.13_1_87,50.855336499999986,20.5744714,99,0.3740298638762849,2,0.0002642518626535
8911,DEU.10_1_2113,50.94086,6.814646299999999,22,0.3740889712010372,2,3.7811610020298063e-05
20472,FRA.11_1_444,44.7734351,1.7222994,57,0.3742632465969071,2,0.0002426299908209
24540,GBR.1.36_1_333,51.39968910000001,-0.1016067,66,0.3744235947772941,2,3.563200191169521e-05
25015,GBR.1.47_1_8,53.486389900000006,-2.9028053999999996,62,0.375002352069636,2,3.704115272067267e-05
46618,SRB_57,45.501776199999995,19.208489199999995,128,0.3754701731641819,2,2.5237073009234576e-05
10161,DEU.11_1_955,49.4175653,7.9944462,24,0.3756398555421797,2,6.14514720795473e-05
22688,FRA.7_1_939,50.427588400000005,3.0595711,60,0.3759552551162144,2,3.0940007468710843e-06
11739,DEU.16_1_732,50.418472900000005,11.6860234,28,0.3760688582276136,2,3.704115272067267e-05
24247,GBR.1.35_1_28,51.7445273,-2.2192353,63,0.3761438466524678,2,3.704115272067267e-05
19069,ESP.6_1_405,41.39778570000001,2.1361546999999996,53,0.3764021298268358,2,0.0001362585956128
22677,FRA.7_1_897,50.48271340000001,2.4812057999999997,60,0.376845393091953,2,6.230501839566713e-05
35836,POL.2_1_99,52.960953399999994,18.6856869,94,0.3770750717659042,2,0.0003193942758801
22787,FRA.8_1_129,48.881366199999995,2.0792855,61,0.3775017872025187,2,0.0001426622342886
19452,ESP.8_1_603,40.492325599999994,-3.5935907000000005,54,0.3782792758588758,2,0.0001325598659927
33045,NLD_1611,50.83767919999999,5.717429699999999,6,0.3787845078247986,2,0.000291460414744
22145,FRA.6_1_473,48.62195449999999,6.170911800000001,23,0.3794735531067691,2,4.371748023061607e-05
11430,DEU.15_1_493,54.764286,9.5757182,45,0.3795204648578572,2,0.000172148642358
31695,ITA.8_1_18,41.53295709999999,13.4107724,81,0.3795382257616447,2,1.9533280135662135e-05
15041,DEU.4_1_773,51.6524738,14.009353299999995,26,0.3796688119270303,2,1.8094787798801732e-05
14478,DEU.3_1_101,52.4656165,13.3281755,38,0.3803331697379387,2,1.067414260494885e-05
30306,ITA.1_1_37,42.394107600000005,14.3399901,81,0.3806081952032595,2,8.635256424983039e-05
22920,FRA.8_1_1770,49.00898209999999,2.5447882,60,0.3814729697194185,2,3.704115272067267e-05
29334,ITA.10_1_859,45.5271269,9.282518199999998,79,0.3815130752847486,2,3.704115272067267e-05
23269,FRA.8_1_547,48.89222089999999,2.2849048,61,0.3816905917214558,2,3.704115272067267e-05
18472,ESP.3_1_1,43.4586539,-3.8112272,50,0.381787711825169,2,3.704115272067266e-05
16192,DEU.9_1_1070,51.818586299999986,9.875012500000002,43,0.382075682933605,2,3.704115272067267e-05
37013,POL.9_1_0,50.06040120000001,21.2487855,99,0.3823871284378183,2,0.0002016452417962
23005,FRA.8_1_1991,48.835167099999985,2.4718177000000003,59,0.382553977220113,2,2.5959239796989436e-07
34365,POL.12_1_202,50.0658256,18.923476699999995,95,0.3827155014353181,2,0.0001977607392204
19513,ESP.8_1_786,40.460865299999995,-3.6982584,54,0.3839250115751458,2,3.634093707473245e-05
33735,NOR.1_1_85,59.90044329999998,10.5804183,92,0.384399740716733,2,6.860362032239855e-10
49616,UKR.13_1_4,47.98020060000001,32.86690359999999,136,0.3844003241040837,2,3.704115272067267e-05
19085,ESP.6_1_450,41.4119065,2.1445239000000003,53,0.3845590795444022,2,3.160037110200593e-05
10378,DEU.13_1_304,51.1814575,11.9593727,28,0.3848612371515881,2,9.18066855586644e-06
17854,ESP.16_1_424,43.2591223,-2.9063583000000004,49,0.3858442633577183,2,5.810892296696231e-05
30810,ITA.3_1_72,40.79436729999999,16.1621846,84,0.3860800907491434,2,3.704115272067267e-05
24664,GBR.1.36_1_636,51.67276350000001,-0.0470924999999999,66,0.386141772386332,2,4.684033921187177e-05
4357,CHE_1865,46.8629189,7.2534489,13,0.386161755718122,2,0.0002541887335472
26538,GRC_284,39.4852868,22.69378979999999,72,0.3864779146217242,2,0.0003323049602624
8532,DEU.10_1_1084,51.218819,6.9443351,22,0.3867356977497916,2,3.704115272067267e-05
12340,DEU.1_1_2434,48.9890163,8.363302800000001,32,0.3868079081396424,2,3.704115272067267e-05
257,AUT_1497,47.2771125,11.474005399999998,0,0.3868916844152236,2,1.971144042703645e-05
33096,NLD_1828,52.44113540000001,6.576017300000001,91,0.3873278914714325,2,0.0001932353302084
25174,GBR.1.53_1_8,51.88235400000001,-0.4131734999999999,63,0.3877912584498564,2,3.704115272067267e-05
15755,DEU.7_1_652,51.3801081,9.804080100000002,40,0.3883778035003242,2,8.727423893627435e-06
13201,DEU.2_1_1077,48.0912349,11.4912395,1,0.3885341142698398,2,3.704115272067267e-05
36360,POL.6_1_213,50.07649120000001,19.8255173,99,0.3887125844985647,2,3.7041152720672656e-05
25213,GBR.1.58_1_55,54.999765100000005,-1.6109546,69,0.3891529123066951,2,0.0003111282804019
44753,RUS.70_1_285,54.08031159999999,38.194872,119,0.3894218631354755,2,4.685943567536312e-06
49025,TUR_283,41.08229029999999,28.9182892,135,0.389804880081489,2,1.290025743381446e-07
20326,FRA.10_1_95,44.63697259999999,-1.1429337000000002,57,0.3900779238818408,2,3.704115272067267e-05
345,AUT_1707,47.91540429999999,13.8110907,3,0.3901794240207427,2,3.704115272067267e-05
6432,CZE_2061,50.485373800000005,14.1736953,16,0.3905707195110658,2,4.991567433960062e-05
17323,ESP.10_1_111,39.1170121,-0.5236550999999999,47,0.3908127974812482,2,3.704115272067267e-05
24544,GBR.1.36_1_343,51.414988000000015,-0.1929729,66,0.3908874895823687,2,3.704115272067267e-05
31416,ITA.6_1_243,44.4832914,11.0328685,80,0.3909449115658857,2,3.704115272067267e-05
12704,DEU.1_1_357,47.816812000000006,8.177303599999998,32,0.3911239929623112,2,3.704115272067267e-05
12729,DEU.1_1_3672,48.813843299999995,9.20385,31,0.3912163441059357,2,8.767345432972206e-05
21397,FRA.1_1_945,45.867765600000006,6.7952465,58,0.3913110380590796,2,3.704115272067267e-05
25420,GBR.1.69_1_29,51.8261369,-1.2377047999999995,67,0.3915300768589685,2,6.89831099785619e-05
24966,GBR.1.44_1_303,51.38644009999999,0.3560551999999999,68,0.3916570052782665,2,2.8779462264334917e-05
30480,ITA.20_1_518,45.145324300000006,12.2666779,2,0.3917165756088526,2,3.704115272067267e-05
35134,POL.15_1_93,51.92281510000001,18.1454463,37,0.3918433095657004,2,3.704115272067267e-05
2452,BGR_366,42.492889600000005,24.3309607,8,0.3919061394573571,2,3.704115272067267e-05
31078,ITA.5_1_330,40.8142964,14.4972794,86,0.3923321233447541,2,0.0002036312074322
15065,DEU.4_1_834,52.6761573,14.2375645,38,0.3924595055097694,2,3.704115272067267e-05
25149,GBR.1.52_1_29,53.5743075,-0.0604648,65,0.3924777664598574,2,3.7041152720672656e-05
21293,FRA.1_1_631,45.66592179999999,4.852859700000001,58,0.3925142235392165,2,0.0002796258200166
23380,FRA.8_1_922,48.70801,2.2807856,59,0.3925464487452542,2,3.704115272067267e-05
52164,UKR.3_1_44,48.6453309,25.738490599999995,143,0.3925709417538661,2,3.704115272067267e-05
38026,ROU.13_1_78,45.005799800000005,21.4453122,102,0.3928795629224929,2,3.704115272067266e-05
30561,ITA.2_1_178,41.6131552,15.8957706,84,0.3931573293823502,2,3.704115272067267e-05
44886,RUS.72_1_2,55.67204390000001,33.2767974,123,0.393311251041763,2,3.704115272067267e-05
1996,BEL_2443,51.338295,3.2636589,7,0.393426243170664,2,3.704115272067266e-05
1504,AUT_903,48.1483537,16.948153100000003,4,0.393479442540976,2,3.704115272067267e-05
4757,CHE_2845,46.7979541,9.7024486,83,0.3934961755718122,2,3.704115272067266e-05
30987,ITA.5_1_111,40.84011649999999,14.2431557,86,0.3936791091767756,2,3.704115272067267e-05
25072,GBR.1.49_1_14,53.796574199999995,-1.3822819999999998,65,0.3936977127511806,2,1.2667578581967e-05
27484,HUN_1401,46.844825500000006,19.0043092,128,0.3937516066302435,2,3.704115272067267e-05
20505,FRA.11_1_526,44.4219997,3.0663959,56,0.3938231595518103,2,5.934814435616062e-05
47177,SVK_1867,49.050688,18.257369,21,0.3938679136957125,2,3.704115272067267e-05
5672,CHE_917,47.231913899999995,7.835836500000001,33,0.3939086119085101,2,3.704115272067267e-05
8065,CZE_4931,50.60708750000001,15.8407907,19,0.3940193999444392,2,3.704115272067267e-05
13759,DEU.2_1_2777,47.80568039999999,12.3269996,1,0.3940913047504398,2,3.704115272067267e-05
24484,GBR.1.36_1_221,51.427370999999994,-0.1686017999999999,66,0.3941358551717752,2,0.0001111193419447
25484,GBR.1.79_1_18,53.4510353,-2.6384215000000006,63,0.394195092138161,2,3.704115272067267e-05
16416,DEU.9_1_268,52.9489682,8.0140433,42,0.3942515510695434,2,3.704115272067267e-05
28232,HUN_2843,47.4266883,19.0673137,76,0.3942881655708862,2,3.704115272067267e-05
48242,SWE.15_1_17,59.639038600000006,18.226273600000003,132,0.3943695434762478,2,3.704115272067267e-05
32729,MKD_35,41.5650971,20.956770399999996,73,0.3943733956847856,2,3.704115272067267e-05
37790,PRT_938,41.13469100000001,-7.2111709,100,0.3944219927771089,2,3.704115272067267e-05
26542,GRC_293,39.3319261,22.7604695,72,0.3945402907676637,2,9.083119330685572e-07
47248,SVK_2048,49.10668629999999,18.6444802,21,0.3945739698120196,2,3.704115272067267e-05
17353,ESP.10_1_160,39.53826469999999,-0.5466326,47,0.3946631632558569,2,3.704115272067266e-05
9640,DEU.10_1_878,51.2107676,6.740384000000001,22,0.3947113714232799,2,1.351160996293177e-07
37942,ROU.12_1_22,44.2148981,27.3218643,104,0.3947275488471155,2,3.704115272067267e-05
48416,SWE.15_1_555,59.36696719999998,17.8439084,132,0.3947838503565145,2,3.704115272067267e-05
29422,ITA.11_1_7,42.8505005,13.5986815,81,0.3947856931197333,2,3.704115272067267e-05
22040,FRA.6_1_236,50.1043554,4.7617136,23,0.3947910547272896,2,3.704115272067267e-05
31946,ITA.8_1_97,41.72047599999999,12.309033,81,0.3948462913232707,2,3.704115272067267e-05
26224,GBR.4_1_119,51.520806100000016,-3.2221576,63,0.3948731641818687,2,3.704115272067267e-05
19469,ESP.8_1_68,40.363503900000005,-3.5991633999999997,54,0.3948760996388554,2,3.704115272067266e-05
29687,ITA.13_1_540,44.7480531,7.7969341,87,0.394964052227058,2,3.6843174106358955e-05
52460,UKR.5_1_296,48.49808779999998,35.0646991,150,0.3950370404667099,2,3.704115272067267e-05
4107,CHE_1179,46.3392841,7.0060422,11,0.3950395592184461,2,3.704115272067267e-05
45227,RUS.76_1_399,56.39952039999999,39.561474799999985,110,0.3951127048800814,2,3.704115272067267e-05
35176,POL.16_1_159,54.09395990000001,15.101435899999998,94,0.3951230947309935,2,3.704115272067267e-05
3269,BLR.2_1_144,52.649665000000006,28.875472400000003,9,0.3951794518010927,2,3.704115272067267e-05
18365,ESP.1_1_87,37.3530334,-6.0467807,51,0.3951802296508936,2,3.704115272067267e-05
12698,DEU.1_1_3539,49.040646,8.4505137,32,0.395233734605056,2,3.704115272067267e-05
31348,ITA.6_1_118,44.927965500000006,10.382875999999998,80,0.3952372534493935,2,3.704115272067267e-05
39384,ROU.39_1_1,45.16216649999999,28.768966700000004,105,0.3953106120937124,2,3.704115272067267e-05
38535,ROU.23_1_95,45.7727861,22.903343299999996,107,0.3953612464117048,2,3.704115272067267e-05
39102,ROU.35_1_27,45.9270265,24.4667333,107,0.3954349569404575,2,3.704115272067267e-05
43946,RUS.58_1_547,48.0198472,40.7558897,126,0.3954713306787666,2,3.704115272067267e-05
2701,BGR_708,43.0600567,25.6339655,8,0.3956066209834244,2,3.704115272067266e-05
13006,DEU.1_1_606,48.56783019999999,8.1426915,32,0.3956326789517547,2,3.704115272067267e-05
51242,UKR.23_1_130,48.315970500000006,23.044172099999994,101,0.3956865728308177,2,3.704115272067267e-05
44247,RUS.63_1_53,51.509017699999994,43.1329445,122,0.3957701268635984,2,3.704115272067267e-05
28801,ITA.10_1_0,45.293573300000006,8.5970633,79,0.3957878507269192,2,3.704115272067267e-05
45486,RUS.78.27_1_39,59.178142099999974,39.973220199999986,153,0.3958889619409205,2,3.704115272067267e-05
25586,GBR.1.84_1_8,52.345016399999984,-3.0423373,63,0.3959122789147143,2,3.704115272067267e-05
13113,DEU.1_1_833,48.5231775,8.988964499999998,32,0.395918659135105,2,3.704115272067267e-05
43844,RUS.58_1_309,47.243944,39.7304511,147,0.3959593110473192,2,3.704115272067267e-05
5787,CZE_1061,50.1142152,17.398182000000002,20,0.3959683489211965,2,3.704115272067267e-05
9466,DEU.10_1_425,50.8148059,6.263190499999999,6,0.3959851652930827,2,1.0845843622557385e-05
9515,DEU.10_1_541,51.15195210000001,6.2071242999999985,22,0.3960277433095657,2,3.704115272067267e-05
49842,UKR.14_1_272,49.557755400000005,23.2945685,142,0.3960715158811,2,3.704115272067267e-05
28283,HUN_2913,47.868072999999995,22.568446100000003,101,0.3961060375960737,2,3.704115272067267e-05
31623,ITA.7_1_223,46.090014100000005,13.390709,2,0.3962126770997315,2,3.704115272067267e-05
6028,CZE_1530,50.27767179999999,12.1767138,17,0.3963057875729234,2,3.704115272067267e-05
35199,POL.16_1_187,54.2041645,16.1739724,94,0.3964041763126215,2,3.704115272067267e-05
10322,DEU.13_1_187,52.03068140000002,11.2275402,28,0.3964240577831281,2,0.0002955260385291
3055,BIH_96,43.762419,19.389563399999993,129,0.396462015001389,2,3.704115272067266e-05
29369,ITA.11_1_100,43.5204059,12.823979799999996,80,0.3964999073988332,2,3.704115272067267e-05
28920,ITA.10_1_1296,45.8490544,9.2702152,79,0.3965147884063339,2,3.704115272067267e-05
25275,GBR.1.60_1_25,53.6974548,-0.3928889999999999,65,0.3965193073432725,2,3.7041152720672656e-05
22063,FRA.6_1_281,48.04573819999999,6.581515899999999,23,0.3967402074266136,2,3.704115272067267e-05
20309,FRA.10_1_848,43.23517889999999,-1.3048238,57,0.3968172793777201,2,3.704115272067267e-05
25968,GBR.3_1_378,55.9588049,-4.795792499999998,70,0.396854893971664,2,3.704115272067267e-05
10637,DEU.14_1_1011,50.9265539,13.068718700000002,26,0.396855495879248,2,3.704115272067267e-05
2304,BGR_135,42.683950200000005,23.25775,8,0.3968735438466524,2,1.4092085792362087e-05
49315,UKR.11_1_2,50.376487100000006,30.46909209999999,138,0.3968988610056486,2,3.704115272067267e-05
40204,RUS.22_1_1,46.324046200000005,44.02104,111,0.396916510788036,2,3.704115272067267e-05
11620,DEU.16_1_437,50.8624416,11.24713,28,0.3969224928234096,2,3.704115272067267e-05
5280,CHE_4282,47.18970229999999,7.246858100000002,33,0.3969848782294657,2,3.704115272067267e-05
30777,ITA.3_1_28,40.66629279999999,16.601314199999997,84,0.3970148532271506,2,3.704115272067267e-05
38885,ROU.30_1_14,47.22171839999999,26.457809500000003,90,0.3970324937494212,2,3.704115272067267e-05
7738,CZE_4450,49.9898774,15.6420725,19,0.3970892397444208,2,2.086550856319093e-05
29563,ITA.13_1_295,44.160751000000005,7.9650701,87,0.3971093341976109,2,3.7041152720672656e-05
32992,NLD_1491,52.6961115,5.2533431,91,0.3972085933882767,2,3.704115272067267e-05
14040,DEU.2_1_35,49.7839342,9.4113871,30,0.3972902027965553,2,3.704115272067267e-05
25649,GBR.1.91_1_10,51.537659600000005,0.7619363,64,0.3972908602648393,2,3.704115272067267e-05
43804,RUS.58_1_216,47.0873198,39.464104799999994,147,0.3972968978609131,2,3.704115272067267e-05
19852,FIN.4_1_259,61.120680500000006,28.489658599999995,109,0.3973045281970552,2,6.885085740369885e-05
37637,PRT_516,38.513753300000005,-8.8422541,52,0.397315760718585,2,3.704115272067267e-05
1381,AUT_667,47.8132147,15.296990600000004,4,0.3973211223261413,2,3.704115272067267e-05
7696,CZE_439,49.5671622,17.108926899999997,18,0.397349411982591,2,3.704115272067267e-05
4893,CHE_3194,47.35916499999999,9.6107795,14,0.3973780164830077,2,3.704115272067267e-05
13181,DEU.2_1_10,49.4821694,10.671521699999998,34,0.3973790628761922,2,3.704115272067267e-05
22897,FRA.8_1_1695,49.119017199999995,2.4001392000000004,61,0.3974368645244929,2,3.704115272067267e-05
17133,DNK_496,56.3900118,10.8720644,45,0.3974407722937308,2,3.704115272067267e-05
33804,NOR.4_1_35,59.74685010000001,10.3898523,92,0.3974463746643207,2,3.704115272067267e-05
8825,DEU.10_1_1871,50.695360099999995,7.180598999999999,25,0.3975052875266228,2,3.6884119033754704e-05
37314,PRT_1267,41.53082559999999,-8.441502700000001,48,0.3975329382350218,2,3.704115272067267e-05
36434,POL.6_1_445,50.10213600000001,19.518155,99,0.397550041670525,2,3.704115272067267e-05
47816,SVN_253,46.3680497,15.0812214,75,0.3976417538660987,2,3.704115272067267e-05
50847,UKR.1_1_149,49.7600965,31.658303000000004,136,0.3976713677192332,2,3.704115272067267e-05
2965,BIH_146,45.1524478,16.4777692,128,0.3977889249004538,2,3.704115272067267e-05
43090,RUS.47_1_324,56.2476437,43.87704449999999,125,0.3978373830910269,2,3.704115272067267e-05
50818,UKR.1_1_12,49.2257983,29.952407500000003,139,0.3978863505880175,2,3.704115272067267e-05
37664,PRT_588,37.1185815,-8.6474674,52,0.3978908787850727,2,3.704115272067267e-05
23832,GBR.1.17_1_0,51.96101880000001,-0.4954263,63,0.3979004907861839,2,0.0001111193419447
39761,ROU.8_1_40,45.568780100000005,25.3495638,107,0.3979177331234373,2,3.704115272067267e-05
46466,SRB_335,44.287460800000005,22.5880135,129,0.3979441800166682,2,3.704115272067267e-05
745,AUT_2478,47.8702269,15.598191999999996,4,0.3979579775905176,2,3.704115272067267e-05
26188,GBR.3_1_967,55.761824899999986,-4.2298945,70,0.3980056579312899,2,3.704115272067267e-05
26351,GBR.4_1_349,53.2815404,-4.5634307000000005,71,0.3980373830910269,2,3.704115272067267e-05
47123,SVK_1747,48.0300646,17.9364627,5,0.398041661264932,2,3.704115272067267e-05
15288,DEU.7_1_10,49.99162689999999,8.4136092,39,0.3980706917307157,2,1.1147332172018727e-05
12018,DEU.1_1_1504,48.71524779999999,9.2897776,31,0.3980784517084915,2,3.704115272067267e-05
22399,FRA.7_1_1269,50.73944019999999,3.1795508999999997,7,0.3980805537549773,2,3.704115272067267e-05
12024,DEU.1_1_1521,48.639925100000006,9.9575815,31,0.3981341513103064,2,3.704115272067267e-05
15542,DEU.7_1_1836,49.529777,8.575323,24,0.3981559866654319,2,3.704115272067267e-05
31794,ITA.8_1_510,41.9657394,12.490537699999996,81,0.3982796925641264,2,6.470698532409182e-05
2786,BGR_820,44.015700800000005,27.297687400000004,105,0.3982968052597463,2,3.704115272067267e-05
14756,DEU.3_1_995,52.5385593,13.632809799999997,38,0.3983755532919715,2,3.704115272067267e-05
12852,DEU.1_1_4038,49.271002800000005,9.0871602,30,0.398385156032966,2,3.704115272067267e-05
6740,CZE_2618,50.2043576,14.5135703,16,0.3984396888600796,2,3.704115272067267e-05
35629,POL.1_1_778,50.40553709999998,16.2746913,37,0.3984537086767293,2,3.704115272067267e-05
35851,POL.3_1_14,51.696657399999985,18.4314458,37,0.3984567552551162,2,5.869385204678891e-06
20491,FRA.11_1_494,44.927553,1.8441723,57,0.3985053893879062,2,3.704115272067267e-05
1058,AUT_3347,48.0477528,15.7428737,4,0.3985147606259838,2,3.704115272067267e-05
38685,ROU.27_1_39,47.78827549999999,24.694141,101,0.3985329660153718,2,3.704115272067267e-05
26708,GRC_756,37.902056900000005,23.7456163,72,0.3986493379016577,2,3.704115272067267e-05
26807,HRV_109,46.213118300000005,16.0434472,74,0.3987097416427446,2,3.704115272067267e-05
24066,GBR.1.28_1_21,50.613064400000006,-1.9804011,67,0.3988228354477267,2,3.704115272067267e-05
20460,FRA.11_1_418,43.560862799999995,1.4632861,57,0.3988255394017965,2,3.704115272067267e-05
24137,GBR.1.32_1_25,50.7799859,0.0826200999999999,68,0.3988275581072322,2,3.704115272067266e-05
44204,RUS.63_1_133,51.88290320000001,44.974370400000005,122,0.3988449393462358,2,3.704115272067267e-05
52497,UKR.5_1_345,47.70870569999999,33.1586908,150,0.3989106028335957,2,3.704115272067267e-05
17167,DNK_590,55.05589,10.5818713,45,0.39891145476433,2,3.704115272067267e-05
23737,GBR.1.117_1_58,52.3800791,-1.8654572000000005,63,0.3989460320400037,2,3.7041152720672656e-05
6106,CZE_1652,49.523063400000005,13.8951061,36,0.3990234003148439,2,3.704115272067267e-05
2001,BEL_265,50.403393900000005,4.276792700000001,60,0.3990279933327161,2,3.704115272067267e-05
15770,DEU.7_1_686,51.26065849999999,9.1910848,40,0.3990734605056024,2,3.704115272067266e-05
6089,CZE_1630,49.78526220000001,14.199162899999996,16,0.3990970089823132,2,3.704115272067267e-05
23145,FRA.8_1_2629,48.81396960000001,3.0423271999999995,59,0.3991114362440967,2,3.704115272067267e-05
23368,FRA.8_1_887,48.806610500000005,2.1508418,61,0.3991202055745902,2,3.704115272067267e-05
19956,FIN.5.6_1_127,61.50409069999999,23.8118025,109,0.3991385498657284,2,3.704115272067267e-05
14674,DEU.3_1_719,52.4462674,13.3856905,38,0.3991480785257894,2,3.704115272067267e-05
7182,CZE_336,49.305688200000006,15.749242000000002,36,0.3991586535790351,2,3.704115272067267e-05
48284,SWE.15_1_254,59.427325800000006,18.0852201,132,0.3991592647467358,2,3.704115272067267e-05
2472,BGR_396,41.99604069999999,23.9171249,8,0.3991762755810724,2,3.704115272067267e-05
46208,RUS.8_1_319,53.9754894,33.751808000000004,123,0.399181137142328,2,3.704115272067267e-05
18169,ESP.1_1_128,36.521404100000005,-6.2806557000000005,51,0.3992150847300676,2,3.704115272067267e-05
48341,SWE.15_1_411,59.4689748,18.3073086,132,0.399305083804056,2,3.704115272067267e-05
5249,CHE_42,46.1813442,6.874235199999999,11,0.3993395406982127,2,3.704115272067267e-05
52853,UKR.6_1_313,48.1301392,38.207961100000006,151,0.3993841652004816,2,3.704115272067267e-05
52717,UKR.6_1_165,47.53130839999999,37.4280803,145,0.399393193814242,2,3.704115272067267e-05
40370,RUS.25_1_20,44.150189100000006,42.0264051,111,0.3994093990184276,2,3.704115272067267e-05
8633,DEU.10_1_1364,51.4501798,7.2655358,44,0.3994220390776924,2,3.704115272067267e-05
53604,XKO_16,42.6582487,20.387324100000004,73,0.3994538846189462,2,3.704115272067267e-05
272,AUT_1536,47.1950207,11.8705475,0,0.3994545698675803,2,3.704115272067267e-05
22351,FRA.7_1_1146,50.64207310000001,3.099278,60,0.3994550143531808,2,5.555244472439205e-05
31543,ITA.6_1_522,44.8041911,12.0133163,80,0.3995002500231502,2,3.704115272067267e-05
24209,GBR.1.33_1_31,51.55059309999999,0.7106494000000002,64,0.3995139457357162,2,3.704115272067266e-05
33227,NLD_564,52.265895100000016,5.1628737000000005,91,0.3995414945828317,2,2.9281783401665858e-05
43531,RUS.54_1_168,53.6523255,42.414439,120,0.3995417260857488,2,3.704115272067267e-05
31293,ITA.5_1_888,40.842913499999995,14.206538799999995,86,0.3995807019168441,2,2.123890250265904e-06
37167,POL.9_1_302,49.878685,22.861869399999996,98,0.3996250115751457,2,3.704115272067267e-05
42909,RUS.44_1_884,55.85077020000001,38.443552100000005,124,0.3996252245578294,2,3.704115272067267e-05
16133,DEU.8_1_664,53.9224018,14.2152768,41,0.3996508843411427,2,3.704115272067267e-05
14446,DEU.2_1_919,48.041539400000005,11.1989171,1,0.3996676544124456,2,3.704115272067267e-05
12039,DEU.1_1_1564,48.6203245,9.062952799999998,32,0.3996689971293638,2,3.704115272067267e-05
14413,DEU.2_1_832,47.70736410000001,11.563537399999998,1,0.3996840725993148,2,3.704115272067266e-05
26270,GBR.4_1_19,51.701481,-3.414794100000001,63,0.3997038336883045,2,3.704115272067267e-05
10008,DEU.11_1_52,49.68840340000001,6.462289899999998,25,0.3997390221316788,2,3.704115272067267e-05
29449,ITA.12_1_24,41.6789996,14.3415465,81,0.3997392443744791,2,3.704115272067267e-05
26665,GRC_63,39.5460339,21.7632713,72,0.3997870358366516,2,3.704115272067267e-05
24205,GBR.1.33_1_25,51.6336033,0.8136583,64,0.3997961755718122,2,3.704115272067266e-05
51197,UKR.22_1_89,49.4320682,25.9368701,143,0.3998033151217706,2,3.704115272067267e-05
45232,RUS.76_1_407,56.545228400000006,39.9199727,125,0.3998061487174739,2,3.704115272067267e-05
43510,RUS.54_1_126,53.70831829999997,44.9347871,120,0.3998735345865357,2,3.704115272067267e-05
42999,RUS.47_1_107,55.9959675,43.11171769999999,125,0.3998736549680526,2,3.704115272067267e-05
41448,RUS.38_1_482,60.109504099999995,31.0657068,116,0.399887221038985,2,3.704115272067267e-05
25254,GBR.1.59_1_71,52.9320084,1.1377639,64,0.3999194555051394,2,3.704115272067266e-05
5380,CHE_457,47.005015500000006,6.745286999999999,33,0.3999212982683582,2,3.704115272067267e-05
11448,DEU.15_1_535,54.39334950000001,10.395324,45,0.3999614408741551,2,3.704115272067267e-05
18893,ESP.6_1_114,42.20684599999999,0.9405256999999998,53,0.3999641911288081,2,3.704115272067267e-05
30414,ITA.20_1_303,46.3862845,12.3525957,2,0.399967987776646,2,3.704115272067267e-05
48870,SWE.7_1_40,57.19117720000001,14.3202983,134,0.399990378738772,2,3.704115272067267e-05
47717,SVK_987,49.337021,19.5629585,131,0.3999946754329105,2,3.704115272067267e-05
31968,ITA.9_1_150,44.388529000000005,8.9957553,82,0.4000120103713308,2,3.704115272067267e-05
21645,FRA.3_1_132,47.520858200000006,-3.1387842999999997,55,0.4000213538290582,2,3.704115272067267e-05
3360,BLR.2_1_47,52.01967200000001,30.004564100000003,9,0.4000363644781924,2,3.704115272067267e-05
29656,ITA.13_1_49,45.2957857,7.399047400000001,79,0.4001655153254931,2,3.704115272067267e-05
39012,ROU.32_1_90,45.3103673,25.9967796,104,0.4001698953606816,2,3.704115272067266e-05
38120,ROU.15_1_5,43.860030899999984,28.57882369999999,105,0.4001729697194185,2,3.704115272067267e-05
15185,DEU.6_1_211,53.59079410000001,10.014122099999996,27,0.4001818131308454,2,7.095762036685305e-05
29559,ITA.13_1_28,44.891375100000005,7.3475347000000015,79,0.4002005185665339,2,3.704115272067267e-05
42624,RUS.44_1_1748,56.725972899999995,37.1372176,114,0.4002043615149551,2,3.704115272067267e-05
23650,GBR.1.110_1_90,51.046255000000016,-0.0448579,68,0.4002083155847763,2,3.704115272067267e-05
29253,ITA.10_1_559,45.45187459999999,9.1424066,79,0.4002422168719325,2,1.1417375939720258e-05
34905,POL.15_1_307,52.4314925,17.9537106,94,0.4002529400870451,2,3.704115272067267e-05
52393,UKR.5_1_212,47.94427729999999,36.1821333,149,0.4002789795351421,2,3.704115272067267e-05
24008,GBR.1.26_1_10,50.38636380000001,-3.5730892,67,0.4002796833040096,2,3.704115272067267e-05
49965,UKR.15_1_133,48.646234500000006,38.7821313,126,0.4003446615427354,2,3.704115272067267e-05
12506,DEU.1_1_2980,49.5091299,8.6336788,24,0.4003725437540512,2,0.0001766288097585
30277,ITA.1_1_153,42.6820407,13.755526999999995,81,0.4004046948791553,2,3.704115272067267e-05
27478,HUN_138,48.116832900000006,20.5724303,77,0.4004314010556533,2,3.704115272067267e-05
49950,UKR.15_1_114,48.6680015,38.5142127,151,0.4004469210112047,2,3.704115272067267e-05
43518,RUS.54_1_141,53.1263379,44.96201449999999,122,0.40045434762478,2,3.704115272067267e-05
24328,GBR.1.36_1_1275,51.4949565,-0.2467893,66,0.4005102416890452,2,1.1668493259884174e-06
19348,ESP.8_1_227,40.37217420000001,-3.6187642,54,0.4005582739142513,2,0.0001111193419447
51864,UKR.27_1_177,50.323114200000006,28.974013,146,0.4006076025557922,2,3.704115272067267e-05
10800,DEU.14_1_1391,50.6654577,13.4400022,26,0.4006085933882766,2,3.704115272067267e-05
26631,GRC_528,38.4044558,23.603339700000003,72,0.4006096397814612,2,3.704115272067267e-05
43190,RUS.48_1_12,43.04422320000001,44.682011300000006,111,0.4006231595518104,2,3.704115272067267e-05
20672,FRA.12_1_149,46.8733416,-0.9593554000000002,55,0.4006311880729697,2,3.704115272067267e-05
26001,GBR.3_1_458,57.31983250000001,-5.6916167,70,0.4006456338549866,2,3.704115272067267e-05
33499,NOR.12_1_262,59.9621589,10.922809,92,0.4006531252893786,2,3.704115272067267e-05
3386,BLR.2_1_74,52.1731069,31.637014999999995,152,0.4006554588387814,2,3.704115272067267e-05
17804,ESP.16_1_305,43.274876600000006,-2.9585820000000003,49,0.4006612927122881,2,5.3156371813138486e-08
5932,CZE_1302,49.910484999999994,18.1538637,20,0.4007272710436151,2,3.704115272067267e-05
39422,ROU.3_1_40,45.27394649999999,25.050213199999995,106,0.4007481989073063,2,3.704115272067267e-05
48375,SWE.15_1_480,59.38023750000001,18.0006786,133,0.4007494119825909,2,3.704115272067267e-05
20856,FRA.13_1_271,44.5458065,6.271760100000001,58,0.4007579590702843,2,0.0001481563784482
31212,ITA.5_1_751,41.2307226,15.1673619,86,0.4007611815908879,2,3.704115272067267e-05
46307,SRB_16,43.70810259999998,19.5732479,129,0.4008068524863413,2,3.704115272067266e-05
37730,PRT_787,39.57113999999999,-8.3954778,52,0.4008182239096213,2,3.704115272067267e-05
39238,ROU.37_1_43,43.83284079999998,24.8490554,106,0.4008453653116029,2,3.7041152720672656e-05
12243,DEU.1_1_2160,48.801281499999995,9.0728023,31,0.4008617927585888,2,3.704115272067267e-05
32989,NLD_1481,52.760376699999995,5.0737630000000005,91,0.4008662098342438,2,3.704115272067267e-05
13012,DEU.1_1_617,48.42875560000001,8.201955700000001,29,0.4009088619316602,2,3.704115272067267e-05
12664,DEU.1_1_3402,49.49574370000001,8.559761400000001,24,0.4009134179090657,2,3.704115272067267e-05
31215,ITA.5_1_754,40.8833658,15.343573799999998,86,0.4009167608111862,2,3.704115272067267e-05
11992,DEU.1_1_1443,48.565394399999995,9.4604543,31,0.4009229928697101,2,3.704115272067267e-05
40028,RUS.19_1_85,57.428533400000006,42.1111841,125,0.4009712936382998,2,3.704115272067267e-05
38990,ROU.32_1_59,45.2057462,25.950187999999997,107,0.4010274284655987,2,3.704115272067266e-05
44134,RUS.59_1_37,54.51776230000001,40.0762323,120,0.4010340864894897,2,3.704115272067267e-05
45277,RUS.77_1_13,50.814789100000006,42.0688572,112,0.4010840170386147,2,3.704115272067267e-05
16622,DEU.9_1_651,52.92451110000001,8.6278817,42,0.4010853412352995,2,3.704115272067267e-05
16918,DNK_1407,55.8020781,12.5196002,46,0.4012455505139364,2,3.704115272067267e-05
47402,SVK_379,48.794806900000005,20.3912533,77,0.4012496064450412,2,3.704115272067267e-05
1974,BEL_2363,51.203881899999985,3.517539899999999,7,0.4012569126770997,2,3.704115272067267e-05
10869,DEU.14_1_1579,51.4996608,14.5995935,26,0.4012779887026575,2,3.704115272067267e-05
31015,ITA.5_1_186,40.6311066,14.397583099999997,86,0.4012781553847578,2,3.704115272067267e-05
8187,CZE_5101,50.7003941,15.435186299999998,19,0.40134855079174,2,3.704115272067267e-05
7175,CZE_3350,50.3130193,12.861412199999998,17,0.4013681914992128,2,3.704115272067267e-05
30656,ITA.2_1_421,40.409644,18.076863,84,0.4013931012130752,2,3.704115272067267e-05
13001,DEU.1_1_601,48.37314840000001,8.1243092,32,0.4014201037133067,2,3.704115272067267e-05
34459,POL.12_1_478,49.634934599999994,18.8697582,95,0.4014205759792572,2,3.704115272067267e-05
34874,POL.15_1_215,52.170183,17.1804153,37,0.4014318733216037,2,3.704115272067267e-05
14108,DEU.2_1_3725,49.62907869999999,11.2492549,34,0.40143723492916,2,3.704115272067267e-05
15832,DEU.7_1_835,49.63868619999999,8.7644613,24,0.4014559681451985,2,3.704115272067267e-05
39713,ROU.6_1_89,47.198498699999995,24.787748599999997,107,0.4015241040837115,2,3.704115272067267e-05
24944,GBR.1.44_1_250,51.06399269999999,0.6600067999999999,68,0.4015434762478008,2,3.704115272067266e-05
28313,HUN_2948,47.3618359,16.567432699999998,5,0.4015819612927123,2,3.704115272067267e-05
23325,FRA.8_1_726,48.91624939999999,2.2948401,61,0.4015873043800352,2,1.2440377670464068e-05
17415,ESP.10_1_327,39.5990818,-0.5841349,47,0.4015909065654227,2,3.704115272067266e-05
35106,POL.15_1_817,52.0190071,16.511609099999998,37,0.4016096305213446,2,3.704115272067267e-05
9224,DEU.10_1_304,50.4964285,6.4594268,25,0.4016111769608297,2,3.704115272067267e-05
16636,DEU.9_1_689,52.45642029999999,8.853291200000001,43,0.4016125937586814,2,3.704115272067267e-05
22071,FRA.6_1_294,48.6353501,6.313169500000001,23,0.4016204185572739,2,5.707951439039753e-05
53148,UKR.8_1_107,49.8165168,36.61861,141,0.4016502453930919,2,3.704115272067267e-05
15148,DEU.5_1_7,53.19320890000001,8.5454456,43,0.4016729326789517,2,3.704115272067267e-05
25421,GBR.1.69_1_3,51.511165299999995,-0.8824135999999999,67,0.4017311047319196,2,3.704115272067266e-05
17295,DNK_94,56.6981955,8.206990300000001,45,0.4017673025280118,2,3.704115272067267e-05
20407,FRA.11_1_275,43.6199177,1.4232104,57,0.4018038614686546,2,4.109422194092937e-07
36248,POL.5_1_259,52.3070865,15.7699392,37,0.4018077599777757,2,3.704115272067267e-05
48342,SWE.15_1_412,59.35668639999998,18.2272008,132,0.4018676914529123,2,3.704115272067267e-05
2257,BGR_1053,42.5208956,27.4031203,105,0.4018810075006945,2,3.704115272067267e-05
28987,ITA.10_1_1543,45.5421356,9.4236021,79,0.401896323733679,2,3.704115272067267e-05
15051,DEU.4_1_8,53.0812201,12.1080948,38,0.4019018520233355,2,3.704115272067267e-05
36472,POL.6_1_533,49.73324430000002,19.5249072,21,0.4019144180016669,2,3.704115272067267e-05
33080,NLD_1765,51.4804309,3.9567925,91,0.4019152143717012,2,3.704115272067266e-05
26330,GBR.4_1_293,52.72242120000002,-4.0567929,71,0.401952514121678,2,3.704115272067267e-05
21770,FRA.3_1_91,48.3404909,-3.4907884,55,0.4019840818594314,2,3.704115272067267e-05
37580,PRT_308,38.6597727,-9.0715778,52,0.4019887026576533,2,3.704115272067267e-05
31061,ITA.5_1_3,41.32386600000001,14.3395003,86,0.4021115751458469,2,3.704115272067267e-05
18275,ESP.1_1_406,36.5546391,-4.6146009,51,0.4021116492267803,2,3.704115272067267e-05
26361,GBR.4_1_360,53.1167689,-4.2759103000000005,71,0.4021164089267525,2,3.704115272067267e-05
45622,RUS.79_1_204,51.909218900000006,39.40619499999999,112,0.4021285211593666,2,3.704115272067267e-05
25777,GBR.1.98_1_188,51.29142449999999,-0.2358629,68,0.4021309473099361,2,3.704115272067267e-05
30018,ITA.16_1_532,43.787823,11.7230489,82,0.4021371052875267,2,3.704115272067267e-05
4200,CHE_1486,45.9929446,7.755082700000002,11,0.4021395592184461,2,3.704115272067266e-05
25825,GBR.3_1_0,55.09735780000001,-4.7820979999999995,70,0.4021469117510881,2,3.704115272067267e-05
27721,HUN_1771,47.5525316,21.831029,77,0.402179470321326,2,3.704115272067267e-05
9552,DEU.10_1_64,51.236389599999974,7.0883248,22,0.4021857023798499,2,0.0002382698474862
13558,DEU.2_1_2243,50.3638607,11.6838653,17,0.4022034447634039,2,3.704115272067267e-05
12543,DEU.1_1_3079,49.1822158,8.736614600000001,31,0.40220847300676,2,3.704115272067267e-05
33396,NOR.11_1_10,60.3929443,10.5557772,92,0.4022246411704788,2,3.704115272067267e-05
6802,CZE_272,49.0219395,15.606663800000003,18,0.4022766737660895,2,3.704115272067267e-05
24315,GBR.1.36_1_1223,51.50892720000001,0.0718182999999999,66,0.4022785443096583,2,3.704115272067266e-05
31717,ITA.8_1_23,41.332990200000005,13.198626699999998,86,0.4022932493749421,2,3.704115272067267e-05
29057,ITA.10_1_1748,45.516345400000006,10.2663012,80,0.402301722381702,2,3.704115272067267e-05
16719,DEU.9_1_850,51.9650942,9.5792222,43,0.4023101676081118,2,3.704115272067267e-05
29829,ITA.16_1_103,44.055063299999986,10.9072463,82,0.4023131030650987,2,3.704115272067267e-05
19873,FIN.4_1_31,60.14912740000001,24.6549779,109,0.4023207704417076,2,3.704115272067267e-05
31855,ITA.8_1_670,41.865673,12.698087199999998,81,0.4023459764793037,2,3.704115272067267e-05
6190,CZE_1743,49.21341579999999,14.392050800000002,36,0.4023581627928511,2,3.704115272067267e-05
16786,DNK_1025,56.05991740000002,12.097207199999998,46,0.4023584405963515,2,3.704115272067267e-05
4985,CHE_3454,47.4595069,9.5306452,12,0.4023693119733308,2,3.704115272067267e-05
39442,ROU.40_1_21,44.99022600000001,23.873526,106,0.4023786554310583,2,3.704115272067267e-05
52148,UKR.3_1_3,48.2689522,25.219316600000003,90,0.4023924900453745,2,3.704115272067267e-05
737,AUT_2450,46.7180915,15.272255900000005,3,0.4024108991573294,2,3.704115272067267e-05
15945,DEU.8_1_23,53.73505910000001,11.065483999999998,41,0.4024229928697101,2,3.704115272067267e-05
21181,FRA.1_1_30,46.41474610000001,2.6001017999999996,55,0.4024233447541439,2,3.704115272067267e-05
16149,DEU.8_1_78,53.456659400000014,11.4320558,41,0.4024450504676359,2,0.000156428629921
16577,DEU.9_1_578,53.1392786,11.0384126,43,0.4024455227335865,2,3.704115272067266e-05
21677,FRA.3_1_189,48.087728899999995,-1.6542818,55,0.4024488748958236,2,3.704115272067267e-05
43942,RUS.58_1_536,47.6383986,40.84920519999999,126,0.4024537364570794,2,3.704115272067267e-05
6736,CZE_2610,50.1348372,14.5558396,16,0.4024828502639132,2,3.704115272067267e-05
41611,RUS.38_1_860,59.10591669999998,28.099684300000003,116,0.4024940920455598,2,3.704115272067267e-05
43219,RUS.49_1_121,58.53827190000001,31.255298900000003,115,0.4025021483470691,2,3.704115272067267e-05
20417,FRA.11_1_299,43.5660735,1.3981912,57,0.4025021853875359,2,3.704115272067267e-05
278,AUT_1547,47.23993209999999,12.206880699999996,0,0.4025052504861562,2,3.704115272067267e-05
15634,DEU.7_1_38,49.985290600000006,7.867269499999999,25,0.4025656634873599,2,3.704115272067267e-05
49415,UKR.12_1_140,50.17361200000001,30.084244599999995,139,0.40257427539587,2,3.704115272067267e-05
7798,CZE_4528,49.989652600000014,16.7532676,20,0.4025762478007221,2,3.704115272067267e-05
21097,FRA.1_1_1230,46.36896349999999,6.481569699999999,58,0.4025916751551069,2,3.704115272067267e-05
991,AUT_3151,47.961519499999994,16.0894243,4,0.4025961477914621,2,3.704115272067267e-05
43124,RUS.47_1_433,56.6415155,43.4021808,125,0.4026611630706547,2,3.704115272067267e-05
48628,SWE.21_1_162,59.028749000000005,12.2349376,134,0.4026706917307158,2,3.704115272067267e-05
39148,ROU.36_1_11,47.456731999999995,26.4166825,90,0.4026741179738865,2,3.704115272067267e-05
38315,ROU.1_1_35,46.0870625,23.2723698,107,0.4026895268080378,2,3.704115272067267e-05
15514,DEU.7_1_1730,50.1547945,8.6861706,39,0.402703074358737,2,3.704115272067267e-05
22060,FRA.6_1_273,48.024483100000005,7.087443200000001,29,0.4027281692749328,2,3.704115272067267e-05
41112,RUS.37_1_28,51.6165512,34.24824360000001,152,0.402736114455042,2,3.704115272067267e-05
16667,DEU.9_1_737,52.78540810000002,8.993347199999999,43,0.402738559125845,2,3.704115272067267e-05
17259,DNK_82,56.9519074,8.588033600000003,45,0.4027538660987128,2,3.704115272067267e-05
26603,GRC_461,40.595040700000006,22.9606841,72,0.4027742013149366,2,3.704115272067267e-05
24518,GBR.1.36_1_26,51.360131,-0.1510433,66,0.4027823039170293,2,1.2041723153313122e-06
16379,DEU.9_1_191,53.07100199999999,7.707541399999998,42,0.4027871191777016,2,3.704115272067267e-05
41485,RUS.38_1_58,58.84869130000001,29.8900491,116,0.4028060931567737,2,3.704115272067267e-05
19839,FIN.4_1_224,60.4067278,25.6134359,109,0.4028145476433002,2,3.704115272067267e-05
41398,RUS.38_1_370,59.85421839999999,30.933829600000003,116,0.4028308917492359,2,3.704115272067267e-05
30782,ITA.3_1_39,40.6950018,15.5696725,84,0.4028431984443004,2,3.704115272067267e-05
19827,FIN.4_1_2,59.8301403,22.988362,109,0.4028564681914992,2,3.704115272067267e-05
537,AUT_2027,48.03554729999999,12.8608422,1,0.4028605148624873,2,3.704115272067267e-05
25258,GBR.1.59_1_79,52.652373800000014,0.9597314,64,0.4028756181127882,2,3.704115272067266e-05
26337,GBR.4_1_31,51.72482939999998,-3.3623399,63,0.4028955921844616,2,3.704115272067267e-05
37373,PRT_1414,40.9756945,-8.636906100000001,100,0.4029080933419761,2,3.704115272067267e-05
18645,ESP.5_1_118,42.629100400000006,-5.561320500000001,49,0.4029205667191407,2,3.704115272067266e-05
24033,GBR.1.26_1_69,51.01622900000001,-4.0245509,67,0.4029965737568293,2,3.704115272067267e-05
11484,DEU.16_1_12,51.0074441,10.2347343,28,0.4029977960922307,2,2.40112671128395e-09
4141,CHE_1272,46.436415100000005,6.975131500000001,11,0.4029990276877488,2,3.704115272067267e-05
39797,ROU.8_1_9,45.6809098,25.9346267,107,0.4030199648115567,2,3.704115272067267e-05
40647,RUS.33_1_170,58.34030960000001,44.826998299999985,110,0.403028937864617,2,3.704115272067267e-05
30394,ITA.20_1_240,45.450672100000006,12.163757,2,0.4030449763867025,2,0.0002438444232578
4050,CHE_105,46.3858322,6.853501799999998,11,0.4030513010463932,2,3.704115272067267e-05
11298,DEU.15_1_196,53.6528672,10.280193,27,0.403058829521252,2,3.704115272067267e-05
30473,ITA.20_1_499,45.706781,11.4246089,2,0.4030608760070377,2,3.704115272067267e-05
19350,ESP.8_1_231,40.422449,-3.612223700000001,54,0.4030772015927401,2,3.704115272067267e-05
19147,ESP.6_1_690,41.4457071,2.2491007,56,0.403083378090564,2,0.0002145883568863
9388,DEU.10_1_3512,51.772558799999985,9.3818974,43,0.4030925456060747,2,1.812208658304251e-05
13208,DEU.2_1_109,50.060205200000006,10.814022,34,0.4031151402907676,2,3.704115272067267e-05
24267,GBR.1.36_1_1061,51.515623000000005,-0.0142575,66,0.4031188813779053,2,3.6525617748403795e-05
37511,PRT_1851,41.42150630000001,-8.3008468,48,0.4031371330678767,2,3.704115272067267e-05
21269,FRA.1_1_558,45.574233,6.733604700000001,58,0.4031504398555421,2,3.704115272067267e-05
35824,POL.2_1_67,52.8721302,19.3417063,94,0.4031596444115196,2,3.704115272067267e-05
20792,FRA.12_1_97,46.54858839999999,-1.767729,55,0.4031722011297343,2,3.704115272067267e-05
25330,GBR.1.63_1_29,53.699129200000016,-1.1588897,65,0.4031908880451894,2,1.509279647092769e-09
6611,CZE_241,49.7661945,16.586244899999997,19,0.4032007593295675,2,3.704115272067267e-05
26895,HRV_245,45.400917,17.662618600000002,74,0.4032340957496065,2,3.704115272067267e-05
5667,CHE_912,47.39174290000001,7.748910600000001,12,0.4032356792295583,2,3.704115272067267e-05
10758,DEU.14_1_1302,50.5135743,13.103388999999998,26,0.4032377720159273,2,3.704115272067267e-05
4232,CHE_1544,46.306582199999994,7.8810794,11,0.403241087137698,2,3.483924042715349e-05
27288,HUN_1005,45.9958779,18.6690547,78,0.4032520418557274,2,3.704115272067267e-05
10509,DEU.13_1_65,51.589490899999994,11.302137599999996,28,0.4032923881840912,2,3.704115272067267e-05
28352,HUN_329,47.6520224,19.064627199999993,76,0.4033079914806927,2,3.704115272067267e-05
25829,GBR.3_1_1000,56.452452,-5.3830311,70,0.4033106028335956,2,3.704115272067267e-05
24265,GBR.1.36_1_1059,51.4956614,-0.0144406999999999,66,0.4033113158625798,2,2.9731146575133397e-06
22543,FRA.7_1_50,50.2171629,1.6592668,60,0.4033528845263451,2,3.704115272067267e-05
38465,ROU.23_1_0,45.3525928,23.2012868,102,0.4033613945735716,2,3.704115272067266e-05
13870,DEU.2_1_3033,49.0694036,12.914904599999998,35,0.4033686637651635,2,3.704115272067267e-05
2613,BGR_601,42.92981280000001,24.6995861,105,0.4033832669691638,2,3.704115272067267e-05
2134,BEL_725,50.41956680000001,4.929929400000001,6,0.4033862857672007,2,3.704115272067267e-05
25840,GBR.3_1_103,55.7905213,-4.3355492,70,0.4034059357347902,2,3.704115272067267e-05
9505,DEU.10_1_512,50.96421849999999,6.3227951,6,0.4034067598851746,2,3.704115272067266e-05
1276,AUT_524,47.22253410000001,15.241059600000002,3,0.4034277155292156,2,3.704115272067267e-05
26548,GRC_311,39.317373700000005,23.1071811,72,0.4034376331141772,2,3.704115272067267e-05
40372,RUS.25_1_4,43.9226034,42.724586200000005,111,0.4034473654968053,2,3.704115272067267e-05
48502,SWE.17_1_55,60.13893810000001,13.0111089,133,0.403478609130475,2,3.704115272067267e-05
44606,RUS.67_1_195,52.5882785,41.446127799999985,122,0.4035085563478101,2,3.704115272067267e-05
9317,DEU.10_1_3334,51.8750853,8.455482400000001,44,0.4035158070191684,2,3.704115272067267e-05
10574,DEU.13_1_839,51.74013530000001,12.2573462,28,0.4035290675062506,2,2.9738965103075333e-05
20762,FRA.12_1_38,47.0831916,-2.0338438,55,0.4035455505139365,2,3.704115272067267e-05
45267,RUS.77_1_110,50.019684700000006,44.89347499999999,121,0.4035664320770442,2,3.704115272067267e-05
13194,DEU.2_1_104,50.065230099999994,9.2300727,39,0.4036027039540698,2,3.704115272067267e-05
13409,DEU.2_1_1798,48.354021499999995,11.2754647,34,0.4036095008797111,2,3.704115272067267e-05
21708,FRA.3_1_266,48.127117600000005,-1.6281053,55,0.4036112788221131,2,3.704115272067266e-05
10012,DEU.11_1_538,50.50628479999999,6.978493600000001,25,0.403616566348736,2,3.704115272067267e-05
14386,DEU.2_1_761,47.434108,10.986305899999998,0,0.4036196221872394,2,3.704115272067267e-05
6751,CZE_2643,49.06500299999999,14.2160942,36,0.4036238911010278,2,3.704115272067267e-05
32400,LVA_323,57.3065829,24.442476699999997,88,0.4036244374479119,2,3.704115272067267e-05
13390,DEU.2_1_1747,48.2933931,11.9016521,1,0.4036314936568201,2,3.704115272067266e-05
8491,CZE_974,49.2158803,17.808615999999997,18,0.4036331975182888,2,3.704115272067267e-05
26526,GRC_253,38.9089614,22.6013161,72,0.4036513843874433,2,3.704115272067267e-05
3604,BLR.4_1_4,53.511327900000005,28.64304809999999,9,0.4036529030465783,2,3.704115272067267e-05
15954,DEU.8_1_250,54.0342723,12.442669499999996,41,0.4036678210945458,2,3.704115272067267e-05
23419,FRA.9_1_152,49.51363469999999,0.1990110999999999,61,0.4036881933512362,2,3.704115272067267e-05
20001,FIN.5.8_1_9,62.6053498,23.7223658,109,0.4036980924159644,2,7.260813677531912e-05
11457,DEU.15_1_560,53.7288732,9.9888133,27,0.4037266506157976,2,3.704115272067267e-05
16093,DEU.8_1_569,54.347746499999985,13.7067741,41,0.4037400963052134,2,3.704115272067267e-05
40733,RUS.34_1_2,46.68871710000001,38.29952,147,0.4037418464672654,2,3.704115272067267e-05
27277,HRV_96,46.0494672,15.7272516,75,0.4037458468376702,2,3.704115272067267e-05
16747,DEU.9_1_92,53.4442936,8.476124,42,0.40375426428373,2,3.704115272067267e-05
11772,DEU.16_1_796,50.65946720000001,12.0113096,28,0.4037941013056764,2,3.704115272067267e-05
37846,ROU.10_1_177,44.4943376,26.031954299999995,104,0.4038160663024355,2,3.704115272067267e-05
27276,HRV_954,44.88849,13.8660591,75,0.4038315214371701,2,3.704115272067267e-05
11050,DEU.14_1_497,51.1980061,13.7273291,26,0.4038453560514862,2,3.704115272067267e-05
42784,RUS.44_1_560,54.8618764,38.53939539999999,119,0.4038483100287063,2,3.704115272067267e-05
9080,DEU.10_1_265,50.8474739,7.9873462,40,0.4038532271506621,2,3.704115272067267e-05
34619,POL.13_1_19,50.4943675,20.6418081,99,0.4038579775905176,2,3.704115272067267e-05
11925,DEU.1_1_1278,47.92320269999999,9.34514,14,0.4038805815353273,2,3.704115272067267e-05
23204,FRA.8_1_337,48.3777114,2.1453802,55,0.4038811001018613,2,3.704115272067267e-05
31935,ITA.8_1_81,41.7388735,12.6494381,81,0.4038981201963144,2,3.704115272067267e-05
37108,POL.9_1_234,49.1972794,22.3653308,99,0.4039017501620521,2,3.704115272067267e-05
5194,CHE_400,46.9046795,6.5813153999999985,13,0.4039154273543846,2,3.704115272067267e-05
37234,PRT_1,38.703584500000005,-9.4065239,52,0.4039256968237799,2,3.704115272067267e-05
6058,CZE_1585,50.23909620000001,12.4128153,17,0.4039330215760718,2,3.704115272067267e-05
52473,UKR.5_1_317,47.9953637,33.4924751,150,0.4039407815538476,2,3.704115272067267e-05
19326,ESP.8_1_165,40.3630249,-3.7574077,54,0.403944587461802,2,2.526458991934916e-07
9528,DEU.10_1_59,51.47480720000001,7.0136842,44,0.4039451801092692,2,3.928309436525029e-06
39564,ROU.5_1_1,46.535660799999995,22.45266849999999,77,0.4039590332438189,2,3.704115272067267e-05
51065,UKR.21_1_68,51.86761409999998,34.0236992,140,0.4039649041577924,2,3.704115272067267e-05
36085,POL.4_1_261,51.49172670000001,23.589867,98,0.4039654875451431,2,3.704115272067267e-05
52016,UKR.2_1_139,52.194626500000005,32.71822,140,0.4039769145291231,2,3.704115272067267e-05
28637,HUN_781,46.4793348,17.4953962,78,0.4039849893508658,2,3.704115272067267e-05
7259,CZE_3496,49.9936699,13.5191678,16,0.4039863968886009,2,3.704115272067267e-05
10801,DEU.14_1_1392,50.733817,13.576670600000002,26,0.4039927863691082,2,3.704115272067267e-05
19835,FIN.4_1_219,60.4646759,26.927431,109,0.4040001759422169,2,3.704115272067267e-05
30141,ITA.17_1_57,46.31525089999999,10.812158100000005,2,0.4040019446245023,2,3.704115272067267e-05
11437,DEU.15_1_509,53.958671,10.8650425,41,0.4040110936197797,2,3.704115272067267e-05
48438,SWE.16_1_17,59.8960215,18.0618712,133,0.4040320214834706,2,3.704115272067267e-05
44723,RUS.70_1_207,54.126345000000015,37.7836606,118,0.4040357810908417,2,3.704115272067267e-05
25859,GBR.3_1_129,55.617816,-2.8055459000000003,70,0.4040470506528382,2,3.704115272067267e-05
47118,SVK_1738,48.912818,18.1641783,130,0.4040473191962219,2,3.704115272067267e-05
31241,ITA.5_1_797,40.9551883,14.602564899999996,86,0.4040496342253913,2,3.704115272067267e-05
26378,GBR.4_1_382,53.2705474,-3.9235064,71,0.4040594129086026,2,0.000296290803738
32190,LTU_67,56.231004600000006,23.599125800000003,88,0.4040651912214094,2,2.650838326384585e-05
15295,DEU.7_1_1016,50.172638799999994,8.4518895,39,0.4040971201037132,2,3.704115272067267e-05
48958,SWE.9_1_40,57.1675815,15.3481056,134,0.4041056208908231,2,3.704115272067267e-05
37891,ROU.11_1_13,45.2673776,27.2604216,103,0.4041073340124085,2,3.704115272067267e-05
26802,HRV_101,46.10301719999999,15.623803899999997,75,0.404110565793129,2,3.704115272067267e-05
33371,NOR.10_1_13,67.2838445,14.5561096,93,0.4041155106954347,2,3.704115272067267e-05
33012,NLD_1539,53.3320112,6.907022799999998,91,0.4041224928234095,2,3.704115272067266e-05
36906,POL.8_1_119,50.4664817,17.390874,37,0.4041236225576443,2,3.704115272067267e-05
1672,BEL_1355,50.4291781,4.495371600000001,60,0.4041409760162978,2,3.704115272067267e-05
17218,DNK_735,55.8103083,12.1158042,46,0.4041419020279654,2,3.704115272067267e-05
37406,PRT_1547,41.26271499999999,-8.6170417,100,0.4041460135197703,2,3.704115272067267e-05
7778,CZE_4500,50.1999639,16.256321500000002,19,0.4041830632465968,2,3.704115272067267e-05
47322,SVK_2240,48.98377689999998,22.1732796,77,0.4042073062320585,2,3.704115272067267e-05
13901,DEU.2_1_3100,48.7371325,13.606794099999998,35,0.4042260301879803,2,3.704115272067267e-05
46599,SRB_536,45.4372886,20.311206,102,0.4042410871376979,2,8.286961723695084e-05
30674,ITA.2_1_445,41.583637399999986,15.861710900000002,84,0.4042437077507177,2,0.0001111193419447
40402,RUS.26.12_1_14,63.357679700000006,31.471412299999994,108,0.4042469395314381,2,3.704115272067267e-05
26124,GBR.3_1_777,55.90600980000001,-4.8724029999999985,70,0.4042480044448561,2,3.704115272067267e-05
35266,POL.16_1_30,53.541842300000006,14.570608,94,0.4042564496712659,2,3.704115272067267e-05
43079,RUS.47_1_303,56.3665012,44.060505699999986,125,0.4042690341698306,2,3.704115272067267e-05
27055,HRV_519,45.6442279,15.351231,74,0.4042698120196314,2,3.704115272067267e-05
10986,DEU.14_1_349,50.61354440000001,12.167510199999995,28,0.404271145476433,2,3.704115272067267e-05
36443,POL.6_1_473,49.3294953,19.9960066,99,0.4042778127604409,2,3.704115272067266e-05
20420,FRA.11_1_305,43.574720799999994,1.4618818,57,0.4042825909806464,2,0.0001111193419447
25575,GBR.1.84_1_2,52.473885200000005,-2.3771557,63,0.4042889341605703,2,3.704115272067267e-05
50578,UKR.18_1_194,50.3698934,33.8445545,152,0.4043088341513103,2,3.704115272067266e-05
16080,DEU.8_1_55,54.1416532,11.753471499999998,41,0.4043313917955366,2,3.704115272067267e-05
32105,LTU_148,55.52190369999999,25.2082133,88,0.404361413093805,2,3.704115272067267e-05
16384,DEU.9_1_202,52.837686700000006,7.5899323,42,0.4043740716733029,2,3.704115272067267e-05
22331,FRA.7_1_1095,50.605412400000006,3.1390651999999992,60,0.4043747476618205,2,3.704115272067267e-05
4192,CHE_1454,46.10210899999999,6.997557100000001,11,0.4043771275118066,2,3.704115272067267e-05
6944,CZE_2960,50.1599774,14.2779678,16,0.4044317066395037,2,0.0002789709126232
5901,CZE_1240,49.46106940000001,18.0940157,21,0.4044875081026021,2,3.704115272067267e-05
8966,DEU.10_1_2288,51.03397600000001,8.3682072,40,0.4044887952588203,2,3.7041152720672656e-05
20698,FRA.12_1_2,47.2809414,-2.4789933,55,0.4044901009352718,2,3.704115272067267e-05
31540,ITA.6_1_52,44.6043099,10.414168599999998,80,0.4044948050745439,2,3.704115272067267e-05
5084,CHE_3705,47.2924086,8.7018369,12,0.404512028891564,2,3.704115272067267e-05
36826,POL.7_1_787,52.1030467,20.635991200000003,144,0.4045265394943976,2,3.704115272067267e-05
8884,DEU.10_1_203,51.7860883,6.006823500000001,22,0.4045404759699972,2,3.704115272067267e-05
16806,DNK_1097,55.24215220000001,12.136936800000004,46,0.4045496990462079,2,3.704115272067266e-05
19127,ESP.6_1_593,41.3842865,2.1854688,53,0.4045508010000926,2,3.110305202430047e-06
29268,ITA.10_1_600,45.545186300000005,10.1677986,79,0.4045567182146495,2,0.0001095849285735
48205,SWE.15_1_121,59.329046000000005,17.928242500000003,132,0.4045696545976479,2,3.704115272067267e-05
12037,DEU.1_1_156,48.95330240000001,8.291521799999998,32,0.4045954440225946,2,3.704115272067267e-05
19567,ESP.8_1_973,40.5212161,-4.247136299999999,54,0.4045981109361977,2,3.704115272067267e-05
9719,DEU.11_1_1082,49.553699900000005,8.068922800000003,24,0.4046035836651541,2,3.704115272067266e-05
11402,DEU.15_1_436,54.1811226,8.9065312,45,0.4046348087785906,2,3.704115272067267e-05
13669,DEU.2_1_2553,47.7717681,12.646469299999998,1,0.4046614686545051,2,3.704115272067267e-05
31931,ITA.8_1_801,41.484255899999994,13.832378,86,0.404674849523104,2,3.3056896990399424e-08
7633,CZE_4308,49.9971711,14.664177100000002,16,0.404676368182239,2,0.0001848444054672
2069,BEL_5,51.032752900000006,2.8693373999999996,7,0.4046792943791091,2,0.0001110846971165
31692,ITA.8_1_169,41.92007460000001,12.4366027,81,0.4047088711917769,2,1.814741840152937e-05
25615,GBR.1.87_1_37,51.161507799999995,-3.3688908000000004,67,0.4047198166496898,2,3.704115272067267e-05
29521,ITA.13_1_197,44.82734210000002,8.218290600000001,87,0.4047200111121401,2,0.0002918213711211
14762,DEU.4_1_101,53.1512178,12.392376700000002,38,0.4047242707658117,2,3.982554499082442e-06
16317,DEU.9_1_1429,52.4564281,10.4279164,43,0.4047499027687749,2,6.938139397845829e-05
37433,PRT_1625,41.1487564,-8.5986755,100,0.4047552088156311,2,1.8790760285039435e-05
23697,GBR.1.114_1_33,53.389891700000014,-3.1788086,62,0.4047966107972961,2,3.704115272067266e-05
23359,FRA.8_1_863,48.7017877,2.0962628999999997,55,0.4048249652745624,2,3.704115272067267e-05
48114,SWE.13_1_190,55.7076688,14.1523326,134,0.4048370034262432,2,3.704115272067267e-05
48225,SWE.15_1_141,59.29131519999999,17.966692000000002,132,0.4048423928141494,2,3.704115272067267e-05
47790,SVN_2,45.632278799999995,15.2698105,75,0.4048518103528105,2,3.704115272067267e-05
19576,ESP.8_1_986,40.4059413,-3.897414700000001,54,0.4048742105750532,2,3.704115272067267e-05
34916,POL.15_1_331,52.4707252,17.6878904,94,0.4048777108991573,2,0.0002222263352379
45376,RUS.77_1_345,48.4860576,44.66321469999999,121,0.4048835725530142,2,3.704115272067267e-05
40772,RUS.34_1_29,43.3728749,40.0937041,111,0.4049072784517085,2,3.704115272067267e-05
51553,UKR.25_1_3,50.611351600000006,25.1562657,98,0.404911714047597,2,3.704115272067267e-05
455,AUT_1904,48.24544919999999,14.185636599999995,3,0.4049168626724696,2,0.0001875638329356
8342,CZE_691,49.91740769999999,17.691391900000003,20,0.4049199648115566,2,3.704115272067267e-05
15228,DEU.6_1_342,53.5410213,10.139213799999998,27,0.4049391517733124,2,3.704115272067266e-05
14438,DEU.2_1_892,47.9531971,11.436682399999995,1,0.40496011667747,2,3.704115272067267e-05
6979,CZE_303,49.2932631,14.4828939,36,0.4049657653486433,2,3.704115272067267e-05
45981,RUS.81_1_1,57.447790000000005,38.26094319999999,114,0.4049737290489861,2,3.704115272067267e-05
13708,DEU.2_1_2642,47.8149416,12.9643768,1,0.4049834984720807,2,0.0002592592555241
47478,SVK_513,48.6939867,20.9387007,77,0.4049883044726364,2,3.704115272067267e-05
37931,ROU.12_1_1,44.169093999999994,26.615530099999997,104,0.4049934808778591,2,3.704115272067266e-05
6731,CZE_260,49.01554859999999,15.378062000000003,36,0.4050033984628206,2,3.704115272067266e-05
39186,ROU.36_1_6,47.8801885,25.615460699999996,90,0.4050051578849893,2,3.704115272067267e-05
45617,RUS.79_1_19,51.6802892,39.20595719999999,112,0.4050621168626723,2,3.704115272067267e-05
10858,DEU.14_1_155,50.2175495,12.3113494,17,0.4050699694416149,2,3.704115272067267e-05
2677,BGR_674,43.20907819999999,27.886433599999993,105,0.4050869617557181,2,3.704115272067267e-05
33495,NOR.12_1_251,59.94107570000001,10.8963787,92,0.4051072321511251,2,3.704115272067267e-05
29256,ITA.10_1_562,45.4575561,9.1222366,79,0.4051177794240208,2,3.704115272067267e-05
24018,GBR.1.26_1_28,50.662538700000006,-3.4410106000000003,67,0.4051188998981387,2,3.704115272067267e-05
29073,ITA.10_1_1809,45.7503259,9.7806235,79,0.4051212056671914,2,3.704115272067267e-05
20488,FRA.11_1_487,43.54255730000001,2.2594566000000005,57,0.40513717936846,2,3.704115272067267e-05
45590,RUS.79_1_12,51.66272649999999,39.115845799999995,127,0.4051419390684324,2,3.704115272067267e-05
4851,CHE_307,46.61044679999999,6.402344200000001,13,0.4051463005833874,2,3.704115272067267e-05
1342,AUT_617,47.21950309999999,15.626788200000004,5,0.4052015371793684,2,3.704115272067267e-05
11207,DEU.14_1_887,50.492077300000005,12.5430923,17,0.4052046393184555,2,3.704115272067267e-05
12655,DEU.1_1_3381,48.851517300000005,8.9861966,31,0.405225122696546,2,3.704115272067267e-05
11105,DEU.14_1_632,51.24831680000001,13.879711699999998,26,0.4052276784887489,2,3.704115272067267e-05
14655,DEU.3_1_670,52.423380300000005,13.4839403,38,0.4052565515325493,2,3.704115272067267e-05
26848,HRV_163,45.1440915,18.7,128,0.4052679322159459,2,3.704115272067267e-05
19530,ESP.8_1_843,40.465517600000005,-3.807687600000001,54,0.405269163811464,2,3.704115272067267e-05
50374,UKR.17_1_223,47.004510200000006,30.313845500000006,137,0.4052708769330493,2,3.704115272067267e-05
18154,ESP.18_1_30,37.6493406,-0.7878877000000001,47,0.4052811464024446,2,3.704115272067267e-05
25908,GBR.3_1_249,55.854705,-4.3048819,70,0.4053107787758126,2,1.2601900289037508e-05
24646,GBR.1.36_1_6,51.553602800000014,-0.4504636999999999,66,0.4053135012501156,2,3.704115272067267e-05
19162,ESP.6_1_728,41.7208364,2.2715854,56,0.4053350680618576,2,3.704115272067267e-05
38795,ROU.29_1_83,46.5794532,25.0494119,107,0.4053478377627558,2,3.704115272067267e-05
5816,CZE_1098,50.240226400000005,17.715026400000003,20,0.4053612278914714,2,3.704115272067267e-05
15560,DEU.7_1_211,50.0029056,8.0205982,39,0.4053636077414576,2,3.704115272067267e-05
23926,GBR.1.22_1_35,54.39260599999999,-3.2824194,62,0.4053705620890823,2,3.704115272067267e-05
45583,RUS.78.8_1_6,60.315985200000014,40.266095500000006,113,0.4053925456060746,2,3.704115272067267e-05
14930,DEU.4_1_436,52.878195600000005,13.5558548,38,0.4054058338735068,2,3.704115272067267e-05
35944,POL.3_1_39,51.78802760000001,20.450926300000003,96,0.4054275766274655,2,3.704115272067267e-05
6840,CZE_28,49.04532949999999,15.1583741,36,0.405438012778961,2,3.704115272067267e-05
26246,GBR.4_1_150,51.7565058,-3.1960549,63,0.4054455782942866,2,3.704115272067267e-05
12412,DEU.1_1_2719,48.82011119999999,8.445114899999998,32,0.4054650152791925,2,3.704115272067267e-05
18890,ESP.6_1_1122,41.57369249999999,1.6413821,53,0.4054815353273452,2,3.704115272067267e-05
27339,HUN_1090,46.6271668,18.869053599999997,78,0.4054963052134456,2,3.704115272067267e-05
9704,DEU.11_1_1035,49.114966300000006,7.801913500000001,24,0.4055410778775812,2,3.704115272067267e-05
25021,GBR.1.48_1_109,53.83471640000002,-2.2142644,65,0.4055774886563569,2,3.704115272067266e-05
14476,DEU.3_1_10,52.581596600000005,13.2908435,38,0.4055874340216687,2,3.704115272067267e-05
366,AUT_1737,48.6365628,13.975430899999996,15,0.4055921381609408,2,3.704115272067267e-05
35378,POL.1_1_150,51.27602670000001,17.094130200000002,37,0.4056375868135939,2,3.704115272067267e-05
24987,GBR.1.44_1_84,51.2856713,0.4403594999999999,68,0.4056536716362625,2,4.8471708443837466e-05
7095,CZE_3237,50.1855161,12.760640999999998,17,0.4056629132327066,2,3.704115272067267e-05
16135,DEU.8_1_666,53.9039886,14.265492600000002,94,0.4056679136957125,2,3.704115272067267e-05
16863,DNK_1249,55.78239980000001,12.3718599,46,0.4056686452449302,2,3.704115272067267e-05
37058,POL.9_1_147,49.8353037,22.245236400000003,98,0.4056826928419297,2,3.704115272067267e-05
44956,RUS.72_1_333,56.7570337,36.0406649,114,0.4057148624872672,2,3.704115272067267e-05
27286,HUN_1003,45.937614800000006,18.5383737,78,0.4057196962681729,2,0.0001111193419447
295,AUT_1592,47.4930798,10.721638399999998,14,0.4057206408000741,2,3.704115272067267e-05
17840,ESP.16_1_389,43.37896909999999,-2.9580926,49,0.4057308732290027,2,3.704115272067267e-05
8136,CZE_5027,48.90169199999999,16.8223744,18,0.4057541809426798,2,3.704115272067267e-05
33011,NLD_1536,53.4212147,6.758516699999999,91,0.4057563663302157,2,3.704115272067266e-05
19600,ESP.9_1_8,42.3347126,-1.7172237,49,0.4057665061579776,2,3.704115272067267e-05
32886,NLD_1101,51.9688713,4.5784685000000005,91,0.4057853782757664,2,3.704115272067267e-05
811,AUT_2671,47.055766000000006,15.1298193,3,0.4057887211778868,2,3.704115272067267e-05
53555,UKR.9_1_29,46.9189593,33.1465444,136,0.4057938790628762,2,3.704115272067267e-05
18822,ESP.5_1_60,40.85657300000001,-4.1409884,54,0.4057957310862116,2,3.704115272067267e-05
2815,BGR_861,41.43085249999999,25.3840855,8,0.4057996481155663,2,3.704115272067267e-05
47631,SVK_806,48.71157999999999,20.279722699999994,77,0.4058002685433836,2,3.704115272067267e-05
13626,DEU.2_1_2436,47.687839700000005,11.9864723,1,0.4058191406611723,2,3.704115272067266e-05
30683,ITA.2_1_456,41.937500599999986,15.9553892,84,0.4058215760718585,2,3.704115272067267e-05
2129,BEL_715,50.323407800000005,4.9415304,6,0.4058249004537456,2,3.704115272067267e-05
9461,DEU.10_1_417,51.2933628,7.814873000000001,44,0.4058472358551718,2,3.704115272067267e-05
589,AUT_2127,46.659325,13.0537333,2,0.4058581350125012,2,3.704115272067267e-05
52980,UKR.6_1_48,47.0850013,37.555073199999995,151,0.4058749699046208,2,3.704115272067267e-05
18819,ESP.5_1_57,40.80302949999998,-3.983626100000001,54,0.4058761181590887,2,3.704115272067267e-05
34547,POL.12_1_731,50.756375299999995,18.6293614,95,0.4058897768311881,2,6.14189252926346e-05
42980,RUS.45.2_1_42,67.3490306,32.291291900000004,108,0.405890869524956,2,3.704115272067267e-05
31959,ITA.9_1_119,44.422338,8.8478755,87,0.4058948421150106,2,4.9440241107005395e-05
38502,ROU.23_1_40,45.8314293,22.9486265,107,0.4059038799888879,2,0.0001111193419447
33781,NOR.3_1_27,58.46601789999998,8.7092137,92,0.405907093249375,2,3.704115272067267e-05
37612,PRT_44,38.7856218,-9.1718324,52,0.4059208352625242,2,3.704115272067267e-05
12610,DEU.1_1_325,47.8572038,7.772407100000001,29,0.4059258079451801,2,3.704115272067267e-05
45418,RUS.77_1_430,48.6772483,43.5413143,121,0.4059276970089822,2,3.704115272067267e-05
24215,GBR.1.33_1_48,51.711426200000005,0.1641554,66,0.4059455968145198,2,3.704115272067266e-05
5568,CHE_596,46.67418729999999,6.684812599999999,13,0.405950328734142,2,3.704115272067267e-05
45173,RUS.76_1_255,55.20390940000001,40.6224418,125,0.4059635614408742,2,3.704115272067267e-05
48625,SWE.21_1_156,58.9223774,11.2629426,134,0.4059874432817852,2,3.704115272067267e-05
6905,CZE_2892,49.6592868,14.480113500000003,16,0.4060244837484953,2,3.704115272067267e-05
32627,MDA_38,45.761377999999986,28.1605021,137,0.4060396147791462,2,3.704115272067267e-05
43436,RUS.52_1_193,52.2086133,36.9754554,127,0.4060489026761736,2,3.704115272067267e-05
13826,DEU.2_1_2928,49.3579579,12.6816848,17,0.4060700898231317,2,3.704115272067267e-05
23943,GBR.1.22_1_7,54.580394600000005,-2.4865438,62,0.4060967774793962,2,3.704115272067267e-05
33574,NOR.14_1_9,60.850874000000005,7.1138539000000005,92,0.4061225854245763,2,3.704115272067267e-05
51101,UKR.22_1_106,48.6879874,26.168795699999993,143,0.4061298823965182,2,3.704115272067267e-05
17172,DNK_598,55.67601790000001,11.124109599999995,46,0.4061396240392628,2,3.704115272067267e-05
5430,CHE_474,47.1222253,6.883814100000001,33,0.4061520511158439,2,0.0001452566013255
37324,PRT_1294,41.187458799999995,-8.693463600000001,100,0.4061580146309844,2,3.704115272067267e-05
13854,DEU.2_1_2990,47.928769999999986,12.703534,1,0.4061646911751088,2,3.704115272067267e-05
33732,NOR.1_1_79,59.9111521,10.509781299999998,92,0.406180674136494,2,3.704115272067267e-05
47280,SVK_2135,48.7185627,20.082980600000003,77,0.4061880637096028,2,3.704115272067267e-05
46903,SVK_1252,48.56688380000001,19.8416107,76,0.4062155199555514,2,3.704115272067267e-05
25483,GBR.1.79_1_10,53.48804810000001,-2.6719929,62,0.4062399388832299,2,3.327934806065356e-05
10914,DEU.14_1_1682,50.98627079999999,14.6461063,26,0.4062508565607927,2,3.704115272067267e-05
4027,CHE_1003,47.14128800000001,6.969516399999999,33,0.4062541902027966,2,0.0001426257978951
807,AUT_2649,46.86854869999999,14.4654064,75,0.4062646356144087,2,3.704115272067267e-05
11266,DEU.15_1_12,54.3049551,8.648185900000001,45,0.4062733493842022,2,3.704115272067267e-05
51508,UKR.25_1_1,50.52679530000001,25.0391262,98,0.4062751828873042,2,3.704115272067267e-05
52765,UKR.6_1_214,48.589730900000006,37.789286100000005,149,0.4062889989813871,2,3.704115272067267e-05
27367,HUN_1137,47.197363399999986,18.6043898,78,0.4062893693860542,2,0.0002561912325264
24627,GBR.1.36_1_554,51.55227370000001,-0.2968140000000001,66,0.4062909436058895,2,5.488779938907871e-05
24045,GBR.1.26_1_95,50.79672870000001,-3.1869232000000003,67,0.4063135197703492,2,3.704115272067267e-05
32052,ITA.9_1_88,44.42750730000001,8.29537,87,0.4063387628484119,2,3.704115272067267e-05
26213,GBR.4_1_109,51.746533199999995,-3.2793246000000003,63,0.4063433558662839,2,3.704115272067267e-05
44516,RUS.65_1_256,45.0639402,41.9702214,111,0.4063476433003056,2,3.704115272067267e-05
26409,GBR.4_1_42,51.6649577,-3.521480999999999,63,0.4063595518103528,2,3.704115272067267e-05
33087,NLD_1788,52.748690800000006,6.874372299999998,91,0.406359857394203,2,3.704115272067267e-05
15714,DEU.7_1_564,50.480856900000006,9.7228776,40,0.4063718029447171,2,0.0002592592555241
20635,FRA.11_1_878,43.5709796,4.191056099999999,56,0.4063825817205296,2,3.704115272067267e-05
21149,FRA.1_1_216,45.390199200000005,3.9474293,57,0.406383924437448,2,3.704115272067267e-05
9002,DEU.10_1_241,51.2420813,6.7226113,22,0.4064273543846652,2,3.704115272067267e-05
41274,RUS.38_1_1149,59.477948000000005,33.83880549999999,117,0.4064381702009445,2,3.704115272067267e-05
11435,DEU.15_1_506,53.924919499999994,10.819206,41,0.4064684878229466,2,0.0001111193419447
53403,UKR.8_1_408,49.852190400000005,37.72936799999999,127,0.4064705528289656,2,3.704115272067267e-05
16402,DEU.9_1_24,53.6065059,7.7113410999999985,42,0.4064765070839892,2,3.704115272067267e-05
17476,ESP.10_1_493,39.566508500000005,-0.4052632,47,0.4064942309473099,2,3.704115272067266e-05
13881,DEU.2_1_3052,49.191174100000005,13.027920600000002,17,0.4064957866469117,2,3.704115272067267e-05
27477,HUN_1379,47.500022400000006,18.9705845,76,0.4065090286137605,2,3.704115272067267e-05
32699,MKD_104,41.88762840000001,22.3347721,72,0.4065492175201408,2,3.704115272067267e-05
45625,RUS.79_1_211,51.903402799999995,39.4798134,112,0.4065700064820817,2,0.0001111193419447
48869,SWE.7_1_4,57.16136550000002,13.4146258,134,0.4065741642744698,2,3.704115272067267e-05
1374,AUT_658,48.828023900000005,15.6311779,18,0.4065827391425132,2,3.704115272067266e-05
17407,ESP.10_1_30,38.7407969,-0.4470817,47,0.4065887396981201,2,3.704115272067267e-05
42594,RUS.44_1_1648,55.963299600000006,38.0296174,124,0.4065959070284284,2,3.704115272067267e-05
6617,CZE_242,49.7667032,16.6662854,18,0.4066043429947218,2,3.704115272067267e-05
26281,GBR.4_1_206,51.673007,-4.9064413,63,0.4066071951106583,2,3.704115272067267e-05
53560,UKR.9_1_34,46.7530656,33.43161909999999,145,0.4066117233077136,2,3.704115272067267e-05
23613,GBR.1.10_1_38,53.9257438,-1.7974707000000003,62,0.4066127048800815,2,3.704115272067267e-05
18801,ESP.5_1_381,41.7640748,-6.0739777,52,0.4066210297249745,2,0.0002222263352379
720,AUT_2416,46.95358489999999,14.410567,3,0.4066309565700526,2,3.704115272067267e-05
12538,DEU.1_1_3067,49.11928070000001,8.764828000000001,31,0.406640883415131,2,3.704115272067267e-05
17833,ESP.16_1_372,43.318389,-3.014717599999999,49,0.4066456245948699,2,0.000222206440188
44584,RUS.67_1_148,53.28443409999999,41.06200749999999,122,0.4066559033243819,2,3.704115272067267e-05
14130,DEU.2_1_3782,49.77556649999999,11.3064847,34,0.4066647652560422,2,3.704115272067267e-05
11033,DEU.14_1_473,50.760695299999995,13.7861928,26,0.4066701453838318,2,3.704115272067267e-05
41934,RUS.4.20_1_69,64.6040267,40.5965269,113,0.4067065561626076,2,3.704115272067267e-05
1725,BEL_151,51.00318580000001,4.011474600000001,7,0.4067348643392908,2,0.0001797386011649
30579,ITA.2_1_211,41.12681710000001,16.7929783,84,0.4067468376701547,2,0.0001481563784482
29052,ITA.10_1_1743,45.575663000000006,10.230517399999997,80,0.4067540420409298,2,3.704115272067267e-05
833,AUT_2739,47.7534728,15.850747700000005,5,0.4067603574405037,2,3.704115272067267e-05
9522,DEU.10_1_564,51.061839899999995,6.1086251,22,0.4067656634873599,2,3.704115272067267e-05
10879,DEU.14_1_1592,51.53195700000001,14.703553799999996,26,0.4067712751180665,2,3.704115272067267e-05
1867,BEL_2018,50.49018800000001,5.8555278,6,0.4067742013149365,2,3.704115272067267e-05
19321,ESP.8_1_143,40.3292759,-3.729814,54,0.4067810908417446,2,5.1444225063868655e-05
10724,DEU.14_1_1231,50.4277396,12.989121099999997,26,0.4067960459301787,2,3.704115272067267e-05
35522,POL.1_1_512,51.16523859999999,16.1853138,37,0.4067984535605148,2,5.531031629024522e-05
41408,RUS.38_1_386,59.8364168,31.039401800000004,116,0.4068262246504305,2,3.704115272067267e-05
24659,GBR.1.36_1_628,51.60286490000001,-0.2642565999999999,66,0.4068391054727289,2,3.704115272067267e-05
14896,DEU.4_1_355,52.1173652,13.1953861,38,0.4068722752106676,2,0.0001806530505853
2323,BGR_162,42.362642400000006,23.0070128,73,0.4068724789332346,2,3.704115272067267e-05
32235,LUX_157,49.4726605,6.0794895,6,0.4068963885544957,2,3.704115272067267e-05
2357,BGR_2,43.32098190000001,23.180542300000003,105,0.4069005926474675,2,3.704115272067267e-05
36666,POL.7_1_289,52.1913033,20.869316,144,0.4069306972867858,2,3.723039526285874e-08
787,AUT_2603,47.52867689999999,16.470010600000002,5,0.4069325956107048,2,3.704115272067267e-05
34363,POL.12_1_20,50.069393,18.4693309,95,0.4069423465135661,2,8.102605938083717e-06
30046,ITA.17_1_1,46.664817,10.5815946,2,0.4069433373460505,2,3.704115272067267e-05
4097,CHE_1154,46.354947200000005,7.147197800000002,11,0.4069751551069543,2,3.704115272067267e-05
13303,DEU.2_1_142,50.32719569999999,10.849307799999998,28,0.4069842300212983,2,3.704115272067267e-05
45536,RUS.78.6_1_1,58.87045579999999,40.91595699999999,110,0.4070012130752848,2,3.704115272067267e-05
29281,ITA.10_1_644,45.443517500000006,9.639954499999996,80,0.4070280859338827,2,9.07079394299914e-05
27444,HUN_1297,47.0510044,18.8977513,78,0.407044244837485,2,0.0001289971490804
14350,DEU.2_1_688,47.617197299999994,11.030529699999995,1,0.4070477822020558,2,3.704115272067267e-05
40849,RUS.34_1_464,45.931344900000006,38.5198164,147,0.4070539123992963,2,3.704115272067267e-05
7479,CZE_3864,50.9591132,15.2281524,26,0.4070657097879433,2,3.704115272067267e-05
43154,RUS.47_1_493,57.4763818,44.59358880000001,125,0.407112575238448,2,3.704115272067267e-05
29212,ITA.10_1_439,46.1632417,10.351272899999998,79,0.4071170108343365,2,3.704115272067267e-05
29791,ITA.13_1_739,45.024678300000005,7.6642899,79,0.4071194832854893,2,3.704115272067267e-05
17043,DNK_26,55.756129400000006,8.3640169,45,0.4071221872395593,2,3.704115272067267e-05
33540,NOR.12_1_90,59.868961600000006,10.8126003,92,0.4071381702009445,2,3.704115272067267e-05
9611,DEU.10_1_805,51.22257539999999,6.6071859,22,0.40715710713955,2,3.704115272067267e-05
44165,RUS.59_1_52,54.85482410000001,41.3216722,120,0.4071729604593018,2,3.704115272067267e-05
20024,FRA.10_1_125,45.5493868,-1.0654275,57,0.4071899898138717,2,3.704115272067267e-05
38287,ROU.19_1_60,46.07526119999999,27.4789133,103,0.4072045189369386,2,3.704115272067267e-05
47114,SVK_173,48.654516400000006,17.5121019,5,0.4072475969997223,2,3.704115272067267e-05
30111,ITA.17_1_285,46.895697899999995,11.4402715,0,0.4072595055097694,2,0.0001098971536468
24785,GBR.1.38_1_105,51.087485699999995,-1.1025376,67,0.4072666080192612,2,3.704115272067267e-05
19674,EST_251,58.487366,25.537161499999996,115,0.4072688304472637,2,3.704115272067267e-05
4385,CHE_1942,47.0193045,8.482610900000001,12,0.4072751736271877,2,3.704115272067267e-05
4588,CHE_2513,46.9247165,7.4150664000000015,33,0.407286591351051,2,0.0002592592555241
24969,GBR.1.44_1_35,51.244413,0.9760819000000002,68,0.4072884155940365,2,0.0001408335231102
41405,RUS.38_1_383,59.7925103,31.028553200000005,116,0.407290323178072,2,0.0001111193419447
41960,RUS.4.24_1_49,61.1164623,44.8383822,113,0.4073248171126956,2,3.704115272067267e-05
8459,CZE_911,49.669468900000005,17.834134000000002,21,0.4073293360496343,2,0.000296290803738
33533,NOR.12_1_77,59.86679899999999,10.8401183,92,0.4073648022965089,2,3.704115272067267e-05
12271,DEU.1_1_2218,48.109213700000005,9.9398766,14,0.4073720159274007,2,3.704115272067267e-05
23532,GBR.1.104_1_11,53.45224170000001,-2.3277582,62,0.4073727845170848,2,0.0003118212201916
11323,DEU.15_1_261,53.428085900000006,10.374059,41,0.4073736086674692,2,3.704115272067267e-05
23545,GBR.1.105_1_19,53.679099199999975,-1.3582850000000002,65,0.407374877303454,2,2.894350931819957e-07
1217,AUT_444,48.363792800000006,16.7865197,4,0.4073830354662469,2,0.0003113606637556
10611,DEU.13_1_933,52.2333854,12.1965242,28,0.4073859801833503,2,3.704115272067267e-05
31936,ITA.8_1_810,41.45218819999999,12.6292252,86,0.4073991851097324,2,3.704115272067267e-05
44050,RUS.59_1_156,53.79210060000001,39.6092668,120,0.4074057597925734,2,0.0002644694375199
11986,DEU.1_1_1437,48.4939949,9.387270999999998,14,0.4074350680618576,2,3.704115272067267e-05
4111,CHE_1190,46.3369434,6.897951799999999,11,0.4074645707935921,2,0.0001111193419447
14675,DEU.3_1_72,52.4498256,13.252689899999998,38,0.4074683396610797,2,3.704115272067267e-05
33016,NLD_1544,53.1703923,5.4252094,91,0.4074718492453005,2,3.704115272067266e-05
17201,DNK_676,55.921925900000005,11.6555723,46,0.4074837021946476,2,3.704115272067267e-05
19798,FIN.4_1_140,60.2170892,24.8703193,109,0.4074845078247985,2,8.142187519563114e-05
4529,CHE_2354,47.04185329999999,7.3862152,33,0.4075068524863414,2,0.0002639758692457
18245,ESP.1_1_301,36.17379089999999,-5.4605476999999984,51,0.4075224928234096,2,3.704115272067267e-05
20958,FRA.13_1_531,43.706039799999985,7.25082,58,0.4075321789054541,2,3.704115272067267e-05
45689,RUS.79_1_384,51.492620799999976,40.39234509999999,112,0.4075603018798037,2,3.704115272067267e-05
27885,HUN_20,46.6469122,16.7397344,5,0.4075752384480043,2,3.704115272067267e-05
23306,FRA.8_1_657,48.7393611,2.2867764,61,0.4075828224835633,2,3.515621048294922e-05
33145,NLD_312,51.8377497,4.3316170000000005,91,0.4075863783683675,2,3.704115272067267e-05
16233,DEU.9_1_1171,52.0357637,9.953401,43,0.4075933049356422,2,3.704115272067267e-05
15535,DEU.7_1_1810,49.829492599999995,8.834834,39,0.4075979442540977,2,3.704115272067267e-05
47250,SVK_2053,49.376931899999995,18.507119900000003,21,0.4075989721270489,2,3.704115272067267e-05
151,AUT_1272,47.423028,11.7478275,0,0.407616279285119,2,3.704115272067267e-05
30510,ITA.20_1_59,45.6015999,10.8507404,80,0.4076564867117326,2,4.522359953828747e-05
29410,ITA.11_1_53,43.179469199999986,13.7973222,81,0.4076780442633577,2,3.704115272067267e-05
18187,ESP.1_1_178,37.321515100000006,-5.9642577,51,0.4076815353273451,2,2.5926211400828333e-05
23408,FRA.9_1_126,49.8708348,1.0667322,61,0.4076890360218538,2,3.704115272067267e-05
16484,DEU.9_1_398,53.46058139999999,9.382544,43,0.4077013149365682,2,9.856983254095722e-05
31236,ITA.5_1_784,41.02860259999999,14.462635099999998,86,0.4077097786832113,2,0.0002202633798496
19393,ESP.8_1_385,40.3900182,-3.6458264,54,0.4077133808685989,2,8.263111860641615e-05
22457,FRA.7_1_264,49.19461869999999,2.2069442,61,0.4077145106028335,2,0.0002028885749963
12965,DEU.1_1_520,48.152585900000005,8.0450698,29,0.4077316881192703,2,3.704115272067267e-05
8690,DEU.10_1_1505,51.4201519,7.445915599999997,44,0.4077392443744791,2,4.169818806478451e-05
25188,GBR.1.55_1_15,51.38006480000001,0.5218145000000001,68,0.4077549124918974,2,4.215254053230742e-05
14172,DEU.2_1_3907,49.46467100000001,10.8867698,34,0.4077648763774423,2,3.704115272067267e-05
24088,GBR.1.30_1_18,54.72692240000001,-1.9640609,69,0.4077689508287803,2,3.704115272067267e-05
20945,FRA.13_1_501,43.620454499999994,6.974251999999999,87,0.4077795907028428,2,3.704115272067267e-05
27859,HUN_1951,46.6727015,20.6744996,128,0.407801926104269,2,0.000201703335303
20243,FRA.10_1_672,45.1358119,1.3004668,57,0.4078023983702194,2,3.875948974076057e-05
9745,DEU.11_1_114,50.6025265,7.2197396,25,0.4078112047411797,2,6.281191074678389e-05
47369,SVK_318,48.4829361,17.250836200000002,4,0.4078120937123808,2,3.704115272067267e-05
29442,ITA.12_1_16,41.877140700000005,14.9843564,86,0.4078361885359755,2,3.704115272067267e-05
32355,LVA_24,57.38434609999999,21.6699824,88,0.4078418186869154,2,3.704115272067267e-05
38186,ROU.17_1_47,45.15008350000001,25.4473242,106,0.4078484581905731,2,3.704115272067267e-05
18074,ESP.17_1_309,43.15105139999999,-5.600349700000001,50,0.4078546161681638,2,3.704115272067267e-05
451,AUT_1898,48.07410450000001,14.0579369,3,0.4078551162144642,2,3.704115272067267e-05
38881,ROU.30_1_0,46.89353180000001,26.147761300000003,103,0.4078610982498379,2,3.704115272067267e-05
21901,FRA.4_1_434,47.2868127,1.3836774,55,0.4079012778961015,2,2.051000186674629e-05
18292,ESP.1_1_466,37.1474901,-3.6208347,51,0.4079092045559774,2,3.704115272067267e-05
21824,FRA.4_1_230,48.510063499999994,1.5575955,61,0.4079216408926752,2,0.0002926334261255
48935,SWE.8_1_52,57.5519881,15.720412300000003,134,0.4079533660524122,2,3.8666751439441696e-05
40741,RUS.34_1_223,44.7511464,37.7529716,147,0.4079542550236133,2,3.704115272067267e-05
47943,SVN_473,45.886834500000006,13.8652869,75,0.4079646448745254,2,3.704115272067267e-05
11487,DEU.16_1_128,51.4265412,10.594572299999998,28,0.4079732290026855,2,3.704115272067267e-05
17720,ESP.16_1_13,43.314315699999995,-3.0135943,49,0.4079736920085193,2,0.0001851920428792
758,AUT_2534,47.891749100000006,15.945673000000005,5,0.4079838688767478,2,3.704115272067267e-05
18934,ESP.6_1_1278,41.5471222,2.1087161,53,0.4079858875821835,2,2.5818538835449105e-05
13083,DEU.1_1_764,47.690305200000005,7.6441387,29,0.4080146958051672,2,3.704115272067267e-05
18077,ESP.17_1_312,43.2598538,-5.575003099999998,50,0.4080169460135197,2,3.7041152720672656e-05
25998,GBR.3_1_454,56.96895550000001,-5.8220885,70,0.4080270858412816,2,3.704115272067267e-05
28381,HUN_393,47.8817983,18.98504729999999,76,0.4080346420964904,2,3.704115272067267e-05
25045,GBR.1.48_1_41,53.63437439999999,-2.8079516,62,0.4080494397629411,2,0.0001143797934397
11347,DEU.15_1_307,54.2774346,10.612085399999996,45,0.4080747939624038,2,3.704115272067267e-05
32987,NLD_1474,52.6825447,5.0332336999999985,91,0.4080815723678118,2,0.0001111193419447
43191,RUS.48_1_13,43.7520488,44.757705499999986,111,0.4081081766830262,2,3.704115272067267e-05
43177,RUS.47_1_62,55.55648570000001,45.005031800000005,125,0.4081934253171591,2,3.704115272067267e-05
15284,DEU.6_1_88,53.635321899999994,9.9525267,27,0.4081965737568293,2,3.704115272067267e-05
19465,ESP.8_1_65,40.341702899999994,-3.5250192,54,0.4081972034447633,2,0.0001111193419447
53314,UKR.8_1_314,50.05024650000001,36.2062928,141,0.4082212704880081,2,3.704115272067267e-05
28193,HUN_272,47.94572309999999,21.8064228,77,0.4082361329752755,2,0.0002595883999953
2727,BGR_75,43.78321,23.21811349999999,105,0.4082442540976015,2,3.704115272067267e-05
19787,FIN.4_1_126,60.2952926,24.8437614,109,0.4082544957866469,2,0.0001849873182423
19004,ESP.6_1_235,41.30305069999999,2.0103509,53,0.4082617279377721,2,0.0003127671930133
14011,DEU.2_1_3414,49.3911412,11.341484,34,0.4082677655338457,2,3.704115272067267e-05
19445,ESP.8_1_588,40.4177888,-3.5270941999999996,54,0.4082778127604409,2,3.704115272067267e-05
284,AUT_156,46.7237963,15.9489689,3,0.4082844800444485,2,3.704115272067267e-05
13837,DEU.2_1_2954,48.8741523,13.4084653,35,0.4082852949347162,2,3.704115272067267e-05
14254,DEU.2_1_462,47.4366746,10.2760346,14,0.4082940550050929,2,3.704115272067267e-05
5665,CHE_910,47.2631343,7.7007124,33,0.40829434206871,2,9.871361654226712e-06
23934,GBR.1.22_1_56,54.3756065,-2.8190820999999993,62,0.4082987498842486,2,3.704115272067267e-05
29764,ITA.13_1_702,45.763518100000006,8.2665906,79,0.4083051115844059,2,3.704115272067267e-05
5966,CZE_1373,49.3587434,18.2861731,21,0.4083051486248727,2,3.704115272067267e-05
12202,DEU.1_1_2030,48.8088129,9.2705702,31,0.4083076488563756,2,3.704115272067267e-05
31264,ITA.5_1_834,41.12355210000002,14.784183500000005,86,0.4083085285674599,2,0.0002483574526938
20392,FRA.11_1_241,44.653473,1.3401150999999996,57,0.4083158625798685,2,3.704115272067267e-05
31848,ITA.8_1_655,42.4414465,12.1767962,81,0.4083352625243078,2,3.704115272067267e-05
39477,ROU.41_1_12,46.13198319999999,27.840742399999996,103,0.4083417353458653,2,3.704115272067267e-05
33214,NLD_545,52.17807929999999,5.1793156,91,0.4083533104917121,2,8.158741374349426e-05
37667,PRT_60,38.802199399999985,-9.3775035,52,0.4083573016020002,2,3.704115272067267e-05
16454,DEU.9_1_359,53.618021299999995,8.7414279,43,0.4083596721918696,2,3.704115272067267e-05
53,AUT_1020,47.079137200000005,9.9048325,0,0.4083674784702286,2,3.704115272067267e-05
50752,UKR.19_1_55,51.809281899999995,26.019901200000003,98,0.4083825354199463,2,3.704115272067267e-05
4080,CHE_1125,46.0619537,6.9426387,58,0.4083917121955737,2,3.704115272067267e-05
4366,CHE_1895,46.8419894,7.347102100000001,33,0.4083995555143995,2,3.704115272067267e-05
52142,UKR.3_1_24,48.0575899,25.676429099999996,90,0.4084038059079544,2,3.704115272067267e-05
25167,GBR.1.52_1_82,53.114615699999995,0.2729912,65,0.408423372534494,2,3.7041152720672656e-05
51589,UKR.25_1_63,51.5698858,24.9227285,98,0.4084300490786184,2,3.704115272067266e-05
31524,ITA.6_1_485,44.49671390000001,11.392499399999998,80,0.4084334382813223,2,0.0002174478298705
52668,UKR.6_1_118,48.59711790000001,37.588584700000006,149,0.4084448560051856,2,3.704115272067267e-05
5549,CHE_529,46.52377529999999,6.8763091,13,0.4084498009074915,2,0.0001062535609983
44360,RUS.64_1_286,55.53036979999999,35.1331846,118,0.4084502639133253,2,3.704115272067267e-05
12921,DEU.1_1_4242,49.7861357,9.5004366,30,0.4084600611167701,2,3.704115272067267e-05
20778,FRA.12_1_66,47.6992264,-1.8702232,55,0.4085040744513382,2,3.704115272067267e-05
16683,DEU.9_1_766,52.8833599,9.3490274,43,0.4085460135197703,2,3.704115272067267e-05
26842,HRV_156,43.522049599999995,16.4557535,74,0.4085559588850819,2,3.704115272067267e-05
24595,GBR.1.36_1_48,51.3753128,-0.1960555,66,0.4085569404574498,2,3.5242788851478035e-05
5343,CHE_4452,47.3388273,8.053309099999998,12,0.4085716270025002,2,0.0001851920428792
46961,SVK_1380,48.08721140000001,18.909086899999995,131,0.4085824242985462,2,3.704115272067267e-05
27139,HRV_705,45.9828582,15.9659013,74,0.4085918233169738,2,3.704115272067267e-05
31882,ITA.8_1_735,41.6750538,12.7515899,81,0.4086113714232799,2,3.704115272067267e-05
2294,BGR_125,43.038847,22.932122600000003,129,0.4086209278636912,2,3.704115272067266e-05
36995,POL.8_1_54,50.6606642,18.0751705,95,0.4086403555884804,2,3.749935447926275e-07
19235,ESP.6_1_95,41.7324011,1.6985293,53,0.4086581535327344,2,0.000326343623458
45582,RUS.78.8_1_31,60.130630700000005,40.2043958,153,0.4086691082507639,2,3.704115272067267e-05
5754,CZE_1013,50.0883215,17.090671800000003,20,0.4086846467265488,2,3.704115272067267e-05
2096,BEL_6,50.8478545,2.876502,7,0.4086951662190944,2,3.704115272067266e-05
6985,CZE_3046,50.13028130000001,14.665233599999995,16,0.408772238170201,2,0.0002629241470161
51643,UKR.26_1_115,46.794546800000006,36.7707465,145,0.4087875173627188,2,3.704115272067267e-05
15079,DEU.4_1_87,53.21369279999999,12.2125927,38,0.4088002500231503,2,0.0001928849515533
49052,TUR_372,41.088211599999994,28.796438700000007,135,0.4088153440133346,2,1.0870243640084064e-07
24201,GBR.1.33_1_192,51.93880530000001,1.2805132,64,0.4088333827206223,2,3.704115272067266e-05
13476,DEU.2_1_1989,48.1572565,10.5922253,34,0.4088364292990091,2,3.704115272067267e-05
12174,DEU.1_1_1947,48.81020720000001,9.2540353,31,0.4088425780164829,2,0.0001481563784482
13810,DEU.2_1_2892,47.9867564,12.376364299999995,1,0.4088764330030559,2,3.704115272067267e-05
32813,MNE_3,42.1104273,19.1000162,73,0.4088961385313455,2,3.704115272067267e-05
42535,RUS.44_1_1478,56.1158282,38.094699899999995,114,0.4089094082785444,2,3.704115272067267e-05
9083,DEU.10_1_2654,51.6162275,7.9565068,44,0.4089208908232244,2,2.465981196887195e-05
43185,RUS.47_1_90,54.7927121,44.9087426,125,0.4089250208352625,2,3.704115272067267e-05
24238,GBR.1.34_1_22,54.9659675,-1.7128127000000002,62,0.4089302250208352,2,3.704115272067267e-05
36575,POL.7_1_1124,52.3444641,20.2840319,96,0.4089339568478563,2,3.704115272067267e-05
27595,HUN_1605,46.36746229999999,20.8669575,128,0.4089457820168534,2,0.0001871464829713
24864,GBR.1.41_1_37,51.725652800000006,-0.340012,63,0.4089583479951847,2,3.704115272067266e-05
29546,ITA.13_1_244,45.40520670000001,7.620036900000001,79,0.4089776831188073,2,3.704115272067267e-05
48295,SWE.15_1_29,58.913911400000025,17.942504699999997,132,0.4090174460598204,2,3.704115272067267e-05
5175,CHE_3958,45.9776134,8.876261900000001,79,0.4090191962218725,2,3.704115272067267e-05
32837,MNE_58,42.7042009,18.9710949,73,0.4090227798870266,2,3.704115272067267e-05
14813,DEU.4_1_172,52.94240170000001,12.390977699999995,38,0.4090391239929623,2,0.0001597476276986
33690,NOR.1_1_184,60.08563380000001,10.862465299999998,92,0.4090601444578201,2,3.704115272067267e-05
21934,FRA.4_1_56,47.3651631,0.8599375999999999,55,0.4090730067598852,2,0.0002441837785553
51073,UKR.21_1_77,51.352835699999986,34.2870815,152,0.4091080100009261,2,0.0001481563784482
4571,CHE_2458,46.470604499999986,7.4355201000000015,13,0.4091152791925177,2,3.704115272067267e-05
34350,POL.12_1_165,50.15806589999998,18.8207757,95,0.4091262524307806,2,6.63554555026565e-05
17159,DNK_564,57.72471470000001,10.563449499999995,45,0.4091479025835725,2,3.704115272067267e-05
27338,HUN_109,48.2346927,20.3190999,77,0.4091688860079637,2,3.704115272067267e-05
46235,RUS.8_1_371,52.3870146,33.414483000000004,140,0.4092249097138624,2,3.704115272067267e-05
31414,ITA.6_1_24,44.6597598,10.650887,80,0.4092428836003333,2,0.0002648003397511
5286,CHE_4315,47.2501129,8.1843878,12,0.4092550050930642,2,3.704115272067267e-05
25793,GBR.1.98_1_3,51.1330968,-0.6460161999999998,67,0.409258227613668,2,3.704115272067267e-05
36432,POL.6_1_443,50.07770900000001,19.5283114,99,0.4092646726548753,2,0.0001111193419447
38419,ROU.22_1_11,46.30769010000001,25.2884413,107,0.4092665061579776,2,3.704115272067267e-05
8533,DEU.10_1_1085,51.2277518,6.9532257,22,0.4092760533382721,2,3.704115272067267e-05
33033,NLD_1580,52.9024767,5.410768200000001,91,0.4092787758125752,2,3.704115272067266e-05
8089,CZE_4959,49.19392480000001,15.033467999999996,36,0.40929149921289,2,0.0003113787934755
7599,CZE_4208,49.529065399999986,15.3987253,18,0.4093072043707752,2,3.704115272067267e-05
11439,DEU.15_1_517,53.69559460000001,9.9896178,27,0.4093118529493471,2,3.704115272067267e-05
39231,ROU.37_1_32,43.733921,25.346682,106,0.4093376979349939,2,3.7041152720672656e-05
39052,ROU.33_1_48,47.4069081,23.2907993,101,0.4093489952773406,2,8.97588713645136e-05
12439,DEU.1_1_280,47.6790256,7.8460747,29,0.4093560607463652,2,3.704115272067267e-05
26724,GRC_800,38.0460142,23.766560100000003,72,0.409358570237985,2,0.000111045936071
33771,NOR.3_1_0,58.3299257,7.9270102,92,0.4093633947587739,2,3.704115272067267e-05
48531,SWE.18_1_33,64.73646170000002,16.620903600000002,133,0.4093684693027133,2,3.704115272067267e-05
5377,CHE_4567,47.392134099999986,7.8562499,12,0.4093811093619778,2,2.0377666852693828e-05
28941,ITA.10_1_1355,45.9583731,8.6740548,79,0.40938865635707,2,0.0003281263698292
48128,SWE.13_1_23,55.9441305,12.8139874,134,0.4093929715714418,2,9.0433044029217e-05
7758,CZE_4472,50.16095829999999,16.419444199999997,19,0.4093938698027595,2,3.704115272067267e-05
14429,DEU.2_1_875,47.70944119999999,11.403205599999998,1,0.4094367811834429,2,3.704115272067267e-05
12433,DEU.1_1_2780,48.9824086,8.460959800000001,31,0.4094527178442447,2,3.704115272067267e-05
9480,DEU.10_1_457,50.852706600000005,6.453205299999999,6,0.4094688952680804,2,8.180701347519994e-05
13366,DEU.2_1_1659,48.212304200000005,11.5634071,1,0.4094831280674135,2,7.722365593034768e-05
52220,UKR.4_1_165,45.0587985,35.391075300000004,148,0.409484554125382,2,3.704115272067267e-05
35556,POL.1_1_591,50.679435000000005,16.5884432,37,0.4094914066117233,2,3.704115272067267e-05
32991,NLD_1487,52.690467000000005,5.182510300000001,91,0.4094960737105287,2,0.0001111193419447
37928,ROU.11_1_8,44.9888959,27.20197139999999,104,0.4094969534216132,2,3.7041152720672656e-05
5177,CHE_396,46.8037694,6.553841500000001,13,0.4095030928789703,2,3.704115272067267e-05
3106,BLR.1_1_162,51.57853660000001,23.6077811,144,0.4095106954347625,2,3.704115272067267e-05
34086,POL.11_1_1,53.6179572,17.447313,94,0.4095107972960459,2,0.0002147879008335
51753,UKR.26_1_5,47.494774799999995,34.646506900000006,145,0.4095654412445597,2,3.704115272067267e-05
5202,CHE_4038,47.6424037,9.1623911,12,0.4095762200203722,2,9.506962292096692e-05
4316,CHE_1762,46.7055456,8.2296247,11,0.4096102046485785,2,3.704115272067267e-05
618,AUT_217,48.136624700000006,16.3132257,4,0.4096221131586258,2,3.704115272067267e-05
32212,LTU_92,54.6736526,23.441656499999997,88,0.4096496805259747,2,3.707345359190779e-05
31573,ITA.6_1_72,44.155965900000005,10.9781072,80,0.4096604593017872,2,3.704115272067267e-05
34278,POL.11_1_607,54.578115,16.862072100000002,94,0.4096656542272432,2,3.704115272067267e-05
20021,FRA.10_1_121,46.8175189,-0.6677508999999999,55,0.4096766645059728,2,0.0001853290040999
35728,POL.2_1_229,53.027264900000006,18.0205035,94,0.4096810445411613,2,3.5413862544832055e-05
50982,UKR.21_1_131,51.953822200000005,33.9432666,140,0.4096982313177145,2,0.0001111193419447
19461,ESP.8_1_63,40.3190191,-3.4777919999999996,54,0.409715158811001,2,3.704115272067266e-05
33952,NOR.8_1_0,62.447486200000014,7.833531700000001,93,0.4097195110658393,2,3.704115272067267e-05
52258,UKR.4_1_24,45.352984600000006,36.606795600000005,148,0.4097421890915825,2,3.704115272067267e-05
16238,DEU.9_1_1198,52.973826200000005,8.939521800000001,43,0.4097560422261321,2,3.704115272067267e-05
15477,DEU.7_1_1586,50.4064577,8.495015999999998,39,0.4097748865635706,2,3.704115272067267e-05
5340,CHE_4448,47.31088369999999,8.0512831,12,0.4097858690619502,2,3.704115272067267e-05
19565,ESP.8_1_966,40.5508643,-3.624061100000001,54,0.409787082137235,2,3.704115272067267e-05
22157,FRA.6_1_516,49.2056138,5.9358403,23,0.4097911751088062,2,9.79497326847728e-05
33916,NOR.7_1_3,60.2919441,5.244412,92,0.4097999536994166,2,3.704115272067267e-05
18804,ESP.5_1_386,41.982496700000006,-6.5467585999999995,52,0.4098539031391794,2,3.704115272067267e-05
44607,RUS.67_1_197,52.6093171,41.5224334,122,0.4098758218353551,2,3.704115272067267e-05
24135,GBR.1.32_1_17,50.7951266,0.0550834,68,0.4098879988887861,2,0.0001111193419447
46542,SRB_432,44.6449389,20.952627999999997,129,0.4098948421150107,2,3.704115272067267e-05
47271,SVK_210,48.4332663,17.8070613,130,0.4099050004630058,2,3.704115272067267e-05
586,AUT_2120,47.9189036,13.523657600000003,1,0.409911686267247,2,3.704115272067267e-05
29816,ITA.13_1_773,45.506281300000005,8.7178804,79,0.4099191499212889,2,3.4641452145485375e-05
20473,FRA.11_1_446,44.9424521,1.7344539,57,0.4099475506991387,2,0.0001111193419447
26389,GBR.4_1_395,53.1625354,-3.0551852000000004,63,0.4099561070469488,2,5.5815425070970013e-05
2929,BIH_107,43.8539031,18.3665596,73,0.4100172886378369,2,1.71915627772601e-05
9818,DEU.11_1_1316,49.341610900000006,7.988576900000001,24,0.4100264283729974,2,3.704115272067267e-05
18438,ESP.2_1_50,40.9765937,0.0304259999999999,53,0.4100302805815354,2,3.704115272067266e-05
47666,SVK_889,48.45480019999999,18.936763500000005,131,0.4101127604407816,2,3.704115272067267e-05
6440,CZE_2071,50.41695980000001,14.253097100000002,16,0.4101413649411983,2,4.508074564947326e-07
13724,DEU.2_1_2699,47.65186870000001,12.960270500000002,1,0.4102260579683303,2,3.704115272067267e-05
22491,FRA.7_1_366,49.256646,2.4048645,61,0.4102283266969164,2,0.0002785345864712
21321,FRA.1_1_706,45.90174329999999,5.193556099999999,58,0.4102328456338551,2,3.704115272067267e-05
35204,POL.16_1_194,54.066478700000005,16.298541399999998,94,0.4102329845356052,2,3.704115272067267e-05
4328,CHE_1792,46.86996059999999,8.372085100000001,11,0.4102468191499213,2,3.704115272067267e-05
52503,UKR.5_1_350,47.862586400000005,33.271388599999995,150,0.4102569126770998,2,3.704115272067267e-05
11401,DEU.15_1_434,54.146156700000006,9.2923925,45,0.4102744142976202,2,6.01379335746146e-06
47331,SVK_236,48.50722089999999,17.774218100000002,130,0.4102797851652931,2,3.704115272067267e-05
48657,SWE.21_1_24,58.644378800000005,13.702200800000002,134,0.4102958514677285,2,3.704115272067267e-05
19391,ESP.8_1_382,40.41028490000001,-3.6525188,54,0.4103337901657561,2,1.9353351644822375e-06
27548,HUN_1551,46.216385,18.2420186,78,0.4103537271969627,2,3.704115272067267e-05
42958,RUS.45.2_1_1,66.959715,30.473468599999997,108,0.4103558385035651,2,3.704115272067267e-05
24732,GBR.1.36_1_814,51.43924190000001,-0.0530902999999999,66,0.4103564589313825,2,2.6514396246629285e-06
15869,DEU.7_1_928,50.1439257,8.8823717,39,0.4103605611630707,2,0.0002985439522654
7907,CZE_4721,50.28306540000001,15.695293200000004,19,0.4103606630243541,2,2.86353488447552e-05
14631,DEU.3_1_521,52.45997640000001,13.384634599999996,38,0.4103643578109084,2,0.0001111193419447
22512,FRA.7_1_422,49.5269418,3.8576272,60,0.4103705620890823,2,0.0002576115215888
15836,DEU.7_1_839,49.8078097,8.9831769,30,0.4104058338735069,2,3.704115272067267e-05
15171,DEU.6_1_177,53.57281630000001,9.9890301,27,0.4104343550328734,2,0.0001642113189865
2219,BGR_0,42.814235800000006,23.097687500000003,8,0.4104356514492082,2,0.0001916796885149
2202,BEL_930,50.369036900000005,4.877039399999999,6,0.4104357070099083,2,0.0003140571748846
20114,FRA.10_1_344,45.1391195,-0.3914253999999999,55,0.4104497638670247,2,9.376880847520904e-05
51025,UKR.21_1_30,50.5892483,34.5480078,152,0.4104621539031391,2,3.704115272067267e-05
18207,ESP.1_1_222,36.4112443,-6.139076200000001,51,0.410477460876007,2,3.704115272067267e-05
6131,CZE_1684,48.644278400000005,14.286135399999996,15,0.4104795721826095,2,3.704115272067267e-05
31253,ITA.5_1_816,41.1251559,14.765671299999998,86,0.4104808037781276,2,1.960211243471894e-06
5777,CZE_1045,49.93407619999997,17.3180129,20,0.4104811371423279,2,3.704115272067267e-05
39988,RUS.17_1_1,43.2852746,44.8481822,111,0.4104811371423281,2,3.704115272067267e-05
15354,DEU.7_1_1188,49.860868700000005,8.687600400000001,39,0.4104918510973236,2,0.0001481563784482
33483,NOR.12_1_229,59.9800631,10.665297299999995,92,0.4104999259190666,2,3.704115272067267e-05
9956,DEU.11_1_40,49.7084721,6.537138199999999,25,0.4105117140475969,2,0.0001111193419447
29024,ITA.10_1_1665,45.8266318,8.777184400000001,79,0.4105699787017317,2,0.000109018591423
1083,AUT_3471,48.2076745,16.1901121,4,0.410581424205945,2,0.0002255547289994
22565,FRA.7_1_574,49.64868250000001,3.6677193,60,0.4105998333178998,2,8.844034665716382e-05
9173,DEU.10_1_289,50.6527973,6.492060400000001,6,0.4106138068339661,2,3.704115272067267e-05
33199,NLD_492,52.0775688,4.382029,91,0.4106209834243912,2,7.879180241345194e-08
34372,POL.12_1_215,50.3305194,19.157934199999993,95,0.4106425872765997,2,5.80354646688052e-05
4169,CHE_1363,46.6192166,6.9899801,13,0.4106445967219187,2,4.865094910267819e-06
24657,GBR.1.36_1_626,51.60769440000001,-0.2946214,66,0.4106608667469211,2,3.704115272067266e-05
2783,BGR_816,43.6898724,24.7724712,105,0.4106612834521715,2,3.704115272067267e-05
47272,SVK_2101,48.518985,17.975616900000002,130,0.4106640429669413,2,3.704115272067267e-05
45355,RUS.77_1_298,48.703360800000006,44.5051923,121,0.410664339290675,2,3.704115272067267e-05
14347,DEU.2_1_679,47.614555800000005,10.6204675,14,0.4106650430595425,2,3.704115272067267e-05
31387,ITA.6_1_189,44.76112289999999,10.6755311,80,0.4106651078803592,2,0.0001645221942377
20885,FRA.13_1_337,43.7407214,5.073323499999999,56,0.4106797573849431,2,2.881433852934577e-06
7315,CZE_3613,50.14000110000001,13.6345927,16,0.4106895823687378,2,3.704115272067267e-05
48414,SWE.15_1_552,59.38362590000001,17.8981821,133,0.4106934993980924,2,6.098114465655023e-05
10414,DEU.13_1_397,51.2886939,11.884753899999998,28,0.4107014075377349,2,3.3291950039174565e-05
15338,DEU.7_1_1136,50.215138499999995,8.5434218,39,0.4107097231225114,2,3.704115272067267e-05
25223,GBR.1.58_1_85,55.02793150000001,-1.7036592000000002,69,0.4107250578757291,2,3.704115272067266e-05
52837,UKR.6_1_299,47.97535350000001,38.034831,151,0.4107535049541623,2,3.704115272067267e-05
29045,ITA.10_1_1732,45.5448594,10.2203296,80,0.4107613853134549,2,0.0002222263352379
39764,ROU.8_1_45,45.617780800000006,25.479860299999995,107,0.41076284841189,2,0.0001851920428792
29837,ITA.16_1_117,42.56467500000001,11.164689,81,0.4107824242985461,2,3.704115272067267e-05
12034,DEU.1_1_1542,48.86765689999999,9.6322895,31,0.4107868321140847,2,3.704115272067267e-05
9089,DEU.10_1_2671,51.77037309999999,6.607876200000001,91,0.4107877210852857,2,3.704115272067267e-05
42501,RUS.44_1_1383,55.8791703,37.487406,114,0.4107976849708306,2,3.704115272067266e-05
2778,BGR_810,43.618057500000006,25.305283,105,0.4108077414575424,2,3.704115272067267e-05
29038,ITA.10_1_171,45.4573112,10.4867467,80,0.4108083063246597,2,1.0093436823987043e-05
23706,GBR.1.114_1_7,53.3302771,-2.9902234,62,0.4108113343828132,2,3.704115272067267e-05
36865,POL.7_1_894,51.8518369,21.5906213,144,0.4108230669506436,2,0.000288199482048
22523,FRA.7_1_45,50.172415400000006,1.5371176999999998,60,0.41083430873229,2,3.704115272067267e-05
34127,POL.11_1_185,54.62922130000002,18.793464899999996,94,0.410851217705343,2,3.704115272067267e-05
15976,DEU.8_1_307,53.2810476,12.886745899999998,41,0.4108675710713954,2,3.704115272067267e-05
53955,__tmp_RUS.78.30_1__79,59.121784600000005,37.807726300000006,153,0.4108721826095009,2,3.6894318105309166e-05
25759,GBR.1.98_1_146,51.4130532,-0.4310291,67,0.4108820816742291,2,3.704115272067267e-05
45120,RUS.76_1_135,55.6186947,40.650111200000005,125,0.4108847208074822,2,0.0001825758260817
17487,ESP.10_1_508,39.57891329999999,-0.3300548,47,0.4109120381516808,2,3.7041152720672656e-05
43102,RUS.47_1_353,56.2990422,43.9382673,125,0.4109133067876655,2,0.0002592592555241
48222,SWE.15_1_138,59.3249822,17.973770899999998,132,0.4109321696453374,2,0.0002592592555241
30374,ITA.20_1_185,45.609372400000005,12.0005312,2,0.4109541994629133,2,7.560876021621757e-05
888,AUT_2912,46.8781061,15.8886378,5,0.4109680803778127,2,3.704115272067267e-05
52260,UKR.4_1_246,45.2137783,33.3716434,148,0.4110144735623668,2,3.704115272067267e-05
37,ALB_52,41.0601023,20.6341213,73,0.4110299564774515,2,3.704115272067267e-05
34937,POL.15_1_409,52.4685688,16.9795775,37,0.4110382257616445,2,0.0001292335991456
29060,ITA.10_1_1759,45.47597829999999,9.1290325,79,0.4110669876840448,2,3.704115272067266e-05
7643,CZE_4326,49.689529799999995,14.9695032,16,0.4111313454949533,2,3.704115272067267e-05
39354,ROU.38_1_73,45.8333601,21.3070614,102,0.4111518288730438,2,3.704115272067266e-05
4012,BLR.7_1_70,53.9387279,27.666643200000003,10,0.4111547735901472,2,3.704115272067267e-05
16682,DEU.9_1_765,52.894408000000006,9.2919695,43,0.4111563292897491,2,0.0001481563784482
28996,ITA.10_1_157,44.997030800000005,11.017468699999998,80,0.4111723307713678,2,0.0001016512861444
8724,DEU.10_1_161,51.5063741,7.5454719,44,0.4111741735345865,2,3.704115272067266e-05
39312,ROU.38_1_25,45.3962549,21.0522784,102,0.4111827576627466,2,0.0002775253105475
4159,CHE_1329,47.222775,7.1043394000000015,33,0.4111891471432539,2,7.293176625817106e-05
29247,ITA.10_1_53,45.117276800000006,8.7991296,79,0.4111912214093897,2,1.512886424718848e-05
14399,DEU.2_1_79,49.86685369999999,10.1654025,39,0.4111942216871933,2,3.704115272067267e-05
38848,ROU.2_1_5,46.118123399999995,20.84098999999999,102,0.4112069358273915,2,3.704115272067267e-05
37362,PRT_1386,41.16115520000001,-8.6042878,100,0.4112403555884804,2,0.0001481563784482
37344,PRT_1342,41.105812199999995,-8.591169099999998,100,0.411249699046208,2,3.704115272067267e-05
17591,ESP.12_1_136,42.41471549999999,-6.9119318000000005,48,0.411315158811001,2,3.704115272067267e-05
35008,POL.15_1_560,53.5998378,16.779828600000002,94,0.4113191684415224,2,0.0001009253741139
24877,GBR.1.41_1_69,51.80798080000001,-0.0287596,64,0.4113272895638485,2,3.704115272067266e-05
52939,UKR.6_1_404,47.9999399,37.3442024,149,0.4113446522826187,2,3.704115272067267e-05
26311,GBR.4_1_250,52.383750000000006,-3.8695391,63,0.4113780720437077,2,3.704115272067266e-05
28913,ITA.10_1_1281,45.829188900000005,9.2256027,79,0.411401981664969,2,0.0001111193419447
33740,NOR.1_1_93,59.940845999999986,10.6164305,92,0.4114037596073711,2,3.704115272067267e-05
44984,RUS.72_1_4,55.984234400000005,32.3239375,89,0.4114549032317807,2,3.704115272067267e-05
25273,GBR.1.60_1_20,53.6766712,-0.3374071,65,0.4114699694416149,2,0.0001111193419447
911,AUT_2971,47.959639300000006,13.605818599999996,3,0.4114781090841745,2,3.704115272067267e-05
34180,POL.11_1_339,53.92430630000001,19.0211281,97,0.4114805815353273,2,7.22577903245497e-06
25031,GBR.1.48_1_131,53.67686990000001,-2.3157744,65,0.4114864987498843,2,3.7041152720672656e-05
29493,ITA.13_1_148,45.1012272,8.3076355,79,0.4114877766459858,2,7.706528906076619e-05
14788,DEU.4_1_1086,52.2495867,14.5695256,37,0.4114929715714417,2,0.0001152364579492
38143,ROU.16_1_30,46.05658159999999,26.2565354,107,0.4114950087971108,2,3.704115272067267e-05
31171,ITA.5_1_657,40.960801999999994,14.210805999999998,86,0.4115015464394851,2,3.704115272067267e-05
26856,HRV_174,45.2413445,18.731606600000003,128,0.4115058153532733,2,0.0001481563784482
18305,ESP.1_1_508,37.1958566,-3.615492,51,0.4115341327900731,2,1.849267755473856e-05
28146,HUN_2640,46.61736799999999,19.865327599999997,128,0.4115641818686915,2,0.0002635033932793
25463,GBR.1.75_1_14,54.5873806,-1.0195165000000002,69,0.4115785350495416,2,3.704115272067266e-05
18331,ESP.1_1_586,36.6917962,-4.455916800000001,51,0.4115812019631447,2,3.704115272067267e-05
53548,UKR.9_1_22,45.9673571,34.487011,148,0.4115882211315863,2,3.704115272067267e-05
7571,CZE_4134,49.88117,16.2926855,19,0.4115988610056488,2,3.704115272067267e-05
17836,ESP.16_1_382,43.3288345,-3.0342468,49,0.4115998055375497,2,3.704115272067267e-05
38905,ROU.31_1_0,43.8644276,24.441522399999997,106,0.4116055375497731,2,3.704115272067267e-05
17714,ESP.16_1_12,43.302980600000005,-3.0169132000000003,49,0.4116102879896286,2,0.0001481405996155
18554,ESP.3_1_9,43.2820063,-3.4383209000000003,50,0.4116317436799703,2,3.704115272067266e-05
2089,BEL_581,50.6456676,4.565550699999999,60,0.4116528937864617,2,0.0001017313349589
52753,UKR.6_1_201,48.4574087,37.783110699999995,151,0.4117548661913139,2,0.0001176044635613
50074,UKR.15_1_235,48.295433499999994,39.8615189,126,0.4117727937772016,2,3.704115272067267e-05
3863,BLR.6_1_241,55.701321400000005,27.580695999999996,89,0.41178857301602,2,3.704115272067267e-05
4614,CHE_2567,47.50592709999999,8.3807976,12,0.4117982868784146,2,3.704115272067267e-05
33513,NOR.12_1_296,59.9638324,10.7348835,92,0.4118309565700527,2,3.704115272067267e-05
15102,DEU.4_1_94,53.1074081,12.2695327,38,0.4118913695712566,2,3.882793401196955e-06
27855,HUN_1947,46.5909683,20.628331399999993,128,0.4119039818501713,2,7.190771514101612e-05
13600,DEU.2_1_2371,49.9575029,11.700175200000002,17,0.4119337438651727,2,3.704115272067267e-05
12950,DEU.1_1_483,48.2112661,8.771648899999999,14,0.4119389480507454,2,3.704115272067267e-05
1259,AUT_503,47.7046357,15.823835699999998,3,0.4119495138438744,2,3.704115272067267e-05
41858,RUS.4.19_1_24,62.8798731,40.855805800000006,113,0.4119506898786924,2,3.704115272067267e-05
24650,GBR.1.36_1_61,51.40326369999999,-0.2053113999999999,66,0.4119658023891102,2,3.9479077131910694e-05
9383,DEU.10_1_3498,52.0701901,9.1087507,43,0.4119843596629318,2,3.704115272067267e-05
37354,PRT_1371,41.17460210000001,-8.6036568,100,0.4119939068432262,2,3.704115272067267e-05
25442,GBR.1.6_1_9,53.787882,-3.0538832,62,0.4119939901842763,2,3.7041152720672656e-05
32366,LVA_26,56.6805926,22.012514199999995,88,0.4120137697934994,2,3.704115272067267e-05
4397,CHE_1964,46.9341247,7.5595113,33,0.4120141031576998,2,0.0001199313792493
11994,DEU.1_1_1445,48.579474,9.3717909,14,0.4120237058986943,2,3.704115272067267e-05
18060,ESP.17_1_285,43.565796,-5.7288343,50,0.4120343457727567,2,3.704115272067266e-05
22400,FRA.7_1_127,50.7289755,2.734818,60,0.412049726826558,2,3.4759167630015275e-08
32327,LVA_18,57.3590757,27.0313555,88,0.4120564681914992,2,3.704115272067267e-05
19334,ESP.8_1_189,40.3510057,-3.692813600000001,54,0.412078609130475,2,6.45458418279847e-07
28800,HUN_999,45.891360199999994,18.3941281,78,0.4120847856282988,2,0.0002805781512183
52507,UKR.5_1_354,47.8331743,33.344207299999994,150,0.4120925733864246,2,3.704115272067267e-05
22367,FRA.7_1_1185,50.62623550000001,3.0402998,60,0.4121023335494027,2,3.489000698312987e-05
9967,DEU.11_1_424,50.43250130000002,7.1688631,25,0.4121069543476248,2,3.704115272067267e-05
23664,GBR.1.111_1_6,53.5789003,-2.7203856,62,0.4121232799333271,2,0.0001551922370034
35125,POL.15_1_858,52.2101024,16.823652900000003,37,0.4121304194832855,2,0.0002728344732393
15920,DEU.8_1_171,54.16940019999999,12.0860056,41,0.4121579220298176,2,3.704115272067267e-05
44726,RUS.70_1_215,54.110248799999994,37.9059518,119,0.4121648393369755,2,3.704115272067267e-05
29485,ITA.13_1_137,45.01281339999999,8.217034,79,0.4121982405778312,2,8.201442414713491e-05
12419,DEU.1_1_2737,48.869311,8.5111114,32,0.412199509213816,2,3.704115272067267e-05
40535,RUS.26.24_1_4,61.6823007,30.563110800000004,109,0.4122159922215019,2,3.704115272067267e-05
21694,FRA.3_1_229,48.0965816,-1.6984814,55,0.4122159922215019,2,3.704115272067267e-05
8994,DEU.10_1_2398,51.535802999999994,7.226375399999999,44,0.4122166033892028,2,0.0001034836293125
46549,SRB_441,45.0557832,21.0162563,102,0.4122177701639041,2,3.704115272067266e-05
23912,GBR.1.22_1_140,54.2825661,-2.3636342999999997,62,0.4122217242337253,2,3.704115272067267e-05
24865,GBR.1.41_1_38,51.7498656,-0.3277913999999999,66,0.412236003333642,2,3.704115272067267e-05
52212,UKR.4_1_137,45.794640599999994,34.425552100000004,148,0.4122575979257339,2,0.0001481563784482
25911,GBR.3_1_252,55.8752484,-4.293392699999999,70,0.4122725067135846,2,6.700286918154262e-08
22471,FRA.7_1_301,49.50378949999998,1.9883927,60,0.4122728215575517,2,3.704115272067267e-05
28173,HUN_2693,46.690236299999995,19.922204199999996,128,0.4122972682655802,2,0.0001314372973429
47786,SVN_192,45.6694824,14.837785200000004,75,0.4122997314566164,2,3.704115272067267e-05
20439,FRA.11_1_348,43.620497099999994,1.4358049999999996,57,0.412300601907584,2,7.183828709356976e-07
9335,DEU.10_1_337,50.773546499999995,6.2238432,6,0.4123142883600333,2,9.11461750279586e-05
19547,ESP.8_1_90,40.4042665,-3.608991800000001,54,0.412348837855357,2,0.0001105129250385
38583,ROU.24_1_63,47.40602229999999,26.9495775,90,0.4123753032688211,2,3.704115272067267e-05
17115,DNK_456,57.58527350000001,9.976279299999998,45,0.4123927400685249,2,3.704115272067267e-05
37648,PRT_549,38.571575,-8.8727785,52,0.4124050560237059,2,0.0001851920428792
2519,BGR_454,42.5881868,23.6645224,8,0.4124078710991757,2,6.860362032239855e-10
25913,GBR.3_1_256,55.8503817,-4.2878813000000005,70,0.4124272803037317,2,8.603764927731467e-05
33559,NOR.13_1_42,58.9560163,5.742256800000001,92,0.4124571349199,2,3.704115272067267e-05
31259,ITA.5_1_829,41.211604,14.7876403,86,0.4124832854893971,2,0.0002281000400027
23020,FRA.8_1_2052,48.8429053,2.3522771999999996,61,0.4125042689137883,2,2.540463043575758e-05
7733,CZE_4440,49.8772867,15.562454400000002,18,0.4125205018983239,2,3.704115272067267e-05
9364,DEU.10_1_3454,52.0224264,8.8946885,43,0.4125402537271969,2,0.000296290803738
3695,BLR.5_1_166,54.2627425,26.770113499999994,10,0.4125418372071488,2,0.0003423621771972
48361,SWE.15_1_447,59.272883799999995,18.2852324,132,0.4125561533475321,2,3.704115272067267e-05
10808,DEU.14_1_1403,50.8681606,13.3799284,26,0.4125611352903046,2,0.0003333209798794
52155,UKR.3_1_36,48.1828319,25.3735763,90,0.4125652097416428,2,3.704115272067267e-05
22602,FRA.7_1_688,50.169404,2.7880486,60,0.4125800722289101,2,0.0001703457810921
9141,DEU.10_1_2801,51.98238110000001,7.226415600000001,44,0.4125850541716825,2,0.0002304789510515
24253,GBR.1.35_1_7,51.75326449999999,-2.5520737,63,0.4125985276414482,2,3.704115272067267e-05
41749,RUS.39_1_246,53.387716899999994,38.8212717,122,0.4126039725900547,2,3.704115272067267e-05
34909,POL.15_1_314,52.5407088,18.013485199999998,94,0.4126242244652283,2,3.704115272067267e-05
8279,CZE_582,49.2463332,17.289696900000003,18,0.4126496990462079,2,3.704115272067267e-05
24715,GBR.1.36_1_755,51.540217000000005,0.1254140999999999,64,0.4126544772664136,2,0.0001693764890273
9056,DEU.10_1_2564,51.5093023,7.0072847000000005,44,0.4126696360774146,2,6.731754730195216e-05
27179,HRV_779,43.72005729999999,15.9069341,74,0.4126816649689785,2,3.704115272067267e-05
9260,DEU.10_1_3161,51.55024030000001,7.3107971,44,0.4126827854430965,2,9.795970835616232e-05
37870,ROU.10_1_43,44.4338933,26.0041277,104,0.4127001944624502,2,0.0001936097660232
48893,SWE.7_1_90,57.67883740000001,14.087231,134,0.4127157884989351,2,5.470122243736837e-05
22544,FRA.7_1_504,49.0954635,2.744163199999999,60,0.4127298268358181,2,1.0580903179183264e-05
17093,DNK_407,55.983271300000006,10.1540398,45,0.4127443003981849,2,3.704115272067267e-05
33731,NOR.1_1_70,59.80691699999998,10.4362352,92,0.4127578109084174,2,0.0001111193419447
9053,DEU.10_1_2554,51.4958722,7.008419500000001,44,0.4127596814519862,2,6.766313154785043e-06
28125,HUN_2618,46.2333986,19.5772078,128,0.4127854616168163,2,0.0002383926901743
13785,DEU.2_1_284,49.56935780000001,11.338702499999998,34,0.4128060098157237,2,3.704115272067267e-05
25993,GBR.3_1_434,56.195592000000005,-3.0118575,70,0.4128078803592925,2,3.704115272067267e-05
27860,HUN_1952,46.5406746,20.6774444,128,0.4128331975182887,2,0.0001462079282839
11843,DEU.1_1_1091,49.5269344,8.6572258,24,0.4128461431614039,2,0.0002049911810301
32066,LTU_103,54.9017033,24.2208195,88,0.4128951106583943,2,2.979872534643771e-05
8071,CZE_4938,50.5266374,15.570640800000003,19,0.4129096675618113,2,0.0001631578198092
12633,DEU.1_1_3318,48.980877799999995,8.4038185,32,0.412954551347347,2,9.2565492828606e-05
31255,ITA.5_1_82,40.5707549,15.355622800000004,85,0.4129552551162145,2,3.704115272067267e-05
6504,CZE_2173,50.0500161,14.3421618,16,0.4129769423094731,2,0.0001481563784482
23443,FRA.9_1_236,49.17475890000001,1.3526064,61,0.4129898231317715,2,4.986404941782336e-05
27632,HUN_1650,47.2355937,21.101909000000003,77,0.4129905176405223,2,0.0001329898305435
20254,FRA.10_1_699,45.6995285,1.347238,57,0.4130134456894157,2,0.0002546706051885
13757,DEU.2_1_2774,47.8268196,12.3217135,1,0.413014584683767,2,0.0001111193419447
29220,ITA.10_1_450,46.196132199999994,10.1303236,79,0.4130196592277063,2,3.704115272067267e-05
26360,GBR.4_1_36,51.68690839999999,-3.3371036000000003,63,0.4130370867672933,2,0.0001111193419447
50275,UKR.16_1_68,46.9597101,32.755697500000004,136,0.4130628113714232,2,0.0001929252233907
13659,DEU.2_1_2532,48.166674,12.7279843,1,0.4130676914529123,2,3.704115272067267e-05
25635,GBR.1.89_1_5,54.98667609999999,-1.4320475,69,0.413080331512177,2,3.7041152720672656e-05
48271,SWE.15_1_225,59.29836139999999,17.998199599999996,132,0.4130980275951478,2,0.0001111193419447
136,AUT_1240,47.3496895,11.701645599999996,0,0.4131085285674599,2,1.0830951726420734e-05
15669,DEU.7_1_448,51.128197400000005,9.175583199999998,40,0.4131125567182147,2,3.7041152720672656e-05
4700,CHE_2743,46.24458859999999,10.1316004,83,0.4131318733216038,2,3.704115272067267e-05
21736,FRA.3_1_324,48.4161737,-1.7277371,55,0.4131478285026391,2,0.0003334082894202
2077,BEL_542,50.409638,4.5203405,60,0.4131717288637836,2,6.876677702114584e-05
21656,FRA.3_1_148,47.665370800000005,-2.7526419999999994,55,0.413178840633392,2,0.0001133165196993
39855,RUS.14_1_193,59.90534029999998,30.3385574,116,0.4131810723215112,2,3.704115272067267e-05
30730,ITA.2_1_586,41.0456951,16.743603200000003,84,0.4131972312251134,2,2.625184474613714e-05
20888,FRA.13_1_348,43.92640839999999,4.996303899999999,56,0.4131993517918325,2,3.4527027330388696e-06
42828,RUS.44_1_66,55.58617029999999,37.4337938,124,0.4132082692841929,2,3.407204104500768e-05
26155,GBR.3_1_875,55.84207710000001,-4.399533300000001,70,0.4132271691823316,2,3.704115272067267e-05
14991,DEU.4_1_65,52.7892779,14.037261,38,0.41327720159274,2,3.704115272067267e-05
46218,RUS.8_1_341,53.41147910000001,33.2698053,123,0.413277923881841,2,3.704115272067267e-05
25247,GBR.1.59_1_60,52.766941999999986,1.2913606999999998,64,0.4132871469580516,2,3.704115272067266e-05
27422,HUN_1248,47.19951810000001,18.9449129,76,0.4132881933512362,2,3.704115272067266e-05
19966,FIN.5.6_1_28,61.442789200000014,23.8583328,109,0.4132901101953884,2,3.704115272067267e-05
28160,HUN_2665,47.346375300000005,19.873559799999995,76,0.4133177794240207,2,0.0002709006399599
31997,ITA.9_1_229,44.482858699999994,8.899735499999998,87,0.4133358273914251,2,6.126708762531023e-05
52769,UKR.6_1_219,48.6042378,37.883794499999986,141,0.4133570423187332,2,3.704115272067267e-05
1531,AUT_953,48.3253066,16.6710568,4,0.4133679414760626,2,0.0001158918323698
10475,DEU.13_1_554,52.5475026,11.960552600000002,43,0.4133790813964256,2,3.704115272067267e-05
5501,CHE_4980,47.351597600000005,8.5262233,12,0.4133794425409761,2,0.0001546076744513
8970,DEU.10_1_23,51.148042199999985,6.328213600000001,22,0.4133834429113807,2,0.0001111193419447
17545,ESP.11_1_5,38.723933300000006,-5.2270196,52,0.4133886378368367,2,3.704115272067267e-05
23253,FRA.8_1_499,48.9054589,2.2687547,61,0.4133976108898973,2,7.118738052388398e-06
30721,ITA.2_1_536,41.11667719999999,16.786299699999997,84,0.4134073803129919,2,3.704115272067267e-05
52624,UKR.5_1_73,48.4074773,34.9915837,150,0.413407435873692,2,0.0001687761988831
21566,FRA.2_1_478,46.450963900000005,4.8840514,59,0.4134242244652283,2,3.704115272067267e-05
4168,CHE_1361,46.854679899999994,6.9857160999999985,33,0.413443726270951,2,0.0003395894243932
4166,CHE_1359,46.8185761,6.977471,13,0.4134625798685064,2,0.0003122229088128
15978,DEU.8_1_309,53.2869233,12.9629075,41,0.4135027317344198,2,0.0001111193419447
50263,UKR.16_1_55,46.9838293,32.996015799999995,136,0.4135067784054079,2,0.0001111193419447
35440,POL.1_1_309,51.355875700000006,15.170268499999995,37,0.4135181313084545,2,4.8688139471518345e-05
31062,ITA.5_1_303,40.745993899999995,14.5230198,86,0.4135248819335123,2,1.8975194794010868e-05
17226,DNK_744,55.9635979,11.852687,46,0.4135423928141494,2,3.704115272067267e-05
30478,ITA.20_1_515,45.0754632,12.2397212,2,0.4135460783405871,2,0.0001111193419447
23990,GBR.1.25_1_57,53.160645900000006,-1.5946060000000002,65,0.4135495786646911,2,3.704115272067266e-05
31534,ITA.6_1_513,44.78023749999999,11.840157,80,0.4135850171312158,2,2.118523353409845e-07
4463,CHE_2157,46.9990837,7.2060270000000015,33,0.4135975923696638,2,1.567720876491583e-05
19052,ESP.6_1_351,41.367684299999986,2.1027358,53,0.4135990739883322,2,4.8022534225679e-09
7322,CZE_3622,49.884855400000006,12.975548600000002,17,0.4136143161403834,2,3.704115272067267e-05
20425,FRA.11_1_312,43.58351929999999,1.4151497999999998,57,0.413629799055468,2,0.0001851920428792
37693,PRT_673,37.1900762,-7.4483465,52,0.4136392536345958,2,3.704115272067267e-05
7995,CZE_4841,50.4174334,16.171637500000003,19,0.4136419483285489,2,0.000130542350897
4550,CHE_2407,46.839248299999994,7.617890900000001,33,0.4136602740994536,2,0.0001906044424978
40032,RUS.1_1_1,44.313239200000005,40.19275069999999,111,0.4136902768774886,2,3.704115272067267e-05
15720,DEU.7_1_573,50.45083780000001,9.8494484,40,0.4136922955829243,2,3.704115272067267e-05
4743,CHE_2812,46.78764320000001,10.2579606,83,0.4136939068432261,2,3.704115272067267e-05
30222,ITA.19_1_0,45.7572364,7.033988899999999,79,0.4137062413186407,2,3.704115272067267e-05
8514,DEU.10_1_1,50.9804992,8.142949199999999,40,0.4137143068802666,2,0.0001564207195466
25616,GBR.1.87_1_4,51.18076710000001,-2.4983835,67,0.4137154088341513,2,3.704115272067267e-05
31070,ITA.5_1_318,40.8098814,14.3358073,86,0.4137259561070469,2,1.283840745878979e-05
28857,ITA.10_1_1129,45.7524232,9.1302739,79,0.4137287619224001,2,0.00014596745974
5492,CHE_4955,47.36493439999999,8.495370499999998,12,0.413738383183628,2,0.0001481563784482
6491,CZE_2143,50.26007029999999,14.422255100000005,16,0.4137404111491804,2,0.0002799227057025
14196,DEU.2_1_3970,49.40122950000001,11.1358593,34,0.4137615797759051,2,3.704115272067267e-05
5188,CHE_3991,45.99710910000001,8.9335672,79,0.4137640429669414,2,0.0003333209798794
228,AUT_1435,47.1619376,11.354577099999997,0,0.4137645430132418,2,3.704115272067267e-05
48681,SWE.21_1_293,57.8877224,12.474302500000002,134,0.4137645893138252,2,3.012940167656881e-05
49477,UKR.12_1_58,50.2056512,30.5944304,139,0.4137659042503935,2,3.704115272067267e-05
24703,GBR.1.36_1_715,51.49101760000001,0.1181836999999999,66,0.4137799981479767,2,1.4511953299645882e-05
19620,EST_14,59.11917610000001,24.3120598,115,0.4138017038614687,2,3.704115272067267e-05
51832,UKR.27_1_140,50.30038770000001,28.623496000000003,146,0.4138067506250579,2,0.0001115653142913
4093,CHE_1149,46.3532932,7.100686099999999,11,0.4138188813779053,2,0.0002592592555241
11913,DEU.1_1_1253,48.1387963,9.2140453,14,0.4138227798870265,2,0.0002724726672008
21642,FRA.3_1_127,48.4803156,-3.2738022999999994,55,0.4138381424205944,2,0.0002592592555241
22938,FRA.8_1_1824,48.88707719999999,2.3866400000000008,61,0.4138535419946291,2,3.0247458706610393e-07
28107,HUN_2586,46.9134157,19.630828699999995,128,0.4138926104268913,2,0.0002522040910052
22916,FRA.8_1_1764,48.9219511,2.5164559000000004,60,0.4138947309936105,2,5.518887605313754e-05
27868,HUN_1961,46.3530335,20.7406009,128,0.4139103898509121,2,4.081915409182717e-08
8707,DEU.10_1_1557,51.2177908,7.306089900000001,22,0.4139318362811372,2,3.704115272067267e-05
29042,ITA.10_1_1725,45.521667699999995,10.2128527,80,0.4139536716362627,2,0.0002222263352379
34198,POL.11_1_374,54.332369899999975,18.9661872,97,0.4139618575794054,2,3.704115272067267e-05
25186,GBR.1.55_1_10,51.3523741,0.4451217999999999,68,0.4139735438466524,2,0.0002324843165705
23113,FRA.8_1_2530,48.8366681,2.7098857,59,0.4139796370034262,2,9.02992904435792e-05
28297,HUN_2928,47.2858877,16.6000297,5,0.4140099453653115,2,0.0002222263352379
15875,DEU.7_1_942,50.2698007,8.9233764,39,0.4140382072414112,2,0.0001114596250364
8983,DEU.10_1_2362,51.49694560000002,7.4599891,44,0.4140383461431615,2,7.815912458158982e-09
25227,GBR.1.59_1_16,52.5910486,1.0518284,64,0.4140544587461802,2,0.0001481563784482
5237,CHE_4171,47.17033689999999,7.565195600000001,33,0.4140813316047783,2,8.858436687582615e-05
31017,ITA.5_1_189,40.7552719,14.4079389,86,0.4140858875821836,2,2.519467820222912e-05
42906,RUS.44_1_879,55.7867478,38.4609219,124,0.4140917399759237,2,0.0001111193419447
35745,POL.2_1_27,52.3601444,19.1594923,94,0.414109732382628,2,0.0002364109933513
9097,DEU.10_1_2684,51.8097016,6.9059116000000005,44,0.4141187887767386,2,3.704115272067267e-05
19759,FIN.2.1.4_1_4,66.6176468,26.684415,109,0.4141254560607462,2,3.704115272067267e-05
19991,FIN.5.7_1_3,61.310236200000006,22.1319868,109,0.4141415686637651,2,3.704115272067267e-05
20033,FRA.10_1_15,43.56868670000001,-1.4571155999999998,57,0.4141418279470321,2,5.667619489314627e-06
12606,DEU.1_1_3239,48.6772636,9.0103697,32,0.4141448467450689,2,0.0003333209798794
15345,DEU.7_1_1168,50.28004670000001,8.7671883,39,0.4141518751736273,2,8.778495434112884e-05
48454,SWE.16_1_40,60.0253707,17.730880000000003,133,0.414158570237985,2,0.000155068552548
4457,CHE_2146,47.0205392,7.148156900000001,33,0.4142043892953052,2,0.0001132426853923
11609,DEU.16_1_405,51.230243900000005,11.1364498,28,0.414220900083341,2,0.0002097483213363
20009,FIN.5.9_1_3,61.0502345,24.3664063,109,0.414222622465043,2,2.220664268574298e-05
9199,DEU.10_1_2978,51.5133701,7.515235700000002,44,0.4142268635984814,2,4.255203641696735e-05
51211,UKR.23_1_10,47.9604449,23.8777346,101,0.4142319474025372,2,3.704115272067267e-05
6744,CZE_2624,50.2373109,14.4991652,16,0.4142371793684601,2,0.0001111193419447
15380,DEU.7_1_1275,50.2149909,8.649602100000001,39,0.4142586720992685,2,3.704115272067267e-05
35231,POL.16_1_241,53.8068348,16.8661678,94,0.4142640337068247,2,0.0003403891578756
29111,ITA.10_1_233,45.1782515,9.2199351,79,0.4142824335586629,2,6.063434015817154e-05
52755,UKR.6_1_205,48.4743682,37.818876999999986,151,0.4142924159644412,2,0.000337225886466
21640,FRA.3_1_124,48.76187300000001,-3.1181395999999992,55,0.414303389202704,2,3.704115272067267e-05
18231,ESP.1_1_276,37.38165700000001,-5.966742299999998,51,0.414373182702102,2,0.0003333209798794
29064,ITA.10_1_1771,45.489479,9.1271724,79,0.4143746087600704,2,4.554932973815131e-05
20376,FRA.11_1_2,43.65001150000001,0.7891871999999999,57,0.4143833595703306,2,0.0001103919060664
11494,DEU.16_1_157,50.9454488,10.429057599999998,28,0.4143981757570145,2,3.704115272067267e-05
12053,DEU.1_1_16,48.75020460000001,8.5462193,31,0.4144574775442171,2,3.704115272067267e-05
21649,FRA.3_1_137,47.7595379,-3.1256056,55,0.4144592462265025,2,0.0003337872558188
41788,RUS.39_1_88,52.5682795,39.691985300000006,127,0.4144693490137976,2,2.2867873440799527e-10
2149,BEL_778,50.8489121,4.458546200000001,7,0.4144753588295212,2,3.704115272067267e-05
40345,RUS.23_1_70,54.0990807,34.333278,123,0.4144801926104269,2,0.0003333209798794
48733,SWE.2_1_3,60.03230539999999,15.642201300000002,133,0.4144947217334938,2,7.37832497869745e-05
31924,ITA.8_1_79,41.783561199999994,12.6260339,81,0.4145067784054079,2,0.0001851920428792
5264,CHE_4246,47.2124016,7.5455324,33,0.4145192703028059,2,0.0001890194767647
6426,CZE_2054,50.5409923,14.131336,16,0.4145345494953236,2,0.0002945914741329
146,AUT_1266,47.4142646,11.762958499999996,0,0.4145373645707937,2,0.0001111193419447
13675,DEU.2_1_2568,47.8383326,12.639915199999995,1,0.4146329104546717,2,0.0001851920428792
12241,DEU.1_1_2157,48.8235473,9.0673167,32,0.4146335957033059,2,3.704115272067267e-05
9200,DEU.10_1_298,50.5830511,6.7691953,22,0.4146490415779237,2,3.704115272067267e-05
40120,RUS.21_1_176,54.6443428,19.8966892,88,0.4146535049541624,2,3.704115272067267e-05
44418,RUS.64_1_429,53.94316430000001,33.241556800000005,123,0.4146681822390962,2,3.704115272067267e-05
23030,FRA.8_1_2143,48.9464801,2.3165166,61,0.4146707472914158,2,8.144883151800203e-08
48939,SWE.8_1_60,57.382173900000005,15.7550005,134,0.4146778775812575,2,0.0002592592555241
10217,DEU.12_1_187,49.5240063,7.2731761,24,0.414708380405593,2,3.704115272067267e-05
26516,GRC_227,38.8899857,22.405012599999996,72,0.4147148347069173,2,0.000296290803738
9553,DEU.10_1_642,51.1331097,6.9081155,22,0.4147289100842671,2,2.840750667886785e-05
32933,NLD_1225,52.222205300000006,6.889550399999999,44,0.4147301879803685,2,3.704115272067267e-05
41581,RUS.38_1_814,59.7599956,30.779356600000003,116,0.4147397536808964,2,0.0001004922743478
43829,RUS.58_1_267,47.0996059,39.700273900000006,147,0.4147476433003055,2,0.0002222263352379
10592,DEU.13_1_888,51.72858290000002,13.032972399999997,28,0.4147616538568385,2,6.879915152978093e-05
36708,POL.7_1_420,52.29408150000001,21.0129381,144,0.414780275951477,2,3.704115272067267e-05
41764,RUS.39_1_40,53.24317850000001,39.34300029999999,122,0.4147807759977776,2,0.0002222263352379
11055,DEU.14_1_513,50.8259677,13.6892241,26,0.4148067228447078,2,3.704115272067267e-05
8360,CZE_712,49.7991735,17.667660299999998,21,0.4148105472728957,2,3.704115272067266e-05
27793,HUN_1872,47.3905404,21.774657399999995,77,0.4148127882211316,2,3.704115272067267e-05
46323,SRB_174,42.93488430000001,21.2850907,129,0.414814899527734,2,3.704115272067267e-05
30767,ITA.3_1_15,40.730240900000005,16.5661006,84,0.4148161033429022,2,0.0001481563784482
30012,ITA.16_1_52,43.33509199999999,10.7423498,82,0.4148196684878229,2,3.704115272067267e-05
29177,ITA.10_1_366,45.0004433,10.8536815,80,0.4148256783035466,2,3.090428056421968e-05
20493,FRA.11_1_5,44.1117898,0.8916454,57,0.4148292619687008,2,0.000234767107391
17917,ESP.16_1_88,43.40886179999999,-2.7010753000000003,49,0.4148423928141495,2,3.704115272067267e-05
6362,CZE_1966,50.547138100000005,13.989133399999996,16,0.414899111028799,2,8.933883764992633e-05
18219,ESP.1_1_248,37.3375758,-5.935199499999999,51,0.4149479211038058,2,3.704115272067267e-05
20662,FRA.12_1_130,46.6653256,-1.232071,55,0.4149789980553754,2,3.7861543206954416e-05
38348,ROU.1_1_78,46.35874500000001,23.073141099999997,107,0.4149904620798222,2,3.704115272067267e-05
5462,CHE_4864,47.23761020000001,7.8157044,33,0.4150011204741181,2,0.0001481563784482
48894,SWE.7_1_92,57.697576799999986,14.4753173,134,0.4150055838503564,2,3.764596659322021e-05
15186,DEU.6_1_213,53.639231200000005,10.0165825,27,0.4150329011945551,2,0.0002592592555241
48171,SWE.14_1_13,59.25761880000001,17.2077809,133,0.4150619779609222,2,3.704115272067267e-05
22044,FRA.6_1_244,47.91092810000001,6.973582400000001,29,0.4150656357070098,2,3.704115272067267e-05
35760,POL.2_1_311,53.15611019999999,17.700179600000002,94,0.4150761922400223,2,3.740143606673247e-05
27703,HUN_1743,47.372885800000006,20.1586289,76,0.4150893416057042,2,6.184443214828355e-05
4805,CHE_2947,46.928605,9.0023003,12,0.4151052319659228,2,3.704115272067266e-05
5206,CHE_4061,47.5520713,9.062102,12,0.415126039448097,2,7.67390675160806e-05
25580,GBR.1.84_1_34,52.8561108,-2.718265099999999,63,0.4151288082229835,2,2.2658425600522895e-05
25265,GBR.1.5_1_1,53.73318190000001,-2.5186399,62,0.4151361607556255,2,0.0001672845643077
41899,RUS.4.20_1_1,64.5522025,39.5099693,113,0.4151392999351792,2,3.704115272067267e-05
42126,RUS.43_1_171,55.6331254,37.5190722,124,0.4151411334382813,2,0.000278042373529
4769,CHE_2879,46.660321399999994,8.6703375,11,0.4151770719511066,2,7.08894059440634e-06
21726,FRA.3_1_299,48.531513399999994,-1.914787,55,0.415182340957496,2,8.354884550575456e-05
21895,FRA.4_1_421,47.214341100000006,1.6144875,55,0.4152217797944254,2,0.0001909985902171
9091,DEU.10_1_2673,51.8019046,7.0498333,44,0.4152222150199091,2,4.9670808642836594e-05
5686,CHE_934,46.6088998,8.011215299999998,11,0.4152244744883785,2,2.8127484332183425e-08
47583,SVK_715,48.665429999999986,21.7049485,77,0.4152358366515417,2,0.0001926923473151
26316,GBR.4_1_26,51.681761900000005,-3.3766670000000003,63,0.415261959440689,2,0.0001111193419447
52848,UKR.6_1_309,47.68720709999999,38.0821736,151,0.4152694323548476,2,3.704115272067267e-05
39784,ROU.8_1_7,45.69439999999999,25.8534349,107,0.4153346791369571,2,0.0001111193419447
50289,UKR.16_1_86,46.9496492,32.0104533,136,0.4153387165478285,2,3.704115272067267e-05
21618,FRA.2_1_79,47.0189741,3.0873886999999995,59,0.4153547550699139,2,1.2434429111864746e-05
34738,POL.14_1_234,54.0906251,21.2651476,88,0.415358023891101,2,9.181686516052744e-05
34280,POL.11_1_61,54.7148976,17.582276200000003,94,0.4153683489211963,2,3.704115272067267e-05
29113,ITA.10_1_237,44.93925539999999,10.8156473,80,0.4153714510602834,2,0.0002018013949657
7930,CZE_4745,50.334506000000005,16.1056015,19,0.4153871839985185,2,0.0001379862457535
23746,GBR.1.11_1_2,50.8454057,-0.1203564,68,0.4154116492267802,2,1.7934907253644015e-05
4325,CHE_1782,46.900264400000005,8.249211800000001,11,0.4154180387072877,2,0.0002286943702448
18760,ESP.5_1_309,41.6396159,-2.6095882,53,0.4154501990925086,2,3.704115272067267e-05
39874,RUS.14_1_245,59.98955579999999,30.1743668,116,0.4154546346883971,2,0.0002751320099322
6536,CZE_2229,49.86902780000001,14.7149169,16,0.41546287619224,2,3.737781355346812e-05
15937,DEU.8_1_217,53.460376399999994,12.2560539,41,0.4154821464950459,2,0.0001115905681182
36673,POL.7_1_304,52.1864599,20.924384699999997,144,0.4154973238262802,2,0.0001206353000281
25681,GBR.1.92_1_8,52.6392328,-1.844343,63,0.4155105843133624,2,0.0001308231510795
9213,DEU.10_1_301,50.54525530000001,6.487306500000001,25,0.4155364663394758,2,0.0001481563784482
48400,SWE.15_1_53,59.24328020000001,17.825092199999997,132,0.415541920548199,2,3.704115272067267e-05
48404,SWE.15_1_537,59.2761858,18.13134,132,0.4155441985369015,2,3.704115272067267e-05
25884,GBR.3_1_192,55.7940114,-4.289922800000001,70,0.4155808130382443,2,0.0001111193419447
10578,DEU.13_1_847,51.661149900000005,12.279494099999996,28,0.4155819520325957,2,9.862810724055928e-05
27575,HUN_1583,46.2109582,20.1827275,128,0.4155856653393833,2,0.0002209265162738
9337,DEU.10_1_3377,51.9997051,8.462479899999998,43,0.4155926104268913,2,0.0002540779204032
18205,ESP.1_1_22,38.0530538,-6.630971899999999,51,0.4156230762107603,2,0.0001693865946981
11407,DEU.15_1_443,54.212096900000006,8.9631117,45,0.4156249189739791,2,0.0001481563784482
35150,POL.16_1_13,53.2276962,16.057947699999996,94,0.4156283544772664,2,0.0002183923979897
29349,ITA.10_1_924,45.52200750000001,9.2094411,79,0.4156369200851931,2,3.704115272067267e-05
48735,SWE.2_1_31,60.5989744,15.080637,133,0.4156467080285211,2,0.0002946665909014
48890,SWE.7_1_82,57.66492050000001,14.8327298,134,0.415652884526345,2,0.0002940050552487
11504,DEU.16_1_178,51.0406569,10.707636199999998,28,0.4156612927122881,2,0.000237749813163
33093,NLD_1816,53.053667100000006,6.8504119999999995,91,0.4156644133716084,2,3.704115272067267e-05
25391,GBR.1.67_1_27,52.948789800000014,-1.0369716,65,0.4157190758403555,2,3.987612647942293e-05
42825,RUS.44_1_654,55.1710259,37.6270068,119,0.4157227058060931,2,1.7113264560916093e-05
12345,DEU.1_1_2457,49.3414829,8.6687299,31,0.4157289008241503,2,3.277601925012237e-05
34833,POL.15_1_123,51.8872906,17.449291900000002,37,0.4157393091952959,2,0.0001112058210327
17460,ESP.10_1_454,39.5131257,-0.4116669,47,0.415739651819613,2,0.0002222263352379
12137,DEU.1_1_1832,48.7792158,9.1268443,31,0.415746106120937,2,3.704115272067267e-05
22498,FRA.7_1_389,49.324759599999986,2.4455652000000003,60,0.41575144920826,2,0.0001478365866104
25734,GBR.1.97_1_17,54.9127017,-1.4183177,69,0.4158273543846653,2,3.7041152720672656e-05
13563,DEU.2_1_2264,49.959258600000005,11.6156144,17,0.4158303824428189,2,0.0001851920428792
5829,CZE_1110,49.990070499999995,16.0644354,19,0.4158543013241966,2,0.0001727869271785
23479,FRA.9_1_48,49.1110675,-0.1863637,55,0.4158813501250115,2,3.704115272067267e-05
29603,ITA.13_1_369,45.0738513,7.602396799999998,79,0.4158958236873785,2,8.605339729356145e-05
28108,HUN_2588,46.66099379999999,19.659926499999997,128,0.415898018335031,2,6.421004150499089e-05
27310,HUN_1042,47.170022900000006,18.3148583,78,0.4159123066950643,2,0.0002066789534669
22654,FRA.7_1_837,50.57453640000001,2.9363778000000003,60,0.4159173534586536,2,0.0002771329651697
24270,GBR.1.36_1_1066,51.4881617,-0.0107018,66,0.4160029076766367,2,3.5715948554071396e-05
12020,DEU.1_1_1514,48.61244819999999,9.9110469,31,0.4160057227521066,2,0.0001111193419447
26660,GRC_614,37.9654365,23.6468393,72,0.4160536901564959,2,1.9895049893495592e-08
36725,POL.7_1_47,52.199905500000014,20.700908400000003,96,0.4160599407352532,2,6.908529931253773e-05
8040,CZE_4895,50.75927990000001,15.3139031,19,0.4160662283544772,2,0.0001901551031366
14200,DEU.2_1_3982,48.926320100000005,10.4739432,34,0.416082628021113,2,5.277468012276373e-05
41763,RUS.39_1_39,53.230765100000006,39.6987183,122,0.4161030002778035,2,7.084519406937383e-05
34104,POL.11_1_130,54.5340423,18.4966486,94,0.416103416983054,2,3.704115272067267e-05
7924,CZE_4739,50.3121778,16.0797242,19,0.4161169460135198,2,9.750148816058296e-05
31055,ITA.5_1_286,40.6961386,14.778181499999995,86,0.4161270488008149,2,0.0001602755297616
19569,ESP.8_1_976,40.316334700000006,-3.8744698,54,0.416142059449949,2,1.8688229719201696e-06
2094,BEL_595,50.704607900000006,4.590485899999999,7,0.4161434021668673,2,0.0002540897735364
50223,UKR.16_1_154,46.80883599999998,32.309038,136,0.4161561070469487,2,0.0003255164516028
35775,POL.2_1_352,53.0782444,18.2258941,94,0.4161655060653765,2,0.0001051594477763
23897,GBR.1.21_1_0,52.39519060000001,-1.5972824999999995,63,0.4161879618483192,2,0.0001259782595797
19212,ESP.6_1_895,41.3335696,2.1112293,53,0.4162002963237337,2,1.878171114083495e-06
28109,HUN_2589,46.854705900000006,19.66154,128,0.4162202333549403,2,8.940653583976243e-05
47506,SVK_561,49.261182700000006,21.250643899999993,77,0.4162323085470877,2,3.7041152720672656e-05
6346,CZE_1939,50.6721482,14.106331299999995,16,0.4162597462728031,2,8.798727164611642e-05
32924,NLD_121,51.957133299999995,6.213717900000002,91,0.4163072506713584,2,0.0001787671047261
34603,POL.13_1_143,51.065650999999995,20.8491216,144,0.4163098712843781,2,0.0002445593144513
15390,DEU.7_1_1305,50.017581400000005,8.7890697,39,0.4163164274469858,2,3.704115272067267e-05
12660,DEU.1_1_3397,49.500423600000005,8.5440605,24,0.4163450319474025,2,0.0001481563784482
4958,CHE_3373,47.48146149999999,8.9918444,12,0.4163489582368737,2,0.0001441565458239
16285,DEU.9_1_1351,52.2151688,9.5554755,43,0.4163582739142513,2,0.000257944154432
25784,GBR.1.98_1_20,51.186073699999994,-0.6191944999999999,67,0.4163585794981016,2,0.0001111193419447
13617,DEU.2_1_2410,48.0749425,11.9705849,1,0.4163922215019909,2,5.568664946906529e-05
19438,ESP.8_1_549,40.428631,-3.632842,54,0.4164006945087507,2,1.9403021840651196e-06
45066,RUS.72_1_575,58.6012204,37.1335752,117,0.4164009352717844,2,3.704115272067267e-05
38604,ROU.25_1_24,44.66839759999999,26.7690254,104,0.4164042689137884,2,0.0002429347559046
29884,ITA.16_1_212,43.9083873,10.534272299999998,82,0.4164113251226965,2,0.0001627138078527
19476,ESP.8_1_701,40.464868800000005,-3.7165085000000007,54,0.4164122233540143,2,1.949344951954573e-06
8697,DEU.10_1_1531,51.4642485,7.4578328,44,0.4164759236966386,2,1.0805074346463951e-05
21494,FRA.2_1_259,47.08720220000001,5.2551491,59,0.4164883878136864,2,9.03994704838996e-05
5334,CHE_4437,47.3647683,8.0420393,12,0.4164914066117233,2,1.0931114545093069e-05
15923,DEU.8_1_179,54.093432,12.0992154,41,0.4165039540698212,2,0.0002592592555241
30903,ITA.4_1_3,38.8391332,16.6114144,85,0.4165359755532919,2,5.586602043894901e-05
25682,GBR.1.93_1_0,53.3744343,-2.0331356,65,0.4165445319011019,2,0.0001653194176516
48256,SWE.15_1_203,59.25668890000001,18.028445400000003,132,0.4165551439948143,2,3.704115272067267e-05
5524,CHE_5063,47.25974130000001,7.661013899999999,33,0.4165643763311418,2,7.02349765060378e-05
23232,FRA.8_1_43,48.83685580000001,2.0747583,61,0.4165664968978609,2,0.000119571964037
53587,UKR.9_1_68,46.6796299,32.7938435,148,0.4165946846930271,2,3.704115272067267e-05
33188,NLD_454,51.97666799999999,4.127506100000001,91,0.4166033151217705,2,3.704115272067266e-05
14304,DEU.2_1_57,49.7710381,9.3297763,30,0.4166036299657376,2,0.0001111193419447
27434,HUN_1278,47.32051319999999,18.7810474,78,0.4166104546717289,2,5.366496916526405e-05
19283,ESP.8_1_114,40.2858668,-3.815813500000001,54,0.4166109824983796,2,8.414648946755091e-05
22362,FRA.7_1_1178,50.63713430000001,3.0246674,60,0.4166171775164367,2,4.023981857085492e-05
2920,BIH_0,43.1098495,17.697800000000004,73,0.416647402537272,2,3.704115272067267e-05
30461,ITA.20_1_464,46.09546529999999,12.0865371,2,0.4166678025743124,2,0.0001834418279923
28940,ITA.10_1_1354,45.87775249999999,8.673775800000001,79,0.4166897305306046,2,3.975470508095102e-05
33722,NOR.1_1_49,59.84969790000001,10.4669154,92,0.4166927030280581,2,2.0581086096719577e-08
14629,DEU.3_1_51,52.5366262,13.2861036,38,0.4167009630521344,2,5.7829865231803005e-05
30714,ITA.2_1_513,41.2323259,16.3014856,84,0.4167020001852024,2,0.000270427395685
689,AUT_235,47.95008829999999,16.226989,4,0.4167112788221131,2,0.0002785062278096
35207,POL.16_1_198,54.3042749,16.3881209,94,0.416724659690712,2,0.0001481563784482
5505,CHE_4989,47.3602483,8.477338,12,0.4167421798314659,2,3.704115272067267e-05
5213,CHE_4088,47.6629333,9.1088783,12,0.4167443929993518,2,3.201436927405188e-05
19917,FIN.4_1_85,60.1991255,24.8096756,109,0.4167642096490415,2,3.017072882411887e-07
3803,BLR.6_1_117,55.222075,30.2683635,123,0.4167818964718955,2,3.704115272067267e-05
5903,CZE_1243,49.46804,18.0411958,21,0.4168165478285026,2,0.0001111193419447
20269,FRA.10_1_736,45.382766200000006,1.5150598000000002,57,0.4168353829058245,2,3.977573757072126e-05
48547,SWE.19_1_11,62.6357616,17.928704500000002,133,0.4168392351143624,2,2.236687624883842e-05
47645,SVK_829,49.4434653,18.7514273,21,0.416846022779887,2,0.0003333209798794
45941,RUS.7_1_400,51.31017880000001,37.701051099999994,127,0.4168481803870729,2,9.758550398747013e-06
43278,RUS.49_1_25,58.32261260000001,33.73085449999999,117,0.416874155014353,2,3.704115272067267e-05
40030,RUS.19_1_88,57.51576589999999,42.12128319999999,110,0.4168968793406796,2,3.704115272067267e-05
33820,NOR.4_1_68,60.0891208,9.835279299999998,92,0.4168972404852301,2,3.704115272067267e-05
23158,FRA.8_1_2674,48.83895789999999,2.634578199999999,59,0.4169003241040837,2,1.662312197905904e-05
20020,FRA.10_1_114,44.6405363,-1.0690962999999998,57,0.4169004630058339,2,0.0001111193419447
19559,ESP.8_1_944,40.440864700000006,-3.6270065,54,0.4169038429484211,2,1.0395430262121648e-06
4023,BLR.7_1_99,53.937205299999995,27.442315200000003,10,0.4169123900361144,2,0.0001271323060189
30503,ITA.20_1_581,45.14784589999999,12.0851596,2,0.4169128993425318,2,0.0001861032017126
30733,ITA.2_1_596,41.08649460000001,16.779439800000002,84,0.4169158070191684,2,1.9063900426857824e-05
7916,CZE_4730,50.426259,15.577251899999998,19,0.4169447911843689,2,0.0003357782800046
35137,POL.16_1_10,53.30522570000001,15.773833799999998,94,0.41694849523104,2,0.0001249452016732
11363,DEU.15_1_337,54.3619083,8.962576799999999,45,0.4169673395684786,2,0.000296290803738
53293,UKR.8_1_275,50.026179199999994,36.2230034,141,0.4170037596073711,2,0.0001111193419447
2028,BEL_358,50.557652700000006,4.552286700000001,60,0.4170129641633485,2,2.638854055408697e-05
42932,RUS.44_1_938,55.77972000000001,38.2737,124,0.4170300768589683,2,0.0001038621897795
46561,SRB_455,44.79645630000001,20.3128113,128,0.4170767385869062,2,3.704115272067267e-05
10722,DEU.14_1_1221,51.10376640000001,13.022996199999998,26,0.4170775627372904,2,0.000226657233448
18270,ESP.1_1_387,36.87329769999998,-4.719291200000001,51,0.4170840170386147,2,3.7049042137009746e-05
2626,BGR_615,43.4530419,25.206307999999996,105,0.4170951847393277,2,0.0001481563784482
15299,DEU.7_1_1025,50.1154731,8.501287399999999,39,0.4171080470413927,2,0.0002222263352379
34420,POL.12_1_370,50.294949599999995,19.3745627,95,0.4171124548569312,2,3.4301810161199286e-10
2938,BIH_12,43.679624100000005,18.005068400000003,73,0.4171343920733401,2,6.860362032239855e-10
15087,DEU.4_1_900,51.8162833,14.385232800000002,37,0.4171446337623853,2,1.4856965476466578e-05
22925,FRA.8_1_1783,48.68094630000001,2.5332609,59,0.417182628021113,2,3.576968449493077e-05
18846,ESP.5_1_96,42.8538667,-5.674731100000001,50,0.4171916103342902,2,9.252048885367446e-05
15789,DEU.7_1_719,50.79396979999999,8.761981500000001,40,0.4172205759792574,2,0.0002671167009337
24110,GBR.1.31_1_3,53.58556310000001,-0.7329639,65,0.4172343735531068,2,1.9389747929450097e-05
31110,ITA.5_1_415,40.8328673,14.101473300000002,86,0.4172406704324475,2,0.0002961354794246
23784,GBR.1.13_1_45,51.629739,-0.7455620000000001,66,0.4172444392999351,2,0.0003311295093062
25657,GBR.1.92_1_17,52.6253158,-2.0175675,63,0.4172512640059264,2,5.446885299152857e-05
28270,HUN_2898,47.9210689,22.443288999999996,101,0.4172542920640801,2,0.0001111193419447
40790,RUS.34_1_327,45.042822,38.9969091,147,0.4172744605982036,2,1.2405821341633746e-07
22453,FRA.7_1_256,50.652405,2.473019399999999,60,0.4172751828873045,2,0.0001839222567598
31901,ITA.8_1_76,41.7742804,12.6061979,81,0.41728285952403,2,0.0002592592555241
34729,POL.14_1_22,54.3123706,19.993443000000003,97,0.4172915547735901,2,0.0002321645838427
27795,HUN_1877,47.2438316,21.813887999999995,77,0.4172942124270766,2,0.000340449318216
34528,POL.12_1_671,50.6769408,19.2191754,95,0.4173003426243171,2,0.0002320520734758
6823,CZE_2752,50.5890858,13.8421063,16,0.4173130752847485,2,7.481327606662707e-05
35910,POL.3_1_292,51.86913239999999,19.3837377,96,0.4173450134271692,2,0.0001238977763125
50000,UKR.15_1_167,48.5397578,39.08470029999999,126,0.4173450875081026,2,0.000236594482378
12401,DEU.1_1_2680,49.0319696,8.4420834,32,0.4173650708398925,2,0.0001111193419447
43892,RUS.58_1_437,47.7972453,39.877340399999994,126,0.4173725159737012,2,3.704115272067267e-05
33270,NLD_67,51.92238899999999,5.6725409,91,0.4173776645985739,2,2.400589609726596e-05
28188,HUN_2712,46.836099,19.976659100000003,128,0.4173877488656356,2,0.0001409796003227
7473,CZE_3858,50.8795879,15.1849355,26,0.4173915084730068,2,3.704115272067267e-05
5378,CHE_4568,47.4391134,7.8514534,12,0.417393795721826,2,6.460352975229546e-05
19950,FIN.5.6_1_11,61.5266652,23.7016819,109,0.4174074543939253,2,3.704115272067267e-05
10155,DEU.11_1_939,49.24390139999999,7.5260203,24,0.4174098527641448,2,0.0001957024248249
48685,SWE.21_1_35,58.8051201,14.0570931,134,0.4174175757014539,2,3.704115272067267e-05
5223,CHE_411,46.9595099,6.8352308,13,0.4174256320029632,2,0.0002560770775249
20047,FRA.10_1_18,43.404811200000005,-1.4489842,57,0.4174445967219188,2,0.0002222263352379
20205,FRA.10_1_584,46.669653999999994,0.3781606,55,0.4174574682841004,2,0.0001296269459594
41394,RUS.38_1_361,59.80546760000001,30.859301100000003,116,0.4174670247245116,2,0.0002602651540532
11428,DEU.15_1_49,53.7885691,9.4283916,45,0.4174687841466803,2,3.704115272067267e-05
1186,AUT_391,47.92575,16.863806299999997,5,0.4174964811556624,2,0.000133977959399
23008,FRA.8_1_202,48.97482020000001,2.0490816,61,0.4175547550699138,2,0.0002346363423443
15501,DEU.7_1_1688,50.041664700000005,8.967510900000002,39,0.4175647837762756,2,6.72452966613221e-05
47141,SVK_1793,48.3636485,17.942892800000003,130,0.4175686267246967,2,0.0001481563784482
20660,FRA.12_1_115,46.716594099999995,-1.9496898000000005,55,0.4175798685063431,2,3.704115272067267e-05
28216,HUN_2792,47.62491460000001,19.1356126,76,0.4176078155384758,2,0.000300601035199
34671,POL.13_1_91,50.8890702,20.583082499999996,99,0.4176109732382627,2,0.0002801731284233
34291,POL.11_1_79,53.851252200000005,18.108637199999997,94,0.4176149550884341,2,0.0002616504890588
25252,GBR.1.59_1_7,52.5137502,1.0209657,64,0.4176156403370682,2,0.000118982788374
48910,SWE.8_1_23,57.49822019999999,15.8727811,133,0.4176283729974998,2,0.0003319767033731
19220,ESP.6_1_909,41.560039899999985,2.0075226999999995,53,0.4176294656912677,2,1.5492170384044425e-05
17018,DNK_198,56.0917314,8.9106818,45,0.4176314936568201,2,0.0002627461488664
47365,SVK_312,48.35347710000001,17.0891982,4,0.4176324289286045,2,0.0002222263352379
5081,CHE_37,46.11225029999999,7.011603200000001,11,0.4176423835540327,2,0.0001111193419447
20054,FRA.10_1_191,46.19908319999999,-0.428404,55,0.4176426243170663,2,0.0001113773369369
13402,DEU.2_1_1784,48.27369870000001,11.5686152,1,0.4176478007222891,2,4.611828883311093e-05
48776,SWE.5_1_18,57.23055470000001,12.320163999999997,134,0.4176571256597833,2,0.0003083298178559
10314,DEU.13_1_17,51.8194787,10.995965299999996,28,0.4176583202148348,2,3.704115272067267e-05
26486,GRC_144,38.0527731,22.1445443,72,0.4176749236040374,2,3.704115272067267e-05
16183,DEU.9_1_1049,53.026765999999995,9.8454111,43,0.4176819705528289,2,0.0001871484081182
8951,DEU.10_1_2253,50.737330699999994,7.046714199999999,22,0.417682628021113,2,9.979593160385168e-05
44047,RUS.59_1_152,53.769118500000005,39.808942599999995,120,0.4176880914899527,2,0.000208200723762
34244,POL.11_1_501,53.9775223,19.0870724,97,0.4176881007500694,2,0.0002813359131977
40555,RUS.26.25_1_5,61.98875150000001,32.636191700000005,108,0.4177103898509121,2,0.000139367877188
18884,ESP.6_1_1107,41.5016912,1.8387476,53,0.4177291230669507,2,0.000296290803738
33071,NLD_1697,50.943392300000006,5.849573100000001,6,0.4177364107787758,2,4.822886513803951e-05
44090,RUS.59_1_247,53.796938100000006,40.099328,120,0.4177479303639225,2,0.0002305596328343
1933,BEL_2236,50.91879450000001,3.7921045000000007,7,0.4178240114825446,2,7.24128683197198e-05
48627,SWE.21_1_16,57.94072299999999,13.0295233,134,0.4178480970460228,2,0.000195307066832
17022,DNK_204,56.1316525,9.0631932,45,0.4178497823872581,2,3.734266563198961e-05
20735,FRA.12_1_315,48.168310000000005,-0.0661278999999999,55,0.4178727937772016,2,0.0002027104035026
15727,DEU.7_1_587,50.70048240000001,9.7282531,40,0.4178767663672562,2,0.0002444652276391
33936,NOR.7_1_68,60.33739130000001,5.3945696,92,0.4178928697101584,2,3.704115272067267e-05
35484,POL.1_1_424,51.686563699999994,15.9543667,37,0.417893193814242,2,0.0002061948935947
5791,CZE_1068,50.023056200000006,17.338856,20,0.4179168071117696,2,3.704115272067267e-05
16483,DEU.9_1_397,53.4542001,9.0124175,43,0.4179424391147328,2,0.0002737774787176
16551,DEU.9_1_54,53.6278155,7.364511799999999,42,0.4179572738216501,2,3.704115272067267e-05
43223,RUS.49_1_129,58.713166500000014,31.154636900000007,115,0.4179579868506343,2,0.000233143011628
36267,POL.5_1_303,52.0728442,15.3125923,37,0.4179759329567553,2,8.085654428078846e-05
16892,DNK_1328,55.7615229,12.454539100000002,46,0.418007954440226,2,0.0001481563784482
24754,GBR.1.36_1_90,51.365304300000005,-0.2993957,67,0.4180444115195851,2,3.704115272067267e-05
9996,DEU.11_1_494,50.748143500000005,7.949227200000001,40,0.4180461894619872,2,3.704115272067267e-05
6516,CZE_2200,49.1605386,14.274317300000002,36,0.4180709510139828,2,0.0001851920428792
29961,ITA.16_1_397,43.4570725,11.826936900000002,82,0.4180908047041393,2,0.0001111870998882
21138,FRA.1_1_196,44.91899550000001,3.6733105,57,0.4180989721270489,2,3.704115272067267e-05
11900,DEU.1_1_1232,47.7956423,9.0953663,14,0.4181041207519215,2,0.0001957756090384
15248,DEU.6_1_41,53.5601126,9.9110285,27,0.4181051486248727,2,0.000296290803738
9565,DEU.10_1_663,51.0901586,7.8552255,40,0.418136318177609,2,6.860362032239855e-10
34863,POL.15_1_195,52.20930249999999,17.2087641,37,0.4181383646633946,2,0.0001481563784482
7045,CZE_3150,50.99314399999998,14.379404900000004,26,0.4181528104454116,2,6.799306187585284e-05
28365,HUN_362,47.9141371,18.8777612,130,0.4181633021576071,2,6.861733974388184e-05
10183,DEU.12_1_105,49.39148500000001,6.9265521,23,0.4181733864246689,2,3.824533623350073e-05
19517,ESP.8_1_797,40.5473749,-3.654159000000001,54,0.4182046300583386,2,3.704115272067267e-05
7632,CZE_4301,49.9091135,14.7216447,16,0.4182135382905824,2,1.15665703863564e-07
11751,DEU.16_1_756,50.9746313,11.981891,28,0.4182228354477266,2,0.0001248358120733
13946,DEU.2_1_3213,48.9445079,10.599193199999997,34,0.4182230669506436,2,6.006317547133543e-05
30537,ITA.2_1_112,40.6458375,17.315055700000002,84,0.4182299842578018,2,0.0001871225054276
43083,RUS.47_1_309,56.2515478,43.9811441,125,0.4182484859709232,2,3.704115272067267e-05
35789,POL.2_1_385,53.32291129999997,18.0758222,94,0.4182490230576904,2,0.000103712979051
29095,ITA.10_1_191,44.9931876,10.4249555,80,0.4182516714510603,2,0.0001111193419447
4880,CHE_3151,47.1898435,8.852750499999999,12,0.4182570886193165,2,0.000323135761482
5555,CHE_538,46.57050519999999,6.8154603,13,0.4182630243541068,2,9.44676324974739e-06
22147,FRA.6_1_48,49.151152200000006,4.2570121,23,0.4182854245763495,2,7.082597940518265e-05
15884,DEU.7_1_962,50.214779400000005,8.8435985,39,0.4183140753773499,2,0.0002124936698568
34395,POL.12_1_28,50.0412504,18.4946733,95,0.4183341513103065,2,9.839120743009249e-05
42359,RUS.43_1_90,55.62227050000001,37.60912869999999,124,0.4183375682933604,2,0.0001663540419781
6732,CZE_2602,50.1184752,14.499557200000002,16,0.4183466339475877,2,3.704115272067267e-05
25966,GBR.3_1_372,55.94494529999999,-4.751325099999998,70,0.418369136031114,2,0.0001111193419447
29236,ITA.10_1_477,46.3078233,9.3977975,79,0.4183695805167144,2,3.704115272067267e-05
23895,GBR.1.1_1_8,53.498682599999995,-1.4274989999999996,65,0.4183733679044355,2,5.4978947609082675e-05
28766,HUN_941,46.1130733,17.9996804,78,0.4183799148069266,2,0.0002155321682773
10421,DEU.13_1_42,51.618200300000005,11.0494386,43,0.4183826743216964,2,6.411884607325235e-05
1051,AUT_3335,48.309589900000006,15.631991,4,0.4183996573756829,2,7.143398848818918e-05
23781,GBR.1.13_1_36,51.752256499999994,-0.8085478,66,0.418404593017872,2,3.475893042823157e-05
20122,FRA.10_1_354,46.406436199999995,-0.2011195,55,0.4184198166496898,2,1.381513571339959e-07
8102,CZE_4973,49.4066301,14.9458096,36,0.4184269098990647,2,0.000207076602242
28012,HUN_2355,47.028386700000006,19.542314,128,0.4184419298083155,2,0.0001645133108582
26557,GRC_329,41.025130100000005,22.803471400000003,72,0.4184585517177516,2,0.000280341567389
23138,FRA.8_1_2613,48.7892377,2.9075097,59,0.4184589313825354,2,0.0001481563784482
10524,DEU.13_1_692,52.8854048,11.743605999999998,43,0.4184608019261043,2,0.0003172047382323
17471,ESP.10_1_484,38.2692887,-0.7065431000000001,47,0.4184774979164739,2,3.7638076087936625e-05
25083,GBR.1.49_1_65,53.87606580000001,-1.7151178999999996,62,0.4184869617557181,2,0.0001481563784482
8598,DEU.10_1_1281,51.315677099999995,6.589452799999998,22,0.4185033892027038,2,1.0621684119695506e-05
4291,CHE_1704,46.5943474,7.932255,11,0.4185457727567366,2,0.0002592345582208
19977,FIN.5.6_1_64,61.517011999999994,23.6818659,109,0.4185510602833596,2,0.0001481563784482
1939,BEL_2246,50.9708171,3.7914922,7,0.4185536160755626,2,9.53639101082368e-05
20697,FRA.12_1_198,47.3972923,-0.275985,55,0.4185633391980738,2,7.707812255721384e-05
23184,FRA.8_1_289,48.761161900000005,2.0738331999999997,61,0.4185669413834614,2,0.0001438140496639
8127,CZE_5003,49.9663747,15.9082278,19,0.4185756921937216,2,0.0001238762751529
32286,LUX_73,49.6183823,6.029696699999999,6,0.4185999999999999,2,3.406056995141052e-05
39315,ROU.38_1_28,45.5164914,21.1231387,102,0.4186013427169182,2,0.000182511390013
25428,GBR.1.69_1_45,51.8326251,-1.3939977,67,0.4186155384757848,2,0.0002960259212931
19911,FIN.4_1_73,60.210240700000014,24.812055399999995,109,0.4186401148254467,2,6.200971965166519e-05
35687,POL.2_1_151,53.26965860000001,18.629583200000003,94,0.418650328734142,2,6.091976707655231e-05
36246,POL.5_1_255,52.3604844,15.7349537,37,0.4186539586998796,2,0.0001111193419447
34381,POL.12_1_248,50.34392780000001,19.225938299999996,95,0.418679414760626,2,4.968460776989377e-06
4065,CHE_1080,46.2827237,7.0704834,11,0.4187082137234929,2,0.0003333209798794
31798,ITA.8_1_525,41.93378600000001,12.492518400000002,81,0.418712862302065,2,3.625954622960779e-05
12962,DEU.1_1_504,48.353407,8.812560000000001,14,0.418729660153718,2,0.0003226876027335
30546,ITA.2_1_142,40.60494989999998,17.238041499999998,84,0.4187305120844523,2,0.00026106188666
4957,CHE_3371,47.481254500000006,9.0309318,12,0.4187511714047597,2,8.313367341673604e-05
12754,DEU.1_1_3760,48.828385100000006,9.2317192,31,0.4187570886193166,2,3.704115272067267e-05
9577,DEU.10_1_69,51.3417912,7.3967274,44,0.4187690063894805,2,4.489689214785661e-05
20182,FRA.10_1_500,44.298744500000005,0.3351942999999999,57,0.418780794518011,2,5.987564729296384e-05
30738,ITA.2_1_67,40.9584538,16.7540057,84,0.4187924344846745,2,2.660023679800772e-05
24697,GBR.1.36_1_704,51.4397782,0.1461995999999999,66,0.4187981109361978,2,1.0544499672074766e-06
35779,POL.2_1_365,53.1408643,18.1376313,94,0.4188189924993055,2,0.0002905034615226
29695,ITA.13_1_558,44.69766060000001,8.0305623,87,0.4188305213445689,2,1.593042497243641e-05
23239,FRA.8_1_452,48.71213499999999,2.1734787,61,0.4188372164089268,2,0.0002165847371913
2990,BIH_34,44.63458869999999,18.360551799999996,128,0.4188690341698304,2,8.33156075721141e-05
20843,FRA.13_1_226,43.5580974,6.972033100000001,87,0.4188888600796369,2,0.0001111193419447
21457,FRA.2_1_176,47.283954599999994,6.1326860000000005,29,0.4189100009260117,2,9.952790903471664e-05
47262,SVK_2085,48.40537749999999,17.9857801,130,0.418911139920363,2,0.000296290803738
8015,CZE_4866,50.486101700000006,15.163533999999997,19,0.4189257246041299,2,7.487517382516832e-05
31178,ITA.5_1_682,40.8598968,14.3797981,86,0.418938586906195,2,7.394191139919459e-05
25878,GBR.3_1_176,55.8537711,-3.566816,70,0.4189406056116305,2,0.0001291168396569
12119,DEU.1_1_1783,48.7703136,9.1569373,31,0.4189421242707659,2,0.0002072727852739
26633,GRC_538,38.35487750000001,23.6073796,72,0.4189564774516159,2,0.0001111193419447
44908,RUS.72_1_243,56.62762480000001,36.72051689999999,114,0.4189680618575794,2,3.704115272067267e-05
14252,DEU.2_1_457,47.513145900000005,10.2719908,14,0.4190183165107881,2,0.0001481563784482
12022,DEU.1_1_1517,48.630752599999994,9.821946999999998,31,0.4190390406519122,2,9.95778221173035e-05
29584,ITA.13_1_328,44.3997727,7.7506024,87,0.4190416520048152,2,1.2546405949398904e-05
47210,SVK_1956,49.1162633,18.306056700000003,21,0.4190645800537087,2,0.0002356378550088
23789,GBR.1.13_1_64,51.57691439999999,-0.710798,67,0.4190732290026854,2,3.704115272067267e-05
52244,UKR.4_1_21,45.365754900000006,36.5406793,148,0.4190852301138995,2,0.0001481563784482
36829,POL.7_1_797,52.1048097,20.677473699999993,144,0.4190918140568571,2,0.0001481563784482
9786,DEU.11_1_1230,49.48342649999999,8.3539773,24,0.4191053708676729,2,0.0001896434730917
11456,DEU.15_1_557,53.74464390000001,9.9866973,27,0.4191085378275765,2,0.0001111193419447
8720,DEU.10_1_1604,51.19629459999998,6.7692431000000015,22,0.4191267617371978,2,3.704115272067266e-05
17915,ESP.16_1_85,43.2765959,-2.846376899999999,49,0.4191725437540514,2,3.704115272067267e-05
7447,CZE_3825,50.771576400000015,15.2493934,19,0.4191948791554774,2,3.704115272067267e-05
4671,CHE_2674,47.645404799999994,8.876441599999998,12,0.4191968608204462,2,0.0001943526590897
17185,DNK_644,55.5380452,11.4490912,46,0.419211251041763,2,0.0001302353977295
17136,DNK_505,56.26186250000001,10.3031417,45,0.4192407445133808,2,0.0003333209798794
47471,SVK_502,48.967332,20.752560000000003,131,0.419242550236133,2,3.704115272067267e-05
36882,POL.7_1_950,52.9210312,21.5819592,97,0.4192446430225021,2,0.0001741282787071
14367,DEU.2_1_724,47.7496082,11.734996200000005,1,0.4192594406889527,2,3.704115272067266e-05
36188,POL.5_1_114,51.65364230000001,15.116329000000002,37,0.4192625520881563,2,8.985868566362192e-06
18811,ESP.5_1_48,40.5908979,-4.4087149,52,0.4192719140661172,2,3.704115272067267e-05
10526,DEU.13_1_700,52.141393699999995,11.8364646,28,0.4192736364478192,2,0.0003333209798794
22215,FRA.6_1_699,49.223906000000014,6.159773700000001,23,0.4193121955736642,2,2.7505195704473313e-05
6379,CZE_1996,50.1842302,14.173043699999996,16,0.4193277062690989,2,0.0002057172390645
40161,RUS.21_1_262,54.6038094,21.899888800000003,88,0.419329373090101,2,0.000246097766044
30737,ITA.2_1_66,40.94572779999999,16.6420745,84,0.4193372719696268,2,0.000129829019012
18298,ESP.1_1_481,37.1701598,-3.605809399999999,51,0.419359774053153,2,0.0003333209798794
40066,RUS.20_1_17,43.77404109999999,44.1206317,111,0.4193806926567275,2,0.000296290803738
35946,POL.3_1_393,51.8709795,19.467555799999996,96,0.4194304565237521,2,0.0002090056309597
37704,PRT_709,39.547897,-8.429770900000001,52,0.4194307435873692,2,0.0001111193419447
18751,ESP.5_1_297,42.116798800000005,-4.495908200000001,49,0.4194411334382812,2,0.0001851162358788
10274,DEU.12_1_92,49.32657299999999,6.9222142,23,0.4194605241226039,2,0.0002363402538044
20062,FRA.10_1_219,43.930112300000005,-0.6516831000000002,57,0.4194652838225761,2,3.704115272067267e-05
33674,NOR.1_1_147,59.92293239999999,11.1410435,92,0.4194723955921845,2,0.0002250905527205
16582,DEU.9_1_588,53.2664176,10.7924473,43,0.4194818779516622,2,3.704115272067266e-05
52466,UKR.5_1_307,47.950461700000005,33.4488811,150,0.4195007315492176,2,0.0002222263352379
28935,ITA.10_1_1340,45.7597559,9.050349399999998,79,0.4195020464857857,2,7.078032624420145e-05
47909,SVN_414,46.224913599999994,14.6093124,75,0.4195126215390314,2,3.704115272067267e-05
42877,RUS.44_1_810,55.598421300000005,37.47888,124,0.4195469024909714,2,0.0001511248040877
37984,ROU.13_1_25,45.14353279999999,21.8302051,102,0.4195607741457543,2,3.704115272067266e-05
13346,DEU.2_1_1592,48.2491904,11.652528899999997,1,0.4195687841466802,2,3.704115272067267e-05
23164,FRA.8_1_2705,48.87791809999999,2.465293,61,0.4195703768867487,2,2.5491961918131277e-08
37886,ROU.11_1_0,45.41635619999999,26.306955799999997,103,0.419578525789425,2,3.704115272067266e-05
48175,SWE.14_1_21,59.244470599999985,17.2892769,133,0.4195936290397258,2,3.704115272067267e-05
25658,GBR.1.92_1_18,52.62741989999999,-2.2016755000000003,63,0.4195976294101305,2,0.000138143733833
8157,CZE_5071,50.48661350000001,15.523093500000002,19,0.4196406611723307,2,0.0003252725493566
46760,SRB_737,46.0037348,19.7949695,128,0.4196455968145198,2,0.0001226553529858
28210,HUN_2781,47.60191490000001,19.154108299999997,76,0.4196580146309843,2,0.0001892474370566
11922,DEU.1_1_127,48.879998500000006,8.286797899999998,32,0.4196681266783962,2,3.530678056702107e-05
39919,RUS.14_1_35,59.7863064,30.623166999999995,116,0.4196754699509213,2,1.0052955017828484e-05
50142,UKR.15_1_54,49.92405050000001,38.288045700000005,126,0.4196755995925549,2,3.704115272067267e-05
44904,RUS.72_1_238,56.5510191,36.4391678,114,0.4196776831188074,2,0.0002222263352379
10472,DEU.13_1_549,52.433857399999994,11.809911,43,0.4196954162422447,2,0.0002858046166894
18502,ESP.3_1_160,43.35059099999999,-3.7072013,50,0.4196995925548662,2,3.704115272067266e-05
12650,DEU.1_1_3366,48.7361357,8.9653966,32,0.4197068524863414,2,0.0003281612231999
9278,DEU.10_1_3218,51.73525100000002,7.6110543,44,0.4197080377812761,2,3.508383471419584e-05
23977,GBR.1.25_1_29,53.1128927,-1.5491093,65,0.4197150291693676,2,0.0001851920428792
50168,UKR.15_1_86,48.737227,38.3088561,141,0.419721501990925,2,0.0002502565720697
5412,CHE_4693,47.4209007,8.5081772,12,0.4197292434484674,2,9.25554680134397e-05
22535,FRA.7_1_482,49.2338321,2.9885485999999997,60,0.4197727289563849,2,0.0002235043010188
36973,POL.8_1_265,50.9155067,18.374936200000004,95,0.4197975645893138,2,6.432864568821749e-05
15276,DEU.6_1_67,53.5716862,9.9525424,27,0.4198005556070006,2,0.000296290803738
21833,FRA.4_1_256,48.0266705,1.8793639000000004,55,0.4198041948328548,2,0.0002560426717114
26343,GBR.4_1_332,53.098837800000005,-3.0308499,63,0.4198251967774794,2,5.530231612268759e-05
4694,CHE_2720,47.6834681,8.6621286,12,0.419830289841652,2,0.0001462140861198
14241,DEU.2_1_434,50.019082099999984,10.833815699999995,34,0.4198528474858783,2,0.0001111193419447
18371,ESP.1_1_99,37.381793300000005,-5.9943758,51,0.4198533660524123,2,0.0002592592555241
19002,ESP.6_1_228,41.3038105,2.0731315999999995,53,0.4198718585054172,2,1.8520576360336335e-05
23136,FRA.8_1_2611,48.8632877,2.883068999999999,23,0.4198878322066858,2,3.704115272067267e-05
33315,NLD_823,52.0807573,6.449920799999998,91,0.4198922307621076,2,0.0001545490728998
29682,ITA.13_1_524,45.0755376,7.644223700000001,79,0.4198926567274747,2,6.210160908228398e-05
15072,DEU.4_1_856,52.28465350000001,14.0659335,37,0.4198998518381332,2,3.704115272067267e-05
22324,FRA.7_1_1076,50.6180428,3.0721485000000004,60,0.4199021668673025,2,1.5230003711572486e-08
38614,ROU.25_1_34,44.77316970000001,26.7845788,104,0.4199133716084822,2,0.0001851920428792
16211,DEU.9_1_1112,52.4170163,10.181280199999998,43,0.4199146032040004,2,7.69968964405887e-05
48487,SWE.17_1_38,59.602779600000005,13.6360438,133,0.4199202703954069,2,6.271605762633031e-06
6264,CZE_1817,49.3006311,13.915629,36,0.4199246319103621,2,0.0003385980312264
9472,DEU.10_1_433,50.834735599999995,6.2014683,6,0.419942059449949,2,0.0001790981808535
40549,RUS.26.25_1_20,62.186776900000005,32.541387300000004,108,0.4199445041207519,2,0.0002706881630554
30268,ITA.1_1_14,41.93237650000001,14.3098323,81,0.4199528382257617,2,3.704115272067267e-05
9306,DEU.10_1_3308,51.2235633,8.481074699999999,40,0.4199539309195296,2,3.704115272067266e-05
1703,BEL_1447,50.07803479999999,4.6349799,60,0.4199692193721641,2,3.704115272067267e-05
30923,ITA.4_1_34,38.92194149999999,16.8135672,85,0.420013380868599,2,6.97714103479664e-05
4771,CHE_2886,46.67049899999999,8.743113000000001,11,0.4200253819798129,2,7.521608394496416e-05
16322,DEU.9_1_1438,52.38139030000001,10.535843099999996,43,0.4200549124918973,2,7.44156681944371e-05
11465,DEU.15_1_81,54.07561260000001,9.898169500000002,45,0.420058912862302,2,0.0002887880831408
386,AUT_1760,48.2932837,14.02827,3,0.4200763311417724,2,9.296801491674592e-05
35801,POL.2_1_410,53.44636920000001,18.1125203,94,0.4201016483007686,2,1.081415588997759e-05
4941,CHE_3331,47.46520579999999,8.760293099999998,12,0.4201136864524493,2,0.0002592916441458
45138,RUS.76_1_181,56.043122999999994,40.38435669999999,125,0.4201298823965181,2,0.0002561987971544
31001,ITA.5_1_144,40.67412589999999,14.7280962,86,0.4201327437725715,2,6.860362032239855e-10
23011,FRA.8_1_2029,48.5710587,2.4330895000000003,59,0.4201852949347161,2,2.1435955290899628e-05
8625,DEU.10_1_1342,51.4090387,7.230116499999999,44,0.4201894434669876,2,4.9931856275829695e-05
21164,FRA.1_1_25,46.3354922,2.6112503999999994,57,0.4201929993517919,2,0.0001976183512009
23154,FRA.8_1_2666,48.9079159,2.5463812999999993,60,0.4202371701083433,2,5.518602489338905e-05
29551,ITA.13_1_257,45.0469037,7.672882899999999,79,0.420239420316696,2,0.0001851920428792
7221,CZE_3425,50.3363321,13.3504841,16,0.4202475784794888,2,0.000162830993515
17820,ESP.16_1_335,43.2625807,-2.9330356,49,0.420269913880915,2,1.4846543775799196e-05
36959,POL.8_1_231,50.896351299999985,18.1068472,95,0.4202768960088897,2,5.564423833788138e-05
37713,PRT_742,40.2632357,-8.441332300000001,52,0.4202919344383738,2,0.0001696897450023
14725,DEU.3_1_915,52.45207379999997,13.4491401,38,0.420301805722752,2,0.0002592592555241
42258,RUS.43_1_61,55.5949838,37.6005635,124,0.4203390036114455,2,9.230055005733316e-05
29951,ITA.16_1_387,43.4815103,11.71666,82,0.4203430039818502,2,9.024002322751538e-06
10206,DEU.12_1_154,49.5056885,6.7468745000000006,23,0.4203502916936752,2,3.704115272067267e-05
26288,GBR.4_1_215,51.7323317,-4.714521499999999,63,0.4204583757755348,2,0.0002592592555241
19007,ESP.6_1_238,41.3167071,2.087351,53,0.4204944809704602,2,1.8520576360336335e-05
8458,CZE_91,49.401158900000006,16.3660253,18,0.4205102324289286,2,0.0002081316157728
24955,GBR.1.44_1_278,51.3128247,0.4551667999999999,68,0.4205201685341235,2,0.0003001708894321
25603,GBR.1.87_1_16,51.054141900000005,-3.1941161,67,0.4205237984998611,2,0.0002592592555241
29099,ITA.10_1_200,45.129806599999995,10.6045385,80,0.4205270673210483,2,0.0002326710741254
31408,ITA.6_1_229,44.8431107,10.4461232,80,0.4205400407445133,2,0.0001459544107905
6475,CZE_212,49.77776340000001,15.154195000000003,19,0.4205596166311695,2,6.490764899174466e-05
21651,FRA.3_1_140,47.6045616,-3.1180189,55,0.4205631262153903,2,0.0002222263352379
19944,FIN.5.5_1_3,60.8673225,25.2746549,109,0.4205818594314288,2,0.0001082486877154
15673,DEU.7_1_457,51.125226000000005,9.282302799999998,40,0.420601037133068,2,0.0001481563784482
8547,DEU.10_1_114,51.23489190000001,6.860600299999999,22,0.4206196684878229,2,2.4405978061455167e-05
31676,ITA.8_1_143,41.79533,12.4038771,81,0.4206265487545142,2,0.0003333209798794
37566,PRT_261,38.773391,-9.1593701,52,0.4206411241781646,2,0.0001111193419447
5441,CHE_4767,47.60102139999999,8.2769072,12,0.4206489674969904,2,0.0002195550266643
34283,POL.11_1_63,54.5038453,17.641578499999998,94,0.4206519492545606,2,8.7800083987422e-05
7870,CZE_4666,50.1686082,14.711419100000002,16,0.4206541161218632,2,0.0001225720126806
29022,ITA.10_1_1662,45.777380599999994,8.887097200000001,79,0.4206679692564126,2,7.80997559430097e-06
30,ALB_46,40.49396639999999,19.450552700000003,73,0.420671201037133,2,3.704115272067267e-05
21364,FRA.1_1_859,45.9845133,4.7209936,58,0.4206727011760348,2,3.698442062156673e-05
23212,FRA.8_1_362,48.8367616,2.1524366,61,0.4206868043337346,2,0.0001945943829994
24063,GBR.1.28_1_17,50.63827159999999,-2.0549484,67,0.4206906287619223,2,0.0001111193419447
11728,DEU.16_1_689,50.86824730000001,11.722489699999995,28,0.420727187702565,2,6.400782278566554e-05
39381,ROU.38_1_98,45.8835636,20.9492018,102,0.4207308824891194,2,0.0002075066799488
21949,FRA.4_1_92,47.2676579,0.3619148,55,0.4207525048615612,2,5.740765863977125e-07
18776,ESP.5_1_34,40.803969399999986,-4.8713987,52,0.4207790999166589,2,0.0002220823819746
32422,LVA_366,56.5418585,26.2515377,88,0.4208627095101397,2,0.0002366224278825
6949,CZE_2967,50.04668309999999,14.3053769,16,0.4208784980090749,2,3.704115272067267e-05
12682,DEU.1_1_3479,49.023970099999985,8.375718,32,0.4208906287619225,2,7.399906638202125e-05
32173,LTU_48,54.6411488,22.7593479,88,0.4209537642374294,2,0.0001617783582958
7216,CZE_3418,50.2901457,13.2391012,16,0.4209579868506343,2,3.704115272067267e-05
49329,UKR.11_1_239,50.52322430000001,30.6086261,138,0.4209640151865914,2,2.6182567906833167e-05
16597,DEU.9_1_617,53.3428686,8.785296500000001,43,0.4209720159274006,2,0.000161483497705
21935,FRA.4_1_58,47.409755200000006,0.8962115000000002,55,0.4209822483563293,2,0.0001926382006836
10432,DEU.13_1_445,51.462351,11.7470945,28,0.420993740161126,2,2.4533341918856364e-05
45094,RUS.72_1_8,56.17326619999998,32.4113953,89,0.4210211038059079,2,0.0001111193419447
53535,UKR.8_1_96,49.181325,37.5314412,141,0.4210240207426613,2,0.0002297019734762
26521,GRC_243,38.702038900000005,22.4577656,72,0.4210281044541161,2,1.8473925898517105e-05
48969,TUR_131,40.9884709,28.7728476,135,0.4210283544772664,2,0.0001478999098028
20411,FRA.11_1_283,43.738333,1.3714555000000002,57,0.4210488934160571,2,0.0003081473710088
18084,ESP.17_1_37,43.5027249,-6.0742924999999985,50,0.4210557922029817,2,1.997394405686634e-06
28775,HUN_954,46.1930757,18.1566259,78,0.421055903324382,2,0.0001481563784482
27297,HUN_1015,47.0695946,18.283906499999997,78,0.4210559125844986,2,8.012514892213229e-05
32075,LTU_117,54.72648190000001,23.199566200000003,88,0.4210720900083342,2,0.0003093770579144
14374,DEU.2_1_737,47.6098119,12.190705299999998,0,0.4210788776738587,2,6.860362032239855e-10
11670,DEU.16_1_536,51.641135,10.789780899999997,43,0.4211037225669042,2,0.0002206412799046
35542,POL.1_1_56,51.0210942,17.4040382,37,0.4211297620150014,2,0.0002749503501999
42750,RUS.44_1_496,55.639676299999984,37.355026,124,0.4211408093341975,2,0.0001050449400281
5955,CZE_135,49.841733600000005,14.652371100000002,16,0.421143124363367,2,0.0001886758768146
16245,DEU.9_1_1220,52.862802300000006,9.6999865,43,0.4211439577738678,2,9.360791180322872e-05
37254,PRT_106,38.7498954,-9.1797946,52,0.4211632928974905,2,9.23181539094703e-05
22717,FRA.8_1_1032,48.8317043,2.2372367,61,0.4211751643670711,2,3.704115272067267e-05
29307,ITA.10_1_73,45.5454063,9.173759699999998,79,0.4211789054542088,2,0.0002311170117479
1886,BEL_2078,50.713052099999985,3.836873,60,0.4212231317714603,2,3.2616679149674725e-05
21361,FRA.1_1_852,45.8854699,4.622457,58,0.4212363644781924,2,4.482258918998339e-05
7172,CZE_3346,50.222364500000005,12.8452368,17,0.4212614686545051,2,0.000307085783319
8952,DEU.10_1_2255,50.7219461,7.052680099999999,22,0.4212651078803594,2,0.0001325600997966
37603,PRT_411,38.7475293,-9.117646399999998,52,0.4212668487822946,2,2.487677038684019e-05
51128,UKR.22_1_24,49.0670422,25.44088,143,0.4212684230021298,2,3.704115272067267e-05
13726,DEU.2_1_2706,49.0065341,13.2771563,35,0.4212779609223075,2,0.0002222263352379
9381,DEU.10_1_3492,51.92231219999999,9.1515837,43,0.4212881100101861,2,6.341092065723407e-05
5924,CZE_1292,49.924340300000026,18.082533,20,0.4212990647282155,2,0.0001111193419447
15369,DEU.7_1_1248,50.23189040000001,8.7534859,39,0.4213015464394851,2,5.78269853074035e-05
51102,UKR.22_1_107,48.7892055,26.083144899999994,143,0.4213121955736644,2,0.0001111193419447
19997,FIN.5.8_1_17,63.099475199999986,23.0354276,109,0.4213162052041856,2,7.71212503138765e-05
3383,BLR.2_1_71,52.1766025,31.4888103,152,0.4213485044911566,2,0.0001481563784482
12746,DEU.1_1_3732,48.8667467,9.258075,31,0.4213497360866746,2,3.704115272067267e-05
5582,CHE_625,46.924091100000005,6.636124100000001,13,0.4213599685156033,2,0.0001111193419447
16589,DEU.9_1_599,53.31610610000001,10.152144199999997,43,0.4213618112788221,2,0.0001918669946725
23974,GBR.1.25_1_20,53.0827146,-1.5686175000000002,65,0.4214027317344199,2,3.7041152720672656e-05
33207,NLD_524,52.04405830000002,4.6499035000000015,91,0.421406778405408,2,6.231344222880923e-06
6589,CZE_2382,50.25087120000001,14.530760999999996,16,0.4214156588573016,2,0.0001018370617639
7849,CZE_4614,50.1401053,15.263662200000002,19,0.4214191684415224,2,2.247000356222189e-05
27571,HUN_1575,46.189101699999995,20.7174363,128,0.4214468747106213,2,0.0001192301042576
21769,FRA.3_1_84,48.49449200000001,-3.947852300000001,55,0.4214554866191314,2,0.0003327325894957
2217,BEL_99,51.0162689,4.2011601,7,0.421460320400037,2,0.0001378445341048
8143,CZE_505,48.99299289999999,16.8867437,18,0.4214605148624873,2,3.704115272067267e-05
7070,CZE_3193,48.78109949999999,16.803286500000002,18,0.4214905639411056,2,3.704115272067267e-05
51284,UKR.23_1_26,48.27431420000001,22.943023200000003,101,0.4214949717566441,2,0.0001111193419447
35375,POL.1_1_148,51.07986310000001,17.250831799999997,37,0.4214978794332807,2,9.379986651558104e-05
40890,RUS.34_1_558,46.00946500000001,39.922488,147,0.4215033706824706,2,0.0001539590504317
23889,GBR.1.1_1_10,53.53382839999999,-1.3128969,65,0.4215084267061765,2,2.9197391510152136e-06
34768,POL.14_1_309,53.4789426,19.640207,97,0.4215193999444394,2,5.903270381504765e-05
1023,AUT_3276,47.9470056,16.759065200000002,5,0.4215253634595795,2,5.612014180729316e-05
24226,GBR.1.33_1_72,51.8692939,0.5681965,64,0.4215332901194554,2,3.704115272067266e-05
39841,RUS.14_1_147,59.87916959999998,30.4076044,116,0.4215578386887676,2,7.408093336893888e-05
15388,DEU.7_1_1302,49.9818144,8.7497004,39,0.4215645800537086,2,0.0001137243494464
16241,DEU.9_1_1202,52.81812920000001,8.987691,43,0.4215674692101119,2,0.0001851920428792
19723,FIN.1_1_10,62.9125066,30.241480000000003,109,0.4215792295582924,2,0.0001832102277511
10742,DEU.14_1_1270,50.65211,13.205642500000002,26,0.4215916103342901,2,3.704115272067267e-05
18973,ESP.6_1_151,41.1924256,1.6064222,53,0.421593684600426,2,5.095495364567728e-05
20050,FRA.10_1_183,45.94075580000001,-0.5099568000000001,55,0.4216099731456617,2,2.348808283690464e-07
40143,RUS.21_1_22,54.928788999999995,20.3630841,88,0.4216264098527642,2,4.6993479920843034e-08
19942,FIN.5.5_1_16,60.93592910000001,25.934526099999996,109,0.4216276044078155,2,0.0002742886742435
40701,RUS.34_1_122,44.71240079999998,40.704966799999994,111,0.4216896008889713,2,3.704115272067267e-05
34564,POL.12_1_785,50.7683869,19.317191599999997,95,0.4216909621261228,2,0.0001588749402966
44711,RUS.70_1_172,54.2870788,37.4676838,118,0.4216984165200482,2,0.0002927580780473
24114,GBR.1.31_1_34,53.7269328,-0.5781491000000001,65,0.4217238818409111,2,0.0001850834613159
27527,HUN_152,48.103626600000005,20.6227281,77,0.4217463098435041,2,0.0001111193419447
12113,DEU.1_1_1764,48.7410694,9.153515699999998,31,0.4217526993240114,2,4.2070896577581915e-07
49134,TUR_546,41.24663,27.8857091,8,0.4217638022039078,2,0.0003129533653812
8346,CZE_695,49.91671230000001,17.848111999999997,20,0.4217643392906751,2,0.0002222263352379
34601,POL.13_1_139,51.0972299,20.8032124,144,0.4217781553847578,2,0.0002575735051494
16810,DNK_1105,55.3094862,12.3856747,46,0.4217788684137419,2,3.704115272067266e-05
37052,POL.9_1_14,50.0722455,21.529379799999997,99,0.4217939068432262,2,0.0002187240194042
8161,CZE_5075,50.5007691,15.3365459,19,0.4218026576534864,2,5.465845960670069e-05
1506,AUT_905,47.70408489999999,16.9034574,5,0.421810565793129,2,6.503803222304541e-05
17584,ESP.12_1_128,42.83287059999998,-7.393376499999999,48,0.4218131864061488,2,0.0001300443366469
17052,DNK_28,55.8109594,8.6228626,45,0.4218156403370683,2,2.184465044369095e-05
26715,GRC_774,38.0171203,23.8125006,72,0.4218181127882212,2,0.0001296379745358
16411,DEU.9_1_261,52.894087799999994,8.038536500000001,42,0.4218209649041577,2,0.0001111193419447
374,AUT_1746,48.296416,13.979304199999998,3,0.4218489397166404,2,0.0001864061659213
12000,DEU.1_1_1453,48.6441546,9.4436916,31,0.421851764052227,2,0.0002222263352379
5739,CZE_1,48.619069200000006,14.3491496,15,0.4218566163533659,2,0.0001481563784482
7709,CZE_4408,50.00239560000001,15.2187688,19,0.4218659505509771,2,0.0003113457883656
26980,HRV_396,45.336827199999995,17.8978872,74,0.4218660153717936,2,0.0002384428684769
36947,POL.8_1_195,50.7290478,18.0361483,95,0.4218671173256783,2,0.0002324087010735
47381,SVK_336,49.1368961,20.216073499999997,131,0.4218863968886008,2,1.931906522482747e-05
34220,POL.11_1_430,54.5586088,17.721550299999997,94,0.4218883322529865,2,0.0001851920428792
43933,RUS.58_1_520,47.78709189999999,40.6401294,126,0.4219109454579127,2,0.0002222263352379
22699,FRA.7_1_970,50.5414709,2.8367736000000003,60,0.4219173719788869,2,8.842495214893105e-05
11606,DEU.16_1_399,51.17958450000001,11.2485554,28,0.4219290582461339,2,0.0001407110763699
15802,DEU.7_1_754,50.7061399,8.699106600000002,40,0.4219633114177239,2,0.0002777584213251
37450,PRT_1691,41.175095000000006,-8.541880500000001,100,0.4219712936382998,2,3.704115272067267e-05
19861,FIN.4_1_28,60.14056349999999,24.2214406,109,0.4219778405407908,2,0.0001279647360411
29264,ITA.10_1_596,45.5867712,10.087089399999998,79,0.4219877951662191,2,1.8488485458935417e-05
7755,CZE_447,49.531165300000005,17.1046771,18,0.4219974719881471,2,0.0001111193419447
27777,HUN_1853,48.276301,20.555927200000003,77,0.4219998888785998,2,0.0001414814820423
50719,UKR.19_1_146,50.4177099,26.1031566,143,0.4220053523474395,2,3.704115272067267e-05
7932,CZE_4749,50.5969605,16.1497425,19,0.4220302713214187,2,0.0001394536709975
25151,GBR.1.52_1_41,52.9697297,-0.1867064,65,0.4220309750902861,2,0.0002222263352379
477,AUT_1936,48.36985880000001,13.5657428,3,0.4220657653486434,2,0.0001199944797514
41252,RUS.38_1_110,59.3825979,30.30360899999999,115,0.4220716825632004,2,3.704115272067267e-05
23810,GBR.1.16_1_20,52.56815090000001,-0.3898649,64,0.4220813871654783,2,3.704115272067266e-05
29093,ITA.10_1_188,45.220465399999995,10.402342399999998,80,0.4220886841374202,2,4.495397211935492e-05
10202,DEU.12_1_141,49.476019400000006,6.602238999999999,23,0.4220895916288545,2,0.0001674598387914
2290,BGR_121,43.0014442,22.8936262,129,0.4220930919529586,2,0.0001481563784482
4032,CHE_1020,47.22049059999999,7.025415599999999,33,0.422094860635244,2,7.196752539066209e-05
34447,POL.12_1_443,50.114136900000005,18.98601829999999,95,0.4221023242892859,2,1.1996805121695736e-05
844,AUT_2767,47.01991629999999,15.405318800000002,3,0.4221023891101027,2,0.0002588290670284
15881,DEU.7_1_958,50.193259399999995,8.809467399999999,39,0.4221095101398277,2,0.0001616853957111
20593,FRA.11_1_775,44.14218619999999,1.8851008,57,0.4221227150662098,2,3.965969436159736e-05
752,AUT_2506,46.714665100000005,15.7215906,3,0.4221377627558107,2,0.0001481563784482
20042,FRA.10_1_170,45.8944755,-0.7985976000000001,55,0.4221463468839708,2,0.0001291590235327
25921,GBR.3_1_267,55.8712226,-4.2691792,70,0.4221469302713214,2,5.28553591242137e-05
26507,GRC_203,41.0132818,22.5511921,72,0.4221919159181406,2,1.873047030651233e-06
29957,ITA.16_1_392,43.28850830000002,11.771923399999997,82,0.4222105657931291,2,1.065299884239646e-07
21327,FRA.1_1_733,45.7968838,4.759945,58,0.422224891193629,2,2.032579453572691e-05
37620,PRT_471,38.64460840000001,-8.995802900000001,52,0.4222325400500046,2,0.0001851920428792
29991,ITA.16_1_47,42.9478837,10.9337407,82,0.4222401426057968,2,3.993437224076514e-05
21972,FRA.6_1_1063,48.3218028,7.4358593,29,0.4222594406889527,2,9.94612125283538e-05
28625,HUN_763,46.4885905,17.4589999,78,0.4222930549124918,2,0.0001111193419447
14946,DEU.4_1_494,52.06105279999999,12.3920699,28,0.4222940457449763,2,0.0001970330885377
13156,DEU.1_1_927,48.0756475,7.7279384,29,0.4223060746365403,2,9.851998260811824e-05
49555,UKR.13_1_141,48.675241199999995,32.88467549999999,152,0.4223093249374942,2,0.0001481563784482
23089,FRA.8_1_2417,48.613671200000006,2.8889461,59,0.4223098342439114,2,9.41000763504926e-06
12984,DEU.1_1_566,48.32626689999999,9.0379138,14,0.4223209000833411,2,0.0001805534819804
29158,ITA.10_1_33,45.21197690000001,8.872203800000001,79,0.4223238170200945,2,7.266546308146466e-05
16745,DEU.9_1_91,53.233983900000005,8.463978800000001,42,0.422346309843504,2,0.0001851920428792
48427,SWE.15_1_79,59.45911480000001,17.924278700000002,133,0.4223510139827762,2,0.0001851920428792
22353,FRA.7_1_1151,50.6296509,3.0749234999999997,60,0.4223537457171961,2,5.5527784173015434e-05
15214,DEU.6_1_304,53.6412442,10.082600100000002,27,0.4223600703768867,2,3.704115272067267e-05
13150,DEU.1_1_916,48.0403464,7.6486492,29,0.4223816001481618,2,2.0524087197552576e-05
42659,RUS.44_1_246,55.6785931,36.9140282,118,0.4223914066117231,2,3.704115272067267e-05
43766,RUS.58_1_109,47.2348775,38.899756499999995,151,0.4223943605889435,2,3.4301810161199286e-10
10213,DEU.12_1_183,49.4267477,7.223926100000001,24,0.4224028891564033,2,0.000296290803738
6135,CZE_1688,48.806309600000006,13.938783799999998,15,0.4224056116307066,2,0.0002536673259204
36852,POL.7_1_858,52.2527198,21.2525979,144,0.4224287711825168,2,0.000127914924848
10623,DEU.13_1_967,51.8557059,12.7481231,28,0.4224300675988517,2,5.1191487481841255e-05
29184,ITA.10_1_389,45.17188200000001,9.889607099999996,80,0.4224397629410131,2,0.0002126729270343
26201,GBR.3_1_989,56.40100249999999,-4.9833361,70,0.4224420872302991,2,0.0001851920428792
6816,CZE_2743,50.58913100000001,13.900652399999998,16,0.4224832577090471,2,0.0001388990461628
35758,POL.2_1_309,52.7850833,17.7438724,94,0.4224875266228354,2,3.704115272067267e-05
5845,CZE_1127,50.2842778,17.094568699999996,20,0.4225003796647837,2,0.0003333209798794
2558,BGR_533,42.896378699999985,25.360743,8,0.422512260394481,2,3.704115272067266e-05
10502,DEU.13_1_622,52.21873940000001,11.7843086,28,0.4225293360496343,2,0.000133595526726
11271,DEU.15_1_131,53.79182460000001,9.8621119,27,0.42253138253542,2,9.376059232695595e-05
11174,DEU.14_1_810,50.96620809999999,14.2322136,26,0.4225466339475877,2,0.0001951885029297
19506,ESP.8_1_772,40.527386699999994,-3.658462300000001,54,0.4225470784331883,2,0.0002222263352379
5044,CHE_3610,46.483090899999986,8.7908019,11,0.4225977312714139,2,3.704115272067267e-05
34618,POL.13_1_184,51.0108605,21.1513734,144,0.4226101768682286,2,0.0001204162895373
4636,CHE_2609,47.6853182,8.752245400000001,12,0.4226181220483379,2,0.0001415490149002
42522,RUS.44_1_1429,56.09469769999998,37.901042,124,0.4226208630428744,2,0.0003143209739742
7743,CZE_4456,50.1393601,16.218614300000002,19,0.4226215297712751,2,0.0001851920428792
22481,FRA.7_1_334,49.6592258,1.9382255,60,0.4226223724418927,2,0.0001481563784482
49944,UKR.15_1_109,48.58151990000001,38.9231064,126,0.4226312621539031,2,0.0001851920428792
35283,POL.16_1_334,54.20050310000001,15.749221300000002,94,0.4226789610149088,2,7.207101831473479e-05
5452,CHE_4830,47.48230239999999,8.459600100000001,12,0.4226813223446616,2,0.0001481563784482
16394,DEU.9_1_219,52.331308500000006,8.3169367,43,0.4227054171682563,2,7.6885516580874e-05
21160,FRA.1_1_241,45.7845524,3.2882797000000004,57,0.4227211778868414,2,1.3529772978855732e-05
22791,FRA.8_1_131,48.8716086,2.0954931,61,0.4227283544772665,2,5.705099715951812e-05
15333,DEU.7_1_1125,50.205983800000006,8.5788995,39,0.4227559125844986,2,0.0002222263352379
4420,CHE_2022,46.9153281,7.9363271,33,0.4227695712565978,2,0.0001856630095271
34465,POL.12_1_489,49.7205013,18.816718199999997,95,0.4227784794888415,2,0.0002592592555241
49044,TUR_349,41.06277119999999,28.8557021,135,0.4227824242985462,2,0.0001295224939529
42118,RUS.43_1_135,55.63328249999999,37.743845400000005,124,0.4227877581257524,2,4.786185064605305e-05
5857,CZE_1148,49.69373610000001,18.5964887,95,0.4227893971664042,2,0.000143661524347
32227,LUX_13,49.52253,5.8915895,6,0.4227951384387444,2,5.2872537019342574e-05
26067,GBR.3_1_621,55.8536445,-4.1595853,70,0.4228011575145846,2,1.8809735719736716e-05
46773,SRB_759,46.02356910000001,19.6812368,128,0.4228309843504029,2,6.614233147136577e-05
49374,UKR.11_1_91,50.395223300000005,30.6162428,138,0.4228381239003611,2,7.761745223685961e-05
17361,ESP.10_1_170,39.4272599,-0.7875080000000001,47,0.4228414112417815,2,7.557314900887012e-05
10417,DEU.13_1_406,51.18007379999999,11.781250899999998,28,0.4228433466061672,2,0.0001265297026793
48357,SWE.15_1_441,59.2949935,18.2354923,132,0.4228460598203537,2,0.0003333209798794
4965,CHE_3394,47.417783400000005,8.848537799999999,12,0.4228601814982869,2,0.0001028229535871
28720,HUN_885,46.430047300000005,17.847539499999996,78,0.4228659042503936,2,0.0002076136386669
48588,SWE.20_1_43,60.06858509999999,15.9377488,133,0.4228868876747847,2,3.704115272067267e-05
50155,UKR.15_1_71,48.7694993,38.4098668,141,0.422906630243541,2,1.7686124626755814e-05
19330,ESP.8_1_170,40.3761572,-3.7341489,54,0.4229076858968423,2,7.436114158930495e-05
22755,FRA.8_1_1143,49.0976641,2.3608193,61,0.4229137420131493,2,0.0001111193419447
19615,EST_128,58.8049723,25.4226978,115,0.4229214834706917,2,0.0002592592555241
9923,DEU.11_1_293,50.3187002,6.6148489,25,0.4229250393554958,2,0.000135877536288
39880,RUS.14_1_255,59.9722202,30.211956600000004,116,0.422932984535605,2,3.704115272067267e-05
36329,POL.6_1_131,49.945688100000005,19.8043671,99,0.4229499490693582,2,4.4052392631336715e-05
6906,CZE_2894,49.6615976,14.556494700000004,16,0.4229703491063987,2,0.0001481563784482
37856,ROU.10_1_20,44.407291599999986,26.194405,104,0.4229802944717103,2,3.704115272067267e-05
36571,POL.7_1_1107,51.6482238,21.7596866,144,0.4229954718029448,2,4.469585708370574e-05
9595,DEU.10_1_749,51.0517863,8.2901594,40,0.4230174275395869,2,0.0001111193419447
33069,NLD_1679,50.9195818,5.89277,6,0.4230231502916936,2,3.943819441728176e-05
7799,CZE_4530,50.08065220000001,16.75614,20,0.4230374849523104,2,0.000296290803738
2421,BGR_311,42.67074580000001,23.3707792,8,0.4230403926289471,2,3.704115272067266e-05
45384,RUS.77_1_365,48.7177142,44.5304551,121,0.4230465228261876,2,0.0001111193419447
4481,CHE_2209,47.11984650000001,7.2401656,33,0.4230477359014722,2,0.0002572167957444
50392,UKR.17_1_241,47.05405459999999,30.156110500000004,137,0.4230583016946013,2,0.0001481563784482
5332,CHE_4433,47.32453240000001,8.0184327,12,0.4230622372441892,2,0.0001758852264407
37477,PRT_1768,41.12609809999999,-8.6057313,100,0.4230636077414575,2,0.0001851920428792
14818,DEU.4_1_18,52.7041584,13.143352499999995,38,0.4230655245856098,2,8.322907028525154e-05
25315,GBR.1.63_1_125,54.3082776,-0.7443883999999998,69,0.4230708954532827,2,3.704115272067266e-05
31385,ITA.6_1_184,44.6344293,10.9311678,80,0.4230721270488008,2,0.0002906763136372
27506,HUN_1454,47.573722,19.017789299999993,76,0.4230770534308732,2,0.0001928361173257
22714,FRA.8_1_1017,48.996287800000005,2.2595197999999996,61,0.4230834799518474,2,0.0001530962774918
4499,CHE_2264,47.1324388,8.3227267,12,0.4230848782294657,2,9.777211913276646e-05
16809,DNK_1102,55.306981,12.1956567,46,0.4230906287619224,2,0.0001111193419447
5766,CZE_1030,49.9748752,17.8585998,20,0.4231127789610149,2,0.0001959082160865
31958,ITA.9_1_117,44.433877900000006,8.8466696,87,0.4231130104639319,2,0.0001333971117691
171,AUT_132,48.3732327,15.615813800000003,4,0.4231135105102324,2,3.312455462420205e-05
42528,RUS.44_1_1441,55.9464999,37.8613072,124,0.42311714047597,2,0.0002222263352379
35391,POL.1_1_175,51.12245460000002,17.1142732,37,0.4231361514955088,2,0.0001284453347179
21368,FRA.1_1_868,45.8400552,4.7340713999999995,58,0.4231494027224743,2,1.9004462970590392e-05
29097,ITA.10_1_197,45.12445890000001,10.5332949,80,0.4231709602740994,2,0.0002030656648232
21182,FRA.1_1_307,45.19333010000001,6.6590437,58,0.4231820724141125,2,8.679459096178904e-05
47207,SVK_195,48.619467,17.449096400000006,5,0.4231856097786833,2,0.0001111193419447
34985,POL.15_1_509,53.21924699999999,16.8712136,94,0.4232039540698212,2,7.172002304505447e-05
39298,ROU.38_1_165,46.00281,21.044070999999995,102,0.4232167330308363,2,4.7964654482761e-05
30070,ITA.17_1_162,46.288056100000006,11.232693,2,0.4232224835632928,2,2.218183723757554e-08
5833,CZE_1114,50.552427300000005,16.1848371,19,0.4232242152051116,2,0.0001408380068525
52405,UKR.5_1_224,48.016662100000005,36.2636018,149,0.4232495323641078,2,0.0001111193419447
9358,DEU.10_1_3438,51.97736879999999,8.7146913,43,0.4232526530234281,2,6.425044132954922e-05
10164,DEU.11_1_96,50.337411,7.682414100000001,25,0.4232697564589314,2,0.000113095052781
33604,NOR.15_1_74,63.43722540000001,10.416639299999996,93,0.4233209741642745,2,3.660226105966012e-05
30713,ITA.2_1_51,40.0686408,18.0524394,84,0.4233276877488656,2,0.0002036515620175
27191,HRV_806,45.256410200000005,16.880222500000002,74,0.4233286230206501,2,0.0001777594389498
17790,ESP.16_1_284,43.210887,-3.1386245,49,0.4233315769978701,2,5.6263714706345125e-05
28359,HUN_356,47.83841349999999,18.851298199999995,130,0.4233496897860914,2,0.000161445779327
8764,DEU.10_1_173,51.53415190000001,7.017173700000001,44,0.423367126585795,2,1.289484298025153e-05
10756,DEU.14_1_130,51.318976600000006,12.2907192,28,0.4234160570423187,2,7.408093336893888e-05
25727,GBR.1.96_1_62,52.1043512,1.3381526999999995,64,0.4234194925456062,2,0.0002924571452049
33466,NOR.12_1_183,60.009015999999995,10.804560400000002,92,0.4234370867672933,2,3.704115272067267e-05
48609,SWE.21_1_134,58.52962880000001,11.579031,134,0.4234519399944439,2,0.0002222263352379
20259,FRA.10_1_708,46.1714884,1.4324266,57,0.4234610426891378,2,6.412952319656044e-05
9627,DEU.10_1_844,51.303397,7.527863600000002,22,0.4234664691175108,2,0.0003074316228429
52655,UKR.6_1_101,48.6819426,37.5244174,149,0.4235028798962867,2,0.0001851920428792
3839,BLR.6_1_197,55.1233039,26.857598999999993,89,0.4235063431799241,2,3.704115272067267e-05
9325,DEU.10_1_3348,51.7121307,8.6454638,44,0.4235488008148903,2,6.684315903361123e-05
13388,DEU.2_1_1744,48.243652700000005,11.8829547,1,0.4235665339383276,2,0.0001111193419447
18898,ESP.6_1_1160,41.412289400000006,2.1079533,53,0.4235684878229467,2,2.1576594457855216e-05
19084,ESP.6_1_447,41.435592699999994,2.1483744,53,0.4235715992221502,2,8.204004063941771e-05
21563,FRA.2_1_46,46.728340900000006,3.1717799999999996,59,0.4235809426798777,2,3.4749315795079135e-05
5613,CHE_706,47.244215700000005,6.9852338000000005,33,0.423587165478285,2,0.0003010351371348
11955,DEU.1_1_135,48.910534799999986,8.258004600000001,32,0.423590582461339,2,3.0179956899442235e-05
42249,RUS.43_1_576,55.64987210000001,37.7012902,124,0.4236046578386888,2,4.18288339213961e-05
24124,GBR.1.32_1_110,50.9900567,0.1313543,68,0.423620557459024,2,3.704115272067267e-05
29878,ITA.16_1_201,43.831281100000005,10.619251099999998,82,0.4236264839336976,2,1.8480100224346125e-06
16,ALB_3,41.05883119999999,19.8440646,73,0.4236271043615149,2,0.0002222263352379
19641,EST_189,58.288803699999995,26.7290927,115,0.4236291323270673,2,0.0002588885600286
23826,GBR.1.16_1_56,52.6728741,0.3831294,64,0.4236632928974906,2,3.704115272067266e-05
39259,ROU.38_1_105,45.709884,20.887728399999997,102,0.4236869247152515,2,0.0002889262522454
14103,DEU.2_1_3716,49.543259099999986,11.3353647,34,0.4237006667284008,2,0.0001111193419447
22847,FRA.8_1_150,49.0497291,2.0332574,61,0.4237206130197241,2,3.704115272067266e-05
1701,BEL_1441,50.19028530000001,4.5351356,60,0.423761524215205,2,0.0002592592555241
40155,RUS.21_1_247,55.0736435,21.727395099999995,88,0.4237634595795908,2,0.0003426811408462
36077,POL.4_1_249,51.23556539999999,23.588778499999997,98,0.4237743494768035,2,0.000296290803738
5235,CHE_4169,47.162961399999986,7.5269623,33,0.4237922770626909,2,0.0001168312781243
22940,FRA.8_1_1826,48.89085129999999,2.3773680999999995,61,0.4237945180109269,2,7.481062969687133e-06
11565,DEU.16_1_310,50.499746599999995,10.7216512,28,0.4237993240114826,2,0.0001509806063132
28263,HUN_2890,47.96604469999999,22.464693099999995,101,0.4238055005093064,2,0.0001602579320592
591,AUT_213,47.955550800000005,16.3058816,4,0.4238157144180016,2,4.970428895417621e-05
4277,CHE_1661,46.572339500000005,8.0102027,11,0.4238312528937865,2,3.704115272067267e-05
46566,SRB_466,44.836476100000006,20.3716146,128,0.4238372349291602,2,0.0002612500404876
31166,ITA.5_1_647,40.861147300000006,14.2204214,86,0.4238427076581165,2,0.0001684274243669
21428,FRA.2_1_111,48.0851042,3.2866333,59,0.423847745161589,2,3.132492118070153e-05
30532,ITA.2_1_10,40.0835803,18.3471897,84,0.4238543661450135,2,0.0002221913473915
8117,CZE_4994,50.0312023,15.7891641,19,0.423854579127697,2,3.704115272067267e-05
16600,DEU.9_1_623,53.1628334,10.0440031,43,0.423857820168534,2,0.0001415927360289
13824,DEU.2_1_2925,49.2614316,12.675054099999995,17,0.4238587554403185,2,0.0001851920428792
7994,CZE_4840,50.39702160000001,15.105450800000002,19,0.4238849615705158,2,0.0002168727590447
14034,DEU.2_1_3482,49.496825900000005,10.8011193,34,0.4238940179646263,2,0.0002592592555241
29526,ITA.13_1_203,44.7979758,8.439651300000001,87,0.4238950365774609,2,0.0001760888215916
39645,ROU.6_1_10,46.9619118,24.364712200000003,107,0.4238968793406796,2,0.0002051608410752
13180,DEU.2_1_1,50.47724390000001,10.1806431,28,0.4239075006945088,2,3.704115272067267e-05
5848,CZE_1130,50.3227399,17.107734100000002,20,0.4239218909158256,2,0.0002592592555241
26769,GRC_946,38.0119208,23.728663,72,0.4239238170200943,2,7.418452483562572e-05
21632,FRA.3_1_115,48.624590100000006,-3.174281899999999,55,0.4239238170200944,2,0.0002592592555241
11761,DEU.16_1_773,50.76786689999999,12.0583776,28,0.4239326789517547,2,0.0002222263352379
15163,DEU.6_1_126,53.46544,9.9630625,43,0.4239347624780071,2,7.703825263574977e-05
4609,CHE_2556,47.0912843,7.7920324,33,0.4239372812297434,2,0.0001001313646712
32914,NLD_1184,52.4890911,4.792942200000001,91,0.423946652467821,2,0.0001954431600193
41843,RUS.4.18_1_7,64.0411931,44.089438400000006,113,0.4239662746550607,2,0.0001481563784482
17755,ESP.16_1_191,42.8463131,-2.3888912,49,0.4239759329567552,2,4.145191034876807e-05
22850,FRA.8_1_152,49.06300400000001,2.0576891999999996,61,0.4239942031669599,2,0.0002096824282359
35829,POL.2_1_85,52.802404800000005,18.8710916,94,0.4239961477914621,2,0.0001137970365525
46686,SRB_659,45.0510865,21.1554287,102,0.4240163718862857,2,0.0001111193419447
18325,ESP.1_1_566,36.73289979999999,-4.6647665,51,0.4240168626724697,2,3.703189123192914e-05
48996,TUR_214,40.999928699999984,28.9331768,135,0.4240170108343365,2,5.558721532595876e-05
11413,DEU.15_1_453,53.63036410000001,9.8390359,27,0.4240251967774794,2,0.0003231606703217
25517,GBR.1.81_1_4,52.477419799999986,-2.0308221,63,0.4240267432169645,2,7.756287653621051e-06
13603,DEU.2_1_2376,50.2185441,11.7095241,17,0.4240478007222891,2,3.704115272067267e-05
8786,DEU.10_1_179,51.5023551,7.212247600000001,44,0.4240540976016297,2,4.467046234832447e-05
49005,TUR_230,41.019310299999994,28.857615299999996,135,0.4240865728308177,2,7.400341617823317e-05
19785,FIN.4_1_12,59.979590400000006,23.4434921,109,0.4240873321603852,2,0.0001851920428792
23588,GBR.1.108_1_7,52.2914546,-1.7839991999999998,63,0.4241028150754699,2,0.0002222263352379
42771,RUS.44_1_54,55.606581700000014,37.2867817,124,0.4241094823594776,2,2.7607641262993737e-05
5072,CHE_3682,47.582641900000006,9.1738344,12,0.4241145754236504,2,9.616115542035472e-05
42568,RUS.44_1_1567,56.395930400000005,38.37293209999999,114,0.4241276044078155,2,3.704115272067267e-05
8515,DEU.10_1_10,51.4353034,7.792126800000001,44,0.4241326882118714,2,0.0003333209798794
20240,FRA.10_1_667,45.160164399999985,1.0686751,57,0.424136605241226,2,3.356114990910913e-05
6777,CZE_2681,49.722609200000015,13.6169884,36,0.4241381053801278,2,0.0002464882931971
25642,GBR.1.90_1_17,50.8990424,-1.3766466000000002,67,0.4241543846652467,2,7.464702757596588e-05
3356,BLR.2_1_43,52.141377799999994,29.9030997,9,0.4241571256597833,2,0.0001481563784482
1369,AUT_65,46.877514000000005,15.298443500000005,3,0.4241796647837763,2,3.704115272067267e-05
12115,DEU.1_1_1766,48.74493999999999,9.1345059,31,0.4241833780905639,2,1.7568305154678105e-06
23237,FRA.8_1_449,48.707397099999994,2.2370597,55,0.4241847948884156,2,0.000296290803738
35810,POL.2_1_445,53.5198253,18.266994,94,0.4242022131678859,2,4.851177409445812e-05
18047,ESP.17_1_261,43.43478490000001,-5.7100099,50,0.4242045467172887,2,5.614672739674703e-05
16113,DEU.8_1_612,53.49071110000001,12.389238799999998,41,0.4242099731456616,2,3.6139320610813195e-05
46503,SRB_378,44.384748399999985,20.774979599999995,129,0.424214927308084,2,6.860362032239855e-10
15579,DEU.7_1_272,50.359640600000006,8.159714600000001,39,0.4242167330308362,2,3.066829773200045e-05
24981,GBR.1.44_1_70,51.255222399999994,0.484222,68,0.4242297620150014,2,4.41018645479128e-06
15425,DEU.7_1_1438,50.140442,8.748924500000001,39,0.4242301602000185,2,3.704115272067267e-05
17111,DNK_450,57.4732312,9.9658307,45,0.4242301972404852,2,0.0002592592555241
20344,FRA.11_1_13,42.915495199999995,0.6519259000000001,57,0.4242310028706361,2,3.704115272067267e-05
33658,NOR.19_1_3,59.1353268,10.222854,92,0.4242323918881377,2,0.0002225580337421
30027,ITA.16_1_71,44.043996,11.152332999999995,82,0.4242430039818501,2,3.6593151478933015e-05
34192,POL.11_1_366,54.326423600000005,19.15346989999999,97,0.4242522733586443,2,3.704115272067267e-05
1669,BEL_1348,50.42168240000001,4.473685000000001,60,0.4242813686452449,2,0.0001481563784482
12587,DEU.1_1_3190,49.15133969999999,8.984433000000001,31,0.4242910825076396,2,6.209757416301119e-05
23855,GBR.1.18_1_3,53.0195948,-2.5956110999999993,63,0.4242934438373923,2,9.761803413855106e-05
14132,DEU.2_1_3790,49.7042932,11.1089619,34,0.4242963237336791,2,0.0003333209798794
25710,GBR.1.96_1_10,52.45899210000002,1.5695939,64,0.4242981757570144,2,7.137448733435641e-05
25964,GBR.3_1_367,55.9411825,-4.7721679,70,0.4243000463005833,2,0.0001111193419447
33586,NOR.15_1_29,62.7492477,9.984908199999998,93,0.4243172793777202,2,0.0002082270919088
5049,CHE_3632,46.497323300000005,9.8457762,83,0.4243220390776924,2,6.860362032239855e-10
36713,POL.7_1_435,52.2818449,20.9493724,144,0.4243234929160107,2,7.361178108971558e-05
14306,DEU.2_1_572,48.3010224,10.13494,14,0.4243597370126865,2,3.704115272067267e-05
19488,ESP.8_1_721,40.4592961,-3.6455637999999992,54,0.4243656449671266,2,3.675848457049047e-05
1924,BEL_2202,50.9080695,3.646290599999999,7,0.4243757477544216,2,0.000104860667093
14342,DEU.2_1_67,49.6688465,9.2131817,30,0.42439138809149,2,9.625713726164705e-05
11339,DEU.15_1_3,54.88869210000001,8.3694468,45,0.4243979442540976,2,3.704115272067267e-05
27501,HUN_1438,47.5860909,19.044985299999993,76,0.4244022039077692,2,0.0002592592555241
23949,GBR.1.22_1_86,54.39628840000001,-3.4851710999999996,62,0.4244083341050097,2,3.3588332509846348e-06
8273,CZE_57,49.792053300000006,15.9719982,19,0.4244174738401704,2,0.0002093780963784
7835,CZE_4596,50.2556798,15.2157387,19,0.4244410593573479,2,6.126860275005563e-05
51731,UKR.26_1_22,47.0376254,35.0827299,145,0.4244576164459671,2,3.908005231665435e-05
4765,CHE_2862,46.8317565,9.6133638,83,0.424458542457635,2,0.0001851920428792
14451,DEU.2_1_930,48.0633229,11.6783645,1,0.4244775534771738,2,0.0001048136201348
48928,SWE.8_1_42,57.67282510000001,15.8399131,134,0.4244790350958422,2,3.2284421339264156e-05
18999,ESP.6_1_217,41.364098600000005,2.0316069000000003,53,0.4244947402537272,2,0.0001246044133101
37330,PRT_1314,41.208218300000006,-8.647167499999998,100,0.4245006759885175,2,0.0002592592555241
21757,FRA.3_1_58,48.49580440000001,-4.082203000000001,55,0.4245048986017224,2,0.0002588588390602
19111,ESP.6_1_54,41.33778599999999,1.1764331,53,0.4245150939901843,2,4.845296268359638e-05
41273,RUS.38_1_1146,59.5357416,33.940441299999996,117,0.4245166219094359,2,0.0001111193419447
47171,SVK_1861,48.840281299999994,18.6450718,130,0.4245185387535882,2,3.704115272067267e-05
11649,DEU.16_1_500,50.7179731,11.3398094,28,0.4245190202796555,2,2.153231153665235e-06
1600,BEL_1121,50.62023680000001,4.6358682,6,0.424532901194555,2,0.0001473311890944
9320,DEU.10_1_3339,51.87524040000001,8.533629600000001,44,0.4245342346513566,2,0.0001111193419447
36750,POL.7_1_57,52.258073,20.269697700000005,96,0.4245409852764145,2,0.0001111193419447
4831,CHE_301,46.57699239999998,6.4322545,13,0.4245464209649041,2,0.0001851920428792
4904,CHE_3218,47.3001061,9.4356555,12,0.424553514214279,2,3.704115272067267e-05
6999,CZE_3073,50.5387295,14.0631712,16,0.4245563755903325,2,0.0002737665135017
27557,HUN_156,48.1387654,20.6005138,77,0.424557477544217,2,3.704115272067267e-05
19338,ESP.8_1_197,40.3699785,-3.6943221999999993,54,0.4245645430132421,2,7.289050575843272e-05
30590,ITA.2_1_24,40.140622400000005,18.414075500000003,84,0.4245766737660895,2,3.704115272067267e-05
16893,DNK_133,55.990703100000005,8.745145999999998,45,0.4245963885544958,2,0.0001888202596794
25014,GBR.1.47_1_2,53.36444330000001,-2.8303056,62,0.4246033892027039,2,0.0001371104134566
11736,DEU.16_1_706,51.0645119,11.579709199999998,28,0.4246077970182424,2,9.083664003397009e-05
20265,FRA.10_1_72,46.107422,-1.1153914,55,0.4246127604407815,2,2.0553471040081622e-05
21068,FRA.1_1_1135,45.8966784,4.919752,58,0.4246683211408463,2,0.0001114064012794
43534,RUS.54_1_173,53.408315900000005,42.4761797,120,0.4246881933512362,2,0.0002222263352379
34523,POL.12_1_656,50.5740424,19.329871899999997,95,0.4246965737568294,2,0.0001684705733715
49089,TUR_456,41.1132374,28.790655000000005,135,0.4247024631910361,2,9.244103442740436e-05
9497,DEU.10_1_496,50.887365,6.118934799999999,6,0.4247086582090935,2,2.7948220409156307e-05
19602,EST_1,59.33327730000001,24.133629900000003,115,0.4247135290304658,2,3.704115272067267e-05
5950,CZE_1343,49.5828339,18.1322571,21,0.4247233817946106,2,0.0001272256332467
8624,DEU.10_1_1341,51.4689036,7.2269261,44,0.4247311973330864,2,0.0002592592555241
6257,CZE_181,49.1564194,16.729844299999996,18,0.4247471062135383,2,6.860362032239855e-10
25855,GBR.3_1_115,55.8244152,-4.534998300000001,70,0.4247514584683767,2,3.335942781906984e-06
46189,RUS.8_1_288,52.646556399999994,32.74892560000001,140,0.4247556625613482,2,3.704115272067267e-05
12357,DEU.1_1_2487,48.952985000000005,8.4004252,32,0.4247618483192888,2,1.8552477043786253e-05
19818,FIN.4_1_171,60.25094959999999,25.0107602,109,0.4247621261227891,2,1.2386128291285352e-05
7269,CZE_3518,49.66416050000001,13.568941,36,0.4247645800537086,2,8.682719839266418e-05
52772,UKR.6_1_221,48.61990370000001,37.9242235,141,0.4247775812575239,2,0.0001111193419447
35021,POL.15_1_589,52.22918100000002,16.441373900000002,37,0.4247857949810168,2,9.408589116271104e-05
25051,GBR.1.48_1_56,53.652891100000005,-2.626865799999999,62,0.4247883044726365,2,0.0001660862297649
47357,SVK_297,48.3577334,16.8851327,4,0.4247967867395128,2,3.704115272067267e-05
9150,DEU.10_1_2828,51.437104600000005,7.647516700000001,44,0.4248055838503564,2,5.331779635092703e-05
8014,CZE_4865,50.48100600000001,15.226280699999998,19,0.4248576164459672,2,1.699396083770074e-05
47483,SVK_519,48.64984130000001,21.0059188,77,0.424871747384017,2,0.0001111193419447
10304,DEU.13_1_151,51.69338519999999,10.6975543,43,0.4248809612001111,2,0.000289224459513
47062,SVK_1581,48.9375919,18.1136396,130,0.4248999629595332,2,0.0002222263352379
1258,AUT_502,47.65998489999999,15.820294700000002,3,0.4249134456894157,2,4.087710507672423e-05
46764,SRB_740,46.085979,19.5915643,128,0.4249264839336975,2,4.613963069984919e-05
11924,DEU.1_1_1277,48.2461008,9.1863188,14,0.4249339012871563,2,0.0001389082775954
23144,FRA.8_1_2624,49.021791400000005,3.031782,23,0.4249406611723308,2,5.934784854723495e-07
23819,GBR.1.16_1_45,52.238341000000005,0.4073490999999999,64,0.4249481340864894,2,0.0001650784309958
7692,CZE_4383,49.8243277,16.0185247,19,0.4249528197055283,2,0.0002515139937687
53585,UKR.9_1_64,46.74133279999998,32.6827927,136,0.4249737383091027,2,3.9920852506189737e-05
22422,FRA.7_1_170,50.4470576,1.8314015,60,0.4249787202518752,2,2.0895643998594587e-05
32693,MKD_1,41.2719036,21.1985413,72,0.4249828502639133,2,3.704115272067267e-05
15239,DEU.6_1_380,53.5830711,9.7577654,27,0.4250200481526066,2,3.704115272067267e-05
18352,ESP.1_1_666,37.22239499999999,-3.6457506,51,0.4250291230669506,2,3.704115272067267e-05
17000,DNK_1699,55.64517490000001,12.6382463,134,0.4250403000277803,2,8.369439108071988e-05
2128,BEL_714,50.32296549999998,5.0099444,6,0.4250450041670525,2,0.0001111193419447
24861,GBR.1.41_1_32,51.68652289999999,-0.3818122,63,0.4250509676821928,2,0.0001481563784482
10236,DEU.12_1_260,49.4507125,7.1510964999999995,24,0.4250578757292341,2,0.0003030778615539
11666,DEU.16_1_532,51.59339100000001,10.7845524,43,0.4250660338920271,2,0.0001188935286274
37003,POL.8_1_67,50.668336200000006,18.250021,95,0.4250698212797482,2,0.000100849924024
36731,POL.7_1_50,52.20202979999999,20.416618,96,0.4250858505417167,2,0.000226183208393
32423,LVA_380,56.5258262,25.6176323,88,0.4250889619409204,2,0.0002809261652283
11919,DEU.1_1_1264,48.201153000000005,9.2177057,14,0.4250894527271044,2,0.0001654917890619
22559,FRA.7_1_564,49.65752419999999,3.4332000000000003,60,0.4250998055375498,2,0.0002165587770246
17264,DNK_828,56.2194811,10.174098,45,0.4251053060468561,2,4.047613599021516e-08
26357,GBR.4_1_357,52.89837910000001,-4.3749053,71,0.4251183813316048,2,3.704115272067267e-05
27986,HUN_230,48.47045289999999,21.2614739,77,0.425118862857672,2,0.0001961886897188
32482,LVA_75,56.969989100000014,23.2267593,88,0.4251350125011576,2,0.0002677221583001
21275,FRA.1_1_583,45.698182900000006,4.7642264999999995,58,0.4251363089174924,2,2.0148401060812115e-05
15961,DEU.8_1_267,54.239154600000006,12.4369238,41,0.4251374571719603,2,0.0001931334588404
18641,ESP.5_1_114,40.9841088,-5.492758699999999,52,0.4251419112880822,2,2.451321693486505e-06
14750,DEU.3_1_982,52.52852820000001,13.5904678,38,0.425143152143717,2,0.0001851920428792
7410,CZE_3771,50.773708500000005,14.983710399999998,16,0.425144124455968,2,0.0003278722221926
23501,GBR.1.100_1_0,53.4449376,-2.039436,63,0.4251495138438744,2,0.0001481563784482
35046,POL.15_1_655,52.6792236,16.871747399999997,37,0.4251541809426798,2,0.0001452505232762
43378,RUS.49_1_51,58.6924443,30.321205599999995,115,0.4251604037410872,2,0.000279652035768
10992,DEU.14_1_37,50.4132204,12.159005,17,0.4251627650708398,2,0.0001919264467282
27069,HRV_551,46.508308699999986,16.4464144,78,0.4251657097879433,2,3.704115272067267e-05
40270,RUS.23_1_210,54.0820405,35.20922109999999,123,0.4251878877673857,2,0.0001882569183876
4100,CHE_1168,46.466013800000006,7.096779099999998,13,0.4251948884155941,2,0.0003271560080784
13779,DEU.2_1_2822,48.89712309999999,12.6726219,35,0.4251966015371794,2,3.704115272067267e-05
38803,ROU.29_1_91,46.660047,24.9726576,107,0.4251984628206315,2,3.704115272067266e-05
18128,ESP.17_1_92,43.3553156,-5.9177948,50,0.4252023798499861,2,2.330420008867445e-05
22928,FRA.8_1_1788,48.5293893,2.5729702999999997,59,0.4252076673766088,2,0.0001411690916072
25718,GBR.1.96_1_37,52.4474224,0.5343583999999999,64,0.425237438651727,2,9.00531073291936e-05
42663,RUS.44_1_252,55.6355131,37.0645341,118,0.4252448930456524,2,0.0002287677117497
20213,FRA.10_1_598,46.9378389,0.6088315,55,0.4252451801092693,2,0.0001296288793837
35718,POL.2_1_205,52.605126199999994,18.0258954,94,0.4252598203537364,2,0.0001111193419447
17802,ESP.16_1_3,43.308576300000006,-3.0536933,49,0.4252988887859986,2,3.7048013082704904e-05
6710,CZE_2573,50.3603287,13.9006685,16,0.4253521622372442,2,0.0001634347627514
20818,FRA.13_1_152,43.49668440000001,4.972879399999998,56,0.425357653486434,2,0.0001276516533881
50630,UKR.18_1_51,49.54208080000001,34.6165925,152,0.4253592740068525,2,0.0003114653499845
25103,GBR.1.4_1_36,52.5285663,-1.8392253,63,0.425366580238911,2,9.140044001358109e-05
45297,RUS.77_1_17,50.84362820000001,42.20840819999999,112,0.4253802203907771,2,0.0001111193419447
38730,ROU.29_1_18,46.4722742,24.414279200000003,107,0.4253889526808037,2,0.0001029127127983
19671,EST_248,58.2814941,26.5365706,115,0.4254057690526901,2,0.0001677537492268
11267,DEU.15_1_121,54.31497889999999,9.8670657,45,0.4254132697471989,2,5.226244377246916e-05
20657,FRA.12_1_109,47.04714870000001,-1.9523504,55,0.4254563200296323,2,0.0001111193419447
36821,POL.7_1_77,52.5847643,20.571819300000005,97,0.4254570886193166,2,0.0003229443075967
10462,DEU.13_1_52,51.67024500000001,11.1326674,43,0.4254622928048892,2,0.0002466750469255
16060,DEU.8_1_507,53.658556700000005,11.360845799999998,41,0.4254689415686637,2,0.0002222263352379
25196,GBR.1.57_1_12,52.00426930000001,-0.6962178,63,0.4254878136864525,2,7.977779995424643e-05
4411,CHE_2002,46.96546909999999,7.623475100000001,33,0.4254970830632466,2,1.4452939936305007e-05
20686,FRA.12_1_18,47.3209456,-2.1616062,55,0.4255050282433559,2,0.0003333209798794
43172,RUS.47_1_55,55.02998010000002,44.4591459,125,0.4255070284285581,2,0.0001851920428792
25866,GBR.3_1_141,55.998057200000005,-2.5134951,69,0.4255224557829429,2,3.0944657557320924e-05
47818,SVN_255,46.246129,15.189672299999998,75,0.4255303361422354,2,0.0003333209798794
4406,CHE_1992,46.919760100000005,7.72557,33,0.4255335216223724,2,0.0001506550649198
1319,AUT_586,48.305753499999994,15.901165399999998,4,0.4255348550791739,2,0.000159483726284
11661,DEU.16_1_525,51.5606294,10.7699526,43,0.4255517825724603,2,0.0002434468145688
30037,ITA.16_1_84,43.96547509999999,10.9102025,82,0.4255625613482731,2,0.0002222263352379
27644,HUN_1666,46.81250019999998,20.1346604,128,0.4255801926104269,2,7.594539709094187e-05
33649,NOR.18_1_45,58.31520670000001,7.9592963,92,0.4255950550976942,2,0.0001851920428792
3493,BLR.3_1_67,53.6563969,24.0203296,10,0.4256258172052966,2,0.0001746040995322
24172,GBR.1.33_1_120,51.85179909999999,1.0654611,64,0.425626530234281,2,0.0002222263352379
11749,DEU.16_1_751,50.931528,12.0285556,28,0.4256280118529494,2,6.348409006428988e-05
44009,RUS.58_1_701,47.867007,40.185397300000005,126,0.4256310769515695,2,0.000231899472419
21356,FRA.1_1_830,45.822155900000006,4.6666743,58,0.4256352440040744,2,3.679776994364224e-05
33736,NOR.1_1_87,59.91744920000002,10.590244699999998,92,0.4256444022594684,2,0.0002222263352379
37605,PRT_417,38.760594100000006,-9.111983,52,0.4256564126307992,2,1.2435195125075093e-05
19779,FIN.4_1_104,60.17463869999999,24.7806197,109,0.4256608667469209,2,0.0002592592555241
17585,ESP.12_1_129,42.4651464,-7.2872162,48,0.4256788684137421,2,0.0002222263352379
18965,ESP.6_1_1367,41.7304034,0.4449537,53,0.4256795073617928,2,5.189220089824087e-05
30263,ITA.1_1_135,41.9646768,13.3775515,81,0.4257275118066487,2,0.0001241620252918
9021,DEU.10_1_247,51.28906450000001,6.739062200000001,44,0.425733734605056,2,5.80614650614526e-05
23760,GBR.1.12_1_4,51.4881079,-2.687558599999999,67,0.425740651912214,2,3.3015394274982473e-06
11212,DEU.14_1_898,50.6109283,12.7243479,17,0.425754634688397,2,0.0001791774461103
53051,UKR.7_1_121,48.623193699999995,25.5462599,90,0.4257699694416149,2,0.0002734641190731
48034,SWE.11_1_14,59.83309619999999,14.7351436,133,0.4257853227150662,2,5.775456757836971e-05
22771,FRA.8_1_1200,48.6858378,2.3174900000000003,59,0.4257886100564867,2,0.0001481563784482
23027,FRA.8_1_2112,48.80513169999998,2.3637902999999993,61,0.4258006204278174,2,3.682983294673027e-05
27933,HUN_2151,47.717462700000006,19.2580997,76,0.4258123066950643,2,0.0001486216375558
36243,POL.5_1_247,52.264381,15.692118999999998,37,0.4258128623020649,2,2.6164793450798573e-05
13851,DEU.2_1_2981,48.0001096,12.5362909,1,0.425820872302991,2,0.0001361934034882
6246,CZE_18,49.14583250000001,15.061689700000002,36,0.4258294471710344,2,0.000296290803738
49812,UKR.14_1_235,49.3273816,24.3328267,142,0.4258390962126123,2,0.0002378765543743
3491,BLR.3_1_63,53.76014910000001,23.959665000000005,10,0.4258476155199555,2,0.0001046990619702
25269,GBR.1.5_1_7,53.65598049999999,-2.414053,62,0.4258520974164274,2,2.7396058328780055e-05
35477,POL.1_1_4,50.4783988,17.0110533,37,0.4258522085378276,2,0.0002429526671666
26666,GRC_634,37.95523549999999,23.6802925,72,0.4258564589313826,2,1.8565305920786532e-05
16050,DEU.8_1_48,54.10853019999999,11.899964400000002,41,0.4258574590239837,2,0.0002222263352379
26918,HRV_290,45.3356483,17.757255400000002,74,0.4258714140198167,2,0.0001481563784482
4145,CHE_1282,46.2915584,6.9967375,11,0.4258744420779702,2,1.6502772683702336e-05
5364,CHE_4520,47.28555780000001,7.4352289,33,0.4259050467635892,2,0.0001333484459756
22577,FRA.7_1_617,49.611117500000006,3.2236216000000004,60,0.4259112417816465,2,4.591799049381111e-05
36600,POL.7_1_135,52.004588200000015,20.9111556,144,0.4259122418742477,2,3.704115272067267e-05
7977,CZE_4809,50.3563694,15.215473,19,0.4259160663024354,2,0.0001712266638785
19539,ESP.8_1_861,40.4770051,-3.7036138,54,0.4259332715992222,2,7.24282721553723e-07
40149,RUS.21_1_234,54.5985819,22.3149193,88,0.4259339661079729,2,2.647085330615329e-05
17784,ESP.16_1_276,43.2357269,-3.2132430999999992,49,0.4259427354384665,2,3.704115272067267e-05
5633,CHE_754,46.9968908,6.927227200000001,33,0.4259559125844986,2,0.0002202658463933
52863,UKR.6_1_322,48.1992568,38.35898849999999,151,0.4259707380312991,2,3.704115272067267e-05
40671,RUS.33_1_52,58.4221279,41.748583,110,0.425979757384943,2,0.0001739080839563
4673,CHE_2677,47.54186870000001,8.9024107,12,0.4259799981479766,2,7.968030731201441e-05
27753,HUN_1813,47.5312681,21.703394999999993,77,0.425988082229836,2,0.0002592592555241
33439,NOR.12_1_113,59.94588230000001,10.667669299999998,92,0.4259905083804056,2,0.0002222263352379
15975,DEU.8_1_3,53.3782207,10.7538555,41,0.4260010000926011,2,5.00157499893447e-05
12424,DEU.1_1_2751,48.9202783,8.4792897,32,0.4260078803592925,2,0.0002592592555241
41966,RUS.4.25_1_10,61.07816410000001,41.9636489,113,0.4260106028335957,2,3.743219335651034e-05
48632,SWE.21_1_166,59.07268930000001,12.5947625,134,0.4260131401055652,2,3.704115272067267e-05
7642,CZE_4325,49.822187500000005,14.9310684,19,0.4260201500138901,2,0.000144863158675
31122,ITA.5_1_47,40.59557969999999,15.1139694,85,0.4260252245578294,2,1.8452247154495223e-05
33679,NOR.1_1_156,60.24918000000001,11.202828899999998,93,0.4260652282618761,2,1.576408289578236e-06
24085,GBR.1.30_1_11,54.6763739,-1.766657,69,0.4260928882303917,2,0.0001481563784482
46224,RUS.8_1_349,53.4770626,33.6145393,123,0.4261017779424021,2,0.0001481563784482
16783,DNK_1015,54.8289954,11.2151514,46,0.4261104731919621,2,3.704115272067267e-05
21323,FRA.1_1_723,45.781503099999995,4.7362007,58,0.4261255949624964,2,7.480985063756856e-05
29359,ITA.10_1_973,45.5954649,9.1532216,79,0.4261335494027224,2,0.0001284513040989
4318,CHE_1765,46.7212453,8.198598,11,0.4261551254745809,2,0.0001481563784482
16558,DEU.9_1_548,53.199181900000006,10.5551379,43,0.4261621724233726,2,0.0002592592555241
34059,POL.10_1_36,52.9535058,22.780698899999994,97,0.4261628021113067,2,8.621419088737292e-05
48847,SWE.7_1_117,57.4893854,15.019657,134,0.4262151958514678,2,3.704115272067267e-05
21848,FRA.4_1_3,47.251288599999995,0.2186069999999999,55,0.4262245022687286,2,1.8801476333875665e-05
2415,BGR_3,43.4084098,23.2300539,105,0.4262247430317621,2,0.0001111193419447
21908,FRA.4_1_447,47.3883857,1.9222038,55,0.4262299564774516,2,0.0001108111800108
11146,DEU.14_1_746,50.9431766,14.138301699999998,26,0.4262412260394481,2,0.0001056686259949
10791,DEU.14_1_1367,51.1062689,13.417197699999996,26,0.4262552643763311,2,8.740779793968777e-05
24123,GBR.1.32_1_107,51.00939279999999,0.613833,68,0.4262781461246412,2,0.0001111193419447
30692,ITA.2_1_470,41.497394,15.3415679,84,0.4262898509121216,2,3.704115272067267e-05
15364,DEU.7_1_123,50.2450249,8.249214700000001,39,0.4262906750625058,2,0.0001751973815445
511,AUT_1989,47.983111,13.6136496,3,0.4263075099546253,2,0.0001111193419447
26489,GRC_151,38.1202306,22.1660968,72,0.4263364200388925,2,0.0001481563784482
2342,BGR_182,42.3084324,23.035306400000003,73,0.426384924530049,2,0.0001111193419447
31539,ITA.6_1_519,44.76935059999999,11.938401099999998,80,0.4263853504954162,2,0.0001481563784482
6612,CZE_2414,49.597566099999995,13.904829299999998,36,0.4263860264839337,2,3.704115272067267e-05
21228,FRA.1_1_43,44.9758523,2.6316802000000004,57,0.4264323363274377,2,0.000199331743185
37973,ROU.13_1_13,45.1012488,21.76896499999999,102,0.4264440318548013,2,0.0001481563784482
9648,DEU.10_1_897,51.2329416,6.726584300000001,22,0.4264448004444855,2,7.344741468486704e-05
24477,GBR.1.36_1_2160,51.572201199999995,-0.1940244,66,0.4264559218446152,2,0.0001851920428792
52158,UKR.3_1_39,48.3816152,25.4315561,90,0.4264562366885823,2,0.0001851920428792
43558,RUS.54_1_49,53.458624699999994,43.54861909999999,120,0.4264642837299749,2,3.704115272067267e-05
53098,UKR.7_1_58,49.000135,24.5952204,142,0.4264721363089175,2,0.0002574133368778
8500,CZE_986,49.9079802,17.038519,20,0.4264895082878044,2,0.0001008575638245
15527,DEU.7_1_1791,49.5779536,8.7201415,24,0.4264928697101583,2,0.0002222263352379
27003,HRV_438,45.5315295,18.1909869,74,0.4264941105657931,2,0.0003278251718563
6493,CZE_2145,50.38929230000001,14.436106,16,0.4264980831558478,2,7.374979634539937e-05
36227,POL.5_1_205,51.9372317,15.5889251,37,0.4265118622094637,2,3.843061111067212e-05
18816,ESP.5_1_54,40.7169663,-4.157605300000001,54,0.4265390406519123,2,0.0002592592555241
16648,DEU.9_1_710,52.847547600000006,8.740050799999999,43,0.4265676451523289,2,0.000296290803738
27437,HUN_1287,46.9200237,18.980307,128,0.4265713214186498,2,0.0001111193419447
40901,RUS.34_1_592,46.2287604,39.804731100000005,147,0.426575164367071,2,4.6396342575620035e-06
35108,POL.15_1_819,52.000245500000005,16.5353594,37,0.4265805907954439,2,0.0001111193419447
16530,DEU.9_1_493,53.28453650000001,9.8698913,43,0.4265916288545235,2,2.365308460488761e-05
16548,DEU.9_1_531,53.2300734,10.3891641,43,0.4265931660338919,2,0.0001920495615688
32006,ITA.9_1_252,44.5309709,8.919254200000001,87,0.426607546995092,2,1.2244602833876114e-07
4897,CHE_3205,47.3281482,9.3473295,12,0.4266089545328271,2,0.0002714931363828
32981,NLD_1422,52.361299300000006,4.907847199999999,91,0.4266099361051949,2,1.9301301893800556e-08
28427,HUN_47,47.32685170000001,16.8557658,5,0.4266319937031206,2,0.0001521258517292
4373,CHE_1913,47.0439451,8.466624300000001,12,0.4266384665246782,2,0.0001851920428792
9842,DEU.11_1_1396,49.510245299999994,8.4320184,24,0.4266411241781646,2,7.432058868259844e-09
4542,CHE_2394,46.781568,7.609026300000001,33,0.4266468469302713,2,0.0001378758674658
24211,GBR.1.33_1_4,51.6417896,0.0563805999999999,66,0.4266510139827762,2,0.0001851920428792
32960,NLD_133,51.8239665,5.794224299999999,6,0.4266755995925548,2,5.725240996199758e-05
17079,DNK_37,56.195318,8.3058522,45,0.4266763589221224,2,2.0696340178861208e-05
13930,DEU.2_1_318,50.1914028,10.0797208,39,0.4266814797666449,2,0.0001237221121816
42371,RUS.44_1_1,55.733715,37.2411935,118,0.4267073710528753,2,3.704115272067267e-05
15608,DEU.7_1_338,50.941713100000015,8.704093,40,0.4267085193073431,2,0.0001115856985448
6578,CZE_235,49.71498960000001,16.724613400000003,18,0.4267126678396148,2,0.0001481563784482
12448,DEU.1_1_2829,49.0064982,8.5208749,31,0.4267144272617835,2,0.0002164344799577
9636,DEU.10_1_87,51.25647100000001,6.755599399999999,22,0.4267190480600055,2,0.0002599468338558
35543,POL.1_1_565,50.732126,16.405311,37,0.4267315862579868,2,6.76359640042171e-06
22165,FRA.6_1_535,49.06344,6.3110055,23,0.4267687748865635,2,9.542701086078548e-05
29571,ITA.13_1_306,44.303323899999995,8.0461332,87,0.4267753866098713,2,0.0002222263352379
11313,DEU.15_1_228,53.46903210000001,10.277253,41,0.4267765256042225,2,0.0001481563784482
5837,CZE_1118,50.143272,16.9495889,20,0.4267858412816002,2,3.704115272067267e-05
38729,ROU.29_1_17,46.4602902,24.1635969,107,0.4267967682192795,2,0.0001149544227257
388,AUT_1762,48.306884399999994,13.7907131,3,0.4268088341513102,2,0.0002950183676186
19809,FIN.4_1_159,60.21822830000001,25.04869369999999,109,0.4268235855171775,2,1.617559027834955e-07
12989,DEU.1_1_577,48.395469899999995,9.0299061,14,0.4268264746735808,2,0.0002734109805605
36785,POL.7_1_668,52.4854934,21.4286956,97,0.4268462728030372,2,0.0002074933208672
36377,POL.6_1_270,49.989154500000005,20.0491859,99,0.4268510325030095,2,3.704115272067267e-05
28004,HUN_2340,47.1613155,19.4017304,128,0.4268618946198721,2,0.0002554640675127
12583,DEU.1_1_3181,49.10809020000001,8.8529711,31,0.4268769515695897,2,0.0002504024477259
25513,GBR.1.81_1_15,52.4694408,-2.0906252000000003,63,0.4268833410500972,2,7.553656058727158e-05
34147,POL.11_1_228,54.4766073,18.5485562,94,0.4268844337438652,2,0.0001124365444614
44791,RUS.70_1_371,53.96513649999999,38.53633859999999,119,0.4268927030280582,2,0.0003099324171798
1684,BEL_1391,50.6851513,5.286745699999999,6,0.4268940179646264,2,0.0001195618614443
5874,CZE_1198,48.9339989,16.8812325,18,0.4269157884989351,2,0.0001111193419447
13963,DEU.2_1_3257,49.089718700000006,10.661922,34,0.426924261505695,2,0.0001988660681379
7655,CZE_4339,49.91379170000001,15.057991800000002,19,0.4269332067784054,2,0.0001413956083538
12568,DEU.1_1_3151,49.2787427,8.9953754,30,0.4269415501435317,2,0.0001481563784482
19324,ESP.8_1_147,40.3266736,-3.7594548,54,0.4269460598203537,2,2.2908435811129265e-05
724,AUT_2422,47.2069211,15.3243469,3,0.4269474951384387,2,0.000296290803738
21743,FRA.3_1_343,48.0935004,-1.6744224999999997,55,0.4269586257986851,2,0.0001851920428792
21486,FRA.2_1_243,46.954972100000006,4.2928102,59,0.4269618483192888,2,4.766039764278576e-06
7446,CZE_3824,50.676213700000005,15.319319900000002,19,0.4269634132790073,2,0.0002414278409601
7644,CZE_4327,49.8609164,14.9163616,19,0.426965404204093,2,0.0003342789915594
30045,ITA.16_1_97,43.87930109999998,10.7806798,82,0.4269903324381888,2,0.0002221097319512
33590,NOR.15_1_33,63.152008,10.27976,93,0.4269984813408649,2,0.0001435497351816
23203,FRA.8_1_331,48.3483997,2.0322379,55,0.4270045004167053,2,3.417204247546937e-05
34288,POL.11_1_75,53.644121600000005,17.693246300000002,94,0.4270189369386055,2,1.2121116317295708e-07
20402,FRA.11_1_264,43.5966182,1.3840519999999998,57,0.4270277988702657,2,7.327248979497167e-05
28033,HUN_2401,47.54846390000001,19.2641287,76,0.4270633577183072,2,0.0001387791433593
45344,RUS.77_1_260,48.53884510000001,44.4757507,121,0.4270676821927957,2,7.378102120876278e-05
16738,DEU.9_1_897,52.24032149999997,9.6654282,43,0.4271080285211593,2,0.0002507316100456
11650,DEU.16_1_502,50.7307698,11.5923982,28,0.4271089452727105,2,3.704115272067267e-05
48936,SWE.8_1_53,57.73549800000001,16.4838004,133,0.4271346883970738,2,0.0001864649716204
37687,PRT_657,37.169935299999985,-8.348678099999999,52,0.4271396425594962,2,0.000296290803738
5215,CHE_4093,47.146163599999994,7.7911498,33,0.4271476062598388,2,0.0003326143161456
42550,RUS.44_1_1510,56.302193599999995,38.1370019,114,0.4271481155662561,2,0.0002990360696019
52392,UKR.5_1_211,48.162782099999994,36.1755752,149,0.42717714603204,2,0.000191199068447
14364,DEU.2_1_716,47.667041700000006,11.1377699,1,0.4271900268543384,2,0.0002222263352379
27168,HRV_761,43.67272909999999,16.0106918,74,0.427199685156033,2,0.0001851920428792
766,AUT_2557,47.88219,14.551257199999998,15,0.4272081859431429,2,0.0001313185095235
4419,CHE_2021,47.136793700000005,7.925870799999999,33,0.4272226502453932,2,0.0001844679256939
29930,ITA.16_1_320,43.13552669999999,11.4835677,82,0.427232641911288,2,3.554124890169063e-07
16579,DEU.9_1_583,53.28624520000001,10.6633077,43,0.4272336512640059,2,0.0002592592555241
10670,DEU.14_1_1099,51.2386005,13.0478697,26,0.4272409667561812,2,0.0001851920428792
39047,ROU.33_1_42,47.2770385,22.7591748,101,0.4272512732660433,2,0.0001733400222778
27833,HUN_1919,46.911689999999986,20.5623348,128,0.4272643948513751,2,0.0002732325671163
51034,UKR.21_1_39,50.59354120000001,34.775333100000005,152,0.4272769515695898,2,0.0001851920428792
17294,DNK_938,55.6648212,11.5538818,46,0.4272917399759238,2,0.0001851920428792
650,AUT_2240,47.551649399999995,14.0103576,0,0.4272924530049079,2,0.000303931756292
49516,UKR.12_1_96,50.590173799999995,29.6594861,146,0.4273025372719695,2,3.704115272067267e-05
30940,ITA.4_1_370,38.9091422,16.5871464,85,0.4273081766830261,2,0.0002047035756673
30006,ITA.16_1_503,44.041812099999994,11.5482508,82,0.4273317622002037,2,3.754028510341968e-05
2197,BEL_92,50.9895027,4.1562605,7,0.4273388369293452,2,7.788124261556189e-05
7342,CZE_3642,49.8154753,13.0468659,17,0.4273407815538476,2,0.0002592592555241
53063,UKR.7_1_22,48.886962,23.788620000000005,142,0.427345189369386,2,0.000296290803738
17063,DNK_313,56.374158900000005,9.6584089,45,0.427358773960552,2,0.0001144798902862
8664,DEU.10_1_1438,51.429920300000006,6.901567399999999,44,0.427374793962404,2,5.733494562907252e-05
44936,RUS.72_1_297,58.42328480000001,36.9906647,117,0.4273756181127881,2,0.0002222263352379
7005,CZE_3086,50.412765799999995,14.114838500000005,16,0.4274025650523197,2,3.6135003168536145e-05
39631,ROU.5_1_80,46.9913769,21.975871400000003,77,0.4274155847763682,2,3.704115272067267e-05
6429,CZE_2059,50.3592866,14.148976699999997,16,0.4274292897490509,2,0.0001511173172202
25313,GBR.1.63_1_122,54.4395064,-0.7939289999999998,69,0.4274296508936012,2,0.0003333209798794
37312,PRT_1264,41.48998729999999,-8.508877400000001,48,0.4274336605241225,2,0.0002222263352379
31509,ITA.6_1_448,44.627195500000006,11.6684432,80,0.4274637281229744,2,9.358458800979632e-05
15461,DEU.7_1_1529,50.297469500000005,9.0665495,39,0.4274744698583202,2,0.0003376942543331
8075,CZE_4942,50.6018483,16.0040875,19,0.4274952680803778,2,0.0002781482489209
11876,DEU.1_1_1165,47.8304209,9.6208685,14,0.4275121122326141,2,0.0002512072019102
10243,DEU.12_1_28,49.302868700000005,6.776033699999998,23,0.4275211593666079,2,3.488189556714865e-05
5596,CHE_654,46.46282860000001,6.3364226,13,0.4275324567089544,2,0.0002878109471532
40420,RUS.26.12_1_7,63.24518060000001,32.061438800000005,108,0.4275530882489119,2,0.0001851920428792
24708,GBR.1.36_1_734,51.5536674,0.2172116999999999,64,0.427553745717196,2,2.6049713470458167e-05
19906,FIN.4_1_67,60.21607020000001,24.753459199999995,109,0.4275657005278266,2,0.0002060224419102
7203,CZE_340,49.31952360000002,16.465803599999997,18,0.4275776182979905,2,6.477745653376555e-05
10460,DEU.13_1_518,52.20933269999999,11.559087899999998,43,0.4275837855356977,2,0.0001027225776429
33430,NOR.11_1_94,62.192328300000014,8.5382796,93,0.4275890823224372,2,0.0001481563784482
41118,RUS.37_1_295,52.0077577,36.7715169,127,0.4275981201963145,2,0.0002222263352379
19619,EST_138,57.94679549999999,26.2390606,115,0.4276119455505139,2,0.0001139096199939
30199,ITA.18_1_62,43.038011100000006,12.403472899999995,81,0.4276180757477544,2,0.0002017052973269
7432,CZE_3803,50.73154099999998,15.190404899999995,19,0.4276551347346977,2,0.0002652009921491
52800,UKR.6_1_256,48.1801661,38.124278,151,0.4276577460876007,2,0.0002669769933977
8301,CZE_639,49.5870565,17.2447943,20,0.4276610056486711,2,3.087162914507936e-09
15578,DEU.7_1_271,50.4052054,8.159408,39,0.4276822946569127,2,0.0001435010383824
28824,ITA.10_1_1057,45.7462372,9.2798044,79,0.4276996851560329,2,5.210244108897755e-05
11204,DEU.14_1_883,50.4635594,12.492910900000002,17,0.4277049634225393,2,0.0001111193419447
23735,GBR.1.117_1_54,52.39471339999999,-2.3275672000000003,63,0.4277128437818316,2,0.0001851920428792
23318,FRA.8_1_679,48.7623149,2.3046204999999995,61,0.427717946106121,2,3.466775350963714e-05
2020,BEL_320,50.6017592,4.335161599999999,60,0.4277219927771091,2,0.000206841742753
25011,GBR.1.46_1_7,53.59414950000001,-1.7232658,65,0.4277330215760719,2,2.0735743702692382e-06
10688,DEU.14_1_1130,50.7729277,12.9194904,26,0.4277332623391053,2,0.0001882524954774
2608,BGR_598,43.502818100000006,24.5592469,105,0.4277376608945272,2,0.000296290803738
14205,DEU.2_1_3987,49.2100732,10.316076399999998,34,0.4277498286878415,2,0.000253442626319
22811,FRA.8_1_1408,48.98369059999999,2.3523274000000005,61,0.427754060561163,2,0.0001794796420016
29627,ITA.13_1_424,45.1899574,8.018274199999999,79,0.4277691082507638,2,0.0002025637607562
21970,FRA.6_1_1060,48.533171,7.4242582,29,0.4277975460690804,2,0.0002656939088463
18196,ESP.1_1_202,36.4581655,-6.203525,51,0.4278153810538012,2,0.0003333209798794
19616,EST_13,59.238175899999995,24.29871379999999,115,0.4278282711362163,2,0.0001851920428792
25468,GBR.1.75_1_8,54.609737500000016,-1.112569,69,0.4278288174831003,2,0.0001851920428792
16937,DNK_1465,55.990516500000005,12.5027958,46,0.4278320770441707,2,6.79976216762174e-07
10177,DEU.11_1_998,49.165882999999994,7.755081700000001,24,0.4278363829984258,2,0.0001851920428792
51669,UKR.26_1_142,47.9186697,35.328709100000005,145,0.4278469302713213,2,2.6561928068322356e-05
26727,GRC_813,37.9126094,23.8962247,72,0.4278708676729327,2,3.704115272067267e-05
47969,SVN_78,46.1760518,15.602004999999998,75,0.4278715992221501,2,0.0002222263352379
7049,CZE_3158,51.0067823,14.4609336,26,0.4278814056857117,2,7.881054945960489e-05
4600,CHE_2537,47.0443125,7.742093299999999,33,0.4279236595981111,2,1.554024343028717e-05
10753,DEU.14_1_1296,50.6712374,13.2910202,26,0.4279271599222151,2,0.0002592592555241
29800,ITA.13_1_750,44.7509992,8.6512053,87,0.4279359662931752,2,0.0002400586280191
33339,NLD_894,52.478441100000005,4.6567712,91,0.4279508936012594,2,3.723740312641649e-05
12978,DEU.1_1_557,48.2226313,8.917716099999998,14,0.4279936382998424,2,0.0002763722915854
52523,UKR.5_1_388,47.897093100000006,33.3941879,150,0.4279986017223817,2,6.07805434348792e-06
48309,SWE.15_1_344,59.44675290000001,18.0843658,132,0.427998731364015,2,0.0003333209798794
32260,LUX_220,50.0168584,6.0072032,6,0.4280048615612556,2,0.0003386553322253
37310,PRT_126,38.7603342,-9.2045596,52,0.4280115844059634,2,1.8800501999125167e-05
36437,POL.6_1_450,50.133189300000005,19.398146000000004,95,0.4280263635521807,2,4.1476707299978935e-05
38086,ROU.15_1_12,44.03383229999999,28.6447539,105,0.4280323270673211,2,0.000296290803738
42369,RUS.43_1_999,55.7611672,37.4715131,124,0.4280365219001759,2,4.3391657686426856e-05
43764,RUS.58_1_10,49.09073000000001,40.2990333,112,0.4280450597277526,2,0.0001904249382718
36944,POL.8_1_190,50.581564500000006,17.989118100000002,95,0.4280514677284934,2,5.932154737919534e-05
3581,BLR.4_1_17,53.428304999999995,28.4873098,9,0.4280627928511899,2,0.0001851920428792
26185,GBR.3_1_960,55.833259,-4.256659699999999,70,0.4280722752106676,2,9.10729690960524e-07
51283,UKR.23_1_25,48.2573848,22.837353500000003,101,0.4280912769700898,2,0.0001530029341669
6424,CZE_205,49.749571499999995,15.062595700000005,19,0.4281415964441152,2,0.0001567072788237
25287,GBR.1.62_1_0,55.00790330000001,-1.4493521999999996,69,0.4281788498935086,2,1.852640766806374e-05
17902,ESP.16_1_7,43.3285811,-3.029586599999999,49,0.4281867487730345,2,0.0001481447158327
44948,RUS.72_1_316,56.928487,35.75477870000001,89,0.4281879988887859,2,0.000296290803738
14018,DEU.2_1_3445,49.3683865,11.0400441,34,0.4281919992591906,2,0.0001744594988459
900,AUT_2935,47.12303200000001,15.6952749,5,0.4282110843596629,2,0.000296290803738
38406,ROU.21_1_49,44.77109669999999,23.3560547,102,0.4282153440133345,2,0.0001501612492087
11378,DEU.15_1_380,53.6645977,10.2192927,27,0.428216881192703,2,0.0001481563784482
6182,CZE_1734,49.091907099999986,14.2182705,36,0.4282580053708676,2,0.0001111193419447
44958,RUS.72_1_344,56.9319545,35.8813699,89,0.4282610056486712,2,3.704115272067267e-05
39483,ROU.41_1_18,46.672604199999995,28.0197877,137,0.4283324752291879,2,3.704115272067267e-05
21523,FRA.2_1_34,47.7010489,3.3088479,59,0.4283372534493934,2,3.704115272067267e-05
21259,FRA.1_1_522,45.3688204,5.53472,58,0.4283445967219187,2,1.9451144128370457e-05
36912,POL.8_1_130,50.75805629999999,17.4594011,37,0.4283461246411705,2,0.0002090491862555
9914,DEU.11_1_268,49.8733123,8.153788999999998,24,0.4283581905732012,2,0.0002732000278719
5735,CHE_994,47.194236,6.9220641,33,0.4283692286322808,2,4.207221945936607e-05
15811,DEU.7_1_778,51.17171370000001,9.5126691,40,0.4283725159737012,2,0.0001490855104773
7338,CZE_3638,50.084599399999995,13.159586799999998,17,0.4283909991665895,2,0.0003426162746772
32250,LUX_195,49.815100099999995,6.1009530000000005,6,0.4283924252245578,2,0.0002917350661641
50862,UKR.1_1_17,48.7498128,30.09973830000001,139,0.4284101861283451,2,3.704115272067267e-05
23877,GBR.1.19_1_25,53.22882320000001,-2.6671156000000007,63,0.4284293267895175,2,0.0002420780459268
1998,BEL_25,50.42328700000001,3.7452505,60,0.4284384202240949,2,4.463096845360968e-05
16022,DEU.8_1_41,54.069047899999994,11.791776099999998,41,0.4284725622742847,2,9.641542790659772e-05
12952,DEU.1_1_486,48.255319400000005,8.815337399999999,14,0.4284742846559866,2,0.0001111193419447
7225,CZE_343,49.3457648,16.021874500000003,18,0.4284983239188813,2,0.000277796365357
42571,RUS.44_1_1577,56.56020630000001,37.3930538,114,0.428505315306973,2,0.0002222263352379
674,AUT_2311,46.641311400000006,13.8760663,75,0.4285445133808686,2,0.0002494058563065
49390,UKR.12_1_110,50.40938539999999,30.399870900000007,138,0.4285511251041763,2,1.8520576360336335e-05
24979,GBR.1.44_1_66,51.226665399999995,0.4121615999999999,68,0.4285691915918141,2,7.762789503067315e-05
49115,TUR_526,41.355410500000005,27.331847600000007,8,0.4285710065746828,2,5.739093027753854e-05
20283,FRA.10_1_773,46.09117880000001,1.6735079999999998,57,0.4285887767385869,2,0.0001068865524788
21767,FRA.3_1_79,48.25440689999999,-4.0861187,55,0.4285915825539401,2,7.029584295701775e-07
17144,DNK_54,56.092859,8.2505773,45,0.4285958699879619,2,2.0602353219019524e-05
22326,FRA.7_1_108,50.86206250000001,2.1576662,60,0.4285989999073988,2,2.5663316610791548e-05
23276,FRA.8_1_57,48.80248549999999,1.8177415,61,0.4286229280488933,2,0.0003162110021615
16376,DEU.9_1_188,52.83551029999999,7.5174102,42,0.4286494675432911,2,0.0001111193419447
13427,DEU.2_1_184,49.8303483,9.876347699999998,39,0.428652282618761,2,4.25284252859023e-05
14778,DEU.4_1_1057,52.06473970000001,14.7149348,37,0.4286758033151218,2,0.0001282503063569
46567,SRB_47,44.4897873,19.1366194,128,0.4286940179646263,2,0.0002255816810259
3886,BLR.6_1_278,54.8809368,28.8581192,123,0.428701981664969,2,3.704115272067267e-05
22372,FRA.7_1_1197,50.645574,2.9851942,60,0.4287109824983795,2,3.704115272067267e-05
3961,BLR.7_1_105,53.9062312,27.4539802,10,0.4287282340957497,2,3.704115272067267e-05
20649,FRA.11_1_97,42.45747699999999,1.940466,56,0.4287321140846375,2,4.055149388374185e-05
3966,BLR.7_1_115,53.90842730000001,27.479536799999995,10,0.428738272062228,2,7.40809333689389e-05
7761,CZE_4475,50.0738011,16.4499536,19,0.428758023891101,2,5.8018889461681845e-05
23199,FRA.8_1_323,48.514373000000006,2.2155967000000003,55,0.4287716270025002,2,0.0001145013652936
13399,DEU.2_1_177,49.9628817,9.7682226,39,0.4287718955458839,2,6.859023062269192e-05
52777,UKR.6_1_23,47.147571600000006,37.5879653,151,0.428772525233818,2,0.0001481563784482
34018,POL.10_1_173,52.73190410000001,23.4533099,144,0.4288067876655246,2,6.999967283002746e-05
22697,FRA.7_1_965,50.4977184,2.8934128999999995,60,0.428806889526808,2,4.127338660140577e-06
37073,POL.9_1_179,50.0811,21.941499899999997,99,0.428818260950088,2,6.160412146280877e-05
50574,UKR.18_1_190,50.348462600000005,33.6139423,152,0.4288286230206501,2,0.0001111193419447
33813,NOR.4_1_56,59.7508637,10.0108436,92,0.42884863413279,2,3.018559294185538e-07
26987,HRV_405,45.3483188,17.9898153,74,0.428849124918974,2,0.000272024887954
1066,AUT_34,47.95581309999998,14.778876300000002,15,0.4288627558107232,2,0.000136511435503
4450,CHE_2124,46.97330429999999,7.4842564,33,0.4288699046207982,2,6.525723344890821e-05
52911,UKR.6_1_376,48.22413819999999,37.86379689999999,151,0.4288721085285674,2,0.0002922781894674
53091,UKR.7_1_50,49.0352664,24.524660800000003,142,0.4288761366793222,2,0.0001890487243963
8809,DEU.10_1_1839,50.9636318,7.502847299999999,22,0.4288792017779425,2,0.000296290803738
22707,FRA.7_1_999,49.4381989,2.642245999999999,60,0.4288810908417447,2,0.0001023030065051
10218,DEU.12_1_188,49.2443873,7.192805000000002,23,0.4288954162422447,2,1.8633487284742236e-05
8812,DEU.10_1_1841,51.0230819,7.566110299999998,22,0.4289005833873507,2,0.0001938195613588
20298,FRA.10_1_810,45.3546885,1.9797285000000004,57,0.4289066024631912,2,0.0001226254297066
15724,DEU.7_1_58,50.5456834,8.4065648,39,0.428936003333642,2,0.0002662471122485
10100,DEU.11_1_805,50.20505010000001,7.635768699999999,24,0.428948032225206,2,0.0001070106703109
33175,NLD_40,51.4681099,5.6312015,6,0.428953717936846,2,8.815229008692793e-05
4497,CHE_226,46.4694709,6.882421300000001,11,0.4289763589221224,2,0.0002222263352379
15091,DEU.4_1_910,52.29943190000001,13.6933602,26,0.428996694138346,2,7.469075759578429e-05
38523,ROU.23_1_79,46.1637089,22.762966,102,0.4290135938512825,2,0.0002129124169718
9777,DEU.11_1_1218,49.45795149999999,8.231616200000001,24,0.4290575701453837,2,3.651952601931061e-05
15048,DEU.4_1_789,51.7893589,14.082176,26,0.4290593017872025,2,3.704115272067267e-05
16387,DEU.9_1_208,52.69513989999999,7.604295900000001,42,0.4290624039262894,2,0.0001794279375893
23331,FRA.8_1_739,48.93846530000001,2.3139879,61,0.4290745068987869,2,5.02526932163936e-05
31437,ITA.6_1_280,44.20330389999999,11.727614199999998,82,0.4290816001481619,2,0.0002247785876757
12101,DEU.1_1_1729,48.7242311,9.359716999999998,31,0.4290852301138995,2,0.0002523697734041
28468,HUN_553,47.7058814,19.1435438,76,0.4290861746458005,2,0.0003079404697526
2566,BGR_546,42.9802019,25.4884062,8,0.4290876007037688,2,0.0001851920428792
20695,FRA.12_1_195,47.4343513,-0.400526,55,0.4290973238262803,2,3.855306139140386e-06
20364,FRA.11_1_179,42.7764128,2.7857319,56,0.4290995184739327,2,0.0002285973182448
30621,ITA.2_1_327,39.9655176,18.087626899999997,84,0.42910576905269,2,5.35108238514709e-08
14798,DEU.4_1_127,52.38532850000001,12.3730055,38,0.4291169460135198,2,0.000202449995014
39350,ROU.38_1_68,45.2824682,21.254738599999996,102,0.4291347532178905,2,0.0002591571232374
46911,SVK_127,48.305244,17.449547300000003,5,0.429139679599963,2,0.0001601727017695
20876,FRA.13_1_309,43.3254689,5.4231965,56,0.4291498379479581,2,3.704115272067267e-05
29758,ITA.13_1_695,45.49052199999999,8.0914552,79,0.4291507639596258,2,0.0001293414428982
14369,DEU.2_1_727,47.7603672,11.5735926,1,0.4291563755903324,2,0.0001111193419447
9798,DEU.11_1_1262,49.2534647,8.349470400000001,24,0.4291646633947588,2,4.096980914505903e-05
16662,DEU.9_1_731,53.01318310000001,8.7831928,43,0.4291674506898787,2,0.0001851920428792
8906,DEU.10_1_2105,50.9518357,6.645792299999999,22,0.4291931567737754,2,1.0647603291189456e-05
38388,ROU.21_1_3,44.6483804,23.4119303,102,0.4292442263172515,2,0.0002172544452462
21141,FRA.1_1_199,45.4121362,3.72854,57,0.4292490230576905,2,0.0001851920428792
29520,ITA.13_1_194,44.83129140000001,8.470451900000002,87,0.4292595981109362,2,0.000219826356748
17712,ESP.16_1_116,43.0460742,-2.2023392,49,0.4292619316603389,2,0.0002056066530562
42303,RUS.43_1_767,55.60095,37.55407089999999,124,0.4292792202981758,2,0.0001669621356478
12490,DEU.1_1_2941,48.9305206,8.638843300000001,31,0.4292990276877489,2,0.0001643863196451
15902,DEU.8_1_125,53.37718460000001,11.593158,41,0.4293018149828687,2,0.0002043835012474
13898,DEU.2_1_3098,48.6553022,13.440934899999998,35,0.4293050560237059,2,0.0002222263352379
23695,GBR.1.114_1_28,53.383304200000005,-3.0162756999999996,62,0.4293243633669784,2,0.0002222263352379
15908,DEU.8_1_133,53.5247711,11.7391575,41,0.4293313825354199,2,3.1951633091566706e-05
26825,HRV_136,45.93630969999999,16.687513099999997,74,0.4293362811371423,2,0.0001470140191725
5588,CHE_638,46.85080439999999,6.7229775,13,0.4293450782479859,2,0.0001517989189523
40128,RUS.21_1_187,54.74200009999999,20.096091,88,0.4293631539957404,2,0.000296290803738
22426,FRA.7_1_181,50.62359010000001,1.6432527,60,0.4293647189554588,2,0.0001386347592146
22092,FRA.6_1_350,48.34709590000001,7.1107579,29,0.4293679785165292,2,0.0001419350252151
42542,RUS.44_1_1497,56.1440269,37.99830260000001,114,0.4293767571071395,2,0.0001111193419447
32948,NLD_1255,52.3169789,4.979007299999999,91,0.4293865450504676,2,3.704115272067267e-05
25815,GBR.1.98_1_80,51.3088346,-0.1700756,68,0.4294349384202241,2,0.0001111193419447
471,AUT_1929,48.249038199999994,13.4580375,3,0.4294405593110473,2,0.0002133210118383
29869,ITA.16_1_187,43.9369893,11.303093299999995,82,0.4294414112417816,2,0.0002682318115632
24936,GBR.1.44_1_228,51.36028279999999,1.0674411,68,0.4294735901472358,2,2.6485104227112223e-05
24480,GBR.1.36_1_2170,51.6303684,-0.1791339999999999,66,0.4294821742753958,2,3.704115272067267e-05
5579,CHE_620,46.7968406,6.611386100000001,13,0.4294850171312158,2,0.0001111193419447
20759,FRA.12_1_377,48.15193800000001,0.4848724000000001,55,0.4294886656171868,2,3.704115272067267e-05
28776,HUN_956,46.152688000000005,18.0753148,78,0.429512658579498,2,0.0002039230793059
1131,AUT_3735,48.5615395,16.438504000000002,4,0.4295383831836282,2,3.704115272067266e-05
35423,POL.1_1_259,51.38814369999999,17.583234,37,0.4295403555884804,2,6.87313465810617e-05
15564,DEU.7_1_222,50.0476426,8.1957286,39,0.4295539031391795,2,0.0002222263352379
41587,RUS.38_1_824,59.69905730000001,28.4410521,116,0.4295559311047319,2,3.704115272067267e-05
12369,DEU.1_1_2525,49.0903296,8.400880699999998,32,0.4295732938235021,2,0.0002592592555241
25307,GBR.1.63_1_105,54.173987800000006,-0.3145738,65,0.4295833225298638,2,0.0002222862082308
44452,RUS.65_1_110,44.24396160000001,43.059150999999986,111,0.4295864061487175,2,7.990016685916601e-05
4002,BLR.7_1_39,53.8677526,27.54707299999999,10,0.4295882766922864,2,7.40809333689389e-05
9548,DEU.10_1_633,51.2267576,6.861917499999999,22,0.4295895453282711,2,9.392625795452612e-05
41219,RUS.38_1_1011,61.14548799999999,29.568951,109,0.4295928789702749,2,4.999845569820342e-05
29666,ITA.13_1_501,44.7170828,8.2412027,87,0.4296232706732106,2,1.3575996835650074e-05
36643,POL.7_1_234,52.6311587,20.7750057,97,0.4296256042226131,2,3.7838922443814664e-05
40685,RUS.33_1_79,58.36748209999998,42.20720039999999,110,0.4296309658301696,2,3.6675243474916407e-05
976,AUT_3130,48.2732572,14.2195606,3,0.4296408556347809,2,0.0002403598253247
2587,BGR_571,43.18275280000001,27.011983399999995,105,0.4296594499490693,2,0.000246978494071
29634,ITA.13_1_437,45.309343600000005,8.1155536,79,0.4297021113066025,2,0.0002693982171087
33733,NOR.1_1_8,59.66573210000001,10.9460631,92,0.4297091767756275,2,4.0194083639196346e-05
7535,CZE_4044,49.1326314,16.806764700000002,18,0.4297110843596629,2,2.523755857572775e-05
9767,DEU.11_1_1197,49.57607050000001,8.160937699999998,24,0.4297139272154829,2,0.0001481563784482
11617,DEU.16_1_428,51.3023687,11.183506199999998,28,0.4297292434484674,2,0.0001438211000792
9710,DEU.11_1_105,50.48076200000001,7.3324049,25,0.4297331512177053,2,0.000296290803738
19515,ESP.8_1_79,40.395963,-3.6647621,54,0.4297336883044725,2,8.43933190543046e-07
6006,CZE_1472,49.66970260000001,18.4728301,95,0.4297557829428651,2,3.076288399810351e-05
11541,DEU.16_1_254,51.5227878,10.775964299999998,43,0.42976284841189,2,1.3867153111381768e-05
16390,DEU.9_1_210,52.1812946,8.1397779,43,0.4297708121122325,2,0.0001162949143615
11483,DEU.16_1_116,50.4253617,10.717524999999998,28,0.4297832299286971,2,8.137958822858578e-05
15625,DEU.7_1_37,50.13644119999999,8.614888,39,0.4298005648671174,2,3.704115272067267e-05
36366,POL.6_1_229,49.985504299999995,19.8739157,99,0.4298132327067321,2,0.0001147197206878
10845,DEU.14_1_151,50.2753254,12.2827334,17,0.4298149180479674,2,0.0001111193419447
8815,DEU.10_1_1852,50.9372571,7.6016361,22,0.4298330863968885,2,0.0001481563784482
16140,DEU.8_1_679,54.2593867,12.5735401,41,0.4298382535419945,2,0.0001708374318934
14407,DEU.2_1_815,47.77928670000001,10.614506899999997,14,0.4298466802481711,2,0.0002222263352379
14948,DEU.4_1_50,53.183452,13.877170799999998,38,0.4298521992777108,2,0.0001693706481574
52916,UKR.6_1_384,48.30571340000001,37.8433211,151,0.4298784980090748,2,0.0001083201084729
18173,ESP.1_1_135,36.49431239999999,-6.2681125,51,0.4299046763589221,2,0.0001481563784482
3485,BLR.3_1_54,53.659682100000005,23.818435999999995,10,0.4299069543476247,2,0.0002525966039457
30407,ITA.20_1_272,46.267540100000005,12.301847799999996,2,0.4299119548106306,2,0.0001111193419447
20409,FRA.11_1_277,43.6215089,1.2894485,57,0.4299137420131494,2,8.247346123639685e-05
10493,DEU.13_1_602,51.99835410000001,11.7235308,28,0.4299292434484675,2,4.813972004320295e-05
31627,ITA.7_1_26,45.850612199999986,12.877968899999996,2,0.4299453838318364,2,2.968033359739513e-05
18454,ESP.2_1_73,41.881905800000006,-0.2833185000000001,53,0.4299472636355218,2,0.0001703307041586
42348,RUS.43_1_871,55.865035500000005,37.4751757,124,0.4299627743309566,2,3.704115272067267e-05
35209,POL.16_1_201,54.3995966,16.486798200000003,94,0.4299689415686638,2,3.704115272067267e-05
46954,SVK_1361,49.125960500000005,20.2452036,131,0.4299700713028985,2,0.0001972622902772
9088,DEU.10_1_267,50.96326960000001,8.0427439,40,0.429977720159274,2,0.0003086434146733
1055,AUT_3341,48.2406309,15.670532200000002,4,0.4299891378831374,2,0.0002818571526136
35434,POL.1_1_296,51.22409450000001,15.0345121,37,0.4300045467172885,2,5.145972129093456e-05
12510,DEU.1_1_2996,49.0156677,8.6096128,31,0.4300150013890175,2,0.0002860549128182
17796,ESP.16_1_290,43.208963899999986,-3.0953271,49,0.4300246133901287,2,0.0002203696777231
8767,DEU.10_1_174,51.751266400000006,7.025320099999998,44,0.4300340864894898,2,2.8219166177129144e-05
19305,ESP.8_1_1210,40.7483944,-4.056426399999999,54,0.4300485044911567,2,0.0002592592555241
22754,FRA.8_1_1142,49.03327349999999,2.3352751,61,0.4300588850819521,2,6.861583547515273e-05
5358,CHE_4505,47.28742079999999,8.543955599999999,12,0.4300637188628576,2,6.761454456931462e-05
13884,DEU.2_1_3058,49.052102099999985,13.1108848,35,0.4300662653949439,2,3.704115272067267e-05
6716,CZE_2579,50.3987655,14.0126646,16,0.4300760162978054,2,8.517164969707975e-05
22514,FRA.7_1_424,49.8596329,3.9817031,60,0.4300891656634874,2,7.096437049158073e-05
33097,NLD_1829,52.23033830000001,6.582635300000001,91,0.4301024724511529,2,8.842930956812889e-05
17548,ESP.11_1_52,38.16366169999999,-5.900423,51,0.4301297249745347,2,0.0001018029149609
13623,DEU.2_1_2424,48.081903700000005,12.0914406,1,0.4301530975090287,2,7.62456844307597e-05
25061,GBR.1.48_1_77,53.8048112,-2.4488239000000003,62,0.430158079451801,2,2.2744210542415738e-05
13978,DEU.2_1_3307,49.30386119999999,11.063833099999998,34,0.4301604500416706,2,0.000107719062459
9355,DEU.10_1_3429,52.4188124,8.695848100000001,43,0.4301671636262615,2,0.0001481563784482
554,AUT_2067,47.936400000000006,13.1751286,1,0.4301690063894804,2,0.0002966717692219
16789,DNK_1033,56.023102399999985,12.205426699999997,46,0.4301792202981757,2,0.0002222263352379
3973,BLR.7_1_13,53.948198,27.3777217,10,0.4301891378831374,2,0.0001898325553039
44927,RUS.72_1_281,57.005577200000005,34.8720335,89,0.4301928974905084,2,0.0001981805122457
17013,DNK_185,55.39743590000001,8.741046800000001,45,0.4302220853782758,2,4.4424960375972426e-05
48167,SWE.13_1_99,56.136388800000006,13.397504999999995,134,0.4302356144087416,2,2.889606947497987e-05
41333,RUS.38_1_228,59.5671486,31.064245099999997,116,0.4302492082600241,2,3.704115272067267e-05
29388,ITA.11_1_20,42.8856717,13.818864499999998,81,0.4302495045837577,2,0.000296290803738
1426,AUT_738,48.47744950000001,15.686419,4,0.4302518936938605,2,7.987964030978215e-05
41635,RUS.38_1_902,60.4527806,28.715099100000003,109,0.4302538846189462,2,4.317946164901928e-05
15765,DEU.7_1_673,51.217488400000015,8.8950212,40,0.430260922307621,2,0.0003097197151415
10694,DEU.14_1_114,51.32503820000001,12.2545612,28,0.4302716270025001,2,5.550892159770829e-05
17391,ESP.10_1_269,39.48530709999999,-0.4504393,47,0.4302790906565423,2,0.0002592592555241
10436,DEU.13_1_451,51.6089944,11.884020300000005,28,0.4302998610982498,2,7.039293058070394e-05
34155,POL.11_1_256,54.3254099,18.6348622,94,0.4303027872951199,2,0.0002878536656185
1792,BEL_1738,49.69094790000001,5.767583500000001,6,0.4303046948791554,2,7.33794937142858e-05
35772,POL.2_1_345,53.2032024,18.4848945,94,0.4303104176312621,2,0.0001236617126894
13739,DEU.2_1_2733,48.51769739999999,13.3703723,35,0.4303181405685711,2,0.0001880663779695
13553,DEU.2_1_2235,50.3162696,11.796878099999995,17,0.4303387258079452,2,0.0002222263352379
6480,CZE_2126,50.4565221,14.325066800000002,16,0.4303395036577462,2,0.0001173228115895
8927,DEU.10_1_218,51.582988799999995,6.5181249,44,0.4303422724326327,2,3.704115272067267e-05
39850,RUS.14_1_181,59.8867414,30.3469359,116,0.4303444115195852,2,2.4439994404496605e-06
51188,UKR.22_1_80,49.4694852,25.8416533,143,0.4303492823409575,2,0.0001481563784482
34013,POL.10_1_163,52.7269733,23.3483848,144,0.4303522918788777,2,9.59064095341002e-05
29459,ITA.12_1_39,41.414062499999986,14.6573998,86,0.4303895268080379,2,7.83255308297794e-05
14671,DEU.3_1_71,52.443165699999994,13.293408,38,0.4304102416890453,2,4.440297670381834e-05
19740,FIN.1_1_36,63.6409547,26.611152,109,0.4304149180479674,2,6.921628952447821e-05
2188,BEL_892,50.446359400000006,4.4355278,60,0.4304290397259005,2,0.0002592592555241
19533,ESP.8_1_848,40.485070400000005,-3.7230412,54,0.4304437170108343,2,0.0001455235764625
29938,ITA.16_1_335,42.976557699999994,11.545968899999997,82,0.4304484304102232,2,0.0003132855861269
5598,CHE_659,46.4749955,6.4269584,13,0.4304872395592183,2,0.0002416584795546
11184,DEU.14_1_829,51.276647,12.594435399999998,26,0.430496638577646,2,1.4241240172167396e-05
33678,NOR.1_1_155,59.9586381,11.1969258,93,0.4305029539772201,2,0.0001168031339208
12225,DEU.1_1_2104,48.800382299999995,9.502005099999998,31,0.4305057227521066,2,0.0003213861513664
34559,POL.12_1_767,50.925414,19.1793103,96,0.43050861190851,2,4.893849293513839e-05
3982,BLR.7_1_153,53.85019440000001,27.536665000000003,10,0.4305301602000185,2,3.704115272067267e-05
47926,SVN_440,45.8909257,14.698215,75,0.4305509306417261,2,0.0002592592555241
19734,FIN.1_1_26,61.86314199999999,28.918439199999995,109,0.4305624687471061,2,2.1653101037189145e-05
16383,DEU.9_1_200,52.70959479999997,7.361587800000001,42,0.4305999444392999,2,0.0001460215355473
52822,UKR.6_1_284,47.90552459999999,38.111629,151,0.4306092230762107,2,0.0002222263352379
14337,DEU.2_1_656,48.100783,10.4829682,34,0.4306185943142883,2,0.0001778459232392
21369,FRA.1_1_87,45.7636516,2.827690099999999,57,0.4306197333086397,2,0.0003180556022143
18250,ESP.1_1_330,37.7182098,-5.292893100000001,51,0.4306257431243634,2,1.217125086296396e-05
37268,PRT_1093,38.794418,-9.0998423,52,0.43063712380776,2,0.0002899485934163
44517,RUS.65_1_257,45.092301600000006,41.9716764,111,0.4306456986758033,2,0.0001851920428792
25409,GBR.1.67_1_7,52.983294400000005,-1.0412133999999995,65,0.4306558477636818,2,8.063633596386285e-05
28839,ITA.10_1_1085,45.63221359999999,9.2983898,79,0.4306631447356236,2,0.0002791627682431
48278,SWE.15_1_240,59.40402190000001,18.0739111,132,0.4306654505046763,2,0.0001481563784482
28175,HUN_2695,46.8553093,19.939479999999993,128,0.4306697657190481,2,2.4446385586169665e-05
40773,RUS.34_1_291,44.88136990000001,38.1458105,147,0.4306740901935364,2,0.0001255852793687
4332,CHE_1807,46.90886,7.471978200000001,33,0.4306853690156494,2,0.0001651725916179
19289,ESP.8_1_1187,40.6094619,-4.0459606,54,0.4306921381609409,2,0.0001481563784482
38316,ROU.1_1_36,46.1228004,23.5255699,107,0.4306989906472821,2,0.000296290803738
26687,GRC_696,38.0128856,23.6957605,72,0.4307612093712381,2,3.704115272067267e-05
9691,DEU.11_1_1007,49.199133200000006,7.849378499999999,24,0.4307650060190758,2,0.0001136114326292
37683,PRT_648,40.1863776,-8.5849566,52,0.4307785813501251,2,0.0001274130920212
2267,BGR_1072,42.4632324,24.797176599999997,8,0.4307828595240299,2,7.363574476956511e-05
29387,ITA.11_1_19,42.993965,13.8701108,81,0.4307864524493009,2,0.0001481563784482
8512,CZE_999,50.0148225,17.0329248,20,0.4307973886470969,2,0.0002592592555241
34364,POL.12_1_200,50.0203483,18.889919399999997,95,0.4308003055838503,2,2.956717243215989e-06
49429,UKR.12_1_159,50.2568218,30.3054217,138,0.4308030836188535,2,0.0001851920428792
10425,DEU.13_1_424,51.888236799999994,11.4812513,28,0.4308200574127235,2,0.0001279931220966
9339,DEU.10_1_3380,52.0102942,8.590904100000001,43,0.4308334938420224,2,4.401150408359777e-05
10614,DEU.13_1_941,52.2503681,11.635580699999998,43,0.4308607000648208,2,0.0002192649788983
35273,POL.16_1_316,53.9298219,14.799779999999997,94,0.4308663672562274,2,3.704115272067267e-05
5101,CHE_3732,46.79128119999999,9.8209126,83,0.4308930271321418,2,0.0001233233567652
15631,DEU.7_1_376,50.514726,8.8217496,39,0.430920696360774,2,5.3195988030942504e-05
8919,DEU.10_1_2154,50.984761099999986,7.103546700000001,22,0.4309212427076582,2,3.704115272067267e-05
12996,DEU.1_1_596,48.34955149999999,8.0804705,32,0.430924520788962,2,0.0001481563784482
32282,LUX_67,49.6384338,5.982374200000001,6,0.4309720251875174,2,3.837855555499033e-05
9132,DEU.10_1_2784,51.8916352,7.424951900000001,44,0.4310047689600888,2,9.876495039025328e-05
8146,CZE_5057,49.243919600000005,16.024933400000002,18,0.4310080007408093,2,1.8858860812146087e-05
45413,RUS.77_1_417,48.65018799999999,43.6243151,121,0.431038327622928,2,0.0001111193419447
25509,GBR.1.81_1_0,52.530539,-2.0658025,63,0.4310621816834892,2,3.9382003498419805e-05
12652,DEU.1_1_3371,48.79957119999999,9.003699300000001,32,0.4310932308547087,2,0.0001111193419447
16979,DNK_1639,55.7063512,12.564806200000003,46,0.431106232058524,2,1.309296282540502e-05
25063,GBR.1.48_1_83,53.72690929999998,-2.6614197999999996,62,0.4311127511806648,2,9.56296926261943e-05
11744,DEU.16_1_743,50.87821000000001,11.931228099999997,28,0.4311186220946384,2,6.771728078683816e-05
49969,UKR.15_1_137,48.16367189999999,38.822281299999986,126,0.4311254745809797,2,3.704115272067267e-05
21124,FRA.1_1_16,44.887016599999995,2.2403488,57,0.431130975090286,2,4.109500743212743e-05
10311,DEU.13_1_165,51.6002902,11.451609999999995,28,0.4311516992314102,2,0.0002592592555241
9822,DEU.11_1_1324,49.352960800000005,8.017107600000001,24,0.4311595332901194,2,0.0001111193419447
23657,GBR.1.111_1_0,53.5301489,-2.7094744,62,0.4311803037318271,2,7.408093336893887e-05
6528,CZE_2216,49.87628480000001,14.411344900000003,16,0.4311874710621354,2,0.0001454754159099
5061,CHE_3664,47.4919489,9.2414509,12,0.4311987128437818,2,3.704115272067267e-05
19055,ESP.6_1_361,41.3738194,2.1070494,53,0.4312102231688119,2,0.0001907940770393
17084,DNK_385,55.42873599999999,9.9299924,45,0.4312272154829151,2,5.5854409003972384e-05
52687,UKR.6_1_137,47.503207200000006,37.648081000000005,151,0.4312490137975738,2,0.00025297298802
10366,DEU.13_1_279,51.118473300000005,11.481265,28,0.4312508750810261,2,1.0446180727671833e-05
30456,ITA.20_1_453,45.87738,11.964973,2,0.4312662839151774,2,0.0002805230682373
210,AUT_139,48.32429259999999,15.715414,4,0.4312679322159459,2,9.570205034974605e-08
8964,DEU.10_1_2283,50.990573100000006,8.312626100000001,40,0.4312842578016482,2,0.0003092213787314
7449,CZE_3828,50.7114579,15.313784099999998,19,0.4312914343920734,2,0.0001912922832605
20446,FRA.11_1_379,43.922403,2.1379469,57,0.4312977127511805,2,0.0001568544354396
15649,DEU.7_1_401,51.360542300000006,8.989842199999998,40,0.4313145198629503,2,0.0001720748085831
14095,DEU.2_1_3682,49.544986400000006,11.1467213,34,0.4313236873784609,2,0.000296290803738
38004,ROU.13_1_5,44.98372409999999,21.605939399999993,102,0.431345133808686,2,0.0001481563784482
43851,RUS.58_1_327,47.260237399999994,39.7867876,147,0.4313453930919529,2,3.704115272067267e-05
26105,GBR.3_1_714,56.3169771,-3.009108,70,0.431348208167423,2,1.8179959385435624e-08
36627,POL.7_1_189,51.4248717,21.279101299999994,144,0.431349356421891,2,0.0003418853318977
19178,ESP.6_1_777,41.84126119999999,2.8004822000000003,56,0.4313885359755532,2,9.555504259191231e-07
15138,DEU.5_1_31,53.171572000000005,8.669674099999998,43,0.431397703491064,2,0.0003333209798794
46754,SRB_729,45.817972899999994,19.6496424,128,0.4314186683952218,2,6.738537632124494e-06
25019,GBR.1.48_1_101,54.07019860000001,-2.8695773999999994,62,0.431430660246319,2,3.704115272067267e-05
34205,POL.11_1_388,54.333183,19.04551,97,0.4314322159459209,2,0.0001851920428792
31372,ITA.6_1_167,44.869767399999986,10.6866502,80,0.4314436429299009,2,6.940160787624509e-05
7641,CZE_4324,49.860484500000005,15.005084200000002,19,0.4314593203074358,2,7.360330656022445e-05
46955,SVK_1363,49.1500768,20.25669689999999,131,0.431477775719974,2,2.148634921972944e-05
26838,HRV_151,45.257358,16.528010099999996,74,0.4314868598944345,2,3.704115272067267e-05
13634,DEU.2_1_2459,49.027167199999994,11.938911999999997,34,0.4314897305306047,2,0.0002209077138871
14452,DEU.2_1_931,48.065150200000005,11.6124,1,0.4314950180572275,2,1.2532904847472448e-05
48233,SWE.15_1_153,59.32476810000001,17.9930574,132,0.4315033521622372,2,3.695705611609413e-05
14295,DEU.2_1_554,48.4476129,10.0832096,31,0.4315227243263265,2,0.0003184287050872
34755,POL.14_1_272,53.307233800000006,20.0839471,97,0.4315350495416242,2,0.0002372968037988
16190,DEU.9_1_1064,52.7391963,10.0702315,43,0.4315409019353644,2,0.0001250015490979
7509,CZE_3930,49.0342746,15.725216600000005,18,0.4315443652190017,2,0.0001481563784482
38821,ROU.2_1_115,46.5933359,21.5454135,77,0.4315710991758495,2,0.0003077870008698
19664,EST_231,57.9677818,27.410894000000003,115,0.4315779701824242,2,0.0001503926156676
38855,ROU.2_1_56,46.078062200000005,21.557238999999996,102,0.4315783868876747,2,0.0003333209798794
24125,GBR.1.32_1_114,51.019776500000006,0.363962,68,0.4315864431891842,2,0.0002793019230631
4438,CHE_2080,46.978197599999994,8.0467994,33,0.4315885452356699,2,0.0002062437590309
10842,DEU.14_1_15,51.40291250000001,12.1955898,28,0.4316204000370405,2,2.6697188502572715e-05
49474,UKR.12_1_55,50.296311900000006,30.5341338,138,0.4316282803963329,2,3.704115272067267e-05
17024,DNK_21,55.6654037,8.5770208,45,0.4316490137975738,2,0.0001283305038719
9748,DEU.11_1_1148,49.0162736,8.253163999999998,32,0.4316576720066672,2,0.0001710476069361
7427,CZE_38,49.36529020000001,16.3082515,18,0.4316646448745255,2,0.0003394019145955
42046,RUS.42_1_0,54.907016500000005,43.341252,125,0.431702611352903,2,3.704115272067267e-05
7661,CZE_4347,49.970445299999994,15.121189,19,0.4317205018983238,2,0.0001634449431576
29911,ITA.16_1_255,43.9559579,10.229683499999998,82,0.4318031762200204,2,7.064096300906018e-05
52803,UKR.6_1_261,48.1666878,38.1488261,151,0.4318087045096767,2,0.0001111193419447
45,AUT_101,48.1934649,15.1135858,15,0.4318237244189277,2,7.396241911291936e-06
40855,RUS.34_1_473,45.6296612,38.9401494,147,0.4318295027317343,2,0.0001851920428792
7976,CZE_4807,50.35498900000001,15.3109766,19,0.4318410223168813,2,9.672005476688804e-05
12014,DEU.1_1_1499,48.529295100000006,9.3371518,14,0.4318412352995647,2,0.0002222263352379
7029,CZE_3117,50.660152499999995,13.722060399999998,16,0.4318667747013611,2,0.0001851920428792
47019,SVK_1503,48.7687235,19.6167098,131,0.4319026298731364,2,0.0002222263352379
51661,UKR.26_1_134,47.8850042,35.238186500000005,145,0.4319081303824428,2,6.248035412131764e-05
53350,UKR.8_1_350,49.90225529999999,36.431105900000006,141,0.4319147606259839,2,4.466793153128094e-05
52404,UKR.5_1_223,48.11766209999999,36.3722091,149,0.4319220575979258,2,0.0002583663150457
12500,DEU.1_1_297,47.90506019999999,8.6743539,32,0.4319468932308547,2,0.0002544560116754
27669,HUN_170,48.2221607,20.708407099999995,77,0.4319472358551718,2,0.0001343142441236
15493,DEU.7_1_1665,49.9968665,8.869711299999999,39,0.4319824150384295,2,9.480160713377364e-05
3034,BIH_75,44.716967,18.16277580000001,128,0.4319960459301787,2,0.0001548649211221
12622,DEU.1_1_3274,49.0319505,8.7186026,31,0.4319991295490323,2,0.0003143602518387
25796,GBR.1.98_1_35,51.1558675,-0.0042265,68,0.4320030928789702,2,0.0001481563784482
8902,DEU.10_1_2099,50.9869367,6.5729190000000015,22,0.4320211408463746,2,0.0001004710526174
22934,FRA.8_1_1807,48.5735401,2.4796124,59,0.4320275488471156,2,2.7296927771414903e-06
20534,FRA.11_1_609,43.6200101,1.4696347999999997,57,0.4320701639040652,2,7.408093336893891e-05
40698,RUS.34_1_111,44.59094989999999,39.6029433,111,0.4320733586443189,2,4.367966861240432e-05
25737,GBR.1.97_1_3,54.9027493,-1.3916351,69,0.4320751458468376,2,0.0001111193419447
1915,BEL_2176,50.8111809,3.1826381,7,0.4320839985183814,2,0.0001851920428792
2271,BGR_1077,42.54203890000001,24.845417499999993,8,0.4320988239651819,2,0.0002117425870594
48053,SWE.11_1_5,59.70461850000001,14.5301497,133,0.4321149736086675,2,0.0001674630836938
5807,CZE_1086,50.2324662,17.6447384,20,0.4321210482452079,2,0.0002222263352379
31484,ITA.6_1_398,44.4488071,11.8279125,80,0.432171923326234,2,0.000187204397549
50165,UKR.15_1_82,48.6430937,38.3648566,141,0.4321769608297064,2,3.704115272067267e-05
29233,ITA.10_1_468,46.2027914,9.4585649,79,0.4321826650615797,2,0.0001851920428792
6157,CZE_171,49.098222599999986,16.372504699999997,18,0.4321871839985184,2,3.704115272067267e-05
26670,GRC_642,37.9646144,23.726832,72,0.4321886841374202,2,0.000296290803738
48137,SWE.13_1_26,55.963795,12.861848,134,0.4321917677562737,2,8.998794047372623e-05
7729,CZE_4436,50.0363255,15.5257095,19,0.432199425872766,2,0.0001205160928824
16173,DEU.9_1_1034,52.812532,10.0031572,43,0.4322187795166218,2,3.813419404010711e-05
44772,RUS.70_1_330,53.880257500000006,38.1606258,119,0.4322250023150292,2,0.0003046652279832
21979,FRA.6_1_1081,48.50526099999999,7.491234200000001,29,0.4322370404667099,2,0.0001825923929566
34622,POL.13_1_199,51.05150980000001,21.058016699999996,144,0.4322648115566256,2,0.0001973882427462
15473,DEU.7_1_1572,50.2831653,8.587414099999998,39,0.4322882303917028,2,0.0003333209798794
24901,GBR.1.44_1_124,51.41594850000001,0.7497741999999998,68,0.4323047504398555,2,3.704115272067266e-05
9453,DEU.10_1_407,50.807014999999986,7.592099100000001,25,0.4323162978053523,2,5.849612650056626e-05
45655,RUS.79_1_3,51.6578427,38.8908403,127,0.432321705713492,2,0.0002222263352379
16471,DEU.9_1_382,53.21881539999999,8.887901699999999,43,0.4323250671358459,2,5.954807473665597e-05
8246,CZE_537,49.6580754,17.0610993,20,0.4323269006389481,2,3.980011625425836e-05
45412,RUS.77_1_416,48.6339516,43.7191851,121,0.4323659875914436,2,0.0001073658344839
11423,DEU.15_1_481,54.5845604,9.8190262,45,0.4323686637651634,2,3.2834584533406444e-05
1592,BEL_1094,51.11733279999999,5.2580336,6,0.4323773404944903,2,3.67841298538684e-05
21058,FRA.1_1_1112,45.764097699999986,4.9088173,58,0.4323794055005094,2,8.288760892049928e-05
11491,DEU.16_1_140,51.453134600000006,10.6604926,28,0.4323845170849153,2,0.0001111193419447
12845,DEU.1_1_4024,49.2829192,9.1579949,30,0.4324168441522363,2,6.390439705529189e-05
47225,SVK_1987,48.3625181,18.4239543,130,0.4324456153347532,2,0.0002205173431197
36808,POL.7_1_74,52.5128054,20.747434500000004,97,0.4324532734512454,2,0.0002151505007087
17302,DNK_956,55.5450622,11.7110044,46,0.4324716362626168,2,5.5257815042980775e-05
42319,RUS.43_1_8,55.6836461,37.45147539999999,124,0.4324732475229187,2,0.0002542637109185
44559,RUS.65_1_98,45.5378285,42.821627099999986,111,0.4325012501157514,2,0.0002592592555241
31142,ITA.5_1_534,40.94008049999999,14.2633723,86,0.4325169089730529,2,4.003361789035494e-07
30261,ITA.1_1_131,42.0769989,13.543388,81,0.4325208352625243,2,0.0001690428526585
49343,UKR.11_1_3,50.35405729999999,30.5447604,138,0.4325304657838689,2,7.408093336893888e-05
53730,__tmp_RUS.78.30_1__224,59.139919,37.828024199999994,153,0.432536633021576,2,1.85522941007987e-05
48860,SWE.7_1_26,57.131541099999986,14.1750796,134,0.4325648763774424,2,0.000296290803738
19880,FIN.4_1_326,60.22758450000001,24.9067542,109,0.4325849337901657,2,0.0002313140108577
15173,DEU.6_1_18,53.4747407,9.8192403,43,0.4325947309936104,2,1.0394880606768357e-05
24831,GBR.1.38_1_99,50.88545590000001,-1.2899192,67,0.4325965922770627,2,7.352564423211267e-05
3967,BLR.7_1_116,53.864738800000005,27.4861839,10,0.4326265117140475,2,3.704115272067267e-05
13543,DEU.2_1_2206,49.62357689999999,11.9957114,17,0.4326336327437726,2,0.0001481603601483
20576,FRA.11_1_72,43.13046529999999,2.3212894,56,0.4326541994629133,2,0.0002898505310745
23921,GBR.1.22_1_30,54.371127900000005,-3.3840418000000003,62,0.4326795258820261,2,0.0002222263352379
30701,ITA.2_1_486,41.117772900000006,16.585047,84,0.4326844800444486,2,4.96583450833631e-05
1207,AUT_432,48.4020962,16.488108500000003,4,0.4326964070747292,2,0.0003430075371258
27403,HUN_1217,46.21076739999999,18.838875400000003,78,0.4326974905083803,2,0.0003333209798794
17781,ESP.16_1_264,43.310980400000005,-1.8987116,49,0.4327323455875544,2,1.8800070776368849e-06
23482,FRA.9_1_53,49.286508199999986,-0.1075935999999999,55,0.4327345309750902,2,0.0001481839342357
24675,GBR.1.36_1_653,51.64733020000001,-0.1312547999999999,64,0.4327615612556718,2,3.704115272067267e-05
25033,GBR.1.48_1_18,53.739322400000006,-2.9641884000000003,62,0.4328017872025187,2,0.0001851920428792
53163,UKR.8_1_120,49.8307398,36.4999121,141,0.4328246967311788,2,0.0001851920428792
8009,CZE_4855,50.608011700000006,16.328007,19,0.4328748587832208,2,3.704115272067267e-05
15448,DEU.7_1_1511,50.3594559,8.8735774,39,0.4328895268080376,2,7.637404869633277e-05
48461,SWE.16_1_6,59.56873440000001,17.5328901,133,0.4328897397907214,2,0.0003181629682179
33797,NOR.4_1_14,59.7437075,10.1594002,92,0.4329077229373089,2,7.40699567896873e-05
35679,POL.2_1_132,53.129164900000006,18.7781365,94,0.4329302435410686,2,4.552092509631305e-05
23793,GBR.1.13_1_9,51.7030311,-0.7089798999999999,66,0.4329379664783777,2,8.929477366140752e-05
48761,SWE.3_1_4,62.05577670000001,17.247596400000003,133,0.4329424113343828,2,0.0003370275557741
23387,FRA.8_1_948,48.89455949999998,2.1936744000000004,61,0.4329768774886564,2,0.0001221840407067
11963,DEU.1_1_1365,48.30737930000001,9.2459902,14,0.433005537549773,2,0.0001541461621581
17376,ESP.10_1_206,39.4564503,-0.3904183,47,0.4330080285211594,2,9.70680301013466e-05
26682,GRC_681,37.991438900000006,23.681822299999997,72,0.433009649041578,2,0.0001481323671811
25629,GBR.1.89_1_16,54.9797299,-1.4939407999999996,69,0.4330725622742847,2,0.0001851920428792
44610,RUS.67_1_200,52.6597829,41.505136400000005,122,0.4330809334197611,2,0.0001111193419447
16625,DEU.9_1_655,53.0387537,8.645545,42,0.4331245393091952,2,0.000296290803738
14538,DEU.3_1_195,52.574243300000006,13.348511,38,0.4331619131401056,2,2.6100665718884316e-05
11691,DEU.16_1_589,51.1040855,10.9580423,28,0.4331751828873044,2,5.795371893916326e-06
11272,DEU.15_1_134,53.731097100000014,9.904700200000002,27,0.4331875729234188,2,0.0001786214316445
33025,NLD_1562,53.361054,6.5188464999999995,91,0.4331966385776462,2,0.0002222263352379
38505,ROU.23_1_46,46.0026509,22.4411404,102,0.4332368552643763,2,6.860362032239855e-10
4943,CHE_3341,47.3331151,8.923335699999999,12,0.433252856745995,2,5.462933167298186e-05
24005,GBR.1.25_1_92,53.3483291,-1.9881865000000003,65,0.4332751365867209,2,7.408093336893888e-05
2695,BGR_70,43.7123706,23.130812699999996,105,0.4332796833040095,2,0.0001481563784482
24210,GBR.1.33_1_36,51.61315560000001,0.0925536,66,0.433293767941476,2,1.854801780846529e-05
11440,DEU.15_1_52,53.93274039999999,9.748468,45,0.4332961848319289,2,7.408093336893888e-05
13243,DEU.2_1_119,50.222948300000006,11.0654915,28,0.433303704046671,2,3.898049104042492e-06
931,AUT_3003,48.3305349,13.8529942,3,0.433317399759237,2,0.0001099779387403
53752,__tmp_RUS.78.30_1__256,59.1416404,37.8261678,153,0.4333180757477544,2,3.706070475246456e-05
31445,ITA.6_1_294,44.1069462,12.508694299999998,80,0.4333440966756181,2,0.000303157058975
36938,POL.8_1_180,50.7166485,17.902611999999998,95,0.4333458560977868,2,0.0001324724871527
47345,SVK_266,48.1063617,17.8560129,5,0.4333566811741828,2,0.0001481563784482
38613,ROU.25_1_33,44.7730991,26.43279,104,0.4333843967033984,2,0.0002846686859444
36265,POL.5_1_30,52.204550700000006,15.016916,37,0.4334027595147699,2,6.746930643119616e-05
30950,ITA.4_1_4,38.8556831,16.608787,85,0.4334350032410408,2,2.0415294014273785e-07
52927,UKR.6_1_394,48.067813099999995,37.2761809,149,0.433465117140476,2,0.000296290803738
4903,CHE_3216,47.3483225,9.4323565,12,0.433490295397722,2,2.747273546164087e-05
21343,FRA.1_1_808,45.8177933,4.1876444,57,0.4335006759885175,2,4.245102769289368e-05
35268,POL.16_1_304,53.8984431,14.824409500000003,94,0.4335015093990185,2,7.408093336893888e-05
11322,DEU.15_1_26,54.7302933,8.7295216,45,0.4335344198536902,2,3.704115272067267e-05
23751,GBR.1.12_1_14,51.4684317,-2.5987661,67,0.4335439670339845,2,0.000107817116481
8106,CZE_4978,50.0319394,15.723832400000004,19,0.4335553754977314,2,0.0002906913995623
9507,DEU.10_1_522,51.029735800000005,6.182152100000001,22,0.4335644411519584,2,0.0001851920428792
22830,FRA.8_1_1457,48.62518469999999,2.4072530999999993,59,0.4335836651541809,2,6.654551171272664e-08
25651,GBR.1.91_1_23,51.5411666,0.6368257999999999,64,0.4336314843967034,2,0.0002222263352379
1956,BEL_2302,51.107090199999995,3.702288100000001,7,0.4336463839244374,2,0.0002222263352379
8462,CZE_918,49.694046,17.931973199999998,21,0.4336518659135105,2,3.704115272067266e-05
13434,DEU.2_1_1860,48.2919546,10.653932199999998,34,0.4336785720900084,2,0.0002592592555241
32115,LTU_16,55.8713894,21.222024,88,0.4337200944531901,2,0.0001483303332725
51168,UKR.22_1_62,48.9333466,25.7341281,143,0.4337268913788314,2,0.000296290803738
33267,NLD_667,52.17803690000001,6.0842046000000005,91,0.4337293082692842,2,2.1346779460910203e-05
21924,FRA.4_1_489,47.369400500000005,1.7972555,55,0.4337466987684045,2,3.6915803100645225e-05
7165,CZE_3338,49.5304981,12.9996499,17,0.4337675062505787,2,0.0003098406917519
12420,DEU.1_1_2739,48.887798,8.4513794,32,0.4337894897675711,2,0.0001481563784482
21446,FRA.2_1_158,46.207455200000005,4.3454277999999995,59,0.4337961848319289,2,6.69344152386148e-05
22495,FRA.7_1_376,49.298391300000006,2.5210944,60,0.433798453560515,2,8.60640180968241e-05
32276,LUX_53,49.573523900000005,5.9603134,6,0.4338007963700342,2,3.4272306320897975e-05
40200,RUS.21_1_9,54.8406933,20.2520946,88,0.4338087971108435,2,0.0002221887175861
23456,FRA.9_1_274,49.3028766,1.0104262000000002,61,0.4338221501990924,2,0.0002845296855412
9991,DEU.11_1_484,50.7648075,7.642296999999999,25,0.4338331789980554,2,9.005320776792412e-05
24255,GBR.1.36_1_10,51.5733973,-0.4117996999999999,66,0.4338391795536622,2,0.0001481563784482
5146,CHE_3888,47.3252762,8.8344252,12,0.4338517825724605,2,8.402850186229425e-05
5762,CZE_1023,50.0492922,17.7550399,20,0.4338616631169553,2,0.0002069342022196
35255,POL.16_1_280,53.52622550000001,15.650699600000005,94,0.4338777664598574,2,4.716710311787532e-05
22585,FRA.7_1_64,50.4247348,2.1720757,60,0.4338903324381887,2,0.0002343920659042
28556,HUN_675,47.4561134,17.5151031,5,0.4338912769700898,2,5.515615493598844e-05
20675,FRA.12_1_152,46.95217440000001,-0.90879,55,0.4338914343920733,2,0.0001111193419447
30628,ITA.2_1_346,39.90488979999999,18.2585817,84,0.4339263542920641,2,0.0001481598086292
29150,ITA.10_1_321,45.5051543,9.0933177,79,0.4339404759699972,2,6.556864013424407e-05
31737,ITA.8_1_298,41.86948819999999,12.529871699999998,81,0.4339465506065377,2,0.0001106539523334
38484,ROU.23_1_2,45.3787955,23.2965114,102,0.4339889897212704,2,0.0001481563784482
12099,DEU.1_1_1721,48.715990000000005,9.5261966,31,0.4339945643115103,2,0.0001967251015936
12165,DEU.1_1_1923,48.7840663,9.2489111,31,0.4340113343828132,2,1.3442197619135853e-05
31024,ITA.5_1_205,40.76379599999999,14.4279529,86,0.4340188998981388,2,0.0002037743088044
12520,DEU.1_1_3012,49.065411700000006,8.662722500000001,31,0.4340287063617002,2,7.521452253834593e-05
9302,DEU.10_1_3298,51.6934444,7.454677,44,0.4340420687100657,2,5.1352825132644664e-05
12274,DEU.1_1_2223,48.15263099999999,9.8532837,14,0.4340768126678397,2,0.0001851920428792
23972,GBR.1.25_1_17,53.06330870000001,-1.4012679999999995,65,0.4340900824150384,2,3.704115272067267e-05
19837,FIN.4_1_222,60.5731806,26.9545603,109,0.4340971571441801,2,0.0001851920428792
33714,NOR.1_1_24,59.7564007,10.8372425,92,0.4341153162329845,2,0.0001847023616713
31776,ITA.8_1_465,41.91577829999999,12.5479081,81,0.4341958514677285,2,5.5089475697279115e-05
13795,DEU.2_1_2859,48.8223675,12.3922102,35,0.4342104083711454,2,5.852157632446987e-05
48080,SWE.13_1_105,56.13068660000001,13.1303747,134,0.4342125104176313,2,6.385350156772689e-05
49809,UKR.14_1_232,49.46342480000001,24.2552908,142,0.4342249837947958,2,7.258513632210696e-05
15504,DEU.7_1_1697,50.154487800000005,8.5280238,39,0.4342339012871562,2,6.860362032239858e-09
42492,RUS.44_1_1357,55.864450100000006,38.7832637,124,0.4342490508380405,2,3.704115272067267e-05
9603,DEU.10_1_778,51.162244300000005,6.8602084,22,0.4342566811741828,2,1.263450007604174e-08
15470,DEU.7_1_1568,50.00722029999999,8.700778099999999,39,0.434263885544958,2,7.142968034303654e-05
30757,ITA.2_1_93,40.646960400000005,17.522042000000003,84,0.4342871099175849,2,3.822925308528941e-05
1408,AUT_71,46.996537200000006,15.282965100000002,3,0.4342954532827113,2,0.0002222263352379
22869,FRA.8_1_1620,48.854741100000005,2.3853043,61,0.434295518103528,2,1.4918227730444687e-05
43155,RUS.47_1_496,57.20407810000001,44.7903348,125,0.4343026946939532,2,0.000296290803738
33006,NLD_1527,53.32636059999999,6.687392500000001,91,0.4343547735901471,2,0.0001481563784482
42421,RUS.44_1_1127,55.5417364,37.5306627,124,0.4343637836836745,2,3.704115272067267e-05
21004,FRA.13_1_626,43.774757300000005,7.4930681,87,0.434427132141865,2,0.0002209885292851
31641,ITA.7_1_57,46.22053959999999,13.0109065,2,0.4344480137049727,2,0.0001701760664854
33386,NOR.10_1_51,68.4320663,18.0708665,133,0.4344671728863783,2,0.0001851920428792
39145,ROU.36_1_0,47.69256419999999,26.042756999999995,90,0.434470515788499,2,0.0001442622083124
51633,UKR.26_1_105,47.33215519999999,36.6075631,145,0.4345011575145848,2,3.8749611545434803e-07
13369,DEU.2_1_1668,48.1868168,11.5727203,1,0.4345364755995925,2,4.9190429190691264e-08
19443,ESP.8_1_585,40.42448979999998,-3.5359661999999994,54,0.434549124918974,2,0.0001111193419447
9913,DEU.11_1_266,49.85904789999999,7.981674400000001,24,0.4345564126307993,2,7.807232066136464e-05
34991,POL.15_1_515,53.144080199999976,17.1560029,94,0.4345650615797758,2,3.704115272067267e-05
35501,POL.1_1_466,50.67284720000001,16.3713884,37,0.4345948884155941,2,0.0002545272953925
35986,POL.3_1_50,51.1449282,19.096764500000003,96,0.4346314010556534,2,0.0002201699171452
25043,GBR.1.48_1_4,53.528355000000005,-2.7413901999999997,62,0.4346395684785628,2,3.7041152720672656e-05
18963,ESP.6_1_1361,41.3558512,2.1421622,53,0.4346405593110473,2,7.120122950416175e-05
27408,HUN_1221,46.267956000000005,18.861108,78,0.4346541716825632,2,0.0001481563784482
15047,DEU.4_1_788,51.7686016,14.1885284,26,0.4346576164459672,2,7.40809333689389e-05
10157,DEU.11_1_940,49.456426500000006,7.548154599999999,24,0.4346595518103529,2,0.0003378288396609
11737,DEU.16_1_709,50.97685200000001,11.6452587,28,0.4346758773960552,2,4.070683694262992e-05
2499,BGR_429,42.1556003,24.13764070000001,8,0.4346951013982777,2,0.0002592592555241
44264,RUS.63_1_93,52.223014000000006,43.755977,122,0.434715992221502,2,0.0002707838150925
17808,ESP.16_1_313,43.2890924,-2.9871924,49,0.4347437910917676,2,3.702537388799851e-05
42882,RUS.44_1_823,55.626612699999995,38.0712553,119,0.4347587369200852,2,0.0002436694883879
14821,DEU.4_1_185,53.03761749999999,12.1433375,38,0.4347673210482453,2,0.0001111193419447
26572,GRC_374,40.7465553,22.8319767,72,0.4347709973145662,2,9.686004144307792e-05
34346,POL.12_1_16,50.0165269,18.249505000000003,95,0.4348068154458746,2,2.2413562609432363e-05
35093,POL.15_1_782,52.116260100000005,16.172321299999997,37,0.4348095101398278,2,9.266817904104067e-05
15465,DEU.7_1_1548,49.9935178,8.656692300000001,39,0.434816334845819,2,4.549995790414046e-05
13479,DEU.2_1_1996,48.199163000000006,10.8524231,14,0.4348244374479119,2,3.068964558350372e-05
20500,FRA.11_1_513,44.801708399999995,3.2706793,57,0.4348439392536345,2,6.161823653144319e-05
22304,FRA.7_1_1005,49.475441,2.8819826,60,0.4348631817760903,2,0.0001024190441546
10559,DEU.13_1_801,51.8142152,12.1493383,28,0.4348877859061025,2,0.0001317654200682
4074,CHE_1102,46.3165538,7.0723052,11,0.4349261876099638,2,3.704115272067267e-05
3848,BLR.6_1_214,55.368004,27.469580500000003,89,0.4349439948143347,2,0.0001111193419447
13876,DEU.2_1_3042,49.0130266,12.993591099999998,35,0.4349888415594036,2,0.000296290803738
22314,FRA.7_1_1035,49.984925800000006,4.093032,60,0.4349981572367812,2,0.0003042069893338
51282,UKR.23_1_24,48.22348890000001,22.6414456,101,0.4350135753310492,2,0.0002770851174452
19261,ESP.8_1_1004,40.24298849999999,-3.7038165,54,0.4350301879803686,2,4.31210416668364e-05
45231,RUS.76_1_405,56.239275,38.995287999999995,110,0.4350914529123068,2,0.0002592592555241
34031,POL.10_1_206,53.35901410000001,23.365300800000004,10,0.4351426428372997,2,0.0001375665075402
22056,FRA.6_1_266,47.6276304,7.124933700000001,29,0.4351671821464949,2,0.0001117550666766
10763,DEU.14_1_1308,50.557125500000005,13.1493426,26,0.435175766274655,2,0.000296290803738
52671,UKR.6_1_120,48.6854622,37.591992,149,0.4351830076858969,2,0.000296290803738
34900,POL.15_1_297,52.56959179999999,17.816591000000003,94,0.4351933049356422,2,9.609810965251866e-05
5542,CHE_5130,47.56657670000001,8.418863100000003,12,0.4352057875729234,2,0.000263063767194
26431,GBR.4_1_49,51.41221469999999,-3.2486814,63,0.4352094916195943,2,0.00011100637465
14772,DEU.4_1_1042,52.5631719,14.550815600000002,37,0.4352145013427169,2,5.8749748713564755e-05
36679,POL.7_1_325,52.2403314,20.9298652,144,0.4352201592740068,2,3.750618878260921e-05
29178,ITA.10_1_367,45.17675199999999,10.8939649,80,0.435224863413279,2,2.526857631278169e-05
9907,DEU.11_1_256,49.69026719999999,8.195827300000001,24,0.4352272154829151,2,0.0002969796330591
17365,ESP.10_1_182,39.279084899999994,-0.3788864999999999,47,0.4352329660153717,2,0.0002222263352379
12377,DEU.1_1_258,47.693051,8.395969199999998,32,0.4352973886470971,2,0.0003242080774537
12756,DEU.1_1_3767,48.8362567,9.2219339,31,0.4353153532734512,2,9.134555577513924e-06
2138,BEL_733,50.368235000000006,5.0224696999999985,6,0.4353176497823872,2,0.0001481563784482
17775,ESP.16_1_25,43.29570870000001,-2.9894357,49,0.4353260487082137,2,1.6464868877375662e-08
8192,CZE_5108,49.62665889999999,16.817378899999998,18,0.4353289656449671,2,0.0002918128008221
10089,DEU.11_1_772,50.3248254,8.069878300000001,25,0.4353724326326511,2,0.0002538921972963
20276,FRA.10_1_753,45.25849839999999,1.7563434999999996,57,0.4353855912584498,2,5.4190116715750625e-05
12351,DEU.1_1_2477,48.92398409999999,8.373979299999998,32,0.4353927122881748,2,7.501949738915316e-05
25109,GBR.1.4_1_5,52.44185770000001,-1.9356149,63,0.4354191406611724,2,3.6329874740955455e-05
4630,CHE_26,46.22227319999999,6.0762874999999985,58,0.4355391795536623,2,5.865609537565079e-07
15934,DEU.8_1_214,53.6720106,12.2514704,41,0.4355587924807852,2,2.6840836074331516e-05
40523,RUS.26.24_1_12,61.744238900000006,30.669292100000003,108,0.4355741457542365,2,0.0002222263352379
15265,DEU.6_1_493,53.5693576,10.0274913,27,0.4355946476525604,2,0.0002003692735171
16497,DEU.9_1_415,53.623108499999994,9.3114874,43,0.4356145476433003,2,0.0001209524537853
27472,HUN_1367,47.5354311,18.9610638,76,0.4356206871006575,2,0.0002222263352379
19395,ESP.8_1_388,40.4231561,-3.6382568,54,0.435629428650801,2,0.0001111193419447
9450,DEU.10_1_403,50.77313489999999,7.3131332,25,0.4356520511158441,2,0.0002802897158184
38080,ROU.14_1_8,46.6371985,23.8510923,107,0.4356548198907307,2,0.0003182664196308
10269,DEU.12_1_81,49.2772993,7.0273804,23,0.4356614038336883,2,6.195074458430098e-05
9935,DEU.11_1_323,50.1758229,7.5714822,24,0.4357164181868692,2,3.704115272067267e-05
53509,UKR.8_1_71,49.7402,36.3318148,141,0.4357226502453931,2,0.0002196426721734
24670,GBR.1.36_1_645,51.632318300000016,-0.1277857999999999,64,0.4357238911010279,2,7.408093336893888e-05
16486,DEU.9_1_4,52.30926380000001,8.430000199999999,43,0.4357743772571535,2,8.047363439617723e-05
20287,FRA.10_1_783,45.5848694,1.9776718000000004,57,0.4357903602185387,2,3.706218542639546e-05
10424,DEU.13_1_422,51.946458500000006,11.6766016,28,0.4358229187887767,2,7.39736350283231e-06
41862,RUS.4.19_1_30,62.7427563,40.371780499999986,113,0.4358587461802019,2,3.704115272067267e-05
4761,CHE_2852,46.715928000000005,9.75993,83,0.4358922400222242,2,7.672516877489422e-05
11350,DEU.15_1_316,54.1863238,10.5907949,45,0.4358943791091768,2,0.0002222263352379
19418,ESP.8_1_468,40.4439615,-3.7260508,54,0.4359006204278174,2,7.064996831144383e-07
19993,FIN.5.8_1_0,62.52481230000001,24.28077889999999,109,0.4359173627187703,2,0.0001835458849371
16605,DEU.9_1_630,53.1177665,10.0954206,43,0.4359204833780905,2,7.250292062067899e-05
21732,FRA.3_1_31,48.521759499999995,-2.2289915,55,0.4359240300027781,2,8.315301895068948e-05
37238,PRT_1012,39.368487399999985,-8.554307300000001,52,0.4359261505694972,2,0.0001103577617216
47302,SVK_2197,48.933962300000005,21.9907568,77,0.4359812575238447,2,0.0003333209798794
35083,POL.15_1_756,51.76153300000001,16.808103,37,0.435995805167145,2,0.0001369663246559
898,AUT_2928,47.02861270000001,16.0139943,5,0.4360024909713863,2,0.0002634442834643
34438,POL.12_1_412,50.46265070000002,18.8911985,95,0.436026900638948,2,3.7280153293406305e-05
7887,CZE_4702,50.252616800000006,15.764614600000002,19,0.4360410315769978,2,2.71621262626424e-05
53541,UKR.9_1_10,46.329789700000006,34.7502024,145,0.4360637188628576,2,0.0001851920428792
11422,DEU.15_1_48,53.8537253,9.681764,45,0.4360646356144086,2,3.704115272067267e-05
11836,DEU.1_1_1082,49.518933,9.3317518,30,0.4360835540327808,2,0.0001965036086111
32233,LUX_15,49.50149919999999,5.9345046,6,0.4361558755440319,2,6.562879932290064e-05
20742,FRA.12_1_327,48.141164299999986,-0.5516135000000001,55,0.4362026483933697,2,9.30036412837317e-07
32942,NLD_124,52.08511849999999,5.624300499999999,91,0.436223455875544,2,0.0003171646443069
30464,ITA.20_1_477,45.8380754,11.691363099999998,2,0.4362356977497916,2,0.0001671033302016
27807,HUN_189,47.92598110000001,21.029845100000003,77,0.4362528382257616,2,3.704115272067267e-05
28696,HUN_856,46.660417800000005,17.613529800000002,78,0.4362665709787943,2,0.000152746876341
48042,SWE.11_1_30,59.48975259999999,15.065481199999995,133,0.4362925456060746,2,2.5310114955128516e-05
5603,CHE_677,46.399064200000005,6.2170309,13,0.4363141401981664,2,4.9314125493120245e-05
21100,FRA.1_1_1245,45.877955699999994,6.730370700000001,58,0.4363453560514861,2,0.0002592592555241
48993,TUR_204,40.9858492,28.9055129,135,0.4363969904620798,2,1.849303200677689e-05
13730,DEU.2_1_2714,49.020715,13.161239700000005,35,0.4364255764422631,2,7.408093336893888e-05
21813,FRA.4_1_19,47.5580617,0.5648340999999999,55,0.4364332345587554,2,8.843220410202e-05
31404,ITA.6_1_221,44.8994628,10.596168199999996,80,0.4364419668487823,2,8.197000630162605e-05
34935,POL.15_1_397,52.3932089,17.2242552,96,0.4364430502824336,2,4.700144012274491e-05
1806,BEL_1793,50.5447202,5.8100648,6,0.4364573201222336,2,0.0001481563784482
8162,CZE_5076,50.5134414,15.436731800000002,19,0.4364670617649782,2,0.000106943286837
16108,DEU.8_1_600,53.536198,12.611800599999995,41,0.4364688026669136,2,0.000101818355429
49010,TUR_242,41.03670170000001,28.8706993,135,0.4364928326696916,2,6.860362032239855e-10
1210,AUT_436,48.30280779999999,16.563461800000002,4,0.4364974071673303,2,0.0001230793232552
48490,SWE.17_1_40,59.603448500000006,13.8306895,133,0.436562589128623,2,4.2062148786638546e-05
1714,BEL_1470,50.520788499999995,4.7688077,6,0.4366037225669045,2,0.0001868333471316
50870,UKR.1_1_24,48.756544799999986,30.0833627,139,0.4366429669413835,2,7.408093336893888e-05
22118,FRA.6_1_395,48.367221,6.876934899999999,23,0.436667209926845,2,0.0001634502019476
30291,ITA.1_1_178,42.70584330000001,13.837956699999998,81,0.4366733493842022,2,0.0001111193419447
51391,UKR.24_1_151,48.3507503,29.7968738,143,0.4366741087137698,2,0.0003225378458936
47389,SVK_352,49.1487886,20.3153025,131,0.4366859709232336,2,0.0001182549637981
28390,HUN_410,47.84408619999999,19.0159302,76,0.4366985091212149,2,0.0001851920428792
33457,NOR.12_1_147,59.928861199999986,10.648320499999995,92,0.4367004352254838,2,6.145695251461357e-05
21171,FRA.1_1_266,44.443355800000006,4.7044994,58,0.4367060468561903,2,1.8165343547467892e-05
45919,RUS.7_1_374,50.001870800000006,37.98852109999999,127,0.4367085193073432,2,0.0002222263352379
48683,SWE.21_1_33,57.915130600000005,13.882738399999996,134,0.4367477914621724,2,0.000171548134724
34516,POL.12_1_64,50.10067109999999,18.409126200000003,95,0.4367754699509213,2,2.921234255891718e-05
29624,ITA.13_1_417,45.160771800000006,7.9985368,79,0.4367776553384573,2,0.0003000866251516
6604,CZE_2403,50.34435009999999,14.5465664,16,0.4368029169367534,2,0.0001197752450082
22371,FRA.7_1_1195,50.6463068,2.9952327000000003,60,0.4368132419668488,2,7.408093336893888e-05
4303,CHE_1725,46.786346599999995,8.163491800000001,11,0.4368139920362998,2,0.0001030913642852
16222,DEU.9_1_1149,52.07000400000002,10.0183672,43,0.4368305583850356,2,0.0001481563784482
19558,ESP.8_1_938,40.4337839,-3.6009678000000003,54,0.4368790258357254,2,0.0001370885228763
4072,CHE_1099,46.30947610000001,7.075633399999999,11,0.4369023705898695,2,7.408093336893888e-05
28513,HUN_632,47.644145,17.424913399999998,5,0.4369099824057784,2,6.824313086470937e-05
26901,HRV_26,45.910903899999994,15.6896124,75,0.4369267802574311,2,0.0002592592555241
8185,CZE_51,49.56709059999999,15.8979787,18,0.4369389665709787,2,0.0001002145802347
22621,FRA.7_1_742,50.26834959999999,3.9535776,60,0.4369512547458097,2,0.0001592409993237
11023,DEU.14_1_452,51.4918542,12.744519599999997,28,0.4369838873969811,2,1.4341161553836735e-05
10972,DEU.14_1_314,51.340559299999995,12.4563682,26,0.4370203815168071,2,0.0001818276583508
10189,DEU.12_1_114,49.4089619,6.9680096,23,0.4370631262153902,2,0.0002080554756665
12056,DEU.1_1_1607,48.782262800000005,10.1075099,31,0.4370707472914159,2,0.0002614816248583
25295,GBR.1.62_1_31,55.0403847,-1.4763992,69,0.4371189832391888,2,0.0001304792835997
22794,FRA.8_1_1318,48.8142877,2.340943,61,0.4371313732753034,2,3.83376036839071e-06
4167,CHE_136,46.4338431,6.925929599999999,11,0.4371852115936659,2,0.0002592592555241
42591,RUS.44_1_1640,55.92646619999999,37.9160674,124,0.437254893971664,2,0.000328767749882
36752,POL.7_1_579,52.26925670000001,21.0512633,144,0.4372845726456152,2,3.703978064826622e-05
12457,DEU.1_1_2851,49.4734814,8.5498885,24,0.4372933234558755,2,0.0001051751329035
42892,RUS.44_1_844,55.58241039999999,38.1834951,119,0.4373134919899991,2,9.359010344022908e-05
5115,CHE_3765,46.1451982,8.850260899999999,79,0.4373403741087137,2,0.0002579697787051
10181,DEU.12_1_102,49.37640939999999,7.0490325999999985,23,0.4373669413834614,2,0.0003191336554391
34215,POL.11_1_412,54.409587,18.571697599999997,94,0.4373749513843875,2,8.901491159505702e-05
24523,GBR.1.36_1_271,51.42495089999999,-0.0163924999999999,66,0.4373755440318547,2,4.49837577987316e-05
11232,DEU.14_1_94,51.4024806,12.2222908,28,0.4373869895360681,2,2.178436448660426e-05
35799,POL.2_1_407,53.609919700000006,18.1095022,94,0.4373963052134456,2,5.7390635437037086e-05
24094,GBR.1.30_1_3,54.613739,-1.5897097,69,0.4374459672191869,2,0.0003333209798794
35599,POL.1_1_700,50.8781469,15.801228799999995,37,0.4374529771275118,2,0.000131567593115
27039,HRV_486,45.7081218,17.4832048,74,0.4374535234743957,2,0.0003317158263742
53012,UKR.6_1_83,48.4686846,37.097140399999994,149,0.4374551902953977,2,3.704115272067267e-05
8286,CZE_60,49.211483300000005,15.884431,18,0.4375255764422632,2,9.803114114608428e-05
15454,DEU.7_1_1521,50.2912456,8.978548400000001,39,0.4375376608945273,2,6.196040419962284e-05
10550,DEU.13_1_783,51.7910795,12.059786800000005,28,0.4375432169645338,2,0.0001256023831269
33703,NOR.1_1_211,60.0293461,11.3277377,93,0.4375439670339845,2,4.598964398015363e-05
38198,ROU.18_1_17,43.978881699999995,22.9566689,106,0.4375481989073062,2,3.7041152720672656e-05
49285,UKR.11_1_10,50.438309499999995,30.419988300000007,138,0.4375571812204833,2,7.409648000853995e-05
8101,CZE_4972,49.459899400000005,15.0172836,36,0.4375690063894805,2,0.0001658768525587
49793,UKR.14_1_218,49.3778032,24.1578985,142,0.43761142698398,2,0.0001268650219449
10255,DEU.12_1_51,49.197933,7.030815400000001,23,0.4376265394943977,2,0.0001448334207922
31748,ITA.8_1_34,41.5520849,12.635150599999998,86,0.4376707565515326,2,0.0002592592555241
45538,RUS.78.6_1_13,58.95694769999999,41.1292272,110,0.4376713862394666,2,0.0002222263352379
37273,PRT_1112,38.726965500000006,-9.1348238,52,0.4377301602000186,2,1.2347189747559611e-05
46230,RUS.8_1_363,52.5107058,33.21491819999999,140,0.4377315862579868,2,0.0001111193419447
45484,RUS.78.27_1_36,59.19579340000001,39.9265719,153,0.4377507732197426,2,0.0001111193419447
49353,UKR.11_1_330,50.4410407,30.55868850000001,138,0.4377904806000555,2,9.533826659659704e-05
31163,ITA.5_1_637,40.8651108,14.5397765,86,0.4378287989628669,2,4.254174942017089e-06
18313,ESP.1_1_53,37.6354454,-5.7309896,51,0.4378589962033522,2,0.0002829997116714
23393,FRA.8_1_97,48.97932439999999,1.7837604,61,0.4379090193536438,2,2.4702516247439588e-05
22593,FRA.7_1_662,50.09125060000001,3.4489769000000003,60,0.4379125659783313,2,7.829642790704516e-05
48117,SWE.13_1_2,56.0759194,12.7105152,134,0.4379430225020836,2,4.080837352291928e-06
26689,GRC_709,38.0061148,23.6997446,72,0.437965033799426,2,7.40809333689389e-05
24007,GBR.1.25_1_98,53.3593913,-2.0075079999999996,65,0.4380286137605333,2,3.704115272067267e-05
28268,HUN_2896,48.0590458,22.20314819999999,77,0.4380388184091119,2,8.87604711266621e-05
43088,RUS.47_1_321,56.165950599999995,43.8726005,125,0.4380573108621169,2,0.0003333209798794
18611,ESP.4_1_76,38.740434099999995,-4.730317100000001,51,0.4380679044355959,2,3.704115272067267e-05
1095,AUT_3557,48.229241300000005,16.411359100000002,4,0.4380695156958978,2,1.2816532029029894e-05
11712,DEU.16_1_645,50.660114699999994,11.487470099999998,28,0.4380921011204742,2,9.776975131994374e-05
18764,ESP.5_1_318,41.4892851,-2.5252453000000004,53,0.4381072784517085,2,0.0001111193419447
52308,UKR.5_1_110,48.5069242,35.118382499999996,150,0.4381449023057691,2,0.000275355532823
932,AUT_3005,48.37004,13.4221102,3,0.4381500972312251,2,8.355056347557276e-05
17442,ESP.10_1_405,39.4000361,-0.3988835,47,0.4381532364107788,2,1.776079126526577e-05
25402,GBR.1.67_1_56,53.16324860000001,-1.2016569,65,0.4381577460876006,2,5.773652362831557e-06
22140,FRA.6_1_462,48.8011141,6.109385499999999,23,0.4381674229095287,2,0.000108583968678
35004,POL.15_1_544,53.295001000000006,16.750311500000002,94,0.4381772108528567,2,9.836700123651104e-05
10445,DEU.13_1_47,51.46413530000001,11.1223522,28,0.4381805167145106,2,0.0002821655746663
36321,POL.6_1_122,49.966590800000006,19.773495099999995,99,0.4382367904435596,2,0.0001746671306592
37515,PRT_186,38.67950129999999,-9.1576257,52,0.4382440318548014,2,3.704115272067267e-05
16443,DEU.9_1_335,53.43929030000001,8.7340853,43,0.4382720437077506,2,0.0001748092298545
6012,CZE_1488,49.7908097,18.4604674,95,0.4382778683211407,2,6.10633562791438e-05
16381,DEU.9_1_196,52.97241929999999,7.354741200000001,42,0.4382901194555051,2,0.0002464027403792
13119,DEU.1_1_845,48.577446300000005,8.881852199999999,32,0.4383409852764144,2,0.0002222263352379
10132,DEU.11_1_882,49.6356657,7.599738799999999,24,0.438353227150662,2,0.0001234084241
35123,POL.15_1_854,52.317802400000005,16.800856599999996,37,0.4383557922029817,2,9.38963917071083e-05
49385,UKR.12_1_103,50.41694580000001,30.389261800000003,138,0.4384029539772201,2,1.8520576360336335e-05
36614,POL.7_1_168,52.01928080000002,20.9345864,144,0.4384118529493471,2,7.40809333689389e-05
16286,DEU.9_1_1354,52.27948229999999,9.5724011,43,0.4384206963607743,2,0.0001060779244238
21686,FRA.3_1_206,48.112230299999986,-1.4667665,55,0.4384572553014169,2,5.5681499568155185e-05
4870,CHE_3122,47.2725292,8.913945100000001,12,0.4385266691360311,2,0.0001010687231005
48845,SWE.7_1_114,57.520972400000005,14.910571599999995,134,0.4385581164922678,2,7.408093336893888e-05
11697,DEU.16_1_603,50.7176904,10.399665699999998,28,0.4385583294749514,2,0.000235292898573
25837,GBR.3_1_1023,58.38812510000001,-3.7061485,70,0.4385827206222799,2,0.0001481563784482
29103,ITA.10_1_211,45.18345060000001,10.9752539,80,0.4385860820446338,2,6.208044048909457e-05
11861,DEU.1_1_1118,47.65713159999999,9.4519819,14,0.4386082878044263,2,0.0002994391530244
43905,RUS.58_1_46,46.3766658,41.4509225,147,0.4386253449393462,2,0.0001129610257341
30054,ITA.17_1_120,46.1186853,11.105252199999995,2,0.4386804704139272,2,7.012188828929248e-06
19495,ESP.8_1_737,40.4974779,-3.6584250000000007,54,0.4387137605333827,2,4.5805155777750474e-05
34990,POL.15_1_514,53.131563199999995,17.1095256,94,0.4387207148810075,2,7.408093336893888e-05
16993,DNK_1685,55.6452602,12.585629,134,0.4387344568941569,2,9.585480747224623e-05
9094,DEU.10_1_2677,52.0343588,7.0890256,44,0.4387450134271691,2,0.0001352540106449
30000,ITA.16_1_498,43.9335123,11.4576924,82,0.4388265487545142,2,2.391312446147318e-05
10123,DEU.11_1_864,49.494542,7.456221299999998,24,0.4388377071951106,2,0.0001157095260706
9483,DEU.10_1_464,50.8900499,6.408470799999999,6,0.43884570793592,2,5.385125856813378e-06
48120,SWE.13_1_209,55.5853825,14.2280395,134,0.4388544402259469,2,0.0002222263352379
35099,POL.15_1_799,52.2362617,15.9719545,37,0.4388565793128993,2,0.0001206593031575
3882,BLR.6_1_274,54.7803613,29.3015006,123,0.4388691360311139,2,0.0002592592555241
35387,POL.1_1_166,51.178544899999984,17.194607899999998,37,0.4388991388091491,2,0.0002573874928265
17653,ESP.12_1_7,42.722905399999995,-8.6520109,48,0.4389147884063339,2,0.000332993454762
17533,ESP.11_1_30,38.8968916,-6.1288749000000005,52,0.4389596073710528,2,0.0003333209798794
47355,SVK_293,48.333703,16.913910799999996,4,0.4389777201592739,2,7.408093336893888e-05
47749,SVN_132,45.8873045,13.7697203,75,0.4389848967496991,2,0.0001481563784482
12004,DEU.1_1_1466,48.60863259999999,9.3456591,14,0.4390009723122511,2,0.0001481563784482
22135,FRA.6_1_45,49.128075200000005,4.0227677,23,0.4390027039540699,2,5.5552598265828e-08
42090,RUS.43_1_114,55.63103600000001,37.6273775,124,0.4390534956940457,2,0.0001990893194626
51109,UKR.22_1_113,48.8897487,25.9451024,143,0.4390541716825633,2,0.000296290803738
4959,CHE_3382,47.3670925,8.784926500000001,12,0.4390580609315677,2,0.0001892120996022
44164,RUS.59_1_51,55.1215528,40.2600741,119,0.4390633577183072,2,3.704115272067267e-05
41421,RUS.38_1_416,60.0548307,30.744560900000007,116,0.4391276507083989,2,0.0002592592555241
5186,CHE_3976,46.0566,8.930085599999998,79,0.4391534956940458,2,6.94325371015192e-06
25520,GBR.1.82_1_0,53.3647205,-2.9272167,62,0.4392036577460876,2,0.0001172476660217
10721,DEU.14_1_122,51.3172198,12.278969,28,0.4392132234466154,2,3.704115272067267e-05
3970,BLR.7_1_120,53.876888099999995,27.497095399999996,10,0.4392811278822113,2,7.40809333689389e-05
25692,GBR.1.93_1_3,53.3774785,-2.1221396,63,0.4392819612927123,2,3.7041152720672656e-05
33429,NOR.11_1_92,62.17616700000001,9.4260101,93,0.4393394388369294,2,6.32092033170812e-06
42540,RUS.44_1_1490,56.16129220000001,37.9468802,114,0.4393600703768868,2,0.0001499688947286
49321,UKR.11_1_222,50.445993,30.577033900000004,138,0.4393896842300212,2,6.98048985823271e-05
48897,SWE.7_1_97,57.7346901,14.123733,134,0.4394274284655987,2,5.760074301635774e-07
14647,DEU.3_1_64,52.43676609999999,13.2332397,38,0.4394919714788406,2,0.0001082853437851
29157,ITA.10_1_329,45.5908705,9.0664466,79,0.4394922955829244,2,2.0672269708763913e-05
465,AUT_1922,48.15244319999999,14.0196315,3,0.4395115381053801,2,0.0002222263352379
48044,SWE.11_1_35,59.47517319999999,15.1235896,133,0.4395524122603945,2,1.3330496871577722e-05
9304,DEU.10_1_3300,51.70713240000001,7.453294100000001,44,0.4395558199833317,2,1.4572519710630272e-05
21960,FRA.6_1_102,49.7009132,4.843615399999998,23,0.4395631632558571,2,0.0001649342032283
9947,DEU.11_1_360,50.3473998,7.967600700000001,25,0.4396114455042134,2,0.000129647727609
18355,ESP.1_1_74,37.4863065,-5.9328966,51,0.4396416242244652,2,6.860362032239855e-10
4174,CHE_1385,47.051886200000006,7.0395403,33,0.4396701453838319,2,9.316261521108007e-06
11393,DEU.15_1_416,54.75427120000001,8.8125677,45,0.4397035558848041,2,7.408093336893888e-05
30588,ITA.2_1_236,40.558052399999994,17.717688,84,0.4397147791462172,2,0.0003072342068777
4932,CHE_3303,47.3851773,8.7499354,12,0.4397386702472451,2,0.0002095969760131
43839,RUS.58_1_297,47.2447975,39.702262799999986,147,0.4397798129456431,2,0.0001111193419447
9985,DEU.11_1_470,50.54738960000001,7.2859574,25,0.4397930826928421,2,0.0001623967982045
39843,RUS.14_1_151,59.8754866,30.415860500000004,116,0.4398038429484212,2,3.704115272067267e-05
37817,ROU.10_1_1,44.361037200000005,26.149421599999993,104,0.4398553384572644,2,5.4981434010853685e-05
10603,DEU.13_1_92,52.5003205,11.2941821,43,0.4398585609778684,2,6.860362032239855e-10
22460,FRA.7_1_273,49.2885608,2.1360769,61,0.4398816001481618,2,9.1808337115122e-05
22402,FRA.7_1_1278,50.6316211,3.0609170000000003,60,0.4399305861653858,2,3.701702629748295e-05
33343,NLD_903,52.599937800000006,4.700938999999999,91,0.4399694323548477,2,3.7169147475159874e-05
19451,ESP.8_1_602,40.4533798,-3.5941978,54,0.4400735994073527,2,7.403035512445105e-05
21061,FRA.1_1_1121,45.7690277,4.882299799999999,58,0.4400749050838041,2,1.0033279472150793e-07
38767,ROU.29_1_57,46.4732327,24.633461,107,0.4401053523474396,2,7.408093336893888e-05
30693,ITA.2_1_471,41.47526759999999,15.468270499999996,84,0.4401260764885638,2,7.408093336893888e-05
24620,GBR.1.36_1_529,51.60383009999999,-0.0707822,66,0.4401473006759885,2,0.0002593488026236
33405,NOR.11_1_3,60.259053400000006,10.664752,92,0.4401479118436892,2,0.0003333209798794
10868,DEU.14_1_1578,51.5090969,14.596842400000003,26,0.4401657653486434,2,0.0001111193419447
49562,UKR.13_1_150,48.73862729999999,33.016562300000004,152,0.4401755718122048,2,0.0002592592555241
28527,HUN_645,47.13352129999999,17.2878083,5,0.4401895360681545,2,0.0002162568511736
33598,NOR.15_1_60,63.3509041,10.3575006,93,0.4402017686822854,2,0.0001428064525241
19591,ESP.9_1_19,42.754694400000005,-1.6362063999999996,49,0.4402185294934717,2,0.0001851920428792
25697,GBR.1.93_1_56,53.3862584,-2.1415665,63,0.440223974442078,2,7.408093336893887e-05
23187,FRA.8_1_3,49.03876410000001,1.5814258,61,0.4402670710250949,2,1.2744047810351222e-05
14543,DEU.3_1_201,52.57145860000001,13.3604277,38,0.4402891008426706,2,2.70276495330564e-05
20774,FRA.12_1_58,47.48237029999999,-2.0500625,55,0.440297277525697,2,8.047160254211745e-05
29500,ITA.13_1_16,45.1198826,6.9888073,58,0.4403040466709879,2,9.839470777269692e-05
15463,DEU.7_1_1531,50.41845359999999,8.938600999999998,39,0.4403220390776924,2,3.130597039549813e-05
8241,CZE_53,49.09420080000001,15.865395099999995,18,0.4403419390684323,2,0.0001673382414151
11259,DEU.15_1_0,54.872134800000005,8.4342859,45,0.4403480414853227,2,7.408093336893888e-05
48420,SWE.15_1_67,59.3947666,17.899694899999997,132,0.4404106398740623,2,3.704115272067267e-05
11140,DEU.14_1_731,50.9567327,14.0755677,26,0.4404434947680339,2,0.0001562876657553
5033,CHE_3578,47.5064599,8.680964300000001,12,0.4404537271969627,2,2.532327339939347e-05
21070,FRA.1_1_1140,45.4383209,5.427984700000001,58,0.4405326141309379,2,9.187961130638892e-05
5045,CHE_3611,46.51071619999999,8.6898486,11,0.4405407630336143,2,7.408093336893888e-05
18318,ESP.1_1_544,37.3168393,-3.1270166,51,0.440549384202241,2,0.0003338521674561
1732,BEL_153,50.90683509999999,4.0235674,7,0.4405752199277711,2,0.0002438238443786
531,AUT_2018,47.990215600000006,12.8890691,1,0.4406825076395962,2,0.000296290803738
8569,DEU.10_1_1198,51.42455560000002,7.3405601,44,0.4407154088341513,2,0.0001362342343804
20305,FRA.10_1_836,46.005496499999985,1.1566249999999998,57,0.4407291230669505,2,0.0001580415697173
12596,DEU.1_1_3203,49.2500043,8.8759014,30,0.4407300212982684,2,0.0002987963488464
22389,FRA.7_1_1232,50.70483629999999,3.1604268000000006,60,0.4407778961014909,2,2.4438920636672745e-06
22596,FRA.7_1_668,50.128089200000005,3.3337853,60,0.4408569589776832,2,1.0761859353376798e-05
27566,HUN_1570,46.1910074,20.43074,128,0.440864570793592,2,0.0001261940773875
48229,SWE.15_1_147,59.315826500000014,18.010639199999996,132,0.4409024631910362,2,7.396322099040238e-05
14767,DEU.4_1_1023,51.4243364,13.469081200000002,26,0.440945939438837,2,3.404197789750056e-05
30469,ITA.20_1_49,45.4385747,10.702308899999997,80,0.4409587924807853,2,2.694840193288886e-05
30881,ITA.4_1_250,38.72633510000001,16.1506256,85,0.4409811186220946,2,0.0001851158928607
32980,NLD_1420,52.3666262,4.9036061,91,0.4410266783961477,2,2.830545281190644e-06
9503,DEU.10_1_510,50.9364246,6.356667799999999,6,0.4410341698305399,2,0.0001111193419447
7211,CZE_3412,50.2557014,13.3683633,16,0.4410925178257245,2,0.0001446907367619
9880,DEU.11_1_19,49.5650771,6.371887900000001,23,0.4410964626354292,2,0.0001111193419447
23718,GBR.1.117_1_1,52.0983275,-1.9465751,67,0.4411296694138346,2,5.565038188060887e-05
42830,RUS.44_1_663,55.2044244,37.921248699999985,119,0.4411492267802575,2,0.0001804159968065
53011,UKR.6_1_82,48.448532500000006,37.0759021,149,0.4411720251875174,2,7.408093336893888e-05
14594,DEU.3_1_34,52.53762630000001,13.2175134,38,0.441185498657283,2,9.032445510781072e-05
5951,CZE_1344,49.63588849999999,18.1422089,21,0.4412547921103805,2,0.0002105921681297
36898,POL.8_1_102,50.4684068,17.220847900000003,37,0.4412657468284099,2,0.0001613791212635
7072,CZE_32,49.18359790000001,16.2573104,18,0.4413100842670617,2,0.0002954894971423
22828,FRA.8_1_1453,48.725818999999994,2.4200152,59,0.4413404944902305,2,3.6359918770871255e-08
9258,DEU.10_1_3146,52.16244130000001,7.2540302,44,0.4413944902305768,2,0.0001611502422466
13271,DEU.2_1_133,50.2865175,10.9307844,28,0.4414110473191961,2,0.0001481563784482
42346,RUS.43_1_869,55.8550132,37.4762129,124,0.441454921752014,2,7.408093336893891e-05
34919,POL.15_1_338,52.3217379,17.7519924,96,0.44146864524493,2,0.000229130139238
8838,DEU.10_1_1906,50.729851399999994,7.108605899999999,25,0.4414927771089915,2,1.8470023114783217e-05
42073,RUS.42_1_81,54.0589014,44.8981421,120,0.4414998055375498,2,0.0003333209798794
20595,FRA.11_1_779,44.162266800000005,1.5336541,57,0.441537355310677,2,0.0001481563784482
10738,DEU.14_1_1254,50.4779034,12.9740245,26,0.4415611630706547,2,0.0002222263352379
44496,RUS.65_1_201,44.0449513,43.0156833,111,0.4415724511528845,2,0.000296290803738
53380,UKR.8_1_385,49.7337529,37.5675821,141,0.4416036577460875,2,0.0001111193419447
33253,NLD_625,52.0603279,4.542624299999999,91,0.4417067598851746,2,9.079117619824412e-05
33078,NLD_174,51.8946382,5.0924835,91,0.4417085470876933,2,4.3448959537519106e-08
23297,FRA.8_1_617,48.8415334,2.3080102,61,0.4417667284007778,2,6.518358304680485e-06
10144,DEU.11_1_91,50.19736190000001,7.578058100000001,24,0.4417719603667005,2,7.408093336893888e-05
29932,ITA.16_1_325,43.272290099999985,11.5395697,82,0.4417785165293083,2,5.897946749223395e-05
31580,ITA.6_1_9,44.96727699999999,9.8532119,80,0.4418016668210019,2,1.1959520775225029e-05
52693,UKR.6_1_142,47.64110349999999,37.4948425,151,0.441807667376609,2,0.0001058868699671
22554,FRA.7_1_539,49.77695480000001,2.4758022999999993,60,0.4418249004537457,2,4.598925284709668e-05
41331,RUS.38_1_224,59.56348460000001,31.0183204,116,0.4418360218538753,2,7.408093336893888e-05
6138,CZE_1690,48.92603010000001,13.9694656,36,0.441836290397259,2,0.0001746532588244
8945,DEU.10_1_2238,50.8037001,7.010641699999999,22,0.4418470413927216,2,0.000103977711242
33264,NLD_662,52.1482881,6.003990999999998,91,0.4418479674043892,2,9.311326323021926e-06
17214,DNK_72,56.5654011,8.219699099999998,45,0.4418496620057414,2,0.0003333209798794
48734,SWE.2_1_30,60.81840620000001,15.0191104,133,0.4418814427261783,2,0.000184527594691
35113,POL.15_1_83,51.8730226,18.1796064,37,0.4418883600333364,2,0.0001111193419447
17348,ESP.10_1_151,39.4609623,-0.4637445,47,0.4419021298268359,2,7.258048529456895e-05
783,AUT_2599,47.591387100000006,16.5470437,5,0.4419127604407816,2,0.0002592592555241
15597,DEU.7_1_31,50.12992519999999,8.5280429,39,0.4419186220946384,2,0.0001109082224703
2156,BEL_791,50.9442794,4.6634468,7,0.4419471062135384,2,8.370032388830236e-05
36507,POL.6_1_74,49.6951408,20.933879900000004,99,0.4420136123715159,2,0.0002760305319762
28068,HUN_2489,47.59506159999999,19.3408119,76,0.4420276784887488,2,0.0002084506575651
33185,NLD_445,52.0205662,4.4369745,91,0.4420619131401055,2,1.3717994083584418e-07
22179,FRA.6_1_578,49.08797449999999,6.9080927,23,0.4420859431428836,2,3.704115272067267e-05
17888,ESP.16_1_605,43.294435,-2.905987599999999,49,0.4421024539309194,2,0.0001851920428792
31066,ITA.5_1_310,40.76063069999999,14.534329,86,0.4421224280025928,2,1.859169762462992e-05
35545,POL.1_1_573,50.8768688,16.586813,37,0.4421317158996204,2,0.0001558663247057
6174,CZE_1726,49.32726239999999,14.1103027,36,0.4421515047689601,2,0.0001470429273041
21238,FRA.1_1_46,45.109058000000005,2.8696811,57,0.4421746921011205,2,0.0002655544625593
39030,ROU.33_1_20,47.3623631,23.2705521,101,0.4422064080007407,2,5.889430852645071e-05
2812,BGR_859,41.45892949999999,25.3718564,8,0.4422097694230946,2,0.0001111193419447
39402,ROU.3_1_2,44.549110600000006,24.781360300000003,106,0.4422149087878508,2,0.0002005282347724
40755,RUS.34_1_250,44.877039700000005,38.7467394,147,0.4422188721177885,2,0.0001969115242016
13058,DEU.1_1_72,49.61217260000001,8.6445716,24,0.4422402722474303,2,0.000218842131147
10369,DEU.13_1_285,51.2740633,11.654652300000002,28,0.4422773867950735,2,2.98627879127919e-05
10124,DEU.11_1_87,50.03634,7.8050811,24,0.4422915362533568,2,0.0002714294679376
4894,CHE_32,46.0866903,7.058486500000001,11,0.4422998055375499,2,0.0002222263352379
40895,RUS.34_1_567,45.91389479999999,40.02919849999999,147,0.4423058153532734,2,0.0003018636535934
39882,RUS.14_1_258,60.0930885,29.958526400000004,116,0.4423267339568478,2,1.1791014222950542e-05
32284,LUX_70,49.5725215,5.995013299999999,6,0.442364913417909,2,3.494234404458626e-05
25995,GBR.3_1_450,56.1116558,-3.3433178,70,0.4424306232058524,2,8.477246612771577e-05
25288,GBR.1.62_1_15,54.989598400000006,-1.5327360999999995,69,0.4424312065932032,2,0.0002398663841314
49970,UKR.15_1_138,48.178118399999995,38.847274000000006,126,0.4424634410593573,2,7.408093336893888e-05
22254,FRA.6_1_856,48.905247300000006,7.653405299999998,23,0.4424933327159921,2,0.0002596933802169
35468,POL.1_1_375,51.2709284,15.778597100000002,37,0.4424951013982777,2,4.207141420038314e-05
40706,RUS.34_1_135,44.77028,40.6751708,111,0.4425928326696916,2,7.40809333689389e-05
31990,ITA.9_1_200,44.109103,9.9604626,82,0.4426105565330123,2,0.0002113613948162
29,ALB_45,40.938772400000005,19.698681899999997,73,0.4426542272432632,2,0.000296290803738
40017,RUS.19_1_67,57.1179326,41.3820965,125,0.442661987221039,2,0.000296290803738
5458,CHE_4858,47.2337119,7.774902099999999,33,0.4426629965737567,2,0.0001753388840525
24985,GBR.1.44_1_8,51.34104039999999,1.405619,68,0.4426968515603297,2,0.0001960678985829
21868,FRA.4_1_349,46.9351581,2.2748365999999995,55,0.4426988424854153,2,0.000296290803738
13077,DEU.1_1_755,47.7093947,7.531255700000001,29,0.4427121770534308,2,3.2679895346396595e-05
27290,HUN_1007,46.009248099999986,18.2754717,78,0.4427318640614872,2,0.0003425944511649
47079,SVK_1642,48.85252860000001,21.681591600000004,77,0.44279141587184,2,0.0002773167088132
4436,CHE_2078,47.0833407,8.0411873,33,0.4428193721640893,2,0.0001842289771892
37506,PRT_184,38.6643586,-9.1600285,52,0.4428381609408278,2,9.227186933362609e-08
45373,RUS.77_1_340,48.519418300000005,44.6146475,121,0.4428420409297157,2,0.0001851920428792
7144,CZE_3307,49.6879839,12.7813376,17,0.442872006667284,2,0.0001445816818304
22328,FRA.7_1_1085,50.626917000000006,3.0527396,60,0.4428929808315584,2,1.0970862283223576e-08
33840,NOR.6_1_11,60.22631609999999,11.8097228,93,0.4429410871376979,2,0.0003375139825175
16887,DNK_1316,55.7323542,12.535933,46,0.4429429021205667,2,4.135883590503002e-07
4124,CHE_1219,46.831806699999994,7.065531699999998,13,0.4430070654690249,2,0.0002687216124182
52972,UKR.6_1_439,48.0330058,38.5431974,151,0.4430310769515697,2,7.993130582643322e-05
35831,POL.2_1_9,53.6642244,18.1173751,94,0.4430430132419667,2,2.075973236591225e-05
22731,FRA.8_1_1074,48.9925143,1.9132992999999996,61,0.4430593480877858,2,0.0003051187651848
27357,HUN_1115,46.7931215,18.912472099999995,78,0.443066182053894,2,0.0001481563784482
30813,ITA.3_1_79,41.0091261,15.7416733,84,0.4430823131771461,2,9.505705789579936e-05
11557,DEU.16_1_293,50.715571,10.8572711,28,0.4430919436984905,2,0.000330438438937
6091,CZE_1632,49.816036,13.5641372,36,0.4431240670432447,2,0.0001851920428792
15442,DEU.7_1_1491,50.039463399999995,8.456716,39,0.4431271784424484,2,3.1653003054187156e-05
37579,PRT_301,38.648527599999994,-9.1531274,52,0.443142522455783,2,7.399003357201172e-05
5984,CZE_1415,49.53484089999999,18.29528,21,0.4431533938327622,2,0.0001033161422399
21137,FRA.1_1_195,44.969654,3.6499475,57,0.4431737197888694,2,7.408093336893888e-05
22674,FRA.7_1_888,50.4378657,2.793057299999999,60,0.4431854986572831,2,0.0001850163787308
26543,GRC_295,39.3646768,22.9367532,72,0.4432419853690157,2,0.0001481563784482
6243,CZE_1796,49.443715100000006,13.7900937,36,0.4432480137049728,2,0.000269817978312
1133,AUT_3737,48.57686900000001,16.467165400000003,4,0.4432572553014167,2,7.408093336893888e-05
18585,ESP.4_1_4,38.7631986,-3.3961616999999995,51,0.4432609500879711,2,0.0001353103736999
36901,POL.8_1_109,50.545289,17.3533194,37,0.4432850449115658,2,0.0001102626221241
31176,ITA.5_1_678,40.93980770000001,14.3729848,86,0.4433174831002872,2,3.58922707590069e-07
23777,GBR.1.13_1_28,51.50860859999998,-0.5068108,66,0.4433228261876099,2,3.457217607661806e-05
24334,GBR.1.36_1_13,51.4158708,-0.3726437,67,0.4433380961200112,2,0.0001481563784482
17610,ESP.12_1_158,43.163528199999995,-7.837278,48,0.4433399203629966,2,8.964778085629434e-07
39249,ROU.37_1_7,44.064480200000006,24.9838941,106,0.4433911102879896,2,0.0001481563784482
50178,UKR.15_1_95,49.560618600000005,40.0540118,112,0.4434370034262431,2,0.0001799179853145
10254,DEU.12_1_5,49.58046430000001,7.1147785,24,0.4434856005185665,2,0.0003226141563887
41397,RUS.38_1_369,59.97607120000001,30.932776200000003,116,0.4435497175664413,2,0.000296290803738
7104,CZE_3249,49.73949269999999,12.701375200000005,17,0.4435688860079638,2,0.0001003979498047
8155,CZE_5069,50.462290200000005,15.375889799999998,19,0.4435741827947032,2,0.0002572939549676
11397,DEU.15_1_428,53.9893052,9.118300300000003,45,0.4435982868784147,2,0.0002592592555241
42479,RUS.44_1_1302,54.715844,39.3626416,119,0.4436164367071025,2,2.1282675676051304e-05
21533,FRA.2_1_377,46.880397900000006,4.760917500000001,59,0.4436393925363461,2,0.0003171704459528
13317,DEU.2_1_1500,48.15036820000001,11.581064099999995,1,0.4436663024354107,2,4.637902374666272e-06
45631,RUS.79_1_229,50.5413226,39.6412339,112,0.4436895360681545,2,6.141305605851615e-05
47430,SVK_433,49.1502318,20.4298669,131,0.4437128345217149,2,0.0002613620284108
2410,BGR_277,42.7274033,23.30154019999999,8,0.4437424483748496,2,0.0001105813708663
25388,GBR.1.67_1_19,53.0649852,-0.9004933,65,0.4437819335123622,2,8.034263285502285e-05
22451,FRA.7_1_252,50.8897848,2.4121092,60,0.4438062690989905,2,0.0001224648181081
18742,ESP.5_1_286,42.65680039999999,-4.311215399999999,49,0.4438168626724696,2,0.000185234920142
42638,RUS.44_1_2,55.737457500000005,37.2624841,118,0.4438198166496898,2,7.408093336893888e-05
26672,GRC_647,37.96864109999999,23.692674299999993,72,0.4438318548013704,2,0.0002036431923758
15075,DEU.4_1_861,52.204052100000006,14.114366699999998,26,0.4438332901194554,2,0.0002252255629049
8291,CZE_611,48.8788998,17.273853799999998,18,0.4438341050097231,2,4.063816944753207e-05
18901,ESP.6_1_117,41.1366062,1.3732969000000002,53,0.4438367719233262,2,1.2607817996657205e-06
24279,GBR.1.36_1_1101,51.502225,0.0327128,66,0.4438536345957958,2,2.2798016891612982e-06
8321,CZE_665,49.66246250000001,17.2811471,20,0.4438614779146218,2,0.0003167573058939
15057,DEU.4_1_819,52.5382192,14.2166951,37,0.4438643022502083,2,0.0003134330272452
24959,GBR.1.44_1_290,51.293142200000005,0.3061936,68,0.4438747661820539,2,1.7342529874134845e-05
50513,UKR.18_1_129,49.088130099999994,33.4597695,152,0.4438838966570978,2,3.6988317538536446e-05
35427,POL.1_1_274,51.4710663,17.3739573,37,0.4438864894897676,2,0.0002541283090998
5060,CHE_3662,47.47690099999999,9.251599100000002,12,0.4438951569589777,2,7.408093336893888e-05
20022,FRA.10_1_123,45.43865279999999,-0.4417234,55,0.443899740716733,2,4.068098145835688e-07
14457,DEU.2_1_942,48.10116520000001,11.6462771,1,0.4439539401796463,2,0.0002559989094842
14298,DEU.2_1_558,48.317463200000006,10.0981324,14,0.4439981016760811,2,7.40809333689389e-05
49002,TUR_226,41.0116361,28.8655579,135,0.4440131123252153,2,3.707157679286611e-05
23176,FRA.8_1_2785,48.991902800000005,2.6657783000000004,60,0.4440338549865728,2,7.336384997178224e-05
48555,SWE.19_1_33,62.47251159999999,16.335667100000002,133,0.4440683396610797,2,2.1078095171139965e-05
46774,SRB_76,45.41477300000001,19.7012868,128,0.444074932864154,2,4.865447009261836e-05
25949,GBR.3_1_334,55.9015081,-3.5436081,70,0.4441163626261691,2,8.654287900575715e-05
6418,CZE_2038,50.696084700000014,14.2031108,16,0.4441529863876285,2,0.000115911123675
35355,POL.16_1_97,53.505424100000006,14.6148084,94,0.4441698490600981,2,0.0001111193419447
40859,RUS.34_1_485,45.657033600000005,38.9676841,147,0.4441707843318825,2,7.500573303875755e-05
35901,POL.3_1_268,51.9237971,19.2671926,96,0.4441845263450319,2,0.0002532540910071
29783,ITA.13_1_73,44.59872979999999,7.487141399999999,87,0.4441900083341049,2,1.8502393134111843e-05
49530,UKR.13_1_108,48.72223970000001,32.586359200000004,136,0.4442521807574776,2,0.0002673847628526
48543,SWE.18_1_8,65.02086320000002,17.6387197,133,0.4442875266228354,2,0.0002220692329474
8061,CZE_4927,50.590802499999995,15.8818118,19,0.4443231780720437,2,0.0001111193419447
2863,BGR_917,42.1371018,25.495127599999993,8,0.4443947309936106,2,8.625536597937196e-05
25256,GBR.1.59_1_73,52.94136710000001,1.2107897,64,0.4444764700435226,2,0.0001111193419447
7217,CZE_3419,50.2980391,13.2768738,16,0.4445003055838503,2,7.408093336893888e-05
27523,HUN_1515,47.070492400000006,18.1686147,78,0.4445149921289008,2,3.9549837576452934e-05
31716,ITA.8_1_229,41.849243599999994,12.574371800000002,81,0.4445203629965737,2,3.704115272067267e-05
33600,NOR.15_1_64,63.431155699999984,10.3774589,93,0.4445383554032781,2,6.29266707407201e-07
1339,AUT_612,48.42853159999999,16.1747416,4,0.4445435873692008,2,8.948251797557345e-05
1322,AUT_591,48.194865500000006,15.4049557,15,0.4445573942031669,2,1.1142858012706853e-05
4612,CHE_256,46.503892699999994,6.6902638,13,0.4445626076488564,2,0.0001614360061437
24281,GBR.1.36_1_1107,51.50367790000001,0.0480105,66,0.4446104083711454,2,3.5909503174206495e-05
19108,ESP.6_1_536,41.412100900000006,2.1655057,53,0.4447233354940272,2,4.6719065439553435e-08
38282,ROU.19_1_54,45.901633800000006,27.4198553,103,0.4447445041207519,2,0.0001851920428792
45443,RUS.77_1_84,49.425547599999994,44.1872541,121,0.4447446985832021,2,0.000296290803738
14825,DEU.4_1_196,52.186850500000006,12.7585606,38,0.4447451523289194,2,7.912898899856518e-05
12738,DEU.1_1_370,47.859405200000005,8.113917800000001,32,0.4447650986202426,2,0.0001111193419447
21520,FRA.2_1_332,47.130619200000005,4.956186699999998,59,0.444818316510788,2,0.0003272169389491
23888,GBR.1.1_1_0,53.5258353,-1.62283,65,0.4448542365033799,2,0.000239200575585
30618,ITA.2_1_316,40.9143405,17.0174399,84,0.4449062783591072,2,1.951409373855e-05
17512,ESP.10_1_73,39.07896859999999,-0.2261024,47,0.4449063709602742,2,0.0001111193419447
36751,POL.7_1_576,52.292022,21.048684100000003,144,0.4449113621631632,2,3.703978064826622e-05
15852,DEU.7_1_871,49.930217000000006,8.647860300000001,39,0.4449196870080564,2,0.0001353754673537
15211,DEU.6_1_295,53.635550900000005,10.067661499999996,27,0.4449452819705528,2,7.408093336893888e-05
28973,ITA.10_1_1481,45.4680162,9.2318831,79,0.4449572553014168,2,2.8373246493777945e-05
48091,SWE.13_1_137,55.6732634,13.135048899999996,134,0.4449586998796184,2,3.683313510991847e-05
28181,HUN_2702,46.850414,20.0740264,128,0.4449642281692749,2,4.310781047433561e-05
48018,SWE.10.7_1_3,66.88561150000001,19.8092964,133,0.4449852856745995,2,1.646486887737566e-07
50675,UKR.18_1_94,48.9958992,33.385952,152,0.4450367997036763,2,0.0001982206331075
33514,NOR.12_1_298,59.96606210000001,10.7830301,92,0.4450429669413834,2,7.408093336893888e-05
31745,ITA.8_1_317,41.88899329999999,12.5514744,81,0.4451040281507546,2,4.388812269263493e-05
31621,ITA.7_1_218,46.082294899999994,13.320291799999998,2,0.445149152699324,2,0.0001111193419447
26659,GRC_612,37.96226189999999,23.6683076,72,0.4452353829058246,2,0.000166615074343
3840,BLR.6_1_198,55.13520149999998,27.0291461,89,0.4452406426520975,2,7.408093336893888e-05
34076,POL.10_1_82,53.2484326,23.209138900000003,10,0.4452412908602648,2,0.0002361124516782
34831,POL.15_1_121,51.76456039999999,17.4370915,37,0.4452615427354384,2,5.318351739388638e-05
47570,SVK_702,48.565493800000006,21.6582256,77,0.4452691915918142,2,1.628474516373771e-05
32236,LUX_159,49.477395099999995,6.034983199999998,6,0.4452861468654505,2,3.704115272067267e-05
27068,HRV_549,46.473012,16.453613100000002,78,0.4453891378831374,2,7.408093336893888e-05
30203,ITA.18_1_74,43.05889439999999,12.585083,81,0.4454096675618113,2,8.386722849963997e-06
5024,CHE_3552,47.5954745,9.3173925,12,0.4454144550421335,2,0.0001576976093255
8723,DEU.10_1_1608,51.2000742,6.770588900000001,22,0.4454219094360589,2,7.408093336893888e-05
8358,CZE_709,49.9133415,17.3826528,20,0.4454254468006297,2,0.0001481563784482
37159,POL.9_1_294,49.93972099999999,22.8283212,98,0.4454585239374015,2,0.0001111193419447
35520,POL.1_1_507,51.3283217,16.180986599999997,37,0.4454896194092046,2,1.124561163463822e-05
20875,FRA.13_1_308,43.320950100000005,5.4165033000000005,56,0.4455024631910362,2,7.40809333689389e-05
34846,POL.15_1_155,52.2109695,18.6321466,96,0.4455574312436337,2,0.0001782395303089
3885,BLR.6_1_277,54.8742944,28.9304721,123,0.4455636818223909,2,7.408093336893888e-05
48121,SWE.13_1_21,55.9266468,12.952060100000002,134,0.4455652653023427,2,0.0001265530036703
23676,GBR.1.112_1_40,51.3794657,-1.5989577,67,0.4455659320307436,2,9.076091499804088e-05
25944,GBR.3_1_32,55.706014,-4.7111006999999985,70,0.4455811556625614,2,0.0001127965635266
35966,POL.3_1_439,52.0466873,19.899911299999996,96,0.4455816649689786,2,0.0001891366677622
44858,RUS.72_1_152,57.24183629999999,37.894453000000006,114,0.4456358459116585,2,0.0003333209798794
32771,MKD_73,41.7990732,21.8824657,72,0.4456400500046301,2,0.0003333209798794
8728,DEU.10_1_162,51.9664449,7.4084156,44,0.4456685063431799,2,0.0002923267096577
42422,RUS.44_1_1130,55.54547480000001,37.543177500000006,124,0.4456697471988147,2,7.408093336893888e-05
40759,RUS.34_1_256,44.9010109,38.8685014,147,0.4456912491897398,2,0.0003439352568784
15060,DEU.4_1_822,52.55038230000001,14.278601899999998,37,0.4457016668210018,2,0.0003364134560862
18468,ESP.2_1_93,41.3202706,-0.4270059,53,0.4457123715158811,2,0.0003086362002193
7329,CZE_3629,50.0353462,12.9330939,17,0.445873812390036,2,0.0003394462995167
44957,RUS.72_1_341,56.9187298,35.87005739999999,89,0.4458741179738865,2,7.408093336893888e-05
39474,ROU.41_1_1,46.8328682,27.398345300000003,137,0.4459438929530511,2,0.0001117055251819
6077,CZE_1617,49.55613849999999,13.999409600000002,36,0.4459653856838597,2,0.0001609002992885
35670,POL.2_1_111,52.9990793,18.8220704,94,0.4459733216038522,2,0.000296290803738
19101,ESP.6_1_51,41.400397,1.1034385,53,0.4460129271228817,2,3.066581828411216e-08
22652,FRA.7_1_829,50.440424599999986,2.8592834999999996,60,0.4460250115751458,2,7.106590765495468e-05
6238,CZE_1791,49.513222000000006,12.8495199,17,0.4460396795999629,2,0.0002187914353738
6253,CZE_1805,49.4449898,13.8758135,36,0.446112575238448,2,0.0001481563784482
14931,DEU.4_1_447,52.74097020000001,13.2634681,38,0.4461450226872858,2,9.62490709482528e-05
19804,FIN.4_1_151,60.18880670000001,25.007326300000003,109,0.4461769978701732,2,3.713922159592354e-05
25216,GBR.1.58_1_66,55.0099908,-1.5789512,69,0.4461803870728771,2,2.23981673203255e-05
814,AUT_2682,46.872316600000005,15.312204,3,0.4461852578942495,2,7.408093336893888e-05
13324,DEU.2_1_1515,48.1731431,11.596972199999998,1,0.4462206593203073,2,3.709655992752476e-05
4260,CHE_161,46.5241849,6.584783699999998,13,0.446267302528012,2,5.5726110977925954e-05
31773,ITA.8_1_460,41.914700299999986,12.555180900000002,81,0.4463246782109454,2,1.8197878868909295e-05
10719,DEU.14_1_1212,50.90274550000001,13.036286799999996,26,0.4463304843041022,2,0.0001111193419447
21387,FRA.1_1_918,46.2509419,6.327966499999999,58,0.4464109547180294,2,0.0001481563784482
21577,FRA.2_1_503,47.1936405,5.134853000000001,59,0.4464206593203075,2,7.183688227510541e-05
10266,DEU.12_1_74,49.2433654,7.057027599999999,23,0.4464445411612185,2,0.0003243828262905
6460,CZE_2096,50.02900270000001,14.2627125,16,0.4464456708954533,2,0.0002755069523649
38908,ROU.31_1_13,44.1087099,24.3698671,106,0.446454060561163,2,0.000296290803738
24040,GBR.1.26_1_82,50.8316895,-3.7761414000000006,67,0.4464701546439483,2,0.0002592592555241
11773,DEU.16_1_80,50.4230738,11.166483,28,0.4464714232799334,2,0.0001429919263839
33255,NLD_642,52.053734800000015,4.5378609,91,0.4464776275581072,2,0.0001278153609568
35349,POL.16_1_86,53.4593136,14.577378500000004,94,0.44648004444856,2,6.174325829015872e-09
6053,CZE_1579,50.166186,12.368733100000002,17,0.4464997407167329,2,0.0001481563784482
16262,DEU.9_1_1252,51.717005699999994,10.2729905,43,0.4465032688211871,2,8.199208031751248e-05
24910,GBR.1.44_1_160,51.30063390000001,1.1202935,68,0.4465321696453375,2,2.98541325508817e-05
33456,NOR.12_1_144,59.9314893,10.6559774,92,0.4465362163163255,2,2.4607889930922537e-05
44304,RUS.64_1_175,55.2616372,33.2629913,123,0.4465645893138253,2,0.0002592592555241
13665,DEU.2_1_2545,48.221103600000006,12.674833,1,0.4465776553384574,2,0.0001481563784482
18374,ESP.2_1_104,41.47718119999999,-1.5402762,53,0.4465999907398831,2,3.606249041356428e-05
20428,FRA.11_1_32,43.10504249999999,0.8530853,57,0.4466016575608852,2,0.0003358572593986
53355,UKR.8_1_355,49.9462454,36.3973991,141,0.4466104268913787,2,0.0001494593898769
17091,DNK_400,55.34951880000001,10.1826885,45,0.4466851745531993,2,9.22992252994653e-05
16257,DEU.9_1_1246,51.787344,10.2029933,43,0.4467239374016112,2,0.0001265412747916
33899,NOR.7_1_124,60.446822700000006,5.4701984,92,0.4467485230113899,2,0.0003333209798794
18069,ESP.17_1_303,43.2896753,-5.6408576,50,0.4467800907491435,2,0.0002222263352379
29841,ITA.16_1_124,43.385602,11.2729533,82,0.4467980646356144,2,0.0002664199841296
40994,RUS.34_1_837,46.3939551,39.604295499999985,147,0.4468130197240486,2,0.0001112768152876
50171,UKR.15_1_89,48.670205900000006,38.3751796,141,0.4468138716547828,2,7.408093336893888e-05
6382,CZE_1999,50.2393074,14.206067099999997,16,0.4468549773127142,2,7.042046283059012e-05
19730,FIN.1_1_19,63.5147178,29.2872516,109,0.4468601074173534,2,1.7288455339346055e-06
50007,UKR.15_1_173,48.4186714,39.124186399999985,126,0.4469112047411798,2,0.0002115598170676
4282,CHE_1672,46.6091737,7.9135654,11,0.4469243078062784,2,0.0003332880501416
25191,GBR.1.55_1_5,51.3677922,0.6089059,68,0.4469296971941847,2,9.0725069982103e-05
25660,GBR.1.92_1_2,52.896809999999995,-1.856515,63,0.4469753495694045,2,6.881940935480671e-06
20467,FRA.11_1_434,43.6243229,1.4767358000000002,57,0.4470039170293546,2,3.704115272067267e-05
29127,ITA.10_1_27,45.151069,8.6861314,79,0.4470561348272989,2,2.718779132204343e-05
22614,FRA.7_1_725,50.2685168,3.158437899999999,60,0.4470786369108251,2,5.358196784497178e-05
7433,CZE_3804,50.73202330000001,15.2543974,19,0.4470964718955457,2,5.790380843149056e-05
27568,HUN_1572,46.174601200000005,20.6104134,128,0.4471190017594222,2,0.0001515814990391
22742,FRA.8_1_1111,49.05744419999999,2.1908826,61,0.4471829428650801,2,3.271451628701226e-05
16888,DNK_1319,55.7392257,12.5241552,46,0.4472082785443098,2,3.6594108662775835e-05
9614,DEU.10_1_812,51.0994328,6.8146752,22,0.4472135938512824,2,5.402178586738976e-05
1802,BEL_1781,50.56506570000001,5.7236728,6,0.4472204278173906,2,9.64087038491004e-05
26253,GBR.4_1_164,51.8921567,-4.3007353,63,0.4472224557829428,2,4.684744336415849e-05
11747,DEU.16_1_75,50.3893114,11.127725299999996,28,0.4472292619687008,2,0.0003002623160564
8776,DEU.10_1_1768,50.4909301,6.6296830999999985,25,0.4472419112880822,2,0.0002221992434353
9003,DEU.10_1_2411,51.458290600000005,7.415417600000001,44,0.447245161589036,2,1.2688677064858196e-06
9775,DEU.11_1_1215,49.408395000000006,8.1927191,24,0.4473371423279933,2,0.0001941449407586
46276,SRB_116,43.8027519,19.518121899999993,129,0.4473434947680341,2,0.0001851920428792
31638,ITA.7_1_5,46.03157829999999,12.5375796,2,0.4473525326419114,2,0.000173139929103
4199,CHE_1485,46.367745000000006,7.754844299999999,11,0.4473924067043243,2,5.745638461082868e-05
50158,UKR.15_1_74,48.9153214,38.45335319999999,141,0.44739726826558,2,0.0002606651399278
12683,DEU.1_1_348,47.906288700000005,8.1060096,29,0.4474947865543106,2,0.000278650294465
5347,CHE_4474,47.324441699999994,8.547906000000001,12,0.4475163163255857,2,9.803921012930636e-06
52816,UKR.6_1_279,47.863694200000005,38.0148547,151,0.4475446800629687,2,2.5772447709964323e-05
6808,CZE_2731,50.578987000000005,13.797481999999995,16,0.4475579868506344,2,0.0001182253716949
48578,SWE.20_1_29,59.8719265,16.084152200000002,133,0.4475674784702287,2,1.8679191939824273e-05
16425,DEU.9_1_281,53.3449515,8.184547700000001,42,0.4475861468654505,2,0.000296290803738
22072,FRA.6_1_295,48.4679713,6.322921600000001,23,0.4476013149365682,2,0.0002778115675142
36376,POL.6_1_268,49.99843870000001,20.0366943,99,0.4476112417816464,2,7.408093336893888e-05
42694,RUS.44_1_342,55.96062350000002,37.249698300000006,114,0.4476207611815909,2,0.000296290803738
19187,ESP.6_1_802,42.0369781,2.9152965,56,0.4476405315306973,2,3.894713280227972e-05
34482,POL.12_1_527,49.6668731,19.2790833,21,0.4476837114547643,2,0.0003333209798794
2108,BEL_657,51.037440100000005,4.773185000000001,7,0.4476860820446336,2,0.0002459758140459
22381,FRA.7_1_1210,50.6746674,3.1461426,60,0.4476958144272618,2,3.703566443104688e-05
5315,CHE_4393,47.34355089999999,8.301301699999998,12,0.4477276136679322,2,0.0002199869684035
22749,FRA.8_1_113,48.8938783,1.8713788,61,0.4477311602926198,2,0.0001525737970276
20627,FRA.11_1_855,43.757989,4.267255199999999,56,0.4477345124548569,2,9.143848148445204e-05
33397,NOR.11_1_13,60.3591673,10.5695883,92,0.4477527919251782,2,0.0001111193419447
10195,DEU.12_1_13,49.25956649999999,7.0785347000000005,23,0.4477556255208815,2,0.0003318135422551
41250,RUS.38_1_1097,60.93810609999999,29.0046369,109,0.4477736827484025,2,4.181941692729132e-05
33337,NLD_892,52.43410160000001,4.6326711000000005,91,0.4477815445874618,2,0.0001007952109516
22436,FRA.7_1_213,49.754535,2.3639891,60,0.4478183165107879,2,0.0001115145977649
34228,POL.11_1_45,54.50424190000001,17.121786500000002,94,0.4478287989628668,2,0.0001363721929409
20630,FRA.11_1_861,43.724502599999994,4.3212178,56,0.4478308824891193,2,2.4011267112839504e-08
4104,CHE_1173,46.327344700000005,7.000796199999999,11,0.4478521159366607,2,0.0001111193419447
23414,FRA.9_1_144,49.5835794,0.3541387999999999,61,0.4478628947124735,2,0.0001481563784482
14905,DEU.4_1_379,52.2983507,13.267456,38,0.4478629502731735,2,0.00015054153648
21042,FRA.1_1_1057,45.630396299999994,6.3137159,58,0.4479022039077692,2,0.0002222263352379
43549,RUS.54_1_37,53.35239390000001,43.5741916,120,0.4479328641540884,2,7.408093336893888e-05
12833,DEU.1_1_3989,49.16234359999999,9.219535,31,0.4479482729882396,2,8.784876587288682e-06
35656,POL.1_1_838,50.7149755,16.8372104,37,0.4479592832669693,2,0.0002169378664825
36481,POL.6_1_545,49.83361470000001,19.669095400000003,99,0.4479788221131587,2,0.000311995054659
7809,CZE_4543,50.387276099999994,15.360490899999997,19,0.4480344013334568,2,0.0001240950067414
35104,POL.15_1_807,52.2948427,16.0595721,37,0.4480390776923789,2,9.318164709874271e-05
15266,DEU.6_1_495,53.57448080000001,10.0373151,27,0.4481031206593203,2,0.0001741997100885
25443,GBR.1.70_1_0,52.558907600000005,-0.3025918,64,0.4481082322437263,2,7.408093336893888e-05
16909,DNK_1388,55.7739022,12.505904699999997,46,0.4481095471802945,2,0.0001851920428792
15615,DEU.7_1_35,50.1409767,8.3646182,39,0.448116307065469,2,3.4970717251668724e-06
45587,RUS.79_1_112,51.6996967,39.23350799999999,112,0.4481180850078711,2,0.0001111193419447
5956,CZE_1353,49.5420074,18.2240552,21,0.4481320585239374,2,9.233817570591096e-05
29658,ITA.13_1_491,44.6219845,8.6099046,87,0.4481820168534123,2,1.3785414933382003e-05
31175,ITA.5_1_676,40.911171,14.3727825,86,0.44818277618298,2,1.2869286166087476e-05
42217,RUS.43_1_47,55.509857200000006,37.5620703,119,0.4482206871006574,2,0.000115686929376
31898,ITA.8_1_755,42.3346123,11.5949693,81,0.4482280674136493,2,0.0001851920428792
40196,RUS.21_1_83,54.894953099999995,20.4870778,88,0.4482299935179182,2,0.0002222063258486
16513,DEU.9_1_444,53.5461202,9.55746,43,0.448235484767108,2,2.998072686902124e-05
32982,NLD_1434,52.6381884,4.740681999999999,91,0.4482438559125845,2,1.5612223881940137e-07
17253,DNK_800,55.647849,12.1319184,46,0.4482471988147051,2,0.0001086960186955
47625,SVK_800,48.6612674,20.369058300000003,77,0.4482692378923974,2,0.0002222263352379
1253,AUT_494,48.045178400000005,15.671573800000004,4,0.4483156310769515,2,0.0001111193419447
33261,NLD_655,52.1293679,6.029357299999999,91,0.4483410686174646,2,2.2860331225563332e-05
49119,TUR_530,41.14066179999999,27.606065999999995,8,0.4483986850634318,2,0.0002023981738742
30636,ITA.2_1_37,40.155939700000005,18.3729723,84,0.4484254097601629,2,7.408093336893888e-05
39152,ROU.36_1_15,47.446569299999986,26.5100768,90,0.4484292156681174,2,0.0001111193419447
11866,DEU.1_1_1129,47.67209590000001,9.5234023,14,0.4484518659135104,2,4.5624686758163245e-05
46691,SRB_67,45.604446499999995,19.5152263,128,0.4484522733586443,2,0.0001964182951105
44156,RUS.59_1_437,53.89193029999998,38.8806393,119,0.4484623854060561,2,0.0002617617314932
9119,DEU.10_1_2749,51.89825479999999,8.201170600000001,44,0.4484643763311418,2,6.780575619016678e-05
43514,RUS.54_1_132,53.881553100000005,44.9970058,120,0.4484671173256783,2,0.0001851920428792
24887,GBR.1.41_1_91,51.823557400000006,-0.1922073999999999,64,0.4484706083896657,2,1.3016008715154456e-05
40635,RUS.33_1_141,57.6543529,42.21921959999999,110,0.4484978701731641,2,7.408093336893888e-05
50161,UKR.15_1_77,48.86973669999999,38.48856789999999,141,0.4485251597370127,2,0.0001571388238346
32087,LTU_13,55.9193031,21.8521084,88,0.448536549680526,2,4.963848161295926e-05
43521,RUS.54_1_146,53.15340890000001,44.277241200000006,120,0.4485602277988702,2,0.000296290803738
22657,FRA.7_1_840,50.416853399999994,2.9523154000000003,60,0.4485623391054728,2,2.5292026566187992e-06
52823,UKR.6_1_285,47.6926782,38.158573700000005,151,0.4485764330030558,2,7.408093336893888e-05
11652,DEU.16_1_504,50.7419301,11.5798081,28,0.4486053986480229,2,7.40809333689389e-05
2818,BGR_865,41.59040529999999,25.3905187,8,0.4486277247893325,2,0.0002592592555241
11846,DEU.1_1_1095,49.590890900000005,8.6486136,24,0.4486388091489952,2,0.000215446302413
34177,POL.11_1_334,53.84222540000001,18.9566884,97,0.4486388369293454,2,6.470286865510473e-05
23484,FRA.9_1_56,49.3159933,0.0099255,55,0.4486475321789055,2,0.0002586378210634
11788,DEU.16_1_86,50.3522429,11.2014065,28,0.4486479951847393,2,0.0002860993693455
6457,CZE_2092,50.02402609999999,14.2249249,16,0.4486598759144365,2,0.0002365955007876
25786,GBR.1.98_1_206,51.33610040000001,-0.3625418,67,0.4486641540883416,2,0.0003200628748067
28289,HUN_2919,47.912963100000006,22.7822229,101,0.4486868506343179,2,0.0001039878654858
40991,RUS.34_1_829,46.6510938,39.5800883,147,0.4487083989258265,2,0.000255701568412
30973,ITA.4_1_89,37.930254,15.9239253,85,0.4487819427724789,2,1.979738120602994e-05
37627,PRT_49,38.7927098,-9.3301903,52,0.4487896008889712,2,0.0001111193419447
28198,HUN_2726,46.9373723,20.0817001,128,0.4488066858042411,2,0.0001412459084789
31315,ITA.5_1_948,40.746518999999985,14.617015800000004,86,0.4488115103250301,2,1.8882371498996364e-05
44445,RUS.65_1_10,44.04904129999999,42.8555445,111,0.4488138994351328,2,0.0001481563784482
41365,RUS.38_1_291,59.840893400000006,32.3426542,117,0.4488146495045836,2,0.0001263682712485
34295,POL.11_1_83,54.070254199999994,17.7672718,94,0.4488342161311234,2,2.8742287109639317e-06
31994,ITA.9_1_213,44.413114,8.886493600000003,87,0.4488426520974163,2,1.0976579251583772e-08
7579,CZE_4160,49.5761752,15.5527521,18,0.4488689878692471,2,0.0002592592555241
13790,DEU.2_1_2850,48.7625194,12.2378388,35,0.4488833595703306,2,7.122158725552499e-05
22646,FRA.7_1_811,50.4149866,2.8853997,60,0.4488956107046949,2,3.763541567054829e-05
8565,DEU.10_1_1190,51.31990090000001,7.326934199999999,44,0.4489110658394296,2,2.9183355184880427e-05
6098,CZE_164,49.014292899999994,16.345078299999997,18,0.4489186961755719,2,8.101971023996151e-05
20589,FRA.11_1_762,44.0403367,1.1143459,57,0.4489272710436151,2,0.0001831902192921
19031,ESP.6_1_30,40.9691906,0.4961648,53,0.4489321418649875,2,0.0002592592555241
20403,FRA.11_1_265,43.599779000000005,1.3718681999999995,57,0.4489347902583572,2,3.739882586232118e-05
8379,CZE_739,49.0182145,17.4462774,18,0.4489358644318916,2,0.0002743550244275
38517,ROU.23_1_65,45.905025499999994,22.49994180000001,102,0.4489526345031946,2,0.000199813231668
7213,CZE_3415,50.267784000000006,13.351147599999996,16,0.4489582553940179,2,0.0001134784751493
27116,HRV_658,46.2087646,15.7600132,74,0.4489628113714233,2,0.0002084027263083
36487,POL.6_1_556,49.8920749,19.729959099999995,99,0.4489652190017594,2,0.000141688753625
31996,ITA.9_1_224,44.53088739999999,8.700975900000001,87,0.4489662283544772,2,4.0793521392012495e-06
40752,RUS.34_1_248,44.86863039999999,38.4716736,147,0.4489768311880729,2,5.106133812153813e-05
45340,RUS.77_1_251,48.65556959999999,44.4517013,121,0.4489852578942495,2,0.0002228016909337
1816,BEL_1838,50.6186268,5.4984853000000005,6,0.4490109269376794,2,1.991533728848178e-05
18677,ESP.5_1_172,42.1782386,-4.7808601999999984,50,0.449025150476896,2,9.242543853771776e-05
25491,GBR.1.7_1_12,53.59094719999998,-2.5693922,62,0.449061181590888,2,0.0002380182184449
49517,UKR.12_1_97,50.6059472,29.681235800000003,146,0.4491450967682193,2,7.408093336893888e-05
19078,ESP.6_1_424,41.424400099999986,2.1550912,53,0.4491665617186777,2,3.584220046116083e-05
36381,POL.6_1_285,50.00013859999999,19.92754219999999,99,0.4491690897305306,2,0.0001884620951905
1573,BEL_1051,50.49675739999999,4.325359300000001,60,0.4492151773312344,2,8.991015023404483e-05
43131,RUS.47_1_446,56.5202636,43.542585200000005,125,0.4492232984535604,2,0.0003333209798794
30765,ITA.3_1_13,40.5932603,16.24109,84,0.4492696545976479,2,5.568480724270648e-06
20966,FRA.13_1_549,43.7069401,7.314185500000002,87,0.4492842485415315,2,6.599160871871133e-05
30004,ITA.16_1_501,43.840567400000005,11.497030099999998,82,0.4492874895823688,2,6.270212973022416e-05
26227,GBR.4_1_121,51.52151529999999,-3.202470199999999,63,0.4492881377905361,2,0.0001111193419447
21544,FRA.2_1_41,47.6008774,3.7667946,59,0.4493659042503936,2,6.937643786704721e-05
37448,PRT_1687,41.179801899999994,-8.543512799999998,100,0.4494243263265117,2,7.408093336893888e-05
25471,GBR.1.76_1_13,53.6096725,-2.154642,65,0.4494303083618854,2,1.2938755275174386e-05
23620,GBR.1.110_1_116,51.1156331,-0.2136258999999999,68,0.4494495416242245,2,3.208505513704499e-05
16571,DEU.9_1_569,53.2720803,10.744308,43,0.4495003796647838,2,7.408093336893888e-05
27138,HRV_703,45.97658920000001,15.844891700000003,74,0.4495032503009539,2,0.0003283679087801
4866,CHE_3096,47.2357761,8.7524505,12,0.4495157699787017,2,0.0001698512358995
16018,DEU.8_1_4,53.364266400000005,10.952321799999998,41,0.4495325030095379,2,5.5055315545275395e-05
26801,HRV_100,46.0768461,15.9032033,74,0.4495385035651449,2,0.0001429715113267
17481,ESP.10_1_499,39.7062327,-0.3483949,53,0.4495419575886655,2,0.0002048702475622
33254,NLD_628,52.0544133,4.4921609,91,0.4495548013704973,2,1.2079520744453312e-05
5338,CHE_4445,47.37581470000001,8.049318399999999,12,0.4495594777294194,2,4.067207918530345e-05
52719,UKR.6_1_167,47.574536900000005,37.556903899999995,151,0.4495618020187054,2,0.0001936109633693
33708,NOR.1_1_224,60.14175950000001,11.176796199999997,93,0.4495633947587739,2,0.0001277503344887
8179,CZE_5094,50.623217700000005,15.501312,19,0.4495679507361791,2,0.0002592592555241
15418,DEU.7_1_1407,50.121906300000006,8.6757021,39,0.4495718399851838,2,0.0001086485685306
17461,ESP.10_1_458,39.470915700000006,-0.4076350999999999,47,0.4496461987221038,2,3.7314195129555806e-05
33020,NLD_1553,53.040124600000006,5.662760100000001,91,0.4496678673951292,2,0.0002222263352379
1801,BEL_1778,50.57322119999999,5.6885162,6,0.4496697842392814,2,0.0001334354498095
53755,__tmp_RUS.78.30_1__259,59.139880700000006,37.828014499999995,153,0.4497029817575702,2,0.0001110840110803
6686,CZE_254,49.3412026,15.286567,36,0.4497040003704048,2,0.0003271757248479
22971,FRA.8_1_1919,48.834950000000006,2.3681023000000003,61,0.4497160570423187,2,0.0001086563144649
46278,SRB_118,43.80727650000001,19.7420245,129,0.449726817297898,2,0.0001851920428792
17458,ESP.10_1_450,39.473986399999994,-0.4181175,47,0.4497340124085563,2,7.42874302661093e-05
33044,NLD_161,51.87212030000001,4.9927723,91,0.4497678025743125,2,7.866034264935448e-06
10876,DEU.14_1_1588,51.5290948,14.6815519,26,0.449772210389851,2,0.0001111193419447
37874,ROU.10_1_58,44.44541770000001,26.046460399999997,104,0.4497738401703862,2,9.375828110727808e-10
35001,POL.15_1_541,53.166754100000006,16.6069128,94,0.4497925919066581,2,0.0002594476360306
1711,BEL_1466,50.53438200000001,4.7479097,6,0.4497942587276599,2,0.0001750623569886
38923,ROU.31_1_36,44.225697100000005,24.3456629,106,0.4498255579220298,2,0.000203010158818
22931,FRA.8_1_1796,48.70660900000001,2.4833795000000003,59,0.4498405685711638,2,1.3772555318606144e-06
1169,AUT_3837,48.213432399999995,16.401218200000002,4,0.4498594592091861,2,3.704115272067267e-05
22633,FRA.7_1_77,50.5220403,2.7468221,60,0.4498640429669412,2,1.4505832248439742e-05
480,AUT_1939,48.26968669999999,13.6202401,3,0.4498789702750255,2,0.0002310767757413
29954,ITA.16_1_39,42.967555699999984,10.6672878,82,0.4498891471432541,2,0.0001455027891562
15071,DEU.4_1_854,52.29349180000001,14.064808499999998,37,0.4499522733586443,2,7.408093336893888e-05
26152,GBR.3_1_870,55.837252199999995,-4.3339905000000005,70,0.4499603389202705,2,0.0001481563784482
32878,NLD_1082,52.3230792,4.9735502,91,0.4499893693860542,2,7.408093336893888e-05
24995,GBR.1.46_1_1,53.62105660000001,-1.7935694000000002,65,0.4500101583479951,2,9.421330503022196e-05
25221,GBR.1.58_1_80,55.01428369999999,-1.6359572999999996,69,0.4500219649967588,2,0.0001851920428792
22251,FRA.6_1_846,48.75520430000001,7.5721088,23,0.4500371978886934,2,6.920763492646948e-05
8042,CZE_4903,50.636669299999994,15.0991055,19,0.4500722844707843,2,6.860362032239855e-10
18852,ESP.6_1_1006,41.4296386,2.1602387000000003,53,0.4500814149458283,2,7.284447779698821e-05
26681,GRC_67,39.4339916,21.798073099999996,72,0.4500889989813871,2,0.0001111193419447
46502,SRB_377,44.410286,21.0727624,129,0.4500924252245579,2,0.0001620205804509
19930,FIN.5.2_1_3,63.898326,23.9148665,109,0.450111223261413,2,0.0002250668784404
46577,SRB_50,44.7802132,19.610266600000003,128,0.4501506343179923,2,0.0001926673416135
34902,POL.15_1_303,52.6097888,17.902540600000002,94,0.4501678859153625,2,6.568240019145591e-05
53391,UKR.8_1_395,49.681083599999994,37.64155889999999,141,0.4501863783683674,2,0.0001481563784482
18218,ESP.1_1_244,38.1358396,-3.5593117000000003,51,0.4502117881285304,2,6.377400184749378e-06
12435,DEU.1_1_2784,48.98843399999999,8.4522005,31,0.4502313362348366,2,0.0001111193419447
6234,CZE_1788,49.4775446,12.812581799999997,17,0.4502800629687934,2,0.0003174978433538
5741,CZE_100,48.759883300000006,16.8423008,18,0.450285554217983,2,7.408093336893888e-05
52567,UKR.5_1_444,48.0320501,33.624575400000005,150,0.4502944161496434,2,4.355710104972255e-05
3418,BLR.3_1_112,53.4706626,24.663137399999997,10,0.450315705157885,2,0.0002395113723855
10955,DEU.14_1_269,51.1850488,12.3836989,28,0.4503240114825447,2,1.366076634020492e-05
28024,HUN_2384,47.5332166,19.2120503,76,0.4503337716455228,2,2.429059126968481e-05
10920,DEU.14_1_1691,50.96624540000002,14.708526999999997,26,0.4503541624224465,2,0.0001111193419447
21500,FRA.2_1_278,47.5105968,6.801595900000001,29,0.4503870636170016,2,0.000159726544236
7434,CZE_3805,50.7348015,15.280412599999998,19,0.4504048245207889,2,6.099007794578548e-05
4625,CHE_2589,47.5159134,8.6469925,12,0.4504138253541995,2,2.1409404668899784e-05
46917,SVK_1281,48.3951277,19.705436599999995,76,0.4504260301879804,2,0.0003333209798794
