label,protocol,m,removed,p,mean_S1_over_N,sd_S1_over_N,sem_S1_over_N,mean_S2_over_N,sd_S2_over_N,sem_S2_over_N,n
EU Railways,adap_betweenness,,0,0.0,1.0,0.0,0.0,0.0,0.0,0.0,100
EU Railways,adap_betweenness,,50,0.000926011667747,0.9985700527826651,0.0001451926115430004,1.4519261154299364e-05,0.000205204185572718,9.083252444900822e-05,9.08325244490082e-06,100
EU Railways,adap_betweenness,,100,0.001852023335494,0.9971125104176314,0.000543847196279034,5.438471962790403e-05,0.000413371608482229,0.000292082839499883,2.9208283949988294e-05,100
EU Railways,adap_betweenness,,150,0.002778035003241,0.9953997592369664,0.0007135997901442145,7.135997901442199e-05,0.0007496990462079411,0.00033394030334872365,3.339403033487236e-05,100
EU Railways,adap_betweenness,,200,0.003704046670988,0.9941963144735624,0.0008314174734216115,8.314174734216292e-05,0.0007628484118899479,0.0003324660270498953,3.3246602704989533e-05,100
EU Railways,adap_betweenness,,250,0.004630058338735,0.992393369756459,0.0007585378814078437,7.5853788140786e-05,0.000855819983331753,0.00026153566469110356,2.6153566469110367e-05,100
EU Railways,adap_betweenness,,300,0.005556070006482,0.990226872858598,0.0010295371441224027,0.00010295371441223965,0.000947309936105161,0.0002631874188636594,2.6318741886365937e-05,100
EU Railways,adap_betweenness,,350,0.006482081674229,0.9875716270025002,0.001620060431472477,0.0001620060431472481,0.001087693304935608,0.0005528242104591084,5.528242104591084e-05,100
EU Railways,adap_betweenness,,400,0.0074080933419761,0.98458857301602,0.0024465196044502935,0.00024465196044502866,0.001405315306972834,0.0009769828662488972,9.769828662488971e-05,100
EU Railways,adap_betweenness,,450,0.0083341050097231,0.9813832762292805,0.003432562228194698,0.00034325622281946905,0.0019592554866190927,0.0022469972117665285,0.00022469972117665284,100
EU Railways,adap_betweenness,,500,0.0092601166774701,0.9787732197425687,0.0034606541325428283,0.0003460654132542827,0.002190943605889391,0.0022533504106303642,0.00022533504106303642,100
EU Railways,adap_betweenness,,550,0.0101861283452171,0.9626709880544495,0.07980870189992074,0.007980870189992075,0.016206500601907543,0.07922765798928677,0.007922765798928677,100
EU Railways,adap_betweenness,,600,0.0111121400129641,0.9410893601259376,0.12311825218585162,0.012311825218585166,0.03473580887119173,0.11819674821470601,0.011819674821470599,100
EU Railways,adap_betweenness,,650,0.0120381516807111,0.8333421613112325,0.20957640934307634,0.020957640934307638,0.13731956662653946,0.20262259310469347,0.020262259310469342,100
EU Railways,adap_betweenness,,700,0.0129641633484581,0.7494303176220021,0.23386567059037572,0.02338656705903757,0.2083244744883785,0.21647297019637662,0.021647297019637662,100
EU Railways,adap_betweenness,,750,0.0138901750162052,0.7005180109269377,0.23697947758987128,0.023697947758987127,0.24137049726826554,0.2103592162744393,0.02103592162744393,100
EU Railways,adap_betweenness,,800,0.0148161866839522,0.6064524493008612,0.1994803932895239,0.01994803932895239,0.32434299472173345,0.1759596797779898,0.01759596797779898,100
EU Railways,adap_betweenness,,850,0.0157421983516992,0.5621137142327993,0.17777306408881527,0.017777306408881526,0.34746976571904803,0.15103950635698415,0.015103950635698419,100
EU Railways,adap_betweenness,,900,0.0166682100194462,0.5253951291786276,0.1409518597408214,0.014095185974082134,0.3712593758681359,0.11668012590127484,0.01166801259012748,100
EU Railways,adap_betweenness,,950,0.0175942216871932,0.5009743494768034,0.10333580298683342,0.010333580298683344,0.38036132975275483,0.08153599577090886,0.008153599577090886,100
EU Railways,adap_betweenness,,1000,0.0185202333549402,0.47773404944902303,0.07524227313117784,0.007524227313117787,0.3742344661542735,0.06634766022620056,0.006634766022620059,100
EU Railways,adap_betweenness,,1050,0.0194462450226872,0.46510899157329383,0.05995400859837782,0.005995400859837781,0.3549423094730993,0.06063746409301804,0.006063746409301805,100
EU Railways,adap_betweenness,,1100,0.0203722566904343,0.4504370775071766,0.05295559125682593,0.005295559125682594,0.35027150662098344,0.06051859024882367,0.00605185902488237,100
EU Railways,adap_betweenness,,1150,0.0212982683581813,0.42262598388739697,0.04613430939113601,0.0046134309391136,0.31734827298823964,0.05995274546468644,0.005995274546468646,100
EU Railways,adap_betweenness,,1200,0.0222242800259283,0.4093543846652467,0.048461448725201015,0.004846144872520101,0.30705065283822575,0.05677133206510826,0.005677133206510826,100
EU Railways,adap_betweenness,,1250,0.0231502916936753,0.38687156218168345,0.053599600013978385,0.005359960001397838,0.2974658764700435,0.05431571320186504,0.005431571320186504,100
EU Railways,adap_betweenness,,1300,0.0240763033614223,0.3642459486989536,0.048299187080530104,0.004829918708053009,0.2753108621168627,0.043441370462105326,0.0043441370462105324,100
EU Railways,adap_betweenness,,1350,0.0250023150291693,0.3499296231132512,0.05178654957570224,0.005178654957570224,0.2696164459672191,0.04241859120186251,0.0042418591201862504,100
EU Railways,adap_betweenness,,1400,0.0259283266969163,0.33123807759977775,0.05249738460602677,0.005249738460602677,0.25644522640985273,0.04239297454816631,0.004239297454816631,100
EU Railways,adap_betweenness,,1450,0.0268543383646633,0.3055944068895268,0.047921042054043794,0.0047921042054043786,0.2407715529215668,0.040659859180633605,0.004065985918063361,100
EU Railways,adap_betweenness,,1500,0.0277803500324104,0.29309010093527177,0.04770858626096556,0.004770858626096556,0.22835595888508192,0.040159338621374475,0.004015933862137446,100
EU Railways,adap_betweenness,,1550,0.0287063617001574,0.2808813779053616,0.04606867506118262,0.004606867506118262,0.21971163996666354,0.03582913849506432,0.003582913849506433,100
EU Railways,adap_betweenness,,1600,0.0296323733679044,0.26784461524215203,0.042194510018191994,0.004219451001819198,0.2029136031113992,0.030616230972548536,0.0030616230972548538,100
EU Railways,adap_betweenness,,1650,0.0305583850356514,0.25627632188165567,0.04374118401986169,0.004374118401986169,0.19653782757662744,0.030152176974091144,0.003015217697409115,100
EU Railways,adap_betweenness,,1700,0.0314843967033984,0.24635318085007868,0.04350075088153296,0.004350075088153297,0.19217316418186864,0.028259438637841337,0.0028259438637841345,100
EU Railways,adap_betweenness,,1750,0.0324104083711454,0.2306209834243911,0.040422439870049925,0.0040422439870049925,0.18177775719974068,0.030072763597447726,0.003007276359744773,100
EU Railways,adap_betweenness,,1800,0.0333364200388924,0.21591739975923693,0.03667167011970602,0.0036671670119706027,0.16863468839707377,0.029469686524168353,0.0029469686524168357,100
EU Railways,adap_betweenness,,1850,0.0342624317066395,0.20369052690063894,0.034993198612394125,0.0034993198612394126,0.16206222798407258,0.029606485104610232,0.002960648510461022,100
EU Railways,adap_betweenness,,1900,0.0351884433743865,0.19563829984257797,0.03377607231589584,0.0033776072315895842,0.1542483563292897,0.02884136836157127,0.002884136836157126,100
EU Railways,adap_betweenness,,1950,0.0361144550421335,0.1799135105102324,0.03588288201545429,0.003588288201545429,0.13968293360496337,0.02813295145302217,0.0028132951453022177,100
EU Railways,adap_betweenness,,2000,0.0370404667098805,0.16731604778220202,0.03128642129884282,0.0031286421298842826,0.1332912306695064,0.024538718082473453,0.0024538718082473448,100
EU Railways,adap_betweenness,,2050,0.0379664783776275,0.16030799148069264,0.02918019195517883,0.0029180191955178823,0.12506787665524582,0.022346628560049632,0.002234662856004964,100
EU Railways,adap_betweenness,,2100,0.0388924900453745,0.1421602000185202,0.028707789191458357,0.002870778919145836,0.11529697194184642,0.019191824392757847,0.0019191824392757843,100
EU Railways,adap_betweenness,,2150,0.0398185017131215,0.13131512177053428,0.024218699962972993,0.002421869996297299,0.1092282618760996,0.015994966854409452,0.0015994966854409455,100
EU Railways,adap_betweenness,,2200,0.0407445133808686,0.12402833595703301,0.023242411026046926,0.0023242411026046924,0.1052615982961385,0.015509979877747182,0.0015509979877747178,100
EU Railways,adap_betweenness,,2250,0.0416705250486156,0.1142776182979905,0.020270932229490377,0.002027093222949038,0.09943587369200847,0.013798067366969202,0.00137980673669692,100
EU Railways,adap_betweenness,,2300,0.0425965367163626,0.1099911102879896,0.018883427630461518,0.0018883427630461522,0.09480340772293727,0.01318650785485304,0.0013186507854853037,100
EU Railways,adap_betweenness,,2350,0.0435225483841096,0.1057553477173812,0.01834098570872817,0.0018340985708728175,0.09042244652282613,0.013110707123698108,0.0013110707123698113,100
EU Railways,adap_betweenness,,2400,0.0444485600518566,0.0977084915269932,0.016977055033022947,0.0016977055033022951,0.08358292434484671,0.010750245676237405,0.0010750245676237403,100
EU Railways,adap_betweenness,,2450,0.0453745717196036,0.09355347717381235,0.015234941254220096,0.00152349412542201,0.08133104917121951,0.011032118995899978,0.001103211899589998,100
EU Railways,adap_betweenness,,2500,0.0463005833873506,0.09019705528289652,0.015148386480146405,0.0015148386480146403,0.07782739142513191,0.010706697569513684,0.0010706697569513683,100
EU Railways,adap_betweenness,,2550,0.0472265950550976,0.08232002963237334,0.012627928719252541,0.0012627928719252542,0.07336420038892486,0.00989272115502529,0.0009892721155025292,100
EU Railways,adap_betweenness,,2600,0.0481526067228447,0.07893008611908506,0.011356978724040904,0.0011356978724040901,0.0698816557088619,0.009520180094498178,0.0009520180094498178,100
EU Railways,adap_betweenness,,2650,0.0490786183905917,0.07589813871654778,0.011106965389833677,0.0011106965389833683,0.06668395221779791,0.008835553854764503,0.0008835553854764503,100
EU Railways,adap_betweenness,,2700,0.0500046300583387,0.07161126030187975,0.010508132385787175,0.0010508132385787174,0.06298694323548472,0.0077287243029862075,0.0007728724302986207,100
EU Railways,adap_betweenness,,2750,0.0509306417260857,0.06873321603852205,0.009833389847095864,0.0009833389847095863,0.06055023613297522,0.006848056887769027,0.0006848056887769023,100
EU Railways,adap_betweenness,,2800,0.0518566533938327,0.0657823872580794,0.009079534513901984,0.0009079534513901984,0.059013427169182286,0.006522683663679387,0.0006522683663679385,100
EU Railways,adap_betweenness,,2850,0.0527826650615797,0.06320159274006848,0.008275601991705721,0.0008275601991705724,0.05665265302342805,0.005046695312239745,0.0005046695312239744,100
EU Railways,adap_betweenness,,2900,0.0537086767293267,0.059676821927956245,0.007515680430745432,0.0007515680430745433,0.05454430965830165,0.005005308123488582,0.0005005308123488581,100
EU Railways,adap_betweenness,,2950,0.0546346883970738,0.058046300583387306,0.007080635782632413,0.0007080635782632415,0.053126400592647414,0.005002989461404411,0.0005002989461404411,100
EU Railways,adap_betweenness,,3000,0.0555607000648208,0.056120751921474164,0.006711794512267749,0.000671179451226775,0.05175534771738119,0.005246958680212278,0.0005246958680212279,100
EU Railways,adap_betweenness,,3050,0.0564867117325678,0.054111121400129594,0.0070144892433011,0.0007014489243301101,0.04946624687471058,0.00553289586409541,0.0005532895864095411,100
EU Railways,adap_betweenness,,3100,0.0574127234003148,0.05163570700990828,0.006383408731020104,0.0006383408731020103,0.04775923696638573,0.00515967328927136,0.0005159673289271358,100
EU Railways,adap_betweenness,,3150,0.0583387350680618,0.05031614038336879,0.005950614862662139,0.0005950614862662138,0.0464676358922122,0.0049167982523120575,0.0004916798252312057,100
EU Railways,adap_betweenness,,3200,0.0592647467358088,0.04816001481618664,0.005084868880833695,0.0005084868880833695,0.044472636355218025,0.004292327553333155,0.00042923275533331547,100
EU Railways,adap_betweenness,,3250,0.0601907584035558,0.046877488656357026,0.004756345942544237,0.00047563459425442367,0.043257523844800395,0.004365345546082847,0.0004365345546082846,100
EU Railways,adap_betweenness,,3300,0.0611167700713029,0.04598796184831924,0.004427909394936933,0.0004427909394936934,0.042180387072877065,0.004173229614545549,0.00041732296145455505,100
EU Railways,adap_betweenness,,3350,0.0620427817390499,0.04480896379294374,0.0036448185592098626,0.00036448185592098637,0.04058560977868317,0.004341029255937336,0.0004341029255937336,100
EU Railways,adap_betweenness,,3400,0.0629687934067969,0.04428002592832665,0.003238833692414659,0.0003238833692414659,0.03948717473840166,0.004352687389544879,0.0004352687389544881,100
EU Railways,adap_betweenness,,3450,0.0638948050745439,0.04351773312343731,0.0035970815011497647,0.00035970815011497647,0.03874377257153436,0.004387822907600353,0.0004387822907600352,100
EU Railways,adap_betweenness,,3500,0.0648208167422909,0.04233706824705987,0.004131287792660651,0.00041312877926606505,0.037355310676914485,0.004494348136055162,0.0004494348136055163,100
EU Railways,adap_betweenness,,3550,0.0657468284100379,0.04131160292619682,0.004551054404538513,0.00045510544045385126,0.03576294101305672,0.004551213661992581,0.00045512136619925815,100
EU Railways,adap_betweenness,,3600,0.0666728400777849,0.040247245115288405,0.004638523046654016,0.0004638523046654016,0.03438133160477817,0.004507285959070722,0.0004507285959070721,100
EU Railways,adap_betweenness,,3650,0.067598851745532,0.038380775997777526,0.005342347590633656,0.0005342347590633655,0.0329137883137327,0.0043897324817830305,0.00043897324817830316,100
EU Railways,adap_betweenness,,3700,0.068524863413279,0.03648504491156584,0.005940104516070009,0.0005940104516070006,0.031641633484581856,0.004225508148727964,0.00042255081487279635,100
EU Railways,adap_betweenness,,3750,0.069450875081026,0.03490786183905912,0.005937954736867106,0.0005937954736867106,0.03048708213723488,0.004052987159194841,0.0004052987159194843,100
EU Railways,adap_betweenness,,3800,0.070376886748773,0.033313084544865215,0.005960935425737647,0.0005960935425737647,0.02964218909158251,0.003892781704708348,0.0003892781704708349,100
EU Railways,adap_betweenness,,3850,0.07130289841652,0.031419761088989674,0.005229001130223937,0.0005229001130223939,0.02803444763404014,0.00330817667680789,0.00033081766768078914,100
EU Railways,adap_betweenness,,3900,0.072228910084267,0.030300027780349993,0.0050013417389860254,0.0005001341738986025,0.027153069728678533,0.0030913743520242475,0.00030913743520242473,100
EU Railways,adap_betweenness,,3950,0.073154921752014,0.029110473191962173,0.004338532994940925,0.0004338532994940925,0.026358181313084497,0.003069581613903664,0.0003069581613903665,100
EU Railways,adap_betweenness,,4000,0.074080933419761,0.02743994814334656,0.004078207037665533,0.0004078207037665533,0.025086767293267847,0.0028985324014262456,0.0002898532401426245,100
EU Railways,adap_betweenness,,4050,0.0750069450875081,0.026459486989536023,0.0036373675062349796,0.00036373675062349785,0.024432632651171352,0.0027649027634817523,0.00027649027634817525,100
EU Railways,adap_betweenness,,4100,0.0759329567552551,0.02556125567182142,0.003025989923713476,0.0003025989923713476,0.023854616168163673,0.002559948427032579,0.0002559948427032578,100
EU Railways,adap_betweenness,,4150,0.0768589684230021,0.024704880081488977,0.0029771647239850902,0.00029771647239850904,0.022965644967126542,0.0024368258846117876,0.00024368258846117885,100
EU Railways,adap_betweenness,,4200,0.0777849800907491,0.02398351699231405,0.0029977599156211614,0.0002997759915621161,0.022083155847763637,0.0021968652108543016,0.00021968652108543015,100
EU Railways,adap_betweenness,,4250,0.0787109917584961,0.02332049263820719,0.0028107629571336346,0.00028107629571336347,0.021541624224465185,0.0020363768947975476,0.0002036376894797548,100
EU Railways,adap_betweenness,,4300,0.0796370034262431,0.02250689878692466,0.0024779314976894544,0.00024779314976894546,0.020902305769052644,0.002053247177506763,0.0002053247177506763,100
EU Railways,adap_betweenness,,4350,0.0805630150939901,0.021900175942216823,0.0023377762467969737,0.00023377762467969727,0.0203746643207704,0.0019194853586760976,0.00019194853586760978,100
EU Railways,adap_betweenness,,4400,0.0814890267617372,0.02140735253264187,0.002078379160259087,0.00020783791602590869,0.019907954440225903,0.0018101779987332715,0.00018101779987332708,100
EU Railways,adap_betweenness,,4450,0.0824150384294842,0.020864524493008563,0.002130476904978351,0.0002130476904978351,0.01908713769793495,0.0019078081377422746,0.00019078081377422746,100
EU Railways,adap_betweenness,,4500,0.0833410500972312,0.02046078340587087,0.0022208631779077593,0.00022208631779077593,0.01864413371608478,0.001956318280388907,0.00019563182803889072,100
EU Railways,adap_betweenness,,4550,0.0842670617649782,0.01994555051393643,0.0021558811599346164,0.00021558811599346164,0.018029817575701403,0.0019571182274099124,0.0001957118227409912,100
EU Railways,adap_betweenness,,4600,0.0851930734327252,0.019414205018983194,0.002073778109946959,0.00020737781099469595,0.01747587739605514,0.0018434146067863536,0.00018434146067863527,100
EU Railways,adap_betweenness,,4650,0.0861190851004722,0.019033614223539167,0.002008787791857443,0.00020087877918574423,0.017067876655245808,0.001853489744506608,0.0001853489744506609,100
EU Railways,adap_betweenness,,4700,0.0870450967682192,0.018601907584035515,0.0020849537046178303,0.00020849537046178308,0.016674692101120426,0.0018162640102825074,0.00018162640102825065,100
EU Railways,adap_betweenness,,4750,0.0879711084359663,0.01813260487082133,0.002181876707439299,0.00021818767074392986,0.016131678859153578,0.0017543737103396981,0.00017543737103396976,100
EU Railways,adap_betweenness,,4800,0.0888971201037133,0.017448837855356936,0.002078919994732615,0.00020789199947326165,0.0155364385591258,0.0016657499659440513,0.00016657499659440515,100
EU Railways,adap_betweenness,,4850,0.0898231317714603,0.01693675340309283,0.002101888456673442,0.00021018884566734427,0.015089730530604634,0.0016725291266433866,0.00016725291266433858,100
EU Railways,adap_betweenness,,4900,0.0907491434392073,0.01637892397444203,0.0021399652948091157,0.00021399652948091152,0.014647282155755116,0.0015688356443092325,0.0001568835644309233,100
EU Railways,adap_betweenness,,4950,0.0916751551069543,0.015701268635984762,0.0020427356741205306,0.00020427356741205307,0.014119270302805768,0.0014928046957978815,0.00014928046957978815,100
EU Railways,adap_betweenness,,5000,0.0926011667747013,0.015289934253171539,0.0020392640517924348,0.00020392640517924348,0.013810352810445368,0.0014766052687129598,0.00014766052687129597,100
EU Railways,adap_betweenness,,5050,0.0935271784424483,0.01484489304565233,0.0019341413110581637,0.00019341413110581646,0.013486804333734554,0.0013688570716957615,0.00013688570716957615,100
EU Railways,adap_betweenness,,5100,0.0944531901101953,0.014493379016575558,0.0018779151973486187,0.00018779151973486184,0.013181405685711587,0.0011959101419570144,0.00011959101419570146,100
EU Railways,adap_betweenness,,5150,0.0953792017779424,0.014179461061209321,0.001790954397064349,0.00017909543970643486,0.012972127048800767,0.0011841434522166811,0.00011841434522166809,100
EU Railways,adap_betweenness,,5200,0.0963052134456894,0.013821835355125428,0.0014456227829722456,0.0001445622782972246,0.012717844244837436,0.0011738147282995116,0.00011738147282995121,100
EU Railways,adap_betweenness,,5250,0.0972312251134364,0.013395129178627604,0.0014799852164177943,0.00014799852164177943,0.012355218075747704,0.001237695884598563,0.00012376958845985634,100
EU Railways,adap_betweenness,,5300,0.0981572367811834,0.013097323826280163,0.0014241548578062355,0.00014241548578062358,0.012042411334382764,0.0012159122791073642,0.00012159122791073642,100
EU Railways,adap_betweenness,,5350,0.0990832484489304,0.012805259746272755,0.0013888869933198393,0.00013888869933198394,0.011744050375034676,0.0012500406566893015,0.0001250040656689301,100
EU Railways,adap_betweenness,,5400,0.1000092601166774,0.012433373460505553,0.0013316815956459437,0.00013316815956459436,0.011314936568200713,0.0011104822267183213,0.0001110482226718321,100
EU Railways,adap_betweenness,,5450,0.1009352717844244,0.011951476988610005,0.0013594352343651727,0.00013594352343651724,0.010987313640151817,0.0011049092758966816,0.00011049092758966812,100
EU Railways,adap_betweenness,,5500,0.1018612834521714,0.011694045744976336,0.0013631543947604245,0.00013631543947604242,0.010794888415593985,0.0011121167454110593,0.00011121167454110594,100
EU Railways,adap_betweenness,,5550,0.1027872951199185,0.011433280859338774,0.0012710311129758302,0.000127103111297583,0.01056227428465594,0.0011282034766042837,0.0001128203476604284,100
EU Railways,adap_betweenness,,5600,0.1037133067876655,0.011200481526067176,0.001298448106673859,0.00012984481066738587,0.010212612278914663,0.0010804231245157214,0.00010804231245157214,100
EU Railways,adap_betweenness,,5650,0.1046393184554125,0.010898046115381003,0.0012429056582055102,0.00012429056582055102,0.009879618483192841,0.0009637295863454662,9.637295863454667e-05,100
EU Railways,adap_betweenness,,5700,0.1055653301231595,0.010704509676821879,0.0012444912392235831,0.00012444912392235832,0.009692934530975042,0.0009942403751386326,9.94240375138633e-05,100
EU Railways,adap_betweenness,,5750,0.1064913417909065,0.010390221316788543,0.0012139535105083652,0.00012139535105083652,0.009304750439855488,0.0008504902536276758,8.504902536276762e-05,100
EU Railways,adap_betweenness,,5800,0.1074173534586535,0.010080933419761039,0.0012164422257578433,0.00012164422257578433,0.009070284285581948,0.0008155930829035987,8.155930829035988e-05,100
EU Railways,adap_betweenness,,5850,0.1083433651264006,0.009822576164459624,0.0011274107746782418,0.00011274107746782412,0.008931012130752798,0.0008072690501925966,8.072690501925969e-05,100
EU Railways,adap_betweenness,,5900,0.1092693767941476,0.00956144087415497,0.001073963395501467,0.0001073963395501467,0.008711362163163207,0.0007659086462360608,7.65908646236061e-05,100
EU Railways,adap_betweenness,,5950,0.1101953884618946,0.009391795536623716,0.001013266866477166,0.00010132668664771663,0.008575608852671491,0.0007497531845289562,7.497531845289561e-05,100
EU Railways,adap_betweenness,,6000,0.1111214001296416,0.00916714510602829,0.0009595452526470005,9.595452526470003e-05,0.008395221779794374,0.0006992869961947446,6.992869961947447e-05,100
EU Railways,adap_betweenness,,6050,0.1120474117973886,0.008880266691360264,0.0009586150989123958,9.586150989123958e-05,0.0081235299564774,0.0007316026379535647,7.316026379535643e-05,100
EU Railways,adap_betweenness,,6100,0.1129734234651356,0.008676358922122367,0.00099008427688818,9.900842768881795e-05,0.007924622650245341,0.0007224396789635724,7.224396789635727e-05,100
EU Railways,adap_betweenness,,6150,0.1138994351328826,0.008504861561255619,0.0009601502164421078,9.601502164421078e-05,0.00777034910639869,0.0006809568839805558,6.809568839805556e-05,100
EU Railways,adap_betweenness,,6200,0.1148254468006296,0.008341142698397952,0.00092652328348914,9.265232834891402e-05,0.0076114455042133045,0.0006471622800644538,6.471622800644538e-05,100
EU Railways,adap_betweenness,,6250,0.1157514584683767,0.008099824057783074,0.0008811356246292644,8.811356246292646e-05,0.007481433466061623,0.0006579926436815597,6.579926436815595e-05,100
EU Railways,adap_betweenness,,6300,0.1166774701361237,0.00790962126122784,0.0008119371553763605,8.119371553763608e-05,0.0073645707935919525,0.0006518372476934612,6.518372476934609e-05,100
EU Railways,adap_betweenness,,6350,0.1176034818038707,0.007695342161311184,0.0007365199347436556,7.365199347436555e-05,0.007174182794703162,0.0006150845625128014,6.150845625128015e-05,100
EU Railways,adap_betweenness,,6400,0.1185294934716177,0.007558107232151073,0.0007618986169259073,7.618986169259073e-05,0.006995832947495083,0.0006051753415941985,6.0517534159419845e-05,100
EU Railways,adap_betweenness,,6450,0.1194555051393647,0.007421242707658066,0.0007990879402467078,7.99087940246708e-05,0.006879896286693155,0.0005991562432145382,5.991562432145381e-05,100
EU Railways,adap_betweenness,,6500,0.1203815168071117,0.00726511714047592,0.0006798812676371348,6.798812676371349e-05,0.006730808408185887,0.0005929820875256716,5.929820875256717e-05,100
EU Railways,adap_betweenness,,6550,0.1213075284748587,0.00712214093897578,0.0006375961427999181,6.375961427999185e-05,0.006625983887396928,0.000583063475907321,5.830634759073211e-05,100
EU Railways,adap_betweenness,,6600,0.1222335401426058,0.006995277340494437,0.0006293758573785057,6.293758573785058e-05,0.0065081952032595095,0.0005792733913697962,5.792733913697963e-05,100
EU Railways,adap_betweenness,,6650,0.1231595518103528,0.006906565422724273,0.0005940061649080044,5.940061649080043e-05,0.006386517270117555,0.0005510028882609566,5.5100288826095674e-05,100
EU Railways,adap_betweenness,,6700,0.1240855634780998,0.006797851652930773,0.0006149196125595264,6.149196125595266e-05,0.006231502916936704,0.0005569489077233077,5.569489077233078e-05,100
EU Railways,adap_betweenness,,6750,0.1250115751458468,0.006718955458838731,0.0006086101911493405,6.086101911493404e-05,0.006148902676173668,0.0005438115197091507,5.438115197091505e-05,100
EU Railways,adap_betweenness,,6800,0.1259375868135938,0.006598759144365168,0.0005966763052651344,5.966763052651346e-05,0.006038336883044678,0.0005490577594226559,5.490577594226561e-05,100
EU Railways,adap_betweenness,,6850,0.1268635984813408,0.006468747106213487,0.0006206997396994334,6.206997396994337e-05,0.005902027965552322,0.0005718499609149441,5.718499609149442e-05,100
EU Railways,adap_betweenness,,6900,0.1277896101490878,0.006385035651449164,0.0006206608889874055,6.206608889874057e-05,0.005802574312436289,0.0005630937022655288,5.630937022655287e-05,100
EU Railways,adap_betweenness,,6950,0.1287156218168348,0.006280581535327301,0.000632138664009639,6.32138664009639e-05,0.005717381239003566,0.0005940680753819781,5.940680753819781e-05,100
EU Railways,adap_betweenness,,7000,0.1296416334845819,0.006147976664505926,0.0006104780891316021,6.104780891316021e-05,0.005572182609500833,0.0006114462910501425,6.114462910501425e-05,100
EU Railways,adap_betweenness,,7050,0.1305676451523289,0.0060651912214093415,0.0006314982623236263,6.314982623236264e-05,0.005426798777664551,0.0006187480565197137,6.187480565197139e-05,100
EU Railways,adap_betweenness,,7100,0.1314936568200759,0.005958329474951335,0.00065966052447914,6.596605244791402e-05,0.005320307435873643,0.0006231329716380154,6.231329716380155e-05,100
EU Railways,adap_betweenness,,7150,0.1324196684878229,0.005766830262061252,0.0006712794257711963,6.712794257711962e-05,0.00517603481803866,0.0006039940344179016,6.0399403441790184e-05,100
EU Railways,adap_betweenness,,7200,0.1333456801555699,0.005646633947587692,0.0006797478172487901,6.797478172487897e-05,0.005085100472265902,0.0005853846040226086,5.853846040226086e-05,100
EU Railways,adap_betweenness,,7250,0.1342716918233169,0.005565330123159506,0.0006632768024282843,6.632768024282842e-05,0.005008241503842896,0.000600656088072502,6.006560880725019e-05,100
EU Railways,adap_betweenness,,7300,0.135197703491064,0.0054553199370311585,0.0006850757972728156,6.850757972728157e-05,0.004898972127048749,0.0006184932299531045,6.184932299531043e-05,100
EU Railways,adap_betweenness,,7350,0.136123715158811,0.005352717844244791,0.0007109540946082365,7.109540946082364e-05,0.004769700898231265,0.0006051627464341484,6.051627464341486e-05,100
EU Railways,adap_betweenness,,7400,0.137049726826558,0.005248078525789378,0.0007045937455097507,7.04593745509751e-05,0.0046526530234280465,0.0005961248917920847,5.961248917920847e-05,100
EU Railways,adap_betweenness,,7450,0.137975738494305,0.005073803129919388,0.0007400228356790993,7.400228356790993e-05,0.004497453467913648,0.000571594471302145,5.715944713021451e-05,100
EU Railways,adap_betweenness,,7500,0.138901750162052,0.004938049819427676,0.0007440323965372806,7.44032396537281e-05,0.004379109176775581,0.0005621557173731847,5.6215571737318475e-05,100
EU Railways,adap_betweenness,,7550,0.139827761829799,0.004849152699323966,0.0007658109310196966,7.658109310196963e-05,0.004321140846374616,0.0005749677234240043,5.749677234240044e-05,100
EU Railways,adap_betweenness,,7600,0.140753773497546,0.004715251412167751,0.0007218308663161319,7.218308663161318e-05,0.004222798407259885,0.0005254195375822521,5.25419537582252e-05,100
EU Railways,adap_betweenness,,7650,0.1416797851652931,0.00459709232336323,0.0006958454359839257,6.958454359839257e-05,0.004110565793128945,0.0005213742156903707,5.213742156903708e-05,100
EU Railways,adap_betweenness,,7700,0.1426057968330401,0.004490045374571674,0.0006999100972641015,6.999100972641014e-05,0.004034447634040142,0.0005078031585126781,5.078031585126781e-05,100
EU Railways,adap_betweenness,,7750,0.1435318085007871,0.004389850912121445,0.0006765575950676013,6.765575950676011e-05,0.00395610704694874,0.0004884901919313191,4.88490191931319e-05,100
EU Railways,adap_betweenness,,7800,0.1444578201685341,0.004242800259283218,0.0006451736611926182,6.451736611926181e-05,0.003835169923140983,0.0004345188486845968,4.345188486845966e-05,100
EU Railways,adap_betweenness,,7850,0.1453838318362811,0.004160940827854379,0.0006500578456787253,6.500578456787253e-05,0.003767941476062548,0.0004183648174787463,4.183648174787463e-05,100
EU Railways,adap_betweenness,,7900,0.1463098435040281,0.004030743587369149,0.000612323173492598,6.123231734925981e-05,0.003684600425965315,0.0003938456400151746,3.938456400151746e-05,100
EU Railways,adap_betweenness,,7950,0.1472358551717751,0.003911102879896237,0.0005776759651734754,5.7767596517347526e-05,0.003576071858505363,0.00034990569248602866,3.499056924860287e-05,100
EU Railways,adap_betweenness,,8000,0.1481618668395221,0.003841466802481661,0.0005395240244241581,5.39524024424158e-05,0.003508473006759835,0.00031272201037981786,3.127220103798179e-05,100
EU Railways,adap_betweenness,,8050,0.1490878785072692,0.003756644133716033,0.0005174945662972352,5.174945662972352e-05,0.003453282711362116,0.0003002083323643202,3.002083323643202e-05,100
EU Railways,adap_betweenness,,8100,0.1500138901750162,0.003681822390962073,0.0004789866899100704,4.7898668991007035e-05,0.003384387443281739,0.00025573967319858276,2.5573967319858275e-05,100
EU Railways,adap_betweenness,,8150,0.1509399018427632,0.003598481340864845,0.0004392991401968031,4.39299140196803e-05,0.003326789517547879,0.00025013786212254853,2.501378621225485e-05,100
EU Railways,adap_betweenness,,8200,0.1518659135105102,0.003542920640800025,0.0004161821568793125,4.161821568793125e-05,0.003281600148161827,0.00024228638543212218,2.422863854321221e-05,100
EU Railways,adap_betweenness,,8250,0.1527919251782572,0.0035040281507546537,0.00041202815845411793,4.1202815845411786e-05,0.003236966385776423,0.00021836746704803907,2.1836746704803904e-05,100
EU Railways,adap_betweenness,,8300,0.1537179368460042,0.0034588387813686027,0.00040467314545827355,4.0467314545827357e-05,0.003173441985368976,0.00020511025947676917,2.0511025947676917e-05,100
EU Railways,adap_betweenness,,8350,0.1546439485137512,0.003421057505324528,0.00039010416722678174,3.901041672267818e-05,0.003135845911658445,0.0002089675830249561,2.089675830249561e-05,100
EU Railways,adap_betweenness,,8400,0.1555699601814983,0.003364570793591962,0.0003694592560545341,3.6945925605453414e-05,0.003094545791276929,0.0002119180986246339,2.11918098624634e-05,100
EU Railways,adap_betweenness,,8450,0.1564959718492453,0.003300675988517416,0.0003202131798255344,3.202131798255345e-05,0.003058801740901894,0.00022001355689674714,2.200135568967471e-05,100
EU Railways,adap_betweenness,,8500,0.1574219835169923,0.00327789610149084,0.00030477917036025225,3.0477917036025224e-05,0.003021205667191362,0.00021018719731613665,2.1018719731613688e-05,100
EU Railways,adap_betweenness,,8550,0.1583479951847393,0.003236781183442875,0.0002504728298409225,2.5047282984092244e-05,0.002983794795814382,0.00022416593099881858,2.241659309988186e-05,100
EU Railways,adap_betweenness,,8600,0.1592740068524863,0.003180294471710308,0.00024078576911317013,2.407857691131702e-05,0.00292508565607922,0.00022955582873919518,2.2955582873919516e-05,100
EU Railways,adap_betweenness,,8650,0.1602000185202333,0.0031476988610056127,0.00024161658840572594,2.4161658840572594e-05,0.00288748958236869,0.00023773054876384647,2.3773054876384643e-05,100
EU Railways,adap_betweenness,,8700,0.1611260301879803,0.003113806833966073,0.00023104270874674886,2.310427087467488e-05,0.002853041948328501,0.00024216738221602587,2.4216738221602578e-05,100
EU Railways,adap_betweenness,,8750,0.1620520418557273,0.003059912954903195,0.0002506349620894082,2.5063496208940816e-05,0.002793406796925591,0.0002492970839915562,2.492970839915562e-05,100
EU Railways,adap_betweenness,,8800,0.1629780535234744,0.003041207519214705,0.0002635678509242295,2.635678509242295e-05,0.002765070839892533,0.000257990576624765,2.5799057662476507e-05,100
EU Railways,adap_betweenness,,8850,0.1639040651912214,0.00301731641818683,0.00029071314523229397,2.9071314523229398e-05,0.00273543846652463,0.00025770840669532395,2.577084066953239e-05,100
EU Railways,adap_betweenness,,8900,0.1648300768589684,0.0029489767571071,0.00030578197020320893,3.05781970203209e-05,0.0026633947587739086,0.0002712943619387085,2.7129436193870856e-05,100
EU Railways,adap_betweenness,,8950,0.1657560885267154,0.002889526808037744,0.0003250925136953681,3.250925136953681e-05,0.002599685156032911,0.00027523691202381253,2.7523691202381247e-05,100
EU Railways,adap_betweenness,,9000,0.1666821001944624,0.00284396703398459,0.0003274111788867558,3.2741117888675584e-05,0.00254097601629775,0.0002576075568173309,2.5760755681733078e-05,100
EU Railways,adap_betweenness,,9050,0.1676081118622094,0.00277673858690615,0.0003474330341085836,3.474330341085836e-05,0.002487267339568426,0.000257035326757077,2.5703532675707702e-05,100
EU Railways,adap_betweenness,,9100,0.1685341235299564,0.00269765719048055,0.00036097993657586557,3.6097993657586554e-05,0.002424854153162278,0.000264118845146163,2.64118845146163e-05,100
EU Railways,adap_betweenness,,9150,0.1694601351977035,0.002637836836744097,0.0003737777165895549,3.7377771658955475e-05,0.002381887211778816,0.00026913002328791133,2.691300232879114e-05,100
EU Railways,adap_betweenness,,9200,0.1703861468654505,0.0025813501250115277,0.0003837710073283751,3.8377100732837506e-05,0.002315584776368132,0.0002624898479729394,2.624898479729394e-05,100
EU Railways,adap_betweenness,,9250,0.1713121585331975,0.002528011852949299,0.0003782763072291238,3.782763072291238e-05,0.002276136679322107,0.00025571095085599656,2.5571095085599655e-05,100
EU Railways,adap_betweenness,,9300,0.1722381702009445,0.0024659690712102488,0.0003592014379571993,3.592014379571992e-05,0.0022309473099360517,0.00023539197533568873,2.3539197533568874e-05,100
EU Railways,adap_betweenness,,9350,0.1731641818686915,0.002407815538475735,0.0003577334971108581,3.577334971108581e-05,0.002193721640892621,0.00022556002592764006,2.2556002592764015e-05,100
EU Railways,adap_betweenness,,9400,0.1740901935364385,0.002364663394758723,0.000342791175945487,3.4279117594548704e-05,0.002157977590517588,0.0002121858069540006,2.121858069540006e-05,100
EU Railways,adap_betweenness,,9450,0.1750162052041855,0.002314473562366833,0.00030966181712660783,3.096618171266078e-05,0.0021322344661542213,0.0001979635848304755,1.9796358483047553e-05,100
EU Railways,adap_betweenness,,9500,0.1759422168719326,0.002247245115288397,0.00028205764431468066,2.8205764431468065e-05,0.002083341050097179,0.00017602332880918735,1.7602332880918738e-05,100
EU Railways,adap_betweenness,,9550,0.1768682285396796,0.0021918696175571278,0.0002675740147695499,2.675740147695499e-05,0.002036670062042732,0.00016839756654198206,1.68397566541982e-05,100
EU Railways,adap_betweenness,,9600,0.1777942402074266,0.002174090193536383,0.0002642977102688043,2.6429771026880424e-05,0.002020742661357484,0.000167850227614601,1.67850227614601e-05,100
EU Railways,adap_betweenness,,9650,0.1787202518751736,0.002146865450504621,0.0002545999552654958,2.5459995526549588e-05,0.0019899990739882818,0.00014137405546538735,1.4137405546538727e-05,100
EU Railways,adap_betweenness,,9700,0.1796462635429206,0.00209797203444758,0.00024564337749516596,2.45643377495166e-05,0.0019533290119455,0.00014481413864930997,1.4481413864931e-05,100
EU Railways,adap_betweenness,,9750,0.1805722752106676,0.002067228447078382,0.00021637831989106837,2.1637831989106833e-05,0.00192869710158343,0.00014860596747562636,1.4860596747562633e-05,100
EU Railways,adap_betweenness,,9800,0.1814982868784146,0.002042040929715662,0.00020764931141045698,2.07649311410457e-05,0.0019070284285581498,0.00014164533141014393,1.4164533141014394e-05,100
EU Railways,adap_betweenness,,9850,0.1824242985461616,0.001994629132327016,0.00018788609418549546,1.8788609418549547e-05,0.0018755440318547559,0.00012648592021533567,1.2648592021533576e-05,100
EU Railways,adap_betweenness,,9900,0.1833503102139086,0.001956662653949385,0.00017916192068316244,1.7916192068316247e-05,0.0018510973238262348,0.00013366475165556036,1.3366475165556035e-05,100
EU Railways,adap_betweenness,,9950,0.1842763218816557,0.0019322159459208648,0.000165734793227578,1.65734793227578e-05,0.001833503102139043,0.00013180170306744331,1.3180170306744323e-05,100
EU Railways,adap_betweenness,,10000,0.1852023335494027,0.001914251319566574,0.00016561904527190318,1.6561904527190317e-05,0.0018035003241040379,0.00012233440460407267,1.2233440460407269e-05,100
EU Railways,adap_betweenness,,10050,0.1861283452171497,0.0018918418372070938,0.0001605383661937307,1.605383661937307e-05,0.001784609686082,0.00012633970214477388,1.2633970214477393e-05,100
EU Railways,adap_betweenness,,10100,0.1870543568848967,0.0018662839151772819,0.00016089363396102973,1.6089363396102968e-05,0.001764793036392213,0.00012339229412398548,1.2339229412398542e-05,100
EU Railways,adap_betweenness,,10150,0.1879803685526437,0.001847578479488792,0.0001619937982165448,1.619937982165448e-05,0.0017459023983701749,0.0001243867485652214,1.2438674856522141e-05,100
EU Railways,adap_betweenness,,10200,0.1889063802203907,0.001825724604129965,0.00015949486097892256,1.5949486097892257e-05,0.001724604130011996,0.00011781882375247062,1.1781882375247055e-05,100
EU Railways,adap_betweenness,,10250,0.1898323918881378,0.001819057320122186,0.0001584793567901608,1.584793567901608e-05,0.001710528752662243,0.00011345159456585068,1.1345159456585066e-05,100
EU Railways,adap_betweenness,,10300,0.1907584035558848,0.0018007222891007972,0.0001483220784507293,1.4832207845072936e-05,0.00168645244930082,0.00010462793617868545,1.0462793617868544e-05,100
EU Railways,adap_betweenness,,10350,0.1916844152236318,0.001779609223076166,0.00015301854069796252,1.530185406979625e-05,0.001661264931938099,9.695132617560348e-05,9.695132617560348e-06,100
EU Railways,adap_betweenness,,10400,0.1926104268913788,0.0017571997407166851,0.00015092535420251275,1.5092535420251277e-05,0.001652745624594831,9.754344762488239e-05,9.754344762488239e-06,100
EU Railways,adap_betweenness,,10450,0.1935364385591258,0.0017427539586998332,0.0001466930781767358,1.4669307817673582e-05,0.001641448282248315,0.00010050119560917136,1.0050119560917135e-05,100
EU Railways,adap_betweenness,,10500,0.1944624502268728,0.0017168256320029191,0.00014411973367816136,1.4411973367816134e-05,0.001616631169552691,0.0001034783642011509,1.0347836420115092e-05,100
EU Railways,adap_betweenness,,10550,0.1953884618946198,0.001697194184646684,0.00014522183997882376,1.4522183997882373e-05,0.0015957033058616099,0.00010636523681538524,1.0636523681538525e-05,100
EU Railways,adap_betweenness,,10600,0.1963144735623669,0.001688119270302761,0.0001390513280760717,1.390513280760717e-05,0.001577553477173768,0.00010264077652590328,1.026407765259033e-05,100
EU Railways,adap_betweenness,,10650,0.1972404852301139,0.001660524122603903,0.00014215233475651487,1.421523347565148e-05,0.0015571812204833349,9.960171904612924e-05,9.960171904612926e-06,100
EU Railways,adap_betweenness,,10700,0.1981664968978609,0.001648485970923193,0.00014652753878828428,1.465275387882843e-05,0.001540883415130987,9.901980687310888e-05,9.901980687310882e-06,100
EU Railways,adap_betweenness,,10750,0.1990925085656079,0.001621076025557883,0.00013724765383036806,1.37247653830368e-05,0.001525696823779938,0.00010211284119824592,1.0211284119824592e-05,100
EU Railways,adap_betweenness,,10800,0.2000185202333549,0.001596999722196459,0.00013100689286679252,1.3100689286679254e-05,0.001497175664413328,9.688769550457977e-05,9.688769550457977e-06,100
EU Railways,adap_betweenness,,10850,0.2009445319011019,0.0015914436521899762,0.0001337911831562238,1.3379118315622382e-05,0.001486433929067463,9.52613001199112e-05,9.52613001199112e-06,100
EU Railways,adap_betweenness,,10900,0.2018705435688489,0.0015795907028428148,0.00013696564455545712,1.3696564455545707e-05,0.001466061672377029,9.544660599481876e-05,9.544660599481877e-06,100
EU Railways,adap_betweenness,,10950,0.2027965552365959,0.001565330123159511,0.00012609155286785458,1.2609155286785457e-05,0.0014534679136956668,9.76272362625361e-05,9.762723626253608e-06,100
EU Railways,adap_betweenness,,11000,0.2037225669043429,0.001538105380127751,0.00011320258555354919,1.132025855535492e-05,0.001441059357347857,9.631294788680363e-05,9.63129478868036e-06,100
EU Railways,adap_betweenness,,11050,0.20464857857209,0.0015236595981108969,0.00010597805325374037,1.0597805325374041e-05,0.0014236503379942158,8.601205504080648e-05,8.601205504080649e-06,100
EU Railways,adap_betweenness,,11100,0.205574590239837,0.001504583757755307,9.679467665534624e-05,9.679467665534624e-06,0.001402907676636679,7.990281264876671e-05,7.99028126487667e-06,100
EU Railways,adap_betweenness,,11150,0.206500601907584,0.00149013797573845,9.456042114591052e-05,9.456042114591046e-06,0.0013919807389572612,8.205677149939138e-05,8.205677149939139e-06,100
EU Railways,adap_betweenness,,11200,0.207426613575331,0.001480692656727432,9.794239709640759e-05,9.794239709640758e-06,0.001383461431613989,8.20474820375956e-05,8.20474820375956e-06,100
EU Railways,adap_betweenness,,11250,0.208352625243078,0.00146624687471058,9.632589718836975e-05,9.632589718836974e-06,0.001365496805259697,8.824680611233083e-05,8.82468061123308e-06,100
EU Railways,adap_betweenness,,11300,0.209278636910825,0.00145106028335953,9.615742024756095e-05,9.615742024756091e-06,0.0013479025835725,8.70102623659084e-05,8.701026236590835e-06,100
EU Railways,adap_betweenness,,11350,0.2102046485785721,0.0014366145013426752,0.00010287258022372546,1.0287258022372545e-05,0.001334568015556944,8.800954847522146e-05,8.800954847522148e-06,100
EU Railways,adap_betweenness,,11400,0.2111306602463191,0.0014232799333271171,9.9625891625132e-05,9.962589162513198e-06,0.0013214186498749331,8.563743313104609e-05,8.56374331310461e-06,100
EU Railways,adap_betweenness,,11450,0.2120566719140661,0.0014034632836373302,9.709701892192784e-05,9.709701892192784e-06,0.001304194832854834,7.634635795053343e-05,7.634635795053343e-06,100
EU Railways,adap_betweenness,,11500,0.2129826835818131,0.00138753588295208,0.00010659170393186334,1.065917039318633e-05,0.001289934253171532,8.199996265793026e-05,8.199996265793025e-06,100
EU Railways,adap_betweenness,,11550,0.2139086952495601,0.0013771645522733138,0.00010713766991414004,1.0713766991414007e-05,0.001276970089823073,8.024894801824985e-05,8.024894801824985e-06,100
EU Railways,adap_betweenness,,11600,0.2148347069173071,0.0013714232799332809,0.00010687395090061192,1.068739509006119e-05,0.0012669691638114038,8.497624008485912e-05,8.49762400848591e-06,100
EU Railways,adap_betweenness,,11650,0.2157607185850541,0.0013534586535789838,0.0001073689615934413,1.073689615934413e-05,0.001251226965459702,8.498541325145817e-05,8.498541325145817e-06,100
EU Railways,adap_betweenness,,11700,0.2166867302528012,0.001344939346235709,0.00011061452322763503,1.10614523227635e-05,0.001233077136771865,8.679497496691942e-05,8.679497496691944e-06,100
EU Railways,adap_betweenness,,11750,0.2176127419205482,0.001323455875543979,0.00011705590209363746,1.1705590209363747e-05,0.001215668117418221,8.909333028746644e-05,8.909333028746643e-06,100
EU Railways,adap_betweenness,,11800,0.2185387535882952,0.0013099361051948722,0.00011941289853903478,1.1941289853903476e-05,0.001202333549402664,9.257048170815306e-05,9.257048170815304e-06,100
EU Railways,adap_betweenness,,11850,0.2194647652560422,0.001295305120844472,0.00012321035347153514,1.2321035347153511e-05,0.001184924530049023,9.512882183970056e-05,9.512882183970053e-06,100
EU Railways,adap_betweenness,,11900,0.2203907769237892,0.0012714140198165941,0.00012490153468161253,1.2490153468161255e-05,0.0011617742383553489,0.00010071470505956033,1.0071470505956037e-05,100
EU Railways,adap_betweenness,,11950,0.2213167885915362,0.001256042226131994,0.00012506799612142355,1.2506799612142352e-05,0.001150106491341737,9.815882512453755e-05,9.815882512453755e-06,100
EU Railways,adap_betweenness,,12000,0.2222428002592832,0.001238818409111901,0.00012654178650106028,1.2654178650106022e-05,0.00113288267432164,9.560383358952786e-05,9.560383358952779e-06,100
EU Railways,adap_betweenness,,12050,0.2231688119270302,0.001223261413093748,0.00013125841939985372,1.3125841939985372e-05,0.001118066487637692,9.47885925005119e-05,9.47885925005119e-06,100
EU Railways,adap_betweenness,,12100,0.2240948235947773,0.001211593666080137,0.00013528288459373216,1.3528288459373223e-05,0.001103805907954388,9.092097344698233e-05,9.092097344698237e-06,100
EU Railways,adap_betweenness,,12150,0.2250208352625243,0.001196777479396184,0.00013702848986034226,1.3702848986034223e-05,0.001096027409945313,8.724090522168893e-05,8.724090522168888e-06,100
EU Railways,adap_betweenness,,12200,0.2259468469302713,0.001185850541716772,0.0001322073403978402,1.3220734039784023e-05,0.0010799148069265121,8.867137145054027e-05,8.867137145054028e-06,100
EU Railways,adap_betweenness,,12250,0.2268728585980183,0.001174182794703157,0.00012874324241192022,1.2874324241192027e-05,0.001071765904250341,8.41799043718163e-05,8.41799043718163e-06,100
EU Railways,adap_betweenness,,12300,0.2277988702657653,0.001157884989350809,0.00012883685939545637,1.288368593954563e-05,0.001060653764237377,8.451672227211323e-05,8.451672227211322e-06,100
EU Railways,adap_betweenness,,12350,0.2287248819335123,0.00114529123066945,0.0001355525485109462,1.3555254851094624e-05,0.0010462079822205219,8.263633881550422e-05,8.263633881550421e-06,100
EU Railways,adap_betweenness,,12400,0.2296508936012593,0.001124363366978368,0.0001251210342539725,1.2512103425397248e-05,0.001028984165200427,7.244085510034735e-05,7.244085510034733e-06,100
EU Railways,adap_betweenness,,12450,0.2305769052690064,0.001118066487637689,0.00012675407249498931,1.2675407249498935e-05,0.001017501620520365,7.164736194140259e-05,7.16473619414026e-06,100
EU Railways,adap_betweenness,,12500,0.2315029169367534,0.001109732382627966,0.00012488225462676275,1.2488225462676277e-05,0.001008982313177091,6.861707389666397e-05,6.8617073896663976e-06,100
EU Railways,adap_betweenness,,12550,0.2324289286045004,0.001087508102602036,0.00011807731720425485,1.180773172042549e-05,0.000998425780164774,6.323645429607565e-05,6.323645429607562e-06,100
EU Railways,adap_betweenness,,12600,0.2333549402722474,0.001081396425594903,0.00011576047503889203,1.1576047503889201e-05,0.000990462079822151,6.434362745764357e-05,6.434362745764359e-06,100
EU Railways,adap_betweenness,,12650,0.2342809519399944,0.0010719511065838839,0.00011233942956075088,1.1233942956075089e-05,0.000982683581813079,6.516438790882251e-05,6.5164387908822495e-06,100
EU Railways,adap_betweenness,,12700,0.2352069636077414,0.0010526900638947489,0.00010288823972696176,1.0288823972696175e-05,0.0009719418464672159,6.718841543866183e-05,6.718841543866185e-06,100
EU Railways,adap_betweenness,,12750,0.2361329752754884,0.0010410223168811341,9.934450035789848e-05,9.934450035789849e-06,0.000963422539123944,6.944520029956903e-05,6.9445200299569015e-06,100
EU Railways,adap_betweenness,,12800,0.2370589869432355,0.001028613760533324,9.218568075615402e-05,9.218568075615403e-06,0.0009530512084451749,6.981539687117546e-05,6.981539687117546e-06,100
EU Railways,adap_betweenness,,12850,0.2379849986109825,0.001013427169182272,8.722899037486168e-05,8.722899037486171e-06,0.0009400870450967159,6.649592524189706e-05,6.649592524189706e-06,100
EU Railways,adap_betweenness,,12900,0.2389110102787295,0.0010052782665061,8.726870020473627e-05,8.726870020473627e-06,0.000927678488748907,6.491268469059336e-05,6.491268469059337e-06,100
EU Railways,adap_betweenness,,12950,0.2398370219464765,0.00099305491249184,8.381383535425356e-05,8.381383535425358e-06,0.0009182331697378869,6.269087177676784e-05,6.269087177676782e-06,100
EU Railways,adap_betweenness,,13000,0.2407630336142235,0.0009762015001388459,8.771281456503825e-05,8.771281456503823e-06,0.0009060098157236269,6.188433514902738e-05,6.1884335149027365e-06,100
EU Railways,adap_betweenness,,13050,0.2416890452819705,0.00096934901379752,8.695609205154877e-05,8.695609205154876e-06,0.0008924900453745199,5.71101955889557e-05,5.711019558895569e-06,100
EU Railways,adap_betweenness,,13100,0.2426150569497175,0.000959718492452952,8.449724811293206e-05,8.449724811293202e-06,0.000887489582368685,5.619191576202812e-05,5.619191576202812e-06,100
EU Railways,adap_betweenness,,13150,0.2435410686174645,0.0009424946754328589,8.557753576923393e-05,8.557753576923393e-06,0.00087619224002217,5.801304632844198e-05,5.801304632844199e-06,100
EU Railways,adap_betweenness,,13200,0.2444670802852116,0.0009378646170941239,8.764267441303724e-05,8.764267441303725e-06,0.0008695249560143891,5.787432616919802e-05,5.787432616919802e-06,100
EU Railways,adap_betweenness,,13250,0.2453930919529586,0.000933790165756037,8.865124668617161e-05,8.86512466861716e-06,0.000865265302342754,5.845242706586042e-05,5.845242706586041e-06,100
EU Railways,adap_betweenness,,13300,0.2463191036207056,0.0009237892397443689,8.408209842310417e-05,8.408209842310417e-06,0.000857672006667231,5.6745033250226966e-05,5.674503325022697e-06,100
EU Railways,adap_betweenness,,13350,0.2472451152884526,0.000912491897397855,8.331942996104086e-05,8.331942996104085e-06,0.000848597092323313,5.473645331929741e-05,5.473645331929741e-06,100
EU Railways,adap_betweenness,,13400,0.2481711269561996,0.00090471339938878,8.559696653308092e-05,8.55969665330809e-06,0.00083970738031294,5.497897536899659e-05,5.497897536899659e-06,100
EU Railways,adap_betweenness,,13450,0.2490971386239466,0.000897675710713904,8.531641170553786e-05,8.531641170553787e-06,0.000831558477636766,5.404339760911475e-05,5.4043397609114755e-06,100
EU Railways,adap_betweenness,,13500,0.2500231502916937,0.0008848967496989919,8.132985921103086e-05,8.132985921103086e-06,0.000823594777294142,5.486763676985957e-05,5.486763676985957e-06,100
EU Railways,adap_betweenness,,13550,0.2509491619594406,0.000877303454023464,8.314459970368611e-05,8.31445997036861e-06,0.0008165570886192661,5.646347615918974e-05,5.646347615918974e-06,100
EU Railways,adap_betweenness,,13600,0.2518751736271877,0.000870080563015037,8.194100035525479e-05,8.194100035525478e-06,0.0008093341976108379,5.294233819757336e-05,5.294233819757334e-06,100
EU Railways,adap_betweenness,,13650,0.2528011852949347,0.000860450041670469,8.055253186953334e-05,8.055253186953336e-06,0.000798222057597873,5.121259669317262e-05,5.12125966931726e-06,100
EU Railways,adap_betweenness,,13700,0.2537271969626817,0.0008504491156588021,7.856058436538611e-05,7.856058436538612e-06,0.000792480785257841,5.079108108053135e-05,5.0791081080531365e-06,100
EU Railways,adap_betweenness,,13750,0.2546532086304287,0.000844893045652319,7.961633569656136e-05,7.961633569656139e-06,0.000782294656912625,4.981477154375872e-05,4.9814771543758704e-06,100
EU Railways,adap_betweenness,,13800,0.2555792202981757,0.000837299749976793,8.076193781369997e-05,8.076193781369996e-06,0.0007763681822390441,4.677000205363969e-05,4.677000205363966e-06,100
EU Railways,adap_betweenness,,13850,0.2565052319659228,0.0008306324659690161,8.50691490658125e-05,8.506914906581254e-06,0.000769886100564814,4.898260540861214e-05,4.8982605408612154e-06,100
EU Railways,adap_betweenness,,13900,0.2574312436336697,0.000825261598296082,8.696007631228468e-05,8.696007631228465e-06,0.000759144365218951,4.792723186440259e-05,4.792723186440261e-06,100
EU Railways,adap_betweenness,,13950,0.2583572553014168,0.000819149921288953,7.750274493304768e-05,7.750274493304768e-06,0.0007519214742105281,4.30934487659084e-05,4.309344876590843e-06,100
EU Railways,adap_betweenness,,14000,0.2592832669691638,0.000811741827946979,7.809060048278869e-05,7.80906004827887e-06,0.000747106213538243,4.319142322660955e-05,4.319142322660955e-06,100
EU Railways,adap_betweenness,,14050,0.2602092786369108,0.0008039633299379021,7.643321222653321e-05,7.643321222653323e-06,0.000741550143531762,4.260182323577912e-05,4.26018232357791e-06,100
EU Railways,adap_betweenness,,14100,0.2611352903046578,0.000787480322252006,6.87683840944325e-05,6.876838409443249e-06,0.000734142050189787,4.2324411546418373e-05,4.232441154641836e-06,100
EU Railways,adap_betweenness,,14150,0.2620613019724048,0.000775997777571944,6.703457267567978e-05,6.703457267567979e-06,0.000726178349847163,3.898147066922838e-05,3.89814706692284e-06,100
EU Railways,adap_betweenness,,14200,0.2629873136401519,0.0007708121122325611,6.548050032052045e-05,6.548050032052041e-06,0.000721918696175526,3.859605212873476e-05,3.859605212873473e-06,100
EU Railways,adap_betweenness,,14250,0.2639133253078989,0.00076581164922673,6.248023301859576e-05,6.248023301859575e-06,0.0007176590425038849,3.8631493667713665e-05,3.863149366771365e-06,100
EU Railways,adap_betweenness,,14300,0.2648393369756459,0.0007593295675525,5.803125858324784e-05,5.803125858324783e-06,0.0007119177701638519,3.650531331191126e-05,3.650531331191125e-06,100
EU Railways,adap_betweenness,,14350,0.2657653486433929,0.000755069913880866,6.0018476577664194e-05,6.001847657766421e-06,0.0007039540698212269,3.5560621294025896e-05,3.5560621294025917e-06,100
EU Railways,adap_betweenness,,14400,0.2666913603111399,0.00074729141587179,6.225803099707e-05,6.225803099707002e-06,0.000699879618483138,3.47525213940526e-05,3.47525213940526e-06,100
EU Railways,adap_betweenness,,14450,0.2676173719788869,0.000739142513195615,6.077796568867591e-05,6.07779656886759e-06,0.0006959903694786029,3.423878661323486e-05,3.423878661323486e-06,100
EU Railways,adap_betweenness,,14500,0.2685433836466339,0.00073451245485688,6.0154844050860394e-05,6.015484405086039e-06,0.0006917307158069649,3.333590038744083e-05,3.3335900387440827e-06,100
EU Railways,adap_betweenness,,14550,0.2694693953143809,0.000728585980183301,6.049942895947053e-05,6.049942895947052e-06,0.000685248634132736,3.27725099588995e-05,3.27725099588995e-06,100
EU Railways,adap_betweenness,,14600,0.270395406982128,0.000721733493841971,6.0912348493265525e-05,6.0912348493265514e-06,0.000675803315121719,3.142271220879785e-05,3.142271220879786e-06,100
EU Railways,adap_betweenness,,14650,0.2713214186498749,0.000712658579498046,5.782072232047166e-05,5.782072232047169e-06,0.0006719140661171869,3.1815535331598704e-05,3.181553533159868e-06,100
EU Railways,adap_betweenness,,14700,0.272247430317622,0.000707658116492212,5.4857532581516066e-05,5.485753258151605e-06,0.00066839522177975,3.0368596784444532e-05,3.0368596784444544e-06,100
EU Railways,adap_betweenness,,14750,0.273173441985369,0.000695619964811505,4.644589819535934e-05,4.644589819535935e-06,0.000660801926104227,3.297066034198693e-05,3.2970660341986927e-06,100
EU Railways,adap_betweenness,,14800,0.274099453653116,0.000688952680803727,4.0780211690945534e-05,4.078021169094553e-06,0.000655616260764843,3.125744037050488e-05,3.125744037050487e-06,100
EU Railways,adap_betweenness,,14850,0.275025465320863,0.0006863598481340361,4.118767733608583e-05,4.118767733608583e-06,0.0006517270117603061,3.077656666426264e-05,3.0776566664262646e-06,100
EU Railways,adap_betweenness,,14900,0.27595147698861,0.0006822853967959509,4.2176807848136474e-05,4.217680784813649e-06,0.0006458005370867261,3.031835731483247e-05,3.0318357314832467e-06,100
EU Railways,adap_betweenness,,14950,0.2768774886563571,0.000678025743124316,4.152904470714228e-05,4.152904470714228e-06,0.000641911288082186,3.117086372083887e-05,3.117086372083886e-06,100
EU Railways,adap_betweenness,,15000,0.2778035003241041,0.000673210482452032,4.446843212271986e-05,4.446843212271987e-06,0.000636910825076349,2.8092874851321935e-05,2.8092874851321932e-06,100
EU Railways,adap_betweenness,,15050,0.2787295119918511,0.000663024354106817,4.745538875734476e-05,4.745538875734478e-06,0.0006295027317343681,3.1751766303270785e-05,3.1751766303270786e-06,100
EU Railways,adap_betweenness,,15100,0.2796555236595981,0.000657468284100334,4.6978438071828456e-05,4.697843807182846e-06,0.000624872673395634,3.3361353789610836e-05,3.336135378961082e-06,100
EU Railways,adap_betweenness,,15150,0.2805815353273451,0.000653393832762247,4.3180191547000514e-05,4.3180191547000505e-06,0.000620057412723349,3.2075824932375116e-05,3.207582493237512e-06,100
EU Railways,adap_betweenness,,15200,0.2815075469950921,0.000649689786091258,4.449218902126138e-05,4.4492189021261375e-06,0.000617649782387209,3.2600265940570644e-05,3.2600265940570636e-06,100
EU Railways,adap_betweenness,,15250,0.2824335586628391,0.000643763311417675,4.1044427139515166e-05,4.1044427139515164e-06,0.0006113529030465291,3.207744510082421e-05,3.207744510082421e-06,100
EU Railways,adap_betweenness,,15300,0.2833595703305862,0.000640800074080885,4.228182340528449e-05,4.228182340528449e-06,0.000607278451708444,3.301424074446457e-05,3.301424074446456e-06,100
EU Railways,adap_betweenness,,15350,0.2842855819983332,0.000635984813408602,4.374933091586639e-05,4.37493309158664e-06,0.0006020927863690601,3.4270646768517366e-05,3.427064676851738e-06,100
EU Railways,adap_betweenness,,15400,0.2852115936660802,0.0006278359107324271,4.400831708910253e-05,4.400831708910255e-06,0.000596166311695482,3.398639821802904e-05,3.3986398218029024e-06,100
EU Railways,adap_betweenness,,15450,0.2861376053338272,0.0006250578757291859,4.524084649426698e-05,4.5240846494267014e-06,0.000592462265024493,3.4067854096195425e-05,3.406785409619542e-06,100
EU Railways,adap_betweenness,,15500,0.2870636170015742,0.000619501805722706,4.645000074512007e-05,4.6450000745120065e-06,0.000589684230021251,3.4192207341549434e-05,3.4192207341549455e-06,100
EU Railways,adap_betweenness,,15550,0.2879896286693212,0.000615056949717522,4.591887751336972e-05,4.591887751336972e-06,0.000582461339012822,3.1738669640423956e-05,3.1738669640423964e-06,100
EU Railways,adap_betweenness,,15600,0.2889156403370682,0.000605426428372952,4.441542017588905e-05,4.441542017588907e-06,0.000576905269006342,3.195624661559394e-05,3.1956246615593915e-06,100
EU Railways,adap_betweenness,,15650,0.2898416520048152,0.000600611167700664,4.391019275037419e-05,4.391019275037422e-06,0.000572830817668253,3.139623889722388e-05,3.1396238897223896e-06,100
EU Railways,adap_betweenness,,15700,0.2907676636725623,0.0005950550976941841,4.587056329477293e-05,4.587056329477293e-06,0.000566719140661121,3.1257440370498106e-05,3.1257440370498093e-06,100
EU Railways,adap_betweenness,,15750,0.2916936753403092,0.000591906658023842,4.626652356205227e-05,4.626652356205225e-06,0.000563015093990136,3.147834375770158e-05,3.147834375770157e-06,100
EU Railways,adap_betweenness,,15800,0.2926196870080563,0.000588202611352854,4.366213181486182e-05,4.366213181486181e-06,0.000558755440318501,3.059138844388454e-05,3.0591388443884535e-06,100
EU Railways,adap_betweenness,,15850,0.2935456986758033,0.000584128160014765,4.256114080013876e-05,4.256114080013877e-06,0.00055634780998236,2.9888491988537413e-05,2.9888491988537415e-06,100
EU Railways,adap_betweenness,,15900,0.2944717103435503,0.000580609315677326,4.263881051933029e-05,4.263881051933028e-06,0.000554495786646865,3.0107932064511287e-05,3.010793206451125e-06,100
EU Railways,adap_betweenness,,15950,0.2953977220112973,0.000577090471339887,4.201219552755768e-05,4.201219552755766e-06,0.000550791739975878,3.008490848382552e-05,3.00849084838255e-06,100
EU Railways,adap_betweenness,,16000,0.2963237336790443,0.000573386424668901,4.153113032567345e-05,4.153113032567346e-06,0.000546532086304243,2.9955071117807797e-05,2.99550711178078e-06,100
EU Railways,adap_betweenness,,16050,0.2972497453467914,0.000570237984998562,4.054974698382878e-05,4.054974698382877e-06,0.000542087230299056,2.9648153456026018e-05,2.964815345602599e-06,100
EU Railways,adap_betweenness,,16100,0.2981757570145384,0.000563015093990137,3.713388543759017e-05,3.71338854375902e-06,0.000536345957959025,2.6048310339599666e-05,2.6048310339599664e-06,100
EU Railways,adap_betweenness,,16150,0.2991017686822854,0.000558014630984304,3.756569201186722e-05,3.7565692011867214e-06,0.000534123529956431,2.5888208574957605e-05,2.5888208574957623e-06,100
EU Railways,adap_betweenness,,16200,0.3000277803500324,0.000556162607648809,3.8096863430580244e-05,3.809686343058027e-06,0.000527826650615751,2.4763697506133228e-05,2.4763697506133233e-06,100
EU Railways,adap_betweenness,,16250,0.3009537920177794,0.00055282896564492,3.679411407913932e-05,3.679411407913933e-06,0.000522640985276364,2.377583102266144e-05,2.377583102266146e-06,100
EU Railways,adap_betweenness,,16300,0.3018798036855264,0.000550791739975878,3.700490575741654e-05,3.7004905757416512e-06,0.000520048152606671,2.407990065161782e-05,2.4079900651617824e-06,100
EU Railways,adap_betweenness,,16350,0.3028058153532734,0.000547272895638438,3.726195377192804e-05,3.7261953771928055e-06,0.000514862487267282,2.4411422124873624e-05,2.4411422124873625e-06,100
EU Railways,adap_betweenness,,16400,0.3037318270210205,0.0005433836466339,3.649582130382269e-05,3.649582130382269e-06,0.000511528845263393,2.4802840780536516e-05,2.4802840780536505e-06,100
EU Railways,adap_betweenness,,16450,0.3046578386887675,0.000537827576627415,3.32885781485313e-05,3.3288578148531312e-06,0.000508010000925958,2.5420255902991533e-05,2.5420255902991532e-06,100
EU Railways,adap_betweenness,,16500,0.3055838503565145,0.000535419946291272,3.512931799720836e-05,3.5129317997208353e-06,0.000505417168256267,2.5425707091794802e-05,2.54257070917948e-06,100
EU Railways,adap_betweenness,,16550,0.3065098620242615,0.000530234280951888,3.528283789287544e-05,3.528283789287545e-06,0.000500601907583983,2.558328631159541e-05,2.5583286311595403e-06,100
EU Railways,adap_betweenness,,16600,0.3074358736920085,0.000526715436614449,3.5737986948751654e-05,3.573798694875167e-06,0.00049819427724784,2.5453626111160366e-05,2.545362611116038e-06,100
EU Railways,adap_betweenness,,16650,0.3083618853597555,0.000521529771275066,3.6732385665193425e-05,3.673238566519344e-06,0.000494305028243304,2.6151188473804445e-05,2.615118847380442e-06,100
EU Railways,adap_betweenness,,16700,0.3092878970275025,0.000516344105935682,3.771526595346948e-05,3.7715265953469475e-06,0.000491526993240065,2.66401239256979e-05,2.6640123925697888e-06,100
EU Railways,adap_betweenness,,16750,0.3102139086952495,0.000512269654597596,3.852776910207468e-05,3.85277691020747e-06,0.00048763774423553,2.4841225030693544e-05,2.4841225030693526e-06,100
EU Railways,adap_betweenness,,16800,0.3111399203629966,0.000508750810260156,3.8096863430572404e-05,3.8096863430572385e-06,0.00048448930456519197,2.6021695118228725e-05,2.6021695118228725e-06,100
EU Railways,adap_betweenness,,16850,0.3120659320307435,0.0005074543939253111,3.8687505722160415e-05,3.86875057221604e-06,0.00048022965089356,2.5691398509733705e-05,2.5691398509733696e-06,100
EU Railways,adap_betweenness,,16900,0.3129919436984906,0.00050523196592272,3.9051178411368425e-05,3.9051178411368415e-06,0.00047800722289097,2.628333944153206e-05,2.628333944153206e-06,100
EU Railways,adap_betweenness,,16950,0.3139179553662376,0.000501157514584634,3.822079881060016e-05,3.822079881060017e-06,0.00047337716455223596,2.4314720317239745e-05,2.4314720317239745e-06,100
EU Railways,adap_betweenness,,17000,0.3148439670339846,0.000497638670247195,3.8115047657963496e-05,3.8115047657963504e-06,0.00047115473654964495,2.4878157458534714e-05,2.4878157458534712e-06,100
EU Railways,adap_betweenness,,17050,0.3157699787017316,0.0004930086119084609,3.8035427479695255e-05,3.8035427479695256e-06,0.00046763589221220705,2.4885815811022537e-05,2.4885815811022527e-06,100
EU Railways,adap_betweenness,,17100,0.3166959903694786,0.000490415779238772,3.828057970173074e-05,3.828057970173073e-06,0.000465413464209614,2.506338562119138e-05,2.5063385621191385e-06,100
EU Railways,adap_betweenness,,17150,0.3176220020372257,0.000486896934901334,3.35348544050083e-05,3.3534854405008293e-06,0.00046096860820442895,2.33812968242621e-05,2.338129682426211e-06,100
EU Railways,adap_betweenness,,17200,0.3185480137049727,0.00048523011389938896,3.360761220107168e-05,3.3607612201071687e-06,0.000458190573201189,2.3041721804793648e-05,2.304172180479366e-06,100
EU Railways,adap_betweenness,,17250,0.3194740253727197,0.00048152606722840397,2.9897764050792163e-05,2.9897764050792175e-06,0.000455412538197945,2.1880999973511687e-05,2.188099997351168e-06,100
EU Railways,adap_betweenness,,17300,0.3204000370404667,0.00047634040188902397,3.0252577707443293e-05,3.025257770744328e-06,0.000452078896194055,2.265887304949924e-05,2.265887304949925e-06,100
EU Railways,adap_betweenness,,17350,0.3213260487082137,0.000473006759885136,3.0405652181423844e-05,3.0405652181423845e-06,0.000449486063524362,2.33753688792346e-05,2.3375368879234605e-06,100
EU Railways,adap_betweenness,,17400,0.3222520603759607,0.00047059912954899397,3.082156331339686e-05,3.082156331339685e-06,0.00044670802852112,2.1910273285795383e-05,2.1910273285795386e-06,100
EU Railways,adap_betweenness,,17450,0.3231780720437077,0.00046745068987865296,3.2573154201365884e-05,3.257315420136589e-06,0.000443744791184327,2.169415274569255e-05,2.169415274569255e-06,100
EU Railways,adap_betweenness,,17500,0.3241040837114547,0.000466154273543808,3.2566239755943654e-05,3.2566239755943653e-06,0.000441707565515283,2.1606938914105148e-05,2.160693891410515e-06,100
EU Railways,adap_betweenness,,17550,0.3250300953792018,0.000464857857208964,3.324483629430876e-05,3.3244836294308754e-06,0.00044004074451333504,2.1242276178771866e-05,2.1242276178771865e-06,100
EU Railways,adap_betweenness,,17600,0.3259561070469488,0.000463191036207018,3.396600372597415e-05,3.396600372597416e-06,0.000438373923511389,2.139423212170222e-05,2.1394232121702216e-06,100
EU Railways,adap_betweenness,,17650,0.3268821187146958,0.00046096860820442597,3.481228673051338e-05,3.481228673051338e-06,0.00043541068617459897,2.130335125884495e-05,2.1303351258844955e-06,100
EU Railways,adap_betweenness,,17700,0.3278081303824428,0.000459116584868932,3.475252139404491e-05,3.475252139404492e-06,0.000433743865172653,2.1088403924081942e-05,2.1088403924081954e-06,100
EU Railways,adap_betweenness,,17750,0.3287341420501898,0.000457079359199888,3.500928327624563e-05,3.5009283276245637e-06,0.00042985461616811097,2.0269960002365534e-05,2.0269960002365536e-06,100
EU Railways,adap_betweenness,,17800,0.3296601537179368,0.000454116121863097,3.437008240366839e-05,3.4370082403668387e-06,0.00042744698583196695,2.1655789934517028e-05,2.1655789934517023e-06,100
EU Railways,adap_betweenness,,17850,0.3305861653856838,0.000450412075192107,3.369821002118985e-05,3.3698210021189853e-06,0.000424113343828074,2.1626973168679443e-05,2.162697316867944e-06,100
EU Railways,adap_betweenness,,17900,0.3315121770534309,0.000445226409852721,3.1798106935161466e-05,3.1798106935161465e-06,0.00042096490415773297,2.1361819055410508e-05,2.136181905541052e-06,100
EU Railways,adap_betweenness,,17950,0.3324381887211778,0.00044300398185012505,3.241962708967375e-05,3.241962708967374e-06,0.00041911288082224004,2.1651789899398104e-05,2.165178989939811e-06,100
EU Railways,adap_betweenness,,18000,0.3333642003889249,0.00044189276784883,3.224173733604837e-05,3.2241737336048377e-06,0.000415594036484801,2.1916597509704544e-05,2.1916597509704537e-06,100
EU Railways,adap_betweenness,,18050,0.3342902120566719,0.000436892304842993,3.137857761459614e-05,3.1378577614596137e-06,0.00041300120381511103,2.1786583992104662e-05,2.1786583992104656e-06,100
EU Railways,adap_betweenness,,18100,0.3352162237244189,0.000432817853504905,3.077206338054112e-05,3.077206338054112e-06,0.000408926752477026,2.1973433616542603e-05,2.197343361654261e-06,100
EU Railways,adap_betweenness,,18150,0.3361422353921659,0.00043003981850166397,3.0650789803347987e-05,3.0650789803347987e-06,0.000406704324474432,2.0376507907418824e-05,2.037650790741883e-06,100
EU Railways,adap_betweenness,,18200,0.3370682470599129,0.000428928604500366,3.066661073340117e-05,3.066661073340117e-06,0.000403370682470542,1.9268380311682824e-05,1.926838031168283e-06,100
EU Railways,adap_betweenness,,18250,0.33799425872766,0.000424483748495178,3.24196270896733e-05,3.24196270896733e-06,0.000399666635799556,1.955395912867216e-05,1.9553959128672177e-06,100
EU Railways,adap_betweenness,,18300,0.338920270395407,0.00042337253449388197,3.3194775024167105e-05,3.319477502416711e-06,0.000396703398462769,2.042066809970034e-05,2.0420668099700332e-06,100
EU Railways,adap_betweenness,,18350,0.339846282063154,0.00041985369015644396,3.3510049750794856e-05,3.3510049750794857e-06,0.000394666172793728,1.96449966534223e-05,1.96449966534223e-06,100
EU Railways,adap_betweenness,,18400,0.340772293730901,0.000415223631817709,3.127738556473369e-05,3.127738556473369e-06,0.00039225854245759,1.9589363755029802e-05,1.9589363755029808e-06,100
EU Railways,adap_betweenness,,18450,0.341698305398648,0.000411704787480267,3.0226798894097033e-05,3.0226798894097023e-06,0.000388554495786607,1.916019090905172e-05,1.9160190909051724e-06,100
EU Railways,adap_betweenness,,18500,0.342624317066395,0.000409667561811225,3.0160819601932407e-05,3.0160819601932404e-06,0.000386332067784015,2.0050846731452158e-05,2.0050846731452165e-06,100
EU Railways,adap_betweenness,,18550,0.343550328734142,0.000405407908139592,3.1245799794316194e-05,3.1245799794316188e-06,0.000381887211778835,1.9659981733706145e-05,1.9659981733706154e-06,100
EU Railways,adap_betweenness,,18600,0.344476340401889,0.000401889063802155,2.829012374574496e-05,2.8290123745744964e-06,0.000380590795443989,2.0112094539818546e-05,2.011209453981854e-06,100
EU Railways,adap_betweenness,,18650,0.3454023520696361,0.00040040744513376197,2.9286609346445217e-05,2.9286609346445217e-06,0.000377627558107198,2.0201474427727757e-05,2.0201474427727756e-06,100
EU Railways,adap_betweenness,,18700,0.346328363737383,0.000399666635799565,2.8977394217465353e-05,2.897739421746536e-06,0.000375775534771704,1.9035922968199166e-05,1.9035922968199125e-06,100
EU Railways,adap_betweenness,,18750,0.3472543754051301,0.00039762941013052095,2.889058068418956e-05,2.8890580684189556e-06,0.000372256690434267,1.775618058861243e-05,1.7756180588612428e-06,100
EU Railways,adap_betweenness,,18800,0.3481803870728771,0.000394851375127279,2.8580111489163598e-05,2.858011148916359e-06,0.000370219464765223,1.7159821732989297e-05,1.7159821732989298e-06,100
EU Railways,adap_betweenness,,18850,0.3491063987406241,0.000392073340124039,2.87221981961798e-05,2.8722198196179794e-06,0.000368182239096181,1.8100167295222268e-05,1.8100167295222261e-06,100
EU Railways,adap_betweenness,,18900,0.3500324104083711,0.000388924900453701,2.7982278633686583e-05,2.798227863368659e-06,0.00036614501342713696,1.7825314617865133e-05,1.7825314617865143e-06,100
EU Railways,adap_betweenness,,18950,0.3509584220761181,0.00038707287711820996,2.889597670233523e-05,2.8895976702335224e-06,0.000364478192425191,1.7237379506370842e-05,1.723737950637084e-06,100
EU Railways,adap_betweenness,,19000,0.3518844337438652,0.000385220853782718,2.8955864801195586e-05,2.895586480119558e-06,0.000362070562089045,1.733658682330271e-05,1.733658682330272e-06,100
EU Railways,adap_betweenness,,19050,0.3528104454116122,0.00038299842578012097,2.9883854878587148e-05,2.988385487858716e-06,0.000359107324752255,1.840670619610365e-05,1.840670619610365e-06,100
EU Railways,adap_betweenness,,19100,0.3537364570793592,0.000379664783776235,2.829012374574694e-05,2.829012374574695e-06,0.00035707009908321095,1.8813487072305656e-05,1.8813487072305669e-06,100
EU Railways,adap_betweenness,,19150,0.3546624687471062,0.000376516344105894,2.8722198196184115e-05,2.872219819618411e-06,0.000355218075747718,1.958936375505174e-05,1.9589363755051746e-06,100
EU Railways,adap_betweenness,,19200,0.3555884804148532,0.00037299749976845597,2.907765405709459e-05,2.907765405709459e-06,0.000353180850078674,1.9567243370667685e-05,1.956724337066769e-06,100
EU Railways,adap_betweenness,,19250,0.3565144920826002,0.000372256690434256,2.937166260204245e-05,2.9371662602042447e-06,0.00035114362440963093,2.0205761576706586e-05,2.0205761576706587e-06,100
EU Railways,adap_betweenness,,19300,0.3574405037503472,0.00036799703676261894,2.9973571182790914e-05,2.9973571182790914e-06,0.000348550791739935,2.1446798875340447e-05,2.1446798875340445e-06,100
EU Railways,adap_betweenness,,19350,0.3583665154180943,0.000366515418094226,3.0277190288581026e-05,3.027719028858103e-06,0.000345402352069596,1.9231484049519874e-05,1.923148404951987e-06,100
EU Railways,adap_betweenness,,19400,0.3592925270858413,0.00036373738309098595,2.9957962506034836e-05,2.995796250603482e-06,0.000342439114732805,1.8889757657703166e-05,1.8889757657703167e-06,100
EU Railways,adap_betweenness,,19450,0.3602185387535883,0.00036225576442258997,2.8633401005125212e-05,2.8633401005125205e-06,0.00034114269839796094,1.8271628344546694e-05,1.8271628344546696e-06,100
EU Railways,adap_betweenness,,19500,0.3611445504213353,0.000359292527085796,2.6973574636702047e-05,2.697357463670205e-06,0.000338735068061817,1.8103038286970995e-05,1.8103038286970988e-06,100
EU Railways,adap_betweenness,,19550,0.3620705620890823,0.00035688489674965497,2.721079806293574e-05,2.721079806293573e-06,0.000335957033058572,1.8050330882777525e-05,1.8050330882777536e-06,100
EU Railways,adap_betweenness,,19600,0.3629965737568293,0.000353551254745765,2.7241339117004215e-05,2.72413391170042e-06,0.000333178998055328,1.5902321851523878e-05,1.5902321851523872e-06,100
EU Railways,adap_betweenness,,19650,0.3639225854245763,0.00035132882674317195,2.7413762401255297e-05,2.7413762401255298e-06,0.00033151217705338,1.5903411163569026e-05,1.590341116356903e-06,100
EU Railways,adap_betweenness,,19700,0.3648485970923233,0.000349476803407677,2.756500493960198e-05,2.756500493960198e-06,0.00032966015371788603,1.664845170759731e-05,1.6648451707597302e-06,100
EU Railways,adap_betweenness,,19750,0.3657746087600704,0.00034762478007218197,2.6954943591281926e-05,2.6954943591281928e-06,0.000328363737383039,1.508844870560589e-05,1.5088448705605897e-06,100
EU Railways,adap_betweenness,,19800,0.3667006204278173,0.00034410593573474396,2.485865282406768e-05,2.4858652824067675e-06,0.00032669691638109494,1.5011328311763547e-05,1.501132831176354e-06,100
EU Railways,adap_betweenness,,19850,0.3676266320955644,0.00034206871006570004,2.475740085030866e-05,2.4757400850308637e-06,0.00032540050004624697,1.562982856583224e-05,1.5629828565832243e-06,100
EU Railways,adap_betweenness,,19900,0.3685526437633114,0.000340587091397304,2.5777561802760783e-05,2.5777561802760772e-06,0.000323918881377852,1.6543024544767447e-05,1.6543024544767457e-06,100
EU Railways,adap_betweenness,,19950,0.3694786554310584,0.000340216686730204,2.5474715300009647e-05,2.547471530000965e-06,0.000322066858042356,1.6416884507265055e-05,1.6416884507265052e-06,100
EU Railways,adap_betweenness,,20000,0.3704046670988054,0.00033836466339470995,2.5091017387074074e-05,2.509101738707408e-06,0.00032058523937396,1.6161651171742304e-05,1.6161651171742307e-06,100
EU Railways,adap_betweenness,,20050,0.3713306787665524,0.000337068247059864,2.5656987208504884e-05,2.5656987208504896e-06,0.00031891841837201597,1.613697933729351e-05,1.6136979337293486e-06,100
EU Railways,adap_betweenness,,20100,0.3722566904342995,0.00033540142605792,2.5642804427141472e-05,2.564280442714147e-06,0.00031743679970361804,1.5126288853734375e-05,1.512628885373437e-06,100
EU Railways,adap_betweenness,,20150,0.3731827021020465,0.00033429021205662497,2.5841995740001648e-05,2.5841995740001657e-06,0.000315214371701024,1.4886173784279587e-05,1.4886173784279579e-06,100
EU Railways,adap_betweenness,,20200,0.3741087137697935,0.000331512177053383,2.3617928048904212e-05,2.36179280489042e-06,0.000313177146031981,1.537054272344951e-05,1.5370542723449525e-06,100
EU Railways,adap_betweenness,,20250,0.3750347254375405,0.000329845356051439,2.320279967712969e-05,2.32027996771297e-06,0.00031243633669778296,1.5271041327509103e-05,1.527104132750912e-06,100
EU Railways,adap_betweenness,,20300,0.3759607371052875,0.000327437725715295,2.4108659649866374e-05,2.4108659649866365e-06,0.000310028706361644,1.592953230542753e-05,1.5929532305427527e-06,100
EU Railways,adap_betweenness,,20350,0.3768867487730345,0.00032540050004624995,2.4018673446070952e-05,2.4018673446070943e-06,0.000307435873691953,1.57941080733761e-05,1.57941080733761e-06,100
EU Railways,adap_betweenness,,20400,0.3778127604407815,0.000324289286044952,2.376344151341558e-05,2.376344151341557e-06,0.000305954255023561,1.632906759057458e-05,1.6329067590574571e-06,100
EU Railways,adap_betweenness,,20450,0.3787387721085286,0.000322807667376558,2.444758668924947e-05,2.444758668924947e-06,0.00030484304102226497,1.5666361132747166e-05,1.5666361132747152e-06,100
EU Railways,adap_betweenness,,20500,0.3796647837762756,0.000321696453375262,2.4924767304639193e-05,2.492476730463921e-06,0.00030336142235387197,1.5964294010272205e-05,1.5964294010272223e-06,100
EU Railways,adap_betweenness,,20550,0.3805907954440226,0.000320585239373965,2.4368095980372787e-05,2.4368095980372796e-06,0.000301879803685478,1.5461563291710815e-05,1.5461563291710812e-06,100
EU Railways,adap_betweenness,,20600,0.3815168071117696,0.000317992406704274,2.413379566072952e-05,2.413379566072952e-06,0.000300027780349986,1.4175645826129031e-05,1.4175645826129038e-06,100
EU Railways,adap_betweenness,,20650,0.3824428187795166,0.000315955181035232,2.4243369965885084e-05,2.42433699658851e-06,0.00029724974534675,1.4267004317313226e-05,1.4267004317313228e-06,100
EU Railways,adap_betweenness,,20700,0.3833688304472636,0.000314473562366839,2.4830762483373472e-05,2.483076248337346e-06,0.00029502731734416197,1.4479128874484982e-05,1.4479128874484984e-06,100
EU Railways,adap_betweenness,,20750,0.3842948421150106,0.000311325122696501,2.4082058767790114e-05,2.4082058767790126e-06,0.000293730901009318,1.5353627847918004e-05,1.5353627847918e-06,100
EU Railways,adap_betweenness,,20800,0.3852208537827576,0.000309843504028107,2.424837132425177e-05,2.424837132425178e-06,0.000291878877673828,1.5376176880259425e-05,1.5376176880259426e-06,100
EU Railways,adap_betweenness,,20850,0.3861468654505047,0.000307806278359066,2.1671782691967238e-05,2.167178269196723e-06,0.000290582461338983,1.458403419327877e-05,1.4584034193278766e-06,100
EU Railways,adap_betweenness,,20900,0.3870728771182516,0.000306695064357771,2.191659750969145e-05,2.191659750969145e-06,0.00028984165200478604,1.4507814645794203e-05,1.45078146457942e-06,100
EU Railways,adap_betweenness,,20950,0.3879988887859987,0.000305028243355826,2.0968954592435378e-05,2.0968954592435376e-06,0.00028798962866929403,1.4507814645798326e-05,1.4507814645798324e-06,100
EU Railways,adap_betweenness,,21000,0.3889249004537457,0.00030410223168808,2.1575648330556083e-05,2.157564833055608e-06,0.000286137605333801,1.5656406159440137e-05,1.5656406159440137e-06,100
EU Railways,adap_betweenness,,21050,0.3898509121214927,0.000302805815353236,2.1606938914086053e-05,2.160693891408605e-06,0.000284841188998954,1.639259681867274e-05,1.6392596818672742e-06,100
EU Railways,adap_betweenness,,21100,0.3907769237892397,0.00030021298268354603,2.1594107236662584e-05,2.159410723666259e-06,0.00028317436799700697,1.6289767731939514e-05,1.6289767731939514e-06,100
EU Railways,adap_betweenness,,21150,0.3917029354569867,0.000297990554680954,2.203877114193693e-05,2.2038771141936923e-06,0.00028169274932861,1.691580188995228e-05,1.6915801889952283e-06,100
EU Railways,adap_betweenness,,21200,0.3926289471247338,0.00029669413834610797,2.2793791589255062e-05,2.279379158925507e-06,0.00028021113066021403,1.6989375859005306e-05,1.6989375859005305e-06,100
EU Railways,adap_betweenness,,21250,0.3935549587924808,0.000295027317344165,2.1747587682563062e-05,2.1747587682563057e-06,0.00027817390499117097,1.600763998746358e-05,1.6007639987463583e-06,100
EU Railways,adap_betweenness,,21300,0.3944809704602278,0.000294101305676418,2.2224280025919325e-05,2.2224280025919327e-06,0.00027669228632277597,1.618842573562157e-05,1.618842573562157e-06,100
EU Railways,adap_betweenness,,21350,0.3954069821279748,0.000292990091675123,2.2395107136106052e-05,2.239510713610605e-06,0.000275581072321479,1.649793524242475e-05,1.6497935242424745e-06,100
EU Railways,adap_betweenness,,21400,0.3963329937957218,0.00029076766367253,2.3322692342642738e-05,2.3322692342642735e-06,0.000274469858320179,1.6933202350321234e-05,1.693320235032122e-06,100
EU Railways,adap_betweenness,,21450,0.3972590054634688,0.000288915640337037,2.2644342491674336e-05,2.2644342491674338e-06,0.000270580609315641,1.74401968153259e-05,1.7440196815325896e-06,100
EU Railways,adap_betweenness,,21500,0.3981850171312158,0.000287989628669289,2.2548513274190357e-05,2.254851327419036e-06,0.000267987776645949,1.7151743671239026e-05,1.7151743671239012e-06,100
EU Railways,adap_betweenness,,21550,0.3991110287989629,0.00028669321233444297,2.2869664882065563e-05,2.2869664882065565e-06,0.00026687656264465,1.6668210019452862e-05,1.6668210019452861e-06,100
EU Railways,adap_betweenness,,21600,0.4000370404667099,0.00028539679599959603,2.2811264793507896e-05,2.281126479350788e-06,0.000264283729974956,1.6195914681610123e-05,1.619591468161012e-06,100
EU Railways,adap_betweenness,,21650,0.4009630521344569,0.000283359570330553,2.2258550331598126e-05,2.2258550331598127e-06,0.00026317251597366103,1.6915801889957027e-05,1.6915801889957026e-06,100
EU Railways,adap_betweenness,,21700,0.4018890638022039,0.000282618760996357,2.304172180479286e-05,2.3041721804792883e-06,0.000262616908973012,1.651892232029175e-05,1.6518922320291748e-06,100
EU Railways,adap_betweenness,,21750,0.4028150754699509,0.000281877951662159,2.2426026807244973e-05,2.2426026807244985e-06,0.000261690897305267,1.6366156276264995e-05,1.6366156276264992e-06,100
EU Railways,adap_betweenness,,21800,0.4037410871376979,0.00028021113066021403,2.3345706575701568e-05,2.334570657570155e-06,0.000259468469302674,1.5902321851510908e-05,1.5902321851510908e-06,100
EU Railways,adap_betweenness,,21850,0.4046670988054449,0.00027909991665891603,2.2986773563577835e-05,2.2986773563577835e-06,0.000257246041300083,1.6416884507257042e-05,1.6416884507257045e-06,100
EU Railways,adap_betweenness,,21900,0.4055931104731919,0.000276692286322775,2.4385861906220563e-05,2.4385861906220567e-06,0.00025446800629684097,1.7185041201838845e-05,1.7185041201838846e-06,100
EU Railways,adap_betweenness,,21950,0.406519122140939,0.000275395869987931,2.5338347341718562e-05,2.5338347341718577e-06,0.000252801185294897,1.733658682329916e-05,1.7336586823299154e-06,100
EU Railways,adap_betweenness,,22000,0.4074451338086859,0.000274099453653085,2.5385477056849846e-05,2.538547705684985e-06,0.000250578757292304,1.653464514721457e-05,1.6534645147214562e-06,100
EU Railways,adap_betweenness,,22050,0.408371145476433,0.000271506620983393,2.472449226101203e-05,2.4724492261012034e-06,0.000247985924622612,1.6833675894995073e-05,1.6833675894995069e-06,100
EU Railways,adap_betweenness,,22100,0.40929715714418,0.00026946939531435,2.4605797718574535e-05,2.460579771857454e-06,0.00024687471062131603,1.6659893586343766e-05,1.6659893586343766e-06,100
EU Railways,adap_betweenness,,22150,0.410223168811927,0.000267432169645306,2.4314720317248602e-05,2.4314720317248614e-06,0.00024557829428647,1.6569182849180817e-05,1.6569182849180817e-06,100
EU Railways,adap_betweenness,,22200,0.411149180479674,0.00026576534864336,2.4179691076354986e-05,2.417969107635499e-06,0.000244281877951623,1.528011368318832e-05,1.528011368318832e-06,100
EU Railways,adap_betweenness,,22250,0.412075192147421,0.000264839336975614,2.4623392141788515e-05,2.462339214178852e-06,0.000242244652282576,1.527671218119684e-05,1.5276712181196843e-06,100
EU Railways,adap_betweenness,,22300,0.4130012038151681,0.00026409852764141503,2.519642926740078e-05,2.5196429267400773e-06,0.000241503842948377,1.51033667480531e-05,1.5103366748053098e-06,100
EU Railways,adap_betweenness,,22350,0.4139272154829151,0.000262061301972371,2.63728238581336e-05,2.63728238581336e-06,0.000240577831280628,1.5460442848006944e-05,1.5460442848006941e-06,100
EU Railways,adap_betweenness,,22400,0.4148532271506621,0.00026057968330397497,2.648817847693471e-05,2.6488178476934705e-06,0.00023872580794513098,1.6204469239029393e-05,1.6204469239029397e-06,100
EU Railways,adap_betweenness,,22450,0.4157792388184091,0.000260024076303327,2.6575017704119135e-05,2.6575017704119136e-06,0.00023798499861093201,1.5876155940175298e-05,1.5876155940175299e-06,100
EU Railways,adap_betweenness,,22500,0.4167052504861561,0.000256320029632337,2.4933800913120923e-05,2.493380091312092e-06,0.000235947772941884,1.571052914016216e-05,1.5710529140162162e-06,100
EU Railways,adap_betweenness,,22550,0.4176312621539031,0.000255023613297491,2.5091017387076788e-05,2.509101738707679e-06,0.000234280951939936,1.520738329290382e-05,1.5207383292903817e-06,100
EU Railways,adap_betweenness,,22600,0.4185572738216501,0.000253356792295544,2.4535999896741232e-05,2.4535999896741226e-06,0.000233169737938638,1.491291508729665e-05,1.4912915087296654e-06,100
EU Railways,adap_betweenness,,22650,0.4194832854893972,0.000251134364292948,2.4738501266777255e-05,2.4738501266777253e-06,0.000232799333271538,1.495004080857164e-05,1.4950040808571642e-06,100
EU Railways,adap_betweenness,,22700,0.4204092971571442,0.0002505787572923,2.5447500169872623e-05,2.5447500169872628e-06,0.000231132512269593,1.5231286234125937e-05,1.5231286234125932e-06,100
EU Railways,adap_betweenness,,22750,0.4213353088248912,0.000249467543291003,2.5310985585101704e-05,2.5310985585101695e-06,0.000230206500601845,1.5180019558100721e-05,1.518001955810072e-06,100
EU Railways,adap_betweenness,,22800,0.4222613204926382,0.00024891193629035296,2.5429113491407166e-05,2.5429113491407165e-06,0.000227984072599253,1.3853022505292857e-05,1.3853022505292863e-06,100
EU Railways,adap_betweenness,,22850,0.4231873321603852,0.000246504305954208,2.65456678087657e-05,2.65456678087657e-06,0.000226317251597309,1.4316700502571256e-05,1.4316700502571255e-06,100
EU Railways,adap_betweenness,,22900,0.4241133438281322,0.000245207889619362,2.7244518507923567e-05,2.724451850792356e-06,0.000225020835262465,1.4267004317339139e-05,1.4267004317339132e-06,100
EU Railways,adap_betweenness,,22950,0.4250393554958792,0.00024372627095096597,2.7193603646556737e-05,2.7193603646556738e-06,0.000222613204926322,1.465158340689748e-05,1.4651583406897479e-06,100
EU Railways,adap_betweenness,,23000,0.4259653671636262,0.00024298546161676899,2.7892989092926e-05,2.7892989092926006e-06,0.000220390776923731,1.5235834923546078e-05,1.5235834923546073e-06,100
EU Railways,adap_betweenness,,23050,0.4268913788313733,0.00024057783128062597,2.7670382851534496e-05,2.7670382851534496e-06,0.00021853875358823698,1.5121707212289666e-05,1.5121707212289669e-06,100
EU Railways,adap_betweenness,,23100,0.4278173904991203,0.000238170200944483,2.6847402864121026e-05,2.6847402864121033e-06,0.000217427539586942,1.5263098592691187e-05,1.5263098592691193e-06,100
EU Railways,adap_betweenness,,23150,0.4287434021668673,0.000236318177608988,2.660107931449418e-05,2.660107931449417e-06,0.000216131123252097,1.4669307817669431e-05,1.4669307817669433e-06,100
EU Railways,adap_betweenness,,23200,0.4296694138346143,0.000233169737938648,2.5534486484045742e-05,2.553448648404574e-06,0.000214649504583703,1.4440792540135435e-05,1.4440792540135443e-06,100
EU Railways,adap_betweenness,,23250,0.4305954255023613,0.00023131771460315197,2.5316460302210688e-05,2.5316460302210696e-06,0.00021353829058240798,1.4286418518266447e-05,1.4286418518266453e-06,100
EU Railways,adap_betweenness,,23300,0.4315214371701083,0.000228354477266364,2.539298240563518e-05,2.5392982405635183e-06,0.00021242707658111298,1.3539347593573545e-05,1.3539347593573542e-06,100
EU Railways,adap_betweenness,,23350,0.4324474488378553,0.000225761644596672,2.4368095980380085e-05,2.436809598038007e-06,0.00020946383924432498,1.2540329521153315e-05,1.2540329521153312e-06,100
EU Railways,adap_betweenness,,23400,0.4333734605056024,0.000224835632928925,2.3984751297680528e-05,2.3984751297680534e-06,0.000208537827576579,1.1953310075692145e-05,1.1953310075692146e-06,100
EU Railways,adap_betweenness,,23450,0.4342994721733494,0.00022205759792568298,2.2566944048974086e-05,2.2566944048974093e-06,0.000207241411241735,1.13816857307319e-05,1.1381685730731902e-06,100
EU Railways,adap_betweenness,,23500,0.4352254838410964,0.00022113158625793598,2.19954968847172e-05,2.19954968847172e-06,0.00020687100657463699,1.1490748825532483e-05,1.1490748825532481e-06,100
EU Railways,adap_betweenness,,23550,0.4361514955088434,0.000219094360588893,2.1394232121696493e-05,2.139423212169649e-06,0.00020538938790624399,1.0883746243952393e-05,1.0883746243952394e-06,100
EU Railways,adap_betweenness,,23600,0.4370775071765904,0.00021761274192049997,2.17666966451976e-05,2.1766696645197597e-06,0.00020427817390495,1.1308392653580136e-05,1.1308392653580136e-06,100
EU Railways,adap_betweenness,,23650,0.4380035188443374,0.000216686730252754,2.1626973168669756e-05,2.1626973168669756e-06,0.000202611352903008,1.141967290572884e-05,1.1419672905728841e-06,100
EU Railways,adap_betweenness,,23700,0.4389295305120844,0.00021427909991661402,2.110072215790892e-05,2.110072215790892e-06,0.000200944531901067,1.1882085243419823e-05,1.1882085243419823e-06,100
EU Railways,adap_betweenness,,23750,0.4398555421798314,0.000213167885915318,2.0132755887156222e-05,2.013275588715623e-06,0.00020020372256687,1.1682124964210103e-05,1.16821249642101e-06,100
EU Railways,adap_betweenness,,23800,0.4407815538475785,0.000211871469580475,2.027423266950363e-05,2.0274232669503635e-06,0.00019872210389847798,1.0807076692474694e-05,1.080707669247469e-06,100
EU Railways,adap_betweenness,,23850,0.4417075655153255,0.00021038985091208098,1.9789960693214308e-05,1.97899606932143e-06,0.00019742568756363397,9.57104994645046e-06,9.571049946450463e-07,100
EU Railways,adap_betweenness,,23900,0.4426335771830725,0.000209093434577238,2.0269960002351964e-05,2.0269960002351958e-06,0.000196499675895889,9.81235225426668e-06,9.812352254266677e-07,100
EU Railways,adap_betweenness,,23950,0.4435595888508195,0.00020668580424109797,1.947228419439034e-05,1.9472284194390333e-06,0.00019483285489394798,1.0016780012638478e-05,1.0016780012638472e-06,100
EU Railways,adap_betweenness,,24000,0.4444856005185665,0.000205574590239802,1.9253990182481842e-05,1.9253990182481843e-06,0.000194092045559751,1.0356889273720781e-05,1.0356889273720781e-06,100
EU Railways,adap_betweenness,,24050,0.4454116121863135,0.00020483378090560602,1.9490068730193257e-05,1.949006873019326e-06,0.00019335123622555398,1.0634178165593917e-05,1.0634178165593919e-06,100
EU Railways,adap_betweenness,,24100,0.4463376238540605,0.000202796555236567,1.9939084060513433e-05,1.9939084060513445e-06,0.000190573201222319,9.230136455739269e-06,9.230136455739267e-07,100
EU Railways,adap_betweenness,,24150,0.4472636355218076,0.00020094453190107401,1.7926100063891832e-05,1.792610006389183e-06,0.000189647189554574,8.778013585314647e-06,8.778013585314647e-07,100
EU Railways,adap_betweenness,,24200,0.4481896471895546,0.00019724048523008902,1.4977824708874177e-05,1.497782470887418e-06,0.00018798036855263,8.87809029429973e-06,8.87809029429973e-07,100
EU Railways,adap_betweenness,,24250,0.4491156588573016,0.000194462450226849,1.3550857927512997e-05,1.3550857927513007e-06,0.000186683952217783,9.373536650076248e-06,9.373536650076249e-07,100
EU Railways,adap_betweenness,,24300,0.4500416705250486,0.00019409204555974997,1.354574343104015e-05,1.354574343104015e-06,0.000185943142883584,9.82117552039677e-06,9.821175520396774e-07,100
EU Railways,adap_betweenness,,24350,0.4509676821927956,0.00019335123622555398,1.3245724129547115e-05,1.324572412954711e-06,0.000184831928882285,1.0522822446088894e-05,1.0522822446088897e-06,100
EU Railways,adap_betweenness,,24400,0.4518936938605426,0.00019168441522360898,1.402205899944827e-05,1.402205899944827e-06,0.000183905917214539,9.93865158161636e-06,9.938651581616367e-07,100
EU Railways,adap_betweenness,,24450,0.4528197055282896,0.000190017594221665,1.2239726115079875e-05,1.2239726115079874e-06,0.000182053893879041,1.0547487271980053e-05,1.054748727198005e-06,100
EU Railways,adap_betweenness,,24500,0.4537457171960367,0.000189276784887467,1.2228398277288301e-05,1.2228398277288303e-06,0.00018057227521064498,9.980396189217973e-06,9.980396189217975e-07,100
EU Railways,adap_betweenness,,24550,0.4546717288637837,0.00018723955921842302,1.2317322988952836e-05,1.2317322988952832e-06,0.000179090656542247,9.868684843470724e-06,9.86868484347073e-07,100
EU Railways,adap_betweenness,,24600,0.4555977405315307,0.00018520233354937798,1.2624313563496704e-05,1.2624313563496705e-06,0.000177794240207397,1.0195052922762084e-05,1.0195052922762093e-06,100
EU Railways,adap_betweenness,,24650,0.4565237521992777,0.000185017131215829,1.2484951332632994e-05,1.2484951332633e-06,0.000177238633206748,9.938651581633133e-06,9.938651581633136e-07,100
EU Railways,adap_betweenness,,24700,0.4574497638670247,0.00018427632188163098,1.2451606199421703e-05,1.2451606199421703e-06,0.000175942216871899,9.671876430569882e-06,9.671876430569882e-07,100
EU Railways,adap_betweenness,,24750,0.4583757755347717,0.00018279470321323402,1.2529273464785493e-05,1.2529273464785488e-06,0.0001733493842022,8.934496737215991e-06,8.934496737215989e-07,100
EU Railways,adap_betweenness,,24800,0.4593017872025187,0.000180572275210639,1.2170177621512783e-05,1.2170177621512782e-06,0.00017205296786734997,8.446115780600778e-06,8.446115780600779e-07,100
EU Railways,adap_betweenness,,24850,0.4602277988702657,0.000179461061209341,1.1975028905468147e-05,1.197502890546815e-06,0.0001714973608667,8.16453379531863e-06,8.164533795318631e-07,100
EU Railways,adap_betweenness,,24900,0.4611538105380128,0.000177979442540942,1.2032754132289514e-05,1.2032754132289516e-06,0.00017020094453185,7.302106572922194e-06,7.302106572922193e-07,100
EU Railways,adap_betweenness,,24950,0.4620798222057597,0.00017723863320674198,1.2135967637830627e-05,1.2135967637830628e-06,0.00016946013519765003,6.646361353528918e-06,6.646361353528918e-07,100
EU Railways,adap_betweenness,,25000,0.4630058338735068,0.000176683026206093,1.189519932767242e-05,1.1895199327672417e-06,0.000168719325863451,6.391249323137279e-06,6.391249323137279e-07,100
EU Railways,adap_betweenness,,25050,0.4639318455412538,0.000175201407537694,1.2182981599408296e-05,1.21829815994083e-06,0.00016723770719505402,6.148104384565475e-06,6.148104384565472e-07,100
EU Railways,adap_betweenness,,25100,0.4648578572090008,0.000174275395869944,1.2090203750532288e-05,1.209020375053229e-06,0.000166126493193756,5.5560700064804005e-06,5.556070006480402e-07,100
EU Railways,adap_betweenness,,25150,0.4657838688767478,0.000172793777201547,1.2078735686530626e-05,1.2078735686530626e-06,0.000165941290860207,5.838837739132491e-06,5.838837739132494e-07,100
EU Railways,adap_betweenness,,25200,0.4667098805444948,0.000171682563200248,1.1430286691537612e-05,1.1430286691537613e-06,0.00016538568385956,6.583510188991141e-06,6.583510188991141e-07,100
EU Railways,adap_betweenness,,25250,0.4676358922122419,0.000171312158533149,1.1586832014234673e-05,1.1586832014234675e-06,0.000164644874525363,6.9121155601342394e-06,6.912115560134239e-07,100
EU Railways,adap_betweenness,,25300,0.4685619038799889,0.00017094175386604901,1.1430286691535469e-05,1.1430286691535468e-06,0.000164089267524716,7.454714905609991e-06,7.454714905609987e-07,100
EU Railways,adap_betweenness,,25350,0.4694879155477359,0.00016927493286410602,1.1174323710597908e-05,1.1174323710597909e-06,0.000163348458190519,7.620191127669276e-06,7.620191127669271e-07,100
EU Railways,adap_betweenness,,25400,0.4704139272154829,0.00016797851652926,1.0934560625841192e-05,1.0934560625841193e-06,0.000162237244189225,8.374022265163764e-06,8.374022265163765e-07,100
EU Railways,adap_betweenness,,25450,0.4713399388832299,0.00016723770719506402,1.0997748442362067e-05,1.0997748442362066e-06,0.000161866839522127,8.578396452758006e-06,8.578396452757999e-07,100
EU Railways,adap_betweenness,,25500,0.4722659505509769,0.00016686730252796398,1.0691041489920936e-05,1.0691041489920931e-06,0.000159644411519539,9.410425956919117e-06,9.410425956919114e-07,100
EU Railways,adap_betweenness,,25550,0.4731919622187239,0.000165941290860218,1.0503048881893585e-05,1.0503048881893579e-06,0.00015871839985179403,9.583711267235108e-06,9.583711267235106e-07,100
EU Railways,adap_betweenness,,25600,0.474117973886471,0.00016538568385956998,1.061297990545478e-05,1.0612979905454778e-06,0.000158162792851147,9.643176437191049e-06,9.643176437191051e-07,100
EU Railways,adap_betweenness,,25650,0.475043985554218,0.000164459672191823,1.0621138089380485e-05,1.062113808938049e-06,0.000157421983516951,9.671876430523466e-06,9.671876430523464e-07,100
EU Railways,adap_betweenness,,25700,0.475969997221965,0.000163348458190526,1.0323382588462173e-05,1.0323382588462176e-06,0.00015575516251501,9.525693564077153e-06,9.525693564077155e-07,100
EU Railways,adap_betweenness,,25750,0.476896008889712,0.000162422446522781,1.080707669248779e-05,1.0807076692487791e-06,0.000154458746180167,9.201941288176522e-06,9.201941288176525e-07,100
EU Railways,adap_betweenness,,25800,0.477822020557459,0.000162237244189232,1.0891701618343603e-05,1.0891701618343604e-06,0.000153532734512422,8.846815550528384e-06,8.846815550528385e-07,100
EU Railways,adap_betweenness,,25850,0.478748032225206,0.00016057042318728701,1.0213726751069327e-05,1.0213726751069328e-06,0.00015279192517822602,8.47886865490472e-06,8.478868654904722e-07,100
EU Railways,adap_betweenness,,25900,0.479674043892953,0.000159459209185993,1.0494798901119905e-05,1.049479890111991e-06,0.000151680711176932,7.762089538794893e-06,7.762089538794891e-07,100
EU Railways,adap_betweenness,,25950,0.4806000555607,0.00015779238818405,1.0016780012643999e-05,1.0016780012643996e-06,0.000150569497175638,6.79075223013515e-06,6.79075223013515e-07,100
EU Railways,adap_betweenness,,26000,0.4815260672284471,0.00015594036484856,9.912471928826465e-06,9.912471928826467e-07,0.000149828687841441,5.326854176572571e-06,5.32685417657257e-07,100
EU Railways,adap_betweenness,,26050,0.482452078896194,0.000155569960181462,9.84935685669936e-06,9.84935685669936e-07,0.000149643485507891,5.694646650872227e-06,5.694646650872227e-07,100
EU Railways,adap_betweenness,,26100,0.4833780905639411,0.000154458746180167,9.201941288176522e-06,9.201941288176525e-07,0.000149458283174341,6.034346095646695e-06,6.034346095646697e-07,100
EU Railways,adap_betweenness,,26150,0.4843041022316881,0.00015279192517822501,8.0598970254338e-06,8.059897025433803e-07,0.00014871747384014402,5.556070006480405e-06,5.556070006480406e-07,100
EU Railways,adap_betweenness,,26200,0.4852301138994351,0.00015223631817757702,8.14754203118753e-06,8.147542031187528e-07,0.000147791462172395,6.437162120601693e-06,6.437162120601695e-07,100
EU Railways,adap_betweenness,,26250,0.4861561255671821,0.00015168071117692902,8.196298409328085e-06,8.196298409328085e-07,0.000147235855171748,5.505957866577555e-06,5.505957866577558e-07,100
EU Railways,adap_betweenness,,26300,0.4870821372349291,0.000150013890174987,7.208991056215902e-06,7.2089910562159e-07,0.000145383831836249,7.148663710664972e-06,7.148663710664974e-07,100
EU Railways,adap_betweenness,,26350,0.4880081489026762,0.000149273080840789,7.3611765094136995e-06,7.361176509413697e-07,0.00014464302250204902,7.76208953882958e-06,7.76208953882958e-07,100
EU Railways,adap_betweenness,,26400,0.4889341605704232,0.00014908787850723902,7.617917461771872e-06,7.617917461771871e-07,0.000144087415501399,8.147542031225925e-06,8.147542031225924e-07,100
EU Railways,adap_betweenness,,26450,0.4898601722381702,0.000147606259838842,8.09421286781568e-06,8.094212867815687e-07,0.000141679785165249,9.26011667749728e-06,9.26011667749728e-07,100
EU Railways,adap_betweenness,,26500,0.4907861839059172,0.000146495045837544,8.363672462367308e-06,8.363672462367312e-07,0.0001403833688304,9.186868483201376e-06,9.186868483201377e-07,100
EU Railways,adap_betweenness,,26550,0.4917121955736642,0.000145939438836894,8.840939219421353e-06,8.840939219421355e-07,0.00013945735716265,9.290000149054725e-06,9.290000149054728e-07,100
EU Railways,adap_betweenness,,26600,0.4926382072414113,0.000145754236503344,8.986694825348882e-06,8.986694825348884e-07,0.00013908695249555,9.304905894940497e-06,9.304905894940495e-07,100
EU Railways,adap_betweenness,,26650,0.4935642189091582,0.00014501342716914399,9.51113384056272e-06,9.511133840562715e-07,0.00013760533382715,9.21510976864243e-06,9.215109768642432e-07,100
EU Railways,adap_betweenness,,26700,0.4944902305769053,0.000143531808500745,9.980396189217983e-06,9.980396189217984e-07,0.0001363089174923,8.934496737216005e-06,8.934496737216002e-07,100
EU Railways,adap_betweenness,,26750,0.4954162422446523,0.00014316140383364498,1.0145657170676113e-05,1.014565717067611e-06,0.00013612371515875,8.878090294335558e-06,8.878090294335562e-07,100
EU Railways,adap_betweenness,,26800,0.4963422539123993,0.000142420594499446,1.0090870906313639e-05,1.0090870906313635e-06,0.00013464209649035,8.263654844706232e-06,8.263654844706233e-07,100
EU Railways,adap_betweenness,,26850,0.4972682655801463,0.000142420594499446,1.0090870906313639e-05,1.0090870906313635e-06,0.00013371608482259999,7.71058801545643e-06,7.710588015456423e-07,100
EU Railways,adap_betweenness,,26900,0.4981942772478933,0.000141124178164596,1.0456765155198373e-05,1.0456765155198369e-06,0.00013353088248905,7.581446073555944e-06,7.581446073555938e-07,100
EU Railways,adap_betweenness,,26950,0.4991202889156403,0.000140383368830396,1.0588467639539733e-05,1.0588467639539737e-06,0.00013260487082129998,6.823834599104714e-06,6.823834599104717e-07,100
EU Railways,adap_betweenness,,27000,0.5000463005833874,0.000139642559496197,1.033679829602278e-05,1.0336798296022785e-06,0.00013204926382065,6.259795703134022e-06,6.259795703134021e-07,100
EU Railways,adap_betweenness,,27050,0.5009723122511344,0.000138901750161997,1.0363577611094453e-05,1.036357761109445e-06,0.00013186406148709998,6.048682884936457e-06,6.048682884936457e-07,100
EU Railways,adap_betweenness,,27100,0.5018983239188813,0.000137790536160698,9.961284959557897e-06,9.961284959557899e-07,0.00013112325215289998,5.049725425412916e-06,5.049725425412915e-07,100
EU Railways,adap_betweenness,,27150,0.5028243355866284,0.000137420131493599,9.556559325098032e-06,9.556559325098031e-07,0.00013056764515225098,4.83593821528233e-06,4.835938215282336e-07,100
EU Railways,adap_betweenness,,27200,0.5037503472543754,0.000137049726826499,9.4910777514959e-06,9.491077751495901e-07,0.000130382442818701,4.498163951108655e-06,4.4981639511086606e-07,100
EU Railways,adap_betweenness,,27250,0.5046763589221224,0.000135938512825199,9.201941288219469e-06,9.201941288219469e-07,0.000130197240485151,4.124483810613572e-06,4.124483810613571e-07,100
EU Railways,adap_betweenness,,27300,0.5056023705898695,0.00013575331049164898,9.13960575335495e-06,9.139605753354954e-07,0.000130197240485151,4.124483810613572e-06,4.124483810613571e-07,100
EU Railways,adap_betweenness,,27350,0.5065283822576164,0.000135568108158099,9.073024327401214e-06,9.073024327401217e-07,0.00013001203815160098,3.7040466709948475e-06,3.704046670994851e-07,100
EU Railways,adap_betweenness,,27400,0.5074543939253635,0.000135382905824549,9.002102800368608e-06,9.00210280036861e-07,0.000129826835818052,4.157948730833259e-06,4.1579487308332627e-07,100
EU Railways,adap_betweenness,,27450,0.5083804055931105,0.000134456894156799,8.578396452797784e-06,8.578396452797786e-07,0.000128530419483208,5.779195340463422e-06,5.779195340463419e-07,100
EU Railways,adap_betweenness,,27500,0.5093064172608575,0.000133901287156149,8.263654844702227e-06,8.263654844702227e-07,0.000127789610149012,6.711205438823643e-06,6.711205438823641e-07,100
EU Railways,adap_betweenness,,27550,0.5102324289286045,0.00013371608482259898,8.147542031224637e-06,8.147542031224637e-07,0.000127419205481914,7.102472235435995e-06,7.102472235435994e-07,100
EU Railways,adap_betweenness,,27600,0.5111584405963515,0.000132975275488402,8.06204604484759e-06,8.062046044847592e-07,0.000126493193814168,7.4709637196353996e-06,7.470963719635403e-07,100
EU Railways,adap_betweenness,,27650,0.5120844522640985,0.000132049263820655,8.592520600932885e-06,8.592520600932894e-07,0.00012612278914706998,7.762089538793397e-06,7.762089538793399e-07,100
EU Railways,adap_betweenness,,27700,0.5130104639318456,0.000131864061487105,8.439960466436202e-06,8.439960466436209e-07,0.00012556718214642298,8.147542031187524e-06,8.147542031187528e-07,100
EU Railways,adap_betweenness,,27750,0.5139364755995925,0.00013093804981936,9.583711267263186e-06,9.583711267263181e-07,0.00012464117047867798,8.672788767069696e-06,8.672788767069701e-07,100
EU Railways,adap_betweenness,,27800,0.5148624872673395,0.000130382442818712,9.82117552040227e-06,9.821175520402267e-07,0.00012315955181028601,9.260116677452723e-06,9.260116677452726e-07,100
EU Railways,adap_betweenness,,27850,0.5157884989350866,0.000129826835818064,1.002196691903572e-05,1.0021966919035716e-06,0.000122233540142541,9.491077751450558e-06,9.491077751450558e-07,100
EU Railways,adap_betweenness,,27900,0.5167145106028336,0.000129086026483866,1.000812919490616e-05,1.000812919490616e-06,0.00012149273080834499,9.60718087880881e-06,9.60718087880881e-07,100
EU Railways,adap_betweenness,,27950,0.5176405222705807,0.000128345217149668,9.938651581607018e-06,9.938651581607018e-07,0.0001205667191406,9.670085176423354e-06,9.67008517642335e-07,100
EU Railways,adap_betweenness,,28000,0.5185665339383276,0.000127419205481922,1.0289766795568479e-05,1.028976679556848e-06,0.000119825909806404,9.655743180875598e-06,9.655743180875598e-07,100
EU Railways,adap_betweenness,,28050,0.5194925456060746,0.00012593758681352798,1.0529405382251053e-05,1.052940538225106e-06,0.00011815908880446299,9.410425956919591e-06,9.410425956919592e-07,100
EU Railways,adap_betweenness,,28100,0.5204185572738217,0.000125196777479332,1.0891701618343605e-05,1.089170161834361e-06,0.00011723307713671698,8.752320819043117e-06,8.752320819043119e-07,100
EU Railways,adap_betweenness,,28150,0.5213445689415687,0.000124085563478036,1.069266171291985e-05,1.0692661712919848e-06,0.00011667747013607,8.529793248834832e-06,8.529793248834832e-07,100
EU Railways,adap_betweenness,,28200,0.5222705806093156,0.000123344754143839,1.060154790099498e-05,1.060154790099498e-06,0.000115751458468325,8.059897025433805e-06,8.059897025433803e-07,100
EU Railways,adap_betweenness,,28250,0.5231965922770627,0.00012260394480964298,1.0783005662463416e-05,1.078300566246342e-06,0.000115566256134776,7.94952673377154e-06,7.949526733771542e-07,100
EU Railways,adap_betweenness,,28300,0.5241226039448097,0.000122233540142545,1.0853462641486536e-05,1.0853462641486536e-06,0.000114455042133482,7.1510865758779405e-06,7.151086575877941e-07,100
EU Railways,adap_betweenness,,28350,0.5250486156125567,0.000120381516807053,1.0363577611054732e-05,1.0363577611054733e-06,0.00011389943513283498,6.646361353493034e-06,6.646361353493033e-07,100
EU Railways,adap_betweenness,,28400,0.5259746272803038,0.00011927030280575798,9.961284959515821e-06,9.961284959515822e-07,0.000113158625798639,5.823984401047065e-06,5.823984401047065e-07,100
EU Railways,adap_betweenness,,28450,0.5269006389480507,0.000118899898138659,9.556559325052612e-06,9.55655932505261e-07,0.000112788221131541,5.32685417657257e-06,5.32685417657257e-07,100
EU Railways,adap_betweenness,,28500,0.5278266506157978,0.00011815908880446299,9.410425956919594e-06,9.410425956919591e-07,0.000112788221131541,5.32685417657257e-06,5.32685417657257e-07,100
EU Railways,adap_betweenness,,28550,0.5287526622835448,0.000116492267802521,8.446115780555177e-06,8.446115780555179e-07,0.00011260301879799199,5.049725425385644e-06,5.049725425385643e-07,100
EU Railways,adap_betweenness,,28600,0.5296786739512918,0.00011630706546897198,8.35745642843285e-06,8.357456428432848e-07,0.00011204741179734498,4.05672587382376e-06,4.0567258738237605e-07,100
EU Railways,adap_betweenness,,28650,0.5306046856190388,0.00011593666080187399,8.164533795274553e-06,8.164533795274552e-07,0.00011186220946379599,3.6474930191036955e-06,3.647493019103696e-07,100
EU Railways,adap_betweenness,,28700,0.5315306972867858,0.000115751458468325,8.0598970254338e-06,8.059897025433803e-07,0.000111677007130247,4.124483810595903e-06,4.124483810595905e-07,100
EU Railways,adap_betweenness,,28750,0.5324567089545328,0.00011519585146767802,8.147542031184686e-06,8.147542031184688e-07,0.000111677007130247,4.124483810595903e-06,4.124483810595905e-07,100
EU Railways,adap_betweenness,,28800,0.5333827206222799,0.00011482544680058,7.897054036675461e-06,7.897054036675461e-07,0.000111491804796698,3.704046670979927e-06,3.7040466709799284e-07,100
EU Railways,adap_betweenness,,28850,0.5343087322900268,0.00011482544680058,7.897054036675461e-06,7.897054036675461e-07,0.00011112140012960002,3.722706973819759e-06,3.722706973819759e-07,100
EU Railways,adap_betweenness,,28900,0.5352347439577739,0.00011445504213348201,7.620191127666336e-06,7.620191127666336e-07,0.00011112140012960002,3.722706973819759e-06,3.722706973819759e-07,100
EU Railways,adap_betweenness,,28950,0.5361607556255209,0.00011389943513283503,7.617917461756322e-06,7.617917461756319e-07,0.00011056579312895305,4.89291736189458e-06,4.89291736189458e-07,100
EU Railways,adap_betweenness,,29000,0.5370867672932679,0.00011334382813218802,7.102472235430012e-06,7.102472235430011e-07,0.00010982498379475711,6.034346095639705e-06,6.034346095639705e-07,100
EU Railways,adap_betweenness,,29050,0.538012778961015,0.00011297342346509004,7.208991056207217e-06,7.208991056207217e-07,0.00010908417446056118,6.9121155601278045e-06,6.912115560127804e-07,100
EU Railways,adap_betweenness,,29100,0.5389387906287619,0.00011297342346509004,7.208991056207217e-06,7.208991056207217e-07,0.00010852856745991421,7.4547149056037966e-06,7.454714905603794e-07,100
EU Railways,adap_betweenness,,29150,0.5398648022965089,0.00011297342346509004,7.208991056207217e-06,7.208991056207217e-07,0.00010704694879152231,8.147542031184161e-06,8.147542031184161e-07,100
EU Railways,adap_betweenness,,29200,0.540790813964256,0.00011204741179734508,7.617917461756187e-06,7.617917461756185e-07,0.00010649134179087535,8.478868654900271e-06,8.47886865490027e-07,100
EU Railways,adap_betweenness,,29250,0.541716825632003,0.00011130660246314912,8.111316347755626e-06,8.111316347755626e-07,0.00010630613945732636,8.578396452754657e-06,8.578396452754657e-07,100
EU Railways,adap_betweenness,,29300,0.5426428372997499,0.00011056579312895318,8.909255252939754e-06,8.909255252939752e-07,0.0001057505324566794,8.446115780554554e-06,8.446115780554556e-07,100
EU Railways,adap_betweenness,,29350,0.543568848967497,0.00011038059079540417,8.698716444543793e-06,8.698716444543793e-07,0.00010463931845538549,8.878090294286962e-06,8.878090294286961e-07,100
EU Railways,adap_betweenness,,29400,0.544494860635244,0.00010945457912765921,8.363672462336359e-06,8.363672462336358e-07,0.00010408371145473852,9.0347575000179e-06,9.034757500017897e-07,100
EU Railways,adap_betweenness,,29450,0.5454208723029911,0.0001092693767941102,8.113451747647094e-06,8.113451747647097e-07,0.00010371330678764054,9.118732547758569e-06,9.118732547758565e-07,100
EU Railways,adap_betweenness,,29500,0.546346883970738,0.00010778775812571828,8.480911509683606e-06,8.480911509683604e-07,0.0001029724974534446,9.239515724951147e-06,9.239515724951145e-07,100
EU Railways,adap_betweenness,,29550,0.547272895638485,0.0001074173534586203,8.730521729604175e-06,8.730521729604173e-07,0.00010204648578569966,9.304905894889558e-06,9.304905894889557e-07,100
EU Railways,adap_betweenness,,29600,0.5481989073062321,0.00010723215112507131,8.84681555052422e-06,8.846815550524221e-07,0.00010130567645150372,9.290000149003872e-06,9.290000149003869e-07,100
EU Railways,adap_betweenness,,29650,0.5491249189739791,0.00010649134179087535,8.87809029428703e-06,8.878090294287033e-07,0.00010000926011666082,9.118732547758569e-06,9.118732547758567e-07,100
EU Railways,adap_betweenness,,29700,0.550050930641726,0.00010593573479022839,8.762211567840992e-06,8.76221156784099e-07,9.945365311601387e-05,8.986694825313801e-06,8.986694825313803e-07,100
EU Railways,adap_betweenness,,29750,0.5509769423094731,0.00010500972312248344,8.75232081904247e-06,8.752320819042472e-07,9.871284378181791e-05,8.752320819042468e-06,8.75232081904247e-07,100
EU Railways,adap_betweenness,,29800,0.5519029539772201,0.00010463931845538549,8.878090294286959e-06,8.878090294286961e-07,9.778683211407297e-05,8.357456428432232e-06,8.35745642843223e-07,100
EU Railways,adap_betweenness,,29850,0.5528289656449671,0.0001044541161218365,8.934496737167092e-06,8.93449673716709e-07,9.760162978052398e-05,8.263654844660995e-06,8.263654844660993e-07,100
EU Railways,adap_betweenness,,29900,0.5537549773127142,0.00010352810445409156,9.154756374156847e-06,9.154756374156846e-07,9.667561811277906e-05,7.710588015414212e-06,7.710588015414213e-07,100
EU Railways,adap_betweenness,,29950,0.5546809889804611,0.00010241689045279764,9.290000149003869e-06,9.290000149003872e-07,9.593480877858312e-05,7.15108657587741e-06,7.151086575877412e-07,100
EU Railways,adap_betweenness,,30000,0.5556070006482082,0.00010149087878505271,9.299319040050919e-06,9.299319040050916e-07,9.519399944438718e-05,6.458655209167383e-06,6.458655209167384e-07,100
EU Railways,adap_betweenness,,30050,0.5565330123159552,0.00010019446245020981,9.154756374156845e-06,9.154756374156846e-07,9.500879711083819e-05,6.2597957030997525e-06,6.259795703099752e-07,100
EU Railways,adap_betweenness,,30100,0.5574590239837022,9.963885544956284e-05,9.0347575000179e-06,9.034757500017897e-07,9.463839244374021e-05,5.823984401046637e-06,5.823984401046635e-07,100
EU Railways,adap_betweenness,,30150,0.5583850356514493,9.908324844891589e-05,8.878090294286959e-06,8.878090294286961e-07,9.426798777664224e-05,5.326854176572179e-06,5.326854176572176e-07,100
EU Railways,adap_betweenness,,30200,0.5593110473191962,9.852764144826893e-05,8.682770113178937e-06,8.682770113178933e-07,9.389758310954426e-05,4.7491878873167175e-06,4.7491878873167174e-07,100
EU Railways,adap_betweenness,,30250,0.5602370589869432,9.815723678117095e-05,8.5297932488342e-06,8.529793248834201e-07,9.371238077599527e-05,4.420469609693588e-06,4.4204696096935885e-07,100
EU Railways,adap_betweenness,,30300,0.5611630706546903,9.797203444762196e-05,8.446115780554557e-06,8.446115780554556e-07,9.371238077599527e-05,4.420469609693588e-06,4.4204696096935885e-07,100
EU Railways,adap_betweenness,,30350,0.5620890823224373,9.760162978052398e-05,8.263654844660997e-06,8.263654844660993e-07,9.352717844244629e-05,4.056725873823461e-06,4.056725873823461e-07,100
EU Railways,adap_betweenness,,30400,0.5630150939901842,9.723122511342603e-05,8.059897025433207e-06,8.059897025433208e-07,9.334197610889732e-05,3.6474930191034274e-06,3.647493019103427e-07,100
EU Railways,adap_betweenness,,30450,0.5639411056579313,9.723122511342603e-05,8.059897025433207e-06,8.059897025433208e-07,9.315677377534833e-05,3.175231188024444e-06,3.175231188024442e-07,100
EU Railways,adap_betweenness,,30500,0.5648671173256783,9.686082044632805e-05,7.833180566361694e-06,7.833180566361694e-07,9.297157144179892e-05,3.7040466709818714e-06,3.7040466709818713e-07,100
EU Railways,adap_betweenness,,30550,0.5657931289934254,9.667561811277906e-05,7.710588015414215e-06,7.710588015414213e-07,9.278636910824951e-05,4.1579487308233745e-06,4.1579487308233747e-07,100
EU Railways,adap_betweenness,,30600,0.5667191406611723,9.630521344568068e-05,7.8970540366761e-06,7.8970540366761e-07,9.260116677470053e-05,3.722706973823808e-06,3.722706973823807e-07,100
EU Railways,adap_betweenness,,30650,0.5676451523289193,9.556440411148472e-05,7.3139587257455566e-06,7.313958725745551e-07,9.241596444115112e-05,4.157948730825156e-06,4.157948730825155e-07,100
EU Railways,adap_betweenness,,30700,0.5685711639966664,9.556440411148472e-05,7.3139587257455566e-06,7.313958725745551e-07,9.241596444115112e-05,4.157948730825156e-06,4.157948730825155e-07,100
EU Railways,adap_betweenness,,30750,0.5694971756644134,9.537920177793575e-05,7.148663710630103e-06,7.148663710630103e-07,9.241596444115112e-05,4.157948730825156e-06,4.157948730825155e-07,100
EU Railways,adap_betweenness,,30800,0.5704231873321604,9.500879711083777e-05,6.790752230130793e-06,6.790752230130795e-07,9.223076210760215e-05,3.704046670985908e-06,3.704046670985909e-07,100
EU Railways,adap_betweenness,,30850,0.5713491989999074,9.500879711083777e-05,6.790752230130793e-06,6.790752230130795e-07,9.204555977405316e-05,3.175231188031582e-06,3.175231188031582e-07,100
EU Railways,adap_betweenness,,30900,0.5722752106676544,9.445319011019039e-05,6.711205438819563e-06,6.711205438819566e-07,9.186035744050375e-05,3.6474930191116296e-06,3.64749301911163e-07,100
EU Railways,adap_betweenness,,30950,0.5732012223354014,9.426798777664142e-05,6.498763161665736e-06,6.498763161665737e-07,9.148995277340495e-05,4.420469609703529e-06,4.4204696097035306e-07,100
EU Railways,adap_betweenness,,31000,0.5741272340031485,9.389758310954344e-05,6.034346095642378e-06,6.034346095642379e-07,9.074914343920734e-05,5.584060460741987e-06,5.584060460741989e-07,100
EU Railways,adap_betweenness,,31050,0.5750532456708954,9.352717844244504e-05,6.102855531207148e-06,6.102855531207147e-07,9.056394110565793e-05,5.8239844010597295e-06,5.823984401059731e-07,100
EU Railways,adap_betweenness,,31100,0.5759792573386425,9.315677377534667e-05,6.148104384549583e-06,6.148104384549582e-07,8.889712010371331e-05,7.445413947655984e-06,7.445413947655985e-07,100
EU Railways,adap_betweenness,,31150,0.5769052690063895,9.278636910824827e-05,6.170604384303922e-06,6.170604384303922e-07,8.79711084359663e-05,8.059897025451333e-06,8.059897025451332e-07,100
EU Railways,adap_betweenness,,31200,0.5778312806741365,9.241596444114987e-05,6.170604384305047e-06,6.170604384305048e-07,8.704509676821927e-05,8.52979324885338e-06,8.529793248853382e-07,100
EU Railways,adap_betweenness,,31250,0.5787572923418836,9.204555977405108e-05,6.687933995625044e-06,6.68793399562504e-07,8.574868043337347e-05,8.98669482533401e-06,8.986694825334011e-07,100
EU Railways,adap_betweenness,,31300,0.5796833040096305,9.167515510695227e-05,7.148663710639203e-06,7.148663710639202e-07,8.537827576627466e-05,9.078750439859197e-06,9.078750439859199e-07,100
EU Railways,adap_betweenness,,31350,0.5806093156773775,9.111954810630449e-05,7.294986038218642e-06,7.294986038218645e-07,8.463746643207705e-05,9.215109768612705e-06,9.215109768612706e-07,100
EU Railways,adap_betweenness,,31400,0.5815353273451246,9.056394110565626e-05,7.8508527390146e-06,7.850852739014598e-07,8.408185943142884e-05,9.276937975035338e-06,9.276937975035342e-07,100
EU Railways,adap_betweenness,,31450,0.5824613390128716,9.000833410500807e-05,8.332545921685444e-06,8.332545921685441e-07,8.334105009723123e-05,9.306767434569983e-06,9.306767434569983e-07,100
EU Railways,adap_betweenness,,31500,0.5833873506806185,8.963792943790925e-05,8.618689753178328e-06,8.618689753178327e-07,8.260024076303363e-05,9.27693797503534e-06,9.276937975035338e-07,100
EU Railways,adap_betweenness,,31550,0.5843133623483656,8.945272710435984e-05,8.752320819057987e-06,8.752320819057985e-07,8.222983609593481e-05,9.239515724971921e-06,9.23951572497192e-07,100
EU Railways,adap_betweenness,,31600,0.5852393740161126,8.926752477081045e-05,8.880041308565275e-06,8.880041308565277e-07,8.16742290952866e-05,9.154756374177428e-06,9.154756374177432e-07,100
EU Railways,adap_betweenness,,31650,0.5861653856838597,8.889712010371164e-05,9.118732547774973e-06,9.118732547774972e-07,8.093341976108899e-05,8.98669482533401e-06,8.986694825334006e-07,100
EU Railways,adap_betweenness,,31700,0.5870913973516066,8.834151310306343e-05,9.437998315924885e-06,9.437998315924883e-07,7.982220575979257e-05,8.608634108931045e-06,8.608634108931047e-07,100
EU Railways,adap_betweenness,,31750,0.5880174090193536,8.778590610241523e-05,9.714767445511336e-06,9.714767445511335e-07,7.945180109269376e-05,8.446115780573548e-06,8.446115780573549e-07,100
EU Railways,adap_betweenness,,31800,0.5889434206871007,8.667469210111881e-05,1.0154190822736459e-05,1.0154190822736455e-06,7.889619409204556e-05,8.164533795292309e-06,8.164533795292307e-07,100
EU Railways,adap_betweenness,,31850,0.5898694323548477,8.611908510047102e-05,9.980396189194346e-06,9.980396189194347e-07,7.815538475784795e-05,7.710588015431549e-06,7.710588015431552e-07,100
EU Railways,adap_betweenness,,31900,0.5907954440225947,8.59338827669216e-05,1.0030605802553811e-05,1.0030605802553812e-06,7.722937309010093e-05,6.991854209994201e-06,6.991854209994201e-07,100
EU Railways,adap_betweenness,,31950,0.5917214556903417,8.519307343272401e-05,1.0195052922733714e-05,1.019505292273372e-06,7.685896842300214e-05,6.64636135350749e-06,6.646361353507487e-07,100
EU Railways,adap_betweenness,,32000,0.5926474673580887,8.408185943142759e-05,1.0336798295994071e-05,1.033679829599407e-06,7.648856375590332e-05,6.259795703113832e-06,6.259795703113829e-07,100
EU Railways,adap_betweenness,,32050,0.5935734790258357,8.371145476432879e-05,1.0356889273737295e-05,1.0356889273737294e-06,7.611815908880451e-05,5.823984401059734e-06,5.823984401059732e-07,100
EU Railways,adap_betweenness,,32100,0.5944994906935828,8.222983609593356e-05,1.030322627391109e-05,1.0303226273911093e-06,7.574775442170572e-05,5.326854176584157e-06,5.326854176584154e-07,100
EU Railways,adap_betweenness,,32150,0.5954255023613297,8.185943142883476e-05,1.025604082219361e-05,1.025604082219361e-06,7.574775442170572e-05,5.326854176584157e-06,5.326854176584154e-07,100
EU Railways,adap_betweenness,,32200,0.5963515140290768,8.111862209463715e-05,1.0120013038721957e-05,1.0120013038721955e-06,7.556255208815631e-05,5.049725425396627e-06,5.049725425396625e-07,100
EU Railways,adap_betweenness,,32250,0.5972775256968238,8.111862209463715e-05,1.0120013038721957e-05,1.0120013038721955e-06,7.556255208815631e-05,5.049725425396627e-06,5.049725425396625e-07,100
EU Railways,adap_betweenness,,32300,0.5982035373645708,8.093341976108774e-05,1.0077127800275742e-05,1.0077127800275742e-06,7.537734975460692e-05,4.7491878873273986e-06,4.749187887327398e-07,100
EU Railways,adap_betweenness,,32350,0.5991295490323179,8.037781276043954e-05,9.926443002620022e-06,9.926443002620021e-07,7.50069450875081e-05,4.056725873832585e-06,4.0567258738325834e-07,100
EU Railways,adap_betweenness,,32400,0.6000555607000648,8.000740809334115e-05,9.447171219554962e-06,9.447171219554962e-07,7.50069450875081e-05,4.056725873832585e-06,4.0567258738325834e-07,100
EU Railways,adap_betweenness,,32450,0.6009815723678118,7.871099175849533e-05,8.878090294303854e-06,8.878090294303851e-07,7.50069450875081e-05,4.056725873832585e-06,4.0567258738325834e-07,100
EU Railways,adap_betweenness,,32500,0.6019075840355589,7.852578942494592e-05,8.778013585325329e-06,8.778013585325331e-07,7.48217427539587e-05,3.647493019111629e-06,3.6474930191116286e-07,100
EU Railways,adap_betweenness,,32550,0.6028335957033059,7.797018242429813e-05,8.025434453805714e-06,8.025434453805716e-07,7.48217427539587e-05,3.647493019111629e-06,3.6474930191116286e-07,100
EU Railways,adap_betweenness,,32600,0.6037596073710528,7.778498009074872e-05,7.897054036690898e-06,7.897054036690899e-07,7.48217427539587e-05,3.647493019111629e-06,3.6474930191116286e-07,100
EU Railways,adap_betweenness,,32650,0.6046856190387999,7.759977775719974e-05,7.30210657289865e-06,7.302106572898651e-07,7.44513380868599e-05,2.605894881679595e-06,2.605894881679595e-07,100
EU Railways,adap_betweenness,,32700,0.6056116307065469,7.741457542365034e-05,7.151086575893494e-06,7.151086575893493e-07,7.44513380868599e-05,2.605894881679595e-06,2.605894881679595e-07,100
EU Railways,adap_betweenness,,32750,0.606537642374294,7.704417075655153e-05,6.8238345990827065e-06,6.823834599082706e-07,7.42661357533105e-05,1.8520233354940274e-06,1.8520233354940276e-07,100
EU Railways,adap_betweenness,,32800,0.607463654042041,7.685896842300214e-05,6.6463613535074866e-06,6.646361353507487e-07,7.42661357533105e-05,1.8520233354940274e-06,1.8520233354940276e-07,100
EU Railways,adap_betweenness,,32850,0.6083896657097879,7.685896842300214e-05,6.6463613535074866e-06,6.646361353507487e-07,7.42661357533105e-05,1.8520233354940274e-06,1.8520233354940276e-07,100
EU Railways,adap_betweenness,,32900,0.609315677377535,7.630336142235392e-05,6.048682884916946e-06,6.048682884916946e-07,7.408093341976109e-05,2.6323513455642247e-06,2.6323513455642245e-07,100
EU Railways,adap_betweenness,,32950,0.610241689045282,7.593295675525512e-05,5.584060460741989e-06,5.584060460741987e-07,7.408093341976109e-05,2.6323513455642247e-06,2.6323513455642245e-07,100
EU Railways,adap_betweenness,,33000,0.611167700713029,7.556255208815631e-05,5.049725425396624e-06,5.049725425396626e-07,7.389573108621168e-05,1.8520233354940289e-06,1.852023335494028e-07,100
EU Railways,adap_betweenness,,33050,0.612093712380776,7.537734975460692e-05,4.749187887327398e-06,4.7491878873273984e-07,7.389573108621168e-05,1.8520233354940289e-06,1.852023335494028e-07,100
EU Railways,adap_betweenness,,33100,0.613019724048523,7.537734975460692e-05,4.749187887327398e-06,4.7491878873273984e-07,7.371052875266228e-05,2.6058948816795905e-06,2.6058948816795946e-07,100
EU Railways,adap_betweenness,,33150,0.61394573571627,7.51921474210575e-05,4.420469609703529e-06,4.420469609703529e-07,7.352532641911289e-05,3.1752311880315848e-06,3.175231188031583e-07,100
EU Railways,adap_betweenness,,33200,0.6148717473840171,7.50069450875081e-05,4.056725873832587e-06,4.0567258738325834e-07,7.315492175201408e-05,4.056725873832583e-06,4.056725873832585e-07,100
EU Railways,adap_betweenness,,33250,0.615797759051764,7.48217427539587e-05,3.6474930191116284e-06,3.647493019111629e-07,7.278451708491526e-05,4.7491878873273986e-06,4.7491878873273984e-07,100
EU Railways,adap_betweenness,,33300,0.6167237707195111,7.48217427539587e-05,3.6474930191116284e-06,3.647493019111629e-07,7.148810075006945e-05,6.458655209181909e-06,6.458655209181906e-07,100
EU Railways,adap_betweenness,,33350,0.6176497823872581,7.44513380868599e-05,4.544142971711111e-06,4.54414297171111e-07,7.037688674877303e-05,7.445413947655981e-06,7.445413947655985e-07,100
EU Railways,adap_betweenness,,33400,0.6185757940550051,7.42661357533105e-05,4.15794873082894e-06,4.1579487308289397e-07,7.019168441522363e-05,7.5814460735314815e-06,7.581446073531484e-07,100
EU Railways,adap_betweenness,,33450,0.6195018057227522,7.42661357533105e-05,4.15794873082894e-06,4.1579487308289397e-07,6.963607741457542e-05,7.949526733788835e-06,7.949526733788832e-07,100
EU Railways,adap_betweenness,,33500,0.6204278173904991,7.352532641911289e-05,5.556070006482082e-06,5.556070006482083e-07,6.926567274747662e-05,8.164533795292309e-06,8.164533795292307e-07,100
EU Railways,adap_betweenness,,33550,0.6213538290582461,7.352532641911289e-05,5.556070006482082e-06,5.556070006482083e-07,6.852486341327901e-05,8.529793248853384e-06,8.529793248853382e-07,100
EU Railways,adap_betweenness,,33600,0.6222798407259932,7.278451708491526e-05,6.58351018899634e-06,6.583510188996338e-07,6.7598851745532e-05,8.87809029430692e-06,8.878090294306924e-07,100
EU Railways,adap_betweenness,,33650,0.6232058523937402,7.259931475136587e-05,6.8034952554829125e-06,6.803495255482911e-07,6.72284470784332e-05,8.986694825334008e-06,8.986694825334008e-07,100
EU Railways,adap_betweenness,,33700,0.6241318640614871,7.241411241781646e-05,7.0116471843692615e-06,7.011647184369261e-07,6.685804241133438e-05,9.078750439859195e-06,9.078750439859199e-07,100
EU Railways,adap_betweenness,,33750,0.6250578757292342,7.167330308361885e-05,7.283103010236087e-06,7.283103010236086e-07,6.611723307713678e-05,9.215109768612708e-06,9.215109768612706e-07,100
EU Railways,adap_betweenness,,33800,0.6259838873969812,7.148810075006945e-05,7.4547149056204806e-06,7.454714905620477e-07,6.556162607648856e-05,9.276937975035338e-06,9.276937975035338e-07,100
EU Railways,adap_betweenness,,33850,0.6269098990647283,7.130289841652004e-05,7.617917461772963e-06,7.617917461772965e-07,6.500601907584036e-05,9.304905894910482e-06,9.304905894910482e-07,100
EU Railways,adap_betweenness,,33900,0.6278359107324752,7.111769608297065e-05,7.77324036992462e-06,7.773240369924616e-07,6.352440040744514e-05,9.215109768612703e-06,9.215109768612706e-07,100
EU Railways,adap_betweenness,,33950,0.6287619224002222,7.056208908232243e-05,8.196298409340474e-06,8.196298409340477e-07,6.259838873969812e-05,9.034757500038215e-06,9.034757500038215e-07,100
EU Railways,adap_betweenness,,34000,0.6296879340679693,7.019168441522363e-05,8.446115780573548e-06,8.446115780573549e-07,6.20427817390499e-05,8.878090294306924e-06,8.878090294306924e-07,100
EU Railways,adap_betweenness,,34050,0.6306139457357163,6.963607741457542e-05,8.778013585328454e-06,8.778013585328453e-07,6.14871747384017e-05,8.68277011319846e-06,8.682770113198459e-07,100
EU Railways,adap_betweenness,,34100,0.6315399574034632,6.871006574682842e-05,9.230136455754109e-06,9.230136455754112e-07,6.056116307065469e-05,8.263654844679577e-06,8.263654844679577e-07,100
EU Railways,adap_betweenness,,34150,0.6324659690712103,6.833966107972961e-05,9.379079295668553e-06,9.379079295668556e-07,6.000555607000648e-05,7.949526733788833e-06,7.949526733788832e-07,100
EU Railways,adap_betweenness,,34200,0.6333919807389573,6.77840540790814e-05,9.571049946471276e-06,9.571049946471277e-07,6.000555607000648e-05,7.949526733788833e-06,7.949526733788832e-07,100
EU Railways,adap_betweenness,,34250,0.6343179924067043,6.741364941198259e-05,9.679038131952785e-06,9.67903813195278e-07,5.944994906935827e-05,7.581446073531484e-06,7.581446073531483e-07,100
EU Railways,adap_betweenness,,34300,0.6352440040744514,6.704324474488378e-05,9.77166261684696e-06,9.77166261684696e-07,5.944994906935827e-05,7.581446073531484e-06,7.581446073531483e-07,100
EU Railways,adap_betweenness,,34350,0.6361700157421983,6.685804241133438e-05,9.812352254288018e-06,9.812352254288018e-07,5.926474673580886e-05,7.445413947655984e-06,7.445413947655985e-07,100
EU Railways,adap_betweenness,,34400,0.6370960274099454,6.630243541068617e-05,9.912471928842064e-06,9.912471928842063e-07,5.9079544402259466e-05,7.30210657289865e-06,7.302106572898651e-07,100
EU Railways,adap_betweenness,,34450,0.6380220390776924,6.593203074358737e-05,9.961284959531627e-06,9.961284959531626e-07,5.8894342068710064e-05,7.151086575893494e-06,7.151086575893494e-07,100
EU Railways,adap_betweenness,,34500,0.6389480507454394,6.556162607648856e-05,9.99600547246951e-06,9.996005472469509e-07,5.8709139735160654e-05,6.991854209994199e-06,6.991854209994204e-07,100
EU Railways,adap_betweenness,,34550,0.6398740624131865,6.537642374293915e-05,1.00081291949029e-05,1.0008129194902893e-06,5.8153532734512446e-05,6.458655209181907e-06,6.458655209181906e-07,100
EU Railways,adap_betweenness,,34600,0.6408000740809334,6.537642374293915e-05,1.00081291949029e-05,1.0008129194902893e-06,5.778312806741365e-05,6.048682884916947e-06,6.048682884916946e-07,100
EU Railways,adap_betweenness,,34650,0.6417260857486804,6.500601907584036e-05,1.0021966919029787e-05,1.0021966919029787e-06,5.778312806741365e-05,6.048682884916947e-06,6.048682884916946e-07,100
EU Railways,adap_betweenness,,34700,0.6426520974164275,6.482081674229095e-05,1.0023695291366349e-05,1.0023695291366347e-06,5.778312806741365e-05,6.048682884916947e-06,6.048682884916946e-07,100
EU Railways,adap_betweenness,,34750,0.6435781090841745,6.482081674229095e-05,1.0023695291366349e-05,1.0023695291366347e-06,5.778312806741365e-05,6.048682884916947e-06,6.048682884916946e-07,100
EU Railways,adap_betweenness,,34800,0.6445041207519214,6.463561440874154e-05,1.002196691902979e-05,1.0021966919029787e-06,5.759792573386425e-05,5.823984401059731e-06,5.823984401059732e-07,100
EU Railways,adap_betweenness,,34850,0.6454301324196685,6.463561440874154e-05,1.002196691902979e-05,1.0021966919029787e-06,5.722752106676544e-05,5.326854176584154e-06,5.326854176584154e-07,100
EU Railways,adap_betweenness,,34900,0.6463561440874155,6.445041207519215e-05,1.0016780012660257e-05,1.0016780012660257e-06,5.722752106676544e-05,5.326854176584154e-06,5.326854176584154e-07,100
EU Railways,adap_betweenness,,34950,0.6472821557551626,6.445041207519215e-05,1.0016780012660257e-05,1.0016780012660257e-06,5.722752106676544e-05,5.326854176584154e-06,5.326854176584154e-07,100
EU Railways,adap_betweenness,,35000,0.6482081674229095,6.408000740809334e-05,9.996005472469509e-06,9.99600547246951e-07,5.722752106676544e-05,5.326854176584154e-06,5.326854176584154e-07,100
EU Railways,adap_betweenness,,35050,0.6491341790906565,6.370960274099454e-05,9.961284959531625e-06,9.961284959531626e-07,5.722752106676544e-05,5.326854176584154e-06,5.326854176584154e-07,100
EU Railways,adap_betweenness,,35100,0.6500601907584036,6.352440040744514e-05,9.938651581606474e-06,9.938651581606478e-07,5.722752106676544e-05,5.326854176584154e-06,5.326854176584154e-07,100
EU Railways,adap_betweenness,,35150,0.6509862024261506,6.352440040744514e-05,9.938651581606474e-06,9.938651581606478e-07,5.722752106676544e-05,5.326854176584154e-06,5.326854176584154e-07,100
EU Railways,adap_betweenness,,35200,0.6519122140938975,6.352440040744514e-05,9.938651581606474e-06,9.938651581606478e-07,5.722752106676544e-05,5.326854176584154e-06,5.326854176584154e-07,100
EU Railways,adap_betweenness,,35250,0.6528382257616446,6.333919807389573e-05,9.91247192884206e-06,9.912471928842063e-07,5.722752106676544e-05,5.326854176584154e-06,5.326854176584154e-07,100
EU Railways,adap_betweenness,,35300,0.6537642374293916,6.315399574034632e-05,9.88271781867366e-06,9.882717818673661e-07,5.722752106676544e-05,5.326854176584154e-06,5.326854176584154e-07,100
EU Railways,adap_betweenness,,35350,0.6546902490971386,6.296879340679692e-05,9.849356856714704e-06,9.849356856714708e-07,5.704231873321604e-05,5.049725425396624e-06,5.049725425396625e-07,100
EU Railways,adap_betweenness,,35400,0.6556162607648857,6.296879340679692e-05,9.849356856714704e-06,9.849356856714708e-07,5.704231873321604e-05,5.049725425396624e-06,5.049725425396625e-07,100
EU Railways,adap_betweenness,,35450,0.6565422724326326,6.296879340679692e-05,9.849356856714704e-06,9.849356856714708e-07,5.704231873321604e-05,5.049725425396624e-06,5.049725425396625e-07,100
EU Railways,adap_betweenness,,35500,0.6574682841003797,6.296879340679692e-05,9.849356856714704e-06,9.849356856714708e-07,5.704231873321604e-05,5.049725425396624e-06,5.049725425396625e-07,100
EU Railways,adap_betweenness,,35550,0.6583942957681267,6.296879340679692e-05,9.849356856714704e-06,9.849356856714708e-07,5.704231873321604e-05,5.049725425396624e-06,5.049725425396625e-07,100
EU Railways,adap_betweenness,,35600,0.6593203074358737,6.296879340679692e-05,9.849356856714704e-06,9.849356856714708e-07,5.704231873321604e-05,5.049725425396624e-06,5.049725425396625e-07,100
EU Railways,adap_betweenness,,35650,0.6602463191036207,6.296879340679692e-05,9.849356856714704e-06,9.849356856714708e-07,5.704231873321604e-05,5.049725425396624e-06,5.049725425396625e-07,100
EU Railways,adap_betweenness,,35700,0.6611723307713677,6.278359107324753e-05,9.812352254288018e-06,9.812352254288018e-07,5.704231873321604e-05,5.049725425396624e-06,5.049725425396625e-07,100
EU Railways,adap_betweenness,,35750,0.6620983424391147,6.278359107324753e-05,9.812352254288018e-06,9.812352254288018e-07,5.685711639966663e-05,4.7491878873273986e-06,4.749187887327398e-07,100
EU Railways,adap_betweenness,,35800,0.6630243541068618,6.259838873969812e-05,9.771662616846957e-06,9.771662616846957e-07,5.685711639966663e-05,4.7491878873273986e-06,4.749187887327398e-07,100
EU Railways,adap_betweenness,,35850,0.6639503657746088,6.241318640614872e-05,9.727241700331734e-06,9.727241700331739e-07,5.667191406611723e-05,4.420469609703529e-06,4.420469609703529e-07,100
EU Railways,adap_betweenness,,35900,0.6648763774423557,6.222798407259931e-05,9.679038131952777e-06,9.679038131952778e-07,5.667191406611723e-05,4.420469609703529e-06,4.420469609703529e-07,100
EU Railways,adap_betweenness,,35950,0.6658023891101028,6.222798407259931e-05,9.679038131952777e-06,9.679038131952778e-07,5.667191406611723e-05,4.420469609703529e-06,4.420469609703529e-07,100
EU Railways,adap_betweenness,,36000,0.6667284007778498,6.222798407259931e-05,9.679038131952777e-06,9.679038131952778e-07,5.667191406611723e-05,4.420469609703529e-06,4.420469609703529e-07,100
EU Railways,adap_betweenness,,36050,0.6676544124455969,6.185757940550051e-05,9.201941288193163e-06,9.201941288193163e-07,5.6486711732567835e-05,4.056725873832583e-06,4.056725873832584e-07,100
EU Railways,adap_betweenness,,36100,0.6685804241133438,6.185757940550051e-05,9.201941288193163e-06,9.201941288193163e-07,5.6486711732567835e-05,4.056725873832583e-06,4.056725873832584e-07,100
EU Railways,adap_betweenness,,36150,0.6695064357810908,6.167237707195111e-05,9.139605753328892e-06,9.139605753328894e-07,5.6486711732567835e-05,4.056725873832583e-06,4.056725873832584e-07,100
EU Railways,adap_betweenness,,36200,0.6704324474488379,6.167237707195111e-05,9.139605753328892e-06,9.139605753328894e-07,5.6486711732567835e-05,4.056725873832583e-06,4.056725873832584e-07,100
EU Railways,adap_betweenness,,36250,0.6713584591165849,6.167237707195111e-05,9.139605753328892e-06,9.139605753328894e-07,5.6486711732567835e-05,4.056725873832583e-06,4.056725873832584e-07,100
EU Railways,adap_betweenness,,36300,0.6722844707843318,6.13019724048523e-05,8.608634108931048e-06,8.608634108931045e-07,5.6486711732567835e-05,4.056725873832583e-06,4.056725873832584e-07,100
EU Railways,adap_betweenness,,36350,0.6732104824520789,6.13019724048523e-05,8.608634108931048e-06,8.608634108931045e-07,5.6486711732567835e-05,4.056725873832583e-06,4.056725873832584e-07,100
EU Railways,adap_betweenness,,36400,0.6741364941198259,6.11167700713029e-05,8.529793248853382e-06,8.529793248853382e-07,5.6486711732567835e-05,4.056725873832583e-06,4.056725873832584e-07,100
EU Railways,adap_betweenness,,36450,0.6750625057875729,6.11167700713029e-05,8.529793248853382e-06,8.529793248853382e-07,5.6486711732567835e-05,4.056725873832583e-06,4.056725873832584e-07,100
EU Railways,adap_betweenness,,36500,0.67598851745532,6.11167700713029e-05,8.529793248853382e-06,8.529793248853382e-07,5.6486711732567835e-05,4.056725873832583e-06,4.056725873832584e-07,100
EU Railways,adap_betweenness,,36550,0.6769145291230669,6.11167700713029e-05,8.529793248853382e-06,8.529793248853382e-07,5.6301509399018425e-05,3.647493019111628e-06,3.6474930191116296e-07,100
EU Railways,adap_betweenness,,36600,0.677840540790814,6.0931567737753494e-05,8.446115780573551e-06,8.446115780573547e-07,5.6301509399018425e-05,3.647493019111628e-06,3.6474930191116296e-07,100
EU Railways,adap_betweenness,,36650,0.678766552458561,6.0931567737753494e-05,8.446115780573551e-06,8.446115780573547e-07,5.6301509399018425e-05,3.647493019111628e-06,3.6474930191116296e-07,100
EU Railways,adap_betweenness,,36700,0.679692564126308,6.0931567737753494e-05,8.446115780573551e-06,8.446115780573547e-07,5.6301509399018425e-05,3.647493019111628e-06,3.6474930191116296e-07,100
EU Railways,adap_betweenness,,36750,0.680618575794055,6.0931567737753494e-05,8.446115780573551e-06,8.446115780573547e-07,5.6301509399018425e-05,3.647493019111628e-06,3.6474930191116296e-07,100
EU Railways,adap_betweenness,,36800,0.681544587461802,6.074636540420409e-05,8.357456428451024e-06,8.357456428451025e-07,5.6301509399018425e-05,3.647493019111628e-06,3.6474930191116296e-07,100
EU Railways,adap_betweenness,,36850,0.682470599129549,6.074636540420409e-05,8.357456428451024e-06,8.357456428451025e-07,5.611630706546902e-05,3.175231188031584e-06,3.175231188031582e-07,100
EU Railways,adap_betweenness,,36900,0.6833966107972961,6.074636540420409e-05,8.357456428451024e-06,8.357456428451025e-07,5.611630706546902e-05,3.175231188031584e-06,3.175231188031582e-07,100
EU Railways,adap_betweenness,,36950,0.684322622465043,6.074636540420409e-05,8.357456428451024e-06,8.357456428451025e-07,5.611630706546902e-05,3.175231188031584e-06,3.175231188031582e-07,100
EU Railways,adap_betweenness,,37000,0.6852486341327901,6.056116307065469e-05,8.263654844679577e-06,8.263654844679577e-07,5.611630706546902e-05,3.175231188031584e-06,3.175231188031582e-07,100
EU Railways,adap_betweenness,,37050,0.6861746458005371,6.056116307065469e-05,8.263654844679577e-06,8.263654844679577e-07,5.611630706546902e-05,3.175231188031584e-06,3.175231188031582e-07,100
EU Railways,adap_betweenness,,37100,0.6871006574682841,6.056116307065469e-05,8.263654844679577e-06,8.263654844679577e-07,5.611630706546902e-05,3.175231188031584e-06,3.175231188031582e-07,100
EU Railways,adap_betweenness,,37150,0.6880266691360312,6.0375960737105286e-05,8.164533795292307e-06,8.164533795292309e-07,5.611630706546902e-05,3.175231188031584e-06,3.175231188031582e-07,100
EU Railways,adap_betweenness,,37200,0.6889526808037781,6.0375960737105286e-05,8.164533795292307e-06,8.164533795292309e-07,5.611630706546902e-05,3.175231188031584e-06,3.175231188031582e-07,100
EU Railways,adap_betweenness,,37250,0.6898786924715251,6.019075840355588e-05,8.059897025451332e-06,8.059897025451332e-07,5.611630706546902e-05,3.175231188031584e-06,3.175231188031582e-07,100
EU Railways,adap_betweenness,,37300,0.6908047041392722,6.019075840355588e-05,8.059897025451332e-06,8.059897025451332e-07,5.611630706546902e-05,3.175231188031584e-06,3.175231188031582e-07,100
EU Railways,adap_betweenness,,37350,0.6917307158070192,6.000555607000648e-05,7.949526733788832e-06,7.949526733788832e-07,5.611630706546902e-05,3.175231188031584e-06,3.175231188031582e-07,100
EU Railways,adap_betweenness,,37400,0.6926567274747661,6.000555607000648e-05,7.949526733788832e-06,7.949526733788832e-07,5.611630706546902e-05,3.175231188031584e-06,3.175231188031582e-07,100
EU Railways,adap_betweenness,,37450,0.6935827391425132,6.000555607000648e-05,7.949526733788832e-06,7.949526733788832e-07,5.593110473191962e-05,2.6058948816795956e-06,2.6058948816795946e-07,100
EU Railways,adap_betweenness,,37500,0.6945087508102602,6.000555607000648e-05,7.949526733788832e-06,7.949526733788832e-07,5.593110473191962e-05,2.6058948816795956e-06,2.6058948816795946e-07,100
EU Railways,adap_betweenness,,37550,0.6954347624780073,6.000555607000648e-05,7.949526733788832e-06,7.949526733788832e-07,5.593110473191962e-05,2.6058948816795956e-06,2.6058948816795946e-07,100
EU Railways,adap_betweenness,,37600,0.6963607741457543,6.000555607000648e-05,7.949526733788832e-06,7.949526733788832e-07,5.593110473191962e-05,2.6058948816795956e-06,2.6058948816795946e-07,100
EU Railways,adap_betweenness,,37650,0.6972867858135012,5.982035373645707e-05,7.833180566379309e-06,7.833180566379308e-07,5.593110473191962e-05,2.6058948816795956e-06,2.6058948816795946e-07,100
EU Railways,adap_betweenness,,37700,0.6982127974812483,5.9635151402907675e-05,7.710588015431554e-06,7.710588015431552e-07,5.593110473191962e-05,2.6058948816795956e-06,2.6058948816795946e-07,100
EU Railways,adap_betweenness,,37750,0.6991388091489953,5.9635151402907675e-05,7.710588015431554e-06,7.710588015431552e-07,5.593110473191962e-05,2.6058948816795956e-06,2.6058948816795946e-07,100
EU Railways,adap_betweenness,,37800,0.7000648208167423,5.9635151402907675e-05,7.710588015431554e-06,7.710588015431552e-07,5.593110473191962e-05,2.6058948816795956e-06,2.6058948816795946e-07,100
EU Railways,adap_betweenness,,37850,0.7009908324844893,5.9635151402907675e-05,7.710588015431554e-06,7.710588015431552e-07,5.593110473191962e-05,2.6058948816795956e-06,2.6058948816795946e-07,100
EU Railways,adap_betweenness,,37900,0.7019168441522363,5.9635151402907675e-05,7.710588015431554e-06,7.710588015431552e-07,5.593110473191962e-05,2.6058948816795956e-06,2.6058948816795946e-07,100
EU Railways,adap_betweenness,,37950,0.7028428558199833,5.944994906935827e-05,7.581446073531483e-06,7.581446073531483e-07,5.593110473191962e-05,2.6058948816795956e-06,2.6058948816795946e-07,100
EU Railways,adap_betweenness,,38000,0.7037688674877304,5.944994906935827e-05,7.581446073531483e-06,7.581446073531483e-07,5.593110473191962e-05,2.6058948816795956e-06,2.6058948816795946e-07,100
EU Railways,adap_betweenness,,38050,0.7046948791554773,5.944994906935827e-05,7.581446073531483e-06,7.581446073531483e-07,5.593110473191962e-05,2.6058948816795956e-06,2.6058948816795946e-07,100
EU Railways,adap_betweenness,,38100,0.7056208908232244,5.926474673580886e-05,7.445413947655985e-06,7.445413947655985e-07,5.593110473191962e-05,2.6058948816795956e-06,2.6058948816795946e-07,100
EU Railways,adap_betweenness,,38150,0.7065469024909714,5.926474673580886e-05,7.445413947655985e-06,7.445413947655985e-07,5.593110473191962e-05,2.6058948816795956e-06,2.6058948816795946e-07,100
EU Railways,adap_betweenness,,38200,0.7074729141587184,5.926474673580886e-05,7.445413947655985e-06,7.445413947655985e-07,5.593110473191962e-05,2.6058948816795956e-06,2.6058948816795946e-07,100
EU Railways,adap_betweenness,,38250,0.7083989258264655,5.9079544402259466e-05,7.30210657289865e-06,7.302106572898652e-07,5.593110473191962e-05,2.6058948816795956e-06,2.6058948816795946e-07,100
EU Railways,adap_betweenness,,38300,0.7093249374942124,5.9079544402259466e-05,7.30210657289865e-06,7.302106572898652e-07,5.593110473191962e-05,2.6058948816795956e-06,2.6058948816795946e-07,100
EU Railways,adap_betweenness,,38350,0.7102509491619594,5.9079544402259466e-05,7.30210657289865e-06,7.302106572898652e-07,5.593110473191962e-05,2.6058948816795956e-06,2.6058948816795946e-07,100
EU Railways,adap_betweenness,,38400,0.7111769608297065,5.8894342068710064e-05,7.1510865758934945e-06,7.151086575893494e-07,5.593110473191962e-05,2.6058948816795956e-06,2.6058948816795946e-07,100
EU Railways,adap_betweenness,,38450,0.7121029724974535,5.8894342068710064e-05,7.1510865758934945e-06,7.151086575893494e-07,5.593110473191962e-05,2.6058948816795956e-06,2.6058948816795946e-07,100
EU Railways,adap_betweenness,,38500,0.7130289841652004,5.8894342068710064e-05,7.1510865758934945e-06,7.151086575893494e-07,5.593110473191962e-05,2.6058948816795956e-06,2.6058948816795946e-07,100
EU Railways,adap_betweenness,,38550,0.7139549958329475,5.8894342068710064e-05,7.1510865758934945e-06,7.151086575893494e-07,5.593110473191962e-05,2.6058948816795956e-06,2.6058948816795946e-07,100
EU Railways,adap_betweenness,,38600,0.7148810075006945,5.8894342068710064e-05,7.1510865758934945e-06,7.151086575893494e-07,5.593110473191962e-05,2.6058948816795956e-06,2.6058948816795946e-07,100
EU Railways,adap_betweenness,,38650,0.7158070191684416,5.8894342068710064e-05,7.1510865758934945e-06,7.151086575893494e-07,5.593110473191962e-05,2.6058948816795956e-06,2.6058948816795946e-07,100
EU Railways,adap_betweenness,,38700,0.7167330308361886,5.8709139735160654e-05,6.991854209994203e-06,6.991854209994204e-07,5.593110473191962e-05,2.6058948816795956e-06,2.6058948816795946e-07,100
EU Railways,adap_betweenness,,38750,0.7176590425039355,5.852393740161126e-05,6.823834599082705e-06,6.823834599082706e-07,5.593110473191962e-05,2.6058948816795956e-06,2.6058948816795946e-07,100
EU Railways,adap_betweenness,,38800,0.7185850541716826,5.852393740161126e-05,6.823834599082705e-06,6.823834599082706e-07,5.593110473191962e-05,2.6058948816795956e-06,2.6058948816795946e-07,100
EU Railways,adap_betweenness,,38850,0.7195110658394296,5.852393740161126e-05,6.823834599082705e-06,6.823834599082706e-07,5.593110473191962e-05,2.6058948816795956e-06,2.6058948816795946e-07,100
EU Railways,adap_betweenness,,38900,0.7204370775071766,5.852393740161126e-05,6.823834599082705e-06,6.823834599082706e-07,5.593110473191962e-05,2.6058948816795956e-06,2.6058948816795946e-07,100
EU Railways,adap_betweenness,,38950,0.7213630891749236,5.852393740161126e-05,6.823834599082705e-06,6.823834599082706e-07,5.574590239837022e-05,1.8520233354940274e-06,1.8520233354940276e-07,100
EU Railways,adap_betweenness,,39000,0.7222891008426706,5.852393740161126e-05,6.823834599082705e-06,6.823834599082706e-07,5.574590239837022e-05,1.8520233354940274e-06,1.8520233354940276e-07,100
EU Railways,adap_betweenness,,39050,0.7232151125104176,5.852393740161126e-05,6.823834599082705e-06,6.823834599082706e-07,5.574590239837022e-05,1.8520233354940274e-06,1.8520233354940276e-07,100
EU Railways,adap_betweenness,,39100,0.7241411241781647,5.852393740161126e-05,6.823834599082705e-06,6.823834599082706e-07,5.574590239837022e-05,1.8520233354940274e-06,1.8520233354940276e-07,100
EU Railways,adap_betweenness,,39150,0.7250671358459116,5.852393740161126e-05,6.823834599082705e-06,6.823834599082706e-07,5.574590239837022e-05,1.8520233354940274e-06,1.8520233354940276e-07,100
EU Railways,adap_betweenness,,39200,0.7259931475136587,5.852393740161126e-05,6.823834599082705e-06,6.823834599082706e-07,5.574590239837022e-05,1.8520233354940274e-06,1.8520233354940276e-07,100
EU Railways,adap_betweenness,,39250,0.7269191591814057,5.852393740161126e-05,6.823834599082705e-06,6.823834599082706e-07,5.574590239837022e-05,1.8520233354940274e-06,1.8520233354940276e-07,100
EU Railways,adap_betweenness,,39300,0.7278451708491527,5.852393740161126e-05,6.823834599082705e-06,6.823834599082706e-07,5.574590239837022e-05,1.8520233354940274e-06,1.8520233354940276e-07,100
EU Railways,adap_betweenness,,39350,0.7287711825168998,5.852393740161126e-05,6.823834599082705e-06,6.823834599082706e-07,5.574590239837022e-05,1.8520233354940274e-06,1.8520233354940276e-07,100
EU Railways,adap_betweenness,,39400,0.7296971941846467,5.852393740161126e-05,6.823834599082705e-06,6.823834599082706e-07,5.574590239837022e-05,1.8520233354940274e-06,1.8520233354940276e-07,100
EU Railways,adap_betweenness,,39450,0.7306232058523937,5.8338735068061855e-05,6.646361353507488e-06,6.646361353507487e-07,5.574590239837022e-05,1.8520233354940274e-06,1.8520233354940276e-07,100
EU Railways,adap_betweenness,,39500,0.7315492175201408,5.8338735068061855e-05,6.646361353507488e-06,6.646361353507487e-07,5.574590239837022e-05,1.8520233354940274e-06,1.8520233354940276e-07,100
EU Railways,adap_betweenness,,39550,0.7324752291878878,5.8338735068061855e-05,6.646361353507488e-06,6.646361353507487e-07,5.574590239837022e-05,1.8520233354940274e-06,1.8520233354940276e-07,100
EU Railways,adap_betweenness,,39600,0.7334012408556347,5.8338735068061855e-05,6.646361353507488e-06,6.646361353507487e-07,5.574590239837022e-05,1.8520233354940274e-06,1.8520233354940276e-07,100
EU Railways,adap_betweenness,,39650,0.7343272525233818,5.8338735068061855e-05,6.646361353507488e-06,6.646361353507487e-07,5.574590239837022e-05,1.8520233354940274e-06,1.8520233354940276e-07,100
EU Railways,adap_betweenness,,39700,0.7352532641911288,5.8338735068061855e-05,6.646361353507488e-06,6.646361353507487e-07,5.574590239837022e-05,1.8520233354940274e-06,1.8520233354940276e-07,100
EU Railways,adap_betweenness,,39750,0.7361792758588759,5.8338735068061855e-05,6.646361353507488e-06,6.646361353507487e-07,5.574590239837022e-05,1.8520233354940274e-06,1.8520233354940276e-07,100
EU Railways,adap_betweenness,,39800,0.7371052875266229,5.8153532734512446e-05,6.458655209181906e-06,6.458655209181906e-07,5.574590239837022e-05,1.8520233354940274e-06,1.8520233354940276e-07,100
EU Railways,adap_betweenness,,39850,0.7380312991943698,5.8153532734512446e-05,6.458655209181906e-06,6.458655209181906e-07,5.574590239837022e-05,1.8520233354940274e-06,1.8520233354940276e-07,100
EU Railways,adap_betweenness,,39900,0.7389573108621169,5.8153532734512446e-05,6.458655209181906e-06,6.458655209181906e-07,5.574590239837022e-05,1.8520233354940274e-06,1.8520233354940276e-07,100
EU Railways,adap_betweenness,,39950,0.7398833225298639,5.796833040096305e-05,6.2597957031138285e-06,6.259795703113829e-07,5.574590239837022e-05,1.8520233354940274e-06,1.8520233354940276e-07,100
EU Railways,adap_betweenness,,40000,0.7408093341976109,5.796833040096305e-05,6.2597957031138285e-06,6.259795703113829e-07,5.5560700064820814e-05,0.0,6.810401142088268e-22,100
EU Railways,adap_betweenness,,40050,0.7417353458653579,5.796833040096305e-05,6.2597957031138285e-06,6.259795703113829e-07,5.5560700064820814e-05,0.0,6.810401142088268e-22,100
EU Railways,adap_betweenness,,40100,0.7426613575331049,5.796833040096305e-05,6.2597957031138285e-06,6.259795703113829e-07,5.5560700064820814e-05,0.0,6.810401142088268e-22,100
EU Railways,adap_betweenness,,40150,0.7435873692008519,5.796833040096305e-05,6.2597957031138285e-06,6.259795703113829e-07,5.5560700064820814e-05,0.0,6.810401142088268e-22,100
EU Railways,adap_betweenness,,40200,0.744513380868599,5.796833040096305e-05,6.2597957031138285e-06,6.259795703113829e-07,5.5560700064820814e-05,0.0,6.810401142088268e-22,100
EU Railways,adap_betweenness,,40250,0.745439392536346,5.796833040096305e-05,6.2597957031138285e-06,6.259795703113829e-07,5.5560700064820814e-05,0.0,6.810401142088268e-22,100
EU Railways,adap_betweenness,,40300,0.746365404204093,5.796833040096305e-05,6.2597957031138285e-06,6.259795703113829e-07,5.5560700064820814e-05,0.0,6.810401142088268e-22,100
EU Railways,adap_betweenness,,40350,0.74729141587184,5.796833040096305e-05,6.2597957031138285e-06,6.259795703113829e-07,5.5560700064820814e-05,0.0,6.810401142088268e-22,100
EU Railways,adap_betweenness,,40400,0.748217427539587,5.796833040096305e-05,6.2597957031138285e-06,6.259795703113829e-07,5.5560700064820814e-05,0.0,6.810401142088268e-22,100
EU Railways,adap_betweenness,,40450,0.7491434392073341,5.778312806741365e-05,6.048682884916947e-06,6.048682884916946e-07,5.5560700064820814e-05,0.0,6.810401142088268e-22,100
EU Railways,adap_betweenness,,40500,0.750069450875081,5.778312806741365e-05,6.048682884916947e-06,6.048682884916946e-07,5.5560700064820814e-05,0.0,6.810401142088268e-22,100
EU Railways,adap_betweenness,,40550,0.750995462542828,5.778312806741365e-05,6.048682884916947e-06,6.048682884916946e-07,5.5560700064820814e-05,0.0,6.810401142088268e-22,100
EU Railways,adap_betweenness,,40600,0.7519214742105751,5.778312806741365e-05,6.048682884916947e-06,6.048682884916946e-07,5.5560700064820814e-05,0.0,6.810401142088268e-22,100
EU Railways,adap_betweenness,,40650,0.7528474858783221,5.759792573386425e-05,5.823984401059732e-06,5.823984401059731e-07,5.5560700064820814e-05,0.0,6.810401142088268e-22,100
EU Railways,adap_betweenness,,40700,0.753773497546069,5.759792573386425e-05,5.823984401059732e-06,5.823984401059731e-07,5.5560700064820814e-05,0.0,6.810401142088268e-22,100
EU Railways,adap_betweenness,,40750,0.7546995092138161,5.759792573386425e-05,5.823984401059732e-06,5.823984401059731e-07,5.5560700064820814e-05,0.0,6.810401142088268e-22,100
EU Railways,adap_betweenness,,40800,0.7556255208815631,5.759792573386425e-05,5.823984401059732e-06,5.823984401059731e-07,5.5560700064820814e-05,0.0,6.810401142088268e-22,100
EU Railways,adap_betweenness,,40850,0.7565515325493102,5.759792573386425e-05,5.823984401059732e-06,5.823984401059731e-07,5.5560700064820814e-05,0.0,6.810401142088268e-22,100
EU Railways,adap_betweenness,,40900,0.7574775442170572,5.759792573386425e-05,5.823984401059732e-06,5.823984401059731e-07,5.5560700064820814e-05,0.0,6.810401142088268e-22,100
EU Railways,adap_betweenness,,40950,0.7584035558848041,5.759792573386425e-05,5.823984401059732e-06,5.823984401059731e-07,5.5560700064820814e-05,0.0,6.810401142088268e-22,100
EU Railways,adap_betweenness,,41000,0.7593295675525512,5.759792573386425e-05,5.823984401059732e-06,5.823984401059731e-07,5.5560700064820814e-05,0.0,6.810401142088268e-22,100
EU Railways,adap_betweenness,,41050,0.7602555792202982,5.759792573386425e-05,5.823984401059732e-06,5.823984401059731e-07,5.5560700064820814e-05,0.0,6.810401142088268e-22,100
EU Railways,adap_betweenness,,41100,0.7611815908880452,5.759792573386425e-05,5.823984401059732e-06,5.823984401059731e-07,5.5560700064820814e-05,0.0,6.810401142088268e-22,100
EU Railways,adap_betweenness,,41150,0.7621076025557922,5.759792573386425e-05,5.823984401059732e-06,5.823984401059731e-07,5.5560700064820814e-05,0.0,6.810401142088268e-22,100
EU Railways,adap_betweenness,,41200,0.7630336142235392,5.759792573386425e-05,5.823984401059732e-06,5.823984401059731e-07,5.5560700064820814e-05,0.0,6.810401142088268e-22,100
EU Railways,adap_betweenness,,41250,0.7639596258912862,5.759792573386425e-05,5.823984401059732e-06,5.823984401059731e-07,5.5560700064820814e-05,0.0,6.810401142088268e-22,100
EU Railways,adap_betweenness,,41300,0.7648856375590333,5.759792573386425e-05,5.823984401059732e-06,5.823984401059731e-07,5.5560700064820814e-05,0.0,6.810401142088268e-22,100
EU Railways,adap_betweenness,,41350,0.7658116492267802,5.759792573386425e-05,5.823984401059732e-06,5.823984401059731e-07,5.5560700064820814e-05,0.0,6.810401142088268e-22,100
EU Railways,adap_betweenness,,41400,0.7667376608945273,5.759792573386425e-05,5.823984401059732e-06,5.823984401059731e-07,5.5560700064820814e-05,0.0,6.810401142088268e-22,100
EU Railways,adap_betweenness,,41450,0.7676636725622743,5.741272340031484e-05,5.584060460741989e-06,5.584060460741987e-07,5.5560700064820814e-05,0.0,6.810401142088268e-22,100
EU Railways,adap_betweenness,,41500,0.7685896842300213,5.741272340031484e-05,5.584060460741989e-06,5.584060460741987e-07,5.5560700064820814e-05,0.0,6.810401142088268e-22,100
EU Railways,adap_betweenness,,41550,0.7695156958977684,5.741272340031484e-05,5.584060460741989e-06,5.584060460741987e-07,5.5560700064820814e-05,0.0,6.810401142088268e-22,100
EU Railways,adap_betweenness,,41600,0.7704417075655153,5.741272340031484e-05,5.584060460741989e-06,5.584060460741987e-07,5.5560700064820814e-05,0.0,6.810401142088268e-22,100
EU Railways,adap_betweenness,,41650,0.7713677192332623,5.741272340031484e-05,5.584060460741989e-06,5.584060460741987e-07,5.5560700064820814e-05,0.0,6.810401142088268e-22,100
EU Railways,adap_betweenness,,41700,0.7722937309010094,5.741272340031484e-05,5.584060460741989e-06,5.584060460741987e-07,5.5560700064820814e-05,0.0,6.810401142088268e-22,100
EU Railways,adap_betweenness,,41750,0.7732197425687564,5.741272340031484e-05,5.584060460741989e-06,5.584060460741987e-07,5.5560700064820814e-05,0.0,6.810401142088268e-22,100
EU Railways,adap_betweenness,,41800,0.7741457542365033,5.741272340031484e-05,5.584060460741989e-06,5.584060460741987e-07,5.5560700064820814e-05,0.0,6.810401142088268e-22,100
EU Railways,adap_betweenness,,41850,0.7750717659042504,5.741272340031484e-05,5.584060460741989e-06,5.584060460741987e-07,5.5560700064820814e-05,0.0,6.810401142088268e-22,100
EU Railways,adap_betweenness,,41900,0.7759977775719974,5.741272340031484e-05,5.584060460741989e-06,5.584060460741987e-07,5.5560700064820814e-05,0.0,6.810401142088268e-22,100
EU Railways,adap_betweenness,,41950,0.7769237892397445,5.741272340031484e-05,5.584060460741989e-06,5.584060460741987e-07,5.5560700064820814e-05,0.0,6.810401142088268e-22,100
EU Railways,adap_betweenness,,42000,0.7778498009074915,5.741272340031484e-05,5.584060460741989e-06,5.584060460741987e-07,5.5560700064820814e-05,0.0,6.810401142088268e-22,100
EU Railways,adap_betweenness,,42050,0.7787758125752384,5.741272340031484e-05,5.584060460741989e-06,5.584060460741987e-07,5.5560700064820814e-05,0.0,6.810401142088268e-22,100
EU Railways,adap_betweenness,,42100,0.7797018242429855,5.741272340031484e-05,5.584060460741989e-06,5.584060460741987e-07,5.5560700064820814e-05,0.0,6.810401142088268e-22,100
EU Railways,adap_betweenness,,42150,0.7806278359107325,5.741272340031484e-05,5.584060460741989e-06,5.584060460741987e-07,5.5560700064820814e-05,0.0,6.810401142088268e-22,100
EU Railways,adap_betweenness,,42200,0.7815538475784795,5.741272340031484e-05,5.584060460741989e-06,5.584060460741987e-07,5.5560700064820814e-05,0.0,6.810401142088268e-22,100
EU Railways,adap_betweenness,,42250,0.7824798592462265,5.741272340031484e-05,5.584060460741989e-06,5.584060460741987e-07,5.5560700064820814e-05,0.0,6.810401142088268e-22,100
EU Railways,adap_betweenness,,42300,0.7834058709139735,5.704231873321604e-05,5.0497254253966235e-06,5.049725425396625e-07,5.5560700064820814e-05,0.0,6.810401142088268e-22,100
EU Railways,adap_betweenness,,42350,0.7843318825817205,5.704231873321604e-05,5.0497254253966235e-06,5.049725425396625e-07,5.5560700064820814e-05,0.0,6.810401142088268e-22,100
EU Railways,adap_betweenness,,42400,0.7852578942494676,5.704231873321604e-05,5.0497254253966235e-06,5.049725425396625e-07,5.5560700064820814e-05,0.0,6.810401142088268e-22,100
EU Railways,adap_betweenness,,42450,0.7861839059172145,5.704231873321604e-05,5.0497254253966235e-06,5.049725425396625e-07,5.5560700064820814e-05,0.0,6.810401142088268e-22,100
EU Railways,adap_betweenness,,42500,0.7871099175849616,5.685711639966663e-05,4.749187887327398e-06,4.749187887327398e-07,5.5560700064820814e-05,0.0,6.810401142088268e-22,100
EU Railways,adap_betweenness,,42550,0.7880359292527086,5.685711639966663e-05,4.749187887327398e-06,4.749187887327398e-07,5.537549773127141e-05,1.8520233354940267e-06,1.852023335494027e-07,100
EU Railways,adap_betweenness,,42600,0.7889619409204556,5.667191406611723e-05,4.420469609703529e-06,4.420469609703529e-07,5.537549773127141e-05,1.8520233354940267e-06,1.852023335494027e-07,100
EU Railways,adap_betweenness,,42650,0.7898879525882027,5.667191406611723e-05,4.420469609703529e-06,4.420469609703529e-07,5.537549773127141e-05,1.8520233354940267e-06,1.852023335494027e-07,100
EU Railways,adap_betweenness,,42700,0.7908139642559496,5.667191406611723e-05,4.420469609703529e-06,4.420469609703529e-07,5.537549773127141e-05,1.8520233354940267e-06,1.852023335494027e-07,100
EU Railways,adap_betweenness,,42750,0.7917399759236966,5.667191406611723e-05,4.420469609703529e-06,4.420469609703529e-07,5.537549773127141e-05,1.8520233354940267e-06,1.852023335494027e-07,100
EU Railways,adap_betweenness,,42800,0.7926659875914437,5.667191406611723e-05,4.420469609703529e-06,4.420469609703529e-07,5.537549773127141e-05,1.8520233354940267e-06,1.852023335494027e-07,100
EU Railways,adap_betweenness,,42850,0.7935919992591907,5.667191406611723e-05,4.420469609703529e-06,4.420469609703529e-07,5.537549773127141e-05,1.8520233354940267e-06,1.852023335494027e-07,100
EU Railways,adap_betweenness,,42900,0.7945180109269376,5.667191406611723e-05,4.420469609703529e-06,4.420469609703529e-07,5.537549773127141e-05,1.8520233354940267e-06,1.852023335494027e-07,100
EU Railways,adap_betweenness,,42950,0.7954440225946847,5.667191406611723e-05,4.420469609703529e-06,4.420469609703529e-07,5.537549773127141e-05,1.8520233354940267e-06,1.852023335494027e-07,100
EU Railways,adap_betweenness,,43000,0.7963700342624317,5.667191406611723e-05,4.420469609703529e-06,4.420469609703529e-07,5.537549773127141e-05,1.8520233354940267e-06,1.852023335494027e-07,100
EU Railways,adap_betweenness,,43050,0.7972960459301788,5.667191406611723e-05,4.420469609703529e-06,4.420469609703529e-07,5.537549773127141e-05,1.8520233354940267e-06,1.852023335494027e-07,100
EU Railways,adap_betweenness,,43100,0.7982220575979257,5.6486711732567835e-05,4.056725873832584e-06,4.056725873832584e-07,5.537549773127141e-05,1.8520233354940267e-06,1.852023335494027e-07,100
EU Railways,adap_betweenness,,43150,0.7991480692656727,5.6486711732567835e-05,4.056725873832584e-06,4.056725873832584e-07,5.537549773127141e-05,1.8520233354940267e-06,1.852023335494027e-07,100
EU Railways,adap_betweenness,,43200,0.8000740809334198,5.6486711732567835e-05,4.056725873832584e-06,4.056725873832584e-07,5.537549773127141e-05,1.8520233354940267e-06,1.852023335494027e-07,100
EU Railways,adap_betweenness,,43250,0.8010000926011668,5.6486711732567835e-05,4.056725873832584e-06,4.056725873832584e-07,5.537549773127141e-05,1.8520233354940267e-06,1.852023335494027e-07,100
EU Railways,adap_betweenness,,43300,0.8019261042689138,5.6486711732567835e-05,4.056725873832584e-06,4.056725873832584e-07,5.537549773127141e-05,1.8520233354940267e-06,1.852023335494027e-07,100
EU Railways,adap_betweenness,,43350,0.8028521159366608,5.6486711732567835e-05,4.056725873832584e-06,4.056725873832584e-07,5.537549773127141e-05,1.8520233354940267e-06,1.852023335494027e-07,100
EU Railways,adap_betweenness,,43400,0.8037781276044078,5.6486711732567835e-05,4.056725873832584e-06,4.056725873832584e-07,5.537549773127141e-05,1.8520233354940267e-06,1.852023335494027e-07,100
EU Railways,adap_betweenness,,43450,0.8047041392721548,5.6301509399018425e-05,3.6474930191116288e-06,3.647493019111629e-07,5.537549773127141e-05,1.8520233354940267e-06,1.852023335494027e-07,100
EU Railways,adap_betweenness,,43500,0.8056301509399019,5.6301509399018425e-05,3.6474930191116288e-06,3.647493019111629e-07,5.537549773127141e-05,1.8520233354940267e-06,1.852023335494027e-07,100
EU Railways,adap_betweenness,,43550,0.8065561626076488,5.6301509399018425e-05,3.6474930191116288e-06,3.647493019111629e-07,5.537549773127141e-05,1.8520233354940267e-06,1.852023335494027e-07,100
EU Railways,adap_betweenness,,43600,0.8074821742753959,5.6301509399018425e-05,3.6474930191116288e-06,3.647493019111629e-07,5.519029539772201e-05,2.6058948816795947e-06,2.6058948816795946e-07,100
EU Railways,adap_betweenness,,43650,0.8084081859431429,5.6301509399018425e-05,3.6474930191116288e-06,3.647493019111629e-07,5.519029539772201e-05,2.6058948816795947e-06,2.6058948816795946e-07,100
EU Railways,adap_betweenness,,43700,0.8093341976108899,5.6301509399018425e-05,3.6474930191116288e-06,3.647493019111629e-07,5.519029539772201e-05,2.6058948816795947e-06,2.6058948816795946e-07,100
EU Railways,adap_betweenness,,43750,0.810260209278637,5.6301509399018425e-05,3.6474930191116288e-06,3.647493019111629e-07,5.519029539772201e-05,2.6058948816795947e-06,2.6058948816795946e-07,100
EU Railways,adap_betweenness,,43800,0.8111862209463839,5.611630706546902e-05,3.1752311880315826e-06,3.1752311880315826e-07,5.5005093064172606e-05,3.1752311880315814e-06,3.1752311880315816e-07,100
EU Railways,adap_betweenness,,43850,0.8121122326141309,5.611630706546902e-05,3.1752311880315826e-06,3.1752311880315826e-07,5.5005093064172606e-05,3.1752311880315814e-06,3.1752311880315816e-07,100
EU Railways,adap_betweenness,,43900,0.813038244281878,5.611630706546902e-05,3.1752311880315826e-06,3.1752311880315826e-07,5.5005093064172606e-05,3.1752311880315814e-06,3.1752311880315816e-07,100
EU Railways,adap_betweenness,,43950,0.813964255949625,5.611630706546902e-05,3.1752311880315826e-06,3.1752311880315826e-07,5.48198907306232e-05,3.6474930191116284e-06,3.647493019111628e-07,100
EU Railways,adap_betweenness,,44000,0.8148902676173719,5.611630706546902e-05,3.1752311880315826e-06,3.1752311880315826e-07,5.48198907306232e-05,3.6474930191116284e-06,3.647493019111628e-07,100
EU Railways,adap_betweenness,,44050,0.815816279285119,5.611630706546902e-05,3.1752311880315826e-06,3.1752311880315826e-07,5.46346883970738e-05,4.056725873832582e-06,4.0567258738325834e-07,100
EU Railways,adap_betweenness,,44100,0.816742290952866,5.611630706546902e-05,3.1752311880315826e-06,3.1752311880315826e-07,5.46346883970738e-05,4.056725873832582e-06,4.0567258738325834e-07,100
EU Railways,adap_betweenness,,44150,0.8176683026206131,5.611630706546902e-05,3.1752311880315826e-06,3.1752311880315826e-07,5.44494860635244e-05,4.420469609703528e-06,4.4204696097035274e-07,100
EU Railways,adap_betweenness,,44200,0.81859431428836,5.611630706546902e-05,3.1752311880315826e-06,3.1752311880315826e-07,5.44494860635244e-05,4.420469609703528e-06,4.4204696097035274e-07,100
EU Railways,adap_betweenness,,44250,0.819520325956107,5.611630706546902e-05,3.1752311880315826e-06,3.1752311880315826e-07,5.4264283729974995e-05,4.749187887327396e-06,4.749187887327397e-07,100
EU Railways,adap_betweenness,,44300,0.8204463376238541,5.611630706546902e-05,3.1752311880315826e-06,3.1752311880315826e-07,5.4264283729974995e-05,4.749187887327396e-06,4.749187887327397e-07,100
EU Railways,adap_betweenness,,44350,0.8213723492916011,5.611630706546902e-05,3.1752311880315826e-06,3.1752311880315826e-07,5.4264283729974995e-05,4.749187887327396e-06,4.749187887327397e-07,100
EU Railways,adap_betweenness,,44400,0.822298360959348,5.611630706546902e-05,3.1752311880315826e-06,3.1752311880315826e-07,5.4264283729974995e-05,4.749187887327396e-06,4.749187887327397e-07,100
EU Railways,adap_betweenness,,44450,0.8232243726270951,5.611630706546902e-05,3.1752311880315826e-06,3.1752311880315826e-07,5.4264283729974995e-05,4.749187887327396e-06,4.749187887327397e-07,100
EU Railways,adap_betweenness,,44500,0.8241503842948421,5.611630706546902e-05,3.1752311880315826e-06,3.1752311880315826e-07,5.4264283729974995e-05,4.749187887327396e-06,4.749187887327397e-07,100
EU Railways,adap_betweenness,,44550,0.8250763959625891,5.593110473191962e-05,3.704046670988053e-06,3.7040466709880546e-07,5.407908139642559e-05,5.049725425396623e-06,5.049725425396622e-07,100
EU Railways,adap_betweenness,,44600,0.8260024076303362,5.593110473191962e-05,3.704046670988053e-06,3.7040466709880546e-07,5.407908139642559e-05,5.049725425396623e-06,5.049725425396622e-07,100
EU Railways,adap_betweenness,,44650,0.8269284192980831,5.593110473191962e-05,3.704046670988053e-06,3.7040466709880546e-07,5.407908139642559e-05,5.049725425396623e-06,5.049725425396622e-07,100
EU Railways,adap_betweenness,,44700,0.8278544309658302,5.593110473191962e-05,3.704046670988053e-06,3.7040466709880546e-07,5.3708676729326786e-05,5.584060460741986e-06,5.584060460741987e-07,100
EU Railways,adap_betweenness,,44750,0.8287804426335772,5.593110473191962e-05,3.704046670988053e-06,3.7040466709880546e-07,5.3708676729326786e-05,5.584060460741986e-06,5.584060460741987e-07,100
EU Railways,adap_betweenness,,44800,0.8297064543013242,5.593110473191962e-05,3.704046670988053e-06,3.7040466709880546e-07,5.3708676729326786e-05,5.584060460741986e-06,5.584060460741987e-07,100
EU Railways,adap_betweenness,,44850,0.8306324659690713,5.593110473191962e-05,3.704046670988053e-06,3.7040466709880546e-07,5.3708676729326786e-05,5.584060460741986e-06,5.584060460741987e-07,100
EU Railways,adap_betweenness,,44900,0.8315584776368182,5.593110473191962e-05,3.704046670988053e-06,3.7040466709880546e-07,5.3523474395777384e-05,5.8239844010597295e-06,5.82398440105973e-07,100
EU Railways,adap_betweenness,,44950,0.8324844893045652,5.593110473191962e-05,3.704046670988053e-06,3.7040466709880546e-07,5.3523474395777384e-05,5.8239844010597295e-06,5.82398440105973e-07,100
EU Railways,adap_betweenness,,45000,0.8334105009723123,5.593110473191962e-05,3.704046670988053e-06,3.7040466709880546e-07,5.3523474395777384e-05,5.8239844010597295e-06,5.82398440105973e-07,100
EU Railways,adap_betweenness,,45050,0.8343365126400593,5.593110473191962e-05,3.704046670988053e-06,3.7040466709880546e-07,5.3523474395777384e-05,5.8239844010597295e-06,5.82398440105973e-07,100
EU Railways,adap_betweenness,,45100,0.8352625243078063,5.574590239837022e-05,4.157948730828939e-06,4.1579487308289386e-07,5.3523474395777384e-05,5.8239844010597295e-06,5.82398440105973e-07,100
EU Railways,adap_betweenness,,45150,0.8361885359755533,5.574590239837022e-05,4.157948730828939e-06,4.1579487308289386e-07,5.333827206222799e-05,6.048682884916944e-06,6.048682884916942e-07,100
EU Railways,adap_betweenness,,45200,0.8371145476433003,5.574590239837022e-05,4.157948730828939e-06,4.1579487308289386e-07,5.333827206222799e-05,6.048682884916944e-06,6.048682884916942e-07,100
EU Railways,adap_betweenness,,45250,0.8380405593110474,5.5560700064820814e-05,4.559366273889534e-06,4.5593662738895354e-07,5.333827206222799e-05,6.048682884916944e-06,6.048682884916942e-07,100
EU Railways,adap_betweenness,,45300,0.8389665709787943,5.5560700064820814e-05,4.559366273889534e-06,4.5593662738895354e-07,5.315306972867858e-05,6.259795703113828e-06,6.259795703113827e-07,100
EU Railways,adap_betweenness,,45350,0.8398925826465413,5.5560700064820814e-05,4.559366273889534e-06,4.5593662738895354e-07,5.315306972867858e-05,6.259795703113828e-06,6.259795703113827e-07,100
EU Railways,adap_betweenness,,45400,0.8408185943142884,5.5560700064820814e-05,4.559366273889534e-06,4.5593662738895354e-07,5.315306972867858e-05,6.259795703113828e-06,6.259795703113827e-07,100
EU Railways,adap_betweenness,,45450,0.8417446059820354,5.5560700064820814e-05,4.559366273889534e-06,4.5593662738895354e-07,5.2967867395129175e-05,6.458655209181905e-06,6.458655209181903e-07,100
EU Railways,adap_betweenness,,45500,0.8426706176497823,5.5560700064820814e-05,4.559366273889534e-06,4.5593662738895354e-07,5.2967867395129175e-05,6.458655209181905e-06,6.458655209181903e-07,100
EU Railways,adap_betweenness,,45550,0.8435966293175294,5.5560700064820814e-05,4.559366273889534e-06,4.5593662738895354e-07,5.278266506157978e-05,6.646361353507485e-06,6.646361353507484e-07,100
EU Railways,adap_betweenness,,45600,0.8445226409852764,5.5560700064820814e-05,4.559366273889534e-06,4.5593662738895354e-07,5.278266506157978e-05,6.646361353507485e-06,6.646361353507484e-07,100
EU Railways,adap_betweenness,,45650,0.8454486526530235,5.5560700064820814e-05,4.559366273889534e-06,4.5593662738895354e-07,5.259746272803037e-05,6.823834599082704e-06,6.823834599082702e-07,100
EU Railways,adap_betweenness,,45700,0.8463746643207705,5.5560700064820814e-05,4.559366273889534e-06,4.5593662738895354e-07,5.222705806093157e-05,7.15108657589349e-06,7.151086575893492e-07,100
EU Railways,adap_betweenness,,45750,0.8473006759885174,5.5560700064820814e-05,4.559366273889534e-06,4.5593662738895354e-07,5.204185572738216e-05,7.302106572898646e-06,7.302106572898649e-07,100
EU Railways,adap_betweenness,,45800,0.8482266876562645,5.537549773127141e-05,4.9211595437148525e-06,4.921159543714852e-07,5.204185572738216e-05,7.302106572898646e-06,7.302106572898649e-07,100
EU Railways,adap_betweenness,,45850,0.8491526993240115,5.519029539772201e-05,5.251524440945243e-06,5.251524440945244e-07,5.204185572738216e-05,7.302106572898646e-06,7.302106572898649e-07,100
EU Railways,adap_betweenness,,45900,0.8500787109917585,5.519029539772201e-05,5.251524440945243e-06,5.251524440945244e-07,5.185665339383276e-05,7.445413947655981e-06,7.445413947655984e-07,100
EU Railways,adap_betweenness,,45950,0.8510047226595056,5.519029539772201e-05,5.251524440945243e-06,5.251524440945244e-07,5.148624872673395e-05,7.710588015431549e-06,7.710588015431551e-07,100
EU Railways,adap_betweenness,,46000,0.8519307343272525,5.519029539772201e-05,5.251524440945243e-06,5.251524440945244e-07,5.148624872673395e-05,7.710588015431549e-06,7.710588015431551e-07,100
EU Railways,adap_betweenness,,46050,0.8528567459949995,5.5005093064172606e-05,5.556070006482083e-06,5.556070006482082e-07,5.130104639318455e-05,7.833180566379305e-06,7.833180566379307e-07,100
EU Railways,adap_betweenness,,46100,0.8537827576627466,5.48198907306232e-05,5.2117897633591894e-06,5.211789763359189e-07,5.074543939253634e-05,8.164533795292304e-06,8.164533795292305e-07,100
EU Railways,adap_betweenness,,46150,0.8547087693304936,5.48198907306232e-05,5.2117897633591894e-06,5.211789763359189e-07,5.0560237058986946e-05,8.263654844679574e-06,8.263654844679574e-07,100
EU Railways,adap_betweenness,,46200,0.8556347809982406,5.48198907306232e-05,5.2117897633591894e-06,5.211789763359189e-07,5.037503472543754e-05,8.357456428451022e-06,8.357456428451022e-07,100
EU Railways,adap_betweenness,,46250,0.8565607926659876,5.48198907306232e-05,5.2117897633591894e-06,5.211789763359189e-07,5.018983239188814e-05,8.44611578057355e-06,8.446115780573544e-07,100
EU Railways,adap_betweenness,,46300,0.8574868043337346,5.48198907306232e-05,5.2117897633591894e-06,5.211789763359189e-07,4.981942772478933e-05,8.608634108931043e-06,8.608634108931043e-07,100
EU Railways,adap_betweenness,,46350,0.8584128160014817,5.48198907306232e-05,5.2117897633591894e-06,5.211789763359189e-07,4.981942772478933e-05,8.608634108931043e-06,8.608634108931043e-07,100
EU Railways,adap_betweenness,,46400,0.8593388276692286,5.48198907306232e-05,5.2117897633591894e-06,5.211789763359189e-07,4.981942772478933e-05,8.608634108931043e-06,8.608634108931043e-07,100
EU Railways,adap_betweenness,,46450,0.8602648393369756,5.46346883970738e-05,5.505957866566934e-06,5.505957866566935e-07,4.926382072414112e-05,8.817394732281194e-06,8.817394732281197e-07,100
EU Railways,adap_betweenness,,46500,0.8611908510047227,5.46346883970738e-05,5.505957866566934e-06,5.505957866566935e-07,4.8893416057042315e-05,8.934496737187177e-06,8.934496737187178e-07,100
EU Railways,adap_betweenness,,46550,0.8621168626724697,5.46346883970738e-05,5.505957866566934e-06,5.505957866566935e-07,4.870821372349291e-05,8.986694825334006e-06,8.986694825334005e-07,100
EU Railways,adap_betweenness,,46600,0.8630428743402166,5.4264283729974995e-05,6.034346095653183e-06,6.034346095653185e-07,4.8523011389943516e-05,9.034757500038212e-06,9.034757500038212e-07,100
EU Railways,adap_betweenness,,46650,0.8639688860079637,5.4264283729974995e-05,6.034346095653183e-06,6.034346095653185e-07,4.8337809056394106e-05,9.078750439859195e-06,9.078750439859195e-07,100
EU Railways,adap_betweenness,,46700,0.8648948976757107,5.4264283729974995e-05,6.034346095653183e-06,6.034346095653185e-07,4.796740438929531e-05,9.154756374177427e-06,9.154756374177429e-07,100
EU Railways,adap_betweenness,,46750,0.8658209093434578,5.389387906287618e-05,6.498763161677734e-06,6.498763161677735e-07,4.722659505509769e-05,9.260116677470136e-06,9.260116677470136e-07,100
EU Railways,adap_betweenness,,46800,0.8667469210112048,5.3708676729326786e-05,6.7112054388321e-06,6.7112054388321e-07,4.704139272154829e-05,9.276937975035338e-06,9.276937975035336e-07,100
EU Railways,adap_betweenness,,46850,0.8676729326789517,5.3708676729326786e-05,6.7112054388321e-06,6.7112054388321e-07,4.704139272154829e-05,9.276937975035338e-06,9.276937975035336e-07,100
EU Railways,adap_betweenness,,46900,0.8685989443466988,5.3523474395777384e-05,6.912115560143262e-06,6.912115560143263e-07,4.685619038799889e-05,9.29000014902476e-06,9.29000014902476e-07,100
EU Railways,adap_betweenness,,46950,0.8695249560144458,5.3523474395777384e-05,6.912115560143262e-06,6.912115560143263e-07,4.667098805444948e-05,9.299319040071826e-06,9.299319040071825e-07,100
EU Railways,adap_betweenness,,47000,0.8704509676821928,5.333827206222799e-05,7.102472235445536e-06,7.102472235445537e-07,4.667098805444948e-05,9.299319040071826e-06,9.299319040071825e-07,100
EU Railways,adap_betweenness,,47050,0.8713769793499399,5.333827206222799e-05,7.102472235445536e-06,7.102472235445537e-07,4.630058338735068e-05,9.306767434569978e-06,9.306767434569977e-07,100
EU Railways,adap_betweenness,,47100,0.8723029910176868,5.315306972867858e-05,7.283103010236082e-06,7.283103010236083e-07,4.611538105380127e-05,9.304905894910477e-06,9.304905894910479e-07,100
EU Railways,adap_betweenness,,47150,0.8732290026854338,5.2967867395129175e-05,7.454714905620478e-06,7.454714905620477e-07,4.611538105380127e-05,9.304905894910477e-06,9.304905894910479e-07,100
EU Railways,adap_betweenness,,47200,0.8741550143531809,5.2967867395129175e-05,7.454714905620478e-06,7.454714905620477e-07,4.611538105380127e-05,9.304905894910477e-06,9.304905894910479e-07,100
EU Railways,adap_betweenness,,47250,0.8750810260209279,5.2967867395129175e-05,7.454714905620478e-06,7.454714905620477e-07,4.593017872025188e-05,9.299319040071826e-06,9.299319040071825e-07,100
EU Railways,adap_betweenness,,47300,0.8760070376886749,5.278266506157978e-05,7.617917461772963e-06,7.61791746177296e-07,4.5559774053153065e-05,9.276937975035337e-06,9.276937975035336e-07,100
EU Railways,adap_betweenness,,47350,0.8769330493564219,5.278266506157978e-05,7.617917461772963e-06,7.61791746177296e-07,4.537457171960367e-05,9.260116677470135e-06,9.260116677470135e-07,100
EU Railways,adap_betweenness,,47400,0.8778590610241689,5.259746272803037e-05,7.773240369924614e-06,7.773240369924614e-07,4.537457171960367e-05,9.260116677470135e-06,9.260116677470135e-07,100
EU Railways,adap_betweenness,,47450,0.878785072691916,5.204185572738216e-05,8.196298409340475e-06,8.196298409340476e-07,4.5189369386054266e-05,9.23951572497192e-06,9.239515724971918e-07,100
EU Railways,adap_betweenness,,47500,0.8797110843596629,5.167145106028336e-05,8.446115780573546e-06,8.446115780573546e-07,4.5189369386054266e-05,9.23951572497192e-06,9.239515724971918e-07,100
EU Railways,adap_betweenness,,47550,0.8806370960274099,5.167145106028336e-05,8.446115780573546e-06,8.446115780573546e-07,4.481896471895546e-05,9.186868483171743e-06,9.186868483171742e-07,100
EU Railways,adap_betweenness,,47600,0.881563107695157,5.167145106028336e-05,8.446115780573546e-06,8.446115780573546e-07,4.463376238540606e-05,9.154756374177432e-06,9.15475637417743e-07,100
EU Railways,adap_betweenness,,47650,0.882489119362904,5.148624872673395e-05,8.56222603980438e-06,8.562226039804381e-07,4.463376238540606e-05,9.154756374177432e-06,9.15475637417743e-07,100
EU Railways,adap_betweenness,,47700,0.883415131030651,5.130104639318455e-05,8.672788767085822e-06,8.672788767085822e-07,4.426335771830725e-05,9.078750439859193e-06,9.078750439859194e-07,100
EU Railways,adap_betweenness,,47750,0.884341142698398,5.1115844059635155e-05,8.77801358532845e-06,8.778013585328451e-07,4.407815538475784e-05,9.034757500038212e-06,9.034757500038212e-07,100
EU Railways,adap_betweenness,,47800,0.885267154366145,5.0930641726085745e-05,8.878090294306922e-06,8.87809029430692e-07,4.407815538475784e-05,9.034757500038212e-06,9.034757500038212e-07,100
EU Railways,adap_betweenness,,47850,0.8861931660338921,5.0560237058986946e-05,9.063472767376958e-06,9.06347276737696e-07,4.389295305120844e-05,8.986694825334008e-06,8.986694825334005e-07,100
EU Railways,adap_betweenness,,47900,0.8871191777016391,5.037503472543754e-05,9.149077831478147e-06,9.149077831478146e-07,4.389295305120844e-05,8.986694825334008e-06,8.986694825334005e-07,100
EU Railways,adap_betweenness,,47950,0.888045189369386,5.000463005833873e-05,9.30676743456998e-06,9.30676743456998e-07,4.389295305120844e-05,8.986694825334008e-06,8.986694825334005e-07,100
EU Railways,adap_betweenness,,48000,0.8889712010371331,4.963422539123993e-05,9.44717121955773e-06,9.44717121955773e-07,4.3707750717659044e-05,8.93449673718718e-06,8.934496737187178e-07,100
EU Railways,adap_betweenness,,48050,0.8898972127048801,4.9078618390591724e-05,9.626995091244946e-06,9.626995091244947e-07,4.3522548384109635e-05,8.87809029430692e-06,8.878090294306921e-07,100
EU Railways,adap_betweenness,,48100,0.8908232243726271,4.8893416057042315e-05,9.679038131952775e-06,9.679038131952778e-07,4.3152143717010836e-05,8.752320819062151e-06,8.752320819062149e-07,100
EU Railways,adap_betweenness,,48150,0.8917492360403741,4.8893416057042315e-05,9.679038131952775e-06,9.679038131952778e-07,4.278173904991203e-05,8.608634108931045e-06,8.608634108931043e-07,100
EU Railways,adap_betweenness,,48200,0.8926752477081211,4.8337809056394106e-05,9.812352254288013e-06,9.812352254288015e-07,4.278173904991203e-05,8.608634108931045e-06,8.608634108931043e-07,100
EU Railways,adap_betweenness,,48250,0.8936012593758681,4.8152606722844704e-05,9.491077751468435e-06,9.491077751468435e-07,4.259653671636263e-05,8.529793248853376e-06,8.529793248853379e-07,100
EU Railways,adap_betweenness,,48300,0.8945272710436152,4.8152606722844704e-05,9.491077751468435e-06,9.491077751468435e-07,4.241133438281322e-05,8.446115780573546e-06,8.446115780573546e-07,100
EU Railways,adap_betweenness,,48350,0.8954532827113622,4.77822020557459e-05,9.556559325070292e-06,9.556559325070293e-07,4.241133438281322e-05,8.446115780573546e-06,8.446115780573546e-07,100
EU Railways,adap_betweenness,,48400,0.8963792943791092,4.77822020557459e-05,9.556559325070292e-06,9.556559325070293e-07,4.222613204926382e-05,8.357456428451022e-06,8.35745642845102e-07,100
EU Railways,adap_betweenness,,48450,0.8973053060468562,4.7596999722196495e-05,9.583711267253152e-06,9.583711267253155e-07,4.204092971571442e-05,8.263654844679574e-06,8.263654844679574e-07,100
EU Railways,adap_betweenness,,48500,0.8982313177146032,4.7596999722196495e-05,9.583711267253152e-06,9.583711267253155e-07,4.185572738216501e-05,8.164533795292304e-06,8.164533795292303e-07,100
EU Railways,adap_betweenness,,48550,0.8991573293823503,4.74117973886471e-05,9.607180878826899e-06,9.607180878826897e-07,4.185572738216501e-05,8.164533795292304e-06,8.164533795292303e-07,100
EU Railways,adap_betweenness,,48600,0.9000833410500972,4.7041392721548294e-05,9.643176437209187e-06,9.64317643720919e-07,4.1670525048615614e-05,8.059897025451328e-06,8.059897025451329e-07,100
EU Railways,adap_betweenness,,48650,0.9010093527178442,4.7041392721548294e-05,9.643176437209187e-06,9.64317643720919e-07,4.1670525048615614e-05,8.059897025451328e-06,8.059897025451329e-07,100
EU Railways,adap_betweenness,,48700,0.9019353643855912,4.685619038799889e-05,9.655743180893626e-06,9.65574318089363e-07,4.1670525048615614e-05,8.059897025451328e-06,8.059897025451329e-07,100
EU Railways,adap_betweenness,,48750,0.9028613760533384,4.630058338735068e-05,9.671876430541594e-06,9.671876430541595e-07,4.13001203815168e-05,7.833180566379307e-06,7.833180566379305e-07,100
EU Railways,adap_betweenness,,48800,0.9037873877210852,4.630058338735068e-05,9.671876430541594e-06,9.671876430541595e-07,4.074451338086859e-05,7.445413947655982e-06,7.445413947655983e-07,100
EU Railways,adap_betweenness,,48850,0.9047133993888324,4.611538105380127e-05,9.670085176441496e-06,9.670085176441496e-07,4.074451338086859e-05,7.445413947655982e-06,7.445413947655983e-07,100
EU Railways,adap_betweenness,,48900,0.9056394110565792,4.5744976386702475e-05,9.655743180893626e-06,9.65574318089363e-07,4.05593110473192e-05,7.3021065728986465e-06,7.302106572898649e-07,100
EU Railways,adap_betweenness,,48950,0.9065654227243264,4.5744976386702475e-05,9.655743180893626e-06,9.65574318089363e-07,4.0374108713769795e-05,7.151086575893493e-06,7.151086575893493e-07,100
EU Railways,adap_betweenness,,49000,0.9074914343920734,4.5189369386054266e-05,9.607180878826895e-06,9.607180878826895e-07,4.0188906380220385e-05,6.991854209994201e-06,6.991854209994201e-07,100
EU Railways,adap_betweenness,,49050,0.9084174460598204,4.444856005185665e-05,9.491077751468435e-06,9.491077751468435e-07,4.000370404667099e-05,6.823834599082703e-06,6.823834599082705e-07,100
EU Railways,adap_betweenness,,49100,0.9093434577275674,4.389295305120844e-05,9.364291617104778e-06,9.364291617104774e-07,3.9818501713121586e-05,6.646361353507485e-06,6.646361353507484e-07,100
EU Railways,adap_betweenness,,49150,0.9102694693953144,4.3707750717659044e-05,9.314209872732209e-06,9.314209872732207e-07,3.9633299379572184e-05,6.4586552091819056e-06,6.458655209181905e-07,100
EU Railways,adap_betweenness,,49200,0.9111954810630614,4.333734605056024e-05,9.201941288193161e-06,9.20194128819316e-07,3.9633299379572184e-05,6.4586552091819056e-06,6.458655209181905e-07,100
EU Railways,adap_betweenness,,49250,0.9121214927308084,4.333734605056024e-05,9.201941288193161e-06,9.20194128819316e-07,3.926289471247338e-05,6.048682884916945e-06,6.048682884916944e-07,100
EU Railways,adap_betweenness,,49300,0.9130475043985554,4.333734605056024e-05,9.201941288193161e-06,9.20194128819316e-07,3.926289471247338e-05,6.048682884916945e-06,6.048682884916944e-07,100
EU Railways,adap_betweenness,,49350,0.9139735160663024,4.3152143717010836e-05,9.139605753328886e-06,9.139605753328889e-07,3.926289471247338e-05,6.048682884916945e-06,6.048682884916944e-07,100
EU Railways,adap_betweenness,,49400,0.9148995277340496,4.259653671636263e-05,8.926737728570189e-06,8.926737728570192e-07,3.926289471247338e-05,6.048682884916945e-06,6.048682884916944e-07,100
EU Railways,adap_betweenness,,49450,0.9158255394017965,4.259653671636263e-05,8.926737728570189e-06,8.926737728570192e-07,3.926289471247338e-05,6.048682884916945e-06,6.048682884916944e-07,100
EU Railways,adap_betweenness,,49500,0.9167515510695436,4.259653671636263e-05,8.926737728570189e-06,8.926737728570192e-07,3.926289471247338e-05,6.048682884916945e-06,6.048682884916944e-07,100
EU Railways,adap_betweenness,,49550,0.9176775627372904,4.241133438281322e-05,8.846815550544008e-06,8.846815550544007e-07,3.926289471247338e-05,6.048682884916945e-06,6.048682884916944e-07,100
EU Railways,adap_betweenness,,49600,0.9186035744050376,4.241133438281322e-05,8.846815550544008e-06,8.846815550544007e-07,3.926289471247338e-05,6.048682884916945e-06,6.048682884916944e-07,100
EU Railways,adap_betweenness,,49650,0.9195295860727846,4.222613204926382e-05,8.762211567860656e-06,8.762211567860655e-07,3.926289471247338e-05,6.048682884916945e-06,6.048682884916944e-07,100
EU Railways,adap_betweenness,,49700,0.9204555977405317,4.204092971571442e-05,8.672788767085822e-06,8.67278876708582e-07,3.926289471247338e-05,6.048682884916945e-06,6.048682884916944e-07,100
EU Railways,adap_betweenness,,49750,0.9213816094082784,4.204092971571442e-05,8.672788767085822e-06,8.67278876708582e-07,3.889249004537457e-05,5.584060460741986e-06,5.584060460741986e-07,100
EU Railways,adap_betweenness,,49800,0.9223076210760256,4.204092971571442e-05,8.672788767085822e-06,8.67278876708582e-07,3.889249004537457e-05,5.584060460741986e-06,5.584060460741986e-07,100
EU Railways,adap_betweenness,,49850,0.9232336327437726,4.204092971571442e-05,8.672788767085822e-06,8.67278876708582e-07,3.889249004537457e-05,5.584060460741986e-06,5.584060460741986e-07,100
EU Railways,adap_betweenness,,49900,0.9241596444115197,4.1670525048615614e-05,8.478868654919299e-06,8.478868654919297e-07,3.870728771182517e-05,5.326854176584153e-06,5.326854176584152e-07,100
EU Railways,adap_betweenness,,49950,0.9250856560792666,4.148532271506621e-05,8.374022265179207e-06,8.374022265179206e-07,3.870728771182517e-05,5.326854176584153e-06,5.326854176584152e-07,100
EU Railways,adap_betweenness,,50000,0.9260116677470136,4.148532271506621e-05,8.374022265179207e-06,8.374022265179206e-07,3.870728771182517e-05,5.326854176584153e-06,5.326854176584152e-07,100
EU Railways,adap_betweenness,,50050,0.9269376794147608,4.1114918047967406e-05,8.14754203120244e-06,8.147542031202444e-07,3.870728771182517e-05,5.326854176584153e-06,5.326854176584152e-07,100
EU Railways,adap_betweenness,,50100,0.9278636910825075,4.05593110473192e-05,7.302106572898648e-06,7.302106572898649e-07,3.870728771182517e-05,5.326854176584153e-06,5.326854176584152e-07,100
EU Railways,adap_betweenness,,50150,0.9287897027502546,4.0374108713769795e-05,7.151086575893494e-06,7.15108657589349e-07,3.852208537827577e-05,5.0497254253966235e-06,5.049725425396623e-07,100
EU Railways,adap_betweenness,,50200,0.9297157144180016,4.0374108713769795e-05,7.151086575893494e-06,7.15108657589349e-07,3.852208537827577e-05,5.0497254253966235e-06,5.049725425396623e-07,100
EU Railways,adap_betweenness,,50250,0.9306417260857488,4.0374108713769795e-05,7.151086575893494e-06,7.15108657589349e-07,3.852208537827577e-05,5.0497254253966235e-06,5.049725425396623e-07,100
EU Railways,adap_betweenness,,50300,0.9315677377534956,4.0188906380220385e-05,6.9918542099942e-06,6.9918542099942e-07,3.852208537827577e-05,5.0497254253966235e-06,5.049725425396623e-07,100
EU Railways,adap_betweenness,,50350,0.9324937494212427,4.0188906380220385e-05,6.9918542099942e-06,6.9918542099942e-07,3.8336883044726364e-05,4.749187887327396e-06,4.749187887327397e-07,100
EU Railways,adap_betweenness,,50400,0.9334197610889896,4.0188906380220385e-05,6.9918542099942e-06,6.9918542099942e-07,3.8336883044726364e-05,4.749187887327396e-06,4.749187887327397e-07,100
EU Railways,adap_betweenness,,50450,0.9343457727567368,4.000370404667099e-05,6.823834599082703e-06,6.823834599082705e-07,3.815168071117696e-05,4.420469609703529e-06,4.420469609703529e-07,100
EU Railways,adap_betweenness,,50500,0.9352717844244838,4.000370404667099e-05,6.823834599082703e-06,6.823834599082705e-07,3.796647837762756e-05,4.056725873832582e-06,4.0567258738325823e-07,100
EU Railways,adap_betweenness,,50550,0.9361977960922307,3.9633299379572184e-05,6.458655209181906e-06,6.458655209181903e-07,3.796647837762756e-05,4.056725873832582e-06,4.0567258738325823e-07,100
EU Railways,adap_betweenness,,50600,0.9371238077599778,3.944809704602278e-05,6.259795703113829e-06,6.259795703113827e-07,3.759607371052875e-05,3.1752311880315826e-06,3.175231188031581e-07,100
EU Railways,adap_betweenness,,50650,0.9380498194277248,3.926289471247338e-05,6.048682884916943e-06,6.048682884916944e-07,3.759607371052875e-05,3.1752311880315826e-06,3.175231188031581e-07,100
EU Railways,adap_betweenness,,50700,0.9389758310954718,3.9077692378923975e-05,5.823984401059727e-06,5.82398440105973e-07,3.741087137697935e-05,2.605894881679594e-06,2.605894881679594e-07,100
EU Railways,adap_betweenness,,50750,0.9399018427632188,3.889249004537457e-05,5.584060460741985e-06,5.584060460741986e-07,3.741087137697935e-05,2.605894881679594e-06,2.605894881679594e-07,100
EU Railways,adap_betweenness,,50800,0.9408278544309658,3.889249004537457e-05,5.584060460741985e-06,5.584060460741986e-07,3.722566904342995e-05,1.8520233354940265e-06,1.852023335494027e-07,100
EU Railways,adap_betweenness,,50850,0.9417538660987128,3.889249004537457e-05,5.584060460741985e-06,5.584060460741986e-07,3.722566904342995e-05,1.8520233354940265e-06,1.852023335494027e-07,100
EU Railways,adap_betweenness,,50900,0.94267987776646,3.852208537827577e-05,5.0497254253966235e-06,5.049725425396622e-07,3.722566904342995e-05,1.8520233354940265e-06,1.852023335494027e-07,100
EU Railways,adap_betweenness,,50950,0.9436058894342068,3.8336883044726364e-05,4.749187887327395e-06,4.749187887327397e-07,3.722566904342995e-05,1.8520233354940265e-06,1.852023335494027e-07,100
EU Railways,adap_betweenness,,51000,0.9445319011019538,3.796647837762756e-05,4.056725873832582e-06,4.0567258738325813e-07,3.722566904342995e-05,1.8520233354940265e-06,1.852023335494027e-07,100
EU Railways,adap_betweenness,,51050,0.9454579127697008,3.796647837762756e-05,4.056725873832582e-06,4.0567258738325813e-07,3.7040466709880545e-05,0.0,6.810401142088268e-22,100
EU Railways,adap_betweenness,,51100,0.946383924437448,3.796647837762756e-05,4.056725873832582e-06,4.0567258738325813e-07,3.7040466709880545e-05,0.0,6.810401142088268e-22,100
EU Railways,adap_betweenness,,51150,0.947309936105195,3.796647837762756e-05,4.056725873832582e-06,4.0567258738325813e-07,3.7040466709880545e-05,0.0,6.810401142088268e-22,100
EU Railways,adap_betweenness,,51200,0.948235947772942,3.796647837762756e-05,4.056725873832582e-06,4.0567258738325813e-07,3.7040466709880545e-05,0.0,6.810401142088268e-22,100
EU Railways,adap_betweenness,,51250,0.9491619594406888,3.796647837762756e-05,4.056725873832582e-06,4.0567258738325813e-07,3.7040466709880545e-05,0.0,6.810401142088268e-22,100
EU Railways,adap_betweenness,,51300,0.950087971108436,3.796647837762756e-05,4.056725873832582e-06,4.0567258738325813e-07,3.7040466709880545e-05,0.0,6.810401142088268e-22,100
EU Railways,adap_betweenness,,51350,0.951013982776183,3.7781276044078156e-05,3.647493019111627e-06,3.6474930191116286e-07,3.7040466709880545e-05,0.0,6.810401142088268e-22,100
EU Railways,adap_betweenness,,51400,0.95193999444393,3.7781276044078156e-05,3.647493019111627e-06,3.6474930191116286e-07,3.7040466709880545e-05,0.0,6.810401142088268e-22,100
EU Railways,adap_betweenness,,51450,0.952866006111677,3.7781276044078156e-05,3.647493019111627e-06,3.6474930191116286e-07,3.7040466709880545e-05,0.0,6.810401142088268e-22,100
EU Railways,adap_betweenness,,51500,0.953792017779424,3.759607371052875e-05,3.175231188031581e-06,3.175231188031581e-07,3.7040466709880545e-05,0.0,6.810401142088268e-22,100
EU Railways,adap_betweenness,,51550,0.954718029447171,3.759607371052875e-05,3.175231188031581e-06,3.175231188031581e-07,3.7040466709880545e-05,0.0,6.810401142088268e-22,100
EU Railways,adap_betweenness,,51600,0.955644041114918,3.759607371052875e-05,3.175231188031581e-06,3.175231188031581e-07,3.7040466709880545e-05,0.0,6.810401142088268e-22,100
EU Railways,adap_betweenness,,51650,0.956570052782665,3.759607371052875e-05,3.175231188031581e-06,3.175231188031581e-07,3.7040466709880545e-05,0.0,6.810401142088268e-22,100
EU Railways,adap_betweenness,,51700,0.957496064450412,3.759607371052875e-05,3.175231188031581e-06,3.175231188031581e-07,3.7040466709880545e-05,0.0,6.810401142088268e-22,100
EU Railways,adap_betweenness,,51750,0.9584220761181592,3.759607371052875e-05,3.175231188031581e-06,3.175231188031581e-07,3.7040466709880545e-05,0.0,6.810401142088268e-22,100
EU Railways,adap_betweenness,,51800,0.959348087785906,3.759607371052875e-05,3.175231188031581e-06,3.175231188031581e-07,3.7040466709880545e-05,0.0,6.810401142088268e-22,100
EU Railways,adap_betweenness,,51850,0.9602740994536532,3.759607371052875e-05,3.175231188031581e-06,3.175231188031581e-07,3.7040466709880545e-05,0.0,6.810401142088268e-22,100
EU Railways,adap_betweenness,,51900,0.9612001111214,3.722566904342995e-05,1.8520233354940267e-06,1.852023335494027e-07,3.7040466709880545e-05,0.0,6.810401142088268e-22,100
EU Railways,adap_betweenness,,51950,0.9621261227891472,3.722566904342995e-05,1.8520233354940267e-06,1.852023335494027e-07,3.7040466709880545e-05,0.0,6.810401142088268e-22,100
EU Railways,adap_betweenness,,52000,0.9630521344568942,3.722566904342995e-05,1.8520233354940267e-06,1.852023335494027e-07,3.7040466709880545e-05,0.0,6.810401142088268e-22,100
EU Railways,adap_betweenness,,52050,0.9639781461246412,3.722566904342995e-05,1.8520233354940267e-06,1.852023335494027e-07,3.7040466709880545e-05,0.0,6.810401142088268e-22,100
EU Railways,adap_betweenness,,52100,0.964904157792388,3.722566904342995e-05,1.8520233354940267e-06,1.852023335494027e-07,3.7040466709880545e-05,0.0,6.810401142088268e-22,100
EU Railways,adap_betweenness,,52150,0.9658301694601352,3.722566904342995e-05,1.8520233354940267e-06,1.852023335494027e-07,3.7040466709880545e-05,0.0,6.810401142088268e-22,100
EU Railways,adap_betweenness,,52200,0.9667561811278822,3.722566904342995e-05,1.8520233354940267e-06,1.852023335494027e-07,3.7040466709880545e-05,0.0,6.810401142088268e-22,100
EU Railways,adap_betweenness,,52250,0.9676821927956292,3.722566904342995e-05,1.8520233354940267e-06,1.852023335494027e-07,3.7040466709880545e-05,0.0,6.810401142088268e-22,100
EU Railways,adap_betweenness,,52300,0.9686082044633764,3.722566904342995e-05,1.8520233354940267e-06,1.852023335494027e-07,3.7040466709880545e-05,0.0,6.810401142088268e-22,100
EU Railways,adap_betweenness,,52350,0.9695342161311232,3.722566904342995e-05,1.8520233354940267e-06,1.852023335494027e-07,3.7040466709880545e-05,0.0,6.810401142088268e-22,100
EU Railways,adap_betweenness,,52400,0.9704602277988704,3.722566904342995e-05,1.8520233354940267e-06,1.852023335494027e-07,3.7040466709880545e-05,0.0,6.810401142088268e-22,100
EU Railways,adap_betweenness,,52450,0.9713862394666172,3.722566904342995e-05,1.8520233354940267e-06,1.852023335494027e-07,3.7040466709880545e-05,0.0,6.810401142088268e-22,100
EU Railways,adap_betweenness,,52500,0.9723122511343644,3.722566904342995e-05,1.8520233354940267e-06,1.852023335494027e-07,3.7040466709880545e-05,0.0,6.810401142088268e-22,100
EU Railways,adap_betweenness,,52550,0.9732382628021112,3.722566904342995e-05,1.8520233354940267e-06,1.852023335494027e-07,3.7040466709880545e-05,0.0,6.810401142088268e-22,100
EU Railways,adap_betweenness,,52600,0.9741642744698584,3.722566904342995e-05,1.8520233354940267e-06,1.852023335494027e-07,3.7040466709880545e-05,0.0,6.810401142088268e-22,100
EU Railways,adap_betweenness,,52650,0.9750902861376052,3.722566904342995e-05,1.8520233354940267e-06,1.852023335494027e-07,3.7040466709880545e-05,0.0,6.810401142088268e-22,100
EU Railways,adap_betweenness,,52700,0.9760162978053524,3.722566904342995e-05,1.8520233354940267e-06,1.852023335494027e-07,3.7040466709880545e-05,0.0,6.810401142088268e-22,100
EU Railways,adap_betweenness,,52750,0.9769423094730992,3.722566904342995e-05,1.8520233354940267e-06,1.852023335494027e-07,3.7040466709880545e-05,0.0,6.810401142088268e-22,100
EU Railways,adap_betweenness,,52800,0.9778683211408464,3.722566904342995e-05,1.8520233354940267e-06,1.852023335494027e-07,3.7040466709880545e-05,0.0,6.810401142088268e-22,100
EU Railways,adap_betweenness,,52850,0.9787943328085934,3.722566904342995e-05,1.8520233354940267e-06,1.852023335494027e-07,3.7040466709880545e-05,0.0,6.810401142088268e-22,100
EU Railways,adap_betweenness,,52900,0.9797203444763404,3.7040466709880545e-05,0.0,6.810401142088268e-22,3.7040466709880545e-05,0.0,6.810401142088268e-22,100
EU Railways,adap_betweenness,,52950,0.9806463561440876,3.7040466709880545e-05,0.0,6.810401142088268e-22,3.7040466709880545e-05,0.0,6.810401142088268e-22,100
EU Railways,adap_betweenness,,53000,0.9815723678118344,3.7040466709880545e-05,0.0,6.810401142088268e-22,3.7040466709880545e-05,0.0,6.810401142088268e-22,100
EU Railways,adap_betweenness,,53050,0.9824983794795814,3.7040466709880545e-05,0.0,6.810401142088268e-22,3.7040466709880545e-05,0.0,6.810401142088268e-22,100
EU Railways,adap_betweenness,,53100,0.9834243911473284,3.7040466709880545e-05,0.0,6.810401142088268e-22,3.7040466709880545e-05,0.0,6.810401142088268e-22,100
EU Railways,adap_betweenness,,53150,0.9843504028150756,3.7040466709880545e-05,0.0,6.810401142088268e-22,3.7040466709880545e-05,0.0,6.810401142088268e-22,100
EU Railways,adap_betweenness,,53200,0.9852764144828224,3.7040466709880545e-05,0.0,6.810401142088268e-22,3.7040466709880545e-05,0.0,6.810401142088268e-22,100
EU Railways,adap_betweenness,,53250,0.9862024261505696,3.7040466709880545e-05,0.0,6.810401142088268e-22,3.7040466709880545e-05,0.0,6.810401142088268e-22,100
EU Railways,adap_betweenness,,53300,0.9871284378183164,3.7040466709880545e-05,0.0,6.810401142088268e-22,3.7040466709880545e-05,0.0,6.810401142088268e-22,100
EU Railways,adap_betweenness,,53350,0.9880544494860636,3.7040466709880545e-05,0.0,6.810401142088268e-22,3.685526437633114e-05,1.852023335494026e-06,1.8520233354940278e-07,100
EU Railways,adap_betweenness,,53400,0.9889804611538106,3.7040466709880545e-05,0.0,6.810401142088268e-22,3.667006204278174e-05,2.605894881679594e-06,2.605894881679595e-07,100
EU Railways,adap_betweenness,,53450,0.9899064728215576,3.7040466709880545e-05,0.0,6.810401142088268e-22,3.537364570793592e-05,5.3268541765841524e-06,5.326854176584154e-07,100
EU Railways,adap_betweenness,,53500,0.9908324844893046,3.667006204278174e-05,2.605894881679595e-06,2.6058948816795946e-07,3.38920270395407e-05,6.991854209994198e-06,6.991854209994202e-07,100
EU Railways,adap_betweenness,,53550,0.9917584961570516,3.5744050375034726e-05,4.749187887327398e-06,4.749187887327397e-07,3.1669599036947865e-05,8.446115780573546e-06,8.446115780573546e-07,100
EU Railways,adap_betweenness,,53600,0.9926845078247986,3.518844337438652e-05,5.584060460741986e-06,5.584060460741987e-07,2.926196870080563e-05,9.186868483171743e-06,9.186868483171742e-07,100
EU Railways,adap_betweenness,,53650,0.9936105194925456,3.4262431706639504e-05,6.646361353507486e-06,6.646361353507486e-07,2.7039540698212796e-05,9.276937975035337e-06,9.276937975035338e-07,100
EU Railways,adap_betweenness,,53700,0.9945365311602926,3.204000370404667e-05,8.263654844679574e-06,8.263654844679575e-07,2.4817112695619966e-05,8.8173947322812e-06,8.8173947322812e-07,100
EU Railways,adap_betweenness,,53750,0.9954625428280396,2.870636170015742e-05,9.260116677470136e-06,9.260116677470136e-07,2.2594684693027133e-05,7.71058801543155e-06,7.710588015431551e-07,100
EU Railways,adap_betweenness,,53800,0.9963885544957868,2.5743124363366977e-05,9.078750439859195e-06,9.078750439859195e-07,2.0372256690434303e-05,5.584060460741987e-06,5.584060460741987e-07,100
EU Railways,adap_betweenness,,53850,0.9973145661635336,2.296508936012594e-05,7.94952673378883e-06,7.94952673378883e-07,1.907584035558848e-05,3.1752311880315826e-06,3.1752311880315816e-07,100
EU Railways,adap_betweenness,,53900,0.9982405778312808,2.111306602463191e-05,6.458655209181906e-06,6.458655209181905e-07,1.8520233354940272e-05,0.0,3.405200571044134e-22,100
EU Railways,adap_betweenness,,53950,0.9991665894990276,1.8520233354940272e-05,0.0,3.405200571044134e-22,1.8520233354940272e-05,0.0,3.405200571044134e-22,100
EU Railways,adap_betweenness,,53995,1.0,0.0,0.0,0.0,0.0,0.0,0.0,100
