label,protocol,m,removed,p,mean_S1_over_N,sd_S1_over_N,sem_S1_over_N,mean_S2_over_N,sd_S2_over_N,sem_S2_over_N,n
US Power Grid,adap_betweenness,,0,0.0,1.0,0.0,0.0,0.0,0.0,0.0,100
US Power Grid,adap_betweenness,,70,0.0009741705633489,0.9972597973725229,5.227783191194521e-05,5.227783191192439e-06,0.0004175016700066,0.0,5.448320913670614e-21,100
US Power Grid,adap_betweenness,,140,0.0019483411266978,0.9949188655087954,0.000108249316589488,1.0824931658947349e-05,0.00042000668002664,2.5050100200399992e-05,2.505010020039999e-06,100
US Power Grid,adap_betweenness,,210,0.0029225116900467,0.9918964317523937,0.0006806323532388112,6.806323532388184e-05,0.0005984190603428321,0.00017706467808537534,1.7706467808537536e-05,100
US Power Grid,adap_betweenness,,280,0.0038966822533956,0.9238790080160321,0.09365235117921873,0.009365235117921873,0.06587786684480065,0.093391700009791,0.009339170000979103,100
US Power Grid,adap_betweenness,,350,0.0048708528167446,0.8304385159207304,0.08088695167357113,0.00808869516735711,0.15627532843464703,0.08064319780318406,0.008064319780318407,100
US Power Grid,adap_betweenness,,420,0.0058450233800935,0.787786127811178,0.01982152124294495,0.001982152124294495,0.19558116232464925,0.01971228617568195,0.0019712286175681947,100
US Power Grid,adap_betweenness,,490,0.0068191939434424,0.7826340180360722,0.0013045364391451567,0.00013045364391451447,0.1974575539968826,0.0009324434647138923,9.324434647138918e-05,100
US Power Grid,adap_betweenness,,560,0.0077933645067913,0.7657066911600979,0.04647620828015206,0.0046476208280152075,0.1986414495657982,0.011811669405450215,0.0011811669405450216,100
US Power Grid,adap_betweenness,,630,0.0087675350701402,0.7140332052994879,0.09885858656585972,0.009885858656585976,0.2084214261857047,0.03528581109316996,0.003528581109316995,100
US Power Grid,adap_betweenness,,700,0.0097417056334892,0.638061539746159,0.1269481423237632,0.01269481423237632,0.22628298263193047,0.05207189058059195,0.0052071890580591956,100
US Power Grid,adap_betweenness,,770,0.0107158761968381,0.49019344244043644,0.10021825844207562,0.010021825844207563,0.25138401803607213,0.060157298582552796,0.00601572985825528,100
US Power Grid,adap_betweenness,,840,0.011690046760187,0.4485489033622801,0.06471585362678105,0.006471585362678107,0.2440831663326653,0.05928337028690231,0.005928337028690231,100
US Power Grid,adap_betweenness,,910,0.0126642173235359,0.41115439211756843,0.06060827169647715,0.0060608271696477155,0.22106156757960363,0.04756533836765689,0.004756533836765689,100
US Power Grid,adap_betweenness,,980,0.0136383878868848,0.3748073925629036,0.06810078366921762,0.006810078366921763,0.21050712536183475,0.03575368821022028,0.003575368821022028,100
US Power Grid,adap_betweenness,,1050,0.0146125584502338,0.3336066577599644,0.06533853283797345,0.006533853283797344,0.20775982520596745,0.03324271949027104,0.003324271949027105,100
US Power Grid,adap_betweenness,,1120,0.0155867290135827,0.2777607993765308,0.07353978697638965,0.007353978697638963,0.19744948229792914,0.021235679549826275,0.0021235679549826284,100
US Power Grid,adap_betweenness,,1190,0.0165608995769316,0.23489645958583832,0.0557254641920116,0.00557254641920116,0.19098057225562232,0.010164618017612048,0.0010164618017612051,100
US Power Grid,adap_betweenness,,1260,0.0175350701402805,0.2044241260298374,0.02571194320620485,0.002571194320620486,0.18207929748385657,0.015971034912919953,0.0015971034912919961,100
US Power Grid,adap_betweenness,,1330,0.0185092407036294,0.1937192440436428,0.018313954198430422,0.0018313954198430423,0.17218255956357154,0.019943516909442256,0.0019943516909442264,100
US Power Grid,adap_betweenness,,1400,0.0194834112669784,0.18305277221108882,0.017000766918977468,0.0017000766918977464,0.15789913159652635,0.021783580948290505,0.0021783580948290505,100
US Power Grid,adap_betweenness,,1470,0.0204575818303273,0.16985985860610106,0.021086488433840707,0.002108648843384071,0.14327098641727898,0.019694195961410504,0.0019694195961410506,100
US Power Grid,adap_betweenness,,1540,0.0214317523936762,0.1568054163883322,0.020245499151400257,0.0020245499151400267,0.1312536183478067,0.016838235986472827,0.0016838235986472833,100
US Power Grid,adap_betweenness,,1610,0.0224059229570251,0.14293322756624355,0.017912654502301967,0.001791265450230197,0.11988950122467151,0.017397854250230854,0.0017397854250230855,100
US Power Grid,adap_betweenness,,1680,0.023380093520374,0.133460532175462,0.01676187700484474,0.0016761877004844747,0.11059535738142948,0.016588651156520567,0.0016588651156520568,100
US Power Grid,adap_betweenness,,1750,0.024354264083723,0.12591405032286793,0.01668709178228221,0.0016687091782282208,0.10353902248942325,0.01604272637251471,0.0016042726372514711,100
US Power Grid,adap_betweenness,,1820,0.0253284346470719,0.11689337007348026,0.015028828168441078,0.0015028828168441076,0.09307336896014247,0.012052028489019942,0.0012052028489019945,100
US Power Grid,adap_betweenness,,1890,0.0263026052104208,0.10936052660877307,0.015178758199915288,0.001517875819991529,0.0889227065241594,0.009072378127459556,0.0009072378127459556,100
US Power Grid,adap_betweenness,,1960,0.0272767757737697,0.09765252727677573,0.015030232279470514,0.0015030232279470515,0.08300239367624133,0.008099905217038196,0.0008099905217038194,100
US Power Grid,adap_betweenness,,2030,0.0282509463371186,0.09094828545980846,0.013270954408000702,0.00132709544080007,0.0793446615453128,0.00784657843726853,0.000784657843726853,100
US Power Grid,adap_betweenness,,2100,0.0292251169004676,0.0842805054553551,0.009977200623099348,0.0009977200623099349,0.07547497773324423,0.008192700270689865,0.0008192700270689867,100
US Power Grid,adap_betweenness,,2170,0.0301992874638165,0.07752463259853036,0.009286161146180062,0.0009286161146180064,0.06914453907815626,0.008401956671864734,0.0008401956671864735,100
US Power Grid,adap_betweenness,,2240,0.0311734580271654,0.07147934758405695,0.008887423941133432,0.0008887423941133432,0.06383878868848804,0.007537116498257935,0.0007537116498257934,100
US Power Grid,adap_betweenness,,2310,0.0321476285905143,0.06588802605210417,0.008483245933013816,0.0008483245933013819,0.05902861278111775,0.007100834204799761,0.0007100834204799763,100
US Power Grid,adap_betweenness,,2380,0.0331217991538632,0.06139403807615226,0.007973142010657228,0.0007973142010657228,0.054671843687374704,0.0071389280752038615,0.000713892807520386,100
US Power Grid,adap_betweenness,,2450,0.0340959697172122,0.05706760743709637,0.007099431485861227,0.0007099431485861227,0.05075553885548871,0.007071567277289583,0.0007071567277289583,100
US Power Grid,adap_betweenness,,2520,0.0350701402805611,0.05221303718548203,0.008090671547017038,0.0008090671547017041,0.04491343798708523,0.007826338305807649,0.0007826338305807649,100
US Power Grid,adap_betweenness,,2590,0.03604431084391,0.04699663215319523,0.007907723117558869,0.0007907723117558868,0.040493765308394526,0.006260587680128827,0.0006260587680128828,100
US Power Grid,adap_betweenness,,2660,0.0370184814072589,0.04084571921621014,0.0074872043221392084,0.0007487204322139207,0.03560983077265638,0.005418280571616182,0.0005418280571616183,100
US Power Grid,adap_betweenness,,2730,0.0379926519706078,0.03726438989089285,0.005995508464142845,0.0005995508464142847,0.03292863504787348,0.004301515244093878,0.00043015152440938775,100
US Power Grid,adap_betweenness,,2800,0.0389668225339568,0.03498970162547313,0.005677375136881023,0.0005677375136881023,0.0314423291026497,0.004128563125824498,0.00041285631258244985,100
US Power Grid,adap_betweenness,,2870,0.0399409930973057,0.03194694945446444,0.005016265466348447,0.0005016265466348447,0.028979625918503626,0.003610982137511834,0.00036109821375118333,100
US Power Grid,adap_betweenness,,2940,0.0409151636606546,0.029609635938543707,0.003995834374543683,0.0003995834374543682,0.027052438209752793,0.0030287388111729127,0.00030287388111729127,100
US Power Grid,adap_betweenness,,3010,0.0418893342240035,0.027051324871966105,0.0037208564860236396,0.00037208564860236385,0.02480126920507678,0.0028733871345330442,0.0002873387134533044,100
US Power Grid,adap_betweenness,,3080,0.0428635047873524,0.024924432197728746,0.0029437423916653447,0.00029437423916653453,0.023168420173680652,0.002525107317175597,0.00025251073171755976,100
US Power Grid,adap_betweenness,,3150,0.0438376753507014,0.02360665775996433,0.0027359438520398144,0.00027359438520398145,0.022179219550211494,0.0022649491088842007,0.00022649491088842007,100
US Power Grid,adap_betweenness,,3220,0.0448118459140503,0.02230836673346689,0.002352731939200352,0.00023527319392003515,0.02073188042752166,0.001905173205817049,0.00019051732058170486,100
US Power Grid,adap_betweenness,,3290,0.0457860164773992,0.02127268425740365,0.001967123770351824,0.00019671237703518238,0.019843576040970784,0.001873139504777666,0.0001873139504777666,100
US Power Grid,adap_betweenness,,3360,0.0467601870407481,0.02016421732353592,0.002053361939444049,0.00020533619394440494,0.018534290803829834,0.0020780883884356604,0.00020780883884356614,100
US Power Grid,adap_betweenness,,3430,0.047734357604097,0.018954297483856554,0.0024333631122563514,0.00024333631122563506,0.017234747272322375,0.0020240006356399463,0.00020240006356399463,100
US Power Grid,adap_betweenness,,3500,0.048708528167446,0.017960086840347313,0.002305728691603715,0.0002305728691603715,0.01639236806947223,0.0020180375765131878,0.00020180375765131876,100
US Power Grid,adap_betweenness,,3570,0.0496826987307949,0.016708138499220617,0.002304178682042028,0.0002304178682042028,0.015110498775328383,0.0017241805602249622,0.00017241805602249616,100
US Power Grid,adap_betweenness,,3640,0.0506568692941438,0.015790887330215938,0.0019496360309654184,0.00019496360309654187,0.014269511244711595,0.001640091167716557,0.00016400911677165575,100
US Power Grid,adap_betweenness,,3710,0.0516310398574927,0.014698424627031794,0.0019988167420284123,0.00019988167420284124,0.013240091293698457,0.0016297688082348087,0.0001629768808234809,100
US Power Grid,adap_betweenness,,3780,0.0526052104208416,0.013674988866622082,0.001989262581219295,0.00019892625812192944,0.012486361612113068,0.0016794237961576947,0.00016794237961576943,100
US Power Grid,adap_betweenness,,3850,0.0535793809841906,0.012920145847250002,0.0019922570964041805,0.00019922570964041805,0.011714679358717384,0.0014553483477358234,0.00014553483477358235,100
US Power Grid,adap_betweenness,,3920,0.0545535515475395,0.011919394344243993,0.0018853673734986298,0.00018853673734986297,0.010829854152749896,0.00131701262071903,0.00013170126207190302,100
US Power Grid,adap_betweenness,,3990,0.0555277221108884,0.011197673124025783,0.0016967391275810174,0.00016967391275810173,0.010394399910932932,0.0012299611798740355,0.00012299611798740354,100
US Power Grid,adap_betweenness,,4060,0.0565018926742373,0.010528696281451746,0.0015032498798050768,0.00015032498798050767,0.00977774994433306,0.0011683017589052878,0.00011683017589052876,100
US Power Grid,adap_betweenness,,4130,0.0574760632375862,0.010057754397684209,0.0013583688482367608,0.00013583688482367604,0.009314323090625649,0.0010812432774967426,0.00010812432774967425,100
US Power Grid,adap_betweenness,,4200,0.0584502338009352,0.009536712313515877,0.0011849065328957086,0.00011849065328957088,0.008803440213760803,0.0009716775855099121,9.716775855099118e-05,100
US Power Grid,adap_betweenness,,4270,0.0594244043642841,0.008967518370073433,0.0010909902254059671,0.00010909902254059669,0.008275439768425687,0.0008401128097635298,8.401128097635296e-05,100
US Power Grid,adap_betweenness,,4340,0.060398574927633,0.00846637719884208,0.0009098507350256131,9.098507350256128e-05,0.0078406813627254,0.0007223383004524634,7.223383004524635e-05,100
US Power Grid,adap_betweenness,,4410,0.0613727454909819,0.00795048430193716,0.0007857893829365996,7.857893829365996e-05,0.007397433756401644,0.0006647715637451798,6.647715637451797e-05,100
US Power Grid,adap_betweenness,,4480,0.0623469160543308,0.007569583611667728,0.0007165891915770412,7.165891915770413e-05,0.007043531507459317,0.0006148426896966185,6.148426896966183e-05,100
US Power Grid,adap_betweenness,,4550,0.0633210866176798,0.007303635047873478,0.0007236011504465026,7.236011504465024e-05,0.006742512803384503,0.0006437575174838273,6.437575174838273e-05,100
US Power Grid,adap_betweenness,,4620,0.0642952571810287,0.006945557782231082,0.0006532784428342379,6.53278442834238e-05,0.006431334892006187,0.000647482037588374,6.474820375883742e-05,100
US Power Grid,adap_betweenness,,4690,0.0652694277443776,0.006722055221554171,0.0006131339085955959,6.13133908595596e-05,0.006180973057225511,0.0006131850849841148,6.131850849841147e-05,100
US Power Grid,adap_betweenness,,4760,0.0662435983077265,0.006431474059229523,0.0006560436238988299,6.560436238988297e-05,0.005852538410153591,0.0005754605692306335,5.7546056923063364e-05,100
US Power Grid,adap_betweenness,,4830,0.0672177688710754,0.006148407926964999,0.0006294198820528285,6.294198820528283e-05,0.0055911823647294134,0.0005798452795010735,5.798452795010735e-05,100
US Power Grid,adap_betweenness,,4900,0.0681919394344244,0.005926018704074775,0.0007034038409858353,7.034038409858354e-05,0.0053262079714985035,0.0005597532347292377,5.597532347292377e-05,100
US Power Grid,adap_betweenness,,4970,0.0691661099977733,0.0055253562680916924,0.0006624665038335734,6.624665038335735e-05,0.005005149187263366,0.00045785623384171745,4.578562338417175e-05,100
US Power Grid,adap_betweenness,,5040,0.0701402805611222,0.00529851369405473,0.0006329342323267622,6.329342323267622e-05,0.004784151636606495,0.00040115080903528854,4.0115080903528856e-05,100
US Power Grid,adap_betweenness,,5110,0.0711144511244711,0.005029920953017095,0.0005842588115767131,5.842588115767131e-05,0.00456371075484297,0.00040407788804093416,4.0407788804093435e-05,100
US Power Grid,adap_betweenness,,5180,0.07208862168782,0.004799460031173408,0.0005598985188063307,5.5989851880633054e-05,0.004382932531730079,0.00038282458006820943,3.828245800682093e-05,100
US Power Grid,adap_betweenness,,5250,0.073062792251169,0.00462731017590732,0.0005374202531566247,5.3742025315662484e-05,0.004229013582720949,0.00033064753011572556,3.306475301157255e-05,100
US Power Grid,adap_betweenness,,5320,0.0740369628145179,0.004415358494767264,0.00048450134413125905,4.845013441312594e-05,0.00401344355377416,0.00031070226416401726,3.1070226416401726e-05,100
US Power Grid,adap_betweenness,,5390,0.0750111333778668,0.004273964595858335,0.00046387343256969454,4.638734325696948e-05,0.003869962146515203,0.00029273393958044523,2.9273393958044524e-05,100
US Power Grid,adap_betweenness,,5460,0.0759853039412157,0.0040606212424849145,0.0004525278691641828,4.525278691641827e-05,0.0036701180138053392,0.0003006946428636728,3.0069464286367263e-05,100
US Power Grid,adap_betweenness,,5530,0.0769594745045646,0.00389097639723887,0.00043905775792415667,4.390577579241566e-05,0.0035145290581161796,0.00028043106769788597,2.8043106769788597e-05,100
US Power Grid,adap_betweenness,,5600,0.0779336450679136,0.003751670006679976,0.00043622407116133835,4.362240711613385e-05,0.003409179470051161,0.0002808077681715556,2.808077681715556e-05,100
US Power Grid,adap_betweenness,,5670,0.0789078156312625,0.003548903362280063,0.00039834485855416723,3.983448585541673e-05,0.003236333778668398,0.0002457257938452971,2.4572579384529694e-05,100
US Power Grid,adap_betweenness,,5740,0.0798819861946114,0.003438682921398303,0.0003883712645481617,3.883712645481615e-05,0.0031373858828768132,0.0002514155558006817,2.5141555580068163e-05,100
US Power Grid,adap_betweenness,,5810,0.0808561567579603,0.003234663771988369,0.00038853322804057307,3.885332280405732e-05,0.002963148519260696,0.0002502719195353726,2.5027191953537263e-05,100
US Power Grid,adap_betweenness,,5880,0.0818303273213092,0.003081440659095915,0.0003524247654288667,3.524247654288667e-05,0.002838454687152034,0.00022239432673824169,2.2239432673824173e-05,100
US Power Grid,adap_betweenness,,5950,0.0828044978846582,0.0029621743486973415,0.0003018135098823655,3.018135098823655e-05,0.002749248496993938,0.00021320974843548927,2.1320974843548935e-05,100
US Power Grid,adap_betweenness,,6020,0.0837786684480071,0.0028430472055221063,0.00029456345009839027,2.945634500983902e-05,0.0026670006680026242,0.00020636640739800006,2.06366407398e-05,100
US Power Grid,adap_betweenness,,6090,0.084752839011356,0.0027543976842573543,0.0002588484657782677,2.5884846577826773e-05,0.002582108661767936,0.00020482396554005947,2.048239655400596e-05,100
US Power Grid,adap_betweenness,,6160,0.0857270095747049,0.002660459808505853,0.0002445101102912979,2.445101102912979e-05,0.002476898240926252,0.00018482718944366785,1.8482718944366795e-05,100
US Power Grid,adap_betweenness,,6230,0.0867011801380538,0.002577098641727851,0.0002272279598780435,2.2722795987804353e-05,0.0023935370741482538,0.00017361141042700646,1.736114104270065e-05,100
US Power Grid,adap_betweenness,,6300,0.0876753507014028,0.002483299933199684,0.00023084053646030717,2.308405364603071e-05,0.002334251837007304,0.00017757058836258754,1.7757058836258758e-05,100
US Power Grid,adap_betweenness,,6370,0.0886495212647517,0.002381012024048052,0.0002055930646809169,2.0559306468091692e-05,0.0022481073257625862,0.00015112796474004597,1.5112796474004599e-05,100
US Power Grid,adap_betweenness,,6440,0.0896236918281006,0.002298346693386728,0.0001765487861039904,1.7654878610399046e-05,0.002179219550211485,0.0001535254110541932,1.5352541105419316e-05,100
US Power Grid,adap_betweenness,,6510,0.0905978623914495,0.002228763081718946,0.00017192286211738909,1.7192286211738907e-05,0.0021030950790469362,0.00015192661711386853,1.5192661711386848e-05,100
US Power Grid,adap_betweenness,,6580,0.0915720329547984,0.002161266978401198,0.0001848538606142674,1.848538606142675e-05,0.0020396348252059177,0.00015110077830543712,1.5110077830543718e-05,100
US Power Grid,adap_betweenness,,6650,0.0925462035181474,0.002130232687597368,0.00018257241981101775,1.825724198110176e-05,0.00199440547762186,0.00015369861287803152,1.536986128780315e-05,100
US Power Grid,adap_betweenness,,6720,0.0935203740814963,0.0020499331997327467,0.00017695968536696915,1.769596853669691e-05,0.001905895123580445,0.00012929122353215323,1.292912235321532e-05,100
US Power Grid,adap_betweenness,,6790,0.0944945446448452,0.001993431307058509,0.00018230289227830727,1.8230289227830735e-05,0.0018609441104430599,0.00013023656136265232,1.302365613626523e-05,100
US Power Grid,adap_betweenness,,6860,0.0954687152081941,0.001926074370964099,0.0001881839782019526,1.8818397820195258e-05,0.001800267201068755,0.00013039328881350308,1.3039328881350312e-05,100
US Power Grid,adap_betweenness,,6930,0.096442885771543,0.001880149187263365,0.00017768782679890893,1.7768782679890896e-05,0.0017540636829213498,0.00012434789420951697,1.24347894209517e-05,100
US Power Grid,adap_betweenness,,7000,0.097417056334892,0.0018265698062791748,0.0001626972828261165,1.626972828261165e-05,0.0017099476731239772,0.00011644665734995003,1.1644665734995003e-05,100
US Power Grid,adap_betweenness,,7070,0.0983912268982409,0.001767702070808237,0.00015527248551719733,1.5527248551719732e-05,0.001665553328879929,0.00011143705189067832,1.1143705189067834e-05,100
US Power Grid,adap_betweenness,,7140,0.0993653974615898,0.0017251169004675552,0.00014416509605818197,1.4416509605818202e-05,0.001625194834112619,0.00010566456976469404,1.0566456976469403e-05,100
US Power Grid,adap_betweenness,,7210,0.1003395680249387,0.001684619238476903,0.00014083531587679558,1.4083531587679563e-05,0.0015837230015586228,0.00010703354236564257,1.070335423656426e-05,100
US Power Grid,adap_betweenness,,7280,0.1013137385882877,0.001641755733689552,0.00014727350608293656,1.4727350608293656e-05,0.001545869516811351,0.00010962821625225618,1.096282162522562e-05,100
US Power Grid,adap_betweenness,,7350,0.1022879091516366,0.001610582275662387,0.00014442181469967563,1.4442181469967564e-05,0.001514835226007518,0.0001002647118133881,1.0026471181338806e-05,100
US Power Grid,adap_betweenness,,7420,0.1032620797149855,0.001571615453128432,0.00013658848853948202,1.3658848853948199e-05,0.001469605878423463,0.00010401163676235326,1.0401163676235326e-05,100
US Power Grid,adap_betweenness,,7490,0.1042362502783344,0.0015447561790246712,0.00014232246115289689,1.4232246115289692e-05,0.0014413549320863451,0.00010204168184601126,1.0204168184601126e-05,100
US Power Grid,adap_betweenness,,7560,0.1052104208416833,0.001498552660877267,0.00013864443459329405,1.3864443459329404e-05,0.001397238922288979,0.0001034458394370001,1.0344583943700007e-05,100
US Power Grid,adap_betweenness,,7630,0.1061845914050323,0.001468214206190115,0.0001415713411696825,1.4157134116968248e-05,0.001361333778668406,0.00010292217870746453,1.029221787074645e-05,100
US Power Grid,adap_betweenness,,7700,0.1071587619683812,0.001434118236472908,0.00015517663874211474,1.5517663874211474e-05,0.001328072812291204,0.00010318557362479128,1.0318557362479122e-05,100
US Power Grid,adap_betweenness,,7770,0.1081329325317301,0.001388053885548835,0.00014372611797598402,1.4372611797598399e-05,0.001286600979737206,9.801516551751089e-05,9.801516551751088e-06,100
US Power Grid,adap_betweenness,,7840,0.109107103095079,0.001351035404141571,0.00014056147039644848,1.4056147039644856e-05,0.001256819193943394,9.310850461482691e-05,9.31085046148269e-06,100
US Power Grid,adap_betweenness,,7910,0.1100812736584279,0.0013215319527944318,0.0001362825713398718,1.3628257133987174e-05,0.001230238254286303,8.730293394957767e-05,8.730293394957764e-06,100
US Power Grid,adap_betweenness,,7980,0.1110554442217768,0.0012879926519705632,0.00013134782344850768,1.3134782344850763e-05,0.001195307281229073,8.635427615865955e-05,8.635427615865961e-06,100
US Power Grid,adap_betweenness,,8050,0.1120296147851258,0.0012565408594967231,0.00011731100628511966,1.1731100628511967e-05,0.0011667780004452901,7.799386735111783e-05,7.79938673511178e-06,100
US Power Grid,adap_betweenness,,8120,0.1130037853484747,0.00122411489645954,0.00011655186241251846,1.1655186241251851e-05,0.001142145401914897,7.16545018222557e-05,7.165450182225569e-06,100
US Power Grid,adap_betweenness,,8190,0.1139779559118236,0.001186678913382272,9.700158054804879e-05,9.700158054804882e-06,0.0011116677800044091,6.558258429276815e-05,6.558258429276815e-06,100
US Power Grid,adap_betweenness,,8260,0.1149521264751725,0.0011578712981518099,8.90336305988489e-05,8.903363059884888e-06,0.001081885994210602,6.0244778874595985e-05,6.024477887459599e-06,100
US Power Grid,adap_betweenness,,8330,0.1159262970385214,0.001130177020708036,9.34357033038744e-05,9.343570330387437e-06,0.0010604542418169271,5.9931576700508135e-05,5.993157670050816e-06,100
US Power Grid,adap_betweenness,,8400,0.1169004676018704,0.0011108327766643949,9.316490241410489e-05,9.31649024141049e-06,0.001040692496103277,6.225570283354946e-05,6.225570283354943e-06,100
US Power Grid,adap_betweenness,,8470,0.1178746381652193,0.001087731017590693,9.05310072694022e-05,9.053100726940221e-06,0.001021904920952979,6.19304015460698e-05,6.193040154606979e-06,100
US Power Grid,adap_betweenness,,8540,0.1188488087285682,0.001068804275217059,8.303043531278182e-05,8.303043531278185e-06,0.001005622355822716,6.143452346476403e-05,6.143452346476405e-06,100
US Power Grid,adap_betweenness,,8610,0.1198229792919171,0.001038187486083235,7.724480562140633e-05,7.724480562140631e-06,0.000980015586728972,5.13596783463617e-05,5.1359678346361705e-06,100
US Power Grid,adap_betweenness,,8680,0.120797149855266,0.001026219104876375,7.551905070527503e-05,7.551905070527503e-06,0.000962063014918678,4.5608870185604476e-05,4.560887018560449e-06,100
US Power Grid,adap_betweenness,,8750,0.121771320418615,0.001011745713649479,7.57229063092991e-05,7.572290630929912e-06,0.0009485637942551289,5.014703615974723e-05,5.014703615974723e-06,100
US Power Grid,adap_betweenness,,8820,0.1227454909819639,0.0009878089512357592,7.77994832374487e-05,7.779948323744874e-06,0.000927967045201467,5.073500467040219e-05,5.073500467040219e-06,100
US Power Grid,adap_betweenness,,8890,0.1237196615453128,0.000975283901135559,7.829328447106223e-05,7.829328447106222e-06,0.000906674460031123,5.025050514117377e-05,5.025050514117378e-06,100
US Power Grid,adap_betweenness,,8960,0.1246938321086617,0.000953573814295211,7.303966099183611e-05,7.303966099183614e-06,0.000887469383210817,5.244054930017781e-05,5.2440549300177836e-06,100
US Power Grid,adap_betweenness,,9030,0.1256680026720107,0.000934368737474906,6.959822971940712e-05,6.959822971940712e-06,0.0008732743264305901,4.8668347894023806e-05,4.866834789402383e-06,100
US Power Grid,adap_betweenness,,9100,0.1266421732353596,0.000919199510131331,6.960820758754001e-05,6.960820758754001e-06,0.0008613059452237309,5.251659713933109e-05,5.251659713933109e-06,100
US Power Grid,adap_betweenness,,9170,0.1276163437987085,0.000897489423290982,7.457736438457473e-05,7.457736438457472e-06,0.0008389000222667049,5.591514987054889e-05,5.591514987054888e-06,100
US Power Grid,adap_betweenness,,9240,0.1285905143620574,0.000882876864840746,7.327605149453349e-05,7.3276051494533455e-06,0.000825539968826495,5.314554531888377e-05,5.3145545318883786e-06,100
US Power Grid,adap_betweenness,,9310,0.1295646849254063,0.000858800935203699,6.549348183938551e-05,6.549348183938548e-06,0.000809257403696236,4.950528564046675e-05,4.950528564046675e-06,100
US Power Grid,adap_betweenness,,9380,0.1305388554887553,0.000837090848363347,6.243753857482193e-05,6.243753857482193e-06,0.000792696504119299,4.7138737240356845e-05,4.713873724035684e-06,100
US Power Grid,adap_betweenness,,9450,0.1315130260521042,0.000831245824983255,6.454752583794944e-05,6.454752583794943e-06,0.0007814239590291169,4.084418447338999e-05,4.0844184473389994e-06,100
US Power Grid,adap_betweenness,,9520,0.1324871966154531,0.0008060565575595149,5.6284792420348704e-05,5.628479242034869e-06,0.0007574871966154061,3.91258975241643e-05,3.91258975241643e-06,100
US Power Grid,adap_betweenness,,9590,0.133461367178802,0.000795201514139339,5.492463564857422e-05,5.492463564857426e-06,0.0007456579826318869,3.826261502132054e-05,3.826261502132056e-06,100
US Power Grid,adap_betweenness,,9660,0.1344355377421509,0.0007762747717657039,5.0761989121382006e-05,5.076198912138198e-06,0.000727566243598267,3.663802574725577e-05,3.6638025747255805e-06,100
US Power Grid,adap_betweenness,,9730,0.1354097083054999,0.000755956357158716,4.7302796550041986e-05,4.7302796550042e-06,0.000716432865731425,3.5021865988286854e-05,3.5021865988286854e-06,100
US Power Grid,adap_betweenness,,9800,0.1363838788688488,0.0007444054776218661,4.477949372521255e-05,4.477949372521253e-06,0.0007066911600979339,3.42937046217643e-05,3.4293704621764314e-06,100
US Power Grid,adap_betweenness,,9870,0.1373580494321977,0.000729375417501628,4.5584843611493754e-05,4.558484361149377e-06,0.0006952794477844159,3.6253696410159615e-05,3.62536964101596e-06,100
US Power Grid,adap_betweenness,,9940,0.1383322199955466,0.0007208862168781569,4.7224980868031885e-05,4.722498086803188e-06,0.000684424404364242,3.568040622547444e-05,3.5680406225474448e-06,100
US Power Grid,adap_betweenness,,10010,0.1393063905588955,0.000709196170117969,4.972392620208737e-05,4.9723926202087385e-06,0.0006725951903807121,3.4206599022554234e-05,3.4206599022554246e-06,100
US Power Grid,adap_betweenness,,10080,0.1402805611222445,0.000695696949454421,5.052693528229413e-05,5.052693528229413e-06,0.0006610443108438641,3.791953775002199e-05,3.7919537750021997e-06,100
US Power Grid,adap_betweenness,,10150,0.1412547316855934,0.000685537742150923,4.994768087839945e-05,4.994768087839947e-06,0.000650606769093696,3.4960086408631515e-05,3.4960086408631516e-06,100
US Power Grid,adap_betweenness,,10220,0.1422289022489423,0.0006730126920507219,4.7246517176706023e-05,4.724651717670603e-06,0.000632932531730085,3.1054547500339524e-05,3.105454750033952e-06,100
US Power Grid,adap_betweenness,,10290,0.1432030728122912,0.000664523491427252,5.067693944488796e-05,5.067693944488795e-06,0.000624860832776618,3.3480865479420144e-05,3.3480865479420122e-06,100
US Power Grid,adap_betweenness,,10360,0.1441772433756401,0.000654364284123755,4.8289221701454576e-05,4.828922170145459e-06,0.000616789133823153,3.164116998153207e-05,3.164116998153206e-06,100
US Power Grid,adap_betweenness,,10430,0.1451514139389891,0.0006464317523936269,4.914834321517795e-05,4.914834321517793e-06,0.000607047428189662,3.248921648675516e-05,3.2489216486755144e-06,100
US Power Grid,adap_betweenness,,10500,0.146125584502338,0.000640308394566863,4.794424127233959e-05,4.794424127233958e-06,0.0005993932309062,3.251780569070415e-05,3.251780569070413e-06,100
US Power Grid,adap_betweenness,,10570,0.1470997550656869,0.000628061678913332,4.708620893947108e-05,4.708620893947108e-06,0.000587842351369347,3.214659709710783e-05,3.214659709710784e-06,100
US Power Grid,adap_betweenness,,10640,0.1480739256290358,0.0006170674682698201,4.86218983551244e-05,4.86218983551244e-06,0.000577961478512519,3.216697741175066e-05,3.2166977411750633e-06,100
US Power Grid,adap_betweenness,,10710,0.1490480961923847,0.000606351592072978,4.950054333847067e-05,4.950054333847067e-06,0.0005683589401023681,2.998014759709316e-05,2.998014759709316e-06,100
US Power Grid,adap_betweenness,,10780,0.1500222667557336,0.000597444889779503,4.9815708635386675e-05,4.981570863538669e-06,0.000559591405032228,2.9952401947151433e-05,2.9952401947151436e-06,100
US Power Grid,adap_betweenness,,10850,0.1509964373190826,0.000590069026942716,5.1580888549566584e-05,5.158088854956658e-06,0.0005531897127587951,3.123638876164528e-05,3.1236388761645294e-06,100
US Power Grid,adap_betweenness,,10920,0.1519706078824315,0.000574343130705801,4.983926569029945e-05,4.983926569029945e-06,0.000544839679358661,3.008794861359119e-05,3.0087948613591206e-06,100
US Power Grid,adap_betweenness,,10990,0.1529447784457804,0.000567384769539022,4.101052737985746e-05,4.101052737985747e-06,0.0005370463148518701,2.974266242263026e-05,2.9742662422630247e-06,100
US Power Grid,adap_betweenness,,11060,0.1539189490091293,0.0005629314183922831,4.0459193877955465e-05,4.045919387795546e-06,0.000529809619238425,2.7139861228612506e-05,2.71398612286125e-06,100
US Power Grid,adap_betweenness,,11130,0.1548931195724782,0.000556251391672178,3.958322938467908e-05,3.9583229384679085e-06,0.00052285125807165,2.4804849381635967e-05,2.4804849381635972e-06,100
US Power Grid,adap_betweenness,,11200,0.1558672901358272,0.000551241371632097,4.043597787974576e-05,4.0435977879745735e-06,0.00051533622801153,2.497775685999625e-05,2.4977756859996266e-06,100
US Power Grid,adap_betweenness,,11270,0.1568414606991761,0.000538159652638553,3.368794667446393e-05,3.368794667446394e-06,0.000506847027388068,2.5804094427067425e-05,2.5804094427067427e-06,100
US Power Grid,adap_betweenness,,11340,0.157815631262525,0.000529392117568417,3.5873975202959056e-05,3.5873975202959068e-06,0.00049919283010461,2.651270362983004e-05,2.6512703629830027e-06,100
US Power Grid,adap_betweenness,,11410,0.158789801825874,0.000520067913604935,3.766874902650181e-05,3.7668749026501826e-06,0.000491260298374488,2.505946997824863e-05,2.5059469978248637e-06,100
US Power Grid,adap_betweenness,,11480,0.1597639723892229,0.0005147795591181891,3.997861415484082e-05,3.997861415484085e-06,0.00048402360276103703,2.766282846410598e-05,2.766282846410596e-06,100
US Power Grid,adap_betweenness,,11550,0.1607381429525718,0.000505733689601379,3.6053484911030006e-05,3.6053484911030007e-06,0.000478596081050949,2.926525304092352e-05,2.9265253040923517e-06,100
US Power Grid,adap_betweenness,,11620,0.1617123135159207,0.000496270318414561,3.528564809035696e-05,3.5285648090356958e-06,0.000466766867067422,2.6421418514625784e-05,2.642141851462578e-06,100
US Power Grid,adap_betweenness,,11690,0.1626864840792696,0.0004916778000444881,3.65832541665447e-05,3.658325416654469e-06,0.000461200178133996,2.6317554502988853e-05,2.6317554502988852e-06,100
US Power Grid,adap_betweenness,,11760,0.1636606546426185,0.000484580271654371,3.562553520873603e-05,3.562553520873604e-06,0.00045465931863722104,2.510275970817609e-05,2.510275970817608e-06,100
US Power Grid,adap_betweenness,,11830,0.1646348252059675,0.000480544422177639,3.590313849300516e-05,3.590313849300515e-06,0.00044797929191711503,2.5538515528041783e-05,2.5538515528041797e-06,100
US Power Grid,adap_betweenness,,11900,0.1656089957693164,0.00047261189044751304,3.33297730134379e-05,3.3329773013437906e-06,0.000442273435760355,2.3701800445582618e-05,2.370180044558262e-06,100
US Power Grid,adap_betweenness,,11970,0.1665831663326653,0.00046551436205739897,3.4960086408630906e-05,3.4960086408630906e-06,0.000435036740146905,2.4275919263314907e-05,2.4275919263314897e-06,100
US Power Grid,adap_betweenness,,12040,0.1675573368960142,0.000458973502560626,3.4543794616510305e-05,3.4543794616510298e-06,0.00042849588065013196,2.3092679325196432e-05,2.3092679325196443e-06,100
US Power Grid,adap_betweenness,,12110,0.1685315074593631,0.000451319305277171,3.387326623694401e-05,3.387326623694401e-06,0.00042320752616338103,2.0278012670204544e-05,2.027801267020455e-06,100
US Power Grid,adap_betweenness,,12180,0.1695056780227121,0.000443943442440382,3.301010931834396e-05,3.3010109318343954e-06,0.000416109997773271,2.0026096082028924e-05,2.0026096082028926e-06,100
US Power Grid,adap_betweenness,,12250,0.170479848586061,0.00043976842574031496,3.3858535778071696e-05,3.3858535778071696e-06,0.00041276998441321897,1.8367006177964335e-05,1.836700617796433e-06,100
US Power Grid,adap_betweenness,,12320,0.1714540191494099,0.00043183589401019,3.0863396057426376e-05,3.0863396057426382e-06,0.000408873302159824,2.015074911891039e-05,2.0150749118910386e-06,100
US Power Grid,adap_betweenness,,12390,0.1724281897127588,0.000426825873970112,3.071089229223032e-05,3.0710892292230326e-06,0.000404280783789754,1.9718457269338815e-05,1.9718457269338817e-06,100
US Power Grid,adap_betweenness,,12460,0.1734023602761077,0.000420006680026669,2.9029332455949166e-05,2.9029332455949165e-06,0.00039690492095297,1.7745095733221897e-05,1.7745095733221891e-06,100
US Power Grid,adap_betweenness,,12530,0.1743765308394567,0.00041583166332660396,2.935769111176182e-05,2.9357691111761814e-06,0.00039161656646622203,1.917981819731883e-05,1.9179818197318842e-06,100
US Power Grid,adap_betweenness,,12600,0.1753507014028056,0.000412074148296544,2.768509629617265e-05,2.768509629617265e-06,0.000387441549766157,1.766111050181367e-05,1.7661110501813669e-06,100
US Power Grid,adap_betweenness,,12670,0.1763248719661545,0.000404976619906432,2.642734127158109e-05,2.6427341271581092e-06,0.00038270986417275095,1.649023197574163e-05,1.6490231975741638e-06,100
US Power Grid,adap_betweenness,,12740,0.1772990425295034,0.000399270763749675,2.702717827447035e-05,2.702717827447036e-06,0.00037783901135601,1.5993378439362778e-05,1.599337843936278e-06,100
US Power Grid,adap_betweenness,,12810,0.1782732130928523,0.000393286573146251,2.7094050043734614e-05,2.709405004373462e-06,0.000372550656869259,1.7227667024860072e-05,1.7227667024860088e-06,100
US Power Grid,adap_betweenness,,12880,0.1792473836562013,0.000388972389222848,2.714850977583996e-05,2.7148509775839957e-06,0.000368793141839199,1.6958132816871524e-05,1.6958132816871535e-06,100
US Power Grid,adap_betweenness,,12950,0.1802215542195502,0.000384658205299446,2.6056083200442547e-05,2.6056083200442543e-06,0.000363643954575786,1.5905063994246796e-05,1.5905063994246802e-06,100
US Power Grid,adap_betweenness,,13020,0.1811957247828991,0.00037811734580267905,2.7625675523753333e-05,2.762567552375333e-06,0.000358633934535705,1.580635812124038e-05,1.5806358121240379e-06,100
US Power Grid,adap_betweenness,,13090,0.182169895346248,0.000372828991315929,2.317724029994034e-05,2.317724029994033e-06,0.00035501558672897804,1.5257191498245134e-05,1.5257191498245126e-06,100
US Power Grid,adap_betweenness,,13160,0.1831440659095969,0.00036934981073253904,2.318778873910673e-05,2.3187788739106723e-06,0.00034986639946556203,1.5451493533302417e-05,1.545149353330241e-06,100
US Power Grid,adap_betweenness,,13230,0.1841182364729459,0.000366844800712499,2.458819861537406e-05,2.4588198615374077e-06,0.00034652638610550997,1.5129072214007423e-05,1.512907221400743e-06,100
US Power Grid,adap_betweenness,,13300,0.1850924070362948,0.000364061456245787,2.4604106101426026e-05,2.4604106101426026e-06,0.000343882208862133,1.5102540746778672e-05,1.5102540746778674e-06,100
US Power Grid,adap_betweenness,,13370,0.1860665775996437,0.00035919060342904405,2.3210978430984643e-05,2.321097843098464e-06,0.000340820529948747,1.4331555598673352e-05,1.4331555598673354e-06,100
US Power Grid,adap_betweenness,,13440,0.1870407481629926,0.0003543197506123,1.9623480728597807e-05,1.9623480728597805e-06,0.000336228011578671,1.2776341532652407e-05,1.27763415326524e-06,100
US Power Grid,adap_betweenness,,13510,0.1880149187263415,0.00034889222890220996,1.8476917694242575e-05,1.8476917694242574e-06,0.000332192162101936,1.3069270869167983e-05,1.3069270869167983e-06,100
US Power Grid,adap_betweenness,,13580,0.1889890892896905,0.000344578044978807,1.781551305647159e-05,1.781551305647158e-06,0.00032801714540186503,1.3009257828544695e-05,1.300925782854469e-06,100
US Power Grid,adap_betweenness,,13650,0.1899632598530394,0.00034193386773543,1.8998937733626118e-05,1.8998937733626125e-06,0.00032523380093515795,1.5019409246864512e-05,1.501940924686451e-06,100
US Power Grid,adap_betweenness,,13720,0.1909374304163883,0.00033664551324868097,1.615403432125456e-05,1.615403432125456e-06,0.000320084613671736,1.4263826074109323e-05,1.4263826074109333e-06,100
US Power Grid,adap_betweenness,,13790,0.1919116009797372,0.000333862168781965,1.6607854074869803e-05,1.660785407486981e-06,0.000317022934758355,1.4878729025235556e-05,1.487872902523555e-06,100
US Power Grid,adap_betweenness,,13860,0.1928857715430861,0.000329130483188554,1.7843492538991206e-05,1.7843492538991207e-06,0.000311456245824927,1.4640144954780198e-05,1.4640144954780203e-06,100
US Power Grid,adap_betweenness,,13930,0.1938599421064351,0.000327460476508526,1.8916382619356083e-05,1.8916382619356089e-06,0.000309647071921566,1.4039184852633098e-05,1.4039184852633102e-06,100
US Power Grid,adap_betweenness,,14000,0.194834112669784,0.00032551213538182703,2.006464584640978e-05,2.0064645846409782e-06,0.000308533734134883,1.4941053390619667e-05,1.4941053390619658e-06,100
US Power Grid,adap_betweenness,,14070,0.1958082832331329,0.000322450456468442,2.0177429548086113e-05,2.017742954808612e-06,0.000305332887998166,1.4645489048753838e-05,1.4645489048753832e-06,100
US Power Grid,adap_betweenness,,14140,0.1967824537964818,0.000320780449788416,2.0592018420509027e-05,2.0592018420509027e-06,0.000303384546871471,1.5700180216479918e-05,1.5700180216479902e-06,100
US Power Grid,adap_betweenness,,14210,0.1977566243598307,0.000317022934758358,2.06114849459959e-05,2.0611484945995905e-06,0.000300044533511416,1.5863805652389227e-05,1.586380565238922e-06,100
US Power Grid,adap_betweenness,,14280,0.1987307949231797,0.00031382208862163895,2.0968589381536292e-05,2.096858938153629e-06,0.00029545201514134497,1.62939091404663e-05,1.62939091404663e-06,100
US Power Grid,adap_betweenness,,14350,0.1997049654865286,0.00031187374749493997,2.122084100373162e-05,2.122084100373162e-06,0.00029197283455796,1.5697687926558785e-05,1.5697687926558784e-06,100
US Power Grid,adap_betweenness,,14420,0.2006791360498775,0.000307559563571535,2.041310956978104e-05,2.041310956978103e-06,0.00028932865731458703,1.5860722368135117e-05,1.586072236813511e-06,100
US Power Grid,adap_betweenness,,14490,0.2016533066132264,0.000305054553551496,2.0620974143557153e-05,2.062097414355717e-06,0.000285988643954534,1.6236176055808914e-05,1.623617605580892e-06,100
US Power Grid,adap_betweenness,,14560,0.2026274771765754,0.000300879536851429,1.905292013041339e-05,1.9052920130413394e-06,0.000281674460031131,1.6325695142829438e-05,1.6325695142829448e-06,100
US Power Grid,adap_betweenness,,14630,0.2036016477399243,0.000297678690714708,1.9769980385063374e-05,1.9769980385063374e-06,0.000278612781117751,1.606721179157765e-05,1.6067211791577663e-06,100
US Power Grid,adap_betweenness,,14700,0.2045758183032732,0.000295869516811347,2.0615281149160226e-05,2.0615281149160227e-06,0.00027638610554438204,1.582676659729328e-05,1.5826766597293289e-06,100
US Power Grid,adap_betweenness,,14770,0.2055499888666221,0.000292390336227961,1.9730359161037946e-05,1.9730359161037936e-06,0.000272211088844314,1.5615219203271727e-05,1.5615219203271704e-06,100
US Power Grid,adap_betweenness,,14840,0.206524159429971,0.000289746158984587,1.9011804588037056e-05,1.9011804588037059e-06,0.000269010242707596,1.570703197464755e-05,1.5707031974647546e-06,100
US Power Grid,adap_betweenness,,14910,0.20749832999332,0.000285431975061187,2.097978208160185e-05,2.0979782081601847e-06,0.000266087731017551,1.4839231400399217e-05,1.483923140039921e-06,100
US Power Grid,adap_betweenness,,14980,0.2084725005566689,0.000282231128924471,2.065888734736514e-05,2.0658887347365138e-06,0.00026413938989085505,1.5319253171220513e-05,1.5319253171220512e-06,100
US Power Grid,adap_betweenness,,15050,0.2094466711200178,0.00028083945669111603,2.1612258334915382e-05,2.161225833491538e-06,0.000261356045424144,1.5139413344532874e-05,1.5139413344532878e-06,100
US Power Grid,adap_betweenness,,15120,0.2104208416833667,0.000274994433311023,2.167913873217794e-05,2.1679138732177928e-06,0.000257876864840758,1.5632123200303758e-05,1.5632123200303747e-06,100
US Power Grid,adap_betweenness,,15190,0.2113950122467156,0.000273185259407663,2.2436117065929836e-05,2.2436117065929827e-06,0.000256346025384068,1.5471737883326108e-05,1.5471737883326101e-06,100
US Power Grid,adap_betweenness,,15260,0.2123691828100646,0.000269427744377602,2.1443232486153936e-05,2.1443232486153944e-06,0.000253006012024018,1.511354725124946e-05,1.5113547251249454e-06,100
US Power Grid,adap_betweenness,,15330,0.2133433533734135,0.000267757737697578,2.1588710629946815e-05,2.1588710629946814e-06,0.00025036183478063903,1.4735378325421477e-05,1.4735378325421468e-06,100
US Power Grid,adap_betweenness,,15400,0.2143175239367624,0.000265809396570882,2.0980248314518472e-05,2.0980248314518447e-06,0.000247439323090591,1.29073531110474e-05,1.2907353111047387e-06,100
US Power Grid,adap_betweenness,,15470,0.2152916945001113,0.000263165219327506,2.1404423652960675e-05,2.1404423652960686e-06,0.000244934313070551,1.1362956203081915e-05,1.136295620308192e-06,100
US Power Grid,adap_betweenness,,15540,0.2162658650634602,0.00026135604542414505,2.1448705723784734e-05,2.144870572378473e-06,0.00024215096860383202,1.251020304431521e-05,1.2510203044315213e-06,100
US Power Grid,adap_betweenness,,15610,0.2172400356268091,0.00025704186150074,2.1161758197792306e-05,2.116175819779231e-06,0.000239089289690443,1.1765578264407356e-05,1.1765578264407358e-06,100
US Power Grid,adap_betweenness,,15680,0.2182142061901581,0.000253980182587356,1.9915893554986864e-05,1.9915893554986874e-06,0.000237280115787077,1.0901656810878458e-05,1.0901656810878465e-06,100
US Power Grid,adap_betweenness,,15750,0.219188376753507,0.00025175350701398604,1.969065821199933e-05,1.9690658211999327e-06,0.00023574927633038302,1.1331923947963232e-05,1.1331923947963231e-06,100
US Power Grid,adap_betweenness,,15820,0.2201625473168559,0.000247995991983922,1.9817914868527042e-05,1.9817914868527043e-06,0.00023240926297032698,1.2273395453257433e-05,1.227339545325743e-06,100
US Power Grid,adap_betweenness,,15890,0.2211367178802048,0.000246465152527231,1.848115236288702e-05,1.8481152362887018e-06,0.000231435092406976,1.2298076822224026e-05,1.2298076822224027e-06,100
US Power Grid,adap_betweenness,,15960,0.2221108884435537,0.00024256847027383,1.8476917694248504e-05,1.8476917694248508e-06,0.000229347584056941,1.319218558061199e-05,1.3192185580611983e-06,100
US Power Grid,adap_betweenness,,16030,0.2230850590069027,0.00024062012914713202,1.8691662624568172e-05,1.8691662624568168e-06,0.00022642507236689,1.2329850746307223e-05,1.2329850746307223e-06,100
US Power Grid,adap_betweenness,,16100,0.2240592295702516,0.000237280115787075,1.7058775438249526e-05,1.705877543824953e-06,0.00022503340013353302,1.2674107634769217e-05,1.2674107634769214e-06,100
US Power Grid,adap_betweenness,,16170,0.2250334001336005,0.00023547094188371102,1.809444215771339e-05,1.8094442157713397e-06,0.000222667557336829,1.281914346670776e-05,1.2819143466707757e-06,100
US Power Grid,adap_betweenness,,16240,0.2260075706969494,0.00023338343353367498,1.8113352731125342e-05,1.811335273112535e-06,0.00022169338677347901,1.2393154208194694e-05,1.2393154208194696e-06,100
US Power Grid,adap_betweenness,,16310,0.2269817412602983,0.000231295925183642,1.7778138581795153e-05,1.7778138581795153e-06,0.00021891004230676899,1.1337964649550813e-05,1.1337964649550806e-06,100
US Power Grid,adap_betweenness,,16380,0.2279559118236473,0.000230321754620291,1.7733516190644707e-05,1.7733516190644704e-06,0.00021710086840340598,1.0834153642853092e-05,1.0834153642853092e-06,100
US Power Grid,adap_betweenness,,16450,0.2289300823869962,0.000229069249610271,1.6833081380712546e-05,1.6833081380712547e-06,0.000215013360053375,1.0901656810843777e-05,1.090165681084377e-06,100
US Power Grid,adap_betweenness,,16520,0.2299042529503451,0.00022614673792022402,1.7843492538990508e-05,1.7843492538990508e-06,0.00021236918280999898,1.0945534041345101e-05,1.0945534041345095e-06,100
US Power Grid,adap_betweenness,,16590,0.230878423513694,0.00022364172790018298,1.646114079842361e-05,1.6461140798423604e-06,0.000211395012246651,1.1136013297783918e-05,1.1136013297783922e-06,100
US Power Grid,adap_betweenness,,16660,0.2318525940770429,0.000221415052326814,1.656066922469775e-05,1.656066922469775e-06,0.00020875083500327597,1.0834153642859052e-05,1.0834153642859057e-06,100
US Power Grid,adap_betweenness,,16730,0.2328267646403919,0.00021849254063676697,1.5762359391371104e-05,1.5762359391371104e-06,0.00020749832999325697,1.1030104916334529e-05,1.1030104916334537e-06,100
US Power Grid,adap_betweenness,,16800,0.2338009352037408,0.000215709196170055,1.4468091737692776e-05,1.4468091737692779e-06,0.00020513248719655102,1.0945534041352794e-05,1.0945534041352797e-06,100
US Power Grid,adap_betweenness,,16870,0.2347751057670897,0.000214595858383372,1.4826042142270454e-05,1.482604214227045e-06,0.00020304497884651701,1.1379300219076254e-05,1.1379300219076258e-06,100
US Power Grid,adap_betweenness,,16940,0.2357492763304386,0.000213621687820025,1.4451179877165232e-05,1.4451179877165235e-06,0.00020179247383649902,1.1101703896926854e-05,1.1101703896926858e-06,100
US Power Grid,adap_betweenness,,17010,0.2367234468937875,0.000212786684480011,1.497244494071215e-05,1.497244494071215e-06,0.00019984413270980099,1.1280013808071706e-05,1.128001380807171e-06,100
US Power Grid,adap_betweenness,,17080,0.2376976174571365,0.00021028167445997,1.5180063066767205e-05,1.51800630667672e-06,0.00019803495880643798,1.062539055157963e-05,1.0625390551579633e-06,100
US Power Grid,adap_betweenness,,17150,0.2386717880204854,0.000208890002226614,1.5637128282710043e-05,1.563712828271005e-06,0.00019775662435976698,1.0706095523386902e-05,1.0706095523386905e-06,100
US Power Grid,adap_betweenness,,17220,0.2396459585838343,0.000206106657759903,1.4893842009347814e-05,1.4893842009347804e-06,0.00019511244711639499,1.0463048005071553e-05,1.0463048005071556e-06,100
US Power Grid,adap_betweenness,,17290,0.2406201291471832,0.000204019149409869,1.534987129605091e-05,1.534987129605091e-06,0.00019385994210637601,1.0135387888969268e-05,1.0135387888969268e-06,100
US Power Grid,adap_betweenness,,17360,0.2415942997105321,0.00020151413938983,1.4192327748807292e-05,1.4192327748807288e-06,0.000190798263192995,9.749735064578668e-06,9.749735064578668e-07,100
US Power Grid,adap_betweenness,,17430,0.2425684702738811,0.000200957470496487,1.3749845733425825e-05,1.3749845733425823e-06,0.00018940659095964202,9.041813618497921e-06,9.041813618497917e-07,100
US Power Grid,adap_betweenness,,17500,0.24354264083723,0.000199704965486467,1.389913960722034e-05,1.3899139607220332e-06,0.00018829325317296,9.162175835170795e-06,9.162175835170798e-07,100
US Power Grid,adap_betweenness,,17570,0.2445168114005789,0.00019719995546643,1.3994522853048841e-05,1.3994522853048846e-06,0.000186066577599595,8.769420330054747e-06,8.769420330054744e-07,100
US Power Grid,adap_betweenness,,17640,0.2454909819639278,0.000194277443776385,1.3834949779304238e-05,1.3834949779304236e-06,0.000184535738142906,8.761608921456866e-06,8.761608921456865e-07,100
US Power Grid,adap_betweenness,,17710,0.2464651525272768,0.00019218993542635297,1.3660631912613693e-05,1.3660631912613687e-06,0.000183144065909553,8.783908802074376e-06,8.783908802074382e-07,100
US Power Grid,adap_betweenness,,17780,0.2474393230906257,0.000190798263193,1.4166803819873222e-05,1.4166803819873222e-06,0.00018203072812286898,8.995175271681149e-06,8.995175271681153e-07,100
US Power Grid,adap_betweenness,,17850,0.2484134936539746,0.000189684925406316,1.4078147874896833e-05,1.407814787489684e-06,0.00018147405922952698,8.603891575273471e-06,8.603891575273473e-07,100
US Power Grid,adap_betweenness,,17920,0.2493876642173235,0.000187875751502956,1.3488412508270559e-05,1.348841250827057e-06,0.000178969049209486,7.917090669810062e-06,7.91709066981006e-07,100
US Power Grid,adap_betweenness,,17990,0.2503618347806725,0.000186901580939609,1.374059448404617e-05,1.374059448404617e-06,0.00017813404586947,8.392099325818155e-06,8.392099325818153e-07,100
US Power Grid,adap_betweenness,,18060,0.2513360053440214,0.000185788243152925,1.3899139607216987e-05,1.3899139607216994e-06,0.00017743820975279,8.706732835232755e-06,8.706732835232749e-07,100
US Power Grid,adap_betweenness,,18130,0.2523101759073703,0.000184257403696234,1.2684136756409458e-05,1.2684136756409466e-06,0.00017590737029609698,8.960310120059782e-06,8.960310120059782e-07,100
US Power Grid,adap_betweenness,,18200,0.2532843464707192,0.000183283233132884,1.3129009591482232e-05,1.3129009591482227e-06,0.000174654865286076,9.765774121404115e-06,9.765774121404117e-07,100
US Power Grid,adap_betweenness,,18270,0.2542585170340681,0.00018230906256953199,1.348841250828182e-05,1.348841250828182e-06,0.000173402360276057,9.572553630708876e-06,9.572553630708883e-07,100
US Power Grid,adap_betweenness,,18340,0.2552326875974171,0.00018105655755951098,1.3487687305319916e-05,1.3487687305319913e-06,0.000171871520819365,9.765774121402758e-06,9.76577412140275e-07,100
US Power Grid,adap_betweenness,,18410,0.256206858160766,0.000179108216432813,1.197570183807983e-05,1.1975701838079827e-06,0.000170062346916,9.80675447020115e-06,9.806754470201149e-07,100
US Power Grid,adap_betweenness,,18480,0.2571810287241149,0.00017869071476280597,1.1655320519914901e-05,1.1655320519914893e-06,0.000169505678022657,9.766775687898937e-06,9.76677568789892e-07,100
US Power Grid,adap_betweenness,,18550,0.2581551992874638,0.00017715987530611402,1.2170151598103076e-05,1.2170151598103088e-06,0.000168114005789302,1.002378799129595e-05,1.0023787991295948e-06,100
US Power Grid,adap_betweenness,,18620,0.2591293698508127,0.00017451569806273498,1.2100024631630624e-05,1.2100024631630623e-06,0.000165748162992601,1.0104457775605915e-05,1.0104457775605916e-06,100
US Power Grid,adap_betweenness,,18690,0.2601035404141616,0.00017354152749938698,1.1778042244285911e-05,1.1778042244285909e-06,0.00016421732353591098,9.486331146457015e-06,9.486331146457015e-07,100
US Power Grid,adap_betweenness,,18760,0.2610777109775106,0.00017256735693603999,1.219343762845226e-05,1.2193437628452265e-06,0.000162268982409217,9.324088567043525e-06,9.324088567043523e-07,100
US Power Grid,adap_betweenness,,18830,0.2620518815408595,0.00017103651747935,1.2240675916915669e-05,1.224067591691567e-06,0.00016129481184587,9.505902294003793e-06,9.505902294003793e-07,100
US Power Grid,adap_betweenness,,18900,0.2630260521042084,0.000169088176352653,1.2092746907054794e-05,1.2092746907054797e-06,0.000160738142952528,9.563352690589885e-06,9.56335269058989e-07,100
US Power Grid,adap_betweenness,,18970,0.2640002226675573,0.000167000668002622,1.2193437628444193e-05,1.21934376284442e-06,0.000159763972389181,9.167512300085702e-06,9.167512300085703e-07,100
US Power Grid,adap_betweenness,,19040,0.2649743932309062,0.00016616566466260901,1.2164524153774755e-05,1.216452415377475e-06,0.000159068136272506,9.119371696205428e-06,9.119371696205419e-07,100
US Power Grid,adap_betweenness,,19110,0.2659485637942552,0.00016519149409926102,1.2137959631643557e-05,1.2137959631643553e-06,0.00015753729681581798,9.038567589454099e-06,9.038567589454101e-07,100
US Power Grid,adap_betweenness,,19180,0.2669227343576041,0.000164634825205918,1.2202258636067952e-05,1.2202258636067954e-06,0.000156563126252471,9.145078221331616e-06,9.145078221331615e-07,100
US Power Grid,adap_betweenness,,19250,0.267896904920953,0.000163799821865904,1.2170151598087076e-05,1.217015159808708e-06,0.000156145624582465,8.752673060978237e-06,8.752673060978237e-07,100
US Power Grid,adap_betweenness,,19320,0.2688710754843019,0.00016171231351587298,1.199610408433796e-05,1.1996104084337963e-06,0.00015419728345576902,8.549147276644973e-06,8.549147276644975e-07,100
US Power Grid,adap_betweenness,,19390,0.2698452460476508,0.00016115564462253098,1.2381309462849986e-05,1.2381309462849985e-06,0.000153918949009099,8.35003340012973e-06,8.350033400129737e-07,100
US Power Grid,adap_betweenness,,19460,0.2708194166109998,0.00015990313961251198,1.1784684310072135e-05,1.1784684310072137e-06,0.00015197060788239999,8.317168367458859e-06,8.317168367458865e-07,100
US Power Grid,adap_betweenness,,19530,0.2717935871743487,0.000158789801825831,1.1206062821985138e-05,1.1206062821985143e-06,0.000150439768425707,8.552579061345388e-06,8.552579061345393e-07,100
US Power Grid,adap_betweenness,,19600,0.2727677577376976,0.00015809396570915402,1.1452132596825284e-05,1.1452132596825281e-06,0.000149883099532364,8.589099447638863e-06,8.589099447638862e-07,100
US Power Grid,adap_betweenness,,19670,0.2737419283010465,0.000156841460699136,1.0987455728414633e-05,1.0987455728414632e-06,0.000148491427299006,8.634532715934029e-06,8.63453271593403e-07,100
US Power Grid,adap_betweenness,,19740,0.2747160988643954,0.000156006457359124,1.106552033870145e-05,1.1065520338701448e-06,0.000147795591182326,8.797261597442829e-06,8.79726159744283e-07,100
US Power Grid,adap_betweenness,,19810,0.2756902694277444,0.000153918949009093,1.0433089323668315e-05,1.0433089323668307e-06,0.000145986417278962,8.9548501779809e-06,8.954850177980905e-07,100
US Power Grid,adap_betweenness,,19880,0.2766644399910933,0.00015308394566908,1.0466786810986194e-05,1.0466786810986193e-06,0.000144316410598932,7.82637942504224e-06,7.826379425042238e-07,100
US Power Grid,adap_betweenness,,19950,0.2776386105544422,0.000151553106212391,8.822797969282461e-06,8.822797969282459e-07,0.000143481407258917,7.836371614777991e-06,7.836371614777989e-07,100
US Power Grid,adap_betweenness,,20020,0.2786127811177911,0.000149883099532364,9.033154948957309e-06,9.033154948957309e-07,0.00014222890224889698,8.293613609409608e-06,8.293613609409611e-07,100
US Power Grid,adap_betweenness,,20090,0.27958695168114,0.000149048096192351,9.127948581921275e-06,9.127948581921277e-07,0.000140837230015541,7.981078144293217e-06,7.98107814429321e-07,100
US Power Grid,adap_betweenness,,20160,0.280561122244489,0.000147378089512324,8.867033884449747e-06,8.867033884449745e-07,0.000139167223335514,7.912147122224842e-06,7.912147122224842e-07,100
US Power Grid,adap_betweenness,,20230,0.2815352928078379,0.000146125584502302,9.382652283232777e-06,9.382652283232777e-07,0.000139028056112179,8.033605895786284e-06,8.033605895786284e-07,100
US Power Grid,adap_betweenness,,20300,0.2825094633711868,0.00014529058116229,9.754750102773401e-06,9.754750102773406e-07,0.000138610554442174,8.373429448782836e-06,8.373429448782835e-07,100
US Power Grid,adap_betweenness,,20370,0.2834836339345357,0.000144455577822276,1.0043285749453422e-05,1.004328574945343e-06,0.000137497216655491,8.457119329627262e-06,8.457119329627265e-07,100
US Power Grid,adap_betweenness,,20440,0.2844578044978846,0.00014417724337560501,9.794777969336175e-06,9.794777969336184e-07,0.00013707971498548498,8.479066408427681e-06,8.479066408427682e-07,100
US Power Grid,adap_betweenness,,20510,0.2854319750612336,0.00014389890892893401,9.933605393926468e-06,9.933605393926468e-07,0.00013694054776214998,8.558295644450822e-06,8.558295644450818e-07,100
US Power Grid,adap_betweenness,,20580,0.2864061456245825,0.000142507236695578,1.030099568887073e-05,1.0300995688870733e-06,0.000135966377198804,8.813924144569243e-06,8.813924144569244e-07,100
US Power Grid,adap_betweenness,,20650,0.2873803161879314,0.00014139389890889398,1.0600505619566239e-05,1.0600505619566235e-06,0.000134853039412123,8.998436953748013e-06,8.998436953748011e-07,100
US Power Grid,adap_betweenness,,20720,0.2883544867512803,0.000140002226675538,1.0243862715324479e-05,1.0243862715324478e-06,0.000133322199955437,8.662807507393093e-06,8.662807507393093e-07,100
US Power Grid,adap_betweenness,,20790,0.2893286573146292,0.000139863059452203,1.0349310735783935e-05,1.034931073578394e-06,0.000132626363838761,8.497504193517039e-06,8.497504193517041e-07,100
US Power Grid,adap_betweenness,,20860,0.2903028278779782,0.000137775551102172,1.0559826745695348e-05,1.0559826745695348e-06,0.000130260521042061,8.512455488090927e-06,8.512455488090925e-07,100
US Power Grid,adap_betweenness,,20930,0.2912769984413271,0.00013721888220883098,1.0655726546876241e-05,1.065572654687624e-06,0.000129843019372056,8.404910809568952e-06,8.404910809568953e-07,100
US Power Grid,adap_betweenness,,21000,0.292251169004676,0.000136523046092156,1.095893072626404e-05,1.0958930726264036e-06,0.000129008016032044,8.12079862516918e-06,8.120798625169179e-07,100
US Power Grid,adap_betweenness,,21070,0.2932253395680249,0.000135131373858801,1.0143105680214201e-05,1.0143105680214197e-06,0.000128173012692032,8.226112526151524e-06,8.226112526151522e-07,100
US Power Grid,adap_betweenness,,21140,0.2941995101313738,0.00013471387218879502,1.0062745728443563e-05,1.0062745728443558e-06,0.00012733800935201803,8.245115987865998e-06,8.245115987865996e-07,100
US Power Grid,adap_betweenness,,21210,0.2951736806947228,0.000133878868848782,1.0043285749433877e-05,1.004328574943388e-06,0.000126363838788671,7.578746673216731e-06,7.578746673216733e-07,100
US Power Grid,adap_betweenness,,21280,0.2961478512580717,0.00013290469828543302,1.0158523672286685e-05,1.0158523672286684e-06,0.000124276330438636,7.725746766651549e-06,7.725746766651549e-07,100
US Power Grid,adap_betweenness,,21350,0.2971220218214206,0.000132208862168755,1.0372912387262318e-05,1.037291238726232e-06,0.00012399799599196502,7.685124747302984e-06,7.685124747302979e-07,100
US Power Grid,adap_betweenness,,21420,0.2980961923847695,0.00013165219327541198,1.0167186018174193e-05,1.0167186018174194e-06,0.000123023825428616,7.589064917182565e-06,7.589064917182566e-07,100
US Power Grid,adap_betweenness,,21490,0.2990703629481184,0.000130678022712064,9.86939266280701e-06,9.86939266280701e-07,0.00012274549098194602,7.2353979006147695e-06,7.235397900614771e-07,100
US Power Grid,adap_betweenness,,21560,0.3000445335114673,0.00012886884880870402,9.613340153845323e-06,9.613340153845329e-07,0.000121910487641931,7.4327874054179694e-06,7.432787405417973e-07,100
US Power Grid,adap_betweenness,,21630,0.3010187040748163,0.00012747717657535002,9.834642920278089e-06,9.834642920278094e-07,0.00012051881540857101,7.966357422007779e-06,7.966357422007777e-07,100
US Power Grid,adap_betweenness,,21700,0.3019928746381652,0.00012664217323533802,8.955942432668915e-06,8.955942432668913e-07,0.00011954464484522101,7.685124747317179e-06,7.685124747317178e-07,100
US Power Grid,adap_betweenness,,21770,0.3029670452015141,0.000124972166555311,8.841625275628917e-06,8.841625275628918e-07,0.000118709641505205,7.77622588430381e-06,7.77622588430381e-07,100
US Power Grid,adap_betweenness,,21840,0.303941215764863,0.000124415497661967,9.239782237926657e-06,9.239782237926661e-07,0.000118152972611861,7.786282436691063e-06,7.786282436691064e-07,100
US Power Grid,adap_betweenness,,21910,0.3049153863282119,0.00012302382542861,9.003870464894185e-06,9.003870464894185e-07,0.00011745713649518292,7.742188580789356e-06,7.742188580789356e-07,100
US Power Grid,adap_betweenness,,21980,0.3058895568915609,0.000122606323758602,9.213278304502338e-06,9.213278304502341e-07,0.00011648296593183193,7.309374521413294e-06,7.309374521413293e-07,100
US Power Grid,adap_betweenness,,22050,0.3068637274549098,0.000122606323758602,9.213278304502338e-06,9.213278304502341e-07,0.00011620463148515993,7.234045868862879e-06,7.234045868862881e-07,100
US Power Grid,adap_betweenness,,22120,0.3078378980182587,0.00012135381874858092,9.502814792523057e-06,9.502814792523054e-07,0.00011509129369847193,6.810596360438054e-06,6.810596360438054e-07,100
US Power Grid,adap_betweenness,,22190,0.3088120685816076,0.00012065798263190193,9.49766672627468e-06,9.497666726274678e-07,0.00011481295925179992,6.671293774245426e-06,6.671293774245424e-07,100
US Power Grid,adap_betweenness,,22260,0.3097862391449565,0.00011968381206855193,9.277814889045349e-06,9.277814889045348e-07,0.00011425629035845592,6.3466936869996775e-06,6.346693686999677e-07,100
US Power Grid,adap_betweenness,,22330,0.3107604097083055,0.00011898797595187192,9.35655306081539e-06,9.356553060815391e-07,0.00011328211979510761,6.857828129449019e-06,6.857828129449016e-07,100
US Power Grid,adap_betweenness,,22400,0.3117345802716544,0.00011815297261185986,8.954850177978105e-06,8.954850177978105e-07,0.00011258628367842943,6.879189913493131e-06,6.87918991349313e-07,100
US Power Grid,adap_betweenness,,22470,0.3127087508350034,0.00011662213315516683,8.10271084872872e-06,8.102710848728719e-07,0.00011105544422173711,6.554439103954869e-06,6.55443910395487e-07,100
US Power Grid,adap_betweenness,,22540,0.3136829213983523,0.00011620463148515976,8.245115987886508e-06,8.245115987886506e-07,0.00011077710977506697,6.829241810212568e-06,6.829241810212569e-07,100
US Power Grid,adap_betweenness,,22610,0.3146570919617012,0.00011536962814514652,8.688739051422034e-06,8.688739051422032e-07,0.00010980293921171955,7.1030526866899536e-06,7.103052686689954e-07,100
US Power Grid,adap_betweenness,,22680,0.3156312625250501,0.00011467379202846928,9.090364962459904e-06,9.090364962459901e-07,0.00010924627031837832,7.234045868832404e-06,7.234045868832404e-07,100
US Power Grid,adap_betweenness,,22750,0.316605433088399,0.00011411712313512711,9.277814889040087e-06,9.277814889040087e-07,0.00010827209975503184,7.552889393214237e-06,7.552889393214238e-07,100
US Power Grid,adap_betweenness,,22820,0.317579603651748,0.00011369962146511911,9.076365695190248e-06,9.076365695190249e-07,0.00010729792919168628,7.98475408435179e-06,7.984754084351793e-07,100
US Power Grid,adap_betweenness,,22890,0.3185537742150969,0.00011314295257177604,8.989736505076215e-06,8.989736505076216e-07,0.0001070195947450152,7.836371614747095e-06,7.836371614747095e-07,100
US Power Grid,adap_betweenness,,22960,0.3195279447784458,0.00011230794923176187,8.902264354003027e-06,8.902264354003027e-07,0.00010604542418166964,8.102710848695858e-06,8.102710848695857e-07,100
US Power Grid,adap_betweenness,,23030,0.3205021153417947,0.00011189044756175487,8.373429448787821e-06,8.373429448787821e-07,0.00010534958806499332,7.974947812199424e-06,7.974947812199425e-07,100
US Power Grid,adap_betweenness,,23100,0.3214762859051436,0.00011119461144507856,8.73365400073356e-06,8.733654000733557e-07,0.00010451458472498284,8.033605895770468e-06,8.03360589577047e-07,100
US Power Grid,adap_betweenness,,23170,0.3224504564684926,0.00011049877532840038,8.581123894248848e-06,8.58112389424885e-07,0.00010354041416163728,7.990876893379696e-06,7.990876893379696e-07,100
US Power Grid,adap_betweenness,,23240,0.3234246270318415,0.00011022044088173024,8.77499565030869e-06,8.774995650308689e-07,0.0001034012469383022,7.974947812199858e-06,7.974947812199858e-07,100
US Power Grid,adap_betweenness,,23310,0.3243987975951904,0.00010938543754171884,9.068818677198723e-06,9.068818677198725e-07,0.00010228790915162156,7.756073661507432e-06,7.756073661507432e-07,100
US Power Grid,adap_betweenness,,23380,0.3253729681585393,0.00010882876864837852,9.357598427321352e-06,9.357598427321352e-07,0.00010187040748161632,7.630198361618863e-06,7.630198361618863e-07,100
US Power Grid,adap_betweenness,,23450,0.3263471387218882,0.00010855043420170836,9.486331146457185e-06,9.486331146457183e-07,0.00010159207303494616,7.5321396578709206e-06,7.53213965787092e-07,100
US Power Grid,adap_betweenness,,23520,0.3273213092852371,0.00010674126029835049,9.701458794851893e-06,9.701458794851895e-07,0.00010047873524826468,6.122335392639846e-06,6.122335392639844e-07,100
US Power Grid,adap_betweenness,,23590,0.3282954798485861,0.00010604542418167507,9.846570933045615e-06,9.846570933045617e-07,0.00010006123357825943,5.832693507107948e-06,5.832693507107951e-07,100
US Power Grid,adap_betweenness,,23660,0.329269650411935,0.00010521042084166367,9.75475010274882e-06,9.754750102748819e-07,9.96437319082542e-05,5.49595303657873e-06,5.495953036578731e-07,100
US Power Grid,adap_betweenness,,23730,0.3302438209752839,0.00010437541750165228,9.588889058320472e-06,9.588889058320474e-07,9.880872856824276e-05,5.417076821419808e-06,5.417076821419807e-07,100
US Power Grid,adap_betweenness,,23800,0.3312179915386328,0.00010354041416164179,9.55209506139102e-06,9.552095061391016e-07,9.839122689823704e-05,5.327863273433484e-06,5.327863273433483e-07,100
US Power Grid,adap_betweenness,,23870,0.3321921621019817,0.00010298374526830056,9.277814889020875e-06,9.277814889020873e-07,9.769539078156067e-05,5.22591178135405e-06,5.225911781354047e-07,100
US Power Grid,adap_betweenness,,23940,0.3331663326653307,0.00010256624359829439,8.989736505059004e-06,8.989736505059004e-07,9.755622355822559e-05,5.041084073536876e-06,5.041084073536875e-07,100
US Power Grid,adap_betweenness,,24010,0.3341405032286796,0.00010228790915162423,8.92859597971225e-06,8.928595979712254e-07,9.727788911155544e-05,4.636798370778587e-06,4.636798370778589e-07,100
US Power Grid,adap_betweenness,,24080,0.3351146737920285,0.00010145290581161284,8.460588442777343e-06,8.460588442777344e-07,9.686038744154876e-05,5.203402365396964e-06,5.203402365396963e-07,100
US Power Grid,adap_betweenness,,24150,0.3360888443553774,0.00010131373858827775,8.410727760095326e-06,8.410727760095323e-07,9.644288577154207e-05,5.6831995007839565e-06,5.683199500783956e-07,100
US Power Grid,adap_betweenness,,24220,0.3370630149187263,0.00010075706969493647,8.649247142953846e-06,8.649247142953848e-07,9.588621687819983e-05,6.222175580478319e-06,6.22217558047832e-07,100
US Power Grid,adap_betweenness,,24290,0.3380371854820753,0.00010075706969493647,8.649247142953846e-06,8.649247142953848e-07,9.574704965486429e-05,6.3420683782041604e-06,6.342068378204162e-07,100
US Power Grid,adap_betweenness,,24360,0.3390113560454242,0.00010047873524826584,8.752673060974596e-06,8.752673060974598e-07,9.519038076152205e-05,6.77170715561144e-06,6.77170715561144e-07,100
US Power Grid,adap_betweenness,,24430,0.3399855266087731,0.00010006123357825976,7.836371614752568e-06,7.836371614752573e-07,9.449454464484425e-05,7.212378891330384e-06,7.212378891330385e-07,100
US Power Grid,adap_betweenness,,24500,0.340959697172122,9.99220663549242e-05,8.005552529062925e-06,8.005552529062929e-07,9.33812068581598e-05,6.935833026167087e-06,6.93583302616709e-07,100
US Power Grid,adap_betweenness,,24570,0.3419338677354709,9.908706301491277e-05,7.981078144279517e-06,7.98107814427952e-07,9.282453796481804e-05,6.8678052306126e-06,6.8678052306126e-07,100
US Power Grid,adap_betweenness,,24640,0.3429080382988199,9.839122689823544e-05,8.451334309914977e-06,8.451334309914976e-07,9.22678690714758e-05,7.036641698194689e-06,7.036641698194688e-07,100
US Power Grid,adap_betweenness,,24710,0.3438822088621688,9.727788911155147e-05,8.506708100035338e-06,8.506708100035335e-07,9.157203295479849e-05,6.9033200254517055e-06,6.903320025451704e-07,100
US Power Grid,adap_betweenness,,24780,0.3448563794255177,9.686038744154576e-05,8.37342944878135e-06,8.373429448781343e-07,9.101536406145624e-05,6.971001251976628e-06,6.971001251976629e-07,100
US Power Grid,adap_betweenness,,24850,0.3458305499888666,9.630371854820447e-05,8.317168367448506e-06,8.317168367448508e-07,9.045869516811401e-05,6.9934161048430974e-06,6.993416104843097e-07,100
US Power Grid,adap_betweenness,,24920,0.3468047205522155,9.560788243152715e-05,8.543424572155153e-06,8.543424572155149e-07,8.990202627477177e-05,6.971001251976631e-06,6.971001251976628e-07,100
US Power Grid,adap_betweenness,,24990,0.3477788911155645,9.519038076152096e-05,8.558295644458562e-06,8.55829564445856e-07,8.962369182810066e-05,6.942880922537552e-06,6.942880922537553e-07,100
US Power Grid,adap_betweenness,,25060,0.3487530616789134,9.463371186817876e-05,8.155654577589015e-06,8.155654577589012e-07,8.864952126475172e-05,6.752902848668302e-06,6.752902848668296e-07,100
US Power Grid,adap_betweenness,,25130,0.3497272322422623,9.352037408149489e-05,7.1538237278021565e-06,7.15382372780216e-07,8.837118681808062e-05,6.671293774230432e-06,6.671293774230429e-07,100
US Power Grid,adap_betweenness,,25200,0.3507014028056112,9.338120685815932e-05,7.212378891329199e-06,7.2123788913292e-07,8.795368514807393e-05,6.524523662076244e-06,6.524523662076238e-07,100
US Power Grid,adap_betweenness,,25270,0.3516755733689601,9.282453796481708e-05,7.415659626497872e-06,7.415659626497869e-07,8.725784903139611e-05,6.209586441472851e-06,6.209586441472852e-07,100
US Power Grid,adap_betweenness,,25340,0.3526497439323091,9.226786907147485e-05,7.572290630926144e-06,7.572290630926145e-07,8.711868180806057e-05,6.135103572099861e-06,6.13510357209986e-07,100
US Power Grid,adap_betweenness,,25410,0.353623914495658,9.171120017813308e-05,7.426204473100362e-06,7.426204473100362e-07,8.670118013805388e-05,5.886113681274356e-06,5.886113681274358e-07,100
US Power Grid,adap_betweenness,,25480,0.3545980850590069,9.143286573146196e-05,7.468234972008675e-06,7.468234972008676e-07,8.656201291471833e-05,5.793993541154894e-06,5.793993541154894e-07,100
US Power Grid,adap_betweenness,,25550,0.3555722556223558,9.087619683812021e-05,7.2556481442364295e-06,7.255648144236427e-07,8.642284569138276e-05,5.696951969777499e-06,5.696951969777498e-07,100
US Power Grid,adap_betweenness,,25620,0.3565464261857047,9.004119349810685e-05,7.255648144236367e-06,7.255648144236372e-07,8.544867512803384e-05,4.853249387939436e-06,4.853249387939445e-07,100
US Power Grid,adap_betweenness,,25690,0.3575205967490537,8.990202627477128e-05,7.246205073021135e-06,7.246205073021136e-07,8.517034068136272e-05,4.545182481227596e-06,4.545182481227595e-07,100
US Power Grid,adap_betweenness,,25760,0.3584947673124026,8.962369182810017e-05,7.219156807394692e-06,7.219156807394692e-07,8.461367178802049e-05,3.7945324585878723e-06,3.794532458587877e-07,100
US Power Grid,adap_betweenness,,25830,0.3594689378757515,8.906702293475793e-05,7.1319130370522865e-06,7.131913037052285e-07,8.447450456468493e-05,3.568698507796742e-06,3.56869850779674e-07,100
US Power Grid,adap_betweenness,,25900,0.3604431084391004,8.878868848808682e-05,7.071308583064637e-06,7.071308583064639e-07,8.433533734134936e-05,3.3216886074362865e-06,3.3216886074362863e-07,100
US Power Grid,adap_betweenness,,25970,0.3614172790024493,8.823201959474457e-05,6.914646234912503e-06,6.914646234912503e-07,8.377866844800713e-05,3.4146209051094034e-06,3.4146209051094007e-07,100
US Power Grid,adap_betweenness,,26040,0.3623914495657983,8.795368514807344e-05,6.81777372183973e-06,6.817773721839731e-07,8.363950122467157e-05,3.6979237581118246e-06,3.6979237581118245e-07,100
US Power Grid,adap_betweenness,,26110,0.3633656201291472,8.767535070140232e-05,6.707849082248163e-06,6.707849082248165e-07,8.322199955466489e-05,3.4146209051094013e-06,3.414620905109403e-07,100
US Power Grid,adap_betweenness,,26180,0.3643397906924961,8.753618347806678e-05,6.647792886488228e-06,6.647792886488231e-07,8.308283233132932e-05,3.6767016387787486e-06,3.6767016387787513e-07,100
US Power Grid,adap_betweenness,,26250,0.365313961255845,8.684034736138896e-05,6.886295782455502e-06,6.886295782455506e-07,8.266533066132266e-05,3.866037339448541e-06,3.8660373394485395e-07,100
US Power Grid,adap_betweenness,,26320,0.3662881318191939,8.60053440213761e-05,6.058090851013653e-06,6.058090851013651e-07,8.238699621465154e-05,4.279147822232281e-06,4.279147822232283e-07,100
US Power Grid,adap_betweenness,,26390,0.3672623023825428,8.60053440213761e-05,6.058090851013653e-06,6.058090851013651e-07,8.183032732130929e-05,4.956945964290573e-06,4.956945964290572e-07,100
US Power Grid,adap_betweenness,,26460,0.3682364729458918,8.558784235136941e-05,6.056476006029335e-06,6.056476006029339e-07,8.169116009797374e-05,5.102798188970531e-06,5.102798188970533e-07,100
US Power Grid,adap_betweenness,,26530,0.3692106435092407,8.558784235136941e-05,6.056476006029335e-06,6.056476006029339e-07,8.127365842796705e-05,5.495953036593357e-06,5.495953036593359e-07,100
US Power Grid,adap_betweenness,,26600,0.3701848140725896,8.530950790469829e-05,5.819261840460314e-06,5.81926184046031e-07,8.099532398129593e-05,5.726066298419623e-06,5.726066298419625e-07,100
US Power Grid,adap_betweenness,,26670,0.3711589846359385,8.461367178802049e-05,6.464277462790804e-06,6.464277462790802e-07,8.04386550879537e-05,5.7939935411548996e-06,5.793993541154901e-07,100
US Power Grid,adap_betweenness,,26740,0.3721331551992874,8.447450456468493e-05,6.334352024968204e-06,6.334352024968208e-07,7.988198619461145e-05,6.1351035720998675e-06,6.135103572099868e-07,100
US Power Grid,adap_betweenness,,26810,0.3731073257626364,8.391783567134269e-05,6.395822189309713e-06,6.395822189309713e-07,7.890781563126253e-05,6.576786387013764e-06,6.576786387013761e-07,100
US Power Grid,adap_betweenness,,26880,0.3740814963259853,8.336116677800044e-05,6.706390695651001e-06,6.706390695651002e-07,7.807281229124918e-05,6.822076514142133e-06,6.822076514142134e-07,100
US Power Grid,adap_betweenness,,26950,0.3750556668893342,8.322199955466489e-05,6.554439103959746e-06,6.554439103959744e-07,7.779447784457806e-05,6.879189913489619e-06,6.879189913489622e-07,100
US Power Grid,adap_betweenness,,27020,0.3760298374526831,8.266533066132266e-05,6.80053532833385e-06,6.800535328333851e-07,7.682030728122913e-05,6.987819132273968e-06,6.987819132273967e-07,100
US Power Grid,adap_betweenness,,27090,0.377004008016032,8.183032732130929e-05,6.931600848601024e-06,6.931600848601024e-07,7.626363838788689e-05,6.987819132273969e-06,6.987819132273967e-07,100
US Power Grid,adap_betweenness,,27160,0.377978178579381,8.155199287463817e-05,7.137397015593483e-06,7.137397015593484e-07,7.542863504787352e-05,6.903320025451712e-06,6.903320025451712e-07,100
US Power Grid,adap_betweenness,,27230,0.3789523491427299,8.127365842796705e-05,7.326750767691609e-06,7.32675076769161e-07,7.501113337786685e-05,6.822076514142138e-06,6.822076514142135e-07,100
US Power Grid,adap_betweenness,,27300,0.3799265197060788,8.04386550879537e-05,7.015759344211994e-06,7.015759344211993e-07,7.459363170786017e-05,6.713679460649377e-06,6.713679460649378e-07,100
US Power Grid,adap_betweenness,,27370,0.3809006902694277,7.946448452460477e-05,7.212378891332824e-06,7.212378891332826e-07,7.361946114451125e-05,6.346693686986037e-06,6.346693686986035e-07,100
US Power Grid,adap_betweenness,,27440,0.3818748608327766,7.890781563126253e-05,7.415659626501504e-06,7.415659626501504e-07,7.34802939211757e-05,6.280072086592811e-06,6.280072086592808e-07,100
US Power Grid,adap_betweenness,,27510,0.3828490313961256,7.849031396125585e-05,7.5373324469642614e-06,7.53733244696426e-07,7.264529058116233e-05,5.793993541154902e-06,5.793993541154901e-07,100
US Power Grid,adap_betweenness,,27580,0.3838232019594745,7.765531062124249e-05,7.706731855301407e-06,7.70673185530141e-07,7.222778891115565e-05,5.4870469328053646e-06,5.487046932805369e-07,100
US Power Grid,adap_betweenness,,27650,0.3847973725228234,7.737697617457138e-05,7.485242448646039e-06,7.485242448646042e-07,7.153195279447785e-05,4.853249387939447e-06,4.853249387939449e-07,100
US Power Grid,adap_betweenness,,27720,0.3857715430861723,7.668114005789357e-05,7.530840901149706e-06,7.530840901149704e-07,7.125361834780673e-05,4.5451824812276e-06,4.5451824812276e-07,100
US Power Grid,adap_betweenness,,27790,0.3867457136495212,7.640280561122246e-05,7.530840901149704e-06,7.530840901149704e-07,7.111445112447116e-05,4.376336530494603e-06,4.376336530494601e-07,100
US Power Grid,adap_betweenness,,27860,0.3877198842128702,7.584613671788021e-05,7.499603265360153e-06,7.499603265360156e-07,7.097528390113561e-05,4.196049662905862e-06,4.196049662905862e-07,100
US Power Grid,adap_betweenness,,27930,0.3886940547762191,7.487196615453129e-05,6.789018748811001e-06,6.789018748811002e-07,7.069694945446449e-05,3.79453245858788e-06,3.79453245858788e-07,100
US Power Grid,adap_betweenness,,28000,0.389668225339568,7.431529726118906e-05,6.625685100332937e-06,6.625685100332933e-07,7.069694945446449e-05,3.79453245858788e-06,3.79453245858788e-07,100
US Power Grid,adap_betweenness,,28070,0.3906423959029169,7.403696281451793e-05,6.524523662076239e-06,6.524523662076244e-07,7.055778223112893e-05,3.568698507796741e-06,3.568698507796743e-07,100
US Power Grid,adap_betweenness,,28140,0.3916165664662658,7.389779559118237e-05,6.468815390666491e-06,6.468815390666496e-07,7.055778223112893e-05,3.568698507796741e-06,3.568698507796743e-07,100
US Power Grid,adap_betweenness,,28210,0.3925907370296148,7.361946114451125e-05,6.346693686986034e-06,6.346693686986035e-07,7.041861500779338e-05,3.3216886074362895e-06,3.3216886074362895e-07,100
US Power Grid,adap_betweenness,,28280,0.3935649075929637,7.34802939211757e-05,6.280072086592808e-06,6.280072086592808e-07,7.014028056112226e-05,2.7408481625324586e-06,2.740848162532459e-07,100
US Power Grid,adap_betweenness,,28350,0.3945390781563126,7.320195947450457e-05,6.135103572099865e-06,6.135103572099868e-07,7.014028056112226e-05,2.7408481625324586e-06,2.740848162532459e-07,100
US Power Grid,adap_betweenness,,28420,0.3955132487196615,7.264529058116233e-05,5.7939935411549e-06,5.7939935411549e-07,7.000111333778669e-05,2.3859748385349196e-06,2.385974838534921e-07,100
US Power Grid,adap_betweenness,,28490,0.3964874192830104,7.23669561344912e-05,5.594732883874483e-06,5.594732883874483e-07,6.986194611445113e-05,1.9581565093560683e-06,1.9581565093560682e-07,100
US Power Grid,adap_betweenness,,28560,0.3974615898463594,7.23669561344912e-05,5.594732883874483e-06,5.594732883874483e-07,6.986194611445113e-05,1.9581565093560683e-06,1.9581565093560682e-07,100
US Power Grid,adap_betweenness,,28630,0.3984357604097083,7.23669561344912e-05,5.594732883874483e-06,5.594732883874483e-07,6.972277889111558e-05,2.418549381412603e-06,2.418549381412601e-07,100
US Power Grid,adap_betweenness,,28700,0.3994099309730572,7.222778891115565e-05,5.487046932805369e-06,5.487046932805369e-07,6.972277889111558e-05,2.418549381412603e-06,2.418549381412601e-07,100
US Power Grid,adap_betweenness,,28770,0.4003841015364061,7.181028724114898e-05,5.1276573866826775e-06,5.127657386682678e-07,6.944444444444444e-05,3.124421644972009e-06,3.1244216449720085e-07,100
US Power Grid,adap_betweenness,,28840,0.4013582720997551,7.13927855711423e-05,4.703819708717868e-06,4.7038197087178675e-07,6.916610999777334e-05,3.676701638778752e-06,3.676701638778754e-07,100
US Power Grid,adap_betweenness,,28910,0.402332442663104,7.055778223112893e-05,3.5686985077967425e-06,3.568698507796743e-07,6.888777555110221e-05,4.137360763266555e-06,4.1373607632665556e-07,100
US Power Grid,adap_betweenness,,28980,0.4033066132264529,7.055778223112893e-05,3.5686985077967425e-06,3.568698507796743e-07,6.874860832776666e-05,4.342680533408906e-06,4.3426805334089065e-07,100
US Power Grid,adap_betweenness,,29050,0.4042807837898018,7.041861500779338e-05,3.3216886074362903e-06,3.3216886074362895e-07,6.860944110443109e-05,4.534409338604899e-06,4.5344093386049e-07,100
US Power Grid,adap_betweenness,,29120,0.4052549543531508,7.014028056112226e-05,3.916313018712139e-06,3.9163130187121386e-07,6.805277221108885e-05,5.193994651385211e-06,5.19399465138521e-07,100
US Power Grid,adap_betweenness,,29190,0.4062291249164997,6.986194611445113e-05,3.414620905109402e-06,3.4146209051094033e-07,6.791360498775329e-05,5.33703501938435e-06,5.337035019384352e-07,100
US Power Grid,adap_betweenness,,29260,0.4072032954798486,6.958361166778001e-05,3.956073561115017e-06,3.9560735611150164e-07,6.763527054108217e-05,5.601721934549351e-06,5.601721934549347e-07,100
US Power Grid,adap_betweenness,,29330,0.4081774660431975,6.958361166778001e-05,3.956073561115017e-06,3.9560735611150164e-07,6.693943442440437e-05,5.832693507124063e-06,5.832693507124057e-07,100
US Power Grid,adap_betweenness,,29400,0.4091516366065464,6.958361166778001e-05,3.956073561115017e-06,3.9560735611150164e-07,6.693943442440437e-05,5.832693507124063e-06,5.832693507124057e-07,100
US Power Grid,adap_betweenness,,29470,0.4101258071698954,6.916610999777334e-05,4.619891118963193e-06,4.619891118963194e-07,6.624359830772657e-05,6.292520209980396e-06,6.292520209980395e-07,100
US Power Grid,adap_betweenness,,29540,0.4110999777332443,6.874860832776666e-05,5.165668710411584e-06,5.165668710411584e-07,6.568692941438433e-05,6.584218626233529e-06,6.584218626233526e-07,100
US Power Grid,adap_betweenness,,29610,0.4120741482965932,6.860944110443109e-05,5.327863273443111e-06,5.327863273443113e-07,6.499109329770653e-05,6.576786387013763e-06,6.576786387013764e-07,100
US Power Grid,adap_betweenness,,29680,0.4130483188599421,6.860944110443109e-05,5.327863273443111e-06,5.327863273443113e-07,6.471275885103541e-05,6.671293774230438e-06,6.67129377423044e-07,100
US Power Grid,adap_betweenness,,29750,0.414022489423291,6.847027388109554e-05,5.481696325064922e-06,5.48169632506492e-07,6.429525718102873e-05,6.789018748811006e-06,6.789018748811004e-07,100
US Power Grid,adap_betweenness,,29820,0.41499665998664,6.763527054108217e-05,6.261353499243424e-06,6.261353499243426e-07,6.318191939434426e-05,6.9710012519766385e-06,6.971001251976638e-07,100
US Power Grid,adap_betweenness,,29890,0.4159708305499889,6.72177688710755e-05,6.2722794640522205e-06,6.272279464052223e-07,6.276441772433757e-05,6.992017281725836e-06,6.992017281725835e-07,100
US Power Grid,adap_betweenness,,29960,0.4169450011133378,6.666109997773325e-05,6.6477928864899755e-06,6.647792886489979e-07,6.206858160765977e-05,6.971001251976636e-06,6.971001251976637e-07,100
US Power Grid,adap_betweenness,,30030,0.4179191716766867,6.666109997773325e-05,6.6477928864899755e-06,6.647792886489979e-07,6.165107993765309e-05,6.924541471223602e-06,6.924541471223603e-07,100
US Power Grid,adap_betweenness,,30100,0.4188933422400356,6.624359830772657e-05,6.886295782457237e-06,6.886295782457237e-07,6.12335782676464e-05,6.85212040633115e-06,6.85212040633115e-07,100
US Power Grid,adap_betweenness,,30170,0.4198675128033846,6.513026052104208e-05,7.098920201514415e-06,7.098920201514417e-07,6.0259407704297494e-05,6.5767863870137644e-06,6.576786387013764e-07,100
US Power Grid,adap_betweenness,,30240,0.4208416833667335,6.499109329770653e-05,7.14698385270921e-06,7.146983852709211e-07,5.956357158761969e-05,6.280072086592812e-06,6.280072086592812e-07,100
US Power Grid,adap_betweenness,,30310,0.4218158539300824,6.415608995769316e-05,7.373329436237498e-06,7.373329436237497e-07,5.9146069917613006e-05,6.056476006029347e-06,6.056476006029347e-07,100
US Power Grid,adap_betweenness,,30380,0.4227900244934313,6.359942106435093e-05,7.468234972011269e-06,7.468234972011269e-07,5.900690269427745e-05,5.9735400800340695e-06,5.973540080034068e-07,100
US Power Grid,adap_betweenness,,30450,0.4237641950567802,6.290358494767313e-05,7.262385677627736e-06,7.262385677627736e-07,5.886773547094189e-05,5.886113681274366e-06,5.886113681274367e-07,100
US Power Grid,adap_betweenness,,30520,0.4247383656201292,6.220774883099532e-05,6.980816606081497e-06,6.980816606081499e-07,5.8311066577599646e-05,5.48704693280537e-06,5.487046932805372e-07,100
US Power Grid,adap_betweenness,,30590,0.4257125361834781,6.220774883099532e-05,6.980816606081497e-06,6.980816606081499e-07,5.8032732130928524e-05,5.253912937940282e-06,5.253912937940285e-07,100
US Power Grid,adap_betweenness,,30660,0.426686706746827,6.192941438432421e-05,6.958361166778001e-06,6.958361166778003e-07,5.747606323758629e-05,4.703819708717868e-06,4.7038197087178696e-07,100
US Power Grid,adap_betweenness,,30730,0.4276608773101759,6.109441104431085e-05,6.822076514142141e-06,6.822076514142136e-07,5.747606323758629e-05,4.703819708717868e-06,4.7038197087178696e-07,100
US Power Grid,adap_betweenness,,30800,0.4286350478735248,6.0816076597639725e-05,6.7529028486683085e-06,6.752902848668307e-07,5.7336896014250725e-05,4.545182481227601e-06,4.5451824812276013e-07,100
US Power Grid,adap_betweenness,,30870,0.4296092184368738,6.067690937430417e-05,6.713679460649382e-06,6.713679460649382e-07,5.70585615675796e-05,4.196049662905867e-06,4.196049662905864e-07,100
US Power Grid,adap_betweenness,,30940,0.4305833890002227,6.053774215096861e-05,6.671293774230441e-06,6.671293774230441e-07,5.70585615675796e-05,4.196049662905867e-06,4.196049662905864e-07,100
US Power Grid,adap_betweenness,,31010,0.4315575595635716,6.0259407704297494e-05,6.576786387013766e-06,6.576786387013764e-07,5.678022712090849e-05,3.7945324585878807e-06,3.794532458587882e-07,100
US Power Grid,adap_betweenness,,31080,0.4325317301269205,6.012024048096193e-05,6.524523662076249e-06,6.524523662076248e-07,5.678022712090849e-05,3.7945324585878807e-06,3.794532458587882e-07,100
US Power Grid,adap_betweenness,,31150,0.4335059006902694,5.9841906034290804e-05,6.409571733353353e-06,6.409571733353353e-07,5.6641059897572927e-05,3.5686985077967438e-06,3.5686985077967443e-07,100
US Power Grid,adap_betweenness,,31220,0.4344800712536183,5.9146069917613006e-05,6.056476006029348e-06,6.056476006029347e-07,5.608439100423069e-05,2.3859748385349234e-06,2.385974838534922e-07,100
US Power Grid,adap_betweenness,,31290,0.4354542418169673,5.9146069917613006e-05,6.056476006029348e-06,6.056476006029347e-07,5.594522378089512e-05,1.95815650935607e-06,1.9581565093560693e-07,100
US Power Grid,adap_betweenness,,31360,0.4364284123803162,5.886773547094189e-05,5.886113681274367e-06,5.886113681274367e-07,5.580605655755956e-05,1.3916722333556013e-06,1.3916722333556002e-07,100
US Power Grid,adap_betweenness,,31430,0.4374025829436651,5.858940102427076e-05,5.696951969777509e-06,5.696951969777507e-07,5.580605655755956e-05,1.3916722333556013e-06,1.3916722333556002e-07,100
US Power Grid,adap_betweenness,,31500,0.438376753507014,5.8171899354264085e-05,5.373565459604896e-06,5.373565459604896e-07,5.580605655755956e-05,1.3916722333556013e-06,1.3916722333556002e-07,100
US Power Grid,adap_betweenness,,31570,0.4393509240703629,5.789356490759297e-05,5.1276573866826826e-06,5.127657386682682e-07,5.5527722110888445e-05,1.3916722333556004e-06,1.3916722333556002e-07,100
US Power Grid,adap_betweenness,,31640,0.4403250946337119,5.789356490759297e-05,5.1276573866826826e-06,5.127657386682682e-07,5.5527722110888445e-05,1.3916722333556004e-06,1.3916722333556002e-07,100
US Power Grid,adap_betweenness,,31710,0.4412992651970608,5.761523046092185e-05,4.853249387939452e-06,4.853249387939452e-07,5.5527722110888445e-05,1.3916722333556004e-06,1.3916722333556002e-07,100
US Power Grid,adap_betweenness,,31780,0.4422734357604097,5.70585615675796e-05,4.638907444518668e-06,4.63890744451867e-07,5.5527722110888445e-05,1.3916722333556004e-06,1.3916722333556002e-07,100
US Power Grid,adap_betweenness,,31850,0.4432476063237586,5.70585615675796e-05,4.638907444518668e-06,4.63890744451867e-07,5.5527722110888445e-05,1.3916722333556004e-06,1.3916722333556002e-07,100
US Power Grid,adap_betweenness,,31920,0.4442217768871075,5.6501892674237365e-05,3.86603733944854e-06,3.866037339448542e-07,5.5527722110888445e-05,1.3916722333556004e-06,1.3916722333556002e-07,100
US Power Grid,adap_betweenness,,31990,0.4451959474504565,5.6501892674237365e-05,3.86603733944854e-06,3.866037339448542e-07,5.5527722110888445e-05,1.3916722333556004e-06,1.3916722333556002e-07,100
US Power Grid,adap_betweenness,,32060,0.4461701180138054,5.622355822756625e-05,3.380070732291837e-06,3.3800707322918363e-07,5.5527722110888445e-05,1.3916722333556004e-06,1.3916722333556002e-07,100
US Power Grid,adap_betweenness,,32130,0.4471442885771543,5.608439100423069e-05,3.099274985437732e-06,3.0992749854377334e-07,5.5527722110888445e-05,1.3916722333556004e-06,1.3916722333556002e-07,100
US Power Grid,adap_betweenness,,32200,0.4481184591405032,5.608439100423069e-05,3.099274985437732e-06,3.0992749854377334e-07,5.5527722110888445e-05,1.3916722333556004e-06,1.3916722333556002e-07,100
US Power Grid,adap_betweenness,,32270,0.4490926297038521,5.608439100423069e-05,3.099274985437732e-06,3.0992749854377334e-07,5.5388554887552884e-05,1.95815650935607e-06,1.9581565093560688e-07,100
US Power Grid,adap_betweenness,,32340,0.4500668002672011,5.608439100423069e-05,3.099274985437732e-06,3.0992749854377334e-07,5.5388554887552884e-05,1.95815650935607e-06,1.9581565093560688e-07,100
US Power Grid,adap_betweenness,,32410,0.45104097083055,5.608439100423069e-05,3.099274985437732e-06,3.0992749854377334e-07,5.511022044088177e-05,2.7408481625324586e-06,2.740848162532459e-07,100
US Power Grid,adap_betweenness,,32480,0.4520151413938989,5.580605655755956e-05,2.418549381412602e-06,2.4185493814126014e-07,5.497105321754621e-05,3.0483594071140917e-06,3.048359407114094e-07,100
US Power Grid,adap_betweenness,,32550,0.4529893119572478,5.580605655755956e-05,2.418549381412602e-06,2.4185493814126014e-07,5.4831885994210646e-05,3.3216886074362903e-06,3.3216886074362884e-07,100
US Power Grid,adap_betweenness,,32620,0.4539634825205967,5.580605655755956e-05,2.418549381412602e-06,2.4185493814126014e-07,5.455355154753953e-05,3.7945324585878807e-06,3.794532458587879e-07,100
US Power Grid,adap_betweenness,,32690,0.4549376530839457,5.5666889334224006e-05,2.797366441937243e-06,2.7973664419372416e-07,5.42752171008684e-05,4.196049662905861e-06,4.196049662905862e-07,100
US Power Grid,adap_betweenness,,32760,0.4559118236472946,5.5388554887552884e-05,3.4146209051094043e-06,3.4146209051094044e-07,5.3857715430861725e-05,4.703819708717867e-06,4.7038197087178675e-07,100
US Power Grid,adap_betweenness,,32830,0.4568859942106435,5.5388554887552884e-05,3.4146209051094043e-06,3.4146209051094044e-07,5.344021376085505e-05,5.12765738668268e-06,5.127657386682679e-07,100
US Power Grid,adap_betweenness,,32900,0.4578601647739924,5.5388554887552884e-05,3.4146209051094043e-06,3.4146209051094044e-07,5.3161879314183927e-05,5.373565459604892e-06,5.373565459604891e-07,100
US Power Grid,adap_betweenness,,32970,0.4588343353373413,5.524938766421732e-05,3.6767016387787537e-06,3.6767016387787534e-07,5.274437764417724e-05,5.696951969777503e-06,5.696951969777504e-07,100
US Power Grid,adap_betweenness,,33040,0.4598085059006903,5.524938766421732e-05,3.6767016387787537e-06,3.6767016387787534e-07,5.274437764417724e-05,5.696951969777503e-06,5.696951969777504e-07,100
US Power Grid,adap_betweenness,,33110,0.4607826764640392,5.469271877087509e-05,4.080225305640488e-06,4.0802253056404876e-07,5.2187708750835006e-05,6.0564760060293446e-06,6.056476006029344e-07,100
US Power Grid,adap_betweenness,,33180,0.4617568470273881,5.469271877087509e-05,4.080225305640488e-06,4.0802253056404876e-07,5.177020708082833e-05,6.280072086592811e-06,6.280072086592811e-07,100
US Power Grid,adap_betweenness,,33250,0.462731017590737,5.469271877087509e-05,4.080225305640488e-06,4.0802253056404876e-07,5.1074370964150524e-05,6.576786387013764e-06,6.57678638701376e-07,100
US Power Grid,adap_betweenness,,33320,0.4637051881540859,5.469271877087509e-05,4.080225305640488e-06,4.0802253056404876e-07,5.079603651747941e-05,6.671293774230437e-06,6.671293774230436e-07,100
US Power Grid,adap_betweenness,,33390,0.4646793587174349,5.455355154753953e-05,4.279147822232285e-06,4.279147822232283e-07,5.023936762413717e-05,6.822076514142134e-06,6.822076514142135e-07,100
US Power Grid,adap_betweenness,,33460,0.4656535292807838,5.42752171008684e-05,4.63890744451867e-06,4.638907444518667e-07,4.9404364284123804e-05,6.9583611667779965e-06,6.958361166778001e-07,100
US Power Grid,adap_betweenness,,33530,0.4666276998441327,5.3996882654197286e-05,4.9569459642905715e-06,4.956945964290572e-07,4.912602983745269e-05,6.980816606081492e-06,6.980816606081494e-07,100
US Power Grid,adap_betweenness,,33600,0.4676018704074816,5.3718548207526164e-05,5.240864349205476e-06,5.240864349205476e-07,4.870852816744601e-05,6.993416104843104e-06,6.993416104843102e-07,100
US Power Grid,adap_betweenness,,33670,0.4685760409708305,5.302271209084837e-05,5.832693507124054e-06,5.832693507124055e-07,4.815185927410376e-05,6.971001251976638e-06,6.971001251976634e-07,100
US Power Grid,adap_betweenness,,33740,0.4695502115341795,5.2883544867512804e-05,5.934110341672523e-06,5.934110341672524e-07,4.815185927410376e-05,6.971001251976638e-06,6.971001251976634e-07,100
US Power Grid,adap_betweenness,,33810,0.4705243820975284,5.232687597417057e-05,6.292520209980397e-06,6.292520209980393e-07,4.745602315742597e-05,6.8791899134896234e-06,6.879189913489622e-07,100
US Power Grid,adap_betweenness,,33880,0.4714985526608773,5.190937430416389e-05,6.517023345006666e-06,6.517023345006664e-07,4.731685593409041e-05,6.852120406331146e-06,6.852120406331149e-07,100
US Power Grid,adap_betweenness,,33950,0.4724727232242262,5.177020708082833e-05,6.584218626233526e-06,6.584218626233524e-07,4.703852148741928e-05,6.789018748811003e-06,6.789018748811e-07,100
US Power Grid,adap_betweenness,,34020,0.4734468937875751,5.163103985749277e-05,6.647792886489977e-06,6.647792886489974e-07,4.6760187040748164e-05,6.71367946064938e-06,6.713679460649377e-07,100
US Power Grid,adap_betweenness,,34090,0.474421064350924,5.135270541082164e-05,6.764480916061634e-06,6.764480916061635e-07,4.66210198174126e-05,6.671293774230437e-06,6.671293774230437e-07,100
US Power Grid,adap_betweenness,,34160,0.475395234914273,5.079603651747941e-05,6.958361166777998e-06,6.958361166778e-07,4.6064350924070366e-05,6.468815390666495e-06,6.468815390666495e-07,100
US Power Grid,adap_betweenness,,34230,0.4763694054776219,5.010020040080161e-05,7.131913037053804e-06,7.131913037053807e-07,4.6064350924070366e-05,6.468815390666495e-06,6.468815390666495e-07,100
US Power Grid,adap_betweenness,,34300,0.4773435760409708,5.010020040080161e-05,7.131913037053804e-06,7.131913037053807e-07,4.550768203072812e-05,6.209586441472857e-06,6.209586441472857e-07,100
US Power Grid,adap_betweenness,,34370,0.4783177466043197,4.982186595413048e-05,7.181118080009613e-06,7.181118080009612e-07,4.467267869071477e-05,5.696951969777504e-06,5.696951969777504e-07,100
US Power Grid,adap_betweenness,,34440,0.4792919171676686,4.968269873079493e-05,7.201520956848893e-06,7.201520956848893e-07,4.453351146737921e-05,5.594732883874483e-06,5.594732883874483e-07,100
US Power Grid,adap_betweenness,,34510,0.4802660877310176,4.9404364284123804e-05,7.2340458688456206e-06,7.234045868845622e-07,4.4394344244043646e-05,5.487046932805367e-06,5.487046932805369e-07,100
US Power Grid,adap_betweenness,,34580,0.4812402582943665,4.9265197060788243e-05,7.246205073022575e-06,7.246205073022578e-07,4.425517702070809e-05,5.373565459604892e-06,5.373565459604893e-07,100
US Power Grid,adap_betweenness,,34650,0.4822144288577154,4.912602983745269e-05,7.255648144237802e-06,7.255648144237802e-07,4.425517702070809e-05,5.373565459604892e-06,5.373565459604893e-07,100
US Power Grid,adap_betweenness,,34720,0.4831885994210643,4.884769539078157e-05,7.266425199036386e-06,7.266425199036387e-07,4.38376753507014e-05,4.994298058375594e-06,4.994298058375593e-07,100
US Power Grid,adap_betweenness,,34790,0.4841627699844132,4.884769539078157e-05,7.266425199036386e-06,7.266425199036387e-07,4.38376753507014e-05,4.994298058375594e-06,4.994298058375593e-07,100
US Power Grid,adap_betweenness,,34860,0.4851369405477622,4.8430193720774884e-05,7.262385677627734e-06,7.262385677627732e-07,4.3281006457359164e-05,4.376336530494604e-06,4.376336530494601e-07,100
US Power Grid,adap_betweenness,,34930,0.4861111111111111,4.829102649743932e-05,7.255648144237801e-06,7.255648144237803e-07,4.314183923402361e-05,4.196049662905862e-06,4.196049662905862e-07,100
US Power Grid,adap_betweenness,,35000,0.48708528167446,4.7873524827432646e-05,7.2191568073961564e-06,7.21915680739616e-07,4.300267201068805e-05,4.002776264538262e-06,4.002776264538261e-07,100
US Power Grid,adap_betweenness,,35070,0.4880594522378089,4.703852148741928e-05,6.789018748811001e-06,6.789018748811002e-07,4.258517034068136e-05,3.3216886074362895e-06,3.3216886074362895e-07,100
US Power Grid,adap_betweenness,,35140,0.4890336228011578,4.66210198174126e-05,6.671293774230439e-06,6.671293774230437e-07,4.2446003117345805e-05,3.0483594071140938e-06,3.048359407114094e-07,100
US Power Grid,adap_betweenness,,35210,0.4900077933645068,4.648185259407704e-05,6.6256851003329344e-06,6.625685100332934e-07,4.2306835894010244e-05,2.740848162532458e-06,2.740848162532459e-07,100
US Power Grid,adap_betweenness,,35280,0.4909819639278557,4.634268537074149e-05,6.576786387013763e-06,6.576786387013761e-07,4.2306835894010244e-05,2.740848162532458e-06,2.740848162532459e-07,100
US Power Grid,adap_betweenness,,35350,0.4919561344912047,4.620351814740593e-05,6.524523662076246e-06,6.524523662076244e-07,4.2306835894010244e-05,2.740848162532458e-06,2.740848162532459e-07,100
US Power Grid,adap_betweenness,,35420,0.4929303050545536,4.578601647739925e-05,6.346693686986036e-06,6.346693686986036e-07,4.202850144733913e-05,1.958156509356069e-06,1.9581565093560688e-07,100
US Power Grid,adap_betweenness,,35490,0.4939044756179025,4.564684925406369e-05,6.28007208659281e-06,6.280072086592808e-07,4.202850144733913e-05,1.958156509356069e-06,1.9581565093560688e-07,100
US Power Grid,adap_betweenness,,35560,0.4948786461812514,4.5090180360721445e-05,5.973540080034066e-06,5.973540080034066e-07,4.202850144733913e-05,1.958156509356069e-06,1.9581565093560688e-07,100
US Power Grid,adap_betweenness,,35630,0.4958528167446003,4.5090180360721445e-05,5.973540080034066e-06,5.973540080034066e-07,4.202850144733913e-05,1.958156509356069e-06,1.9581565093560688e-07,100
US Power Grid,adap_betweenness,,35700,0.4968269873079493,4.5090180360721445e-05,5.973540080034066e-06,5.973540080034066e-07,4.202850144733913e-05,1.958156509356069e-06,1.9581565093560688e-07,100
US Power Grid,adap_betweenness,,35770,0.4978011578712982,4.4951013137385884e-05,5.8861136812743635e-06,5.886113681274362e-07,4.202850144733913e-05,1.958156509356069e-06,1.9581565093560688e-07,100
US Power Grid,adap_betweenness,,35840,0.4987753284346471,4.481184591405033e-05,5.793993541154901e-06,5.793993541154901e-07,4.188933422400357e-05,1.3916722333556007e-06,1.3916722333556005e-07,100
US Power Grid,adap_betweenness,,35910,0.499749498997996,4.453351146737921e-05,5.594732883874482e-06,5.594732883874483e-07,4.188933422400357e-05,1.3916722333556007e-06,1.3916722333556005e-07,100
US Power Grid,adap_betweenness,,35980,0.500723669561345,4.453351146737921e-05,5.594732883874482e-06,5.594732883874483e-07,4.188933422400357e-05,1.3916722333556007e-06,1.3916722333556005e-07,100
US Power Grid,adap_betweenness,,36050,0.5016978401246939,4.453351146737921e-05,5.594732883874482e-06,5.594732883874483e-07,4.188933422400357e-05,1.3916722333556007e-06,1.3916722333556005e-07,100
US Power Grid,adap_betweenness,,36120,0.5026720106880428,4.4394344244043646e-05,5.487046932805368e-06,5.487046932805369e-07,4.188933422400357e-05,1.3916722333556007e-06,1.3916722333556005e-07,100
US Power Grid,adap_betweenness,,36190,0.5036461812513917,4.397684257403696e-05,5.127657386682678e-06,5.127657386682679e-07,4.188933422400357e-05,1.3916722333556007e-06,1.3916722333556005e-07,100
US Power Grid,adap_betweenness,,36260,0.5046203518147406,4.397684257403696e-05,5.127657386682678e-06,5.127657386682679e-07,4.1750167000668006e-05,0.0,0.0,100
US Power Grid,adap_betweenness,,36330,0.5055945223780896,4.397684257403696e-05,5.127657386682678e-06,5.127657386682679e-07,4.1750167000668006e-05,0.0,0.0,100
US Power Grid,adap_betweenness,,36400,0.5065686929414385,4.397684257403696e-05,5.127657386682678e-06,5.127657386682679e-07,4.1750167000668006e-05,0.0,0.0,100
US Power Grid,adap_betweenness,,36470,0.5075428635047874,4.38376753507014e-05,4.994298058375592e-06,4.994298058375594e-07,4.1750167000668006e-05,0.0,0.0,100
US Power Grid,adap_betweenness,,36540,0.5085170340681363,4.369850812736584e-05,4.853249387939449e-06,4.853249387939448e-07,4.1750167000668006e-05,0.0,0.0,100
US Power Grid,adap_betweenness,,36610,0.5094912046314852,4.3559340904030286e-05,4.7038197087178686e-06,4.7038197087178675e-07,4.1750167000668006e-05,0.0,0.0,100
US Power Grid,adap_betweenness,,36680,0.5104653751948341,4.3559340904030286e-05,4.7038197087178686e-06,4.7038197087178675e-07,4.1750167000668006e-05,0.0,0.0,100
US Power Grid,adap_betweenness,,36750,0.5114395457581831,4.3420173680694725e-05,4.545182481227601e-06,4.545182481227599e-07,4.1750167000668006e-05,0.0,0.0,100
US Power Grid,adap_betweenness,,36820,0.512413716321532,4.3281006457359164e-05,4.376336530494603e-06,4.376336530494601e-07,4.1750167000668006e-05,0.0,0.0,100
US Power Grid,adap_betweenness,,36890,0.5133878868848809,4.3281006457359164e-05,4.376336530494603e-06,4.376336530494601e-07,4.1750167000668006e-05,0.0,0.0,100
US Power Grid,adap_betweenness,,36960,0.5143620574482298,4.314183923402361e-05,4.196049662905861e-06,4.196049662905862e-07,4.1750167000668006e-05,0.0,0.0,100
US Power Grid,adap_betweenness,,37030,0.5153362280115787,4.314183923402361e-05,4.196049662905861e-06,4.196049662905862e-07,4.1750167000668006e-05,0.0,0.0,100
US Power Grid,adap_betweenness,,37100,0.5163103985749277,4.314183923402361e-05,4.196049662905861e-06,4.196049662905862e-07,4.1750167000668006e-05,0.0,0.0,100
US Power Grid,adap_betweenness,,37170,0.5172845691382766,4.272433756401693e-05,3.568698507796742e-06,3.5686985077967427e-07,4.1750167000668006e-05,0.0,0.0,100
US Power Grid,adap_betweenness,,37240,0.5182587397016255,4.272433756401693e-05,3.568698507796742e-06,3.5686985077967427e-07,4.1750167000668006e-05,0.0,0.0,100
US Power Grid,adap_betweenness,,37310,0.5192329102649744,4.258517034068136e-05,3.3216886074362895e-06,3.321688607436289e-07,4.1750167000668006e-05,0.0,0.0,100
US Power Grid,adap_betweenness,,37380,0.5202070808283233,4.258517034068136e-05,3.3216886074362895e-06,3.321688607436289e-07,4.1750167000668006e-05,0.0,0.0,100
US Power Grid,adap_betweenness,,37450,0.5211812513916723,4.2446003117345805e-05,3.048359407114094e-06,3.048359407114094e-07,4.1750167000668006e-05,0.0,0.0,100
US Power Grid,adap_betweenness,,37520,0.5221554219550212,4.2306835894010244e-05,2.7408481625324594e-06,2.740848162532459e-07,4.1750167000668006e-05,0.0,0.0,100
US Power Grid,adap_betweenness,,37590,0.5231295925183701,4.2306835894010244e-05,2.7408481625324594e-06,2.740848162532459e-07,4.1750167000668006e-05,0.0,0.0,100
US Power Grid,adap_betweenness,,37660,0.524103763081719,4.216766867067468e-05,2.385974838534921e-06,2.385974838534921e-07,4.1750167000668006e-05,0.0,0.0,100
US Power Grid,adap_betweenness,,37730,0.5250779336450679,4.216766867067468e-05,2.385974838534921e-06,2.385974838534921e-07,4.1750167000668006e-05,0.0,0.0,100
US Power Grid,adap_betweenness,,37800,0.5260521042084169,4.216766867067468e-05,2.385974838534921e-06,2.385974838534921e-07,4.1750167000668006e-05,0.0,0.0,100
US Power Grid,adap_betweenness,,37870,0.5270262747717658,4.202850144733913e-05,1.9581565093560688e-06,1.9581565093560688e-07,4.1750167000668006e-05,0.0,0.0,100
US Power Grid,adap_betweenness,,37940,0.5280004453351147,4.202850144733913e-05,1.9581565093560688e-06,1.9581565093560688e-07,4.1750167000668006e-05,0.0,0.0,100
US Power Grid,adap_betweenness,,38010,0.5289746158984636,4.202850144733913e-05,1.9581565093560688e-06,1.9581565093560688e-07,4.1750167000668006e-05,0.0,0.0,100
US Power Grid,adap_betweenness,,38080,0.5299487864618125,4.202850144733913e-05,1.9581565093560688e-06,1.9581565093560688e-07,4.1750167000668006e-05,0.0,0.0,100
US Power Grid,adap_betweenness,,38150,0.5309229570251615,4.202850144733913e-05,1.9581565093560688e-06,1.9581565093560688e-07,4.1750167000668006e-05,0.0,0.0,100
US Power Grid,adap_betweenness,,38220,0.5318971275885104,4.202850144733913e-05,1.9581565093560688e-06,1.9581565093560688e-07,4.1750167000668006e-05,0.0,0.0,100
US Power Grid,adap_betweenness,,38290,0.5328712981518593,4.202850144733913e-05,1.9581565093560688e-06,1.9581565093560688e-07,4.1750167000668006e-05,0.0,0.0,100
US Power Grid,adap_betweenness,,38360,0.5338454687152082,4.1750167000668006e-05,0.0,0.0,4.1750167000668006e-05,0.0,0.0,100
US Power Grid,adap_betweenness,,38430,0.5348196392785571,4.1750167000668006e-05,0.0,0.0,4.1750167000668006e-05,0.0,0.0,100
US Power Grid,adap_betweenness,,38500,0.535793809841906,4.1750167000668006e-05,0.0,0.0,4.1750167000668006e-05,0.0,0.0,100
US Power Grid,adap_betweenness,,38570,0.536767980405255,4.1750167000668006e-05,0.0,0.0,4.1750167000668006e-05,0.0,0.0,100
US Power Grid,adap_betweenness,,38640,0.5377421509686039,4.1750167000668006e-05,0.0,0.0,4.1750167000668006e-05,0.0,0.0,100
US Power Grid,adap_betweenness,,38710,0.5387163215319528,4.1750167000668006e-05,0.0,0.0,4.1750167000668006e-05,0.0,0.0,100
US Power Grid,adap_betweenness,,38780,0.5396904920953017,4.1750167000668006e-05,0.0,0.0,4.1750167000668006e-05,0.0,0.0,100
US Power Grid,adap_betweenness,,38850,0.5406646626586507,4.1750167000668006e-05,0.0,0.0,4.1750167000668006e-05,0.0,0.0,100
US Power Grid,adap_betweenness,,38920,0.5416388332219996,4.1750167000668006e-05,0.0,0.0,4.1750167000668006e-05,0.0,0.0,100
US Power Grid,adap_betweenness,,38990,0.5426130037853485,4.1750167000668006e-05,0.0,0.0,4.1750167000668006e-05,0.0,0.0,100
US Power Grid,adap_betweenness,,39060,0.5435871743486974,4.1750167000668006e-05,0.0,0.0,4.1750167000668006e-05,0.0,0.0,100
US Power Grid,adap_betweenness,,39130,0.5445613449120463,4.1750167000668006e-05,0.0,0.0,4.1750167000668006e-05,0.0,0.0,100
US Power Grid,adap_betweenness,,39200,0.5455355154753952,4.1750167000668006e-05,0.0,0.0,4.1750167000668006e-05,0.0,0.0,100
US Power Grid,adap_betweenness,,39270,0.5465096860387442,4.1750167000668006e-05,0.0,0.0,4.1750167000668006e-05,0.0,0.0,100
US Power Grid,adap_betweenness,,39340,0.5474838566020931,4.1750167000668006e-05,0.0,0.0,4.1750167000668006e-05,0.0,0.0,100
US Power Grid,adap_betweenness,,39410,0.548458027165442,4.1750167000668006e-05,0.0,0.0,4.1750167000668006e-05,0.0,0.0,100
US Power Grid,adap_betweenness,,39480,0.5494321977287909,4.1750167000668006e-05,0.0,0.0,4.1750167000668006e-05,0.0,0.0,100
US Power Grid,adap_betweenness,,39550,0.5504063682921398,4.1750167000668006e-05,0.0,0.0,4.1750167000668006e-05,0.0,0.0,100
US Power Grid,adap_betweenness,,39620,0.5513805388554888,4.1750167000668006e-05,0.0,0.0,4.1750167000668006e-05,0.0,0.0,100
US Power Grid,adap_betweenness,,39690,0.5523547094188377,4.1750167000668006e-05,0.0,0.0,4.1750167000668006e-05,0.0,0.0,100
US Power Grid,adap_betweenness,,39760,0.5533288799821866,4.1750167000668006e-05,0.0,0.0,4.1750167000668006e-05,0.0,0.0,100
US Power Grid,adap_betweenness,,39830,0.5543030505455355,4.1750167000668006e-05,0.0,0.0,4.1750167000668006e-05,0.0,0.0,100
US Power Grid,adap_betweenness,,39900,0.5552772211088844,4.1750167000668006e-05,0.0,0.0,4.1750167000668006e-05,0.0,0.0,100
US Power Grid,adap_betweenness,,39970,0.5562513916722334,4.1750167000668006e-05,0.0,0.0,4.1750167000668006e-05,0.0,0.0,100
US Power Grid,adap_betweenness,,40040,0.5572255622355823,4.1750167000668006e-05,0.0,0.0,4.1750167000668006e-05,0.0,0.0,100
US Power Grid,adap_betweenness,,40110,0.5581997327989312,4.1750167000668006e-05,0.0,0.0,4.1750167000668006e-05,0.0,0.0,100
US Power Grid,adap_betweenness,,40180,0.5591739033622801,4.1750167000668006e-05,0.0,0.0,4.1750167000668006e-05,0.0,0.0,100
US Power Grid,adap_betweenness,,40250,0.560148073925629,4.1750167000668006e-05,0.0,0.0,4.1750167000668006e-05,0.0,0.0,100
US Power Grid,adap_betweenness,,40320,0.561122244488978,4.1750167000668006e-05,0.0,0.0,4.1750167000668006e-05,0.0,0.0,100
US Power Grid,adap_betweenness,,40390,0.5620964150523269,4.1750167000668006e-05,0.0,0.0,4.1750167000668006e-05,0.0,0.0,100
US Power Grid,adap_betweenness,,40460,0.5630705856156758,4.1750167000668006e-05,0.0,0.0,4.1750167000668006e-05,0.0,0.0,100
US Power Grid,adap_betweenness,,40530,0.5640447561790247,4.1750167000668006e-05,0.0,0.0,4.1750167000668006e-05,0.0,0.0,100
US Power Grid,adap_betweenness,,40600,0.5650189267423736,4.1750167000668006e-05,0.0,0.0,4.1750167000668006e-05,0.0,0.0,100
US Power Grid,adap_betweenness,,40670,0.5659930973057226,4.1750167000668006e-05,0.0,0.0,4.1750167000668006e-05,0.0,0.0,100
US Power Grid,adap_betweenness,,40740,0.5669672678690715,4.1750167000668006e-05,0.0,0.0,4.1750167000668006e-05,0.0,0.0,100
US Power Grid,adap_betweenness,,40810,0.5679414384324204,4.1750167000668006e-05,0.0,0.0,4.1750167000668006e-05,0.0,0.0,100
US Power Grid,adap_betweenness,,40880,0.5689156089957693,4.1750167000668006e-05,0.0,0.0,4.1750167000668006e-05,0.0,0.0,100
US Power Grid,adap_betweenness,,40950,0.5698897795591182,4.1750167000668006e-05,0.0,0.0,4.1750167000668006e-05,0.0,0.0,100
US Power Grid,adap_betweenness,,41020,0.5708639501224672,4.1750167000668006e-05,0.0,0.0,4.1750167000668006e-05,0.0,0.0,100
US Power Grid,adap_betweenness,,41090,0.5718381206858161,4.1750167000668006e-05,0.0,0.0,4.1750167000668006e-05,0.0,0.0,100
US Power Grid,adap_betweenness,,41160,0.572812291249165,4.1750167000668006e-05,0.0,0.0,4.1750167000668006e-05,0.0,0.0,100
US Power Grid,adap_betweenness,,41230,0.5737864618125139,4.1750167000668006e-05,0.0,0.0,4.1750167000668006e-05,0.0,0.0,100
US Power Grid,adap_betweenness,,41300,0.5747606323758628,4.1750167000668006e-05,0.0,0.0,4.1750167000668006e-05,0.0,0.0,100
US Power Grid,adap_betweenness,,41370,0.5757348029392118,4.1750167000668006e-05,0.0,0.0,4.1750167000668006e-05,0.0,0.0,100
US Power Grid,adap_betweenness,,41440,0.5767089735025607,4.1750167000668006e-05,0.0,0.0,4.1750167000668006e-05,0.0,0.0,100
US Power Grid,adap_betweenness,,41510,0.5776831440659096,4.1750167000668006e-05,0.0,0.0,4.1750167000668006e-05,0.0,0.0,100
US Power Grid,adap_betweenness,,41580,0.5786573146292585,4.1750167000668006e-05,0.0,0.0,4.1750167000668006e-05,0.0,0.0,100
US Power Grid,adap_betweenness,,41650,0.5796314851926074,4.1750167000668006e-05,0.0,0.0,4.1750167000668006e-05,0.0,0.0,100
US Power Grid,adap_betweenness,,41720,0.5806056557559564,4.1750167000668006e-05,0.0,0.0,4.1750167000668006e-05,0.0,0.0,100
US Power Grid,adap_betweenness,,41790,0.5815798263193053,4.1750167000668006e-05,0.0,0.0,4.1750167000668006e-05,0.0,0.0,100
US Power Grid,adap_betweenness,,41860,0.5825539968826542,4.1750167000668006e-05,0.0,0.0,4.1750167000668006e-05,0.0,0.0,100
US Power Grid,adap_betweenness,,41930,0.5835281674460031,4.1750167000668006e-05,0.0,0.0,4.1750167000668006e-05,0.0,0.0,100
US Power Grid,adap_betweenness,,42000,0.584502338009352,4.1750167000668006e-05,0.0,0.0,4.1750167000668006e-05,0.0,0.0,100
US Power Grid,adap_betweenness,,42070,0.585476508572701,4.1750167000668006e-05,0.0,0.0,4.1750167000668006e-05,0.0,0.0,100
US Power Grid,adap_betweenness,,42140,0.5864506791360499,4.1750167000668006e-05,0.0,0.0,4.1750167000668006e-05,0.0,0.0,100
US Power Grid,adap_betweenness,,42210,0.5874248496993988,4.1750167000668006e-05,0.0,0.0,4.1750167000668006e-05,0.0,0.0,100
US Power Grid,adap_betweenness,,42280,0.5883990202627477,4.1750167000668006e-05,0.0,0.0,4.1750167000668006e-05,0.0,0.0,100
US Power Grid,adap_betweenness,,42350,0.5893731908260966,4.1750167000668006e-05,0.0,0.0,4.1750167000668006e-05,0.0,0.0,100
US Power Grid,adap_betweenness,,42420,0.5903473613894455,4.1750167000668006e-05,0.0,0.0,4.1750167000668006e-05,0.0,0.0,100
US Power Grid,adap_betweenness,,42490,0.5913215319527945,4.1750167000668006e-05,0.0,0.0,4.1750167000668006e-05,0.0,0.0,100
US Power Grid,adap_betweenness,,42560,0.5922957025161434,4.1750167000668006e-05,0.0,0.0,4.1750167000668006e-05,0.0,0.0,100
US Power Grid,adap_betweenness,,42630,0.5932698730794923,4.1750167000668006e-05,0.0,0.0,4.1750167000668006e-05,0.0,0.0,100
US Power Grid,adap_betweenness,,42700,0.5942440436428412,4.1750167000668006e-05,0.0,0.0,4.1750167000668006e-05,0.0,0.0,100
US Power Grid,adap_betweenness,,42770,0.5952182142061901,4.1750167000668006e-05,0.0,0.0,4.1750167000668006e-05,0.0,0.0,100
US Power Grid,adap_betweenness,,42840,0.5961923847695391,4.1750167000668006e-05,0.0,0.0,4.1750167000668006e-05,0.0,0.0,100
US Power Grid,adap_betweenness,,42910,0.597166555332888,4.1750167000668006e-05,0.0,0.0,4.1750167000668006e-05,0.0,0.0,100
US Power Grid,adap_betweenness,,42980,0.5981407258962369,4.1750167000668006e-05,0.0,0.0,4.1750167000668006e-05,0.0,0.0,100
US Power Grid,adap_betweenness,,43050,0.5991148964595858,4.1750167000668006e-05,0.0,0.0,4.1750167000668006e-05,0.0,0.0,100
US Power Grid,adap_betweenness,,43120,0.6000890670229347,4.1750167000668006e-05,0.0,0.0,4.1750167000668006e-05,0.0,0.0,100
US Power Grid,adap_betweenness,,43190,0.6010632375862837,4.1750167000668006e-05,0.0,0.0,4.1750167000668006e-05,0.0,0.0,100
US Power Grid,adap_betweenness,,43260,0.6020374081496326,4.1750167000668006e-05,0.0,0.0,4.1750167000668006e-05,0.0,0.0,100
US Power Grid,adap_betweenness,,43330,0.6030115787129815,4.1750167000668006e-05,0.0,0.0,4.1750167000668006e-05,0.0,0.0,100
US Power Grid,adap_betweenness,,43400,0.6039857492763304,4.1750167000668006e-05,0.0,0.0,4.1750167000668006e-05,0.0,0.0,100
US Power Grid,adap_betweenness,,43470,0.6049599198396793,4.1750167000668006e-05,0.0,0.0,4.1750167000668006e-05,0.0,0.0,100
US Power Grid,adap_betweenness,,43540,0.6059340904030283,4.1750167000668006e-05,0.0,0.0,4.1750167000668006e-05,0.0,0.0,100
US Power Grid,adap_betweenness,,43610,0.6069082609663772,4.1750167000668006e-05,0.0,0.0,4.1750167000668006e-05,0.0,0.0,100
US Power Grid,adap_betweenness,,43680,0.6078824315297261,4.1750167000668006e-05,0.0,0.0,4.1750167000668006e-05,0.0,0.0,100
US Power Grid,adap_betweenness,,43750,0.608856602093075,4.1750167000668006e-05,0.0,0.0,4.1750167000668006e-05,0.0,0.0,100
US Power Grid,adap_betweenness,,43820,0.6098307726564239,4.1750167000668006e-05,0.0,0.0,4.1750167000668006e-05,0.0,0.0,100
US Power Grid,adap_betweenness,,43890,0.6108049432197729,4.1750167000668006e-05,0.0,0.0,4.1750167000668006e-05,0.0,0.0,100
US Power Grid,adap_betweenness,,43960,0.6117791137831218,4.1750167000668006e-05,0.0,0.0,4.1750167000668006e-05,0.0,0.0,100
US Power Grid,adap_betweenness,,44030,0.6127532843464707,4.1750167000668006e-05,0.0,0.0,4.1750167000668006e-05,0.0,0.0,100
US Power Grid,adap_betweenness,,44100,0.6137274549098196,4.1750167000668006e-05,0.0,0.0,4.1750167000668006e-05,0.0,0.0,100
US Power Grid,adap_betweenness,,44170,0.6147016254731685,4.1750167000668006e-05,0.0,0.0,4.1750167000668006e-05,0.0,0.0,100
US Power Grid,adap_betweenness,,44240,0.6156757960365175,4.1750167000668006e-05,0.0,0.0,4.1750167000668006e-05,0.0,0.0,100
US Power Grid,adap_betweenness,,44310,0.6166499665998664,4.1750167000668006e-05,0.0,0.0,4.1750167000668006e-05,0.0,0.0,100
US Power Grid,adap_betweenness,,44380,0.6176241371632153,4.1750167000668006e-05,0.0,0.0,4.1750167000668006e-05,0.0,0.0,100
US Power Grid,adap_betweenness,,44450,0.6185983077265642,4.1750167000668006e-05,0.0,0.0,4.1750167000668006e-05,0.0,0.0,100
US Power Grid,adap_betweenness,,44520,0.6195724782899131,4.1750167000668006e-05,0.0,0.0,4.1750167000668006e-05,0.0,0.0,100
US Power Grid,adap_betweenness,,44590,0.620546648853262,4.1750167000668006e-05,0.0,0.0,4.1750167000668006e-05,0.0,0.0,100
US Power Grid,adap_betweenness,,44660,0.621520819416611,4.1750167000668006e-05,0.0,0.0,4.1750167000668006e-05,0.0,0.0,100
US Power Grid,adap_betweenness,,44730,0.6224949899799599,4.1750167000668006e-05,0.0,0.0,4.1750167000668006e-05,0.0,0.0,100
US Power Grid,adap_betweenness,,44800,0.6234691605433088,4.1750167000668006e-05,0.0,0.0,4.1750167000668006e-05,0.0,0.0,100
US Power Grid,adap_betweenness,,44870,0.6244433311066578,4.1750167000668006e-05,0.0,0.0,4.1750167000668006e-05,0.0,0.0,100
US Power Grid,adap_betweenness,,44940,0.6254175016700068,4.1750167000668006e-05,0.0,0.0,4.1750167000668006e-05,0.0,0.0,100
US Power Grid,adap_betweenness,,45010,0.6263916722333557,4.1750167000668006e-05,0.0,0.0,4.1750167000668006e-05,0.0,0.0,100
US Power Grid,adap_betweenness,,45080,0.6273658427967046,4.1750167000668006e-05,0.0,0.0,4.1750167000668006e-05,0.0,0.0,100
US Power Grid,adap_betweenness,,45150,0.6283400133600535,4.1750167000668006e-05,0.0,0.0,4.1750167000668006e-05,0.0,0.0,100
US Power Grid,adap_betweenness,,45220,0.6293141839234024,4.1750167000668006e-05,0.0,0.0,4.1750167000668006e-05,0.0,0.0,100
US Power Grid,adap_betweenness,,45290,0.6302883544867514,4.1750167000668006e-05,0.0,0.0,4.1750167000668006e-05,0.0,0.0,100
US Power Grid,adap_betweenness,,45360,0.6312625250501003,4.1750167000668006e-05,0.0,0.0,4.1750167000668006e-05,0.0,0.0,100
US Power Grid,adap_betweenness,,45430,0.6322366956134492,4.1750167000668006e-05,0.0,0.0,4.1750167000668006e-05,0.0,0.0,100
US Power Grid,adap_betweenness,,45500,0.6332108661767981,4.1750167000668006e-05,0.0,0.0,4.1750167000668006e-05,0.0,0.0,100
US Power Grid,adap_betweenness,,45570,0.634185036740147,4.1750167000668006e-05,0.0,0.0,4.1750167000668006e-05,0.0,0.0,100
US Power Grid,adap_betweenness,,45640,0.635159207303496,4.1750167000668006e-05,0.0,0.0,4.1750167000668006e-05,0.0,0.0,100
US Power Grid,adap_betweenness,,45710,0.6361333778668449,4.1750167000668006e-05,0.0,0.0,4.1750167000668006e-05,0.0,0.0,100
US Power Grid,adap_betweenness,,45780,0.6371075484301938,4.1750167000668006e-05,0.0,0.0,4.1750167000668006e-05,0.0,0.0,100
US Power Grid,adap_betweenness,,45850,0.6380817189935427,4.1750167000668006e-05,0.0,0.0,4.1750167000668006e-05,0.0,0.0,100
US Power Grid,adap_betweenness,,45920,0.6390558895568916,4.1750167000668006e-05,0.0,0.0,4.1750167000668006e-05,0.0,0.0,100
US Power Grid,adap_betweenness,,45990,0.6400300601202406,4.1750167000668006e-05,0.0,0.0,4.1750167000668006e-05,0.0,0.0,100
US Power Grid,adap_betweenness,,46060,0.6410042306835895,4.1750167000668006e-05,0.0,0.0,4.1750167000668006e-05,0.0,0.0,100
US Power Grid,adap_betweenness,,46130,0.6419784012469384,4.1750167000668006e-05,0.0,0.0,4.1750167000668006e-05,0.0,0.0,100
US Power Grid,adap_betweenness,,46200,0.6429525718102873,4.1750167000668006e-05,0.0,0.0,4.1750167000668006e-05,0.0,0.0,100
US Power Grid,adap_betweenness,,46270,0.6439267423736362,4.1750167000668006e-05,0.0,0.0,4.1750167000668006e-05,0.0,0.0,100
US Power Grid,adap_betweenness,,46340,0.6449009129369851,4.1750167000668006e-05,0.0,0.0,4.1750167000668006e-05,0.0,0.0,100
US Power Grid,adap_betweenness,,46410,0.6458750835003341,4.1750167000668006e-05,0.0,0.0,4.1750167000668006e-05,0.0,0.0,100
US Power Grid,adap_betweenness,,46480,0.646849254063683,4.1750167000668006e-05,0.0,0.0,4.1750167000668006e-05,0.0,0.0,100
US Power Grid,adap_betweenness,,46550,0.6478234246270319,4.1750167000668006e-05,0.0,0.0,4.1750167000668006e-05,0.0,0.0,100
US Power Grid,adap_betweenness,,46620,0.6487975951903808,4.1750167000668006e-05,0.0,0.0,4.1750167000668006e-05,0.0,0.0,100
US Power Grid,adap_betweenness,,46690,0.6497717657537297,4.1750167000668006e-05,0.0,0.0,4.1750167000668006e-05,0.0,0.0,100
US Power Grid,adap_betweenness,,46760,0.6507459363170787,4.1750167000668006e-05,0.0,0.0,4.1750167000668006e-05,0.0,0.0,100
US Power Grid,adap_betweenness,,46830,0.6517201068804276,4.1750167000668006e-05,0.0,0.0,4.1750167000668006e-05,0.0,0.0,100
US Power Grid,adap_betweenness,,46900,0.6526942774437765,4.1750167000668006e-05,0.0,0.0,4.1750167000668006e-05,0.0,0.0,100
US Power Grid,adap_betweenness,,46970,0.6536684480071254,4.1750167000668006e-05,0.0,0.0,4.1750167000668006e-05,0.0,0.0,100
US Power Grid,adap_betweenness,,47040,0.6546426185704743,4.1750167000668006e-05,0.0,0.0,4.1750167000668006e-05,0.0,0.0,100
US Power Grid,adap_betweenness,,47110,0.6556167891338233,4.1750167000668006e-05,0.0,0.0,4.1750167000668006e-05,0.0,0.0,100
US Power Grid,adap_betweenness,,47180,0.6565909596971722,4.1750167000668006e-05,0.0,0.0,4.1750167000668006e-05,0.0,0.0,100
US Power Grid,adap_betweenness,,47250,0.6575651302605211,4.1750167000668006e-05,0.0,0.0,4.1750167000668006e-05,0.0,0.0,100
US Power Grid,adap_betweenness,,47320,0.65853930082387,4.1750167000668006e-05,0.0,0.0,4.1750167000668006e-05,0.0,0.0,100
US Power Grid,adap_betweenness,,47390,0.6595134713872189,4.1750167000668006e-05,0.0,0.0,4.1750167000668006e-05,0.0,0.0,100
US Power Grid,adap_betweenness,,47460,0.6604876419505679,4.1750167000668006e-05,0.0,0.0,4.1750167000668006e-05,0.0,0.0,100
US Power Grid,adap_betweenness,,47530,0.6614618125139168,4.1750167000668006e-05,0.0,0.0,4.1750167000668006e-05,0.0,0.0,100
US Power Grid,adap_betweenness,,47600,0.6624359830772657,4.1750167000668006e-05,0.0,0.0,4.1750167000668006e-05,0.0,0.0,100
US Power Grid,adap_betweenness,,47670,0.6634101536406146,4.1750167000668006e-05,0.0,0.0,4.1750167000668006e-05,0.0,0.0,100
US Power Grid,adap_betweenness,,47740,0.6643843242039635,4.1750167000668006e-05,0.0,0.0,4.1750167000668006e-05,0.0,0.0,100
US Power Grid,adap_betweenness,,47810,0.6653584947673125,4.1750167000668006e-05,0.0,0.0,4.1750167000668006e-05,0.0,0.0,100
US Power Grid,adap_betweenness,,47880,0.6663326653306614,4.1750167000668006e-05,0.0,0.0,4.1750167000668006e-05,0.0,0.0,100
US Power Grid,adap_betweenness,,47950,0.6673068358940103,4.1750167000668006e-05,0.0,0.0,4.1750167000668006e-05,0.0,0.0,100
US Power Grid,adap_betweenness,,48020,0.6682810064573592,4.1750167000668006e-05,0.0,0.0,4.1750167000668006e-05,0.0,0.0,100
US Power Grid,adap_betweenness,,48090,0.6692551770207081,4.1750167000668006e-05,0.0,0.0,4.1750167000668006e-05,0.0,0.0,100
US Power Grid,adap_betweenness,,48160,0.6702293475840571,4.1750167000668006e-05,0.0,0.0,4.1750167000668006e-05,0.0,0.0,100
US Power Grid,adap_betweenness,,48230,0.671203518147406,4.1750167000668006e-05,0.0,0.0,4.1750167000668006e-05,0.0,0.0,100
US Power Grid,adap_betweenness,,48300,0.6721776887107549,4.1750167000668006e-05,0.0,0.0,4.1750167000668006e-05,0.0,0.0,100
US Power Grid,adap_betweenness,,48370,0.6731518592741038,4.1750167000668006e-05,0.0,0.0,4.1750167000668006e-05,0.0,0.0,100
US Power Grid,adap_betweenness,,48440,0.6741260298374527,4.1750167000668006e-05,0.0,0.0,4.1750167000668006e-05,0.0,0.0,100
US Power Grid,adap_betweenness,,48510,0.6751002004008017,4.1750167000668006e-05,0.0,0.0,4.1750167000668006e-05,0.0,0.0,100
US Power Grid,adap_betweenness,,48580,0.6760743709641506,4.1750167000668006e-05,0.0,0.0,4.1750167000668006e-05,0.0,0.0,100
US Power Grid,adap_betweenness,,48650,0.6770485415274995,4.1750167000668006e-05,0.0,0.0,4.1750167000668006e-05,0.0,0.0,100
US Power Grid,adap_betweenness,,48720,0.6780227120908484,4.1750167000668006e-05,0.0,0.0,4.1750167000668006e-05,0.0,0.0,100
US Power Grid,adap_betweenness,,48790,0.6789968826541973,4.1750167000668006e-05,0.0,0.0,4.1750167000668006e-05,0.0,0.0,100
US Power Grid,adap_betweenness,,48860,0.6799710532175463,4.1750167000668006e-05,0.0,0.0,4.1750167000668006e-05,0.0,0.0,100
US Power Grid,adap_betweenness,,48930,0.6809452237808952,4.1750167000668006e-05,0.0,0.0,4.1750167000668006e-05,0.0,0.0,100
US Power Grid,adap_betweenness,,49000,0.6819193943442441,4.1750167000668006e-05,0.0,0.0,4.1750167000668006e-05,0.0,0.0,100
US Power Grid,adap_betweenness,,49070,0.682893564907593,4.1750167000668006e-05,0.0,0.0,4.1750167000668006e-05,0.0,0.0,100
US Power Grid,adap_betweenness,,49140,0.6838677354709419,4.1750167000668006e-05,0.0,0.0,4.1750167000668006e-05,0.0,0.0,100
US Power Grid,adap_betweenness,,49210,0.6848419060342908,4.1750167000668006e-05,0.0,0.0,4.1750167000668006e-05,0.0,0.0,100
US Power Grid,adap_betweenness,,49280,0.6858160765976398,4.1750167000668006e-05,0.0,0.0,4.1750167000668006e-05,0.0,0.0,100
US Power Grid,adap_betweenness,,49350,0.6867902471609887,4.1750167000668006e-05,0.0,0.0,4.1750167000668006e-05,0.0,0.0,100
US Power Grid,adap_betweenness,,49420,0.6877644177243376,4.1750167000668006e-05,0.0,0.0,4.1750167000668006e-05,0.0,0.0,100
US Power Grid,adap_betweenness,,49490,0.6887385882876865,4.1750167000668006e-05,0.0,0.0,4.1750167000668006e-05,0.0,0.0,100
US Power Grid,adap_betweenness,,49560,0.6897127588510354,4.1750167000668006e-05,0.0,0.0,4.1750167000668006e-05,0.0,0.0,100
US Power Grid,adap_betweenness,,49630,0.6906869294143844,4.1750167000668006e-05,0.0,0.0,4.1750167000668006e-05,0.0,0.0,100
US Power Grid,adap_betweenness,,49700,0.6916610999777333,4.1750167000668006e-05,0.0,0.0,4.1750167000668006e-05,0.0,0.0,100
US Power Grid,adap_betweenness,,49770,0.6926352705410822,4.1750167000668006e-05,0.0,0.0,4.1750167000668006e-05,0.0,0.0,100
US Power Grid,adap_betweenness,,49840,0.6936094411044311,4.1750167000668006e-05,0.0,0.0,4.1750167000668006e-05,0.0,0.0,100
US Power Grid,adap_betweenness,,49910,0.69458361166778,4.1750167000668006e-05,0.0,0.0,4.1750167000668006e-05,0.0,0.0,100
US Power Grid,adap_betweenness,,49980,0.695557782231129,4.1750167000668006e-05,0.0,0.0,4.1750167000668006e-05,0.0,0.0,100
US Power Grid,adap_betweenness,,50050,0.6965319527944779,4.1750167000668006e-05,0.0,0.0,4.1750167000668006e-05,0.0,0.0,100
US Power Grid,adap_betweenness,,50120,0.6975061233578268,4.1750167000668006e-05,0.0,0.0,4.1750167000668006e-05,0.0,0.0,100
US Power Grid,adap_betweenness,,50190,0.6984802939211757,4.1750167000668006e-05,0.0,0.0,4.1750167000668006e-05,0.0,0.0,100
US Power Grid,adap_betweenness,,50260,0.6994544644845246,4.1750167000668006e-05,0.0,0.0,4.1750167000668006e-05,0.0,0.0,100
US Power Grid,adap_betweenness,,50330,0.7004286350478736,4.1750167000668006e-05,0.0,0.0,4.1750167000668006e-05,0.0,0.0,100
US Power Grid,adap_betweenness,,50400,0.7014028056112225,4.1750167000668006e-05,0.0,0.0,4.1750167000668006e-05,0.0,0.0,100
US Power Grid,adap_betweenness,,50470,0.7023769761745714,4.1750167000668006e-05,0.0,0.0,4.1750167000668006e-05,0.0,0.0,100
US Power Grid,adap_betweenness,,50540,0.7033511467379203,4.1750167000668006e-05,0.0,0.0,4.1750167000668006e-05,0.0,0.0,100
US Power Grid,adap_betweenness,,50610,0.7043253173012692,4.1750167000668006e-05,0.0,0.0,4.1750167000668006e-05,0.0,0.0,100
US Power Grid,adap_betweenness,,50680,0.7052994878646182,4.1750167000668006e-05,0.0,0.0,4.1750167000668006e-05,0.0,0.0,100
US Power Grid,adap_betweenness,,50750,0.7062736584279671,4.1750167000668006e-05,0.0,0.0,4.1750167000668006e-05,0.0,0.0,100
US Power Grid,adap_betweenness,,50820,0.707247828991316,4.1750167000668006e-05,0.0,0.0,4.1750167000668006e-05,0.0,0.0,100
US Power Grid,adap_betweenness,,50890,0.7082219995546649,4.1750167000668006e-05,0.0,0.0,4.1750167000668006e-05,0.0,0.0,100
US Power Grid,adap_betweenness,,50960,0.7091961701180138,4.1750167000668006e-05,0.0,0.0,4.1750167000668006e-05,0.0,0.0,100
US Power Grid,adap_betweenness,,51030,0.7101703406813628,4.1750167000668006e-05,0.0,0.0,4.1750167000668006e-05,0.0,0.0,100
US Power Grid,adap_betweenness,,51100,0.7111445112447117,4.1750167000668006e-05,0.0,0.0,4.1750167000668006e-05,0.0,0.0,100
US Power Grid,adap_betweenness,,51170,0.7121186818080606,4.1750167000668006e-05,0.0,0.0,4.1750167000668006e-05,0.0,0.0,100
US Power Grid,adap_betweenness,,51240,0.7130928523714095,4.1750167000668006e-05,0.0,0.0,4.1750167000668006e-05,0.0,0.0,100
US Power Grid,adap_betweenness,,51310,0.7140670229347584,4.1750167000668006e-05,0.0,0.0,4.1750167000668006e-05,0.0,0.0,100
US Power Grid,adap_betweenness,,51380,0.7150411934981074,4.1750167000668006e-05,0.0,0.0,4.1750167000668006e-05,0.0,0.0,100
US Power Grid,adap_betweenness,,51450,0.7160153640614563,4.1750167000668006e-05,0.0,0.0,4.1750167000668006e-05,0.0,0.0,100
US Power Grid,adap_betweenness,,51520,0.7169895346248052,4.1750167000668006e-05,0.0,0.0,4.1750167000668006e-05,0.0,0.0,100
US Power Grid,adap_betweenness,,51590,0.7179637051881541,4.1750167000668006e-05,0.0,0.0,4.1750167000668006e-05,0.0,0.0,100
US Power Grid,adap_betweenness,,51660,0.718937875751503,4.1750167000668006e-05,0.0,0.0,4.1750167000668006e-05,0.0,0.0,100
US Power Grid,adap_betweenness,,51730,0.719912046314852,4.1750167000668006e-05,0.0,0.0,4.1750167000668006e-05,0.0,0.0,100
US Power Grid,adap_betweenness,,51800,0.7208862168782009,4.1750167000668006e-05,0.0,0.0,4.1750167000668006e-05,0.0,0.0,100
US Power Grid,adap_betweenness,,51870,0.7218603874415498,4.1750167000668006e-05,0.0,0.0,4.1750167000668006e-05,0.0,0.0,100
US Power Grid,adap_betweenness,,51940,0.7228345580048987,4.1750167000668006e-05,0.0,0.0,4.1750167000668006e-05,0.0,0.0,100
US Power Grid,adap_betweenness,,52010,0.7238087285682476,4.1750167000668006e-05,0.0,0.0,4.1750167000668006e-05,0.0,0.0,100
US Power Grid,adap_betweenness,,52080,0.7247828991315965,4.1750167000668006e-05,0.0,0.0,4.1750167000668006e-05,0.0,0.0,100
US Power Grid,adap_betweenness,,52150,0.7257570696949455,4.1750167000668006e-05,0.0,0.0,4.1750167000668006e-05,0.0,0.0,100
US Power Grid,adap_betweenness,,52220,0.7267312402582944,4.1750167000668006e-05,0.0,0.0,4.1750167000668006e-05,0.0,0.0,100
US Power Grid,adap_betweenness,,52290,0.7277054108216433,4.1750167000668006e-05,0.0,0.0,4.1750167000668006e-05,0.0,0.0,100
US Power Grid,adap_betweenness,,52360,0.7286795813849922,4.1750167000668006e-05,0.0,0.0,4.1750167000668006e-05,0.0,0.0,100
US Power Grid,adap_betweenness,,52430,0.7296537519483411,4.1750167000668006e-05,0.0,0.0,4.1750167000668006e-05,0.0,0.0,100
US Power Grid,adap_betweenness,,52500,0.7306279225116901,4.1750167000668006e-05,0.0,0.0,4.1750167000668006e-05,0.0,0.0,100
US Power Grid,adap_betweenness,,52570,0.731602093075039,4.1750167000668006e-05,0.0,0.0,4.1750167000668006e-05,0.0,0.0,100
US Power Grid,adap_betweenness,,52640,0.7325762636383879,4.1750167000668006e-05,0.0,0.0,4.1750167000668006e-05,0.0,0.0,100
US Power Grid,adap_betweenness,,52710,0.7335504342017368,4.1750167000668006e-05,0.0,0.0,4.1750167000668006e-05,0.0,0.0,100
US Power Grid,adap_betweenness,,52780,0.7345246047650857,4.1750167000668006e-05,0.0,0.0,4.1750167000668006e-05,0.0,0.0,100
US Power Grid,adap_betweenness,,52850,0.7354987753284347,4.1750167000668006e-05,0.0,0.0,4.1750167000668006e-05,0.0,0.0,100
US Power Grid,adap_betweenness,,52920,0.7364729458917836,4.1750167000668006e-05,0.0,0.0,4.1750167000668006e-05,0.0,0.0,100
US Power Grid,adap_betweenness,,52990,0.7374471164551325,4.1750167000668006e-05,0.0,0.0,4.1750167000668006e-05,0.0,0.0,100
US Power Grid,adap_betweenness,,53060,0.7384212870184814,4.1750167000668006e-05,0.0,0.0,4.1750167000668006e-05,0.0,0.0,100
US Power Grid,adap_betweenness,,53130,0.7393954575818303,4.1750167000668006e-05,0.0,0.0,4.1750167000668006e-05,0.0,0.0,100
US Power Grid,adap_betweenness,,53200,0.7403696281451793,4.1750167000668006e-05,0.0,0.0,4.1750167000668006e-05,0.0,0.0,100
US Power Grid,adap_betweenness,,53270,0.7413437987085282,4.1750167000668006e-05,0.0,0.0,4.1750167000668006e-05,0.0,0.0,100
US Power Grid,adap_betweenness,,53340,0.7423179692718771,4.1750167000668006e-05,0.0,0.0,4.1750167000668006e-05,0.0,0.0,100
US Power Grid,adap_betweenness,,53410,0.743292139835226,4.1750167000668006e-05,0.0,0.0,4.1750167000668006e-05,0.0,0.0,100
US Power Grid,adap_betweenness,,53480,0.7442663103985749,4.1750167000668006e-05,0.0,0.0,4.1750167000668006e-05,0.0,0.0,100
US Power Grid,adap_betweenness,,53550,0.7452404809619239,4.1750167000668006e-05,0.0,0.0,4.1750167000668006e-05,0.0,0.0,100
US Power Grid,adap_betweenness,,53620,0.7462146515252728,4.1750167000668006e-05,0.0,0.0,4.1750167000668006e-05,0.0,0.0,100
US Power Grid,adap_betweenness,,53690,0.7471888220886217,4.1750167000668006e-05,0.0,0.0,4.1750167000668006e-05,0.0,0.0,100
US Power Grid,adap_betweenness,,53760,0.7481629926519706,4.1750167000668006e-05,0.0,0.0,4.1610999777332445e-05,1.3916722333556013e-06,1.3916722333556008e-07,100
US Power Grid,adap_betweenness,,53830,0.7491371632153195,4.1750167000668006e-05,0.0,0.0,4.1610999777332445e-05,1.3916722333556013e-06,1.3916722333556008e-07,100
US Power Grid,adap_betweenness,,53900,0.7501113337786685,4.1750167000668006e-05,0.0,0.0,4.1610999777332445e-05,1.3916722333556013e-06,1.3916722333556008e-07,100
US Power Grid,adap_betweenness,,53970,0.7510855043420174,4.1750167000668006e-05,0.0,0.0,4.1610999777332445e-05,1.3916722333556013e-06,1.3916722333556008e-07,100
US Power Grid,adap_betweenness,,54040,0.7520596749053663,4.1750167000668006e-05,0.0,0.0,4.1610999777332445e-05,1.3916722333556013e-06,1.3916722333556008e-07,100
US Power Grid,adap_betweenness,,54110,0.7530338454687152,4.1750167000668006e-05,0.0,0.0,4.1610999777332445e-05,1.3916722333556013e-06,1.3916722333556008e-07,100
US Power Grid,adap_betweenness,,54180,0.7540080160320641,4.1750167000668006e-05,0.0,0.0,4.1610999777332445e-05,1.3916722333556013e-06,1.3916722333556008e-07,100
US Power Grid,adap_betweenness,,54250,0.754982186595413,4.1750167000668006e-05,0.0,0.0,4.1610999777332445e-05,1.3916722333556013e-06,1.3916722333556008e-07,100
US Power Grid,adap_betweenness,,54320,0.755956357158762,4.1750167000668006e-05,0.0,0.0,4.1610999777332445e-05,1.3916722333556013e-06,1.3916722333556008e-07,100
US Power Grid,adap_betweenness,,54390,0.7569305277221109,4.1750167000668006e-05,0.0,0.0,4.1610999777332445e-05,1.3916722333556013e-06,1.3916722333556008e-07,100
US Power Grid,adap_betweenness,,54460,0.7579046982854598,4.1750167000668006e-05,0.0,0.0,4.1610999777332445e-05,1.3916722333556013e-06,1.3916722333556008e-07,100
US Power Grid,adap_betweenness,,54530,0.7588788688488087,4.1750167000668006e-05,0.0,0.0,4.1610999777332445e-05,1.3916722333556013e-06,1.3916722333556008e-07,100
US Power Grid,adap_betweenness,,54600,0.7598530394121576,4.1750167000668006e-05,0.0,0.0,4.1610999777332445e-05,1.3916722333556013e-06,1.3916722333556008e-07,100
US Power Grid,adap_betweenness,,54670,0.7608272099755066,4.1750167000668006e-05,0.0,0.0,4.1610999777332445e-05,1.3916722333556013e-06,1.3916722333556008e-07,100
US Power Grid,adap_betweenness,,54740,0.7618013805388555,4.1750167000668006e-05,0.0,0.0,4.1610999777332445e-05,1.3916722333556013e-06,1.3916722333556008e-07,100
US Power Grid,adap_betweenness,,54810,0.7627755511022044,4.1750167000668006e-05,0.0,0.0,4.1610999777332445e-05,1.3916722333556013e-06,1.3916722333556008e-07,100
US Power Grid,adap_betweenness,,54880,0.7637497216655533,4.1750167000668006e-05,0.0,0.0,4.1610999777332445e-05,1.3916722333556013e-06,1.3916722333556008e-07,100
US Power Grid,adap_betweenness,,54950,0.7647238922289022,4.1750167000668006e-05,0.0,0.0,4.1610999777332445e-05,1.3916722333556013e-06,1.3916722333556008e-07,100
US Power Grid,adap_betweenness,,55020,0.7656980627922512,4.1750167000668006e-05,0.0,0.0,4.1610999777332445e-05,1.3916722333556013e-06,1.3916722333556008e-07,100
US Power Grid,adap_betweenness,,55090,0.7666722333556001,4.1750167000668006e-05,0.0,0.0,4.1610999777332445e-05,1.3916722333556013e-06,1.3916722333556008e-07,100
US Power Grid,adap_betweenness,,55160,0.767646403918949,4.1750167000668006e-05,0.0,0.0,4.1610999777332445e-05,1.3916722333556013e-06,1.3916722333556008e-07,100
US Power Grid,adap_betweenness,,55230,0.7686205744822979,4.1750167000668006e-05,0.0,0.0,4.1610999777332445e-05,1.3916722333556013e-06,1.3916722333556008e-07,100
US Power Grid,adap_betweenness,,55300,0.7695947450456468,4.1750167000668006e-05,0.0,0.0,4.1610999777332445e-05,1.3916722333556013e-06,1.3916722333556008e-07,100
US Power Grid,adap_betweenness,,55370,0.7705689156089958,4.1750167000668006e-05,0.0,0.0,4.1610999777332445e-05,1.3916722333556013e-06,1.3916722333556008e-07,100
US Power Grid,adap_betweenness,,55440,0.7715430861723447,4.1750167000668006e-05,0.0,0.0,4.1610999777332445e-05,1.3916722333556013e-06,1.3916722333556008e-07,100
US Power Grid,adap_betweenness,,55510,0.7725172567356936,4.1750167000668006e-05,0.0,0.0,4.1610999777332445e-05,1.3916722333556013e-06,1.3916722333556008e-07,100
US Power Grid,adap_betweenness,,55580,0.7734914272990425,4.1750167000668006e-05,0.0,0.0,4.1610999777332445e-05,1.3916722333556013e-06,1.3916722333556008e-07,100
US Power Grid,adap_betweenness,,55650,0.7744655978623914,4.1750167000668006e-05,0.0,0.0,4.1610999777332445e-05,1.3916722333556013e-06,1.3916722333556008e-07,100
US Power Grid,adap_betweenness,,55720,0.7754397684257404,4.1750167000668006e-05,0.0,0.0,4.1610999777332445e-05,1.3916722333556013e-06,1.3916722333556008e-07,100
US Power Grid,adap_betweenness,,55790,0.7764139389890893,4.1750167000668006e-05,0.0,0.0,4.1610999777332445e-05,1.3916722333556013e-06,1.3916722333556008e-07,100
US Power Grid,adap_betweenness,,55860,0.7773881095524382,4.1750167000668006e-05,0.0,0.0,4.1610999777332445e-05,1.3916722333556013e-06,1.3916722333556008e-07,100
US Power Grid,adap_betweenness,,55930,0.7783622801157871,4.1750167000668006e-05,0.0,0.0,4.1610999777332445e-05,1.3916722333556013e-06,1.3916722333556008e-07,100
US Power Grid,adap_betweenness,,56000,0.779336450679136,4.1750167000668006e-05,0.0,0.0,4.1610999777332445e-05,1.3916722333556013e-06,1.3916722333556008e-07,100
US Power Grid,adap_betweenness,,56070,0.780310621242485,4.1750167000668006e-05,0.0,0.0,4.1610999777332445e-05,1.3916722333556013e-06,1.3916722333556008e-07,100
US Power Grid,adap_betweenness,,56140,0.7812847918058339,4.1750167000668006e-05,0.0,0.0,4.1610999777332445e-05,1.3916722333556013e-06,1.3916722333556008e-07,100
US Power Grid,adap_betweenness,,56210,0.7822589623691828,4.1750167000668006e-05,0.0,0.0,4.1610999777332445e-05,1.3916722333556013e-06,1.3916722333556008e-07,100
US Power Grid,adap_betweenness,,56280,0.7832331329325317,4.1750167000668006e-05,0.0,0.0,4.147183255399689e-05,1.9581565093560688e-06,1.9581565093560693e-07,100
US Power Grid,adap_betweenness,,56350,0.7842073034958806,4.1750167000668006e-05,0.0,0.0,4.147183255399689e-05,1.9581565093560688e-06,1.9581565093560693e-07,100
US Power Grid,adap_betweenness,,56420,0.7851814740592296,4.1750167000668006e-05,0.0,0.0,4.147183255399689e-05,1.9581565093560688e-06,1.9581565093560693e-07,100
US Power Grid,adap_betweenness,,56490,0.7861556446225785,4.1750167000668006e-05,0.0,0.0,4.147183255399689e-05,1.9581565093560688e-06,1.9581565093560693e-07,100
US Power Grid,adap_betweenness,,56560,0.7871298151859274,4.1750167000668006e-05,0.0,0.0,4.147183255399689e-05,1.9581565093560688e-06,1.9581565093560693e-07,100
US Power Grid,adap_betweenness,,56630,0.7881039857492763,4.1750167000668006e-05,0.0,0.0,4.147183255399689e-05,1.9581565093560688e-06,1.9581565093560693e-07,100
US Power Grid,adap_betweenness,,56700,0.7890781563126252,4.1750167000668006e-05,0.0,0.0,4.147183255399689e-05,1.9581565093560688e-06,1.9581565093560693e-07,100
US Power Grid,adap_betweenness,,56770,0.7900523268759742,4.1750167000668006e-05,0.0,0.0,4.147183255399689e-05,1.9581565093560688e-06,1.9581565093560693e-07,100
US Power Grid,adap_betweenness,,56840,0.7910264974393231,4.1750167000668006e-05,0.0,0.0,4.147183255399689e-05,1.9581565093560688e-06,1.9581565093560693e-07,100
US Power Grid,adap_betweenness,,56910,0.792000668002672,4.1750167000668006e-05,0.0,0.0,4.147183255399689e-05,1.9581565093560688e-06,1.9581565093560693e-07,100
US Power Grid,adap_betweenness,,56980,0.7929748385660209,4.1750167000668006e-05,0.0,0.0,4.147183255399689e-05,1.9581565093560688e-06,1.9581565093560693e-07,100
US Power Grid,adap_betweenness,,57050,0.7939490091293698,4.1750167000668006e-05,0.0,0.0,4.147183255399689e-05,1.9581565093560688e-06,1.9581565093560693e-07,100
US Power Grid,adap_betweenness,,57120,0.7949231796927188,4.1750167000668006e-05,0.0,0.0,4.147183255399689e-05,1.9581565093560688e-06,1.9581565093560693e-07,100
US Power Grid,adap_betweenness,,57190,0.7958973502560677,4.1750167000668006e-05,0.0,0.0,4.147183255399689e-05,1.9581565093560688e-06,1.9581565093560693e-07,100
US Power Grid,adap_betweenness,,57260,0.7968715208194166,4.1750167000668006e-05,0.0,0.0,4.147183255399689e-05,1.9581565093560688e-06,1.9581565093560693e-07,100
US Power Grid,adap_betweenness,,57330,0.7978456913827655,4.1750167000668006e-05,0.0,0.0,4.133266533066133e-05,2.3859748385349226e-06,2.385974838534921e-07,100
US Power Grid,adap_betweenness,,57400,0.7988198619461144,4.1750167000668006e-05,0.0,0.0,4.133266533066133e-05,2.3859748385349226e-06,2.385974838534921e-07,100
US Power Grid,adap_betweenness,,57470,0.7997940325094633,4.1750167000668006e-05,0.0,0.0,4.133266533066133e-05,2.3859748385349226e-06,2.385974838534921e-07,100
US Power Grid,adap_betweenness,,57540,0.8007682030728123,4.1750167000668006e-05,0.0,0.0,4.133266533066133e-05,2.3859748385349226e-06,2.385974838534921e-07,100
US Power Grid,adap_betweenness,,57610,0.8017423736361612,4.1750167000668006e-05,0.0,0.0,4.133266533066133e-05,2.3859748385349226e-06,2.385974838534921e-07,100
US Power Grid,adap_betweenness,,57680,0.8027165441995102,4.1750167000668006e-05,0.0,0.0,4.133266533066133e-05,2.3859748385349226e-06,2.385974838534921e-07,100
US Power Grid,adap_betweenness,,57750,0.8036907147628591,4.1750167000668006e-05,0.0,0.0,4.133266533066133e-05,2.3859748385349226e-06,2.385974838534921e-07,100
US Power Grid,adap_betweenness,,57820,0.8046648853262081,4.1750167000668006e-05,0.0,0.0,4.133266533066133e-05,2.3859748385349226e-06,2.385974838534921e-07,100
US Power Grid,adap_betweenness,,57890,0.805639055889557,4.1750167000668006e-05,0.0,0.0,4.119349810732577e-05,2.7408481625324594e-06,2.7408481625324594e-07,100
US Power Grid,adap_betweenness,,57960,0.8066132264529059,4.1750167000668006e-05,0.0,0.0,4.119349810732577e-05,2.7408481625324594e-06,2.7408481625324594e-07,100
US Power Grid,adap_betweenness,,58030,0.8075873970162548,4.1750167000668006e-05,0.0,0.0,4.119349810732577e-05,2.7408481625324594e-06,2.7408481625324594e-07,100
US Power Grid,adap_betweenness,,58100,0.8085615675796037,4.1750167000668006e-05,0.0,0.0,4.0915163660654646e-05,3.321688607436289e-06,3.321688607436291e-07,100
US Power Grid,adap_betweenness,,58170,0.8095357381429527,4.1610999777332445e-05,1.3916722333556007e-06,1.3916722333556008e-07,4.049766199064796e-05,4.002776264538263e-06,4.002776264538263e-07,100
US Power Grid,adap_betweenness,,58240,0.8105099087063016,4.147183255399689e-05,1.9581565093560696e-06,1.9581565093560688e-07,4.049766199064796e-05,4.002776264538263e-06,4.002776264538263e-07,100
US Power Grid,adap_betweenness,,58310,0.8114840792696505,4.147183255399689e-05,1.9581565093560696e-06,1.9581565093560688e-07,4.049766199064796e-05,4.002776264538263e-06,4.002776264538263e-07,100
US Power Grid,adap_betweenness,,58380,0.8124582498329994,4.133266533066133e-05,2.3859748385349226e-06,2.385974838534921e-07,4.049766199064796e-05,4.002776264538263e-06,4.002776264538263e-07,100
US Power Grid,adap_betweenness,,58450,0.8134324203963483,4.133266533066133e-05,2.3859748385349226e-06,2.385974838534921e-07,4.049766199064796e-05,4.002776264538263e-06,4.002776264538263e-07,100
US Power Grid,adap_betweenness,,58520,0.8144065909596973,4.133266533066133e-05,2.3859748385349226e-06,2.385974838534921e-07,4.035849476731241e-05,4.196049662905864e-06,4.196049662905863e-07,100
US Power Grid,adap_betweenness,,58590,0.8153807615230462,4.133266533066133e-05,2.3859748385349226e-06,2.385974838534921e-07,4.021932754397685e-05,4.3763365304946055e-06,4.376336530494603e-07,100
US Power Grid,adap_betweenness,,58660,0.8163549320863951,4.133266533066133e-05,2.3859748385349226e-06,2.385974838534921e-07,4.021932754397685e-05,4.3763365304946055e-06,4.376336530494603e-07,100
US Power Grid,adap_betweenness,,58730,0.817329102649744,4.119349810732577e-05,2.74084816253246e-06,2.7408481625324594e-07,4.021932754397685e-05,4.3763365304946055e-06,4.376336530494603e-07,100
US Power Grid,adap_betweenness,,58800,0.8183032732130929,4.119349810732577e-05,2.74084816253246e-06,2.7408481625324594e-07,4.0080160320641287e-05,4.5451824812276016e-06,4.5451824812276013e-07,100
US Power Grid,adap_betweenness,,58870,0.8192774437764418,4.10543308839902e-05,3.0483594071140938e-06,3.048359407114095e-07,4.0080160320641287e-05,4.5451824812276016e-06,4.5451824812276013e-07,100
US Power Grid,adap_betweenness,,58940,0.8202516143397908,4.10543308839902e-05,3.0483594071140938e-06,3.048359407114095e-07,4.0080160320641287e-05,4.5451824812276016e-06,4.5451824812276013e-07,100
US Power Grid,adap_betweenness,,59010,0.8212257849031397,4.10543308839902e-05,3.0483594071140938e-06,3.048359407114095e-07,3.9940993097305725e-05,4.7038197087178686e-06,4.7038197087178686e-07,100
US Power Grid,adap_betweenness,,59080,0.8221999554664886,4.10543308839902e-05,3.0483594071140938e-06,3.048359407114095e-07,3.96626586506346e-05,4.994298058375594e-06,4.994298058375594e-07,100
US Power Grid,adap_betweenness,,59150,0.8231741260298375,4.10543308839902e-05,3.0483594071140938e-06,3.048359407114095e-07,3.96626586506346e-05,4.994298058375594e-06,4.994298058375594e-07,100
US Power Grid,adap_betweenness,,59220,0.8241482965931864,4.10543308839902e-05,3.0483594071140938e-06,3.048359407114095e-07,3.938432420396348e-05,5.253912937940282e-06,5.253912937940283e-07,100
US Power Grid,adap_betweenness,,59290,0.8251224671565354,4.0915163660654646e-05,3.3216886074362895e-06,3.321688607436291e-07,3.924515698062793e-05,5.373565459604893e-06,5.373565459604894e-07,100
US Power Grid,adap_betweenness,,59360,0.8260966377198843,4.0915163660654646e-05,3.3216886074362895e-06,3.321688607436291e-07,3.9105989757292366e-05,5.48704693280537e-06,5.48704693280537e-07,100
US Power Grid,adap_betweenness,,59430,0.8270708082832332,4.0915163660654646e-05,3.3216886074362895e-06,3.321688607436291e-07,3.9105989757292366e-05,5.48704693280537e-06,5.48704693280537e-07,100
US Power Grid,adap_betweenness,,59500,0.8280449788465821,4.0775996437319085e-05,3.568698507796744e-06,3.5686985077967443e-07,3.9105989757292366e-05,5.48704693280537e-06,5.48704693280537e-07,100
US Power Grid,adap_betweenness,,59570,0.829019149409931,4.0775996437319085e-05,3.568698507796744e-06,3.5686985077967443e-07,3.8966822533956805e-05,5.594732883874483e-06,5.594732883874483e-07,100
US Power Grid,adap_betweenness,,59640,0.82999331997328,4.049766199064796e-05,4.002776264538263e-06,4.002776264538263e-07,3.8827655310621244e-05,5.696951969777505e-06,5.696951969777506e-07,100
US Power Grid,adap_betweenness,,59710,0.8309674905366289,4.049766199064796e-05,4.002776264538263e-06,4.002776264538263e-07,3.868848808728569e-05,5.793993541154901e-06,5.793993541154902e-07,100
US Power Grid,adap_betweenness,,59780,0.8319416610999778,4.049766199064796e-05,4.002776264538263e-06,4.002776264538263e-07,3.841015364061457e-05,5.973540080034067e-06,5.973540080034066e-07,100
US Power Grid,adap_betweenness,,59850,0.8329158316633267,4.035849476731241e-05,4.196049662905863e-06,4.196049662905863e-07,3.8131819193943445e-05,6.135103572099868e-06,6.135103572099868e-07,100
US Power Grid,adap_betweenness,,59920,0.8338900022266756,4.021932754397685e-05,4.376336530494603e-06,4.3763365304946037e-07,3.8131819193943445e-05,6.135103572099868e-06,6.135103572099868e-07,100
US Power Grid,adap_betweenness,,59990,0.8348641727900246,4.021932754397685e-05,4.376336530494603e-06,4.3763365304946037e-07,3.7992651970607884e-05,6.2095864414728604e-06,6.20958644147286e-07,100
US Power Grid,adap_betweenness,,60060,0.8358383433533735,4.021932754397685e-05,4.376336530494603e-06,4.3763365304946037e-07,3.7992651970607884e-05,6.2095864414728604e-06,6.20958644147286e-07,100
US Power Grid,adap_betweenness,,60130,0.8368125139167224,3.9940993097305725e-05,4.703819708717869e-06,4.7038197087178675e-07,3.785348474727232e-05,6.280072086592813e-06,6.280072086592811e-07,100
US Power Grid,adap_betweenness,,60200,0.8377866844800713,3.9940993097305725e-05,4.703819708717869e-06,4.7038197087178675e-07,3.771431752393676e-05,6.3466936869860394e-06,6.346693686986036e-07,100
US Power Grid,adap_betweenness,,60270,0.8387608550434202,3.9940993097305725e-05,4.703819708717869e-06,4.7038197087178675e-07,3.771431752393676e-05,6.3466936869860394e-06,6.346693686986036e-07,100
US Power Grid,adap_betweenness,,60340,0.8397350256067692,3.9940993097305725e-05,4.703819708717869e-06,4.7038197087178675e-07,3.7435983077265646e-05,6.468815390666499e-06,6.468815390666497e-07,100
US Power Grid,adap_betweenness,,60410,0.8407091961701181,3.9940993097305725e-05,4.703819708717869e-06,4.7038197087178675e-07,3.701848140725896e-05,6.6256851003329344e-06,6.625685100332937e-07,100
US Power Grid,adap_betweenness,,60480,0.841683366733467,3.980182587397017e-05,4.853249387939449e-06,4.853249387939449e-07,3.674014696058785e-05,6.7136794606493814e-06,6.71367946064938e-07,100
US Power Grid,adap_betweenness,,60550,0.8426575372968159,3.980182587397017e-05,4.853249387939449e-06,4.853249387939449e-07,3.660097973725229e-05,6.752902848668307e-06,6.752902848668307e-07,100
US Power Grid,adap_betweenness,,60620,0.8436317078601648,3.980182587397017e-05,4.853249387939449e-06,4.853249387939449e-07,3.660097973725229e-05,6.752902848668307e-06,6.752902848668307e-07,100
US Power Grid,adap_betweenness,,60690,0.8446058784235138,3.980182587397017e-05,4.853249387939449e-06,4.853249387939449e-07,3.6461812513916726e-05,6.789018748811003e-06,6.789018748811003e-07,100
US Power Grid,adap_betweenness,,60760,0.8455800489868627,3.96626586506346e-05,4.994298058375594e-06,4.994298058375594e-07,3.61834780672456e-05,6.852120406331147e-06,6.852120406331149e-07,100
US Power Grid,adap_betweenness,,60830,0.8465542195502116,3.952349142729904e-05,5.127657386682681e-06,5.12765738668268e-07,3.604431084391004e-05,6.879189913489623e-06,6.879189913489624e-07,100
US Power Grid,adap_betweenness,,60900,0.8475283901135605,3.952349142729904e-05,5.127657386682681e-06,5.12765738668268e-07,3.576597639723892e-05,6.924541471223601e-06,6.924541471223602e-07,100
US Power Grid,adap_betweenness,,60970,0.8485025606769094,3.952349142729904e-05,5.127657386682681e-06,5.12765738668268e-07,3.5626809173903366e-05,6.942880922537559e-06,6.942880922537561e-07,100
US Power Grid,adap_betweenness,,61040,0.8494767312402584,3.938432420396348e-05,5.2539129379402816e-06,5.253912937940283e-07,3.5487641950567805e-05,6.958361166778001e-06,6.958361166778001e-07,100
US Power Grid,adap_betweenness,,61110,0.8504509018036073,3.924515698062793e-05,5.373565459604892e-06,5.373565459604894e-07,3.5348474727232244e-05,6.971001251976636e-06,6.971001251976635e-07,100
US Power Grid,adap_betweenness,,61180,0.8514250723669562,3.924515698062793e-05,5.373565459604892e-06,5.373565459604894e-07,3.507014028056112e-05,6.9878191322739675e-06,6.987819132273969e-07,100
US Power Grid,adap_betweenness,,61250,0.8523992429303051,3.924515698062793e-05,5.373565459604892e-06,5.373565459604894e-07,3.4652638610554445e-05,6.992017281725832e-06,6.992017281725835e-07,100
US Power Grid,adap_betweenness,,61320,0.853373413493654,3.9105989757292366e-05,5.48704693280537e-06,5.48704693280537e-07,3.4652638610554445e-05,6.992017281725832e-06,6.992017281725835e-07,100
US Power Grid,adap_betweenness,,61390,0.854347584057003,3.9105989757292366e-05,5.48704693280537e-06,5.48704693280537e-07,3.4652638610554445e-05,6.992017281725832e-06,6.992017281725835e-07,100
US Power Grid,adap_betweenness,,61460,0.8553217546203519,3.9105989757292366e-05,5.48704693280537e-06,5.48704693280537e-07,3.437430416388333e-05,6.980816606081493e-06,6.980816606081496e-07,100
US Power Grid,adap_betweenness,,61530,0.8562959251837008,3.8966822533956805e-05,5.594732883874482e-06,5.594732883874484e-07,3.423513694054776e-05,6.971001251976634e-06,6.971001251976637e-07,100
US Power Grid,adap_betweenness,,61600,0.8572700957470497,3.8827655310621244e-05,5.696951969777506e-06,5.696951969777505e-07,3.423513694054776e-05,6.971001251976634e-06,6.971001251976637e-07,100
US Power Grid,adap_betweenness,,61670,0.8582442663103986,3.868848808728569e-05,5.793993541154901e-06,5.793993541154902e-07,3.423513694054776e-05,6.971001251976634e-06,6.971001251976637e-07,100
US Power Grid,adap_betweenness,,61740,0.8592184368737475,3.868848808728569e-05,5.793993541154901e-06,5.793993541154902e-07,3.423513694054776e-05,6.971001251976634e-06,6.971001251976637e-07,100
US Power Grid,adap_betweenness,,61810,0.8601926074370965,3.868848808728569e-05,5.793993541154901e-06,5.793993541154902e-07,3.423513694054776e-05,6.971001251976634e-06,6.971001251976637e-07,100
US Power Grid,adap_betweenness,,61880,0.8611667780004454,3.854932086395012e-05,5.886113681274365e-06,5.886113681274365e-07,3.40959697172122e-05,6.958361166778001e-06,6.958361166778001e-07,100
US Power Grid,adap_betweenness,,61950,0.8621409485637943,3.854932086395012e-05,5.886113681274365e-06,5.886113681274365e-07,3.40959697172122e-05,6.958361166778001e-06,6.958361166778001e-07,100
US Power Grid,adap_betweenness,,62020,0.8631151191271432,3.841015364061457e-05,5.9735400800340695e-06,5.973540080034068e-07,3.40959697172122e-05,6.958361166778001e-06,6.958361166778001e-07,100
US Power Grid,adap_betweenness,,62090,0.8640892896904921,3.8270986417279006e-05,6.0564760060293446e-06,6.056476006029346e-07,3.3678468047205524e-05,6.903320025451712e-06,6.903320025451714e-07,100
US Power Grid,adap_betweenness,,62160,0.8650634602538411,3.8131819193943445e-05,6.1351035720998675e-06,6.135103572099868e-07,3.34001336005344e-05,6.852120406331148e-06,6.852120406331149e-07,100
US Power Grid,adap_betweenness,,62230,0.86603763081719,3.7992651970607884e-05,6.2095864414728604e-06,6.20958644147286e-07,3.34001336005344e-05,6.852120406331148e-06,6.852120406331149e-07,100
US Power Grid,adap_betweenness,,62300,0.8670118013805389,3.7992651970607884e-05,6.2095864414728604e-06,6.20958644147286e-07,3.326096637719885e-05,6.822076514142136e-06,6.822076514142136e-07,100
US Power Grid,adap_betweenness,,62370,0.8679859719438878,3.771431752393676e-05,6.346693686986038e-06,6.346693686986038e-07,3.326096637719885e-05,6.822076514142136e-06,6.822076514142136e-07,100
US Power Grid,adap_betweenness,,62440,0.8689601425072367,3.757515030060121e-05,6.409571733353351e-06,6.409571733353351e-07,3.2982631930527726e-05,6.752902848668307e-06,6.752902848668306e-07,100
US Power Grid,adap_betweenness,,62510,0.8699343130705857,3.7435983077265646e-05,6.468815390666498e-06,6.468815390666497e-07,3.2982631930527726e-05,6.752902848668307e-06,6.752902848668306e-07,100
US Power Grid,adap_betweenness,,62580,0.8709084836339346,3.7435983077265646e-05,6.468815390666498e-06,6.468815390666497e-07,3.2843464707192165e-05,6.7136794606493814e-06,6.71367946064938e-07,100
US Power Grid,adap_betweenness,,62650,0.8718826541972835,3.7296815853930085e-05,6.524523662076247e-06,6.524523662076246e-07,3.2704297483856603e-05,6.671293774230438e-06,6.671293774230438e-07,100
US Power Grid,adap_betweenness,,62720,0.8728568247606324,3.7157648630594524e-05,6.576786387013764e-06,6.576786387013763e-07,3.256513026052104e-05,6.6256851003329344e-06,6.625685100332936e-07,100
US Power Grid,adap_betweenness,,62790,0.8738309953239813,3.7157648630594524e-05,6.576786387013764e-06,6.576786387013763e-07,3.228679581384993e-05,6.524523662076247e-06,6.524523662076247e-07,100
US Power Grid,adap_betweenness,,62860,0.8748051658873303,3.7157648630594524e-05,6.576786387013764e-06,6.576786387013763e-07,3.2008461367178805e-05,6.4095717333533485e-06,6.409571733353351e-07,100
US Power Grid,adap_betweenness,,62930,0.8757793364506792,3.701848140725896e-05,6.625685100332939e-06,6.625685100332937e-07,3.2008461367178805e-05,6.4095717333533485e-06,6.409571733353351e-07,100
US Power Grid,adap_betweenness,,63000,0.8767535070140281,3.701848140725896e-05,6.625685100332939e-06,6.625685100332937e-07,3.2008461367178805e-05,6.4095717333533485e-06,6.409571733353351e-07,100
US Power Grid,adap_betweenness,,63070,0.877727677577377,3.701848140725896e-05,6.625685100332939e-06,6.625685100332937e-07,3.1869294143843244e-05,6.34669368698604e-06,6.346693686986038e-07,100
US Power Grid,adap_betweenness,,63140,0.8787018481407259,3.674014696058785e-05,6.713679460649381e-06,6.71367946064938e-07,3.1312625250501006e-05,6.056476006029347e-06,6.056476006029346e-07,100
US Power Grid,adap_betweenness,,63210,0.8796760187040749,3.660097973725229e-05,6.7529028486683085e-06,6.752902848668307e-07,3.1034290803829884e-05,5.8861136812743635e-06,5.886113681274363e-07,100
US Power Grid,adap_betweenness,,63280,0.8806501892674238,3.61834780672456e-05,6.852120406331149e-06,6.852120406331149e-07,3.089512358049432e-05,5.793993541154902e-06,5.793993541154902e-07,100
US Power Grid,adap_betweenness,,63350,0.8816243598307727,3.61834780672456e-05,6.852120406331149e-06,6.852120406331149e-07,3.089512358049432e-05,5.793993541154902e-06,5.793993541154902e-07,100
US Power Grid,adap_betweenness,,63420,0.8825985303941216,3.604431084391004e-05,6.8791899134896234e-06,6.879189913489624e-07,3.089512358049432e-05,5.793993541154902e-06,5.793993541154902e-07,100
US Power Grid,adap_betweenness,,63490,0.8835727009574705,3.576597639723892e-05,6.924541471223602e-06,6.924541471223602e-07,3.075595635715876e-05,5.696951969777506e-06,5.696951969777505e-07,100
US Power Grid,adap_betweenness,,63560,0.8845468715208195,3.576597639723892e-05,6.924541471223602e-06,6.924541471223602e-07,3.075595635715876e-05,5.696951969777506e-06,5.696951969777505e-07,100
US Power Grid,adap_betweenness,,63630,0.8855210420841684,3.5626809173903366e-05,6.942880922537561e-06,6.942880922537561e-07,3.06167891338232e-05,5.594732883874483e-06,5.594732883874483e-07,100
US Power Grid,adap_betweenness,,63700,0.8864952126475173,3.5487641950567805e-05,6.9583611667780016e-06,6.958361166778001e-07,3.06167891338232e-05,5.594732883874483e-06,5.594732883874483e-07,100
US Power Grid,adap_betweenness,,63770,0.8874693832108662,3.5348474727232244e-05,6.971001251976637e-06,6.971001251976635e-07,3.0477621910487643e-05,5.487046932805369e-06,5.48704693280537e-07,100
US Power Grid,adap_betweenness,,63840,0.8884435537742151,3.5348474727232244e-05,6.971001251976637e-06,6.971001251976635e-07,3.0199287463816524e-05,5.2539129379402816e-06,5.253912937940283e-07,100
US Power Grid,adap_betweenness,,63910,0.889417724337564,3.520930750389669e-05,6.980816606081496e-06,6.980816606081496e-07,3.0060120240480963e-05,5.12765738668268e-06,5.12765738668268e-07,100
US Power Grid,adap_betweenness,,63980,0.890391894900913,3.520930750389669e-05,6.980816606081496e-06,6.980816606081496e-07,3.0060120240480963e-05,5.12765738668268e-06,5.12765738668268e-07,100
US Power Grid,adap_betweenness,,64050,0.8913660654642619,3.493097305722556e-05,6.992017281725832e-06,6.992017281725834e-07,2.9781785793809844e-05,4.853249387939448e-06,4.853249387939449e-07,100
US Power Grid,adap_betweenness,,64120,0.8923402360276108,3.4652638610554445e-05,6.992017281725832e-06,6.992017281725834e-07,2.9642618570474283e-05,4.7038197087178686e-06,4.7038197087178696e-07,100
US Power Grid,adap_betweenness,,64190,0.8933144065909597,3.423513694054776e-05,6.9710012519766385e-06,6.971001251976636e-07,2.9642618570474283e-05,4.7038197087178686e-06,4.7038197087178696e-07,100
US Power Grid,adap_betweenness,,64260,0.8942885771543087,3.423513694054776e-05,6.9710012519766385e-06,6.971001251976636e-07,2.9642618570474283e-05,4.7038197087178686e-06,4.7038197087178696e-07,100
US Power Grid,adap_betweenness,,64330,0.8952627477176576,3.423513694054776e-05,6.9710012519766385e-06,6.971001251976636e-07,2.9642618570474283e-05,4.7038197087178686e-06,4.7038197087178696e-07,100
US Power Grid,adap_betweenness,,64400,0.8962369182810065,3.40959697172122e-05,6.958361166778003e-06,6.958361166778001e-07,2.9642618570474283e-05,4.7038197087178686e-06,4.7038197087178696e-07,100
US Power Grid,adap_betweenness,,64470,0.8972110888443554,3.3956802493876646e-05,6.942880922537562e-06,6.942880922537561e-07,2.9642618570474283e-05,4.7038197087178686e-06,4.7038197087178696e-07,100
US Power Grid,adap_betweenness,,64540,0.8981852594077043,3.3817635270541085e-05,6.924541471223602e-06,6.924541471223601e-07,2.9642618570474283e-05,4.7038197087178686e-06,4.7038197087178696e-07,100
US Power Grid,adap_betweenness,,64610,0.8991594299710532,3.3678468047205524e-05,6.903320025451714e-06,6.903320025451714e-07,2.936428412380316e-05,4.376336530494604e-06,4.376336530494602e-07,100
US Power Grid,adap_betweenness,,64680,0.9001336005344022,3.3678468047205524e-05,6.903320025451714e-06,6.903320025451714e-07,2.936428412380316e-05,4.376336530494604e-06,4.376336530494602e-07,100
US Power Grid,adap_betweenness,,64750,0.9011077710977512,3.34001336005344e-05,6.852120406331149e-06,6.852120406331149e-07,2.9225116900467604e-05,4.196049662905863e-06,4.196049662905863e-07,100
US Power Grid,adap_betweenness,,64820,0.9020819416611,3.326096637719885e-05,6.822076514142138e-06,6.822076514142136e-07,2.9225116900467604e-05,4.196049662905863e-06,4.196049662905863e-07,100
US Power Grid,adap_betweenness,,64890,0.9030561122244488,3.312179915386329e-05,6.789018748811003e-06,6.789018748811002e-07,2.9225116900467604e-05,4.196049662905863e-06,4.196049662905863e-07,100
US Power Grid,adap_betweenness,,64960,0.9040302827877978,3.312179915386329e-05,6.789018748811003e-06,6.789018748811002e-07,2.9085949677132042e-05,4.002776264538263e-06,4.002776264538263e-07,100
US Power Grid,adap_betweenness,,65030,0.9050044533511468,3.2982631930527726e-05,6.752902848668307e-06,6.752902848668307e-07,2.9085949677132042e-05,4.002776264538263e-06,4.002776264538263e-07,100
US Power Grid,adap_betweenness,,65100,0.9059786239144956,3.2982631930527726e-05,6.752902848668307e-06,6.752902848668307e-07,2.9085949677132042e-05,4.002776264538263e-06,4.002776264538263e-07,100
US Power Grid,adap_betweenness,,65170,0.9069527944778446,3.2704297483856603e-05,6.6712937742304375e-06,6.671293774230438e-07,2.9085949677132042e-05,4.002776264538263e-06,4.002776264538263e-07,100
US Power Grid,adap_betweenness,,65240,0.9079269650411936,3.2704297483856603e-05,6.6712937742304375e-06,6.671293774230438e-07,2.8946782453796485e-05,3.794532458587881e-06,3.7945324585878806e-07,100
US Power Grid,adap_betweenness,,65310,0.9089011356045424,3.242596303718549e-05,6.5767863870137644e-06,6.576786387013763e-07,2.8946782453796485e-05,3.794532458587881e-06,3.7945324585878806e-07,100
US Power Grid,adap_betweenness,,65380,0.9098753061678914,3.242596303718549e-05,6.5767863870137644e-06,6.576786387013763e-07,2.8946782453796485e-05,3.794532458587881e-06,3.7945324585878806e-07,100
US Power Grid,adap_betweenness,,65450,0.9108494767312404,3.242596303718549e-05,6.5767863870137644e-06,6.576786387013763e-07,2.8807615230460924e-05,3.5686985077967438e-06,3.568698507796744e-07,100
US Power Grid,adap_betweenness,,65520,0.9118236472945892,3.214762859051436e-05,6.468815390666497e-06,6.468815390666499e-07,2.8668448007125363e-05,3.321688607436291e-06,3.3216886074362905e-07,100
US Power Grid,adap_betweenness,,65590,0.912797817857938,3.214762859051436e-05,6.468815390666497e-06,6.468815390666499e-07,2.8668448007125363e-05,3.321688607436291e-06,3.3216886074362905e-07,100
US Power Grid,adap_betweenness,,65660,0.913771988421287,3.214762859051436e-05,6.468815390666497e-06,6.468815390666499e-07,2.8668448007125363e-05,3.321688607436291e-06,3.3216886074362905e-07,100
US Power Grid,adap_betweenness,,65730,0.914746158984636,3.2008461367178805e-05,6.409571733353352e-06,6.409571733353351e-07,2.8668448007125363e-05,3.321688607436291e-06,3.3216886074362905e-07,100
US Power Grid,adap_betweenness,,65800,0.9157203295479848,3.1869294143843244e-05,6.3466936869860394e-06,6.346693686986038e-07,2.8390113560454244e-05,2.7408481625324594e-06,2.740848162532459e-07,100
US Power Grid,adap_betweenness,,65870,0.9166945001113338,3.1869294143843244e-05,6.3466936869860394e-06,6.346693686986038e-07,2.8390113560454244e-05,2.7408481625324594e-06,2.740848162532459e-07,100
US Power Grid,adap_betweenness,,65940,0.9176686706746828,3.173012692050768e-05,6.280072086592811e-06,6.280072086592811e-07,2.8390113560454244e-05,2.7408481625324594e-06,2.740848162532459e-07,100
US Power Grid,adap_betweenness,,66010,0.9186428412380316,3.145179247383656e-05,6.135103572099868e-06,6.135103572099868e-07,2.8250946337118683e-05,2.3859748385349213e-06,2.385974838534921e-07,100
US Power Grid,adap_betweenness,,66080,0.9196170118013806,3.1034290803829884e-05,5.886113681274364e-06,5.886113681274364e-07,2.8111779113783125e-05,1.958156509356069e-06,1.9581565093560688e-07,100
US Power Grid,adap_betweenness,,66150,0.9205911823647296,3.089512358049432e-05,5.793993541154901e-06,5.793993541154901e-07,2.8111779113783125e-05,1.958156509356069e-06,1.9581565093560688e-07,100
US Power Grid,adap_betweenness,,66220,0.9215653529280784,3.06167891338232e-05,5.594732883874482e-06,5.594732883874483e-07,2.797261189044756e-05,1.3916722333556002e-06,1.3916722333556008e-07,100
US Power Grid,adap_betweenness,,66290,0.9225395234914272,3.0477621910487643e-05,5.487046932805369e-06,5.48704693280537e-07,2.797261189044756e-05,1.3916722333556002e-06,1.3916722333556008e-07,100
US Power Grid,adap_betweenness,,66360,0.9235136940547762,3.0338454687152085e-05,5.373565459604892e-06,5.373565459604894e-07,2.797261189044756e-05,1.3916722333556002e-06,1.3916722333556008e-07,100
US Power Grid,adap_betweenness,,66430,0.9244878646181252,3.0338454687152085e-05,5.373565459604892e-06,5.373565459604894e-07,2.797261189044756e-05,1.3916722333556002e-06,1.3916722333556008e-07,100
US Power Grid,adap_betweenness,,66500,0.925462035181474,3.0060120240480963e-05,5.127657386682681e-06,5.12765738668268e-07,2.797261189044756e-05,1.3916722333556002e-06,1.3916722333556008e-07,100
US Power Grid,adap_betweenness,,66570,0.926436205744823,3.0060120240480963e-05,5.127657386682681e-06,5.12765738668268e-07,2.797261189044756e-05,1.3916722333556002e-06,1.3916722333556008e-07,100
US Power Grid,adap_betweenness,,66640,0.927410376308172,2.9920953017145402e-05,4.994298058375596e-06,4.994298058375594e-07,2.7833444667112003e-05,0.0,6.810401142088268e-22,100
US Power Grid,adap_betweenness,,66710,0.9283845468715208,2.9781785793809844e-05,4.8532493879394486e-06,4.853249387939449e-07,2.7833444667112003e-05,0.0,6.810401142088268e-22,100
US Power Grid,adap_betweenness,,66780,0.9293587174348698,2.9503451347138726e-05,4.5451824812276016e-06,4.5451824812276013e-07,2.7833444667112003e-05,0.0,6.810401142088268e-22,100
US Power Grid,adap_betweenness,,66850,0.9303328879982188,2.9503451347138726e-05,4.5451824812276016e-06,4.5451824812276013e-07,2.7833444667112003e-05,0.0,6.810401142088268e-22,100
US Power Grid,adap_betweenness,,66920,0.9313070585615676,2.9503451347138726e-05,4.5451824812276016e-06,4.5451824812276013e-07,2.7833444667112003e-05,0.0,6.810401142088268e-22,100
US Power Grid,adap_betweenness,,66990,0.9322812291249164,2.936428412380316e-05,4.376336530494604e-06,4.376336530494602e-07,2.7833444667112003e-05,0.0,6.810401142088268e-22,100
US Power Grid,adap_betweenness,,67060,0.9332553996882654,2.936428412380316e-05,4.376336530494604e-06,4.376336530494602e-07,2.7833444667112003e-05,0.0,6.810401142088268e-22,100
US Power Grid,adap_betweenness,,67130,0.9342295702516143,2.9225116900467604e-05,4.196049662905863e-06,4.196049662905864e-07,2.7833444667112003e-05,0.0,6.810401142088268e-22,100
US Power Grid,adap_betweenness,,67200,0.9352037408149632,2.9225116900467604e-05,4.196049662905863e-06,4.196049662905864e-07,2.7833444667112003e-05,0.0,6.810401142088268e-22,100
US Power Grid,adap_betweenness,,67270,0.9361779113783122,2.9225116900467604e-05,4.196049662905863e-06,4.196049662905864e-07,2.7833444667112003e-05,0.0,6.810401142088268e-22,100
US Power Grid,adap_betweenness,,67340,0.9371520819416612,2.9225116900467604e-05,4.196049662905863e-06,4.196049662905864e-07,2.7833444667112003e-05,0.0,6.810401142088268e-22,100
US Power Grid,adap_betweenness,,67410,0.93812625250501,2.9085949677132042e-05,4.002776264538263e-06,4.002776264538263e-07,2.7833444667112003e-05,0.0,6.810401142088268e-22,100
US Power Grid,adap_betweenness,,67480,0.939100423068359,2.9085949677132042e-05,4.002776264538263e-06,4.002776264538263e-07,2.7833444667112003e-05,0.0,6.810401142088268e-22,100
US Power Grid,adap_betweenness,,67550,0.940074593631708,2.9085949677132042e-05,4.002776264538263e-06,4.002776264538263e-07,2.7833444667112003e-05,0.0,6.810401142088268e-22,100
US Power Grid,adap_betweenness,,67620,0.9410487641950568,2.9085949677132042e-05,4.002776264538263e-06,4.002776264538263e-07,2.7833444667112003e-05,0.0,6.810401142088268e-22,100
US Power Grid,adap_betweenness,,67690,0.9420229347584056,2.9085949677132042e-05,4.002776264538263e-06,4.002776264538263e-07,2.7833444667112003e-05,0.0,6.810401142088268e-22,100
US Power Grid,adap_betweenness,,67760,0.9429971053217546,2.8946782453796485e-05,3.794532458587881e-06,3.7945324585878806e-07,2.7833444667112003e-05,0.0,6.810401142088268e-22,100
US Power Grid,adap_betweenness,,67830,0.9439712758851035,2.8668448007125363e-05,3.3216886074362916e-06,3.3216886074362905e-07,2.7833444667112003e-05,0.0,6.810401142088268e-22,100
US Power Grid,adap_betweenness,,67900,0.9449454464484524,2.85292807837898e-05,3.048359407114095e-06,3.048359407114094e-07,2.7833444667112003e-05,0.0,6.810401142088268e-22,100
US Power Grid,adap_betweenness,,67970,0.9459196170118014,2.85292807837898e-05,3.048359407114095e-06,3.048359407114094e-07,2.7833444667112003e-05,0.0,6.810401142088268e-22,100
US Power Grid,adap_betweenness,,68040,0.9468937875751504,2.85292807837898e-05,3.048359407114095e-06,3.048359407114094e-07,2.7833444667112003e-05,0.0,6.810401142088268e-22,100
US Power Grid,adap_betweenness,,68110,0.9478679581384992,2.85292807837898e-05,3.048359407114095e-06,3.048359407114094e-07,2.7833444667112003e-05,0.0,6.810401142088268e-22,100
US Power Grid,adap_betweenness,,68180,0.948842128701848,2.85292807837898e-05,3.048359407114095e-06,3.048359407114094e-07,2.7833444667112003e-05,0.0,6.810401142088268e-22,100
US Power Grid,adap_betweenness,,68250,0.9498162992651972,2.85292807837898e-05,3.048359407114095e-06,3.048359407114094e-07,2.7833444667112003e-05,0.0,6.810401142088268e-22,100
US Power Grid,adap_betweenness,,68320,0.950790469828546,2.85292807837898e-05,3.048359407114095e-06,3.048359407114094e-07,2.7833444667112003e-05,0.0,6.810401142088268e-22,100
US Power Grid,adap_betweenness,,68390,0.9517646403918948,2.85292807837898e-05,3.048359407114095e-06,3.048359407114094e-07,2.7833444667112003e-05,0.0,6.810401142088268e-22,100
US Power Grid,adap_betweenness,,68460,0.9527388109552438,2.85292807837898e-05,3.048359407114095e-06,3.048359407114094e-07,2.7833444667112003e-05,0.0,6.810401142088268e-22,100
US Power Grid,adap_betweenness,,68530,0.9537129815185929,2.8390113560454244e-05,2.7408481625324602e-06,2.740848162532459e-07,2.7833444667112003e-05,0.0,6.810401142088268e-22,100
US Power Grid,adap_betweenness,,68600,0.9546871520819415,2.8390113560454244e-05,2.7408481625324602e-06,2.740848162532459e-07,2.7833444667112003e-05,0.0,6.810401142088268e-22,100
US Power Grid,adap_betweenness,,68670,0.9556613226452906,2.8390113560454244e-05,2.7408481625324602e-06,2.740848162532459e-07,2.7833444667112003e-05,0.0,6.810401142088268e-22,100
US Power Grid,adap_betweenness,,68740,0.9566354932086396,2.8390113560454244e-05,2.7408481625324602e-06,2.740848162532459e-07,2.7833444667112003e-05,0.0,6.810401142088268e-22,100
US Power Grid,adap_betweenness,,68810,0.9576096637719884,2.8250946337118683e-05,2.3859748385349226e-06,2.385974838534921e-07,2.7833444667112003e-05,0.0,6.810401142088268e-22,100
US Power Grid,adap_betweenness,,68880,0.9585838343353372,2.8250946337118683e-05,2.3859748385349226e-06,2.385974838534921e-07,2.7833444667112003e-05,0.0,6.810401142088268e-22,100
US Power Grid,adap_betweenness,,68950,0.9595580048986864,2.8250946337118683e-05,2.3859748385349226e-06,2.385974838534921e-07,2.7833444667112003e-05,0.0,6.810401142088268e-22,100
US Power Grid,adap_betweenness,,69020,0.9605321754620352,2.8111779113783125e-05,1.958156509356069e-06,1.9581565093560688e-07,2.7833444667112003e-05,0.0,6.810401142088268e-22,100
US Power Grid,adap_betweenness,,69090,0.961506346025384,2.8111779113783125e-05,1.958156509356069e-06,1.9581565093560688e-07,2.7833444667112003e-05,0.0,6.810401142088268e-22,100
US Power Grid,adap_betweenness,,69160,0.962480516588733,2.8111779113783125e-05,1.958156509356069e-06,1.9581565093560688e-07,2.7833444667112003e-05,0.0,6.810401142088268e-22,100
US Power Grid,adap_betweenness,,69230,0.963454687152082,2.8111779113783125e-05,1.958156509356069e-06,1.9581565093560688e-07,2.7833444667112003e-05,0.0,6.810401142088268e-22,100
US Power Grid,adap_betweenness,,69300,0.9644288577154309,2.8111779113783125e-05,1.958156509356069e-06,1.9581565093560688e-07,2.7833444667112003e-05,0.0,6.810401142088268e-22,100
US Power Grid,adap_betweenness,,69370,0.9654030282787798,2.8111779113783125e-05,1.958156509356069e-06,1.9581565093560688e-07,2.7833444667112003e-05,0.0,6.810401142088268e-22,100
US Power Grid,adap_betweenness,,69440,0.9663771988421288,2.8111779113783125e-05,1.958156509356069e-06,1.9581565093560688e-07,2.7833444667112003e-05,0.0,6.810401142088268e-22,100
US Power Grid,adap_betweenness,,69510,0.9673513694054776,2.8111779113783125e-05,1.958156509356069e-06,1.9581565093560688e-07,2.7833444667112003e-05,0.0,6.810401142088268e-22,100
US Power Grid,adap_betweenness,,69580,0.9683255399688264,2.8111779113783125e-05,1.958156509356069e-06,1.9581565093560688e-07,2.7833444667112003e-05,0.0,6.810401142088268e-22,100
US Power Grid,adap_betweenness,,69650,0.9692997105321756,2.8111779113783125e-05,1.958156509356069e-06,1.9581565093560688e-07,2.7833444667112003e-05,0.0,6.810401142088268e-22,100
US Power Grid,adap_betweenness,,69720,0.9702738810955244,2.8111779113783125e-05,1.958156509356069e-06,1.9581565093560688e-07,2.7833444667112003e-05,0.0,6.810401142088268e-22,100
US Power Grid,adap_betweenness,,69790,0.9712480516588732,2.8111779113783125e-05,1.958156509356069e-06,1.9581565093560688e-07,2.7833444667112003e-05,0.0,6.810401142088268e-22,100
US Power Grid,adap_betweenness,,69860,0.9722222222222222,2.8111779113783125e-05,1.958156509356069e-06,1.9581565093560688e-07,2.7833444667112003e-05,0.0,6.810401142088268e-22,100
US Power Grid,adap_betweenness,,69930,0.9731963927855712,2.797261189044756e-05,1.3916722333556002e-06,1.3916722333556005e-07,2.7833444667112003e-05,0.0,6.810401142088268e-22,100
US Power Grid,adap_betweenness,,70000,0.97417056334892,2.7833444667112003e-05,0.0,6.810401142088268e-22,2.7833444667112003e-05,0.0,6.810401142088268e-22,100
US Power Grid,adap_betweenness,,70070,0.975144733912269,2.7833444667112003e-05,0.0,6.810401142088268e-22,2.7833444667112003e-05,0.0,6.810401142088268e-22,100
US Power Grid,adap_betweenness,,70140,0.976118904475618,2.7833444667112003e-05,0.0,6.810401142088268e-22,2.7833444667112003e-05,0.0,6.810401142088268e-22,100
US Power Grid,adap_betweenness,,70210,0.9770930750389668,2.7833444667112003e-05,0.0,6.810401142088268e-22,2.7833444667112003e-05,0.0,6.810401142088268e-22,100
US Power Grid,adap_betweenness,,70280,0.9780672456023156,2.7833444667112003e-05,0.0,6.810401142088268e-22,2.7833444667112003e-05,0.0,6.810401142088268e-22,100
US Power Grid,adap_betweenness,,70350,0.9790414161656646,2.7833444667112003e-05,0.0,6.810401142088268e-22,2.7833444667112003e-05,0.0,6.810401142088268e-22,100
US Power Grid,adap_betweenness,,70420,0.9800155867290136,2.7833444667112003e-05,0.0,6.810401142088268e-22,2.7833444667112003e-05,0.0,6.810401142088268e-22,100
US Power Grid,adap_betweenness,,70490,0.9809897572923626,2.7833444667112003e-05,0.0,6.810401142088268e-22,2.7833444667112003e-05,0.0,6.810401142088268e-22,100
US Power Grid,adap_betweenness,,70560,0.9819639278557116,2.7833444667112003e-05,0.0,6.810401142088268e-22,2.7833444667112003e-05,0.0,6.810401142088268e-22,100
US Power Grid,adap_betweenness,,70630,0.9829380984190604,2.7833444667112003e-05,0.0,6.810401142088268e-22,2.7833444667112003e-05,0.0,6.810401142088268e-22,100
US Power Grid,adap_betweenness,,70700,0.9839122689824094,2.7833444667112003e-05,0.0,6.810401142088268e-22,2.7833444667112003e-05,0.0,6.810401142088268e-22,100
US Power Grid,adap_betweenness,,70770,0.9848864395457584,2.7833444667112003e-05,0.0,6.810401142088268e-22,2.7694277443776442e-05,1.3916722333556002e-06,1.3916722333556005e-07,100
US Power Grid,adap_betweenness,,70840,0.9858606101091072,2.7833444667112003e-05,0.0,6.810401142088268e-22,2.71376085504342e-05,3.048359407114094e-06,3.048359407114095e-07,100
US Power Grid,adap_betweenness,,70910,0.986834780672456,2.7833444667112003e-05,0.0,6.810401142088268e-22,2.6859274103763082e-05,3.5686985077967433e-06,3.568698507796744e-07,100
US Power Grid,adap_betweenness,,70980,0.987808951235805,2.7694277443776442e-05,1.3916722333556004e-06,1.3916722333556005e-07,2.5885103540414165e-05,4.853249387939449e-06,4.853249387939449e-07,100
US Power Grid,adap_betweenness,,71050,0.988783121799154,2.71376085504342e-05,3.048359407114093e-06,3.0483594071140943e-07,2.4354264083723e-05,6.056476006029345e-06,6.056476006029346e-07,100
US Power Grid,adap_betweenness,,71120,0.9897572923625028,2.630260521042084e-05,4.376336530494602e-06,4.376336530494602e-07,2.324092629703852e-05,6.576786387013763e-06,6.576786387013763e-07,100
US Power Grid,adap_betweenness,,71190,0.9907314629258518,2.546760187040748e-05,5.253912937940282e-06,5.253912937940282e-07,2.1570919617011798e-05,6.958361166778002e-06,6.958361166778001e-07,100
US Power Grid,adap_betweenness,,71260,0.9917056334892008,2.5328434647071924e-05,5.373565459604892e-06,5.373565459604893e-07,1.976174571364952e-05,6.903320025451714e-06,6.903320025451714e-07,100
US Power Grid,adap_betweenness,,71330,0.9926798040525496,2.3797595190380762e-05,6.346693686986038e-06,6.346693686986036e-07,1.8648407926965043e-05,6.625685100332936e-06,6.625685100332937e-07,100
US Power Grid,adap_betweenness,,71400,0.9936539746158984,2.268425740369628e-05,6.752902848668306e-06,6.752902848668306e-07,1.697840124693832e-05,5.793993541154902e-06,5.793993541154901e-07,100
US Power Grid,adap_betweenness,,71470,0.9946281451792476,2.1014250723669564e-05,6.992017281725833e-06,6.992017281725834e-07,1.628256513026052e-05,5.253912937940283e-06,5.253912937940282e-07,100
US Power Grid,adap_betweenness,,71540,0.9956023157425964,1.934424404364284e-05,6.822076514142138e-06,6.822076514142136e-07,1.558672901358272e-05,4.5451824812276016e-06,4.5451824812276013e-07,100
US Power Grid,adap_betweenness,,71610,0.9965764863059452,1.7256735693609442e-05,5.973540080034068e-06,5.973540080034066e-07,1.475172567356936e-05,3.3216886074362903e-06,3.32168860743629e-07,100
US Power Grid,adap_betweenness,,71680,0.9975506568692942,1.614339790692496e-05,5.127657386682682e-06,5.12765738668268e-07,1.3916722333556001e-05,0.0,3.405200571044134e-22,100
US Power Grid,adap_betweenness,,71750,0.9985248274326431,1.4612558450233798e-05,3.0483594071140946e-06,3.048359407114095e-07,1.3916722333556001e-05,0.0,3.405200571044134e-22,100
US Power Grid,adap_betweenness,,71820,0.999498997995992,1.405588955689156e-05,1.3916722333556002e-06,1.3916722333556005e-07,1.3916722333556001e-05,0.0,3.405200571044134e-22,100
US Power Grid,adap_betweenness,,71856,1.0,0.0,0.0,0.0,0.0,0.0,0.0,100
