label,protocol,m,removed,p,mean_S1_over_N,sd_S1_over_N,sem_S1_over_N,mean_S2_over_N,sd_S2_over_N,sem_S2_over_N,n
US Power Grid — San Francisco,adap_betweenness,,0,0.0,1.0,0.0,0.0,0.0,0.0,0.0,100
US Power Grid — San Francisco,adap_betweenness,,1,0.0074074074074074,0.5333333333333333,0.0,1.1158161231197418e-17,0.362962962962963,0.0,0.0,100
US Power Grid — San Francisco,adap_betweenness,,2,0.0148148148148148,0.362962962962963,0.0,0.0,0.24444444444444438,0.0,2.7895403077993544e-18,100
US Power Grid — San Francisco,adap_betweenness,,3,0.0222222222222222,0.2814814814814815,0.0,5.579080615598709e-18,0.24444444444444438,0.0,2.7895403077993544e-18,100
US Power Grid — San Francisco,adap_betweenness,,4,0.0296296296296296,0.2814814814814815,0.0,5.579080615598709e-18,0.24444444444444438,0.0,2.7895403077993544e-18,100
US Power Grid — San Francisco,adap_betweenness,,5,0.037037037037037,0.2814814814814815,0.0,5.579080615598709e-18,0.1777777777777777,0.0,5.579080615598709e-18,100
US Power Grid — San Francisco,adap_betweenness,,6,0.0444444444444444,0.22962962962962957,0.0,2.7895403077993544e-18,0.1777777777777777,0.0,5.579080615598709e-18,100
US Power Grid — San Francisco,adap_betweenness,,7,0.0518518518518518,0.1777777777777777,0.0,5.579080615598709e-18,0.1037037037037037,0.0,4.1843104616990316e-18,100
US Power Grid — San Francisco,adap_betweenness,,8,0.0592592592592592,0.1037037037037037,0.0,4.1843104616990316e-18,0.0962962962962963,0.0,1.3947701538996772e-18,100
US Power Grid — San Francisco,adap_betweenness,,9,0.0666666666666666,0.0962962962962963,0.0,1.3947701538996772e-18,0.08888888888888878,0.0,1.3947701538996772e-18,100
US Power Grid — San Francisco,adap_betweenness,,10,0.074074074074074,0.08888888888888878,0.0,1.3947701538996772e-18,0.0814814814814814,0.0,2.7895403077993544e-18,100
US Power Grid — San Francisco,adap_betweenness,,11,0.0814814814814814,0.0814814814814814,0.0,2.7895403077993544e-18,0.0814814814814814,0.0,2.7895403077993544e-18,100
US Power Grid — San Francisco,adap_betweenness,,12,0.0888888888888888,0.0814814814814814,0.0,2.7895403077993544e-18,0.0814814814814814,0.0,2.7895403077993544e-18,100
US Power Grid — San Francisco,adap_betweenness,,13,0.0962962962962963,0.0814814814814814,0.0,2.7895403077993544e-18,0.0666666666666666,0.0,1.3947701538996772e-18,100
US Power Grid — San Francisco,adap_betweenness,,14,0.1037037037037037,0.0666666666666666,0.0,1.3947701538996772e-18,0.051851851851851795,0.0,1.3947701538996772e-18,100
US Power Grid — San Francisco,adap_betweenness,,15,0.1111111111111111,0.051851851851851795,0.0,1.3947701538996772e-18,0.051851851851851795,0.0,1.3947701538996772e-18,100
US Power Grid — San Francisco,adap_betweenness,,16,0.1185185185185185,0.051851851851851795,0.0,1.3947701538996772e-18,0.051851851851851795,0.0,1.3947701538996772e-18,100
US Power Grid — San Francisco,adap_betweenness,,17,0.1259259259259259,0.051851851851851795,0.0,1.3947701538996772e-18,0.04444444444444439,0.0,6.973850769498386e-19,100
US Power Grid — San Francisco,adap_betweenness,,18,0.1333333333333333,0.04444444444444439,0.0,6.973850769498386e-19,0.04444444444444439,0.0,6.973850769498386e-19,100
US Power Grid — San Francisco,adap_betweenness,,19,0.1407407407407407,0.04444444444444439,0.0,6.973850769498386e-19,0.037037037037037,0.0,0.0,100
US Power Grid — San Francisco,adap_betweenness,,20,0.1481481481481481,0.04444444444444439,0.0,6.973850769498386e-19,0.037037037037037,0.0,0.0,100
US Power Grid — San Francisco,adap_betweenness,,21,0.1555555555555555,0.04444444444444439,0.0,6.973850769498386e-19,0.037037037037037,0.0,0.0,100
US Power Grid — San Francisco,adap_betweenness,,22,0.1629629629629629,0.037037037037037,0.0,0.0,0.037037037037037,0.0,0.0,100
US Power Grid — San Francisco,adap_betweenness,,23,0.1703703703703703,0.037037037037037,0.0,0.0,0.037037037037037,0.0,0.0,100
US Power Grid — San Francisco,adap_betweenness,,24,0.1777777777777777,0.037037037037037,0.0,0.0,0.037037037037037,0.0,0.0,100
US Power Grid — San Francisco,adap_betweenness,,25,0.1851851851851852,0.037037037037037,0.0,0.0,0.029629629629629603,0.0,6.973850769498386e-19,100
US Power Grid — San Francisco,adap_betweenness,,26,0.1925925925925926,0.03385185185185182,0.0036857026070832785,0.0003685702607083278,0.029629629629629603,0.0,6.973850769498386e-19,100
US Power Grid — San Francisco,adap_betweenness,,27,0.2,0.031037037037037005,0.0029205721807678687,0.00029205721807678685,0.029629629629629603,0.0,6.973850769498386e-19,100
US Power Grid — San Francisco,adap_betweenness,,28,0.2074074074074074,0.029629629629629603,0.0,6.973850769498386e-19,0.029629629629629603,0.0,6.973850769498386e-19,100
US Power Grid — San Francisco,adap_betweenness,,29,0.2148148148148148,0.029629629629629603,0.0,6.973850769498386e-19,0.029629629629629603,0.0,6.973850769498386e-19,100
US Power Grid — San Francisco,adap_betweenness,,30,0.2222222222222222,0.029629629629629603,0.0,6.973850769498386e-19,0.025629629629629603,0.0037104315997187605,0.00037104315997187607,100
US Power Grid — San Francisco,adap_betweenness,,31,0.2296296296296296,0.025629629629629603,0.0037104315997187605,0.00037104315997187607,0.022222222222222195,0.0,3.486925384749193e-19,100
US Power Grid — San Francisco,adap_betweenness,,32,0.237037037037037,0.022222222222222195,0.0,3.486925384749193e-19,0.022222222222222195,0.0,3.486925384749193e-19,100
US Power Grid — San Francisco,adap_betweenness,,33,0.2444444444444444,0.022222222222222195,0.0,3.486925384749193e-19,0.022222222222222195,0.0,3.486925384749193e-19,100
US Power Grid — San Francisco,adap_betweenness,,34,0.2518518518518519,0.022222222222222195,0.0,3.486925384749193e-19,0.022222222222222195,0.0,3.486925384749193e-19,100
US Power Grid — San Francisco,adap_betweenness,,35,0.2592592592592592,0.022222222222222195,0.0,3.486925384749193e-19,0.022222222222222195,0.0,3.486925384749193e-19,100
US Power Grid — San Francisco,adap_betweenness,,36,0.2666666666666666,0.022222222222222195,0.0,3.486925384749193e-19,0.022222222222222195,0.0,3.486925384749193e-19,100
US Power Grid — San Francisco,adap_betweenness,,37,0.2740740740740741,0.022222222222222195,0.0,3.486925384749193e-19,0.022222222222222195,0.0,3.486925384749193e-19,100
US Power Grid — San Francisco,adap_betweenness,,38,0.2814814814814815,0.022222222222222195,0.0,3.486925384749193e-19,0.022222222222222195,0.0,3.486925384749193e-19,100
US Power Grid — San Francisco,adap_betweenness,,39,0.2888888888888889,0.022222222222222195,0.0,3.486925384749193e-19,0.022222222222222195,0.0,3.486925384749193e-19,100
US Power Grid — San Francisco,adap_betweenness,,40,0.2962962962962963,0.022222222222222195,0.0,3.486925384749193e-19,0.018814814814814795,0.0037104315997187596,0.0003710431599718759,100
US Power Grid — San Francisco,adap_betweenness,,41,0.3037037037037037,0.018814814814814795,0.0037104315997187596,0.0003710431599718759,0.014814814814814802,0.0,3.486925384749193e-19,100
US Power Grid — San Francisco,adap_betweenness,,42,0.3111111111111111,0.014814814814814802,0.0,3.486925384749193e-19,0.014814814814814802,0.0,3.486925384749193e-19,100
US Power Grid — San Francisco,adap_betweenness,,43,0.3185185185185185,0.014814814814814802,0.0,3.486925384749193e-19,0.014814814814814802,0.0,3.486925384749193e-19,100
US Power Grid — San Francisco,adap_betweenness,,44,0.3259259259259259,0.014814814814814802,0.0,3.486925384749193e-19,0.014814814814814802,0.0,3.486925384749193e-19,100
US Power Grid — San Francisco,adap_betweenness,,45,0.3333333333333333,0.014814814814814802,0.0,3.486925384749193e-19,0.014814814814814802,0.0,3.486925384749193e-19,100
US Power Grid — San Francisco,adap_betweenness,,46,0.3407407407407407,0.014814814814814802,0.0,3.486925384749193e-19,0.014814814814814802,0.0,3.486925384749193e-19,100
US Power Grid — San Francisco,adap_betweenness,,47,0.3481481481481481,0.014814814814814802,0.0,3.486925384749193e-19,0.014814814814814802,0.0,3.486925384749193e-19,100
US Power Grid — San Francisco,adap_betweenness,,48,0.3555555555555555,0.014814814814814802,0.0,3.486925384749193e-19,0.014814814814814802,0.0,3.486925384749193e-19,100
US Power Grid — San Francisco,adap_betweenness,,49,0.362962962962963,0.014814814814814802,0.0,3.486925384749193e-19,0.014814814814814802,0.0,3.486925384749193e-19,100
US Power Grid — San Francisco,adap_betweenness,,50,0.3703703703703704,0.014814814814814802,0.0,3.486925384749193e-19,0.014814814814814802,0.0,3.486925384749193e-19,100
US Power Grid — San Francisco,adap_betweenness,,51,0.3777777777777777,0.014814814814814802,0.0,3.486925384749193e-19,0.014814814814814802,0.0,3.486925384749193e-19,100
US Power Grid — San Francisco,adap_betweenness,,52,0.3851851851851852,0.014814814814814802,0.0,3.486925384749193e-19,0.014814814814814802,0.0,3.486925384749193e-19,100
US Power Grid — San Francisco,adap_betweenness,,53,0.3925925925925926,0.014814814814814802,0.0,3.486925384749193e-19,0.014814814814814802,0.0,3.486925384749193e-19,100
US Power Grid — San Francisco,adap_betweenness,,54,0.4,0.014814814814814802,0.0,3.486925384749193e-19,0.014814814814814802,0.0,3.486925384749193e-19,100
US Power Grid — San Francisco,adap_betweenness,,55,0.4074074074074074,0.014814814814814802,0.0,3.486925384749193e-19,0.014814814814814802,0.0,3.486925384749193e-19,100
US Power Grid — San Francisco,adap_betweenness,,56,0.4148148148148148,0.014814814814814802,0.0,3.486925384749193e-19,0.014814814814814802,0.0,3.486925384749193e-19,100
US Power Grid — San Francisco,adap_betweenness,,57,0.4222222222222222,0.014814814814814802,0.0,3.486925384749193e-19,0.014814814814814802,0.0,3.486925384749193e-19,100
US Power Grid — San Francisco,adap_betweenness,,58,0.4296296296296296,0.014814814814814802,0.0,3.486925384749193e-19,0.014814814814814802,0.0,3.486925384749193e-19,100
US Power Grid — San Francisco,adap_betweenness,,59,0.437037037037037,0.014814814814814802,0.0,3.486925384749193e-19,0.014814814814814802,0.0,3.486925384749193e-19,100
US Power Grid — San Francisco,adap_betweenness,,60,0.4444444444444445,0.014814814814814802,0.0,3.486925384749193e-19,0.014814814814814802,0.0,3.486925384749193e-19,100
US Power Grid — San Francisco,adap_betweenness,,61,0.4518518518518519,0.014814814814814802,0.0,3.486925384749193e-19,0.014814814814814802,0.0,3.486925384749193e-19,100
US Power Grid — San Francisco,adap_betweenness,,62,0.4592592592592592,0.014814814814814802,0.0,3.486925384749193e-19,0.014814814814814802,0.0,3.486925384749193e-19,100
US Power Grid — San Francisco,adap_betweenness,,63,0.4666666666666667,0.014814814814814802,0.0,3.486925384749193e-19,0.014814814814814802,0.0,3.486925384749193e-19,100
US Power Grid — San Francisco,adap_betweenness,,64,0.4740740740740741,0.014814814814814802,0.0,3.486925384749193e-19,0.014814814814814802,0.0,3.486925384749193e-19,100
US Power Grid — San Francisco,adap_betweenness,,65,0.4814814814814815,0.014814814814814802,0.0,3.486925384749193e-19,0.014814814814814802,0.0,3.486925384749193e-19,100
US Power Grid — San Francisco,adap_betweenness,,66,0.4888888888888889,0.014814814814814802,0.0,3.486925384749193e-19,0.014814814814814802,0.0,3.486925384749193e-19,100
US Power Grid — San Francisco,adap_betweenness,,67,0.4962962962962963,0.014814814814814802,0.0,3.486925384749193e-19,0.014814814814814802,0.0,3.486925384749193e-19,100
US Power Grid — San Francisco,adap_betweenness,,68,0.5037037037037038,0.014814814814814802,0.0,3.486925384749193e-19,0.014814814814814802,0.0,3.486925384749193e-19,100
US Power Grid — San Francisco,adap_betweenness,,69,0.5111111111111112,0.014814814814814802,0.0,3.486925384749193e-19,0.014814814814814802,0.0,3.486925384749193e-19,100
US Power Grid — San Francisco,adap_betweenness,,70,0.5185185185185185,0.014814814814814802,0.0,3.486925384749193e-19,0.014814814814814802,0.0,3.486925384749193e-19,100
US Power Grid — San Francisco,adap_betweenness,,71,0.5259259259259259,0.014814814814814802,0.0,3.486925384749193e-19,0.014814814814814802,0.0,3.486925384749193e-19,100
US Power Grid — San Francisco,adap_betweenness,,72,0.5333333333333333,0.014814814814814802,0.0,3.486925384749193e-19,0.014814814814814802,0.0,3.486925384749193e-19,100
US Power Grid — San Francisco,adap_betweenness,,73,0.5407407407407407,0.014814814814814802,0.0,3.486925384749193e-19,0.014814814814814802,0.0,3.486925384749193e-19,100
US Power Grid — San Francisco,adap_betweenness,,74,0.5481481481481482,0.014814814814814802,0.0,3.486925384749193e-19,0.014814814814814802,0.0,3.486925384749193e-19,100
US Power Grid — San Francisco,adap_betweenness,,75,0.5555555555555556,0.014814814814814802,0.0,3.486925384749193e-19,0.014814814814814802,0.0,3.486925384749193e-19,100
US Power Grid — San Francisco,adap_betweenness,,76,0.562962962962963,0.014814814814814802,0.0,3.486925384749193e-19,0.014814814814814802,0.0,3.486925384749193e-19,100
US Power Grid — San Francisco,adap_betweenness,,77,0.5703703703703704,0.014814814814814802,0.0,3.486925384749193e-19,0.014814814814814802,0.0,3.486925384749193e-19,100
US Power Grid — San Francisco,adap_betweenness,,78,0.5777777777777778,0.014814814814814802,0.0,3.486925384749193e-19,0.014814814814814802,0.0,3.486925384749193e-19,100
US Power Grid — San Francisco,adap_betweenness,,79,0.5851851851851853,0.014814814814814802,0.0,3.486925384749193e-19,0.014814814814814802,0.0,3.486925384749193e-19,100
US Power Grid — San Francisco,adap_betweenness,,80,0.5925925925925926,0.014814814814814802,0.0,3.486925384749193e-19,0.014814814814814802,0.0,3.486925384749193e-19,100
US Power Grid — San Francisco,adap_betweenness,,81,0.6,0.014814814814814802,0.0,3.486925384749193e-19,0.014814814814814802,0.0,3.486925384749193e-19,100
US Power Grid — San Francisco,adap_betweenness,,82,0.6074074074074074,0.014814814814814802,0.0,3.486925384749193e-19,0.014814814814814802,0.0,3.486925384749193e-19,100
US Power Grid — San Francisco,adap_betweenness,,83,0.6148148148148148,0.014814814814814802,0.0,3.486925384749193e-19,0.014814814814814802,0.0,3.486925384749193e-19,100
US Power Grid — San Francisco,adap_betweenness,,84,0.6222222222222222,0.014814814814814802,0.0,3.486925384749193e-19,0.014814814814814802,0.0,3.486925384749193e-19,100
US Power Grid — San Francisco,adap_betweenness,,85,0.6296296296296297,0.014814814814814802,0.0,3.486925384749193e-19,0.014814814814814802,0.0,3.486925384749193e-19,100
US Power Grid — San Francisco,adap_betweenness,,86,0.6370370370370371,0.014814814814814802,0.0,3.486925384749193e-19,0.014814814814814802,0.0,3.486925384749193e-19,100
US Power Grid — San Francisco,adap_betweenness,,87,0.6444444444444445,0.014814814814814802,0.0,3.486925384749193e-19,0.014814814814814802,0.0,3.486925384749193e-19,100
US Power Grid — San Francisco,adap_betweenness,,88,0.6518518518518519,0.014814814814814802,0.0,3.486925384749193e-19,0.014814814814814802,0.0,3.486925384749193e-19,100
US Power Grid — San Francisco,adap_betweenness,,89,0.6592592592592593,0.014814814814814802,0.0,3.486925384749193e-19,0.014814814814814802,0.0,3.486925384749193e-19,100
US Power Grid — San Francisco,adap_betweenness,,90,0.6666666666666667,0.014814814814814802,0.0,3.486925384749193e-19,0.014814814814814802,0.0,3.486925384749193e-19,100
US Power Grid — San Francisco,adap_betweenness,,91,0.674074074074074,0.014814814814814802,0.0,3.486925384749193e-19,0.014814814814814802,0.0,3.486925384749193e-19,100
US Power Grid — San Francisco,adap_betweenness,,92,0.6814814814814815,0.014814814814814802,0.0,3.486925384749193e-19,0.014814814814814802,0.0,3.486925384749193e-19,100
US Power Grid — San Francisco,adap_betweenness,,93,0.6888888888888889,0.014814814814814802,0.0,3.486925384749193e-19,0.014814814814814802,0.0,3.486925384749193e-19,100
US Power Grid — San Francisco,adap_betweenness,,94,0.6962962962962963,0.014814814814814802,0.0,3.486925384749193e-19,0.014740740740740726,0.0007407407407407409,7.407407407407398e-05,100
US Power Grid — San Francisco,adap_betweenness,,95,0.7037037037037037,0.014814814814814802,0.0,3.486925384749193e-19,0.014740740740740726,0.0007407407407407409,7.407407407407398e-05,100
US Power Grid — San Francisco,adap_betweenness,,96,0.7111111111111111,0.014740740740740726,0.0007407407407407409,7.407407407407398e-05,0.014740740740740726,0.0007407407407407409,7.407407407407398e-05,100
US Power Grid — San Francisco,adap_betweenness,,97,0.7185185185185186,0.014740740740740726,0.0007407407407407409,7.407407407407398e-05,0.014370370370370356,0.001768024122784754,0.00017680241227847538,100
US Power Grid — San Francisco,adap_betweenness,,98,0.725925925925926,0.014740740740740726,0.0007407407407407409,7.407407407407398e-05,0.014148148148148134,0.0021305443797382303,0.00021305443797382302,100
US Power Grid — San Francisco,adap_betweenness,,99,0.7333333333333334,0.014666666666666653,0.0010422614380465895,0.00010422614380465892,0.013999999999999986,0.0023293780572979242,0.0002329378057297924,100
US Power Grid — San Francisco,adap_betweenness,,100,0.7407407407407408,0.014592592592592577,0.0012699748740575194,0.00012699748740575194,0.013925925925925913,0.002419249128674742,0.00024192491286747415,100
US Power Grid — San Francisco,adap_betweenness,,101,0.7481481481481482,0.014592592592592577,0.0012699748740575194,0.00012699748740575194,0.013777777777777764,0.002583222874220568,0.0002583222874220568,100
US Power Grid — San Francisco,adap_betweenness,,102,0.7555555555555555,0.014592592592592577,0.0012699748740575194,0.00012699748740575194,0.013407407407407394,0.0029205721807678683,0.0002920572180767868,100
US Power Grid — San Francisco,adap_betweenness,,103,0.762962962962963,0.014592592592592577,0.0012699748740575194,0.00012699748740575194,0.013333333333333319,0.002977889822990255,0.00029778898229902543,100
US Power Grid — San Francisco,adap_betweenness,,104,0.7703703703703704,0.014592592592592577,0.0012699748740575194,0.00012699748740575194,0.013185185185185171,0.0030839496288387123,0.00030839496288387124,100
US Power Grid — San Francisco,adap_betweenness,,105,0.7777777777777778,0.014518518518518504,0.0014588621153106085,0.0001458862115310609,0.012888888888888877,0.0032655111279763526,0.0003265511127976353,100
US Power Grid — San Francisco,adap_betweenness,,106,0.7851851851851852,0.014370370370370356,0.0017680241227847541,0.0001768024122784754,0.012592592592592579,0.003411601381272873,0.0003411601381272873,100
US Power Grid — San Francisco,adap_betweenness,,107,0.7925925925925926,0.014148148148148134,0.0021305443797382294,0.000213054437973823,0.012444444444444432,0.0034727864612011127,0.0003472786461201112,100
US Power Grid — San Francisco,adap_betweenness,,108,0.8,0.013999999999999986,0.0023293780572979242,0.0002329378057297924,0.011925925925925913,0.003631163925927383,0.0003631163925927383,100
US Power Grid — San Francisco,adap_betweenness,,109,0.8074074074074075,0.013925925925925913,0.0024192491286747406,0.00024192491286747415,0.011555555555555543,0.0036954640857026545,0.0003695464085702654,100
US Power Grid — San Francisco,adap_betweenness,,110,0.8148148148148149,0.013777777777777764,0.0025832228742205675,0.00025832228742205676,0.011037037037037026,0.0037216177318199323,0.00037216177318199323,100
US Power Grid — San Francisco,adap_betweenness,,111,0.8222222222222223,0.013407407407407394,0.0029205721807678683,0.0002920572180767868,0.010740740740740731,0.003703703703703699,0.00037037037037037,100
US Power Grid — San Francisco,adap_betweenness,,112,0.8296296296296297,0.013037037037037024,0.0031795162665994615,0.0003179516266599462,0.010222222222222212,0.0036135683793671334,0.0003613568379367133,100
US Power Grid — San Francisco,adap_betweenness,,113,0.837037037037037,0.012814814814814801,0.0033051558765812834,0.0003305155876581283,0.009777777777777767,0.0034727864612011127,0.00034727864612011126,100
US Power Grid — San Francisco,adap_betweenness,,114,0.8444444444444444,0.012666666666666652,0.0033781334931264305,0.0003378133493126431,0.00962962962962962,0.003411601381272873,0.0003411601381272873,100
US Power Grid — San Francisco,adap_betweenness,,115,0.8518518518518519,0.012296296296296283,0.0035266313227372064,0.0003526631322737206,0.00925925925925925,0.003223660295475882,0.00032236602954758826,100
US Power Grid — San Francisco,adap_betweenness,,116,0.8592592592592593,0.01222222222222221,0.003550907299563717,0.0003550907299563717,0.008740740740740733,0.0028601697752990277,0.00028601697752990267,100
US Power Grid — San Francisco,adap_betweenness,,117,0.8666666666666667,0.012074074074074062,0.0035943450895845135,0.0003594345089584513,0.008444444444444435,0.0025832228742205675,0.0002583222874220568,100
US Power Grid — San Francisco,adap_betweenness,,118,0.8740740740740741,0.011703703703703692,0.0036744071388804273,0.0003674407138880427,0.008222222222222214,0.0023293780572979247,0.00023293780572979238,100
US Power Grid — San Francisco,adap_betweenness,,119,0.8814814814814815,0.011407407407407396,0.00371043159971876,0.000371043159971876,0.008074074074074065,0.0021305443797382303,0.00021305443797382302,100
US Power Grid — San Francisco,adap_betweenness,,120,0.888888888888889,0.011111111111111101,0.003722362278737818,0.00037223622787378193,0.007999999999999991,0.0020197031432910404,0.00020197031432910402,100
US Power Grid — San Francisco,adap_betweenness,,121,0.8962962962962964,0.010740740740740731,0.0037037037037037004,0.00037037037037036997,0.007851851851851844,0.0017680241227847541,0.0001768024122784754,100
US Power Grid — San Francisco,adap_betweenness,,122,0.9037037037037038,0.00999999999999999,0.003550907299563717,0.00035509072995637173,0.007629629629629622,0.0012699748740575192,0.0001269974874057519,100
US Power Grid — San Francisco,adap_betweenness,,123,0.9111111111111112,0.00962962962962962,0.0034116013812728737,0.0003411601381272873,0.0074814814814814735,0.00074074074074074,7.407407407407398e-05,100
US Power Grid — San Francisco,adap_betweenness,,124,0.9185185185185184,0.00888888888888888,0.0029778898229902546,0.00029778898229902554,0.0074814814814814735,0.00074074074074074,7.407407407407398e-05,100
US Power Grid — San Francisco,adap_betweenness,,125,0.925925925925926,0.00888888888888888,0.0029778898229902546,0.00029778898229902554,0.007407407407407401,0.0,1.7434626923745965e-19,100
US Power Grid — San Francisco,adap_betweenness,,126,0.9333333333333332,0.008370370370370361,0.0025036864369602277,0.0002503686436960228,0.007407407407407401,0.0,1.7434626923745965e-19,100
US Power Grid — San Francisco,adap_betweenness,,127,0.9407407407407408,0.00814814814814814,0.0022334173672426917,0.00022334173672426908,0.007407407407407401,0.0,1.7434626923745965e-19,100
US Power Grid — San Francisco,adap_betweenness,,128,0.9481481481481482,0.008074074074074065,0.0021305443797382303,0.00021305443797382307,0.007407407407407401,0.0,1.7434626923745965e-19,100
US Power Grid — San Francisco,adap_betweenness,,129,0.9555555555555556,0.007703703703703696,0.0014588621153106085,0.0001458862115310609,0.007407407407407401,0.0,1.7434626923745965e-19,100
US Power Grid — San Francisco,adap_betweenness,,130,0.962962962962963,0.007555555555555548,0.0010422614380465893,0.00010422614380465892,0.007407407407407401,0.0,1.7434626923745965e-19,100
US Power Grid — San Francisco,adap_betweenness,,131,0.9703703703703704,0.0074814814814814735,0.00074074074074074,7.407407407407398e-05,0.007407407407407401,0.0,1.7434626923745965e-19,100
US Power Grid — San Francisco,adap_betweenness,,132,0.977777777777778,0.007407407407407401,0.0,1.7434626923745965e-19,0.007407407407407401,0.0,1.7434626923745965e-19,100
US Power Grid — San Francisco,adap_betweenness,,133,0.9851851851851852,0.007407407407407401,0.0,1.7434626923745965e-19,0.007407407407407401,0.0,1.7434626923745965e-19,100
US Power Grid — San Francisco,adap_betweenness,,134,0.9925925925925926,0.007407407407407401,0.0,1.7434626923745965e-19,0.0,0.0,0.0,100
US Power Grid — San Francisco,adap_betweenness,,135,1.0,0.0,0.0,0.0,0.0,0.0,0.0,100
US Power Grid — San Francisco,adap_degree,,0,0.0,1.0,0.0,0.0,0.0,0.0,0.0,100
US Power Grid — San Francisco,adap_degree,,1,0.0074074074074074,0.9185185185185183,0.0,1.1158161231197418e-17,0.0666666666666666,0.0,1.3947701538996772e-18,100
US Power Grid — San Francisco,adap_degree,,2,0.0148148148148148,0.7340740740740741,0.11146967956590932,0.011146967956590932,0.15696296296296292,0.08546008766719713,0.008546008766719716,100
US Power Grid — San Francisco,adap_degree,,3,0.0222222222222222,0.562962962962963,0.0,1.1158161231197418e-17,0.237037037037037,0.0,0.0,100
US Power Grid — San Francisco,adap_degree,,4,0.0296296296296296,0.47851851851851857,0.12964085248836932,0.012964085248836929,0.18518518518518512,0.07101814599127443,0.007101814599127443,100
US Power Grid — San Francisco,adap_degree,,5,0.037037037037037,0.37437037037037035,0.13302295836859193,0.013302295836859195,0.1835555555555555,0.06704866242185725,0.006704866242185725,100
US Power Grid — San Francisco,adap_degree,,6,0.0444444444444444,0.2814814814814815,0.0,5.579080615598709e-18,0.2222222222222222,0.0,2.7895403077993544e-18,100
US Power Grid — San Francisco,adap_degree,,7,0.0518518518518518,0.2222222222222222,0.0,2.7895403077993544e-18,0.17955555555555552,0.022262589598312614,0.0022262589598312614,100
US Power Grid — San Francisco,adap_degree,,8,0.0592592592592592,0.2222222222222222,0.0,2.7895403077993544e-18,0.1555555555555555,0.0,5.579080615598709e-18,100
US Power Grid — San Francisco,adap_degree,,9,0.0666666666666666,0.20488888888888887,0.02938960015178722,0.0029389600151787224,0.1555555555555555,0.0,5.579080615598709e-18,100
US Power Grid — San Francisco,adap_degree,,10,0.074074074074074,0.1862222222222222,0.0333938843974689,0.0033393884397468895,0.1555555555555555,0.0,5.579080615598709e-18,100
US Power Grid — San Francisco,adap_degree,,11,0.0814814814814814,0.17088888888888884,0.02819683897877673,0.0028196838978776727,0.1555555555555555,0.0,5.579080615598709e-18,100
US Power Grid — San Francisco,adap_degree,,12,0.0888888888888888,0.1555555555555555,0.0,5.579080615598709e-18,0.1555555555555555,0.0,5.579080615598709e-18,100
US Power Grid — San Francisco,adap_degree,,13,0.0962962962962963,0.1555555555555555,0.0,5.579080615598709e-18,0.1264444444444444,0.03060958956211216,0.0030609589562112156,100
US Power Grid — San Francisco,adap_degree,,14,0.1037037037037037,0.1472592592592592,0.01743655573930634,0.0017436555739306337,0.10496296296296291,0.029235216269693144,0.002923521626969315,100
US Power Grid — San Francisco,adap_degree,,15,0.1111111111111111,0.13711111111111107,0.02456747824055375,0.002456747824055375,0.09074074074074069,0.02732071911432331,0.002732071911432331,100
US Power Grid — San Francisco,adap_degree,,16,0.1185185185185185,0.1244444444444444,0.027515282994057363,0.002751528299405736,0.08111111111111105,0.025188595970709753,0.002518859597070976,100
US Power Grid — San Francisco,adap_degree,,17,0.1259259259259259,0.11399999999999995,0.029307924315425483,0.002930792431542548,0.07066666666666661,0.021199041092146226,0.002119904109214622,100
US Power Grid — San Francisco,adap_degree,,18,0.1333333333333333,0.10607407407407403,0.030091425629909914,0.0030091425629909913,0.06481481481481476,0.017503020837972626,0.0017503020837972626,100
US Power Grid — San Francisco,adap_degree,,19,0.1407407407407407,0.09799999999999995,0.02923142443742324,0.002923142443742324,0.05866666666666661,0.012172978374349889,0.001217297837434989,100
US Power Grid — San Francisco,adap_degree,,20,0.1481481481481481,0.08933333333333328,0.027852026967315716,0.0027852026967315714,0.054888888888888834,0.009825626328989126,0.0009825626328989125,100
US Power Grid — San Francisco,adap_degree,,21,0.1555555555555555,0.0832592592592592,0.025597730289706102,0.00255977302897061,0.05096296296296291,0.007968290094665329,0.0007968290094665327,100
US Power Grid — San Francisco,adap_degree,,22,0.1629629629629629,0.07399999999999995,0.024157987800205484,0.002415798780020549,0.04822222222222217,0.007407033286474442,0.0007407033286474442,100
US Power Grid — San Francisco,adap_degree,,23,0.1703703703703703,0.06288888888888883,0.016596727345441657,0.0016596727345441656,0.04540740740740736,0.007113900812069512,0.0007113900812069512,100
US Power Grid — San Francisco,adap_degree,,24,0.1777777777777777,0.05555555555555551,0.013254955233620316,0.0013254955233620318,0.04222222222222218,0.006617015925020724,0.0006617015925020723,100
US Power Grid — San Francisco,adap_degree,,25,0.1851851851851852,0.048444444444444394,0.007326153680247344,0.0007326153680247344,0.038814814814814774,0.0031795162665994624,0.0003179516266599462,100
US Power Grid — San Francisco,adap_degree,,26,0.1925925925925926,0.044370370370370324,0.006183604530202114,0.0006183604530202114,0.037777777777777743,0.0022334173672426904,0.000223341736724269,100
US Power Grid — San Francisco,adap_degree,,27,0.2,0.04385185185185181,0.006200163990070088,0.0006200163990070087,0.03718518518518515,0.0029741651313224446,0.0002974165131322445,100
US Power Grid — San Francisco,adap_degree,,28,0.2074074074074074,0.042666666666666624,0.0060591094298731215,0.0006059109429873121,0.036518518518518485,0.0032029624230795494,0.0003202962423079549,100
US Power Grid — San Francisco,adap_degree,,29,0.2148148148148148,0.04103703703703699,0.006086489187174942,0.000608648918717494,0.03518518518518515,0.003850441481124227,0.0003850441481124226,100
US Power Grid — San Francisco,adap_degree,,30,0.2222222222222222,0.04022222222222219,0.006162055675827671,0.0006162055675827673,0.03422222222222219,0.004182318774471462,0.00041823187744714617,100
US Power Grid — San Francisco,adap_degree,,31,0.2296296296296296,0.03896296296296292,0.006104674137130023,0.0006104674137130023,0.03340740740740737,0.004008415583651945,0.00040084155836519455,100
US Power Grid — San Francisco,adap_degree,,32,0.237037037037037,0.037999999999999964,0.006197928810650659,0.0006197928810650658,0.03214814814814812,0.0038280654952571546,0.0003828065495257156,100
US Power Grid — San Francisco,adap_degree,,33,0.2444444444444444,0.035851851851851815,0.0056422957911075045,0.0005642295791107505,0.03096296296296293,0.0035516876330089282,0.00035516876330089276,100
US Power Grid — San Francisco,adap_degree,,34,0.2518518518518519,0.03399999999999996,0.005480348918901729,0.0005480348918901729,0.029259259259259228,0.0037037037037037,0.0003703703703703701,100
US Power Grid — San Francisco,adap_degree,,35,0.2592592592592592,0.03296296296296293,0.005407043533309042,0.0005407043533309043,0.0276296296296296,0.004057887103181638,0.0004057887103181639,100
US Power Grid — San Francisco,adap_degree,,36,0.2666666666666666,0.030814814814814784,0.004431956517417526,0.00044319565174175265,0.026296296296296272,0.004128299474242313,0.0004128299474242313,100
US Power Grid — San Francisco,adap_degree,,37,0.2740740740740741,0.029481481481481452,0.005155706917980513,0.0005155706917980513,0.024592592592592565,0.0034727864612011127,0.00034727864612011126,100
US Power Grid — San Francisco,adap_degree,,38,0.2814814814814815,0.027703703703703675,0.00511686051922544,0.0005116860519225439,0.023259259259259233,0.0025832228742205684,0.0002583222874220568,100
US Power Grid — San Francisco,adap_degree,,39,0.2888888888888889,0.025555555555555526,0.004388600403146382,0.0004388600403146382,0.022592592592592567,0.0016225401004265941,0.00016225401004265935,100
US Power Grid — San Francisco,adap_degree,,40,0.2962962962962963,0.024222222222222197,0.003918924503921231,0.00039189245039212303,0.021333333333333312,0.0028407258396509743,0.0002840725839650973,100
US Power Grid — San Francisco,adap_degree,,41,0.3037037037037037,0.02185185185185183,0.0035509072995637174,0.0003550907299563717,0.019407407407407387,0.0036135683793671303,0.00036135683793671325,100
US Power Grid — San Francisco,adap_degree,,42,0.3111111111111111,0.019555555555555534,0.003871256769887331,0.00038712567698873313,0.01614814814814813,0.002860169775299027,0.00028601697752990267,100
US Power Grid — San Francisco,adap_degree,,43,0.3185185185185185,0.01614814814814813,0.002860169775299027,0.00028601697752990267,0.014888888888888873,0.0007407407407407398,7.407407407407398e-05,100
US Power Grid — San Francisco,adap_degree,,44,0.3259259259259259,0.014888888888888873,0.0007407407407407398,7.407407407407398e-05,0.014814814814814802,0.0,3.486925384749193e-19,100
US Power Grid — San Francisco,adap_degree,,45,0.3333333333333333,0.014814814814814802,0.0,3.486925384749193e-19,0.014814814814814802,0.0,3.486925384749193e-19,100
US Power Grid — San Francisco,adap_degree,,46,0.3407407407407407,0.014814814814814802,0.0,3.486925384749193e-19,0.014814814814814802,0.0,3.486925384749193e-19,100
US Power Grid — San Francisco,adap_degree,,47,0.3481481481481481,0.014814814814814802,0.0,3.486925384749193e-19,0.014814814814814802,0.0,3.486925384749193e-19,100
US Power Grid — San Francisco,adap_degree,,48,0.3555555555555555,0.014814814814814802,0.0,3.486925384749193e-19,0.014814814814814802,0.0,3.486925384749193e-19,100
US Power Grid — San Francisco,adap_degree,,49,0.362962962962963,0.014814814814814802,0.0,3.486925384749193e-19,0.014814814814814802,0.0,3.486925384749193e-19,100
US Power Grid — San Francisco,adap_degree,,50,0.3703703703703704,0.014814814814814802,0.0,3.486925384749193e-19,0.014814814814814802,0.0,3.486925384749193e-19,100
US Power Grid — San Francisco,adap_degree,,51,0.3777777777777777,0.014814814814814802,0.0,3.486925384749193e-19,0.014814814814814802,0.0,3.486925384749193e-19,100
US Power Grid — San Francisco,adap_degree,,52,0.3851851851851852,0.014814814814814802,0.0,3.486925384749193e-19,0.014814814814814802,0.0,3.486925384749193e-19,100
US Power Grid — San Francisco,adap_degree,,53,0.3925925925925926,0.014814814814814802,0.0,3.486925384749193e-19,0.014814814814814802,0.0,3.486925384749193e-19,100
US Power Grid — San Francisco,adap_degree,,54,0.4,0.014814814814814802,0.0,3.486925384749193e-19,0.014814814814814802,0.0,3.486925384749193e-19,100
US Power Grid — San Francisco,adap_degree,,55,0.4074074074074074,0.014814814814814802,0.0,3.486925384749193e-19,0.014814814814814802,0.0,3.486925384749193e-19,100
US Power Grid — San Francisco,adap_degree,,56,0.4148148148148148,0.014814814814814802,0.0,3.486925384749193e-19,0.014814814814814802,0.0,3.486925384749193e-19,100
US Power Grid — San Francisco,adap_degree,,57,0.4222222222222222,0.014814814814814802,0.0,3.486925384749193e-19,0.014814814814814802,0.0,3.486925384749193e-19,100
US Power Grid — San Francisco,adap_degree,,58,0.4296296296296296,0.014814814814814802,0.0,3.486925384749193e-19,0.014814814814814802,0.0,3.486925384749193e-19,100
US Power Grid — San Francisco,adap_degree,,59,0.437037037037037,0.014814814814814802,0.0,3.486925384749193e-19,0.014814814814814802,0.0,3.486925384749193e-19,100
US Power Grid — San Francisco,adap_degree,,60,0.4444444444444445,0.014814814814814802,0.0,3.486925384749193e-19,0.013999999999999986,0.002329378057297924,0.00023293780572979238,100
US Power Grid — San Francisco,adap_degree,,61,0.4518518518518519,0.013999999999999986,0.002329378057297924,0.00023293780572979238,0.011999999999999988,0.003613568379367132,0.0003613568379367133,100
US Power Grid — San Francisco,adap_degree,,62,0.4592592592592592,0.011999999999999988,0.003613568379367132,0.0003613568379367133,0.009555555555555546,0.003378133493126431,0.0003378133493126431,100
US Power Grid — San Francisco,adap_degree,,63,0.4666666666666667,0.009555555555555546,0.003378133493126431,0.0003378133493126431,0.007999999999999991,0.00201970314329104,0.00020197031432910408,100
US Power Grid — San Francisco,adap_degree,,64,0.4740740740740741,0.007999999999999991,0.00201970314329104,0.00020197031432910408,0.007407407407407401,0.0,1.7434626923745965e-19,100
US Power Grid — San Francisco,adap_degree,,65,0.4814814814814815,0.007407407407407401,0.0,1.7434626923745965e-19,0.007407407407407401,0.0,1.7434626923745965e-19,100
US Power Grid — San Francisco,adap_degree,,66,0.4888888888888889,0.007407407407407401,0.0,1.7434626923745965e-19,0.007407407407407401,0.0,1.7434626923745965e-19,100
US Power Grid — San Francisco,adap_degree,,67,0.4962962962962963,0.007407407407407401,0.0,1.7434626923745965e-19,0.007407407407407401,0.0,1.7434626923745965e-19,100
US Power Grid — San Francisco,adap_degree,,68,0.5037037037037038,0.007407407407407401,0.0,1.7434626923745965e-19,0.007407407407407401,0.0,1.7434626923745965e-19,100
US Power Grid — San Francisco,adap_degree,,69,0.5111111111111112,0.007407407407407401,0.0,1.7434626923745965e-19,0.007407407407407401,0.0,1.7434626923745965e-19,100
US Power Grid — San Francisco,adap_degree,,70,0.5185185185185185,0.007407407407407401,0.0,1.7434626923745965e-19,0.007407407407407401,0.0,1.7434626923745965e-19,100
US Power Grid — San Francisco,adap_degree,,71,0.5259259259259259,0.007407407407407401,0.0,1.7434626923745965e-19,0.007407407407407401,0.0,1.7434626923745965e-19,100
US Power Grid — San Francisco,adap_degree,,72,0.5333333333333333,0.007407407407407401,0.0,1.7434626923745965e-19,0.007407407407407401,0.0,1.7434626923745965e-19,100
US Power Grid — San Francisco,adap_degree,,73,0.5407407407407407,0.007407407407407401,0.0,1.7434626923745965e-19,0.007407407407407401,0.0,1.7434626923745965e-19,100
US Power Grid — San Francisco,adap_degree,,74,0.5481481481481482,0.007407407407407401,0.0,1.7434626923745965e-19,0.007407407407407401,0.0,1.7434626923745965e-19,100
US Power Grid — San Francisco,adap_degree,,75,0.5555555555555556,0.007407407407407401,0.0,1.7434626923745965e-19,0.007407407407407401,0.0,1.7434626923745965e-19,100
US Power Grid — San Francisco,adap_degree,,76,0.562962962962963,0.007407407407407401,0.0,1.7434626923745965e-19,0.007407407407407401,0.0,1.7434626923745965e-19,100
US Power Grid — San Francisco,adap_degree,,77,0.5703703703703704,0.007407407407407401,0.0,1.7434626923745965e-19,0.007407407407407401,0.0,1.7434626923745965e-19,100
US Power Grid — San Francisco,adap_degree,,78,0.5777777777777778,0.007407407407407401,0.0,1.7434626923745965e-19,0.007407407407407401,0.0,1.7434626923745965e-19,100
US Power Grid — San Francisco,adap_degree,,79,0.5851851851851853,0.007407407407407401,0.0,1.7434626923745965e-19,0.007407407407407401,0.0,1.7434626923745965e-19,100
US Power Grid — San Francisco,adap_degree,,80,0.5925925925925926,0.007407407407407401,0.0,1.7434626923745965e-19,0.007407407407407401,0.0,1.7434626923745965e-19,100
US Power Grid — San Francisco,adap_degree,,81,0.6,0.007407407407407401,0.0,1.7434626923745965e-19,0.007407407407407401,0.0,1.7434626923745965e-19,100
US Power Grid — San Francisco,adap_degree,,82,0.6074074074074074,0.007407407407407401,0.0,1.7434626923745965e-19,0.007407407407407401,0.0,1.7434626923745965e-19,100
US Power Grid — San Francisco,adap_degree,,83,0.6148148148148148,0.007407407407407401,0.0,1.7434626923745965e-19,0.007407407407407401,0.0,1.7434626923745965e-19,100
US Power Grid — San Francisco,adap_degree,,84,0.6222222222222222,0.007407407407407401,0.0,1.7434626923745965e-19,0.007407407407407401,0.0,1.7434626923745965e-19,100
US Power Grid — San Francisco,adap_degree,,85,0.6296296296296297,0.007407407407407401,0.0,1.7434626923745965e-19,0.007407407407407401,0.0,1.7434626923745965e-19,100
US Power Grid — San Francisco,adap_degree,,86,0.6370370370370371,0.007407407407407401,0.0,1.7434626923745965e-19,0.007407407407407401,0.0,1.7434626923745965e-19,100
US Power Grid — San Francisco,adap_degree,,87,0.6444444444444445,0.007407407407407401,0.0,1.7434626923745965e-19,0.007407407407407401,0.0,1.7434626923745965e-19,100
US Power Grid — San Francisco,adap_degree,,88,0.6518518518518519,0.007407407407407401,0.0,1.7434626923745965e-19,0.007407407407407401,0.0,1.7434626923745965e-19,100
US Power Grid — San Francisco,adap_degree,,89,0.6592592592592593,0.007407407407407401,0.0,1.7434626923745965e-19,0.007407407407407401,0.0,1.7434626923745965e-19,100
US Power Grid — San Francisco,adap_degree,,90,0.6666666666666667,0.007407407407407401,0.0,1.7434626923745965e-19,0.007407407407407401,0.0,1.7434626923745965e-19,100
US Power Grid — San Francisco,adap_degree,,91,0.674074074074074,0.007407407407407401,0.0,1.7434626923745965e-19,0.007407407407407401,0.0,1.7434626923745965e-19,100
US Power Grid — San Francisco,adap_degree,,92,0.6814814814814815,0.007407407407407401,0.0,1.7434626923745965e-19,0.007407407407407401,0.0,1.7434626923745965e-19,100
US Power Grid — San Francisco,adap_degree,,93,0.6888888888888889,0.007407407407407401,0.0,1.7434626923745965e-19,0.007407407407407401,0.0,1.7434626923745965e-19,100
US Power Grid — San Francisco,adap_degree,,94,0.6962962962962963,0.007407407407407401,0.0,1.7434626923745965e-19,0.007407407407407401,0.0,1.7434626923745965e-19,100
US Power Grid — San Francisco,adap_degree,,95,0.7037037037037037,0.007407407407407401,0.0,1.7434626923745965e-19,0.007407407407407401,0.0,1.7434626923745965e-19,100
US Power Grid — San Francisco,adap_degree,,96,0.7111111111111111,0.007407407407407401,0.0,1.7434626923745965e-19,0.007407407407407401,0.0,1.7434626923745965e-19,100
US Power Grid — San Francisco,adap_degree,,97,0.7185185185185186,0.007407407407407401,0.0,1.7434626923745965e-19,0.007407407407407401,0.0,1.7434626923745965e-19,100
US Power Grid — San Francisco,adap_degree,,98,0.725925925925926,0.007407407407407401,0.0,1.7434626923745965e-19,0.007407407407407401,0.0,1.7434626923745965e-19,100
US Power Grid — San Francisco,adap_degree,,99,0.7333333333333334,0.007407407407407401,0.0,1.7434626923745965e-19,0.007407407407407401,0.0,1.7434626923745965e-19,100
US Power Grid — San Francisco,adap_degree,,100,0.7407407407407408,0.007407407407407401,0.0,1.7434626923745965e-19,0.007407407407407401,0.0,1.7434626923745965e-19,100
US Power Grid — San Francisco,adap_degree,,101,0.7481481481481482,0.007407407407407401,0.0,1.7434626923745965e-19,0.007407407407407401,0.0,1.7434626923745965e-19,100
US Power Grid — San Francisco,adap_degree,,102,0.7555555555555555,0.007407407407407401,0.0,1.7434626923745965e-19,0.007407407407407401,0.0,1.7434626923745965e-19,100
US Power Grid — San Francisco,adap_degree,,103,0.762962962962963,0.007407407407407401,0.0,1.7434626923745965e-19,0.007407407407407401,0.0,1.7434626923745965e-19,100
US Power Grid — San Francisco,adap_degree,,104,0.7703703703703704,0.007407407407407401,0.0,1.7434626923745965e-19,0.007407407407407401,0.0,1.7434626923745965e-19,100
US Power Grid — San Francisco,adap_degree,,105,0.7777777777777778,0.007407407407407401,0.0,1.7434626923745965e-19,0.007407407407407401,0.0,1.7434626923745965e-19,100
US Power Grid — San Francisco,adap_degree,,106,0.7851851851851852,0.007407407407407401,0.0,1.7434626923745965e-19,0.007407407407407401,0.0,1.7434626923745965e-19,100
US Power Grid — San Francisco,adap_degree,,107,0.7925925925925926,0.007407407407407401,0.0,1.7434626923745965e-19,0.007407407407407401,0.0,1.7434626923745965e-19,100
US Power Grid — San Francisco,adap_degree,,108,0.8,0.007407407407407401,0.0,1.7434626923745965e-19,0.007407407407407401,0.0,1.7434626923745965e-19,100
US Power Grid — San Francisco,adap_degree,,109,0.8074074074074075,0.007407407407407401,0.0,1.7434626923745965e-19,0.007407407407407401,0.0,1.7434626923745965e-19,100
US Power Grid — San Francisco,adap_degree,,110,0.8148148148148149,0.007407407407407401,0.0,1.7434626923745965e-19,0.007407407407407401,0.0,1.7434626923745965e-19,100
US Power Grid — San Francisco,adap_degree,,111,0.8222222222222223,0.007407407407407401,0.0,1.7434626923745965e-19,0.007407407407407401,0.0,1.7434626923745965e-19,100
US Power Grid — San Francisco,adap_degree,,112,0.8296296296296297,0.007407407407407401,0.0,1.7434626923745965e-19,0.007407407407407401,0.0,1.7434626923745965e-19,100
US Power Grid — San Francisco,adap_degree,,113,0.837037037037037,0.007407407407407401,0.0,1.7434626923745965e-19,0.007407407407407401,0.0,1.7434626923745965e-19,100
US Power Grid — San Francisco,adap_degree,,114,0.8444444444444444,0.007407407407407401,0.0,1.7434626923745965e-19,0.007407407407407401,0.0,1.7434626923745965e-19,100
US Power Grid — San Francisco,adap_degree,,115,0.8518518518518519,0.007407407407407401,0.0,1.7434626923745965e-19,0.007407407407407401,0.0,1.7434626923745965e-19,100
US Power Grid — San Francisco,adap_degree,,116,0.8592592592592593,0.007407407407407401,0.0,1.7434626923745965e-19,0.007407407407407401,0.0,1.7434626923745965e-19,100
US Power Grid — San Francisco,adap_degree,,117,0.8666666666666667,0.007407407407407401,0.0,1.7434626923745965e-19,0.007407407407407401,0.0,1.7434626923745965e-19,100
US Power Grid — San Francisco,adap_degree,,118,0.8740740740740741,0.007407407407407401,0.0,1.7434626923745965e-19,0.007407407407407401,0.0,1.7434626923745965e-19,100
US Power Grid — San Francisco,adap_degree,,119,0.8814814814814815,0.007407407407407401,0.0,1.7434626923745965e-19,0.007407407407407401,0.0,1.7434626923745965e-19,100
US Power Grid — San Francisco,adap_degree,,120,0.888888888888889,0.007407407407407401,0.0,1.7434626923745965e-19,0.007407407407407401,0.0,1.7434626923745965e-19,100
US Power Grid — San Francisco,adap_degree,,121,0.8962962962962964,0.007407407407407401,0.0,1.7434626923745965e-19,0.007407407407407401,0.0,1.7434626923745965e-19,100
US Power Grid — San Francisco,adap_degree,,122,0.9037037037037038,0.007407407407407401,0.0,1.7434626923745965e-19,0.007407407407407401,0.0,1.7434626923745965e-19,100
US Power Grid — San Francisco,adap_degree,,123,0.9111111111111112,0.007407407407407401,0.0,1.7434626923745965e-19,0.007407407407407401,0.0,1.7434626923745965e-19,100
US Power Grid — San Francisco,adap_degree,,124,0.9185185185185184,0.007407407407407401,0.0,1.7434626923745965e-19,0.007407407407407401,0.0,1.7434626923745965e-19,100
US Power Grid — San Francisco,adap_degree,,125,0.925925925925926,0.007407407407407401,0.0,1.7434626923745965e-19,0.007407407407407401,0.0,1.7434626923745965e-19,100
US Power Grid — San Francisco,adap_degree,,126,0.9333333333333332,0.007407407407407401,0.0,1.7434626923745965e-19,0.007407407407407401,0.0,1.7434626923745965e-19,100
US Power Grid — San Francisco,adap_degree,,127,0.9407407407407408,0.007407407407407401,0.0,1.7434626923745965e-19,0.007407407407407401,0.0,1.7434626923745965e-19,100
US Power Grid — San Francisco,adap_degree,,128,0.9481481481481482,0.007407407407407401,0.0,1.7434626923745965e-19,0.007407407407407401,0.0,1.7434626923745965e-19,100
US Power Grid — San Francisco,adap_degree,,129,0.9555555555555556,0.007407407407407401,0.0,1.7434626923745965e-19,0.007407407407407401,0.0,1.7434626923745965e-19,100
US Power Grid — San Francisco,adap_degree,,130,0.962962962962963,0.007407407407407401,0.0,1.7434626923745965e-19,0.007407407407407401,0.0,1.7434626923745965e-19,100
US Power Grid — San Francisco,adap_degree,,131,0.9703703703703704,0.007407407407407401,0.0,1.7434626923745965e-19,0.007407407407407401,0.0,1.7434626923745965e-19,100
US Power Grid — San Francisco,adap_degree,,132,0.977777777777778,0.007407407407407401,0.0,1.7434626923745965e-19,0.007407407407407401,0.0,1.7434626923745965e-19,100
US Power Grid — San Francisco,adap_degree,,133,0.9851851851851852,0.007407407407407401,0.0,1.7434626923745965e-19,0.007407407407407401,0.0,1.7434626923745965e-19,100
US Power Grid — San Francisco,adap_degree,,134,0.9925925925925926,0.007407407407407401,0.0,1.7434626923745965e-19,0.0,0.0,0.0,100
US Power Grid — San Francisco,adap_degree,,135,1.0,0.0,0.0,0.0,0.0,0.0,0.0,100
US Power Grid — San Francisco,betweenness,,0,0.0,1.0,,0.0,0.0,,0.0,1
US Power Grid — San Francisco,betweenness,,1,0.0074074074074074,0.5333333333333333,,0.0,0.362962962962963,,0.0,1
US Power Grid — San Francisco,betweenness,,2,0.0148148148148148,0.4666666666666667,,0.0,0.362962962962963,,0.0,1
US Power Grid — San Francisco,betweenness,,3,0.0222222222222222,0.4,,0.0,0.362962962962963,,0.0,1
US Power Grid — San Francisco,betweenness,,4,0.0296296296296296,0.4,,0.0,0.3037037037037037,,0.0,1
US Power Grid — San Francisco,betweenness,,5,0.037037037037037,0.4,,0.0,0.3037037037037037,,0.0,1
US Power Grid — San Francisco,betweenness,,6,0.0444444444444444,0.4,,0.0,0.3037037037037037,,0.0,1
US Power Grid — San Francisco,betweenness,,7,0.0518518518518518,0.4,,0.0,0.3037037037037037,,0.0,1
US Power Grid — San Francisco,betweenness,,8,0.0592592592592592,0.3037037037037037,,0.0,0.237037037037037,,0.0,1
US Power Grid — San Francisco,betweenness,,9,0.0666666666666666,0.237037037037037,,0.0,0.2222222222222222,,0.0,1
US Power Grid — San Francisco,betweenness,,10,0.074074074074074,0.2222222222222222,,0.0,0.1111111111111111,,0.0,1
US Power Grid — San Francisco,betweenness,,11,0.0814814814814814,0.2222222222222222,,0.0,0.1111111111111111,,0.0,1
US Power Grid — San Francisco,betweenness,,12,0.0888888888888888,0.2222222222222222,,0.0,0.1111111111111111,,0.0,1
US Power Grid — San Francisco,betweenness,,13,0.0962962962962963,0.2222222222222222,,0.0,0.1111111111111111,,0.0,1
US Power Grid — San Francisco,betweenness,,14,0.1037037037037037,0.2222222222222222,,0.0,0.1111111111111111,,0.0,1
US Power Grid — San Francisco,betweenness,,15,0.1111111111111111,0.2222222222222222,,0.0,0.1111111111111111,,0.0,1
US Power Grid — San Francisco,betweenness,,16,0.1185185185185185,0.2222222222222222,,0.0,0.1111111111111111,,0.0,1
US Power Grid — San Francisco,betweenness,,17,0.1259259259259259,0.2222222222222222,,0.0,0.1111111111111111,,0.0,1
US Power Grid — San Francisco,betweenness,,18,0.1333333333333333,0.2222222222222222,,0.0,0.1037037037037037,,0.0,1
US Power Grid — San Francisco,betweenness,,19,0.1407407407407407,0.2222222222222222,,0.0,0.1037037037037037,,0.0,1
US Power Grid — San Francisco,betweenness,,20,0.1481481481481481,0.2222222222222222,,0.0,0.0666666666666666,,0.0,1
US Power Grid — San Francisco,betweenness,,21,0.1555555555555555,0.2148148148148148,,0.0,0.0666666666666666,,0.0,1
US Power Grid — San Francisco,betweenness,,22,0.1629629629629629,0.2148148148148148,,0.0,0.0592592592592592,,0.0,1
US Power Grid — San Francisco,betweenness,,23,0.1703703703703703,0.2148148148148148,,0.0,0.0592592592592592,,0.0,1
US Power Grid — San Francisco,betweenness,,24,0.1777777777777777,0.1703703703703703,,0.0,0.0592592592592592,,0.0,1
US Power Grid — San Francisco,betweenness,,25,0.1851851851851852,0.1481481481481481,,0.0,0.0592592592592592,,0.0,1
US Power Grid — San Francisco,betweenness,,26,0.1925925925925926,0.1407407407407407,,0.0,0.0592592592592592,,0.0,1
US Power Grid — San Francisco,betweenness,,27,0.2,0.1259259259259259,,0.0,0.0592592592592592,,0.0,1
US Power Grid — San Francisco,betweenness,,28,0.2074074074074074,0.1259259259259259,,0.0,0.0592592592592592,,0.0,1
US Power Grid — San Francisco,betweenness,,29,0.2148148148148148,0.1185185185185185,,0.0,0.0592592592592592,,0.0,1
US Power Grid — San Francisco,betweenness,,30,0.2222222222222222,0.1111111111111111,,0.0,0.0592592592592592,,0.0,1
US Power Grid — San Francisco,betweenness,,31,0.2296296296296296,0.0592592592592592,,0.0,0.0518518518518518,,0.0,1
US Power Grid — San Francisco,betweenness,,32,0.237037037037037,0.0592592592592592,,0.0,0.0518518518518518,,0.0,1
US Power Grid — San Francisco,betweenness,,33,0.2444444444444444,0.0592592592592592,,0.0,0.0518518518518518,,0.0,1
US Power Grid — San Francisco,betweenness,,34,0.2518518518518519,0.0592592592592592,,0.0,0.0518518518518518,,0.0,1
US Power Grid — San Francisco,betweenness,,35,0.2592592592592592,0.0592592592592592,,0.0,0.0518518518518518,,0.0,1
US Power Grid — San Francisco,betweenness,,36,0.2666666666666666,0.0592592592592592,,0.0,0.037037037037037,,0.0,1
US Power Grid — San Francisco,betweenness,,37,0.2740740740740741,0.0592592592592592,,0.0,0.037037037037037,,0.0,1
US Power Grid — San Francisco,betweenness,,38,0.2814814814814815,0.0592592592592592,,0.0,0.037037037037037,,0.0,1
US Power Grid — San Francisco,betweenness,,39,0.2888888888888889,0.0592592592592592,,0.0,0.037037037037037,,0.0,1
US Power Grid — San Francisco,betweenness,,40,0.2962962962962963,0.0592592592592592,,0.0,0.037037037037037,,0.0,1
US Power Grid — San Francisco,betweenness,,41,0.3037037037037037,0.0592592592592592,,0.0,0.037037037037037,,0.0,1
US Power Grid — San Francisco,betweenness,,42,0.3111111111111111,0.037037037037037,,0.0,0.037037037037037,,0.0,1
US Power Grid — San Francisco,betweenness,,43,0.3185185185185185,0.037037037037037,,0.0,0.037037037037037,,0.0,1
US Power Grid — San Francisco,betweenness,,44,0.3259259259259259,0.037037037037037,,0.0,0.037037037037037,,0.0,1
US Power Grid — San Francisco,betweenness,,45,0.3333333333333333,0.037037037037037,,0.0,0.037037037037037,,0.0,1
US Power Grid — San Francisco,betweenness,,46,0.3407407407407407,0.037037037037037,,0.0,0.037037037037037,,0.0,1
US Power Grid — San Francisco,betweenness,,47,0.3481481481481481,0.037037037037037,,0.0,0.037037037037037,,0.0,1
US Power Grid — San Francisco,betweenness,,48,0.3555555555555555,0.037037037037037,,0.0,0.037037037037037,,0.0,1
US Power Grid — San Francisco,betweenness,,49,0.362962962962963,0.037037037037037,,0.0,0.037037037037037,,0.0,1
US Power Grid — San Francisco,betweenness,,50,0.3703703703703704,0.037037037037037,,0.0,0.0296296296296296,,0.0,1
US Power Grid — San Francisco,betweenness,,51,0.3777777777777777,0.037037037037037,,0.0,0.0296296296296296,,0.0,1
US Power Grid — San Francisco,betweenness,,52,0.3851851851851852,0.0296296296296296,,0.0,0.0296296296296296,,0.0,1
US Power Grid — San Francisco,betweenness,,53,0.3925925925925926,0.0296296296296296,,0.0,0.0296296296296296,,0.0,1
US Power Grid — San Francisco,betweenness,,54,0.4,0.0296296296296296,,0.0,0.0296296296296296,,0.0,1
US Power Grid — San Francisco,betweenness,,55,0.4074074074074074,0.0296296296296296,,0.0,0.0296296296296296,,0.0,1
US Power Grid — San Francisco,betweenness,,56,0.4148148148148148,0.0296296296296296,,0.0,0.0296296296296296,,0.0,1
US Power Grid — San Francisco,betweenness,,57,0.4222222222222222,0.0296296296296296,,0.0,0.0296296296296296,,0.0,1
US Power Grid — San Francisco,betweenness,,58,0.4296296296296296,0.0296296296296296,,0.0,0.0296296296296296,,0.0,1
US Power Grid — San Francisco,betweenness,,59,0.437037037037037,0.0296296296296296,,0.0,0.0296296296296296,,0.0,1
US Power Grid — San Francisco,betweenness,,60,0.4444444444444445,0.0296296296296296,,0.0,0.0296296296296296,,0.0,1
US Power Grid — San Francisco,betweenness,,61,0.4518518518518519,0.0296296296296296,,0.0,0.0296296296296296,,0.0,1
US Power Grid — San Francisco,betweenness,,62,0.4592592592592592,0.0296296296296296,,0.0,0.0222222222222222,,0.0,1
US Power Grid — San Francisco,betweenness,,63,0.4666666666666667,0.0296296296296296,,0.0,0.0222222222222222,,0.0,1
US Power Grid — San Francisco,betweenness,,64,0.4740740740740741,0.0296296296296296,,0.0,0.0222222222222222,,0.0,1
US Power Grid — San Francisco,betweenness,,65,0.4814814814814815,0.0296296296296296,,0.0,0.0222222222222222,,0.0,1
US Power Grid — San Francisco,betweenness,,66,0.4888888888888889,0.0296296296296296,,0.0,0.0222222222222222,,0.0,1
US Power Grid — San Francisco,betweenness,,67,0.4962962962962963,0.0296296296296296,,0.0,0.0222222222222222,,0.0,1
US Power Grid — San Francisco,betweenness,,68,0.5037037037037038,0.0296296296296296,,0.0,0.0222222222222222,,0.0,1
US Power Grid — San Francisco,betweenness,,69,0.5111111111111112,0.0296296296296296,,0.0,0.0222222222222222,,0.0,1
US Power Grid — San Francisco,betweenness,,70,0.5185185185185185,0.0296296296296296,,0.0,0.0222222222222222,,0.0,1
US Power Grid — San Francisco,betweenness,,71,0.5259259259259259,0.0222222222222222,,0.0,0.0222222222222222,,0.0,1
US Power Grid — San Francisco,betweenness,,72,0.5333333333333333,0.0222222222222222,,0.0,0.0148148148148148,,0.0,1
US Power Grid — San Francisco,betweenness,,73,0.5407407407407407,0.0222222222222222,,0.0,0.0148148148148148,,0.0,1
US Power Grid — San Francisco,betweenness,,74,0.5481481481481482,0.0222222222222222,,0.0,0.0148148148148148,,0.0,1
US Power Grid — San Francisco,betweenness,,75,0.5555555555555556,0.0222222222222222,,0.0,0.0148148148148148,,0.0,1
US Power Grid — San Francisco,betweenness,,76,0.562962962962963,0.0222222222222222,,0.0,0.0148148148148148,,0.0,1
US Power Grid — San Francisco,betweenness,,77,0.5703703703703704,0.0222222222222222,,0.0,0.0148148148148148,,0.0,1
US Power Grid — San Francisco,betweenness,,78,0.5777777777777778,0.0148148148148148,,0.0,0.0148148148148148,,0.0,1
US Power Grid — San Francisco,betweenness,,79,0.5851851851851853,0.0148148148148148,,0.0,0.0148148148148148,,0.0,1
US Power Grid — San Francisco,betweenness,,80,0.5925925925925926,0.0148148148148148,,0.0,0.0148148148148148,,0.0,1
US Power Grid — San Francisco,betweenness,,81,0.6,0.0148148148148148,,0.0,0.0148148148148148,,0.0,1
US Power Grid — San Francisco,betweenness,,82,0.6074074074074074,0.0148148148148148,,0.0,0.0148148148148148,,0.0,1
US Power Grid — San Francisco,betweenness,,83,0.6148148148148148,0.0148148148148148,,0.0,0.0148148148148148,,0.0,1
US Power Grid — San Francisco,betweenness,,84,0.6222222222222222,0.0148148148148148,,0.0,0.0148148148148148,,0.0,1
US Power Grid — San Francisco,betweenness,,85,0.6296296296296297,0.0148148148148148,,0.0,0.0148148148148148,,0.0,1
US Power Grid — San Francisco,betweenness,,86,0.6370370370370371,0.0148148148148148,,0.0,0.0074074074074074,,0.0,1
US Power Grid — San Francisco,betweenness,,87,0.6444444444444445,0.0148148148148148,,0.0,0.0074074074074074,,0.0,1
US Power Grid — San Francisco,betweenness,,88,0.6518518518518519,0.0074074074074074,,0.0,0.0074074074074074,,0.0,1
US Power Grid — San Francisco,betweenness,,89,0.6592592592592593,0.0074074074074074,,0.0,0.0074074074074074,,0.0,1
US Power Grid — San Francisco,betweenness,,90,0.6666666666666667,0.0074074074074074,,0.0,0.0074074074074074,,0.0,1
US Power Grid — San Francisco,betweenness,,91,0.674074074074074,0.0074074074074074,,0.0,0.0074074074074074,,0.0,1
US Power Grid — San Francisco,betweenness,,92,0.6814814814814815,0.0074074074074074,,0.0,0.0074074074074074,,0.0,1
US Power Grid — San Francisco,betweenness,,93,0.6888888888888889,0.0074074074074074,,0.0,0.0074074074074074,,0.0,1
US Power Grid — San Francisco,betweenness,,94,0.6962962962962963,0.0074074074074074,,0.0,0.0074074074074074,,0.0,1
US Power Grid — San Francisco,betweenness,,95,0.7037037037037037,0.0074074074074074,,0.0,0.0074074074074074,,0.0,1
US Power Grid — San Francisco,betweenness,,96,0.7111111111111111,0.0074074074074074,,0.0,0.0074074074074074,,0.0,1
US Power Grid — San Francisco,betweenness,,97,0.7185185185185186,0.0074074074074074,,0.0,0.0074074074074074,,0.0,1
US Power Grid — San Francisco,betweenness,,98,0.725925925925926,0.0074074074074074,,0.0,0.0074074074074074,,0.0,1
US Power Grid — San Francisco,betweenness,,99,0.7333333333333334,0.0074074074074074,,0.0,0.0074074074074074,,0.0,1
US Power Grid — San Francisco,betweenness,,100,0.7407407407407408,0.0074074074074074,,0.0,0.0074074074074074,,0.0,1
US Power Grid — San Francisco,betweenness,,101,0.7481481481481482,0.0074074074074074,,0.0,0.0074074074074074,,0.0,1
US Power Grid — San Francisco,betweenness,,102,0.7555555555555555,0.0074074074074074,,0.0,0.0074074074074074,,0.0,1
US Power Grid — San Francisco,betweenness,,103,0.762962962962963,0.0074074074074074,,0.0,0.0074074074074074,,0.0,1
US Power Grid — San Francisco,betweenness,,104,0.7703703703703704,0.0074074074074074,,0.0,0.0074074074074074,,0.0,1
US Power Grid — San Francisco,betweenness,,105,0.7777777777777778,0.0074074074074074,,0.0,0.0074074074074074,,0.0,1
US Power Grid — San Francisco,betweenness,,106,0.7851851851851852,0.0074074074074074,,0.0,0.0074074074074074,,0.0,1
US Power Grid — San Francisco,betweenness,,107,0.7925925925925926,0.0074074074074074,,0.0,0.0074074074074074,,0.0,1
US Power Grid — San Francisco,betweenness,,108,0.8,0.0074074074074074,,0.0,0.0074074074074074,,0.0,1
US Power Grid — San Francisco,betweenness,,109,0.8074074074074075,0.0074074074074074,,0.0,0.0074074074074074,,0.0,1
US Power Grid — San Francisco,betweenness,,110,0.8148148148148149,0.0074074074074074,,0.0,0.0074074074074074,,0.0,1
US Power Grid — San Francisco,betweenness,,111,0.8222222222222223,0.0074074074074074,,0.0,0.0074074074074074,,0.0,1
US Power Grid — San Francisco,betweenness,,112,0.8296296296296297,0.0074074074074074,,0.0,0.0074074074074074,,0.0,1
US Power Grid — San Francisco,betweenness,,113,0.837037037037037,0.0074074074074074,,0.0,0.0074074074074074,,0.0,1
US Power Grid — San Francisco,betweenness,,114,0.8444444444444444,0.0074074074074074,,0.0,0.0074074074074074,,0.0,1
US Power Grid — San Francisco,betweenness,,115,0.8518518518518519,0.0074074074074074,,0.0,0.0074074074074074,,0.0,1
US Power Grid — San Francisco,betweenness,,116,0.8592592592592593,0.0074074074074074,,0.0,0.0074074074074074,,0.0,1
US Power Grid — San Francisco,betweenness,,117,0.8666666666666667,0.0074074074074074,,0.0,0.0074074074074074,,0.0,1
US Power Grid — San Francisco,betweenness,,118,0.8740740740740741,0.0074074074074074,,0.0,0.0074074074074074,,0.0,1
US Power Grid — San Francisco,betweenness,,119,0.8814814814814815,0.0074074074074074,,0.0,0.0074074074074074,,0.0,1
US Power Grid — San Francisco,betweenness,,120,0.888888888888889,0.0074074074074074,,0.0,0.0074074074074074,,0.0,1
US Power Grid — San Francisco,betweenness,,121,0.8962962962962964,0.0074074074074074,,0.0,0.0074074074074074,,0.0,1
US Power Grid — San Francisco,betweenness,,122,0.9037037037037038,0.0074074074074074,,0.0,0.0074074074074074,,0.0,1
US Power Grid — San Francisco,betweenness,,123,0.9111111111111112,0.0074074074074074,,0.0,0.0074074074074074,,0.0,1
US Power Grid — San Francisco,betweenness,,124,0.9185185185185184,0.0074074074074074,,0.0,0.0074074074074074,,0.0,1
US Power Grid — San Francisco,betweenness,,125,0.925925925925926,0.0074074074074074,,0.0,0.0074074074074074,,0.0,1
US Power Grid — San Francisco,betweenness,,126,0.9333333333333332,0.0074074074074074,,0.0,0.0074074074074074,,0.0,1
US Power Grid — San Francisco,betweenness,,127,0.9407407407407408,0.0074074074074074,,0.0,0.0074074074074074,,0.0,1
US Power Grid — San Francisco,betweenness,,128,0.9481481481481482,0.0074074074074074,,0.0,0.0074074074074074,,0.0,1
US Power Grid — San Francisco,betweenness,,129,0.9555555555555556,0.0074074074074074,,0.0,0.0074074074074074,,0.0,1
US Power Grid — San Francisco,betweenness,,130,0.962962962962963,0.0074074074074074,,0.0,0.0074074074074074,,0.0,1
US Power Grid — San Francisco,betweenness,,131,0.9703703703703704,0.0074074074074074,,0.0,0.0074074074074074,,0.0,1
US Power Grid — San Francisco,betweenness,,132,0.977777777777778,0.0074074074074074,,0.0,0.0074074074074074,,0.0,1
US Power Grid — San Francisco,betweenness,,133,0.9851851851851852,0.0074074074074074,,0.0,0.0074074074074074,,0.0,1
US Power Grid — San Francisco,betweenness,,134,0.9925925925925926,0.0074074074074074,,0.0,0.0,,0.0,1
US Power Grid — San Francisco,betweenness,,135,1.0,0.0,,0.0,0.0,,0.0,1
US Power Grid — San Francisco,degree,,0,0.0,1.0,,0.0,0.0,,0.0,1
US Power Grid — San Francisco,degree,,1,0.0074074074074074,0.9185185185185184,,0.0,0.0666666666666666,,0.0,1
US Power Grid — San Francisco,degree,,2,0.0148148148148148,0.8518518518518519,,0.0,0.0666666666666666,,0.0,1
US Power Grid — San Francisco,degree,,3,0.0222222222222222,0.562962962962963,,0.0,0.237037037037037,,0.0,1
US Power Grid — San Francisco,degree,,4,0.0296296296296296,0.2814814814814815,,0.0,0.237037037037037,,0.0,1
US Power Grid — San Francisco,degree,,5,0.037037037037037,0.2814814814814815,,0.0,0.2222222222222222,,0.0,1
US Power Grid — San Francisco,degree,,6,0.0444444444444444,0.2814814814814815,,0.0,0.2222222222222222,,0.0,1
US Power Grid — San Francisco,degree,,7,0.0518518518518518,0.2814814814814815,,0.0,0.2222222222222222,,0.0,1
US Power Grid — San Francisco,degree,,8,0.0592592592592592,0.2814814814814815,,0.0,0.2222222222222222,,0.0,1
US Power Grid — San Francisco,degree,,9,0.0666666666666666,0.2222222222222222,,0.0,0.2,,0.0,1
US Power Grid — San Francisco,degree,,10,0.074074074074074,0.2222222222222222,,0.0,0.1555555555555555,,0.0,1
US Power Grid — San Francisco,degree,,11,0.0814814814814814,0.2222222222222222,,0.0,0.1555555555555555,,0.0,1
US Power Grid — San Francisco,degree,,12,0.0888888888888888,0.2222222222222222,,0.0,0.1555555555555555,,0.0,1
US Power Grid — San Francisco,degree,,13,0.0962962962962963,0.1555555555555555,,0.0,0.1555555555555555,,0.0,1
US Power Grid — San Francisco,degree,,14,0.1037037037037037,0.1555555555555555,,0.0,0.1555555555555555,,0.0,1
US Power Grid — San Francisco,degree,,15,0.1111111111111111,0.1555555555555555,,0.0,0.0814814814814814,,0.0,1
US Power Grid — San Francisco,degree,,16,0.1185185185185185,0.1555555555555555,,0.0,0.0814814814814814,,0.0,1
US Power Grid — San Francisco,degree,,17,0.1259259259259259,0.1555555555555555,,0.0,0.0814814814814814,,0.0,1
US Power Grid — San Francisco,degree,,18,0.1333333333333333,0.1555555555555555,,0.0,0.0814814814814814,,0.0,1
US Power Grid — San Francisco,degree,,19,0.1407407407407407,0.1555555555555555,,0.0,0.0814814814814814,,0.0,1
US Power Grid — San Francisco,degree,,20,0.1481481481481481,0.1555555555555555,,0.0,0.0814814814814814,,0.0,1
US Power Grid — San Francisco,degree,,21,0.1555555555555555,0.1555555555555555,,0.0,0.0814814814814814,,0.0,1
US Power Grid — San Francisco,degree,,22,0.1629629629629629,0.1555555555555555,,0.0,0.0814814814814814,,0.0,1
US Power Grid — San Francisco,degree,,23,0.1703703703703703,0.1555555555555555,,0.0,0.0814814814814814,,0.0,1
US Power Grid — San Francisco,degree,,24,0.1777777777777777,0.1333333333333333,,0.0,0.0814814814814814,,0.0,1
US Power Grid — San Francisco,degree,,25,0.1851851851851852,0.1333333333333333,,0.0,0.0814814814814814,,0.0,1
US Power Grid — San Francisco,degree,,26,0.1925925925925926,0.1333333333333333,,0.0,0.0814814814814814,,0.0,1
US Power Grid — San Francisco,degree,,27,0.2,0.1333333333333333,,0.0,0.0814814814814814,,0.0,1
US Power Grid — San Francisco,degree,,28,0.2074074074074074,0.1333333333333333,,0.0,0.0814814814814814,,0.0,1
US Power Grid — San Francisco,degree,,29,0.2148148148148148,0.1333333333333333,,0.0,0.0814814814814814,,0.0,1
US Power Grid — San Francisco,degree,,30,0.2222222222222222,0.1333333333333333,,0.0,0.0814814814814814,,0.0,1
US Power Grid — San Francisco,degree,,31,0.2296296296296296,0.0814814814814814,,0.0,0.0592592592592592,,0.0,1
US Power Grid — San Francisco,degree,,32,0.237037037037037,0.0814814814814814,,0.0,0.0592592592592592,,0.0,1
US Power Grid — San Francisco,degree,,33,0.2444444444444444,0.0814814814814814,,0.0,0.0592592592592592,,0.0,1
US Power Grid — San Francisco,degree,,34,0.2518518518518519,0.0814814814814814,,0.0,0.0592592592592592,,0.0,1
US Power Grid — San Francisco,degree,,35,0.2592592592592592,0.0814814814814814,,0.0,0.0592592592592592,,0.0,1
US Power Grid — San Francisco,degree,,36,0.2666666666666666,0.0814814814814814,,0.0,0.0592592592592592,,0.0,1
US Power Grid — San Francisco,degree,,37,0.2740740740740741,0.0814814814814814,,0.0,0.0592592592592592,,0.0,1
US Power Grid — San Francisco,degree,,38,0.2814814814814815,0.0592592592592592,,0.0,0.0518518518518518,,0.0,1
US Power Grid — San Francisco,degree,,39,0.2888888888888889,0.0592592592592592,,0.0,0.0518518518518518,,0.0,1
US Power Grid — San Francisco,degree,,40,0.2962962962962963,0.0592592592592592,,0.0,0.0518518518518518,,0.0,1
US Power Grid — San Francisco,degree,,41,0.3037037037037037,0.0592592592592592,,0.0,0.037037037037037,,0.0,1
US Power Grid — San Francisco,degree,,42,0.3111111111111111,0.0592592592592592,,0.0,0.037037037037037,,0.0,1
US Power Grid — San Francisco,degree,,43,0.3185185185185185,0.0592592592592592,,0.0,0.037037037037037,,0.0,1
US Power Grid — San Francisco,degree,,44,0.3259259259259259,0.0592592592592592,,0.0,0.037037037037037,,0.0,1
US Power Grid — San Francisco,degree,,45,0.3333333333333333,0.0444444444444444,,0.0,0.037037037037037,,0.0,1
US Power Grid — San Francisco,degree,,46,0.3407407407407407,0.0444444444444444,,0.0,0.0296296296296296,,0.0,1
US Power Grid — San Francisco,degree,,47,0.3481481481481481,0.0444444444444444,,0.0,0.0296296296296296,,0.0,1
US Power Grid — San Francisco,degree,,48,0.3555555555555555,0.0296296296296296,,0.0,0.0296296296296296,,0.0,1
US Power Grid — San Francisco,degree,,49,0.362962962962963,0.0296296296296296,,0.0,0.0296296296296296,,0.0,1
US Power Grid — San Francisco,degree,,50,0.3703703703703704,0.0296296296296296,,0.0,0.0222222222222222,,0.0,1
US Power Grid — San Francisco,degree,,51,0.3777777777777777,0.0296296296296296,,0.0,0.0222222222222222,,0.0,1
US Power Grid — San Francisco,degree,,52,0.3851851851851852,0.0296296296296296,,0.0,0.0222222222222222,,0.0,1
US Power Grid — San Francisco,degree,,53,0.3925925925925926,0.0296296296296296,,0.0,0.0222222222222222,,0.0,1
US Power Grid — San Francisco,degree,,54,0.4,0.0296296296296296,,0.0,0.0222222222222222,,0.0,1
US Power Grid — San Francisco,degree,,55,0.4074074074074074,0.0296296296296296,,0.0,0.0222222222222222,,0.0,1
US Power Grid — San Francisco,degree,,56,0.4148148148148148,0.0296296296296296,,0.0,0.0222222222222222,,0.0,1
US Power Grid — San Francisco,degree,,57,0.4222222222222222,0.0296296296296296,,0.0,0.0222222222222222,,0.0,1
US Power Grid — San Francisco,degree,,58,0.4296296296296296,0.0296296296296296,,0.0,0.0222222222222222,,0.0,1
US Power Grid — San Francisco,degree,,59,0.437037037037037,0.0296296296296296,,0.0,0.0222222222222222,,0.0,1
US Power Grid — San Francisco,degree,,60,0.4444444444444445,0.0296296296296296,,0.0,0.0222222222222222,,0.0,1
US Power Grid — San Francisco,degree,,61,0.4518518518518519,0.0296296296296296,,0.0,0.0222222222222222,,0.0,1
US Power Grid — San Francisco,degree,,62,0.4592592592592592,0.0296296296296296,,0.0,0.0222222222222222,,0.0,1
US Power Grid — San Francisco,degree,,63,0.4666666666666667,0.0296296296296296,,0.0,0.0222222222222222,,0.0,1
US Power Grid — San Francisco,degree,,64,0.4740740740740741,0.0296296296296296,,0.0,0.0222222222222222,,0.0,1
US Power Grid — San Francisco,degree,,65,0.4814814814814815,0.0296296296296296,,0.0,0.0222222222222222,,0.0,1
US Power Grid — San Francisco,degree,,66,0.4888888888888889,0.0296296296296296,,0.0,0.0222222222222222,,0.0,1
US Power Grid — San Francisco,degree,,67,0.4962962962962963,0.0296296296296296,,0.0,0.0222222222222222,,0.0,1
US Power Grid — San Francisco,degree,,68,0.5037037037037038,0.0296296296296296,,0.0,0.0222222222222222,,0.0,1
US Power Grid — San Francisco,degree,,69,0.5111111111111112,0.0296296296296296,,0.0,0.0148148148148148,,0.0,1
US Power Grid — San Francisco,degree,,70,0.5185185185185185,0.0296296296296296,,0.0,0.0148148148148148,,0.0,1
US Power Grid — San Francisco,degree,,71,0.5259259259259259,0.0296296296296296,,0.0,0.0148148148148148,,0.0,1
US Power Grid — San Francisco,degree,,72,0.5333333333333333,0.0296296296296296,,0.0,0.0148148148148148,,0.0,1
US Power Grid — San Francisco,degree,,73,0.5407407407407407,0.0296296296296296,,0.0,0.0148148148148148,,0.0,1
US Power Grid — San Francisco,degree,,74,0.5481481481481482,0.0296296296296296,,0.0,0.0148148148148148,,0.0,1
US Power Grid — San Francisco,degree,,75,0.5555555555555556,0.0296296296296296,,0.0,0.0148148148148148,,0.0,1
US Power Grid — San Francisco,degree,,76,0.562962962962963,0.0296296296296296,,0.0,0.0148148148148148,,0.0,1
US Power Grid — San Francisco,degree,,77,0.5703703703703704,0.0296296296296296,,0.0,0.0148148148148148,,0.0,1
US Power Grid — San Francisco,degree,,78,0.5777777777777778,0.0296296296296296,,0.0,0.0148148148148148,,0.0,1
US Power Grid — San Francisco,degree,,79,0.5851851851851853,0.0296296296296296,,0.0,0.0148148148148148,,0.0,1
US Power Grid — San Francisco,degree,,80,0.5925925925925926,0.0148148148148148,,0.0,0.0148148148148148,,0.0,1
US Power Grid — San Francisco,degree,,81,0.6,0.0148148148148148,,0.0,0.0148148148148148,,0.0,1
US Power Grid — San Francisco,degree,,82,0.6074074074074074,0.0148148148148148,,0.0,0.0148148148148148,,0.0,1
US Power Grid — San Francisco,degree,,83,0.6148148148148148,0.0148148148148148,,0.0,0.0148148148148148,,0.0,1
US Power Grid — San Francisco,degree,,84,0.6222222222222222,0.0148148148148148,,0.0,0.0148148148148148,,0.0,1
US Power Grid — San Francisco,degree,,85,0.6296296296296297,0.0148148148148148,,0.0,0.0074074074074074,,0.0,1
US Power Grid — San Francisco,degree,,86,0.6370370370370371,0.0148148148148148,,0.0,0.0074074074074074,,0.0,1
US Power Grid — San Francisco,degree,,87,0.6444444444444445,0.0148148148148148,,0.0,0.0074074074074074,,0.0,1
US Power Grid — San Francisco,degree,,88,0.6518518518518519,0.0148148148148148,,0.0,0.0074074074074074,,0.0,1
US Power Grid — San Francisco,degree,,89,0.6592592592592593,0.0148148148148148,,0.0,0.0074074074074074,,0.0,1
US Power Grid — San Francisco,degree,,90,0.6666666666666667,0.0148148148148148,,0.0,0.0074074074074074,,0.0,1
US Power Grid — San Francisco,degree,,91,0.674074074074074,0.0148148148148148,,0.0,0.0074074074074074,,0.0,1
US Power Grid — San Francisco,degree,,92,0.6814814814814815,0.0074074074074074,,0.0,0.0074074074074074,,0.0,1
US Power Grid — San Francisco,degree,,93,0.6888888888888889,0.0074074074074074,,0.0,0.0074074074074074,,0.0,1
US Power Grid — San Francisco,degree,,94,0.6962962962962963,0.0074074074074074,,0.0,0.0074074074074074,,0.0,1
US Power Grid — San Francisco,degree,,95,0.7037037037037037,0.0074074074074074,,0.0,0.0074074074074074,,0.0,1
US Power Grid — San Francisco,degree,,96,0.7111111111111111,0.0074074074074074,,0.0,0.0074074074074074,,0.0,1
US Power Grid — San Francisco,degree,,97,0.7185185185185186,0.0074074074074074,,0.0,0.0074074074074074,,0.0,1
US Power Grid — San Francisco,degree,,98,0.725925925925926,0.0074074074074074,,0.0,0.0074074074074074,,0.0,1
US Power Grid — San Francisco,degree,,99,0.7333333333333334,0.0074074074074074,,0.0,0.0074074074074074,,0.0,1
US Power Grid — San Francisco,degree,,100,0.7407407407407408,0.0074074074074074,,0.0,0.0074074074074074,,0.0,1
US Power Grid — San Francisco,degree,,101,0.7481481481481482,0.0074074074074074,,0.0,0.0074074074074074,,0.0,1
US Power Grid — San Francisco,degree,,102,0.7555555555555555,0.0074074074074074,,0.0,0.0074074074074074,,0.0,1
US Power Grid — San Francisco,degree,,103,0.762962962962963,0.0074074074074074,,0.0,0.0074074074074074,,0.0,1
US Power Grid — San Francisco,degree,,104,0.7703703703703704,0.0074074074074074,,0.0,0.0074074074074074,,0.0,1
US Power Grid — San Francisco,degree,,105,0.7777777777777778,0.0074074074074074,,0.0,0.0074074074074074,,0.0,1
US Power Grid — San Francisco,degree,,106,0.7851851851851852,0.0074074074074074,,0.0,0.0074074074074074,,0.0,1
US Power Grid — San Francisco,degree,,107,0.7925925925925926,0.0074074074074074,,0.0,0.0074074074074074,,0.0,1
US Power Grid — San Francisco,degree,,108,0.8,0.0074074074074074,,0.0,0.0074074074074074,,0.0,1
US Power Grid — San Francisco,degree,,109,0.8074074074074075,0.0074074074074074,,0.0,0.0074074074074074,,0.0,1
US Power Grid — San Francisco,degree,,110,0.8148148148148149,0.0074074074074074,,0.0,0.0074074074074074,,0.0,1
US Power Grid — San Francisco,degree,,111,0.8222222222222223,0.0074074074074074,,0.0,0.0074074074074074,,0.0,1
US Power Grid — San Francisco,degree,,112,0.8296296296296297,0.0074074074074074,,0.0,0.0074074074074074,,0.0,1
US Power Grid — San Francisco,degree,,113,0.837037037037037,0.0074074074074074,,0.0,0.0074074074074074,,0.0,1
US Power Grid — San Francisco,degree,,114,0.8444444444444444,0.0074074074074074,,0.0,0.0074074074074074,,0.0,1
US Power Grid — San Francisco,degree,,115,0.8518518518518519,0.0074074074074074,,0.0,0.0074074074074074,,0.0,1
US Power Grid — San Francisco,degree,,116,0.8592592592592593,0.0074074074074074,,0.0,0.0074074074074074,,0.0,1
US Power Grid — San Francisco,degree,,117,0.8666666666666667,0.0074074074074074,,0.0,0.0074074074074074,,0.0,1
US Power Grid — San Francisco,degree,,118,0.8740740740740741,0.0074074074074074,,0.0,0.0074074074074074,,0.0,1
US Power Grid — San Francisco,degree,,119,0.8814814814814815,0.0074074074074074,,0.0,0.0074074074074074,,0.0,1
US Power Grid — San Francisco,degree,,120,0.888888888888889,0.0074074074074074,,0.0,0.0074074074074074,,0.0,1
US Power Grid — San Francisco,degree,,121,0.8962962962962964,0.0074074074074074,,0.0,0.0074074074074074,,0.0,1
US Power Grid — San Francisco,degree,,122,0.9037037037037038,0.0074074074074074,,0.0,0.0074074074074074,,0.0,1
US Power Grid — San Francisco,degree,,123,0.9111111111111112,0.0074074074074074,,0.0,0.0074074074074074,,0.0,1
US Power Grid — San Francisco,degree,,124,0.9185185185185184,0.0074074074074074,,0.0,0.0074074074074074,,0.0,1
US Power Grid — San Francisco,degree,,125,0.925925925925926,0.0074074074074074,,0.0,0.0074074074074074,,0.0,1
US Power Grid — San Francisco,degree,,126,0.9333333333333332,0.0074074074074074,,0.0,0.0074074074074074,,0.0,1
US Power Grid — San Francisco,degree,,127,0.9407407407407408,0.0074074074074074,,0.0,0.0074074074074074,,0.0,1
US Power Grid — San Francisco,degree,,128,0.9481481481481482,0.0074074074074074,,0.0,0.0074074074074074,,0.0,1
US Power Grid — San Francisco,degree,,129,0.9555555555555556,0.0074074074074074,,0.0,0.0074074074074074,,0.0,1
US Power Grid — San Francisco,degree,,130,0.962962962962963,0.0074074074074074,,0.0,0.0074074074074074,,0.0,1
US Power Grid — San Francisco,degree,,131,0.9703703703703704,0.0074074074074074,,0.0,0.0074074074074074,,0.0,1
US Power Grid — San Francisco,degree,,132,0.977777777777778,0.0074074074074074,,0.0,0.0074074074074074,,0.0,1
US Power Grid — San Francisco,degree,,133,0.9851851851851852,0.0074074074074074,,0.0,0.0074074074074074,,0.0,1
US Power Grid — San Francisco,degree,,134,0.9925925925925926,0.0074074074074074,,0.0,0.0,,0.0,1
US Power Grid — San Francisco,degree,,135,1.0,0.0,,0.0,0.0,,0.0,1
US Power Grid — San Francisco,random,,0,0.0,1.0,0.0,0.0,0.0,0.0,0.0,100
US Power Grid — San Francisco,random,,1,0.0074074074074074,0.9471111111111111,0.1179326146239971,0.011793261462399708,0.042814814814814806,0.11577243262331295,0.011577243262331293,100
US Power Grid — San Francisco,random,,2,0.0148148148148148,0.9196296296296296,0.13644526984318345,0.013644526984318348,0.05799999999999999,0.12868849746125866,0.012868849746125862,100
US Power Grid — San Francisco,random,,3,0.0222222222222222,0.9008888888888891,0.13970628159766163,0.013970628159766163,0.0654074074074074,0.1310781344263306,0.013107813442633062,100
US Power Grid — San Francisco,random,,4,0.0296296296296296,0.8735555555555555,0.15088109589214746,0.015088109589214744,0.0788148148148148,0.13640116982172815,0.013640116982172814,100
US Power Grid — San Francisco,random,,5,0.037037037037037,0.8184444444444445,0.17947961770798368,0.017947961770798364,0.11414814814814812,0.1542337621055732,0.01542337621055732,100
US Power Grid — San Francisco,random,,6,0.0444444444444444,0.7866666666666667,0.18695895737774962,0.018695895737774963,0.13118518518518518,0.158243027477935,0.0158243027477935,100
US Power Grid — San Francisco,random,,7,0.0518518518518518,0.7678518518518519,0.19074256043938198,0.01907425604393819,0.13414814814814813,0.15549994552281782,0.015549994552281784,100
US Power Grid — San Francisco,random,,8,0.0592592592592592,0.7471111111111111,0.19317595611637792,0.019317595611637792,0.1397037037037037,0.15498271593494636,0.015498271593494636,100
US Power Grid — San Francisco,random,,9,0.0666666666666666,0.7254074074074075,0.19416393997779674,0.01941639399777967,0.14807407407407405,0.15495222637824588,0.015495222637824593,100
US Power Grid — San Francisco,random,,10,0.074074074074074,0.6993333333333334,0.19234809943599424,0.01923480994359942,0.161037037037037,0.15511712036142972,0.01551171203614297,100
US Power Grid — San Francisco,random,,11,0.0814814814814814,0.6788888888888889,0.18920258862519693,0.018920258862519697,0.16696296296296292,0.15319651375935278,0.015319651375935278,100
US Power Grid — San Francisco,random,,12,0.0888888888888888,0.6637037037037037,0.19005785449737259,0.01900578544973726,0.16644444444444442,0.1496350930392011,0.014963509303920111,100
US Power Grid — San Francisco,random,,13,0.0962962962962963,0.636962962962963,0.19045838995441478,0.01904583899544148,0.1731111111111111,0.14707299728664694,0.014707299728664695,100
US Power Grid — San Francisco,random,,14,0.1037037037037037,0.6211851851851852,0.18433781438578628,0.018433781438578625,0.1724444444444444,0.14279548389568525,0.01427954838956852,100
US Power Grid — San Francisco,random,,15,0.1111111111111111,0.598962962962963,0.18401582164512945,0.01840158216451294,0.17955555555555552,0.141653839930462,0.014165383993046196,100
US Power Grid — San Francisco,random,,16,0.1185185185185185,0.5811111111111111,0.18157918226466596,0.018157918226466598,0.1805185185185185,0.13857852340707835,0.013857852340707836,100
US Power Grid — San Francisco,random,,17,0.1259259259259259,0.5617777777777778,0.17761783552171947,0.01776178355217195,0.18007407407407403,0.13209171656408702,0.013209171656408702,100
US Power Grid — San Francisco,random,,18,0.1333333333333333,0.5503703703703704,0.1751283434460771,0.017512834344607712,0.17666666666666664,0.1288749342050728,0.012887493420507278,100
US Power Grid — San Francisco,random,,19,0.1407407407407407,0.5275555555555556,0.17182185581321088,0.017182185581321084,0.18088888888888885,0.12472160182607633,0.012472160182607633,100
US Power Grid — San Francisco,random,,20,0.1481481481481481,0.5098518518518519,0.16937379930916757,0.016937379930916756,0.18311111111111106,0.12200302306500858,0.012200302306500857,100
US Power Grid — San Francisco,random,,21,0.1555555555555555,0.48859259259259263,0.16087124749726978,0.016087124749726976,0.18740740740740736,0.11692010430055372,0.01169201043005537,100
US Power Grid — San Francisco,random,,22,0.1629629629629629,0.4748148148148148,0.15431066183187156,0.015431066183187162,0.18518518518518515,0.11200290575945059,0.011200290575945057,100
US Power Grid — San Francisco,random,,23,0.1703703703703703,0.4596296296296296,0.1502336377229788,0.015023363772297885,0.18288888888888885,0.10859959891837039,0.010859959891837037,100
US Power Grid — San Francisco,random,,24,0.1777777777777777,0.4421481481481482,0.14431131451608512,0.014431131451608514,0.1828148148148148,0.10450165987035155,0.010450165987035156,100
US Power Grid — San Francisco,random,,25,0.1851851851851852,0.42266666666666663,0.1301350629571246,0.013013506295712459,0.18111111111111108,0.09545155977386456,0.009545155977386456,100
US Power Grid — San Francisco,random,,26,0.1925925925925926,0.41103703703703703,0.1311011344252587,0.01311011344252587,0.17718518518518514,0.0939020316787343,0.009390203167873434,100
US Power Grid — San Francisco,random,,27,0.2,0.398074074074074,0.1323554781369843,0.013235547813698425,0.17207407407407405,0.09056197604500031,0.009056197604500032,100
US Power Grid — San Francisco,random,,28,0.2074074074074074,0.3834814814814815,0.13073010515586722,0.013073010515586722,0.16999999999999996,0.08689862512901708,0.008689862512901709,100
US Power Grid — San Francisco,random,,29,0.2148148148148148,0.3663703703703704,0.12456703918083863,0.012456703918083862,0.17377777777777773,0.08498354442978309,0.00849835444297831,100
US Power Grid — San Francisco,random,,30,0.2222222222222222,0.3526666666666667,0.1202865459661141,0.01202865459661141,0.17340740740740737,0.08262701877315592,0.00826270187731559,100
US Power Grid — San Francisco,random,,31,0.2296296296296296,0.339037037037037,0.1112873275302264,0.011128732753022641,0.1714074074074074,0.07987061907648815,0.007987061907648817,100
US Power Grid — San Francisco,random,,32,0.237037037037037,0.3300740740740741,0.11014328459146587,0.011014328459146586,0.16540740740740736,0.07575390438790634,0.0075753904387906345,100
US Power Grid — San Francisco,random,,33,0.2444444444444444,0.31925925925925924,0.10625111305734422,0.01062511130573442,0.16096296296296292,0.07228559192892761,0.0072285591928927615,100
US Power Grid — San Francisco,random,,34,0.2518518518518519,0.30748148148148147,0.10561277910184294,0.010561277910184292,0.15637037037037035,0.06874101648615309,0.0068741016486153095,100
US Power Grid — San Francisco,random,,35,0.2592592592592592,0.2988148148148148,0.1058995778751949,0.01058995778751949,0.14999999999999997,0.06580374306783422,0.006580374306783422,100
US Power Grid — San Francisco,random,,36,0.2666666666666666,0.29214814814814816,0.10529125290793552,0.010529125290793551,0.1453333333333333,0.06384067266508926,0.006384067266508926,100
US Power Grid — San Francisco,random,,37,0.2740740740740741,0.2793333333333333,0.10228463641078236,0.010228463641078236,0.1441481481481481,0.060677199799840285,0.006067719979984027,100
US Power Grid — San Francisco,random,,38,0.2814814814814815,0.26985185185185184,0.09392313007955602,0.009392313007955599,0.13999999999999996,0.05450941709029243,0.005450941709029244,100
US Power Grid — San Francisco,random,,39,0.2888888888888889,0.2631851851851852,0.09111476090615656,0.009111476090615656,0.1356296296296296,0.05396983736926726,0.0053969837369267255,100
US Power Grid — San Francisco,random,,40,0.2962962962962963,0.25866666666666666,0.08950206267895701,0.008950206267895701,0.13177777777777774,0.05269787073836819,0.005269787073836818,100
US Power Grid — San Francisco,random,,41,0.3037037037037037,0.2513333333333333,0.08521042583813475,0.008521042583813474,0.1301481481481481,0.0524444254218231,0.0052444425421823105,100
US Power Grid — San Francisco,random,,42,0.3111111111111111,0.243037037037037,0.0833190410489815,0.008331904104898149,0.12711111111111106,0.04995981536322152,0.004995981536322152,100
US Power Grid — San Francisco,random,,43,0.3185185185185185,0.2382222222222222,0.07940223668330698,0.007940223668330696,0.12296296296296293,0.047669496254983845,0.004766949625498384,100
US Power Grid — San Francisco,random,,44,0.3259259259259259,0.22977777777777775,0.0755995558595224,0.00755995558595224,0.12162962962962959,0.04715726186327078,0.004715726186327077,100
US Power Grid — San Francisco,random,,45,0.3333333333333333,0.22488888888888886,0.07459985490582155,0.007459985490582156,0.11837037037037033,0.046848321318944515,0.004684832131894452,100
US Power Grid — San Francisco,random,,46,0.3407407407407407,0.21577777777777776,0.06576397633459216,0.006576397633459216,0.11577777777777774,0.04580357330598736,0.004580357330598737,100
US Power Grid — San Francisco,random,,47,0.3481481481481481,0.20725925925925925,0.06492704729034317,0.006492704729034317,0.11170370370370365,0.04383773445419118,0.004383773445419118,100
US Power Grid — San Francisco,random,,48,0.3555555555555555,0.199037037037037,0.058512456651369255,0.005851245665136925,0.10925925925925922,0.04188112494258734,0.004188112494258733,100
US Power Grid — San Francisco,random,,49,0.362962962962963,0.19059259259259256,0.05991828644314985,0.005991828644314986,0.1064444444444444,0.04152601692447432,0.004152601692447433,100
US Power Grid — San Francisco,random,,50,0.3703703703703704,0.18555555555555553,0.060402138536448914,0.00604021385364489,0.10251851851851848,0.0396702540973563,0.00396702540973563,100
US Power Grid — San Francisco,random,,51,0.3777777777777777,0.17962962962962958,0.05839602270453561,0.005839602270453562,0.0987407407407407,0.03717974750195236,0.003717974750195237,100
US Power Grid — San Francisco,random,,52,0.3851851851851852,0.17488888888888887,0.060131026885803456,0.006013102688580346,0.09674074074074068,0.03748801381557547,0.003748801381557547,100
US Power Grid — San Francisco,random,,53,0.3925925925925926,0.16911111111111107,0.05966058454864284,0.005966058454864285,0.09540740740740736,0.036687916843281515,0.0036687916843281517,100
US Power Grid — San Francisco,random,,54,0.4,0.16385185185185183,0.057765306048883004,0.0057765306048883,0.0935555555555555,0.03554269314672909,0.0035542693146729093,100
US Power Grid — San Francisco,random,,55,0.4074074074074074,0.15955555555555553,0.05530603649466705,0.0055306036494667055,0.08918518518518515,0.033574304617163896,0.003357430461716389,100
US Power Grid — San Francisco,random,,56,0.4148148148148148,0.15325925925925923,0.05493677093500174,0.005493677093500173,0.08696296296296291,0.03268259518188252,0.0032682595181882518,100
US Power Grid — San Francisco,random,,57,0.4222222222222222,0.14970370370370367,0.05389379004070997,0.005389379004070998,0.08333333333333329,0.030684098560604126,0.0030684098560604125,100
US Power Grid — San Francisco,random,,58,0.4296296296296296,0.1424444444444444,0.05194108083321709,0.00519410808332171,0.08125925925925921,0.030955286460891476,0.003095528646089147,100
US Power Grid — San Francisco,random,,59,0.437037037037037,0.13888888888888887,0.05040881216134219,0.005040881216134219,0.07970370370370365,0.030607145057435142,0.0030607145057435143,100
US Power Grid — San Francisco,random,,60,0.4444444444444445,0.1338518518518518,0.04983246377026089,0.0049832463770260885,0.07599999999999996,0.030561841115679573,0.003056184111567957,100
US Power Grid — San Francisco,random,,61,0.4518518518518519,0.13007407407407404,0.04860578507512515,0.004860578507512514,0.07474074074074069,0.029045781530669546,0.0029045781530669546,100
US Power Grid — San Francisco,random,,62,0.4592592592592592,0.12585185185185183,0.047336916822725575,0.004733691682272556,0.07222222222222217,0.027843170316377848,0.0027843170316377854,100
US Power Grid — San Francisco,random,,63,0.4666666666666667,0.12125925925925923,0.045984720339673296,0.00459847203396733,0.07022222222222217,0.026436215855338528,0.0026436215855338533,100
US Power Grid — San Francisco,random,,64,0.4740740740740741,0.11762962962962958,0.045835325717105295,0.004583532571710529,0.06770370370370365,0.024870728949326234,0.0024870728949326236,100
US Power Grid — San Francisco,random,,65,0.4814814814814815,0.11437037037037033,0.04342668072318907,0.004342668072318907,0.06540740740740736,0.023614098312387886,0.0023614098312387892,100
US Power Grid — San Francisco,random,,66,0.4888888888888889,0.10977777777777774,0.04234183410605474,0.004234183410605475,0.06244444444444439,0.021685883318373532,0.0021685883318373527,100
US Power Grid — San Francisco,random,,67,0.4962962962962963,0.10659259259259254,0.04223062248660971,0.004223062248660972,0.06133333333333328,0.02145011061259196,0.0021450110612591966,100
US Power Grid — San Francisco,random,,68,0.5037037037037038,0.10474074074074069,0.04200856937989458,0.004200856937989458,0.05977777777777773,0.020931594767977818,0.0020931594767977816,100
US Power Grid — San Francisco,random,,69,0.5111111111111112,0.10207407407407404,0.04139132953867015,0.004139132953867015,0.05866666666666662,0.02029776538166187,0.002029776538166188,100
US Power Grid — San Francisco,random,,70,0.5185185185185185,0.09933333333333329,0.041021648310382824,0.004102164831038283,0.05748148148148143,0.01953073507898084,0.0019530735078980843,100
US Power Grid — San Francisco,random,,71,0.5259259259259259,0.0976296296296296,0.04008249657530595,0.004008249657530596,0.05651851851851847,0.01931773332747521,0.0019317733327475206,100
US Power Grid — San Francisco,random,,72,0.5333333333333333,0.09518518518518514,0.038459406713087424,0.0038459406713087416,0.05466666666666661,0.018440689425256847,0.001844068942525684,100
US Power Grid — San Francisco,random,,73,0.5407407407407407,0.09274074074074071,0.03843208812975237,0.0038432088129752373,0.052814814814814766,0.017288920241134022,0.0017288920241134021,100
US Power Grid — San Francisco,random,,74,0.5481481481481482,0.0892592592592592,0.03793706287566637,0.0037937062875666367,0.050814814814814764,0.016879014709870785,0.0016879014709870784,100
US Power Grid — San Francisco,random,,75,0.5555555555555556,0.08599999999999997,0.036576182534042996,0.0036576182534042998,0.048740740740740696,0.016384484032492062,0.0016384484032492062,100
US Power Grid — San Francisco,random,,76,0.562962962962963,0.08340740740740736,0.03478559001352017,0.003478559001352016,0.047629629629629584,0.015518456464102735,0.0015518456464102734,100
US Power Grid — San Francisco,random,,77,0.5703703703703704,0.08199999999999996,0.03428220887324348,0.0034282208873243477,0.046370370370370326,0.014763097158188847,0.001476309715818885,100
US Power Grid — San Francisco,random,,78,0.5777777777777778,0.07851851851851847,0.03200365776991537,0.0032003657769915372,0.04555555555555551,0.014640765862877977,0.0014640765862877977,100
US Power Grid — San Francisco,random,,79,0.5851851851851853,0.07637037037037032,0.031031108723484593,0.003103110872348459,0.045037037037036994,0.014269033822900226,0.001426903382290023,100
US Power Grid — San Francisco,random,,80,0.5925925925925926,0.07333333333333329,0.028004437521115037,0.002800443752111504,0.04392592592592588,0.013697281636917531,0.0013697281636917533,100
US Power Grid — San Francisco,random,,81,0.6,0.07081481481481476,0.02678694245830543,0.002678694245830543,0.042888888888888844,0.013412699730363471,0.0013412699730363472,100
US Power Grid — San Francisco,random,,82,0.6074074074074074,0.0698518518518518,0.026410521059201077,0.002641052105920108,0.041703703703703666,0.013261434779421943,0.0013261434779421946,100
US Power Grid — San Francisco,random,,83,0.6148148148148148,0.0681481481481481,0.025333950281603644,0.0025333950281603646,0.04088888888888885,0.013170220640760592,0.0013170220640760593,100
US Power Grid — San Francisco,random,,84,0.6222222222222222,0.06607407407407402,0.024616722214124587,0.0024616722214124585,0.04022222222222219,0.012819417938098139,0.0012819417938098137,100
US Power Grid — San Francisco,random,,85,0.6296296296296297,0.06296296296296292,0.024203943354270136,0.0024203943354270136,0.038814814814814774,0.012462744636703197,0.00124627446367032,100
US Power Grid — San Francisco,random,,86,0.6370370370370371,0.06103703703703698,0.023237083177805262,0.002323708317780526,0.03725925925925922,0.012208213354963469,0.0012208213354963468,100
US Power Grid — San Francisco,random,,87,0.6444444444444445,0.05933333333333328,0.022739825550581058,0.0022739825550581057,0.036518518518518485,0.011688691731895918,0.0011688691731895915,100
US Power Grid — San Francisco,random,,88,0.6518518518518519,0.05651851851851847,0.02120518416963328,0.0021205184169633276,0.03555555555555552,0.012096245643373707,0.0012096245643373707,100
US Power Grid — San Francisco,random,,89,0.6592592592592593,0.05392592592592588,0.021032631544737623,0.0021032631544737625,0.03407407407407404,0.012004257649491291,0.0012004257649491288,100
US Power Grid — San Francisco,random,,90,0.6666666666666667,0.05125925925925921,0.01999514981856653,0.0019995149818566533,0.03237037037037034,0.011174777070309524,0.0011174777070309528,100
US Power Grid — San Francisco,random,,91,0.674074074074074,0.04948148148148143,0.01923795189577259,0.0019237951895772591,0.0316296296296296,0.010625632924395261,0.001062563292439526,100
US Power Grid — San Francisco,random,,92,0.6814814814814815,0.04711111111111107,0.017727826069670116,0.0017727826069670112,0.030444444444444413,0.009982317991637938,0.0009982317991637938,100
US Power Grid — San Francisco,random,,93,0.6888888888888889,0.04511111111111107,0.017270958721461956,0.0017270958721461956,0.029037037037037007,0.01002580810153697,0.001002580810153697,100
US Power Grid — San Francisco,random,,94,0.6962962962962963,0.0441481481481481,0.016875730790948312,0.0016875730790948313,0.028518518518518488,0.009953404627529064,0.0009953404627529065,100
US Power Grid — San Francisco,random,,95,0.7037037037037037,0.04303703703703699,0.016368069676988232,0.0016368069676988232,0.027851851851851826,0.009713582643356951,0.0009713582643356951,100
US Power Grid — San Francisco,random,,96,0.7111111111111111,0.04111111111111107,0.01566491054376483,0.0015664910543764829,0.02688888888888886,0.00945538636860704,0.0009455386368607043,100
US Power Grid — San Francisco,random,,97,0.7185185185185186,0.039481481481481444,0.01540374499623726,0.0015403744996237262,0.025629629629629603,0.008318126375144366,0.0008318126375144366,100
US Power Grid — San Francisco,random,,98,0.725925925925926,0.03770370370370366,0.014089817331407004,0.0014089817331407002,0.025037037037037014,0.008140322058713376,0.0008140322058713377,100
US Power Grid — San Francisco,random,,99,0.7333333333333334,0.036074074074074036,0.01430685474700628,0.001430685474700628,0.02429629629629627,0.007884381577718142,0.0007884381577718142,100
US Power Grid — San Francisco,random,,100,0.7407407407407408,0.03488888888888885,0.013859789943536743,0.0013859789943536742,0.023925925925925903,0.007726390376934038,0.0007726390376934039,100
US Power Grid — San Francisco,random,,101,0.7481481481481482,0.03399999999999997,0.01340443278777382,0.0013404432787773814,0.023259259259259236,0.007666259109264203,0.0007666259109264202,100
US Power Grid — San Francisco,random,,102,0.7555555555555555,0.03296296296296293,0.012384898422726937,0.0012384898422726936,0.02281481481481479,0.007568762618435943,0.0007568762618435943,100
US Power Grid — San Francisco,random,,103,0.762962962962963,0.03244444444444441,0.01190131839341598,0.001190131839341598,0.021925925925925904,0.0072117827223579945,0.0007211782722357994,100
US Power Grid — San Francisco,random,,104,0.7703703703703704,0.03207407407407404,0.011914118141180792,0.0011914118141180792,0.02111111111111109,0.006772244597775793,0.0006772244597775791,100
US Power Grid — San Francisco,random,,105,0.7777777777777778,0.030740740740740707,0.010495477522564335,0.0010495477522564334,0.020296296296296274,0.00637122293949482,0.0006371222939494821,100
US Power Grid — San Francisco,random,,106,0.7851851851851852,0.029481481481481452,0.010260764373583428,0.0010260764373583426,0.019111111111111093,0.0054889384167851355,0.0005488938416785135,100
US Power Grid — San Francisco,random,,107,0.7925925925925926,0.028518518518518488,0.009897564609770594,0.0009897564609770595,0.018592592592592574,0.004993518127446089,0.000499351812744609,100
US Power Grid — San Francisco,random,,108,0.8,0.027037037037037012,0.009613500550315441,0.0009613500550315441,0.01740740740740739,0.004752394020143682,0.00047523940201436827,100
US Power Grid — San Francisco,random,,109,0.8074074074074075,0.025481481481481456,0.00870237033191536,0.0008702370331915363,0.017185185185185168,0.0043256348266472325,0.00043256348266472336,100
US Power Grid — San Francisco,random,,110,0.8148148148148149,0.024592592592592565,0.00898809831046512,0.0008988098310465122,0.016592592592592575,0.004227135319895247,0.0004227135319895247,100
US Power Grid — San Francisco,random,,111,0.8222222222222223,0.023925925925925903,0.008543936443676433,0.0008543936443676433,0.01629629629629628,0.004211372174925633,0.0004211372174925634,100
US Power Grid — San Francisco,random,,112,0.8296296296296297,0.022740740740740718,0.008634275871097089,0.0008634275871097089,0.01555555555555554,0.0037223622787378187,0.0003722362278737818,100
US Power Grid — San Francisco,random,,113,0.837037037037037,0.021925925925925904,0.00835137507421617,0.0008351375074216169,0.01518518518518517,0.003850441481124226,0.0003850441481124226,100
US Power Grid — San Francisco,random,,114,0.8444444444444444,0.021555555555555533,0.007814833431714885,0.0007814833431714883,0.014740740740740726,0.004008415583651946,0.00040084155836519455,100
US Power Grid — San Francisco,random,,115,0.8518518518518519,0.020814814814814793,0.007496286832600569,0.0007496286832600568,0.013999999999999986,0.003780718176707964,0.0003780718176707963,100
US Power Grid — San Francisco,random,,116,0.8592592592592593,0.020222222222222204,0.00720678561729455,0.000720678561729455,0.013555555555555541,0.003947108430532531,0.000394710843053253,100
US Power Grid — San Francisco,random,,117,0.8666666666666667,0.019111111111111093,0.006673729475697729,0.0006673729475697731,0.012888888888888877,0.0041610616163833825,0.00041610616163833826,100
US Power Grid — San Francisco,random,,118,0.8740740740740741,0.01799999999999998,0.006162055675827671,0.0006162055675827672,0.012296296296296283,0.004107437447538994,0.0004107437447538994,100
US Power Grid — San Francisco,random,,119,0.8814814814814815,0.017185185185185168,0.0059446020703246135,0.0005944602070324615,0.011777777777777765,0.004090535732163202,0.00040905357321632016,100
US Power Grid — San Francisco,random,,120,0.888888888888889,0.01666666666666665,0.005508593127635472,0.0005508593127635473,0.011185185185185173,0.004008415583651946,0.00040084155836519455,100
US Power Grid — San Francisco,random,,121,0.8962962962962964,0.016444444444444428,0.005628526877246547,0.0005628526877246545,0.010370370370370358,0.003796079579189169,0.00037960795791891684,100
US Power Grid — San Francisco,random,,122,0.9037037037037038,0.015111111111111096,0.0053602016813824585,0.0005360201681382458,0.009925925925925916,0.003680435702636957,0.0003680435702636957,100
US Power Grid — San Francisco,random,,123,0.9111111111111112,0.013629629629629617,0.005018429131306704,0.0005018429131306704,0.009407407407407397,0.0034687942924355453,0.00034687942924355446,100
US Power Grid — San Francisco,random,,124,0.9185185185185184,0.012888888888888877,0.004419433303581617,0.0004419433303581617,0.008740740740740733,0.0028601697752990277,0.00028601697752990267,100
US Power Grid — San Francisco,random,,125,0.925925925925926,0.012444444444444432,0.004451920386556464,0.00044519203865564635,0.008222222222222214,0.002329378057297924,0.00023293780572979238,100
US Power Grid — San Francisco,random,,126,0.9333333333333332,0.011777777777777765,0.0042238561825466495,0.00042238561825466497,0.00814814814814814,0.0022334173672426917,0.00022334173672426908,100
US Power Grid — San Francisco,random,,127,0.9407407407407408,0.010666666666666656,0.0038425165300167248,0.0003842516530016725,0.007851851851851844,0.0017680241227847541,0.0001768024122784754,100
US Power Grid — San Francisco,random,,128,0.9481481481481482,0.009703703703703694,0.0034431348052720834,0.00034431348052720836,0.007703703703703696,0.0014588621153106087,0.00014588621153106086,100
US Power Grid — San Francisco,random,,129,0.9555555555555556,0.009037037037037027,0.003083949628838712,0.00030839496288387124,0.007555555555555548,0.0010422614380465893,0.00010422614380465892,100
US Power Grid — San Francisco,random,,130,0.962962962962963,0.008814814814814805,0.0029205721807678683,0.0002920572180767868,0.007407407407407401,0.0,1.7434626923745965e-19,100
US Power Grid — San Francisco,random,,131,0.9703703703703704,0.008222222222222214,0.002329378057297924,0.00023293780572979238,0.007407407407407401,0.0,1.7434626923745965e-19,100
US Power Grid — San Francisco,random,,132,0.977777777777778,0.007629629629629622,0.0012699748740575194,0.0001269974874057519,0.007407407407407401,0.0,1.7434626923745965e-19,100
US Power Grid — San Francisco,random,,133,0.9851851851851852,0.007407407407407401,0.0,1.7434626923745965e-19,0.007407407407407401,0.0,1.7434626923745965e-19,100
US Power Grid — San Francisco,random,,134,0.9925925925925926,0.007407407407407401,0.0,1.7434626923745965e-19,0.0,0.0,0.0,100
US Power Grid — San Francisco,random,,135,1.0,0.0,0.0,0.0,0.0,0.0,0.0,100
US Power Grid — San Francisco,seamless,1.0,0,0.0,1.0,0.0,0.0,0.0,0.0,0.0,100
US Power Grid — San Francisco,seamless,1.0,1,0.0074074074074074,0.9277037037037037,0.10888209359069573,0.010888209359069572,0.052148148148148124,0.0941627879850434,0.009416278798504343,100
US Power Grid — San Francisco,seamless,1.0,2,0.0148148148148148,0.8602222222222222,0.14508106469020313,0.014508106469020315,0.08740740740740739,0.11031263162315395,0.011031263162315397,100
US Power Grid — San Francisco,seamless,1.0,3,0.0222222222222222,0.7873333333333333,0.16994626697969714,0.016994626697969716,0.12214814814814812,0.11841790997237399,0.0118417909972374,100
US Power Grid — San Francisco,seamless,1.0,4,0.0296296296296296,0.7275555555555556,0.18150653758638696,0.018150653758638696,0.1493333333333333,0.1221421361261823,0.012214213612618232,100
US Power Grid — San Francisco,seamless,1.0,5,0.037037037037037,0.6691111111111111,0.18112283518666986,0.018112283518666984,0.16688888888888886,0.11482002812102482,0.011482002812102484,100
US Power Grid — San Francisco,seamless,1.0,6,0.0444444444444444,0.6005185185185185,0.18679066125673,0.018679066125673,0.1824444444444444,0.10826715774062899,0.010826715774062898,100
US Power Grid — San Francisco,seamless,1.0,7,0.0518518518518518,0.5418518518518518,0.18173783401535007,0.018173783401535006,0.19474074074074071,0.09757586085009498,0.0097575860850095,100
US Power Grid — San Francisco,seamless,1.0,8,0.0592592592592592,0.5071851851851852,0.1742493565530001,0.017424935655300008,0.19288888888888883,0.09464420677487026,0.009464420677487026,100
US Power Grid — San Francisco,seamless,1.0,9,0.0666666666666666,0.474,0.16646742049635638,0.016646742049635642,0.19333333333333333,0.0868164695720302,0.008681646957203018,100
US Power Grid — San Francisco,seamless,1.0,10,0.074074074074074,0.4444444444444444,0.15990048310810584,0.01599004831081059,0.18814814814814812,0.08292768209257614,0.008292768209257614,100
US Power Grid — San Francisco,seamless,1.0,11,0.0814814814814814,0.41125925925925927,0.14578162225486732,0.014578162225486729,0.18340740740740738,0.07439600823808981,0.007439600823808982,100
US Power Grid — San Francisco,seamless,1.0,12,0.0888888888888888,0.3822962962962963,0.13550173823699763,0.013550173823699763,0.17755555555555552,0.06717976055588891,0.00671797605558889,100
US Power Grid — San Francisco,seamless,1.0,13,0.0962962962962963,0.3488148148148148,0.12331347461591897,0.012331347461591894,0.1724444444444444,0.062020230454293196,0.006202023045429319,100
US Power Grid — San Francisco,seamless,1.0,14,0.1037037037037037,0.32911111111111113,0.1164344210618287,0.011643442106182868,0.16088888888888886,0.05640409471628337,0.005640409471628338,100
US Power Grid — San Francisco,seamless,1.0,15,0.1111111111111111,0.3068888888888889,0.1114485709706556,0.01114485709706556,0.15407407407407403,0.053186812909970425,0.005318681290997042,100
US Power Grid — San Francisco,seamless,1.0,16,0.1185185185185185,0.2902222222222222,0.09737733871230911,0.009737733871230912,0.15170370370370367,0.05164814885237377,0.005164814885237378,100
US Power Grid — San Francisco,seamless,1.0,17,0.1259259259259259,0.26614814814814813,0.0876662074424304,0.00876662074424304,0.14540740740740737,0.04959164557019779,0.004959164557019779,100
US Power Grid — San Francisco,seamless,1.0,18,0.1333333333333333,0.2533333333333333,0.07894918912457011,0.00789491891245701,0.13948148148148143,0.047049893521230714,0.004704989352123072,100
US Power Grid — San Francisco,seamless,1.0,19,0.1407407407407407,0.23807407407407402,0.0731784236029146,0.00731784236029146,0.13429629629629627,0.04553658750008412,0.004553658750008413,100
US Power Grid — San Francisco,seamless,1.0,20,0.1481481481481481,0.22674074074074071,0.07078281087634279,0.007078281087634279,0.1268148148148148,0.044584888462014846,0.004458488846201485,100
US Power Grid — San Francisco,seamless,1.0,21,0.1555555555555555,0.21703703703703703,0.06577109735779044,0.006577109735779044,0.11962962962962959,0.044685404915064536,0.004468540491506454,100
US Power Grid — San Francisco,seamless,1.0,22,0.1629629629629629,0.2053333333333333,0.06742372655942824,0.006742372655942826,0.11607407407407404,0.040298659181179496,0.004029865918117949,100
US Power Grid — San Francisco,seamless,1.0,23,0.1703703703703703,0.18896296296296294,0.06307834765324748,0.006307834765324749,0.11229629629629626,0.03620800549100911,0.003620800549100911,100
US Power Grid — San Francisco,seamless,1.0,24,0.1777777777777777,0.17829629629629626,0.05858440082296943,0.005858440082296943,0.10466666666666662,0.03478614766448463,0.003478614766448463,100
US Power Grid — San Francisco,seamless,1.0,25,0.1851851851851852,0.17274074074074072,0.05892046813670719,0.005892046813670719,0.09911111111111107,0.033089769835590796,0.0033089769835590805,100
US Power Grid — San Francisco,seamless,1.0,26,0.1925925925925926,0.16496296296296292,0.059098688179237926,0.005909868817923793,0.09481481481481475,0.032484942788104244,0.0032484942788104246,100
US Power Grid — San Francisco,seamless,1.0,27,0.2,0.15599999999999997,0.05855189489867627,0.005855189489867628,0.0901481481481481,0.029724035908315103,0.0029724035908315098,100
US Power Grid — San Francisco,seamless,1.0,28,0.2074074074074074,0.15155555555555553,0.05912273836515431,0.005912273836515431,0.08629629629629625,0.026622047719565226,0.0026622047719565235,100
US Power Grid — San Francisco,seamless,1.0,29,0.2148148148148148,0.14370370370370367,0.05741615612227786,0.005741615612227784,0.08333333333333327,0.026932519412483726,0.002693251941248372,100
US Power Grid — San Francisco,seamless,1.0,30,0.2222222222222222,0.13696296296296293,0.05432603792460746,0.005432603792460746,0.07933333333333327,0.026516077276459295,0.0026516077276459303,100
US Power Grid — San Francisco,seamless,1.0,31,0.2296296296296296,0.12918518518518515,0.05154975865169885,0.0051549758651698845,0.07674074074074068,0.025410841802306117,0.002541084180230612,100
US Power Grid — San Francisco,seamless,1.0,32,0.237037037037037,0.1247407407407407,0.050456562333260464,0.005045656233326046,0.07414814814814809,0.024567478240553758,0.0024567478240553756,100
US Power Grid — San Francisco,seamless,1.0,33,0.2444444444444444,0.12029629629629625,0.04758943728704672,0.004758943728704672,0.07229629629629625,0.024195240277300807,0.0024195240277300805,100
US Power Grid — San Francisco,seamless,1.0,34,0.2518518518518519,0.11592592592592588,0.04830903506324974,0.004830903506324975,0.06888888888888883,0.0201833059597432,0.0020183305959743194,100
US Power Grid — San Francisco,seamless,1.0,35,0.2592592592592592,0.11059259259259255,0.04651916427335171,0.0046519164273351715,0.06659259259259254,0.01954137385531933,0.001954137385531934,100
US Power Grid — San Francisco,seamless,1.0,36,0.2666666666666666,0.10607407407407403,0.04748170384675779,0.0047481703846757786,0.0629629629629629,0.019934631503792644,0.001993463150379265,100
US Power Grid — San Francisco,seamless,1.0,37,0.2740740740740741,0.10177777777777773,0.04473802525311682,0.004473802525311681,0.061629629629629576,0.019833729884050216,0.0019833729884050216,100
US Power Grid — San Francisco,seamless,1.0,38,0.2814814814814815,0.10014814814814811,0.044212889756531905,0.00442128897565319,0.06037037037037032,0.01956631680238066,0.001956631680238066,100
US Power Grid — San Francisco,seamless,1.0,39,0.2888888888888889,0.09859259259259254,0.04376200085010854,0.0043762000850108545,0.05874074074074069,0.01892937424612911,0.0018929374246129105,100
US Power Grid — San Francisco,seamless,1.0,40,0.2962962962962963,0.09348148148148143,0.04130017563341104,0.004130017563341103,0.056814814814814756,0.016781373570076117,0.0016781373570076117,100
US Power Grid — San Francisco,seamless,1.0,41,0.3037037037037037,0.09014814814814809,0.0389701998545192,0.003897019985451921,0.05562962962962958,0.016630088305648404,0.0016630088305648408,100
US Power Grid — San Francisco,seamless,1.0,42,0.3111111111111111,0.0852592592592592,0.03521118617140268,0.0035211186171402683,0.05481481481481477,0.015509346505162457,0.001550934650516246,100
US Power Grid — San Francisco,seamless,1.0,43,0.3185185185185185,0.08081481481481477,0.031586958269440205,0.003158695826944021,0.05288888888888883,0.015075153627405798,0.0015075153627405798,100
US Power Grid — San Francisco,seamless,1.0,44,0.3259259259259259,0.07829629629629625,0.03004303813605115,0.003004303813605114,0.05155555555555551,0.014509384270926474,0.0014509384270926472,100
US Power Grid — San Francisco,seamless,1.0,45,0.3333333333333333,0.07614814814814809,0.02968718689420077,0.0029687186894200774,0.05022222222222217,0.013990537125802645,0.0013990537125802643,100
US Power Grid — San Francisco,seamless,1.0,46,0.3407407407407407,0.07407407407407401,0.029723010351623107,0.002972301035162311,0.04851851851851847,0.012021559014678386,0.001202155901467839,100
US Power Grid — San Francisco,seamless,1.0,47,0.3481481481481481,0.07111111111111107,0.029347704763201195,0.0029347704763201194,0.04577777777777773,0.01111136051596879,0.0011111360515968789,100
US Power Grid — San Francisco,seamless,1.0,48,0.3555555555555555,0.06770370370370365,0.024803784450092563,0.0024803784450092557,0.04392592592592588,0.010002285975569911,0.0010002285975569912,100
US Power Grid — San Francisco,seamless,1.0,49,0.362962962962963,0.06629629629629624,0.024315318349983493,0.0024315318349983498,0.04259259259259255,0.009140654518854017,0.0009140654518854015,100
US Power Grid — San Francisco,seamless,1.0,50,0.3703703703703704,0.0626666666666666,0.02268919507685954,0.0022689195076859544,0.041481481481481446,0.008871413174127714,0.0008871413174127716,100
US Power Grid — San Francisco,seamless,1.0,51,0.3777777777777777,0.06081481481481476,0.021274073865655413,0.002127407386565542,0.04059259259259255,0.008838866607163235,0.0008838866607163234,100
US Power Grid — San Francisco,seamless,1.0,52,0.3851851851851852,0.059925925925925876,0.021579301769130987,0.002157930176913098,0.03999999999999996,0.008617891726353511,0.0008617891726353511,100
US Power Grid — San Francisco,seamless,1.0,53,0.3925925925925926,0.05896296296296291,0.021471804004582536,0.0021471804004582536,0.03933333333333329,0.008598254001386476,0.0008598254001386475,100
US Power Grid — San Francisco,seamless,1.0,54,0.4,0.05718518518518514,0.021320526562886816,0.002132052656288681,0.038444444444444406,0.008533551042656563,0.0008533551042656564,100
US Power Grid — San Francisco,seamless,1.0,55,0.4074074074074074,0.05599999999999995,0.021456310962660055,0.0021456310962660063,0.037555555555555516,0.007896673767868316,0.0007896673767868317,100
US Power Grid — San Francisco,seamless,1.0,56,0.4148148148148148,0.05429629629629625,0.021345857195990692,0.0021345857195990683,0.037037037037037,0.007808092988070063,0.0007808092988070063,100
US Power Grid — San Francisco,seamless,1.0,57,0.4222222222222222,0.05237037037037032,0.019844206220997886,0.0019844206220997894,0.036518518518518485,0.008035820651657602,0.0008035820651657603,100
US Power Grid — San Francisco,seamless,1.0,58,0.4296296296296296,0.05155555555555551,0.020112333653750675,0.0020112333653750673,0.03577777777777774,0.008360329552375803,0.0008360329552375802,100
US Power Grid — San Francisco,seamless,1.0,59,0.437037037037037,0.05051851851851847,0.020344131657459314,0.002034413165745932,0.03511111111111107,0.008264650241424948,0.0008264650241424948,100
US Power Grid — San Francisco,seamless,1.0,60,0.4444444444444445,0.049333333333333285,0.018810861189867554,0.0018810861189867555,0.03385185185185182,0.008035820651657604,0.0008035820651657603,100
US Power Grid — San Francisco,seamless,1.0,61,0.4518518518518519,0.04799999999999995,0.01715455815438803,0.0017154558154388027,0.03318518518518515,0.008388457163036,0.0008388457163035999,100
US Power Grid — San Francisco,seamless,1.0,62,0.4592592592592592,0.04629629629629625,0.017053944992529817,0.001705394499252982,0.03251851851851848,0.008415832231164332,0.0008415832231164332,100
US Power Grid — San Francisco,seamless,1.0,63,0.4666666666666667,0.04555555555555551,0.01705394499252982,0.001705394499252982,0.03185185185185182,0.008455581684326531,0.000845558168432653,100
US Power Grid — San Francisco,seamless,1.0,64,0.4740740740740741,0.044666666666666625,0.016017580509223906,0.0016017580509223902,0.03125925925925923,0.00852607872195833,0.0008526078721958329,100
US Power Grid — San Francisco,seamless,1.0,65,0.4814814814814815,0.043481481481481433,0.01623069474522942,0.001623069474522942,0.030518518518518487,0.008441148995005176,0.0008441148995005174,100
US Power Grid — San Francisco,seamless,1.0,66,0.4888888888888889,0.04259259259259255,0.015980166726813492,0.0015980166726813495,0.030074074074074045,0.008210825831382529,0.0008210825831382526,100
US Power Grid — San Francisco,seamless,1.0,67,0.4962962962962963,0.04177777777777773,0.015563570165575448,0.0015563570165575444,0.029555555555555526,0.008188858609660454,0.0008188858609660453,100
US Power Grid — San Francisco,seamless,1.0,68,0.5037037037037038,0.040592592592592555,0.015128735421805664,0.0015128735421805662,0.029481481481481452,0.00815392782127254,0.0008153927821272538,100
US Power Grid — San Francisco,seamless,1.0,69,0.5111111111111112,0.039703703703703665,0.015166787829884093,0.0015166787829884096,0.029259259259259228,0.007834666268474622,0.0007834666268474622,100
US Power Grid — San Francisco,seamless,1.0,70,0.5185185185185185,0.03925925925925922,0.015383762685234956,0.0015383762685234957,0.028444444444444415,0.006881438835056235,0.0006881438835056234,100
US Power Grid — San Francisco,seamless,1.0,71,0.5259259259259259,0.03792592592592589,0.014253488515068066,0.001425348851506807,0.027925925925925896,0.006729553334749783,0.0006729553334749781,100
US Power Grid — San Francisco,seamless,1.0,72,0.5333333333333333,0.03718518518518515,0.014319439523117674,0.0014319439523117674,0.027703703703703675,0.006710171059196593,0.0006710171059196591,100
US Power Grid — San Francisco,seamless,1.0,73,0.5407407407407407,0.03688888888888885,0.014280681698766725,0.0014280681698766726,0.026814814814814788,0.006471345824126232,0.0006471345824126233,100
US Power Grid — San Francisco,seamless,1.0,74,0.5481481481481482,0.03570370370370367,0.012953820730007611,0.0012953820730007607,0.026296296296296272,0.006436566087066061,0.0006436566087066062,100
US Power Grid — San Francisco,seamless,1.0,75,0.5555555555555556,0.03518518518518515,0.012113415624540526,0.0012113415624540522,0.025555555555555533,0.00560830426426441,0.000560830426426441,100
US Power Grid — San Francisco,seamless,1.0,76,0.562962962962963,0.0333333333333333,0.011017186255270945,0.0011017186255270945,0.025259259259259235,0.005679012345679006,0.0005679012345679006,100
US Power Grid — San Francisco,seamless,1.0,77,0.5703703703703704,0.03274074074074071,0.010642571613490836,0.0010642571613490837,0.024740740740740716,0.005882745785871043,0.0005882745785871043,100
US Power Grid — San Francisco,seamless,1.0,78,0.5777777777777778,0.03237037037037034,0.010667279776202524,0.0010667279776202525,0.023851851851851825,0.005628526877246546,0.0005628526877246546,100
US Power Grid — San Francisco,seamless,1.0,79,0.5851851851851853,0.031999999999999966,0.010730738276340919,0.001073073827634092,0.023407407407407384,0.0057396846837681845,0.0005739684683768185,100
US Power Grid — San Francisco,seamless,1.0,80,0.5925925925925926,0.031185185185185153,0.01064855884957562,0.0010648558849575625,0.023037037037037012,0.005659459826470001,0.000565945982647,100
US Power Grid — San Francisco,seamless,1.0,81,0.6,0.030444444444444413,0.010092751331309305,0.0010092751331309303,0.022518518518518493,0.005563157288317721,0.0005563157288317721,100
US Power Grid — San Francisco,seamless,1.0,82,0.6074074074074074,0.030074074074074045,0.009866437029196823,0.0009866437029196823,0.022370370370370346,0.005468706359671635,0.0005468706359671633,100
US Power Grid — San Francisco,seamless,1.0,83,0.6148148148148148,0.028962962962962933,0.00862399926149417,0.000862399926149417,0.022222222222222202,0.005571121726595217,0.0005571121726595217,100
US Power Grid — San Francisco,seamless,1.0,84,0.6222222222222222,0.028518518518518488,0.00876930408781932,0.0008769304087819322,0.021555555555555533,0.0057757821718887725,0.0005775782171888773,100
US Power Grid — San Francisco,seamless,1.0,85,0.6296296296296297,0.027851851851851826,0.008625605788819725,0.0008625605788819725,0.021333333333333312,0.005598908042240619,0.0005598908042240618,100
US Power Grid — San Francisco,seamless,1.0,86,0.6370370370370371,0.027259259259259233,0.00821487489507799,0.0008214874895077987,0.02111111111111109,0.005706273319365274,0.0005706273319365274,100
US Power Grid — San Francisco,seamless,1.0,87,0.6444444444444445,0.026666666666666637,0.008155287149084142,0.0008155287149084145,0.020740740740740716,0.005470732932414782,0.0005470732932414782,100
US Power Grid — San Francisco,seamless,1.0,88,0.6518518518518519,0.025851851851851824,0.007179046363044292,0.0007179046363044295,0.020518518518518495,0.005353476530651614,0.0005353476530651616,100
US Power Grid — San Francisco,seamless,1.0,89,0.6592592592592593,0.025333333333333305,0.007231736612870523,0.0007231736612870524,0.019333333333333313,0.004812655995347985,0.0004812655995347987,100
US Power Grid — San Francisco,seamless,1.0,90,0.6666666666666667,0.025037037037037014,0.007353338017356868,0.0007353338017356865,0.018962962962962945,0.004627721267735717,0.0004627721267735717,100
US Power Grid — San Francisco,seamless,1.0,91,0.674074074074074,0.024666666666666642,0.006988134171893773,0.0006988134171893773,0.018666666666666647,0.0046468441643561535,0.00046468441643561536,100
US Power Grid — San Francisco,seamless,1.0,92,0.6814814814814815,0.024370370370370344,0.00684712327104298,0.0006847123271042979,0.018370370370370353,0.0042740759543566835,0.00042740759543566836,100
US Power Grid — San Francisco,seamless,1.0,93,0.6888888888888889,0.02370370370370368,0.0067414848115291545,0.0006741484811529154,0.017925925925925908,0.004102036475515094,0.0004102036475515094,100
US Power Grid — San Francisco,seamless,1.0,94,0.6962962962962963,0.023333333333333307,0.006853595798326379,0.000685359579832638,0.01762962962962961,0.004182318774471462,0.00041823187744714617,100
US Power Grid — San Francisco,seamless,1.0,95,0.7037037037037037,0.022148148148148125,0.006532295070254448,0.0006532295070254448,0.017333333333333315,0.00424022651048022,0.00042402265104802194,100
US Power Grid — San Francisco,seamless,1.0,96,0.7111111111111111,0.02185185185185183,0.006606537666784027,0.0006606537666784028,0.016962962962962947,0.004378485493925713,0.00043784854939257127,100
US Power Grid — San Francisco,seamless,1.0,97,0.7185185185185186,0.021185185185185165,0.006230482821192213,0.0006230482821192211,0.01614814814814813,0.0041289706878837274,0.00041289706878837274,100
US Power Grid — San Francisco,seamless,1.0,98,0.725925925925926,0.020814814814814793,0.0063777439295059565,0.0006377743929505954,0.01592592592592591,0.003850441481124225,0.0003850441481124226,100
US Power Grid — San Francisco,seamless,1.0,99,0.7333333333333334,0.020592592592592572,0.006454194069013521,0.0006454194069013521,0.015629629629629615,0.003780718176707963,0.0003780718176707963,100
US Power Grid — San Francisco,seamless,1.0,100,0.7407407407407408,0.01962962962962961,0.005990575149307522,0.0005990575149307522,0.015481481481481464,0.003809924622172558,0.0003809924622172558,100
US Power Grid — San Francisco,seamless,1.0,101,0.7481481481481482,0.019111111111111093,0.0057839329497722,0.00057839329497722,0.01518518518518517,0.0037037037037037,0.00037037037037036997,100
US Power Grid — San Francisco,seamless,1.0,102,0.7555555555555555,0.018444444444444427,0.005419329957482489,0.000541932995748249,0.015111111111111096,0.003634977774185794,0.00036349777741857944,100
US Power Grid — San Francisco,seamless,1.0,103,0.762962962962963,0.017703703703703687,0.005037719194141943,0.0005037719194141944,0.014740740740740726,0.003867675919273764,0.00038676759192737636,100
US Power Grid — San Francisco,seamless,1.0,104,0.7703703703703704,0.01740740740740739,0.005197996039016564,0.0005197996039016565,0.014518518518518504,0.0036349777741857938,0.0003634977774185794,100
US Power Grid — San Francisco,seamless,1.0,105,0.7777777777777778,0.01703703703703702,0.005103846016117647,0.0005103846016117648,0.014370370370370356,0.0036196982707611615,0.0003619698270761162,100
US Power Grid — San Francisco,seamless,1.0,106,0.7851851851851852,0.016814814814814796,0.005033316554721827,0.0005033316554721827,0.013777777777777764,0.003798998518166556,0.0003798998518166555,100
US Power Grid — San Francisco,seamless,1.0,107,0.7925925925925926,0.016370370370370355,0.0047430549906909945,0.0004743054990690995,0.013555555555555541,0.0038041012720020162,0.0003804101272002017,100
US Power Grid — San Francisco,seamless,1.0,108,0.8,0.01614814814814813,0.004868189580306494,0.0004868189580306494,0.012814814814814801,0.004057887103181639,0.0004057887103181639,100
US Power Grid — San Francisco,seamless,1.0,109,0.8074074074074075,0.015629629629629615,0.004696081265781641,0.0004696081265781641,0.012666666666666652,0.004117545175350315,0.0004117545175350316,100
US Power Grid — San Francisco,seamless,1.0,110,0.8148148148148149,0.015481481481481464,0.004835633714882221,0.0004835633714882221,0.01222222222222221,0.0039917888313756944,0.0003991788831375695,100
US Power Grid — San Francisco,seamless,1.0,111,0.8222222222222223,0.014888888888888873,0.0047663682547265974,0.00047663682547265964,0.011555555555555543,0.00412090890859274,0.0004120908908592739,100
US Power Grid — San Francisco,seamless,1.0,112,0.8296296296296297,0.014592592592592577,0.004876720791208959,0.00048767207912089595,0.011185185185185173,0.004144378598294006,0.00041443785982940063,100
US Power Grid — San Francisco,seamless,1.0,113,0.837037037037037,0.014296296296296283,0.004853937574841999,0.0004853937574841998,0.011037037037037026,0.004008415583651946,0.00040084155836519455,100
US Power Grid — San Francisco,seamless,1.0,114,0.8444444444444444,0.014296296296296283,0.004853937574841999,0.0004853937574841998,0.010666666666666656,0.003842516530016726,0.0003842516530016725,100
US Power Grid — San Francisco,seamless,1.0,115,0.8518518518518519,0.013999999999999986,0.0049264729984333155,0.0004926472998433314,0.010370370370370361,0.003647155288276521,0.0003647155288276522,100
US Power Grid — San Francisco,seamless,1.0,116,0.8592592592592593,0.013555555555555541,0.004714926914680934,0.00047149269146809345,0.010074074074074063,0.003573467787588308,0.0003573467787588306,100
US Power Grid — San Francisco,seamless,1.0,117,0.8666666666666667,0.013037037037037024,0.004356277250983863,0.0004356277250983862,0.00985185185185184,0.0035006041675945208,0.00035006041675945216,100
US Power Grid — San Francisco,seamless,1.0,118,0.8740740740740741,0.012518518518518507,0.004428829033775334,0.00044288290337753317,0.009333333333333324,0.003265511127976352,0.0003265511127976353,100
US Power Grid — San Francisco,seamless,1.0,119,0.8814814814814815,0.011555555555555543,0.004381648911355888,0.00043816489113558877,0.009111111111111103,0.0031329821087529657,0.00031329821087529655,100
US Power Grid — San Francisco,seamless,1.0,120,0.888888888888889,0.011259259259259247,0.004401840948778548,0.0004401840948778547,0.00888888888888888,0.002977889822990255,0.00029778898229902554,100
US Power Grid — San Francisco,seamless,1.0,121,0.8962962962962964,0.010962962962962952,0.004401840948778547,0.0004401840948778547,0.008666666666666658,0.002796482726434343,0.00027964827264343443,100
US Power Grid — San Francisco,seamless,1.0,122,0.9037037037037038,0.010666666666666656,0.004381648911355887,0.00043816489113558877,0.008222222222222214,0.0023293780572979247,0.00023293780572979238,100
US Power Grid — San Francisco,seamless,1.0,123,0.9111111111111112,0.010222222222222212,0.004312802894409862,0.00043128028944098624,0.007851851851851844,0.0017680241227847541,0.00017680241227847538,100
US Power Grid — San Francisco,seamless,1.0,124,0.9185185185185184,0.009777777777777767,0.004061300247954615,0.00040613002479546146,0.00777777777777777,0.0016225401004265926,0.0001622540100426593,100
US Power Grid — San Francisco,seamless,1.0,125,0.925925925925926,0.009111111111111103,0.003468794292435544,0.0003468794292435544,0.0074814814814814735,0.0007407407407407398,7.407407407407398e-05,100
US Power Grid — San Francisco,seamless,1.0,126,0.9333333333333332,0.008814814814814805,0.0031045483307252275,0.0003104548330725227,0.007407407407407401,0.0,1.7434626923745965e-19,100
US Power Grid — San Francisco,seamless,1.0,127,0.9407407407407408,0.008296296296296288,0.002419249128674741,0.00024192491286747415,0.007407407407407401,0.0,1.7434626923745965e-19,100
US Power Grid — San Francisco,seamless,1.0,128,0.9481481481481482,0.008222222222222214,0.0023293780572979242,0.00023293780572979238,0.007407407407407401,0.0,1.7434626923745965e-19,100
US Power Grid — San Francisco,seamless,1.0,129,0.9555555555555556,0.007999999999999991,0.0020197031432910404,0.00020197031432910402,0.007407407407407401,0.0,1.7434626923745965e-19,100
US Power Grid — San Francisco,seamless,1.0,130,0.962962962962963,0.007925925925925918,0.0018994992590832776,0.00018994992590832776,0.007407407407407401,0.0,1.7434626923745965e-19,100
US Power Grid — San Francisco,seamless,1.0,131,0.9703703703703704,0.007703703703703696,0.0014588621153106087,0.00014588621153106086,0.007407407407407401,0.0,1.7434626923745965e-19,100
US Power Grid — San Francisco,seamless,1.0,132,0.977777777777778,0.0074814814814814735,0.00074074074074074,7.407407407407399e-05,0.007407407407407401,0.0,1.7434626923745965e-19,100
US Power Grid — San Francisco,seamless,1.0,133,0.9851851851851852,0.007407407407407401,0.0,1.7434626923745965e-19,0.007407407407407401,0.0,1.7434626923745965e-19,100
US Power Grid — San Francisco,seamless,1.0,134,0.9925925925925926,0.007407407407407401,0.0,1.7434626923745965e-19,0.0,0.0,0.0,100
US Power Grid — San Francisco,seamless,1.0,135,1.0,0.0,0.0,0.0,0.0,0.0,0.0,100
US Power Grid — San Francisco,seamless,2.0,0,0.0,1.0,0.0,0.0,0.0,0.0,0.0,100
US Power Grid — San Francisco,seamless,2.0,1,0.0074074074074074,0.8817037037037037,0.14217067512676027,0.014217067512676027,0.09007407407407404,0.1224367286328924,0.012243672863289241,100
US Power Grid — San Francisco,seamless,2.0,2,0.0148148148148148,0.7829629629629631,0.17304621277477109,0.01730462127747711,0.14044444444444443,0.13153343056183225,0.013153343056183228,100
US Power Grid — San Francisco,seamless,2.0,3,0.0222222222222222,0.6793333333333333,0.182574322441204,0.01825743224412039,0.18488888888888888,0.12510203398220984,0.012510203398220987,100
US Power Grid — San Francisco,seamless,2.0,4,0.0296296296296296,0.5942962962962963,0.16929786529016938,0.01692978652901694,0.20911111111111108,0.10820161237596072,0.01082016123759607,100
US Power Grid — San Francisco,seamless,2.0,5,0.037037037037037,0.5414074074074073,0.16127787422668818,0.016127787422668825,0.20659259259259255,0.09336465249260738,0.009336465249260736,100
US Power Grid — San Francisco,seamless,2.0,6,0.0444444444444444,0.48992592592592593,0.1479310792827545,0.014793107928275451,0.20340740740740737,0.08340364494380834,0.008340364494380834,100
US Power Grid — San Francisco,seamless,2.0,7,0.0518518518518518,0.4562222222222222,0.14361988985965102,0.014361988985965099,0.18851851851851847,0.07391209375274997,0.007391209375274997,100
US Power Grid — San Francisco,seamless,2.0,8,0.0592592592592592,0.41903703703703704,0.13500738580557717,0.013500738580557715,0.17985185185185182,0.06981452951701174,0.006981452951701174,100
US Power Grid — San Francisco,seamless,2.0,9,0.0666666666666666,0.37199999999999994,0.13528348951504543,0.013528348951504541,0.17696296296296293,0.06686088017937573,0.006686088017937573,100
US Power Grid — San Francisco,seamless,2.0,10,0.074074074074074,0.339037037037037,0.12597149326299048,0.012597149326299049,0.16377777777777772,0.06254361795655168,0.006254361795655169,100
US Power Grid — San Francisco,seamless,2.0,11,0.0814814814814814,0.30348148148148146,0.11467995893766993,0.011467995893766993,0.15748148148148144,0.058550001712473806,0.00585500017124738,100
US Power Grid — San Francisco,seamless,2.0,12,0.0888888888888888,0.27644444444444444,0.10982359157375768,0.010982359157375767,0.14748148148148144,0.05343730772006485,0.005343730772006485,100
US Power Grid — San Francisco,seamless,2.0,13,0.0962962962962963,0.2514814814814815,0.09082182562534673,0.00908218256253467,0.14007407407407402,0.04764734223133072,0.0047647342231330716,100
US Power Grid — San Francisco,seamless,2.0,14,0.1037037037037037,0.23496296296296293,0.08883949244779232,0.00888394924477923,0.12570370370370365,0.045106123296534746,0.0045106123296534744,100
US Power Grid — San Francisco,seamless,2.0,15,0.1111111111111111,0.21548148148148144,0.08372647836658667,0.008372647836658666,0.11925925925925922,0.03995952005284571,0.00399595200528457,100
US Power Grid — San Francisco,seamless,2.0,16,0.1185185185185185,0.19999999999999996,0.081191880685453,0.008119188068545297,0.10940740740740736,0.0383653318122939,0.00383653318122939,100
US Power Grid — San Francisco,seamless,2.0,17,0.1259259259259259,0.18955555555555553,0.0814515130414151,0.008145151304141507,0.10311111111111107,0.037293240308114525,0.0037293240308114524,100
US Power Grid — San Francisco,seamless,2.0,18,0.1333333333333333,0.17718518518518514,0.07768012682364715,0.007768012682364716,0.09407407407407402,0.03108116778260349,0.00310811677826035,100
US Power Grid — San Francisco,seamless,2.0,19,0.1407407407407407,0.16177777777777774,0.07296377005180481,0.007296377005180481,0.09022222222222216,0.029373754870005212,0.002937375487000522,100
US Power Grid — San Francisco,seamless,2.0,20,0.1481481481481481,0.1486666666666666,0.06509989148161219,0.006509989148161218,0.0832592592592592,0.02485066453525125,0.002485066453525125,100
US Power Grid — San Francisco,seamless,2.0,21,0.1555555555555555,0.14318518518518514,0.06444788445824254,0.006444788445824255,0.080074074074074,0.02388573483385053,0.0023885734833850526,100
US Power Grid — San Francisco,seamless,2.0,22,0.1629629629629629,0.12851851851851848,0.05674008433245808,0.005674008433245808,0.07511111111111106,0.0228498475086603,0.0022849847508660307,100
US Power Grid — San Francisco,seamless,2.0,23,0.1703703703703703,0.11992592592592588,0.053536784080913426,0.005353678408091343,0.07051851851851847,0.020237604276311404,0.002023760427631141,100
US Power Grid — San Francisco,seamless,2.0,24,0.1777777777777777,0.11259259259259254,0.0467656714978993,0.004676567149789931,0.06755555555555551,0.01898857230708385,0.001898857230708385,100
US Power Grid — San Francisco,seamless,2.0,25,0.1851851851851852,0.10548148148148144,0.04464501444716997,0.004464501444716997,0.06474074074074068,0.01728779819287807,0.001728779819287807,100
US Power Grid — San Francisco,seamless,2.0,26,0.1925925925925926,0.10007407407407402,0.04094591738674597,0.004094591738674597,0.06170370370370365,0.01671518895941599,0.001671518895941599,100
US Power Grid — San Francisco,seamless,2.0,27,0.2,0.09251851851851846,0.032849630937969526,0.0032849630937969534,0.059851851851851795,0.016602904176581768,0.001660290417658176,100
US Power Grid — San Francisco,seamless,2.0,28,0.2074074074074074,0.08785185185185179,0.03231422121556645,0.0032314221215566444,0.05762962962962957,0.01588293207439599,0.001588293207439599,100
US Power Grid — San Francisco,seamless,2.0,29,0.2148148148148148,0.08118518518518514,0.028386179257754343,0.002838617925775434,0.05540740740740736,0.014377380358338063,0.0014377380358338062,100
US Power Grid — San Francisco,seamless,2.0,30,0.2222222222222222,0.07570370370370365,0.022814892552133856,0.002281489255213386,0.053407407407407355,0.011878710680928961,0.0011878710680928962,100
US Power Grid — San Francisco,seamless,2.0,31,0.2296296296296296,0.07288888888888884,0.023346542262099874,0.002334654226209987,0.051629629629629574,0.011555162252172742,0.0011555162252172744,100
US Power Grid — San Francisco,seamless,2.0,32,0.237037037037037,0.06933333333333327,0.02281343493332227,0.002281343493332227,0.04970370370370365,0.01105710782124984,0.0011057107821249837,100
US Power Grid — San Francisco,seamless,2.0,33,0.2444444444444444,0.06540740740740734,0.022035755903745066,0.0022035755903745064,0.04822222222222217,0.011460765980664644,0.0011460765980664642,100
US Power Grid — San Francisco,seamless,2.0,34,0.2518518518518519,0.06288888888888883,0.020858385818192448,0.0020858385818192443,0.046740740740740694,0.01137338540668694,0.0011373385406686944,100
US Power Grid — San Francisco,seamless,2.0,35,0.2592592592592592,0.059851851851851795,0.01732174799322793,0.0017321747993227926,0.045037037037036994,0.01087439578480489,0.0010874395784804887,100
US Power Grid — San Francisco,seamless,2.0,36,0.2666666666666666,0.05888888888888883,0.017785725870121415,0.0017785725870121418,0.04451851851851847,0.010966511392244293,0.0010966511392244292,100
US Power Grid — San Francisco,seamless,2.0,37,0.2740740740740741,0.056592592592592535,0.016993552078291403,0.0016993552078291402,0.043555555555555514,0.01085398969479375,0.001085398969479375,100
US Power Grid — San Francisco,seamless,2.0,38,0.2814814814814815,0.055111111111111055,0.017084629114114715,0.001708462911411472,0.042296296296296255,0.0103850572073151,0.0010385057207315102,100
US Power Grid — San Francisco,seamless,2.0,39,0.2888888888888889,0.054074074074074024,0.016663548779319828,0.0016663548779319824,0.04051851851851848,0.00864710445832338,0.0008647104458323381,100
US Power Grid — San Francisco,seamless,2.0,40,0.2962962962962963,0.05266666666666661,0.015683297840410223,0.0015683297840410222,0.03896296296296292,0.0074163806480170655,0.0007416380648017065,100
US Power Grid — San Francisco,seamless,2.0,41,0.3037037037037037,0.05066666666666662,0.015283277927063547,0.0015283277927063544,0.03814814814814811,0.006853595798326378,0.0006853595798326378,100
US Power Grid — San Francisco,seamless,2.0,42,0.3111111111111111,0.04925925925925921,0.01475389645062666,0.0014753896450626662,0.03755555555555552,0.006679955164550262,0.0006679955164550263,100
US Power Grid — San Francisco,seamless,2.0,43,0.3185185185185185,0.04770370370370365,0.013659395918823144,0.0013659395918823145,0.03644444444444441,0.006288919778347902,0.0006288919778347903,100
US Power Grid — San Francisco,seamless,2.0,44,0.3259259259259259,0.04599999999999995,0.012690799028682975,0.001269079902868298,0.03570370370370367,0.006606957116177599,0.0006606957116177599,100
US Power Grid — San Francisco,seamless,2.0,45,0.3333333333333333,0.044592592592592545,0.011723018437990868,0.0011723018437990865,0.03459259259259256,0.006144040564404934,0.0006144040564404935,100
US Power Grid — San Francisco,seamless,2.0,46,0.3407407407407407,0.04325925925925921,0.011615679056541456,0.0011615679056541457,0.0333333333333333,0.006617015925020724,0.0006617015925020724,100
US Power Grid — San Francisco,seamless,2.0,47,0.3481481481481481,0.042666666666666624,0.01182376019857489,0.001182376019857489,0.03251851851851848,0.006975432792912,0.0006975432792912,100
US Power Grid — San Francisco,seamless,2.0,48,0.3555555555555555,0.04103703703703699,0.011113355553333997,0.0011113355553333995,0.03148148148148145,0.007246665974122521,0.0007246665974122519,100
US Power Grid — San Francisco,seamless,2.0,49,0.362962962962963,0.040148148148148106,0.01084888217500842,0.001084888217500842,0.030222222222222192,0.00742086319943752,0.000742086319943752,100
US Power Grid — San Francisco,seamless,2.0,50,0.3703703703703704,0.03918518518518514,0.011255822816199563,0.0011255822816199565,0.029629629629629603,0.007518803243297064,0.0007518803243297064,100
US Power Grid — San Francisco,seamless,2.0,51,0.3777777777777777,0.038444444444444406,0.011373385406686936,0.0011373385406686935,0.029111111111111084,0.007160493827160488,0.0007160493827160488,100
US Power Grid — San Francisco,seamless,2.0,52,0.3851851851851852,0.03688888888888885,0.01109139040544227,0.0011091390405442267,0.028666666666666635,0.006876201665146421,0.000687620166514642,100
US Power Grid — San Francisco,seamless,2.0,53,0.3925925925925926,0.036074074074074036,0.01112506917265605,0.0011125069172656051,0.027703703703703675,0.00679226575734586,0.000679226575734586,100
US Power Grid — San Francisco,seamless,2.0,54,0.4,0.035629629629629594,0.011077139737343648,0.0011077139737343648,0.02688888888888886,0.006713061327762111,0.0006713061327762111,100
US Power Grid — San Francisco,seamless,2.0,55,0.4074074074074074,0.03407407407407404,0.010685189885891708,0.001068518988589171,0.026592592592592564,0.00666666666666666,0.0006666666666666661,100
US Power Grid — San Francisco,seamless,2.0,56,0.4148148148148148,0.033037037037037004,0.010758592953155366,0.0010758592953155365,0.025999999999999975,0.0065322950702544486,0.000653229507025445,100
US Power Grid — San Francisco,seamless,2.0,57,0.4222222222222222,0.03237037037037034,0.01102498104973041,0.0011024981049730415,0.025481481481481456,0.0063450719619500716,0.0006345071961950074,100
US Power Grid — San Francisco,seamless,2.0,58,0.4296296296296296,0.03185185185185182,0.01121660852852882,0.001121660852852882,0.025037037037037014,0.006209096661450454,0.0006209096661450456,100
US Power Grid — San Francisco,seamless,2.0,59,0.437037037037037,0.031037037037037005,0.010824076514279154,0.0010824076514279156,0.023925925925925903,0.005556677776666998,0.0005556677776666998,100
US Power Grid — San Francisco,seamless,2.0,60,0.4444444444444445,0.030592592592592564,0.011125069172656052,0.0011125069172656051,0.023629629629629605,0.005439745663449155,0.0005439745663449155,100
US Power Grid — San Francisco,seamless,2.0,61,0.4518518518518519,0.029925925925925894,0.011286555998903616,0.0011286555998903617,0.023333333333333307,0.005706273319365276,0.0005706273319365274,100
US Power Grid — San Francisco,seamless,2.0,62,0.4592592592592592,0.028296296296296267,0.010119349855395426,0.001011934985539543,0.022222222222222202,0.005470732932414783,0.0005470732932414782,100
US Power Grid — San Francisco,seamless,2.0,63,0.4666666666666667,0.0276296296296296,0.009048020653792259,0.0009048020653792258,0.021407407407407385,0.005659459826470001,0.000565945982647,100
US Power Grid — San Francisco,seamless,2.0,64,0.4740740740740741,0.027407407407407377,0.009026248827332472,0.0009026248827332473,0.02111111111111109,0.0056083042642644096,0.0005608304264264409,100
US Power Grid — San Francisco,seamless,2.0,65,0.4814814814814815,0.026592592592592564,0.009244357630987033,0.0009244357630987033,0.020518518518518495,0.005353476530651617,0.0005353476530651614,100
US Power Grid — San Francisco,seamless,2.0,66,0.4888888888888889,0.025777777777777754,0.008255256302903184,0.0008255256302903184,0.020148148148148127,0.005376720061622394,0.0005376720061622393,100
US Power Grid — San Francisco,seamless,2.0,67,0.4962962962962963,0.025333333333333305,0.008167510918846025,0.0008167510918846025,0.019777777777777755,0.005374142411509428,0.0005374142411509429,100
US Power Grid — San Francisco,seamless,2.0,68,0.5037037037037038,0.024518518518518495,0.008066110839462202,0.0008066110839462202,0.01970370370370368,0.005391132126698011,0.0005391132126698012,100
US Power Grid — San Francisco,seamless,2.0,69,0.5111111111111112,0.023925925925925903,0.007581566547047627,0.0007581566547047627,0.019407407407407387,0.005241001488637359,0.0005241001488637359,100
US Power Grid — San Francisco,seamless,2.0,70,0.5185185185185185,0.023629629629629605,0.00756986094663266,0.000756986094663266,0.019037037037037016,0.00518518518518518,0.0005185185185185179,100
US Power Grid — San Francisco,seamless,2.0,71,0.5259259259259259,0.022888888888888865,0.0072252192885461745,0.0007225219288546173,0.01814814814814813,0.004752394020143683,0.0004752394020143682,100
US Power Grid — San Francisco,seamless,2.0,72,0.5333333333333333,0.022370370370370346,0.007061116186093958,0.0007061116186093957,0.01777777777777776,0.004708457230842427,0.0004708457230842426,100
US Power Grid — San Francisco,seamless,2.0,73,0.5407407407407407,0.02207407407407405,0.00706111618609396,0.0007061116186093957,0.01711111111111109,0.004171039398152949,0.00041710393981529486,100
US Power Grid — San Francisco,seamless,2.0,74,0.5481481481481482,0.021407407407407385,0.006650018702943447,0.0006650018702943445,0.01666666666666665,0.003850441481124226,0.0003850441481124225,100
US Power Grid — San Francisco,seamless,2.0,75,0.5555555555555556,0.020740740740740716,0.00613907714082035,0.000613907714082035,0.01629629629629628,0.0034918853391928233,0.00034918853391928227,100
US Power Grid — San Francisco,seamless,2.0,76,0.562962962962963,0.020444444444444425,0.005966936283256571,0.0005966936283256572,0.01614814814814813,0.0032245198236328645,0.00032245198236328655,100
US Power Grid — San Francisco,seamless,2.0,77,0.5703703703703704,0.019851851851851832,0.005755113971507469,0.0005755113971507469,0.01592592592592591,0.0030468848396180046,0.0003046884839618005,100
US Power Grid — San Francisco,seamless,2.0,78,0.5777777777777778,0.019851851851851832,0.005755113971507469,0.0005755113971507469,0.015777777777777762,0.0029129714595384965,0.00029129714595384947,100
US Power Grid — San Francisco,seamless,2.0,79,0.5851851851851853,0.018962962962962945,0.005401402915446021,0.0005401402915446022,0.015629629629629615,0.0027645902197772974,0.00027645902197772975,100
US Power Grid — San Francisco,seamless,2.0,80,0.5925925925925926,0.01874074074074072,0.005206519096249488,0.0005206519096249488,0.015333333333333319,0.002633160241887829,0.0002633160241887829,100
US Power Grid — San Francisco,seamless,2.0,81,0.6,0.018074074074074055,0.004861353832146011,0.00048613538321460106,0.015037037037037022,0.0026749258969933154,0.0002674925896993316,100
US Power Grid — San Francisco,seamless,2.0,82,0.6074074074074074,0.017925925925925908,0.004845366249816209,0.00048453662498162096,0.014518518518518504,0.0029629629629629598,0.0002962962962962959,100
US Power Grid — San Francisco,seamless,2.0,83,0.6148148148148148,0.017851851851851834,0.004835633714882222,0.0004835633714882222,0.014296296296296283,0.0032029624230795494,0.000320296242307955,100
US Power Grid — San Francisco,seamless,2.0,84,0.6222222222222222,0.017481481481481466,0.004884102453498229,0.0004884102453498229,0.014296296296296283,0.0032029624230795494,0.000320296242307955,100
US Power Grid — San Francisco,seamless,2.0,85,0.6296296296296297,0.01688888888888887,0.005058031553564278,0.000505803155356428,0.014074074074074058,0.003245080200853187,0.00032450802008531865,100
US Power Grid — San Francisco,seamless,2.0,86,0.6370370370370371,0.016592592592592575,0.005062412699083434,0.0005062412699083433,0.013481481481481468,0.0032245198236328645,0.0003224519823632865,100
US Power Grid — San Francisco,seamless,2.0,87,0.6444444444444445,0.016444444444444428,0.0050029435295119076,0.0005002943529511907,0.013111111111111098,0.003305155876581283,0.00033051558765812835,100
US Power Grid — San Francisco,seamless,2.0,88,0.6518518518518519,0.016222222222222204,0.004789568042591335,0.0004789568042591334,0.012666666666666652,0.003378133493126431,0.00033781334931264306,100
US Power Grid — San Francisco,seamless,2.0,89,0.6592592592592593,0.015999999999999983,0.004906745608976905,0.0004906745608976906,0.012444444444444432,0.0034727864612011127,0.0003472786461201112,100
US Power Grid — San Francisco,seamless,2.0,90,0.6666666666666667,0.015629629629629615,0.004696081265781641,0.0004696081265781641,0.01222222222222221,0.0035509072995637174,0.00035509072995637173,100
US Power Grid — San Francisco,seamless,2.0,91,0.674074074074074,0.015629629629629615,0.004696081265781641,0.0004696081265781641,0.01185185185185184,0.003647155288276523,0.0003647155288276522,100
US Power Grid — San Francisco,seamless,2.0,92,0.6814814814814815,0.01518518518518517,0.004513124413666236,0.0004513124413666235,0.011481481481481471,0.0037037037037037004,0.00037037037037036997,100
US Power Grid — San Francisco,seamless,2.0,93,0.6888888888888889,0.014222222222222207,0.0044269514830513265,0.00044269514830513266,0.011185185185185173,0.0037216177318199336,0.00037216177318199323,100
US Power Grid — San Francisco,seamless,2.0,94,0.6962962962962963,0.014074074074074058,0.004145047208219836,0.0004145047208219836,0.010740740740740731,0.0037037037037037,0.00037037037037036997,100
US Power Grid — San Francisco,seamless,2.0,95,0.7037037037037037,0.013703703703703688,0.0033912334297953105,0.00033912334297953115,0.010666666666666656,0.0036954640857026536,0.0003695464085702654,100
US Power Grid — San Francisco,seamless,2.0,96,0.7111111111111111,0.013481481481481468,0.003551687633008927,0.00035516876330089276,0.010222222222222212,0.003613568379367133,0.0003613568379367133,100
US Power Grid — San Francisco,seamless,2.0,97,0.7185185185185186,0.013185185185185171,0.0037342548402792357,0.00037342548402792346,0.00985185185185184,0.003500604167594521,0.0003500604167594521,100
US Power Grid — San Francisco,seamless,2.0,98,0.725925925925926,0.012962962962962949,0.0038504414811242264,0.0003850441481124225,0.009111111111111103,0.0031329821087529653,0.00031329821087529655,100
US Power Grid — San Francisco,seamless,2.0,99,0.7333333333333334,0.012592592592592579,0.0037223622787378183,0.0003722362278737819,0.00888888888888888,0.0029778898229902546,0.00029778898229902554,100
US Power Grid — San Francisco,seamless,2.0,100,0.7407407407407408,0.011925925925925913,0.0037807181767079627,0.00037807181767079626,0.00851851851851851,0.0026582983798713804,0.00026582983798713805,100
US Power Grid — San Francisco,seamless,2.0,101,0.7481481481481482,0.011555555555555543,0.0038425165300167243,0.0003842516530016725,0.00851851851851851,0.0026582983798713804,0.00026582983798713805,100
US Power Grid — San Francisco,seamless,2.0,102,0.7555555555555555,0.011185185185185173,0.003867675919273764,0.00038676759192737636,0.008296296296296288,0.002419249128674741,0.00024192491286747415,100
US Power Grid — San Francisco,seamless,2.0,103,0.762962962962963,0.010888888888888877,0.0038619396522396373,0.0003861939652239637,0.008074074074074065,0.0021305443797382303,0.00021305443797382302,100
US Power Grid — San Francisco,seamless,2.0,104,0.7703703703703704,0.010814814814814803,0.0038569134202008134,0.0003856913420200813,0.007851851851851844,0.0017680241227847537,0.0001768024122784754,100
US Power Grid — San Francisco,seamless,2.0,105,0.7777777777777778,0.010370370370370358,0.003647155288276522,0.0003647155288276522,0.007851851851851844,0.0017680241227847537,0.0001768024122784754,100
US Power Grid — San Francisco,seamless,2.0,106,0.7851851851851852,0.010074074074074063,0.0035734677875883056,0.0003573467787588306,0.007703703703703696,0.001458862115310609,0.00014588621153106086,100
US Power Grid — San Francisco,seamless,2.0,107,0.7925925925925926,0.009777777777777767,0.0034727864612011123,0.0003472786461201112,0.007629629629629622,0.0012699748740575192,0.0001269974874057519,100
US Power Grid — San Francisco,seamless,2.0,108,0.8,0.009481481481481473,0.0033426730359571296,0.000334267303595713,0.007555555555555548,0.0010422614380465893,0.00010422614380465891,100
US Power Grid — San Francisco,seamless,2.0,109,0.8074074074074075,0.00925925925925925,0.0032236602954758826,0.00032236602954758826,0.007555555555555548,0.0010422614380465893,0.00010422614380465891,100
US Power Grid — San Francisco,seamless,2.0,110,0.8148148148148149,0.009037037037037027,0.003083949628838712,0.00030839496288387124,0.0074814814814814735,0.00074074074074074,7.407407407407398e-05,100
US Power Grid — San Francisco,seamless,2.0,111,0.8222222222222223,0.008962962962962954,0.00303229763511357,0.00030322976351135697,0.0074814814814814735,0.00074074074074074,7.407407407407398e-05,100
US Power Grid — San Francisco,seamless,2.0,112,0.8296296296296297,0.008592592592592584,0.0027292811050182984,0.0002729281105018298,0.0074814814814814735,0.00074074074074074,7.407407407407398e-05,100
US Power Grid — San Francisco,seamless,2.0,113,0.837037037037037,0.008592592592592584,0.0027292811050182984,0.0002729281105018298,0.0074814814814814735,0.00074074074074074,7.407407407407398e-05,100
US Power Grid — San Francisco,seamless,2.0,114,0.8444444444444444,0.008296296296296288,0.0024192491286747415,0.00024192491286747415,0.007407407407407401,0.0,1.7434626923745965e-19,100
US Power Grid — San Francisco,seamless,2.0,115,0.8518518518518519,0.008222222222222214,0.0023293780572979242,0.0002329378057297924,0.007407407407407401,0.0,1.7434626923745965e-19,100
US Power Grid — San Francisco,seamless,2.0,116,0.8592592592592593,0.00814814814814814,0.002233417367242691,0.00022334173672426913,0.007407407407407401,0.0,1.7434626923745965e-19,100
US Power Grid — San Francisco,seamless,2.0,117,0.8666666666666667,0.007851851851851844,0.001768024122784754,0.0001768024122784754,0.007407407407407401,0.0,1.7434626923745965e-19,100
US Power Grid — San Francisco,seamless,2.0,118,0.8740740740740741,0.007703703703703696,0.0014588621153106087,0.00014588621153106086,0.007407407407407401,0.0,1.7434626923745965e-19,100
US Power Grid — San Francisco,seamless,2.0,119,0.8814814814814815,0.007703703703703696,0.0014588621153106087,0.00014588621153106086,0.007407407407407401,0.0,1.7434626923745965e-19,100
US Power Grid — San Francisco,seamless,2.0,120,0.888888888888889,0.007629629629629622,0.0012699748740575194,0.0001269974874057519,0.007407407407407401,0.0,1.7434626923745965e-19,100
US Power Grid — San Francisco,seamless,2.0,121,0.8962962962962964,0.007629629629629622,0.0012699748740575194,0.0001269974874057519,0.007407407407407401,0.0,1.7434626923745965e-19,100
US Power Grid — San Francisco,seamless,2.0,122,0.9037037037037038,0.007555555555555548,0.0010422614380465893,0.00010422614380465891,0.007407407407407401,0.0,1.7434626923745965e-19,100
US Power Grid — San Francisco,seamless,2.0,123,0.9111111111111112,0.0074814814814814735,0.00074074074074074,7.407407407407398e-05,0.007407407407407401,0.0,1.7434626923745965e-19,100
US Power Grid — San Francisco,seamless,2.0,124,0.9185185185185184,0.0074814814814814735,0.00074074074074074,7.407407407407398e-05,0.007407407407407401,0.0,1.7434626923745965e-19,100
US Power Grid — San Francisco,seamless,2.0,125,0.925925925925926,0.0074814814814814735,0.00074074074074074,7.407407407407398e-05,0.007407407407407401,0.0,1.7434626923745965e-19,100
US Power Grid — San Francisco,seamless,2.0,126,0.9333333333333332,0.0074814814814814735,0.00074074074074074,7.407407407407398e-05,0.007407407407407401,0.0,1.7434626923745965e-19,100
US Power Grid — San Francisco,seamless,2.0,127,0.9407407407407408,0.0074814814814814735,0.00074074074074074,7.407407407407398e-05,0.007407407407407401,0.0,1.7434626923745965e-19,100
US Power Grid — San Francisco,seamless,2.0,128,0.9481481481481482,0.007407407407407401,0.0,1.7434626923745965e-19,0.007407407407407401,0.0,1.7434626923745965e-19,100
US Power Grid — San Francisco,seamless,2.0,129,0.9555555555555556,0.007407407407407401,0.0,1.7434626923745965e-19,0.007407407407407401,0.0,1.7434626923745965e-19,100
US Power Grid — San Francisco,seamless,2.0,130,0.962962962962963,0.007407407407407401,0.0,1.7434626923745965e-19,0.007407407407407401,0.0,1.7434626923745965e-19,100
US Power Grid — San Francisco,seamless,2.0,131,0.9703703703703704,0.007407407407407401,0.0,1.7434626923745965e-19,0.007407407407407401,0.0,1.7434626923745965e-19,100
US Power Grid — San Francisco,seamless,2.0,132,0.977777777777778,0.007407407407407401,0.0,1.7434626923745965e-19,0.007407407407407401,0.0,1.7434626923745965e-19,100
US Power Grid — San Francisco,seamless,2.0,133,0.9851851851851852,0.007407407407407401,0.0,1.7434626923745965e-19,0.007407407407407401,0.0,1.7434626923745965e-19,100
US Power Grid — San Francisco,seamless,2.0,134,0.9925925925925926,0.007407407407407401,0.0,1.7434626923745965e-19,0.0,0.0,0.0,100
US Power Grid — San Francisco,seamless,2.0,135,1.0,0.0,0.0,0.0,0.0,0.0,0.0,100
US Power Grid — San Francisco,seamless,3.0,0,0.0,1.0,0.0,0.0,0.0,0.0,0.0,100
US Power Grid — San Francisco,seamless,3.0,1,0.0074074074074074,0.8637037037037036,0.13125959367903225,0.01312595936790322,0.1045185185185185,0.11260447984977338,0.011260447984977339,100
US Power Grid — San Francisco,seamless,3.0,2,0.0148148148148148,0.7492592592592593,0.17346168279362845,0.017346168279362844,0.1516296296296296,0.11707621747300859,0.011707621747300858,100
US Power Grid — San Francisco,seamless,3.0,3,0.0222222222222222,0.6223703703703705,0.16998437055009422,0.016998437055009426,0.1977037037037037,0.10575542408844771,0.01057554240884477,100
US Power Grid — San Francisco,seamless,3.0,4,0.0296296296296296,0.5317777777777778,0.16312373459166077,0.01631237345916607,0.21288888888888885,0.08547257106902122,0.008547257106902123,100
US Power Grid — San Francisco,seamless,3.0,5,0.037037037037037,0.48200000000000004,0.15099125620994547,0.015099125620994547,0.20399999999999996,0.08309073053957565,0.008309073053957564,100
US Power Grid — San Francisco,seamless,3.0,6,0.0444444444444444,0.4156296296296296,0.13735827506270268,0.013735827506270264,0.19799999999999998,0.07109501470149976,0.007109501470149976,100
US Power Grid — San Francisco,seamless,3.0,7,0.0518518518518518,0.36214814814814816,0.12153792726577314,0.012153792726577312,0.18725925925925924,0.06148170684943302,0.006148170684943304,100
US Power Grid — San Francisco,seamless,3.0,8,0.0592592592592592,0.32629629629629625,0.10938109460609714,0.010938109460609715,0.1714074074074074,0.059993764484565865,0.005999376448456588,100
US Power Grid — San Francisco,seamless,3.0,9,0.0666666666666666,0.29074074074074074,0.09619192018059279,0.009619192018059284,0.16503703703703698,0.052706126171066944,0.005270612617106695,100
US Power Grid — San Francisco,seamless,3.0,10,0.074074074074074,0.2648888888888889,0.09164646430972447,0.009164646430972445,0.1545185185185185,0.049774205775673944,0.004977420577567395,100
US Power Grid — San Francisco,seamless,3.0,11,0.0814814814814814,0.2421481481481481,0.08477639025246352,0.008477639025246352,0.14088888888888884,0.0454064730345249,0.004540647303452491,100
US Power Grid — San Francisco,seamless,3.0,12,0.0888888888888888,0.22444444444444442,0.08015102619629204,0.008015102619629202,0.12881481481481477,0.04275236384804811,0.004275236384804812,100
US Power Grid — San Francisco,seamless,3.0,13,0.0962962962962963,0.20111111111111107,0.06597198019790078,0.006597198019790078,0.11777777777777773,0.03901916433044955,0.0039019164330449537,100
US Power Grid — San Francisco,seamless,3.0,14,0.1037037037037037,0.18651851851851847,0.06144834340129198,0.006144834340129199,0.1107407407407407,0.0341707991320444,0.0034170799132044413,100
US Power Grid — San Francisco,seamless,3.0,15,0.1111111111111111,0.173037037037037,0.05815011398737235,0.005815011398737236,0.09999999999999995,0.029695026968342607,0.0029695026968342606,100
US Power Grid — San Francisco,seamless,3.0,16,0.1185185185185185,0.15614814814814812,0.0570158982502406,0.00570158982502406,0.09362962962962959,0.02605696136052393,0.0026056961360523927,100
US Power Grid — San Francisco,seamless,3.0,17,0.1259259259259259,0.14407407407407402,0.05207450459319279,0.0052074504593192785,0.08688888888888883,0.023349746897773974,0.0023349746897773963,100
US Power Grid — San Francisco,seamless,3.0,18,0.1333333333333333,0.13399999999999998,0.047728697562710504,0.00477286975627105,0.08170370370370364,0.023053536542218582,0.002305353654221859,100
US Power Grid — San Francisco,seamless,3.0,19,0.1407407407407407,0.12362962962962959,0.04468937374292895,0.004468937374292895,0.07674074074074068,0.020912123944064307,0.0020912123944064305,100
US Power Grid — San Francisco,seamless,3.0,20,0.1481481481481481,0.11792592592592588,0.042411152441082636,0.004241115244108262,0.0715555555555555,0.02031250496283872,0.002031250496283872,100
US Power Grid — San Francisco,seamless,3.0,21,0.1555555555555555,0.10807407407407403,0.039619576293518144,0.003961957629351814,0.06703703703703698,0.019136707556163344,0.0019136707556163344,100
US Power Grid — San Francisco,seamless,3.0,22,0.1629629629629629,0.09911111111111107,0.03916491215063411,0.003916491215063412,0.06377777777777772,0.01841407133223504,0.0018414071332235036,100
US Power Grid — San Francisco,seamless,3.0,23,0.1703703703703703,0.09629629629629624,0.03875549423325749,0.0038755494233257493,0.06066666666666661,0.01722597298540248,0.001722597298540248,100
US Power Grid — San Francisco,seamless,3.0,24,0.1777777777777777,0.08903703703703698,0.03613537703783798,0.0036135377037837977,0.05785185185185179,0.01585201967667646,0.001585201967667646,100
US Power Grid — San Francisco,seamless,3.0,25,0.1851851851851852,0.08451851851851848,0.03415003163797755,0.003415003163797755,0.05414814814814809,0.014034638668943002,0.0014034638668943002,100
US Power Grid — San Francisco,seamless,3.0,26,0.1925925925925926,0.08037037037037031,0.03363129084136256,0.0033631290841362555,0.050888888888888845,0.011941997243629461,0.001194199724362946,100
US Power Grid — San Francisco,seamless,3.0,27,0.2,0.0758518518518518,0.029519435945789894,0.0029519435945789896,0.05007407407407403,0.01177679187039791,0.001177679187039791,100
US Power Grid — San Francisco,seamless,3.0,28,0.2074074074074074,0.07044444444444439,0.02618374293775376,0.0026183742937753757,0.04814814814814811,0.009960362618331666,0.0009960362618331663,100
US Power Grid — San Francisco,seamless,3.0,29,0.2148148148148148,0.06740740740740736,0.023996969967562887,0.002399696996756289,0.04651851851851847,0.008623035201431744,0.0008623035201431744,100
US Power Grid — San Francisco,seamless,3.0,30,0.2222222222222222,0.06518518518518514,0.023869602761945587,0.002386960276194558,0.044814814814814766,0.008112700502132968,0.0008112700502132967,100
US Power Grid — San Francisco,seamless,3.0,31,0.2296296296296296,0.06362962962962958,0.024217564257975742,0.002421756425797574,0.043333333333333286,0.0070134679236668815,0.0007013467923666883,100
US Power Grid — San Francisco,seamless,3.0,32,0.237037037037037,0.061481481481481436,0.023624540461739715,0.0023624540461739717,0.04207407407407403,0.006731611994694159,0.0006731611994694157,100
US Power Grid — San Francisco,seamless,3.0,33,0.2444444444444444,0.05740740740740736,0.020961229816557472,0.0020961229816557473,0.04103703703703699,0.00685723391012732,0.0006857233910127319,100
US Power Grid — San Francisco,seamless,3.0,34,0.2518518518518519,0.05481481481481477,0.018174888870928985,0.0018174888870928982,0.039925925925925886,0.0067328468885183524,0.0006732846888518351,100
US Power Grid — San Francisco,seamless,3.0,35,0.2592592592592592,0.05140740740740737,0.01703589839881525,0.001703589839881525,0.038814814814814774,0.0064145709897164465,0.0006414570989716448,100
US Power Grid — San Francisco,seamless,3.0,36,0.2666666666666666,0.04985185185185181,0.01603141530743194,0.0016031415307431937,0.03770370370370366,0.005679012345679006,0.0005679012345679006,100
US Power Grid — San Francisco,seamless,3.0,37,0.2740740740740741,0.048444444444444394,0.014642469278881087,0.0014642469278881086,0.03688888888888885,0.005468706359671632,0.0005468706359671633,100
US Power Grid — San Francisco,seamless,3.0,38,0.2814814814814815,0.04666666666666663,0.014300848876495149,0.001430084887649515,0.03592592592592589,0.005508593127635473,0.0005508593127635472,100
US Power Grid — San Francisco,seamless,3.0,39,0.2888888888888889,0.043999999999999956,0.011762664800811515,0.0011762664800811517,0.035259259259259226,0.0057781806530236264,0.0005778180653023626,100
US Power Grid — San Francisco,seamless,3.0,40,0.2962962962962963,0.04237037037037033,0.010689338668764372,0.0010689338668764372,0.034148148148148115,0.005756558346977947,0.0005756558346977946,100
US Power Grid — San Francisco,seamless,3.0,41,0.3037037037037037,0.04125925925925921,0.008824746752310245,0.0008824746752310245,0.03281481481481478,0.006162055675827673,0.0006162055675827673,100
US Power Grid — San Francisco,seamless,3.0,42,0.3111111111111111,0.039925925925925886,0.008546530822068781,0.0008546530822068782,0.031555555555555524,0.00553318854478523,0.000553318854478523,100
US Power Grid — San Francisco,seamless,3.0,43,0.3185185185185185,0.03851851851851848,0.009298457992012553,0.000929845799201255,0.030666666666666637,0.005768580744992929,0.0005768580744992928,100
US Power Grid — San Francisco,seamless,3.0,44,0.3259259259259259,0.03762962962962959,0.009159129378267352,0.0009159129378267352,0.029555555555555526,0.0059085979353595604,0.0005908597935359559,100
US Power Grid — San Francisco,seamless,3.0,45,0.3333333333333333,0.03629629629629626,0.009087444435464486,0.0009087444435464484,0.028666666666666635,0.006197928810650658,0.0006197928810650659,100
US Power Grid — San Francisco,seamless,3.0,46,0.3407407407407407,0.035407407407407374,0.009092322291121955,0.0009092322291121953,0.027925925925925896,0.005752705873167176,0.0005752705873167177,100
US Power Grid — San Francisco,seamless,3.0,47,0.3481481481481481,0.03459259259259256,0.008937080983012895,0.0008937080983012895,0.02688888888888886,0.0057334046750796685,0.0005733404675079669,100
US Power Grid — San Francisco,seamless,3.0,48,0.3555555555555555,0.033925925925925894,0.009368528466595371,0.0009368528466595367,0.025555555555555526,0.005407043533309043,0.0005407043533309043,100
US Power Grid — San Francisco,seamless,3.0,49,0.362962962962963,0.03296296296296293,0.008894810348406081,0.0008894810348406082,0.025111111111111084,0.00514656129408363,0.0005146561294083631,100
US Power Grid — San Francisco,seamless,3.0,50,0.3703703703703704,0.03237037037037034,0.008912240184546043,0.0008912240184546043,0.024222222222222197,0.0044488069374124025,0.0004448806937412403,100
US Power Grid — San Francisco,seamless,3.0,51,0.3777777777777777,0.031777777777777745,0.008889824118402636,0.0008889824118402636,0.023333333333333307,0.0042604383605167875,0.0004260438360516788,100
US Power Grid — San Francisco,seamless,3.0,52,0.3851851851851852,0.030074074074074045,0.008143045029874571,0.000814304502987457,0.022592592592592567,0.003991788831375694,0.0003991788831375695,100
US Power Grid — San Francisco,seamless,3.0,53,0.3925925925925926,0.029629629629629603,0.007948790666498656,0.0007948790666498656,0.02207407407407405,0.004208739244268191,0.0004208739244268192,100
US Power Grid — San Francisco,seamless,3.0,54,0.4,0.028518518518518488,0.008112700502132968,0.0008112700502132967,0.021629629629629606,0.004299932669072472,0.0004299932669072473,100
US Power Grid — San Francisco,seamless,3.0,55,0.4074074074074074,0.028444444444444415,0.008136235893279619,0.0008136235893279619,0.020888888888888867,0.0041289706878837274,0.00041289706878837274,100
US Power Grid — San Francisco,seamless,3.0,56,0.4148148148148148,0.027999999999999973,0.008261967348888285,0.0008261967348888284,0.020074074074074053,0.0039806657478764825,0.00039806657478764845,100
US Power Grid — San Francisco,seamless,3.0,57,0.4222222222222222,0.027185185185185156,0.008426362720596702,0.0008426362720596698,0.019333333333333313,0.004063346758665475,0.0004063346758665474,100
US Power Grid — San Francisco,seamless,3.0,58,0.4296296296296296,0.025999999999999975,0.008188858609660453,0.0008188858609660454,0.018592592592592574,0.003721617731819932,0.00037216177318199323,100
US Power Grid — San Francisco,seamless,3.0,59,0.437037037037037,0.025185185185185158,0.008222967041083808,0.0008222967041083808,0.018296296296296276,0.003715655985530307,0.00037156559855303057,100
US Power Grid — San Francisco,seamless,3.0,60,0.4444444444444445,0.024592592592592565,0.008282067858724425,0.0008282067858724426,0.01799999999999998,0.003685702607083277,0.0003685702607083278,100
US Power Grid — San Francisco,seamless,3.0,61,0.4518518518518519,0.02355555555555553,0.007472960963171132,0.0007472960963171131,0.01777777777777776,0.003647155288276522,0.0003647155288276522,100
US Power Grid — San Francisco,seamless,3.0,62,0.4592592592592592,0.022518518518518493,0.007134516911450116,0.0007134516911450113,0.017185185185185168,0.0034727864612011127,0.00034727864612011115,100
US Power Grid — San Francisco,seamless,3.0,63,0.4666666666666667,0.021777777777777754,0.0068894882457330225,0.0006889488245733022,0.016814814814814796,0.0033051558765812825,0.00033051558765812824,100
US Power Grid — San Francisco,seamless,3.0,64,0.4740740740740741,0.020592592592592572,0.005628526877246546,0.0005628526877246545,0.01614814814814813,0.0028601697752990273,0.00028601697752990267,100
US Power Grid — San Francisco,seamless,3.0,65,0.4814814814814815,0.01970370370370368,0.005391132126698011,0.0005391132126698012,0.015999999999999983,0.002729281105018297,0.00027292811050182977,100
US Power Grid — San Francisco,seamless,3.0,66,0.4888888888888889,0.019037037037037016,0.00518518518518518,0.000518518518518518,0.015851851851851836,0.002583222874220567,0.00025832228742205676,100
US Power Grid — San Francisco,seamless,3.0,67,0.4962962962962963,0.0185185185185185,0.00499407305528327,0.0004994073055283269,0.01555555555555554,0.002233417367242691,0.00022334173672426913,100
US Power Grid — San Francisco,seamless,3.0,68,0.5037037037037038,0.018444444444444427,0.004993518127446089,0.000499351812744609,0.015333333333333317,0.0018994992590832776,0.0001899499259083278,100
US Power Grid — San Francisco,seamless,3.0,69,0.5111111111111112,0.01799999999999998,0.004966808679141632,0.0004966808679141632,0.015259259259259243,0.0017680241227847537,0.0001768024122784754,100
US Power Grid — San Francisco,seamless,3.0,70,0.5185185185185185,0.017481481481481466,0.004147720570128337,0.0004147720570128336,0.015111111111111096,0.0014588621153106083,0.00014588621153106086,100
US Power Grid — San Francisco,seamless,3.0,71,0.5259259259259259,0.01740740740740739,0.004128299474242311,0.0004128299474242312,0.015037037037037022,0.001269974874057519,0.00012699748740575188,100
US Power Grid — San Francisco,seamless,3.0,72,0.5333333333333333,0.01688888888888887,0.003504560100789893,0.00035045601007898937,0.015037037037037022,0.001269974874057519,0.00012699748740575188,100
US Power Grid — San Francisco,seamless,3.0,73,0.5407407407407407,0.016592592592592575,0.0033492987570988924,0.00033492987570988935,0.014740740740740726,0.0012873132174132129,0.00012873132174132126,100
US Power Grid — San Francisco,seamless,3.0,74,0.5481481481481482,0.016444444444444428,0.0032587150516650027,0.0003258715051665003,0.014666666666666653,0.0014814814814814799,0.00014814814814814796,100
US Power Grid — San Francisco,seamless,3.0,75,0.5555555555555556,0.01614814814814813,0.0030477942217721496,0.000304779422177215,0.014296296296296283,0.0018994992590832783,0.00018994992590832784,100
US Power Grid — San Francisco,seamless,3.0,76,0.562962962962963,0.01592592592592591,0.0028592007189353497,0.0002859200718935349,0.013999999999999986,0.0023293780572979234,0.00023293780572979238,100
US Power Grid — San Francisco,seamless,3.0,77,0.5703703703703704,0.015851851851851836,0.0027895373976037654,0.0002789537397603765,0.013851851851851837,0.0025036864369602264,0.00025036864369602275,100
US Power Grid — San Francisco,seamless,3.0,78,0.5777777777777778,0.015777777777777762,0.0029129714595384957,0.0002912971459538496,0.013333333333333319,0.002977889822990255,0.0002977889822990255,100
US Power Grid — San Francisco,seamless,3.0,79,0.5851851851851853,0.015407407407407392,0.00327567880528928,0.00032756788052892795,0.013111111111111098,0.003132982108752965,0.00031329821087529655,100
US Power Grid — San Francisco,seamless,3.0,80,0.5925925925925926,0.015111111111111096,0.003316037766575869,0.00033160377665758685,0.01222222222222221,0.0035509072995637157,0.00035509072995637173,100
US Power Grid — San Francisco,seamless,3.0,81,0.6,0.014444444444444428,0.0035509072995637174,0.0003550907299563717,0.011777777777777765,0.003661563484620073,0.00036615634846200726,100
US Power Grid — San Francisco,seamless,3.0,82,0.6074074074074074,0.014148148148148134,0.0031751553863869782,0.00031751553863869776,0.011111111111111101,0.0037223622787378183,0.00037223622787378193,100
US Power Grid — San Francisco,seamless,3.0,83,0.6148148148148148,0.013481481481481468,0.0033920504960473306,0.00033920504960473306,0.010444444444444433,0.0036615634846200737,0.00036615634846200726,100
US Power Grid — San Francisco,seamless,3.0,84,0.6222222222222222,0.013259259259259247,0.003538398560382394,0.00035383985603823937,0.010074074074074063,0.0035734677875883065,0.0003573467787588306,100
US Power Grid — San Francisco,seamless,3.0,85,0.6296296296296297,0.012740740740740728,0.0038077419095200902,0.000380774190952009,0.009703703703703694,0.003443134805272084,0.00034431348052720836,100
US Power Grid — San Francisco,seamless,3.0,86,0.6370370370370371,0.012444444444444432,0.0037785185925927347,0.00037785185925927345,0.009407407407407397,0.003305155876581283,0.0003305155876581284,100
US Power Grid — San Francisco,seamless,3.0,87,0.6444444444444445,0.012074074074074062,0.003745369821226459,0.00037453698212264587,0.009037037037037027,0.003083949628838712,0.00030839496288387124,100
US Power Grid — San Francisco,seamless,3.0,88,0.6518518518518519,0.011777777777777765,0.0038099246221725575,0.0003809924622172558,0.00888888888888888,0.0029778898229902546,0.00029778898229902554,100
US Power Grid — San Francisco,seamless,3.0,89,0.6592592592592593,0.011333333333333322,0.003861939652239637,0.0003861939652239637,0.008666666666666658,0.0027964827264343435,0.00027964827264343443,100
US Power Grid — San Francisco,seamless,3.0,90,0.6666666666666667,0.010740740740740731,0.003850441481124225,0.0003850441481124226,0.00851851851851851,0.00265829837987138,0.00026582983798713805,100
US Power Grid — San Francisco,seamless,3.0,91,0.674074074074074,0.010370370370370361,0.0037960795791891684,0.00037960795791891684,0.008222222222222214,0.002329378057297924,0.00023293780572979238,100
US Power Grid — San Francisco,seamless,3.0,92,0.6814814814814815,0.010074074074074063,0.003725338978356853,0.0003725338978356853,0.007999999999999991,0.00201970314329104,0.00020197031432910402,100
US Power Grid — San Francisco,seamless,3.0,93,0.6888888888888889,0.00999999999999999,0.003703703703703701,0.00037037037037037,0.007925925925925918,0.0018994992590832776,0.00018994992590832776,100
US Power Grid — San Francisco,seamless,3.0,94,0.6962962962962963,0.009777777777777767,0.0036288736930121124,0.00036288736930121114,0.007851851851851844,0.0017680241227847537,0.0001768024122784754,100
US Power Grid — San Francisco,seamless,3.0,95,0.7037037037037037,0.009407407407407397,0.003305155876581283,0.0003305155876581284,0.007703703703703696,0.001458862115310609,0.00014588621153106086,100
US Power Grid — San Francisco,seamless,3.0,96,0.7111111111111111,0.009407407407407397,0.003305155876581283,0.0003305155876581284,0.007703703703703696,0.001458862115310609,0.00014588621153106086,100
US Power Grid — San Francisco,seamless,3.0,97,0.7185185185185186,0.009185185185185176,0.003179516266599463,0.0003179516266599462,0.007555555555555548,0.0010422614380465893,0.00010422614380465891,100
US Power Grid — San Francisco,seamless,3.0,98,0.725925925925926,0.009037037037037027,0.0030839496288387115,0.00030839496288387124,0.007555555555555548,0.0010422614380465893,0.00010422614380465891,100
US Power Grid — San Francisco,seamless,3.0,99,0.7333333333333334,0.008666666666666658,0.002796482726434345,0.00027964827264343443,0.007555555555555548,0.0010422614380465893,0.00010422614380465891,100
US Power Grid — San Francisco,seamless,3.0,100,0.7407407407407408,0.008592592592592584,0.002729281105018299,0.0002729281105018298,0.0074814814814814735,0.0007407407407407399,7.407407407407398e-05,100
US Power Grid — San Francisco,seamless,3.0,101,0.7481481481481482,0.008370370370370361,0.0025036864369602273,0.0002503686436960228,0.0074814814814814735,0.0007407407407407399,7.407407407407398e-05,100
US Power Grid — San Francisco,seamless,3.0,102,0.7555555555555555,0.008296296296296288,0.0024192491286747406,0.00024192491286747415,0.0074814814814814735,0.0007407407407407399,7.407407407407398e-05,100
US Power Grid — San Francisco,seamless,3.0,103,0.762962962962963,0.008222222222222214,0.002329378057297924,0.00023293780572979238,0.0074814814814814735,0.0007407407407407399,7.407407407407398e-05,100
US Power Grid — San Francisco,seamless,3.0,104,0.7703703703703704,0.00814814814814814,0.002233417367242691,0.00022334173672426913,0.0074814814814814735,0.0007407407407407399,7.407407407407398e-05,100
US Power Grid — San Francisco,seamless,3.0,105,0.7777777777777778,0.007925925925925918,0.0018994992590832776,0.00018994992590832779,0.0074814814814814735,0.0007407407407407399,7.407407407407398e-05,100
US Power Grid — San Francisco,seamless,3.0,106,0.7851851851851852,0.007851851851851844,0.0017680241227847537,0.0001768024122784754,0.007407407407407401,0.0,1.7434626923745965e-19,100
US Power Grid — San Francisco,seamless,3.0,107,0.7925925925925926,0.007851851851851844,0.0017680241227847537,0.0001768024122784754,0.007407407407407401,0.0,1.7434626923745965e-19,100
US Power Grid — San Francisco,seamless,3.0,108,0.8,0.007851851851851844,0.0017680241227847537,0.0001768024122784754,0.007407407407407401,0.0,1.7434626923745965e-19,100
US Power Grid — San Francisco,seamless,3.0,109,0.8074074074074075,0.007629629629629622,0.0012699748740575192,0.0001269974874057519,0.007407407407407401,0.0,1.7434626923745965e-19,100
US Power Grid — San Francisco,seamless,3.0,110,0.8148148148148149,0.007555555555555548,0.0010422614380465893,0.00010422614380465892,0.007407407407407401,0.0,1.7434626923745965e-19,100
US Power Grid — San Francisco,seamless,3.0,111,0.8222222222222223,0.0074814814814814735,0.00074074074074074,7.407407407407398e-05,0.007407407407407401,0.0,1.7434626923745965e-19,100
US Power Grid — San Francisco,seamless,3.0,112,0.8296296296296297,0.007407407407407401,0.0,1.7434626923745965e-19,0.007407407407407401,0.0,1.7434626923745965e-19,100
US Power Grid — San Francisco,seamless,3.0,113,0.837037037037037,0.007407407407407401,0.0,1.7434626923745965e-19,0.007407407407407401,0.0,1.7434626923745965e-19,100
US Power Grid — San Francisco,seamless,3.0,114,0.8444444444444444,0.007407407407407401,0.0,1.7434626923745965e-19,0.007407407407407401,0.0,1.7434626923745965e-19,100
US Power Grid — San Francisco,seamless,3.0,115,0.8518518518518519,0.007407407407407401,0.0,1.7434626923745965e-19,0.007407407407407401,0.0,1.7434626923745965e-19,100
US Power Grid — San Francisco,seamless,3.0,116,0.8592592592592593,0.007407407407407401,0.0,1.7434626923745965e-19,0.007407407407407401,0.0,1.7434626923745965e-19,100
US Power Grid — San Francisco,seamless,3.0,117,0.8666666666666667,0.007407407407407401,0.0,1.7434626923745965e-19,0.007407407407407401,0.0,1.7434626923745965e-19,100
US Power Grid — San Francisco,seamless,3.0,118,0.8740740740740741,0.007407407407407401,0.0,1.7434626923745965e-19,0.007407407407407401,0.0,1.7434626923745965e-19,100
US Power Grid — San Francisco,seamless,3.0,119,0.8814814814814815,0.007407407407407401,0.0,1.7434626923745965e-19,0.007407407407407401,0.0,1.7434626923745965e-19,100
US Power Grid — San Francisco,seamless,3.0,120,0.888888888888889,0.007407407407407401,0.0,1.7434626923745965e-19,0.007407407407407401,0.0,1.7434626923745965e-19,100
US Power Grid — San Francisco,seamless,3.0,121,0.8962962962962964,0.007407407407407401,0.0,1.7434626923745965e-19,0.007407407407407401,0.0,1.7434626923745965e-19,100
US Power Grid — San Francisco,seamless,3.0,122,0.9037037037037038,0.007407407407407401,0.0,1.7434626923745965e-19,0.007407407407407401,0.0,1.7434626923745965e-19,100
US Power Grid — San Francisco,seamless,3.0,123,0.9111111111111112,0.007407407407407401,0.0,1.7434626923745965e-19,0.007407407407407401,0.0,1.7434626923745965e-19,100
US Power Grid — San Francisco,seamless,3.0,124,0.9185185185185184,0.007407407407407401,0.0,1.7434626923745965e-19,0.007407407407407401,0.0,1.7434626923745965e-19,100
US Power Grid — San Francisco,seamless,3.0,125,0.925925925925926,0.007407407407407401,0.0,1.7434626923745965e-19,0.007407407407407401,0.0,1.7434626923745965e-19,100
US Power Grid — San Francisco,seamless,3.0,126,0.9333333333333332,0.007407407407407401,0.0,1.7434626923745965e-19,0.007407407407407401,0.0,1.7434626923745965e-19,100
US Power Grid — San Francisco,seamless,3.0,127,0.9407407407407408,0.007407407407407401,0.0,1.7434626923745965e-19,0.007407407407407401,0.0,1.7434626923745965e-19,100
US Power Grid — San Francisco,seamless,3.0,128,0.9481481481481482,0.007407407407407401,0.0,1.7434626923745965e-19,0.007407407407407401,0.0,1.7434626923745965e-19,100
US Power Grid — San Francisco,seamless,3.0,129,0.9555555555555556,0.007407407407407401,0.0,1.7434626923745965e-19,0.007407407407407401,0.0,1.7434626923745965e-19,100
US Power Grid — San Francisco,seamless,3.0,130,0.962962962962963,0.007407407407407401,0.0,1.7434626923745965e-19,0.007407407407407401,0.0,1.7434626923745965e-19,100
US Power Grid — San Francisco,seamless,3.0,131,0.9703703703703704,0.007407407407407401,0.0,1.7434626923745965e-19,0.007407407407407401,0.0,1.7434626923745965e-19,100
US Power Grid — San Francisco,seamless,3.0,132,0.977777777777778,0.007407407407407401,0.0,1.7434626923745965e-19,0.007407407407407401,0.0,1.7434626923745965e-19,100
US Power Grid — San Francisco,seamless,3.0,133,0.9851851851851852,0.007407407407407401,0.0,1.7434626923745965e-19,0.007407407407407401,0.0,1.7434626923745965e-19,100
US Power Grid — San Francisco,seamless,3.0,134,0.9925925925925926,0.007407407407407401,0.0,1.7434626923745965e-19,0.0,0.0,0.0,100
US Power Grid — San Francisco,seamless,3.0,135,1.0,0.0,0.0,0.0,0.0,0.0,0.0,100
US Power Grid — San Francisco,seamless,4.0,0,0.0,1.0,0.0,0.0,0.0,0.0,0.0,100
US Power Grid — San Francisco,seamless,4.0,1,0.0074074074074074,0.8726666666666667,0.1291984491589538,0.012919844915895378,0.09548148148148146,0.11037237900436245,0.011037237900436245,100
US Power Grid — San Francisco,seamless,4.0,2,0.0148148148148148,0.7411111111111112,0.17064625753493745,0.017064625753493746,0.15844444444444442,0.12273140430596932,0.012273140430596931,100
US Power Grid — San Francisco,seamless,4.0,3,0.0222222222222222,0.5894074074074074,0.1575549098733382,0.015755490987333823,0.21888888888888886,0.1039992315231413,0.01039992315231413,100
US Power Grid — San Francisco,seamless,4.0,4,0.0296296296296296,0.5042222222222222,0.14620216513547066,0.014620216513547066,0.2184444444444444,0.08702048700019062,0.008702048700019064,100
US Power Grid — San Francisco,seamless,4.0,5,0.037037037037037,0.44718518518518524,0.13414416548531577,0.01341441654853158,0.2053333333333333,0.07042315935994488,0.007042315935994489,100
US Power Grid — San Francisco,seamless,4.0,6,0.0444444444444444,0.3828148148148148,0.10875353928949046,0.010875353928949043,0.20007407407407407,0.05666305992155344,0.005666305992155344,100
US Power Grid — San Francisco,seamless,4.0,7,0.0518518518518518,0.3342222222222222,0.09554966819345326,0.009554966819345324,0.1879259259259259,0.052448652501423325,0.0052448652501423335,100
US Power Grid — San Francisco,seamless,4.0,8,0.0592592592592592,0.29822222222222217,0.09081721812890141,0.009081721812890142,0.17059259259259257,0.04948871900132967,0.004948871900132968,100
US Power Grid — San Francisco,seamless,4.0,9,0.0666666666666666,0.2733333333333333,0.08472933872993628,0.008472933872993629,0.15866666666666662,0.04997600954158202,0.004997600954158202,100
US Power Grid — San Francisco,seamless,4.0,10,0.074074074074074,0.24725925925925923,0.07663207614226744,0.007663207614226742,0.14125925925925922,0.04545862447231024,0.004545862447231024,100
US Power Grid — San Francisco,seamless,4.0,11,0.0814814814814814,0.22059259259259256,0.06553539904992864,0.0065535399049928625,0.12488888888888885,0.03929545374306584,0.003929545374306583,100
US Power Grid — San Francisco,seamless,4.0,12,0.0888888888888888,0.1953333333333333,0.05657652702275838,0.005657652702275838,0.117037037037037,0.03554807253841375,0.003554807253841375,100
US Power Grid — San Francisco,seamless,4.0,13,0.0962962962962963,0.17577777777777776,0.04900930651793509,0.00490093065179351,0.10933333333333328,0.03361060224349642,0.003361060224349641,100
US Power Grid — San Francisco,seamless,4.0,14,0.1037037037037037,0.15948148148148145,0.04110748779967026,0.004110748779967026,0.09703703703703699,0.02814263438623277,0.002814263438623278,100
US Power Grid — San Francisco,seamless,4.0,15,0.1111111111111111,0.14755555555555552,0.041002525935105325,0.004100252593510532,0.09029629629629624,0.025782726754658404,0.0025782726754658408,100
US Power Grid — San Francisco,seamless,4.0,16,0.1185185185185185,0.13659259259259254,0.04043959029644097,0.004043959029644097,0.08577777777777772,0.02585753364862598,0.0025857533648625986,100
US Power Grid — San Francisco,seamless,4.0,17,0.1259259259259259,0.1247407407407407,0.038377825875732643,0.0038377825875732644,0.07851851851851846,0.021473868898947524,0.0021473868898947523,100
US Power Grid — San Francisco,seamless,4.0,18,0.1333333333333333,0.11637037037037032,0.03868814989167139,0.003868814989167138,0.07303703703703697,0.020388761551271374,0.002038876155127138,100
US Power Grid — San Francisco,seamless,4.0,19,0.1407407407407407,0.10681481481481477,0.03490583575647058,0.0034905835756470576,0.06866666666666661,0.018741049786810786,0.001874104978681079,100
US Power Grid — San Francisco,seamless,4.0,20,0.1481481481481481,0.09955555555555551,0.03334904231413153,0.003334904231413153,0.06407407407407402,0.017785725870121425,0.0017785725870121424,100
US Power Grid — San Francisco,seamless,4.0,21,0.1555555555555555,0.09511111111111106,0.030400011084782737,0.0030400011084782733,0.06140740740740735,0.01569742725865961,0.0015697427258659607,100
US Power Grid — San Francisco,seamless,4.0,22,0.1629629629629629,0.08822222222222217,0.030003163615505608,0.0030003163615505593,0.058148148148148095,0.014977594310309516,0.0014977594310309516,100
US Power Grid — San Francisco,seamless,4.0,23,0.1703703703703703,0.08385185185185179,0.028385398248296133,0.0028385398248296136,0.05466666666666661,0.01217753055220406,0.001217753055220406,100
US Power Grid — San Francisco,seamless,4.0,24,0.1777777777777777,0.07688888888888884,0.025307245862234602,0.002530724586223461,0.051925925925925875,0.011652599313564951,0.0011652599313564955,100
US Power Grid — San Francisco,seamless,4.0,25,0.1851851851851852,0.07029629629629625,0.02355393670306097,0.0023553936703060974,0.049333333333333285,0.009662093828051206,0.0009662093828051206,100
US Power Grid — San Francisco,seamless,4.0,26,0.1925925925925926,0.06377777777777772,0.01972205755978958,0.001972205755978958,0.04733333333333328,0.009050470534201003,0.0009050470534201005,100
US Power Grid — San Francisco,seamless,4.0,27,0.2,0.06125925925925921,0.019092634412477612,0.0019092634412477608,0.045259259259259214,0.007362000748580521,0.0007362000748580524,100
US Power Grid — San Francisco,seamless,4.0,28,0.2074074074074074,0.058370370370370316,0.016622921349197208,0.0016622921349197211,0.04377777777777773,0.006583005846094225,0.0006583005846094224,100
US Power Grid — San Francisco,seamless,4.0,29,0.2148148148148148,0.05355555555555551,0.012931338689630707,0.0012931338689630711,0.04251851851851847,0.006013199468320551,0.0006013199468320551,100
US Power Grid — San Francisco,seamless,4.0,30,0.2222222222222222,0.051259259259259206,0.011126314576635446,0.0011126314576635446,0.041629629629629586,0.005648186479112874,0.0005648186479112874,100
US Power Grid — San Francisco,seamless,4.0,31,0.2296296296296296,0.04999999999999995,0.010548152771996945,0.0010548152771996946,0.04066666666666663,0.004993518127446091,0.0004993518127446089,100
US Power Grid — San Francisco,seamless,4.0,32,0.237037037037037,0.047851851851851805,0.009730685038153561,0.0009730685038153565,0.03955555555555552,0.004734282919208963,0.0004734282919208961,100
US Power Grid — San Francisco,seamless,4.0,33,0.2444444444444444,0.047185185185185136,0.009800775593188612,0.0009800775593188616,0.03866666666666663,0.004414414070498708,0.0004414414070498708,100
US Power Grid — San Francisco,seamless,4.0,34,0.2518518518518519,0.04585185185185181,0.00980303735415871,0.000980303735415871,0.03762962962962959,0.003894096241023824,0.0003894096241023823,100
US Power Grid — San Francisco,seamless,4.0,35,0.2592592592592592,0.04511111111111107,0.009539420337906088,0.000953942033790609,0.036740740740740706,0.004330756953754481,0.00043307569537544814,100
US Power Grid — San Francisco,seamless,4.0,36,0.2666666666666666,0.04340740740740737,0.009418091502432122,0.0009418091502432118,0.03577777777777774,0.0047149269146809355,0.00047149269146809356,100
US Power Grid — San Francisco,seamless,4.0,37,0.2740740740740741,0.04192592592592589,0.008885146986433497,0.0008885146986433497,0.03488888888888885,0.005189458983714316,0.0005189458983714315,100
US Power Grid — San Francisco,seamless,4.0,38,0.2814814814814815,0.0407407407407407,0.007481855583613441,0.0007481855583613441,0.03362962962962959,0.005308250448851158,0.000530825044885116,100
US Power Grid — San Francisco,seamless,4.0,39,0.2888888888888889,0.03940740740740736,0.006564879518897738,0.0006564879518897739,0.03229629629629626,0.0056226155923558155,0.0005622615592355816,100
US Power Grid — San Francisco,seamless,4.0,40,0.2962962962962963,0.038444444444444406,0.006879425010765925,0.0006879425010765925,0.03125925925925923,0.005726149952858409,0.0005726149952858411,100
US Power Grid — San Francisco,seamless,4.0,41,0.3037037037037037,0.037333333333333295,0.00648332505446848,0.000648332505446848,0.029481481481481452,0.005953918173940675,0.0005953918173940675,100
US Power Grid — San Francisco,seamless,4.0,42,0.3111111111111111,0.03622222222222218,0.006732846888518351,0.0006732846888518351,0.028222222222222194,0.006020108282366324,0.0006020108282366323,100
US Power Grid — San Francisco,seamless,4.0,43,0.3185185185185185,0.03518518518518515,0.007398048708272494,0.0007398048708272494,0.0276296296296296,0.006125972474808108,0.000612597247480811,100
US Power Grid — San Francisco,seamless,4.0,44,0.3259259259259259,0.03399999999999996,0.007671679386938779,0.0007671679386938779,0.026370370370370343,0.005797332779298018,0.0005797332779298016,100
US Power Grid — San Francisco,seamless,4.0,45,0.3333333333333333,0.03318518518518515,0.00777109434400892,0.000777109434400892,0.025481481481481456,0.0056028662668723426,0.0005602866266872342,100
US Power Grid — San Francisco,seamless,4.0,46,0.3407407407407407,0.031555555555555524,0.007637285993105334,0.0007637285993105333,0.024370370370370344,0.005398837050061842,0.0005398837050061841,100
US Power Grid — San Francisco,seamless,4.0,47,0.3481481481481481,0.029925925925925894,0.007438766393610041,0.000743876639361004,0.023185185185185163,0.005011245338744661,0.0005011245338744659,100
US Power Grid — San Francisco,seamless,4.0,48,0.3555555555555555,0.029037037037037007,0.00749517772300962,0.000749517772300962,0.022370370370370346,0.005468706359671634,0.0005468706359671633,100
US Power Grid — San Francisco,seamless,4.0,49,0.362962962962963,0.028740740740740713,0.007612572144753275,0.0007612572144753275,0.021703703703703683,0.005496506238408607,0.0005496506238408605,100
US Power Grid — San Francisco,seamless,4.0,50,0.3703703703703704,0.0276296296296296,0.007654320987654313,0.0007654320987654313,0.020814814814814793,0.005737270109312856,0.0005737270109312856,100
US Power Grid — San Francisco,seamless,4.0,51,0.3777777777777777,0.026814814814814788,0.007648888409203018,0.000764888840920302,0.02037037037037035,0.005897330933970659,0.0005897330933970657,100
US Power Grid — San Francisco,seamless,4.0,52,0.3851851851851852,0.025629629629629603,0.007326153680247345,0.0007326153680247344,0.01925925925925924,0.005157856472761412,0.0005157856472761413,100
US Power Grid — San Francisco,seamless,4.0,53,0.3925925925925926,0.024148148148148123,0.006953548092008882,0.0006953548092008882,0.018074074074074055,0.0039841450473326635,0.0003984145047332663,100
US Power Grid — San Francisco,seamless,4.0,54,0.4,0.023111111111111086,0.006682029105164846,0.0006682029105164844,0.017481481481481466,0.0035734677875883056,0.0003573467787588306,100
US Power Grid — San Francisco,seamless,4.0,55,0.4074074074074074,0.02185185185185183,0.005990575149307522,0.0005990575149307521,0.01688888888888887,0.0033426730359571296,0.000334267303595713,100
US Power Grid — San Francisco,seamless,4.0,56,0.4148148148148148,0.021185185185185165,0.006140882486291171,0.0006140882486291171,0.016370370370370355,0.0030322976351135687,0.00030322976351135697,100
US Power Grid — San Francisco,seamless,4.0,57,0.4222222222222222,0.020296296296296274,0.006104674137130022,0.0006104674137130023,0.01592592592592591,0.002658298379871379,0.00026582983798713794,100
US Power Grid — San Francisco,seamless,4.0,58,0.4296296296296296,0.019555555555555534,0.005622615592355817,0.0005622615592355816,0.015629629629629615,0.002329378057297924,0.00023293780572979238,100
US Power Grid — San Francisco,seamless,4.0,59,0.437037037037037,0.019037037037037016,0.005077171154287616,0.0005077171154287618,0.015481481481481464,0.0021305443797382294,0.000213054437973823,100
US Power Grid — San Francisco,seamless,4.0,60,0.4444444444444445,0.018666666666666647,0.004991852973797576,0.0004991852973797575,0.015259259259259243,0.0017680241227847537,0.0001768024122784754,100
US Power Grid — San Francisco,seamless,4.0,61,0.4518518518518519,0.0185185185185185,0.004994073055283272,0.0004994073055283269,0.015037037037037022,0.0012699748740575194,0.0001269974874057519,100
US Power Grid — San Francisco,seamless,4.0,62,0.4592592592592592,0.017925925925925908,0.004489113350168065,0.0004489113350168065,0.014962962962962947,0.0010422614380465893,0.00010422614380465892,100
US Power Grid — San Francisco,seamless,4.0,63,0.4666666666666667,0.017555555555555536,0.004423820461029357,0.0004423820461029357,0.014962962962962947,0.0010422614380465893,0.00010422614380465892,100
US Power Grid — San Francisco,seamless,4.0,64,0.4740740740740741,0.01703703703703702,0.003868392354571059,0.0003868392354571059,0.014962962962962947,0.0010422614380465893,0.00010422614380465892,100
US Power Grid — San Francisco,seamless,4.0,65,0.4814814814814815,0.016518518518518502,0.0034687942924355435,0.0003468794292435544,0.014962962962962947,0.0010422614380465893,0.00010422614380465892,100
US Power Grid — San Francisco,seamless,4.0,66,0.4888888888888889,0.016222222222222204,0.003278215797128433,0.0003278215797128433,0.014962962962962947,0.0010422614380465893,0.00010422614380465892,100
US Power Grid — San Francisco,seamless,4.0,67,0.4962962962962963,0.015999999999999983,0.0031090082501783636,0.00031090082501783646,0.014814814814814802,0.0010528430437314084,0.00010528430437314084,100
US Power Grid — San Francisco,seamless,4.0,68,0.5037037037037038,0.01570370370370369,0.0028407258396509734,0.0002840725839650973,0.014592592592592577,0.0012699748740575194,0.00012699748740575194,100
US Power Grid — San Francisco,seamless,4.0,69,0.5111111111111112,0.01555555555555554,0.002883329422820452,0.0002883329422820452,0.014444444444444432,0.0016225401004265933,0.0001622540100426593,100
US Power Grid — San Francisco,seamless,4.0,70,0.5185185185185185,0.015407407407407392,0.002509214565653352,0.0002509214565653352,0.014222222222222207,0.00201970314329104,0.00020197031432910402,100
US Power Grid — San Francisco,seamless,4.0,71,0.5259259259259259,0.015407407407407392,0.002509214565653352,0.0002509214565653352,0.013925925925925913,0.002419249128674741,0.00024192491286747415,100
US Power Grid — San Francisco,seamless,4.0,72,0.5333333333333333,0.015259259259259243,0.0023114640919157776,0.0002311464091915777,0.013629629629629617,0.002729281105018297,0.0002729281105018298,100
US Power Grid — San Francisco,seamless,4.0,73,0.5407407407407407,0.015037037037037022,0.001956985725600635,0.00019569857256006352,0.012888888888888877,0.003265511127976352,0.0003265511127976353,100
US Power Grid — San Francisco,seamless,4.0,74,0.5481481481481482,0.014888888888888873,0.002232176234961659,0.00022321762349616583,0.012370370370370358,0.0035006041675945216,0.0003500604167594521,100
US Power Grid — San Francisco,seamless,4.0,75,0.5555555555555556,0.014370370370370356,0.0023114640919157776,0.0002311464091915778,0.011925925925925913,0.0036311639259273827,0.0003631163925927383,100
US Power Grid — San Francisco,seamless,4.0,76,0.562962962962963,0.014074074074074058,0.0026842336123684375,0.00026842336123684366,0.011407407407407396,0.00371043159971876,0.00037104315997187596,100
US Power Grid — San Francisco,seamless,4.0,77,0.5703703703703704,0.013407407407407394,0.003278215797128434,0.0003278215797128433,0.010962962962962952,0.0037193831968050208,0.00037193831968050206,100
US Power Grid — San Francisco,seamless,4.0,78,0.5777777777777778,0.012740740740740728,0.0035045601007898937,0.00035045601007898937,0.010370370370370361,0.003647155288276521,0.0003647155288276522,100
US Power Grid — San Francisco,seamless,4.0,79,0.5851851851851853,0.012518518518518507,0.003600507708922402,0.0003600507708922402,0.00999999999999999,0.0035509072995637174,0.00035509072995637173,100
US Power Grid — San Francisco,seamless,4.0,80,0.5925925925925926,0.012296296296296283,0.0036804357026369574,0.0003680435702636957,0.009555555555555546,0.0033781334931264314,0.0003378133493126431,100
US Power Grid — San Francisco,seamless,4.0,81,0.6,0.011777777777777765,0.0038099246221725584,0.0003809924622172558,0.008962962962962954,0.0030322976351135696,0.000303229763511357,100
US Power Grid — San Francisco,seamless,4.0,82,0.6074074074074074,0.011333333333333322,0.003861939652239637,0.0003861939652239637,0.00888888888888888,0.002977889822990255,0.0002977889822990255,100
US Power Grid — San Francisco,seamless,4.0,83,0.6148148148148148,0.011037037037037026,0.003867675919273764,0.00038676759192737636,0.008740740740740733,0.0028601697752990277,0.0002860169775299027,100
US Power Grid — San Francisco,seamless,4.0,84,0.6222222222222222,0.010666666666666656,0.003842516530016725,0.0003842516530016725,0.008296296296296288,0.002419249128674741,0.00024192491286747415,100
US Power Grid — San Francisco,seamless,4.0,85,0.6296296296296297,0.010148148148148137,0.003745369821226458,0.00037453698212264587,0.008074074074074065,0.00213054437973823,0.00021305443797382302,100
US Power Grid — San Francisco,seamless,4.0,86,0.6370370370370371,0.009925925925925916,0.003680435702636956,0.0003680435702636957,0.007925925925925918,0.001899499259083278,0.0001899499259083278,100
US Power Grid — San Francisco,seamless,4.0,87,0.6444444444444445,0.00962962962962962,0.0035703644715122,0.00035703644715122,0.007925925925925918,0.001899499259083278,0.0001899499259083278,100
US Power Grid — San Francisco,seamless,4.0,88,0.6518518518518519,0.009333333333333324,0.0034310408627224193,0.000343104086272242,0.007703703703703696,0.0014588621153106085,0.00014588621153106086,100
US Power Grid — San Francisco,seamless,4.0,89,0.6592592592592593,0.009037037037037027,0.003258715051665003,0.0003258715051665003,0.007555555555555548,0.0010422614380465893,0.00010422614380465892,100
US Power Grid — San Francisco,seamless,4.0,90,0.6666666666666667,0.008740740740740733,0.0030477942217721505,0.000304779422177215,0.007555555555555548,0.0010422614380465893,0.00010422614380465892,100
US Power Grid — San Francisco,seamless,4.0,91,0.674074074074074,0.008444444444444435,0.0025832228742205675,0.0002583222874220568,0.007407407407407401,0.0,1.7434626923745965e-19,100
US Power Grid — San Francisco,seamless,4.0,92,0.6814814814814815,0.007999999999999991,0.00201970314329104,0.00020197031432910402,0.007407407407407401,0.0,1.7434626923745965e-19,100
US Power Grid — San Francisco,seamless,4.0,93,0.6888888888888889,0.007925925925925918,0.0018994992590832783,0.0001899499259083278,0.007407407407407401,0.0,1.7434626923745965e-19,100
US Power Grid — San Francisco,seamless,4.0,94,0.6962962962962963,0.007851851851851844,0.0017680241227847541,0.0001768024122784754,0.007407407407407401,0.0,1.7434626923745965e-19,100
US Power Grid — San Francisco,seamless,4.0,95,0.7037037037037037,0.00777777777777777,0.0016225401004265935,0.0001622540100426593,0.007407407407407401,0.0,1.7434626923745965e-19,100
US Power Grid — San Francisco,seamless,4.0,96,0.7111111111111111,0.00777777777777777,0.0016225401004265935,0.0001622540100426593,0.007407407407407401,0.0,1.7434626923745965e-19,100
US Power Grid — San Francisco,seamless,4.0,97,0.7185185185185186,0.007703703703703696,0.0014588621153106087,0.00014588621153106086,0.007407407407407401,0.0,1.7434626923745965e-19,100
US Power Grid — San Francisco,seamless,4.0,98,0.725925925925926,0.0074814814814814735,0.0007407407407407399,7.407407407407398e-05,0.007407407407407401,0.0,1.7434626923745965e-19,100
US Power Grid — San Francisco,seamless,4.0,99,0.7333333333333334,0.0074814814814814735,0.0007407407407407399,7.407407407407398e-05,0.007407407407407401,0.0,1.7434626923745965e-19,100
US Power Grid — San Francisco,seamless,4.0,100,0.7407407407407408,0.0074814814814814735,0.0007407407407407399,7.407407407407398e-05,0.007407407407407401,0.0,1.7434626923745965e-19,100
US Power Grid — San Francisco,seamless,4.0,101,0.7481481481481482,0.0074814814814814735,0.0007407407407407399,7.407407407407398e-05,0.007407407407407401,0.0,1.7434626923745965e-19,100
US Power Grid — San Francisco,seamless,4.0,102,0.7555555555555555,0.0074814814814814735,0.0007407407407407399,7.407407407407398e-05,0.007407407407407401,0.0,1.7434626923745965e-19,100
US Power Grid — San Francisco,seamless,4.0,103,0.762962962962963,0.0074814814814814735,0.0007407407407407399,7.407407407407398e-05,0.007407407407407401,0.0,1.7434626923745965e-19,100
US Power Grid — San Francisco,seamless,4.0,104,0.7703703703703704,0.007407407407407401,0.0,1.7434626923745965e-19,0.007407407407407401,0.0,1.7434626923745965e-19,100
US Power Grid — San Francisco,seamless,4.0,105,0.7777777777777778,0.007407407407407401,0.0,1.7434626923745965e-19,0.007407407407407401,0.0,1.7434626923745965e-19,100
US Power Grid — San Francisco,seamless,4.0,106,0.7851851851851852,0.007407407407407401,0.0,1.7434626923745965e-19,0.007407407407407401,0.0,1.7434626923745965e-19,100
US Power Grid — San Francisco,seamless,4.0,107,0.7925925925925926,0.007407407407407401,0.0,1.7434626923745965e-19,0.007407407407407401,0.0,1.7434626923745965e-19,100
US Power Grid — San Francisco,seamless,4.0,108,0.8,0.007407407407407401,0.0,1.7434626923745965e-19,0.007407407407407401,0.0,1.7434626923745965e-19,100
US Power Grid — San Francisco,seamless,4.0,109,0.8074074074074075,0.007407407407407401,0.0,1.7434626923745965e-19,0.007407407407407401,0.0,1.7434626923745965e-19,100
US Power Grid — San Francisco,seamless,4.0,110,0.8148148148148149,0.007407407407407401,0.0,1.7434626923745965e-19,0.007407407407407401,0.0,1.7434626923745965e-19,100
US Power Grid — San Francisco,seamless,4.0,111,0.8222222222222223,0.007407407407407401,0.0,1.7434626923745965e-19,0.007407407407407401,0.0,1.7434626923745965e-19,100
US Power Grid — San Francisco,seamless,4.0,112,0.8296296296296297,0.007407407407407401,0.0,1.7434626923745965e-19,0.007407407407407401,0.0,1.7434626923745965e-19,100
US Power Grid — San Francisco,seamless,4.0,113,0.837037037037037,0.007407407407407401,0.0,1.7434626923745965e-19,0.007407407407407401,0.0,1.7434626923745965e-19,100
US Power Grid — San Francisco,seamless,4.0,114,0.8444444444444444,0.007407407407407401,0.0,1.7434626923745965e-19,0.007407407407407401,0.0,1.7434626923745965e-19,100
US Power Grid — San Francisco,seamless,4.0,115,0.8518518518518519,0.007407407407407401,0.0,1.7434626923745965e-19,0.007407407407407401,0.0,1.7434626923745965e-19,100
US Power Grid — San Francisco,seamless,4.0,116,0.8592592592592593,0.007407407407407401,0.0,1.7434626923745965e-19,0.007407407407407401,0.0,1.7434626923745965e-19,100
US Power Grid — San Francisco,seamless,4.0,117,0.8666666666666667,0.007407407407407401,0.0,1.7434626923745965e-19,0.007407407407407401,0.0,1.7434626923745965e-19,100
US Power Grid — San Francisco,seamless,4.0,118,0.8740740740740741,0.007407407407407401,0.0,1.7434626923745965e-19,0.007407407407407401,0.0,1.7434626923745965e-19,100
US Power Grid — San Francisco,seamless,4.0,119,0.8814814814814815,0.007407407407407401,0.0,1.7434626923745965e-19,0.007407407407407401,0.0,1.7434626923745965e-19,100
US Power Grid — San Francisco,seamless,4.0,120,0.888888888888889,0.007407407407407401,0.0,1.7434626923745965e-19,0.007407407407407401,0.0,1.7434626923745965e-19,100
US Power Grid — San Francisco,seamless,4.0,121,0.8962962962962964,0.007407407407407401,0.0,1.7434626923745965e-19,0.007407407407407401,0.0,1.7434626923745965e-19,100
US Power Grid — San Francisco,seamless,4.0,122,0.9037037037037038,0.007407407407407401,0.0,1.7434626923745965e-19,0.007407407407407401,0.0,1.7434626923745965e-19,100
US Power Grid — San Francisco,seamless,4.0,123,0.9111111111111112,0.007407407407407401,0.0,1.7434626923745965e-19,0.007407407407407401,0.0,1.7434626923745965e-19,100
US Power Grid — San Francisco,seamless,4.0,124,0.9185185185185184,0.007407407407407401,0.0,1.7434626923745965e-19,0.007407407407407401,0.0,1.7434626923745965e-19,100
US Power Grid — San Francisco,seamless,4.0,125,0.925925925925926,0.007407407407407401,0.0,1.7434626923745965e-19,0.007407407407407401,0.0,1.7434626923745965e-19,100
US Power Grid — San Francisco,seamless,4.0,126,0.9333333333333332,0.007407407407407401,0.0,1.7434626923745965e-19,0.007407407407407401,0.0,1.7434626923745965e-19,100
US Power Grid — San Francisco,seamless,4.0,127,0.9407407407407408,0.007407407407407401,0.0,1.7434626923745965e-19,0.007407407407407401,0.0,1.7434626923745965e-19,100
US Power Grid — San Francisco,seamless,4.0,128,0.9481481481481482,0.007407407407407401,0.0,1.7434626923745965e-19,0.007407407407407401,0.0,1.7434626923745965e-19,100
US Power Grid — San Francisco,seamless,4.0,129,0.9555555555555556,0.007407407407407401,0.0,1.7434626923745965e-19,0.007407407407407401,0.0,1.7434626923745965e-19,100
US Power Grid — San Francisco,seamless,4.0,130,0.962962962962963,0.007407407407407401,0.0,1.7434626923745965e-19,0.007407407407407401,0.0,1.7434626923745965e-19,100
US Power Grid — San Francisco,seamless,4.0,131,0.9703703703703704,0.007407407407407401,0.0,1.7434626923745965e-19,0.007407407407407401,0.0,1.7434626923745965e-19,100
US Power Grid — San Francisco,seamless,4.0,132,0.977777777777778,0.007407407407407401,0.0,1.7434626923745965e-19,0.007407407407407401,0.0,1.7434626923745965e-19,100
US Power Grid — San Francisco,seamless,4.0,133,0.9851851851851852,0.007407407407407401,0.0,1.7434626923745965e-19,0.007407407407407401,0.0,1.7434626923745965e-19,100
US Power Grid — San Francisco,seamless,4.0,134,0.9925925925925926,0.007407407407407401,0.0,1.7434626923745965e-19,0.0,0.0,0.0,100
US Power Grid — San Francisco,seamless,4.0,135,1.0,0.0,0.0,0.0,0.0,0.0,0.0,100
US Power Grid — San Francisco,seamless,5.0,0,0.0,1.0,0.0,0.0,0.0,0.0,0.0,100
US Power Grid — San Francisco,seamless,5.0,1,0.0074074074074074,0.8535555555555555,0.12696630154758456,0.012696630154758456,0.1144444444444444,0.11097572497496255,0.011097572497496256,100
US Power Grid — San Francisco,seamless,5.0,2,0.0148148148148148,0.6954814814814815,0.17995577859325007,0.017995577859325006,0.18370370370370367,0.11422740531978057,0.011422740531978056,100
US Power Grid — San Francisco,seamless,5.0,3,0.0222222222222222,0.5818518518518518,0.170379722900796,0.0170379722900796,0.21259259259259256,0.10404252277319673,0.010404252277319672,100
US Power Grid — San Francisco,seamless,5.0,4,0.0296296296296296,0.4886666666666667,0.15686462169604362,0.01568646216960436,0.21607407407407403,0.08641048531354151,0.00864104853135415,100
US Power Grid — San Francisco,seamless,5.0,5,0.037037037037037,0.40659259259259256,0.12549560063514345,0.012549560063514343,0.21370370370370367,0.06385451831701715,0.006385451831701715,100
US Power Grid — San Francisco,seamless,5.0,6,0.0444444444444444,0.3460740740740741,0.1032649582637566,0.010326495826375659,0.1942222222222222,0.05783530475225902,0.005783530475225902,100
US Power Grid — San Francisco,seamless,5.0,7,0.0518518518518518,0.29807407407407405,0.09237532308964538,0.009237532308964536,0.17755555555555552,0.05093470318537916,0.005093470318537915,100
US Power Grid — San Francisco,seamless,5.0,8,0.0592592592592592,0.2708888888888889,0.07925226621271939,0.007925226621271939,0.16237037037037033,0.04545161343441563,0.004545161343441563,100
US Power Grid — San Francisco,seamless,5.0,9,0.0666666666666666,0.24237037037037035,0.07743286607192146,0.007743286607192146,0.14629629629629626,0.040590820303144697,0.00405908203031447,100
US Power Grid — San Francisco,seamless,5.0,10,0.074074074074074,0.21977777777777774,0.06744817734099924,0.006744817734099925,0.13318518518518516,0.036879274924117696,0.0036879274924117695,100
US Power Grid — San Francisco,seamless,5.0,11,0.0814814814814814,0.20088888888888884,0.0580237839315821,0.005802378393158212,0.12311111111111106,0.03298911937175608,0.0032989119371756087,100
US Power Grid — San Francisco,seamless,5.0,12,0.0888888888888888,0.18266666666666662,0.05253908323668346,0.005253908323668347,0.11311111111111107,0.029738949098086703,0.002973894909808671,100
US Power Grid — San Francisco,seamless,5.0,13,0.0962962962962963,0.1662222222222222,0.05055094061808254,0.005055094061808254,0.10229629629629625,0.02800829652400533,0.0028008296524005332,100
US Power Grid — San Francisco,seamless,5.0,14,0.1037037037037037,0.15096296296296294,0.046489667244088935,0.004648966724408893,0.09548148148148142,0.02727036241611783,0.002727036241611783,100
US Power Grid — San Francisco,seamless,5.0,15,0.1111111111111111,0.1315555555555555,0.042416902078176714,0.004241690207817673,0.08740740740740735,0.026152078672844404,0.002615207867284441,100
US Power Grid — San Francisco,seamless,5.0,16,0.1185185185185185,0.11837037037037032,0.036999307381713586,0.0036999307381713593,0.08022222222222217,0.022729098872194146,0.0022729098872194147,100
US Power Grid — San Francisco,seamless,5.0,17,0.1259259259259259,0.11207407407407402,0.03605361044040878,0.0036053610440408774,0.07318518518518513,0.02087923405068389,0.0020879234050683896,100
US Power Grid — San Francisco,seamless,5.0,18,0.1333333333333333,0.10318518518518513,0.03240388522359309,0.003240388522359309,0.06933333333333327,0.019399758033067278,0.001939975803306728,100
US Power Grid — San Francisco,seamless,5.0,19,0.1407407407407407,0.09422222222222217,0.030150307254811624,0.003015030725481163,0.06377777777777772,0.017360580488212294,0.0017360580488212291,100
US Power Grid — San Francisco,seamless,5.0,20,0.1481481481481481,0.0872592592592592,0.028805985777544445,0.002880598577754445,0.059555555555555494,0.014278352883754031,0.0014278352883754031,100
US Power Grid — San Francisco,seamless,5.0,21,0.1555555555555555,0.08259259259259254,0.027583181707252123,0.0027583181707252122,0.0555555555555555,0.011461007776628267,0.0011461007776628267,100
US Power Grid — San Francisco,seamless,5.0,22,0.1629629629629629,0.0738518518518518,0.024476166653750304,0.0024476166653750304,0.05437037037037031,0.01110337678185663,0.0011103376781856629,100
US Power Grid — San Francisco,seamless,5.0,23,0.1703703703703703,0.06918518518518513,0.02265986317403764,0.0022659863174037636,0.05022222222222217,0.009796533383929058,0.000979653338392906,100
US Power Grid — San Francisco,seamless,5.0,24,0.1777777777777777,0.06488888888888883,0.02126951421890694,0.002126951421890694,0.04770370370370365,0.008638447251622657,0.0008638447251622659,100
US Power Grid — San Francisco,seamless,5.0,25,0.1851851851851852,0.06051851851851846,0.019415036639819687,0.001941503663981968,0.04555555555555551,0.007013467923666882,0.000701346792366688,100
US Power Grid — San Francisco,seamless,5.0,26,0.1925925925925926,0.05829629629629625,0.019115843470490935,0.001911584347049094,0.04407407407407403,0.00685359579832638,0.0006853595798326379,100
US Power Grid — San Francisco,seamless,5.0,27,0.2,0.05592592592592587,0.01848856537554982,0.001848856537554982,0.04355555555555551,0.006926395049841649,0.000692639504984165,100
US Power Grid — San Francisco,seamless,5.0,28,0.2074074074074074,0.054074074074074024,0.01800638647423695,0.0018006386474236948,0.04251851851851847,0.00582594291907699,0.0005825942919076989,100
US Power Grid — San Francisco,seamless,5.0,29,0.2148148148148148,0.05007407407407403,0.011776791870397907,0.0011776791870397908,0.041185185185185144,0.0054014029154460215,0.0005401402915446021,100
US Power Grid — San Francisco,seamless,5.0,30,0.2222222222222222,0.04777777777777773,0.010756274485170103,0.0010756274485170104,0.03955555555555552,0.0036804357026369566,0.00036804357026369567,100
US Power Grid — San Francisco,seamless,5.0,31,0.2296296296296296,0.046740740740740694,0.010136587799424062,0.0010136587799424062,0.03888888888888885,0.003850441481124225,0.00038504414811242247,100
US Power Grid — San Francisco,seamless,5.0,32,0.237037037037037,0.04562962962962958,0.009100852247569782,0.0009100852247569782,0.037999999999999964,0.004030477893156238,0.00040304778931562373,100
US Power Grid — San Francisco,seamless,5.0,33,0.2444444444444444,0.04429629629629625,0.007517328823586194,0.0007517328823586193,0.03748148148148144,0.0041876162037949236,0.0004187616203794924,100
US Power Grid — San Francisco,seamless,5.0,34,0.2518518518518519,0.043185185185185146,0.007144996581794612,0.0007144996581794614,0.03659259259259255,0.00431794024333587,0.000431794024333587,100
US Power Grid — San Francisco,seamless,5.0,35,0.2592592592592592,0.0424444444444444,0.006892303318536492,0.000689230331853649,0.035259259259259226,0.004838498257349482,0.0004838498257349482,100
US Power Grid — San Francisco,seamless,5.0,36,0.2666666666666666,0.04133333333333329,0.005283132403583355,0.0005283132403583358,0.03422222222222219,0.00544839917346061,0.000544839917346061,100
US Power Grid — San Francisco,seamless,5.0,37,0.2740740740740741,0.04022222222222218,0.005394729127039753,0.0005394729127039753,0.03355555555555552,0.005714038280697696,0.0005714038280697695,100
US Power Grid — San Francisco,seamless,5.0,38,0.2814814814814815,0.0387407407407407,0.005033316554721827,0.0005033316554721827,0.03222222222222219,0.006172839506172834,0.0006172839506172834,100
US Power Grid — San Francisco,seamless,5.0,39,0.2888888888888889,0.037999999999999964,0.005536693256697372,0.0005536693256697372,0.030814814814814784,0.006466205074613086,0.0006466205074613085,100
US Power Grid — San Francisco,seamless,5.0,40,0.2962962962962963,0.03688888888888885,0.006137271264287435,0.0006137271264287435,0.029333333333333305,0.00631003540500618,0.000631003540500618,100
US Power Grid — San Francisco,seamless,5.0,41,0.3037037037037037,0.035851851851851815,0.0068814388350562335,0.0006881438835056233,0.027703703703703675,0.006194798204564682,0.0006194798204564682,100
US Power Grid — San Francisco,seamless,5.0,42,0.3111111111111111,0.03451851851851848,0.007157784231323809,0.0007157784231323807,0.026444444444444416,0.005496506238408606,0.0005496506238408606,100
US Power Grid — San Francisco,seamless,5.0,43,0.3185185185185185,0.03318518518518515,0.007177888234405611,0.0007177888234405611,0.025555555555555533,0.005508593127635472,0.0005508593127635473,100
US Power Grid — San Francisco,seamless,5.0,44,0.3259259259259259,0.0316296296296296,0.007358988781287198,0.0007358988781287197,0.024740740740740716,0.005976217570998994,0.0005976217570998995,100
US Power Grid — San Francisco,seamless,5.0,45,0.3333333333333333,0.030222222222222192,0.00749517772300962,0.000749517772300962,0.023629629629629605,0.005927328677969694,0.0005927328677969695,100
US Power Grid — San Francisco,seamless,5.0,46,0.3407407407407407,0.028518518518518488,0.007398048708272495,0.0007398048708272493,0.022592592592592567,0.005897330933970658,0.0005897330933970656,100
US Power Grid — San Francisco,seamless,5.0,47,0.3481481481481481,0.027037037037037012,0.007322748542401187,0.0007322748542401187,0.021703703703703683,0.0057911152857688455,0.0005791115285768845,100
US Power Grid — San Francisco,seamless,5.0,48,0.3555555555555555,0.025555555555555533,0.007246665974122519,0.000724666597412252,0.020518518518518495,0.005142251842799068,0.0005142251842799069,100
US Power Grid — San Francisco,seamless,5.0,49,0.362962962962963,0.024518518518518495,0.006959523471724581,0.0006959523471724582,0.019555555555555534,0.004651612604979073,0.0004651612604979072,100
US Power Grid — San Francisco,seamless,5.0,50,0.3703703703703704,0.024074074074074046,0.00660653766678403,0.0006606537666784029,0.0185185185185185,0.00427666866066389,0.000427666866066389,100
US Power Grid — San Francisco,seamless,5.0,51,0.3777777777777777,0.022518518518518493,0.00594833026264489,0.0005948330262644891,0.01762962962962961,0.0036135683793671325,0.0003613568379367132,100
US Power Grid — San Francisco,seamless,5.0,52,0.3851851851851852,0.021703703703703683,0.005394729127039755,0.0005394729127039753,0.01711111111111109,0.0034431348052720834,0.00034431348052720836,100
US Power Grid — San Francisco,seamless,5.0,53,0.3925925925925926,0.020888888888888867,0.0050907982418548015,0.0005090798241854802,0.016518518518518502,0.003132982108752965,0.0003132982108752965,100
US Power Grid — San Francisco,seamless,5.0,54,0.4,0.01970370370370368,0.005073349010595918,0.0005073349010595917,0.016222222222222204,0.0029205721807678683,0.00029205721807678674,100
US Power Grid — San Francisco,seamless,5.0,55,0.4074074074074074,0.01925925925925924,0.004708457230842426,0.00047084572308424266,0.01592592592592591,0.0026582983798713804,0.000265829837987138,100
US Power Grid — San Francisco,seamless,5.0,56,0.4148148148148148,0.01874074074074072,0.004643861402533728,0.00046438614025337267,0.01570370370370369,0.002419249128674741,0.0002419249128674741,100
US Power Grid — San Francisco,seamless,5.0,57,0.4222222222222222,0.018222222222222206,0.004639682314483054,0.00046396823144830544,0.01570370370370369,0.002419249128674741,0.0002419249128674741,100
US Power Grid — San Francisco,seamless,5.0,58,0.4296296296296296,0.01762962962962961,0.004047630400192542,0.0004047630400192544,0.015333333333333319,0.0018994992590832776,0.0001899499259083278,100
US Power Grid — San Francisco,seamless,5.0,59,0.437037037037037,0.01740740740740739,0.0039917888313756944,0.0003991788831375695,0.015259259259259243,0.001768024122784754,0.00017680241227847538,100
US Power Grid — San Francisco,seamless,5.0,60,0.4444444444444445,0.01711111111111109,0.003896230577298638,0.00038962305772986377,0.015111111111111096,0.001458862115310609,0.00014588621153106086,100
US Power Grid — San Francisco,seamless,5.0,61,0.4518518518518519,0.016740740740740723,0.0035889441172028045,0.0003588944117202805,0.015111111111111096,0.001458862115310609,0.00014588621153106086,100
US Power Grid — San Francisco,seamless,5.0,62,0.4592592592592592,0.016222222222222204,0.0032782157971284337,0.0003278215797128433,0.015111111111111096,0.001458862115310609,0.00014588621153106086,100
US Power Grid — San Francisco,seamless,5.0,63,0.4666666666666667,0.016222222222222204,0.0032782157971284337,0.0003278215797128433,0.015037037037037022,0.0012699748740575194,0.0001269974874057519,100
US Power Grid — San Francisco,seamless,5.0,64,0.4740740740740741,0.015999999999999983,0.003109008250178364,0.0003109008250178365,0.014814814814814802,0.0018235776441382606,0.00018235776441382606,100
US Power Grid — San Francisco,seamless,5.0,65,0.4814814814814815,0.01570370370370369,0.0028407258396509734,0.0002840725839650973,0.014444444444444428,0.0016225401004265935,0.0001622540100426593,100
US Power Grid — San Francisco,seamless,5.0,66,0.4888888888888889,0.015481481481481464,0.0028043991831112436,0.0002804399183111243,0.014296296296296283,0.0018994992590832779,0.00018994992590832784,100
US Power Grid — San Francisco,seamless,5.0,67,0.4962962962962963,0.015111111111111096,0.0017990989817745333,0.00017990989817745322,0.013777777777777764,0.002583222874220568,0.00025832228742205676,100
US Power Grid — San Francisco,seamless,5.0,68,0.5037037037037038,0.014962962962962947,0.0018174888870928975,0.0001817488887092897,0.013555555555555541,0.002796482726434345,0.00027964827264343443,100
US Power Grid — San Francisco,seamless,5.0,69,0.5111111111111112,0.014740740740740726,0.0022321762349616593,0.00022321762349616583,0.013185185185185171,0.0030839496288387123,0.00030839496288387124,100
US Power Grid — San Francisco,seamless,5.0,70,0.5185185185185185,0.014518518518518504,0.0025616776866778167,0.0002561677686677816,0.012888888888888877,0.003265511127976352,0.00032655111279763523,100
US Power Grid — San Francisco,seamless,5.0,71,0.5259259259259259,0.014148148148148134,0.0028043991831112436,0.0002804399183111243,0.012444444444444432,0.003472786461201113,0.0003472786461201112,100
US Power Grid — San Francisco,seamless,5.0,72,0.5333333333333333,0.013703703703703688,0.0028592007189353497,0.0002859200718935349,0.011481481481481471,0.0037037037037037,0.00037037037037036997,100
US Power Grid — San Francisco,seamless,5.0,73,0.5407407407407407,0.013259259259259247,0.003209876543209873,0.00032098765432098727,0.010740740740740731,0.0037037037037037,0.00037037037037036997,100
US Power Grid — San Francisco,seamless,5.0,74,0.5481481481481482,0.012814814814814801,0.003468794292435543,0.00034687942924355435,0.009925925925925916,0.0035266313227372064,0.00035266313227372064,100
US Power Grid — San Francisco,seamless,5.0,75,0.5555555555555556,0.01222222222222221,0.0037037037037037,0.00037037037037037,0.009703703703703694,0.003443134805272084,0.00034431348052720836,100
US Power Grid — San Francisco,seamless,5.0,76,0.562962962962963,0.011629629629629618,0.0038331295546321018,0.0003833129554632101,0.009037037037037027,0.0030839496288387115,0.0003083949628838712,100
US Power Grid — San Francisco,seamless,5.0,77,0.5703703703703704,0.011407407407407396,0.003856913420200813,0.0003856913420200813,0.008444444444444435,0.002583222874220567,0.0002583222874220568,100
US Power Grid — San Francisco,seamless,5.0,78,0.5777777777777778,0.011037037037037026,0.003867675919273765,0.00038676759192737636,0.008296296296296288,0.002419249128674741,0.0002419249128674741,100
US Power Grid — San Francisco,seamless,5.0,79,0.5851851851851853,0.010888888888888877,0.003861939652239638,0.0003861939652239637,0.007999999999999991,0.00201970314329104,0.00020197031432910408,100
US Power Grid — San Francisco,seamless,5.0,80,0.5925925925925926,0.010370370370370358,0.0037960795791891692,0.00037960795791891684,0.00777777777777777,0.0016225401004265935,0.00016225401004265933,100
US Power Grid — San Francisco,seamless,5.0,81,0.6,0.009925925925925916,0.0036804357026369574,0.0003680435702636957,0.00777777777777777,0.0016225401004265935,0.00016225401004265933,100
US Power Grid — San Francisco,seamless,5.0,82,0.6074074074074074,0.009555555555555546,0.0035383985603823945,0.0003538398560382394,0.00777777777777777,0.0016225401004265935,0.00016225401004265933,100
US Power Grid — San Francisco,seamless,5.0,83,0.6148148148148148,0.009111111111111103,0.0033051558765812825,0.0003305155876581283,0.007703703703703696,0.0014588621153106087,0.00014588621153106086,100
US Power Grid — San Francisco,seamless,5.0,84,0.6222222222222222,0.008740740740740733,0.0030477942217721505,0.000304779422177215,0.007629629629629622,0.0012699748740575194,0.0001269974874057519,100
US Power Grid — San Francisco,seamless,5.0,85,0.6296296296296297,0.008444444444444435,0.002583222874220567,0.0002583222874220568,0.007629629629629622,0.0012699748740575194,0.0001269974874057519,100
US Power Grid — San Francisco,seamless,5.0,86,0.6370370370370371,0.008370370370370361,0.0025036864369602273,0.00025036864369602275,0.0074814814814814735,0.0007407407407407398,7.407407407407398e-05,100
US Power Grid — San Francisco,seamless,5.0,87,0.6444444444444445,0.008222222222222214,0.0023293780572979247,0.00023293780572979238,0.0074814814814814735,0.0007407407407407398,7.407407407407398e-05,100
US Power Grid — San Francisco,seamless,5.0,88,0.6518518518518519,0.008222222222222214,0.0023293780572979247,0.00023293780572979238,0.007407407407407401,0.0,1.7434626923745965e-19,100
US Power Grid — San Francisco,seamless,5.0,89,0.6592592592592593,0.008074074074074065,0.00213054437973823,0.00021305443797382302,0.007407407407407401,0.0,1.7434626923745965e-19,100
US Power Grid — San Francisco,seamless,5.0,90,0.6666666666666667,0.00777777777777777,0.0016225401004265933,0.0001622540100426593,0.007407407407407401,0.0,1.7434626923745965e-19,100
US Power Grid — San Francisco,seamless,5.0,91,0.674074074074074,0.00777777777777777,0.0016225401004265933,0.0001622540100426593,0.007407407407407401,0.0,1.7434626923745965e-19,100
US Power Grid — San Francisco,seamless,5.0,92,0.6814814814814815,0.007629629629629622,0.0012699748740575194,0.00012699748740575194,0.007407407407407401,0.0,1.7434626923745965e-19,100
US Power Grid — San Francisco,seamless,5.0,93,0.6888888888888889,0.007555555555555548,0.0010422614380465893,0.00010422614380465891,0.007407407407407401,0.0,1.7434626923745965e-19,100
US Power Grid — San Francisco,seamless,5.0,94,0.6962962962962963,0.0074814814814814735,0.0007407407407407398,7.407407407407398e-05,0.007407407407407401,0.0,1.7434626923745965e-19,100
US Power Grid — San Francisco,seamless,5.0,95,0.7037037037037037,0.0074814814814814735,0.0007407407407407398,7.407407407407398e-05,0.007407407407407401,0.0,1.7434626923745965e-19,100
US Power Grid — San Francisco,seamless,5.0,96,0.7111111111111111,0.007407407407407401,0.0,1.7434626923745965e-19,0.007407407407407401,0.0,1.7434626923745965e-19,100
US Power Grid — San Francisco,seamless,5.0,97,0.7185185185185186,0.007407407407407401,0.0,1.7434626923745965e-19,0.007407407407407401,0.0,1.7434626923745965e-19,100
US Power Grid — San Francisco,seamless,5.0,98,0.725925925925926,0.007407407407407401,0.0,1.7434626923745965e-19,0.007407407407407401,0.0,1.7434626923745965e-19,100
US Power Grid — San Francisco,seamless,5.0,99,0.7333333333333334,0.007407407407407401,0.0,1.7434626923745965e-19,0.007407407407407401,0.0,1.7434626923745965e-19,100
US Power Grid — San Francisco,seamless,5.0,100,0.7407407407407408,0.007407407407407401,0.0,1.7434626923745965e-19,0.007407407407407401,0.0,1.7434626923745965e-19,100
US Power Grid — San Francisco,seamless,5.0,101,0.7481481481481482,0.007407407407407401,0.0,1.7434626923745965e-19,0.007407407407407401,0.0,1.7434626923745965e-19,100
US Power Grid — San Francisco,seamless,5.0,102,0.7555555555555555,0.007407407407407401,0.0,1.7434626923745965e-19,0.007407407407407401,0.0,1.7434626923745965e-19,100
US Power Grid — San Francisco,seamless,5.0,103,0.762962962962963,0.007407407407407401,0.0,1.7434626923745965e-19,0.007407407407407401,0.0,1.7434626923745965e-19,100
US Power Grid — San Francisco,seamless,5.0,104,0.7703703703703704,0.007407407407407401,0.0,1.7434626923745965e-19,0.007407407407407401,0.0,1.7434626923745965e-19,100
US Power Grid — San Francisco,seamless,5.0,105,0.7777777777777778,0.007407407407407401,0.0,1.7434626923745965e-19,0.007407407407407401,0.0,1.7434626923745965e-19,100
US Power Grid — San Francisco,seamless,5.0,106,0.7851851851851852,0.007407407407407401,0.0,1.7434626923745965e-19,0.007407407407407401,0.0,1.7434626923745965e-19,100
US Power Grid — San Francisco,seamless,5.0,107,0.7925925925925926,0.007407407407407401,0.0,1.7434626923745965e-19,0.007407407407407401,0.0,1.7434626923745965e-19,100
US Power Grid — San Francisco,seamless,5.0,108,0.8,0.007407407407407401,0.0,1.7434626923745965e-19,0.007407407407407401,0.0,1.7434626923745965e-19,100
US Power Grid — San Francisco,seamless,5.0,109,0.8074074074074075,0.007407407407407401,0.0,1.7434626923745965e-19,0.007407407407407401,0.0,1.7434626923745965e-19,100
US Power Grid — San Francisco,seamless,5.0,110,0.8148148148148149,0.007407407407407401,0.0,1.7434626923745965e-19,0.007407407407407401,0.0,1.7434626923745965e-19,100
US Power Grid — San Francisco,seamless,5.0,111,0.8222222222222223,0.007407407407407401,0.0,1.7434626923745965e-19,0.007407407407407401,0.0,1.7434626923745965e-19,100
US Power Grid — San Francisco,seamless,5.0,112,0.8296296296296297,0.007407407407407401,0.0,1.7434626923745965e-19,0.007407407407407401,0.0,1.7434626923745965e-19,100
US Power Grid — San Francisco,seamless,5.0,113,0.837037037037037,0.007407407407407401,0.0,1.7434626923745965e-19,0.007407407407407401,0.0,1.7434626923745965e-19,100
US Power Grid — San Francisco,seamless,5.0,114,0.8444444444444444,0.007407407407407401,0.0,1.7434626923745965e-19,0.007407407407407401,0.0,1.7434626923745965e-19,100
US Power Grid — San Francisco,seamless,5.0,115,0.8518518518518519,0.007407407407407401,0.0,1.7434626923745965e-19,0.007407407407407401,0.0,1.7434626923745965e-19,100
US Power Grid — San Francisco,seamless,5.0,116,0.8592592592592593,0.007407407407407401,0.0,1.7434626923745965e-19,0.007407407407407401,0.0,1.7434626923745965e-19,100
US Power Grid — San Francisco,seamless,5.0,117,0.8666666666666667,0.007407407407407401,0.0,1.7434626923745965e-19,0.007407407407407401,0.0,1.7434626923745965e-19,100
US Power Grid — San Francisco,seamless,5.0,118,0.8740740740740741,0.007407407407407401,0.0,1.7434626923745965e-19,0.007407407407407401,0.0,1.7434626923745965e-19,100
US Power Grid — San Francisco,seamless,5.0,119,0.8814814814814815,0.007407407407407401,0.0,1.7434626923745965e-19,0.007407407407407401,0.0,1.7434626923745965e-19,100
US Power Grid — San Francisco,seamless,5.0,120,0.888888888888889,0.007407407407407401,0.0,1.7434626923745965e-19,0.007407407407407401,0.0,1.7434626923745965e-19,100
US Power Grid — San Francisco,seamless,5.0,121,0.8962962962962964,0.007407407407407401,0.0,1.7434626923745965e-19,0.007407407407407401,0.0,1.7434626923745965e-19,100
US Power Grid — San Francisco,seamless,5.0,122,0.9037037037037038,0.007407407407407401,0.0,1.7434626923745965e-19,0.007407407407407401,0.0,1.7434626923745965e-19,100
US Power Grid — San Francisco,seamless,5.0,123,0.9111111111111112,0.007407407407407401,0.0,1.7434626923745965e-19,0.007407407407407401,0.0,1.7434626923745965e-19,100
US Power Grid — San Francisco,seamless,5.0,124,0.9185185185185184,0.007407407407407401,0.0,1.7434626923745965e-19,0.007407407407407401,0.0,1.7434626923745965e-19,100
US Power Grid — San Francisco,seamless,5.0,125,0.925925925925926,0.007407407407407401,0.0,1.7434626923745965e-19,0.007407407407407401,0.0,1.7434626923745965e-19,100
US Power Grid — San Francisco,seamless,5.0,126,0.9333333333333332,0.007407407407407401,0.0,1.7434626923745965e-19,0.007407407407407401,0.0,1.7434626923745965e-19,100
US Power Grid — San Francisco,seamless,5.0,127,0.9407407407407408,0.007407407407407401,0.0,1.7434626923745965e-19,0.007407407407407401,0.0,1.7434626923745965e-19,100
US Power Grid — San Francisco,seamless,5.0,128,0.9481481481481482,0.007407407407407401,0.0,1.7434626923745965e-19,0.007407407407407401,0.0,1.7434626923745965e-19,100
US Power Grid — San Francisco,seamless,5.0,129,0.9555555555555556,0.007407407407407401,0.0,1.7434626923745965e-19,0.007407407407407401,0.0,1.7434626923745965e-19,100
US Power Grid — San Francisco,seamless,5.0,130,0.962962962962963,0.007407407407407401,0.0,1.7434626923745965e-19,0.007407407407407401,0.0,1.7434626923745965e-19,100
US Power Grid — San Francisco,seamless,5.0,131,0.9703703703703704,0.007407407407407401,0.0,1.7434626923745965e-19,0.007407407407407401,0.0,1.7434626923745965e-19,100
US Power Grid — San Francisco,seamless,5.0,132,0.977777777777778,0.007407407407407401,0.0,1.7434626923745965e-19,0.007407407407407401,0.0,1.7434626923745965e-19,100
US Power Grid — San Francisco,seamless,5.0,133,0.9851851851851852,0.007407407407407401,0.0,1.7434626923745965e-19,0.007407407407407401,0.0,1.7434626923745965e-19,100
US Power Grid — San Francisco,seamless,5.0,134,0.9925925925925926,0.007407407407407401,0.0,1.7434626923745965e-19,0.0,0.0,0.0,100
US Power Grid — San Francisco,seamless,5.0,135,1.0,0.0,0.0,0.0,0.0,0.0,0.0,100
US Power Grid — San Francisco,seamless,6.0,0,0.0,1.0,0.0,0.0,0.0,0.0,0.0,100
US Power Grid — San Francisco,seamless,6.0,1,0.0074074074074074,0.8769629629629629,0.10811982983847543,0.010811982983847546,0.0941481481481481,0.09287302091055473,0.009287302091055471,100
US Power Grid — San Francisco,seamless,6.0,2,0.0148148148148148,0.7444444444444445,0.14501933616550444,0.014501933616550444,0.15399999999999994,0.10424366402311323,0.010424366402311326,100
US Power Grid — San Francisco,seamless,6.0,3,0.0222222222222222,0.6057777777777779,0.1552883886736883,0.015528838867368833,0.19585185185185183,0.09924306505303092,0.009924306505303088,100
US Power Grid — San Francisco,seamless,6.0,4,0.0296296296296296,0.4731111111111111,0.13403256400940028,0.013403256400940028,0.21688888888888885,0.07510749387509458,0.007510749387509457,100
US Power Grid — San Francisco,seamless,6.0,5,0.037037037037037,0.38392592592592595,0.11627151174800873,0.011627151174800872,0.21103703703703702,0.053306463281550205,0.00533064632815502,100
US Power Grid — San Francisco,seamless,6.0,6,0.0444444444444444,0.3153333333333333,0.08590357308233902,0.0085903573082339,0.20029629629629628,0.045539812779024726,0.004553981277902472,100
US Power Grid — San Francisco,seamless,6.0,7,0.0518518518518518,0.2806666666666667,0.07029566594124152,0.007029566594124154,0.18325925925925923,0.04670186737653392,0.004670186737653393,100
US Power Grid — San Francisco,seamless,6.0,8,0.0592592592592592,0.25007407407407406,0.06370457372447247,0.006370457372447247,0.16333333333333327,0.036749727368425106,0.0036749727368425114,100
US Power Grid — San Francisco,seamless,6.0,9,0.0666666666666666,0.2282222222222222,0.06256842563805125,0.006256842563805124,0.14859259259259255,0.03660534045501413,0.0036605340455014125,100
US Power Grid — San Francisco,seamless,6.0,10,0.074074074074074,0.2084444444444444,0.05930619166578872,0.005930619166578872,0.13570370370370366,0.03611850145485693,0.0036118501454856936,100
US Power Grid — San Francisco,seamless,6.0,11,0.0814814814814814,0.18696296296296291,0.03709116882172076,0.003709116882172076,0.1247407407407407,0.031031555239313904,0.00310315552393139,100
US Power Grid — San Francisco,seamless,6.0,12,0.0888888888888888,0.17592592592592587,0.036385972273116,0.0036385972273115996,0.11222222222222218,0.02792267979914822,0.0027922679799148218,100
US Power Grid — San Francisco,seamless,6.0,13,0.0962962962962963,0.1613333333333333,0.039738095897212014,0.0039738095897212024,0.0986666666666666,0.02612833180704314,0.0026128331807043137,100
US Power Grid — San Francisco,seamless,6.0,14,0.1037037037037037,0.1421481481481481,0.03223995538714874,0.003223995538714873,0.09059259259259253,0.022966824434265322,0.0022966824434265333,100
US Power Grid — San Francisco,seamless,6.0,15,0.1111111111111111,0.12918518518518515,0.03321582146315015,0.003321582146315015,0.08385185185185179,0.02255346098685884,0.0022553460986858833,100
US Power Grid — San Francisco,seamless,6.0,16,0.1185185185185185,0.11666666666666663,0.03334995636557634,0.0033349956365576333,0.07911111111111105,0.02165071309207512,0.002165071309207512,100
US Power Grid — San Francisco,seamless,6.0,17,0.1259259259259259,0.10785185185185181,0.03178330699587824,0.003178330699587823,0.0726666666666666,0.01725811761950155,0.0017258117619501554,100
US Power Grid — San Francisco,seamless,6.0,18,0.1333333333333333,0.09992592592592589,0.02931926866010728,0.002931926866010728,0.06718518518518513,0.015266405657688942,0.0015266405657688943,100
US Power Grid — San Francisco,seamless,6.0,19,0.1407407407407407,0.0884444444444444,0.02473217725812886,0.002473217725812886,0.061555555555555495,0.013052493982920788,0.0013052493982920789,100
US Power Grid — San Francisco,seamless,6.0,20,0.1481481481481481,0.08444444444444439,0.02495926486898792,0.002495926486898792,0.057037037037036976,0.012345679012345675,0.0012345679012345674,100
US Power Grid — San Francisco,seamless,6.0,21,0.1555555555555555,0.07903703703703698,0.024938271604938285,0.0024938271604938284,0.05288888888888883,0.008619177882875318,0.0008619177882875315,100
US Power Grid — San Francisco,seamless,6.0,22,0.1629629629629629,0.07399999999999994,0.02288559671320068,0.0022885596713200676,0.051037037037036985,0.008415832231164334,0.0008415832231164334,100
US Power Grid — San Francisco,seamless,6.0,23,0.1703703703703703,0.06785185185185179,0.019773278119928482,0.0019773278119928476,0.04837037037037033,0.006443451037382657,0.0006443451037382656,100
US Power Grid — San Francisco,seamless,6.0,24,0.1777777777777777,0.06303703703703699,0.01831144986653286,0.0018311449866532856,0.04666666666666661,0.0059090669275367776,0.0005909066927536775,100
US Power Grid — San Francisco,seamless,6.0,25,0.1851851851851852,0.05977777777777773,0.016353164049255402,0.0016353164049255399,0.044888888888888846,0.005652110193708437,0.0005652110193708437,100
US Power Grid — San Francisco,seamless,6.0,26,0.1925925925925926,0.057037037037036976,0.014144976659203721,0.0014144976659203723,0.04392592592592588,0.005077171154287617,0.0005077171154287617,100
US Power Grid — San Francisco,seamless,6.0,27,0.2,0.055111111111111055,0.014098665188209576,0.0014098665188209576,0.04281481481481477,0.004287023805751884,0.00042870238057518827,100
US Power Grid — San Francisco,seamless,6.0,28,0.2074074074074074,0.05177777777777773,0.011509024082792321,0.0011509024082792323,0.04155555555555551,0.004063346758665474,0.0004063346758665473,100
US Power Grid — San Francisco,seamless,6.0,29,0.2148148148148148,0.050888888888888845,0.011468500922941827,0.0011468500922941825,0.04088888888888885,0.0040063410132117755,0.00040063410132117755,100
US Power Grid — San Francisco,seamless,6.0,30,0.2222222222222222,0.04874074074074069,0.010325379397381935,0.0010325379397381933,0.04007407407407403,0.003809924622172557,0.00038099246221725565,100
US Power Grid — San Francisco,seamless,6.0,31,0.2296296296296296,0.04711111111111107,0.010072137310800559,0.0010072137310800557,0.03911111111111107,0.0036592922778567565,0.0003659292277856755,100
US Power Grid — San Francisco,seamless,6.0,32,0.237037037037037,0.04577777777777773,0.009671267429764452,0.0009671267429764449,0.03807407407407403,0.003495058338792709,0.00034950583387927087,100
US Power Grid — San Francisco,seamless,6.0,33,0.2444444444444444,0.04407407407407403,0.008112700502132968,0.0008112700502132966,0.03755555555555552,0.0038331295546321005,0.00038331295546321003,100
US Power Grid — San Francisco,seamless,6.0,34,0.2518518518518519,0.043185185185185146,0.00802201457557016,0.000802201457557016,0.03688888888888885,0.00433842880556738,0.000433842880556738,100
US Power Grid — San Francisco,seamless,6.0,35,0.2592592592592592,0.04192592592592589,0.005976217570998995,0.0005976217570998995,0.03577777777777774,0.004218604261109142,0.0004218604261109142,100
US Power Grid — San Francisco,seamless,6.0,36,0.2666666666666666,0.04051851851851848,0.005810224776031672,0.0005810224776031671,0.03474074074074071,0.005015667351816646,0.0005015667351816647,100
US Power Grid — San Francisco,seamless,6.0,37,0.2740740740740741,0.03962962962962959,0.005990575149307521,0.0005990575149307521,0.03340740740740737,0.0054193299574824905,0.000541932995748249,100
US Power Grid — San Francisco,seamless,6.0,38,0.2814814814814815,0.03918518518518514,0.006075095951197458,0.0006075095951197458,0.03237037037037034,0.005536693256697373,0.0005536693256697374,100
US Power Grid — San Francisco,seamless,6.0,39,0.2888888888888889,0.038222222222222185,0.006551357610578561,0.000655135761057856,0.03111111111111108,0.0058619819785412286,0.0005861981978541227,100
US Power Grid — San Francisco,seamless,6.0,40,0.2962962962962963,0.037111111111111074,0.0068632931442424204,0.0006863293144242421,0.029407407407407375,0.006180018272379683,0.0006180018272379683,100
US Power Grid — San Francisco,seamless,6.0,41,0.3037037037037037,0.03488888888888885,0.00692759522226811,0.0006927595222268108,0.02688888888888886,0.005536693256697374,0.0005536693256697373,100
US Power Grid — San Francisco,seamless,6.0,42,0.3111111111111111,0.03340740740740737,0.00725583800518404,0.0007255838005184041,0.026148148148148122,0.005311903573517146,0.0005311903573517145,100
US Power Grid — San Francisco,seamless,6.0,43,0.3185185185185185,0.03229629629629626,0.007257747386024225,0.0007257747386024224,0.024962962962962937,0.005011245338744661,0.000501124533874466,100
US Power Grid — San Francisco,seamless,6.0,44,0.3259259259259259,0.030740740740740707,0.007546395274529397,0.0007546395274529393,0.023407407407407384,0.004555295495027002,0.0004555295495027002,100
US Power Grid — San Francisco,seamless,6.0,45,0.3333333333333333,0.028148148148148117,0.007444724557475638,0.0007444724557475637,0.02281481481481479,0.004426951483051327,0.00044269514830513266,100
US Power Grid — San Francisco,seamless,6.0,46,0.3407407407407407,0.026666666666666637,0.007294310576553044,0.0007294310576553045,0.021703703703703683,0.004738378573492138,0.0004738378573492139,100
US Power Grid — San Francisco,seamless,6.0,47,0.3481481481481481,0.025851851851851824,0.007179046363044295,0.0007179046363044293,0.020888888888888867,0.004980737722922011,0.000498073772292201,100
US Power Grid — San Francisco,seamless,6.0,48,0.3555555555555555,0.025407407407407382,0.007463684461962332,0.000746368446196233,0.019925925925925906,0.004903920932207798,0.0004903920932207798,100
US Power Grid — San Francisco,seamless,6.0,49,0.362962962962963,0.024370370370370344,0.007085797944696079,0.0007085797944696078,0.01888888888888887,0.004513124413666236,0.00045131244136662363,100
US Power Grid — San Francisco,seamless,6.0,50,0.3703703703703704,0.022740740740740718,0.00659646287988253,0.0006596462879882531,0.01777777777777776,0.003939377951691184,0.0003939377951691184,100
US Power Grid — San Francisco,seamless,6.0,51,0.3777777777777777,0.021925925925925904,0.006568255646412703,0.0006568255646412703,0.01703703703703702,0.003722362278737819,0.0003722362278737818,100
US Power Grid — San Francisco,seamless,6.0,52,0.3851851851851852,0.020592592592592572,0.006706866369974145,0.0006706866369974144,0.016370370370370355,0.003209876543209873,0.00032098765432098727,100
US Power Grid — San Francisco,seamless,6.0,53,0.3925925925925926,0.01970370370370368,0.005691198558451135,0.0005691198558451135,0.015851851851851836,0.0025832228742205666,0.0002583222874220568,100
US Power Grid — San Francisco,seamless,6.0,54,0.4,0.019037037037037016,0.005394729127039753,0.0005394729127039754,0.015629629629629615,0.002329378057297924,0.00023293780572979238,100
US Power Grid — San Francisco,seamless,6.0,55,0.4074074074074074,0.0185185185185185,0.005103846016117648,0.0005103846016117648,0.015333333333333317,0.0018994992590832776,0.0001899499259083278,100
US Power Grid — San Francisco,seamless,6.0,56,0.4148148148148148,0.01740740740740739,0.0037037037037036986,0.00037037037037036997,0.01518518518518517,0.0016225401004265928,0.0001622540100426593,100
US Power Grid — San Francisco,seamless,6.0,57,0.4222222222222222,0.016962962962962947,0.003538398560382393,0.00035383985603823937,0.015037037037037022,0.0012699748740575192,0.00012699748740575188,100
US Power Grid — San Francisco,seamless,6.0,58,0.4296296296296296,0.016740740740740723,0.0034310408627224193,0.00034310408627224195,0.014962962962962947,0.0010422614380465893,0.00010422614380465892,100
US Power Grid — San Francisco,seamless,6.0,59,0.437037037037037,0.016518518518518502,0.003305155876581282,0.0003305155876581282,0.014962962962962947,0.0010422614380465893,0.00010422614380465892,100
US Power Grid — San Francisco,seamless,6.0,60,0.4444444444444445,0.01629629629629628,0.0031585291311942245,0.00031585291311942245,0.014962962962962947,0.0010422614380465893,0.00010422614380465892,100
US Power Grid — San Francisco,seamless,6.0,61,0.4518518518518519,0.015999999999999983,0.002729281105018297,0.0002729281105018298,0.014888888888888873,0.0007407407407407398,7.407407407407398e-05,100
US Power Grid — San Francisco,seamless,6.0,62,0.4592592592592592,0.01570370370370369,0.002419249128674741,0.0002419249128674741,0.014814814814814802,0.0,3.486925384749193e-19,100
US Power Grid — San Francisco,seamless,6.0,63,0.4666666666666667,0.01555555555555554,0.0022334173672426912,0.00022334173672426905,0.014814814814814802,0.0,3.486925384749193e-19,100
US Power Grid — San Francisco,seamless,6.0,64,0.4740740740740741,0.015481481481481464,0.00213054437973823,0.000213054437973823,0.014740740740740726,0.00074074074074074,7.407407407407399e-05,100
US Power Grid — San Francisco,seamless,6.0,65,0.4814814814814815,0.015481481481481464,0.00213054437973823,0.000213054437973823,0.014518518518518504,0.0014588621153106087,0.0001458862115310609,100
US Power Grid — San Francisco,seamless,6.0,66,0.4888888888888889,0.015111111111111096,0.0017990989817745322,0.00017990989817745324,0.014222222222222207,0.0020197031432910404,0.00020197031432910408,100
US Power Grid — San Francisco,seamless,6.0,67,0.4962962962962963,0.014814814814814802,0.0018235776441382608,0.0001823577644138261,0.013925925925925913,0.0024192491286747415,0.0002419249128674741,100
US Power Grid — San Francisco,seamless,6.0,68,0.5037037037037038,0.014444444444444428,0.0019341961772855296,0.00019341961772855295,0.013555555555555541,0.0027964827264343444,0.00027964827264343443,100
US Power Grid — San Francisco,seamless,6.0,69,0.5111111111111112,0.014444444444444428,0.0019341961772855296,0.00019341961772855295,0.012666666666666652,0.003378133493126431,0.0003378133493126431,100
US Power Grid — San Francisco,seamless,6.0,70,0.5185185185185185,0.013777777777777764,0.002789537397603765,0.0002789537397603765,0.011703703703703692,0.003674407138880428,0.0003674407138880428,100
US Power Grid — San Francisco,seamless,6.0,71,0.5259259259259259,0.013555555555555541,0.002988108785499497,0.00029881087854994974,0.010962962962962952,0.00371938319680502,0.00037193831968050206,100
US Power Grid — San Francisco,seamless,6.0,72,0.5333333333333333,0.013111111111111098,0.003305155876581282,0.00033051558765812835,0.010222222222222212,0.003613568379367131,0.0003613568379367133,100
US Power Grid — San Francisco,seamless,6.0,73,0.5407407407407407,0.012740740740740728,0.0035045601007898937,0.0003504560100789895,0.009481481481481473,0.00334267303595713,0.000334267303595713,100
US Power Grid — San Francisco,seamless,6.0,74,0.5481481481481482,0.011925925925925913,0.0037807181767079627,0.00037807181767079626,0.00888888888888888,0.0029778898229902546,0.00029778898229902554,100
US Power Grid — San Francisco,seamless,6.0,75,0.5555555555555556,0.011333333333333322,0.0038619396522396373,0.0003861939652239637,0.008592592592592584,0.002729281105018298,0.0002729281105018298,100
US Power Grid — San Francisco,seamless,6.0,76,0.562962962962963,0.010666666666666656,0.003842516530016725,0.0003842516530016725,0.008296296296296288,0.002419249128674741,0.00024192491286747415,100
US Power Grid — San Francisco,seamless,6.0,77,0.5703703703703704,0.010074074074074063,0.003725338978356852,0.0003725338978356852,0.008074074074074065,0.0021305443797382303,0.00021305443797382302,100
US Power Grid — San Francisco,seamless,6.0,78,0.5777777777777778,0.009333333333333324,0.0032655111279763526,0.0003265511127976353,0.00777777777777777,0.0016225401004265935,0.00016225401004265933,100
US Power Grid — San Francisco,seamless,6.0,79,0.5851851851851853,0.008962962962962954,0.00303229763511357,0.000303229763511357,0.0074814814814814735,0.00074074074074074,7.407407407407398e-05,100
US Power Grid — San Francisco,seamless,6.0,80,0.5925925925925926,0.008666666666666658,0.0027964827264343453,0.00027964827264343443,0.007407407407407401,0.0,1.7434626923745965e-19,100
US Power Grid — San Francisco,seamless,6.0,81,0.6,0.00851851851851851,0.002658298379871381,0.000265829837987138,0.007407407407407401,0.0,1.7434626923745965e-19,100
US Power Grid — San Francisco,seamless,6.0,82,0.6074074074074074,0.008074074074074065,0.00213054437973823,0.00021305443797382302,0.007407407407407401,0.0,1.7434626923745965e-19,100
US Power Grid — San Francisco,seamless,6.0,83,0.6148148148148148,0.007925925925925918,0.001899499259083278,0.0001899499259083278,0.007407407407407401,0.0,1.7434626923745965e-19,100
US Power Grid — San Francisco,seamless,6.0,84,0.6222222222222222,0.007925925925925918,0.001899499259083278,0.0001899499259083278,0.007407407407407401,0.0,1.7434626923745965e-19,100
US Power Grid — San Francisco,seamless,6.0,85,0.6296296296296297,0.007925925925925918,0.001899499259083278,0.0001899499259083278,0.007407407407407401,0.0,1.7434626923745965e-19,100
US Power Grid — San Francisco,seamless,6.0,86,0.6370370370370371,0.007703703703703696,0.001458862115310609,0.00014588621153106086,0.007407407407407401,0.0,1.7434626923745965e-19,100
US Power Grid — San Francisco,seamless,6.0,87,0.6444444444444445,0.0074814814814814735,0.0007407407407407398,7.407407407407398e-05,0.007407407407407401,0.0,1.7434626923745965e-19,100
US Power Grid — San Francisco,seamless,6.0,88,0.6518518518518519,0.007407407407407401,0.0,1.7434626923745965e-19,0.007407407407407401,0.0,1.7434626923745965e-19,100
US Power Grid — San Francisco,seamless,6.0,89,0.6592592592592593,0.007407407407407401,0.0,1.7434626923745965e-19,0.007407407407407401,0.0,1.7434626923745965e-19,100
US Power Grid — San Francisco,seamless,6.0,90,0.6666666666666667,0.007407407407407401,0.0,1.7434626923745965e-19,0.007407407407407401,0.0,1.7434626923745965e-19,100
US Power Grid — San Francisco,seamless,6.0,91,0.674074074074074,0.007407407407407401,0.0,1.7434626923745965e-19,0.007407407407407401,0.0,1.7434626923745965e-19,100
US Power Grid — San Francisco,seamless,6.0,92,0.6814814814814815,0.007407407407407401,0.0,1.7434626923745965e-19,0.007407407407407401,0.0,1.7434626923745965e-19,100
US Power Grid — San Francisco,seamless,6.0,93,0.6888888888888889,0.007407407407407401,0.0,1.7434626923745965e-19,0.007407407407407401,0.0,1.7434626923745965e-19,100
US Power Grid — San Francisco,seamless,6.0,94,0.6962962962962963,0.007407407407407401,0.0,1.7434626923745965e-19,0.007407407407407401,0.0,1.7434626923745965e-19,100
US Power Grid — San Francisco,seamless,6.0,95,0.7037037037037037,0.007407407407407401,0.0,1.7434626923745965e-19,0.007407407407407401,0.0,1.7434626923745965e-19,100
US Power Grid — San Francisco,seamless,6.0,96,0.7111111111111111,0.007407407407407401,0.0,1.7434626923745965e-19,0.007407407407407401,0.0,1.7434626923745965e-19,100
US Power Grid — San Francisco,seamless,6.0,97,0.7185185185185186,0.007407407407407401,0.0,1.7434626923745965e-19,0.007407407407407401,0.0,1.7434626923745965e-19,100
US Power Grid — San Francisco,seamless,6.0,98,0.725925925925926,0.007407407407407401,0.0,1.7434626923745965e-19,0.007407407407407401,0.0,1.7434626923745965e-19,100
US Power Grid — San Francisco,seamless,6.0,99,0.7333333333333334,0.007407407407407401,0.0,1.7434626923745965e-19,0.007407407407407401,0.0,1.7434626923745965e-19,100
US Power Grid — San Francisco,seamless,6.0,100,0.7407407407407408,0.007407407407407401,0.0,1.7434626923745965e-19,0.007407407407407401,0.0,1.7434626923745965e-19,100
US Power Grid — San Francisco,seamless,6.0,101,0.7481481481481482,0.007407407407407401,0.0,1.7434626923745965e-19,0.007407407407407401,0.0,1.7434626923745965e-19,100
US Power Grid — San Francisco,seamless,6.0,102,0.7555555555555555,0.007407407407407401,0.0,1.7434626923745965e-19,0.007407407407407401,0.0,1.7434626923745965e-19,100
US Power Grid — San Francisco,seamless,6.0,103,0.762962962962963,0.007407407407407401,0.0,1.7434626923745965e-19,0.007407407407407401,0.0,1.7434626923745965e-19,100
US Power Grid — San Francisco,seamless,6.0,104,0.7703703703703704,0.007407407407407401,0.0,1.7434626923745965e-19,0.007407407407407401,0.0,1.7434626923745965e-19,100
US Power Grid — San Francisco,seamless,6.0,105,0.7777777777777778,0.007407407407407401,0.0,1.7434626923745965e-19,0.007407407407407401,0.0,1.7434626923745965e-19,100
US Power Grid — San Francisco,seamless,6.0,106,0.7851851851851852,0.007407407407407401,0.0,1.7434626923745965e-19,0.007407407407407401,0.0,1.7434626923745965e-19,100
US Power Grid — San Francisco,seamless,6.0,107,0.7925925925925926,0.007407407407407401,0.0,1.7434626923745965e-19,0.007407407407407401,0.0,1.7434626923745965e-19,100
US Power Grid — San Francisco,seamless,6.0,108,0.8,0.007407407407407401,0.0,1.7434626923745965e-19,0.007407407407407401,0.0,1.7434626923745965e-19,100
US Power Grid — San Francisco,seamless,6.0,109,0.8074074074074075,0.007407407407407401,0.0,1.7434626923745965e-19,0.007407407407407401,0.0,1.7434626923745965e-19,100
US Power Grid — San Francisco,seamless,6.0,110,0.8148148148148149,0.007407407407407401,0.0,1.7434626923745965e-19,0.007407407407407401,0.0,1.7434626923745965e-19,100
US Power Grid — San Francisco,seamless,6.0,111,0.8222222222222223,0.007407407407407401,0.0,1.7434626923745965e-19,0.007407407407407401,0.0,1.7434626923745965e-19,100
US Power Grid — San Francisco,seamless,6.0,112,0.8296296296296297,0.007407407407407401,0.0,1.7434626923745965e-19,0.007407407407407401,0.0,1.7434626923745965e-19,100
US Power Grid — San Francisco,seamless,6.0,113,0.837037037037037,0.007407407407407401,0.0,1.7434626923745965e-19,0.007407407407407401,0.0,1.7434626923745965e-19,100
US Power Grid — San Francisco,seamless,6.0,114,0.8444444444444444,0.007407407407407401,0.0,1.7434626923745965e-19,0.007407407407407401,0.0,1.7434626923745965e-19,100
US Power Grid — San Francisco,seamless,6.0,115,0.8518518518518519,0.007407407407407401,0.0,1.7434626923745965e-19,0.007407407407407401,0.0,1.7434626923745965e-19,100
US Power Grid — San Francisco,seamless,6.0,116,0.8592592592592593,0.007407407407407401,0.0,1.7434626923745965e-19,0.007407407407407401,0.0,1.7434626923745965e-19,100
US Power Grid — San Francisco,seamless,6.0,117,0.8666666666666667,0.007407407407407401,0.0,1.7434626923745965e-19,0.007407407407407401,0.0,1.7434626923745965e-19,100
US Power Grid — San Francisco,seamless,6.0,118,0.8740740740740741,0.007407407407407401,0.0,1.7434626923745965e-19,0.007407407407407401,0.0,1.7434626923745965e-19,100
US Power Grid — San Francisco,seamless,6.0,119,0.8814814814814815,0.007407407407407401,0.0,1.7434626923745965e-19,0.007407407407407401,0.0,1.7434626923745965e-19,100
US Power Grid — San Francisco,seamless,6.0,120,0.888888888888889,0.007407407407407401,0.0,1.7434626923745965e-19,0.007407407407407401,0.0,1.7434626923745965e-19,100
US Power Grid — San Francisco,seamless,6.0,121,0.8962962962962964,0.007407407407407401,0.0,1.7434626923745965e-19,0.007407407407407401,0.0,1.7434626923745965e-19,100
US Power Grid — San Francisco,seamless,6.0,122,0.9037037037037038,0.007407407407407401,0.0,1.7434626923745965e-19,0.007407407407407401,0.0,1.7434626923745965e-19,100
US Power Grid — San Francisco,seamless,6.0,123,0.9111111111111112,0.007407407407407401,0.0,1.7434626923745965e-19,0.007407407407407401,0.0,1.7434626923745965e-19,100
US Power Grid — San Francisco,seamless,6.0,124,0.9185185185185184,0.007407407407407401,0.0,1.7434626923745965e-19,0.007407407407407401,0.0,1.7434626923745965e-19,100
US Power Grid — San Francisco,seamless,6.0,125,0.925925925925926,0.007407407407407401,0.0,1.7434626923745965e-19,0.007407407407407401,0.0,1.7434626923745965e-19,100
US Power Grid — San Francisco,seamless,6.0,126,0.9333333333333332,0.007407407407407401,0.0,1.7434626923745965e-19,0.007407407407407401,0.0,1.7434626923745965e-19,100
US Power Grid — San Francisco,seamless,6.0,127,0.9407407407407408,0.007407407407407401,0.0,1.7434626923745965e-19,0.007407407407407401,0.0,1.7434626923745965e-19,100
US Power Grid — San Francisco,seamless,6.0,128,0.9481481481481482,0.007407407407407401,0.0,1.7434626923745965e-19,0.007407407407407401,0.0,1.7434626923745965e-19,100
US Power Grid — San Francisco,seamless,6.0,129,0.9555555555555556,0.007407407407407401,0.0,1.7434626923745965e-19,0.007407407407407401,0.0,1.7434626923745965e-19,100
US Power Grid — San Francisco,seamless,6.0,130,0.962962962962963,0.007407407407407401,0.0,1.7434626923745965e-19,0.007407407407407401,0.0,1.7434626923745965e-19,100
US Power Grid — San Francisco,seamless,6.0,131,0.9703703703703704,0.007407407407407401,0.0,1.7434626923745965e-19,0.007407407407407401,0.0,1.7434626923745965e-19,100
US Power Grid — San Francisco,seamless,6.0,132,0.977777777777778,0.007407407407407401,0.0,1.7434626923745965e-19,0.007407407407407401,0.0,1.7434626923745965e-19,100
US Power Grid — San Francisco,seamless,6.0,133,0.9851851851851852,0.007407407407407401,0.0,1.7434626923745965e-19,0.007407407407407401,0.0,1.7434626923745965e-19,100
US Power Grid — San Francisco,seamless,6.0,134,0.9925925925925926,0.007407407407407401,0.0,1.7434626923745965e-19,0.0,0.0,0.0,100
US Power Grid — San Francisco,seamless,6.0,135,1.0,0.0,0.0,0.0,0.0,0.0,0.0,100
US Power Grid — San Francisco,seamless,7.0,0,0.0,1.0,0.0,0.0,0.0,0.0,0.0,100
US Power Grid — San Francisco,seamless,7.0,1,0.0074074074074074,0.8733333333333333,0.10845049956621249,0.010845049956621248,0.09688888888888884,0.09582421912847183,0.009582421912847182,100
US Power Grid — San Francisco,seamless,7.0,2,0.0148148148148148,0.7391111111111112,0.12741828227716745,0.012741828227716745,0.163037037037037,0.1025454801937565,0.010254548019375651,100
US Power Grid — San Francisco,seamless,7.0,3,0.0222222222222222,0.5635555555555556,0.12432770253265522,0.012432770253265522,0.231037037037037,0.08289221904943135,0.008289221904943137,100
US Power Grid — San Francisco,seamless,7.0,4,0.0296296296296296,0.44459259259259265,0.12899789414223628,0.012899789414223626,0.22111111111111106,0.06596357853207693,0.006596357853207694,100
US Power Grid — San Francisco,seamless,7.0,5,0.037037037037037,0.37281481481481477,0.11532382974116874,0.011532382974116873,0.20207407407407404,0.05210328648847991,0.005210328648847991,100
US Power Grid — San Francisco,seamless,7.0,6,0.0444444444444444,0.31022222222222223,0.10045844119807848,0.010045844119807848,0.18770370370370368,0.04555563159441188,0.004555563159441187,100
US Power Grid — San Francisco,seamless,7.0,7,0.0518518518518518,0.2639259259259259,0.07665286667495959,0.007665286667495959,0.16940740740740737,0.04164596484516034,0.004164596484516035,100
US Power Grid — San Francisco,seamless,7.0,8,0.0592592592592592,0.23659259259259258,0.06958185432647651,0.00695818543264765,0.15414814814814812,0.034993294052516055,0.0034993294052516064,100
US Power Grid — San Francisco,seamless,7.0,9,0.0666666666666666,0.20999999999999996,0.05360589413429801,0.0053605894134298015,0.14540740740740735,0.03417534033913124,0.0034175340339131248,100
US Power Grid — San Francisco,seamless,7.0,10,0.074074074074074,0.19496296296296292,0.04342106479699592,0.004342106479699593,0.13688888888888884,0.03343468815765088,0.0033434688157650888,100
US Power Grid — San Francisco,seamless,7.0,11,0.0814814814814814,0.1804444444444444,0.03782213163232911,0.003782213163232912,0.12511111111111106,0.030675427214775616,0.0030675427214775603,100
US Power Grid — San Francisco,seamless,7.0,12,0.0888888888888888,0.16096296296296292,0.030584229650202705,0.00305842296502027,0.11637037037037032,0.029315487699654627,0.0029315487699654624,100
US Power Grid — San Francisco,seamless,7.0,13,0.0962962962962963,0.15237037037037035,0.03183444656213745,0.0031834446562137445,0.10318518518518513,0.029125052706944172,0.0029125052706944175,100
US Power Grid — San Francisco,seamless,7.0,14,0.1037037037037037,0.141037037037037,0.033441981142394106,0.0033441981142394105,0.09140740740740735,0.026409786554833958,0.0026409786554833954,100
US Power Grid — San Francisco,seamless,7.0,15,0.1111111111111111,0.1278518518518518,0.032478458801581206,0.00324784588015812,0.08288888888888883,0.023322196405129034,0.0023322196405129035,100
US Power Grid — San Francisco,seamless,7.0,16,0.1185185185185185,0.11866666666666661,0.03354226411984035,0.003354226411984034,0.07555555555555549,0.021083165520580194,0.002108316552058019,100
US Power Grid — San Francisco,seamless,7.0,17,0.1259259259259259,0.10437037037037031,0.03186646494845475,0.003186646494845475,0.06622222222222217,0.017517106250056272,0.0017517106250056272,100
US Power Grid — San Francisco,seamless,7.0,18,0.1333333333333333,0.09570370370370367,0.028846362360149216,0.002884636236014922,0.0626666666666666,0.01598172738311227,0.001598172738311227,100
US Power Grid — San Francisco,seamless,7.0,19,0.1407407407407407,0.0855555555555555,0.028898096319696226,0.0028898096319696235,0.058592592592592536,0.014554198505215627,0.0014554198505215628,100
US Power Grid — San Francisco,seamless,7.0,20,0.1481481481481481,0.07837037037037031,0.026219385585102794,0.0026219385585102796,0.05474074074074069,0.010731512993629986,0.0010731512993629984,100
US Power Grid — San Francisco,seamless,7.0,21,0.1555555555555555,0.0715555555555555,0.023023826271649804,0.00230238262716498,0.052296296296296244,0.010252118267667497,0.00102521182676675,100
US Power Grid — San Francisco,seamless,7.0,22,0.1629629629629629,0.06792592592592586,0.02092629837873602,0.002092629837873603,0.049111111111111064,0.007924698605375037,0.0007924698605375035,100
US Power Grid — San Francisco,seamless,7.0,23,0.1703703703703703,0.06399999999999995,0.019542082901145067,0.001954208290114507,0.04659259259259255,0.007316691051100902,0.00073166910511009,100
US Power Grid — San Francisco,seamless,7.0,24,0.1777777777777777,0.05977777777777773,0.01836464315825595,0.0018364643158255954,0.04474074074074069,0.006977418907468607,0.0006977418907468608,100
US Power Grid — San Francisco,seamless,7.0,25,0.1851851851851852,0.055111111111111055,0.014059298759699884,0.0014059298759699888,0.04325925925925921,0.005127680705804661,0.0005127680705804661,100
US Power Grid — San Francisco,seamless,7.0,26,0.1925925925925926,0.051925925925925875,0.01050181250278357,0.0010501812502783567,0.04237037037037033,0.004947242132958343,0.0004947242132958345,100
US Power Grid — San Francisco,seamless,7.0,27,0.2,0.049555555555555506,0.009859412753392803,0.0009859412753392802,0.04155555555555551,0.004696081265781643,0.0004696081265781642,100
US Power Grid — San Francisco,seamless,7.0,28,0.2074074074074074,0.04777777777777773,0.008180732724642833,0.000818073272464283,0.040148148148148106,0.004234994890338109,0.0004234994890338111,100
US Power Grid — San Francisco,seamless,7.0,29,0.2148148148148148,0.04651851851851847,0.006910372833033265,0.0006910372833033266,0.039481481481481444,0.003947108430532531,0.000394710843053253,100
US Power Grid — San Francisco,seamless,7.0,30,0.2222222222222222,0.04555555555555551,0.006606537666784028,0.0006606537666784029,0.03888888888888885,0.003550907299563716,0.0003550907299563716,100
US Power Grid — San Francisco,seamless,7.0,31,0.2296296296296296,0.044592592592592545,0.006488452239970853,0.000648845223997085,0.03837037037037033,0.003224519823632866,0.00032245198236328644,100
US Power Grid — San Francisco,seamless,7.0,32,0.237037037037037,0.04340740740740737,0.005160005132080924,0.0005160005132080924,0.03762962962962959,0.002917724230621217,0.0002917724230621217,100
US Power Grid — San Francisco,seamless,7.0,33,0.2444444444444444,0.0424444444444444,0.004571691332658225,0.0004571691332658225,0.037037037037037,0.003329382036855512,0.00033293820368555124,100
US Power Grid — San Francisco,seamless,7.0,34,0.2518518518518519,0.04125925925925921,0.0043734192666069135,0.00043734192666069127,0.03659259259259255,0.0034631975249208246,0.0003463197524920825,100
US Power Grid — San Francisco,seamless,7.0,35,0.2592592592592592,0.040296296296296254,0.004745975411502582,0.00047459754115025796,0.03577777777777774,0.003947108430532531,0.0003947108430532531,100
US Power Grid — San Francisco,seamless,7.0,36,0.2666666666666666,0.03933333333333329,0.00467241731439718,0.0004672417314397181,0.03451851851851848,0.004849939508266813,0.00048499395082668136,100
US Power Grid — San Francisco,seamless,7.0,37,0.2740740740740741,0.03866666666666663,0.005324929988618246,0.0005324929988618245,0.03296296296296293,0.005608304264264411,0.000560830426426441,100
US Power Grid — San Francisco,seamless,7.0,38,0.2814814814814815,0.037555555555555516,0.005185185185185179,0.0005185185185185179,0.0316296296296296,0.00639163313921469,0.000639163313921469,100
US Power Grid — San Francisco,seamless,7.0,39,0.2888888888888889,0.03622222222222218,0.006307839158583799,0.0006307839158583798,0.028666666666666635,0.006713061327762111,0.0006713061327762111,100
US Power Grid — San Francisco,seamless,7.0,40,0.2962962962962963,0.03577777777777774,0.006321881951327511,0.000632188195132751,0.02688888888888886,0.006374266898346877,0.0006374266898346878,100
US Power Grid — San Francisco,seamless,7.0,41,0.3037037037037037,0.033925925925925894,0.007307974610838879,0.0007307974610838877,0.024962962962962937,0.005332730564100435,0.0005332730564100434,100
US Power Grid — San Francisco,seamless,7.0,42,0.3111111111111111,0.03170370370370367,0.007742513539774663,0.0007742513539774663,0.023925925925925903,0.004448806937412404,0.0004448806937412403,100
US Power Grid — San Francisco,seamless,7.0,43,0.3185185185185185,0.03014814814814812,0.0077550306025619496,0.0007755030602561951,0.022666666666666644,0.0031267843141397677,0.00031267843141397674,100
US Power Grid — San Francisco,seamless,7.0,44,0.3259259259259259,0.028074074074074046,0.007392052922699731,0.0007392052922699729,0.021407407407407385,0.003311856655637309,0.00033118566556373087,100
US Power Grid — San Francisco,seamless,7.0,45,0.3333333333333333,0.026444444444444416,0.00700397850505955,0.0007003978505059549,0.020740740740740716,0.003647155288276522,0.0003647155288276522,100
US Power Grid — San Francisco,seamless,7.0,46,0.3407407407407407,0.024888888888888863,0.006534415876475792,0.0006534415876475793,0.019777777777777755,0.00394710843053253,0.0003947108430532531,100
US Power Grid — San Francisco,seamless,7.0,47,0.3481481481481481,0.023777777777777752,0.005889807625618049,0.000588980762561805,0.018962962962962945,0.0041209089085927405,0.0004120908908592739,100
US Power Grid — San Francisco,seamless,7.0,48,0.3555555555555555,0.022888888888888865,0.005168054648386226,0.0005168054648386226,0.018370370370370353,0.004142372121004628,0.0004142372121004628,100
US Power Grid — San Francisco,seamless,7.0,49,0.362962962962963,0.022222222222222202,0.005157856472761412,0.0005157856472761413,0.01740740740740739,0.0039917888313756944,0.0003991788831375695,100
US Power Grid — San Francisco,seamless,7.0,50,0.3703703703703704,0.020888888888888867,0.0041289706878837274,0.00041289706878837274,0.016740740740740723,0.003740186940667303,0.00037401869406673025,100
US Power Grid — San Francisco,seamless,7.0,51,0.3777777777777777,0.020148148148148127,0.003950617283950613,0.0003950617283950613,0.01607407407407406,0.0033385252827328573,0.00033385252827328583,100
US Power Grid — San Francisco,seamless,7.0,52,0.3851851851851852,0.019185185185185166,0.004090535732163202,0.00040905357321632016,0.01570370370370369,0.0030295547149365603,0.000302955471493656,100
US Power Grid — San Francisco,seamless,7.0,53,0.3925925925925926,0.018592592592592574,0.004144378598294006,0.0004144378598294005,0.015259259259259243,0.0017680241227847541,0.0001768024122784754,100
US Power Grid — San Francisco,seamless,7.0,54,0.4,0.018074074074074055,0.0041209089085927405,0.0004120908908592739,0.01518518518518517,0.0016225401004265935,0.00016225401004265927,100
US Power Grid — San Francisco,seamless,7.0,55,0.4074074074074074,0.01777777777777776,0.004077643574542072,0.00040776435745420715,0.015111111111111096,0.0014588621153106094,0.00014588621153106086,100
US Power Grid — San Francisco,seamless,7.0,56,0.4148148148148148,0.017481481481481466,0.004011870817104173,0.0004011870817104174,0.014888888888888873,0.0007407407407407398,7.407407407407398e-05,100
US Power Grid — San Francisco,seamless,7.0,57,0.4222222222222222,0.01703703703703702,0.0034116013812728724,0.00034116013812728724,0.014888888888888873,0.0007407407407407398,7.407407407407398e-05,100
US Power Grid — San Francisco,seamless,7.0,58,0.4296296296296296,0.016592592592592575,0.003179516266599463,0.0003179516266599462,0.014814814814814802,0.0,3.486925384749193e-19,100
US Power Grid — San Francisco,seamless,7.0,59,0.437037037037037,0.016222222222222204,0.002920572180767868,0.00029205721807678674,0.014814814814814802,0.0,3.486925384749193e-19,100
US Power Grid — San Francisco,seamless,7.0,60,0.4444444444444445,0.015777777777777762,0.0025036864369602273,0.00025036864369602275,0.014814814814814802,0.0,3.486925384749193e-19,100
US Power Grid — San Francisco,seamless,7.0,61,0.4518518518518519,0.01555555555555554,0.0022334173672426912,0.00022334173672426905,0.014814814814814802,0.0,3.486925384749193e-19,100
US Power Grid — San Francisco,seamless,7.0,62,0.4592592592592592,0.015407407407407392,0.00201970314329104,0.00020197031432910402,0.014814814814814802,0.0,3.486925384749193e-19,100
US Power Grid — San Francisco,seamless,7.0,63,0.4666666666666667,0.015259259259259243,0.001768024122784754,0.00017680241227847538,0.014666666666666653,0.0010422614380465893,0.00010422614380465892,100
US Power Grid — San Francisco,seamless,7.0,64,0.4740740740740741,0.015111111111111096,0.001458862115310609,0.00014588621153106086,0.014296296296296283,0.0018994992590832783,0.0001899499259083278,100
US Power Grid — San Francisco,seamless,7.0,65,0.4814814814814815,0.014888888888888873,0.0016630254942304327,0.00016630254942304317,0.013851851851851837,0.0025036864369602273,0.00025036864369602275,100
US Power Grid — San Francisco,seamless,7.0,66,0.4888888888888889,0.014518518518518504,0.0020845228760931786,0.00020845228760931782,0.013037037037037024,0.003179516266599462,0.00031795162665994623,100
US Power Grid — San Francisco,seamless,7.0,67,0.4962962962962963,0.014148148148148134,0.002599264569739178,0.00025992645697391775,0.012666666666666652,0.0033781334931264314,0.0003378133493126431,100
US Power Grid — San Francisco,seamless,7.0,68,0.5037037037037038,0.013999999999999986,0.0025562630163100727,0.0002556263016310072,0.011703703703703692,0.0036744071388804278,0.0003674407138880427,100
US Power Grid — San Francisco,seamless,7.0,69,0.5111111111111112,0.013481481481481468,0.0030477942217721505,0.000304779422177215,0.010962962962962952,0.0037193831968050203,0.00037193831968050206,100
US Power Grid — San Francisco,seamless,7.0,70,0.5185185185185185,0.013259259259259247,0.0032098765432098737,0.0003209876543209874,0.010074074074074063,0.0035734677875883065,0.0003573467787588306,100
US Power Grid — San Francisco,seamless,7.0,71,0.5259259259259259,0.012814814814814801,0.0034687942924355444,0.0003468794292435544,0.009407407407407397,0.003305155876581282,0.0003305155876581284,100
US Power Grid — San Francisco,seamless,7.0,72,0.5333333333333333,0.012296296296296283,0.0035266313227372064,0.00035266313227372064,0.008666666666666658,0.0027964827264343444,0.00027964827264343443,100
US Power Grid — San Francisco,seamless,7.0,73,0.5407407407407407,0.011777777777777765,0.0036615634846200737,0.00036615634846200726,0.008296296296296288,0.0024192491286747415,0.00024192491286747415,100
US Power Grid — San Francisco,seamless,7.0,74,0.5481481481481482,0.011111111111111101,0.0037223622787378187,0.0003722362278737818,0.007851851851851844,0.0017680241227847544,0.0001768024122784754,100
US Power Grid — San Francisco,seamless,7.0,75,0.5555555555555556,0.010444444444444433,0.0036615634846200724,0.00036615634846200726,0.007629629629629622,0.0012699748740575194,0.0001269974874057519,100
US Power Grid — San Francisco,seamless,7.0,76,0.562962962962963,0.00985185185185184,0.003500604167594521,0.00035006041675945216,0.007555555555555548,0.0010422614380465893,0.00010422614380465891,100
US Power Grid — San Francisco,seamless,7.0,77,0.5703703703703704,0.00925925925925925,0.0032236602954758826,0.00032236602954758826,0.0074814814814814735,0.0007407407407407403,7.407407407407398e-05,100
US Power Grid — San Francisco,seamless,7.0,78,0.5777777777777778,0.008740740740740733,0.0028601697752990277,0.0002860169775299028,0.0074814814814814735,0.0007407407407407403,7.407407407407398e-05,100
US Power Grid — San Francisco,seamless,7.0,79,0.5851851851851853,0.008222222222222214,0.0023293780572979242,0.00023293780572979238,0.0074814814814814735,0.0007407407407407403,7.407407407407398e-05,100
US Power Grid — San Francisco,seamless,7.0,80,0.5925925925925926,0.007999999999999991,0.0020197031432910404,0.00020197031432910402,0.0074814814814814735,0.0007407407407407403,7.407407407407398e-05,100
US Power Grid — San Francisco,seamless,7.0,81,0.6,0.007851851851851844,0.0017680241227847537,0.0001768024122784754,0.007407407407407401,0.0,1.7434626923745965e-19,100
US Power Grid — San Francisco,seamless,7.0,82,0.6074074074074074,0.00777777777777777,0.0016225401004265935,0.0001622540100426593,0.007407407407407401,0.0,1.7434626923745965e-19,100
US Power Grid — San Francisco,seamless,7.0,83,0.6148148148148148,0.00777777777777777,0.0016225401004265935,0.0001622540100426593,0.007407407407407401,0.0,1.7434626923745965e-19,100
US Power Grid — San Francisco,seamless,7.0,84,0.6222222222222222,0.00777777777777777,0.0016225401004265935,0.0001622540100426593,0.007407407407407401,0.0,1.7434626923745965e-19,100
US Power Grid — San Francisco,seamless,7.0,85,0.6296296296296297,0.007629629629629622,0.0012699748740575194,0.00012699748740575194,0.007407407407407401,0.0,1.7434626923745965e-19,100
US Power Grid — San Francisco,seamless,7.0,86,0.6370370370370371,0.007629629629629622,0.0012699748740575194,0.00012699748740575194,0.007407407407407401,0.0,1.7434626923745965e-19,100
US Power Grid — San Francisco,seamless,7.0,87,0.6444444444444445,0.007629629629629622,0.0012699748740575194,0.00012699748740575194,0.007407407407407401,0.0,1.7434626923745965e-19,100
US Power Grid — San Francisco,seamless,7.0,88,0.6518518518518519,0.007555555555555548,0.0010422614380465893,0.00010422614380465891,0.007407407407407401,0.0,1.7434626923745965e-19,100
US Power Grid — San Francisco,seamless,7.0,89,0.6592592592592593,0.0074814814814814735,0.0007407407407407403,7.407407407407398e-05,0.007407407407407401,0.0,1.7434626923745965e-19,100
US Power Grid — San Francisco,seamless,7.0,90,0.6666666666666667,0.0074814814814814735,0.0007407407407407403,7.407407407407398e-05,0.007407407407407401,0.0,1.7434626923745965e-19,100
US Power Grid — San Francisco,seamless,7.0,91,0.674074074074074,0.0074814814814814735,0.0007407407407407403,7.407407407407398e-05,0.007407407407407401,0.0,1.7434626923745965e-19,100
US Power Grid — San Francisco,seamless,7.0,92,0.6814814814814815,0.0074814814814814735,0.0007407407407407403,7.407407407407398e-05,0.007407407407407401,0.0,1.7434626923745965e-19,100
US Power Grid — San Francisco,seamless,7.0,93,0.6888888888888889,0.0074814814814814735,0.0007407407407407403,7.407407407407398e-05,0.007407407407407401,0.0,1.7434626923745965e-19,100
US Power Grid — San Francisco,seamless,7.0,94,0.6962962962962963,0.0074814814814814735,0.0007407407407407403,7.407407407407398e-05,0.007407407407407401,0.0,1.7434626923745965e-19,100
US Power Grid — San Francisco,seamless,7.0,95,0.7037037037037037,0.0074814814814814735,0.0007407407407407403,7.407407407407398e-05,0.007407407407407401,0.0,1.7434626923745965e-19,100
US Power Grid — San Francisco,seamless,7.0,96,0.7111111111111111,0.0074814814814814735,0.0007407407407407403,7.407407407407398e-05,0.007407407407407401,0.0,1.7434626923745965e-19,100
US Power Grid — San Francisco,seamless,7.0,97,0.7185185185185186,0.0074814814814814735,0.0007407407407407403,7.407407407407398e-05,0.007407407407407401,0.0,1.7434626923745965e-19,100
US Power Grid — San Francisco,seamless,7.0,98,0.725925925925926,0.0074814814814814735,0.0007407407407407403,7.407407407407398e-05,0.007407407407407401,0.0,1.7434626923745965e-19,100
US Power Grid — San Francisco,seamless,7.0,99,0.7333333333333334,0.0074814814814814735,0.0007407407407407403,7.407407407407398e-05,0.007407407407407401,0.0,1.7434626923745965e-19,100
US Power Grid — San Francisco,seamless,7.0,100,0.7407407407407408,0.0074814814814814735,0.0007407407407407403,7.407407407407398e-05,0.007407407407407401,0.0,1.7434626923745965e-19,100
US Power Grid — San Francisco,seamless,7.0,101,0.7481481481481482,0.0074814814814814735,0.0007407407407407403,7.407407407407398e-05,0.007407407407407401,0.0,1.7434626923745965e-19,100
US Power Grid — San Francisco,seamless,7.0,102,0.7555555555555555,0.0074814814814814735,0.0007407407407407403,7.407407407407398e-05,0.007407407407407401,0.0,1.7434626923745965e-19,100
US Power Grid — San Francisco,seamless,7.0,103,0.762962962962963,0.0074814814814814735,0.0007407407407407403,7.407407407407398e-05,0.007407407407407401,0.0,1.7434626923745965e-19,100
US Power Grid — San Francisco,seamless,7.0,104,0.7703703703703704,0.007407407407407401,0.0,1.7434626923745965e-19,0.007407407407407401,0.0,1.7434626923745965e-19,100
US Power Grid — San Francisco,seamless,7.0,105,0.7777777777777778,0.007407407407407401,0.0,1.7434626923745965e-19,0.007407407407407401,0.0,1.7434626923745965e-19,100
US Power Grid — San Francisco,seamless,7.0,106,0.7851851851851852,0.007407407407407401,0.0,1.7434626923745965e-19,0.007407407407407401,0.0,1.7434626923745965e-19,100
US Power Grid — San Francisco,seamless,7.0,107,0.7925925925925926,0.007407407407407401,0.0,1.7434626923745965e-19,0.007407407407407401,0.0,1.7434626923745965e-19,100
US Power Grid — San Francisco,seamless,7.0,108,0.8,0.007407407407407401,0.0,1.7434626923745965e-19,0.007407407407407401,0.0,1.7434626923745965e-19,100
US Power Grid — San Francisco,seamless,7.0,109,0.8074074074074075,0.007407407407407401,0.0,1.7434626923745965e-19,0.007407407407407401,0.0,1.7434626923745965e-19,100
US Power Grid — San Francisco,seamless,7.0,110,0.8148148148148149,0.007407407407407401,0.0,1.7434626923745965e-19,0.007407407407407401,0.0,1.7434626923745965e-19,100
US Power Grid — San Francisco,seamless,7.0,111,0.8222222222222223,0.007407407407407401,0.0,1.7434626923745965e-19,0.007407407407407401,0.0,1.7434626923745965e-19,100
US Power Grid — San Francisco,seamless,7.0,112,0.8296296296296297,0.007407407407407401,0.0,1.7434626923745965e-19,0.007407407407407401,0.0,1.7434626923745965e-19,100
US Power Grid — San Francisco,seamless,7.0,113,0.837037037037037,0.007407407407407401,0.0,1.7434626923745965e-19,0.007407407407407401,0.0,1.7434626923745965e-19,100
US Power Grid — San Francisco,seamless,7.0,114,0.8444444444444444,0.007407407407407401,0.0,1.7434626923745965e-19,0.007407407407407401,0.0,1.7434626923745965e-19,100
US Power Grid — San Francisco,seamless,7.0,115,0.8518518518518519,0.007407407407407401,0.0,1.7434626923745965e-19,0.007407407407407401,0.0,1.7434626923745965e-19,100
US Power Grid — San Francisco,seamless,7.0,116,0.8592592592592593,0.007407407407407401,0.0,1.7434626923745965e-19,0.007407407407407401,0.0,1.7434626923745965e-19,100
US Power Grid — San Francisco,seamless,7.0,117,0.8666666666666667,0.007407407407407401,0.0,1.7434626923745965e-19,0.007407407407407401,0.0,1.7434626923745965e-19,100
US Power Grid — San Francisco,seamless,7.0,118,0.8740740740740741,0.007407407407407401,0.0,1.7434626923745965e-19,0.007407407407407401,0.0,1.7434626923745965e-19,100
US Power Grid — San Francisco,seamless,7.0,119,0.8814814814814815,0.007407407407407401,0.0,1.7434626923745965e-19,0.007407407407407401,0.0,1.7434626923745965e-19,100
US Power Grid — San Francisco,seamless,7.0,120,0.888888888888889,0.007407407407407401,0.0,1.7434626923745965e-19,0.007407407407407401,0.0,1.7434626923745965e-19,100
US Power Grid — San Francisco,seamless,7.0,121,0.8962962962962964,0.007407407407407401,0.0,1.7434626923745965e-19,0.007407407407407401,0.0,1.7434626923745965e-19,100
US Power Grid — San Francisco,seamless,7.0,122,0.9037037037037038,0.007407407407407401,0.0,1.7434626923745965e-19,0.007407407407407401,0.0,1.7434626923745965e-19,100
US Power Grid — San Francisco,seamless,7.0,123,0.9111111111111112,0.007407407407407401,0.0,1.7434626923745965e-19,0.007407407407407401,0.0,1.7434626923745965e-19,100
US Power Grid — San Francisco,seamless,7.0,124,0.9185185185185184,0.007407407407407401,0.0,1.7434626923745965e-19,0.007407407407407401,0.0,1.7434626923745965e-19,100
US Power Grid — San Francisco,seamless,7.0,125,0.925925925925926,0.007407407407407401,0.0,1.7434626923745965e-19,0.007407407407407401,0.0,1.7434626923745965e-19,100
US Power Grid — San Francisco,seamless,7.0,126,0.9333333333333332,0.007407407407407401,0.0,1.7434626923745965e-19,0.007407407407407401,0.0,1.7434626923745965e-19,100
US Power Grid — San Francisco,seamless,7.0,127,0.9407407407407408,0.007407407407407401,0.0,1.7434626923745965e-19,0.007407407407407401,0.0,1.7434626923745965e-19,100
US Power Grid — San Francisco,seamless,7.0,128,0.9481481481481482,0.007407407407407401,0.0,1.7434626923745965e-19,0.007407407407407401,0.0,1.7434626923745965e-19,100
US Power Grid — San Francisco,seamless,7.0,129,0.9555555555555556,0.007407407407407401,0.0,1.7434626923745965e-19,0.007407407407407401,0.0,1.7434626923745965e-19,100
US Power Grid — San Francisco,seamless,7.0,130,0.962962962962963,0.007407407407407401,0.0,1.7434626923745965e-19,0.007407407407407401,0.0,1.7434626923745965e-19,100
US Power Grid — San Francisco,seamless,7.0,131,0.9703703703703704,0.007407407407407401,0.0,1.7434626923745965e-19,0.007407407407407401,0.0,1.7434626923745965e-19,100
US Power Grid — San Francisco,seamless,7.0,132,0.977777777777778,0.007407407407407401,0.0,1.7434626923745965e-19,0.007407407407407401,0.0,1.7434626923745965e-19,100
US Power Grid — San Francisco,seamless,7.0,133,0.9851851851851852,0.007407407407407401,0.0,1.7434626923745965e-19,0.007407407407407401,0.0,1.7434626923745965e-19,100
US Power Grid — San Francisco,seamless,7.0,134,0.9925925925925926,0.007407407407407401,0.0,1.7434626923745965e-19,0.0,0.0,0.0,100
US Power Grid — San Francisco,seamless,7.0,135,1.0,0.0,0.0,0.0,0.0,0.0,0.0,100
US Power Grid — San Francisco,seamless,8.0,0,0.0,1.0,0.0,0.0,0.0,0.0,0.0,100
US Power Grid — San Francisco,seamless,8.0,1,0.0074074074074074,0.8818518518518518,0.09995565102685351,0.009995565102685351,0.08637037037037032,0.08900242157217342,0.008900242157217342,100
US Power Grid — San Francisco,seamless,8.0,2,0.0148148148148148,0.7135555555555555,0.14966324032727063,0.014966324032727057,0.173037037037037,0.10787670479098067,0.010787670479098071,100
US Power Grid — San Francisco,seamless,8.0,3,0.0222222222222222,0.5566666666666668,0.13802035454136924,0.013802035454136927,0.2119259259259259,0.0770152707458706,0.00770152707458706,100
US Power Grid — San Francisco,seamless,8.0,4,0.0296296296296296,0.42711111111111116,0.12834851957962254,0.012834851957962254,0.2082222222222222,0.06654513593284608,0.006654513593284608,100
US Power Grid — San Francisco,seamless,8.0,5,0.037037037037037,0.35125925925925927,0.10096418959104167,0.01009641895910417,0.2056296296296296,0.0547591754098928,0.00547591754098928,100
US Power Grid — San Francisco,seamless,8.0,6,0.0444444444444444,0.31066666666666665,0.09185004161714966,0.009185004161714964,0.184,0.04869009225173318,0.004869009225173318,100
US Power Grid — San Francisco,seamless,8.0,7,0.0518518518518518,0.27844444444444444,0.08646844868235673,0.008646844868235673,0.16237037037037033,0.040690442712510676,0.004069044271251068,100
US Power Grid — San Francisco,seamless,8.0,8,0.0592592592592592,0.2421481481481481,0.07150575583833367,0.00715057558383337,0.15370370370370368,0.03709497899409631,0.0037094978994096314,100
US Power Grid — San Francisco,seamless,8.0,9,0.0666666666666666,0.2157037037037037,0.054679766096148386,0.005467976609614836,0.14740740740740738,0.034172826531205576,0.0034172826531205583,100
US Power Grid — San Francisco,seamless,8.0,10,0.074074074074074,0.18814814814814812,0.036273460677316224,0.0036273460677316224,0.1341481481481481,0.03161852611950591,0.0031618526119505915,100
US Power Grid — San Francisco,seamless,8.0,11,0.0814814814814814,0.17459259259259255,0.03178217350171923,0.003178217350171924,0.1198518518518518,0.03098973347642269,0.003098973347642269,100
US Power Grid — San Francisco,seamless,8.0,12,0.0888888888888888,0.16140740740740736,0.030519648096370432,0.0030519648096370418,0.1084444444444444,0.029130095124768836,0.0029130095124768837,100
US Power Grid — San Francisco,seamless,8.0,13,0.0962962962962963,0.1481481481481481,0.03435883548072176,0.003435883548072176,0.09903703703703698,0.025128674965552412,0.002512867496555241,100
US Power Grid — San Francisco,seamless,8.0,14,0.1037037037037037,0.13651851851851848,0.034330675505339164,0.0034330675505339163,0.08577777777777772,0.02116659703206528,0.0021166597032065276,100
US Power Grid — San Francisco,seamless,8.0,15,0.1111111111111111,0.12288888888888884,0.031657066298289405,0.003165706629828942,0.07911111111111105,0.02113252961433346,0.002113252961433346,100
US Power Grid — San Francisco,seamless,8.0,16,0.1185185185185185,0.11155555555555552,0.027592121810700688,0.0027592121810700687,0.07474074074074068,0.020363601228797264,0.0020363601228797264,100
US Power Grid — San Francisco,seamless,8.0,17,0.1259259259259259,0.10081481481481477,0.028560878263178418,0.0028560878263178416,0.06859259259259252,0.018940058183471713,0.0018940058183471713,100
US Power Grid — San Francisco,seamless,8.0,18,0.1333333333333333,0.09251851851851846,0.02369469993606598,0.002369469993606598,0.06162962962962957,0.013682099430022179,0.001368209943002218,100
US Power Grid — San Francisco,seamless,8.0,19,0.1407407407407407,0.08259259259259254,0.023808573666158687,0.002380857366615869,0.05651851851851847,0.010404252277319661,0.0010404252277319659,100
US Power Grid — San Francisco,seamless,8.0,20,0.1481481481481481,0.07437037037037031,0.020386043013471952,0.0020386043013471953,0.052814814814814766,0.008595675234288998,0.0008595675234288998,100
US Power Grid — San Francisco,seamless,8.0,21,0.1555555555555555,0.07059259259259253,0.019625146838649896,0.001962514683864989,0.05029629629629625,0.007163589253146274,0.0007163589253146273,100
US Power Grid — San Francisco,seamless,8.0,22,0.1629629629629629,0.06377777777777772,0.018353775254131587,0.001835377525413159,0.048370370370370314,0.006180018272379685,0.0006180018272379683,100
US Power Grid — San Francisco,seamless,8.0,23,0.1703703703703703,0.06022222222222217,0.016162255256100582,0.0016162255256100583,0.04599999999999995,0.004624726172432822,0.00046247261724328216,100
US Power Grid — San Francisco,seamless,8.0,24,0.1777777777777777,0.056666666666666615,0.013620997933651536,0.0013620997933651536,0.044666666666666625,0.004522938232079773,0.0004522938232079771,100
US Power Grid — San Francisco,seamless,8.0,25,0.1851851851851852,0.05422222222222217,0.012803194790504728,0.0012803194790504727,0.043111111111111065,0.005198529139478355,0.0005198529139478355,100
US Power Grid — San Francisco,seamless,8.0,26,0.1925925925925926,0.05059259259259254,0.009121230833672155,0.0009121230833672153,0.04185185185185181,0.0041282994742423106,0.00041282994742423116,100
US Power Grid — San Francisco,seamless,8.0,27,0.2,0.04970370370370365,0.009013652412069173,0.0009013652412069173,0.04111111111111107,0.00412829947424231,0.00041282994742423116,100
US Power Grid — San Francisco,seamless,8.0,28,0.2074074074074074,0.04740740740740736,0.007369901306119861,0.000736990130611986,0.040296296296296254,0.0036954640857026514,0.0003695464085702653,100
US Power Grid — San Francisco,seamless,8.0,29,0.2148148148148148,0.046296296296296245,0.006261982596885886,0.0006261982596885887,0.039703703703703665,0.003573467787588305,0.0003573467787588305,100
US Power Grid — San Francisco,seamless,8.0,30,0.2222222222222222,0.04540740740740736,0.005923587267669198,0.0005923587267669198,0.039037037037037,0.003305155876581282,0.0003305155876581282,100
US Power Grid — San Francisco,seamless,8.0,31,0.2296296296296296,0.044814814814814766,0.004752394020143683,0.00047523940201436827,0.03837037037037033,0.003224519823632864,0.00032245198236328644,100
US Power Grid — San Francisco,seamless,8.0,32,0.237037037037037,0.0441481481481481,0.004815534206235821,0.0004815534206235821,0.037777777777777743,0.0032450802008531857,0.0003245080200853186,100
US Power Grid — San Francisco,seamless,8.0,33,0.2444444444444444,0.043185185185185146,0.005163763134548016,0.0005163763134548015,0.037111111111111074,0.0032442261199854246,0.0003244226119985425,100
US Power Grid — San Francisco,seamless,8.0,34,0.2518518518518519,0.04207407407407403,0.004451920386556463,0.00044519203865564635,0.036296296296296264,0.0038683923545710587,0.0003868392354571059,100
US Power Grid — San Francisco,seamless,8.0,35,0.2592592592592592,0.041703703703703666,0.004667670127685677,0.00046676701276856766,0.03518518518518515,0.00509025385878723,0.000509025385878723,100
US Power Grid — San Francisco,seamless,8.0,36,0.2666666666666666,0.04081481481481477,0.0053160754992130745,0.0005316075499213074,0.03399999999999996,0.006147647810019917,0.0006147647810019916,100
US Power Grid — San Francisco,seamless,8.0,37,0.2740740740740741,0.03962962962962959,0.005990575149307521,0.0005990575149307522,0.031777777777777745,0.006429673764289306,0.0006429673764289308,100
US Power Grid — San Francisco,seamless,8.0,38,0.2814814814814815,0.037777777777777743,0.006532719286579229,0.0006532719286579229,0.030296296296296266,0.006666666666666658,0.0006666666666666662,100
US Power Grid — San Francisco,seamless,8.0,39,0.2888888888888889,0.036518518518518485,0.006162055675827673,0.0006162055675827672,0.029259259259259228,0.00668990421585913,0.0006689904215859132,100
US Power Grid — San Francisco,seamless,8.0,40,0.2962962962962963,0.03496296296296293,0.0069103728330332645,0.0006910372833033266,0.026222222222222195,0.006176878588763995,0.0006176878588763995,100
US Power Grid — San Francisco,seamless,8.0,41,0.3037037037037037,0.03355555555555552,0.0074785213406585015,0.0007478521340658501,0.024222222222222197,0.005033316554721827,0.0005033316554721829,100
US Power Grid — San Francisco,seamless,8.0,42,0.3111111111111111,0.03125925925925923,0.007919451502498646,0.0007919451502498645,0.023111111111111086,0.003978576707717982,0.0003978576707717981,100
US Power Grid — San Francisco,seamless,8.0,43,0.3185185185185185,0.029777777777777747,0.007590698987356395,0.0007590698987356393,0.022370370370370346,0.0036441147247731824,0.0003644114724773182,100
US Power Grid — San Francisco,seamless,8.0,44,0.3259259259259259,0.027999999999999973,0.007262327851854769,0.0007262327851854766,0.021037037037037014,0.003754976191483988,0.0003754976191483989,100
US Power Grid — San Francisco,seamless,8.0,45,0.3333333333333333,0.026074074074074048,0.007480373881334605,0.0007480373881334606,0.01999999999999998,0.004145047208219834,0.00041450472082198354,100
US Power Grid — San Francisco,seamless,8.0,46,0.3407407407407407,0.024888888888888863,0.007257747386024222,0.0007257747386024224,0.019333333333333313,0.004327556334771906,0.0004327556334771905,100
US Power Grid — San Francisco,seamless,8.0,47,0.3481481481481481,0.023111111111111086,0.006341577017062524,0.0006341577017062522,0.018074074074074055,0.004120908908592739,0.0004120908908592739,100
US Power Grid — San Francisco,seamless,8.0,48,0.3555555555555555,0.022148148148148125,0.005814039137037317,0.0005814039137037317,0.01688888888888887,0.0033426730359571288,0.000334267303595713,100
US Power Grid — San Francisco,seamless,8.0,49,0.362962962962963,0.020518518518518495,0.005353476530651613,0.0005353476530651614,0.01592592592592591,0.0026582983798713795,0.00026582983798713794,100
US Power Grid — San Francisco,seamless,8.0,50,0.3703703703703704,0.019555555555555534,0.005213433820474589,0.000521343382047459,0.015629629629629615,0.0023293780572979242,0.00023293780572979238,100
US Power Grid — San Francisco,seamless,8.0,51,0.3777777777777777,0.0185185185185185,0.004881832361600792,0.000488183236160079,0.015407407407407392,0.00201970314329104,0.000201970314329104,100
US Power Grid — San Francisco,seamless,8.0,52,0.3851851851851852,0.01799999999999998,0.004853937574841997,0.0004853937574841998,0.015259259259259243,0.0017680241227847537,0.0001768024122784754,100
US Power Grid — San Francisco,seamless,8.0,53,0.3925925925925926,0.01740740740740739,0.0039917888313756944,0.0003991788831375695,0.015037037037037022,0.001269974874057519,0.00012699748740575188,100
US Power Grid — San Francisco,seamless,8.0,54,0.4,0.01688888888888887,0.0038077419095200915,0.00038077419095200904,0.015037037037037022,0.001269974874057519,0.00012699748740575188,100
US Power Grid — San Francisco,seamless,8.0,55,0.4074074074074074,0.016518518518518502,0.00362505342277421,0.00036250534227742103,0.014814814814814802,0.0,3.486925384749193e-19,100
US Power Grid — San Francisco,seamless,8.0,56,0.4148148148148148,0.016222222222222204,0.0029205721807678683,0.00029205721807678674,0.014814814814814802,0.0,3.486925384749193e-19,100
US Power Grid — San Francisco,seamless,8.0,57,0.4222222222222222,0.01607407407407406,0.0027964827264343444,0.0002796482726434344,0.014814814814814802,0.0,3.486925384749193e-19,100
US Power Grid — San Francisco,seamless,8.0,58,0.4296296296296296,0.01607407407407406,0.0027964827264343444,0.0002796482726434344,0.014814814814814802,0.0,3.486925384749193e-19,100
US Power Grid — San Francisco,seamless,8.0,59,0.437037037037037,0.015851851851851836,0.002583222874220567,0.0002583222874220568,0.014814814814814802,0.0,3.486925384749193e-19,100
US Power Grid — San Francisco,seamless,8.0,60,0.4444444444444445,0.01570370370370369,0.0024192491286747415,0.0002419249128674741,0.014814814814814802,0.0,3.486925384749193e-19,100
US Power Grid — San Francisco,seamless,8.0,61,0.4518518518518519,0.015407407407407392,0.0020197031432910404,0.00020197031432910402,0.014814814814814802,0.0,3.486925384749193e-19,100
US Power Grid — San Francisco,seamless,8.0,62,0.4592592592592592,0.01518518518518517,0.001622540100426593,0.00016225401004265927,0.014740740740740726,0.0007407407407407403,7.407407407407398e-05,100
US Power Grid — San Francisco,seamless,8.0,63,0.4666666666666667,0.01518518518518517,0.001622540100426593,0.00016225401004265927,0.014666666666666653,0.0010422614380465893,0.00010422614380465892,100
US Power Grid — San Francisco,seamless,8.0,64,0.4740740740740741,0.014962962962962947,0.0014814814814814795,0.00014814814814814796,0.013999999999999986,0.0023293780572979247,0.00023293780572979238,100
US Power Grid — San Francisco,seamless,8.0,65,0.4814814814814815,0.014740740740740726,0.0016630254942304325,0.00016630254942304317,0.013259259259259247,0.0030322976351135704,0.000303229763511357,100
US Power Grid — San Francisco,seamless,8.0,66,0.4888888888888889,0.014444444444444428,0.0019341961772855296,0.00019341961772855295,0.012296296296296283,0.0035266313227372064,0.00035266313227372075,100
US Power Grid — San Francisco,seamless,8.0,67,0.4962962962962963,0.013851851851851837,0.0025036864369602273,0.00025036864369602275,0.011333333333333322,0.0037156559855303054,0.0003715655985530307,100
US Power Grid — San Francisco,seamless,8.0,68,0.5037037037037038,0.013333333333333319,0.002977889822990255,0.0002977889822990255,0.010370370370370361,0.003647155288276522,0.0003647155288276522,100
US Power Grid — San Francisco,seamless,8.0,69,0.5111111111111112,0.012444444444444432,0.0034727864612011114,0.0003472786461201112,0.009481481481481473,0.0033426730359571296,0.000334267303595713,100
US Power Grid — San Francisco,seamless,8.0,70,0.5185185185185185,0.012074074074074062,0.0035943450895845126,0.0003594345089584513,0.008666666666666658,0.0027964827264343453,0.00027964827264343443,100
US Power Grid — San Francisco,seamless,8.0,71,0.5259259259259259,0.010962962962962952,0.0037193831968050203,0.000371938319680502,0.008074074074074065,0.00213054437973823,0.00021305443797382302,100
US Power Grid — San Francisco,seamless,8.0,72,0.5333333333333333,0.010148148148148137,0.0035943450895845126,0.0003594345089584513,0.007925925925925918,0.001899499259083278,0.00018994992590832776,100
US Power Grid — San Francisco,seamless,8.0,73,0.5407407407407407,0.009481481481481473,0.0033426730359571296,0.000334267303595713,0.007703703703703696,0.0014588621153106085,0.00014588621153106086,100
US Power Grid — San Francisco,seamless,8.0,74,0.5481481481481482,0.008962962962962954,0.00303229763511357,0.000303229763511357,0.007555555555555548,0.0010422614380465893,0.00010422614380465892,100
US Power Grid — San Francisco,seamless,8.0,75,0.5555555555555556,0.008370370370370361,0.0025036864369602273,0.00025036864369602275,0.0074814814814814735,0.00074074074074074,7.407407407407398e-05,100
US Power Grid — San Francisco,seamless,8.0,76,0.562962962962963,0.00814814814814814,0.0022334173672426912,0.00022334173672426913,0.007407407407407401,0.0,1.7434626923745965e-19,100
US Power Grid — San Francisco,seamless,8.0,77,0.5703703703703704,0.007851851851851844,0.0017680241227847541,0.0001768024122784754,0.007407407407407401,0.0,1.7434626923745965e-19,100
US Power Grid — San Francisco,seamless,8.0,78,0.5777777777777778,0.007703703703703696,0.0014588621153106087,0.00014588621153106086,0.007407407407407401,0.0,1.7434626923745965e-19,100
US Power Grid — San Francisco,seamless,8.0,79,0.5851851851851853,0.007555555555555548,0.0010422614380465893,0.00010422614380465892,0.007407407407407401,0.0,1.7434626923745965e-19,100
US Power Grid — San Francisco,seamless,8.0,80,0.5925925925925926,0.0074814814814814735,0.00074074074074074,7.407407407407398e-05,0.007407407407407401,0.0,1.7434626923745965e-19,100
US Power Grid — San Francisco,seamless,8.0,81,0.6,0.007407407407407401,0.0,1.7434626923745965e-19,0.007407407407407401,0.0,1.7434626923745965e-19,100
US Power Grid — San Francisco,seamless,8.0,82,0.6074074074074074,0.007407407407407401,0.0,1.7434626923745965e-19,0.007407407407407401,0.0,1.7434626923745965e-19,100
US Power Grid — San Francisco,seamless,8.0,83,0.6148148148148148,0.007407407407407401,0.0,1.7434626923745965e-19,0.007407407407407401,0.0,1.7434626923745965e-19,100
US Power Grid — San Francisco,seamless,8.0,84,0.6222222222222222,0.007407407407407401,0.0,1.7434626923745965e-19,0.007407407407407401,0.0,1.7434626923745965e-19,100
US Power Grid — San Francisco,seamless,8.0,85,0.6296296296296297,0.007407407407407401,0.0,1.7434626923745965e-19,0.007407407407407401,0.0,1.7434626923745965e-19,100
US Power Grid — San Francisco,seamless,8.0,86,0.6370370370370371,0.007407407407407401,0.0,1.7434626923745965e-19,0.007407407407407401,0.0,1.7434626923745965e-19,100
US Power Grid — San Francisco,seamless,8.0,87,0.6444444444444445,0.007407407407407401,0.0,1.7434626923745965e-19,0.007407407407407401,0.0,1.7434626923745965e-19,100
US Power Grid — San Francisco,seamless,8.0,88,0.6518518518518519,0.007407407407407401,0.0,1.7434626923745965e-19,0.007407407407407401,0.0,1.7434626923745965e-19,100
US Power Grid — San Francisco,seamless,8.0,89,0.6592592592592593,0.007407407407407401,0.0,1.7434626923745965e-19,0.007407407407407401,0.0,1.7434626923745965e-19,100
US Power Grid — San Francisco,seamless,8.0,90,0.6666666666666667,0.007407407407407401,0.0,1.7434626923745965e-19,0.007407407407407401,0.0,1.7434626923745965e-19,100
US Power Grid — San Francisco,seamless,8.0,91,0.674074074074074,0.007407407407407401,0.0,1.7434626923745965e-19,0.007407407407407401,0.0,1.7434626923745965e-19,100
US Power Grid — San Francisco,seamless,8.0,92,0.6814814814814815,0.007407407407407401,0.0,1.7434626923745965e-19,0.007407407407407401,0.0,1.7434626923745965e-19,100
US Power Grid — San Francisco,seamless,8.0,93,0.6888888888888889,0.007407407407407401,0.0,1.7434626923745965e-19,0.007407407407407401,0.0,1.7434626923745965e-19,100
US Power Grid — San Francisco,seamless,8.0,94,0.6962962962962963,0.007407407407407401,0.0,1.7434626923745965e-19,0.007407407407407401,0.0,1.7434626923745965e-19,100
US Power Grid — San Francisco,seamless,8.0,95,0.7037037037037037,0.007407407407407401,0.0,1.7434626923745965e-19,0.007407407407407401,0.0,1.7434626923745965e-19,100
US Power Grid — San Francisco,seamless,8.0,96,0.7111111111111111,0.007407407407407401,0.0,1.7434626923745965e-19,0.007407407407407401,0.0,1.7434626923745965e-19,100
US Power Grid — San Francisco,seamless,8.0,97,0.7185185185185186,0.007407407407407401,0.0,1.7434626923745965e-19,0.007407407407407401,0.0,1.7434626923745965e-19,100
US Power Grid — San Francisco,seamless,8.0,98,0.725925925925926,0.007407407407407401,0.0,1.7434626923745965e-19,0.007407407407407401,0.0,1.7434626923745965e-19,100
US Power Grid — San Francisco,seamless,8.0,99,0.7333333333333334,0.007407407407407401,0.0,1.7434626923745965e-19,0.007407407407407401,0.0,1.7434626923745965e-19,100
US Power Grid — San Francisco,seamless,8.0,100,0.7407407407407408,0.007407407407407401,0.0,1.7434626923745965e-19,0.007407407407407401,0.0,1.7434626923745965e-19,100
US Power Grid — San Francisco,seamless,8.0,101,0.7481481481481482,0.007407407407407401,0.0,1.7434626923745965e-19,0.007407407407407401,0.0,1.7434626923745965e-19,100
US Power Grid — San Francisco,seamless,8.0,102,0.7555555555555555,0.007407407407407401,0.0,1.7434626923745965e-19,0.007407407407407401,0.0,1.7434626923745965e-19,100
US Power Grid — San Francisco,seamless,8.0,103,0.762962962962963,0.007407407407407401,0.0,1.7434626923745965e-19,0.007407407407407401,0.0,1.7434626923745965e-19,100
US Power Grid — San Francisco,seamless,8.0,104,0.7703703703703704,0.007407407407407401,0.0,1.7434626923745965e-19,0.007407407407407401,0.0,1.7434626923745965e-19,100
US Power Grid — San Francisco,seamless,8.0,105,0.7777777777777778,0.007407407407407401,0.0,1.7434626923745965e-19,0.007407407407407401,0.0,1.7434626923745965e-19,100
US Power Grid — San Francisco,seamless,8.0,106,0.7851851851851852,0.007407407407407401,0.0,1.7434626923745965e-19,0.007407407407407401,0.0,1.7434626923745965e-19,100
US Power Grid — San Francisco,seamless,8.0,107,0.7925925925925926,0.007407407407407401,0.0,1.7434626923745965e-19,0.007407407407407401,0.0,1.7434626923745965e-19,100
US Power Grid — San Francisco,seamless,8.0,108,0.8,0.007407407407407401,0.0,1.7434626923745965e-19,0.007407407407407401,0.0,1.7434626923745965e-19,100
US Power Grid — San Francisco,seamless,8.0,109,0.8074074074074075,0.007407407407407401,0.0,1.7434626923745965e-19,0.007407407407407401,0.0,1.7434626923745965e-19,100
US Power Grid — San Francisco,seamless,8.0,110,0.8148148148148149,0.007407407407407401,0.0,1.7434626923745965e-19,0.007407407407407401,0.0,1.7434626923745965e-19,100
US Power Grid — San Francisco,seamless,8.0,111,0.8222222222222223,0.007407407407407401,0.0,1.7434626923745965e-19,0.007407407407407401,0.0,1.7434626923745965e-19,100
US Power Grid — San Francisco,seamless,8.0,112,0.8296296296296297,0.007407407407407401,0.0,1.7434626923745965e-19,0.007407407407407401,0.0,1.7434626923745965e-19,100
US Power Grid — San Francisco,seamless,8.0,113,0.837037037037037,0.007407407407407401,0.0,1.7434626923745965e-19,0.007407407407407401,0.0,1.7434626923745965e-19,100
US Power Grid — San Francisco,seamless,8.0,114,0.8444444444444444,0.007407407407407401,0.0,1.7434626923745965e-19,0.007407407407407401,0.0,1.7434626923745965e-19,100
US Power Grid — San Francisco,seamless,8.0,115,0.8518518518518519,0.007407407407407401,0.0,1.7434626923745965e-19,0.007407407407407401,0.0,1.7434626923745965e-19,100
US Power Grid — San Francisco,seamless,8.0,116,0.8592592592592593,0.007407407407407401,0.0,1.7434626923745965e-19,0.007407407407407401,0.0,1.7434626923745965e-19,100
US Power Grid — San Francisco,seamless,8.0,117,0.8666666666666667,0.007407407407407401,0.0,1.7434626923745965e-19,0.007407407407407401,0.0,1.7434626923745965e-19,100
US Power Grid — San Francisco,seamless,8.0,118,0.8740740740740741,0.007407407407407401,0.0,1.7434626923745965e-19,0.007407407407407401,0.0,1.7434626923745965e-19,100
US Power Grid — San Francisco,seamless,8.0,119,0.8814814814814815,0.007407407407407401,0.0,1.7434626923745965e-19,0.007407407407407401,0.0,1.7434626923745965e-19,100
US Power Grid — San Francisco,seamless,8.0,120,0.888888888888889,0.007407407407407401,0.0,1.7434626923745965e-19,0.007407407407407401,0.0,1.7434626923745965e-19,100
US Power Grid — San Francisco,seamless,8.0,121,0.8962962962962964,0.007407407407407401,0.0,1.7434626923745965e-19,0.007407407407407401,0.0,1.7434626923745965e-19,100
US Power Grid — San Francisco,seamless,8.0,122,0.9037037037037038,0.007407407407407401,0.0,1.7434626923745965e-19,0.007407407407407401,0.0,1.7434626923745965e-19,100
US Power Grid — San Francisco,seamless,8.0,123,0.9111111111111112,0.007407407407407401,0.0,1.7434626923745965e-19,0.007407407407407401,0.0,1.7434626923745965e-19,100
US Power Grid — San Francisco,seamless,8.0,124,0.9185185185185184,0.007407407407407401,0.0,1.7434626923745965e-19,0.007407407407407401,0.0,1.7434626923745965e-19,100
US Power Grid — San Francisco,seamless,8.0,125,0.925925925925926,0.007407407407407401,0.0,1.7434626923745965e-19,0.007407407407407401,0.0,1.7434626923745965e-19,100
US Power Grid — San Francisco,seamless,8.0,126,0.9333333333333332,0.007407407407407401,0.0,1.7434626923745965e-19,0.007407407407407401,0.0,1.7434626923745965e-19,100
US Power Grid — San Francisco,seamless,8.0,127,0.9407407407407408,0.007407407407407401,0.0,1.7434626923745965e-19,0.007407407407407401,0.0,1.7434626923745965e-19,100
US Power Grid — San Francisco,seamless,8.0,128,0.9481481481481482,0.007407407407407401,0.0,1.7434626923745965e-19,0.007407407407407401,0.0,1.7434626923745965e-19,100
US Power Grid — San Francisco,seamless,8.0,129,0.9555555555555556,0.007407407407407401,0.0,1.7434626923745965e-19,0.007407407407407401,0.0,1.7434626923745965e-19,100
US Power Grid — San Francisco,seamless,8.0,130,0.962962962962963,0.007407407407407401,0.0,1.7434626923745965e-19,0.007407407407407401,0.0,1.7434626923745965e-19,100
US Power Grid — San Francisco,seamless,8.0,131,0.9703703703703704,0.007407407407407401,0.0,1.7434626923745965e-19,0.007407407407407401,0.0,1.7434626923745965e-19,100
US Power Grid — San Francisco,seamless,8.0,132,0.977777777777778,0.007407407407407401,0.0,1.7434626923745965e-19,0.007407407407407401,0.0,1.7434626923745965e-19,100
US Power Grid — San Francisco,seamless,8.0,133,0.9851851851851852,0.007407407407407401,0.0,1.7434626923745965e-19,0.007407407407407401,0.0,1.7434626923745965e-19,100
US Power Grid — San Francisco,seamless,8.0,134,0.9925925925925926,0.007407407407407401,0.0,1.7434626923745965e-19,0.0,0.0,0.0,100
US Power Grid — San Francisco,seamless,8.0,135,1.0,0.0,0.0,0.0,0.0,0.0,0.0,100
US Power Grid — San Francisco,seamless,9.0,0,0.0,1.0,0.0,0.0,0.0,0.0,0.0,100
US Power Grid — San Francisco,seamless,9.0,1,0.0074074074074074,0.864148148148148,0.11105982105885728,0.011105982105885731,0.10311111111111107,0.09932322846150993,0.009932322846150992,100
US Power Grid — San Francisco,seamless,9.0,2,0.0148148148148148,0.7204444444444446,0.14217521669905014,0.014217521669905017,0.16755555555555549,0.10118681636384257,0.010118681636384257,100
US Power Grid — San Francisco,seamless,9.0,3,0.0222222222222222,0.5588148148148149,0.1432072448382365,0.014320724483823646,0.21170370370370367,0.08292888509664666,0.008292888509664666,100
US Power Grid — San Francisco,seamless,9.0,4,0.0296296296296296,0.44422222222222224,0.1328855389431542,0.013288553894315418,0.20666666666666664,0.06546703004228571,0.0065467030042285716,100
US Power Grid — San Francisco,seamless,9.0,5,0.037037037037037,0.3577777777777778,0.10527640775417871,0.010527640775417863,0.2031111111111111,0.05115972248724115,0.005115972248724114,100
US Power Grid — San Francisco,seamless,9.0,6,0.0444444444444444,0.3027407407407407,0.0900944251627175,0.00900944251627175,0.17903703703703702,0.04399391302442884,0.004399391302442885,100
US Power Grid — San Francisco,seamless,9.0,7,0.0518518518518518,0.25051851851851853,0.06545754751490342,0.00654575475149034,0.16377777777777772,0.0347580947006564,0.00347580947006564,100
US Power Grid — San Francisco,seamless,9.0,8,0.0592592592592592,0.22377777777777777,0.05991310626513622,0.005991310626513622,0.15303703703703697,0.030281274145404536,0.003028127414540453,100
US Power Grid — San Francisco,seamless,9.0,9,0.0666666666666666,0.20155555555555552,0.042432252404479384,0.0042432252404479365,0.14599999999999996,0.02843251324154893,0.0028432513241548924,100
US Power Grid — San Francisco,seamless,9.0,10,0.074074074074074,0.18429629629629626,0.03603246685818214,0.0036032466858182135,0.1284444444444444,0.03040912549206701,0.0030409125492067016,100
US Power Grid — San Francisco,seamless,9.0,11,0.0814814814814814,0.16903703703703699,0.030063785169673812,0.003006378516967381,0.11592592592592588,0.028840501650946364,0.0028840501650946363,100
US Power Grid — San Francisco,seamless,9.0,12,0.0888888888888888,0.15259259259259253,0.029535953677092573,0.002953595367709258,0.1018518518518518,0.023503998805423896,0.0023503998805423903,100
US Power Grid — San Francisco,seamless,9.0,13,0.0962962962962963,0.1407407407407407,0.03184741440653011,0.003184741440653011,0.0923703703703703,0.020936889817396092,0.0020936889817396087,100
US Power Grid — San Francisco,seamless,9.0,14,0.1037037037037037,0.1295555555555555,0.032883357640458064,0.003288335764045807,0.08281481481481474,0.02064163162441644,0.002064163162441644,100
US Power Grid — San Francisco,seamless,9.0,15,0.1111111111111111,0.11755555555555551,0.030851265528700694,0.0030851265528700706,0.07622222222222216,0.018842508141561326,0.0018842508141561326,100
US Power Grid — San Francisco,seamless,9.0,16,0.1185185185185185,0.10711111111111107,0.02748343869047291,0.002748343869047291,0.06918518518518513,0.017624353553814528,0.0017624353553814527,100
US Power Grid — San Francisco,seamless,9.0,17,0.1259259259259259,0.09740740740740735,0.028041521321322094,0.0028041521321322095,0.0618518518518518,0.013902910991287928,0.001390291099128793,100
US Power Grid — San Francisco,seamless,9.0,18,0.1333333333333333,0.09044444444444438,0.027278490751804906,0.00272784907518049,0.05651851851851847,0.010923975933580582,0.0010923975933580582,100
US Power Grid — San Francisco,seamless,9.0,19,0.1407407407407407,0.08222222222222215,0.026331602418878337,0.0026331602418878334,0.05303703703703699,0.009517607942925119,0.0009517607942925119,100
US Power Grid — San Francisco,seamless,9.0,20,0.1481481481481481,0.07488888888888884,0.023657244968521392,0.0023657244968521398,0.04985185185185181,0.007358988781287199,0.0007358988781287197,100
US Power Grid — San Francisco,seamless,9.0,21,0.1555555555555555,0.0692592592592592,0.022491817710148628,0.0022491817710148633,0.047851851851851805,0.006176878588763998,0.0006176878588763996,100
US Power Grid — San Francisco,seamless,9.0,22,0.1629629629629629,0.06288888888888883,0.018341692252605256,0.0018341692252605256,0.04599999999999995,0.005295183001406733,0.0005295183001406735,100
US Power Grid — San Francisco,seamless,9.0,23,0.1703703703703703,0.05740740740740735,0.01516148817556786,0.0015161488175567859,0.04429629629629625,0.00504706205127087,0.0005047062051270869,100
US Power Grid — San Francisco,seamless,9.0,24,0.1777777777777777,0.05348148148148143,0.010715232167942422,0.0010715232167942423,0.043481481481481433,0.005120650185261997,0.0005120650185261995,100
US Power Grid — San Francisco,seamless,9.0,25,0.1851851851851852,0.05029629629629625,0.008242826463586204,0.0008242826463586202,0.041999999999999954,0.004085112414256748,0.0004085112414256747,100
US Power Grid — San Francisco,seamless,9.0,26,0.1925925925925926,0.04814814814814809,0.006617015925020722,0.0006617015925020724,0.04088888888888885,0.003865525816678647,0.00038655258166786505,100
US Power Grid — San Francisco,seamless,9.0,27,0.2,0.04681481481481477,0.00535606412639972,0.0005356064126399721,0.040296296296296254,0.0038425165300167265,0.0003842516530016723,100
US Power Grid — San Francisco,seamless,9.0,28,0.2074074074074074,0.04651851851851847,0.005272631235571012,0.0005272631235571013,0.03977777777777774,0.003745369821226459,0.0003745369821226457,100
US Power Grid — San Francisco,seamless,9.0,29,0.2148148148148148,0.045925925925925884,0.0043409830765013925,0.00043409830765013915,0.03918518518518514,0.003691712725395871,0.0003691712725395871,100
US Power Grid — San Francisco,seamless,9.0,30,0.2222222222222222,0.045481481481481435,0.004080361098052341,0.0004080361098052344,0.03837037037037033,0.0030477942217721488,0.00030477942217721493,100
US Power Grid — San Francisco,seamless,9.0,31,0.2296296296296296,0.044444444444444405,0.0033293820368555105,0.00033293820368555135,0.03762962962962959,0.0027211461208874015,0.0002721146120887402,100
US Power Grid — San Francisco,seamless,9.0,32,0.237037037037037,0.04385185185185181,0.0034407194175281163,0.0003440719417528117,0.037333333333333295,0.0023353188424044776,0.00023353188424044777,100
US Power Grid — San Francisco,seamless,9.0,33,0.2444444444444444,0.043333333333333286,0.0037037037037037004,0.00037037037037036997,0.03681481481481478,0.0028746664204980566,0.0002874666420498057,100
US Power Grid — San Francisco,seamless,9.0,34,0.2518518518518519,0.04303703703703699,0.0038962305772986374,0.0003896230577298637,0.03592592592592589,0.0037037037037037,0.0003703703703703701,100
US Power Grid — San Francisco,seamless,9.0,35,0.2592592592592592,0.041703703703703666,0.004423820461029358,0.0004423820461029357,0.03466666666666663,0.0044519203865564655,0.00044519203865564646,100
US Power Grid — San Francisco,seamless,9.0,36,0.2666666666666666,0.04066666666666663,0.004403729205510327,0.0004403729205510327,0.03311111111111108,0.005415237580113899,0.0005415237580113898,100
US Power Grid — San Francisco,seamless,9.0,37,0.2740740740740741,0.03933333333333329,0.0055406959272051295,0.0005540695927205129,0.03125925925925923,0.006367742347626489,0.0006367742347626489,100
US Power Grid — San Francisco,seamless,9.0,38,0.2814814814814815,0.03792592592592589,0.00588839593519895,0.000588839593519895,0.029851851851851824,0.0067787886211388895,0.0006778788621138888,100
US Power Grid — San Francisco,seamless,9.0,39,0.2888888888888889,0.03637037037037033,0.005964613704723503,0.0005964613704723503,0.026814814814814788,0.00629772656011428,0.0006297726560114278,100
US Power Grid — San Francisco,seamless,9.0,40,0.2962962962962963,0.03481481481481478,0.006447320590951766,0.0006447320590951766,0.025185185185185158,0.005571121726595216,0.0005571121726595217,100
US Power Grid — San Francisco,seamless,9.0,41,0.3037037037037037,0.03274074074074071,0.0069980410840270995,0.0006998041084027098,0.023629629629629605,0.0049039209322078,0.0004903920932207799,100
US Power Grid — San Francisco,seamless,9.0,42,0.3111111111111111,0.029703703703703673,0.007628209326646801,0.0007628209326646797,0.022370370370370346,0.003488709453734305,0.00034887094537343046,100
US Power Grid — San Francisco,seamless,9.0,43,0.3185185185185185,0.026962962962962935,0.007103375266017855,0.0007103375266017854,0.021629629629629606,0.0037490674920068125,0.0003749067492006813,100
US Power Grid — San Francisco,seamless,9.0,44,0.3259259259259259,0.025333333333333305,0.006590158316767746,0.0006590158316767745,0.020666666666666646,0.0033781334931264305,0.0003378133493126431,100
US Power Grid — San Francisco,seamless,9.0,45,0.3333333333333333,0.024814814814814786,0.006606537666784028,0.0006606537666784029,0.019555555555555534,0.003725338978356852,0.0003725338978356852,100
US Power Grid — San Francisco,seamless,9.0,46,0.3407407407407407,0.023111111111111086,0.005793507419079907,0.0005793507419079904,0.018222222222222206,0.0037104315997187596,0.00037104315997187596,100
US Power Grid — San Francisco,seamless,9.0,47,0.3481481481481481,0.022148148148148125,0.00541932995748249,0.000541932995748249,0.016962962962962947,0.003378133493126431,0.0003378133493126431,100
US Power Grid — San Francisco,seamless,9.0,48,0.3555555555555555,0.020666666666666646,0.004743054990690994,0.00047430549906909937,0.016370370370370355,0.0030322976351135704,0.00030322976351135697,100
US Power Grid — San Francisco,seamless,9.0,49,0.362962962962963,0.01970370370370368,0.004240226510480219,0.00042402265104802194,0.015777777777777762,0.002503686436960227,0.00025036864369602275,100
US Power Grid — San Francisco,seamless,9.0,50,0.3703703703703704,0.019037037037037016,0.004373419266606913,0.0004373419266606914,0.015333333333333317,0.0018994992590832776,0.00018994992590832776,100
US Power Grid — San Francisco,seamless,9.0,51,0.3777777777777777,0.017851851851851834,0.0036615634846200716,0.0003661563484620073,0.015259259259259243,0.001768024122784754,0.0001768024122784754,100
US Power Grid — San Francisco,seamless,9.0,52,0.3851851851851852,0.01740740740740739,0.003550907299563717,0.0003550907299563717,0.01518518518518517,0.001622540100426593,0.00016225401004265927,100
US Power Grid — San Francisco,seamless,9.0,53,0.3925925925925926,0.01711111111111109,0.0034431348052720834,0.00034431348052720836,0.015037037037037022,0.0012699748740575192,0.00012699748740575188,100
US Power Grid — San Francisco,seamless,9.0,54,0.4,0.016370370370370355,0.0030322976351135683,0.00030322976351135697,0.014962962962962947,0.0010422614380465893,0.00010422614380465892,100
US Power Grid — San Francisco,seamless,9.0,55,0.4074074074074074,0.01592592592592591,0.0026582983798713804,0.00026582983798713794,0.014962962962962947,0.0010422614380465893,0.00010422614380465892,100
US Power Grid — San Francisco,seamless,9.0,56,0.4148148148148148,0.015777777777777762,0.002503686436960228,0.00025036864369602275,0.014888888888888873,0.0007407407407407398,7.407407407407398e-05,100
US Power Grid — San Francisco,seamless,9.0,57,0.4222222222222222,0.01555555555555554,0.0022334173672426917,0.00022334173672426908,0.014814814814814802,0.0,3.486925384749193e-19,100
US Power Grid — San Francisco,seamless,9.0,58,0.4296296296296296,0.015481481481481464,0.0021305443797382294,0.000213054437973823,0.014814814814814802,0.0,3.486925384749193e-19,100
US Power Grid — San Francisco,seamless,9.0,59,0.437037037037037,0.015333333333333319,0.0018994992590832776,0.00018994992590832776,0.014814814814814802,0.0,3.486925384749193e-19,100
US Power Grid — San Francisco,seamless,9.0,60,0.4444444444444445,0.015333333333333319,0.0018994992590832776,0.00018994992590832776,0.014814814814814802,0.0,3.486925384749193e-19,100
US Power Grid — San Francisco,seamless,9.0,61,0.4518518518518519,0.015333333333333319,0.0018994992590832776,0.00018994992590832776,0.014740740740740726,0.0007407407407407399,7.407407407407399e-05,100
US Power Grid — San Francisco,seamless,9.0,62,0.4592592592592592,0.01518518518518517,0.0016225401004265933,0.0001622540100426593,0.014296296296296283,0.001899499259083278,0.0001899499259083278,100
US Power Grid — San Francisco,seamless,9.0,63,0.4666666666666667,0.014814814814814802,0.002105686087462817,0.0002105686087462817,0.013999999999999986,0.0023293780572979247,0.0002329378057297924,100
US Power Grid — San Francisco,seamless,9.0,64,0.4740740740740741,0.014518518518518504,0.0023353188424044785,0.00023353188424044785,0.013333333333333319,0.0029778898229902546,0.0002977889822990255,100
US Power Grid — San Francisco,seamless,9.0,65,0.4814814814814815,0.014148148148148134,0.002376488550102394,0.00023764885501023934,0.012148148148148137,0.003573467787588306,0.0003573467787588306,100
US Power Grid — San Francisco,seamless,9.0,66,0.4888888888888889,0.013555555555555541,0.0029881087854994976,0.00029881087854994974,0.011111111111111101,0.003722362278737819,0.0003722362278737818,100
US Power Grid — San Francisco,seamless,9.0,67,0.4962962962962963,0.012666666666666652,0.003538398560382394,0.0003538398560382394,0.010296296296296286,0.0036311639259273844,0.0003631163925927383,100
US Power Grid — San Francisco,seamless,9.0,68,0.5037037037037038,0.012444444444444432,0.003628873693012113,0.00036288736930121114,0.009037037037037027,0.003083949628838712,0.00030839496288387124,100
US Power Grid — San Francisco,seamless,9.0,69,0.5111111111111112,0.011185185185185173,0.003867675919273765,0.0003867675919273764,0.008370370370370361,0.0025036864369602277,0.00025036864369602275,100
US Power Grid — San Francisco,seamless,9.0,70,0.5185185185185185,0.010666666666666656,0.0036954640857026545,0.0003695464085702654,0.007925925925925918,0.001899499259083278,0.0001899499259083278,100
US Power Grid — San Francisco,seamless,9.0,71,0.5259259259259259,0.00999999999999999,0.003550907299563717,0.00035509072995637173,0.007703703703703696,0.001458862115310609,0.00014588621153106086,100
US Power Grid — San Francisco,seamless,9.0,72,0.5333333333333333,0.009111111111111103,0.003132982108752965,0.00031329821087529655,0.007629629629629622,0.0012699748740575194,0.0001269974874057519,100
US Power Grid — San Francisco,seamless,9.0,73,0.5407407407407407,0.008592592592592584,0.0027292811050182984,0.0002729281105018298,0.007555555555555548,0.0010422614380465893,0.00010422614380465891,100
US Power Grid — San Francisco,seamless,9.0,74,0.5481481481481482,0.008074074074074065,0.00213054437973823,0.00021305443797382302,0.007555555555555548,0.0010422614380465893,0.00010422614380465891,100
US Power Grid — San Francisco,seamless,9.0,75,0.5555555555555556,0.007925925925925918,0.001899499259083278,0.00018994992590832776,0.0074814814814814735,0.00074074074074074,7.407407407407398e-05,100
US Power Grid — San Francisco,seamless,9.0,76,0.562962962962963,0.00777777777777777,0.0016225401004265935,0.00016225401004265933,0.0074814814814814735,0.00074074074074074,7.407407407407398e-05,100
US Power Grid — San Francisco,seamless,9.0,77,0.5703703703703704,0.007703703703703696,0.001458862115310609,0.00014588621153106086,0.007407407407407401,0.0,1.7434626923745965e-19,100
US Power Grid — San Francisco,seamless,9.0,78,0.5777777777777778,0.007629629629629622,0.0012699748740575192,0.0001269974874057519,0.007407407407407401,0.0,1.7434626923745965e-19,100
US Power Grid — San Francisco,seamless,9.0,79,0.5851851851851853,0.007629629629629622,0.0012699748740575192,0.0001269974874057519,0.007407407407407401,0.0,1.7434626923745965e-19,100
US Power Grid — San Francisco,seamless,9.0,80,0.5925925925925926,0.0074814814814814735,0.00074074074074074,7.407407407407398e-05,0.007407407407407401,0.0,1.7434626923745965e-19,100
US Power Grid — San Francisco,seamless,9.0,81,0.6,0.0074814814814814735,0.00074074074074074,7.407407407407398e-05,0.007407407407407401,0.0,1.7434626923745965e-19,100
US Power Grid — San Francisco,seamless,9.0,82,0.6074074074074074,0.0074814814814814735,0.00074074074074074,7.407407407407398e-05,0.007407407407407401,0.0,1.7434626923745965e-19,100
US Power Grid — San Francisco,seamless,9.0,83,0.6148148148148148,0.0074814814814814735,0.00074074074074074,7.407407407407398e-05,0.007407407407407401,0.0,1.7434626923745965e-19,100
US Power Grid — San Francisco,seamless,9.0,84,0.6222222222222222,0.007407407407407401,0.0,1.7434626923745965e-19,0.007407407407407401,0.0,1.7434626923745965e-19,100
US Power Grid — San Francisco,seamless,9.0,85,0.6296296296296297,0.007407407407407401,0.0,1.7434626923745965e-19,0.007407407407407401,0.0,1.7434626923745965e-19,100
US Power Grid — San Francisco,seamless,9.0,86,0.6370370370370371,0.007407407407407401,0.0,1.7434626923745965e-19,0.007407407407407401,0.0,1.7434626923745965e-19,100
US Power Grid — San Francisco,seamless,9.0,87,0.6444444444444445,0.007407407407407401,0.0,1.7434626923745965e-19,0.007407407407407401,0.0,1.7434626923745965e-19,100
US Power Grid — San Francisco,seamless,9.0,88,0.6518518518518519,0.007407407407407401,0.0,1.7434626923745965e-19,0.007407407407407401,0.0,1.7434626923745965e-19,100
US Power Grid — San Francisco,seamless,9.0,89,0.6592592592592593,0.007407407407407401,0.0,1.7434626923745965e-19,0.007407407407407401,0.0,1.7434626923745965e-19,100
US Power Grid — San Francisco,seamless,9.0,90,0.6666666666666667,0.007407407407407401,0.0,1.7434626923745965e-19,0.007407407407407401,0.0,1.7434626923745965e-19,100
US Power Grid — San Francisco,seamless,9.0,91,0.674074074074074,0.007407407407407401,0.0,1.7434626923745965e-19,0.007407407407407401,0.0,1.7434626923745965e-19,100
US Power Grid — San Francisco,seamless,9.0,92,0.6814814814814815,0.007407407407407401,0.0,1.7434626923745965e-19,0.007407407407407401,0.0,1.7434626923745965e-19,100
US Power Grid — San Francisco,seamless,9.0,93,0.6888888888888889,0.007407407407407401,0.0,1.7434626923745965e-19,0.007407407407407401,0.0,1.7434626923745965e-19,100
US Power Grid — San Francisco,seamless,9.0,94,0.6962962962962963,0.007407407407407401,0.0,1.7434626923745965e-19,0.007407407407407401,0.0,1.7434626923745965e-19,100
US Power Grid — San Francisco,seamless,9.0,95,0.7037037037037037,0.007407407407407401,0.0,1.7434626923745965e-19,0.007407407407407401,0.0,1.7434626923745965e-19,100
US Power Grid — San Francisco,seamless,9.0,96,0.7111111111111111,0.007407407407407401,0.0,1.7434626923745965e-19,0.007407407407407401,0.0,1.7434626923745965e-19,100
US Power Grid — San Francisco,seamless,9.0,97,0.7185185185185186,0.007407407407407401,0.0,1.7434626923745965e-19,0.007407407407407401,0.0,1.7434626923745965e-19,100
US Power Grid — San Francisco,seamless,9.0,98,0.725925925925926,0.007407407407407401,0.0,1.7434626923745965e-19,0.007407407407407401,0.0,1.7434626923745965e-19,100
US Power Grid — San Francisco,seamless,9.0,99,0.7333333333333334,0.007407407407407401,0.0,1.7434626923745965e-19,0.007407407407407401,0.0,1.7434626923745965e-19,100
US Power Grid — San Francisco,seamless,9.0,100,0.7407407407407408,0.007407407407407401,0.0,1.7434626923745965e-19,0.007407407407407401,0.0,1.7434626923745965e-19,100
US Power Grid — San Francisco,seamless,9.0,101,0.7481481481481482,0.007407407407407401,0.0,1.7434626923745965e-19,0.007407407407407401,0.0,1.7434626923745965e-19,100
US Power Grid — San Francisco,seamless,9.0,102,0.7555555555555555,0.007407407407407401,0.0,1.7434626923745965e-19,0.007407407407407401,0.0,1.7434626923745965e-19,100
US Power Grid — San Francisco,seamless,9.0,103,0.762962962962963,0.007407407407407401,0.0,1.7434626923745965e-19,0.007407407407407401,0.0,1.7434626923745965e-19,100
US Power Grid — San Francisco,seamless,9.0,104,0.7703703703703704,0.007407407407407401,0.0,1.7434626923745965e-19,0.007407407407407401,0.0,1.7434626923745965e-19,100
US Power Grid — San Francisco,seamless,9.0,105,0.7777777777777778,0.007407407407407401,0.0,1.7434626923745965e-19,0.007407407407407401,0.0,1.7434626923745965e-19,100
US Power Grid — San Francisco,seamless,9.0,106,0.7851851851851852,0.007407407407407401,0.0,1.7434626923745965e-19,0.007407407407407401,0.0,1.7434626923745965e-19,100
US Power Grid — San Francisco,seamless,9.0,107,0.7925925925925926,0.007407407407407401,0.0,1.7434626923745965e-19,0.007407407407407401,0.0,1.7434626923745965e-19,100
US Power Grid — San Francisco,seamless,9.0,108,0.8,0.007407407407407401,0.0,1.7434626923745965e-19,0.007407407407407401,0.0,1.7434626923745965e-19,100
US Power Grid — San Francisco,seamless,9.0,109,0.8074074074074075,0.007407407407407401,0.0,1.7434626923745965e-19,0.007407407407407401,0.0,1.7434626923745965e-19,100
US Power Grid — San Francisco,seamless,9.0,110,0.8148148148148149,0.007407407407407401,0.0,1.7434626923745965e-19,0.007407407407407401,0.0,1.7434626923745965e-19,100
US Power Grid — San Francisco,seamless,9.0,111,0.8222222222222223,0.007407407407407401,0.0,1.7434626923745965e-19,0.007407407407407401,0.0,1.7434626923745965e-19,100
US Power Grid — San Francisco,seamless,9.0,112,0.8296296296296297,0.007407407407407401,0.0,1.7434626923745965e-19,0.007407407407407401,0.0,1.7434626923745965e-19,100
US Power Grid — San Francisco,seamless,9.0,113,0.837037037037037,0.007407407407407401,0.0,1.7434626923745965e-19,0.007407407407407401,0.0,1.7434626923745965e-19,100
US Power Grid — San Francisco,seamless,9.0,114,0.8444444444444444,0.007407407407407401,0.0,1.7434626923745965e-19,0.007407407407407401,0.0,1.7434626923745965e-19,100
US Power Grid — San Francisco,seamless,9.0,115,0.8518518518518519,0.007407407407407401,0.0,1.7434626923745965e-19,0.007407407407407401,0.0,1.7434626923745965e-19,100
US Power Grid — San Francisco,seamless,9.0,116,0.8592592592592593,0.007407407407407401,0.0,1.7434626923745965e-19,0.007407407407407401,0.0,1.7434626923745965e-19,100
US Power Grid — San Francisco,seamless,9.0,117,0.8666666666666667,0.007407407407407401,0.0,1.7434626923745965e-19,0.007407407407407401,0.0,1.7434626923745965e-19,100
US Power Grid — San Francisco,seamless,9.0,118,0.8740740740740741,0.007407407407407401,0.0,1.7434626923745965e-19,0.007407407407407401,0.0,1.7434626923745965e-19,100
US Power Grid — San Francisco,seamless,9.0,119,0.8814814814814815,0.007407407407407401,0.0,1.7434626923745965e-19,0.007407407407407401,0.0,1.7434626923745965e-19,100
US Power Grid — San Francisco,seamless,9.0,120,0.888888888888889,0.007407407407407401,0.0,1.7434626923745965e-19,0.007407407407407401,0.0,1.7434626923745965e-19,100
US Power Grid — San Francisco,seamless,9.0,121,0.8962962962962964,0.007407407407407401,0.0,1.7434626923745965e-19,0.007407407407407401,0.0,1.7434626923745965e-19,100
US Power Grid — San Francisco,seamless,9.0,122,0.9037037037037038,0.007407407407407401,0.0,1.7434626923745965e-19,0.007407407407407401,0.0,1.7434626923745965e-19,100
US Power Grid — San Francisco,seamless,9.0,123,0.9111111111111112,0.007407407407407401,0.0,1.7434626923745965e-19,0.007407407407407401,0.0,1.7434626923745965e-19,100
US Power Grid — San Francisco,seamless,9.0,124,0.9185185185185184,0.007407407407407401,0.0,1.7434626923745965e-19,0.007407407407407401,0.0,1.7434626923745965e-19,100
US Power Grid — San Francisco,seamless,9.0,125,0.925925925925926,0.007407407407407401,0.0,1.7434626923745965e-19,0.007407407407407401,0.0,1.7434626923745965e-19,100
US Power Grid — San Francisco,seamless,9.0,126,0.9333333333333332,0.007407407407407401,0.0,1.7434626923745965e-19,0.007407407407407401,0.0,1.7434626923745965e-19,100
US Power Grid — San Francisco,seamless,9.0,127,0.9407407407407408,0.007407407407407401,0.0,1.7434626923745965e-19,0.007407407407407401,0.0,1.7434626923745965e-19,100
US Power Grid — San Francisco,seamless,9.0,128,0.9481481481481482,0.007407407407407401,0.0,1.7434626923745965e-19,0.007407407407407401,0.0,1.7434626923745965e-19,100
US Power Grid — San Francisco,seamless,9.0,129,0.9555555555555556,0.007407407407407401,0.0,1.7434626923745965e-19,0.007407407407407401,0.0,1.7434626923745965e-19,100
US Power Grid — San Francisco,seamless,9.0,130,0.962962962962963,0.007407407407407401,0.0,1.7434626923745965e-19,0.007407407407407401,0.0,1.7434626923745965e-19,100
US Power Grid — San Francisco,seamless,9.0,131,0.9703703703703704,0.007407407407407401,0.0,1.7434626923745965e-19,0.007407407407407401,0.0,1.7434626923745965e-19,100
US Power Grid — San Francisco,seamless,9.0,132,0.977777777777778,0.007407407407407401,0.0,1.7434626923745965e-19,0.007407407407407401,0.0,1.7434626923745965e-19,100
US Power Grid — San Francisco,seamless,9.0,133,0.9851851851851852,0.007407407407407401,0.0,1.7434626923745965e-19,0.007407407407407401,0.0,1.7434626923745965e-19,100
US Power Grid — San Francisco,seamless,9.0,134,0.9925925925925926,0.007407407407407401,0.0,1.7434626923745965e-19,0.0,0.0,0.0,100
US Power Grid — San Francisco,seamless,9.0,135,1.0,0.0,0.0,0.0,0.0,0.0,0.0,100
US Power Grid — San Francisco,seamless,10.0,0,0.0,1.0,0.0,0.0,0.0,0.0,0.0,100
US Power Grid — San Francisco,seamless,10.0,1,0.0074074074074074,0.8785185185185185,0.09836619645970734,0.009836619645970738,0.09444444444444439,0.08618775979579701,0.008618775979579702,100
US Power Grid — San Francisco,seamless,10.0,2,0.0148148148148148,0.7354814814814814,0.12598662738902383,0.012598662738902384,0.15666666666666662,0.09849218655214191,0.009849218655214192,100
US Power Grid — San Francisco,seamless,10.0,3,0.0222222222222222,0.5697037037037037,0.1373348701279017,0.01373348701279017,0.21170370370370367,0.08628291234327012,0.008628291234327014,100
US Power Grid — San Francisco,seamless,10.0,4,0.0296296296296296,0.4619259259259259,0.13027851064336476,0.013027851064336474,0.20281481481481478,0.06645249715454114,0.006645249715454114,100
US Power Grid — San Francisco,seamless,10.0,5,0.037037037037037,0.364,0.10656113580823304,0.010656113580823304,0.1941481481481481,0.05635705662347766,0.005635705662347766,100
US Power Grid — San Francisco,seamless,10.0,6,0.0444444444444444,0.31007407407407406,0.08970210375270378,0.008970210375270378,0.1813333333333333,0.05021167315686786,0.005021167315686785,100
US Power Grid — San Francisco,seamless,10.0,7,0.0518518518518518,0.26037037037037036,0.07453188120742818,0.00745318812074282,0.16866666666666663,0.0398672472512108,0.003986724725121079,100
US Power Grid — San Francisco,seamless,10.0,8,0.0592592592592592,0.2297037037037037,0.05868119664226023,0.005868119664226024,0.15748148148148144,0.033120574695585894,0.003312057469558589,100
US Power Grid — San Francisco,seamless,10.0,9,0.0666666666666666,0.20244444444444443,0.04339776370838167,0.0043397763708381675,0.14629629629629626,0.03173191035040518,0.003173191035040518,100
US Power Grid — San Francisco,seamless,10.0,10,0.074074074074074,0.18259259259259256,0.032320309445101156,0.0032320309445101163,0.13525925925925922,0.02947246006648849,0.002947246006648849,100
US Power Grid — San Francisco,seamless,10.0,11,0.0814814814814814,0.17088888888888884,0.02878048093130258,0.0028780480931302577,0.12407407407407403,0.029411373475583355,0.0029411373475583353,100
US Power Grid — San Francisco,seamless,10.0,12,0.0888888888888888,0.15799999999999995,0.027576751077372643,0.0027576751077372642,0.11274074074074068,0.027466493775766265,0.0027466493775766265,100
US Power Grid — San Francisco,seamless,10.0,13,0.0962962962962963,0.147037037037037,0.02935478588400957,0.0029354785884009565,0.10014814814814811,0.026098617839922386,0.002609861783992238,100
US Power Grid — San Francisco,seamless,10.0,14,0.1037037037037037,0.1341481481481481,0.029383470550253966,0.002938347055025397,0.0858518518518518,0.024693490368082646,0.0024693490368082652,100
US Power Grid — San Francisco,seamless,10.0,15,0.1111111111111111,0.12037037037037032,0.032044761616079415,0.0032044761616079414,0.0738518518518518,0.018400823147342014,0.0018400823147342014,100
US Power Grid — San Francisco,seamless,10.0,16,0.1185185185185185,0.10888888888888884,0.03161160143005029,0.00316116014300503,0.06674074074074068,0.016018964526724532,0.0016018964526724536,100
US Power Grid — San Francisco,seamless,10.0,17,0.1259259259259259,0.09918518518518514,0.028287896148668022,0.002828789614866802,0.05948148148148143,0.01183945292327477,0.0011839452923274774,100
US Power Grid — San Francisco,seamless,10.0,18,0.1333333333333333,0.08829629629629626,0.027629458119542434,0.0027629458119542436,0.05629629629629625,0.010475656017578468,0.0010475656017578474,100
US Power Grid — San Francisco,seamless,10.0,19,0.1407407407407407,0.08177777777777771,0.027291186429743465,0.0027291186429743465,0.053407407407407355,0.008242826463586204,0.0008242826463586202,100
US Power Grid — San Francisco,seamless,10.0,20,0.1481481481481481,0.07281481481481476,0.024737442963432343,0.0024737442963432346,0.05155555555555551,0.008149848477489525,0.0008149848477489524,100
US Power Grid — San Francisco,seamless,10.0,21,0.1555555555555555,0.06688888888888883,0.02249378896905842,0.002249378896905842,0.04837037037037033,0.007098301844034004,0.0007098301844034006,100
US Power Grid — San Francisco,seamless,10.0,22,0.1629629629629629,0.06399999999999995,0.022667199708136146,0.0022667199708136143,0.04644444444444439,0.00697225383283216,0.000697225383283216,100
US Power Grid — San Francisco,seamless,10.0,23,0.1703703703703703,0.05933333333333328,0.019053114130841882,0.0019053114130841875,0.04533333333333329,0.006164303862876033,0.0006164303862876033,100
US Power Grid — San Francisco,seamless,10.0,24,0.1777777777777777,0.056888888888888836,0.01847372059984092,0.0018473720599840916,0.0441481481481481,0.005661907583959332,0.0005661907583959332,100
US Power Grid — San Francisco,seamless,10.0,25,0.1851851851851852,0.052592592592592545,0.015527204135148156,0.001552720413514816,0.04229629629629625,0.004117545175350314,0.0004117545175350315,100
US Power Grid — San Francisco,seamless,10.0,26,0.1925925925925926,0.05155555555555551,0.015326733453855995,0.0015326733453855993,0.041407407407407365,0.004090535732163201,0.0004090535732163201,100
US Power Grid — San Francisco,seamless,10.0,27,0.2,0.04948148148148143,0.010574654062007294,0.0010574654062007296,0.04088888888888885,0.004006341013211775,0.00040063410132117766,100
US Power Grid — San Francisco,seamless,10.0,28,0.2074074074074074,0.04829629629629625,0.010233721038450886,0.0010233721038450884,0.039925925925925886,0.0036311639259273823,0.00036311639259273813,100
US Power Grid — San Francisco,seamless,10.0,29,0.2148148148148148,0.04562962962962958,0.005127680705804657,0.0005127680705804661,0.039037037037037,0.0034687942924355435,0.0003468794292435543,100
US Power Grid — San Francisco,seamless,10.0,30,0.2222222222222222,0.044444444444444405,0.0029778898229902563,0.00029778898229902554,0.03851851851851848,0.0031585291311942254,0.00031585291311942245,100
US Power Grid — San Francisco,seamless,10.0,31,0.2296296296296296,0.04407407407407403,0.003223660295475885,0.0003223660295475883,0.038222222222222185,0.002925312602944091,0.00029253126029440887,100
US Power Grid — San Francisco,seamless,10.0,32,0.237037037037037,0.04362962962962959,0.0034751795611482803,0.000347517956114828,0.037777777777777743,0.0026842336123684392,0.00026842336123684355,100
US Power Grid — San Francisco,seamless,10.0,33,0.2444444444444444,0.04355555555555551,0.003536048245569508,0.0003536048245569508,0.037333333333333295,0.0029629629629629576,0.0002962962962962959,100
US Power Grid — San Francisco,seamless,10.0,34,0.2518518518518519,0.042888888888888844,0.0041175451753503135,0.0004117545175350315,0.036740740740740706,0.003634977774185793,0.00036349777741857944,100
US Power Grid — San Francisco,seamless,10.0,35,0.2592592592592592,0.041703703703703666,0.00416572088862837,0.00041657208886283726,0.035407407407407374,0.004776241933782022,0.0004776241933782022,100
US Power Grid — San Francisco,seamless,10.0,36,0.2666666666666666,0.04103703703703699,0.003998031966562892,0.00039980319665628913,0.034148148148148115,0.005357616083971211,0.000535761608397121,100
US Power Grid — San Francisco,seamless,10.0,37,0.2740740740740741,0.03977777777777774,0.004296709089138847,0.00042967090891388464,0.03296296296296293,0.00580258853185659,0.000580258853185659,100
US Power Grid — San Francisco,seamless,10.0,38,0.2814814814814815,0.038444444444444406,0.004789568042591334,0.0004789568042591334,0.03111111111111108,0.006658764073711028,0.0006658764073711027,100
US Power Grid — San Francisco,seamless,10.0,39,0.2888888888888889,0.036518518518518485,0.006426224830816369,0.000642622483081637,0.027925925925925896,0.006646684106417899,0.0006646684106417897,100
US Power Grid — San Francisco,seamless,10.0,40,0.2962962962962963,0.03496296296296293,0.0070689610015186415,0.0007068961001518642,0.025703703703703677,0.005810224776031671,0.0005810224776031674,100
US Power Grid — San Francisco,seamless,10.0,41,0.3037037037037037,0.03251851851851848,0.007436903488471113,0.0007436903488471112,0.02444444444444442,0.00499407305528327,0.0004994073055283269,100
US Power Grid — San Francisco,seamless,10.0,42,0.3111111111111111,0.03037037037037034,0.007772520625445912,0.0007772520625445912,0.023111111111111086,0.004501442715189265,0.0004501442715189267,100
US Power Grid — San Francisco,seamless,10.0,43,0.3185185185185185,0.0276296296296296,0.007433921869231907,0.000743392186923191,0.021777777777777754,0.004187616203794924,0.00041876162037949243,100
US Power Grid — San Francisco,seamless,10.0,44,0.3259259259259259,0.025925925925925897,0.006617015925020723,0.0006617015925020723,0.020148148148148127,0.0036592922778567565,0.00036592922778567555,100
US Power Grid — San Francisco,seamless,10.0,45,0.3333333333333333,0.024518518518518495,0.006377743929505956,0.0006377743929505956,0.018962962962962945,0.0038425165300167256,0.0003842516530016725,100
US Power Grid — San Francisco,seamless,10.0,46,0.3407407407407407,0.022666666666666644,0.005553185677346762,0.0005553185677346763,0.017555555555555536,0.0035943450895845126,0.00035943450895845123,100
US Power Grid — San Francisco,seamless,10.0,47,0.3481481481481481,0.020518518518518495,0.004448806937412402,0.0004448806937412403,0.016592592592592575,0.0031795162665994607,0.0003179516266599462,100
US Power Grid — San Francisco,seamless,10.0,48,0.3555555555555555,0.01948148148148146,0.004423820461029358,0.0004423820461029357,0.016222222222222204,0.0029205721807678674,0.00029205721807678674,100
US Power Grid — San Francisco,seamless,10.0,49,0.362962962962963,0.01874074074074072,0.004522938232079772,0.0004522938232079772,0.015481481481481464,0.00213054437973823,0.000213054437973823,100
US Power Grid — San Francisco,seamless,10.0,50,0.3703703703703704,0.01762962962962961,0.0036135683793671325,0.0003613568379367132,0.015481481481481464,0.00213054437973823,0.000213054437973823,100
US Power Grid — San Francisco,seamless,10.0,51,0.3777777777777777,0.01725925925925924,0.003500604167594521,0.00035006041675945206,0.015259259259259243,0.001768024122784753,0.0001768024122784754,100
US Power Grid — San Francisco,seamless,10.0,52,0.3851851851851852,0.01688888888888887,0.0033426730359571283,0.000334267303595713,0.01518518518518517,0.0016225401004265937,0.0001622540100426593,100
US Power Grid — San Francisco,seamless,10.0,53,0.3925925925925926,0.016592592592592575,0.003179516266599462,0.0003179516266599462,0.015037037037037022,0.001269974874057519,0.00012699748740575188,100
US Power Grid — San Francisco,seamless,10.0,54,0.4,0.015999999999999983,0.002729281105018297,0.0002729281105018298,0.014962962962962947,0.0010422614380465893,0.00010422614380465892,100
US Power Grid — San Francisco,seamless,10.0,55,0.4074074074074074,0.015851851851851836,0.002583222874220567,0.00025832228742205676,0.014814814814814802,0.0,3.486925384749193e-19,100
US Power Grid — San Francisco,seamless,10.0,56,0.4148148148148148,0.015629629629629615,0.002329378057297924,0.00023293780572979238,0.014814814814814802,0.0,3.486925384749193e-19,100
US Power Grid — San Francisco,seamless,10.0,57,0.4222222222222222,0.015481481481481464,0.0021305443797382294,0.000213054437973823,0.014814814814814802,0.0,3.486925384749193e-19,100
US Power Grid — San Francisco,seamless,10.0,58,0.4296296296296296,0.015259259259259243,0.0017680241227847537,0.0001768024122784754,0.014814814814814802,0.0,3.486925384749193e-19,100
US Power Grid — San Francisco,seamless,10.0,59,0.437037037037037,0.01518518518518517,0.0016225401004265935,0.00016225401004265927,0.014814814814814802,0.0,3.486925384749193e-19,100
US Power Grid — San Francisco,seamless,10.0,60,0.4444444444444445,0.015111111111111096,0.001458862115310609,0.00014588621153106086,0.014814814814814802,0.0,3.486925384749193e-19,100
US Power Grid — San Francisco,seamless,10.0,61,0.4518518518518519,0.014962962962962947,0.0010422614380465893,0.00010422614380465892,0.014666666666666653,0.0010422614380465895,0.00010422614380465892,100
US Power Grid — San Francisco,seamless,10.0,62,0.4592592592592592,0.014962962962962947,0.0010422614380465893,0.00010422614380465892,0.014148148148148134,0.0021305443797382294,0.00021305443797382302,100
US Power Grid — San Francisco,seamless,10.0,63,0.4666666666666667,0.014740740740740726,0.0016630254942304325,0.00016630254942304317,0.013333333333333319,0.0029778898229902546,0.0002977889822990255,100
US Power Grid — San Francisco,seamless,10.0,64,0.4740740740740741,0.014074074074074058,0.0022334173672426917,0.00022334173672426913,0.012074074074074062,0.0035943450895845126,0.0003594345089584513,100
US Power Grid — San Francisco,seamless,10.0,65,0.4814814814814815,0.013481481481481468,0.0028601697752990273,0.0002860169775299028,0.011111111111111101,0.0037223622787378187,0.0003722362278737819,100
US Power Grid — San Francisco,seamless,10.0,66,0.4888888888888889,0.012962962962962949,0.003223660295475882,0.00032236602954758826,0.010148148148148137,0.0035943450895845135,0.0003594345089584513,100
US Power Grid — San Francisco,seamless,10.0,67,0.4962962962962963,0.012592592592592579,0.0034116013812728724,0.0003411601381272873,0.00925925925925925,0.0032236602954758835,0.00032236602954758826,100
US Power Grid — San Francisco,seamless,10.0,68,0.5037037037037038,0.011111111111111101,0.0037223622787378187,0.0003722362278737818,0.00851851851851851,0.0026582983798713804,0.000265829837987138,100
US Power Grid — San Francisco,seamless,10.0,69,0.5111111111111112,0.010444444444444433,0.0036615634846200733,0.00036615634846200726,0.00814814814814814,0.0022334173672426912,0.00022334173672426913,100
US Power Grid — San Francisco,seamless,10.0,70,0.5185185185185185,0.009925925925925916,0.003526631322737206,0.00035266313227372064,0.007999999999999991,0.00201970314329104,0.00020197031432910402,100
US Power Grid — San Francisco,seamless,10.0,71,0.5259259259259259,0.00925925925925925,0.0032236602954758826,0.0003223660295475882,0.007555555555555548,0.0010422614380465893,0.00010422614380465891,100
US Power Grid — San Francisco,seamless,10.0,72,0.5333333333333333,0.008444444444444435,0.0025832228742205675,0.0002583222874220568,0.0074814814814814735,0.00074074074074074,7.407407407407398e-05,100
US Power Grid — San Francisco,seamless,10.0,73,0.5407407407407407,0.008222222222222214,0.0023293780572979242,0.00023293780572979238,0.0074814814814814735,0.00074074074074074,7.407407407407398e-05,100
US Power Grid — San Francisco,seamless,10.0,74,0.5481481481481482,0.00814814814814814,0.0022334173672426912,0.00022334173672426913,0.007407407407407401,0.0,1.7434626923745965e-19,100
US Power Grid — San Francisco,seamless,10.0,75,0.5555555555555556,0.007999999999999991,0.0020197031432910395,0.00020197031432910402,0.007407407407407401,0.0,1.7434626923745965e-19,100
US Power Grid — San Francisco,seamless,10.0,76,0.562962962962963,0.00777777777777777,0.0016225401004265933,0.00016225401004265933,0.007407407407407401,0.0,1.7434626923745965e-19,100
US Power Grid — San Francisco,seamless,10.0,77,0.5703703703703704,0.007703703703703696,0.0014588621153106087,0.00014588621153106086,0.007407407407407401,0.0,1.7434626923745965e-19,100
US Power Grid — San Francisco,seamless,10.0,78,0.5777777777777778,0.007555555555555548,0.0010422614380465893,0.00010422614380465892,0.007407407407407401,0.0,1.7434626923745965e-19,100
US Power Grid — San Francisco,seamless,10.0,79,0.5851851851851853,0.007555555555555548,0.0010422614380465893,0.00010422614380465892,0.007407407407407401,0.0,1.7434626923745965e-19,100
US Power Grid — San Francisco,seamless,10.0,80,0.5925925925925926,0.007555555555555548,0.0010422614380465893,0.00010422614380465892,0.007407407407407401,0.0,1.7434626923745965e-19,100
US Power Grid — San Francisco,seamless,10.0,81,0.6,0.007555555555555548,0.0010422614380465893,0.00010422614380465892,0.007407407407407401,0.0,1.7434626923745965e-19,100
US Power Grid — San Francisco,seamless,10.0,82,0.6074074074074074,0.0074814814814814735,0.00074074074074074,7.407407407407398e-05,0.007407407407407401,0.0,1.7434626923745965e-19,100
US Power Grid — San Francisco,seamless,10.0,83,0.6148148148148148,0.0074814814814814735,0.00074074074074074,7.407407407407398e-05,0.007407407407407401,0.0,1.7434626923745965e-19,100
US Power Grid — San Francisco,seamless,10.0,84,0.6222222222222222,0.0074814814814814735,0.00074074074074074,7.407407407407398e-05,0.007407407407407401,0.0,1.7434626923745965e-19,100
US Power Grid — San Francisco,seamless,10.0,85,0.6296296296296297,0.007407407407407401,0.0,1.7434626923745965e-19,0.007407407407407401,0.0,1.7434626923745965e-19,100
US Power Grid — San Francisco,seamless,10.0,86,0.6370370370370371,0.007407407407407401,0.0,1.7434626923745965e-19,0.007407407407407401,0.0,1.7434626923745965e-19,100
US Power Grid — San Francisco,seamless,10.0,87,0.6444444444444445,0.007407407407407401,0.0,1.7434626923745965e-19,0.007407407407407401,0.0,1.7434626923745965e-19,100
US Power Grid — San Francisco,seamless,10.0,88,0.6518518518518519,0.007407407407407401,0.0,1.7434626923745965e-19,0.007407407407407401,0.0,1.7434626923745965e-19,100
US Power Grid — San Francisco,seamless,10.0,89,0.6592592592592593,0.007407407407407401,0.0,1.7434626923745965e-19,0.007407407407407401,0.0,1.7434626923745965e-19,100
US Power Grid — San Francisco,seamless,10.0,90,0.6666666666666667,0.007407407407407401,0.0,1.7434626923745965e-19,0.007407407407407401,0.0,1.7434626923745965e-19,100
US Power Grid — San Francisco,seamless,10.0,91,0.674074074074074,0.007407407407407401,0.0,1.7434626923745965e-19,0.007407407407407401,0.0,1.7434626923745965e-19,100
US Power Grid — San Francisco,seamless,10.0,92,0.6814814814814815,0.007407407407407401,0.0,1.7434626923745965e-19,0.007407407407407401,0.0,1.7434626923745965e-19,100
US Power Grid — San Francisco,seamless,10.0,93,0.6888888888888889,0.007407407407407401,0.0,1.7434626923745965e-19,0.007407407407407401,0.0,1.7434626923745965e-19,100
US Power Grid — San Francisco,seamless,10.0,94,0.6962962962962963,0.007407407407407401,0.0,1.7434626923745965e-19,0.007407407407407401,0.0,1.7434626923745965e-19,100
US Power Grid — San Francisco,seamless,10.0,95,0.7037037037037037,0.007407407407407401,0.0,1.7434626923745965e-19,0.007407407407407401,0.0,1.7434626923745965e-19,100
US Power Grid — San Francisco,seamless,10.0,96,0.7111111111111111,0.007407407407407401,0.0,1.7434626923745965e-19,0.007407407407407401,0.0,1.7434626923745965e-19,100
US Power Grid — San Francisco,seamless,10.0,97,0.7185185185185186,0.007407407407407401,0.0,1.7434626923745965e-19,0.007407407407407401,0.0,1.7434626923745965e-19,100
US Power Grid — San Francisco,seamless,10.0,98,0.725925925925926,0.007407407407407401,0.0,1.7434626923745965e-19,0.007407407407407401,0.0,1.7434626923745965e-19,100
US Power Grid — San Francisco,seamless,10.0,99,0.7333333333333334,0.007407407407407401,0.0,1.7434626923745965e-19,0.007407407407407401,0.0,1.7434626923745965e-19,100
US Power Grid — San Francisco,seamless,10.0,100,0.7407407407407408,0.007407407407407401,0.0,1.7434626923745965e-19,0.007407407407407401,0.0,1.7434626923745965e-19,100
US Power Grid — San Francisco,seamless,10.0,101,0.7481481481481482,0.007407407407407401,0.0,1.7434626923745965e-19,0.007407407407407401,0.0,1.7434626923745965e-19,100
US Power Grid — San Francisco,seamless,10.0,102,0.7555555555555555,0.007407407407407401,0.0,1.7434626923745965e-19,0.007407407407407401,0.0,1.7434626923745965e-19,100
US Power Grid — San Francisco,seamless,10.0,103,0.762962962962963,0.007407407407407401,0.0,1.7434626923745965e-19,0.007407407407407401,0.0,1.7434626923745965e-19,100
US Power Grid — San Francisco,seamless,10.0,104,0.7703703703703704,0.007407407407407401,0.0,1.7434626923745965e-19,0.007407407407407401,0.0,1.7434626923745965e-19,100
US Power Grid — San Francisco,seamless,10.0,105,0.7777777777777778,0.007407407407407401,0.0,1.7434626923745965e-19,0.007407407407407401,0.0,1.7434626923745965e-19,100
US Power Grid — San Francisco,seamless,10.0,106,0.7851851851851852,0.007407407407407401,0.0,1.7434626923745965e-19,0.007407407407407401,0.0,1.7434626923745965e-19,100
US Power Grid — San Francisco,seamless,10.0,107,0.7925925925925926,0.007407407407407401,0.0,1.7434626923745965e-19,0.007407407407407401,0.0,1.7434626923745965e-19,100
US Power Grid — San Francisco,seamless,10.0,108,0.8,0.007407407407407401,0.0,1.7434626923745965e-19,0.007407407407407401,0.0,1.7434626923745965e-19,100
US Power Grid — San Francisco,seamless,10.0,109,0.8074074074074075,0.007407407407407401,0.0,1.7434626923745965e-19,0.007407407407407401,0.0,1.7434626923745965e-19,100
US Power Grid — San Francisco,seamless,10.0,110,0.8148148148148149,0.007407407407407401,0.0,1.7434626923745965e-19,0.007407407407407401,0.0,1.7434626923745965e-19,100
US Power Grid — San Francisco,seamless,10.0,111,0.8222222222222223,0.007407407407407401,0.0,1.7434626923745965e-19,0.007407407407407401,0.0,1.7434626923745965e-19,100
US Power Grid — San Francisco,seamless,10.0,112,0.8296296296296297,0.007407407407407401,0.0,1.7434626923745965e-19,0.007407407407407401,0.0,1.7434626923745965e-19,100
US Power Grid — San Francisco,seamless,10.0,113,0.837037037037037,0.007407407407407401,0.0,1.7434626923745965e-19,0.007407407407407401,0.0,1.7434626923745965e-19,100
US Power Grid — San Francisco,seamless,10.0,114,0.8444444444444444,0.007407407407407401,0.0,1.7434626923745965e-19,0.007407407407407401,0.0,1.7434626923745965e-19,100
US Power Grid — San Francisco,seamless,10.0,115,0.8518518518518519,0.007407407407407401,0.0,1.7434626923745965e-19,0.007407407407407401,0.0,1.7434626923745965e-19,100
US Power Grid — San Francisco,seamless,10.0,116,0.8592592592592593,0.007407407407407401,0.0,1.7434626923745965e-19,0.007407407407407401,0.0,1.7434626923745965e-19,100
US Power Grid — San Francisco,seamless,10.0,117,0.8666666666666667,0.007407407407407401,0.0,1.7434626923745965e-19,0.007407407407407401,0.0,1.7434626923745965e-19,100
US Power Grid — San Francisco,seamless,10.0,118,0.8740740740740741,0.007407407407407401,0.0,1.7434626923745965e-19,0.007407407407407401,0.0,1.7434626923745965e-19,100
US Power Grid — San Francisco,seamless,10.0,119,0.8814814814814815,0.007407407407407401,0.0,1.7434626923745965e-19,0.007407407407407401,0.0,1.7434626923745965e-19,100
US Power Grid — San Francisco,seamless,10.0,120,0.888888888888889,0.007407407407407401,0.0,1.7434626923745965e-19,0.007407407407407401,0.0,1.7434626923745965e-19,100
US Power Grid — San Francisco,seamless,10.0,121,0.8962962962962964,0.007407407407407401,0.0,1.7434626923745965e-19,0.007407407407407401,0.0,1.7434626923745965e-19,100
US Power Grid — San Francisco,seamless,10.0,122,0.9037037037037038,0.007407407407407401,0.0,1.7434626923745965e-19,0.007407407407407401,0.0,1.7434626923745965e-19,100
US Power Grid — San Francisco,seamless,10.0,123,0.9111111111111112,0.007407407407407401,0.0,1.7434626923745965e-19,0.007407407407407401,0.0,1.7434626923745965e-19,100
US Power Grid — San Francisco,seamless,10.0,124,0.9185185185185184,0.007407407407407401,0.0,1.7434626923745965e-19,0.007407407407407401,0.0,1.7434626923745965e-19,100
US Power Grid — San Francisco,seamless,10.0,125,0.925925925925926,0.007407407407407401,0.0,1.7434626923745965e-19,0.007407407407407401,0.0,1.7434626923745965e-19,100
US Power Grid — San Francisco,seamless,10.0,126,0.9333333333333332,0.007407407407407401,0.0,1.7434626923745965e-19,0.007407407407407401,0.0,1.7434626923745965e-19,100
US Power Grid — San Francisco,seamless,10.0,127,0.9407407407407408,0.007407407407407401,0.0,1.7434626923745965e-19,0.007407407407407401,0.0,1.7434626923745965e-19,100
US Power Grid — San Francisco,seamless,10.0,128,0.9481481481481482,0.007407407407407401,0.0,1.7434626923745965e-19,0.007407407407407401,0.0,1.7434626923745965e-19,100
US Power Grid — San Francisco,seamless,10.0,129,0.9555555555555556,0.007407407407407401,0.0,1.7434626923745965e-19,0.007407407407407401,0.0,1.7434626923745965e-19,100
US Power Grid — San Francisco,seamless,10.0,130,0.962962962962963,0.007407407407407401,0.0,1.7434626923745965e-19,0.007407407407407401,0.0,1.7434626923745965e-19,100
US Power Grid — San Francisco,seamless,10.0,131,0.9703703703703704,0.007407407407407401,0.0,1.7434626923745965e-19,0.007407407407407401,0.0,1.7434626923745965e-19,100
US Power Grid — San Francisco,seamless,10.0,132,0.977777777777778,0.007407407407407401,0.0,1.7434626923745965e-19,0.007407407407407401,0.0,1.7434626923745965e-19,100
US Power Grid — San Francisco,seamless,10.0,133,0.9851851851851852,0.007407407407407401,0.0,1.7434626923745965e-19,0.007407407407407401,0.0,1.7434626923745965e-19,100
US Power Grid — San Francisco,seamless,10.0,134,0.9925925925925926,0.007407407407407401,0.0,1.7434626923745965e-19,0.0,0.0,0.0,100
US Power Grid — San Francisco,seamless,10.0,135,1.0,0.0,0.0,0.0,0.0,0.0,0.0,100
US Power Grid — San Francisco,seamless,11.0,0,0.0,1.0,0.0,0.0,0.0,0.0,0.0,100
US Power Grid — San Francisco,seamless,11.0,1,0.0074074074074074,0.884962962962963,0.0976619329847308,0.009766193298473082,0.08511111111111105,0.086624704861355,0.008662470486135502,100
US Power Grid — San Francisco,seamless,11.0,2,0.0148148148148148,0.7418518518518519,0.13831318518630398,0.013831318518630398,0.15029629629629626,0.09982759382558153,0.009982759382558153,100
US Power Grid — San Francisco,seamless,11.0,3,0.0222222222222222,0.5544444444444444,0.12628138032562786,0.012628138032562786,0.2213333333333333,0.0761714297537383,0.007617142975373831,100
US Power Grid — San Francisco,seamless,11.0,4,0.0296296296296296,0.41814814814814816,0.11233581190250747,0.011233581190250749,0.21585185185185182,0.05425993916751095,0.005425993916751094,100
US Power Grid — San Francisco,seamless,11.0,5,0.037037037037037,0.3157037037037037,0.08397556901260535,0.008397556901260535,0.2119259259259259,0.0384813052273993,0.0038481305227399303,100
US Power Grid — San Francisco,seamless,11.0,6,0.0444444444444444,0.2714074074074074,0.0696908932832321,0.006969089328323211,0.18466666666666665,0.03924231470512481,0.003924231470512482,100
US Power Grid — San Francisco,seamless,11.0,7,0.0518518518518518,0.2399259259259259,0.05615607598806473,0.005615607598806472,0.16799999999999998,0.03285612601895692,0.003285612601895692,100
US Power Grid — San Francisco,seamless,11.0,8,0.0592592592592592,0.21770370370370368,0.05356990181851646,0.005356990181851646,0.15466666666666662,0.02641104569267131,0.0026411045692671317,100
US Power Grid — San Francisco,seamless,11.0,9,0.0666666666666666,0.19837037037037036,0.04562079585660851,0.004562079585660852,0.14518518518518514,0.02737391913701667,0.0027373919137016656,100
US Power Grid — San Francisco,seamless,11.0,10,0.074074074074074,0.1808148148148148,0.03431194319216275,0.0034311943192162756,0.13488888888888884,0.029409865886165995,0.0029409865886165986,100
US Power Grid — San Francisco,seamless,11.0,11,0.0814814814814814,0.1707407407407407,0.030448377367362802,0.003044837736736281,0.12051851851851847,0.029998729841526003,0.0029998729841526003,100
US Power Grid — San Francisco,seamless,11.0,12,0.0888888888888888,0.1584444444444444,0.02968373287127784,0.002968373287127785,0.10622222222222216,0.027640288246613954,0.0027640288246613956,100
US Power Grid — San Francisco,seamless,11.0,13,0.0962962962962963,0.14511111111111108,0.025705222745511007,0.0025705222745511006,0.09607407407407402,0.02458912618284405,0.002458912618284405,100
US Power Grid — San Francisco,seamless,11.0,14,0.1037037037037037,0.13525925925925922,0.027345964028075403,0.0027345964028075405,0.0823703703703703,0.022091647807615404,0.0022091647807615396,100
US Power Grid — San Francisco,seamless,11.0,15,0.1111111111111111,0.11837037037037032,0.027655523462713612,0.0027655523462713607,0.07592592592592587,0.02037122060600196,0.0020371220606001965,100
US Power Grid — San Francisco,seamless,11.0,16,0.1185185185185185,0.10985185185185181,0.027836799747005956,0.002783679974700595,0.06718518518518513,0.016787977680274548,0.001678797768027454,100
US Power Grid — San Francisco,seamless,11.0,17,0.1259259259259259,0.09888888888888885,0.027942521819629904,0.0027942521819629912,0.06207407407407402,0.014693857128358577,0.0014693857128358575,100
US Power Grid — San Francisco,seamless,11.0,18,0.1333333333333333,0.08740740740740735,0.026986484726618028,0.0026986484726618035,0.05785185185185179,0.011566668038288897,0.0011566668038288897,100
US Power Grid — San Francisco,seamless,11.0,19,0.1407407407407407,0.07681481481481475,0.02291367216205104,0.002291367216205104,0.05392592592592587,0.008687071690728966,0.0008687071690728967,100
US Power Grid — San Francisco,seamless,11.0,20,0.1481481481481481,0.07051851851851847,0.021666067120734975,0.0021666067120734976,0.05140740740740735,0.00786608342567192,0.0007866083425671919,100
US Power Grid — San Francisco,seamless,11.0,21,0.1555555555555555,0.06511111111111106,0.01978938863964761,0.0019789388639647612,0.04829629629629625,0.005519147441922508,0.000551914744192251,100
US Power Grid — San Francisco,seamless,11.0,22,0.1629629629629629,0.05903703703703698,0.018279944710004544,0.0018279944710004545,0.046370370370370326,0.005533188544785231,0.000553318854478523,100
US Power Grid — San Francisco,seamless,11.0,23,0.1703703703703703,0.056222222222222173,0.01586599884090602,0.0015865998840906017,0.044592592592592545,0.004936026425642887,0.0004936026425642887,100
US Power Grid — San Francisco,seamless,11.0,24,0.1777777777777777,0.052148148148148096,0.011814381470837024,0.0011814381470837024,0.042888888888888844,0.004250018440640497,0.00042500184406404966,100
US Power Grid — San Francisco,seamless,11.0,25,0.1851851851851852,0.050370370370370315,0.010528430437314093,0.001052843043731409,0.04185185185185181,0.0042604383605167875,0.00042604383605167865,100
US Power Grid — San Francisco,seamless,11.0,26,0.1925925925925926,0.049407407407407365,0.009879629147527184,0.0009879629147527187,0.04088888888888885,0.004006341013211776,0.00040063410132117766,100
US Power Grid — San Francisco,seamless,11.0,27,0.2,0.04874074074074069,0.009067906773657292,0.0009067906773657291,0.04007407407407403,0.003661563484620072,0.00036615634846200716,100
US Power Grid — San Francisco,seamless,11.0,28,0.2074074074074074,0.04740740740740736,0.0069039535350077135,0.0006903953535007714,0.03955555555555552,0.003526631322737205,0.00035266313227372054,100
US Power Grid — San Francisco,seamless,11.0,29,0.2148148148148148,0.0458518518518518,0.0053368862090436495,0.0005336886209043648,0.038814814814814774,0.0031795162665994602,0.00031795162665994607,100
US Power Grid — San Francisco,seamless,11.0,30,0.2222222222222222,0.04503703703703699,0.004299932669072472,0.0004299932669072474,0.03814814814814811,0.0026582983798713795,0.0002658298379871379,100
US Power Grid — San Francisco,seamless,11.0,31,0.2296296296296296,0.044666666666666625,0.0030614025386859413,0.00030614025386859427,0.03770370370370366,0.00213054437973823,0.000213054437973823,100
US Power Grid — San Francisco,seamless,11.0,32,0.237037037037037,0.04399999999999995,0.0034631975249208254,0.0003463197524920826,0.03755555555555552,0.0018994992590832776,0.00018994992590832773,100
US Power Grid — San Francisco,seamless,11.0,33,0.2444444444444444,0.04355555555555551,0.0036894600783487033,0.0003689460078348702,0.03718518518518515,0.002781578644158862,0.000278157864415886,100
US Power Grid — San Francisco,seamless,11.0,34,0.2518518518518519,0.0424444444444444,0.0036250534227742106,0.000362505342277421,0.03666666666666663,0.00285920071893535,0.00028592007189353496,100
US Power Grid — San Francisco,seamless,11.0,35,0.2592592592592592,0.04177777777777773,0.003871256769887331,0.0003871256769887331,0.03622222222222218,0.003311856655637309,0.00033118566556373076,100
US Power Grid — San Francisco,seamless,11.0,36,0.2666666666666666,0.04044444444444441,0.00399803196656289,0.00039980319665628913,0.03511111111111107,0.004663512375267547,0.0004663512375267547,100
US Power Grid — San Francisco,seamless,11.0,37,0.2740740740740741,0.03962962962962959,0.0037037037037036986,0.0003703703703703699,0.03311111111111108,0.005810224776031672,0.0005810224776031672,100
US Power Grid — San Francisco,seamless,11.0,38,0.2814814814814815,0.038222222222222185,0.004675381858388351,0.0004675381858388351,0.030592592592592564,0.006629985966467923,0.0006629985966467921,100
US Power Grid — San Francisco,seamless,11.0,39,0.2888888888888889,0.036518518518518485,0.006251352543788715,0.0006251352543788716,0.028444444444444415,0.006800420719770689,0.0006800420719770689,100
US Power Grid — San Francisco,seamless,11.0,40,0.2962962962962963,0.035259259259259226,0.006913580246913572,0.0006913580246913573,0.025999999999999975,0.006001667104769213,0.0006001667104769214,100
US Power Grid — San Francisco,seamless,11.0,41,0.3037037037037037,0.031999999999999966,0.0072851869825177155,0.0007285186982517714,0.023999999999999976,0.005276834210519452,0.0005276834210519453,100
US Power Grid — San Francisco,seamless,11.0,42,0.3111111111111111,0.028518518518518488,0.007691881342617473,0.0007691881342617474,0.02207407407407405,0.003644114724773183,0.00036441147247731826,100
US Power Grid — San Francisco,seamless,11.0,43,0.3185185185185185,0.025925925925925897,0.006863696902994676,0.0006863696902994677,0.021037037037037014,0.0034471566905414043,0.00034471566905414043,100
US Power Grid — San Francisco,seamless,11.0,44,0.3259259259259259,0.023999999999999976,0.0055830470810758264,0.0005583047081075827,0.019555555555555534,0.003573467787588306,0.0003573467787588306,100
US Power Grid — San Francisco,seamless,11.0,45,0.3333333333333333,0.022370370370370346,0.004936026425642888,0.0004936026425642887,0.0185185185185185,0.003722362278737819,0.00037223622787378177,100
US Power Grid — San Francisco,seamless,11.0,46,0.3407407407407407,0.02111111111111109,0.004388600403146381,0.0004388600403146382,0.017185185185185168,0.0034727864612011123,0.00034727864612011115,100
US Power Grid — San Francisco,seamless,11.0,47,0.3481481481481481,0.020074074074074053,0.004117545175350316,0.0004117545175350316,0.016518518518518502,0.0031329821087529653,0.0003132982108752965,100
US Power Grid — San Francisco,seamless,11.0,48,0.3555555555555555,0.019333333333333313,0.004197530864197526,0.00041975308641975257,0.015777777777777762,0.0025036864369602277,0.00025036864369602275,100
US Power Grid — San Francisco,seamless,11.0,49,0.362962962962963,0.018666666666666647,0.0042740759543566835,0.0004274075954356684,0.015481481481481464,0.0021305443797382294,0.000213054437973823,100
US Power Grid — San Francisco,seamless,11.0,50,0.3703703703703704,0.01799999999999998,0.004112157478995827,0.00041121574789958275,0.015333333333333317,0.0018994992590832779,0.0001899499259083278,100
US Power Grid — San Francisco,seamless,11.0,51,0.3777777777777777,0.017333333333333315,0.0035266313227372064,0.00035266313227372054,0.01518518518518517,0.0016225401004265935,0.00016225401004265927,100
US Power Grid — San Francisco,seamless,11.0,52,0.3851851851851852,0.01666666666666665,0.0032236602954758813,0.0003223660295475882,0.015111111111111096,0.001458862115310609,0.00014588621153106086,100
US Power Grid — San Francisco,seamless,11.0,53,0.3925925925925926,0.01629629629629628,0.0029778898229902546,0.0002977889822990255,0.015111111111111096,0.001458862115310609,0.00014588621153106086,100
US Power Grid — San Francisco,seamless,11.0,54,0.4,0.01614814814814813,0.0028601697752990273,0.00028601697752990267,0.014888888888888873,0.0007407407407407398,7.407407407407398e-05,100
US Power Grid — San Francisco,seamless,11.0,55,0.4074074074074074,0.01607407407407406,0.0027964827264343444,0.0002796482726434344,0.014814814814814802,0.0,3.486925384749193e-19,100
US Power Grid — San Francisco,seamless,11.0,56,0.4148148148148148,0.01592592592592591,0.0026582983798713795,0.00026582983798713794,0.014814814814814802,0.0,3.486925384749193e-19,100
US Power Grid — San Francisco,seamless,11.0,57,0.4222222222222222,0.015777777777777762,0.0025036864369602286,0.00025036864369602275,0.014814814814814802,0.0,3.486925384749193e-19,100
US Power Grid — San Francisco,seamless,11.0,58,0.4296296296296296,0.015629629629629615,0.0023293780572979247,0.00023293780572979238,0.014814814814814802,0.0,3.486925384749193e-19,100
US Power Grid — San Francisco,seamless,11.0,59,0.437037037037037,0.015259259259259243,0.0017680241227847537,0.0001768024122784754,0.014814814814814802,0.0,3.486925384749193e-19,100
US Power Grid — San Francisco,seamless,11.0,60,0.4444444444444445,0.015111111111111096,0.0014588621153106094,0.00014588621153106086,0.014814814814814802,0.0,3.486925384749193e-19,100
US Power Grid — San Francisco,seamless,11.0,61,0.4518518518518519,0.015111111111111096,0.0014588621153106094,0.00014588621153106086,0.014740740740740726,0.00074074074074074,7.407407407407399e-05,100
US Power Grid — San Francisco,seamless,11.0,62,0.4592592592592592,0.014962962962962947,0.0014814814814814805,0.00014814814814814796,0.014296296296296283,0.0018994992590832776,0.0001899499259083278,100
US Power Grid — San Francisco,seamless,11.0,63,0.4666666666666667,0.014888888888888873,0.0016630254942304325,0.00016630254942304317,0.013333333333333319,0.002977889822990255,0.0002977889822990255,100
US Power Grid — San Francisco,seamless,11.0,64,0.4740740740740741,0.014370370370370356,0.0025399497481150388,0.0002539949748115038,0.011777777777777765,0.003661563484620074,0.00036615634846200726,100
US Power Grid — San Francisco,seamless,11.0,65,0.4814814814814815,0.013703703703703688,0.003046884839618005,0.00030468848396180044,0.010222222222222212,0.003613568379367133,0.0003613568379367133,100
US Power Grid — San Francisco,seamless,11.0,66,0.4888888888888889,0.012518518518518507,0.0036005077089224023,0.00036005077089224023,0.00925925925925925,0.003223660295475882,0.00032236602954758815,100
US Power Grid — San Francisco,seamless,11.0,67,0.4962962962962963,0.011925925925925913,0.0037807181767079623,0.0003780718176707963,0.008074074074074065,0.00213054437973823,0.000213054437973823,100
US Power Grid — San Francisco,seamless,11.0,68,0.5037037037037038,0.010518518518518507,0.003674407138880428,0.0003674407138880427,0.007629629629629622,0.0012699748740575192,0.00012699748740575194,100
US Power Grid — San Francisco,seamless,11.0,69,0.5111111111111112,0.009925925925925916,0.0035266313227372064,0.00035266313227372064,0.007555555555555548,0.0010422614380465893,0.00010422614380465892,100
US Power Grid — San Francisco,seamless,11.0,70,0.5185185185185185,0.009185185185185176,0.003179516266599463,0.0003179516266599462,0.0074814814814814735,0.00074074074074074,7.407407407407398e-05,100
US Power Grid — San Francisco,seamless,11.0,71,0.5259259259259259,0.008666666666666658,0.0027964827264343444,0.00027964827264343443,0.0074814814814814735,0.00074074074074074,7.407407407407398e-05,100
US Power Grid — San Francisco,seamless,11.0,72,0.5333333333333333,0.008222222222222214,0.002329378057297925,0.00023293780572979238,0.007407407407407401,0.0,1.7434626923745965e-19,100
US Power Grid — San Francisco,seamless,11.0,73,0.5407407407407407,0.008074074074074065,0.0021305443797382303,0.00021305443797382302,0.007407407407407401,0.0,1.7434626923745965e-19,100
US Power Grid — San Francisco,seamless,11.0,74,0.5481481481481482,0.007703703703703696,0.001458862115310609,0.0001458862115310609,0.007407407407407401,0.0,1.7434626923745965e-19,100
US Power Grid — San Francisco,seamless,11.0,75,0.5555555555555556,0.007629629629629622,0.0012699748740575194,0.0001269974874057519,0.007407407407407401,0.0,1.7434626923745965e-19,100
US Power Grid — San Francisco,seamless,11.0,76,0.562962962962963,0.007629629629629622,0.0012699748740575194,0.0001269974874057519,0.007407407407407401,0.0,1.7434626923745965e-19,100
US Power Grid — San Francisco,seamless,11.0,77,0.5703703703703704,0.007629629629629622,0.0012699748740575194,0.0001269974874057519,0.007407407407407401,0.0,1.7434626923745965e-19,100
US Power Grid — San Francisco,seamless,11.0,78,0.5777777777777778,0.007629629629629622,0.0012699748740575194,0.0001269974874057519,0.007407407407407401,0.0,1.7434626923745965e-19,100
US Power Grid — San Francisco,seamless,11.0,79,0.5851851851851853,0.007555555555555548,0.0010422614380465893,0.00010422614380465892,0.007407407407407401,0.0,1.7434626923745965e-19,100
US Power Grid — San Francisco,seamless,11.0,80,0.5925925925925926,0.007555555555555548,0.0010422614380465893,0.00010422614380465892,0.007407407407407401,0.0,1.7434626923745965e-19,100
US Power Grid — San Francisco,seamless,11.0,81,0.6,0.007555555555555548,0.0010422614380465893,0.00010422614380465892,0.007407407407407401,0.0,1.7434626923745965e-19,100
US Power Grid — San Francisco,seamless,11.0,82,0.6074074074074074,0.0074814814814814735,0.0007407407407407402,7.407407407407398e-05,0.007407407407407401,0.0,1.7434626923745965e-19,100
US Power Grid — San Francisco,seamless,11.0,83,0.6148148148148148,0.007407407407407401,0.0,1.7434626923745965e-19,0.007407407407407401,0.0,1.7434626923745965e-19,100
US Power Grid — San Francisco,seamless,11.0,84,0.6222222222222222,0.007407407407407401,0.0,1.7434626923745965e-19,0.007407407407407401,0.0,1.7434626923745965e-19,100
US Power Grid — San Francisco,seamless,11.0,85,0.6296296296296297,0.007407407407407401,0.0,1.7434626923745965e-19,0.007407407407407401,0.0,1.7434626923745965e-19,100
US Power Grid — San Francisco,seamless,11.0,86,0.6370370370370371,0.007407407407407401,0.0,1.7434626923745965e-19,0.007407407407407401,0.0,1.7434626923745965e-19,100
US Power Grid — San Francisco,seamless,11.0,87,0.6444444444444445,0.007407407407407401,0.0,1.7434626923745965e-19,0.007407407407407401,0.0,1.7434626923745965e-19,100
US Power Grid — San Francisco,seamless,11.0,88,0.6518518518518519,0.007407407407407401,0.0,1.7434626923745965e-19,0.007407407407407401,0.0,1.7434626923745965e-19,100
US Power Grid — San Francisco,seamless,11.0,89,0.6592592592592593,0.007407407407407401,0.0,1.7434626923745965e-19,0.007407407407407401,0.0,1.7434626923745965e-19,100
US Power Grid — San Francisco,seamless,11.0,90,0.6666666666666667,0.007407407407407401,0.0,1.7434626923745965e-19,0.007407407407407401,0.0,1.7434626923745965e-19,100
US Power Grid — San Francisco,seamless,11.0,91,0.674074074074074,0.007407407407407401,0.0,1.7434626923745965e-19,0.007407407407407401,0.0,1.7434626923745965e-19,100
US Power Grid — San Francisco,seamless,11.0,92,0.6814814814814815,0.007407407407407401,0.0,1.7434626923745965e-19,0.007407407407407401,0.0,1.7434626923745965e-19,100
US Power Grid — San Francisco,seamless,11.0,93,0.6888888888888889,0.007407407407407401,0.0,1.7434626923745965e-19,0.007407407407407401,0.0,1.7434626923745965e-19,100
US Power Grid — San Francisco,seamless,11.0,94,0.6962962962962963,0.007407407407407401,0.0,1.7434626923745965e-19,0.007407407407407401,0.0,1.7434626923745965e-19,100
US Power Grid — San Francisco,seamless,11.0,95,0.7037037037037037,0.007407407407407401,0.0,1.7434626923745965e-19,0.007407407407407401,0.0,1.7434626923745965e-19,100
US Power Grid — San Francisco,seamless,11.0,96,0.7111111111111111,0.007407407407407401,0.0,1.7434626923745965e-19,0.007407407407407401,0.0,1.7434626923745965e-19,100
US Power Grid — San Francisco,seamless,11.0,97,0.7185185185185186,0.007407407407407401,0.0,1.7434626923745965e-19,0.007407407407407401,0.0,1.7434626923745965e-19,100
US Power Grid — San Francisco,seamless,11.0,98,0.725925925925926,0.007407407407407401,0.0,1.7434626923745965e-19,0.007407407407407401,0.0,1.7434626923745965e-19,100
US Power Grid — San Francisco,seamless,11.0,99,0.7333333333333334,0.007407407407407401,0.0,1.7434626923745965e-19,0.007407407407407401,0.0,1.7434626923745965e-19,100
US Power Grid — San Francisco,seamless,11.0,100,0.7407407407407408,0.007407407407407401,0.0,1.7434626923745965e-19,0.007407407407407401,0.0,1.7434626923745965e-19,100
US Power Grid — San Francisco,seamless,11.0,101,0.7481481481481482,0.007407407407407401,0.0,1.7434626923745965e-19,0.007407407407407401,0.0,1.7434626923745965e-19,100
US Power Grid — San Francisco,seamless,11.0,102,0.7555555555555555,0.007407407407407401,0.0,1.7434626923745965e-19,0.007407407407407401,0.0,1.7434626923745965e-19,100
US Power Grid — San Francisco,seamless,11.0,103,0.762962962962963,0.007407407407407401,0.0,1.7434626923745965e-19,0.007407407407407401,0.0,1.7434626923745965e-19,100
US Power Grid — San Francisco,seamless,11.0,104,0.7703703703703704,0.007407407407407401,0.0,1.7434626923745965e-19,0.007407407407407401,0.0,1.7434626923745965e-19,100
US Power Grid — San Francisco,seamless,11.0,105,0.7777777777777778,0.007407407407407401,0.0,1.7434626923745965e-19,0.007407407407407401,0.0,1.7434626923745965e-19,100
US Power Grid — San Francisco,seamless,11.0,106,0.7851851851851852,0.007407407407407401,0.0,1.7434626923745965e-19,0.007407407407407401,0.0,1.7434626923745965e-19,100
US Power Grid — San Francisco,seamless,11.0,107,0.7925925925925926,0.007407407407407401,0.0,1.7434626923745965e-19,0.007407407407407401,0.0,1.7434626923745965e-19,100
US Power Grid — San Francisco,seamless,11.0,108,0.8,0.007407407407407401,0.0,1.7434626923745965e-19,0.007407407407407401,0.0,1.7434626923745965e-19,100
US Power Grid — San Francisco,seamless,11.0,109,0.8074074074074075,0.007407407407407401,0.0,1.7434626923745965e-19,0.007407407407407401,0.0,1.7434626923745965e-19,100
US Power Grid — San Francisco,seamless,11.0,110,0.8148148148148149,0.007407407407407401,0.0,1.7434626923745965e-19,0.007407407407407401,0.0,1.7434626923745965e-19,100
US Power Grid — San Francisco,seamless,11.0,111,0.8222222222222223,0.007407407407407401,0.0,1.7434626923745965e-19,0.007407407407407401,0.0,1.7434626923745965e-19,100
US Power Grid — San Francisco,seamless,11.0,112,0.8296296296296297,0.007407407407407401,0.0,1.7434626923745965e-19,0.007407407407407401,0.0,1.7434626923745965e-19,100
US Power Grid — San Francisco,seamless,11.0,113,0.837037037037037,0.007407407407407401,0.0,1.7434626923745965e-19,0.007407407407407401,0.0,1.7434626923745965e-19,100
US Power Grid — San Francisco,seamless,11.0,114,0.8444444444444444,0.007407407407407401,0.0,1.7434626923745965e-19,0.007407407407407401,0.0,1.7434626923745965e-19,100
US Power Grid — San Francisco,seamless,11.0,115,0.8518518518518519,0.007407407407407401,0.0,1.7434626923745965e-19,0.007407407407407401,0.0,1.7434626923745965e-19,100
US Power Grid — San Francisco,seamless,11.0,116,0.8592592592592593,0.007407407407407401,0.0,1.7434626923745965e-19,0.007407407407407401,0.0,1.7434626923745965e-19,100
US Power Grid — San Francisco,seamless,11.0,117,0.8666666666666667,0.007407407407407401,0.0,1.7434626923745965e-19,0.007407407407407401,0.0,1.7434626923745965e-19,100
US Power Grid — San Francisco,seamless,11.0,118,0.8740740740740741,0.007407407407407401,0.0,1.7434626923745965e-19,0.007407407407407401,0.0,1.7434626923745965e-19,100
US Power Grid — San Francisco,seamless,11.0,119,0.8814814814814815,0.007407407407407401,0.0,1.7434626923745965e-19,0.007407407407407401,0.0,1.7434626923745965e-19,100
US Power Grid — San Francisco,seamless,11.0,120,0.888888888888889,0.007407407407407401,0.0,1.7434626923745965e-19,0.007407407407407401,0.0,1.7434626923745965e-19,100
US Power Grid — San Francisco,seamless,11.0,121,0.8962962962962964,0.007407407407407401,0.0,1.7434626923745965e-19,0.007407407407407401,0.0,1.7434626923745965e-19,100
US Power Grid — San Francisco,seamless,11.0,122,0.9037037037037038,0.007407407407407401,0.0,1.7434626923745965e-19,0.007407407407407401,0.0,1.7434626923745965e-19,100
US Power Grid — San Francisco,seamless,11.0,123,0.9111111111111112,0.007407407407407401,0.0,1.7434626923745965e-19,0.007407407407407401,0.0,1.7434626923745965e-19,100
US Power Grid — San Francisco,seamless,11.0,124,0.9185185185185184,0.007407407407407401,0.0,1.7434626923745965e-19,0.007407407407407401,0.0,1.7434626923745965e-19,100
US Power Grid — San Francisco,seamless,11.0,125,0.925925925925926,0.007407407407407401,0.0,1.7434626923745965e-19,0.007407407407407401,0.0,1.7434626923745965e-19,100
US Power Grid — San Francisco,seamless,11.0,126,0.9333333333333332,0.007407407407407401,0.0,1.7434626923745965e-19,0.007407407407407401,0.0,1.7434626923745965e-19,100
US Power Grid — San Francisco,seamless,11.0,127,0.9407407407407408,0.007407407407407401,0.0,1.7434626923745965e-19,0.007407407407407401,0.0,1.7434626923745965e-19,100
US Power Grid — San Francisco,seamless,11.0,128,0.9481481481481482,0.007407407407407401,0.0,1.7434626923745965e-19,0.007407407407407401,0.0,1.7434626923745965e-19,100
US Power Grid — San Francisco,seamless,11.0,129,0.9555555555555556,0.007407407407407401,0.0,1.7434626923745965e-19,0.007407407407407401,0.0,1.7434626923745965e-19,100
US Power Grid — San Francisco,seamless,11.0,130,0.962962962962963,0.007407407407407401,0.0,1.7434626923745965e-19,0.007407407407407401,0.0,1.7434626923745965e-19,100
US Power Grid — San Francisco,seamless,11.0,131,0.9703703703703704,0.007407407407407401,0.0,1.7434626923745965e-19,0.007407407407407401,0.0,1.7434626923745965e-19,100
US Power Grid — San Francisco,seamless,11.0,132,0.977777777777778,0.007407407407407401,0.0,1.7434626923745965e-19,0.007407407407407401,0.0,1.7434626923745965e-19,100
US Power Grid — San Francisco,seamless,11.0,133,0.9851851851851852,0.007407407407407401,0.0,1.7434626923745965e-19,0.007407407407407401,0.0,1.7434626923745965e-19,100
US Power Grid — San Francisco,seamless,11.0,134,0.9925925925925926,0.007407407407407401,0.0,1.7434626923745965e-19,0.0,0.0,0.0,100
US Power Grid — San Francisco,seamless,11.0,135,1.0,0.0,0.0,0.0,0.0,0.0,0.0,100
US Power Grid — San Francisco,seamless,12.0,0,0.0,1.0,0.0,0.0,0.0,0.0,0.0,100
US Power Grid — San Francisco,seamless,12.0,1,0.0074074074074074,0.8948148148148146,0.08132829187149758,0.008132829187149757,0.07807407407407402,0.07301464610578731,0.007301464610578729,100
US Power Grid — San Francisco,seamless,12.0,2,0.0148148148148148,0.742962962962963,0.13393678134049483,0.01339367813404948,0.15051851851851847,0.09762461220585048,0.009762461220585049,100
US Power Grid — San Francisco,seamless,12.0,3,0.0222222222222222,0.56,0.11772555529533273,0.01177255552953327,0.21785185185185182,0.08128804028479347,0.008128804028479346,100
US Power Grid — San Francisco,seamless,12.0,4,0.0296296296296296,0.4162222222222222,0.12333864155774293,0.012333864155774293,0.20511111111111105,0.062213091450554085,0.006221309145055408,100
US Power Grid — San Francisco,seamless,12.0,5,0.037037037037037,0.32422222222222224,0.09421536443854572,0.009421536443854572,0.20074074074074072,0.05018981304838811,0.005018981304838811,100
US Power Grid — San Francisco,seamless,12.0,6,0.0444444444444444,0.2793333333333333,0.07430786152082566,0.007430786152082566,0.17762962962962958,0.04948339904571099,0.004948339904571098,100
US Power Grid — San Francisco,seamless,12.0,7,0.0518518518518518,0.2416296296296296,0.055619417092568395,0.00556194170925684,0.1634074074074074,0.040528577244085096,0.004052857724408511,100
US Power Grid — San Francisco,seamless,12.0,8,0.0592592592592592,0.22044444444444442,0.046457944506008056,0.004645794450600806,0.1533333333333333,0.03341843897153369,0.0033418438971533687,100
US Power Grid — San Francisco,seamless,12.0,9,0.0666666666666666,0.2005185185185185,0.03890187373408187,0.0038901873734081853,0.14281481481481476,0.027557148500353006,0.0027557148500353,100
US Power Grid — San Francisco,seamless,12.0,10,0.074074074074074,0.1847407407407407,0.033240841042067024,0.0033240841042067016,0.13340740740740736,0.027845558904137525,0.0027845558904137533,100
US Power Grid — San Francisco,seamless,12.0,11,0.0814814814814814,0.17325925925925922,0.030603070449058897,0.0030603070449058897,0.12037037037037032,0.028453558054900047,0.0028453558054900045,100
US Power Grid — San Francisco,seamless,12.0,12,0.0888888888888888,0.1615555555555555,0.025129557191947687,0.0025129557191947683,0.1095555555555555,0.028177962826636677,0.002817796282663668,100
US Power Grid — San Francisco,seamless,12.0,13,0.0962962962962963,0.14940740740740735,0.030131459259766104,0.00301314592597661,0.09570370370370364,0.024840849367819755,0.0024840849367819768,100
US Power Grid — San Francisco,seamless,12.0,14,0.1037037037037037,0.13540740740740737,0.028232688529636184,0.002823268852963618,0.08518518518518514,0.022420860560908373,0.0022420860560908376,100
US Power Grid — San Francisco,seamless,12.0,15,0.1111111111111111,0.12177777777777773,0.02717722166234998,0.002717722166234998,0.07748148148148143,0.02048097713510506,0.0020480977135105063,100
US Power Grid — San Francisco,seamless,12.0,16,0.1185185185185185,0.11155555555555552,0.02677659513506525,0.002677659513506524,0.06748148148148142,0.015893920284165836,0.0015893920284165831,100
US Power Grid — San Francisco,seamless,12.0,17,0.1259259259259259,0.10118518518518516,0.028605960561006387,0.0028605960561006384,0.06081481481481475,0.01349509062608917,0.0013495090626089172,100
US Power Grid — San Francisco,seamless,12.0,18,0.1333333333333333,0.08962962962962959,0.024792162355062788,0.0024792162355062788,0.05592592592592587,0.009140654518854015,0.0009140654518854016,100
US Power Grid — San Francisco,seamless,12.0,19,0.1407407407407407,0.07881481481481477,0.02244606059726127,0.0022446060597261274,0.05370370370370365,0.007905091651151656,0.0007905091651151657,100
US Power Grid — San Francisco,seamless,12.0,20,0.1481481481481481,0.07044444444444439,0.019284423400266756,0.0019284423400266755,0.051925925925925875,0.007407033286474438,0.0007407033286474441,100
US Power Grid — San Francisco,seamless,12.0,21,0.1555555555555555,0.06377777777777772,0.017005778184653233,0.0017005778184653233,0.04918518518518513,0.006449039647265727,0.000644903964726573,100
US Power Grid — San Francisco,seamless,12.0,22,0.1629629629629629,0.05977777777777773,0.015193623160907013,0.0015193623160907007,0.046740740740740694,0.0055406959272051295,0.000554069592720513,100
US Power Grid — San Francisco,seamless,12.0,23,0.1703703703703703,0.0558518518518518,0.012783266278429394,0.0012783266278429393,0.04496296296296291,0.004853937574841999,0.0004853937574841998,100
US Power Grid — San Francisco,seamless,12.0,24,0.1777777777777777,0.05274074074074069,0.011642368654634973,0.001164236865463497,0.043481481481481433,0.004423820461029357,0.0004423820461029357,100
US Power Grid — San Francisco,seamless,12.0,25,0.1851851851851852,0.05029629629629625,0.010004502180322223,0.001000450218032222,0.04222222222222218,0.004404358444522685,0.00044043584445226856,100
US Power Grid — San Francisco,seamless,12.0,26,0.1925925925925926,0.049333333333333285,0.009546680061288225,0.0009546680061288225,0.04125925925925921,0.004244798888851499,0.00042447988888515,100
US Power Grid — San Francisco,seamless,12.0,27,0.2,0.04792592592592587,0.007019787076135781,0.0007019787076135782,0.04059259259259255,0.004142372121004624,0.0004142372121004628,100
US Power Grid — San Francisco,seamless,12.0,28,0.2074074074074074,0.04622222222222217,0.004227135319895248,0.00042271353198952493,0.039481481481481444,0.0035006041675945208,0.000350060416759452,100
US Power Grid — San Francisco,seamless,12.0,29,0.2148148148148148,0.04555555555555551,0.004128299474242315,0.0004128299474242313,0.03896296296296292,0.003265511127976352,0.0003265511127976351,100
US Power Grid — San Francisco,seamless,12.0,30,0.2222222222222222,0.04496296296296291,0.003685702607083279,0.0003685702607083279,0.03829629629629626,0.0029881087854994963,0.00029881087854994963,100
US Power Grid — San Francisco,seamless,12.0,31,0.2296296296296296,0.044444444444444405,0.0037960795791891692,0.0003796079579189169,0.03770370370370366,0.002804399183111242,0.00028043991831112425,100
US Power Grid — San Francisco,seamless,12.0,32,0.237037037037037,0.04392592592592588,0.0036857026070832768,0.0003685702607083278,0.037333333333333295,0.0025616776866778167,0.0002561677686677816,100
US Power Grid — San Francisco,seamless,12.0,33,0.2444444444444444,0.04340740740740737,0.0034950583387927097,0.00034950583387927087,0.03696296296296293,0.0024680132128214434,0.0002468013212821443,100
US Power Grid — San Francisco,seamless,12.0,34,0.2518518518518519,0.04259259259259255,0.003223660295475881,0.00032236602954758815,0.03622222222222218,0.00314005032328393,0.00031400503232839307,100
US Power Grid — San Francisco,seamless,12.0,35,0.2592592592592592,0.04177777777777773,0.0037253389783568507,0.0003725338978356851,0.03548148148148145,0.0038389088712267494,0.0003838908871226749,100
US Power Grid — San Francisco,seamless,12.0,36,0.2666666666666666,0.04081481481481477,0.004403729205510325,0.0004403729205510326,0.034370370370370336,0.005106017403587132,0.000510601740358713,100
US Power Grid — San Francisco,seamless,12.0,37,0.2740740740740741,0.03955555555555552,0.00539113212669801,0.0005391132126698012,0.031555555555555524,0.0065428922270057525,0.0006542892227005752,100
US Power Grid — San Francisco,seamless,12.0,38,0.2814814814814815,0.03785185185185181,0.006481187530077369,0.0006481187530077369,0.029333333333333305,0.00681670137682686,0.000681670137682686,100
US Power Grid — San Francisco,seamless,12.0,39,0.2888888888888889,0.03659259259259255,0.006889488245733023,0.0006889488245733021,0.027259259259259233,0.0064799046769925105,0.000647990467699251,100
US Power Grid — San Francisco,seamless,12.0,40,0.2962962962962963,0.03422222222222219,0.008002992332253503,0.0008002992332253501,0.025333333333333305,0.005878976002859187,0.0005878976002859186,100
US Power Grid — San Francisco,seamless,12.0,41,0.3037037037037037,0.0316296296296296,0.008347060232763477,0.0008347060232763477,0.02355555555555553,0.004980737722922011,0.000498073772292201,100
US Power Grid — San Francisco,seamless,12.0,42,0.3111111111111111,0.028962962962962933,0.007885435944840478,0.0007885435944840477,0.022148148148148125,0.0034107889985059616,0.00034107889985059625,100
US Power Grid — San Francisco,seamless,12.0,43,0.3185185185185185,0.026148148148148122,0.0070197870761357795,0.000701978707613578,0.020814814814814793,0.002920572180767868,0.00029205721807678674,100
US Power Grid — San Francisco,seamless,12.0,44,0.3259259259259259,0.023925925925925903,0.005752705873167176,0.0005752705873167177,0.019185185185185166,0.0036615634846200733,0.00036615634846200726,100
US Power Grid — San Francisco,seamless,12.0,45,0.3333333333333333,0.022444444444444423,0.004522938232079771,0.0004522938232079772,0.01777777777777776,0.0036471552882765216,0.0003647155288276522,100
US Power Grid — San Francisco,seamless,12.0,46,0.3407407407407407,0.021925925925925904,0.004815534206235822,0.0004815534206235821,0.016370370370370355,0.00303229763511357,0.00030322976351135697,100
US Power Grid — San Francisco,seamless,12.0,47,0.3481481481481481,0.020592592592592572,0.004538229837783736,0.00045382298377837343,0.015999999999999983,0.0027292811050182975,0.0002729281105018298,100
US Power Grid — San Francisco,seamless,12.0,48,0.3555555555555555,0.019777777777777755,0.004473653860248404,0.00044736538602484037,0.015259259259259243,0.0017680241227847537,0.0001768024122784754,100
US Power Grid — San Francisco,seamless,12.0,49,0.362962962962963,0.018888888888888872,0.004513124413666237,0.0004513124413666235,0.015111111111111096,0.0014588621153106085,0.00014588621153106086,100
US Power Grid — San Francisco,seamless,12.0,50,0.3703703703703704,0.017925925925925908,0.004102036475515095,0.0004102036475515094,0.014962962962962947,0.0010422614380465893,0.00010422614380465892,100
US Power Grid — San Francisco,seamless,12.0,51,0.3777777777777777,0.01725925925925924,0.0035006041675945208,0.0003500604167594521,0.014962962962962947,0.0010422614380465893,0.00010422614380465892,100
US Power Grid — San Francisco,seamless,12.0,52,0.3851851851851852,0.016814814814814796,0.0033051558765812825,0.00033051558765812824,0.014888888888888873,0.0007407407407407398,7.407407407407398e-05,100
US Power Grid — San Francisco,seamless,12.0,53,0.3925925925925926,0.01666666666666665,0.0032236602954758818,0.00032236602954758815,0.014814814814814802,0.0,3.486925384749193e-19,100
US Power Grid — San Francisco,seamless,12.0,54,0.4,0.016370370370370355,0.00303229763511357,0.000303229763511357,0.014814814814814802,0.0,3.486925384749193e-19,100
US Power Grid — San Francisco,seamless,12.0,55,0.4074074074074074,0.015999999999999983,0.002729281105018298,0.0002729281105018298,0.014814814814814802,0.0,3.486925384749193e-19,100
US Power Grid — San Francisco,seamless,12.0,56,0.4148148148148148,0.015999999999999983,0.002729281105018298,0.0002729281105018298,0.014814814814814802,0.0,3.486925384749193e-19,100
US Power Grid — San Francisco,seamless,12.0,57,0.4222222222222222,0.01570370370370369,0.0024192491286747406,0.0002419249128674741,0.014814814814814802,0.0,3.486925384749193e-19,100
US Power Grid — San Francisco,seamless,12.0,58,0.4296296296296296,0.015407407407407392,0.0020197031432910395,0.000201970314329104,0.014814814814814802,0.0,3.486925384749193e-19,100
US Power Grid — San Francisco,seamless,12.0,59,0.437037037037037,0.015259259259259243,0.001768024122784753,0.0001768024122784754,0.014814814814814802,0.0,3.486925384749193e-19,100
US Power Grid — San Francisco,seamless,12.0,60,0.4444444444444445,0.01518518518518517,0.0016225401004265928,0.0001622540100426593,0.014814814814814802,0.0,3.486925384749193e-19,100
US Power Grid — San Francisco,seamless,12.0,61,0.4518518518518519,0.015111111111111096,0.0014588621153106087,0.00014588621153106086,0.014740740740740726,0.0007407407407407409,7.407407407407398e-05,100
US Power Grid — San Francisco,seamless,12.0,62,0.4592592592592592,0.014962962962962947,0.0010422614380465893,0.00010422614380465892,0.014444444444444432,0.001622540100426593,0.0001622540100426593,100
US Power Grid — San Francisco,seamless,12.0,63,0.4666666666666667,0.014814814814814802,0.0010528430437314084,0.00010528430437314084,0.013555555555555541,0.0027964827264343444,0.00027964827264343443,100
US Power Grid — San Francisco,seamless,12.0,64,0.4740740740740741,0.014666666666666653,0.00148148148148148,0.000148148148148148,0.012296296296296283,0.0035266313227372073,0.0003526631322737206,100
US Power Grid — San Francisco,seamless,12.0,65,0.4814814814814815,0.014074074074074058,0.002469135802469133,0.0002469135802469133,0.011481481481481471,0.0037037037037036995,0.00037037037037036997,100
US Power Grid — San Francisco,seamless,12.0,66,0.4888888888888889,0.013259259259259247,0.00303229763511357,0.000303229763511357,0.00985185185185184,0.003500604167594521,0.0003500604167594521,100
US Power Grid — San Francisco,seamless,12.0,67,0.4962962962962963,0.01185185185185184,0.0036471552882765225,0.0003647155288276522,0.008814814814814805,0.002920572180767868,0.0002920572180767868,100
US Power Grid — San Francisco,seamless,12.0,68,0.5037037037037038,0.010518518518518507,0.0036744071388804273,0.0003674407138880427,0.008370370370370361,0.0025036864369602277,0.00025036864369602275,100
US Power Grid — San Francisco,seamless,12.0,69,0.5111111111111112,0.009703703703703694,0.003443134805272084,0.00034431348052720836,0.007925925925925918,0.001899499259083278,0.0001899499259083278,100
US Power Grid — San Francisco,seamless,12.0,70,0.5185185185185185,0.009037037037037027,0.003083949628838712,0.00030839496288387124,0.007703703703703696,0.0014588621153106087,0.00014588621153106086,100
US Power Grid — San Francisco,seamless,12.0,71,0.5259259259259259,0.00851851851851851,0.0026582983798713795,0.00026582983798713805,0.007555555555555548,0.0010422614380465893,0.00010422614380465892,100
US Power Grid — San Francisco,seamless,12.0,72,0.5333333333333333,0.008296296296296288,0.002419249128674741,0.0002419249128674741,0.0074814814814814735,0.00074074074074074,7.407407407407398e-05,100
US Power Grid — San Francisco,seamless,12.0,73,0.5407407407407407,0.007851851851851844,0.001768024122784754,0.0001768024122784754,0.007407407407407401,0.0,1.7434626923745965e-19,100
US Power Grid — San Francisco,seamless,12.0,74,0.5481481481481482,0.007407407407407401,0.0,1.7434626923745965e-19,0.007407407407407401,0.0,1.7434626923745965e-19,100
US Power Grid — San Francisco,seamless,12.0,75,0.5555555555555556,0.007407407407407401,0.0,1.7434626923745965e-19,0.007407407407407401,0.0,1.7434626923745965e-19,100
US Power Grid — San Francisco,seamless,12.0,76,0.562962962962963,0.007407407407407401,0.0,1.7434626923745965e-19,0.007407407407407401,0.0,1.7434626923745965e-19,100
US Power Grid — San Francisco,seamless,12.0,77,0.5703703703703704,0.007407407407407401,0.0,1.7434626923745965e-19,0.007407407407407401,0.0,1.7434626923745965e-19,100
US Power Grid — San Francisco,seamless,12.0,78,0.5777777777777778,0.007407407407407401,0.0,1.7434626923745965e-19,0.007407407407407401,0.0,1.7434626923745965e-19,100
US Power Grid — San Francisco,seamless,12.0,79,0.5851851851851853,0.007407407407407401,0.0,1.7434626923745965e-19,0.007407407407407401,0.0,1.7434626923745965e-19,100
US Power Grid — San Francisco,seamless,12.0,80,0.5925925925925926,0.007407407407407401,0.0,1.7434626923745965e-19,0.007407407407407401,0.0,1.7434626923745965e-19,100
US Power Grid — San Francisco,seamless,12.0,81,0.6,0.007407407407407401,0.0,1.7434626923745965e-19,0.007407407407407401,0.0,1.7434626923745965e-19,100
US Power Grid — San Francisco,seamless,12.0,82,0.6074074074074074,0.007407407407407401,0.0,1.7434626923745965e-19,0.007407407407407401,0.0,1.7434626923745965e-19,100
US Power Grid — San Francisco,seamless,12.0,83,0.6148148148148148,0.007407407407407401,0.0,1.7434626923745965e-19,0.007407407407407401,0.0,1.7434626923745965e-19,100
US Power Grid — San Francisco,seamless,12.0,84,0.6222222222222222,0.007407407407407401,0.0,1.7434626923745965e-19,0.007407407407407401,0.0,1.7434626923745965e-19,100
US Power Grid — San Francisco,seamless,12.0,85,0.6296296296296297,0.007407407407407401,0.0,1.7434626923745965e-19,0.007407407407407401,0.0,1.7434626923745965e-19,100
US Power Grid — San Francisco,seamless,12.0,86,0.6370370370370371,0.007407407407407401,0.0,1.7434626923745965e-19,0.007407407407407401,0.0,1.7434626923745965e-19,100
US Power Grid — San Francisco,seamless,12.0,87,0.6444444444444445,0.007407407407407401,0.0,1.7434626923745965e-19,0.007407407407407401,0.0,1.7434626923745965e-19,100
US Power Grid — San Francisco,seamless,12.0,88,0.6518518518518519,0.007407407407407401,0.0,1.7434626923745965e-19,0.007407407407407401,0.0,1.7434626923745965e-19,100
US Power Grid — San Francisco,seamless,12.0,89,0.6592592592592593,0.007407407407407401,0.0,1.7434626923745965e-19,0.007407407407407401,0.0,1.7434626923745965e-19,100
US Power Grid — San Francisco,seamless,12.0,90,0.6666666666666667,0.007407407407407401,0.0,1.7434626923745965e-19,0.007407407407407401,0.0,1.7434626923745965e-19,100
US Power Grid — San Francisco,seamless,12.0,91,0.674074074074074,0.007407407407407401,0.0,1.7434626923745965e-19,0.007407407407407401,0.0,1.7434626923745965e-19,100
US Power Grid — San Francisco,seamless,12.0,92,0.6814814814814815,0.007407407407407401,0.0,1.7434626923745965e-19,0.007407407407407401,0.0,1.7434626923745965e-19,100
US Power Grid — San Francisco,seamless,12.0,93,0.6888888888888889,0.007407407407407401,0.0,1.7434626923745965e-19,0.007407407407407401,0.0,1.7434626923745965e-19,100
US Power Grid — San Francisco,seamless,12.0,94,0.6962962962962963,0.007407407407407401,0.0,1.7434626923745965e-19,0.007407407407407401,0.0,1.7434626923745965e-19,100
US Power Grid — San Francisco,seamless,12.0,95,0.7037037037037037,0.007407407407407401,0.0,1.7434626923745965e-19,0.007407407407407401,0.0,1.7434626923745965e-19,100
US Power Grid — San Francisco,seamless,12.0,96,0.7111111111111111,0.007407407407407401,0.0,1.7434626923745965e-19,0.007407407407407401,0.0,1.7434626923745965e-19,100
US Power Grid — San Francisco,seamless,12.0,97,0.7185185185185186,0.007407407407407401,0.0,1.7434626923745965e-19,0.007407407407407401,0.0,1.7434626923745965e-19,100
US Power Grid — San Francisco,seamless,12.0,98,0.725925925925926,0.007407407407407401,0.0,1.7434626923745965e-19,0.007407407407407401,0.0,1.7434626923745965e-19,100
US Power Grid — San Francisco,seamless,12.0,99,0.7333333333333334,0.007407407407407401,0.0,1.7434626923745965e-19,0.007407407407407401,0.0,1.7434626923745965e-19,100
US Power Grid — San Francisco,seamless,12.0,100,0.7407407407407408,0.007407407407407401,0.0,1.7434626923745965e-19,0.007407407407407401,0.0,1.7434626923745965e-19,100
US Power Grid — San Francisco,seamless,12.0,101,0.7481481481481482,0.007407407407407401,0.0,1.7434626923745965e-19,0.007407407407407401,0.0,1.7434626923745965e-19,100
US Power Grid — San Francisco,seamless,12.0,102,0.7555555555555555,0.007407407407407401,0.0,1.7434626923745965e-19,0.007407407407407401,0.0,1.7434626923745965e-19,100
US Power Grid — San Francisco,seamless,12.0,103,0.762962962962963,0.007407407407407401,0.0,1.7434626923745965e-19,0.007407407407407401,0.0,1.7434626923745965e-19,100
US Power Grid — San Francisco,seamless,12.0,104,0.7703703703703704,0.007407407407407401,0.0,1.7434626923745965e-19,0.007407407407407401,0.0,1.7434626923745965e-19,100
US Power Grid — San Francisco,seamless,12.0,105,0.7777777777777778,0.007407407407407401,0.0,1.7434626923745965e-19,0.007407407407407401,0.0,1.7434626923745965e-19,100
US Power Grid — San Francisco,seamless,12.0,106,0.7851851851851852,0.007407407407407401,0.0,1.7434626923745965e-19,0.007407407407407401,0.0,1.7434626923745965e-19,100
US Power Grid — San Francisco,seamless,12.0,107,0.7925925925925926,0.007407407407407401,0.0,1.7434626923745965e-19,0.007407407407407401,0.0,1.7434626923745965e-19,100
US Power Grid — San Francisco,seamless,12.0,108,0.8,0.007407407407407401,0.0,1.7434626923745965e-19,0.007407407407407401,0.0,1.7434626923745965e-19,100
US Power Grid — San Francisco,seamless,12.0,109,0.8074074074074075,0.007407407407407401,0.0,1.7434626923745965e-19,0.007407407407407401,0.0,1.7434626923745965e-19,100
US Power Grid — San Francisco,seamless,12.0,110,0.8148148148148149,0.007407407407407401,0.0,1.7434626923745965e-19,0.007407407407407401,0.0,1.7434626923745965e-19,100
US Power Grid — San Francisco,seamless,12.0,111,0.8222222222222223,0.007407407407407401,0.0,1.7434626923745965e-19,0.007407407407407401,0.0,1.7434626923745965e-19,100
US Power Grid — San Francisco,seamless,12.0,112,0.8296296296296297,0.007407407407407401,0.0,1.7434626923745965e-19,0.007407407407407401,0.0,1.7434626923745965e-19,100
US Power Grid — San Francisco,seamless,12.0,113,0.837037037037037,0.007407407407407401,0.0,1.7434626923745965e-19,0.007407407407407401,0.0,1.7434626923745965e-19,100
US Power Grid — San Francisco,seamless,12.0,114,0.8444444444444444,0.007407407407407401,0.0,1.7434626923745965e-19,0.007407407407407401,0.0,1.7434626923745965e-19,100
US Power Grid — San Francisco,seamless,12.0,115,0.8518518518518519,0.007407407407407401,0.0,1.7434626923745965e-19,0.007407407407407401,0.0,1.7434626923745965e-19,100
US Power Grid — San Francisco,seamless,12.0,116,0.8592592592592593,0.007407407407407401,0.0,1.7434626923745965e-19,0.007407407407407401,0.0,1.7434626923745965e-19,100
US Power Grid — San Francisco,seamless,12.0,117,0.8666666666666667,0.007407407407407401,0.0,1.7434626923745965e-19,0.007407407407407401,0.0,1.7434626923745965e-19,100
US Power Grid — San Francisco,seamless,12.0,118,0.8740740740740741,0.007407407407407401,0.0,1.7434626923745965e-19,0.007407407407407401,0.0,1.7434626923745965e-19,100
US Power Grid — San Francisco,seamless,12.0,119,0.8814814814814815,0.007407407407407401,0.0,1.7434626923745965e-19,0.007407407407407401,0.0,1.7434626923745965e-19,100
US Power Grid — San Francisco,seamless,12.0,120,0.888888888888889,0.007407407407407401,0.0,1.7434626923745965e-19,0.007407407407407401,0.0,1.7434626923745965e-19,100
US Power Grid — San Francisco,seamless,12.0,121,0.8962962962962964,0.007407407407407401,0.0,1.7434626923745965e-19,0.007407407407407401,0.0,1.7434626923745965e-19,100
US Power Grid — San Francisco,seamless,12.0,122,0.9037037037037038,0.007407407407407401,0.0,1.7434626923745965e-19,0.007407407407407401,0.0,1.7434626923745965e-19,100
US Power Grid — San Francisco,seamless,12.0,123,0.9111111111111112,0.007407407407407401,0.0,1.7434626923745965e-19,0.007407407407407401,0.0,1.7434626923745965e-19,100
US Power Grid — San Francisco,seamless,12.0,124,0.9185185185185184,0.007407407407407401,0.0,1.7434626923745965e-19,0.007407407407407401,0.0,1.7434626923745965e-19,100
US Power Grid — San Francisco,seamless,12.0,125,0.925925925925926,0.007407407407407401,0.0,1.7434626923745965e-19,0.007407407407407401,0.0,1.7434626923745965e-19,100
US Power Grid — San Francisco,seamless,12.0,126,0.9333333333333332,0.007407407407407401,0.0,1.7434626923745965e-19,0.007407407407407401,0.0,1.7434626923745965e-19,100
US Power Grid — San Francisco,seamless,12.0,127,0.9407407407407408,0.007407407407407401,0.0,1.7434626923745965e-19,0.007407407407407401,0.0,1.7434626923745965e-19,100
US Power Grid — San Francisco,seamless,12.0,128,0.9481481481481482,0.007407407407407401,0.0,1.7434626923745965e-19,0.007407407407407401,0.0,1.7434626923745965e-19,100
US Power Grid — San Francisco,seamless,12.0,129,0.9555555555555556,0.007407407407407401,0.0,1.7434626923745965e-19,0.007407407407407401,0.0,1.7434626923745965e-19,100
US Power Grid — San Francisco,seamless,12.0,130,0.962962962962963,0.007407407407407401,0.0,1.7434626923745965e-19,0.007407407407407401,0.0,1.7434626923745965e-19,100
US Power Grid — San Francisco,seamless,12.0,131,0.9703703703703704,0.007407407407407401,0.0,1.7434626923745965e-19,0.007407407407407401,0.0,1.7434626923745965e-19,100
US Power Grid — San Francisco,seamless,12.0,132,0.977777777777778,0.007407407407407401,0.0,1.7434626923745965e-19,0.007407407407407401,0.0,1.7434626923745965e-19,100
US Power Grid — San Francisco,seamless,12.0,133,0.9851851851851852,0.007407407407407401,0.0,1.7434626923745965e-19,0.007407407407407401,0.0,1.7434626923745965e-19,100
US Power Grid — San Francisco,seamless,12.0,134,0.9925925925925926,0.007407407407407401,0.0,1.7434626923745965e-19,0.0,0.0,0.0,100
US Power Grid — San Francisco,seamless,12.0,135,1.0,0.0,0.0,0.0,0.0,0.0,0.0,100
US Power Grid — San Francisco,seamless,13.0,0,0.0,1.0,0.0,0.0,0.0,0.0,0.0,100
US Power Grid — San Francisco,seamless,13.0,1,0.0074074074074074,0.8764444444444444,0.09460297134647655,0.009460297134647654,0.09548148148148142,0.0828601187680792,0.008286011876807917,100
US Power Grid — San Francisco,seamless,13.0,2,0.0148148148148148,0.7265925925925926,0.13286318156505203,0.0132863181565052,0.16111111111111107,0.09646234496601265,0.009646234496601265,100
US Power Grid — San Francisco,seamless,13.0,3,0.0222222222222222,0.5417777777777778,0.11614734266042268,0.011614734266042268,0.2227407407407407,0.0728538097770846,0.007285380977708459,100
US Power Grid — San Francisco,seamless,13.0,4,0.0296296296296296,0.4185925925925926,0.12224997134234286,0.012224997134234283,0.20540740740740737,0.06260526461312371,0.006260526461312374,100
US Power Grid — San Francisco,seamless,13.0,5,0.037037037037037,0.3362222222222222,0.10269346531486706,0.010269346531486707,0.19525925925925922,0.052910155523389374,0.005291015552338937,100
US Power Grid — San Francisco,seamless,13.0,6,0.0444444444444444,0.2702222222222222,0.069491469300969,0.006949146930096899,0.17977777777777773,0.03996444360568916,0.003996444360568916,100
US Power Grid — San Francisco,seamless,13.0,7,0.0518518518518518,0.22859259259259257,0.04937171594656926,0.004937171594656928,0.16422222222222216,0.031568704678868825,0.0031568704678868833,100
US Power Grid — San Francisco,seamless,13.0,8,0.0592592592592592,0.20762962962962964,0.03776251681513612,0.003776251681513613,0.1533333333333333,0.025562630163100755,0.0025562630163100757,100
US Power Grid — San Francisco,seamless,13.0,9,0.0666666666666666,0.18896296296296292,0.036630692749014086,0.0036630692749014086,0.1455555555555555,0.025473036472850905,0.0025473036472850904,100
US Power Grid — San Francisco,seamless,13.0,10,0.074074074074074,0.17829629629629626,0.030862042573479114,0.0030862042573479107,0.13540740740740737,0.02805545214996273,0.002805545214996273,100
US Power Grid — San Francisco,seamless,13.0,11,0.0814814814814814,0.1676296296296296,0.029056465247397786,0.0029056465247397785,0.12533333333333327,0.03101297475181746,0.0031012974751817453,100
US Power Grid — San Francisco,seamless,13.0,12,0.0888888888888888,0.15822222222222218,0.029974055003304002,0.0029974055003304,0.10918518518518514,0.030270290332012097,0.0030270290332012092,100
US Power Grid — San Francisco,seamless,13.0,13,0.0962962962962963,0.1472592592592592,0.02927736728160531,0.0029277367281605312,0.09903703703703698,0.028691759821476558,0.0028691759821476556,100
US Power Grid — San Francisco,seamless,13.0,14,0.1037037037037037,0.13170370370370366,0.03099331019163104,0.003099331019163103,0.08777777777777773,0.023314590539992318,0.0023314590539992314,100
US Power Grid — San Francisco,seamless,13.0,15,0.1111111111111111,0.1167407407407407,0.03015104254745657,0.003015104254745656,0.07903703703703698,0.02041687715631241,0.0020416877156312413,100
US Power Grid — San Francisco,seamless,13.0,16,0.1185185185185185,0.10414814814814811,0.029135802469135816,0.002913580246913582,0.07170370370370364,0.01838349578771094,0.0018383495787710942,100
US Power Grid — San Francisco,seamless,13.0,17,0.1259259259259259,0.09451851851851847,0.024332293827847826,0.0024332293827847825,0.06622222222222217,0.01697070644685391,0.001697070644685391,100
US Power Grid — San Francisco,seamless,13.0,18,0.1333333333333333,0.08703703703703698,0.025144550304711934,0.002514455030471193,0.059259259259259206,0.014046678201716734,0.0014046678201716733,100
US Power Grid — San Francisco,seamless,13.0,19,0.1407407407407407,0.08081481481481477,0.023918198059587347,0.0023918198059587345,0.05392592592592587,0.01084377224953301,0.001084377224953301,100
US Power Grid — San Francisco,seamless,13.0,20,0.1481481481481481,0.07162962962962957,0.02198539472695381,0.0021985394726953813,0.05059259259259254,0.007740723735654543,0.0007740723735654546,100
US Power Grid — San Francisco,seamless,13.0,21,0.1555555555555555,0.06399999999999995,0.018037754901977458,0.0018037754901977462,0.04837037037037033,0.0062690592852261634,0.0006269059285226164,100
US Power Grid — San Francisco,seamless,13.0,22,0.1629629629629629,0.0595555555555555,0.01582489990527015,0.001582489990527015,0.046148148148148105,0.005942270762312952,0.0005942270762312954,100
US Power Grid — San Francisco,seamless,13.0,23,0.1703703703703703,0.05503703703703699,0.013937948022913576,0.0013937948022913573,0.04392592592592588,0.0047383785734921415,0.000473837857349214,100
US Power Grid — San Francisco,seamless,13.0,24,0.1777777777777777,0.051629629629629574,0.012828061894400859,0.0012828061894400856,0.04281481481481477,0.005002943529511906,0.0005002943529511907,100
US Power Grid — San Francisco,seamless,13.0,25,0.1851851851851852,0.04985185185185181,0.010832266103771969,0.0010832266103771968,0.04155555555555551,0.004327556334771905,0.0004327556334771905,100
US Power Grid — San Francisco,seamless,13.0,26,0.1925925925925926,0.04814814814814809,0.009268607327525288,0.0009268607327525284,0.040296296296296254,0.004120908908592741,0.00041209089085927377,100
US Power Grid — San Francisco,seamless,13.0,27,0.2,0.04644444444444439,0.006034820650804214,0.0006034820650804213,0.03940740740740736,0.003778518592592734,0.0003778518592592734,100
US Power Grid — San Francisco,seamless,13.0,28,0.2074074074074074,0.04577777777777773,0.004868189580306495,0.00048681895803064947,0.038814814814814774,0.0033492987570988932,0.00033492987570988935,100
US Power Grid — San Francisco,seamless,13.0,29,0.2148148148148148,0.044666666666666625,0.002674925896993315,0.00026749258969933166,0.03829629629629626,0.002988108785499497,0.00029881087854994963,100
US Power Grid — San Francisco,seamless,13.0,30,0.2222222222222222,0.044666666666666625,0.002674925896993315,0.00026749258969933166,0.03807407407407404,0.0029816098616961273,0.0002981609861696127,100
US Power Grid — San Francisco,seamless,13.0,31,0.2296296296296296,0.04422222222222217,0.0030614025386859426,0.0003061402538685941,0.03762962962962959,0.0029177242306212166,0.0002917724230621217,100
US Power Grid — San Francisco,seamless,13.0,32,0.237037037037037,0.04370370370370366,0.0032450802008531857,0.00032450802008531854,0.037037037037037,0.0021056860874628163,0.0002105686087462817,100
US Power Grid — San Francisco,seamless,13.0,33,0.2444444444444444,0.042666666666666624,0.0033492987570988932,0.00033492987570988935,0.036740740740740706,0.0023353188424044785,0.00023353188424044785,100
US Power Grid — San Francisco,seamless,13.0,34,0.2518518518518519,0.04229629629629625,0.0035383985603823923,0.0003538398560382393,0.03622222222222218,0.0033118566556373094,0.00033118566556373087,100
US Power Grid — San Francisco,seamless,13.0,35,0.2592592592592592,0.04185185185185181,0.0038504414811242234,0.0003850441481124224,0.035407407407407374,0.004287023805751884,0.0004287023805751884,100
US Power Grid — San Francisco,seamless,13.0,36,0.2666666666666666,0.04088888888888885,0.004006341013211775,0.00040063410132117766,0.03362962962962959,0.005710642409279626,0.0005710642409279626,100
US Power Grid — San Francisco,seamless,13.0,37,0.2740740740740741,0.04022222222222218,0.003975092534435858,0.0003975092534435859,0.03251851851851848,0.006219353372805695,0.0006219353372805695,100
US Power Grid — San Francisco,seamless,13.0,38,0.2814814814814815,0.03866666666666663,0.005002943529511905,0.0005002943529511907,0.029999999999999968,0.006853595798326381,0.0006853595798326379,100
US Power Grid — San Francisco,seamless,13.0,39,0.2888888888888889,0.03659259259259255,0.005939005393668513,0.0005939005393668513,0.027259259259259233,0.006479904676992511,0.000647990467699251,100
US Power Grid — San Francisco,seamless,13.0,40,0.2962962962962963,0.03444444444444441,0.007169776095930158,0.0007169776095930156,0.024592592592592565,0.005144945672855912,0.0005144945672855912,100
US Power Grid — San Francisco,seamless,13.0,41,0.3037037037037037,0.030592592592592564,0.008131806897008433,0.0008131806897008431,0.02281481481481479,0.004550426123784887,0.00045504261237848875,100
US Power Grid — San Francisco,seamless,13.0,42,0.3111111111111111,0.028296296296296267,0.007763959006590264,0.0007763959006590263,0.021481481481481456,0.004009106868572779,0.0004009106868572779,100
US Power Grid — San Francisco,seamless,13.0,43,0.3185185185185185,0.026148148148148122,0.0072527819502921625,0.0007252781950292163,0.0202222222222222,0.00391892450392123,0.00039189245039212303,100
US Power Grid — San Francisco,seamless,13.0,44,0.3259259259259259,0.02355555555555553,0.005991037724123802,0.0005991037724123802,0.018444444444444427,0.0037216177318199315,0.0003721617731819932,100
US Power Grid — San Francisco,seamless,13.0,45,0.3333333333333333,0.02185185185185183,0.004634303663762639,0.0004634303663762639,0.01725925925925924,0.0035006041675945208,0.00035006041675945206,100
US Power Grid — San Francisco,seamless,13.0,46,0.3407407407407407,0.020814814814814793,0.004789568042591335,0.0004789568042591334,0.01614814814814813,0.002860169775299027,0.00028601697752990267,100
US Power Grid — San Francisco,seamless,13.0,47,0.3481481481481481,0.01970370370370368,0.004734282919208961,0.0004734282919208961,0.015777777777777762,0.0025036864369602277,0.00025036864369602275,100
US Power Grid — San Francisco,seamless,13.0,48,0.3555555555555555,0.01874074074074072,0.003715655985530306,0.0003715655985530306,0.015333333333333317,0.0018994992590832772,0.00018994992590832776,100
US Power Grid — San Francisco,seamless,13.0,49,0.362962962962963,0.01814814814814813,0.0037037037037037,0.0003703703703703699,0.015037037037037022,0.0012699748740575192,0.00012699748740575188,100
US Power Grid — San Francisco,seamless,13.0,50,0.3703703703703704,0.017333333333333315,0.0035266313227372064,0.0003526631322737206,0.014962962962962947,0.0010422614380465893,0.00010422614380465892,100
US Power Grid — San Francisco,seamless,13.0,51,0.3777777777777777,0.01666666666666665,0.0032236602954758813,0.00032236602954758815,0.014962962962962947,0.0010422614380465893,0.00010422614380465892,100
US Power Grid — San Francisco,seamless,13.0,52,0.3851851851851852,0.016222222222222204,0.002920572180767868,0.00029205721807678674,0.014814814814814802,0.0,3.486925384749193e-19,100
US Power Grid — San Francisco,seamless,13.0,53,0.3925925925925926,0.015777777777777762,0.0025036864369602264,0.00025036864369602275,0.014814814814814802,0.0,3.486925384749193e-19,100
US Power Grid — San Francisco,seamless,13.0,54,0.4,0.015629629629629615,0.002329378057297923,0.00023293780572979238,0.014814814814814802,0.0,3.486925384749193e-19,100
US Power Grid — San Francisco,seamless,13.0,55,0.4074074074074074,0.015333333333333317,0.0018994992590832774,0.00018994992590832776,0.014814814814814802,0.0,3.486925384749193e-19,100
US Power Grid — San Francisco,seamless,13.0,56,0.4148148148148148,0.01518518518518517,0.0016225401004265928,0.00016225401004265927,0.014814814814814802,0.0,3.486925384749193e-19,100
US Power Grid — San Francisco,seamless,13.0,57,0.4222222222222222,0.015037037037037022,0.0012699748740575192,0.00012699748740575188,0.014814814814814802,0.0,3.486925384749193e-19,100
US Power Grid — San Francisco,seamless,13.0,58,0.4296296296296296,0.014962962962962947,0.0010422614380465893,0.00010422614380465892,0.014814814814814802,0.0,3.486925384749193e-19,100
US Power Grid — San Francisco,seamless,13.0,59,0.437037037037037,0.014888888888888873,0.0007407407407407398,7.407407407407398e-05,0.014814814814814802,0.0,3.486925384749193e-19,100
US Power Grid — San Francisco,seamless,13.0,60,0.4444444444444445,0.014888888888888873,0.0007407407407407398,7.407407407407398e-05,0.014814814814814802,0.0,3.486925384749193e-19,100
US Power Grid — San Francisco,seamless,13.0,61,0.4518518518518519,0.014814814814814802,0.0,3.486925384749193e-19,0.014592592592592577,0.0012699748740575194,0.0001269974874057519,100
US Power Grid — San Francisco,seamless,13.0,62,0.4592592592592592,0.014740740740740726,0.0007407407407407409,7.407407407407398e-05,0.013555555555555541,0.002796482726434345,0.00027964827264343443,100
US Power Grid — San Francisco,seamless,13.0,63,0.4666666666666667,0.014296296296296283,0.0018994992590832776,0.0001899499259083278,0.013037037037037024,0.003179516266599462,0.00031795162665994623,100
US Power Grid — San Francisco,seamless,13.0,64,0.4740740740740741,0.013925925925925913,0.002419249128674741,0.00024192491286747415,0.011333333333333322,0.0037156559855303062,0.0003715655985530306,100
US Power Grid — San Francisco,seamless,13.0,65,0.4814814814814815,0.013037037037037024,0.003179516266599462,0.00031795162665994623,0.010148148148148137,0.0035943450895845126,0.0003594345089584513,100
US Power Grid — San Francisco,seamless,13.0,66,0.4888888888888889,0.011999999999999988,0.003613568379367131,0.0003613568379367133,0.009111111111111103,0.0031329821087529653,0.00031329821087529655,100
US Power Grid — San Francisco,seamless,13.0,67,0.4962962962962963,0.010592592592592582,0.0036857026070832768,0.0003685702607083278,0.008814814814814805,0.0029205721807678683,0.0002920572180767868,100
US Power Grid — San Francisco,seamless,13.0,68,0.5037037037037038,0.00985185185185184,0.0035006041675945208,0.0003500604167594521,0.007999999999999991,0.0020197031432910404,0.00020197031432910402,100
US Power Grid — San Francisco,seamless,13.0,69,0.5111111111111112,0.009037037037037027,0.003083949628838712,0.00030839496288387124,0.007851851851851844,0.001768024122784754,0.0001768024122784754,100
US Power Grid — San Francisco,seamless,13.0,70,0.5185185185185185,0.008592592592592584,0.002729281105018298,0.0002729281105018298,0.007703703703703696,0.0014588621153106087,0.00014588621153106086,100
US Power Grid — San Francisco,seamless,13.0,71,0.5259259259259259,0.008296296296296288,0.0024192491286747415,0.00024192491286747415,0.007407407407407401,0.0,1.7434626923745965e-19,100
US Power Grid — San Francisco,seamless,13.0,72,0.5333333333333333,0.00814814814814814,0.0022334173672426917,0.00022334173672426913,0.007407407407407401,0.0,1.7434626923745965e-19,100
US Power Grid — San Francisco,seamless,13.0,73,0.5407407407407407,0.007925925925925918,0.0018994992590832776,0.00018994992590832776,0.007407407407407401,0.0,1.7434626923745965e-19,100
US Power Grid — San Francisco,seamless,13.0,74,0.5481481481481482,0.00777777777777777,0.0016225401004265935,0.0001622540100426593,0.007407407407407401,0.0,1.7434626923745965e-19,100
US Power Grid — San Francisco,seamless,13.0,75,0.5555555555555556,0.007703703703703696,0.0014588621153106085,0.00014588621153106086,0.007407407407407401,0.0,1.7434626923745965e-19,100
US Power Grid — San Francisco,seamless,13.0,76,0.562962962962963,0.007629629629629622,0.0012699748740575192,0.0001269974874057519,0.007407407407407401,0.0,1.7434626923745965e-19,100
US Power Grid — San Francisco,seamless,13.0,77,0.5703703703703704,0.0074814814814814735,0.0007407407407407399,7.407407407407398e-05,0.007407407407407401,0.0,1.7434626923745965e-19,100
US Power Grid — San Francisco,seamless,13.0,78,0.5777777777777778,0.0074814814814814735,0.0007407407407407399,7.407407407407398e-05,0.007407407407407401,0.0,1.7434626923745965e-19,100
US Power Grid — San Francisco,seamless,13.0,79,0.5851851851851853,0.0074814814814814735,0.0007407407407407399,7.407407407407398e-05,0.007407407407407401,0.0,1.7434626923745965e-19,100
US Power Grid — San Francisco,seamless,13.0,80,0.5925925925925926,0.0074814814814814735,0.0007407407407407399,7.407407407407398e-05,0.007407407407407401,0.0,1.7434626923745965e-19,100
US Power Grid — San Francisco,seamless,13.0,81,0.6,0.0074814814814814735,0.0007407407407407399,7.407407407407398e-05,0.007407407407407401,0.0,1.7434626923745965e-19,100
US Power Grid — San Francisco,seamless,13.0,82,0.6074074074074074,0.0074814814814814735,0.0007407407407407399,7.407407407407398e-05,0.007407407407407401,0.0,1.7434626923745965e-19,100
US Power Grid — San Francisco,seamless,13.0,83,0.6148148148148148,0.0074814814814814735,0.0007407407407407399,7.407407407407398e-05,0.007407407407407401,0.0,1.7434626923745965e-19,100
US Power Grid — San Francisco,seamless,13.0,84,0.6222222222222222,0.0074814814814814735,0.0007407407407407399,7.407407407407398e-05,0.007407407407407401,0.0,1.7434626923745965e-19,100
US Power Grid — San Francisco,seamless,13.0,85,0.6296296296296297,0.0074814814814814735,0.0007407407407407399,7.407407407407398e-05,0.007407407407407401,0.0,1.7434626923745965e-19,100
US Power Grid — San Francisco,seamless,13.0,86,0.6370370370370371,0.007407407407407401,0.0,1.7434626923745965e-19,0.007407407407407401,0.0,1.7434626923745965e-19,100
US Power Grid — San Francisco,seamless,13.0,87,0.6444444444444445,0.007407407407407401,0.0,1.7434626923745965e-19,0.007407407407407401,0.0,1.7434626923745965e-19,100
US Power Grid — San Francisco,seamless,13.0,88,0.6518518518518519,0.007407407407407401,0.0,1.7434626923745965e-19,0.007407407407407401,0.0,1.7434626923745965e-19,100
US Power Grid — San Francisco,seamless,13.0,89,0.6592592592592593,0.007407407407407401,0.0,1.7434626923745965e-19,0.007407407407407401,0.0,1.7434626923745965e-19,100
US Power Grid — San Francisco,seamless,13.0,90,0.6666666666666667,0.007407407407407401,0.0,1.7434626923745965e-19,0.007407407407407401,0.0,1.7434626923745965e-19,100
US Power Grid — San Francisco,seamless,13.0,91,0.674074074074074,0.007407407407407401,0.0,1.7434626923745965e-19,0.007407407407407401,0.0,1.7434626923745965e-19,100
US Power Grid — San Francisco,seamless,13.0,92,0.6814814814814815,0.007407407407407401,0.0,1.7434626923745965e-19,0.007407407407407401,0.0,1.7434626923745965e-19,100
US Power Grid — San Francisco,seamless,13.0,93,0.6888888888888889,0.007407407407407401,0.0,1.7434626923745965e-19,0.007407407407407401,0.0,1.7434626923745965e-19,100
US Power Grid — San Francisco,seamless,13.0,94,0.6962962962962963,0.007407407407407401,0.0,1.7434626923745965e-19,0.007407407407407401,0.0,1.7434626923745965e-19,100
US Power Grid — San Francisco,seamless,13.0,95,0.7037037037037037,0.007407407407407401,0.0,1.7434626923745965e-19,0.007407407407407401,0.0,1.7434626923745965e-19,100
US Power Grid — San Francisco,seamless,13.0,96,0.7111111111111111,0.007407407407407401,0.0,1.7434626923745965e-19,0.007407407407407401,0.0,1.7434626923745965e-19,100
US Power Grid — San Francisco,seamless,13.0,97,0.7185185185185186,0.007407407407407401,0.0,1.7434626923745965e-19,0.007407407407407401,0.0,1.7434626923745965e-19,100
US Power Grid — San Francisco,seamless,13.0,98,0.725925925925926,0.007407407407407401,0.0,1.7434626923745965e-19,0.007407407407407401,0.0,1.7434626923745965e-19,100
US Power Grid — San Francisco,seamless,13.0,99,0.7333333333333334,0.007407407407407401,0.0,1.7434626923745965e-19,0.007407407407407401,0.0,1.7434626923745965e-19,100
US Power Grid — San Francisco,seamless,13.0,100,0.7407407407407408,0.007407407407407401,0.0,1.7434626923745965e-19,0.007407407407407401,0.0,1.7434626923745965e-19,100
US Power Grid — San Francisco,seamless,13.0,101,0.7481481481481482,0.007407407407407401,0.0,1.7434626923745965e-19,0.007407407407407401,0.0,1.7434626923745965e-19,100
US Power Grid — San Francisco,seamless,13.0,102,0.7555555555555555,0.007407407407407401,0.0,1.7434626923745965e-19,0.007407407407407401,0.0,1.7434626923745965e-19,100
US Power Grid — San Francisco,seamless,13.0,103,0.762962962962963,0.007407407407407401,0.0,1.7434626923745965e-19,0.007407407407407401,0.0,1.7434626923745965e-19,100
US Power Grid — San Francisco,seamless,13.0,104,0.7703703703703704,0.007407407407407401,0.0,1.7434626923745965e-19,0.007407407407407401,0.0,1.7434626923745965e-19,100
US Power Grid — San Francisco,seamless,13.0,105,0.7777777777777778,0.007407407407407401,0.0,1.7434626923745965e-19,0.007407407407407401,0.0,1.7434626923745965e-19,100
US Power Grid — San Francisco,seamless,13.0,106,0.7851851851851852,0.007407407407407401,0.0,1.7434626923745965e-19,0.007407407407407401,0.0,1.7434626923745965e-19,100
US Power Grid — San Francisco,seamless,13.0,107,0.7925925925925926,0.007407407407407401,0.0,1.7434626923745965e-19,0.007407407407407401,0.0,1.7434626923745965e-19,100
US Power Grid — San Francisco,seamless,13.0,108,0.8,0.007407407407407401,0.0,1.7434626923745965e-19,0.007407407407407401,0.0,1.7434626923745965e-19,100
US Power Grid — San Francisco,seamless,13.0,109,0.8074074074074075,0.007407407407407401,0.0,1.7434626923745965e-19,0.007407407407407401,0.0,1.7434626923745965e-19,100
US Power Grid — San Francisco,seamless,13.0,110,0.8148148148148149,0.007407407407407401,0.0,1.7434626923745965e-19,0.007407407407407401,0.0,1.7434626923745965e-19,100
US Power Grid — San Francisco,seamless,13.0,111,0.8222222222222223,0.007407407407407401,0.0,1.7434626923745965e-19,0.007407407407407401,0.0,1.7434626923745965e-19,100
US Power Grid — San Francisco,seamless,13.0,112,0.8296296296296297,0.007407407407407401,0.0,1.7434626923745965e-19,0.007407407407407401,0.0,1.7434626923745965e-19,100
US Power Grid — San Francisco,seamless,13.0,113,0.837037037037037,0.007407407407407401,0.0,1.7434626923745965e-19,0.007407407407407401,0.0,1.7434626923745965e-19,100
US Power Grid — San Francisco,seamless,13.0,114,0.8444444444444444,0.007407407407407401,0.0,1.7434626923745965e-19,0.007407407407407401,0.0,1.7434626923745965e-19,100
US Power Grid — San Francisco,seamless,13.0,115,0.8518518518518519,0.007407407407407401,0.0,1.7434626923745965e-19,0.007407407407407401,0.0,1.7434626923745965e-19,100
US Power Grid — San Francisco,seamless,13.0,116,0.8592592592592593,0.007407407407407401,0.0,1.7434626923745965e-19,0.007407407407407401,0.0,1.7434626923745965e-19,100
US Power Grid — San Francisco,seamless,13.0,117,0.8666666666666667,0.007407407407407401,0.0,1.7434626923745965e-19,0.007407407407407401,0.0,1.7434626923745965e-19,100
US Power Grid — San Francisco,seamless,13.0,118,0.8740740740740741,0.007407407407407401,0.0,1.7434626923745965e-19,0.007407407407407401,0.0,1.7434626923745965e-19,100
US Power Grid — San Francisco,seamless,13.0,119,0.8814814814814815,0.007407407407407401,0.0,1.7434626923745965e-19,0.007407407407407401,0.0,1.7434626923745965e-19,100
US Power Grid — San Francisco,seamless,13.0,120,0.888888888888889,0.007407407407407401,0.0,1.7434626923745965e-19,0.007407407407407401,0.0,1.7434626923745965e-19,100
US Power Grid — San Francisco,seamless,13.0,121,0.8962962962962964,0.007407407407407401,0.0,1.7434626923745965e-19,0.007407407407407401,0.0,1.7434626923745965e-19,100
US Power Grid — San Francisco,seamless,13.0,122,0.9037037037037038,0.007407407407407401,0.0,1.7434626923745965e-19,0.007407407407407401,0.0,1.7434626923745965e-19,100
US Power Grid — San Francisco,seamless,13.0,123,0.9111111111111112,0.007407407407407401,0.0,1.7434626923745965e-19,0.007407407407407401,0.0,1.7434626923745965e-19,100
US Power Grid — San Francisco,seamless,13.0,124,0.9185185185185184,0.007407407407407401,0.0,1.7434626923745965e-19,0.007407407407407401,0.0,1.7434626923745965e-19,100
US Power Grid — San Francisco,seamless,13.0,125,0.925925925925926,0.007407407407407401,0.0,1.7434626923745965e-19,0.007407407407407401,0.0,1.7434626923745965e-19,100
US Power Grid — San Francisco,seamless,13.0,126,0.9333333333333332,0.007407407407407401,0.0,1.7434626923745965e-19,0.007407407407407401,0.0,1.7434626923745965e-19,100
US Power Grid — San Francisco,seamless,13.0,127,0.9407407407407408,0.007407407407407401,0.0,1.7434626923745965e-19,0.007407407407407401,0.0,1.7434626923745965e-19,100
US Power Grid — San Francisco,seamless,13.0,128,0.9481481481481482,0.007407407407407401,0.0,1.7434626923745965e-19,0.007407407407407401,0.0,1.7434626923745965e-19,100
US Power Grid — San Francisco,seamless,13.0,129,0.9555555555555556,0.007407407407407401,0.0,1.7434626923745965e-19,0.007407407407407401,0.0,1.7434626923745965e-19,100
US Power Grid — San Francisco,seamless,13.0,130,0.962962962962963,0.007407407407407401,0.0,1.7434626923745965e-19,0.007407407407407401,0.0,1.7434626923745965e-19,100
US Power Grid — San Francisco,seamless,13.0,131,0.9703703703703704,0.007407407407407401,0.0,1.7434626923745965e-19,0.007407407407407401,0.0,1.7434626923745965e-19,100
US Power Grid — San Francisco,seamless,13.0,132,0.977777777777778,0.007407407407407401,0.0,1.7434626923745965e-19,0.007407407407407401,0.0,1.7434626923745965e-19,100
US Power Grid — San Francisco,seamless,13.0,133,0.9851851851851852,0.007407407407407401,0.0,1.7434626923745965e-19,0.007407407407407401,0.0,1.7434626923745965e-19,100
US Power Grid — San Francisco,seamless,13.0,134,0.9925925925925926,0.007407407407407401,0.0,1.7434626923745965e-19,0.0,0.0,0.0,100
US Power Grid — San Francisco,seamless,13.0,135,1.0,0.0,0.0,0.0,0.0,0.0,0.0,100
US Power Grid — San Francisco,seamless,14.0,0,0.0,1.0,0.0,0.0,0.0,0.0,0.0,100
US Power Grid — San Francisco,seamless,14.0,1,0.0074074074074074,0.8919999999999999,0.08032840548367579,0.008032840548367582,0.0812592592592592,0.07178239553168914,0.007178239553168915,100
US Power Grid — San Francisco,seamless,14.0,2,0.0148148148148148,0.7485185185185185,0.1391202711623184,0.013912027116231842,0.14162962962962958,0.09565402084818087,0.009565402084818087,100
US Power Grid — San Francisco,seamless,14.0,3,0.0222222222222222,0.5622222222222222,0.11610667926727088,0.011610667926727087,0.21274074074074073,0.06356487016176483,0.006356487016176483,100
US Power Grid — San Francisco,seamless,14.0,4,0.0296296296296296,0.3872592592592593,0.12600327722677535,0.012600327722677534,0.21370370370370367,0.05632833278302886,0.005632833278302886,100
US Power Grid — San Francisco,seamless,14.0,5,0.037037037037037,0.31674074074074077,0.09113705189765564,0.00911370518976556,0.20281481481481478,0.048656614727769235,0.004865661472776924,100
US Power Grid — San Francisco,seamless,14.0,6,0.0444444444444444,0.26014814814814813,0.06674792404208042,0.0066747924042080435,0.18348148148148144,0.0405973738380952,0.00405973738380952,100
US Power Grid — San Francisco,seamless,14.0,7,0.0518518518518518,0.22637037037037036,0.04778933323518095,0.004778933323518095,0.16525925925925922,0.028865857462838145,0.0028865857462838157,100
US Power Grid — San Francisco,seamless,14.0,8,0.0592592592592592,0.20259259259259255,0.03976312342357133,0.003976312342357132,0.15718518518518512,0.020322325411139642,0.002032232541113965,100
US Power Grid — San Francisco,seamless,14.0,9,0.0666666666666666,0.1876296296296296,0.032263326767259765,0.0032263326767259758,0.15222222222222218,0.01756623737184408,0.0017566237371844072,100
US Power Grid — San Francisco,seamless,14.0,10,0.074074074074074,0.17207407407407402,0.02783281740068663,0.0027832817400686625,0.14481481481481476,0.02158649204516902,0.0021586492045169016,100
US Power Grid — San Francisco,seamless,14.0,11,0.0814814814814814,0.16325925925925922,0.021702872470800036,0.0021702872470800035,0.13125925925925921,0.028796363961075475,0.002879636396107546,100
US Power Grid — San Francisco,seamless,14.0,12,0.0888888888888888,0.15459259259259256,0.01666870337141901,0.0016668703371419008,0.11266666666666662,0.029802990779646193,0.002980299077964619,100
US Power Grid — San Francisco,seamless,14.0,13,0.0962962962962963,0.14362962962962958,0.021496956382801545,0.0021496956382801545,0.09607407407407402,0.025190356195449775,0.0025190356195449776,100
US Power Grid — San Francisco,seamless,14.0,14,0.1037037037037037,0.13303703703703698,0.027270870508076576,0.002727087050807656,0.08422222222222217,0.023791806898911586,0.002379180689891158,100
US Power Grid — San Francisco,seamless,14.0,15,0.1111111111111111,0.11733333333333329,0.029285695577720126,0.0029285695577720124,0.07577777777777772,0.02170121246343052,0.0021701212463430515,100
US Power Grid — San Francisco,seamless,14.0,16,0.1185185185185185,0.10896296296296291,0.028704120050562876,0.0028704120050562884,0.06837037037037032,0.019121641333401745,0.0019121641333401745,100
US Power Grid — San Francisco,seamless,14.0,17,0.1259259259259259,0.09688888888888884,0.027000446723393433,0.002700044672339344,0.061333333333333274,0.01565446968741224,0.0015654469687412236,100
US Power Grid — San Francisco,seamless,14.0,18,0.1333333333333333,0.08740740740740735,0.024981460751425807,0.0024981460751425807,0.05733333333333328,0.01194037275047299,0.0011940372750472994,100
US Power Grid — San Francisco,seamless,14.0,19,0.1407407407407407,0.07962962962962958,0.0232669975522849,0.00232669975522849,0.05274074074074069,0.009134892422899502,0.0009134892422899502,100
US Power Grid — San Francisco,seamless,14.0,20,0.1481481481481481,0.07051851851851847,0.021382824912955806,0.0021382824912955806,0.05007407407407403,0.007072096491139019,0.0007072096491139016,100
US Power Grid — San Francisco,seamless,14.0,21,0.1555555555555555,0.06303703703703699,0.018281157450769157,0.0018281157450769157,0.04792592592592587,0.006528900347369474,0.0006528900347369474,100
US Power Grid — San Francisco,seamless,14.0,22,0.1629629629629629,0.0578518518518518,0.015569800898915465,0.0015569800898915468,0.045185185185185134,0.005521155499999475,0.0005521155499999475,100
US Power Grid — San Francisco,seamless,14.0,23,0.1703703703703703,0.053629629629629576,0.013197126124658587,0.0013197126124658586,0.04355555555555551,0.005293612740016578,0.0005293612740016578,100
US Power Grid — San Francisco,seamless,14.0,24,0.1777777777777777,0.05029629629629625,0.010277765138868477,0.0010277765138868478,0.04222222222222218,0.005211307190232946,0.0005211307190232945,100
US Power Grid — San Francisco,seamless,14.0,25,0.1851851851851852,0.04822222222222217,0.007331825395643757,0.0007331825395643758,0.04103703703703699,0.004266288381617677,0.00042662883816176777,100
US Power Grid — San Francisco,seamless,14.0,26,0.1925925925925926,0.04688888888888884,0.005771942529003459,0.0005771942529003459,0.040296296296296254,0.003984145047332661,0.0003984145047332662,100
US Power Grid — San Francisco,seamless,14.0,27,0.2,0.046148148148148105,0.004571691332658227,0.00045716913326582264,0.03955555555555552,0.003680435702636956,0.00036804357026369567,100
US Power Grid — San Francisco,seamless,14.0,28,0.2074074074074074,0.04570370370370366,0.004473653860248405,0.0004473653860248405,0.0387407407407407,0.003132982108752963,0.0003132982108752964,100
US Power Grid — San Francisco,seamless,14.0,29,0.2148148148148148,0.04533333333333329,0.003836742647671646,0.00038367426476716455,0.03837037037037033,0.0028601697752990247,0.00028601697752990267,100
US Power Grid — San Francisco,seamless,14.0,30,0.2222222222222222,0.04474074074074069,0.00233531884240448,0.00023353188424044794,0.03807407407407404,0.0025832228742205684,0.00025832228742205665,100
US Power Grid — San Francisco,seamless,14.0,31,0.2296296296296296,0.044444444444444405,0.0018235776441382595,0.0001823577644138261,0.03755555555555552,0.0018994992590832772,0.00018994992590832773,100
US Power Grid — San Francisco,seamless,14.0,32,0.237037037037037,0.04392592592592588,0.0024135149439614327,0.0002413514943961432,0.03740740740740737,0.0016225401004265922,0.00016225401004265925,100
US Power Grid — San Francisco,seamless,14.0,33,0.2444444444444444,0.043481481481481433,0.0027160493827160467,0.00027160493827160456,0.03725925925925922,0.0012699748740575183,0.00012699748740575188,100
US Power Grid — San Francisco,seamless,14.0,34,0.2518518518518519,0.043185185185185146,0.0027964827264343453,0.0002796482726434343,0.03688888888888885,0.0021004152754728754,0.00021004152754728754,100
US Power Grid — San Francisco,seamless,14.0,35,0.2592592592592592,0.04259259259259255,0.0032236602954758826,0.00032236602954758815,0.03622222222222218,0.0033118566556373076,0.00033118566556373087,100
US Power Grid — San Francisco,seamless,14.0,36,0.2666666666666666,0.04185185185185181,0.003550907299563716,0.0003550907299563716,0.035259259259259226,0.004481699450227909,0.0004481699450227909,100
US Power Grid — San Francisco,seamless,14.0,37,0.2740740740740741,0.04037037037037033,0.0039917888313756944,0.00039917888313756935,0.0333333333333333,0.006002128824745645,0.0006002128824745645,100
US Power Grid — San Francisco,seamless,14.0,38,0.2814814814814815,0.03911111111111107,0.004088502830986294,0.0004088502830986293,0.03140740740740738,0.0066687447399276486,0.0006668744739927652,100
US Power Grid — San Francisco,seamless,14.0,39,0.2888888888888889,0.03725925925925922,0.005415237580113897,0.0005415237580113899,0.027407407407407377,0.006782466859590624,0.0006782466859590623,100
US Power Grid — San Francisco,seamless,14.0,40,0.2962962962962963,0.03377777777777774,0.0076154838190401804,0.0007615483819040182,0.025703703703703677,0.006089675473472552,0.0006089675473472552,100
US Power Grid — San Francisco,seamless,14.0,41,0.3037037037037037,0.03096296296296293,0.00797524262202818,0.0007975242622028179,0.023259259259259233,0.00446931562039422,0.0004469315620394221,100
US Power Grid — San Francisco,seamless,14.0,42,0.3111111111111111,0.027851851851851826,0.007378920156697405,0.0007378920156697404,0.02185185185185183,0.003550907299563717,0.00035509072995637173,100
US Power Grid — San Francisco,seamless,14.0,43,0.3185185185185185,0.024666666666666642,0.005374142411509429,0.0005374142411509429,0.01999999999999998,0.003868392354571059,0.0003868392354571059,100
US Power Grid — San Francisco,seamless,14.0,44,0.3259259259259259,0.023333333333333307,0.00463430366376264,0.0004634303663762639,0.018666666666666647,0.004142372121004629,0.0004142372121004628,100
US Power Grid — San Francisco,seamless,14.0,45,0.3333333333333333,0.021703703703703683,0.004244798888851501,0.0004244798888851501,0.01740740740740739,0.003550907299563716,0.0003550907299563717,100
US Power Grid — San Francisco,seamless,14.0,46,0.3407407407407407,0.02037037037037035,0.003850441481124226,0.0003850441481124226,0.016222222222222204,0.0029205721807678674,0.00029205721807678674,100
US Power Grid — San Francisco,seamless,14.0,47,0.3481481481481481,0.01970370370370368,0.003970209555012433,0.00039702095550124333,0.01570370370370369,0.002419249128674742,0.0002419249128674741,100
US Power Grid — San Francisco,seamless,14.0,48,0.3555555555555555,0.018962962962962945,0.0041209089085927405,0.0004120908908592739,0.015407407407407392,0.00201970314329104,0.000201970314329104,100
US Power Grid — San Francisco,seamless,14.0,49,0.362962962962963,0.018296296296296276,0.003715655985530305,0.00037156559855303057,0.014962962962962947,0.0010422614380465895,0.00010422614380465892,100
US Power Grid — San Francisco,seamless,14.0,50,0.3703703703703704,0.017555555555555536,0.0035943450895845126,0.00035943450895845123,0.014888888888888873,0.0007407407407407409,7.407407407407398e-05,100
US Power Grid — San Francisco,seamless,14.0,51,0.3777777777777777,0.01703703703703702,0.0034116013812728724,0.00034116013812728724,0.014888888888888873,0.0007407407407407409,7.407407407407398e-05,100
US Power Grid — San Francisco,seamless,14.0,52,0.3851851851851852,0.016592592592592575,0.0031795162665994624,0.0003179516266599462,0.014888888888888873,0.0007407407407407409,7.407407407407398e-05,100
US Power Grid — San Francisco,seamless,14.0,53,0.3925925925925926,0.01614814814814813,0.0028601697752990273,0.00028601697752990267,0.014888888888888873,0.0007407407407407409,7.407407407407398e-05,100
US Power Grid — San Francisco,seamless,14.0,54,0.4,0.01570370370370369,0.002419249128674741,0.0002419249128674741,0.014888888888888873,0.0007407407407407409,7.407407407407398e-05,100
US Power Grid — San Francisco,seamless,14.0,55,0.4074074074074074,0.015481481481481464,0.0021305443797382294,0.000213054437973823,0.014888888888888873,0.0007407407407407409,7.407407407407398e-05,100
US Power Grid — San Francisco,seamless,14.0,56,0.4148148148148148,0.015407407407407392,0.00201970314329104,0.000201970314329104,0.014888888888888873,0.0007407407407407409,7.407407407407398e-05,100
US Power Grid — San Francisco,seamless,14.0,57,0.4222222222222222,0.015259259259259243,0.0017680241227847537,0.00017680241227847538,0.014814814814814802,0.0,3.486925384749193e-19,100
US Power Grid — San Francisco,seamless,14.0,58,0.4296296296296296,0.015037037037037022,0.001269974874057519,0.00012699748740575188,0.014814814814814802,0.0,3.486925384749193e-19,100
US Power Grid — San Francisco,seamless,14.0,59,0.437037037037037,0.015037037037037022,0.001269974874057519,0.00012699748740575188,0.014740740740740726,0.00074074074074074,7.4074074074074e-05,100
US Power Grid — San Francisco,seamless,14.0,60,0.4444444444444445,0.014962962962962947,0.001042261438046589,0.00010422614380465891,0.014666666666666653,0.0010422614380465893,0.00010422614380465892,100
US Power Grid — San Francisco,seamless,14.0,61,0.4518518518518519,0.014962962962962947,0.001042261438046589,0.00010422614380465891,0.014296296296296283,0.001899499259083278,0.0001899499259083278,100
US Power Grid — San Francisco,seamless,14.0,62,0.4592592592592592,0.014740740740740726,0.0012873132174132122,0.00012873132174132123,0.013185185185185171,0.0030839496288387123,0.00030839496288387124,100
US Power Grid — San Francisco,seamless,14.0,63,0.4666666666666667,0.014074074074074058,0.002469135802469133,0.0002469135802469133,0.011999999999999988,0.0036135683793671325,0.0003613568379367133,100
US Power Grid — San Francisco,seamless,14.0,64,0.4740740740740741,0.013555555555555543,0.002988108785499497,0.00029881087854994974,0.010888888888888877,0.0037156559855303075,0.0003715655985530307,100
US Power Grid — San Francisco,seamless,14.0,65,0.4814814814814815,0.012370370370370358,0.0036555037974147627,0.0003655503797414763,0.00985185185185184,0.003500604167594521,0.00035006041675945216,100
US Power Grid — San Francisco,seamless,14.0,66,0.4888888888888889,0.011555555555555543,0.003695464085702654,0.0003695464085702654,0.009037037037037027,0.0030839496288387115,0.00030839496288387124,100
US Power Grid — San Francisco,seamless,14.0,67,0.4962962962962963,0.010814814814814803,0.0037104315997187596,0.0003710431599718759,0.008222222222222214,0.002329378057297924,0.00023293780572979238,100
US Power Grid — San Francisco,seamless,14.0,68,0.5037037037037038,0.00999999999999999,0.0035509072995637174,0.0003550907299563716,0.007925925925925918,0.0018994992590832779,0.0001899499259083278,100
US Power Grid — San Francisco,seamless,14.0,69,0.5111111111111112,0.009185185185185176,0.0031795162665994615,0.00031795162665994623,0.007629629629629622,0.0012699748740575192,0.0001269974874057519,100
US Power Grid — San Francisco,seamless,14.0,70,0.5185185185185185,0.00888888888888888,0.002977889822990256,0.00029778898229902554,0.0074814814814814735,0.0007407407407407398,7.407407407407398e-05,100
US Power Grid — San Francisco,seamless,14.0,71,0.5259259259259259,0.008370370370370361,0.002503686436960228,0.0002503686436960228,0.007407407407407401,0.0,1.7434626923745965e-19,100
US Power Grid — San Francisco,seamless,14.0,72,0.5333333333333333,0.007999999999999991,0.0020197031432910404,0.00020197031432910402,0.007407407407407401,0.0,1.7434626923745965e-19,100
US Power Grid — San Francisco,seamless,14.0,73,0.5407407407407407,0.00777777777777777,0.0016225401004265933,0.0001622540100426593,0.007407407407407401,0.0,1.7434626923745965e-19,100
US Power Grid — San Francisco,seamless,14.0,74,0.5481481481481482,0.0074814814814814735,0.00074074074074074,7.407407407407398e-05,0.007407407407407401,0.0,1.7434626923745965e-19,100
US Power Grid — San Francisco,seamless,14.0,75,0.5555555555555556,0.0074814814814814735,0.00074074074074074,7.407407407407398e-05,0.007407407407407401,0.0,1.7434626923745965e-19,100
US Power Grid — San Francisco,seamless,14.0,76,0.562962962962963,0.0074814814814814735,0.00074074074074074,7.407407407407398e-05,0.007407407407407401,0.0,1.7434626923745965e-19,100
US Power Grid — San Francisco,seamless,14.0,77,0.5703703703703704,0.007407407407407401,0.0,1.7434626923745965e-19,0.007407407407407401,0.0,1.7434626923745965e-19,100
US Power Grid — San Francisco,seamless,14.0,78,0.5777777777777778,0.007407407407407401,0.0,1.7434626923745965e-19,0.007407407407407401,0.0,1.7434626923745965e-19,100
US Power Grid — San Francisco,seamless,14.0,79,0.5851851851851853,0.007407407407407401,0.0,1.7434626923745965e-19,0.007407407407407401,0.0,1.7434626923745965e-19,100
US Power Grid — San Francisco,seamless,14.0,80,0.5925925925925926,0.007407407407407401,0.0,1.7434626923745965e-19,0.007407407407407401,0.0,1.7434626923745965e-19,100
US Power Grid — San Francisco,seamless,14.0,81,0.6,0.007407407407407401,0.0,1.7434626923745965e-19,0.007407407407407401,0.0,1.7434626923745965e-19,100
US Power Grid — San Francisco,seamless,14.0,82,0.6074074074074074,0.007407407407407401,0.0,1.7434626923745965e-19,0.007407407407407401,0.0,1.7434626923745965e-19,100
US Power Grid — San Francisco,seamless,14.0,83,0.6148148148148148,0.007407407407407401,0.0,1.7434626923745965e-19,0.007407407407407401,0.0,1.7434626923745965e-19,100
US Power Grid — San Francisco,seamless,14.0,84,0.6222222222222222,0.007407407407407401,0.0,1.7434626923745965e-19,0.007407407407407401,0.0,1.7434626923745965e-19,100
US Power Grid — San Francisco,seamless,14.0,85,0.6296296296296297,0.007407407407407401,0.0,1.7434626923745965e-19,0.007407407407407401,0.0,1.7434626923745965e-19,100
US Power Grid — San Francisco,seamless,14.0,86,0.6370370370370371,0.007407407407407401,0.0,1.7434626923745965e-19,0.007407407407407401,0.0,1.7434626923745965e-19,100
US Power Grid — San Francisco,seamless,14.0,87,0.6444444444444445,0.007407407407407401,0.0,1.7434626923745965e-19,0.007407407407407401,0.0,1.7434626923745965e-19,100
US Power Grid — San Francisco,seamless,14.0,88,0.6518518518518519,0.007407407407407401,0.0,1.7434626923745965e-19,0.007407407407407401,0.0,1.7434626923745965e-19,100
US Power Grid — San Francisco,seamless,14.0,89,0.6592592592592593,0.007407407407407401,0.0,1.7434626923745965e-19,0.007407407407407401,0.0,1.7434626923745965e-19,100
US Power Grid — San Francisco,seamless,14.0,90,0.6666666666666667,0.007407407407407401,0.0,1.7434626923745965e-19,0.007407407407407401,0.0,1.7434626923745965e-19,100
US Power Grid — San Francisco,seamless,14.0,91,0.674074074074074,0.007407407407407401,0.0,1.7434626923745965e-19,0.007407407407407401,0.0,1.7434626923745965e-19,100
US Power Grid — San Francisco,seamless,14.0,92,0.6814814814814815,0.007407407407407401,0.0,1.7434626923745965e-19,0.007407407407407401,0.0,1.7434626923745965e-19,100
US Power Grid — San Francisco,seamless,14.0,93,0.6888888888888889,0.007407407407407401,0.0,1.7434626923745965e-19,0.007407407407407401,0.0,1.7434626923745965e-19,100
US Power Grid — San Francisco,seamless,14.0,94,0.6962962962962963,0.007407407407407401,0.0,1.7434626923745965e-19,0.007407407407407401,0.0,1.7434626923745965e-19,100
US Power Grid — San Francisco,seamless,14.0,95,0.7037037037037037,0.007407407407407401,0.0,1.7434626923745965e-19,0.007407407407407401,0.0,1.7434626923745965e-19,100
US Power Grid — San Francisco,seamless,14.0,96,0.7111111111111111,0.007407407407407401,0.0,1.7434626923745965e-19,0.007407407407407401,0.0,1.7434626923745965e-19,100
US Power Grid — San Francisco,seamless,14.0,97,0.7185185185185186,0.007407407407407401,0.0,1.7434626923745965e-19,0.007407407407407401,0.0,1.7434626923745965e-19,100
US Power Grid — San Francisco,seamless,14.0,98,0.725925925925926,0.007407407407407401,0.0,1.7434626923745965e-19,0.007407407407407401,0.0,1.7434626923745965e-19,100
US Power Grid — San Francisco,seamless,14.0,99,0.7333333333333334,0.007407407407407401,0.0,1.7434626923745965e-19,0.007407407407407401,0.0,1.7434626923745965e-19,100
US Power Grid — San Francisco,seamless,14.0,100,0.7407407407407408,0.007407407407407401,0.0,1.7434626923745965e-19,0.007407407407407401,0.0,1.7434626923745965e-19,100
US Power Grid — San Francisco,seamless,14.0,101,0.7481481481481482,0.007407407407407401,0.0,1.7434626923745965e-19,0.007407407407407401,0.0,1.7434626923745965e-19,100
US Power Grid — San Francisco,seamless,14.0,102,0.7555555555555555,0.007407407407407401,0.0,1.7434626923745965e-19,0.007407407407407401,0.0,1.7434626923745965e-19,100
US Power Grid — San Francisco,seamless,14.0,103,0.762962962962963,0.007407407407407401,0.0,1.7434626923745965e-19,0.007407407407407401,0.0,1.7434626923745965e-19,100
US Power Grid — San Francisco,seamless,14.0,104,0.7703703703703704,0.007407407407407401,0.0,1.7434626923745965e-19,0.007407407407407401,0.0,1.7434626923745965e-19,100
US Power Grid — San Francisco,seamless,14.0,105,0.7777777777777778,0.007407407407407401,0.0,1.7434626923745965e-19,0.007407407407407401,0.0,1.7434626923745965e-19,100
US Power Grid — San Francisco,seamless,14.0,106,0.7851851851851852,0.007407407407407401,0.0,1.7434626923745965e-19,0.007407407407407401,0.0,1.7434626923745965e-19,100
US Power Grid — San Francisco,seamless,14.0,107,0.7925925925925926,0.007407407407407401,0.0,1.7434626923745965e-19,0.007407407407407401,0.0,1.7434626923745965e-19,100
US Power Grid — San Francisco,seamless,14.0,108,0.8,0.007407407407407401,0.0,1.7434626923745965e-19,0.007407407407407401,0.0,1.7434626923745965e-19,100
US Power Grid — San Francisco,seamless,14.0,109,0.8074074074074075,0.007407407407407401,0.0,1.7434626923745965e-19,0.007407407407407401,0.0,1.7434626923745965e-19,100
US Power Grid — San Francisco,seamless,14.0,110,0.8148148148148149,0.007407407407407401,0.0,1.7434626923745965e-19,0.007407407407407401,0.0,1.7434626923745965e-19,100
US Power Grid — San Francisco,seamless,14.0,111,0.8222222222222223,0.007407407407407401,0.0,1.7434626923745965e-19,0.007407407407407401,0.0,1.7434626923745965e-19,100
US Power Grid — San Francisco,seamless,14.0,112,0.8296296296296297,0.007407407407407401,0.0,1.7434626923745965e-19,0.007407407407407401,0.0,1.7434626923745965e-19,100
US Power Grid — San Francisco,seamless,14.0,113,0.837037037037037,0.007407407407407401,0.0,1.7434626923745965e-19,0.007407407407407401,0.0,1.7434626923745965e-19,100
US Power Grid — San Francisco,seamless,14.0,114,0.8444444444444444,0.007407407407407401,0.0,1.7434626923745965e-19,0.007407407407407401,0.0,1.7434626923745965e-19,100
US Power Grid — San Francisco,seamless,14.0,115,0.8518518518518519,0.007407407407407401,0.0,1.7434626923745965e-19,0.007407407407407401,0.0,1.7434626923745965e-19,100
US Power Grid — San Francisco,seamless,14.0,116,0.8592592592592593,0.007407407407407401,0.0,1.7434626923745965e-19,0.007407407407407401,0.0,1.7434626923745965e-19,100
US Power Grid — San Francisco,seamless,14.0,117,0.8666666666666667,0.007407407407407401,0.0,1.7434626923745965e-19,0.007407407407407401,0.0,1.7434626923745965e-19,100
US Power Grid — San Francisco,seamless,14.0,118,0.8740740740740741,0.007407407407407401,0.0,1.7434626923745965e-19,0.007407407407407401,0.0,1.7434626923745965e-19,100
US Power Grid — San Francisco,seamless,14.0,119,0.8814814814814815,0.007407407407407401,0.0,1.7434626923745965e-19,0.007407407407407401,0.0,1.7434626923745965e-19,100
US Power Grid — San Francisco,seamless,14.0,120,0.888888888888889,0.007407407407407401,0.0,1.7434626923745965e-19,0.007407407407407401,0.0,1.7434626923745965e-19,100
US Power Grid — San Francisco,seamless,14.0,121,0.8962962962962964,0.007407407407407401,0.0,1.7434626923745965e-19,0.007407407407407401,0.0,1.7434626923745965e-19,100
US Power Grid — San Francisco,seamless,14.0,122,0.9037037037037038,0.007407407407407401,0.0,1.7434626923745965e-19,0.007407407407407401,0.0,1.7434626923745965e-19,100
US Power Grid — San Francisco,seamless,14.0,123,0.9111111111111112,0.007407407407407401,0.0,1.7434626923745965e-19,0.007407407407407401,0.0,1.7434626923745965e-19,100
US Power Grid — San Francisco,seamless,14.0,124,0.9185185185185184,0.007407407407407401,0.0,1.7434626923745965e-19,0.007407407407407401,0.0,1.7434626923745965e-19,100
US Power Grid — San Francisco,seamless,14.0,125,0.925925925925926,0.007407407407407401,0.0,1.7434626923745965e-19,0.007407407407407401,0.0,1.7434626923745965e-19,100
US Power Grid — San Francisco,seamless,14.0,126,0.9333333333333332,0.007407407407407401,0.0,1.7434626923745965e-19,0.007407407407407401,0.0,1.7434626923745965e-19,100
US Power Grid — San Francisco,seamless,14.0,127,0.9407407407407408,0.007407407407407401,0.0,1.7434626923745965e-19,0.007407407407407401,0.0,1.7434626923745965e-19,100
US Power Grid — San Francisco,seamless,14.0,128,0.9481481481481482,0.007407407407407401,0.0,1.7434626923745965e-19,0.007407407407407401,0.0,1.7434626923745965e-19,100
US Power Grid — San Francisco,seamless,14.0,129,0.9555555555555556,0.007407407407407401,0.0,1.7434626923745965e-19,0.007407407407407401,0.0,1.7434626923745965e-19,100
US Power Grid — San Francisco,seamless,14.0,130,0.962962962962963,0.007407407407407401,0.0,1.7434626923745965e-19,0.007407407407407401,0.0,1.7434626923745965e-19,100
US Power Grid — San Francisco,seamless,14.0,131,0.9703703703703704,0.007407407407407401,0.0,1.7434626923745965e-19,0.007407407407407401,0.0,1.7434626923745965e-19,100
US Power Grid — San Francisco,seamless,14.0,132,0.977777777777778,0.007407407407407401,0.0,1.7434626923745965e-19,0.007407407407407401,0.0,1.7434626923745965e-19,100
US Power Grid — San Francisco,seamless,14.0,133,0.9851851851851852,0.007407407407407401,0.0,1.7434626923745965e-19,0.007407407407407401,0.0,1.7434626923745965e-19,100
US Power Grid — San Francisco,seamless,14.0,134,0.9925925925925926,0.007407407407407401,0.0,1.7434626923745965e-19,0.0,0.0,0.0,100
US Power Grid — San Francisco,seamless,14.0,135,1.0,0.0,0.0,0.0,0.0,0.0,0.0,100
US Power Grid — San Francisco,seamless,15.0,0,0.0,1.0,0.0,0.0,0.0,0.0,0.0,100
US Power Grid — San Francisco,seamless,15.0,1,0.0074074074074074,0.894074074074074,0.07826172635548362,0.007826172635548365,0.0795555555555555,0.07004864728048166,0.007004864728048167,100
US Power Grid — San Francisco,seamless,15.0,2,0.0148148148148148,0.7654814814814814,0.13102385280346476,0.013102385280346473,0.12918518518518513,0.09026445314964257,0.009026445314964255,100
US Power Grid — San Francisco,seamless,15.0,3,0.0222222222222222,0.5575555555555556,0.11788953467900058,0.011788953467900057,0.22022222222222218,0.07443872087707128,0.007443872087707128,100
US Power Grid — San Francisco,seamless,15.0,4,0.0296296296296296,0.3960740740740741,0.12310817220746982,0.012310817220746981,0.2002222222222222,0.06612369818798249,0.006612369818798249,100
US Power Grid — San Francisco,seamless,15.0,5,0.037037037037037,0.31592592592592594,0.09296893215975997,0.009296893215975998,0.2033333333333333,0.04848082142314937,0.004848082142314937,100
US Power Grid — San Francisco,seamless,15.0,6,0.0444444444444444,0.2611111111111111,0.06725331111804972,0.006725331111804972,0.1859259259259259,0.03916094955174049,0.0039160949551740485,100
US Power Grid — San Francisco,seamless,15.0,7,0.0518518518518518,0.2308888888888889,0.04280625988159655,0.004280625988159655,0.16888888888888887,0.030477942217721554,0.0030477942217721553,100
US Power Grid — San Francisco,seamless,15.0,8,0.0592592592592592,0.21007407407407405,0.043083284177403876,0.0043083284177403884,0.15607407407407403,0.0251198509974579,0.00251198509974579,100
US Power Grid — San Francisco,seamless,15.0,9,0.0666666666666666,0.19170370370370368,0.032506774069323854,0.003250677406932385,0.14659259259259255,0.020666185277464482,0.002066618527746448,100
US Power Grid — San Francisco,seamless,15.0,10,0.074074074074074,0.17540740740740737,0.028696105821349904,0.0028696105821349903,0.1404444444444444,0.025571734822159728,0.002557173482215973,100
US Power Grid — San Francisco,seamless,15.0,11,0.0814814814814814,0.16570370370370366,0.021721634495652925,0.002172163449565292,0.13229629629629625,0.0274349968819685,0.002743499688196851,100
US Power Grid — San Francisco,seamless,15.0,12,0.0888888888888888,0.1561481481481481,0.020078133670516363,0.002007813367051636,0.11022222222222217,0.027801436489186277,0.002780143648918628,100
US Power Grid — San Francisco,seamless,15.0,13,0.0962962962962963,0.143037037037037,0.025261542223541506,0.002526154222354151,0.09237037037037032,0.02156285784907444,0.0021562857849074437,100
US Power Grid — San Francisco,seamless,15.0,14,0.1037037037037037,0.13103703703703698,0.0284013070768104,0.00284013070768104,0.08318518518518513,0.020600643835670288,0.0020600643835670287,100
US Power Grid — San Francisco,seamless,15.0,15,0.1111111111111111,0.11814814814814811,0.028492488886249206,0.0028492488886249206,0.07311111111111104,0.01861642655070623,0.001861642655070623,100
US Power Grid — San Francisco,seamless,15.0,16,0.1185185185185185,0.10437037037037034,0.02739608061109764,0.0027396080611097645,0.06711111111111105,0.017197797144646886,0.0017197797144646878,100
US Power Grid — San Francisco,seamless,15.0,17,0.1259259259259259,0.09303703703703699,0.026243472444047726,0.0026243472444047733,0.06088888888888883,0.01403009649087261,0.0014030096490872611,100
US Power Grid — San Francisco,seamless,15.0,18,0.1333333333333333,0.08303703703703698,0.027074550281564587,0.002707455028156459,0.05570370370370365,0.010394925767750005,0.0010394925767750003,100
US Power Grid — San Francisco,seamless,15.0,19,0.1407407407407407,0.07370370370370365,0.023147586974118135,0.0023147586974118133,0.051703703703703655,0.007292790770186606,0.0007292790770186604,100
US Power Grid — San Francisco,seamless,15.0,20,0.1481481481481481,0.06570370370370365,0.019602540795998432,0.001960254079599843,0.049333333333333285,0.006158906835257728,0.0006158906835257728,100
US Power Grid — San Francisco,seamless,15.0,21,0.1555555555555555,0.061111111111111054,0.01675890012905474,0.0016758900129054735,0.048074074074074026,0.00571791680704328,0.0005717916807043281,100
US Power Grid — San Francisco,seamless,15.0,22,0.1629629629629629,0.05614814814814809,0.012331304763242122,0.001233130476324212,0.0458518518518518,0.004789568042591334,0.0004789568042591336,100
US Power Grid — San Francisco,seamless,15.0,23,0.1703703703703703,0.05118518518518513,0.008296443267363665,0.0008296443267363666,0.04407407407407403,0.0038504414811242242,0.0003850441481124226,100
US Power Grid — San Francisco,seamless,15.0,24,0.1777777777777777,0.04874074074074069,0.006590158316767746,0.0006590158316767747,0.04222222222222218,0.004009106868572777,0.0004009106868572779,100
US Power Grid — San Francisco,seamless,15.0,25,0.1851851851851852,0.04770370370370365,0.005892159691374366,0.0005892159691374367,0.041185185185185144,0.003984145047332661,0.0003984145047332662,100
US Power Grid — San Francisco,seamless,15.0,26,0.1925925925925926,0.046740740740740694,0.0051249778008117305,0.0005124977800811732,0.040296296296296254,0.0036954640857026514,0.0003695464085702653,100
US Power Grid — San Francisco,seamless,15.0,27,0.2,0.04570370370370366,0.003804101272002018,0.0003804101272002018,0.039481481481481444,0.0035006041675945208,0.000350060416759452,100
US Power Grid — San Francisco,seamless,15.0,28,0.2074074074074074,0.04555555555555551,0.003703703703703699,0.0003703703703703701,0.03896296296296292,0.003265511127976352,0.0003265511127976351,100
US Power Grid — San Francisco,seamless,15.0,29,0.2148148148148148,0.045185185185185134,0.003069538570410176,0.00030695385704101753,0.03859259259259255,0.0030322976351135674,0.00030322976351135686,100
US Power Grid — San Francisco,seamless,15.0,30,0.2222222222222222,0.04474074074074069,0.0029629629629629598,0.0002962962962962959,0.037999999999999964,0.0027160493827160445,0.00027160493827160456,100
US Power Grid — San Francisco,seamless,15.0,31,0.2296296296296296,0.044592592592592545,0.0027815786441588606,0.00027815786441588605,0.037777777777777743,0.0024691358024691327,0.00024691358024691326,100
US Power Grid — San Francisco,seamless,15.0,32,0.237037037037037,0.044370370370370324,0.0028823681527744604,0.000288236815277446,0.03725925925925922,0.001956985725600635,0.00019569857256006352,100
US Power Grid — San Francisco,seamless,15.0,33,0.2444444444444444,0.04399999999999995,0.003299281531164642,0.0003299281531164643,0.03696296296296293,0.001968281552317654,0.00019682815523176526,100
US Power Grid — San Francisco,seamless,15.0,34,0.2518518518518519,0.04325925925925921,0.003109008250178365,0.0003109008250178364,0.03666666666666663,0.0026582983798713812,0.000265829837987138,100
US Power Grid — San Francisco,seamless,15.0,35,0.2592592592592592,0.04237037037037033,0.0033426730359571296,0.0003342673035957128,0.03614814814814811,0.0030295547149365607,0.00030295547149365606,100
US Power Grid — San Francisco,seamless,15.0,36,0.2666666666666666,0.04103703703703699,0.003998031966562891,0.00039980319665628913,0.03496296296296293,0.004598887832717538,0.00045988878327175365,100
US Power Grid — San Francisco,seamless,15.0,37,0.2740740740740741,0.03977777777777774,0.004547380118942731,0.0004547380118942731,0.03355555555555552,0.005904844656952959,0.000590484465695296,100
US Power Grid — San Francisco,seamless,15.0,38,0.2814814814814815,0.03792592592592589,0.005888395935198948,0.000588839593519895,0.030888888888888858,0.0070670006140599075,0.0007067000614059907,100
US Power Grid — San Francisco,seamless,15.0,39,0.2888888888888889,0.036518518518518485,0.006339391698062776,0.0006339391698062778,0.028518518518518488,0.007169776095930155,0.0007169776095930155,100
US Power Grid — San Francisco,seamless,15.0,40,0.2962962962962963,0.03444444444444441,0.007169776095930157,0.0007169776095930155,0.025925925925925897,0.006273036414133382,0.0006273036414133381,100
US Power Grid — San Francisco,seamless,15.0,41,0.3037037037037037,0.030592592592592564,0.007783565444997931,0.000778356544499793,0.023481481481481457,0.004831046914025603,0.00048310469140256035,100
US Power Grid — San Francisco,seamless,15.0,42,0.3111111111111111,0.026740740740740714,0.006975432792911999,0.0006975432792912001,0.021925925925925904,0.003928106460916245,0.0003928106460916245,100
US Power Grid — San Francisco,seamless,15.0,43,0.3185185185185185,0.025333333333333305,0.006590158316767745,0.0006590158316767745,0.020592592592592572,0.004020151261036845,0.0004020151261036844,100
US Power Grid — San Francisco,seamless,15.0,44,0.3259259259259259,0.023259259259259233,0.00526632048377566,0.0005266320483775658,0.018592592592592574,0.004144378598294006,0.0004144378598294005,100
US Power Grid — San Francisco,seamless,15.0,45,0.3333333333333333,0.02185185185185183,0.00509025385878723,0.000509025385878723,0.01725925925925924,0.00350060416759452,0.0003500604167594521,100
US Power Grid — San Francisco,seamless,15.0,46,0.3407407407407407,0.020814814814814793,0.004672417314397183,0.0004672417314397183,0.01614814814814813,0.002860169775299027,0.00028601697752990267,100
US Power Grid — San Francisco,seamless,15.0,47,0.3481481481481481,0.019851851851851832,0.004325634826647234,0.0004325634826647234,0.015629629629629615,0.002329378057297924,0.00023293780572979238,100
US Power Grid — San Francisco,seamless,15.0,48,0.3555555555555555,0.019037037037037016,0.004498363542029721,0.00044983635420297186,0.015407407407407392,0.0020197031432910395,0.00020197031432910402,100
US Power Grid — San Francisco,seamless,15.0,49,0.362962962962963,0.0185185185185185,0.00452844915866038,0.00045284491586603795,0.01518518518518517,0.0016225401004265933,0.0001622540100426593,100
US Power Grid — San Francisco,seamless,15.0,50,0.3703703703703704,0.01762962962962961,0.0036135683793671325,0.0003613568379367132,0.015111111111111096,0.0014588621153106085,0.00014588621153106086,100
US Power Grid — San Francisco,seamless,15.0,51,0.3777777777777777,0.016962962962962947,0.0033781334931264314,0.00033781334931264306,0.014888888888888873,0.0007407407407407398,7.407407407407398e-05,100
US Power Grid — San Francisco,seamless,15.0,52,0.3851851851851852,0.016370370370370355,0.0030322976351135687,0.00030322976351135697,0.014888888888888873,0.0007407407407407398,7.407407407407398e-05,100
US Power Grid — San Francisco,seamless,15.0,53,0.3925925925925926,0.015999999999999983,0.0027292811050182975,0.0002729281105018298,0.014814814814814802,0.0,3.486925384749193e-19,100
US Power Grid — San Francisco,seamless,15.0,54,0.4,0.01570370370370369,0.0024192491286747415,0.0002419249128674741,0.014814814814814802,0.0,3.486925384749193e-19,100
US Power Grid — San Francisco,seamless,15.0,55,0.4074074074074074,0.01555555555555554,0.0022334173672426904,0.00022334173672426908,0.014814814814814802,0.0,3.486925384749193e-19,100
US Power Grid — San Francisco,seamless,15.0,56,0.4148148148148148,0.015333333333333317,0.001899499259083278,0.00018994992590832776,0.014814814814814802,0.0,3.486925384749193e-19,100
US Power Grid — San Francisco,seamless,15.0,57,0.4222222222222222,0.01518518518518517,0.001622540100426593,0.00016225401004265927,0.014814814814814802,0.0,3.486925384749193e-19,100
US Power Grid — San Francisco,seamless,15.0,58,0.4296296296296296,0.015037037037037022,0.001269974874057519,0.00012699748740575188,0.014814814814814802,0.0,3.486925384749193e-19,100
US Power Grid — San Francisco,seamless,15.0,59,0.437037037037037,0.015037037037037022,0.001269974874057519,0.00012699748740575188,0.014814814814814802,0.0,3.486925384749193e-19,100
US Power Grid — San Francisco,seamless,15.0,60,0.4444444444444445,0.015037037037037022,0.001269974874057519,0.00012699748740575188,0.014666666666666653,0.0010422614380465895,0.00010422614380465892,100
US Power Grid — San Francisco,seamless,15.0,61,0.4518518518518519,0.014962962962962947,0.0010422614380465893,0.00010422614380465892,0.013925925925925913,0.0024192491286747415,0.00024192491286747415,100
US Power Grid — San Francisco,seamless,15.0,62,0.4592592592592592,0.014592592592592577,0.0016496407655823215,0.00016496407655823217,0.012740740740740728,0.0033426730359571288,0.000334267303595713,100
US Power Grid — San Francisco,seamless,15.0,63,0.4666666666666667,0.013851851851851837,0.0025036864369602286,0.00025036864369602275,0.011259259259259248,0.0037193831968050208,0.00037193831968050206,100
US Power Grid — San Francisco,seamless,15.0,64,0.4740740740740741,0.012592592592592579,0.0034116013812728724,0.00034116013812728735,0.009407407407407397,0.003305155876581283,0.00033051558765812835,100
US Power Grid — San Francisco,seamless,15.0,65,0.4814814814814815,0.011777777777777765,0.0036615634846200737,0.00036615634846200726,0.008444444444444435,0.0025832228742205675,0.0002583222874220568,100
US Power Grid — San Francisco,seamless,15.0,66,0.4888888888888889,0.010666666666666656,0.003695464085702655,0.0003695464085702654,0.007925925925925918,0.0018994992590832776,0.00018994992590832776,100
US Power Grid — San Francisco,seamless,15.0,67,0.4962962962962963,0.009481481481481473,0.0033426730359571296,0.000334267303595713,0.0074814814814814735,0.00074074074074074,7.407407407407398e-05,100
US Power Grid — San Francisco,seamless,15.0,68,0.5037037037037038,0.008814814814814805,0.002920572180767868,0.0002920572180767868,0.0074814814814814735,0.00074074074074074,7.407407407407398e-05,100
US Power Grid — San Francisco,seamless,15.0,69,0.5111111111111112,0.007999999999999991,0.0020197031432910404,0.00020197031432910402,0.0074814814814814735,0.00074074074074074,7.407407407407398e-05,100
US Power Grid — San Francisco,seamless,15.0,70,0.5185185185185185,0.007703703703703696,0.001458862115310609,0.00014588621153106086,0.007407407407407401,0.0,1.7434626923745965e-19,100
US Power Grid — San Francisco,seamless,15.0,71,0.5259259259259259,0.007407407407407401,0.0,1.7434626923745965e-19,0.007407407407407401,0.0,1.7434626923745965e-19,100
US Power Grid — San Francisco,seamless,15.0,72,0.5333333333333333,0.007407407407407401,0.0,1.7434626923745965e-19,0.007407407407407401,0.0,1.7434626923745965e-19,100
US Power Grid — San Francisco,seamless,15.0,73,0.5407407407407407,0.007407407407407401,0.0,1.7434626923745965e-19,0.007407407407407401,0.0,1.7434626923745965e-19,100
US Power Grid — San Francisco,seamless,15.0,74,0.5481481481481482,0.007407407407407401,0.0,1.7434626923745965e-19,0.007407407407407401,0.0,1.7434626923745965e-19,100
US Power Grid — San Francisco,seamless,15.0,75,0.5555555555555556,0.007407407407407401,0.0,1.7434626923745965e-19,0.007407407407407401,0.0,1.7434626923745965e-19,100
US Power Grid — San Francisco,seamless,15.0,76,0.562962962962963,0.007407407407407401,0.0,1.7434626923745965e-19,0.007407407407407401,0.0,1.7434626923745965e-19,100
US Power Grid — San Francisco,seamless,15.0,77,0.5703703703703704,0.007407407407407401,0.0,1.7434626923745965e-19,0.007407407407407401,0.0,1.7434626923745965e-19,100
US Power Grid — San Francisco,seamless,15.0,78,0.5777777777777778,0.007407407407407401,0.0,1.7434626923745965e-19,0.007407407407407401,0.0,1.7434626923745965e-19,100
US Power Grid — San Francisco,seamless,15.0,79,0.5851851851851853,0.007407407407407401,0.0,1.7434626923745965e-19,0.007407407407407401,0.0,1.7434626923745965e-19,100
US Power Grid — San Francisco,seamless,15.0,80,0.5925925925925926,0.007407407407407401,0.0,1.7434626923745965e-19,0.007407407407407401,0.0,1.7434626923745965e-19,100
US Power Grid — San Francisco,seamless,15.0,81,0.6,0.007407407407407401,0.0,1.7434626923745965e-19,0.007407407407407401,0.0,1.7434626923745965e-19,100
US Power Grid — San Francisco,seamless,15.0,82,0.6074074074074074,0.007407407407407401,0.0,1.7434626923745965e-19,0.007407407407407401,0.0,1.7434626923745965e-19,100
US Power Grid — San Francisco,seamless,15.0,83,0.6148148148148148,0.007407407407407401,0.0,1.7434626923745965e-19,0.007407407407407401,0.0,1.7434626923745965e-19,100
US Power Grid — San Francisco,seamless,15.0,84,0.6222222222222222,0.007407407407407401,0.0,1.7434626923745965e-19,0.007407407407407401,0.0,1.7434626923745965e-19,100
US Power Grid — San Francisco,seamless,15.0,85,0.6296296296296297,0.007407407407407401,0.0,1.7434626923745965e-19,0.007407407407407401,0.0,1.7434626923745965e-19,100
US Power Grid — San Francisco,seamless,15.0,86,0.6370370370370371,0.007407407407407401,0.0,1.7434626923745965e-19,0.007407407407407401,0.0,1.7434626923745965e-19,100
US Power Grid — San Francisco,seamless,15.0,87,0.6444444444444445,0.007407407407407401,0.0,1.7434626923745965e-19,0.007407407407407401,0.0,1.7434626923745965e-19,100
US Power Grid — San Francisco,seamless,15.0,88,0.6518518518518519,0.007407407407407401,0.0,1.7434626923745965e-19,0.007407407407407401,0.0,1.7434626923745965e-19,100
US Power Grid — San Francisco,seamless,15.0,89,0.6592592592592593,0.007407407407407401,0.0,1.7434626923745965e-19,0.007407407407407401,0.0,1.7434626923745965e-19,100
US Power Grid — San Francisco,seamless,15.0,90,0.6666666666666667,0.007407407407407401,0.0,1.7434626923745965e-19,0.007407407407407401,0.0,1.7434626923745965e-19,100
US Power Grid — San Francisco,seamless,15.0,91,0.674074074074074,0.007407407407407401,0.0,1.7434626923745965e-19,0.007407407407407401,0.0,1.7434626923745965e-19,100
US Power Grid — San Francisco,seamless,15.0,92,0.6814814814814815,0.007407407407407401,0.0,1.7434626923745965e-19,0.007407407407407401,0.0,1.7434626923745965e-19,100
US Power Grid — San Francisco,seamless,15.0,93,0.6888888888888889,0.007407407407407401,0.0,1.7434626923745965e-19,0.007407407407407401,0.0,1.7434626923745965e-19,100
US Power Grid — San Francisco,seamless,15.0,94,0.6962962962962963,0.007407407407407401,0.0,1.7434626923745965e-19,0.007407407407407401,0.0,1.7434626923745965e-19,100
US Power Grid — San Francisco,seamless,15.0,95,0.7037037037037037,0.007407407407407401,0.0,1.7434626923745965e-19,0.007407407407407401,0.0,1.7434626923745965e-19,100
US Power Grid — San Francisco,seamless,15.0,96,0.7111111111111111,0.007407407407407401,0.0,1.7434626923745965e-19,0.007407407407407401,0.0,1.7434626923745965e-19,100
US Power Grid — San Francisco,seamless,15.0,97,0.7185185185185186,0.007407407407407401,0.0,1.7434626923745965e-19,0.007407407407407401,0.0,1.7434626923745965e-19,100
US Power Grid — San Francisco,seamless,15.0,98,0.725925925925926,0.007407407407407401,0.0,1.7434626923745965e-19,0.007407407407407401,0.0,1.7434626923745965e-19,100
US Power Grid — San Francisco,seamless,15.0,99,0.7333333333333334,0.007407407407407401,0.0,1.7434626923745965e-19,0.007407407407407401,0.0,1.7434626923745965e-19,100
US Power Grid — San Francisco,seamless,15.0,100,0.7407407407407408,0.007407407407407401,0.0,1.7434626923745965e-19,0.007407407407407401,0.0,1.7434626923745965e-19,100
US Power Grid — San Francisco,seamless,15.0,101,0.7481481481481482,0.007407407407407401,0.0,1.7434626923745965e-19,0.007407407407407401,0.0,1.7434626923745965e-19,100
US Power Grid — San Francisco,seamless,15.0,102,0.7555555555555555,0.007407407407407401,0.0,1.7434626923745965e-19,0.007407407407407401,0.0,1.7434626923745965e-19,100
US Power Grid — San Francisco,seamless,15.0,103,0.762962962962963,0.007407407407407401,0.0,1.7434626923745965e-19,0.007407407407407401,0.0,1.7434626923745965e-19,100
US Power Grid — San Francisco,seamless,15.0,104,0.7703703703703704,0.007407407407407401,0.0,1.7434626923745965e-19,0.007407407407407401,0.0,1.7434626923745965e-19,100
US Power Grid — San Francisco,seamless,15.0,105,0.7777777777777778,0.007407407407407401,0.0,1.7434626923745965e-19,0.007407407407407401,0.0,1.7434626923745965e-19,100
US Power Grid — San Francisco,seamless,15.0,106,0.7851851851851852,0.007407407407407401,0.0,1.7434626923745965e-19,0.007407407407407401,0.0,1.7434626923745965e-19,100
US Power Grid — San Francisco,seamless,15.0,107,0.7925925925925926,0.007407407407407401,0.0,1.7434626923745965e-19,0.007407407407407401,0.0,1.7434626923745965e-19,100
US Power Grid — San Francisco,seamless,15.0,108,0.8,0.007407407407407401,0.0,1.7434626923745965e-19,0.007407407407407401,0.0,1.7434626923745965e-19,100
US Power Grid — San Francisco,seamless,15.0,109,0.8074074074074075,0.007407407407407401,0.0,1.7434626923745965e-19,0.007407407407407401,0.0,1.7434626923745965e-19,100
US Power Grid — San Francisco,seamless,15.0,110,0.8148148148148149,0.007407407407407401,0.0,1.7434626923745965e-19,0.007407407407407401,0.0,1.7434626923745965e-19,100
US Power Grid — San Francisco,seamless,15.0,111,0.8222222222222223,0.007407407407407401,0.0,1.7434626923745965e-19,0.007407407407407401,0.0,1.7434626923745965e-19,100
US Power Grid — San Francisco,seamless,15.0,112,0.8296296296296297,0.007407407407407401,0.0,1.7434626923745965e-19,0.007407407407407401,0.0,1.7434626923745965e-19,100
US Power Grid — San Francisco,seamless,15.0,113,0.837037037037037,0.007407407407407401,0.0,1.7434626923745965e-19,0.007407407407407401,0.0,1.7434626923745965e-19,100
US Power Grid — San Francisco,seamless,15.0,114,0.8444444444444444,0.007407407407407401,0.0,1.7434626923745965e-19,0.007407407407407401,0.0,1.7434626923745965e-19,100
US Power Grid — San Francisco,seamless,15.0,115,0.8518518518518519,0.007407407407407401,0.0,1.7434626923745965e-19,0.007407407407407401,0.0,1.7434626923745965e-19,100
US Power Grid — San Francisco,seamless,15.0,116,0.8592592592592593,0.007407407407407401,0.0,1.7434626923745965e-19,0.007407407407407401,0.0,1.7434626923745965e-19,100
US Power Grid — San Francisco,seamless,15.0,117,0.8666666666666667,0.007407407407407401,0.0,1.7434626923745965e-19,0.007407407407407401,0.0,1.7434626923745965e-19,100
US Power Grid — San Francisco,seamless,15.0,118,0.8740740740740741,0.007407407407407401,0.0,1.7434626923745965e-19,0.007407407407407401,0.0,1.7434626923745965e-19,100
US Power Grid — San Francisco,seamless,15.0,119,0.8814814814814815,0.007407407407407401,0.0,1.7434626923745965e-19,0.007407407407407401,0.0,1.7434626923745965e-19,100
US Power Grid — San Francisco,seamless,15.0,120,0.888888888888889,0.007407407407407401,0.0,1.7434626923745965e-19,0.007407407407407401,0.0,1.7434626923745965e-19,100
US Power Grid — San Francisco,seamless,15.0,121,0.8962962962962964,0.007407407407407401,0.0,1.7434626923745965e-19,0.007407407407407401,0.0,1.7434626923745965e-19,100
US Power Grid — San Francisco,seamless,15.0,122,0.9037037037037038,0.007407407407407401,0.0,1.7434626923745965e-19,0.007407407407407401,0.0,1.7434626923745965e-19,100
US Power Grid — San Francisco,seamless,15.0,123,0.9111111111111112,0.007407407407407401,0.0,1.7434626923745965e-19,0.007407407407407401,0.0,1.7434626923745965e-19,100
US Power Grid — San Francisco,seamless,15.0,124,0.9185185185185184,0.007407407407407401,0.0,1.7434626923745965e-19,0.007407407407407401,0.0,1.7434626923745965e-19,100
US Power Grid — San Francisco,seamless,15.0,125,0.925925925925926,0.007407407407407401,0.0,1.7434626923745965e-19,0.007407407407407401,0.0,1.7434626923745965e-19,100
US Power Grid — San Francisco,seamless,15.0,126,0.9333333333333332,0.007407407407407401,0.0,1.7434626923745965e-19,0.007407407407407401,0.0,1.7434626923745965e-19,100
US Power Grid — San Francisco,seamless,15.0,127,0.9407407407407408,0.007407407407407401,0.0,1.7434626923745965e-19,0.007407407407407401,0.0,1.7434626923745965e-19,100
US Power Grid — San Francisco,seamless,15.0,128,0.9481481481481482,0.007407407407407401,0.0,1.7434626923745965e-19,0.007407407407407401,0.0,1.7434626923745965e-19,100
US Power Grid — San Francisco,seamless,15.0,129,0.9555555555555556,0.007407407407407401,0.0,1.7434626923745965e-19,0.007407407407407401,0.0,1.7434626923745965e-19,100
US Power Grid — San Francisco,seamless,15.0,130,0.962962962962963,0.007407407407407401,0.0,1.7434626923745965e-19,0.007407407407407401,0.0,1.7434626923745965e-19,100
US Power Grid — San Francisco,seamless,15.0,131,0.9703703703703704,0.007407407407407401,0.0,1.7434626923745965e-19,0.007407407407407401,0.0,1.7434626923745965e-19,100
US Power Grid — San Francisco,seamless,15.0,132,0.977777777777778,0.007407407407407401,0.0,1.7434626923745965e-19,0.007407407407407401,0.0,1.7434626923745965e-19,100
US Power Grid — San Francisco,seamless,15.0,133,0.9851851851851852,0.007407407407407401,0.0,1.7434626923745965e-19,0.007407407407407401,0.0,1.7434626923745965e-19,100
US Power Grid — San Francisco,seamless,15.0,134,0.9925925925925926,0.007407407407407401,0.0,1.7434626923745965e-19,0.0,0.0,0.0,100
US Power Grid — San Francisco,seamless,15.0,135,1.0,0.0,0.0,0.0,0.0,0.0,0.0,100
US Power Grid — San Francisco,seamless,16.0,0,0.0,1.0,0.0,0.0,0.0,0.0,0.0,100
US Power Grid — San Francisco,seamless,16.0,1,0.0074074074074074,0.9054814814814814,0.06041814822315205,0.006041814822315204,0.07074074074074069,0.05482244817983657,0.005482244817983657,100
US Power Grid — San Francisco,seamless,16.0,2,0.0148148148148148,0.7654074074074074,0.1289423499430876,0.01289423499430876,0.1281481481481481,0.0861435380577337,0.008614353805773368,100
US Power Grid — San Francisco,seamless,16.0,3,0.0222222222222222,0.5581481481481482,0.08728681593615494,0.008728681593615492,0.22696296296296292,0.07088159744460916,0.0070881597444609175,100
US Power Grid — San Francisco,seamless,16.0,4,0.0296296296296296,0.3994814814814815,0.12524520572846892,0.012524520572846889,0.19807407407407404,0.06363057949116536,0.0063630579491165355,100
US Power Grid — San Francisco,seamless,16.0,5,0.037037037037037,0.3051111111111111,0.08371721035609034,0.008371721035609033,0.20281481481481478,0.04625061719557312,0.004625061719557311,100
US Power Grid — San Francisco,seamless,16.0,6,0.0444444444444444,0.2522962962962963,0.06165041089673389,0.006165041089673391,0.17585185185185181,0.03694894124398453,0.003694894124398453,100
US Power Grid — San Francisco,seamless,16.0,7,0.0518518518518518,0.2262962962962963,0.04715955364232855,0.004715955364232855,0.16370370370370366,0.0272419958673031,0.0027241995867303094,100
US Power Grid — San Francisco,seamless,16.0,8,0.0592592592592592,0.20377777777777775,0.03903329503294573,0.003903329503294574,0.15348148148148144,0.018894939723169378,0.0018894939723169378,100
US Power Grid — San Francisco,seamless,16.0,9,0.0666666666666666,0.18807407407407403,0.037013011286990784,0.0037013011286990785,0.14837037037037032,0.02093688981739608,0.002093688981739607,100
US Power Grid — San Francisco,seamless,16.0,10,0.074074074074074,0.17681481481481476,0.0347383165094558,0.0034738316509455797,0.14177777777777772,0.025638835876196305,0.0025638835876196308,100
US Power Grid — San Francisco,seamless,16.0,11,0.0814814814814814,0.16488888888888883,0.023744353472331347,0.002374435347233135,0.12977777777777771,0.029769218514768464,0.0029769218514768474,100
US Power Grid — San Francisco,seamless,16.0,12,0.0888888888888888,0.15399999999999994,0.020477594209265756,0.002047759420926576,0.11592592592592588,0.029146358109959084,0.002914635810995909,100
US Power Grid — San Francisco,seamless,16.0,13,0.0962962962962963,0.143037037037037,0.023862519776383352,0.0023862519776383347,0.10081481481481475,0.026402965181350373,0.0026402965181350365,100
US Power Grid — San Francisco,seamless,16.0,14,0.1037037037037037,0.13281481481481477,0.02659872043710196,0.0026598720437101967,0.08896296296296292,0.024948048444127933,0.002494804844412793,100
US Power Grid — San Francisco,seamless,16.0,15,0.1111111111111111,0.11955555555555553,0.02963000373875307,0.002963000373875307,0.07866666666666661,0.022452479612269007,0.002245247961226901,100
US Power Grid — San Francisco,seamless,16.0,16,0.1185185185185185,0.10599999999999996,0.029977290689356367,0.002997729068935637,0.07081481481481476,0.020720421878760706,0.002072042187876071,100
US Power Grid — San Francisco,seamless,16.0,17,0.1259259259259259,0.09266666666666662,0.026373560633766786,0.0026373560633766785,0.06437037037037031,0.01776452305479345,0.001776452305479345,100
US Power Grid — San Francisco,seamless,16.0,18,0.1333333333333333,0.08199999999999996,0.02542686793100475,0.0025426867931004743,0.05785185185185179,0.01300996236349091,0.001300996236349091,100
US Power Grid — San Francisco,seamless,16.0,19,0.1407407407407407,0.07414814814814809,0.021096174184272714,0.0021096174184272723,0.05311111111111105,0.007952624684714254,0.0007952624684714254,100
US Power Grid — San Francisco,seamless,16.0,20,0.1481481481481481,0.06881481481481476,0.019478876751726326,0.0019478876751726326,0.04896296296296291,0.0055606660619654386,0.0005560666061965442,100
US Power Grid — San Francisco,seamless,16.0,21,0.1555555555555555,0.05999999999999995,0.015880140207249382,0.0015880140207249383,0.046962962962962915,0.003970209555012436,0.0003970209555012435,100
US Power Grid — San Francisco,seamless,16.0,22,0.1629629629629629,0.05348148148148143,0.010766832351608427,0.0010766832351608426,0.04562962962962958,0.003899785208616652,0.00038997852086166535,100
US Power Grid — San Francisco,seamless,16.0,23,0.1703703703703703,0.050444444444444396,0.009160037016571568,0.0009160037016571565,0.04385185185185181,0.004033914229267833,0.00040339142292678324,100
US Power Grid — San Francisco,seamless,16.0,24,0.1777777777777777,0.04851851851851847,0.00724666597412252,0.0007246665974122519,0.04192592592592589,0.004107437447538993,0.0004107437447538994,100
US Power Grid — San Francisco,seamless,16.0,25,0.1851851851851852,0.046962962962962915,0.006068249741947899,0.0006068249741947899,0.04096296296296292,0.004002881006509487,0.0004002881006509489,100
US Power Grid — San Francisco,seamless,16.0,26,0.1925925925925926,0.046740740740740694,0.006020108282366323,0.0006020108282366323,0.04044444444444441,0.0038569134202008134,0.00038569134202008117,100
US Power Grid — San Francisco,seamless,16.0,27,0.2,0.04622222222222217,0.0055830470810758264,0.0005583047081075827,0.039925925925925886,0.0036311639259273823,0.0003631163925927382,100
US Power Grid — San Francisco,seamless,16.0,28,0.2074074074074074,0.04533333333333329,0.003207285494858224,0.0003207285494858224,0.03911111111111107,0.0033426730359571288,0.0003342673035957128,100
US Power Grid — San Francisco,seamless,16.0,29,0.2148148148148148,0.04503703703703699,0.002917724230621218,0.0002917724230621218,0.0387407407407407,0.0031329821087529653,0.0003132982108752964,100
US Power Grid — San Francisco,seamless,16.0,30,0.2222222222222222,0.04496296296296291,0.002835844025011318,0.0002835844025011318,0.03829629629629626,0.0027964827264343422,0.0002796482726434343,100
US Power Grid — San Francisco,seamless,16.0,31,0.2296296296296296,0.044666666666666625,0.0024590140462534744,0.0002459014046253474,0.037777777777777743,0.0024691358024691314,0.00024691358024691326,100
US Power Grid — San Francisco,seamless,16.0,32,0.237037037037037,0.04422222222222217,0.001649640765582322,0.00016496407655823214,0.03770370370370366,0.0023764885501023915,0.00023764885501023923,100
US Power Grid — San Francisco,seamless,16.0,33,0.2444444444444444,0.04407407407407403,0.0019341961772855296,0.0001934196177285529,0.037333333333333295,0.001799098981774532,0.00017990989817745327,100
US Power Grid — San Francisco,seamless,16.0,34,0.2518518518518519,0.04355555555555551,0.0026384171052597234,0.0002638417105259725,0.03688888888888885,0.002349515440292617,0.0002349515440292617,100
US Power Grid — San Francisco,seamless,16.0,35,0.2592592592592592,0.04296296296296291,0.0029778898229902537,0.00029778898229902543,0.03614814814814811,0.00337567159544017,0.0003375671595440169,100
US Power Grid — San Francisco,seamless,16.0,36,0.2666666666666666,0.04237037037037033,0.003342673035957128,0.0003342673035957128,0.035407407407407374,0.004414414070498709,0.00044144140704987096,100
US Power Grid — San Francisco,seamless,16.0,37,0.2740740740740741,0.04081481481481477,0.004527837164717637,0.00045278371647176343,0.03377777777777774,0.0057973327792980155,0.0005797332779298016,100
US Power Grid — San Francisco,seamless,16.0,38,0.2814814814814815,0.039481481481481444,0.004714926914680932,0.0004714926914680934,0.03096296296296293,0.006934392275747337,0.0006934392275747334,100
US Power Grid — San Francisco,seamless,16.0,39,0.2888888888888889,0.03725925925925922,0.005810224776031674,0.0005810224776031671,0.027999999999999973,0.006789001029564203,0.00067890010295642,100
US Power Grid — San Francisco,seamless,16.0,40,0.2962962962962963,0.03385185185185182,0.007313660424046954,0.0007313660424046954,0.025555555555555526,0.005990575149307522,0.0005990575149307522,100
US Power Grid — San Francisco,seamless,16.0,41,0.3037037037037037,0.031037037037037005,0.0077864131778088395,0.0007786413177808839,0.022666666666666644,0.004317940243335871,0.00043179402433358706,100
US Power Grid — San Francisco,seamless,16.0,42,0.3111111111111111,0.027259259259259233,0.0074357855213630815,0.000743578552136308,0.020888888888888867,0.00426108875947646,0.000426108875947646,100
US Power Grid — San Francisco,seamless,16.0,43,0.3185185185185185,0.024666666666666642,0.006321881951327513,0.0006321881951327511,0.01948148148148146,0.004030477893156238,0.00040304778931562384,100
US Power Grid — San Francisco,seamless,16.0,44,0.3259259259259259,0.023407407407407384,0.005543196128553982,0.0005543196128553982,0.018370370370370353,0.0037193831968050195,0.00037193831968050206,100
US Power Grid — San Francisco,seamless,16.0,45,0.3333333333333333,0.021925925925925904,0.00546262213042683,0.000546262213042683,0.016814814814814796,0.0033051558765812843,0.00033051558765812835,100
US Power Grid — San Francisco,seamless,16.0,46,0.3407407407407407,0.020814814814814793,0.0050156673518166476,0.0005015667351816648,0.01592592592592591,0.0026582983798713795,0.00026582983798713794,100
US Power Grid — San Francisco,seamless,16.0,47,0.3481481481481481,0.019555555555555534,0.004011870817104173,0.0004011870817104173,0.01570370370370369,0.0024192491286747415,0.0002419249128674741,100
US Power Grid — San Francisco,seamless,16.0,48,0.3555555555555555,0.018592592592592574,0.003721617731819932,0.0003721617731819932,0.015407407407407392,0.0020197031432910395,0.00020197031432910402,100
US Power Grid — San Francisco,seamless,16.0,49,0.362962962962963,0.01799999999999998,0.0036857026070832776,0.0003685702607083278,0.015111111111111096,0.0014588621153106087,0.00014588621153106086,100
US Power Grid — San Francisco,seamless,16.0,50,0.3703703703703704,0.01740740740740739,0.0035509072995637166,0.0003550907299563717,0.014962962962962947,0.0010422614380465893,0.00010422614380465892,100
US Power Grid — San Francisco,seamless,16.0,51,0.3777777777777777,0.01711111111111109,0.0034431348052720826,0.00034431348052720836,0.014888888888888873,0.0007407407407407398,7.407407407407398e-05,100
US Power Grid — San Francisco,seamless,16.0,52,0.3851851851851852,0.01703703703703702,0.0034116013812728724,0.00034116013812728724,0.014814814814814802,0.0,3.486925384749193e-19,100
US Power Grid — San Francisco,seamless,16.0,53,0.3925925925925926,0.016740740740740723,0.0032655111279763513,0.00032655111279763523,0.014814814814814802,0.0,3.486925384749193e-19,100
US Power Grid — San Francisco,seamless,16.0,54,0.4,0.016222222222222204,0.0029205721807678674,0.00029205721807678674,0.014814814814814802,0.0,3.486925384749193e-19,100
US Power Grid — San Francisco,seamless,16.0,55,0.4074074074074074,0.015777777777777762,0.002503686436960227,0.00025036864369602275,0.014814814814814802,0.0,3.486925384749193e-19,100
US Power Grid — San Francisco,seamless,16.0,56,0.4148148148148148,0.015629629629629615,0.002329378057297923,0.00023293780572979238,0.014814814814814802,0.0,3.486925384749193e-19,100
US Power Grid — San Francisco,seamless,16.0,57,0.4222222222222222,0.01555555555555554,0.00223341736724269,0.00022334173672426908,0.014814814814814802,0.0,3.486925384749193e-19,100
US Power Grid — San Francisco,seamless,16.0,58,0.4296296296296296,0.015481481481481464,0.002130544379738229,0.000213054437973823,0.014814814814814802,0.0,3.486925384749193e-19,100
US Power Grid — San Francisco,seamless,16.0,59,0.437037037037037,0.015111111111111096,0.0014588621153106085,0.00014588621153106086,0.014814814814814802,0.0,3.486925384749193e-19,100
US Power Grid — San Francisco,seamless,16.0,60,0.4444444444444445,0.014962962962962947,0.0010422614380465893,0.00010422614380465892,0.014740740740740726,0.0007407407407407399,7.4074074074074e-05,100
US Power Grid — San Francisco,seamless,16.0,61,0.4518518518518519,0.014888888888888873,0.0007407407407407398,7.407407407407398e-05,0.014370370370370356,0.0017680241227847544,0.00017680241227847538,100
US Power Grid — San Francisco,seamless,16.0,62,0.4592592592592592,0.014814814814814802,0.0010528430437314088,0.00010528430437314084,0.013111111111111098,0.003132982108752965,0.00031329821087529655,100
US Power Grid — San Francisco,seamless,16.0,63,0.4666666666666667,0.013851851851851837,0.002503686436960228,0.00025036864369602275,0.011333333333333322,0.003715655985530307,0.0003715655985530307,100
US Power Grid — San Francisco,seamless,16.0,64,0.4740740740740741,0.012814814814814801,0.003305155876581283,0.00033051558765812835,0.00985185185185184,0.003500604167594521,0.0003500604167594521,100
US Power Grid — San Francisco,seamless,16.0,65,0.4814814814814815,0.011259259259259248,0.0037193831968050208,0.00037193831968050206,0.00814814814814814,0.0022334173672426917,0.00022334173672426913,100
US Power Grid — San Francisco,seamless,16.0,66,0.4888888888888889,0.010148148148148137,0.0035943450895845135,0.0003594345089584513,0.007851851851851844,0.0017680241227847537,0.0001768024122784754,100
US Power Grid — San Francisco,seamless,16.0,67,0.4962962962962963,0.00962962962962962,0.0034116013812728724,0.0003411601381272873,0.007555555555555548,0.001042261438046589,0.00010422614380465892,100
US Power Grid — San Francisco,seamless,16.0,68,0.5037037037037038,0.00888888888888888,0.0029778898229902546,0.0002977889822990255,0.0074814814814814735,0.00074074074074074,7.407407407407398e-05,100
US Power Grid — San Francisco,seamless,16.0,69,0.5111111111111112,0.008222222222222214,0.002329378057297924,0.00023293780572979238,0.0074814814814814735,0.00074074074074074,7.407407407407398e-05,100
US Power Grid — San Francisco,seamless,16.0,70,0.5185185185185185,0.007703703703703696,0.0014588621153106087,0.00014588621153106086,0.0074814814814814735,0.00074074074074074,7.407407407407398e-05,100
US Power Grid — San Francisco,seamless,16.0,71,0.5259259259259259,0.007555555555555548,0.0010422614380465893,0.00010422614380465892,0.0074814814814814735,0.00074074074074074,7.407407407407398e-05,100
US Power Grid — San Francisco,seamless,16.0,72,0.5333333333333333,0.007555555555555548,0.0010422614380465893,0.00010422614380465892,0.007407407407407401,0.0,1.7434626923745965e-19,100
US Power Grid — San Francisco,seamless,16.0,73,0.5407407407407407,0.007555555555555548,0.0010422614380465893,0.00010422614380465892,0.007407407407407401,0.0,1.7434626923745965e-19,100
US Power Grid — San Francisco,seamless,16.0,74,0.5481481481481482,0.007407407407407401,0.0,1.7434626923745965e-19,0.007407407407407401,0.0,1.7434626923745965e-19,100
US Power Grid — San Francisco,seamless,16.0,75,0.5555555555555556,0.007407407407407401,0.0,1.7434626923745965e-19,0.007407407407407401,0.0,1.7434626923745965e-19,100
US Power Grid — San Francisco,seamless,16.0,76,0.562962962962963,0.007407407407407401,0.0,1.7434626923745965e-19,0.007407407407407401,0.0,1.7434626923745965e-19,100
US Power Grid — San Francisco,seamless,16.0,77,0.5703703703703704,0.007407407407407401,0.0,1.7434626923745965e-19,0.007407407407407401,0.0,1.7434626923745965e-19,100
US Power Grid — San Francisco,seamless,16.0,78,0.5777777777777778,0.007407407407407401,0.0,1.7434626923745965e-19,0.007407407407407401,0.0,1.7434626923745965e-19,100
US Power Grid — San Francisco,seamless,16.0,79,0.5851851851851853,0.007407407407407401,0.0,1.7434626923745965e-19,0.007407407407407401,0.0,1.7434626923745965e-19,100
US Power Grid — San Francisco,seamless,16.0,80,0.5925925925925926,0.007407407407407401,0.0,1.7434626923745965e-19,0.007407407407407401,0.0,1.7434626923745965e-19,100
US Power Grid — San Francisco,seamless,16.0,81,0.6,0.007407407407407401,0.0,1.7434626923745965e-19,0.007407407407407401,0.0,1.7434626923745965e-19,100
US Power Grid — San Francisco,seamless,16.0,82,0.6074074074074074,0.007407407407407401,0.0,1.7434626923745965e-19,0.007407407407407401,0.0,1.7434626923745965e-19,100
US Power Grid — San Francisco,seamless,16.0,83,0.6148148148148148,0.007407407407407401,0.0,1.7434626923745965e-19,0.007407407407407401,0.0,1.7434626923745965e-19,100
US Power Grid — San Francisco,seamless,16.0,84,0.6222222222222222,0.007407407407407401,0.0,1.7434626923745965e-19,0.007407407407407401,0.0,1.7434626923745965e-19,100
US Power Grid — San Francisco,seamless,16.0,85,0.6296296296296297,0.007407407407407401,0.0,1.7434626923745965e-19,0.007407407407407401,0.0,1.7434626923745965e-19,100
US Power Grid — San Francisco,seamless,16.0,86,0.6370370370370371,0.007407407407407401,0.0,1.7434626923745965e-19,0.007407407407407401,0.0,1.7434626923745965e-19,100
US Power Grid — San Francisco,seamless,16.0,87,0.6444444444444445,0.007407407407407401,0.0,1.7434626923745965e-19,0.007407407407407401,0.0,1.7434626923745965e-19,100
US Power Grid — San Francisco,seamless,16.0,88,0.6518518518518519,0.007407407407407401,0.0,1.7434626923745965e-19,0.007407407407407401,0.0,1.7434626923745965e-19,100
US Power Grid — San Francisco,seamless,16.0,89,0.6592592592592593,0.007407407407407401,0.0,1.7434626923745965e-19,0.007407407407407401,0.0,1.7434626923745965e-19,100
US Power Grid — San Francisco,seamless,16.0,90,0.6666666666666667,0.007407407407407401,0.0,1.7434626923745965e-19,0.007407407407407401,0.0,1.7434626923745965e-19,100
US Power Grid — San Francisco,seamless,16.0,91,0.674074074074074,0.007407407407407401,0.0,1.7434626923745965e-19,0.007407407407407401,0.0,1.7434626923745965e-19,100
US Power Grid — San Francisco,seamless,16.0,92,0.6814814814814815,0.007407407407407401,0.0,1.7434626923745965e-19,0.007407407407407401,0.0,1.7434626923745965e-19,100
US Power Grid — San Francisco,seamless,16.0,93,0.6888888888888889,0.007407407407407401,0.0,1.7434626923745965e-19,0.007407407407407401,0.0,1.7434626923745965e-19,100
US Power Grid — San Francisco,seamless,16.0,94,0.6962962962962963,0.007407407407407401,0.0,1.7434626923745965e-19,0.007407407407407401,0.0,1.7434626923745965e-19,100
US Power Grid — San Francisco,seamless,16.0,95,0.7037037037037037,0.007407407407407401,0.0,1.7434626923745965e-19,0.007407407407407401,0.0,1.7434626923745965e-19,100
US Power Grid — San Francisco,seamless,16.0,96,0.7111111111111111,0.007407407407407401,0.0,1.7434626923745965e-19,0.007407407407407401,0.0,1.7434626923745965e-19,100
US Power Grid — San Francisco,seamless,16.0,97,0.7185185185185186,0.007407407407407401,0.0,1.7434626923745965e-19,0.007407407407407401,0.0,1.7434626923745965e-19,100
US Power Grid — San Francisco,seamless,16.0,98,0.725925925925926,0.007407407407407401,0.0,1.7434626923745965e-19,0.007407407407407401,0.0,1.7434626923745965e-19,100
US Power Grid — San Francisco,seamless,16.0,99,0.7333333333333334,0.007407407407407401,0.0,1.7434626923745965e-19,0.007407407407407401,0.0,1.7434626923745965e-19,100
US Power Grid — San Francisco,seamless,16.0,100,0.7407407407407408,0.007407407407407401,0.0,1.7434626923745965e-19,0.007407407407407401,0.0,1.7434626923745965e-19,100
US Power Grid — San Francisco,seamless,16.0,101,0.7481481481481482,0.007407407407407401,0.0,1.7434626923745965e-19,0.007407407407407401,0.0,1.7434626923745965e-19,100
US Power Grid — San Francisco,seamless,16.0,102,0.7555555555555555,0.007407407407407401,0.0,1.7434626923745965e-19,0.007407407407407401,0.0,1.7434626923745965e-19,100
US Power Grid — San Francisco,seamless,16.0,103,0.762962962962963,0.007407407407407401,0.0,1.7434626923745965e-19,0.007407407407407401,0.0,1.7434626923745965e-19,100
US Power Grid — San Francisco,seamless,16.0,104,0.7703703703703704,0.007407407407407401,0.0,1.7434626923745965e-19,0.007407407407407401,0.0,1.7434626923745965e-19,100
US Power Grid — San Francisco,seamless,16.0,105,0.7777777777777778,0.007407407407407401,0.0,1.7434626923745965e-19,0.007407407407407401,0.0,1.7434626923745965e-19,100
US Power Grid — San Francisco,seamless,16.0,106,0.7851851851851852,0.007407407407407401,0.0,1.7434626923745965e-19,0.007407407407407401,0.0,1.7434626923745965e-19,100
US Power Grid — San Francisco,seamless,16.0,107,0.7925925925925926,0.007407407407407401,0.0,1.7434626923745965e-19,0.007407407407407401,0.0,1.7434626923745965e-19,100
US Power Grid — San Francisco,seamless,16.0,108,0.8,0.007407407407407401,0.0,1.7434626923745965e-19,0.007407407407407401,0.0,1.7434626923745965e-19,100
US Power Grid — San Francisco,seamless,16.0,109,0.8074074074074075,0.007407407407407401,0.0,1.7434626923745965e-19,0.007407407407407401,0.0,1.7434626923745965e-19,100
US Power Grid — San Francisco,seamless,16.0,110,0.8148148148148149,0.007407407407407401,0.0,1.7434626923745965e-19,0.007407407407407401,0.0,1.7434626923745965e-19,100
US Power Grid — San Francisco,seamless,16.0,111,0.8222222222222223,0.007407407407407401,0.0,1.7434626923745965e-19,0.007407407407407401,0.0,1.7434626923745965e-19,100
US Power Grid — San Francisco,seamless,16.0,112,0.8296296296296297,0.007407407407407401,0.0,1.7434626923745965e-19,0.007407407407407401,0.0,1.7434626923745965e-19,100
US Power Grid — San Francisco,seamless,16.0,113,0.837037037037037,0.007407407407407401,0.0,1.7434626923745965e-19,0.007407407407407401,0.0,1.7434626923745965e-19,100
US Power Grid — San Francisco,seamless,16.0,114,0.8444444444444444,0.007407407407407401,0.0,1.7434626923745965e-19,0.007407407407407401,0.0,1.7434626923745965e-19,100
US Power Grid — San Francisco,seamless,16.0,115,0.8518518518518519,0.007407407407407401,0.0,1.7434626923745965e-19,0.007407407407407401,0.0,1.7434626923745965e-19,100
US Power Grid — San Francisco,seamless,16.0,116,0.8592592592592593,0.007407407407407401,0.0,1.7434626923745965e-19,0.007407407407407401,0.0,1.7434626923745965e-19,100
US Power Grid — San Francisco,seamless,16.0,117,0.8666666666666667,0.007407407407407401,0.0,1.7434626923745965e-19,0.007407407407407401,0.0,1.7434626923745965e-19,100
US Power Grid — San Francisco,seamless,16.0,118,0.8740740740740741,0.007407407407407401,0.0,1.7434626923745965e-19,0.007407407407407401,0.0,1.7434626923745965e-19,100
US Power Grid — San Francisco,seamless,16.0,119,0.8814814814814815,0.007407407407407401,0.0,1.7434626923745965e-19,0.007407407407407401,0.0,1.7434626923745965e-19,100
US Power Grid — San Francisco,seamless,16.0,120,0.888888888888889,0.007407407407407401,0.0,1.7434626923745965e-19,0.007407407407407401,0.0,1.7434626923745965e-19,100
US Power Grid — San Francisco,seamless,16.0,121,0.8962962962962964,0.007407407407407401,0.0,1.7434626923745965e-19,0.007407407407407401,0.0,1.7434626923745965e-19,100
US Power Grid — San Francisco,seamless,16.0,122,0.9037037037037038,0.007407407407407401,0.0,1.7434626923745965e-19,0.007407407407407401,0.0,1.7434626923745965e-19,100
US Power Grid — San Francisco,seamless,16.0,123,0.9111111111111112,0.007407407407407401,0.0,1.7434626923745965e-19,0.007407407407407401,0.0,1.7434626923745965e-19,100
US Power Grid — San Francisco,seamless,16.0,124,0.9185185185185184,0.007407407407407401,0.0,1.7434626923745965e-19,0.007407407407407401,0.0,1.7434626923745965e-19,100
US Power Grid — San Francisco,seamless,16.0,125,0.925925925925926,0.007407407407407401,0.0,1.7434626923745965e-19,0.007407407407407401,0.0,1.7434626923745965e-19,100
US Power Grid — San Francisco,seamless,16.0,126,0.9333333333333332,0.007407407407407401,0.0,1.7434626923745965e-19,0.007407407407407401,0.0,1.7434626923745965e-19,100
US Power Grid — San Francisco,seamless,16.0,127,0.9407407407407408,0.007407407407407401,0.0,1.7434626923745965e-19,0.007407407407407401,0.0,1.7434626923745965e-19,100
US Power Grid — San Francisco,seamless,16.0,128,0.9481481481481482,0.007407407407407401,0.0,1.7434626923745965e-19,0.007407407407407401,0.0,1.7434626923745965e-19,100
US Power Grid — San Francisco,seamless,16.0,129,0.9555555555555556,0.007407407407407401,0.0,1.7434626923745965e-19,0.007407407407407401,0.0,1.7434626923745965e-19,100
US Power Grid — San Francisco,seamless,16.0,130,0.962962962962963,0.007407407407407401,0.0,1.7434626923745965e-19,0.007407407407407401,0.0,1.7434626923745965e-19,100
US Power Grid — San Francisco,seamless,16.0,131,0.9703703703703704,0.007407407407407401,0.0,1.7434626923745965e-19,0.007407407407407401,0.0,1.7434626923745965e-19,100
US Power Grid — San Francisco,seamless,16.0,132,0.977777777777778,0.007407407407407401,0.0,1.7434626923745965e-19,0.007407407407407401,0.0,1.7434626923745965e-19,100
US Power Grid — San Francisco,seamless,16.0,133,0.9851851851851852,0.007407407407407401,0.0,1.7434626923745965e-19,0.007407407407407401,0.0,1.7434626923745965e-19,100
US Power Grid — San Francisco,seamless,16.0,134,0.9925925925925926,0.007407407407407401,0.0,1.7434626923745965e-19,0.0,0.0,0.0,100
US Power Grid — San Francisco,seamless,16.0,135,1.0,0.0,0.0,0.0,0.0,0.0,0.0,100
US Power Grid — San Francisco,seamless,17.0,0,0.0,1.0,0.0,0.0,0.0,0.0,0.0,100
US Power Grid — San Francisco,seamless,17.0,1,0.0074074074074074,0.9011851851851851,0.06907340458177759,0.0069073404581777575,0.07422222222222216,0.06199252134194867,0.006199252134194868,100
US Power Grid — San Francisco,seamless,17.0,2,0.0148148148148148,0.7634814814814815,0.120011430639856,0.012001143063985599,0.1341481481481481,0.09002205140151852,0.009002205140151851,100
US Power Grid — San Francisco,seamless,17.0,3,0.0222222222222222,0.5559259259259259,0.08192157448111795,0.008192157448111794,0.22948148148148145,0.04946099295573839,0.0049460992955738395,100
US Power Grid — San Francisco,seamless,17.0,4,0.0296296296296296,0.3866666666666667,0.12044358762025843,0.012044358762025843,0.20481481481481478,0.05930950918493424,0.005930950918493425,100
US Power Grid — San Francisco,seamless,17.0,5,0.037037037037037,0.30214814814814817,0.07764883402361043,0.007764883402361045,0.204,0.04338965327191581,0.00433896532719158,100
US Power Grid — San Francisco,seamless,17.0,6,0.0444444444444444,0.24755555555555553,0.05517319473932945,0.005517319473932945,0.17570370370370367,0.033921812083841804,0.0033921812083841816,100
US Power Grid — San Francisco,seamless,17.0,7,0.0518518518518518,0.22059259259259256,0.033436345793863814,0.00334363457938638,0.16199999999999995,0.024571087555418456,0.002457108755541846,100
US Power Grid — San Francisco,seamless,17.0,8,0.0592592592592592,0.2025185185185185,0.031111823696255602,0.0031111823696255603,0.15548148148148144,0.017155042776087804,0.0017155042776087804,100
US Power Grid — San Francisco,seamless,17.0,9,0.0666666666666666,0.18488888888888888,0.03378822503029198,0.003378822503029199,0.14851851851851847,0.01863784971555592,0.0018637849715555928,100
US Power Grid — San Francisco,seamless,17.0,10,0.074074074074074,0.17318518518518514,0.029849167968661862,0.002984916796866186,0.14348148148148143,0.023392433422896066,0.0023392433422896063,100
US Power Grid — San Francisco,seamless,17.0,11,0.0814814814814814,0.163037037037037,0.019710813352111074,0.0019710813352111075,0.1335555555555555,0.02870720927629649,0.0028707209276296482,100
US Power Grid — San Francisco,seamless,17.0,12,0.0888888888888888,0.15970370370370365,0.018123585231213667,0.0018123585231213668,0.11533333333333327,0.028914968994626408,0.0028914968994626406,100
US Power Grid — San Francisco,seamless,17.0,13,0.0962962962962963,0.14718518518518514,0.024115737064443355,0.0024115737064443355,0.10066666666666661,0.027537330701665613,0.0027537330701665618,100
US Power Grid — San Francisco,seamless,17.0,14,0.1037037037037037,0.13540740740740737,0.02831110410263763,0.0028311104102637635,0.08614814814814808,0.022621552339597503,0.0022621552339597505,100
US Power Grid — San Francisco,seamless,17.0,15,0.1111111111111111,0.121037037037037,0.028914298110339638,0.0028914298110339644,0.07807407407407402,0.02012610752821219,0.0020126107528212187,100
US Power Grid — San Francisco,seamless,17.0,16,0.1185185185185185,0.10992592592592589,0.02700126779249072,0.002700126779249072,0.06940740740740735,0.01810323737477273,0.0018103237374772724,100
US Power Grid — San Francisco,seamless,17.0,17,0.1259259259259259,0.0938518518518518,0.026364312431278954,0.002636431243127896,0.06170370370370365,0.014816872285113568,0.0014816872285113576,100
US Power Grid — San Francisco,seamless,17.0,18,0.1333333333333333,0.08251851851851846,0.024466314514565726,0.0024466314514565725,0.05696296296296291,0.011324549312635176,0.0011324549312635177,100
US Power Grid — San Francisco,seamless,17.0,19,0.1407407407407407,0.0738518518518518,0.02122608344579502,0.0021226083445795023,0.052814814814814766,0.007854449026589924,0.0007854449026589924,100
US Power Grid — San Francisco,seamless,17.0,20,0.1481481481481481,0.06703703703703698,0.02042556207128376,0.0020425562071283766,0.05022222222222217,0.0061010414833497775,0.0006101041483349777,100
US Power Grid — San Francisco,seamless,17.0,21,0.1555555555555555,0.06059259259259254,0.017471485408291524,0.0017471485408291527,0.04725925925925921,0.005241001488637358,0.0005241001488637361,100
US Power Grid — San Francisco,seamless,17.0,22,0.1629629629629629,0.055111111111111055,0.013740307631804676,0.0013740307631804674,0.045259259259259214,0.004197530864197527,0.00041975308641975273,100
US Power Grid — San Francisco,seamless,17.0,23,0.1703703703703703,0.050888888888888845,0.007191388130166311,0.0007191388130166308,0.04355555555555551,0.004115525615754282,0.0004115525615754282,100
US Power Grid — San Francisco,seamless,17.0,24,0.1777777777777777,0.04829629629629625,0.005907190735418509,0.0005907190735418509,0.04229629629629625,0.0043784854939257125,0.0004378485493925713,100
US Power Grid — San Francisco,seamless,17.0,25,0.1851851851851852,0.04733333333333328,0.004576538078077324,0.00045765380780773247,0.041407407407407365,0.004223856182546649,0.00042238561825466486,100
US Power Grid — San Francisco,seamless,17.0,26,0.1925925925925926,0.046370370370370326,0.0034310408627224215,0.00034310408627224217,0.04044444444444441,0.0038569134202008134,0.00038569134202008117,100
US Power Grid — San Francisco,seamless,17.0,27,0.2,0.046074074074074024,0.0032587150516650044,0.00032587150516650047,0.039925925925925886,0.0037807181767079627,0.00037807181767079615,100
US Power Grid — San Francisco,seamless,17.0,28,0.2074074074074074,0.04562962962962958,0.0029253126029440903,0.00029253126029440903,0.039481481481481444,0.0036555037974147614,0.00036555037974147613,100
US Power Grid — San Francisco,seamless,17.0,29,0.2148148148148148,0.04525925925925921,0.0027645902197772983,0.0002764590219777298,0.03896296296296292,0.003265511127976352,0.0003265511127976351,100
US Power Grid — San Francisco,seamless,17.0,30,0.2222222222222222,0.04496296296296291,0.003024977654285401,0.00030249776542854014,0.03859259259259255,0.0030322976351135687,0.00030322976351135686,100
US Power Grid — San Francisco,seamless,17.0,31,0.2296296296296296,0.044814814814814766,0.00285920071893535,0.000285920071893535,0.038222222222222185,0.0027292811050182975,0.00027292811050182977,100
US Power Grid — San Francisco,seamless,17.0,32,0.237037037037037,0.044666666666666625,0.002674925896993317,0.0002674925896993316,0.03785185185185181,0.0025562630163100705,0.0002556263016310071,100
US Power Grid — San Francisco,seamless,17.0,33,0.2444444444444444,0.04385185185185181,0.002509214565653351,0.0002509214565653352,0.03740740740740737,0.0019341961772855294,0.00019341961772855287,100
US Power Grid — San Francisco,seamless,17.0,34,0.2518518518518519,0.043333333333333286,0.0028592007189353493,0.00028592007189353485,0.037111111111111074,0.0019682815523176522,0.00019682815523176526,100
US Power Grid — San Francisco,seamless,17.0,35,0.2592592592592592,0.04281481481481477,0.0030839496288387115,0.00030839496288387114,0.03681481481481478,0.002459014046253472,0.00024590140462534736,100
US Power Grid — San Francisco,seamless,17.0,36,0.2666666666666666,0.04229629629629625,0.00337813349312643,0.000337813349312643,0.03577777777777774,0.003947108430532531,0.0003947108430532531,100
US Power Grid — San Francisco,seamless,17.0,37,0.2740740740740741,0.04111111111111107,0.0037037037037036978,0.00037037037037036986,0.03429629629629626,0.005332730564100435,0.0005332730564100434,100
US Power Grid — San Francisco,seamless,17.0,38,0.2814814814814815,0.03962962962962959,0.004128299474242311,0.00041282994742423116,0.03111111111111108,0.006823202762545745,0.0006823202762545746,100
US Power Grid — San Francisco,seamless,17.0,39,0.2888888888888889,0.03748148148148144,0.005749332840996113,0.0005749332840996114,0.028740740740740713,0.006926395049841653,0.0006926395049841652,100
US Power Grid — San Francisco,seamless,17.0,40,0.2962962962962963,0.03570370370370367,0.006772653784483382,0.000677265378448338,0.025111111111111084,0.005659459826470002,0.0005659459826470001,100
US Power Grid — San Francisco,seamless,17.0,41,0.3037037037037037,0.03229629629629626,0.007844917138963955,0.0007844917138963955,0.023481481481481457,0.004347999584473511,0.0004347999584473512,100
US Power Grid — San Francisco,seamless,17.0,42,0.3111111111111111,0.028444444444444415,0.007859034330765907,0.0007859034330765907,0.021555555555555533,0.003809924622172557,0.00038099246221725576,100
US Power Grid — San Francisco,seamless,17.0,43,0.3185185185185185,0.025407407407407382,0.006924394300197137,0.0006924394300197136,0.019777777777777755,0.00394710843053253,0.0003947108430532531,100
US Power Grid — San Francisco,seamless,17.0,44,0.3259259259259259,0.023111111111111086,0.005793507419079906,0.0005793507419079906,0.017925925925925908,0.0036744071388804265,0.0003674407138880427,100
US Power Grid — San Francisco,seamless,17.0,45,0.3333333333333333,0.021185185185185165,0.005160005132080924,0.0005160005132080924,0.016518518518518502,0.0031329821087529653,0.0003132982108752965,100
US Power Grid — San Francisco,seamless,17.0,46,0.3407407407407407,0.019555555555555534,0.0035734677875883048,0.0003573467787588306,0.015481481481481464,0.0021305443797382294,0.000213054437973823,100
US Power Grid — San Francisco,seamless,17.0,47,0.3481481481481481,0.018666666666666647,0.0037193831968050195,0.000371938319680502,0.01518518518518517,0.0016225401004265935,0.00016225401004265927,100
US Power Grid — San Francisco,seamless,17.0,48,0.3555555555555555,0.018074074074074055,0.0036954640857026536,0.00036954640857026535,0.014962962962962947,0.0010422614380465893,0.00010422614380465892,100
US Power Grid — San Francisco,seamless,17.0,49,0.362962962962963,0.017333333333333315,0.003526631322737205,0.00035266313227372054,0.014888888888888873,0.0007407407407407398,7.407407407407398e-05,100
US Power Grid — San Francisco,seamless,17.0,50,0.3703703703703704,0.016814814814814796,0.003305155876581283,0.0003305155876581282,0.014888888888888873,0.0007407407407407398,7.407407407407398e-05,100
US Power Grid — San Francisco,seamless,17.0,51,0.3777777777777777,0.016444444444444428,0.0030839496288387115,0.00030839496288387124,0.014814814814814802,0.0,3.486925384749193e-19,100
US Power Grid — San Francisco,seamless,17.0,52,0.3851851851851852,0.01614814814814813,0.0028601697752990277,0.00028601697752990267,0.014814814814814802,0.0,3.486925384749193e-19,100
US Power Grid — San Francisco,seamless,17.0,53,0.3925925925925926,0.01555555555555554,0.002233417367242691,0.00022334173672426908,0.014814814814814802,0.0,3.486925384749193e-19,100
US Power Grid — San Francisco,seamless,17.0,54,0.4,0.015259259259259243,0.0017680241227847526,0.0001768024122784754,0.014814814814814802,0.0,3.486925384749193e-19,100
US Power Grid — San Francisco,seamless,17.0,55,0.4074074074074074,0.015111111111111096,0.0014588621153106085,0.00014588621153106086,0.014814814814814802,0.0,3.486925384749193e-19,100
US Power Grid — San Francisco,seamless,17.0,56,0.4148148148148148,0.015037037037037022,0.0012699748740575194,0.0001269974874057519,0.014814814814814802,0.0,3.486925384749193e-19,100
US Power Grid — San Francisco,seamless,17.0,57,0.4222222222222222,0.014962962962962947,0.0010422614380465893,0.00010422614380465892,0.014814814814814802,0.0,3.486925384749193e-19,100
US Power Grid — San Francisco,seamless,17.0,58,0.4296296296296296,0.014888888888888873,0.0007407407407407398,7.407407407407398e-05,0.014814814814814802,0.0,3.486925384749193e-19,100
US Power Grid — San Francisco,seamless,17.0,59,0.437037037037037,0.014888888888888873,0.0007407407407407398,7.407407407407398e-05,0.014814814814814802,0.0,3.486925384749193e-19,100
US Power Grid — San Francisco,seamless,17.0,60,0.4444444444444445,0.014888888888888873,0.0007407407407407398,7.407407407407398e-05,0.014666666666666653,0.0010422614380465893,0.00010422614380465892,100
US Power Grid — San Francisco,seamless,17.0,61,0.4518518518518519,0.014740740740740726,0.0007407407407407398,7.407407407407399e-05,0.013925925925925913,0.0024192491286747415,0.00024192491286747415,100
US Power Grid — San Francisco,seamless,17.0,62,0.4592592592592592,0.014222222222222207,0.0020197031432910404,0.00020197031432910408,0.012814814814814801,0.003305155876581283,0.00033051558765812824,100
US Power Grid — San Francisco,seamless,17.0,63,0.4666666666666667,0.013333333333333319,0.0029778898229902554,0.0002977889822990255,0.00999999999999999,0.0035509072995637166,0.00035509072995637173,100
US Power Grid — San Francisco,seamless,17.0,64,0.4740740740740741,0.011999999999999988,0.003613568379367131,0.0003613568379367133,0.008444444444444435,0.0025832228742205666,0.0002583222874220568,100
US Power Grid — San Francisco,seamless,17.0,65,0.4814814814814815,0.010296296296296286,0.003631163925927383,0.0003631163925927383,0.007999999999999991,0.00201970314329104,0.00020197031432910402,100
US Power Grid — San Francisco,seamless,17.0,66,0.4888888888888889,0.009037037037037027,0.003083949628838712,0.0003083949628838712,0.007629629629629622,0.0012699748740575194,0.0001269974874057519,100
US Power Grid — San Francisco,seamless,17.0,67,0.4962962962962963,0.008592592592592584,0.002729281105018298,0.0002729281105018298,0.0074814814814814735,0.00074074074074074,7.407407407407398e-05,100
US Power Grid — San Francisco,seamless,17.0,68,0.5037037037037038,0.00814814814814814,0.0022334173672426912,0.00022334173672426908,0.007407407407407401,0.0,1.7434626923745965e-19,100
US Power Grid — San Francisco,seamless,17.0,69,0.5111111111111112,0.007925925925925918,0.001899499259083278,0.0001899499259083278,0.007407407407407401,0.0,1.7434626923745965e-19,100
US Power Grid — San Francisco,seamless,17.0,70,0.5185185185185185,0.007555555555555548,0.0010422614380465893,0.00010422614380465892,0.007407407407407401,0.0,1.7434626923745965e-19,100
US Power Grid — San Francisco,seamless,17.0,71,0.5259259259259259,0.0074814814814814735,0.00074074074074074,7.407407407407398e-05,0.007407407407407401,0.0,1.7434626923745965e-19,100
US Power Grid — San Francisco,seamless,17.0,72,0.5333333333333333,0.0074814814814814735,0.00074074074074074,7.407407407407398e-05,0.007407407407407401,0.0,1.7434626923745965e-19,100
US Power Grid — San Francisco,seamless,17.0,73,0.5407407407407407,0.0074814814814814735,0.00074074074074074,7.407407407407398e-05,0.007407407407407401,0.0,1.7434626923745965e-19,100
US Power Grid — San Francisco,seamless,17.0,74,0.5481481481481482,0.007407407407407401,0.0,1.7434626923745965e-19,0.007407407407407401,0.0,1.7434626923745965e-19,100
US Power Grid — San Francisco,seamless,17.0,75,0.5555555555555556,0.007407407407407401,0.0,1.7434626923745965e-19,0.007407407407407401,0.0,1.7434626923745965e-19,100
US Power Grid — San Francisco,seamless,17.0,76,0.562962962962963,0.007407407407407401,0.0,1.7434626923745965e-19,0.007407407407407401,0.0,1.7434626923745965e-19,100
US Power Grid — San Francisco,seamless,17.0,77,0.5703703703703704,0.007407407407407401,0.0,1.7434626923745965e-19,0.007407407407407401,0.0,1.7434626923745965e-19,100
US Power Grid — San Francisco,seamless,17.0,78,0.5777777777777778,0.007407407407407401,0.0,1.7434626923745965e-19,0.007407407407407401,0.0,1.7434626923745965e-19,100
US Power Grid — San Francisco,seamless,17.0,79,0.5851851851851853,0.007407407407407401,0.0,1.7434626923745965e-19,0.007407407407407401,0.0,1.7434626923745965e-19,100
US Power Grid — San Francisco,seamless,17.0,80,0.5925925925925926,0.007407407407407401,0.0,1.7434626923745965e-19,0.007407407407407401,0.0,1.7434626923745965e-19,100
US Power Grid — San Francisco,seamless,17.0,81,0.6,0.007407407407407401,0.0,1.7434626923745965e-19,0.007407407407407401,0.0,1.7434626923745965e-19,100
US Power Grid — San Francisco,seamless,17.0,82,0.6074074074074074,0.007407407407407401,0.0,1.7434626923745965e-19,0.007407407407407401,0.0,1.7434626923745965e-19,100
US Power Grid — San Francisco,seamless,17.0,83,0.6148148148148148,0.007407407407407401,0.0,1.7434626923745965e-19,0.007407407407407401,0.0,1.7434626923745965e-19,100
US Power Grid — San Francisco,seamless,17.0,84,0.6222222222222222,0.007407407407407401,0.0,1.7434626923745965e-19,0.007407407407407401,0.0,1.7434626923745965e-19,100
US Power Grid — San Francisco,seamless,17.0,85,0.6296296296296297,0.007407407407407401,0.0,1.7434626923745965e-19,0.007407407407407401,0.0,1.7434626923745965e-19,100
US Power Grid — San Francisco,seamless,17.0,86,0.6370370370370371,0.007407407407407401,0.0,1.7434626923745965e-19,0.007407407407407401,0.0,1.7434626923745965e-19,100
US Power Grid — San Francisco,seamless,17.0,87,0.6444444444444445,0.007407407407407401,0.0,1.7434626923745965e-19,0.007407407407407401,0.0,1.7434626923745965e-19,100
US Power Grid — San Francisco,seamless,17.0,88,0.6518518518518519,0.007407407407407401,0.0,1.7434626923745965e-19,0.007407407407407401,0.0,1.7434626923745965e-19,100
US Power Grid — San Francisco,seamless,17.0,89,0.6592592592592593,0.007407407407407401,0.0,1.7434626923745965e-19,0.007407407407407401,0.0,1.7434626923745965e-19,100
US Power Grid — San Francisco,seamless,17.0,90,0.6666666666666667,0.007407407407407401,0.0,1.7434626923745965e-19,0.007407407407407401,0.0,1.7434626923745965e-19,100
US Power Grid — San Francisco,seamless,17.0,91,0.674074074074074,0.007407407407407401,0.0,1.7434626923745965e-19,0.007407407407407401,0.0,1.7434626923745965e-19,100
US Power Grid — San Francisco,seamless,17.0,92,0.6814814814814815,0.007407407407407401,0.0,1.7434626923745965e-19,0.007407407407407401,0.0,1.7434626923745965e-19,100
US Power Grid — San Francisco,seamless,17.0,93,0.6888888888888889,0.007407407407407401,0.0,1.7434626923745965e-19,0.007407407407407401,0.0,1.7434626923745965e-19,100
US Power Grid — San Francisco,seamless,17.0,94,0.6962962962962963,0.007407407407407401,0.0,1.7434626923745965e-19,0.007407407407407401,0.0,1.7434626923745965e-19,100
US Power Grid — San Francisco,seamless,17.0,95,0.7037037037037037,0.007407407407407401,0.0,1.7434626923745965e-19,0.007407407407407401,0.0,1.7434626923745965e-19,100
US Power Grid — San Francisco,seamless,17.0,96,0.7111111111111111,0.007407407407407401,0.0,1.7434626923745965e-19,0.007407407407407401,0.0,1.7434626923745965e-19,100
US Power Grid — San Francisco,seamless,17.0,97,0.7185185185185186,0.007407407407407401,0.0,1.7434626923745965e-19,0.007407407407407401,0.0,1.7434626923745965e-19,100
US Power Grid — San Francisco,seamless,17.0,98,0.725925925925926,0.007407407407407401,0.0,1.7434626923745965e-19,0.007407407407407401,0.0,1.7434626923745965e-19,100
US Power Grid — San Francisco,seamless,17.0,99,0.7333333333333334,0.007407407407407401,0.0,1.7434626923745965e-19,0.007407407407407401,0.0,1.7434626923745965e-19,100
US Power Grid — San Francisco,seamless,17.0,100,0.7407407407407408,0.007407407407407401,0.0,1.7434626923745965e-19,0.007407407407407401,0.0,1.7434626923745965e-19,100
US Power Grid — San Francisco,seamless,17.0,101,0.7481481481481482,0.007407407407407401,0.0,1.7434626923745965e-19,0.007407407407407401,0.0,1.7434626923745965e-19,100
US Power Grid — San Francisco,seamless,17.0,102,0.7555555555555555,0.007407407407407401,0.0,1.7434626923745965e-19,0.007407407407407401,0.0,1.7434626923745965e-19,100
US Power Grid — San Francisco,seamless,17.0,103,0.762962962962963,0.007407407407407401,0.0,1.7434626923745965e-19,0.007407407407407401,0.0,1.7434626923745965e-19,100
US Power Grid — San Francisco,seamless,17.0,104,0.7703703703703704,0.007407407407407401,0.0,1.7434626923745965e-19,0.007407407407407401,0.0,1.7434626923745965e-19,100
US Power Grid — San Francisco,seamless,17.0,105,0.7777777777777778,0.007407407407407401,0.0,1.7434626923745965e-19,0.007407407407407401,0.0,1.7434626923745965e-19,100
US Power Grid — San Francisco,seamless,17.0,106,0.7851851851851852,0.007407407407407401,0.0,1.7434626923745965e-19,0.007407407407407401,0.0,1.7434626923745965e-19,100
US Power Grid — San Francisco,seamless,17.0,107,0.7925925925925926,0.007407407407407401,0.0,1.7434626923745965e-19,0.007407407407407401,0.0,1.7434626923745965e-19,100
US Power Grid — San Francisco,seamless,17.0,108,0.8,0.007407407407407401,0.0,1.7434626923745965e-19,0.007407407407407401,0.0,1.7434626923745965e-19,100
US Power Grid — San Francisco,seamless,17.0,109,0.8074074074074075,0.007407407407407401,0.0,1.7434626923745965e-19,0.007407407407407401,0.0,1.7434626923745965e-19,100
US Power Grid — San Francisco,seamless,17.0,110,0.8148148148148149,0.007407407407407401,0.0,1.7434626923745965e-19,0.007407407407407401,0.0,1.7434626923745965e-19,100
US Power Grid — San Francisco,seamless,17.0,111,0.8222222222222223,0.007407407407407401,0.0,1.7434626923745965e-19,0.007407407407407401,0.0,1.7434626923745965e-19,100
US Power Grid — San Francisco,seamless,17.0,112,0.8296296296296297,0.007407407407407401,0.0,1.7434626923745965e-19,0.007407407407407401,0.0,1.7434626923745965e-19,100
US Power Grid — San Francisco,seamless,17.0,113,0.837037037037037,0.007407407407407401,0.0,1.7434626923745965e-19,0.007407407407407401,0.0,1.7434626923745965e-19,100
US Power Grid — San Francisco,seamless,17.0,114,0.8444444444444444,0.007407407407407401,0.0,1.7434626923745965e-19,0.007407407407407401,0.0,1.7434626923745965e-19,100
US Power Grid — San Francisco,seamless,17.0,115,0.8518518518518519,0.007407407407407401,0.0,1.7434626923745965e-19,0.007407407407407401,0.0,1.7434626923745965e-19,100
US Power Grid — San Francisco,seamless,17.0,116,0.8592592592592593,0.007407407407407401,0.0,1.7434626923745965e-19,0.007407407407407401,0.0,1.7434626923745965e-19,100
US Power Grid — San Francisco,seamless,17.0,117,0.8666666666666667,0.007407407407407401,0.0,1.7434626923745965e-19,0.007407407407407401,0.0,1.7434626923745965e-19,100
US Power Grid — San Francisco,seamless,17.0,118,0.8740740740740741,0.007407407407407401,0.0,1.7434626923745965e-19,0.007407407407407401,0.0,1.7434626923745965e-19,100
US Power Grid — San Francisco,seamless,17.0,119,0.8814814814814815,0.007407407407407401,0.0,1.7434626923745965e-19,0.007407407407407401,0.0,1.7434626923745965e-19,100
US Power Grid — San Francisco,seamless,17.0,120,0.888888888888889,0.007407407407407401,0.0,1.7434626923745965e-19,0.007407407407407401,0.0,1.7434626923745965e-19,100
US Power Grid — San Francisco,seamless,17.0,121,0.8962962962962964,0.007407407407407401,0.0,1.7434626923745965e-19,0.007407407407407401,0.0,1.7434626923745965e-19,100
US Power Grid — San Francisco,seamless,17.0,122,0.9037037037037038,0.007407407407407401,0.0,1.7434626923745965e-19,0.007407407407407401,0.0,1.7434626923745965e-19,100
US Power Grid — San Francisco,seamless,17.0,123,0.9111111111111112,0.007407407407407401,0.0,1.7434626923745965e-19,0.007407407407407401,0.0,1.7434626923745965e-19,100
US Power Grid — San Francisco,seamless,17.0,124,0.9185185185185184,0.007407407407407401,0.0,1.7434626923745965e-19,0.007407407407407401,0.0,1.7434626923745965e-19,100
US Power Grid — San Francisco,seamless,17.0,125,0.925925925925926,0.007407407407407401,0.0,1.7434626923745965e-19,0.007407407407407401,0.0,1.7434626923745965e-19,100
US Power Grid — San Francisco,seamless,17.0,126,0.9333333333333332,0.007407407407407401,0.0,1.7434626923745965e-19,0.007407407407407401,0.0,1.7434626923745965e-19,100
US Power Grid — San Francisco,seamless,17.0,127,0.9407407407407408,0.007407407407407401,0.0,1.7434626923745965e-19,0.007407407407407401,0.0,1.7434626923745965e-19,100
US Power Grid — San Francisco,seamless,17.0,128,0.9481481481481482,0.007407407407407401,0.0,1.7434626923745965e-19,0.007407407407407401,0.0,1.7434626923745965e-19,100
US Power Grid — San Francisco,seamless,17.0,129,0.9555555555555556,0.007407407407407401,0.0,1.7434626923745965e-19,0.007407407407407401,0.0,1.7434626923745965e-19,100
US Power Grid — San Francisco,seamless,17.0,130,0.962962962962963,0.007407407407407401,0.0,1.7434626923745965e-19,0.007407407407407401,0.0,1.7434626923745965e-19,100
US Power Grid — San Francisco,seamless,17.0,131,0.9703703703703704,0.007407407407407401,0.0,1.7434626923745965e-19,0.007407407407407401,0.0,1.7434626923745965e-19,100
US Power Grid — San Francisco,seamless,17.0,132,0.977777777777778,0.007407407407407401,0.0,1.7434626923745965e-19,0.007407407407407401,0.0,1.7434626923745965e-19,100
US Power Grid — San Francisco,seamless,17.0,133,0.9851851851851852,0.007407407407407401,0.0,1.7434626923745965e-19,0.007407407407407401,0.0,1.7434626923745965e-19,100
US Power Grid — San Francisco,seamless,17.0,134,0.9925925925925926,0.007407407407407401,0.0,1.7434626923745965e-19,0.0,0.0,0.0,100
US Power Grid — San Francisco,seamless,17.0,135,1.0,0.0,0.0,0.0,0.0,0.0,0.0,100
US Power Grid — San Francisco,seamless,18.0,0,0.0,1.0,0.0,0.0,0.0,0.0,0.0,100
US Power Grid — San Francisco,seamless,18.0,1,0.0074074074074074,0.9054814814814814,0.06038144351384649,0.006038144351384651,0.07103703703703697,0.05459673913352152,0.005459673913352153,100
US Power Grid — San Francisco,seamless,18.0,2,0.0148148148148148,0.7747407407407408,0.11593276849795409,0.011593276849795412,0.12503703703703697,0.08628355469198004,0.008628355469198004,100
US Power Grid — San Francisco,seamless,18.0,3,0.0222222222222222,0.5654814814814815,0.08722231158001525,0.008722231158001529,0.223037037037037,0.06480670143222718,0.0064806701432227175,100
US Power Grid — San Francisco,seamless,18.0,4,0.0296296296296296,0.3874074074074074,0.12443829817540614,0.012443829817540617,0.19799999999999993,0.06547850037142577,0.006547850037142576,100
US Power Grid — San Francisco,seamless,18.0,5,0.037037037037037,0.3151111111111111,0.08539991479054218,0.00853999147905422,0.2016296296296296,0.0471619628284382,0.00471619628284382,100
US Power Grid — San Francisco,seamless,18.0,6,0.0444444444444444,0.2611851851851852,0.07610110911585165,0.0076101109115851665,0.1782222222222222,0.039573735717937396,0.003957373571793739,100
US Power Grid — San Francisco,seamless,18.0,7,0.0518518518518518,0.23318518518518516,0.056653131016932305,0.005665313101693232,0.16029629629629624,0.027343937185001756,0.002734393718500175,100
US Power Grid — San Francisco,seamless,18.0,8,0.0592592592592592,0.2084444444444444,0.03785874849225823,0.003785874849225823,0.15644444444444439,0.01904685893292696,0.0019046858932926954,100
US Power Grid — San Francisco,seamless,18.0,9,0.0666666666666666,0.18948148148148147,0.04012119479076699,0.004012119479076698,0.15229629629629624,0.018872633719261518,0.0018872633719261515,100
US Power Grid — San Francisco,seamless,18.0,10,0.074074074074074,0.17799999999999996,0.03864744316474493,0.003864744316474493,0.143037037037037,0.026081941981985324,0.002608194198198532,100
US Power Grid — San Francisco,seamless,18.0,11,0.0814814814814814,0.16881481481481475,0.024988004770791026,0.0024988004770791017,0.1329629629629629,0.029127336174103596,0.00291273361741036,100
US Power Grid — San Francisco,seamless,18.0,12,0.0888888888888888,0.15807407407407403,0.020257860225499656,0.0020257860225499653,0.11688888888888883,0.02822287126381873,0.0028222871263818726,100
US Power Grid — San Francisco,seamless,18.0,13,0.0962962962962963,0.1469629629629629,0.022598632765706714,0.0022598632765706713,0.10118518518518513,0.028372508488342187,0.0028372508488342186,100
US Power Grid — San Francisco,seamless,18.0,14,0.1037037037037037,0.13074074074074069,0.027922679799148198,0.0027922679799148205,0.08940740740740734,0.024674629574520757,0.002467462957452076,100
US Power Grid — San Francisco,seamless,18.0,15,0.1111111111111111,0.11829629629629626,0.028784332167552856,0.0028784332167552844,0.07911111111111105,0.021132529614333463,0.0021132529614333465,100
US Power Grid — San Francisco,seamless,18.0,16,0.1185185185185185,0.10659259259259254,0.028792803074047874,0.0028792803074047875,0.06992592592592586,0.018000845194993807,0.0018000845194993808,100
US Power Grid — San Francisco,seamless,18.0,17,0.1259259259259259,0.09518518518518514,0.028589584035216446,0.0028589584035216445,0.06214814814814809,0.015289622883804116,0.0015289622883804114,100
US Power Grid — San Francisco,seamless,18.0,18,0.1333333333333333,0.0838518518518518,0.0259794221201282,0.0025979422120128203,0.05674074074074069,0.011875210800470487,0.0011875210800470484,100
US Power Grid — San Francisco,seamless,18.0,19,0.1407407407407407,0.07607407407407402,0.02414330027835978,0.0024143300278359784,0.05303703703703699,0.009039747405617167,0.0009039747405617168,100
US Power Grid — San Francisco,seamless,18.0,20,0.1481481481481481,0.06866666666666661,0.02144429615621869,0.002144429615621869,0.05029629629629625,0.006927595222268112,0.0006927595222268109,100
US Power Grid — San Francisco,seamless,18.0,21,0.1555555555555555,0.0635555555555555,0.01688426765163335,0.0016884267651633349,0.04755555555555551,0.0056873018112921486,0.0005687301811292147,100
US Power Grid — San Francisco,seamless,18.0,22,0.1629629629629629,0.056074074074074026,0.012905596972674292,0.0012905596972674297,0.044888888888888846,0.004444444444444439,0.00044444444444444403,100
US Power Grid — San Francisco,seamless,18.0,23,0.1703703703703703,0.051629629629629574,0.009023485266877641,0.0009023485266877639,0.04355555555555551,0.00424806186026796,0.00042480618602679603,100
US Power Grid — San Francisco,seamless,18.0,24,0.1777777777777777,0.049111111111111064,0.007268049374724315,0.0007268049374724316,0.04237037037037033,0.004221887477623788,0.00042218874776237875,100
US Power Grid — San Francisco,seamless,18.0,25,0.1851851851851852,0.047851851851851805,0.006525928516254645,0.0006525928516254646,0.04125925925925921,0.004244798888851501,0.00042447988888515,100
US Power Grid — San Francisco,seamless,18.0,26,0.1925925925925926,0.04688888888888884,0.005476302140488416,0.0005476302140488417,0.04022222222222218,0.003685702607083276,0.00036857026070832773,100
US Power Grid — San Francisco,seamless,18.0,27,0.2,0.04651851851851847,0.005376720061622395,0.0005376720061622396,0.039703703703703665,0.0035734677875883043,0.00035734677875883046,100
US Power Grid — San Francisco,seamless,18.0,28,0.2074074074074074,0.04570370370370366,0.004347999584473514,0.0004347999584473513,0.03911111111111107,0.0033426730359571283,0.0003342673035957128,100
US Power Grid — San Francisco,seamless,18.0,29,0.2148148148148148,0.045481481481481435,0.004214003460515017,0.00042140034605150185,0.038444444444444406,0.0029205721807678657,0.00029205721807678664,100
US Power Grid — San Francisco,seamless,18.0,30,0.2222222222222222,0.044814814814814766,0.0016225401004265946,0.00016225401004265938,0.03792592592592589,0.0024192491286747406,0.00024192491286747407,100
US Power Grid — San Francisco,seamless,18.0,31,0.2296296296296296,0.044592592592592545,0.0014814814814814797,0.00014814814814814804,0.03762962962962959,0.0020197031432910395,0.000201970314329104,100
US Power Grid — San Francisco,seamless,18.0,32,0.237037037037037,0.04429629629629625,0.0010422614380465886,0.00010422614380465888,0.03725925925925922,0.001269974874057519,0.00012699748740575188,100
US Power Grid — San Francisco,seamless,18.0,33,0.2444444444444444,0.0441481481481481,0.0014588621153106076,0.00014588621153106083,0.03718518518518515,0.0010422614380465882,0.00010422614380465888,100
US Power Grid — San Francisco,seamless,18.0,34,0.2518518518518519,0.04370370370370366,0.0022334173672426904,0.00022334173672426905,0.03696296296296293,0.0007407407407407391,7.407407407407399e-05,100
US Power Grid — San Francisco,seamless,18.0,35,0.2592592592592592,0.043111111111111065,0.002860169775299025,0.00028601697752990267,0.03666666666666663,0.0022021792222613433,0.00022021792222613428,100
US Power Grid — San Francisco,seamless,18.0,36,0.2666666666666666,0.04222222222222218,0.0034116013812728703,0.0003411601381272872,0.03555555555555552,0.004211372174925635,0.00042113721749256343,100
US Power Grid — San Francisco,seamless,18.0,37,0.2740740740740741,0.04125925925925921,0.0038331295546320987,0.00038331295546321,0.033037037037037004,0.006440439777261482,0.0006440439777261484,100
US Power Grid — San Francisco,seamless,18.0,38,0.2814814814814815,0.03918518518518514,0.004117545175350315,0.0004117545175350315,0.030444444444444413,0.007054441233943744,0.0007054441233943744,100
US Power Grid — San Francisco,seamless,18.0,39,0.2888888888888889,0.036740740740740706,0.0055631572883177195,0.000556315728831772,0.027333333333333307,0.006716362968845902,0.0006716362968845902,100
US Power Grid — San Francisco,seamless,18.0,40,0.2962962962962963,0.034370370370370336,0.006865311700547425,0.0006865311700547425,0.02370370370370368,0.004938271604938267,0.0004938271604938267,100
US Power Grid — San Francisco,seamless,18.0,41,0.3037037037037037,0.030222222222222192,0.007996063933125786,0.0007996063933125785,0.022296296296296272,0.0030686356321437177,0.0003068635632143717,100
US Power Grid — San Francisco,seamless,18.0,42,0.3111111111111111,0.026444444444444416,0.007082668520696831,0.0007082668520696831,0.021259259259259235,0.002912971459538496,0.0002912971459538496,100
US Power Grid — San Francisco,seamless,18.0,43,0.3185185185185185,0.023999999999999976,0.005482876638661105,0.0005482876638661104,0.018814814814814795,0.0038569134202008125,0.0003856913420200813,100
US Power Grid — San Francisco,seamless,18.0,44,0.3259259259259259,0.022296296296296272,0.004648632902793235,0.0004648632902793235,0.017555555555555536,0.00374536982122646,0.00037453698212264587,100
US Power Grid — San Francisco,seamless,18.0,45,0.3333333333333333,0.020888888888888867,0.0035516876330089265,0.00035516876330089276,0.01629629629629628,0.0029778898229902546,0.0002977889822990255,100
US Power Grid — San Francisco,seamless,18.0,46,0.3407407407407407,0.019925925925925906,0.003600507708922402,0.0003600507708922402,0.015629629629629615,0.0023293780572979255,0.00023293780572979238,100
US Power Grid — San Francisco,seamless,18.0,47,0.3481481481481481,0.019185185185185166,0.003661563484620073,0.00036615634846200726,0.015259259259259243,0.0017680241227847535,0.00017680241227847538,100
US Power Grid — San Francisco,seamless,18.0,48,0.3555555555555555,0.01874074074074072,0.003715655985530307,0.0003715655985530306,0.015037037037037022,0.001269974874057519,0.00012699748740575188,100
US Power Grid — San Francisco,seamless,18.0,49,0.362962962962963,0.01814814814814813,0.0037037037037037,0.0003703703703703699,0.014888888888888873,0.0007407407407407406,7.407407407407398e-05,100
US Power Grid — San Francisco,seamless,18.0,50,0.3703703703703704,0.01740740740740739,0.003550907299563716,0.0003550907299563717,0.014888888888888873,0.0007407407407407406,7.407407407407398e-05,100
US Power Grid — San Francisco,seamless,18.0,51,0.3777777777777777,0.01711111111111109,0.003443134805272082,0.00034431348052720836,0.014814814814814802,0.0,3.486925384749193e-19,100
US Power Grid — San Francisco,seamless,18.0,52,0.3851851851851852,0.01666666666666665,0.0032236602954758818,0.00032236602954758815,0.014814814814814802,0.0,3.486925384749193e-19,100
US Power Grid — San Francisco,seamless,18.0,53,0.3925925925925926,0.016370370370370355,0.0030322976351135687,0.000303229763511357,0.014814814814814802,0.0,3.486925384749193e-19,100
US Power Grid — San Francisco,seamless,18.0,54,0.4,0.01614814814814813,0.0028601697752990277,0.00028601697752990267,0.014814814814814802,0.0,3.486925384749193e-19,100
US Power Grid — San Francisco,seamless,18.0,55,0.4074074074074074,0.015629629629629615,0.0023293780572979234,0.00023293780572979238,0.014814814814814802,0.0,3.486925384749193e-19,100
US Power Grid — San Francisco,seamless,18.0,56,0.4148148148148148,0.015407407407407392,0.00201970314329104,0.00020197031432910402,0.014814814814814802,0.0,3.486925384749193e-19,100
US Power Grid — San Francisco,seamless,18.0,57,0.4222222222222222,0.015111111111111096,0.001458862115310609,0.00014588621153106086,0.014814814814814802,0.0,3.486925384749193e-19,100
US Power Grid — San Francisco,seamless,18.0,58,0.4296296296296296,0.014962962962962947,0.0010422614380465893,0.00010422614380465892,0.014814814814814802,0.0,3.486925384749193e-19,100
US Power Grid — San Francisco,seamless,18.0,59,0.437037037037037,0.014962962962962947,0.0010422614380465893,0.00010422614380465892,0.014814814814814802,0.0,3.486925384749193e-19,100
US Power Grid — San Francisco,seamless,18.0,60,0.4444444444444445,0.014888888888888873,0.0007407407407407406,7.407407407407398e-05,0.014740740740740726,0.00074074074074074,7.4074074074074e-05,100
US Power Grid — San Francisco,seamless,18.0,61,0.4518518518518519,0.014888888888888873,0.0007407407407407406,7.407407407407398e-05,0.014148148148148134,0.0021305443797382294,0.00021305443797382302,100
US Power Grid — San Francisco,seamless,18.0,62,0.4592592592592592,0.014592592592592577,0.0012699748740575192,0.00012699748740575194,0.012888888888888877,0.003265511127976352,0.00032655111279763523,100
US Power Grid — San Francisco,seamless,18.0,63,0.4666666666666667,0.013999999999999986,0.0023293780572979242,0.0002329378057297924,0.011259259259259248,0.0037193831968050208,0.00037193831968050206,100
US Power Grid — San Francisco,seamless,18.0,64,0.4740740740740741,0.012592592592592579,0.003411601381272873,0.0003411601381272873,0.009555555555555546,0.003378133493126431,0.0003378133493126431,100
US Power Grid — San Francisco,seamless,18.0,65,0.4814814814814815,0.011259259259259248,0.00371938319680502,0.00037193831968050206,0.008296296296296288,0.0024192491286747406,0.00024192491286747415,100
US Power Grid — San Francisco,seamless,18.0,66,0.4888888888888889,0.009333333333333324,0.003265511127976352,0.0003265511127976353,0.00777777777777777,0.0016225401004265933,0.00016225401004265933,100
US Power Grid — San Francisco,seamless,18.0,67,0.4962962962962963,0.008370370370370361,0.0025036864369602277,0.00025036864369602275,0.007555555555555548,0.0010422614380465893,0.00010422614380465892,100
US Power Grid — San Francisco,seamless,18.0,68,0.5037037037037038,0.00814814814814814,0.0022334173672426912,0.00022334173672426913,0.007407407407407401,0.0,1.7434626923745965e-19,100
US Power Grid — San Francisco,seamless,18.0,69,0.5111111111111112,0.007925925925925918,0.001899499259083278,0.00018994992590832776,0.007407407407407401,0.0,1.7434626923745965e-19,100
US Power Grid — San Francisco,seamless,18.0,70,0.5185185185185185,0.007629629629629622,0.0012699748740575192,0.0001269974874057519,0.007407407407407401,0.0,1.7434626923745965e-19,100
US Power Grid — San Francisco,seamless,18.0,71,0.5259259259259259,0.007555555555555548,0.0010422614380465893,0.00010422614380465892,0.007407407407407401,0.0,1.7434626923745965e-19,100
US Power Grid — San Francisco,seamless,18.0,72,0.5333333333333333,0.0074814814814814735,0.00074074074074074,7.407407407407398e-05,0.007407407407407401,0.0,1.7434626923745965e-19,100
US Power Grid — San Francisco,seamless,18.0,73,0.5407407407407407,0.0074814814814814735,0.00074074074074074,7.407407407407398e-05,0.007407407407407401,0.0,1.7434626923745965e-19,100
US Power Grid — San Francisco,seamless,18.0,74,0.5481481481481482,0.0074814814814814735,0.00074074074074074,7.407407407407398e-05,0.007407407407407401,0.0,1.7434626923745965e-19,100
US Power Grid — San Francisco,seamless,18.0,75,0.5555555555555556,0.0074814814814814735,0.00074074074074074,7.407407407407398e-05,0.007407407407407401,0.0,1.7434626923745965e-19,100
US Power Grid — San Francisco,seamless,18.0,76,0.562962962962963,0.0074814814814814735,0.00074074074074074,7.407407407407398e-05,0.007407407407407401,0.0,1.7434626923745965e-19,100
US Power Grid — San Francisco,seamless,18.0,77,0.5703703703703704,0.0074814814814814735,0.00074074074074074,7.407407407407398e-05,0.007407407407407401,0.0,1.7434626923745965e-19,100
US Power Grid — San Francisco,seamless,18.0,78,0.5777777777777778,0.007407407407407401,0.0,1.7434626923745965e-19,0.007407407407407401,0.0,1.7434626923745965e-19,100
US Power Grid — San Francisco,seamless,18.0,79,0.5851851851851853,0.007407407407407401,0.0,1.7434626923745965e-19,0.007407407407407401,0.0,1.7434626923745965e-19,100
US Power Grid — San Francisco,seamless,18.0,80,0.5925925925925926,0.007407407407407401,0.0,1.7434626923745965e-19,0.007407407407407401,0.0,1.7434626923745965e-19,100
US Power Grid — San Francisco,seamless,18.0,81,0.6,0.007407407407407401,0.0,1.7434626923745965e-19,0.007407407407407401,0.0,1.7434626923745965e-19,100
US Power Grid — San Francisco,seamless,18.0,82,0.6074074074074074,0.007407407407407401,0.0,1.7434626923745965e-19,0.007407407407407401,0.0,1.7434626923745965e-19,100
US Power Grid — San Francisco,seamless,18.0,83,0.6148148148148148,0.007407407407407401,0.0,1.7434626923745965e-19,0.007407407407407401,0.0,1.7434626923745965e-19,100
US Power Grid — San Francisco,seamless,18.0,84,0.6222222222222222,0.007407407407407401,0.0,1.7434626923745965e-19,0.007407407407407401,0.0,1.7434626923745965e-19,100
US Power Grid — San Francisco,seamless,18.0,85,0.6296296296296297,0.007407407407407401,0.0,1.7434626923745965e-19,0.007407407407407401,0.0,1.7434626923745965e-19,100
US Power Grid — San Francisco,seamless,18.0,86,0.6370370370370371,0.007407407407407401,0.0,1.7434626923745965e-19,0.007407407407407401,0.0,1.7434626923745965e-19,100
US Power Grid — San Francisco,seamless,18.0,87,0.6444444444444445,0.007407407407407401,0.0,1.7434626923745965e-19,0.007407407407407401,0.0,1.7434626923745965e-19,100
US Power Grid — San Francisco,seamless,18.0,88,0.6518518518518519,0.007407407407407401,0.0,1.7434626923745965e-19,0.007407407407407401,0.0,1.7434626923745965e-19,100
US Power Grid — San Francisco,seamless,18.0,89,0.6592592592592593,0.007407407407407401,0.0,1.7434626923745965e-19,0.007407407407407401,0.0,1.7434626923745965e-19,100
US Power Grid — San Francisco,seamless,18.0,90,0.6666666666666667,0.007407407407407401,0.0,1.7434626923745965e-19,0.007407407407407401,0.0,1.7434626923745965e-19,100
US Power Grid — San Francisco,seamless,18.0,91,0.674074074074074,0.007407407407407401,0.0,1.7434626923745965e-19,0.007407407407407401,0.0,1.7434626923745965e-19,100
US Power Grid — San Francisco,seamless,18.0,92,0.6814814814814815,0.007407407407407401,0.0,1.7434626923745965e-19,0.007407407407407401,0.0,1.7434626923745965e-19,100
US Power Grid — San Francisco,seamless,18.0,93,0.6888888888888889,0.007407407407407401,0.0,1.7434626923745965e-19,0.007407407407407401,0.0,1.7434626923745965e-19,100
US Power Grid — San Francisco,seamless,18.0,94,0.6962962962962963,0.007407407407407401,0.0,1.7434626923745965e-19,0.007407407407407401,0.0,1.7434626923745965e-19,100
US Power Grid — San Francisco,seamless,18.0,95,0.7037037037037037,0.007407407407407401,0.0,1.7434626923745965e-19,0.007407407407407401,0.0,1.7434626923745965e-19,100
US Power Grid — San Francisco,seamless,18.0,96,0.7111111111111111,0.007407407407407401,0.0,1.7434626923745965e-19,0.007407407407407401,0.0,1.7434626923745965e-19,100
US Power Grid — San Francisco,seamless,18.0,97,0.7185185185185186,0.007407407407407401,0.0,1.7434626923745965e-19,0.007407407407407401,0.0,1.7434626923745965e-19,100
US Power Grid — San Francisco,seamless,18.0,98,0.725925925925926,0.007407407407407401,0.0,1.7434626923745965e-19,0.007407407407407401,0.0,1.7434626923745965e-19,100
US Power Grid — San Francisco,seamless,18.0,99,0.7333333333333334,0.007407407407407401,0.0,1.7434626923745965e-19,0.007407407407407401,0.0,1.7434626923745965e-19,100
US Power Grid — San Francisco,seamless,18.0,100,0.7407407407407408,0.007407407407407401,0.0,1.7434626923745965e-19,0.007407407407407401,0.0,1.7434626923745965e-19,100
US Power Grid — San Francisco,seamless,18.0,101,0.7481481481481482,0.007407407407407401,0.0,1.7434626923745965e-19,0.007407407407407401,0.0,1.7434626923745965e-19,100
US Power Grid — San Francisco,seamless,18.0,102,0.7555555555555555,0.007407407407407401,0.0,1.7434626923745965e-19,0.007407407407407401,0.0,1.7434626923745965e-19,100
US Power Grid — San Francisco,seamless,18.0,103,0.762962962962963,0.007407407407407401,0.0,1.7434626923745965e-19,0.007407407407407401,0.0,1.7434626923745965e-19,100
US Power Grid — San Francisco,seamless,18.0,104,0.7703703703703704,0.007407407407407401,0.0,1.7434626923745965e-19,0.007407407407407401,0.0,1.7434626923745965e-19,100
US Power Grid — San Francisco,seamless,18.0,105,0.7777777777777778,0.007407407407407401,0.0,1.7434626923745965e-19,0.007407407407407401,0.0,1.7434626923745965e-19,100
US Power Grid — San Francisco,seamless,18.0,106,0.7851851851851852,0.007407407407407401,0.0,1.7434626923745965e-19,0.007407407407407401,0.0,1.7434626923745965e-19,100
US Power Grid — San Francisco,seamless,18.0,107,0.7925925925925926,0.007407407407407401,0.0,1.7434626923745965e-19,0.007407407407407401,0.0,1.7434626923745965e-19,100
US Power Grid — San Francisco,seamless,18.0,108,0.8,0.007407407407407401,0.0,1.7434626923745965e-19,0.007407407407407401,0.0,1.7434626923745965e-19,100
US Power Grid — San Francisco,seamless,18.0,109,0.8074074074074075,0.007407407407407401,0.0,1.7434626923745965e-19,0.007407407407407401,0.0,1.7434626923745965e-19,100
US Power Grid — San Francisco,seamless,18.0,110,0.8148148148148149,0.007407407407407401,0.0,1.7434626923745965e-19,0.007407407407407401,0.0,1.7434626923745965e-19,100
US Power Grid — San Francisco,seamless,18.0,111,0.8222222222222223,0.007407407407407401,0.0,1.7434626923745965e-19,0.007407407407407401,0.0,1.7434626923745965e-19,100
US Power Grid — San Francisco,seamless,18.0,112,0.8296296296296297,0.007407407407407401,0.0,1.7434626923745965e-19,0.007407407407407401,0.0,1.7434626923745965e-19,100
US Power Grid — San Francisco,seamless,18.0,113,0.837037037037037,0.007407407407407401,0.0,1.7434626923745965e-19,0.007407407407407401,0.0,1.7434626923745965e-19,100
US Power Grid — San Francisco,seamless,18.0,114,0.8444444444444444,0.007407407407407401,0.0,1.7434626923745965e-19,0.007407407407407401,0.0,1.7434626923745965e-19,100
US Power Grid — San Francisco,seamless,18.0,115,0.8518518518518519,0.007407407407407401,0.0,1.7434626923745965e-19,0.007407407407407401,0.0,1.7434626923745965e-19,100
US Power Grid — San Francisco,seamless,18.0,116,0.8592592592592593,0.007407407407407401,0.0,1.7434626923745965e-19,0.007407407407407401,0.0,1.7434626923745965e-19,100
US Power Grid — San Francisco,seamless,18.0,117,0.8666666666666667,0.007407407407407401,0.0,1.7434626923745965e-19,0.007407407407407401,0.0,1.7434626923745965e-19,100
US Power Grid — San Francisco,seamless,18.0,118,0.8740740740740741,0.007407407407407401,0.0,1.7434626923745965e-19,0.007407407407407401,0.0,1.7434626923745965e-19,100
US Power Grid — San Francisco,seamless,18.0,119,0.8814814814814815,0.007407407407407401,0.0,1.7434626923745965e-19,0.007407407407407401,0.0,1.7434626923745965e-19,100
US Power Grid — San Francisco,seamless,18.0,120,0.888888888888889,0.007407407407407401,0.0,1.7434626923745965e-19,0.007407407407407401,0.0,1.7434626923745965e-19,100
US Power Grid — San Francisco,seamless,18.0,121,0.8962962962962964,0.007407407407407401,0.0,1.7434626923745965e-19,0.007407407407407401,0.0,1.7434626923745965e-19,100
US Power Grid — San Francisco,seamless,18.0,122,0.9037037037037038,0.007407407407407401,0.0,1.7434626923745965e-19,0.007407407407407401,0.0,1.7434626923745965e-19,100
US Power Grid — San Francisco,seamless,18.0,123,0.9111111111111112,0.007407407407407401,0.0,1.7434626923745965e-19,0.007407407407407401,0.0,1.7434626923745965e-19,100
US Power Grid — San Francisco,seamless,18.0,124,0.9185185185185184,0.007407407407407401,0.0,1.7434626923745965e-19,0.007407407407407401,0.0,1.7434626923745965e-19,100
US Power Grid — San Francisco,seamless,18.0,125,0.925925925925926,0.007407407407407401,0.0,1.7434626923745965e-19,0.007407407407407401,0.0,1.7434626923745965e-19,100
US Power Grid — San Francisco,seamless,18.0,126,0.9333333333333332,0.007407407407407401,0.0,1.7434626923745965e-19,0.007407407407407401,0.0,1.7434626923745965e-19,100
US Power Grid — San Francisco,seamless,18.0,127,0.9407407407407408,0.007407407407407401,0.0,1.7434626923745965e-19,0.007407407407407401,0.0,1.7434626923745965e-19,100
US Power Grid — San Francisco,seamless,18.0,128,0.9481481481481482,0.007407407407407401,0.0,1.7434626923745965e-19,0.007407407407407401,0.0,1.7434626923745965e-19,100
US Power Grid — San Francisco,seamless,18.0,129,0.9555555555555556,0.007407407407407401,0.0,1.7434626923745965e-19,0.007407407407407401,0.0,1.7434626923745965e-19,100
US Power Grid — San Francisco,seamless,18.0,130,0.962962962962963,0.007407407407407401,0.0,1.7434626923745965e-19,0.007407407407407401,0.0,1.7434626923745965e-19,100
US Power Grid — San Francisco,seamless,18.0,131,0.9703703703703704,0.007407407407407401,0.0,1.7434626923745965e-19,0.007407407407407401,0.0,1.7434626923745965e-19,100
US Power Grid — San Francisco,seamless,18.0,132,0.977777777777778,0.007407407407407401,0.0,1.7434626923745965e-19,0.007407407407407401,0.0,1.7434626923745965e-19,100
US Power Grid — San Francisco,seamless,18.0,133,0.9851851851851852,0.007407407407407401,0.0,1.7434626923745965e-19,0.007407407407407401,0.0,1.7434626923745965e-19,100
US Power Grid — San Francisco,seamless,18.0,134,0.9925925925925926,0.007407407407407401,0.0,1.7434626923745965e-19,0.0,0.0,0.0,100
US Power Grid — San Francisco,seamless,18.0,135,1.0,0.0,0.0,0.0,0.0,0.0,0.0,100
US Power Grid — San Francisco,seamless,19.0,0,0.0,1.0,0.0,0.0,0.0,0.0,0.0,100
US Power Grid — San Francisco,seamless,19.0,1,0.0074074074074074,0.9039259259259258,0.06066838463171421,0.0060668384631714185,0.0735555555555555,0.053852226991222996,0.005385222699122298,100
US Power Grid — San Francisco,seamless,19.0,2,0.0148148148148148,0.7662962962962964,0.11569482815509288,0.011569482815509288,0.13133333333333327,0.08581061576679543,0.00858106157667954,100
US Power Grid — San Francisco,seamless,19.0,3,0.0222222222222222,0.5500740740740742,0.07034866855787118,0.007034866855787118,0.2302222222222222,0.03681459576699575,0.003681459576699575,100
US Power Grid — San Francisco,seamless,19.0,4,0.0296296296296296,0.36059259259259263,0.11601776200769155,0.011601776200769158,0.21051851851851847,0.05548372960121474,0.005548372960121475,100
US Power Grid — San Francisco,seamless,19.0,5,0.037037037037037,0.2819259259259259,0.058067133509535476,0.005806713350953547,0.21696296296296297,0.02676572614049476,0.0026765726140494757,100
US Power Grid — San Francisco,seamless,19.0,6,0.0444444444444444,0.23948148148148146,0.04072277943016173,0.004072277943016173,0.183037037037037,0.03082682361186047,0.003082682361186048,100
US Power Grid — San Francisco,seamless,19.0,7,0.0518518518518518,0.221037037037037,0.027670349691827262,0.002767034969182726,0.16325925925925922,0.020656125834591182,0.0020656125834591183,100
US Power Grid — San Francisco,seamless,19.0,8,0.0592592592592592,0.19807407407407404,0.030525549551655505,0.0030525549551655507,0.15429629629629626,0.010478565517986635,0.0010478565517986636,100
US Power Grid — San Francisco,seamless,19.0,9,0.0666666666666666,0.18377777777777773,0.03211939249179857,0.003211939249179857,0.1517777777777777,0.013666494817627559,0.0013666494817627566,100
US Power Grid — San Francisco,seamless,19.0,10,0.074074074074074,0.175037037037037,0.0295669932778266,0.0029566993277826597,0.14688888888888882,0.020335275690084705,0.0020335275690084712,100
US Power Grid — San Francisco,seamless,19.0,11,0.0814814814814814,0.16459259259259254,0.02182155317973651,0.0021821553179736507,0.14014814814814808,0.025085076450686392,0.002508507645068639,100
US Power Grid — San Francisco,seamless,19.0,12,0.0888888888888888,0.1595555555555555,0.0172813850909796,0.0017281385090979595,0.12059259259259253,0.02934921554566666,0.0029349215545666657,100
US Power Grid — San Francisco,seamless,19.0,13,0.0962962962962963,0.1472592592592592,0.021991066116875346,0.0021991066116875354,0.09740740740740735,0.025210589946496484,0.0025210589946496483,100
US Power Grid — San Francisco,seamless,19.0,14,0.1037037037037037,0.13162962962962957,0.02759282484203384,0.002759282484203385,0.08644444444444438,0.020899796299513475,0.0020899796299513464,100
US Power Grid — San Francisco,seamless,19.0,15,0.1111111111111111,0.11629629629629624,0.027785882344312292,0.0027785882344312307,0.0746666666666666,0.017981129038809048,0.0017981129038809052,100
US Power Grid — San Francisco,seamless,19.0,16,0.1185185185185185,0.1055555555555555,0.027922679799148212,0.0027922679799148213,0.06577777777777771,0.014637169111427034,0.0014637169111427037,100
US Power Grid — San Francisco,seamless,19.0,17,0.1259259259259259,0.0921481481481481,0.02492193128476888,0.0024921931284768886,0.06051851851851846,0.013361362234002302,0.0013361362234002294,100
US Power Grid — San Francisco,seamless,19.0,18,0.1333333333333333,0.08392592592592588,0.02460264647391957,0.002460264647391957,0.05629629629629625,0.010788430833398796,0.0010788430833398794,100
US Power Grid — San Francisco,seamless,19.0,19,0.1407407407407407,0.07592592592592587,0.02324316451396621,0.0023243164513966205,0.05148148148148143,0.006853595798326379,0.000685359579832638,100
US Power Grid — San Francisco,seamless,19.0,20,0.1481481481481481,0.06837037037037032,0.018502948935611642,0.0018502948935611645,0.049555555555555506,0.005639839521873041,0.0005639839521873042,100
US Power Grid — San Francisco,seamless,19.0,21,0.1555555555555555,0.06199999999999995,0.016735071826371784,0.0016735071826371785,0.04666666666666661,0.0044043584445226875,0.00044043584445226867,100
US Power Grid — San Francisco,seamless,19.0,22,0.1629629629629629,0.055185185185185136,0.014716282886689861,0.0014716282886689865,0.044370370370370324,0.0038676759192737644,0.00038676759192737646,100
US Power Grid — San Francisco,seamless,19.0,23,0.1703703703703703,0.049925925925925874,0.0075643677109028355,0.0007564367710902834,0.04274074074074069,0.00362505342277421,0.00036250534227742103,100
US Power Grid — San Francisco,seamless,19.0,24,0.1777777777777777,0.048074074074074026,0.0055206535539554374,0.0005520653553955436,0.04170370370370366,0.003745369821226454,0.0003745369821226457,100
US Power Grid — San Francisco,seamless,19.0,25,0.1851851851851852,0.046296296296296245,0.003703703703703702,0.00037037037037037014,0.04059259259259255,0.0037193831968050208,0.00037193831968050195,100
US Power Grid — San Francisco,seamless,19.0,26,0.1925925925925926,0.04555555555555551,0.0026582983798713834,0.00026582983798713815,0.03977777777777774,0.0035943450895845135,0.0003594345089584511,100
US Power Grid — San Francisco,seamless,19.0,27,0.2,0.045185185185185134,0.002233417367242695,0.00022334173672426927,0.03925925925925922,0.0034116013812728724,0.0003411601381272872,100
US Power Grid — San Francisco,seamless,19.0,28,0.2074074074074074,0.04496296296296291,0.0018994992590832792,0.00018994992590832795,0.03859259259259255,0.0030322976351135696,0.00030322976351135686,100
US Power Grid — San Francisco,seamless,19.0,29,0.2148148148148148,0.044592592592592545,0.001481481481481481,0.00014814814814814804,0.03792592592592589,0.0024192491286747406,0.00024192491286747407,100
US Power Grid — San Francisco,seamless,19.0,30,0.2222222222222222,0.04451851851851847,0.001287313217413212,0.0001287313217413213,0.037777777777777743,0.002233417367242689,0.00022334173672426905,100
US Power Grid — San Francisco,seamless,19.0,31,0.2296296296296296,0.04451851851851847,0.001287313217413212,0.0001287313217413213,0.03762962962962959,0.002019703143291039,0.000201970314329104,100
US Power Grid — San Francisco,seamless,19.0,32,0.237037037037037,0.044370370370370324,0.0016630254942304325,0.00016630254942304326,0.03740740740740737,0.0019341961772855304,0.00019341961772855287,100
US Power Grid — San Francisco,seamless,19.0,33,0.2444444444444444,0.04429629629629625,0.0018174888870928962,0.0001817488887092897,0.037333333333333295,0.0017990989817745324,0.00017990989817745327,100
US Power Grid — San Francisco,seamless,19.0,34,0.2518518518518519,0.04399999999999995,0.0017680241227847509,0.00017680241227847538,0.03696296296296293,0.0016630254942304314,0.00016630254942304317,100
US Power Grid — San Francisco,seamless,19.0,35,0.2592592592592592,0.043111111111111065,0.0028601697752990234,0.00028601697752990267,0.03681481481481478,0.0016496407655823228,0.00016496407655823222,100
US Power Grid — San Francisco,seamless,19.0,36,0.2666666666666666,0.04251851851851847,0.0032655111279763505,0.0003265511127976351,0.035629629629629594,0.004035974626556824,0.00040359746265568243,100
US Power Grid — San Francisco,seamless,19.0,37,0.2740740740740741,0.041185185185185144,0.004120908908592738,0.00041209089085927377,0.03429629629629626,0.005332730564100436,0.0005332730564100434,100
US Power Grid — San Francisco,seamless,19.0,38,0.2814814814814815,0.03985185185185181,0.004562589807937736,0.00045625898079377364,0.0313333333333333,0.006892303318536496,0.0006892303318536491,100
US Power Grid — San Francisco,seamless,19.0,39,0.2888888888888889,0.037111111111111074,0.006001667104769213,0.0006001667104769212,0.028962962962962933,0.007148098718739556,0.0007148098718739555,100
US Power Grid — San Francisco,seamless,19.0,40,0.2962962962962963,0.03474074074074071,0.006879425010765924,0.0006879425010765926,0.025407407407407382,0.006071445600288816,0.0006071445600288816,100
US Power Grid — San Francisco,seamless,19.0,41,0.3037037037037037,0.030888888888888858,0.007740723735654543,0.0007740723735654544,0.022444444444444423,0.00400288100650949,0.000400288100650949,100
US Power Grid — San Francisco,seamless,19.0,42,0.3111111111111111,0.025999999999999975,0.006863293144242423,0.0006863293144242423,0.020666666666666646,0.0030322976351135704,0.0003032297635113569,100
US Power Grid — San Francisco,seamless,19.0,43,0.3185185185185185,0.02370370370370368,0.004938271604938266,0.0004938271604938267,0.019111111111111093,0.0036744071388804273,0.00036744071388804267,100
US Power Grid — San Francisco,seamless,19.0,44,0.3259259259259259,0.021925925925925904,0.0036349777741857933,0.00036349777741857944,0.01740740740740739,0.0035509072995637166,0.0003550907299563717,100
US Power Grid — San Francisco,seamless,19.0,45,0.3333333333333333,0.020518518518518495,0.003132982108752965,0.0003132982108752965,0.01592592592592591,0.0026582983798713795,0.00026582983798713794,100
US Power Grid — San Francisco,seamless,19.0,46,0.3407407407407407,0.01962962962962961,0.0035509072995637153,0.0003550907299563716,0.015111111111111096,0.0014588621153106083,0.00014588621153106086,100
US Power Grid — San Francisco,seamless,19.0,47,0.3481481481481481,0.019037037037037016,0.0036857026070832776,0.0003685702607083278,0.014962962962962947,0.001042261438046589,0.00010422614380465892,100
US Power Grid — San Francisco,seamless,19.0,48,0.3555555555555555,0.01814814814814813,0.0037037037037037,0.0003703703703703699,0.014814814814814802,0.0,3.486925384749193e-19,100
US Power Grid — San Francisco,seamless,19.0,49,0.362962962962963,0.01777777777777776,0.0036471552882765216,0.0003647155288276521,0.014814814814814802,0.0,3.486925384749193e-19,100
US Power Grid — San Francisco,seamless,19.0,50,0.3703703703703704,0.01725925925925924,0.0035006041675945208,0.0003500604167594521,0.014814814814814802,0.0,3.486925384749193e-19,100
US Power Grid — San Francisco,seamless,19.0,51,0.3777777777777777,0.01666666666666665,0.003223660295475882,0.00032236602954758815,0.014814814814814802,0.0,3.486925384749193e-19,100
US Power Grid — San Francisco,seamless,19.0,52,0.3851851851851852,0.016370370370370355,0.0030322976351135704,0.000303229763511357,0.014814814814814802,0.0,3.486925384749193e-19,100
US Power Grid — San Francisco,seamless,19.0,53,0.3925925925925926,0.015851851851851836,0.0025832228742205675,0.0002583222874220568,0.014814814814814802,0.0,3.486925384749193e-19,100
US Power Grid — San Francisco,seamless,19.0,54,0.4,0.01570370370370369,0.002419249128674741,0.00024192491286747415,0.014814814814814802,0.0,3.486925384749193e-19,100
US Power Grid — San Francisco,seamless,19.0,55,0.4074074074074074,0.01555555555555554,0.002233417367242691,0.00022334173672426905,0.014814814814814802,0.0,3.486925384749193e-19,100
US Power Grid — San Francisco,seamless,19.0,56,0.4148148148148148,0.015407407407407392,0.0020197031432910404,0.00020197031432910402,0.014814814814814802,0.0,3.486925384749193e-19,100
US Power Grid — San Francisco,seamless,19.0,57,0.4222222222222222,0.015333333333333319,0.001899499259083278,0.00018994992590832776,0.014814814814814802,0.0,3.486925384749193e-19,100
US Power Grid — San Francisco,seamless,19.0,58,0.4296296296296296,0.015111111111111096,0.0014588621153106085,0.00014588621153106086,0.014814814814814802,0.0,3.486925384749193e-19,100
US Power Grid — San Francisco,seamless,19.0,59,0.437037037037037,0.014962962962962947,0.001042261438046589,0.00010422614380465892,0.014814814814814802,0.0,3.486925384749193e-19,100
US Power Grid — San Francisco,seamless,19.0,60,0.4444444444444445,0.014888888888888873,0.0007407407407407398,7.407407407407398e-05,0.014666666666666653,0.0010422614380465893,0.00010422614380465892,100
US Power Grid — San Francisco,seamless,19.0,61,0.4518518518518519,0.014740740740740726,0.00074074074074074,7.407407407407399e-05,0.013703703703703688,0.0026582983798713795,0.00026582983798713805,100
US Power Grid — San Francisco,seamless,19.0,62,0.4592592592592592,0.014444444444444432,0.0016225401004265935,0.0001622540100426593,0.012592592592592579,0.0034116013812728724,0.0003411601381272873,100
US Power Grid — San Francisco,seamless,19.0,63,0.4666666666666667,0.013925925925925913,0.002419249128674741,0.0002419249128674741,0.010888888888888877,0.003715655985530306,0.0003715655985530306,100
US Power Grid — San Francisco,seamless,19.0,64,0.4740740740740741,0.012518518518518507,0.0034431348052720834,0.00034431348052720836,0.00888888888888888,0.002977889822990254,0.00029778898229902554,100
US Power Grid — San Francisco,seamless,19.0,65,0.4814814814814815,0.010814814814814803,0.003710431599718759,0.0003710431599718759,0.00814814814814814,0.0022334173672426917,0.00022334173672426913,100
US Power Grid — San Francisco,seamless,19.0,66,0.4888888888888889,0.009777777777777767,0.0034727864612011127,0.00034727864612011126,0.0074814814814814735,0.0007407407407407403,7.407407407407398e-05,100
US Power Grid — San Francisco,seamless,19.0,67,0.4962962962962963,0.008814814814814805,0.0029205721807678674,0.0002920572180767868,0.0074814814814814735,0.0007407407407407403,7.407407407407398e-05,100
US Power Grid — San Francisco,seamless,19.0,68,0.5037037037037038,0.008222222222222214,0.0023293780572979247,0.00023293780572979238,0.0074814814814814735,0.0007407407407407403,7.407407407407398e-05,100
US Power Grid — San Francisco,seamless,19.0,69,0.5111111111111112,0.007851851851851844,0.0017680241227847541,0.0001768024122784754,0.007407407407407401,0.0,1.7434626923745965e-19,100
US Power Grid — San Francisco,seamless,19.0,70,0.5185185185185185,0.007555555555555548,0.0010422614380465893,0.00010422614380465892,0.007407407407407401,0.0,1.7434626923745965e-19,100
US Power Grid — San Francisco,seamless,19.0,71,0.5259259259259259,0.0074814814814814735,0.00074074074074074,7.407407407407398e-05,0.007407407407407401,0.0,1.7434626923745965e-19,100
US Power Grid — San Francisco,seamless,19.0,72,0.5333333333333333,0.0074814814814814735,0.00074074074074074,7.407407407407398e-05,0.007407407407407401,0.0,1.7434626923745965e-19,100
US Power Grid — San Francisco,seamless,19.0,73,0.5407407407407407,0.007407407407407401,0.0,1.7434626923745965e-19,0.007407407407407401,0.0,1.7434626923745965e-19,100
US Power Grid — San Francisco,seamless,19.0,74,0.5481481481481482,0.007407407407407401,0.0,1.7434626923745965e-19,0.007407407407407401,0.0,1.7434626923745965e-19,100
US Power Grid — San Francisco,seamless,19.0,75,0.5555555555555556,0.007407407407407401,0.0,1.7434626923745965e-19,0.007407407407407401,0.0,1.7434626923745965e-19,100
US Power Grid — San Francisco,seamless,19.0,76,0.562962962962963,0.007407407407407401,0.0,1.7434626923745965e-19,0.007407407407407401,0.0,1.7434626923745965e-19,100
US Power Grid — San Francisco,seamless,19.0,77,0.5703703703703704,0.007407407407407401,0.0,1.7434626923745965e-19,0.007407407407407401,0.0,1.7434626923745965e-19,100
US Power Grid — San Francisco,seamless,19.0,78,0.5777777777777778,0.007407407407407401,0.0,1.7434626923745965e-19,0.007407407407407401,0.0,1.7434626923745965e-19,100
US Power Grid — San Francisco,seamless,19.0,79,0.5851851851851853,0.007407407407407401,0.0,1.7434626923745965e-19,0.007407407407407401,0.0,1.7434626923745965e-19,100
US Power Grid — San Francisco,seamless,19.0,80,0.5925925925925926,0.007407407407407401,0.0,1.7434626923745965e-19,0.007407407407407401,0.0,1.7434626923745965e-19,100
US Power Grid — San Francisco,seamless,19.0,81,0.6,0.007407407407407401,0.0,1.7434626923745965e-19,0.007407407407407401,0.0,1.7434626923745965e-19,100
US Power Grid — San Francisco,seamless,19.0,82,0.6074074074074074,0.007407407407407401,0.0,1.7434626923745965e-19,0.007407407407407401,0.0,1.7434626923745965e-19,100
US Power Grid — San Francisco,seamless,19.0,83,0.6148148148148148,0.007407407407407401,0.0,1.7434626923745965e-19,0.007407407407407401,0.0,1.7434626923745965e-19,100
US Power Grid — San Francisco,seamless,19.0,84,0.6222222222222222,0.007407407407407401,0.0,1.7434626923745965e-19,0.007407407407407401,0.0,1.7434626923745965e-19,100
US Power Grid — San Francisco,seamless,19.0,85,0.6296296296296297,0.007407407407407401,0.0,1.7434626923745965e-19,0.007407407407407401,0.0,1.7434626923745965e-19,100
US Power Grid — San Francisco,seamless,19.0,86,0.6370370370370371,0.007407407407407401,0.0,1.7434626923745965e-19,0.007407407407407401,0.0,1.7434626923745965e-19,100
US Power Grid — San Francisco,seamless,19.0,87,0.6444444444444445,0.007407407407407401,0.0,1.7434626923745965e-19,0.007407407407407401,0.0,1.7434626923745965e-19,100
US Power Grid — San Francisco,seamless,19.0,88,0.6518518518518519,0.007407407407407401,0.0,1.7434626923745965e-19,0.007407407407407401,0.0,1.7434626923745965e-19,100
US Power Grid — San Francisco,seamless,19.0,89,0.6592592592592593,0.007407407407407401,0.0,1.7434626923745965e-19,0.007407407407407401,0.0,1.7434626923745965e-19,100
US Power Grid — San Francisco,seamless,19.0,90,0.6666666666666667,0.007407407407407401,0.0,1.7434626923745965e-19,0.007407407407407401,0.0,1.7434626923745965e-19,100
US Power Grid — San Francisco,seamless,19.0,91,0.674074074074074,0.007407407407407401,0.0,1.7434626923745965e-19,0.007407407407407401,0.0,1.7434626923745965e-19,100
US Power Grid — San Francisco,seamless,19.0,92,0.6814814814814815,0.007407407407407401,0.0,1.7434626923745965e-19,0.007407407407407401,0.0,1.7434626923745965e-19,100
US Power Grid — San Francisco,seamless,19.0,93,0.6888888888888889,0.007407407407407401,0.0,1.7434626923745965e-19,0.007407407407407401,0.0,1.7434626923745965e-19,100
US Power Grid — San Francisco,seamless,19.0,94,0.6962962962962963,0.007407407407407401,0.0,1.7434626923745965e-19,0.007407407407407401,0.0,1.7434626923745965e-19,100
US Power Grid — San Francisco,seamless,19.0,95,0.7037037037037037,0.007407407407407401,0.0,1.7434626923745965e-19,0.007407407407407401,0.0,1.7434626923745965e-19,100
US Power Grid — San Francisco,seamless,19.0,96,0.7111111111111111,0.007407407407407401,0.0,1.7434626923745965e-19,0.007407407407407401,0.0,1.7434626923745965e-19,100
US Power Grid — San Francisco,seamless,19.0,97,0.7185185185185186,0.007407407407407401,0.0,1.7434626923745965e-19,0.007407407407407401,0.0,1.7434626923745965e-19,100
US Power Grid — San Francisco,seamless,19.0,98,0.725925925925926,0.007407407407407401,0.0,1.7434626923745965e-19,0.007407407407407401,0.0,1.7434626923745965e-19,100
US Power Grid — San Francisco,seamless,19.0,99,0.7333333333333334,0.007407407407407401,0.0,1.7434626923745965e-19,0.007407407407407401,0.0,1.7434626923745965e-19,100
US Power Grid — San Francisco,seamless,19.0,100,0.7407407407407408,0.007407407407407401,0.0,1.7434626923745965e-19,0.007407407407407401,0.0,1.7434626923745965e-19,100
US Power Grid — San Francisco,seamless,19.0,101,0.7481481481481482,0.007407407407407401,0.0,1.7434626923745965e-19,0.007407407407407401,0.0,1.7434626923745965e-19,100
US Power Grid — San Francisco,seamless,19.0,102,0.7555555555555555,0.007407407407407401,0.0,1.7434626923745965e-19,0.007407407407407401,0.0,1.7434626923745965e-19,100
US Power Grid — San Francisco,seamless,19.0,103,0.762962962962963,0.007407407407407401,0.0,1.7434626923745965e-19,0.007407407407407401,0.0,1.7434626923745965e-19,100
US Power Grid — San Francisco,seamless,19.0,104,0.7703703703703704,0.007407407407407401,0.0,1.7434626923745965e-19,0.007407407407407401,0.0,1.7434626923745965e-19,100
US Power Grid — San Francisco,seamless,19.0,105,0.7777777777777778,0.007407407407407401,0.0,1.7434626923745965e-19,0.007407407407407401,0.0,1.7434626923745965e-19,100
US Power Grid — San Francisco,seamless,19.0,106,0.7851851851851852,0.007407407407407401,0.0,1.7434626923745965e-19,0.007407407407407401,0.0,1.7434626923745965e-19,100
US Power Grid — San Francisco,seamless,19.0,107,0.7925925925925926,0.007407407407407401,0.0,1.7434626923745965e-19,0.007407407407407401,0.0,1.7434626923745965e-19,100
US Power Grid — San Francisco,seamless,19.0,108,0.8,0.007407407407407401,0.0,1.7434626923745965e-19,0.007407407407407401,0.0,1.7434626923745965e-19,100
US Power Grid — San Francisco,seamless,19.0,109,0.8074074074074075,0.007407407407407401,0.0,1.7434626923745965e-19,0.007407407407407401,0.0,1.7434626923745965e-19,100
US Power Grid — San Francisco,seamless,19.0,110,0.8148148148148149,0.007407407407407401,0.0,1.7434626923745965e-19,0.007407407407407401,0.0,1.7434626923745965e-19,100
US Power Grid — San Francisco,seamless,19.0,111,0.8222222222222223,0.007407407407407401,0.0,1.7434626923745965e-19,0.007407407407407401,0.0,1.7434626923745965e-19,100
US Power Grid — San Francisco,seamless,19.0,112,0.8296296296296297,0.007407407407407401,0.0,1.7434626923745965e-19,0.007407407407407401,0.0,1.7434626923745965e-19,100
US Power Grid — San Francisco,seamless,19.0,113,0.837037037037037,0.007407407407407401,0.0,1.7434626923745965e-19,0.007407407407407401,0.0,1.7434626923745965e-19,100
US Power Grid — San Francisco,seamless,19.0,114,0.8444444444444444,0.007407407407407401,0.0,1.7434626923745965e-19,0.007407407407407401,0.0,1.7434626923745965e-19,100
US Power Grid — San Francisco,seamless,19.0,115,0.8518518518518519,0.007407407407407401,0.0,1.7434626923745965e-19,0.007407407407407401,0.0,1.7434626923745965e-19,100
US Power Grid — San Francisco,seamless,19.0,116,0.8592592592592593,0.007407407407407401,0.0,1.7434626923745965e-19,0.007407407407407401,0.0,1.7434626923745965e-19,100
US Power Grid — San Francisco,seamless,19.0,117,0.8666666666666667,0.007407407407407401,0.0,1.7434626923745965e-19,0.007407407407407401,0.0,1.7434626923745965e-19,100
US Power Grid — San Francisco,seamless,19.0,118,0.8740740740740741,0.007407407407407401,0.0,1.7434626923745965e-19,0.007407407407407401,0.0,1.7434626923745965e-19,100
US Power Grid — San Francisco,seamless,19.0,119,0.8814814814814815,0.007407407407407401,0.0,1.7434626923745965e-19,0.007407407407407401,0.0,1.7434626923745965e-19,100
US Power Grid — San Francisco,seamless,19.0,120,0.888888888888889,0.007407407407407401,0.0,1.7434626923745965e-19,0.007407407407407401,0.0,1.7434626923745965e-19,100
US Power Grid — San Francisco,seamless,19.0,121,0.8962962962962964,0.007407407407407401,0.0,1.7434626923745965e-19,0.007407407407407401,0.0,1.7434626923745965e-19,100
US Power Grid — San Francisco,seamless,19.0,122,0.9037037037037038,0.007407407407407401,0.0,1.7434626923745965e-19,0.007407407407407401,0.0,1.7434626923745965e-19,100
US Power Grid — San Francisco,seamless,19.0,123,0.9111111111111112,0.007407407407407401,0.0,1.7434626923745965e-19,0.007407407407407401,0.0,1.7434626923745965e-19,100
US Power Grid — San Francisco,seamless,19.0,124,0.9185185185185184,0.007407407407407401,0.0,1.7434626923745965e-19,0.007407407407407401,0.0,1.7434626923745965e-19,100
US Power Grid — San Francisco,seamless,19.0,125,0.925925925925926,0.007407407407407401,0.0,1.7434626923745965e-19,0.007407407407407401,0.0,1.7434626923745965e-19,100
US Power Grid — San Francisco,seamless,19.0,126,0.9333333333333332,0.007407407407407401,0.0,1.7434626923745965e-19,0.007407407407407401,0.0,1.7434626923745965e-19,100
US Power Grid — San Francisco,seamless,19.0,127,0.9407407407407408,0.007407407407407401,0.0,1.7434626923745965e-19,0.007407407407407401,0.0,1.7434626923745965e-19,100
US Power Grid — San Francisco,seamless,19.0,128,0.9481481481481482,0.007407407407407401,0.0,1.7434626923745965e-19,0.007407407407407401,0.0,1.7434626923745965e-19,100
US Power Grid — San Francisco,seamless,19.0,129,0.9555555555555556,0.007407407407407401,0.0,1.7434626923745965e-19,0.007407407407407401,0.0,1.7434626923745965e-19,100
US Power Grid — San Francisco,seamless,19.0,130,0.962962962962963,0.007407407407407401,0.0,1.7434626923745965e-19,0.007407407407407401,0.0,1.7434626923745965e-19,100
US Power Grid — San Francisco,seamless,19.0,131,0.9703703703703704,0.007407407407407401,0.0,1.7434626923745965e-19,0.007407407407407401,0.0,1.7434626923745965e-19,100
US Power Grid — San Francisco,seamless,19.0,132,0.977777777777778,0.007407407407407401,0.0,1.7434626923745965e-19,0.007407407407407401,0.0,1.7434626923745965e-19,100
US Power Grid — San Francisco,seamless,19.0,133,0.9851851851851852,0.007407407407407401,0.0,1.7434626923745965e-19,0.007407407407407401,0.0,1.7434626923745965e-19,100
US Power Grid — San Francisco,seamless,19.0,134,0.9925925925925926,0.007407407407407401,0.0,1.7434626923745965e-19,0.0,0.0,0.0,100
US Power Grid — San Francisco,seamless,19.0,135,1.0,0.0,0.0,0.0,0.0,0.0,0.0,100
US Power Grid — San Francisco,seamless,20.0,0,0.0,1.0,0.0,0.0,0.0,0.0,0.0,100
US Power Grid — San Francisco,seamless,20.0,1,0.0074074074074074,0.9034074074074073,0.06037042774940522,0.006037042774940523,0.07429629629629624,0.053482509500945644,0.0053482509500945635,100
US Power Grid — San Francisco,seamless,20.0,2,0.0148148148148148,0.7782222222222223,0.1128843169772145,0.011288431697721445,0.12214814814814808,0.08301114922580684,0.008301114922580684,100
US Power Grid — San Francisco,seamless,20.0,3,0.0222222222222222,0.5692592592592594,0.08540611244621332,0.008540611244621334,0.22044444444444442,0.05372719018917063,0.005372719018917063,100
US Power Grid — San Francisco,seamless,20.0,4,0.0296296296296296,0.39125925925925925,0.12879321844621427,0.012879321844621431,0.19770370370370366,0.06384861583570516,0.006384861583570515,100
US Power Grid — San Francisco,seamless,20.0,5,0.037037037037037,0.2982222222222222,0.07624662863469724,0.007624662863469724,0.20807407407407408,0.04065521751611872,0.004065521751611872,100
US Power Grid — San Francisco,seamless,20.0,6,0.0444444444444444,0.23674074074074075,0.03327583684869408,0.0033275836848694084,0.18992592592592591,0.027626248377649695,0.0027626248377649694,100
US Power Grid — San Francisco,seamless,20.0,7,0.0518518518518518,0.2162962962962963,0.0210568608746282,0.00210568608746282,0.16718518518518516,0.02031345993699656,0.0020313459936996564,100
US Power Grid — San Francisco,seamless,20.0,8,0.0592592592592592,0.19859259259259257,0.03142158867805481,0.0031421588678054806,0.15777777777777774,0.00973524060255958,0.0009735240602559583,100
US Power Grid — San Francisco,seamless,20.0,9,0.0666666666666666,0.18481481481481477,0.03274621145255487,0.0032746211452554866,0.15377777777777774,0.011870542688021369,0.0011870542688021373,100
US Power Grid — San Francisco,seamless,20.0,10,0.074074074074074,0.16807407407407404,0.024684510835110696,0.0024684510835110696,0.1458518518518518,0.022051847189595363,0.0022051847189595367,100
US Power Grid — San Francisco,seamless,20.0,11,0.0814814814814814,0.15888888888888883,0.01441184076387232,0.0014411840763872326,0.1341481481481481,0.028287896148668012,0.0028287896148668007,100
US Power Grid — San Francisco,seamless,20.0,12,0.0888888888888888,0.15488888888888883,0.017776998361764596,0.0017776998361764592,0.11681481481481476,0.029495675501453683,0.0029495675501453687,100
US Power Grid — San Francisco,seamless,20.0,13,0.0962962962962963,0.1432592592592592,0.02265986317403762,0.0022659863174037628,0.09955555555555551,0.026600074811773827,0.0026600074811773825,100
US Power Grid — San Francisco,seamless,20.0,14,0.1037037037037037,0.12999999999999998,0.025342152953109383,0.002534215295310938,0.08844444444444438,0.025806899023118862,0.0025806899023118864,100
US Power Grid — San Francisco,seamless,20.0,15,0.1111111111111111,0.11970370370370366,0.026399291404022977,0.002639929140402297,0.07637037037037031,0.02284196304315242,0.0022841963043152423,100
US Power Grid — San Francisco,seamless,20.0,16,0.1185185185185185,0.11007407407407403,0.02896791975518513,0.002896791975518513,0.07044444444444439,0.020725102329467608,0.0020725102329467613,100
US Power Grid — San Francisco,seamless,20.0,17,0.1259259259259259,0.09888888888888885,0.028375536155016225,0.0028375536155016224,0.0626666666666666,0.014063240361380883,0.0014063240361380878,100
US Power Grid — San Francisco,seamless,20.0,18,0.1333333333333333,0.08703703703703698,0.026788080419856083,0.002678808041985609,0.059555555555555494,0.012718065066397857,0.001271806506639786,100
US Power Grid — San Francisco,seamless,20.0,19,0.1407407407407407,0.0807407407407407,0.02551923008058828,0.0025519230080588277,0.05414814814814809,0.008202383862265704,0.0008202383862265704,100
US Power Grid — San Francisco,seamless,20.0,20,0.1481481481481481,0.07066666666666661,0.021918867227095604,0.0021918867227095603,0.05007407407407403,0.005873316791533568,0.0005873316791533567,100
US Power Grid — San Francisco,seamless,20.0,21,0.1555555555555555,0.0626666666666666,0.018339425803543436,0.0018339425803543439,0.04770370370370365,0.006345071961950072,0.0006345071961950074,100
US Power Grid — San Francisco,seamless,20.0,22,0.1629629629629629,0.05725925925925921,0.014621067548053805,0.0014621067548053807,0.044888888888888846,0.00444444444444444,0.00044444444444444403,100
US Power Grid — San Francisco,seamless,20.0,23,0.1703703703703703,0.05096296296296291,0.009550162768303071,0.0009550162768303071,0.043185185185185146,0.00459587394692773,0.00045958739469277295,100
US Power Grid — San Francisco,seamless,20.0,24,0.1777777777777777,0.04918518518518514,0.0074833369925149315,0.0007483336992514932,0.04207407407407403,0.004061300247954614,0.00040613002479546135,100
US Power Grid — San Francisco,seamless,20.0,25,0.1851851851851852,0.047185185185185136,0.005536693256697375,0.0005536693256697375,0.04081481481481477,0.004008415583651945,0.0004008415583651945,100
US Power Grid — San Francisco,seamless,20.0,26,0.1925925925925926,0.046296296296296245,0.004128299474242313,0.0004128299474242314,0.04007407407407403,0.003952721100883584,0.0003952721100883582,100
US Power Grid — San Francisco,seamless,20.0,27,0.2,0.04555555555555551,0.003223660295475884,0.00032236602954758837,0.03918518518518514,0.0035383985603823927,0.0003538398560382393,100
US Power Grid — San Francisco,seamless,20.0,28,0.2074074074074074,0.04525925925925921,0.0029582828732259365,0.00029582828732259366,0.03866666666666663,0.0032587150516650027,0.00032587150516650025,100
US Power Grid — San Francisco,seamless,20.0,29,0.2148148148148148,0.04474074074074069,0.001458862115310611,0.00014588621153106097,0.03792592592592589,0.002419249128674741,0.00024192491286747407,100
US Power Grid — San Francisco,seamless,20.0,30,0.2222222222222222,0.044666666666666625,0.0012699748740575205,0.000126997487405752,0.037777777777777743,0.0022334173672426904,0.00022334173672426905,100
US Power Grid — San Francisco,seamless,20.0,31,0.2296296296296296,0.044666666666666625,0.0012699748740575205,0.000126997487405752,0.03755555555555552,0.0018994992590832768,0.00018994992590832773,100
US Power Grid — San Francisco,seamless,20.0,32,0.237037037037037,0.044592592592592545,0.0010422614380465897,0.00010422614380465898,0.03740740740740737,0.0016225401004265926,0.00016225401004265925,100
US Power Grid — San Francisco,seamless,20.0,33,0.2444444444444444,0.044444444444444405,0.001052843043731408,0.00010528430437314086,0.03718518518518515,0.0010422614380465884,0.00010422614380465888,100
US Power Grid — San Francisco,seamless,20.0,34,0.2518518518518519,0.04407407407407403,0.00193419617728553,0.00019341961772855292,0.037111111111111074,0.0012873132174132118,0.00012873132174132123,100
US Power Grid — San Francisco,seamless,20.0,35,0.2592592592592592,0.04340740740740737,0.0025832228742205675,0.0002583222874220567,0.03666666666666663,0.0022021792222613437,0.00022021792222613428,100
US Power Grid — San Francisco,seamless,20.0,36,0.2666666666666666,0.04229629629629625,0.003378133493126431,0.000337813349312643,0.03570370370370367,0.004128970687883727,0.00041289706878837274,100
US Power Grid — San Francisco,seamless,20.0,37,0.2740740740740741,0.04111111111111107,0.004128299474242313,0.00041282994742423116,0.03407407407407404,0.0058619819785412286,0.0005861981978541227,100
US Power Grid — San Francisco,seamless,20.0,38,0.2814814814814815,0.03940740740740736,0.0043256348266472325,0.00043256348266472336,0.030666666666666637,0.0072958300663261266,0.0007295830066326125,100
US Power Grid — San Francisco,seamless,20.0,39,0.2888888888888889,0.03762962962962959,0.005539195264713683,0.0005539195264713684,0.027185185185185156,0.007067000614059906,0.0007067000614059906,100
US Power Grid — San Francisco,seamless,20.0,40,0.2962962962962963,0.03429629629629626,0.007639825527268182,0.0007639825527268184,0.024666666666666642,0.005867179819372546,0.0005867179819372548,100
US Power Grid — San Francisco,seamless,20.0,41,0.3037037037037037,0.029999999999999968,0.008447384317703118,0.0008447384317703118,0.02207407407407405,0.0034887094537343045,0.00034887094537343046,100
US Power Grid — San Francisco,seamless,20.0,42,0.3111111111111111,0.025999999999999975,0.006943577698747143,0.0006943577698747143,0.020592592592592572,0.0030839496288387115,0.0003083949628838712,100
US Power Grid — San Francisco,seamless,20.0,43,0.3185185185185185,0.023037037037037012,0.004812655995347987,0.0004812655995347987,0.0185185185185185,0.0037223622787378187,0.0003722362278737818,100
US Power Grid — San Francisco,seamless,20.0,44,0.3259259259259259,0.02185185185185183,0.0039917888313756944,0.0003991788831375695,0.01740740740740739,0.003550907299563717,0.00035509072995637173,100
US Power Grid — San Francisco,seamless,20.0,45,0.3333333333333333,0.020666666666666646,0.0035383985603823936,0.0003538398560382394,0.015999999999999983,0.0027292811050182975,0.0002729281105018298,100
US Power Grid — San Francisco,seamless,20.0,46,0.3407407407407407,0.01962962962962961,0.0035509072995637166,0.0003550907299563716,0.015259259259259243,0.0017680241227847537,0.0001768024122784754,100
US Power Grid — San Francisco,seamless,20.0,47,0.3481481481481481,0.018814814814814795,0.0037104315997187596,0.0003710431599718759,0.015111111111111096,0.0014588621153106085,0.00014588621153106086,100
US Power Grid — San Francisco,seamless,20.0,48,0.3555555555555555,0.018296296296296276,0.0037156559855303067,0.00037156559855303057,0.015037037037037022,0.0012699748740575192,0.0001269974874057519,100
US Power Grid — San Francisco,seamless,20.0,49,0.362962962962963,0.01740740740740739,0.003550907299563716,0.0003550907299563717,0.014888888888888873,0.0007407407407407398,7.407407407407398e-05,100
US Power Grid — San Francisco,seamless,20.0,50,0.3703703703703704,0.01666666666666665,0.0032236602954758818,0.00032236602954758815,0.014814814814814802,0.0,3.486925384749193e-19,100
US Power Grid — San Francisco,seamless,20.0,51,0.3777777777777777,0.01629629629629628,0.002977889822990254,0.00029778898229902543,0.014814814814814802,0.0,3.486925384749193e-19,100
US Power Grid — San Francisco,seamless,20.0,52,0.3851851851851852,0.015999999999999983,0.0027292811050182975,0.0002729281105018298,0.014814814814814802,0.0,3.486925384749193e-19,100
US Power Grid — San Francisco,seamless,20.0,53,0.3925925925925926,0.01592592592592591,0.00265829837987138,0.00026582983798713794,0.014814814814814802,0.0,3.486925384749193e-19,100
US Power Grid — San Francisco,seamless,20.0,54,0.4,0.015777777777777762,0.0025036864369602273,0.00025036864369602275,0.014814814814814802,0.0,3.486925384749193e-19,100
US Power Grid — San Francisco,seamless,20.0,55,0.4074074074074074,0.015481481481481464,0.00213054437973823,0.000213054437973823,0.014814814814814802,0.0,3.486925384749193e-19,100
US Power Grid — San Francisco,seamless,20.0,56,0.4148148148148148,0.015333333333333317,0.0018994992590832779,0.00018994992590832776,0.014814814814814802,0.0,3.486925384749193e-19,100
US Power Grid — San Francisco,seamless,20.0,57,0.4222222222222222,0.015111111111111096,0.0014588621153106085,0.00014588621153106086,0.014814814814814802,0.0,3.486925384749193e-19,100
US Power Grid — San Francisco,seamless,20.0,58,0.4296296296296296,0.014962962962962947,0.0010422614380465893,0.00010422614380465892,0.014814814814814802,0.0,3.486925384749193e-19,100
US Power Grid — San Francisco,seamless,20.0,59,0.437037037037037,0.014962962962962947,0.0010422614380465893,0.00010422614380465892,0.014814814814814802,0.0,3.486925384749193e-19,100
US Power Grid — San Francisco,seamless,20.0,60,0.4444444444444445,0.014962962962962947,0.0010422614380465893,0.00010422614380465892,0.014740740740740726,0.00074074074074074,7.407407407407399e-05,100
US Power Grid — San Francisco,seamless,20.0,61,0.4518518518518519,0.014888888888888873,0.0012873132174132126,0.00012873132174132123,0.013925925925925913,0.0024192491286747415,0.00024192491286747415,100
US Power Grid — San Francisco,seamless,20.0,62,0.4592592592592592,0.014296296296296283,0.002171767922682241,0.00021717679226822417,0.011999999999999988,0.003613568379367133,0.0003613568379367133,100
US Power Grid — San Francisco,seamless,20.0,63,0.4666666666666667,0.013037037037037024,0.003179516266599462,0.0003179516266599462,0.010592592592592582,0.003685702607083279,0.0003685702607083278,100
US Power Grid — San Francisco,seamless,20.0,64,0.4740740740740741,0.011925925925925913,0.0036311639259273844,0.0003631163925927383,0.008666666666666658,0.002796482726434345,0.00027964827264343443,100
US Power Grid — San Francisco,seamless,20.0,65,0.4814814814814815,0.010444444444444433,0.0036615634846200724,0.00036615634846200726,0.00777777777777777,0.0016225401004265935,0.0001622540100426593,100
US Power Grid — San Francisco,seamless,20.0,66,0.4888888888888889,0.009185185185185176,0.0031795162665994607,0.00031795162665994623,0.007407407407407401,0.0,1.7434626923745965e-19,100
US Power Grid — San Francisco,seamless,20.0,67,0.4962962962962963,0.008074074074074065,0.00213054437973823,0.00021305443797382302,0.007407407407407401,0.0,1.7434626923745965e-19,100
US Power Grid — San Francisco,seamless,20.0,68,0.5037037037037038,0.00777777777777777,0.0016225401004265935,0.0001622540100426593,0.007407407407407401,0.0,1.7434626923745965e-19,100
US Power Grid — San Francisco,seamless,20.0,69,0.5111111111111112,0.007555555555555548,0.0010422614380465893,0.00010422614380465891,0.007407407407407401,0.0,1.7434626923745965e-19,100
US Power Grid — San Francisco,seamless,20.0,70,0.5185185185185185,0.007555555555555548,0.0010422614380465893,0.00010422614380465891,0.007407407407407401,0.0,1.7434626923745965e-19,100
US Power Grid — San Francisco,seamless,20.0,71,0.5259259259259259,0.007555555555555548,0.0010422614380465893,0.00010422614380465891,0.007407407407407401,0.0,1.7434626923745965e-19,100
US Power Grid — San Francisco,seamless,20.0,72,0.5333333333333333,0.007555555555555548,0.0010422614380465893,0.00010422614380465891,0.007407407407407401,0.0,1.7434626923745965e-19,100
US Power Grid — San Francisco,seamless,20.0,73,0.5407407407407407,0.007407407407407401,0.0,1.7434626923745965e-19,0.007407407407407401,0.0,1.7434626923745965e-19,100
US Power Grid — San Francisco,seamless,20.0,74,0.5481481481481482,0.007407407407407401,0.0,1.7434626923745965e-19,0.007407407407407401,0.0,1.7434626923745965e-19,100
US Power Grid — San Francisco,seamless,20.0,75,0.5555555555555556,0.007407407407407401,0.0,1.7434626923745965e-19,0.007407407407407401,0.0,1.7434626923745965e-19,100
US Power Grid — San Francisco,seamless,20.0,76,0.562962962962963,0.007407407407407401,0.0,1.7434626923745965e-19,0.007407407407407401,0.0,1.7434626923745965e-19,100
US Power Grid — San Francisco,seamless,20.0,77,0.5703703703703704,0.007407407407407401,0.0,1.7434626923745965e-19,0.007407407407407401,0.0,1.7434626923745965e-19,100
US Power Grid — San Francisco,seamless,20.0,78,0.5777777777777778,0.007407407407407401,0.0,1.7434626923745965e-19,0.007407407407407401,0.0,1.7434626923745965e-19,100
US Power Grid — San Francisco,seamless,20.0,79,0.5851851851851853,0.007407407407407401,0.0,1.7434626923745965e-19,0.007407407407407401,0.0,1.7434626923745965e-19,100
US Power Grid — San Francisco,seamless,20.0,80,0.5925925925925926,0.007407407407407401,0.0,1.7434626923745965e-19,0.007407407407407401,0.0,1.7434626923745965e-19,100
US Power Grid — San Francisco,seamless,20.0,81,0.6,0.007407407407407401,0.0,1.7434626923745965e-19,0.007407407407407401,0.0,1.7434626923745965e-19,100
US Power Grid — San Francisco,seamless,20.0,82,0.6074074074074074,0.007407407407407401,0.0,1.7434626923745965e-19,0.007407407407407401,0.0,1.7434626923745965e-19,100
US Power Grid — San Francisco,seamless,20.0,83,0.6148148148148148,0.007407407407407401,0.0,1.7434626923745965e-19,0.007407407407407401,0.0,1.7434626923745965e-19,100
US Power Grid — San Francisco,seamless,20.0,84,0.6222222222222222,0.007407407407407401,0.0,1.7434626923745965e-19,0.007407407407407401,0.0,1.7434626923745965e-19,100
US Power Grid — San Francisco,seamless,20.0,85,0.6296296296296297,0.007407407407407401,0.0,1.7434626923745965e-19,0.007407407407407401,0.0,1.7434626923745965e-19,100
US Power Grid — San Francisco,seamless,20.0,86,0.6370370370370371,0.007407407407407401,0.0,1.7434626923745965e-19,0.007407407407407401,0.0,1.7434626923745965e-19,100
US Power Grid — San Francisco,seamless,20.0,87,0.6444444444444445,0.007407407407407401,0.0,1.7434626923745965e-19,0.007407407407407401,0.0,1.7434626923745965e-19,100
US Power Grid — San Francisco,seamless,20.0,88,0.6518518518518519,0.007407407407407401,0.0,1.7434626923745965e-19,0.007407407407407401,0.0,1.7434626923745965e-19,100
US Power Grid — San Francisco,seamless,20.0,89,0.6592592592592593,0.007407407407407401,0.0,1.7434626923745965e-19,0.007407407407407401,0.0,1.7434626923745965e-19,100
US Power Grid — San Francisco,seamless,20.0,90,0.6666666666666667,0.007407407407407401,0.0,1.7434626923745965e-19,0.007407407407407401,0.0,1.7434626923745965e-19,100
US Power Grid — San Francisco,seamless,20.0,91,0.674074074074074,0.007407407407407401,0.0,1.7434626923745965e-19,0.007407407407407401,0.0,1.7434626923745965e-19,100
US Power Grid — San Francisco,seamless,20.0,92,0.6814814814814815,0.007407407407407401,0.0,1.7434626923745965e-19,0.007407407407407401,0.0,1.7434626923745965e-19,100
US Power Grid — San Francisco,seamless,20.0,93,0.6888888888888889,0.007407407407407401,0.0,1.7434626923745965e-19,0.007407407407407401,0.0,1.7434626923745965e-19,100
US Power Grid — San Francisco,seamless,20.0,94,0.6962962962962963,0.007407407407407401,0.0,1.7434626923745965e-19,0.007407407407407401,0.0,1.7434626923745965e-19,100
US Power Grid — San Francisco,seamless,20.0,95,0.7037037037037037,0.007407407407407401,0.0,1.7434626923745965e-19,0.007407407407407401,0.0,1.7434626923745965e-19,100
US Power Grid — San Francisco,seamless,20.0,96,0.7111111111111111,0.007407407407407401,0.0,1.7434626923745965e-19,0.007407407407407401,0.0,1.7434626923745965e-19,100
US Power Grid — San Francisco,seamless,20.0,97,0.7185185185185186,0.007407407407407401,0.0,1.7434626923745965e-19,0.007407407407407401,0.0,1.7434626923745965e-19,100
US Power Grid — San Francisco,seamless,20.0,98,0.725925925925926,0.007407407407407401,0.0,1.7434626923745965e-19,0.007407407407407401,0.0,1.7434626923745965e-19,100
US Power Grid — San Francisco,seamless,20.0,99,0.7333333333333334,0.007407407407407401,0.0,1.7434626923745965e-19,0.007407407407407401,0.0,1.7434626923745965e-19,100
US Power Grid — San Francisco,seamless,20.0,100,0.7407407407407408,0.007407407407407401,0.0,1.7434626923745965e-19,0.007407407407407401,0.0,1.7434626923745965e-19,100
US Power Grid — San Francisco,seamless,20.0,101,0.7481481481481482,0.007407407407407401,0.0,1.7434626923745965e-19,0.007407407407407401,0.0,1.7434626923745965e-19,100
US Power Grid — San Francisco,seamless,20.0,102,0.7555555555555555,0.007407407407407401,0.0,1.7434626923745965e-19,0.007407407407407401,0.0,1.7434626923745965e-19,100
US Power Grid — San Francisco,seamless,20.0,103,0.762962962962963,0.007407407407407401,0.0,1.7434626923745965e-19,0.007407407407407401,0.0,1.7434626923745965e-19,100
US Power Grid — San Francisco,seamless,20.0,104,0.7703703703703704,0.007407407407407401,0.0,1.7434626923745965e-19,0.007407407407407401,0.0,1.7434626923745965e-19,100
US Power Grid — San Francisco,seamless,20.0,105,0.7777777777777778,0.007407407407407401,0.0,1.7434626923745965e-19,0.007407407407407401,0.0,1.7434626923745965e-19,100
US Power Grid — San Francisco,seamless,20.0,106,0.7851851851851852,0.007407407407407401,0.0,1.7434626923745965e-19,0.007407407407407401,0.0,1.7434626923745965e-19,100
US Power Grid — San Francisco,seamless,20.0,107,0.7925925925925926,0.007407407407407401,0.0,1.7434626923745965e-19,0.007407407407407401,0.0,1.7434626923745965e-19,100
US Power Grid — San Francisco,seamless,20.0,108,0.8,0.007407407407407401,0.0,1.7434626923745965e-19,0.007407407407407401,0.0,1.7434626923745965e-19,100
US Power Grid — San Francisco,seamless,20.0,109,0.8074074074074075,0.007407407407407401,0.0,1.7434626923745965e-19,0.007407407407407401,0.0,1.7434626923745965e-19,100
US Power Grid — San Francisco,seamless,20.0,110,0.8148148148148149,0.007407407407407401,0.0,1.7434626923745965e-19,0.007407407407407401,0.0,1.7434626923745965e-19,100
US Power Grid — San Francisco,seamless,20.0,111,0.8222222222222223,0.007407407407407401,0.0,1.7434626923745965e-19,0.007407407407407401,0.0,1.7434626923745965e-19,100
US Power Grid — San Francisco,seamless,20.0,112,0.8296296296296297,0.007407407407407401,0.0,1.7434626923745965e-19,0.007407407407407401,0.0,1.7434626923745965e-19,100
US Power Grid — San Francisco,seamless,20.0,113,0.837037037037037,0.007407407407407401,0.0,1.7434626923745965e-19,0.007407407407407401,0.0,1.7434626923745965e-19,100
US Power Grid — San Francisco,seamless,20.0,114,0.8444444444444444,0.007407407407407401,0.0,1.7434626923745965e-19,0.007407407407407401,0.0,1.7434626923745965e-19,100
US Power Grid — San Francisco,seamless,20.0,115,0.8518518518518519,0.007407407407407401,0.0,1.7434626923745965e-19,0.007407407407407401,0.0,1.7434626923745965e-19,100
US Power Grid — San Francisco,seamless,20.0,116,0.8592592592592593,0.007407407407407401,0.0,1.7434626923745965e-19,0.007407407407407401,0.0,1.7434626923745965e-19,100
US Power Grid — San Francisco,seamless,20.0,117,0.8666666666666667,0.007407407407407401,0.0,1.7434626923745965e-19,0.007407407407407401,0.0,1.7434626923745965e-19,100
US Power Grid — San Francisco,seamless,20.0,118,0.8740740740740741,0.007407407407407401,0.0,1.7434626923745965e-19,0.007407407407407401,0.0,1.7434626923745965e-19,100
US Power Grid — San Francisco,seamless,20.0,119,0.8814814814814815,0.007407407407407401,0.0,1.7434626923745965e-19,0.007407407407407401,0.0,1.7434626923745965e-19,100
US Power Grid — San Francisco,seamless,20.0,120,0.888888888888889,0.007407407407407401,0.0,1.7434626923745965e-19,0.007407407407407401,0.0,1.7434626923745965e-19,100
US Power Grid — San Francisco,seamless,20.0,121,0.8962962962962964,0.007407407407407401,0.0,1.7434626923745965e-19,0.007407407407407401,0.0,1.7434626923745965e-19,100
US Power Grid — San Francisco,seamless,20.0,122,0.9037037037037038,0.007407407407407401,0.0,1.7434626923745965e-19,0.007407407407407401,0.0,1.7434626923745965e-19,100
US Power Grid — San Francisco,seamless,20.0,123,0.9111111111111112,0.007407407407407401,0.0,1.7434626923745965e-19,0.007407407407407401,0.0,1.7434626923745965e-19,100
US Power Grid — San Francisco,seamless,20.0,124,0.9185185185185184,0.007407407407407401,0.0,1.7434626923745965e-19,0.007407407407407401,0.0,1.7434626923745965e-19,100
US Power Grid — San Francisco,seamless,20.0,125,0.925925925925926,0.007407407407407401,0.0,1.7434626923745965e-19,0.007407407407407401,0.0,1.7434626923745965e-19,100
US Power Grid — San Francisco,seamless,20.0,126,0.9333333333333332,0.007407407407407401,0.0,1.7434626923745965e-19,0.007407407407407401,0.0,1.7434626923745965e-19,100
US Power Grid — San Francisco,seamless,20.0,127,0.9407407407407408,0.007407407407407401,0.0,1.7434626923745965e-19,0.007407407407407401,0.0,1.7434626923745965e-19,100
US Power Grid — San Francisco,seamless,20.0,128,0.9481481481481482,0.007407407407407401,0.0,1.7434626923745965e-19,0.007407407407407401,0.0,1.7434626923745965e-19,100
US Power Grid — San Francisco,seamless,20.0,129,0.9555555555555556,0.007407407407407401,0.0,1.7434626923745965e-19,0.007407407407407401,0.0,1.7434626923745965e-19,100
US Power Grid — San Francisco,seamless,20.0,130,0.962962962962963,0.007407407407407401,0.0,1.7434626923745965e-19,0.007407407407407401,0.0,1.7434626923745965e-19,100
US Power Grid — San Francisco,seamless,20.0,131,0.9703703703703704,0.007407407407407401,0.0,1.7434626923745965e-19,0.007407407407407401,0.0,1.7434626923745965e-19,100
US Power Grid — San Francisco,seamless,20.0,132,0.977777777777778,0.007407407407407401,0.0,1.7434626923745965e-19,0.007407407407407401,0.0,1.7434626923745965e-19,100
US Power Grid — San Francisco,seamless,20.0,133,0.9851851851851852,0.007407407407407401,0.0,1.7434626923745965e-19,0.007407407407407401,0.0,1.7434626923745965e-19,100
US Power Grid — San Francisco,seamless,20.0,134,0.9925925925925926,0.007407407407407401,0.0,1.7434626923745965e-19,0.0,0.0,0.0,100
US Power Grid — San Francisco,seamless,20.0,135,1.0,0.0,0.0,0.0,0.0,0.0,0.0,100
