label,protocol,m,stochastic_id,AUC_S1,AUC_S2,p_LCC_0.5,p_LCC_0.25,p_LCC_0.1,p_LCC_0.05,max_S2_over_N,p_at_max_S2
EU Power Grid,adap_degree,,1,0.014815434351947416,0.00224441799324563,0.013772737746258862,0.016901789198396206,0.02236745744337307,0.03148579015169437,0.1639211491442542,0.0148991442542787
EU Power Grid,adap_degree,,2,0.015256261416512432,0.0021293123896878436,0.01459520895790515,0.01773237355006899,0.023048328372488484,0.03160210181886773,0.1524831907090464,0.0158924205378973
EU Power Grid,adap_degree,,3,0.014657085408963749,0.0026242126015693546,0.013215356337680917,0.018078790791729988,0.022889734952920873,0.029792530385174102,0.227666564792176,0.0139058679706601
EU Power Grid,adap_degree,,4,0.014975005158330086,0.0024203359658486155,0.014085774872961544,0.016450244718772197,0.022969666401667903,0.03190673959041129,0.2141427261613691,0.0148991442542787
EU Power Grid,adap_degree,,5,0.014453770375053736,0.002669353244409846,0.01231118632057207,0.01727814457280588,0.02298861552567227,0.03277483199133067,0.2631647310513447,0.0129125916870415
EU Power Grid,adap_degree,,6,0.0143654546957103,0.002692636951913985,0.012308210928224468,0.017994067023712427,0.02307442022680533,0.030072169836761024,0.2748013447432763,0.0129125916870415
EU Power Grid,adap_degree,,7,0.01520341772180861,0.0020592867152612803,0.014319238862517136,0.018015527100848267,0.023252406450314417,0.03232122052476984,0.1591687041564792,0.0158924205378973
EU Power Grid,adap_degree,,8,0.01497774486446079,0.002410462398878964,0.014083554334135799,0.018077094501807205,0.02299863790032892,0.03131023604099602,0.2079844132029339,0.0148991442542787
EU Power Grid,adap_degree,,9,0.014250166951024705,0.0026625608981855286,0.012311569537393626,0.017112616868267948,0.023027550527400138,0.02965552402742567,0.2532930929095354,0.0129125916870415
EU Power Grid,adap_degree,,10,0.014572465676671965,0.002393083099601107,0.01317756980224556,0.01697948088558957,0.022901035472218566,0.03132985645555638,0.1933756112469437,0.0139058679706601
EU Power Grid,adap_degree,,11,0.014700996599191569,0.002467123468052996,0.013256782378667734,0.017348292939861447,0.022187833603085447,0.030731831682336383,0.2479752444987774,0.0139058679706601
EU Power Grid,adap_degree,,12,0.014937522032070974,0.0022561964528435533,0.01403627945438826,0.0172666224419343,0.022799502940628186,0.030643335277047414,0.2136460880195599,0.0148991442542787
EU Power Grid,adap_degree,,13,0.01483720021671986,0.0023140945638439043,0.013761141126372488,0.016254442567993303,0.022571192291097292,0.029437982405676133,0.1699877750611246,0.0148991442542787
EU Power Grid,adap_degree,,14,0.014647060057720932,0.0023150508047648745,0.013208991672349632,0.016335624352441035,0.02282811552376512,0.029689762383336683,0.1974862469437652,0.0139058679706601
EU Power Grid,adap_degree,,15,0.015014127554739425,0.0023339403575607675,0.014092245857461229,0.01727336134480736,0.021982039622512124,0.030665676015282826,0.1668780562347188,0.0148991442542787
EU Power Grid,adap_degree,,16,0.014215469066178248,0.0028766298478495695,0.012305049932835163,0.017221403825936846,0.022292665357539303,0.03063977416893852,0.2459275672371638,0.0129125916870415
EU Power Grid,adap_degree,,17,0.015253187784980754,0.0020163014090997934,0.014492523260123978,0.017349684012825523,0.022976723322028464,0.03103665894008178,0.1502062958435207,0.0168856968215158
EU Power Grid,adap_degree,,18,0.01495147100677522,0.002376030136510556,0.014183165571171125,0.017126818902549298,0.022889763298947936,0.03274532050099181,0.2131494498777505,0.0148991442542787
EU Power Grid,adap_degree,,19,0.014585739211360613,0.002686762900542344,0.012228075690352783,0.01771463837040563,0.022815337312202245,0.030234551033127124,0.2402735330073349,0.0129125916870415
EU Power Grid,adap_degree,,20,0.015307610036125543,0.0020822137297234707,0.015028285581087507,0.017253119157198245,0.02317407744356619,0.032405638753056194,0.1840617359413202,0.0158924205378973
EU Power Grid,adap_degree,,21,0.014559723386939434,0.002584695566049781,0.013171374118835514,0.017011163299446564,0.02272212851811672,0.03189190079498702,0.245492053789731,0.0139058679706601
EU Power Grid,adap_degree,,22,0.015257802026885104,0.00217170573718397,0.014639122524731703,0.017000716241095237,0.023202072940873602,0.029787646262661484,0.155562347188264,0.0158924205378973
EU Power Grid,adap_degree,,23,0.014786830605668698,0.002439111680439639,0.013195135872178453,0.01779634061294881,0.023024600933029733,0.032057191024528725,0.2407930929095354,0.0139058679706601
EU Power Grid,adap_degree,,24,0.014540545444024515,0.0024896634326186055,0.013017941293576866,0.01687018060944293,0.023260346394603025,0.029967776128381182,0.1977154645476772,0.0139058679706601
EU Power Grid,adap_degree,,25,0.014910770053924922,0.002183985084883354,0.013860026735938528,0.01654090058399039,0.02289098205569034,0.0300664731051344,0.1554783007334963,0.0158924205378973
EU Power Grid,adap_degree,,26,0.01465501355363499,0.0024960763181599995,0.013211997318762455,0.01719288993491059,0.023246244410669744,0.03287846706814173,0.1928560513447432,0.0139058679706601
EU Power Grid,adap_degree,,27,0.014556839485749214,0.002487538452794237,0.013172800507365226,0.016751228010556615,0.023195274323558945,0.03416259168704147,0.2342374694376527,0.0139058679706601
EU Power Grid,adap_degree,,28,0.01488084578446964,0.002326039986142314,0.01411507316760354,0.01650290044004319,0.022782937975567727,0.033834216245585344,0.1804018948655256,0.0148991442542787
EU Power Grid,adap_degree,,29,0.014940147899996797,0.002658978789338738,0.013245476603879862,0.01761779987055939,0.023275205847683125,0.032499077260084885,0.2689180929095354,0.0139058679706601
EU Power Grid,adap_degree,,30,0.01456974114896859,0.0022718378221936305,0.013003720822415497,0.01719874178819487,0.02188652712805792,0.03132974216355852,0.1762377750611246,0.0139058679706601
EU Power Grid,adap_degree,,31,0.014977805578170057,0.00240666779204974,0.014133007288779153,0.01718182166834675,0.02362880617825819,0.029990890558012517,0.2160834352078239,0.0148991442542787
EU Power Grid,adap_degree,,32,0.014712410776533886,0.0024998178004936177,0.013214006999895602,0.017146206404979984,0.022889221614617383,0.03244557944786694,0.2493887530562347,0.0139058679706601
EU Power Grid,adap_degree,,33,0.01468212981403665,0.0028040769652747386,0.012311606567443217,0.018173319941070184,0.02316715932198731,0.032283396739386905,0.2581143031784841,0.0129125916870415
EU Power Grid,adap_degree,,34,0.01515366283706377,0.0018686304897335773,0.014510621019169747,0.016882626858552335,0.022856815403422884,0.02970011294043372,0.1467069070904645,0.0168856968215158
EU Power Grid,adap_degree,,35,0.014346056665599283,0.002804380533821078,0.012275812188721445,0.017116819004305735,0.022438306006999302,0.029868373696452625,0.2581143031784841,0.0129125916870415
EU Power Grid,adap_degree,,36,0.014334209903078439,0.002772953600061414,0.012272570983183014,0.017868660048328492,0.022334726574606514,0.02978355345917128,0.260765586797066,0.0129125916870415
EU Power Grid,adap_degree,,37,0.015274483118506389,0.002210000909304536,0.014963573161637139,0.017939910300448423,0.02287906137184106,0.03166828314455363,0.1584810513447432,0.0158924205378973
EU Power Grid,adap_degree,,38,0.015248178903966179,0.002151343876938336,0.015003903366598511,0.017645881858250008,0.022835280334277005,0.032119435364987514,0.2101161369193153,0.0158924205378973
EU Power Grid,adap_degree,,39,0.014548445815442967,0.0027029810501304615,0.013196952357461987,0.017313027080611824,0.0226645170740009,0.030063321363080618,0.2592374694376528,0.0139058679706601
EU Power Grid,adap_degree,,40,0.01462310849941484,0.0025527373873340275,0.012296779771176608,0.01732086715387882,0.022993646475429477,0.02959685485663474,0.2037820904645476,0.0129125916870415
EU Power Grid,adap_degree,,41,0.015128276917376246,0.0023408313635626455,0.014145591991146506,0.017416984136009468,0.02257973959663777,0.030780167976918234,0.2375229217603911,0.0148991442542787
EU Power Grid,adap_degree,,42,0.014882781033952542,0.002358605301950742,0.013910338000018263,0.017384204031600722,0.023121731167862144,0.03022473986467271,0.1759092298288508,0.0148991442542787
EU Power Grid,adap_degree,,43,0.015247351679677409,0.002280694434533041,0.014856833192939598,0.01809130266005529,0.022837522237119913,0.0338905249106931,0.1761919315403423,0.0158924205378973
EU Power Grid,adap_degree,,44,0.01520108783321546,0.0021178982123455253,0.014528418387834571,0.017897348379220353,0.023355227061522387,0.031235108395798444,0.1591992665036674,0.0158924205378973
EU Power Grid,adap_degree,,45,0.014853995146546018,0.0024533414560492417,0.013214176091889265,0.018091841799294617,0.022834555544432464,0.030304039276821893,0.1868963936430317,0.0139058679706601
EU Power Grid,adap_degree,,46,0.014624337952027515,0.0024453196572122534,0.013170144677793025,0.017002334777301044,0.02352164078299971,0.03095474589591332,0.2335574572127139,0.0139058679706601
EU Power Grid,adap_degree,,47,0.015090323259870314,0.0021534916244036776,0.014959596278276754,0.01703553193021115,0.022926813689344152,0.030444582361077124,0.1594208435207823,0.0158924205378973
EU Power Grid,adap_degree,,48,0.014395166467183146,0.0027610081777630067,0.012312808390081965,0.017513385534338066,0.022842736929128974,0.03194366226202575,0.2426268337408312,0.0129125916870415
EU Power Grid,adap_degree,,49,0.015174472460915264,0.002205075509640196,0.014996669477862216,0.017424591207066947,0.022812250009449062,0.029754998016777407,0.1797982885085574,0.0158924205378973
EU Power Grid,adap_degree,,50,0.014985933625998262,0.0025016240333443278,0.014091220655052781,0.01722352299255444,0.022938060309698357,0.029779863006720867,0.2168016503667481,0.0148991442542787
EU Power Grid,adap_degree,,51,0.015008276271008753,0.0021289405182185767,0.014404689137268561,0.016641510298873542,0.023284125736861627,0.032141066419958356,0.1595660146699266,0.0158924205378973
EU Power Grid,adap_degree,,52,0.01476657499441428,0.0021812605571799675,0.013840239470851593,0.01695605596196622,0.023034311122636212,0.033449779999372396,0.1561659535452322,0.0158924205378973
EU Power Grid,adap_degree,,53,0.014840364918815435,0.0023452938211938135,0.01408359224248584,0.01715291935262861,0.02183774505520594,0.03048026333979794,0.234145782396088,0.0148991442542787
EU Power Grid,adap_degree,,54,0.014400167758984068,0.002812227780743921,0.012302407784947378,0.01726216506838479,0.023428763249472025,0.03296831920095714,0.2726696210268948,0.0129125916870415
EU Power Grid,adap_degree,,55,0.014782785554788739,0.00230489643688986,0.014093434931543636,0.016992692752706005,0.02296596664338098,0.02873605750772891,0.2190250611246943,0.0148991442542787
EU Power Grid,adap_degree,,56,0.014697847075523312,0.00250610166940282,0.013215845371299098,0.017453283269297855,0.02317154608722785,0.029989873371528596,0.258458129584352,0.0139058679706601
EU Power Grid,adap_degree,,57,0.014881923452809136,0.0024805943222967514,0.01320743890419037,0.01752817604391029,0.022821766634904542,0.03070086798866443,0.1910452322738386,0.0139058679706601
EU Power Grid,adap_degree,,58,0.01421031599010416,0.0028139581214580494,0.012279739066699382,0.016822301875015072,0.022797677261613605,0.03198602428912562,0.2665953545232273,0.0129125916870415
EU Power Grid,adap_degree,,59,0.01397421555318964,0.0031230364369122777,0.011381068273995362,0.018280900755061114,0.02328708423388961,0.02988053431548121,0.2865984107579462,0.0119193154034229
EU Power Grid,adap_degree,,60,0.014778178902098059,0.0022846787717037314,0.014121708147551208,0.017225256470431705,0.022889598455682465,0.030273040901744583,0.2190785452322738,0.0148991442542787
EU Power Grid,adap_degree,,61,0.014801280468474396,0.0022677320576044023,0.013943078494817254,0.016514859426356047,0.02283043612943264,0.029192761790201666,0.1742435819070904,0.0148991442542787
EU Power Grid,adap_degree,,62,0.015025389947808577,0.002139110064520907,0.015060006232953697,0.017234828876196068,0.0228820575729684,0.030468627675334457,0.1690861858190709,0.0158924205378973
EU Power Grid,adap_degree,,63,0.014712274170688032,0.0025397674211917257,0.013226425619432384,0.017315420994763523,0.02283024337177352,0.03286031953460921,0.2390968826405868,0.0139058679706601
EU Power Grid,adap_degree,,64,0.014772874041750792,0.0025393879605088007,0.013187919895659742,0.017950759333987498,0.023684414264343312,0.03123574115844203,0.2465464547677261,0.0139058679706601
EU Power Grid,adap_degree,,65,0.014902475043396233,0.0021299271159941797,0.014317899535216698,0.017062198324822586,0.022373847468111982,0.03147524846791344,0.1532548899755501,0.0158924205378973
EU Power Grid,adap_degree,,66,0.01407148650465006,0.002998945204382878,0.011379304087403612,0.01693160454890993,0.022986153996420646,0.032271725277011894,0.2758251833740831,0.0119193154034229
EU Power Grid,adap_degree,,67,0.015342171315126135,0.002103417992685196,0.014643116935695996,0.017889547054246533,0.02275845898000905,0.02964490121052213,0.1365143643031784,0.0168856968215158
EU Power Grid,adap_degree,,68,0.014809158072251874,0.0022746306528199445,0.014131063853728946,0.016292620119836336,0.022684359030811407,0.029710723362501537,0.2322585574572127,0.0148991442542787
EU Power Grid,adap_degree,,69,0.01517544388026354,0.0022375042196027795,0.014136057863278546,0.017819917280248766,0.022741549009980273,0.03241145873128055,0.2387072127139364,0.0148991442542787
EU Power Grid,adap_degree,,70,0.014792089930734007,0.002129244086764919,0.013894065380089407,0.017794548039045687,0.02208206503011104,0.032914210428947835,0.1672830073349633,0.0148991442542787
EU Power Grid,adap_degree,,71,0.014612551903215932,0.002373700247917415,0.013062621003623659,0.017709904801539743,0.023101494667231298,0.029235171245403507,0.1919544621026894,0.0139058679706601
EU Power Grid,adap_degree,,72,0.014514992561636502,0.0023549852470356627,0.013954413106045518,0.016730828061431953,0.022651987925584417,0.02847496789019209,0.1634474327628361,0.0148991442542787
EU Power Grid,adap_degree,,73,0.01416194234224518,0.002993739003813178,0.011365574572127102,0.018022290504721986,0.02325773543546067,0.029738311590106196,0.2881876528117359,0.0119193154034229
EU Power Grid,adap_degree,,74,0.015011425794677012,0.0022477193011870584,0.014172323281866912,0.017730440762559564,0.022908277002732538,0.030457765485089123,0.1843215158924205,0.0148991442542787
EU Power Grid,adap_degree,,75,0.014690235094223882,0.0025567141352910543,0.013046288689239918,0.017478706073842186,0.02309692668239706,0.02988403897908554,0.2016656479217603,0.0139058679706601
EU Power Grid,adap_degree,,76,0.014718595985665526,0.002387937612740673,0.014067697461384362,0.017683546839725693,0.02291163792586327,0.02945124016849776,0.1718979217603911,0.0148991442542787
EU Power Grid,adap_degree,,77,0.015337352164453014,0.0019334120175221474,0.014508724099113818,0.017802100960022167,0.02316152158314637,0.02877636372198503,0.1422448044009779,0.0168856968215158
EU Power Grid,adap_degree,,78,0.014761156295862148,0.002242437208480775,0.013895886223323092,0.017486240729099028,0.02275121421781663,0.03321901889234268,0.1783542176039119,0.0148991442542787
EU Power Grid,adap_degree,,79,0.014320837708612238,0.0028664603015472394,0.012295776673306814,0.01739153892283669,0.022613294439108086,0.030206877258691336,0.2585574572127139,0.0129125916870415
EU Power Grid,adap_degree,,80,0.014393807997938287,0.0026621586698616266,0.013214019689868269,0.017018246330438164,0.022620767577980212,0.03186779134359143,0.2484183985330073,0.0139058679706601
EU Power Grid,adap_degree,,81,0.015233243331486334,0.002047781467355065,0.015375994723553468,0.017228969816291323,0.022553214439810034,0.031008152586728226,0.1264440709046454,0.0168856968215158
EU Power Grid,adap_degree,,82,0.014924089123895513,0.0022819087087183948,0.014111615149071461,0.017881723648675657,0.022928240779452647,0.031354442085021854,0.2227536674816625,0.0148991442542787
EU Power Grid,adap_degree,,83,0.014765725002484536,0.0025799598967269012,0.014036362011815757,0.017244274575831123,0.022306590824746713,0.03288341550095527,0.2159611858190709,0.0148991442542787
EU Power Grid,adap_degree,,84,0.014366152903366873,0.002642350822213063,0.012306923129244496,0.01724035054407021,0.022846747617594212,0.03262504395954046,0.258106662591687,0.0129125916870415
EU Power Grid,adap_degree,,85,0.014623996437412886,0.0026147336737099426,0.013198603598675,0.01768463644094815,0.02301885256403402,0.028544705336818056,0.2319987775061124,0.0139058679706601
EU Power Grid,adap_degree,,86,0.014848045203037797,0.0024774523878421466,0.014110793174564618,0.01722019287864484,0.02335927188209169,0.03153340365568493,0.2117359413202933,0.0148991442542787
EU Power Grid,adap_degree,,87,0.014918784263548254,0.0021873167496794144,0.014594222851559823,0.017126098997283207,0.022887703512063737,0.03185640525247892,0.1628209046454767,0.0158924205378973
EU Power Grid,adap_degree,,88,0.014850375091630945,0.002143246185964764,0.013688762131195737,0.01632287667840783,0.022591373453963275,0.03275406961780979,0.1630577628361858,0.0158924205378973
EU Power Grid,adap_degree,,89,0.014563222014435977,0.002873852195650574,0.012317013713441249,0.01774965124605325,0.021746956499592494,0.03226171252539258,0.2549052567237163,0.0129125916870415
EU Power Grid,adap_degree,,90,0.014639349416643936,0.0025574047537339772,0.013215723967967614,0.017226320609400412,0.0229032814419975,0.030479272879660783,0.2541641198044009,0.0139058679706601
EU Power Grid,adap_degree,,91,0.014871723549652167,0.002366133801899935,0.013227609170139829,0.017421686624297394,0.02303303239499837,0.03125292262882943,0.1895171149144254,0.0139058679706601
EU Power Grid,adap_degree,,92,0.014764624566504052,0.002484510356544514,0.01305213438940575,0.01806504232675747,0.02338915214805057,0.032822720439506604,0.2058450488997555,0.0139058679706601
EU Power Grid,adap_degree,,93,0.015023872105076884,0.0021853587325555333,0.014968290881598727,0.01750711716445171,0.022808338015763253,0.029732840071264664,0.1638371026894865,0.0158924205378973
EU Power Grid,adap_degree,,94,0.014999897779129821,0.0019977685493458427,0.014476177332963924,0.0169417775671707,0.023258792976331422,0.029377124455841053,0.1562499999999999,0.0158924205378973
EU Power Grid,adap_degree,,95,0.015106556587885747,0.002267200812648314,0.014100785416533658,0.017531004483678145,0.022887519071349373,0.03328365582634445,0.1809672982885085,0.0148991442542787
EU Power Grid,adap_degree,,96,0.014760943797879707,0.0025219024122397223,0.013231551641688606,0.017353965406704194,0.022517613563247905,0.030420906706866705,0.2304324572127139,0.0139058679706601
EU Power Grid,adap_degree,,97,0.014508496194744862,0.002388863496807008,0.013191257528133705,0.016294812484069776,0.02250710368069772,0.03292720376144771,0.2200871026894865,0.0139058679706601
EU Power Grid,adap_degree,,98,0.014809947350472353,0.0023204239680350573,0.014115452574069069,0.016990365374984377,0.022916436441829002,0.031240309108989006,0.1772234107579462,0.0148991442542787
EU Power Grid,adap_degree,,99,0.01487837929003064,0.0022983469455026095,0.013821105888557547,0.017884787050822307,0.02270105890782373,0.03067476120765711,0.1867359413202934,0.0148991442542787
EU Power Grid,adap_degree,,100,0.015054889221298986,0.002149401038241773,0.013870707748231122,0.01799567249502493,0.023021229750512205,0.030739124739935234,0.1541411980440097,0.0158924205378973
EU Power Grid,betweenness,,1,0.028789263730918998,0.010112193739034143,0.016824262034466034,0.031603200273929134,0.05492440537680786,0.058711265546933,0.3097188264058679,0.0168856968215158
EU Power Grid,degree,,1,0.01630236621640749,0.003318079227934553,0.013259743071057862,0.017752628761365918,0.025644728703087316,0.02930337480474049,0.2045996332518337,0.0139058679706601
EU Power Grid,random,,1,0.12597627848827336,0.014421296129809231,0.1337872976905495,0.15539979559539077,0.19840684592060961,0.2588129393337407,0.175473716381418,0.1489914425427872
EU Power Grid,random,,2,0.1356751797055739,0.007497641330773482,0.11691631297565336,0.2033349091259469,0.23694416189178588,0.2618666367871428,0.0464471271393642,0.1082671149144254
EU Power Grid,random,,3,0.13224673725693958,0.008220688483655451,0.13547853893592882,0.1724709328581016,0.21964401745063578,0.23124399703097445,0.1145018337408312,0.1728300733496332
EU Power Grid,random,,4,0.1341771068754632,0.006615721579165406,0.13029104026192667,0.18063955169899837,0.22586091581649995,0.2416099213103276,0.0644559902200489,0.1807762836185819
EU Power Grid,random,,5,0.1317357023768202,0.008164862227983868,0.1394082197477575,0.17665851869123858,0.21988456482998237,0.22531035998738141,0.0709734107579462,0.1768031784841075
EU Power Grid,random,,6,0.13442606344031513,0.0075308593189565365,0.12862128091956937,0.19891116749035426,0.22496077071853438,0.2640128361858189,0.0843291564792176,0.1996485330073349
EU Power Grid,random,,7,0.12513192534427467,0.012282503936583464,0.1319428730884295,0.15451036911357685,0.1966907769627816,0.2266300492980617,0.1637988997555012,0.1440250611246943
EU Power Grid,random,,8,0.1379508964916255,0.008035936666354026,0.1385100454129353,0.19357331002372963,0.21152427124481332,0.25439860677851767,0.085765586797066,0.1936888753056234
EU Power Grid,random,,9,0.12530773706788642,0.011030647965194002,0.12920931038148403,0.1567658357365981,0.2031876014464465,0.2376415385496768,0.1652200488997554,0.1569376528117359
EU Power Grid,random,,10,0.13659408169533963,0.0058885383048395655,0.13958536920094056,0.20004284871791714,0.23414739660456615,0.2657842244463791,0.0354599633251833,0.0764822738386308
EU Power Grid,random,,11,0.129296635355984,0.007556427379771875,0.1334408938420423,0.17574844961325026,0.2035492117461286,0.22823787201038545,0.0836185819070904,0.1758099022004889
EU Power Grid,random,,12,0.13623883060398737,0.0050697684000835,0.1319083537730164,0.19690291591303188,0.2229541862961416,0.24838231321483834,0.0468673594132029,0.206601466992665
EU Power Grid,random,,13,0.13274864231302783,0.00695488353756175,0.14065576080398814,0.185236115083825,0.1896050984434413,0.23023529856577502,0.0834046454767726,0.1857426650366748
EU Power Grid,random,,14,0.133562699316102,0.006005450141248068,0.13195405014010775,0.19287953536605798,0.21314793056798395,0.24294591029984636,0.0734260391198044,0.1936888753056234
EU Power Grid,random,,15,0.12518039006269754,0.008704265588758543,0.12885246429031003,0.1797327148649066,0.20628125967257793,0.22926931455002408,0.0926268337408312,0.1897157701711491
EU Power Grid,random,,16,0.12942919615095624,0.01106029143374393,0.12801485032798013,0.17391412624351693,0.20522763845978653,0.2642823772389948,0.107762836185819,0.1748166259168704
EU Power Grid,random,,17,0.1273437561297494,0.010314499407527556,0.13261471418936,0.1457229368370366,0.2282591581408043,0.26008814283659665,0.188195293398533,0.1420385085574572
EU Power Grid,random,,18,0.12887670139662072,0.00832191341543193,0.11465029194930501,0.17538168787326425,0.22456666957736637,0.26537618607243746,0.0856738997555012,0.1152200488997554
EU Power Grid,random,,19,0.1293857782596162,0.008684093458854368,0.1367939384495177,0.182148672987551,0.19408173831332326,0.23233791855214472,0.1097646699266503,0.1877292176039119
EU Power Grid,random,,20,0.1367163363381637,0.005708506978433702,0.1424511416008549,0.18256416297399256,0.22443240967128497,0.25338005006403513,0.0689639364303178,0.182762836185819
EU Power Grid,random,,21,0.13122838621139346,0.006631977674821818,0.1332060817240823,0.18012739144789675,0.210744317186388,0.23901876525317323,0.0738615525672371,0.1986552567237163
EU Power Grid,random,,22,0.13267362293601398,0.00935006972502477,0.13484936862663244,0.17726511195165434,0.21617630999722023,0.24335268948655214,0.1074877750611246,0.1777964547677261
EU Power Grid,random,,23,0.1359103163123538,0.00687033969740657,0.1360814375127343,0.19556283988101467,0.24454388115629247,0.2676160765988933,0.0428178484107579,0.0635696821515892
EU Power Grid,random,,24,0.12889754896654051,0.00816197073757999,0.1334405834146718,0.1770149429709703,0.21098303072767058,0.23815691575600803,0.0897998166259168,0.1460116136919315
EU Power Grid,random,,25,0.1365692270206082,0.008244207456783004,0.12870395224396186,0.19534433577832105,0.23297636692126267,0.2463768227471812,0.0972723105134474,0.2026283618581907
EU Power Grid,random,,26,0.13036012704437058,0.00834252571972829,0.13258891839512085,0.18520953919465094,0.211608651046475,0.24678928042403575,0.0718291564792176,0.2036216381418092
EU Power Grid,random,,27,0.12969097848689096,0.00848359402321165,0.12307357669857771,0.18119537568546837,0.21565586417623772,0.24805275769816792,0.0963630806845965,0.1817695599022004
EU Power Grid,random,,28,0.12985076938046974,0.008743410752808859,0.13209780556064854,0.18193991071601362,0.2197848392922478,0.2272174523017663,0.0819682151589242,0.194682151589242
EU Power Grid,random,,29,0.138665466492851,0.005516439159165528,0.13234117866928186,0.21485103743403644,0.23202158106315723,0.2405248252999311,0.0594514058679706,0.2324266503667481
EU Power Grid,random,,30,0.13038076211630797,0.009422797159513736,0.13039252944476878,0.1694507840991264,0.2209224550449429,0.2634672905315676,0.1042787286063569,0.1698502444987775
EU Power Grid,random,,31,0.13954632375454692,0.005830958940812872,0.12642814195913696,0.1941131583673825,0.2516554604726975,0.28797020910317456,0.0797753667481662,0.194682151589242
EU Power Grid,random,,32,0.13267922377569394,0.007744343899168872,0.1353213883660797,0.19202964828065758,0.22099124906962708,0.23605588925913545,0.0494498777506112,0.1390586797066014
EU Power Grid,random,,33,0.12844136045785226,0.012049362417317232,0.13289858508667088,0.15738453556502957,0.21876487218841273,0.2416375488085245,0.1661216381418092,0.1499847188264058
EU Power Grid,random,,34,0.13114706778704313,0.008945594993883756,0.12635255473520837,0.19563906077780818,0.2289796449587667,0.24656143129272387,0.0998624694376528,0.1271393643031784
EU Power Grid,random,,35,0.13763566332389432,0.006743000281431348,0.1318476061221388,0.1983996725037004,0.22974788174071445,0.2572147364447001,0.0878361858190708,0.2244804400977995
EU Power Grid,random,,36,0.13168254752435635,0.006881495841484498,0.13182301539334992,0.17471363736741458,0.23894441132682945,0.2541150298540352,0.0562652811735941,0.1698502444987775
EU Power Grid,random,,37,0.13972370644538598,0.006357536530504768,0.1423020964385469,0.18622858436966802,0.23045603271315185,0.26414219309717396,0.067710880195599,0.1847493887530562
EU Power Grid,random,,38,0.13071282815993365,0.005406433507186226,0.12748955786471056,0.18017001468250265,0.20640917261854572,0.2496260818990793,0.0381265281173594,0.2046149144254278
EU Power Grid,random,,39,0.12818594634785546,0.0099596657229265,0.12956391109303278,0.1676552442593037,0.21427190801000318,0.24102558505064606,0.0931922371638141,0.1678636919315403
EU Power Grid,random,,40,0.12410530964505449,0.012099163713022507,0.13296961629188322,0.15821141084638798,0.1963336516301868,0.23079502505792435,0.1740907701711491,0.1529645476772616
EU Power Grid,random,,41,0.13724733843941844,0.0049949083965565005,0.13377420361090336,0.18742105480354793,0.22598424120233226,0.254714505013837,0.0430699877750611,0.1877292176039119
EU Power Grid,random,,42,0.12929037425471576,0.008968370224072778,0.12914200231630416,0.18233925720867256,0.20499959938134762,0.22442573985921202,0.1061888753056234,0.1926955990220048
EU Power Grid,random,,43,0.13337051006941528,0.008743463877304462,0.13489259517988114,0.19320513685580912,0.22928823118489441,0.2559105396437303,0.0908542176039119,0.1956754278728606
EU Power Grid,random,,44,0.13717761633353823,0.005546242001202275,0.1361620440470132,0.2001031813354052,0.22721218044327599,0.2536858737686177,0.0624541564792176,0.2234871638141809
EU Power Grid,random,,45,0.13515385385173367,0.0078615061796281,0.1430365147281406,0.19481216770655527,0.20846542278253802,0.23297620692987075,0.0639135085574572,0.2016350855745721
EU Power Grid,random,,46,0.12818634857617936,0.008664133826932633,0.12656093722916453,0.17822295936968183,0.19565040831911706,0.22509797041886492,0.0831525061124694,0.1787897310513447
EU Power Grid,random,,47,0.13694087081346276,0.0058584394834701355,0.14258808211896173,0.2060434756343773,0.2217836144006123,0.23985199624306752,0.0783465770171149,0.2095812958435207
EU Power Grid,random,,48,0.13872919311994106,0.00713427737002031,0.1393844743276283,0.20510317370288142,0.22768829735617854,0.24673060687405435,0.1002597799511002,0.2095812958435207
EU Power Grid,random,,49,0.1339802730300175,0.008443204228121354,0.13298824769816658,0.1910084358160298,0.21133937618614088,0.24910014725494542,0.0976619804400977,0.1917023227383862
EU Power Grid,random,,50,0.12954946241980175,0.00992974904268487,0.12957789817658535,0.18794831276097912,0.21964552171724408,0.24616609869622152,0.1220583740831295,0.1887224938875305
EU Power Grid,random,,51,0.1289999046911521,0.008830049215933776,0.13590926710000592,0.17379031821518098,0.19166196045738368,0.23302507300405187,0.08322891198044,0.1738233496332518
EU Power Grid,random,,52,0.12848608369394157,0.009389632295826294,0.12331187035164293,0.19012219009672143,0.2169741225071742,0.25046091742891535,0.0999388753056234,0.194682151589242
EU Power Grid,random,,53,0.1369310731386297,0.007473575934262517,0.13387512625871847,0.1893483164006769,0.23091787626504887,0.25647992424777755,0.0798976161369193,0.1897157701711491
EU Power Grid,random,,54,0.12786287352241504,0.012081215222720255,0.13777276618562653,0.15178751051954228,0.20948748641673445,0.23891618674033546,0.197226466992665,0.151971271393643
EU Power Grid,random,,55,0.13602743305753112,0.007592309181949045,0.1313982817437691,0.19781973608514297,0.2385513318884509,0.2599126953896225,0.0466610635696821,0.1321057457212713
EU Power Grid,random,,56,0.13298108474895898,0.010519651031142923,0.13935800166359988,0.18217380720366108,0.2201813781747417,0.2562346244981737,0.150695293398533,0.182762836185819
EU Power Grid,random,,57,0.13058932129685594,0.00869669155352741,0.13457246456100744,0.18758826070462828,0.2147658442596885,0.25548111568652665,0.0908007334963325,0.1450183374083129
EU Power Grid,random,,58,0.12539256929816062,0.008600741125243557,0.12590438794366646,0.1782613395593854,0.1857171964140178,0.22899188581347166,0.0807304400977995,0.1787897310513447
EU Power Grid,random,,59,0.13728361488070587,0.007431865615995646,0.146705617121265,0.1942509676180211,0.22492759768673476,0.2519162744881764,0.0576176650366748,0.1539578239608801
EU Power Grid,random,,60,0.1363773868777498,0.00907083978688923,0.13689627472339283,0.19745610135585676,0.23260227096685696,0.25774846686086544,0.0990602078239608,0.2026283618581907
EU Power Grid,random,,61,0.13248144127854097,0.010101910354526924,0.13330029545280603,0.18237168278768662,0.19751903621680228,0.27587120054456526,0.0967145476772616,0.182762836185819
EU Power Grid,random,,62,0.14016256790361342,0.0070774721057867765,0.1346069305658906,0.1952733437580501,0.23510059591091606,0.2855051205161993,0.0745950488997554,0.1738233496332518
EU Power Grid,random,,63,0.13439834763203448,0.0049601118519324895,0.1418921960758453,0.19412730137378872,0.21505200953914994,0.23048637949014544,0.0507946210268948,0.2046149144254278
EU Power Grid,random,,64,0.13498492466923162,0.007413439005232924,0.12769637806222722,0.19213820195859116,0.2393795843520781,0.25797402083391874,0.0599862469437652,0.1926955990220048
EU Power Grid,random,,65,0.13428324202847666,0.006171471779240429,0.135825595179771,0.18649347488742352,0.2420953777351365,0.2510814081743374,0.0405638753056234,0.1609107579462102
EU Power Grid,random,,66,0.13298350570811604,0.012856961875246549,0.13676953966223537,0.16277388071497928,0.2350608336244032,0.26275977995110017,0.1566625916870415,0.1599174816625916
EU Power Grid,random,,67,0.1361143447323477,0.00736747113810366,0.13586905605191596,0.19623915116680957,0.2182521923806197,0.2591211851951136,0.0791106356968215,0.1966687041564792
EU Power Grid,random,,68,0.13471346696156086,0.006340316604713732,0.1404328363696527,0.16981322959904918,0.2359191379446326,0.24455127700199122,0.0865220048899755,0.1698502444987775
EU Power Grid,random,,69,0.13184780177609073,0.007122506499636044,0.12340159989095517,0.18626979424520912,0.22558981897530186,0.2503379021196399,0.0836185819070904,0.1867359413202934
EU Power Grid,random,,70,0.13435751007333832,0.006857058573504272,0.13284715129053964,0.18598380725581914,0.2360641332947409,0.25252992302755545,0.0482350244498777,0.2115678484107579
EU Power Grid,random,,71,0.13881333473177235,0.007718957979481341,0.13744872478244233,0.2067726712809519,0.23897051396688718,0.2497213433050477,0.1015204767726161,0.2075947432762836
EU Power Grid,random,,72,0.13724579782904578,0.006215701716441903,0.1265679989842394,0.19851612074624445,0.22935115780755969,0.2571505926437757,0.0775672371638141,0.2294468215158924
EU Power Grid,random,,73,0.1391036145649946,0.005573547991945401,0.14521670308011428,0.19812594658890442,0.2355342835707319,0.24367348856260893,0.0620186430317848,0.1986552567237163
EU Power Grid,random,,74,0.12450526120485506,0.007008820079032397,0.13604505473323253,0.1716160690029881,0.1806354473213156,0.2133399435985773,0.0730058068459657,0.1728300733496332
EU Power Grid,random,,75,0.13310732372895373,0.007094396052245136,0.13809065620985445,0.1835313418700172,0.21767876646022857,0.22828816967526896,0.1493276283618581,0.1837561124694376
EU Power Grid,random,,76,0.13298664764257062,0.006823673622620726,0.12863895719449558,0.19329156479217594,0.2124726180230087,0.24257080718495877,0.0903881418092909,0.2115678484107579
EU Power Grid,random,,77,0.13199598963766423,0.00875632000524189,0.1412245973267578,0.17731035350304147,0.22489789186019365,0.24470883710592012,0.1088477995110024,0.1559443765281173
EU Power Grid,random,,78,0.13700685143700933,0.0072863424440947734,0.13257316985473885,0.1917953895111273,0.22496089055571664,0.2492205198093907,0.0682457212713936,0.218520782396088
EU Power Grid,random,,79,0.13196431984906748,0.009117900500785318,0.14294414281605058,0.17150420329620192,0.19240132022617074,0.2297834347803785,0.1768337408312958,0.1718367970660146
EU Power Grid,random,,80,0.1323286248723143,0.009619509577540894,0.13533624366578478,0.1889421011080058,0.21989538101454092,0.23366453946648166,0.1396088019559902,0.1897157701711491
EU Power Grid,random,,81,0.13490125446432566,0.008299752911549238,0.13551534313054603,0.18915796252213748,0.21093074695611358,0.24056718344936173,0.1059902200488997,0.1976619804400977
EU Power Grid,random,,82,0.1342185363928247,0.007455665390028567,0.1297577841930067,0.16870401122091344,0.24089251085216198,0.2690828357429276,0.0891503667481662,0.1658771393643031
EU Power Grid,random,,83,0.13485618971362173,0.008269062131514444,0.1388294896711065,0.18052384417632047,0.22215134886404214,0.2326650366748161,0.1249312347188263,0.1807762836185819
EU Power Grid,random,,84,0.13466741561308135,0.005595450462563702,0.1389545685947207,0.1890335840648578,0.2303347503148846,0.24600968255460917,0.07570293398533,0.1897157701711491
EU Power Grid,random,,85,0.13643287920802039,0.005892059699977092,0.1416878916336587,0.18696244927280514,0.21494480238820635,0.23571361070003846,0.0563875305623471,0.2155409535452322
EU Power Grid,random,,86,0.13675729532427838,0.006183174346701769,0.13933554309595556,0.19520774173034955,0.2220365870633517,0.2578926169183283,0.0600244498777506,0.2105745721271393
EU Power Grid,random,,87,0.1348877836100819,0.006302901781377555,0.13070612913980884,0.19549548651713256,0.226185564384678,0.26020645957038063,0.0507946210268948,0.2264669926650366
EU Power Grid,random,,88,0.12895498413550768,0.010971436920230738,0.12954012958390562,0.17040407311631428,0.21690905106795214,0.2264237632821269,0.1479141198044009,0.170843520782396
EU Power Grid,random,,89,0.12857555380943955,0.010490660234967624,0.115782695908514,0.1830637164362794,0.21108873867395347,0.23917913695144208,0.1312805623471882,0.1837561124694376
EU Power Grid,random,,90,0.13127834600490706,0.01125002936441896,0.1343537706970373,0.16867359740703436,0.22089800072193402,0.250357683422881,0.1739838019559902,0.1688569682151589
EU Power Grid,random,,91,0.13607681519512818,0.006967033868628946,0.1413140292184848,0.1873671386407524,0.22255328073784242,0.2481247342404591,0.0688875305623471,0.1877292176039119
EU Power Grid,random,,92,0.13033134874617774,0.008157379263316625,0.13874667072990274,0.17353123774188123,0.21202058739139307,0.218220236718402,0.0730058068459657,0.1499847188264058
EU Power Grid,random,,93,0.13500245662846114,0.006378148834801133,0.14030977360482044,0.1969158325658824,0.21708286640858457,0.25838668866697795,0.0706525061124694,0.1976619804400977
EU Power Grid,random,,94,0.1269899925242742,0.009440935380157446,0.11903923515563973,0.17287578282503321,0.22486397435421518,0.23835709406011785,0.0731738997555012,0.1052872860635696
EU Power Grid,random,,95,0.13569628530875807,0.006988283666872618,0.13653689017824333,0.19992567958420632,0.20477994151957132,0.2397371638141809,0.1001833740831295,0.2016350855745721
EU Power Grid,random,,96,0.14022489811539032,0.005120661666877102,0.13691855134474318,0.20352198906481184,0.242582208385783,0.2545488122921187,0.047570293398533,0.2413661369193153
EU Power Grid,random,,97,0.13366672466771842,0.0065498623830373345,0.13878155873719056,0.19190169743469968,0.21333063841410219,0.24189198906946605,0.0816320293398533,0.1926955990220048
EU Power Grid,random,,98,0.13062720577576045,0.005844384259774679,0.12348558656952903,0.187888034137065,0.21245395681948714,0.22575539174542913,0.05510391198044,0.2125611246943765
EU Power Grid,random,,99,0.1331952903044689,0.006041605155116947,0.1340513934460318,0.1959101250711984,0.22651187009179524,0.23386815602023067,0.062973716381418,0.1966687041564792
EU Power Grid,random,,100,0.13859931131739026,0.006434346961941992,0.139041985987549,0.2028571477905322,0.23704054125880947,0.2734062919694204,0.05127597799511,0.2036216381418092
EU Power Grid,seamless,1.0,1,0.05160426898872622,0.0039383532494537375,0.05687535625027397,0.06358421089729738,0.07475641504682838,0.09638066171694762,0.1646011613691931,0.0576100244498777
EU Power Grid,seamless,1.0,2,0.05480533859615326,0.003529560255741055,0.057827011784811366,0.07147728682058169,0.0794874565886179,0.09273274965960497,0.0978529951100244,0.0794621026894865
EU Power Grid,seamless,1.0,3,0.05419307119504374,0.003919964584759301,0.05925525813973244,0.07500881965982821,0.0816106024768789,0.08605606573774133,0.0958893643031784,0.0754889975550122
EU Power Grid,seamless,1.0,4,0.052780339072522345,0.0032616686028112624,0.056027152885341505,0.07263392191063466,0.07608056775711816,0.08900302258809792,0.0969514058679706,0.073502444987775
EU Power Grid,seamless,1.0,5,0.05612021539776252,0.003002959898408181,0.05982190683127852,0.07111018802300353,0.08650417685411571,0.10736607142857138,0.0716075794621026,0.0715158924205379
EU Power Grid,seamless,1.0,6,0.054288907785122714,0.004685754188965701,0.05652158623086607,0.06524638992827135,0.08333431709987366,0.09442473470622328,0.1512072127139364,0.0645629584352078
EU Power Grid,seamless,1.0,7,0.047437904528439344,0.007997186141413964,0.04247142397676554,0.058067576919817544,0.07924786662831385,0.09316517675224123,0.2394025061124694,0.042710880195599
EU Power Grid,seamless,1.0,8,0.052425778599612984,0.0036186803917322907,0.056852239443941376,0.06653598752252708,0.07307179373194034,0.09273687803638901,0.0876986552567237,0.0725091687041564
EU Power Grid,seamless,1.0,9,0.054162243809163096,0.0039216797470461124,0.05692213435283749,0.06785062427701725,0.07799636510044257,0.08897814938861492,0.1349938875305623,0.0685360635696821
EU Power Grid,seamless,1.0,10,0.05486882995761988,0.0029008014933517242,0.06066384349891166,0.07115977830837043,0.08028031878518761,0.08898877167390902,0.0709046454767726,0.0715158924205379
EU Power Grid,seamless,1.0,11,0.05534206296450649,0.003761289305588327,0.0518298887399736,0.07652023245499119,0.09593880339421826,0.11143630394470437,0.094101466992665,0.0774755501222493
EU Power Grid,seamless,1.0,12,0.055631553519508256,0.003885820712509914,0.058657802069347766,0.07507280835626054,0.08921641812749648,0.09408420201632918,0.0514517114914425,0.0665495110024449
EU Power Grid,seamless,1.0,13,0.05529925221025914,0.003769022714306283,0.0594219009589135,0.07253450097906763,0.079447079313469,0.10508105497078436,0.093062347188264,0.073502444987775
EU Power Grid,seamless,1.0,14,0.05214477278548139,0.003791964907195798,0.05706662492458634,0.06507908007334962,0.0738245886473269,0.09022921760391174,0.1197891198044009,0.0645629584352078
EU Power Grid,seamless,1.0,15,0.05303199739743672,0.0031857840554403672,0.056566727058450963,0.07277331620110226,0.08053564372329647,0.08759597165461823,0.0482885085574572,0.0645629584352078
EU Power Grid,seamless,1.0,16,0.05179410557917881,0.0037320708330032663,0.05432485511183553,0.06687098470702803,0.07830187504410517,0.09237469437652804,0.0574648533007334,0.0675427872860635
EU Power Grid,seamless,1.0,17,0.05608558581583899,0.002979865921245507,0.06484292939546131,0.07228031658140932,0.08360959984322207,0.0889974565217654,0.1128132640586797,0.0665495110024449
EU Power Grid,seamless,1.0,18,0.053963216680970115,0.004180487111226742,0.06000023509497832,0.06821775495369621,0.0780833856418373,0.09667889160554191,0.102895782396088,0.0685360635696821
EU Power Grid,seamless,1.0,19,0.05506173259039048,0.0034595497597418173,0.05793996981487065,0.07288359372849021,0.08351906398973696,0.09264539914888613,0.1348792787286063,0.073502444987775
EU Power Grid,seamless,1.0,20,0.04900938023305462,0.007623128978616048,0.05000580494952237,0.060970300738558324,0.07983656467500402,0.08901474073091502,0.2757334963325183,0.0506570904645476
EU Power Grid,seamless,1.0,21,0.05100686885717364,0.005279761942012958,0.05611941312183979,0.05944889993756104,0.08042034640708536,0.09378094574580886,0.2022234107579462,0.0595965770171149
EU Power Grid,seamless,1.0,22,0.053904051171288804,0.0033992382787980703,0.057646780048038034,0.07351092135637066,0.07799928891860539,0.0868656867510551,0.0963630806845965,0.0744957212713936
EU Power Grid,seamless,1.0,23,0.053487168075816216,0.003162902576260121,0.05852986785649725,0.06872217643748842,0.07913205340469354,0.0877234404446426,0.0786827628361858,0.0675427872860635
EU Power Grid,seamless,1.0,24,0.0540969917501277,0.004193639218496839,0.052168118398847434,0.06917383261921506,0.08201833704726927,0.0964027684687831,0.1639746332518337,0.0695293398533007
EU Power Grid,seamless,1.0,25,0.0511027054472526,0.004680206473781366,0.05731097139481376,0.0607078908424709,0.07422218938028753,0.07937279712952079,0.2195904645476772,0.0586033007334963
EU Power Grid,seamless,1.0,26,0.05121160307403776,0.00393917288452885,0.0568712239083432,0.06352061265736932,0.07428234242095604,0.08759760136611888,0.0940709046454767,0.0635696821515892
EU Power Grid,seamless,1.0,27,0.054584796047238544,0.003815476291109692,0.060650042758936144,0.07082652036513341,0.0813067586447782,0.10070427443915406,0.127895782396088,0.0715158924205379
EU Power Grid,seamless,1.0,28,0.05373271708373552,0.004983987518102,0.057560779739613904,0.06347509382675061,0.08427109677667938,0.09323662834165167,0.2061048288508557,0.0635696821515892
EU Power Grid,seamless,1.0,29,0.05413606861125507,0.003724405727208233,0.055478717163582346,0.07355603306132424,0.08861984752176615,0.10249471421700265,0.0730287286063569,0.0446974327628361
EU Power Grid,seamless,1.0,30,0.05001475372324478,0.008397281896274056,0.05091336527287531,0.05927237163814177,0.08259149823941997,0.09406482417849685,0.2655944376528117,0.0516503667481662
EU Power Grid,seamless,1.0,31,0.05243471110408899,0.0032013571218675214,0.04865880208729996,0.07254630382060553,0.07804997957793768,0.0883629574058424,0.1033924205378973,0.073502444987775
EU Power Grid,seamless,1.0,32,0.053895536073564,0.004161885948549872,0.05984532794727326,0.07263760802451741,0.0743771918819403,0.09201407814616973,0.1040647921760391,0.0625764058679706
EU Power Grid,seamless,1.0,33,0.051783814605457945,0.005292041289712345,0.051941377500640415,0.05744240907701705,0.08862240919852844,0.10424705032711645,0.2040953545232273,0.0566167481662591
EU Power Grid,seamless,1.0,34,0.055465880985344204,0.0032053035129699105,0.05875221658423668,0.07566536622522696,0.08107181887963996,0.09155878885784136,0.0882182151589242,0.0764822738386308
EU Power Grid,seamless,1.0,35,0.053864093961377035,0.003952879004396018,0.057913315507117466,0.07308191294477977,0.08072288507188481,0.08790688655675968,0.0929095354523227,0.0586033007334963
EU Power Grid,seamless,1.0,36,0.050996395742324965,0.004735425592360281,0.051638790101503976,0.06218036370412714,0.0849174781520992,0.08718335940685643,0.1111399755501222,0.0446974327628361
EU Power Grid,seamless,1.0,37,0.05775055304351279,0.0029498581704399778,0.05427401149731772,0.0794818366553862,0.09849815709525164,0.10514392659995456,0.0517573349633251,0.0784688264058679
EU Power Grid,seamless,1.0,38,0.054796102523130906,0.0029734530357041146,0.056825651511623325,0.0730325438104217,0.08314838358066906,0.08984351228042535,0.0886002444987775,0.073502444987775
EU Power Grid,seamless,1.0,39,0.05602107662406362,0.0031527785652397475,0.05729463362992457,0.07691043106521803,0.08938716757433401,0.09610242573787127,0.072226466992665,0.0725091687041564
EU Power Grid,seamless,1.0,40,0.05390194136989176,0.004612214708615261,0.05743094819682146,0.06504989589588107,0.07958890391718247,0.10221176585591056,0.113317542787286,0.0655562347188264
EU Power Grid,seamless,1.0,41,0.05681673824890819,0.003994854945140933,0.05851341147706022,0.0734797721529134,0.08037954067105543,0.09630598456738561,0.0789731051344743,0.0804553789731051
EU Power Grid,seamless,1.0,42,0.05126545613415817,0.00407920905495466,0.056481028432221726,0.06517778661559699,0.07103826924257721,0.08675754573813312,0.087163814180929,0.0605898533007334
EU Power Grid,seamless,1.0,43,0.05397759824085288,0.0038971741761429568,0.05415889817397034,0.0736749262867852,0.08240790193964131,0.09522801094467777,0.0578927261613691,0.0446974327628361
EU Power Grid,seamless,1.0,44,0.05123963004007845,0.0032771126526062195,0.05479932885893429,0.06832737397554098,0.07822137751966536,0.08677041379980668,0.0879889975550122,0.073502444987775
EU Power Grid,seamless,1.0,45,0.050778911646514616,0.005120805861936625,0.0547787665577194,0.06053023877834531,0.07686050337422613,0.0897505033439759,0.1921989608801955,0.0605898533007334
EU Power Grid,seamless,1.0,46,0.05228353396801256,0.004863440448351108,0.0586814108215704,0.06134561557273113,0.07770144798715917,0.09683866758311432,0.178713325183374,0.061583129584352
EU Power Grid,seamless,1.0,47,0.05788521605066841,0.0032672922101321757,0.062184323124436926,0.07983495933705624,0.09228928088195895,0.09669330195088227,0.0660223105134474,0.0913814180929095
EU Power Grid,seamless,1.0,48,0.05410210688013349,0.0046281368788707086,0.05574655444566635,0.06895409812802712,0.0890105836735823,0.11083665718008338,0.1215082518337408,0.0695293398533007
EU Power Grid,seamless,1.0,49,0.055837805579104095,0.0033597516001331257,0.05919803626300509,0.07050561751357075,0.08138263744442775,0.09221965252007493,0.0998013447432762,0.0595965770171149
EU Power Grid,seamless,1.0,50,0.05235564667619521,0.004800594170045432,0.05323275117281655,0.06546856435819663,0.07907733282352233,0.09053406449156273,0.0998395476772616,0.0536369193154034
EU Power Grid,seamless,1.0,51,0.051333425131683284,0.005685238449356894,0.05565633625721226,0.058954316312937,0.08608986630893195,0.08827343016974508,0.2330913814180928,0.0566167481662591
EU Power Grid,seamless,1.0,52,0.051484791998101166,0.004795570110603531,0.05353356155693688,0.06526406001960451,0.07525253291211556,0.08672378513107433,0.1218291564792175,0.0655562347188264
EU Power Grid,seamless,1.0,53,0.05518980057087691,0.004363918405351597,0.056818507411369124,0.07288695413958146,0.09384811528433126,0.10010122949168421,0.1354905256723716,0.073502444987775
EU Power Grid,seamless,1.0,54,0.052167244447124075,0.003872220841633958,0.05389215683449013,0.06911194413222242,0.07898311227470405,0.08513815963473587,0.0875840464547677,0.0705226161369193
EU Power Grid,seamless,1.0,55,0.056425946869993374,0.0033801058711651114,0.055919325794169174,0.07575711269170925,0.09318392240759384,0.0987343746088436,0.0704996943765281,0.0884015892420537
EU Power Grid,seamless,1.0,56,0.051962434338123364,0.0037833207928388217,0.06007575627346303,0.06342057640310635,0.07024762936999297,0.08042322254665701,0.1854064792176039,0.0635696821515892
EU Power Grid,seamless,1.0,57,0.054192957356838864,0.002803705093805457,0.053678229327199,0.07096351647288525,0.08408714463014198,0.09188670268936991,0.055440097799511,0.0695293398533007
EU Power Grid,seamless,1.0,58,0.05050610977234779,0.0029646723155012837,0.05269212534423378,0.07067055791823508,0.07470397076519701,0.0784694113742328,0.0531861246943765,0.0744957212713936
EU Power Grid,seamless,1.0,59,0.05140602354954007,0.00343132547414602,0.05892533220587467,0.06311155297527914,0.07491651162262114,0.08330098129914748,0.082762836185819,0.061583129584352
EU Power Grid,seamless,1.0,60,0.05470743773995918,0.004051622263306176,0.05345029120365877,0.06970489762915323,0.08960807304140644,0.1065837563797077,0.0755959657701711,0.0635696821515892
EU Power Grid,seamless,1.0,61,0.054545309368573595,0.0035745035790264233,0.05703014639388924,0.06933833485173932,0.09172396252112697,0.09787167328467011,0.1716381418092909,0.0695293398533007
EU Power Grid,seamless,1.0,62,0.05553732584272488,0.0024586918516784307,0.05736697059709538,0.08113806886592453,0.08699572127139363,0.090269541656023,0.0681005501222493,0.0844284841075794
EU Power Grid,seamless,1.0,63,0.052299790063669,0.005657082466684024,0.05775423477914194,0.06463001662518728,0.07711598410757939,0.08817206536609375,0.236239303178484,0.0586033007334963
EU Power Grid,seamless,1.0,64,0.05536076278696094,0.0030068455758013165,0.05353038495059888,0.07948384285931095,0.09444951159124389,0.09523217263880562,0.0508557457212713,0.0437041564792176
EU Power Grid,seamless,1.0,65,0.05557697948409031,0.003810831692350716,0.05601767916532633,0.07652659484639616,0.09009421311311805,0.0955982882639771,0.0728835574572127,0.0437041564792176
EU Power Grid,seamless,1.0,66,0.052226060852977096,0.003709075515618155,0.05748815005924963,0.06734334992202984,0.0817355709965879,0.08612258662844612,0.0877674205378973,0.0635696821515892
EU Power Grid,seamless,1.0,67,0.05309074550036682,0.0030301292833054562,0.05677773276798413,0.07015260946968639,0.08577002390595387,0.09325699006979819,0.0596194987775061,0.0576100244498777
EU Power Grid,seamless,1.0,68,0.05410521086851982,0.0033684867850540087,0.06194685335167067,0.07025260807989003,0.07544119904840614,0.08571986697196025,0.1531937652811735,0.0705226161369193
EU Power Grid,seamless,1.0,69,0.0568741345961286,0.003310323051575613,0.05966157482000606,0.07886480839364597,0.0890538369881325,0.09108440900810198,0.059848716381418,0.0625764058679706
EU Power Grid,seamless,1.0,70,0.0551586772056636,0.0033319295428612334,0.057655497601102605,0.07213169715058144,0.07609042024924298,0.08931008205385751,0.119101466992665,0.0725091687041564
EU Power Grid,seamless,1.0,71,0.05525242676198651,0.0030917385197847948,0.05594082571599582,0.07049214169676993,0.08583233669808275,0.09071923390382963,0.0511766503667481,0.0625764058679706
EU Power Grid,seamless,1.0,72,0.05320854527477335,0.002993981858650235,0.05491959859961055,0.07381162726748133,0.08008629321347709,0.09515318344016377,0.0558374083129584,0.0794621026894865
EU Power Grid,seamless,1.0,73,0.05291015257215022,0.004973651009099185,0.054175442601702636,0.059243516726729104,0.08375507645766843,0.10571710299890989,0.2189562958435207,0.0586033007334963
EU Power Grid,seamless,1.0,74,0.05170852960596609,0.007373041620928983,0.05205787368482109,0.06349829126057782,0.08303612258711121,0.09555502930948069,0.2521164425427872,0.0526436430317848
EU Power Grid,seamless,1.0,75,0.053312965265500036,0.003112957961173835,0.05889043427311109,0.06895139803147134,0.07915794113028334,0.0813140293802663,0.0927032396088019,0.0695293398533007
EU Power Grid,seamless,1.0,76,0.053039457594462984,0.0036569831530665177,0.0576230578365031,0.07180389493164226,0.07919825626856347,0.08812885510662367,0.0830149755501222,0.0725091687041564
EU Power Grid,seamless,1.0,77,0.05444738574473856,0.0032108815850088717,0.057198136844213314,0.07159405186580622,0.07870058178359939,0.09431577591294557,0.0841305012224938,0.0774755501222493
EU Power Grid,seamless,1.0,78,0.05379033439383051,0.00309382555354087,0.05431849093241741,0.06622490865754685,0.07929066258790217,0.09775747109255715,0.0984795232273838,0.0635696821515892
EU Power Grid,seamless,1.0,79,0.0530752938613582,0.0033843406523865224,0.0576446333796205,0.06900664373499064,0.09339287440496259,0.09612635772551222,0.1010314792176039,0.0595965770171149
EU Power Grid,seamless,1.0,80,0.054912771504702335,0.003783829270153942,0.05870099771556814,0.06727366042093329,0.08500413286285827,0.10701106712720397,0.1625916870415647,0.0675427872860635
EU Power Grid,seamless,1.0,81,0.05186783478987071,0.0035762111520995796,0.05218938586771804,0.06836679666570175,0.07633520590971145,0.08696939293136338,0.0815938264058679,0.0764822738386308
EU Power Grid,seamless,1.0,82,0.04765791583239796,0.005963686698485603,0.046928362392385126,0.057351559008333934,0.08249831840360448,0.08436523728539629,0.2681311124694376,0.0476772616136919
EU Power Grid,seamless,1.0,83,0.053505754060065774,0.004143072287890558,0.05732613318595078,0.07085745283910626,0.07987800655208542,0.08885517780899893,0.1242206601466992,0.0675427872860635
EU Power Grid,seamless,1.0,84,0.05562254512289568,0.003014161577768067,0.055550947462716056,0.06917413058255496,0.09116955238624054,0.09501768585604264,0.0433068459657701,0.0556234718826405
EU Power Grid,seamless,1.0,85,0.05752554044775325,0.002624759024952746,0.06265234636921857,0.08193619361580781,0.08640360288391023,0.09649940483850208,0.0792099633251833,0.0864150366748166
EU Power Grid,seamless,1.0,86,0.057008214109511006,0.0027691058687365536,0.06062925749699396,0.07570502277884292,0.09177023906547131,0.10458633764854589,0.0439180929095354,0.0725091687041564
EU Power Grid,seamless,1.0,87,0.05328700256557445,0.005437792138022978,0.05917013507909489,0.0635550885606453,0.0796253809826839,0.09311690505430036,0.224893031784841,0.0625764058679706
EU Power Grid,seamless,1.0,88,0.05541346228660525,0.0038428885308440263,0.05988478881915565,0.06946205937662449,0.0813508164793223,0.09642278552544514,0.1896622860635696,0.0695293398533007
EU Power Grid,seamless,1.0,89,0.052967640865613036,0.004427925833346998,0.051231363140117656,0.06990719557665495,0.08180789107559605,0.09767434612662455,0.1144101466992665,0.0705226161369193
EU Power Grid,seamless,1.0,90,0.04668218581075772,0.010864687040910924,0.036427712202239004,0.059850129288979516,0.09041834752371494,0.09302919499379295,0.2814486552567237,0.0367512224938875
EU Power Grid,seamless,1.0,91,0.05509715145053451,0.0036919238927500438,0.05722539099414722,0.066439773162344,0.08274753685925082,0.09764112800529742,0.0896775672371638,0.0665495110024449
EU Power Grid,seamless,1.0,92,0.051725969618953205,0.004323331290706178,0.05391071878516466,0.06429377787054148,0.08094614470445381,0.09067067372996461,0.1244727995110024,0.061583129584352
EU Power Grid,seamless,1.0,93,0.05759798620565836,0.003323323374572549,0.06005123909565631,0.07548783853951206,0.08963987367563155,0.09647282729495439,0.0750993276283618,0.0784688264058679
EU Power Grid,seamless,1.0,94,0.05267356642556155,0.0037778262021501,0.055262655381066575,0.07092357267901328,0.0784656619858493,0.08929811783570943,0.0684520171149144,0.0655562347188264
EU Power Grid,seamless,1.0,95,0.05405574437389399,0.004165900642575187,0.057511834389290924,0.0723379669912148,0.07872757151451255,0.09363518835060688,0.0996026894865525,0.0725091687041564
EU Power Grid,seamless,1.0,96,0.054142618102642336,0.003058915170711976,0.05149720331663007,0.07272195835203626,0.0837902431824253,0.09253475422504824,0.0931922371638141,0.0476772616136919
EU Power Grid,seamless,1.0,97,0.055799517996197194,0.0031320600119521653,0.0559118863537495,0.07396611958038617,0.09096849444472417,0.10120546129002873,0.0667023227383863,0.0913814180929095
EU Power Grid,seamless,1.0,98,0.052410387674313656,0.003430809407617243,0.05017676215120861,0.06531529081854787,0.0859196808889618,0.09426632045271564,0.0649144254278728,0.049663814180929
EU Power Grid,seamless,1.0,99,0.047372758718395164,0.004022942624890869,0.05180170531922422,0.05570777494654565,0.06538025678297445,0.07380286370025908,0.1492206601466992,0.0536369193154034
EU Power Grid,seamless,1.0,100,0.05505173000678865,0.0037420810058187647,0.06040778442340984,0.07305841026285516,0.07816919839850969,0.08984093215956888,0.1290495110024449,0.0645629584352078
EU Power Grid,seamless,2.0,1,0.03295760138675709,0.006220308369132611,0.02940047030459047,0.04303467522663854,0.056245020222147904,0.06342341201393303,0.3131265281173593,0.0297982885085574
EU Power Grid,seamless,2.0,2,0.03543456135138996,0.0028633714915882354,0.03732673399092043,0.044144193229300605,0.05117989772674175,0.06198357205004508,0.1070904645476772,0.0446974327628361
EU Power Grid,seamless,2.0,3,0.035190993128235495,0.0026339419734794853,0.03622220404986032,0.040404955784058685,0.051474634280591826,0.06347241770838619,0.08565097799511,0.0347646699266503
EU Power Grid,seamless,2.0,4,0.03702602704478161,0.0026181639982835593,0.04173171033650848,0.046296012630802866,0.052644956889302805,0.06256158084881204,0.1169697432762836,0.0466839853300733
EU Power Grid,seamless,2.0,5,0.03370537419773833,0.0035132965708709954,0.03509439669296493,0.04110195410020836,0.047069520866544756,0.06136033864223192,0.1132487775061124,0.0367512224938875
EU Power Grid,seamless,2.0,6,0.0366653420764499,0.003143861239191067,0.03987550465239943,0.04534442093177064,0.053077598689676424,0.059058247602723664,0.170262836185819,0.0437041564792176
EU Power Grid,seamless,2.0,7,0.03420963191006072,0.004371333067095901,0.032348153032457416,0.04096229186881648,0.0558087462153362,0.0601999572048471,0.3014058679706601,0.0327781173594132
EU Power Grid,seamless,2.0,8,0.03970731899795472,0.002843093112692841,0.042943238451761644,0.04937166666770296,0.05834507622510027,0.06534881211492757,0.1410223105134474,0.049663814180929
EU Power Grid,seamless,2.0,9,0.03670212699505242,0.0021806610093009445,0.036690228855888275,0.04698376141410105,0.05567162120766632,0.05660660394644654,0.0610788508557457,0.0367512224938875
EU Power Grid,seamless,2.0,10,0.03572286798906099,0.002799682810566487,0.03964526200837932,0.044462245008230296,0.048742053789731,0.05766715981132475,0.1576253056234718,0.0407243276283618
EU Power Grid,seamless,2.0,11,0.0357922485803266,0.002082881580525417,0.03799891624462634,0.04406855993660033,0.055052231444851316,0.06011913109850688,0.0801573960880195,0.0446974327628361
EU Power Grid,seamless,2.0,12,0.03253913214562989,0.004254960064857171,0.03393362741740795,0.035441981305208495,0.05456876656261372,0.060336333575965635,0.2240678484107579,0.0347646699266503
EU Power Grid,seamless,2.0,13,0.036085025264842474,0.00285840055664195,0.0360391750375585,0.04782564739996419,0.0540370052634108,0.060488651566176034,0.0809596577017114,0.0377444987775061
EU Power Grid,seamless,2.0,14,0.03591185458758385,0.0031762671815126747,0.0388896044359063,0.04167539775789006,0.050822124777513585,0.06781586614816193,0.1969590464547677,0.0417176039119804
EU Power Grid,seamless,2.0,15,0.03661606531216555,0.0025803014113415165,0.037018413643778385,0.04800573268964428,0.053042747272155244,0.06694714878979138,0.1292940097799511,0.0486705378973105
EU Power Grid,seamless,2.0,16,0.034669295402925994,0.002468884165621747,0.038038994216602354,0.041698984864279955,0.047381119465905175,0.05249621096685188,0.1659000611246943,0.0417176039119804
EU Power Grid,seamless,2.0,17,0.03460942409637445,0.005570823464242029,0.03129011025919757,0.04772046368534979,0.05237694251640729,0.06583589503168985,0.2510085574572127,0.0317848410757946
EU Power Grid,seamless,2.0,18,0.03432657410332383,0.004225475969794071,0.03511486792656954,0.044662037616871965,0.053801621733267246,0.05556325411177658,0.2372631418092909,0.0357579462102689
EU Power Grid,seamless,2.0,19,0.03486839842325556,0.003931910007057719,0.0352502533714835,0.044512152256490106,0.04940907441510714,0.05361062319237138,0.2489455990220048,0.0357579462102689
EU Power Grid,seamless,2.0,20,0.03605252825195696,0.003548237310554529,0.04072464082201883,0.042168026891422225,0.05324788610431941,0.06554660683885595,0.1738004278728606,0.0417176039119804
EU Power Grid,seamless,2.0,21,0.034107276185449106,0.006470304656255776,0.02940706239081171,0.043018622689176556,0.05925292116005934,0.06990539887416838,0.2804706601466992,0.0297982885085574
EU Power Grid,seamless,2.0,22,0.03547439713388318,0.0033457267332923177,0.03876711473913226,0.04237298250816039,0.05040144152512399,0.06609166417864275,0.176505195599022,0.0397310513447432
EU Power Grid,seamless,2.0,23,0.035996641282576104,0.0024057419079834066,0.0375411660959792,0.04555728387402832,0.05644118500147936,0.06058550346171527,0.0599709657701711,0.0486705378973105
EU Power Grid,seamless,2.0,24,0.03629743217671531,0.0025813866688946837,0.036409677479299865,0.04551609724606547,0.05181488321281792,0.055615875123301156,0.1424511002444987,0.0456907090464547
EU Power Grid,seamless,2.0,25,0.03674200072361395,0.0028671660984174565,0.037229355864887945,0.04344770478911762,0.052968172940666795,0.06778825211477381,0.1851314180929095,0.0437041564792176
EU Power Grid,seamless,2.0,26,0.03367677804067327,0.0032999485965045103,0.03569907492745604,0.037664368152958545,0.05050663440550081,0.05737265215936096,0.2253285452322738,0.0377444987775061
EU Power Grid,seamless,2.0,27,0.03531492498727807,0.002453493240322402,0.03399482638345916,0.046931910794991434,0.053289145381770923,0.06845883833583505,0.1117665036674816,0.0297982885085574
EU Power Grid,seamless,2.0,28,0.036804422005954726,0.0018056703732230322,0.038974593934920455,0.05077589714887128,0.05273140238214465,0.05618004911053023,0.0752521393643031,0.0516503667481662
EU Power Grid,seamless,2.0,29,0.03468709210895506,0.0031905424924042313,0.03495231144224149,0.03575634894749868,0.05240402186617577,0.06964848078117476,0.1966687041564792,0.0357579462102689
EU Power Grid,seamless,2.0,30,0.03452208742559296,0.003669937940781507,0.03612327234707988,0.03954344011299618,0.055297677261613616,0.06433432631687414,0.2160146699266503,0.0367512224938875
EU Power Grid,seamless,2.0,31,0.03662346479548253,0.0032490629189245767,0.03453224984978067,0.046312914749777175,0.05568809806233846,0.07089731754825879,0.1165113080684596,0.0347646699266503
EU Power Grid,seamless,2.0,32,0.03868645592268765,0.0017900214146592953,0.04156313827516588,0.04926012764802759,0.061686613681405426,0.06408696826865971,0.0437805623471882,0.0486705378973105
EU Power Grid,seamless,2.0,33,0.03559103575859998,0.003745253297128013,0.036229520199167184,0.0441847035743563,0.05147238805924159,0.05699702542738526,0.2358954767726161,0.0367512224938875
EU Power Grid,seamless,2.0,34,0.03366884731240017,0.0035856900799590015,0.035001579254206175,0.04304985904639875,0.04660391562447315,0.056020029914054886,0.2050275061124694,0.0357579462102689
EU Power Grid,seamless,2.0,35,0.03671008049096646,0.003148763871214431,0.03685316818274132,0.045525002741636754,0.056857356927069294,0.06467574080207285,0.1727154645476772,0.0456907090464547
EU Power Grid,seamless,2.0,36,0.03697073203406611,0.0025388643047663593,0.0381199385283095,0.04795029600996359,0.05373683468121119,0.06460522551110644,0.1066243887530562,0.0486705378973105
EU Power Grid,seamless,2.0,37,0.03547734933799633,0.002683552663164807,0.03641847260760563,0.045843155390564244,0.05722312184281897,0.06454734945394865,0.1172830073349633,0.0466839853300733
EU Power Grid,seamless,2.0,38,0.035657373075188535,0.0023948969216654667,0.03749649929356528,0.044881857250576716,0.050907202884544,0.05794215242113069,0.0880348410757946,0.0446974327628361
EU Power Grid,seamless,2.0,39,0.0379287715986685,0.0029197441706432345,0.039804579589114965,0.04823619348865864,0.05661214966494605,0.06412805858825488,0.1663814180929095,0.0486705378973105
EU Power Grid,seamless,2.0,40,0.038573854759637136,0.002453341456049236,0.04135078405120704,0.050048972689822786,0.05432562454956319,0.061572210460677186,0.1299587408312958,0.0506570904645476
EU Power Grid,seamless,2.0,41,0.037830635476851004,0.0023272846171822994,0.03829490328561691,0.05082019001850795,0.058138462724630004,0.06202026635134388,0.0819300122249388,0.0347646699266503
EU Power Grid,seamless,2.0,42,0.03678125972586912,0.0018247648347877042,0.039393177310053595,0.0465462800425397,0.052215756253868956,0.05528076252162593,0.059038814180929,0.0397310513447432
EU Power Grid,seamless,2.0,43,0.037056588808184215,0.003438793260385945,0.03905514587097954,0.04684044347019639,0.06074054866387604,0.06557685637177349,0.1328163202933985,0.0437041564792176
EU Power Grid,seamless,2.0,44,0.03866234499089474,0.0024336550358192042,0.04129158678606902,0.049629536205914766,0.06078136735541802,0.07003137278642678,0.1013676650366748,0.0506570904645476
EU Power Grid,seamless,2.0,45,0.03591137646712337,0.0027375575075583676,0.0357899873807082,0.044313705582421814,0.04937322803412571,0.06509901230255738,0.145255195599022,0.0446974327628361
EU Power Grid,seamless,2.0,46,0.03424121062809352,0.0031112352096733693,0.03342338175365972,0.045098443308609716,0.04766013175243001,0.05506925250699827,0.1788432151589241,0.0337713936430317
EU Power Grid,seamless,2.0,47,0.03597615040569827,0.002678680387996069,0.033549022228438946,0.047706520789757484,0.057685399044885344,0.0670073554957471,0.112163814180929,0.0417176039119804
EU Power Grid,seamless,2.0,48,0.036448685204928305,0.0022135450720830326,0.04185084516067465,0.045460449370886884,0.0495407871616426,0.056365029290625285,0.1255272004889975,0.0456907090464547
EU Power Grid,seamless,2.0,49,0.03604880953726433,0.0034433391993673556,0.03966249640930927,0.042574023975894354,0.053737900953352354,0.058744080049284685,0.2149831907090464,0.042710880195599
EU Power Grid,seamless,2.0,50,0.034967050611601824,0.0027319187218101428,0.03533297527760259,0.0454109444975089,0.05315489175879075,0.058762988224998175,0.1390204767726161,0.0456907090464547
EU Power Grid,seamless,2.0,51,0.03763640473169016,0.002221870439466356,0.042900648730679905,0.04807608029461979,0.05763812045124461,0.0651831812998053,0.094330684596577,0.0486705378973105
EU Power Grid,seamless,2.0,52,0.03523144363703507,0.00242157300767494,0.037245165646475904,0.04337839723185033,0.05212404275660254,0.06399119297074193,0.096882640586797,0.0417176039119804
EU Power Grid,seamless,2.0,53,0.03810680696188218,0.002167531669671819,0.03961165053713051,0.050923336655014584,0.05424410719743275,0.06726113105934033,0.0866213325183374,0.0516503667481662
EU Power Grid,seamless,2.0,54,0.036918275389258876,0.0024441053830268917,0.03882940241060504,0.044439447929527615,0.04921200407324183,0.06610504885218758,0.1124923594132029,0.0446974327628361
EU Power Grid,seamless,2.0,55,0.03673505659311643,0.0024250033322485674,0.038877678851822445,0.04967975733507265,0.054745820506648744,0.06042223792787276,0.1175045843520782,0.0506570904645476
EU Power Grid,seamless,2.0,56,0.03385416073151232,0.0029256409896558605,0.036409756141089294,0.03860186072279326,0.04315243121763753,0.06276547454394087,0.1162515281173594,0.0387377750611246
EU Power Grid,seamless,2.0,57,0.034390801618515335,0.0037699637767999376,0.0367204073041165,0.03850618604117418,0.05033505348339309,0.06321145136077594,0.2337102689486552,0.0377444987775061
EU Power Grid,seamless,2.0,58,0.036734684721647176,0.002280868986447186,0.03540307844685239,0.045721962577502676,0.06274061392367536,0.06545663387118172,0.0777200488997554,0.0357579462102689
EU Power Grid,seamless,2.0,59,0.03539235014502163,0.002529400555334266,0.04074133922990155,0.04367111831956933,0.04671580280445615,0.05677253324376059,0.2327017114914425,0.0417176039119804
EU Power Grid,seamless,2.0,60,0.03670264306158117,0.002412192739593091,0.03860706716375026,0.047104698426205766,0.05409288042845498,0.06022462596641122,0.136575488997555,0.0397310513447432
EU Power Grid,seamless,2.0,61,0.036649746242381764,0.002978454327505044,0.03757347043421623,0.04581132116660838,0.05567817654531961,0.06347321287224494,0.0828850855745721,0.0506570904645476
EU Power Grid,seamless,2.0,62,0.03498292724657532,0.002557875284980793,0.03465759053893216,0.04337193521836073,0.051619208698154714,0.06335417000412308,0.081372249388753,0.030791564792176
EU Power Grid,seamless,2.0,63,0.03881383328473116,0.002825766937910591,0.03740071333993194,0.054300615340530586,0.058540515626754525,0.06281650245308369,0.0842374694376528,0.0268184596577017
EU Power Grid,seamless,2.0,64,0.03497882148198609,0.002681002687375566,0.03591248303764634,0.040445007296427575,0.049644589478665416,0.06078103809753084,0.1017649755501222,0.0387377750611246
EU Power Grid,seamless,2.0,65,0.036043018967242914,0.002320924856136511,0.03915627346503955,0.04679668081157572,0.05115411429479216,0.05827266500297405,0.1217527506112469,0.0476772616136919
EU Power Grid,seamless,2.0,66,0.034001376298059036,0.004315476454569679,0.03635916080629839,0.03771973406150556,0.05822878672491879,0.06790555485792554,0.2196363080684596,0.0377444987775061
EU Power Grid,seamless,2.0,67,0.03453266678943283,0.003204263790698714,0.03351901551039113,0.04820830419075285,0.05399676113109675,0.061517262456791066,0.0871408924205379,0.0268184596577017
EU Power Grid,seamless,2.0,68,0.03476057846480989,0.0026426392123320755,0.036279926391123464,0.039720541065887675,0.052283010034817265,0.058569822619201635,0.1714394865525672,0.0397310513447432
EU Power Grid,seamless,2.0,69,0.036774641931558945,0.0027572439277884016,0.037533444505782235,0.04444426524569218,0.05351577259115617,0.07215546899963732,0.1491900977995109,0.0446974327628361
EU Power Grid,seamless,2.0,70,0.0376840953503199,0.0024175355460086456,0.037513666965115856,0.04991879025087747,0.0554400611540107,0.06539925495704503,0.1137683374083129,0.0506570904645476
EU Power Grid,seamless,2.0,71,0.03612547577364204,0.0027904770943987783,0.03536480464559604,0.04696124540987171,0.05396321776503946,0.05909281009815041,0.1120874083129584,0.0476772616136919
EU Power Grid,seamless,2.0,72,0.03587466744065742,0.002968808436945147,0.03735043522962175,0.04159043104349982,0.05446546114901853,0.05927642007432162,0.1367970660146699,0.0417176039119804
EU Power Grid,seamless,2.0,73,0.03771156071454984,0.0019547149402614227,0.040158895600852625,0.04873985636195932,0.05260465565426045,0.05753935447178144,0.0570599022004889,0.049663814180929
EU Power Grid,seamless,2.0,74,0.037943084855628334,0.0020387806599561284,0.040655178608119825,0.04647396450341885,0.054442745240154196,0.056412293841412456,0.1094590464547677,0.0466839853300733
EU Power Grid,seamless,2.0,75,0.0357262831352073,0.004241246355776346,0.034285178427327145,0.04521662798729879,0.05107732273838622,0.06524208506808883,0.2903040953545232,0.0347646699266503
EU Power Grid,seamless,2.0,76,0.03723287865225646,0.0023849854086275294,0.038558756990697725,0.048899531765152264,0.05251555130653239,0.060300304603954545,0.1227995110024449,0.049663814180929
EU Power Grid,seamless,2.0,77,0.03754172170208729,0.002284208240456907,0.039297947091345535,0.04711941024470298,0.05652465632539378,0.06469164359556567,0.136575488997555,0.0476772616136919
EU Power Grid,seamless,2.0,78,0.03760063676771787,0.002094075670671636,0.03850283628967163,0.04809704134990977,0.053591028727351206,0.06504787073795815,0.077322738386308,0.0516503667481662
EU Power Grid,seamless,2.0,79,0.03606694016869437,0.002764484037618565,0.039531770073555,0.04283908488119567,0.05380879196320576,0.06511879013407129,0.1037209657701711,0.042710880195599
EU Power Grid,seamless,2.0,80,0.036548513721391625,0.0032492754169070118,0.035365907744854215,0.04622537177055005,0.05515584338395197,0.0621565293011523,0.0904263447432762,0.0446974327628361
EU Power Grid,seamless,2.0,81,0.03571439083740451,0.002792359219386074,0.03580153220028629,0.0434171491487477,0.054960017519285774,0.06768626052703063,0.1629202322738386,0.0437041564792176
EU Power Grid,seamless,2.0,82,0.03626020708372059,0.0026531275056080605,0.0369350711476256,0.04709757249988091,0.05945853708231457,0.0676668172637397,0.0809749388753056,0.0476772616136919
EU Power Grid,seamless,2.0,83,0.03673972395951639,0.00294705775060002,0.03897243889067525,0.040691592920882425,0.052515298343452047,0.06500468978328423,0.1903499388753056,0.0407243276283618
EU Power Grid,seamless,2.0,84,0.037588744469915086,0.002536921466069797,0.03767576624838859,0.05178242991507044,0.05817971931685657,0.05936241046169487,0.0584199266503667,0.0556234718826405
EU Power Grid,seamless,2.0,85,0.03388557248684467,0.003959420906569615,0.03518172357378876,0.03738028325745016,0.051122661829508316,0.06154722803193204,0.2374617970660146,0.0357579462102689
EU Power Grid,seamless,2.0,86,0.035000382437989745,0.0025170529047119647,0.03776183596354744,0.043371334799109575,0.05070414039377157,0.054702274055001394,0.1723716381418092,0.0417176039119804
EU Power Grid,seamless,2.0,87,0.03819381729647636,0.0026916124080700854,0.040701807262853024,0.04732735069734215,0.054574526862068,0.06464626547834997,0.1593673594132029,0.0476772616136919
EU Power Grid,seamless,2.0,88,0.03603963417795125,0.003129843961563906,0.03655602211119375,0.0436681246214853,0.05749555226439564,0.06577084622107007,0.1205455378973105,0.0437041564792176
EU Power Grid,seamless,2.0,89,0.03726278015407078,0.0018319366416949395,0.04121915454427099,0.04456370033207574,0.05414274665386135,0.06268711432579702,0.1145705990220048,0.0446974327628361
EU Power Grid,seamless,2.0,90,0.03626981502821219,0.0027579876707269344,0.03838417914791756,0.04672727936334544,0.05443929935108538,0.06339191458405119,0.0901207212713936,0.0407243276283618
EU Power Grid,seamless,2.0,91,0.033914912386848246,0.00432162371763304,0.03403200158462092,0.04257269937054567,0.05024278270988315,0.05757802871869955,0.2138218215158924,0.0347646699266503
EU Power Grid,seamless,2.0,92,0.03850942233567687,0.0018084100793537366,0.0401096605513646,0.05062692369604797,0.05836748693954368,0.06416507542822512,0.0756800122249388,0.0407243276283618
EU Power Grid,seamless,2.0,93,0.03470631558715195,0.0036931533453627213,0.03693133590081094,0.041217513897769294,0.05214083498697142,0.05838710685707931,0.1822509168704156,0.0377444987775061
EU Power Grid,seamless,2.0,94,0.03328934868340914,0.004515634375597777,0.0331350408036871,0.03834333129911041,0.05301363133227309,0.06996371067521548,0.2704767726161369,0.0337713936430317
EU Power Grid,seamless,2.0,95,0.03529875237297189,0.0030228360489796932,0.03828804590492936,0.04068673901719058,0.050836758117082916,0.0628226382239937,0.197692542787286,0.0407243276283618
EU Power Grid,seamless,2.0,96,0.033515271984807686,0.004198344530965085,0.0333219527192923,0.03804881448956038,0.0541381505457951,0.061274273940993926,0.2350397310513447,0.0337713936430317
EU Power Grid,seamless,2.0,97,0.03243018898356277,0.006545976705644217,0.02660684772633741,0.043699620971073216,0.05358122509681065,0.05842220857622341,0.3233496332518337,0.0268184596577017
EU Power Grid,seamless,2.0,98,0.034544225161834655,0.0027527207564479557,0.033928326857328286,0.043340720866052944,0.050887940096601615,0.056775672371638004,0.1252444987775061,0.0437041564792176
EU Power Grid,seamless,2.0,99,0.03408226972644451,0.0041253438847844185,0.03509259890997238,0.0420474230204871,0.04940038454760056,0.05965373485952261,0.2884550733496332,0.0357579462102689
EU Power Grid,seamless,2.0,100,0.03541028345689657,0.00435594214179656,0.036866222755183246,0.043470415827348445,0.05767920787261728,0.06536276821880815,0.2070599022004889,0.0377444987775061
EU Power Grid,seamless,3.0,1,0.03145409467966692,0.0019082385958170528,0.03263476343091257,0.04094008206524458,0.046911950378772646,0.055730700572349315,0.0750993276283618,0.0417176039119804
EU Power Grid,seamless,3.0,2,0.02976040986750954,0.0024838425057425624,0.02917851132062826,0.037124634630586226,0.04651843928280352,0.05361888161049507,0.1121026894865525,0.0377444987775061
EU Power Grid,seamless,3.0,3,0.0298800158747668,0.001947156083457609,0.02872973829575289,0.038981644445548747,0.04684808632987914,0.053963273061541646,0.0818918092909535,0.0397310513447432
EU Power Grid,seamless,3.0,4,0.029306096770273453,0.0019268777045622113,0.03033210602268497,0.03690235688677723,0.03946207368000002,0.053073609203871754,0.1153270171149144,0.0377444987775061
EU Power Grid,seamless,3.0,5,0.028293885398577034,0.00310177904945494,0.02808303601678581,0.03236869487124777,0.04634523792698949,0.058932863534296616,0.1702475550122249,0.0327781173594132
EU Power Grid,seamless,3.0,6,0.028811940301330472,0.0030905849593087184,0.027455002610107977,0.03441455281467153,0.0436016247338118,0.051058813118328085,0.2438646088019559,0.0278117359413202
EU Power Grid,seamless,3.0,7,0.031622711828730485,0.001569015923711434,0.03407473693563728,0.042236615931105816,0.0473947543791494,0.05319708900263987,0.0540800733496332,0.0466839853300733
EU Power Grid,seamless,3.0,8,0.02933715942177752,0.002120895951740611,0.031842405613482616,0.03448074935556435,0.041185426526995736,0.05433127439625957,0.1913661369193154,0.0327781173594132
EU Power Grid,seamless,3.0,9,0.02886021528941192,0.0020757553089001254,0.031188465827768002,0.03331250883841495,0.039376267508197255,0.04732920219574798,0.1547142420537897,0.0337713936430317
EU Power Grid,seamless,3.0,10,0.02972326825586507,0.0022815747833174237,0.03037628789389372,0.037358354997903784,0.04505633975410067,0.04939015642931982,0.1190403422982885,0.0377444987775061
EU Power Grid,seamless,3.0,11,0.030100444585476623,0.002064447380549025,0.030563752856317437,0.03808916961573643,0.04364962930069575,0.055419829464660106,0.0861017726161369,0.0268184596577017
EU Power Grid,seamless,3.0,12,0.030707429893879836,0.0025407464297536645,0.03155188647303667,0.037909106175992704,0.04290456624749279,0.05856470717646407,0.1240907701711491,0.0347646699266503
EU Power Grid,seamless,3.0,13,0.027686019741389428,0.004675273484903374,0.02546130467623977,0.03332731843200616,0.04084164372485209,0.05614814988126008,0.2691855134474327,0.0258251833740831
EU Power Grid,seamless,3.0,14,0.03027035190086211,0.0017236840980707404,0.032176027549418756,0.03733821444169186,0.04877625244634304,0.053758360996636,0.090976466992665,0.0377444987775061
EU Power Grid,seamless,3.0,15,0.030254847137357894,0.002665573816007919,0.031853444348891424,0.03590262676287684,0.04158297704828368,0.05443696139243775,0.2286292787286063,0.0327781173594132
EU Power Grid,seamless,3.0,16,0.03137596372505315,0.0026977369034924567,0.033139301786079156,0.03744398875143344,0.04636785784997622,0.05799397998808315,0.1118658312958435,0.0377444987775061
EU Power Grid,seamless,3.0,17,0.029879993107125823,0.0028496805501483802,0.031824792251686294,0.03810903451795866,0.04676586351020942,0.05535883034870533,0.1970430929095354,0.0327781173594132
EU Power Grid,seamless,3.0,18,0.030461425533141028,0.0027506489011192023,0.03051841381418088,0.03745610735816326,0.044530093798086895,0.055888799109086555,0.1581983496332518,0.0377444987775061
EU Power Grid,seamless,3.0,19,0.029168709235414442,0.0024412973739732675,0.02947628521661307,0.03436389525595138,0.043523350061195995,0.057350612087145654,0.134611858190709,0.0347646699266503
EU Power Grid,seamless,3.0,20,0.030319492059300592,0.0022669503685975815,0.029769695222805526,0.03910477768436982,0.04521526033171131,0.05009119214565848,0.0858419926650366,0.0397310513447432
EU Power Grid,seamless,3.0,21,0.02833805462206924,0.0033354888840670645,0.029146149173756578,0.031765717976336476,0.04376905195995077,0.048333786578453414,0.2078927261613691,0.0297982885085574
EU Power Grid,seamless,3.0,22,0.028542166523413383,0.0029372904326215982,0.029241624586239478,0.032586161687199154,0.04419854738961594,0.055921423003214295,0.3079844132029339,0.0297982885085574
EU Power Grid,seamless,3.0,23,0.02794484987321103,0.0029589424591891615,0.029296121115509693,0.03552410313901339,0.03967988392660831,0.048617472452021276,0.1577933985330073,0.0317848410757946
EU Power Grid,seamless,3.0,24,0.027720770750731476,0.003260621291326409,0.027993906608857737,0.033216402430686624,0.04517156847448046,0.046674957369507185,0.1933144865525672,0.0288050122249388
EU Power Grid,seamless,3.0,25,0.029705873778159884,0.0027343093241125604,0.03142656508686044,0.03468578649589635,0.04279155238107056,0.054756604789560154,0.1778499388753056,0.0347646699266503
EU Power Grid,seamless,3.0,26,0.02947038806755168,0.002669535385537643,0.029217585567234156,0.035301307222240494,0.043535309252188605,0.046766758353708145,0.1292023227383863,0.0337713936430317
EU Power Grid,seamless,3.0,27,0.029403253883529,0.002690337420175465,0.02976941283309413,0.03802111786996687,0.044476483529405926,0.0524656444057381,0.1295003056234718,0.0387377750611246
EU Power Grid,seamless,3.0,28,0.029083216743551948,0.002926172234611961,0.0309476476714722,0.03458684102502499,0.044536100057815234,0.05457373939817689,0.1836338630806845,0.0347646699266503
EU Power Grid,seamless,3.0,29,0.030521091930923797,0.002339025130711931,0.03210707254336162,0.03897525658298877,0.0454290681369822,0.055615525672371546,0.1174663814180929,0.0397310513447432
EU Power Grid,seamless,3.0,30,0.029818474941210385,0.002057450125555929,0.03037875540154951,0.03908306170310565,0.04583302141173143,0.04711987454406986,0.1069605745721271,0.030791564792176
EU Power Grid,seamless,3.0,31,0.02824180062523906,0.002206471924953353,0.030833638364004785,0.032747141728752246,0.041392324372780516,0.043734408548769366,0.1538355745721271,0.0327781173594132
EU Power Grid,seamless,3.0,32,0.03144912374472064,0.0017731354142692347,0.03129707373519139,0.038407261672452765,0.05183910590776319,0.05785834352078214,0.1088095965770171,0.0317848410757946
EU Power Grid,seamless,3.0,33,0.027426400331347335,0.005085113790100921,0.024433513047663415,0.034536050997511836,0.044273955293529926,0.05576646281293006,0.3009015892420537,0.0248319070904645
EU Power Grid,seamless,3.0,34,0.028527602822402808,0.004042340655001895,0.027186611121258617,0.03506396840946253,0.04523556963032283,0.06237596894975158,0.251512836185819,0.0278117359413202
EU Power Grid,seamless,3.0,35,0.02944432670784855,0.001925192899130043,0.03155971019236213,0.03483437986219153,0.044011355329821256,0.05477213526212403,0.1211567848410757,0.0347646699266503
EU Power Grid,seamless,3.0,36,0.030949449917447972,0.0017839196868779006,0.034449495721271324,0.03793940037385566,0.04642424809364417,0.05007200365229182,0.0966381418092909,0.0357579462102689
EU Power Grid,seamless,3.0,37,0.028095123892862093,0.002942587703755194,0.029383755865998833,0.031068796323029082,0.04371836029704121,0.04895148003008049,0.1933068459657701,0.030791564792176
EU Power Grid,seamless,3.0,38,0.031209061738276395,0.0020093724570296252,0.03156130192613165,0.03980296737660166,0.048918856968215095,0.05920723041150938,0.0778040953545232,0.0407243276283618
EU Power Grid,seamless,3.0,39,0.029735889118179083,0.0017515896366928807,0.03025480975562988,0.03720662550102573,0.041211656714092194,0.04930878771810952,0.1353835574572127,0.0377444987775061
EU Power Grid,seamless,3.0,40,0.02957076300739842,0.002770229072358019,0.03265530911749213,0.03373817047822606,0.0434248225364433,0.044610393088498394,0.2289883863080684,0.0337713936430317
EU Power Grid,seamless,3.0,41,0.030368768823584948,0.0029295038994080163,0.030149449846719644,0.039191044050485895,0.04732290039041164,0.05851036260169572,0.121653422982885,0.0397310513447432
EU Power Grid,seamless,3.0,42,0.029623416971760765,0.002329720754766663,0.029459878067415995,0.038345692317590975,0.042667553280534114,0.04766277988399935,0.0878973105134474,0.0347646699266503
EU Power Grid,seamless,3.0,43,0.028973696801246788,0.0023718333013574367,0.030378737580254056,0.03694051694465747,0.04145801527447756,0.049326249609353376,0.1172830073349633,0.0347646699266503
EU Power Grid,seamless,3.0,44,0.030117839063181794,0.002637015605011166,0.029419568316891527,0.03837339506440472,0.04718393569173774,0.05668628609104138,0.1349480440097799,0.0387377750611246
EU Power Grid,seamless,3.0,45,0.029500631083980627,0.00261143236576851,0.0299968153876226,0.03876553427639082,0.045833871065640984,0.05262740418246133,0.1180012224938875,0.0397310513447432
EU Power Grid,seamless,3.0,46,0.03006501054690529,0.001588080028421474,0.03324051766443021,0.03710817976950381,0.041492324754871024,0.0506276163908497,0.0603300733496332,0.0347646699266503
EU Power Grid,seamless,3.0,47,0.030107198985632633,0.002100048381820843,0.02826741423638234,0.03891397525372533,0.04414523619315733,0.05277388030673478,0.0813111246943765,0.0397310513447432
EU Power Grid,seamless,3.0,48,0.030347564560623215,0.0020940680814579846,0.03119790086061276,0.039167555342534306,0.042419162292642525,0.05057421735261327,0.1460803789731051,0.0397310513447432
EU Power Grid,seamless,3.0,49,0.029339018779123833,0.002933693145347478,0.030651388556224003,0.033074689340686796,0.044889233691694654,0.055015617477414486,0.1437194376528117,0.0317848410757946
EU Power Grid,seamless,3.0,50,0.03015778109466624,0.0018976212859088757,0.03134039712242162,0.03994616790653482,0.041094743783963744,0.047396355401234144,0.0771775672371638,0.0407243276283618
EU Power Grid,seamless,3.0,51,0.025860700018326143,0.0047989548998952185,0.02245111498725979,0.03157617709718467,0.04343904715084961,0.04662694823287982,0.2563875305623471,0.0228453545232273
EU Power Grid,seamless,3.0,52,0.02947342375301507,0.002327944878770586,0.032816450034761246,0.035580321957507835,0.041411791035368024,0.05391777957914673,0.1371179706601467,0.0357579462102689
EU Power Grid,seamless,3.0,53,0.02817652579856269,0.003247302221355812,0.030617498999630555,0.03521572606329245,0.042773340198733856,0.05333461783778033,0.1814410146699266,0.0327781173594132
EU Power Grid,seamless,3.0,54,0.03183221207177213,0.0017940133410436446,0.031121944733079672,0.042880957950307996,0.05053354310071785,0.05894959184478268,0.0935666259168704,0.0317848410757946
EU Power Grid,seamless,3.0,55,0.03137912083793506,0.002187939065199404,0.03406592594053151,0.03726437024567959,0.04300833191689653,0.061809394304477676,0.1244957212713936,0.0377444987775061
EU Power Grid,seamless,3.0,56,0.03061535755377546,0.002245601910576351,0.03295987862315812,0.03772738361814101,0.045345862384189466,0.05793922818646358,0.0920843520782396,0.0397310513447432
EU Power Grid,seamless,3.0,57,0.030145737012590275,0.0023713551808969492,0.031011818316983315,0.03647646050869875,0.04460844675195502,0.049537868177340676,0.1012377750611246,0.0347646699266503
EU Power Grid,seamless,3.0,58,0.029782646263528816,0.002057571552974466,0.03256169016511745,0.03366220043881706,0.04263237382266691,0.05879234863771076,0.1842527506112469,0.0337713936430317
EU Power Grid,seamless,3.0,59,0.031434931915179334,0.0015630583909895441,0.032527401386279735,0.04137331728974286,0.04443755827206242,0.06059277470156755,0.0603606356968215,0.0446974327628361
EU Power Grid,seamless,3.0,60,0.028714859080211524,0.0027777727507345253,0.02875429330922663,0.03564985626053835,0.042767584835957814,0.052644929659095174,0.1106051344743276,0.0367512224938875
EU Power Grid,seamless,3.0,61,0.029562832279125324,0.0021997554708656276,0.032699285908332355,0.03590913824897718,0.04078373410465477,0.04940669489641758,0.1746103300733496,0.0347646699266503
EU Power Grid,seamless,3.0,62,0.02965470729967459,0.002299826842166003,0.03103294837506517,0.03754825688048161,0.04495651162355905,0.05066646099552509,0.1519101466992665,0.0377444987775061
EU Power Grid,seamless,3.0,63,0.03238874428777395,0.002064811662804635,0.03288696955487824,0.038659080329943155,0.04794762083881883,0.057533307988947784,0.1073960880195599,0.0367512224938875
EU Power Grid,seamless,3.0,64,0.031682909471469345,0.002272050320176067,0.033245541492880726,0.04042384428957205,0.04261891300310866,0.055864974351598706,0.1509245110024449,0.0407243276283618
EU Power Grid,seamless,3.0,65,0.03184355035697786,0.0017579114516703773,0.031024074854802536,0.03976301172942441,0.04891057966585163,0.062134949741917835,0.090395782396088,0.0317848410757946
EU Power Grid,seamless,3.0,66,0.029633563750422125,0.0025067846986320756,0.02910588254108141,0.03537571878112826,0.049262429916740576,0.05467447768521,0.1379737163814181,0.0357579462102689
EU Power Grid,seamless,3.0,67,0.028958586676852804,0.0020822440865781076,0.030156043506984944,0.036033408411407356,0.044818797710673736,0.05407393330833483,0.0947356356968215,0.0367512224938875
EU Power Grid,seamless,3.0,68,0.027749526281283375,0.003465970234496875,0.028426677736014216,0.030720783580659137,0.04282043587358536,0.049891491497308475,0.2199648533007334,0.030791564792176
EU Power Grid,seamless,3.0,69,0.031280582487793675,0.0015558941732959645,0.032039968769191754,0.04050896132115899,0.044849297318595945,0.05092210325450466,0.0972799511002445,0.042710880195599
EU Power Grid,seamless,3.0,70,0.029296048651389663,0.0020138652715154283,0.02790125130830142,0.03793674023840432,0.04228761548226057,0.057958753411438704,0.1231738997555012,0.0387377750611246
EU Power Grid,seamless,3.0,71,0.027830427298882493,0.00313144528564585,0.028064615672561084,0.030659315962423432,0.04111349084943051,0.051749694376527856,0.2257564180929095,0.0288050122249388
EU Power Grid,seamless,3.0,72,0.03169659282369554,0.001834441082202234,0.03384806404372471,0.04087973820334974,0.04757824604461928,0.054532908450186275,0.0833282396088019,0.0476772616136919
EU Power Grid,seamless,3.0,73,0.029229908654356235,0.0027454882358314545,0.031842622096870304,0.03481009789017798,0.04342237597322644,0.05427643379260087,0.1365602078239608,0.0327781173594132
EU Power Grid,seamless,3.0,74,0.030683212713095716,0.001609967320612455,0.030459714306058656,0.038904272522459135,0.04379060663626871,0.056532572210020185,0.0615525672371638,0.0357579462102689
EU Power Grid,seamless,3.0,75,0.03002241229064038,0.002543736579935089,0.029558104601466337,0.03733780767499757,0.04584581443142075,0.05231059002734594,0.168413814180929,0.0377444987775061
EU Power Grid,seamless,3.0,76,0.030039677751713362,0.0022344381772847637,0.030332153359463133,0.03911770062664059,0.045858801955990146,0.05321252449427823,0.0785223105134474,0.0397310513447432
EU Power Grid,seamless,3.0,77,0.0288871645871131,0.002468535061793457,0.03100855287114082,0.03276632618955391,0.04106565968458811,0.05452454712158256,0.1898456601466992,0.0327781173594132
EU Power Grid,seamless,3.0,78,0.0291397260284528,0.002661118947590416,0.02973807113386302,0.035304488224325775,0.04048511755048873,0.0549290620893834,0.1133099022004889,0.0357579462102689
EU Power Grid,seamless,3.0,79,0.028656573919314584,0.0028548488046497957,0.030114282049492423,0.0333367230089708,0.04064512864521764,0.05063639720863887,0.2550580684596576,0.030791564792176
EU Power Grid,seamless,3.0,80,0.028694398560188347,0.002814276868431687,0.027189920006523486,0.03249916985221858,0.044892104049051224,0.04851326078303884,0.146997249388753,0.0327781173594132
EU Power Grid,seamless,3.0,81,0.030544117605163547,0.0019677152632583566,0.029685543573609655,0.03982697305722701,0.04994815869460395,0.05056409729026396,0.0551803178484107,0.0317848410757946
EU Power Grid,seamless,3.0,82,0.028881859726765827,0.003253601268692333,0.02932898613866082,0.031779326150030894,0.04971282059203413,0.05120843520782389,0.1823502444987775,0.0317848410757946
EU Power Grid,seamless,3.0,83,0.027992191388012476,0.0028889319631899145,0.028538621749922628,0.032762703122750446,0.04343998452371397,0.05108278030038408,0.1517955378973105,0.0327781173594132
EU Power Grid,seamless,3.0,84,0.028314072706908524,0.002605550725183204,0.02750957818611615,0.03255744454055229,0.044249348215814756,0.05281975353075533,0.1201635085574572,0.0327781173594132
EU Power Grid,seamless,3.0,85,0.0259382693711292,0.00436413849254771,0.02329707310544172,0.03182029811630968,0.04161185131448786,0.05875521357687324,0.2804324572127139,0.0238386308068459
EU Power Grid,seamless,3.0,86,0.031230349482588373,0.0024661520487047083,0.03241482493567924,0.04130008073307034,0.04722307961521818,0.054201868279692034,0.1369498777506112,0.0417176039119804
EU Power Grid,seamless,3.0,87,0.03126190543298022,0.0020725754283772344,0.03380057805258078,0.038341066626073804,0.04532469088120721,0.05789168970821808,0.1326864303178484,0.0387377750611246
EU Power Grid,seamless,3.0,88,0.0291083066839068,0.00245484412035361,0.02844880582445374,0.03463912823505441,0.043101507121150115,0.05082263651181736,0.1444223716381417,0.0347646699266503
EU Power Grid,seamless,3.0,89,0.030405060443299686,0.002425853324178312,0.03195371401308185,0.03805639026867652,0.044608724669644814,0.05547066014669908,0.1135544009779951,0.0387377750611246
EU Power Grid,seamless,3.0,90,0.030780893482093695,0.0018863664820533846,0.03131598451353091,0.04093638423176926,0.04415665482624085,0.04559863017992594,0.1102231051344743,0.0417176039119804
EU Power Grid,seamless,3.0,91,0.03202437855081786,0.0016334483476717141,0.03249474770749813,0.04087975676223696,0.0461277920409146,0.057961888963508464,0.0787744498777506,0.0417176039119804
EU Power Grid,seamless,3.0,92,0.03003121577848418,0.0025781384854488654,0.029962503195265295,0.03905696624588568,0.044761227212998626,0.0547313438967428,0.1123471882640586,0.030791564792176
EU Power Grid,seamless,3.0,93,0.029011012964805412,0.002276277512183826,0.028664878303824907,0.0336149143832117,0.04671120685388471,0.058888279722946725,0.1043016503667481,0.0337713936430317
EU Power Grid,seamless,3.0,94,0.027569510133304827,0.003563021098761191,0.026143198135498143,0.03302809189079052,0.046324227253322546,0.054371928749766665,0.2491213325183373,0.0268184596577017
EU Power Grid,seamless,3.0,95,0.03072124226273822,0.0027925034144455955,0.033693108942242096,0.0350525900515189,0.04707723093540523,0.05338528932355334,0.2268413814180929,0.0347646699266503
EU Power Grid,seamless,3.0,96,0.027204506902401438,0.003904201787990692,0.026293910932116485,0.030444461061750187,0.042308564801652696,0.05323405201155805,0.2113080684596577,0.0268184596577017
EU Power Grid,seamless,3.0,97,0.027903367231353914,0.0025130154430456626,0.029812062149574298,0.03162186301781056,0.04535618594575413,0.056874399117921845,0.1763218215158924,0.0317848410757946
EU Power Grid,seamless,3.0,98,0.03104886102716008,0.002204992028289959,0.033368378346853,0.038727627162844884,0.04510175146715845,0.050276909005833426,0.0858496332518337,0.0387377750611246
EU Power Grid,seamless,3.0,99,0.02710858683097221,0.0037062523281372285,0.028090158481913725,0.035613863771181725,0.04105955837408307,0.04312114648665883,0.2656632029339853,0.0288050122249388
EU Power Grid,seamless,3.0,100,0.02836898066772743,0.003137099249821394,0.023813219931226478,0.03853168255302153,0.043352712082288754,0.0537669372155422,0.1680929095354523,0.0238386308068459
EU Power Grid,seamless,4.0,1,0.02451973908937274,0.0030283078720274473,0.023426412861740256,0.02755199171286572,0.036650738859107815,0.04672077334057764,0.2942466381418093,0.0238386308068459
EU Power Grid,seamless,4.0,2,0.024614748455162958,0.003180190804974103,0.02501788326298551,0.02903466480349092,0.038882627852485585,0.05373864889210402,0.2193612469437652,0.0258251833740831
EU Power Grid,seamless,4.0,3,0.027195415024438604,0.002075231653157696,0.026537152213873948,0.03788196784137595,0.041680328643058706,0.04817126040310894,0.1008786674816625,0.0387377750611246
EU Power Grid,seamless,4.0,4,0.02691242842554214,0.001714926145508889,0.02800144722403034,0.03473798896045885,0.03889481794063732,0.047716298672873414,0.1079003667481662,0.0347646699266503
EU Power Grid,seamless,4.0,5,0.027094599910199687,0.0015551959656393884,0.026132931468809947,0.03544119170442635,0.03862989142423926,0.05166204090624985,0.0805699877750611,0.0387377750611246
EU Power Grid,seamless,4.0,6,0.02537032297778507,0.002314823128355121,0.02398198310797901,0.031828416063560086,0.039582232946849094,0.05431399285311264,0.0849098410757946,0.0148991442542787
EU Power Grid,seamless,4.0,7,0.026484002136095038,0.0019876445383254665,0.026863120588742045,0.03356183313587239,0.03666365946834405,0.04798216563295711,0.0832365525672371,0.0367512224938875
EU Power Grid,seamless,4.0,8,0.026580461041694002,0.0018691996807579606,0.025763445900815574,0.03451861533763431,0.040019563968144614,0.045698784463394614,0.0784229828850855,0.0357579462102689
EU Power Grid,seamless,4.0,9,0.026111895401207324,0.0023629235645224156,0.02803027178845114,0.02897287008707633,0.038423957336734975,0.04317254382037932,0.2299511002444987,0.0288050122249388
EU Power Grid,seamless,4.0,10,0.023834691129278673,0.004147102160343203,0.020518501014061923,0.030129650222066425,0.03942199235721437,0.052604834982688815,0.2741060513447432,0.0208588019559902
EU Power Grid,seamless,4.0,11,0.024501289710969053,0.0031004054017827612,0.02518603342701424,0.027685290222105294,0.03933880048409114,0.04608335031241504,0.1808374083129584,0.0258251833740831
EU Power Grid,seamless,4.0,12,0.02838896306729015,0.001968792931597864,0.029304041184936243,0.03546843603128532,0.042700486249525944,0.05265247215430585,0.0939257334963325,0.042710880195599
EU Power Grid,seamless,4.0,13,0.026594903315286033,0.0024636476081974197,0.02858800738518396,0.030709653726021087,0.03972917458275242,0.04581499913872663,0.2204614914425427,0.030791564792176
EU Power Grid,seamless,4.0,14,0.027492403722534923,0.002098234559756473,0.028304661671770457,0.03241316888003006,0.04267676916673888,0.053257304326049845,0.0731891809290953,0.030791564792176
EU Power Grid,seamless,4.0,15,0.027264438922662254,0.0018118631715683333,0.028018375468045517,0.033905822012243236,0.03745610216352986,0.04362393031784839,0.1234336797066014,0.0337713936430317
EU Power Grid,seamless,4.0,16,0.025215184272178934,0.0021315360292897705,0.026938443188148746,0.029154380377429914,0.03653769509540152,0.04306085330571308,0.15880195599022,0.0278117359413202
EU Power Grid,seamless,4.0,17,0.026192545974755725,0.0022369805638603525,0.027748721259506382,0.032214790908168804,0.03929779674607271,0.04359269973452112,0.1556234718826405,0.0288050122249388
EU Power Grid,seamless,4.0,18,0.025654986792900056,0.0020799597332669135,0.025243467818425958,0.03340744212235619,0.03756768759334095,0.04152036141145876,0.0939410146699266,0.0258251833740831
EU Power Grid,seamless,4.0,19,0.026236669662966,0.0020072702448462286,0.026124830968023906,0.03470363841016154,0.03951054269331031,0.050377430151684,0.1073426039119804,0.0268184596577017
EU Power Grid,seamless,4.0,20,0.027295205594833623,0.0019660532254671646,0.027251491837541934,0.03515174237386881,0.036670773412047,0.04638836738852013,0.0889517114914425,0.0357579462102689
EU Power Grid,seamless,4.0,21,0.02558599325153104,0.002639337904390649,0.02302402103599398,0.03296732839266168,0.03696795712156305,0.05694030226214885,0.107067542787286,0.0337713936430317
EU Power Grid,seamless,4.0,22,0.02471880416363402,0.004007369558463749,0.023308351247966232,0.03073447994828987,0.03894782731353893,0.0471916598750339,0.2911674816625916,0.0238386308068459
EU Power Grid,seamless,4.0,23,0.026211981950935038,0.002395306739203038,0.027337245176105147,0.03189997182175832,0.03672393856092521,0.04626198112052105,0.1420767114914425,0.0288050122249388
EU Power Grid,seamless,4.0,24,0.02563089103953447,0.0025385835038610016,0.026756588211343746,0.031530775651814405,0.04265630457561992,0.048068706824309235,0.1636537286063569,0.0317848410757946
EU Power Grid,seamless,4.0,25,0.02508943100185834,0.0033066802290195674,0.025958836668232656,0.02826113389594333,0.03986380633176538,0.0454020646563433,0.1726619804400977,0.0268184596577017
EU Power Grid,seamless,4.0,26,0.025290287130543005,0.003340285267099212,0.026855791913063608,0.02876794732296815,0.038733304200133066,0.04758407865846459,0.2063264058679706,0.0288050122249388
EU Power Grid,seamless,4.0,27,0.02633337901261568,0.0027413900604558966,0.025480948911472207,0.03013926243906516,0.0397053495300795,0.04373337048755929,0.1343062347188263,0.0297982885085574
EU Power Grid,seamless,4.0,28,0.024209863906484382,0.002539213408594654,0.0243101268468016,0.031618567673308354,0.038794253730524975,0.044298617285322604,0.1072279951100244,0.0278117359413202
EU Power Grid,seamless,4.0,29,0.023849482506698994,0.004400984124859501,0.02242646928410862,0.027942698240654616,0.03949392698605146,0.046791950143510064,0.2738080684596576,0.0228453545232273
EU Power Grid,seamless,4.0,30,0.027163942555396985,0.002123559765734735,0.028028243992772168,0.033992870769303934,0.037344133707667516,0.04698893857504388,0.1165418704156479,0.0347646699266503
EU Power Grid,seamless,4.0,31,0.025333811270874237,0.0019764883942475376,0.02378812385902559,0.030561975059595167,0.03574845097306842,0.05028984463554685,0.113088325183374,0.030791564792176
EU Power Grid,seamless,4.0,32,0.02501240048322502,0.002390677318871373,0.026128090923389857,0.029320268604439318,0.03797754128313191,0.044412735738868975,0.1329767726161369,0.0297982885085574
EU Power Grid,seamless,4.0,33,0.02571753709187304,0.0021947238222100687,0.026924520149238556,0.02950139572655907,0.03681428765475217,0.042700897519381685,0.1852231051344743,0.0278117359413202
EU Power Grid,seamless,4.0,34,0.02352208382947326,0.0036738919210975627,0.021331976878501423,0.028950936425784207,0.0390791263473259,0.045351266583830936,0.2588860024449878,0.0218520782396088
EU Power Grid,seamless,4.0,35,0.025022069141425893,0.002858514394846822,0.026194662287728116,0.02909892772197252,0.03943467051817958,0.04129855758163952,0.2513600244498777,0.0268184596577017
EU Power Grid,seamless,4.0,36,0.025018479443365438,0.002136377947603866,0.026817431257599198,0.02892528006378419,0.03547703370151486,0.044485596588604646,0.1571515892420537,0.0288050122249388
EU Power Grid,seamless,4.0,37,0.025913619605166544,0.0022256878139365636,0.0242744756020932,0.033644263783764734,0.03723431903673813,0.04595594358540461,0.116434902200489,0.0347646699266503
EU Power Grid,seamless,4.0,38,0.025928486874723457,0.002530925987279624,0.02712820375215638,0.03021013477249682,0.03821485976895507,0.04977813180198571,0.2579232885085574,0.0278117359413202
EU Power Grid,seamless,4.0,39,0.026154599906463464,0.002171872699884459,0.027322393815943403,0.03325684964765919,0.03649963525542438,0.04453188671556635,0.1338095965770171,0.0337713936430317
EU Power Grid,seamless,4.0,40,0.025816462491910996,0.002193782759716424,0.028022794830958382,0.029282105012591438,0.03582700836495812,0.049646422183745015,0.1526436430317848,0.0288050122249388
EU Power Grid,seamless,4.0,41,0.026098470082245542,0.0026406128922852614,0.02607323933938179,0.02874066203728535,0.040548484458534574,0.05321027715331215,0.275236858190709,0.0268184596577017
EU Power Grid,seamless,4.0,42,0.026264415828101295,0.0027665255360927008,0.027987359330432587,0.031601805889660044,0.039021212319855524,0.050284611858190616,0.2063798899755501,0.0288050122249388
EU Power Grid,seamless,4.0,43,0.026694974686586433,0.003044639859820434,0.025272839216806703,0.03371375273952638,0.04535407932005226,0.04902054954010939,0.2607808679706601,0.0258251833740831
EU Power Grid,seamless,4.0,44,0.02748718993275156,0.001983728504077704,0.02770965371315059,0.03461120396864473,0.04252859695605012,0.0502720769603594,0.0696897921760391,0.0337713936430317
EU Power Grid,seamless,4.0,45,0.026856602169870555,0.001893902571216226,0.026421473772264732,0.032340550714647295,0.03999080963578165,0.05458501126612012,0.123044009779951,0.0327781173594132
EU Power Grid,seamless,4.0,46,0.02619815440364933,0.0023671735241711394,0.02708849291752177,0.030616043946888282,0.039396402596844356,0.047083980374016995,0.169338325183374,0.030791564792176
EU Power Grid,seamless,4.0,47,0.025169937380347226,0.002717021095398598,0.026880958442909136,0.028153954949716162,0.03782495106216055,0.04783936901903023,0.1855134474327628,0.0278117359413202
EU Power Grid,seamless,4.0,48,0.025554839529463087,0.0027355084198705964,0.028887185390390414,0.031888560424319215,0.03726683295145895,0.04545627116584905,0.2262224938875305,0.0297982885085574
EU Power Grid,seamless,4.0,49,0.02551664301712008,0.0029584112142330703,0.02435105539028426,0.03003478286179992,0.04202683143423902,0.04658176897873894,0.2622172982885085,0.0248319070904645
EU Power Grid,seamless,4.0,50,0.026652945621345906,0.001686550075639926,0.025635555640918555,0.03302403555532289,0.04022087838376636,0.045640886223263566,0.0650748777506112,0.0258251833740831
EU Power Grid,seamless,4.0,51,0.027049482035000166,0.0023099204963317574,0.028237005987695008,0.030476984745538952,0.03958551456317698,0.05427056108253937,0.1399908312958435,0.030791564792176
EU Power Grid,seamless,4.0,52,0.022539614586104297,0.00514324716672469,0.018738433607472613,0.025802472457742805,0.03935431931221249,0.04653957727366857,0.2996103300733496,0.018872249388753
EU Power Grid,seamless,4.0,53,0.026451057359603684,0.0022184856501746924,0.025655400225332473,0.03056996711685035,0.040937358112904235,0.048971630377022665,0.1927032396088019,0.030791564792176
EU Power Grid,seamless,4.0,54,0.02590512727508273,0.0020619049939734463,0.026747160932041887,0.03169337782215896,0.038292495502294716,0.04453698680195184,0.1373395476772616,0.0317848410757946
EU Power Grid,seamless,4.0,55,0.02596996951658057,0.003297262014869431,0.024312658926131114,0.032293895171149126,0.04073781101682718,0.04853156780411748,0.2113233496332518,0.0248319070904645
EU Power Grid,seamless,4.0,56,0.02555171277343581,0.001714865431799622,0.027300029290193265,0.03146188545994885,0.03466114813613705,0.04529019441596323,0.0970201711491442,0.0317848410757946
EU Power Grid,seamless,4.0,57,0.02573595611342211,0.0026469271180491133,0.025780619859809447,0.029483848394928347,0.04084355924420759,0.05467148860313085,0.1769559902200488,0.0297982885085574
EU Power Grid,seamless,4.0,58,0.025741382401187902,0.0021779592492385436,0.024448592696529846,0.029579782932652135,0.03668262211746492,0.05897612712566685,0.1220736552567237,0.0297982885085574
EU Power Grid,seamless,4.0,59,0.026448864076856395,0.0028552965682556415,0.02536789262763308,0.031579920801164056,0.04042184044113002,0.05029392024320146,0.1230516503667481,0.0317848410757946
EU Power Grid,seamless,4.0,60,0.028303098703958397,0.0023200141504975008,0.031614205909531,0.03371908477054914,0.04127773515655505,0.04956690917764914,0.1854446821515892,0.0337713936430317
EU Power Grid,seamless,4.0,61,0.027128629944244205,0.0025035820504682046,0.02764842700279733,0.031609094574207956,0.04024103619757706,0.053681427258901834,0.1564944987775061,0.0317848410757946
EU Power Grid,seamless,4.0,62,0.024183908795772462,0.0024697569251924717,0.025053122425524026,0.028058993753885274,0.034376167563936445,0.04561666735442685,0.2550886308068459,0.0258251833740831
EU Power Grid,seamless,4.0,63,0.025973430198008827,0.0016460692099857274,0.026522597605544453,0.03225119301560255,0.036915771821660844,0.040038680219984635,0.0846500611246943,0.0297982885085574
EU Power Grid,seamless,4.0,64,0.025731744099841664,0.002406774041040958,0.025577722490656672,0.029519659259495734,0.04153396867984584,0.04852908540621614,0.1591075794621027,0.0297982885085574
EU Power Grid,seamless,4.0,65,0.0255106854843982,0.002774410729083827,0.02584402022461871,0.02675174003246143,0.03986867396235299,0.05345715861414085,0.2054859413202933,0.0268184596577017
EU Power Grid,seamless,4.0,66,0.026071042664083867,0.0025601444598646775,0.0271585488200276,0.030919940295874797,0.03788044387592628,0.04606537396529878,0.1786827628361858,0.0297982885085574
EU Power Grid,seamless,4.0,67,0.024707352040223417,0.002784807951795915,0.025036536189355352,0.02944477207098451,0.036481595056270334,0.045428562902952,0.1360864914425427,0.0258251833740831
EU Power Grid,seamless,4.0,68,0.02710346411175277,0.0019158126310481883,0.026964303178484084,0.034646069773382394,0.03944106800019681,0.04844922153987308,0.1021240831295843,0.0377444987775061
EU Power Grid,seamless,4.0,69,0.025179287291574436,0.00342813041519583,0.023495067109187313,0.031791920618343184,0.03712525411615862,0.04951036091796862,0.2301573960880195,0.0238386308068459
EU Power Grid,seamless,4.0,70,0.027292526602412194,0.002012726889466665,0.027155175738316852,0.03522110425906706,0.039650631259851236,0.04818794015004282,0.1516350855745721,0.0357579462102689
EU Power Grid,seamless,4.0,71,0.026699846961755147,0.0019270143104080713,0.028752692803774533,0.03197925114976172,0.03952035637549074,0.04988633614694108,0.1397157701711491,0.030791564792176
EU Power Grid,seamless,4.0,72,0.02632403669060213,0.002395253614707423,0.027124597787715556,0.03178907736009099,0.03946403170183215,0.04880733121005445,0.1201176650366748,0.030791564792176
EU Power Grid,seamless,4.0,73,0.027278319594443563,0.0019069560187087759,0.028343721328018205,0.034188318944548615,0.03999016689699148,0.05243421730933508,0.1404416259168704,0.0347646699266503
EU Power Grid,seamless,4.0,74,0.02493633379472632,0.003519208568310949,0.023354514229759035,0.03034626152155237,0.03931943765281164,0.04549310639465581,0.2804783007334963,0.0238386308068459
EU Power Grid,seamless,4.0,75,0.027042082551683187,0.0015774247724449932,0.0284326862112104,0.03253227505796345,0.03832879536593036,0.04827537395343472,0.1580761002444987,0.0327781173594132
EU Power Grid,seamless,4.0,76,0.025724815147771498,0.0028181321889701933,0.02664645327687994,0.02892928711455847,0.037982790712530946,0.0517683526050601,0.213669009779951,0.0278117359413202
EU Power Grid,seamless,4.0,77,0.026381411145860054,0.002261508902404465,0.027683105849763218,0.032960121395685014,0.03672911260601191,0.046368292867837856,0.109038814180929,0.0327781173594132
EU Power Grid,seamless,4.0,78,0.024943953365239403,0.003039517140600978,0.025298515949280675,0.02959075293882297,0.03772469712812206,0.051128475819485125,0.1627215770171149,0.0297982885085574
EU Power Grid,seamless,4.0,79,0.02788047057374635,0.0016000178615062281,0.03028013317380216,0.034376270889169565,0.040244077832695416,0.04555130184875381,0.140166564792176,0.0347646699266503
EU Power Grid,seamless,4.0,80,0.02650646620852407,0.002034735609076185,0.029897586519833468,0.030778560199050637,0.035802695584269406,0.04444992696399776,0.2007105745721271,0.030791564792176
EU Power Grid,seamless,4.0,81,0.025003938509995837,0.002839131543163137,0.02520702182775057,0.026874702705403944,0.04078959048519151,0.043896881728277874,0.2676115525672371,0.0258251833740831
EU Power Grid,seamless,4.0,82,0.023731189433404652,0.002175356148953689,0.0263190899207501,0.027771037776797604,0.034576661729140395,0.040676554821133644,0.1771393643031784,0.0278117359413202
EU Power Grid,seamless,4.0,83,0.02635472747063691,0.0015775917351454867,0.02712428673049218,0.033330221250595024,0.036671665600005295,0.050337108842979164,0.0651589242053789,0.0337713936430317
EU Power Grid,seamless,4.0,84,0.025855402747192526,0.0024312037198075238,0.026860247115274096,0.030364295449104656,0.03843736955095704,0.04877348249813369,0.1613691931540342,0.030791564792176
EU Power Grid,seamless,4.0,85,0.024889280670043906,0.0028920207731489046,0.023979355881374426,0.030654445843932347,0.038275056140009756,0.045957283638072444,0.1507258557457212,0.0258251833740831
EU Power Grid,seamless,4.0,86,0.025418613144293813,0.002161596904590916,0.02631841112521903,0.029320830874293834,0.035422456308021995,0.050221077693933254,0.1508863080684596,0.0288050122249388
EU Power Grid,seamless,4.0,87,0.027477627523541912,0.002692409275504229,0.02955743336348341,0.031160089273200096,0.04142121892854465,0.05215538191887348,0.2168551344743276,0.030791564792176
EU Power Grid,seamless,4.0,88,0.026860806594237324,0.0022300136657218824,0.028092208651671162,0.03503330670216487,0.03953827574384682,0.04786177419485416,0.1188111246943765,0.0357579462102689
EU Power Grid,seamless,4.0,89,0.026684691302079223,0.0015915103529950969,0.026296311841296993,0.03610066917464003,0.03890383320246635,0.042481662591686994,0.0607121026894865,0.0248319070904645
EU Power Grid,seamless,4.0,90,0.025046430517269538,0.002498398617539485,0.024840016792322915,0.031116459561595464,0.037878375146167695,0.04835093635637422,0.1285681540342298,0.030791564792176
EU Power Grid,seamless,4.0,91,0.026001335736630965,0.0022647570858502935,0.02596247054871085,0.03030835308281212,0.03870369205139256,0.05436726952394646,0.1515433985330073,0.030791564792176
EU Power Grid,seamless,4.0,92,0.025607728759448858,0.0025748675343620748,0.02689661100676555,0.029048035124462787,0.0405740932394358,0.04997358595119894,0.1377521393643031,0.0278117359413202
EU Power Grid,seamless,4.0,93,0.02346744908034603,0.005190786001081252,0.019551305364119802,0.029535595996068562,0.036370029853434564,0.04938169612537346,0.3545614303178483,0.0198655256723716
EU Power Grid,seamless,4.0,94,0.025494414210314457,0.003944500512517096,0.023395980031663738,0.030108318470553695,0.038639500726941056,0.04893265247215426,0.2499923594132029,0.0238386308068459
EU Power Grid,seamless,4.0,95,0.026548510452191906,0.0020568050423949635,0.027430803830522092,0.03206193075075131,0.038646395963770674,0.05126409263787004,0.1107808679706601,0.0327781173594132
EU Power Grid,seamless,4.0,96,0.026495294886018813,0.0026506610111690708,0.027905309442775292,0.03126936160370265,0.04091550214320052,0.04414636852329431,0.164127444987775,0.0288050122249388
EU Power Grid,seamless,4.0,97,0.024922141965185003,0.002550240536040393,0.024933148903890742,0.02971321131081705,0.03539018008821647,0.05001793116584584,0.1559138141809291,0.0258251833740831
EU Power Grid,seamless,4.0,98,0.02695220349432609,0.0019448944977873916,0.02597449346621275,0.03443941362802172,0.03899797272084243,0.047403733955659236,0.1097952322738386,0.0357579462102689
EU Power Grid,seamless,4.0,99,0.02733680207489563,0.0018550002620029888,0.026749039706861842,0.03248920271994783,0.040960020305830604,0.04858189065909507,0.0996790953545232,0.0327781173594132
EU Power Grid,seamless,4.0,100,0.02541277703899048,0.003164921307093285,0.025917830355867116,0.027991821471940313,0.038350627179568046,0.053971251058617484,0.2313569682151589,0.0268184596577017
EU Power Grid,seamless,5.0,1,0.02277853821049978,0.002450465144072683,0.023870153116079398,0.025817324521168653,0.03435346727170931,0.04133943711205608,0.1379889975550122,0.0248319070904645
EU Power Grid,seamless,5.0,2,0.025399131632832563,0.0018508110160635226,0.026436391748505646,0.03320705586774402,0.03571388435994873,0.04616898896901424,0.1389211491442542,0.0337713936430317
EU Power Grid,seamless,5.0,3,0.02421453127288433,0.0021076375954793033,0.02493028599147905,0.02936521013237943,0.0354942936622282,0.04492275932717548,0.1446439486552567,0.0297982885085574
EU Power Grid,seamless,5.0,4,0.024323041849772926,0.0019304522241953524,0.022536570835324548,0.029562251540405586,0.03630009781925248,0.049234986246943696,0.1006036063569682,0.0297982885085574
EU Power Grid,seamless,5.0,5,0.022257136464522955,0.003847237150270339,0.01944180131332174,0.02488911980440091,0.035030414897267534,0.047554064555258534,0.2396317237163814,0.0198655256723716
EU Power Grid,seamless,5.0,6,0.023322882149366127,0.0014782868744246057,0.024068736205883175,0.028146865744329723,0.031407231910121375,0.04278058379444943,0.0915265892420537,0.0218520782396088
EU Power Grid,seamless,5.0,7,0.025341658517797096,0.0015661851470168276,0.02486279926583877,0.032366260273493826,0.034410792999798365,0.04742238777295981,0.1192466381418092,0.0327781173594132
EU Power Grid,seamless,5.0,8,0.025484335734576036,0.0017722322978438844,0.025431379419373523,0.03377607614760975,0.041116917804135886,0.04801382630483538,0.0563951711491442,0.018872249388753
EU Power Grid,seamless,5.0,9,0.023044266937536934,0.001961621124690628,0.02384609244927697,0.02727631635458748,0.03419088411232693,0.0403677172162919,0.095377444987775,0.0278117359413202
EU Power Grid,seamless,5.0,10,0.02312783935834383,0.0020626335584846556,0.023274553061030722,0.025726658103014083,0.037355783924205355,0.04453307039516889,0.1956830684596577,0.0258251833740831
EU Power Grid,seamless,5.0,11,0.020934321345426943,0.0032701078083994745,0.019388292611121405,0.023403129574579868,0.032630663204864636,0.038607794893150235,0.2918551344743276,0.0198655256723716
EU Power Grid,seamless,5.0,12,0.022180553709495485,0.0031739676497741717,0.019224785169364576,0.026788574062961316,0.03649570744184862,0.040470383206336294,0.1718749999999999,0.0198655256723716
EU Power Grid,seamless,5.0,13,0.023644725522193873,0.002270843635204373,0.02297206819085856,0.028604207556365384,0.0316223526072343,0.046999496620163866,0.1464624083129584,0.0238386308068459
EU Power Grid,seamless,5.0,14,0.021888103361166922,0.002817426392099953,0.019491982602219685,0.02381647109973104,0.03753610189118512,0.04449245530997599,0.1577169926650366,0.0208588019559902
EU Power Grid,seamless,5.0,15,0.023357853245904284,0.0031902616914988727,0.023879743286448724,0.025506082258681128,0.03888770355676513,0.04733885567509287,0.2305394254278728,0.0248319070904645
EU Power Grid,seamless,5.0,16,0.024029733920300948,0.0017854678864642317,0.024327894677187413,0.028582045192857036,0.03242067152192264,0.04338949726437028,0.1160070293398533,0.0288050122249388
EU Power Grid,seamless,5.0,17,0.023031130008694143,0.0029430354673610445,0.02411512299273211,0.027914968545452036,0.03386553503881167,0.04394015229363903,0.2302796454767726,0.0248319070904645
EU Power Grid,seamless,5.0,18,0.02368498630065198,0.002341332251664103,0.02264661171460552,0.027438225943785005,0.03517189817606124,0.04561565671699833,0.1270018337408313,0.0278117359413202
EU Power Grid,seamless,5.0,19,0.023610035226561084,0.0015080897164613581,0.02512810138527789,0.02744079419077258,0.03516652979712192,0.044866244513618,0.0615372860635696,0.0268184596577017
EU Power Grid,seamless,5.0,20,0.023378070911090402,0.00230890354170152,0.02491482693986193,0.028525773186512886,0.03338571983918317,0.045597589394865426,0.1984031173594131,0.0258251833740831
EU Power Grid,seamless,5.0,21,0.02396192429626267,0.0022634213842464028,0.024881860884097634,0.025725250010865522,0.03758560307359868,0.046706727009294194,0.1878361858190708,0.0258251833740831
EU Power Grid,seamless,5.0,22,0.021881060570891887,0.003039676514087799,0.021319548701254486,0.025119072115035418,0.036009935021137626,0.048838450877131616,0.217481662591687,0.0218520782396088
EU Power Grid,seamless,5.0,23,0.025156451347676145,0.00224387156986222,0.027058715832834524,0.029592874735942548,0.03321690534404465,0.0470764181474851,0.1518413814180929,0.0297982885085574
EU Power Grid,seamless,5.0,24,0.024055415819321156,0.0025145560534183377,0.023240632757833574,0.028360322503058314,0.035721962078084896,0.04716967553689281,0.1450030562347188,0.0288050122249388
EU Power Grid,seamless,5.0,25,0.02420931748310098,0.0019588965969872365,0.024442277269313892,0.031929673111633174,0.03476466992665028,0.04346761937959401,0.1084046454767726,0.0327781173594132
EU Power Grid,seamless,5.0,26,0.024028899106798524,0.0027692576530097424,0.024098669171047436,0.026578651522694986,0.03867853790058715,0.04749856847352711,0.2631341687041564,0.0248319070904645
EU Power Grid,seamless,5.0,27,0.0242593835256058,0.0024276595570290284,0.02415736985103925,0.030041908904086367,0.03437834639224692,0.045939028117359317,0.1672066014669926,0.0248319070904645
EU Power Grid,seamless,5.0,28,0.023590348806331048,0.002688796809802805,0.02291211415472753,0.029367104402889116,0.03656815514964392,0.04283615828542474,0.1447127139364303,0.0238386308068459
EU Power Grid,seamless,5.0,29,0.022530499940500496,0.0027317138130413723,0.023120813422505476,0.025140449723415788,0.035803305518654086,0.04195400868402851,0.2584886919315403,0.0238386308068459
EU Power Grid,seamless,5.0,30,0.02366976992726678,0.0021605495931060433,0.02501996581730738,0.026197447542555007,0.035216914864803744,0.040944303636658914,0.1864838019559902,0.0258251833740831
EU Power Grid,seamless,5.0,31,0.024548062034746115,0.0016305796249088203,0.026862404797896863,0.031367394133446996,0.03506273572294486,0.0382974567085926,0.0927872860635696,0.0278117359413202
EU Power Grid,seamless,5.0,32,0.023075572443878055,0.0032494955041031124,0.023681403228423676,0.02961105022061088,0.03680909277110952,0.04390940253421702,0.1693077628361858,0.0248319070904645
EU Power Grid,seamless,5.0,33,0.023032109017256084,0.002440432203616204,0.022083342685766495,0.024529098188503923,0.03210961662798997,0.04914460157812831,0.2224480440097799,0.0228453545232273
EU Power Grid,seamless,5.0,34,0.02444106171137556,0.0016713185238274046,0.026541085419301027,0.031929421344823156,0.03706366728494376,0.04033596130893746,0.0709275672371638,0.0327781173594132
EU Power Grid,seamless,5.0,35,0.024761273403266747,0.0018835281161451265,0.024884011848253566,0.030739515180730752,0.032637669411193525,0.04605629712361903,0.1291946821515892,0.030791564792176
EU Power Grid,seamless,5.0,36,0.02298691524991998,0.0028715830207666857,0.022341959399896836,0.027835410540972313,0.03484846991087619,0.04355853091066494,0.2705226161369193,0.0228453545232273
EU Power Grid,seamless,5.0,37,0.025341127272840994,0.0016190971446435802,0.02503939294516424,0.03234716973310484,0.04171953635611193,0.04645873162176588,0.0657701711491442,0.0327781173594132
EU Power Grid,seamless,5.0,38,0.023045466033294968,0.0033944039496976476,0.022234878624686934,0.026284243578782077,0.0361955054978823,0.045305048689619966,0.28010391198044,0.0228453545232273
EU Power Grid,seamless,5.0,39,0.023211639455560484,0.0022205802731444227,0.020839957188553956,0.02751559598727911,0.035487992057763956,0.04649951973454412,0.130562347188264,0.0258251833740831
EU Power Grid,seamless,5.0,40,0.022318434543242286,0.0030969067742862245,0.023070884903380322,0.02513954974490451,0.03606078722497132,0.042664490918616814,0.2628667481662591,0.0238386308068459
EU Power Grid,seamless,5.0,41,0.025481656742154603,0.0015079531106155018,0.02534404760351255,0.03299589645673658,0.03614923686745197,0.04160232378752282,0.1123242665036674,0.0347646699266503
EU Power Grid,seamless,5.0,42,0.021092313595368662,0.0029982545859399586,0.020132643965864186,0.025263438088394964,0.03323235956228751,0.03928669090207161,0.2052261613691931,0.0208588019559902
EU Power Grid,seamless,5.0,43,0.024901415822683768,0.0016374858093380197,0.0241207776153856,0.03239735288648957,0.037548867768268185,0.04415613291762673,0.0560513447432762,0.018872249388753
EU Power Grid,seamless,5.0,44,0.023499278242429596,0.002312796808308305,0.02395266892903685,0.02786037745919329,0.03399868727167215,0.042548523661980794,0.1858954767726161,0.0268184596577017
EU Power Grid,seamless,5.0,45,0.02300938691156266,0.0021748628500658975,0.022965403623009074,0.02405131813190328,0.03333664657664548,0.04669115699999111,0.1533312958435207,0.0238386308068459
EU Power Grid,seamless,5.0,46,0.022491309241168232,0.0038884845265040454,0.018531911785675717,0.029395126798611632,0.035632215035127306,0.0416396998897358,0.3259856356968215,0.018872249388753
EU Power Grid,seamless,5.0,47,0.022540813681862334,0.002491363416478092,0.02364343333392815,0.026736669483598877,0.030504546024033463,0.0389940403422982,0.1608419926650366,0.0248319070904645
EU Power Grid,seamless,5.0,48,0.023562428089281596,0.002075633881481597,0.02299665485382425,0.026921310453372895,0.036732963738673914,0.04625294090510672,0.1188646088019559,0.0238386308068459
EU Power Grid,seamless,5.0,49,0.024761690810017962,0.00231527848117463,0.024978340361406497,0.031950717148921524,0.036328003374066394,0.04018014614983098,0.145148227383863,0.0278117359413202
EU Power Grid,seamless,5.0,50,0.024048752489729038,0.002273590930548736,0.023658639428810507,0.027799462488537614,0.03678847691339987,0.04531326405867963,0.1515433985330073,0.0278117359413202
EU Power Grid,seamless,5.0,51,0.0237598614826063,0.002192970713854966,0.022985024368587622,0.0294826829797302,0.03385852314159471,0.04470357167682632,0.1268490220048899,0.0297982885085574
EU Power Grid,seamless,5.0,52,0.022408867613196444,0.003090273801548725,0.022185858160728794,0.02709100072920684,0.036096997249388654,0.0441707963440048,0.2885161980440097,0.0228453545232273
EU Power Grid,seamless,5.0,53,0.02521917619856328,0.002402357118691735,0.0250542571044566,0.03164511169506047,0.03773988627344849,0.04697833024430877,0.0991213325183374,0.0258251833740831
EU Power Grid,seamless,5.0,54,0.022218044424968254,0.0031683592208805694,0.019442649270258773,0.027588836968920127,0.03454940208059461,0.041886672215574974,0.2338936430317848,0.0198655256723716
EU Power Grid,seamless,5.0,55,0.023051537404221733,0.0032295131045403883,0.021367108929326167,0.02664036083776812,0.0337252473524696,0.049947367714597145,0.2712408312958435,0.0218520782396088
EU Power Grid,seamless,5.0,56,0.024090060579672008,0.0026692166385639906,0.024084045338223496,0.027059481358764455,0.03801353475375476,0.04976203288840005,0.1809749388753056,0.0248319070904645
EU Power Grid,seamless,5.0,57,0.024682937539884167,0.001981269598852368,0.026543395567516614,0.028538900907025842,0.03465922429219369,0.044834661723072815,0.1384703545232273,0.0288050122249388
EU Power Grid,seamless,5.0,58,0.02407126209744002,0.0020127041218256873,0.02429805143975623,0.029240944757112832,0.03283721825152869,0.04896290328156324,0.1432380806845965,0.0297982885085574
EU Power Grid,seamless,5.0,59,0.024653005681215236,0.002808835402238583,0.02506136255268357,0.028029711784109314,0.03831374232239992,0.045360939336716116,0.2383863080684596,0.0258251833740831
EU Power Grid,seamless,5.0,60,0.023138737469157372,0.003041991224253637,0.025111033693665703,0.027681009274971052,0.0360101251631047,0.04672798361205398,0.1879202322738386,0.0278117359413202
EU Power Grid,seamless,5.0,61,0.02254155742480087,0.0035802713814068634,0.020529452994642105,0.028118813296967676,0.03559991233657271,0.04880938296921416,0.1966152200488997,0.0208588019559902
EU Power Grid,seamless,5.0,62,0.024245958206643995,0.0018248331377106331,0.024232586184378523,0.028735583668473917,0.03568729475913285,0.046762401878780016,0.0824648533007334,0.0317848410757946
EU Power Grid,seamless,5.0,63,0.02512761992498768,0.0018861919301392449,0.024617495856715257,0.030944759408302026,0.03747120700385753,0.05015839726835839,0.1018490220048899,0.0297982885085574
EU Power Grid,seamless,5.0,64,0.023394493969447303,0.0026159024126133374,0.021777911106900038,0.026652896012255334,0.0346266578810442,0.05201744711385133,0.1899449877750611,0.0268184596577017
EU Power Grid,seamless,5.0,65,0.022800288896844923,0.00230518482700888,0.022284079121933427,0.027380867141595183,0.03242734893468389,0.03834743961408478,0.2201940709046454,0.0228453545232273
EU Power Grid,seamless,5.0,66,0.02266970888663755,0.002835215508915362,0.021404315751208342,0.026189202935564246,0.031762116185254236,0.045354818515762375,0.2930317848410758,0.0218520782396088
EU Power Grid,seamless,5.0,67,0.025411509640309502,0.0024384741864923276,0.025195870882195045,0.0296303025784981,0.04042425411371564,0.04270770217374914,0.1344055623471882,0.0297982885085574
EU Power Grid,seamless,5.0,68,0.02401673359730401,0.002140020770159927,0.02402443164197688,0.02707091415904785,0.03678693962052445,0.04837325450256546,0.1841381418092909,0.0248319070904645
EU Power Grid,seamless,5.0,69,0.024970356239557182,0.0016965602484554304,0.02644501585354262,0.03302394655946748,0.037009602642826454,0.04378056234718825,0.11690097799511,0.0337713936430317
EU Power Grid,seamless,5.0,70,0.023244280663505503,0.0021171241125523665,0.023066505399275312,0.027711211863984498,0.03391179660643042,0.045614569401020516,0.1243199877750611,0.0278117359413202
EU Power Grid,seamless,5.0,71,0.02290694011638717,0.002939863176051811,0.023104349155892243,0.02658965436201485,0.03178338997822905,0.04510351229957951,0.2420537897310513,0.0238386308068459
EU Power Grid,seamless,5.0,72,0.024163121939561955,0.0018755139065217963,0.025487840260798658,0.029997570396832852,0.0335247729529206,0.04061296028747123,0.1219055623471882,0.0278117359413202
EU Power Grid,seamless,5.0,73,0.024748781557584938,0.0025903267625843433,0.025687959662611292,0.026772196819603206,0.0380856061133395,0.04291237049166434,0.237851466992665,0.0268184596577017
EU Power Grid,seamless,5.0,74,0.02314152271057002,0.003128910488283923,0.02393866529279644,0.025534362042139592,0.03754550042016627,0.04571982789516011,0.1699495721271393,0.0248319070904645
EU Power Grid,seamless,5.0,75,0.02288036269015527,0.002928805691751446,0.023183977256257326,0.026621219385539147,0.03572985354770189,0.045561151270330516,0.2245874083129584,0.0238386308068459
EU Power Grid,seamless,5.0,76,0.022857253534565282,0.0022613874749859318,0.0242004427864458,0.02889927902688251,0.03531960445930513,0.041912615356250627,0.1319987775061124,0.0268184596577017
EU Power Grid,seamless,5.0,77,0.023787235776272345,0.002495833463322924,0.02414454399973623,0.027724989580531163,0.0343767078958722,0.045945990334300586,0.1575871026894865,0.0278117359413202
EU Power Grid,seamless,5.0,78,0.023784245626090904,0.001985648575133297,0.023807667274636596,0.02773368735696625,0.03446890527644127,0.04367081149716326,0.1164731051344743,0.0288050122249388
EU Power Grid,seamless,5.0,79,0.023308250145432613,0.0024534477050404653,0.02327090243091231,0.028194867024042586,0.03176366393357164,0.04268802321208416,0.2276894865525672,0.0238386308068459
EU Power Grid,seamless,5.0,80,0.023106278402340155,0.0024052410198819457,0.023506229308542646,0.027204459279377924,0.03587942467797688,0.0415930707771235,0.1419850244498777,0.0258251833740831
EU Power Grid,seamless,5.0,81,0.024219638813676468,0.001645295110192567,0.023047318950012784,0.02951457958135261,0.04051230410906549,0.04810510495771194,0.0940556234718826,0.0297982885085574
EU Power Grid,seamless,5.0,82,0.023859219467822785,0.001989124434988869,0.022919264373732495,0.030165259991995347,0.033936939690301454,0.04265175660728834,0.081601466992665,0.030791564792176
EU Power Grid,seamless,5.0,83,0.02260278720059728,0.002023678124775812,0.02249188355758226,0.02379298702887172,0.03468399774117874,0.04521925699107629,0.1204156479217603,0.0238386308068459
EU Power Grid,seamless,5.0,84,0.0239677452231387,0.001803871729585986,0.02589749383081645,0.028055588925123498,0.03325170822811179,0.03854551428691346,0.1259245110024449,0.0288050122249388
EU Power Grid,seamless,5.0,85,0.02123025514282473,0.002776755796104294,0.02204615603059216,0.023272636961085082,0.036210527742724145,0.04062260158099703,0.2134092298288508,0.0228453545232273
EU Power Grid,seamless,5.0,86,0.02457226403710292,0.0021675772049537774,0.02394885810416074,0.03065713523384851,0.03816721868425536,0.04807854991202072,0.0768261002444987,0.030791564792176
EU Power Grid,seamless,5.0,87,0.0224504716824721,0.0029504804859599868,0.022141825839094128,0.026369243015458104,0.03516527306866222,0.04126469201991334,0.1882869804400977,0.0228453545232273
EU Power Grid,seamless,5.0,88,0.02181990668723204,0.003292086171154369,0.022896798246832547,0.025157004008710696,0.03475182583677587,0.04568633338000703,0.2346347799511002,0.0238386308068459
EU Power Grid,seamless,5.0,89,0.02480470647303408,0.002048145749610669,0.024868109665483452,0.030144797760706957,0.037798818574266486,0.04998346854856624,0.099083129584352,0.030791564792176
EU Power Grid,seamless,5.0,90,0.02284325143536543,0.0028634625621521297,0.021464123228603194,0.02785828215483647,0.03369979707842569,0.043761789917251666,0.2388294621026894,0.0218520782396088
EU Power Grid,seamless,5.0,91,0.023387716801650305,0.002572211309581615,0.02345582462404709,0.02768570414551804,0.03485290512950982,0.045708211712245324,0.1322891198044009,0.0258251833740831
EU Power Grid,seamless,5.0,92,0.02329581901346006,0.0032299381005052824,0.02324512053562911,0.027293553028677826,0.03557875717216886,0.04400559332819771,0.2957365525672371,0.0238386308068459
EU Power Grid,seamless,5.0,93,0.023825288093555844,0.0020522059789179464,0.025167299082335712,0.02756566901447328,0.031836710099986065,0.04006628209046447,0.1737545843520782,0.0278117359413202
EU Power Grid,seamless,5.0,94,0.0235338395214302,0.00238796038038165,0.02495697835477954,0.029125999983008025,0.03295070043313437,0.04480123726795919,0.1374847188264058,0.0297982885085574
EU Power Grid,seamless,5.0,95,0.02411561346206003,0.0017189560179615287,0.02299794579981363,0.03079289433098285,0.03585145548383131,0.04888052583646472,0.1115984107579462,0.0317848410757946
EU Power Grid,seamless,5.0,96,0.02493625790258974,0.002163828133406503,0.024660185076008145,0.029511266151951748,0.03796215995597272,0.0467133071391838,0.1599022004889975,0.0297982885085574
EU Power Grid,seamless,5.0,97,0.024980465072150244,0.0017877598289890771,0.02379207507926673,0.03197946653364479,0.03692465168626534,0.046731050741340506,0.1140586797066014,0.0327781173594132
EU Power Grid,seamless,5.0,98,0.02301357615750215,0.004147345015180275,0.021114206496013522,0.027345951815805982,0.03999117469300286,0.0472093308789236,0.2525901589242053,0.0218520782396088
EU Power Grid,seamless,5.0,99,0.02463538352710029,0.0023938799670352433,0.024403865377081897,0.030918883394304795,0.037230517716459015,0.051760833923634064,0.1206525061124694,0.0317848410757946
EU Power Grid,seamless,5.0,100,0.02295127630257987,0.002980511004406495,0.023021305082869477,0.025403073930845444,0.034575394682048434,0.043847640455985444,0.2144101466992664,0.0238386308068459
EU Power Grid,seamless,6.0,1,0.021278947537657376,0.00291612411572816,0.019414911189477923,0.026384270806045503,0.032790743752849016,0.04382632415046478,0.2734871638141809,0.0198655256723716
EU Power Grid,seamless,6.0,2,0.022357306495600898,0.0021075237572744225,0.02266903285272911,0.02494409121844941,0.032489746825459395,0.04525396429848151,0.1620262836185819,0.0248319070904645
EU Power Grid,seamless,6.0,3,0.02212283773962293,0.0018680005849999284,0.020841312245035947,0.02545648782865434,0.03421867018453947,0.04270164041621649,0.0934596577017114,0.0258251833740831
EU Power Grid,seamless,6.0,4,0.022254768629861515,0.0021652776732152667,0.02213112441844076,0.027941075664672077,0.0333911031248056,0.040970885571103996,0.1062958435207823,0.0288050122249388
EU Power Grid,seamless,6.0,5,0.02264227387926222,0.002708232785982104,0.023807787158767746,0.025316629729831154,0.033964512389614475,0.044332875445837756,0.1772157701711491,0.0248319070904645
EU Power Grid,seamless,6.0,6,0.023036890221860912,0.0019007328635088417,0.024270221168907438,0.027614372517913342,0.03270390370837511,0.04199859654484619,0.1183144865525672,0.0268184596577017
EU Power Grid,seamless,6.0,7,0.02163957179227984,0.002856199684681007,0.022865955561649838,0.023776855530819395,0.035021736398327286,0.042986183878604395,0.2326253056234718,0.0238386308068459
EU Power Grid,seamless,6.0,8,0.022650500586867992,0.0017703122267882928,0.02234009576686079,0.028749872755069458,0.0330698650795067,0.037061915549426935,0.077781173594132,0.030791564792176
EU Power Grid,seamless,6.0,9,0.02275945892736243,0.001980381660854325,0.021538606908849893,0.02761632990433091,0.03384155376520406,0.036495552922814485,0.1141885696821515,0.0278117359413202
EU Power Grid,seamless,6.0,10,0.021170345890204886,0.002598128474225242,0.016808928500110152,0.027936537330379076,0.03259604137895851,0.041465464547677196,0.1525595965770171,0.0168856968215158
EU Power Grid,seamless,6.0,11,0.021937023432409327,0.002276118138696994,0.022901636705090263,0.026620525015481254,0.03295193602643148,0.04069183728263595,0.178591075794621,0.0268184596577017
EU Power Grid,seamless,6.0,12,0.023379558396967464,0.0018865334447538728,0.02208926160810496,0.02824365862826549,0.03275022108932008,0.04722286862502405,0.1102613080684596,0.0228453545232273
EU Power Grid,seamless,6.0,13,0.022695421142512398,0.001911251513639456,0.02329608743445955,0.026774891522997366,0.03239403177098843,0.04418522060264256,0.1468902811735941,0.0268184596577017
EU Power Grid,seamless,6.0,14,0.02172095093033946,0.0030254012031962537,0.022024441560919004,0.02450291997027499,0.03530581809060287,0.040888890941406,0.212736858190709,0.0228453545232273
EU Power Grid,seamless,6.0,15,0.02206205572743236,0.002008438983749638,0.020573334633326803,0.02755595580090263,0.03448969513627001,0.04126611469215373,0.0995186430317848,0.0198655256723716
EU Power Grid,seamless,6.0,16,0.021332534975299737,0.0021324619133561004,0.022909335493660338,0.025629700524742956,0.028632279931186336,0.0403081504145551,0.1906173594132029,0.0258251833740831
EU Power Grid,seamless,6.0,17,0.0220318734247127,0.003005312554642318,0.020349471303639937,0.028863190302755224,0.03535472040381728,0.03978671320411506,0.2271393643031784,0.0208588019559902
EU Power Grid,seamless,6.0,18,0.018818243668680925,0.004777287694900337,0.012795192336744721,0.026210606990936008,0.0316333267568465,0.0410092208259888,0.364471271393643,0.0129125916870415
EU Power Grid,seamless,6.0,19,0.021519419361639185,0.0025270934343821056,0.022104289855784148,0.025281553497148983,0.031589181850951296,0.04230311000315542,0.2762377750611247,0.0228453545232273
EU Power Grid,seamless,6.0,20,0.02271670888682435,0.0015809537567961882,0.021912218014593508,0.029125775824415587,0.03378600064720256,0.042376851585808555,0.0693536063569682,0.0297982885085574
EU Power Grid,seamless,6.0,21,0.021337338947545532,0.002744311907714398,0.020156173672769194,0.023529645359630546,0.03277580203008075,0.046759058537556054,0.1977078239608801,0.0208588019559902
EU Power Grid,seamless,6.0,22,0.02235776184842041,0.00263515624766484,0.022240536168026404,0.024410287386453365,0.032571843540393774,0.04399619950612868,0.269796760391198,0.0228453545232273
EU Power Grid,seamless,6.0,23,0.02102361603333233,0.0027084908192464875,0.020861712016148753,0.02586066504755983,0.03398950813372943,0.03935659227953852,0.1850550122249388,0.0218520782396088
EU Power Grid,seamless,6.0,24,0.021424804634959223,0.0035994720919627636,0.01935981244346397,0.023751210981811734,0.03243962898943717,0.04783145645091848,0.2836491442542787,0.0198655256723716
EU Power Grid,seamless,6.0,25,0.021220419521923373,0.003079481939726407,0.01846659464937731,0.02462111533895701,0.03810714155384441,0.04107792687780742,0.2508863080684596,0.018872249388753
EU Power Grid,seamless,6.0,26,0.02091366350584862,0.003684456106510144,0.01847416391144579,0.02528240090098757,0.032608818379081896,0.04115559630535174,0.304867053789731,0.018872249388753
EU Power Grid,seamless,6.0,27,0.023317463450813987,0.002471988154008065,0.02399851816480337,0.027801718977922118,0.0374727533791576,0.043377324760894544,0.1485253667481662,0.0278117359413202
EU Power Grid,seamless,6.0,28,0.02353375604007995,0.0017819844373949997,0.02342889190381069,0.030204247431491835,0.034912058167772236,0.04208548401702432,0.0849786063569682,0.0317848410757946
EU Power Grid,seamless,6.0,29,0.023649074141620166,0.001762404266156186,0.022699274466431843,0.030183505781342452,0.0347903194110562,0.0467194985085305,0.0904339853300733,0.0347646699266503
EU Power Grid,seamless,6.0,30,0.021671947377746813,0.0023011625437698966,0.02087645397457073,0.02528862767152842,0.03390106887860838,0.04649538856736088,0.1582136308068459,0.0258251833740831
EU Power Grid,seamless,6.0,31,0.021757204603985888,0.002697395388877838,0.02235369798440081,0.02382512689849544,0.03312693288863963,0.045654807494034735,0.2181234718826405,0.0238386308068459
EU Power Grid,seamless,6.0,32,0.02349552158166865,0.0015188815782836817,0.02466405627345358,0.02850405672267717,0.035380445707714044,0.03961865429159688,0.0659459046454767,0.0288050122249388
EU Power Grid,seamless,6.0,33,0.021407577119954533,0.0020536403402993957,0.0209898109533535,0.027874534557676817,0.031113637682031233,0.045341720081940026,0.117137836185819,0.0288050122249388
EU Power Grid,seamless,6.0,34,0.02197285211009089,0.0026332741226775423,0.02201114073101109,0.026385647679216424,0.03190258126578217,0.04314091039838915,0.1943001222493887,0.0228453545232273
EU Power Grid,seamless,6.0,35,0.022503543053585668,0.0019310441828607116,0.023178171464103527,0.02594193320687438,0.03076161983448692,0.04435201456805209,0.1149526283618581,0.0248319070904645
EU Power Grid,seamless,6.0,36,0.022282317475441703,0.002187073894842346,0.02384940282222344,0.026580664991864015,0.03300465405567707,0.03695339377285409,0.1537362469437652,0.0248319070904645
EU Power Grid,seamless,6.0,37,0.022214105623079523,0.002003589476221884,0.021772506382633828,0.027893323105017617,0.03706655478172694,0.0377347978165784,0.1536216381418092,0.0238386308068459
EU Power Grid,seamless,6.0,38,0.020832246421720737,0.0025094105665579014,0.02041144390075438,0.022625930889446373,0.02710909676962865,0.04579835157686631,0.250588325183374,0.0208588019559902
EU Power Grid,seamless,6.0,39,0.022455556455623263,0.0021359605408526453,0.02427286829147359,0.026641049452171817,0.03222932977582412,0.04855935025362184,0.1770247555012224,0.0268184596577017
EU Power Grid,seamless,6.0,40,0.02108152932276,0.002549345008828695,0.021671453994485237,0.0245093951264237,0.03184539568089237,0.041106564030187906,0.195262836185819,0.0228453545232273
EU Power Grid,seamless,6.0,41,0.021001394815740367,0.002299895145088943,0.020492615058166012,0.023766949472038734,0.02939408459503435,0.03839262114017606,0.1711567848410757,0.0238386308068459
EU Power Grid,seamless,6.0,42,0.02319122447081924,0.00208381505380541,0.02386097121824167,0.029160971884548637,0.03170772860695198,0.04691674844990039,0.1119575183374083,0.0297982885085574
EU Power Grid,seamless,6.0,43,0.021993472003600915,0.003375658591961263,0.020548925867508654,0.028059720350404223,0.03174248882017149,0.0398118602627325,0.2386002444987774,0.0208588019559902
EU Power Grid,seamless,6.0,44,0.0223417258399601,0.002085757892501973,0.021103887620605284,0.028587054433148806,0.03457564427842125,0.04014004746152733,0.0945751833740831,0.0327781173594132
EU Power Grid,seamless,6.0,45,0.022369859054992,0.003328977338748099,0.021273631068591325,0.024673414269507764,0.03775222855403232,0.044661873946000116,0.2778346577017114,0.0218520782396088
EU Power Grid,seamless,6.0,46,0.022449204283791126,0.0022342408577296436,0.023124626855063318,0.02623598282471548,0.034341556973620506,0.04235613866573511,0.1422142420537897,0.0248319070904645
EU Power Grid,seamless,6.0,47,0.02060195173325489,0.003128523438387349,0.017537320186420118,0.02528146043464633,0.030579449743315265,0.044030907676212476,0.2551497555012225,0.0178789731051344
EU Power Grid,seamless,6.0,48,0.023899396764930643,0.0020931573758189706,0.024609148460970714,0.029798675027463004,0.0354881329481459,0.044759236620483464,0.1129202322738386,0.0297982885085574
EU Power Grid,seamless,6.0,49,0.022732350256174424,0.0017890955305929692,0.023845979077809047,0.028180591855661324,0.03342429455155518,0.041558460198030445,0.124770782396088,0.0288050122249388
EU Power Grid,seamless,6.0,50,0.0232434230823621,0.0020744196072962403,0.02409070517560922,0.02880604346369929,0.034901968369904925,0.04312637583683458,0.1678789731051344,0.0258251833740831
EU Power Grid,seamless,6.0,51,0.021856919282244335,0.0030720976348367294,0.019425806985669373,0.027264474207185564,0.036363223945598974,0.041122638084376634,0.2952781173594132,0.0198655256723716
EU Power Grid,seamless,6.0,52,0.022111453919135257,0.0023011929006245316,0.022269530366782538,0.026983717535031173,0.03322671894176567,0.03865707136308057,0.210887836185819,0.0228453545232273
EU Power Grid,seamless,6.0,53,0.022464496549312908,0.002578077771739608,0.022867556296262866,0.026540265818882625,0.03464277962552738,0.045060036882018886,0.1955149755501222,0.0238386308068459
EU Power Grid,seamless,6.0,54,0.023144292773555366,0.0018056020703001116,0.021989873793405584,0.030823875629803564,0.0336236724148712,0.04497837283769336,0.108106662591687,0.0317848410757946
EU Power Grid,seamless,6.0,55,0.023349459575598024,0.0016164181522221465,0.022818229444749635,0.028241391411199097,0.03472307544241167,0.04443742392111855,0.135307151589242,0.0288050122249388
EU Power Grid,seamless,6.0,56,0.020524078811905502,0.003136507291156034,0.01922634527294638,0.022271472999009678,0.03140344778895249,0.04361491332705059,0.2246867359413202,0.0198655256723716
EU Power Grid,seamless,6.0,57,0.020716799303548306,0.00303950196217367,0.018493226124218613,0.025845537889898733,0.030187407052655397,0.043197313444083445,0.2767114914425427,0.018872249388753
EU Power Grid,seamless,6.0,58,0.020700998560711413,0.002729649546926268,0.01942592315453633,0.021877912331290352,0.03446582706209838,0.04501919831950124,0.2409917481662591,0.0198655256723716
EU Power Grid,seamless,6.0,59,0.02040069337624634,0.0027916002980202348,0.01898847362031749,0.023174816352305803,0.031007377129735714,0.04498289357511537,0.2133786674816625,0.0198655256723716
EU Power Grid,seamless,6.0,60,0.02172126967731311,0.0020173638990119754,0.02221579540335064,0.024677212915632303,0.03248062700802198,0.046427539453211764,0.1751757334963325,0.0228453545232273
EU Power Grid,seamless,6.0,61,0.02264472519527391,0.002136658748509227,0.023657836137328712,0.02574465964657008,0.03411322029379702,0.0398210461758093,0.1377750611246943,0.0258251833740831
EU Power Grid,seamless,6.0,62,0.022579549028375095,0.0021059679684744355,0.022247863609973655,0.02700315048594822,0.031161938999626996,0.04359106066474612,0.1219743276283618,0.0258251833740831
EU Power Grid,seamless,6.0,63,0.021697158745520195,0.002124197259682054,0.021867467027101475,0.026876174468547693,0.02938466847874368,0.039919773838630664,0.1225855745721271,0.0238386308068459
EU Power Grid,seamless,6.0,64,0.021389719700216196,0.002909126860735062,0.020303285218992363,0.026553347500369324,0.034598360994370074,0.04401780009188504,0.2566702322738386,0.0208588019559902
EU Power Grid,seamless,6.0,65,0.02091410368024082,0.003021599007153373,0.01860693973467326,0.025311671176786732,0.02878637312098065,0.04105541972290132,0.2730974938875305,0.018872249388753
EU Power Grid,seamless,6.0,66,0.022395100779620005,0.0020369137133961586,0.02341784045561836,0.02714897128059872,0.03114591289335601,0.04594318061018383,0.1240220048899755,0.0278117359413202
EU Power Grid,seamless,6.0,67,0.020562358805598757,0.0026775420059473097,0.02001026601206335,0.02504106022570713,0.03247703460810385,0.040250343156178876,0.1914501833740831,0.0208588019559902
EU Power Grid,seamless,6.0,68,0.021176994041369704,0.002657643087734841,0.02017785625143515,0.023541785714733518,0.02961185581046387,0.046943100882321606,0.2184978606356968,0.0208588019559902
EU Power Grid,seamless,6.0,69,0.02163365979483991,0.0024391648049352397,0.02186622146478635,0.026153223317049723,0.03301539803287609,0.03758486508906739,0.1837866748166259,0.0228453545232273
EU Power Grid,seamless,6.0,70,0.02080456855950833,0.0035382347269526824,0.01665153081762585,0.023644168517250968,0.03541529127426758,0.0478219723460879,0.3335345354523227,0.0168856968215158
EU Power Grid,seamless,6.0,71,0.02236759746932176,0.00246218288996134,0.023029311274800783,0.024757788244680144,0.03219002283526317,0.04768844445886332,0.1546913202933985,0.0248319070904645
EU Power Grid,seamless,6.0,72,0.02220799630608446,0.0028017091306132913,0.02208962668749466,0.025475757189617913,0.032100072471194493,0.04156524543118805,0.2316855134474327,0.0228453545232273
EU Power Grid,seamless,6.0,73,0.02268994173025098,0.002186815861577956,0.023950801406746058,0.02572719876269805,0.03303076254653567,0.0449504624936224,0.1386460880195598,0.0258251833740831
EU Power Grid,seamless,6.0,74,0.02187766819238656,0.0023134115346146408,0.020806844769748215,0.024164127663931785,0.03439813061469992,0.04973153756390296,0.2025366748166259,0.0218520782396088
EU Power Grid,seamless,6.0,75,0.022152921382565048,0.0019034270343576004,0.021012071960496228,0.028631999870715963,0.030554414277614607,0.0396404239466028,0.087393031784841,0.0297982885085574
EU Power Grid,seamless,6.0,76,0.02174298241758995,0.0020412167975405017,0.021568508827408534,0.025393397906393392,0.03175127629648171,0.03931465604680698,0.1354828850855745,0.0258251833740831
EU Power Grid,seamless,6.0,77,0.021133985967567236,0.003927356478862651,0.016682729675989966,0.025787559272430878,0.03445257881314603,0.04609299798589925,0.2580149755501222,0.0168856968215158
EU Power Grid,seamless,6.0,78,0.02174995690494208,0.0026185662266074525,0.02115861054111655,0.024957460990730086,0.032404346216557335,0.04454101130084892,0.179981662591687,0.0218520782396088
EU Power Grid,seamless,6.0,79,0.02312279253126096,0.0023354582002924557,0.024872323886500278,0.026742766256024012,0.033195741663750944,0.04311528553964367,0.213317542787286,0.0258251833740831
EU Power Grid,seamless,6.0,80,0.021063125479638234,0.003268589965667784,0.019345271872658047,0.02350313546861997,0.03435510470580755,0.0494584057710022,0.2433832518337408,0.0198655256723716
EU Power Grid,seamless,6.0,81,0.024299075113039522,0.0017685667076468461,0.025000893959361312,0.03179558403695136,0.03636370634465152,0.044205151095954964,0.1012683374083129,0.0327781173594132
EU Power Grid,seamless,6.0,82,0.02234958826531025,0.002222849448028308,0.023979364690836086,0.025342666509558978,0.031124463048840534,0.043267537023868645,0.2207441931540342,0.0248319070904645
EU Power Grid,seamless,6.0,83,0.0219575067200735,0.002130815053992221,0.022288333421669318,0.02553335614271355,0.03230526009485171,0.04228812840310795,0.1714012836185819,0.0238386308068459
EU Power Grid,seamless,6.0,84,0.021448316018873138,0.0033756358243202844,0.020267237714116856,0.024607933026511278,0.03424802909788665,0.044946850590691645,0.2488080684596576,0.0208588019559902
EU Power Grid,seamless,6.0,85,0.021220897642383857,0.0030586419590202915,0.01860423384690633,0.0250773152975984,0.0344286980665317,0.04668016870650511,0.2724404034229828,0.018872249388753
EU Power Grid,seamless,6.0,86,0.02246615099789047,0.001859690396043919,0.0228321457591668,0.02609873680934444,0.031372020100130515,0.03899322778522897,0.0998548288508557,0.0238386308068459
EU Power Grid,seamless,6.0,87,0.020688734391439343,0.002804501961239598,0.020083212169704864,0.023099394155708972,0.03117240007832989,0.04417191372566507,0.2494575183374082,0.0208588019559902
EU Power Grid,seamless,6.0,88,0.02233515358093188,0.0021433524349559804,0.023065714147908693,0.02669482043730189,0.03168511707380242,0.04182282385727895,0.1504813569682151,0.0268184596577017
EU Power Grid,seamless,6.0,89,0.02077179833493114,0.002865473703771631,0.021179961287693547,0.023897443218375936,0.03347561803857638,0.041679343495398036,0.1972646699266503,0.0218520782396088
EU Power Grid,seamless,6.0,90,0.023175112570222343,0.00216898120948059,0.023097750045931773,0.02843235036629099,0.037085328430640004,0.04251882234592515,0.1193459657701711,0.0288050122249388
EU Power Grid,seamless,6.0,91,0.020935353478484485,0.0030936434124130808,0.02012598640968892,0.02691555553018848,0.032628454784246336,0.03774282236183755,0.1976772616136919,0.0208588019559902
EU Power Grid,seamless,6.0,92,0.02285946199573989,0.0025462713772970193,0.023423617126826408,0.02761371638141801,0.03318411618234572,0.04674470964435565,0.1110712102689486,0.0258251833740831
EU Power Grid,seamless,6.0,93,0.02291119766524958,0.0019390659816976943,0.022000232798500288,0.028997770742772676,0.03350151185168437,0.04401104915156483,0.1157625305623471,0.0297982885085574
EU Power Grid,seamless,6.0,94,0.023923348323236733,0.001354605459432765,0.024504391317582867,0.02773682065986979,0.03394868492890537,0.04177791670339557,0.0741213325183374,0.0278117359413202
EU Power Grid,seamless,6.0,95,0.022035956421660945,0.0029259066121339115,0.019505675722527933,0.027255916654435067,0.032578325328076266,0.041898199599910965,0.2870339242053789,0.0198655256723716
EU Power Grid,seamless,6.0,96,0.0218356239487187,0.0025911236300184904,0.022658007841406282,0.024519347432072756,0.03648256057918791,0.042576015130330665,0.1544315403422982,0.0238386308068459
EU Power Grid,seamless,6.0,97,0.02170240289215819,0.002213803105347425,0.02274835902701482,0.024597309609163617,0.030619839226442326,0.03674336105048652,0.162393031784841,0.0248319070904645
EU Power Grid,seamless,6.0,98,0.023802717772135596,0.0013573679332044418,0.023172800304829565,0.03088265549525907,0.033616640906332845,0.042577201762428664,0.081372249388753,0.0337713936430317
EU Power Grid,seamless,6.0,99,0.021251482173427434,0.002363940519152638,0.021496303250443848,0.025348271513607343,0.03139840706641362,0.04314153145143363,0.1622937041564792,0.0228453545232273
EU Power Grid,seamless,6.0,100,0.021794619427322078,0.004144726736468116,0.019386166747617395,0.02843383447518144,0.03550155172242426,0.043618959141082936,0.2947661980440098,0.0198655256723716
EU Power Grid,seamless,7.0,1,0.02220131020885136,0.002491257167486875,0.021625935285430085,0.02580117839026739,0.03414717085553777,0.04441115557199638,0.1307992053789731,0.0258251833740831
EU Power Grid,seamless,7.0,2,0.01994374682187077,0.002628439793577114,0.01779481048053257,0.0217921240092566,0.03167096226620773,0.04162085622201754,0.177674205378973,0.0178789731051344
EU Power Grid,seamless,7.0,3,0.02175876039278587,0.0023445273106143132,0.02227442641951636,0.02466131903160276,0.032775994650212976,0.04157856879754743,0.1643337408312958,0.0248319070904645
EU Power Grid,seamless,7.0,4,0.019615649936988458,0.0030413006058107156,0.020159259592468094,0.022359864508720986,0.032573147370714414,0.040740227999085055,0.2254049511002444,0.0208588019559902
EU Power Grid,seamless,7.0,5,0.020279539169402783,0.0022899608644100125,0.02110882404010352,0.023610623916901757,0.029130567662379002,0.03724123879380589,0.2015586797066014,0.0218520782396088
EU Power Grid,seamless,7.0,6,0.020815405956612593,0.003415722050864253,0.018463897733212414,0.02370211188646176,0.03610000161919714,0.0413853629899095,0.2530562347188264,0.018872249388753
EU Power Grid,seamless,7.0,7,0.022294892802473765,0.002181973943263863,0.022119587346904813,0.025012068914880604,0.03389484401961121,0.039130719524973705,0.1662897310513447,0.0248319070904645
EU Power Grid,seamless,7.0,8,0.0223014271154337,0.0014553750383897253,0.02314913930653485,0.02640354033143073,0.031641940478387205,0.042469907842768446,0.1618199877750611,0.0268184596577017
EU Power Grid,seamless,7.0,9,0.01836384709009459,0.005161089408035727,0.012818508903508764,0.02436311393233823,0.03162786174705487,0.03812152773332987,0.3658465770171148,0.0129125916870415
EU Power Grid,seamless,7.0,10,0.02203396804768243,0.0015326408226464603,0.02163531167619692,0.02724232575489068,0.033610587901080236,0.03843937773530875,0.1388600244498777,0.0278117359413202
EU Power Grid,seamless,7.0,11,0.021212670934778112,0.0026729277640429646,0.02107526230839836,0.02254528123998885,0.030486704080657547,0.044591263088815114,0.2045079462102689,0.0218520782396088
EU Power Grid,seamless,7.0,12,0.020160191195409898,0.001853983307372759,0.019522969450744238,0.023617843385523685,0.02824177509859567,0.04090999979381685,0.1077857579462102,0.0258251833740831
EU Power Grid,seamless,7.0,13,0.021688362846890054,0.0018751875703344836,0.022687017696399477,0.02555502578644151,0.03195896657121038,0.04077968538302207,0.1401130806845965,0.0258251833740831
EU Power Grid,seamless,7.0,14,0.021236000177564184,0.0025662385984324128,0.02195921907582223,0.025688262580452478,0.03336295398354936,0.04118871654018348,0.180096271393643,0.0228453545232273
EU Power Grid,seamless,7.0,15,0.020019676904523616,0.0028917247938162268,0.0191569720295378,0.023241353097196892,0.03081320428027973,0.043843375796598076,0.2370186430317848,0.0198655256723716
EU Power Grid,seamless,7.0,16,0.020993130162066307,0.0024789398737192075,0.020865480464009635,0.023735314822654358,0.030663246131649155,0.045951168160825784,0.1746943765281173,0.0238386308068459
EU Power Grid,seamless,7.0,17,0.020891252557915206,0.0018661032815853154,0.02142064256778058,0.02372450040553189,0.029816673783859306,0.04464067411805788,0.1496790953545232,0.0238386308068459
EU Power Grid,seamless,7.0,18,0.021388725513226934,0.0016332510281165961,0.021309051898534926,0.024630534629580193,0.0306396841025818,0.03989939614175548,0.1666106356968215,0.0248319070904645
EU Power Grid,seamless,7.0,19,0.020442646549350282,0.0026907396484993633,0.020069463420480795,0.023942523086043267,0.029592610086191927,0.036489711925345766,0.2167787286063569,0.0208588019559902
EU Power Grid,seamless,7.0,20,0.02144776200627605,0.0023436924971118847,0.02106505092474536,0.026128684460744334,0.03172399719930954,0.038832236494437004,0.1332671149144254,0.0238386308068459
EU Power Grid,seamless,7.0,21,0.02062201002495421,0.0021564741853714567,0.019915640190278347,0.02267538287040509,0.029768651480349385,0.04200631434519627,0.1511002444987775,0.0208588019559902
EU Power Grid,seamless,7.0,22,0.020337247550061666,0.0021676151510220693,0.01951693266994232,0.022654094291990043,0.030942569632590962,0.04527791890261307,0.1321210268948655,0.0228453545232273
EU Power Grid,seamless,7.0,23,0.021987522060092683,0.0021398538074594367,0.02328261124833744,0.02531868407276146,0.03025257766153023,0.03668749594638822,0.1219743276283618,0.0258251833740831
EU Power Grid,seamless,7.0,24,0.02185903667285504,0.0022003398403173248,0.021911797559892896,0.024684144250210177,0.03308815735545595,0.047737747691858526,0.1877139364303178,0.0248319070904645
EU Power Grid,seamless,7.0,25,0.020416403048519348,0.002106408142866628,0.020000432502464447,0.023028054949350202,0.028391474272865706,0.042835870785505485,0.1979599633251833,0.0208588019559902
EU Power Grid,seamless,7.0,26,0.020192316336826135,0.0029031693280131793,0.01824327344181108,0.023135546302094002,0.029775552570734942,0.04361884093949836,0.200588325183374,0.018872249388753
EU Power Grid,seamless,7.0,27,0.0229049820992633,0.001243248927422255,0.021841646570876727,0.028572996371284253,0.036977861469826886,0.04438296756387391,0.0561812347188264,0.0268184596577017
EU Power Grid,seamless,7.0,28,0.02194070420103367,0.001860517620332691,0.022256010594946987,0.025723756082250922,0.029792935029416833,0.039228281867849726,0.1396852078239608,0.0248319070904645
EU Power Grid,seamless,7.0,29,0.020016929609179245,0.002808433173914691,0.018427765408002866,0.021527222468767766,0.030723069577009772,0.040530766096169395,0.2288355745721271,0.018872249388753
EU Power Grid,seamless,7.0,30,0.01980191959702157,0.0027567885749688985,0.01900415311452423,0.021228833265327745,0.030474490709703657,0.03991175582525693,0.2352001833740831,0.0198655256723716
EU Power Grid,seamless,7.0,31,0.021342598272610848,0.002646297213315446,0.022040423937435088,0.02442022020975415,0.03314237047750595,0.040841306100992486,0.2594132029339853,0.0228453545232273
EU Power Grid,seamless,7.0,32,0.021606277911960202,0.001687142034305286,0.021553308450235148,0.025717490786600496,0.03388642963434536,0.03987178248143659,0.1048288508557457,0.0248319070904645
EU Power Grid,seamless,7.0,33,0.020579738104876604,0.0026716907222166454,0.019350065077437528,0.023660679404959434,0.029419897543369336,0.04468087815810905,0.2886995721271393,0.0198655256723716
EU Power Grid,seamless,7.0,34,0.021240341207776826,0.002295630007012884,0.02067999434417767,0.026177211405479975,0.034127066124424135,0.038584556910991955,0.1422142420537897,0.0268184596577017
EU Power Grid,seamless,7.0,35,0.019656783475017273,0.003647101996883224,0.016466019746025778,0.024896418272029472,0.03591755870745731,0.042017354764561095,0.254523227383863,0.0168856968215158
EU Power Grid,seamless,7.0,36,0.02106984952293962,0.002997017544113638,0.018717178720169352,0.02365718026555372,0.03814938525192367,0.0448848545377808,0.1382487775061124,0.0238386308068459
EU Power Grid,seamless,7.0,37,0.022348024887296612,0.0020704049132709156,0.021950204874387817,0.0323008518905993,0.03468816985450246,0.040074812779635004,0.0872325794621026,0.0347646699266503
EU Power Grid,seamless,7.0,38,0.02113430471454088,0.001956111355574589,0.02016000352583674,0.02339160340290892,0.03228961178778618,0.04337262585210251,0.1261308068459657,0.0228453545232273
EU Power Grid,seamless,7.0,39,0.021944605056854125,0.0015297037969606408,0.020250988983819093,0.02629809615102213,0.03194766231409016,0.04670831478110975,0.1003132640586797,0.018872249388753
EU Power Grid,seamless,7.0,40,0.020866397883183774,0.001535023835735217,0.020282982827420738,0.02661152709861449,0.030709223469734925,0.038023413034797234,0.0766427261613691,0.0218520782396088
EU Power Grid,seamless,7.0,41,0.02081302294352385,0.002816576400170213,0.022402047150876972,0.02466056693154029,0.03249201442421662,0.037379384688289566,0.1618963936430317,0.0238386308068459
EU Power Grid,seamless,7.0,42,0.02144864235506043,0.002392741584986476,0.021204469193299467,0.02471381261934926,0.031026679933066847,0.043456478397138204,0.1250534841075794,0.0248319070904645
EU Power Grid,seamless,7.0,43,0.021369130163560804,0.0021740128581361428,0.0208046419469674,0.025200667670805206,0.032111042037119335,0.03710698047512625,0.1363691931540342,0.0248319070904645
EU Power Grid,seamless,7.0,44,0.021484607638587856,0.0018485418411796452,0.021047235888689283,0.025477141518124236,0.030564530213063157,0.04430303106882393,0.1538737775061124,0.0258251833740831
EU Power Grid,seamless,7.0,45,0.021573128226700072,0.0023582486089087974,0.022033620804155742,0.024553975173531313,0.03245284849266707,0.04150176719802713,0.1710574572127139,0.0228453545232273
EU Power Grid,seamless,7.0,46,0.021143601501272494,0.0016689506891659725,0.02136171363821167,0.023709816051737477,0.031302650589019744,0.04499318356638545,0.1571745110024449,0.0238386308068459
EU Power Grid,seamless,7.0,47,0.019729579212429158,0.0030421505977404717,0.017525025957982696,0.02162096066739913,0.03126284903485388,0.0421595662950584,0.2618581907090464,0.0178789731051344
EU Power Grid,seamless,7.0,48,0.02050046117900039,0.002587374558471213,0.01923074731662131,0.021853960870927256,0.03165073311068774,0.04571590083625659,0.2557533618581907,0.0198655256723716
EU Power Grid,seamless,7.0,49,0.02032679720285396,0.002401309807206871,0.02022033657350125,0.02407986708376546,0.03058232741523939,0.04212041872725141,0.134611858190709,0.0248319070904645
EU Power Grid,seamless,7.0,50,0.02256316391608649,0.0020319503676635305,0.021098741630739118,0.02861866421375572,0.0334394116566966,0.04119734714844336,0.099549205378973,0.0288050122249388
EU Power Grid,seamless,7.0,51,0.019581141782483446,0.002624387153483498,0.01836650907530114,0.02034687373991984,0.0304927743653964,0.04034000111862178,0.2366289731051344,0.018872249388753
EU Power Grid,seamless,7.0,52,0.022355469905895552,0.0018720228682389017,0.022681871016874352,0.02677014489216877,0.0330685284696767,0.04276026067913668,0.1309902200488997,0.0268184596577017
EU Power Grid,seamless,7.0,53,0.020695450845527083,0.002379445282656858,0.020267540913910143,0.0241241492175083,0.03045487283134404,0.040419374383391174,0.2128973105134474,0.0208588019559902
EU Power Grid,seamless,7.0,54,0.020341846613538692,0.0026607091300528568,0.020934735291535687,0.021912206119008536,0.03234369542438001,0.044135039517213565,0.2018719437652811,0.0218520782396088
EU Power Grid,seamless,7.0,55,0.01962748152108197,0.00310213574249689,0.016697405479887562,0.023160590170065512,0.029749271572161617,0.04392064926085576,0.274312347188264,0.0168856968215158
EU Power Grid,seamless,7.0,56,0.021495832085588716,0.003137653262418454,0.02103611474498608,0.024157472016580268,0.03437362766159462,0.03821821515892412,0.2506112469437652,0.0218520782396088
EU Power Grid,seamless,7.0,57,0.022038620235655067,0.0021067420682676003,0.02378900481735208,0.024807791761691785,0.031446445479169624,0.03803173052995797,0.1498395476772616,0.0248319070904645
EU Power Grid,seamless,7.0,58,0.0190146980534437,0.003558497927420755,0.015656642720951824,0.021434021442995277,0.031640199010053806,0.04281386967201105,0.2898380195599022,0.0158924205378973
EU Power Grid,seamless,7.0,59,0.019804173593478126,0.0027045064820757983,0.018478073927470945,0.02085308149817278,0.02996834359213408,0.040435513447432694,0.2079462102689486,0.0208588019559902
EU Power Grid,seamless,7.0,60,0.0197020455452763,0.002670446091176659,0.01906969950038122,0.02110467909639087,0.029393733135915926,0.04171760391198026,0.246997249388753,0.0198655256723716
EU Power Grid,seamless,7.0,61,0.0205538361186603,0.0031165931945162555,0.01773257408622434,0.023894791661019453,0.032304502177820195,0.044488761274680905,0.2470430929095354,0.0178789731051344
EU Power Grid,seamless,7.0,62,0.020779691117135922,0.003075710100538154,0.019464772845572836,0.0242314221485764,0.03408936047719157,0.04255325408758018,0.1900977995110024,0.0198655256723716
EU Power Grid,seamless,7.0,63,0.020484622490095198,0.0022024192848597414,0.020259415268393532,0.02222294783522215,0.03096639678793865,0.04498791922313963,0.2554783007334963,0.0208588019559902
EU Power Grid,seamless,7.0,64,0.01933448474937001,0.003949289306335582,0.01643338599164221,0.024149988935485724,0.032232877680727995,0.03914777517072436,0.3341305012224939,0.0168856968215158
EU Power Grid,seamless,7.0,65,0.019751436147765523,0.003112715106336782,0.018270834082410405,0.023134274995969113,0.03232935187783076,0.039326523909923375,0.2568994498777506,0.018872249388753
EU Power Grid,seamless,7.0,66,0.02054420540652773,0.002318868179235072,0.019761539275085227,0.022432803701767833,0.029729156122405224,0.045174649301334364,0.1673823349633251,0.0218520782396088
EU Power Grid,seamless,7.0,67,0.022128081886260923,0.0017920097886378198,0.02135197316487238,0.028073046293961266,0.03152283800024788,0.04043283256444796,0.1088554400977995,0.0288050122249388
EU Power Grid,seamless,7.0,68,0.01983725497581532,0.002793679742562654,0.018538323105243008,0.023293930909377633,0.029101993027561543,0.04218020454874357,0.2698426039119804,0.018872249388753
EU Power Grid,seamless,7.0,69,0.021766471033862866,0.002569684101433351,0.020632710934910772,0.02629914040390425,0.03143759065487468,0.040071377083353545,0.1374999999999999,0.0258251833740831
EU Power Grid,seamless,7.0,70,0.02054780269380183,0.0018879526277080078,0.017719532302161105,0.026817555152174793,0.03060133871492335,0.042189293198942136,0.113546760391198,0.0288050122249388
EU Power Grid,seamless,7.0,71,0.02025752286057958,0.0030179561845973175,0.017399437114115894,0.025001341525651147,0.03071529705089339,0.0377323954921655,0.2398380195599021,0.0178789731051344
EU Power Grid,seamless,7.0,72,0.02153469644873365,0.002007050157650135,0.02145835583672947,0.025516142480835353,0.03112161571660691,0.043011367138542415,0.1471424205378973,0.0258251833740831
EU Power Grid,seamless,7.0,73,0.02143505007339814,0.0020481533388243276,0.01877827772976219,0.02721093441844406,0.03283715825739052,0.04510724605467872,0.1434443765281173,0.0278117359413202
EU Power Grid,seamless,7.0,74,0.0197905509549612,0.003217461433250775,0.018290462983168887,0.021734851850567182,0.03181949024847896,0.04144609331053568,0.209848716381418,0.018872249388753
EU Power Grid,seamless,7.0,75,0.020443944304885872,0.0020859552120570976,0.020748844400442817,0.02409258272502356,0.02835556890874798,0.04418233847386501,0.1479752444987775,0.0238386308068459
EU Power Grid,seamless,7.0,76,0.019611953989936787,0.002153400553839784,0.019348835756199216,0.02075827363811745,0.028820627641564383,0.044491908222277,0.1721500611246943,0.0198655256723716
EU Power Grid,seamless,7.0,77,0.02009009721806041,0.0030356390524215126,0.019062897800850406,0.023013923430651295,0.03533999353537177,0.04256474786389391,0.2105974938875305,0.0198655256723716
EU Power Grid,seamless,7.0,78,0.020447807214638042,0.002709113134766479,0.02099005683267969,0.025550556597992168,0.03098944100867727,0.040564720087947405,0.1847570293398532,0.0218520782396088
EU Power Grid,seamless,7.0,79,0.02111423124441427,0.0024451678729390863,0.020399947798924446,0.023685275831010787,0.032000709757247135,0.04287272393510233,0.1569605745721271,0.0238386308068459
EU Power Grid,seamless,7.0,80,0.021181221233377456,0.0016831121618526464,0.020598565266140338,0.02510853683373564,0.032407743151962196,0.04501766937886612,0.0891198044009779,0.0238386308068459
EU Power Grid,seamless,7.0,81,0.020928864700806515,0.002191065821226693,0.021932063083278292,0.02521468661066116,0.030116443328451686,0.038217028271654664,0.2008939486552567,0.0228453545232273
EU Power Grid,seamless,7.0,82,0.02230868999290483,0.002312918235726849,0.023866598971834886,0.025226092959825534,0.03076448631075984,0.043615471096751644,0.1581295843520782,0.0248319070904645
EU Power Grid,seamless,7.0,83,0.02074468966374314,0.002662097956152351,0.02102534965181357,0.02440537969469517,0.03058433448839945,0.03983080345014934,0.2404110635696821,0.0218520782396088
EU Power Grid,seamless,7.0,84,0.021918983871543177,0.0019417525633327888,0.022360046264849106,0.027208629389576456,0.033589041187708744,0.0391822424840808,0.1249312347188263,0.0278117359413202
EU Power Grid,seamless,7.0,85,0.01960585226215538,0.0036676080521883723,0.016649338262626497,0.02208232666675994,0.031124856834187524,0.037521518387305844,0.2758786674816625,0.0168856968215158
EU Power Grid,seamless,7.0,86,0.02276742001249015,0.0019859597328932862,0.021736591237093202,0.026592747020429647,0.03380663620205876,0.04219926650366745,0.1225932151589242,0.0268184596577017
EU Power Grid,seamless,7.0,87,0.019480698539713792,0.002242976042650531,0.018058479712546368,0.02336039708844858,0.02777747356449076,0.042733833113797706,0.1572661980440097,0.0238386308068459
EU Power Grid,seamless,7.0,88,0.02011684919620647,0.002478818446300666,0.020891920555083425,0.02361145325885454,0.02962504757039108,0.03756443114714248,0.1707441931540342,0.0218520782396088
EU Power Grid,seamless,7.0,89,0.021118921378455204,0.0021852448943506606,0.019424334935607995,0.026214305091886884,0.03169697826472219,0.03980948895618125,0.1321286674816625,0.0228453545232273
EU Power Grid,seamless,7.0,90,0.020532950602672247,0.002412632913985286,0.020004505130372417,0.02426656933999772,0.032103825595801896,0.04154244002237568,0.1669621026894865,0.0208588019559902
EU Power Grid,seamless,7.0,91,0.022327693383905608,0.0018109372875020043,0.021777292086675525,0.027623068669464405,0.03138135623922528,0.04278147117938163,0.1323884474327628,0.0278117359413202
EU Power Grid,seamless,7.0,92,0.022612675945994254,0.0015510598441955308,0.0227696027132704,0.028076155321102716,0.03103659640195176,0.037537924853703254,0.0955990220048899,0.0288050122249388
EU Power Grid,seamless,7.0,93,0.02121393833345906,0.0023594856507351265,0.01982434292933481,0.024508992838046435,0.034136144477472534,0.045958632254536017,0.1630654034229828,0.0228453545232273
EU Power Grid,seamless,7.0,94,0.019787727767480244,0.00361116707021044,0.016685016772108395,0.02345291363141529,0.03042428776927147,0.041303045341208884,0.2586033007334963,0.0168856968215158
EU Power Grid,seamless,7.0,95,0.021350817391002943,0.0018927186538855122,0.01998649111073535,0.025528498750263872,0.03130861272063498,0.04610171992243479,0.0972570293398533,0.0248319070904645
EU Power Grid,seamless,7.0,96,0.02372182434375012,0.0012519385770611848,0.023801040400041322,0.03033187220159881,0.03273034418254092,0.04217103950565694,0.0540953545232273,0.030791564792176
EU Power Grid,seamless,7.0,97,0.02170674392237082,0.0023195208516097084,0.022191921936647218,0.025177068254177096,0.03513695151692436,0.04037085069645327,0.1868581907090464,0.0238386308068459
EU Power Grid,seamless,7.0,98,0.02037627887590711,0.0022286627856906746,0.02111720222728567,0.02183780709192283,0.028493130251925448,0.0404957494040981,0.1808832518337408,0.0218520782396088
EU Power Grid,seamless,7.0,99,0.02216473778823126,0.0016070682409949234,0.023283796389156345,0.0254776579986482,0.03300767454496057,0.04307119489336356,0.1745262836185818,0.0258251833740831
EU Power Grid,seamless,7.0,100,0.021554625723800756,0.002187400231029657,0.021257237168941002,0.025230143735644917,0.032822352335606736,0.04327378229855754,0.1297218826405868,0.0258251833740831
EU Power Grid,seamless,8.0,1,0.020358664311005824,0.0023188074655258123,0.019747525301865947,0.0232482975739428,0.030868585484248832,0.041218758489540826,0.1915647921760391,0.0228453545232273
EU Power Grid,seamless,8.0,2,0.020655577116965546,0.001985967322106952,0.019838544244891922,0.02361441782536731,0.030272516486762487,0.03773944096642618,0.1437729217603912,0.0238386308068459
EU Power Grid,seamless,8.0,3,0.02165669305829332,0.001501441565296553,0.02067806999881135,0.026515664666365207,0.0310238742659167,0.03566114275794872,0.0528499388753056,0.0168856968215158
EU Power Grid,seamless,8.0,4,0.020440309071543476,0.0018924150853391725,0.020168257105729205,0.02378969262773455,0.03062336576337947,0.03556996351922997,0.2242665036674816,0.0208588019559902
EU Power Grid,seamless,8.0,5,0.019670580665448342,0.003005669247684274,0.01835675631817667,0.02224274429354472,0.031192340222891874,0.04498437924477035,0.1993887530562347,0.018872249388753
EU Power Grid,seamless,8.0,6,0.0197803586410179,0.002388005915663596,0.018711174147233355,0.021698935599085534,0.03053007358980882,0.04029622198999213,0.1501757334963325,0.0218520782396088
EU Power Grid,seamless,8.0,7,0.018776609242550656,0.003005699604538895,0.01565054335632098,0.02412146298337948,0.030852701392414306,0.0376612256147556,0.2535223105134474,0.0158924205378973
EU Power Grid,seamless,8.0,8,0.019181918787194083,0.0028102773528336997,0.017438526083807398,0.021718561026202947,0.02871419839329367,0.0375205247135528,0.2210574572127139,0.0178789731051344
EU Power Grid,seamless,8.0,9,0.020941918148299064,0.0017687184919200176,0.01967404607808003,0.02761451934668502,0.0325359457223719,0.03746722953577347,0.0903805012224938,0.0317848410757946
EU Power Grid,seamless,8.0,10,0.02167167416605511,0.0014805484600948268,0.0203758493105687,0.026720449307778997,0.03089118370390548,0.045261153695650286,0.1145323960880195,0.0278117359413202
EU Power Grid,seamless,8.0,11,0.01796931422884616,0.0037415952961446417,0.014538710822630562,0.02195778836617864,0.029289882723194917,0.03753769482784032,0.3008251833740831,0.0148991442542787
EU Power Grid,seamless,8.0,12,0.019260307775072268,0.0026641470438401437,0.017138255152776543,0.02310527478215963,0.033101108037602085,0.041088528932355275,0.1828086797066014,0.0178789731051344
EU Power Grid,seamless,8.0,13,0.019086917010617543,0.0027948105353977656,0.017275588318035873,0.02369646207796674,0.02866684494702518,0.03821954395662795,0.1699266503667481,0.0178789731051344
EU Power Grid,seamless,8.0,14,0.019803915560213742,0.0022496014261743523,0.01995931865301435,0.021623792332240065,0.030199825729594693,0.04093005475506596,0.1584199266503667,0.0208588019559902
EU Power Grid,seamless,8.0,15,0.018868514619954528,0.0028053595423830112,0.018256696935801845,0.022401499993773326,0.03019154918308021,0.03773691651579906,0.2111323349633251,0.018872249388753
EU Power Grid,seamless,8.0,16,0.019032373332054233,0.002871006240528647,0.01644646876746043,0.023315149565208235,0.02876920150503603,0.042732063813022116,0.238661369193154,0.0168856968215158
EU Power Grid,seamless,8.0,17,0.021012808993082683,0.001666066787975756,0.021485105216152173,0.025535707182004014,0.029343150890994783,0.04024581496618057,0.1288661369193154,0.0238386308068459
EU Power Grid,seamless,8.0,18,0.02101006169773833,0.0020176750567719747,0.019985313833870713,0.025412254113716348,0.032696252840328295,0.04156608719075039,0.1408083740831295,0.0258251833740831
EU Power Grid,seamless,8.0,19,0.019593648806592586,0.0020263419387699278,0.01920239519864429,0.02093560255033233,0.028581409563882332,0.045002773250022554,0.1346959046454767,0.0208588019559902
EU Power Grid,seamless,8.0,20,0.019576717270920568,0.0029824234862484227,0.01664538939043209,0.024840325875182274,0.029268672023734673,0.04413116705140728,0.2314715770171149,0.0168856968215158
EU Power Grid,seamless,8.0,21,0.01990252980249171,0.0022672842939985534,0.020187999489107,0.02347605782462883,0.028283066951623883,0.0413105234678744,0.1497631418092909,0.0218520782396088
EU Power Grid,seamless,8.0,22,0.02057961667745808,0.001959086327328703,0.02187969342506111,0.02433940377129746,0.02680656305399626,0.03835883118671542,0.148968520782396,0.0228453545232273
EU Power Grid,seamless,8.0,23,0.01967256145021319,0.00289678679932642,0.018311341507727844,0.021753006407437252,0.03395524185672573,0.0384763516437928,0.1859489608801955,0.018872249388753
EU Power Grid,seamless,8.0,24,0.019873599720025666,0.003002891595485284,0.01742062582120913,0.023917839152820593,0.0314834796999484,0.043650174072499194,0.2792328850855745,0.0178789731051344
EU Power Grid,seamless,8.0,25,0.020906878748837968,0.0021824596529380082,0.01994017022480582,0.024665416202432306,0.03270845902263994,0.041199183395530296,0.1486934596577017,0.0248319070904645
EU Power Grid,seamless,8.0,26,0.021473330067091387,0.0016179587625948118,0.02029680259163426,0.025776318747716572,0.03363069913725314,0.040561495450719395,0.0778422982885085,0.0238386308068459
EU Power Grid,seamless,8.0,27,0.020498928157841385,0.002583473702650761,0.021350137033459345,0.02282581187607313,0.032351670741646264,0.04260165983280616,0.2140051955990219,0.0228453545232273
EU Power Grid,seamless,8.0,28,0.019435800751710374,0.0029448341109981,0.018096149184862628,0.01987278911868691,0.029265488277388403,0.0403765016373473,0.2549128973105134,0.018872249388753
EU Power Grid,seamless,8.0,29,0.021005242547065203,0.0018917548237508835,0.020620419081596557,0.024639009177313216,0.03038103947975348,0.039487280242170096,0.1423594132029339,0.0248319070904645
EU Power Grid,seamless,8.0,30,0.019578379308711775,0.0025525704246335394,0.019179312453761078,0.02049886063171473,0.032304484254145456,0.037473548879914755,0.2541488386308068,0.0198655256723716
EU Power Grid,seamless,8.0,31,0.019657519628742147,0.002311347268499545,0.018962937344371402,0.022532221472074333,0.027409695540807903,0.04229118599125311,0.1451100244498777,0.0228453545232273
EU Power Grid,seamless,8.0,32,0.020373637829553946,0.0020410042995580658,0.019829401941812732,0.02445724391179551,0.03066130271291615,0.03802776645838986,0.0859642420537897,0.0248319070904645
EU Power Grid,seamless,8.0,33,0.020575199755108846,0.001802687812255262,0.018689536242261405,0.026996208230316728,0.030336707319439542,0.03972101825096923,0.0806311124694376,0.0297982885085574
EU Power Grid,seamless,8.0,34,0.019365850969420412,0.003698541687060226,0.015545312331840871,0.021954109253817192,0.03355297686862342,0.04562214333284669,0.3020247555012225,0.0158924205378973
EU Power Grid,seamless,8.0,35,0.02059855176553592,0.0023391920934124127,0.020182383687891988,0.024830693310891848,0.030394539908141532,0.04288966992665034,0.1913966992665036,0.0208588019559902
EU Power Grid,seamless,8.0,36,0.018114526242987043,0.0032778184494764626,0.014623177032326427,0.021028725912259103,0.032422887876963624,0.041659528083462606,0.3238768337408312,0.0148991442542787
EU Power Grid,seamless,8.0,37,0.019343515913623568,0.002769250063796082,0.01881778981569457,0.021326515695488425,0.029414808424375532,0.042807817586914716,0.1823808068459657,0.0208588019559902
EU Power Grid,seamless,8.0,38,0.019758395456690333,0.002137030619978493,0.018767798504070194,0.023882905238163415,0.030670191879713857,0.0408303066604086,0.1301879584352078,0.0218520782396088
EU Power Grid,seamless,8.0,39,0.020812802856327767,0.002283639049432526,0.020586112801732104,0.025646059417573537,0.028653113110486846,0.0407519601264775,0.1598181540342298,0.0228453545232273
EU Power Grid,seamless,8.0,40,0.019208040860606495,0.002178186925648296,0.018484009558468486,0.02077023554487431,0.027453290571864356,0.04123925556009608,0.1895629584352078,0.0208588019559902
EU Power Grid,seamless,8.0,41,0.021324073002070558,0.0016547209135563653,0.019490923030415906,0.026690902834705075,0.03360152216459812,0.037793291296701385,0.091908618581907,0.030791564792176
EU Power Grid,seamless,8.0,42,0.019638121598631125,0.0025190716355451242,0.017457918019794832,0.024694871920740734,0.028212860314529596,0.04188843090111867,0.2105745721271393,0.0178789731051344
EU Power Grid,seamless,8.0,43,0.02038388326799287,0.0018232925273379645,0.020511363654580207,0.022437189232912234,0.03081473608961654,0.041708372719753445,0.1191931540342298,0.0228453545232273
EU Power Grid,seamless,8.0,44,0.020426914109436308,0.002306710258954228,0.020971507929816655,0.02516266024896107,0.032163391564998305,0.040119024739155,0.1329767726161369,0.0258251833740831
EU Power Grid,seamless,8.0,45,0.019050579855620874,0.002834008823943677,0.016473718855331568,0.020792691034515583,0.03210986237029321,0.04296253151383194,0.2786369193154034,0.0168856968215158
EU Power Grid,seamless,8.0,46,0.019731757316749157,0.0021454091118574227,0.020265424818685804,0.021942896057113803,0.029799932665451452,0.03950895229995889,0.1759932762836185,0.0218520782396088
EU Power Grid,seamless,8.0,47,0.01943712127488695,0.0025961476894603855,0.018271504881219817,0.021825296038930474,0.029674220739206666,0.037628690780312855,0.1933603300733496,0.018872249388753
EU Power Grid,seamless,8.0,48,0.020540964812295566,0.0021965452334881006,0.018768949749097985,0.023725597561322656,0.03078086138394733,0.04366803734163146,0.1369116748166259,0.0238386308068459
EU Power Grid,seamless,8.0,49,0.020726134036348202,0.0017553690650947975,0.02080337776210803,0.023837584396152633,0.028641073420846402,0.03799960252247915,0.1103453545232273,0.0268184596577017
EU Power Grid,seamless,8.0,50,0.019610033918881192,0.002576218414393283,0.019086752964202695,0.021311888083025227,0.030085050280815456,0.043761323459569734,0.2131036063569682,0.0198655256723716
EU Power Grid,seamless,8.0,51,0.020520132420803108,0.0020086287140910946,0.020098341224563682,0.025250128683567068,0.02845027069507499,0.03469923848385845,0.1167634474327628,0.0258251833740831
EU Power Grid,seamless,8.0,52,0.021113950443508906,0.002171682969543004,0.021058593684434305,0.02371971237185103,0.03269623055658811,0.04699765152490021,0.1669850244498777,0.0238386308068459
EU Power Grid,seamless,8.0,53,0.018842225583841642,0.0025354567478337226,0.018176559169019894,0.02285097710056105,0.027859547074105685,0.04268986858190705,0.2219361246943765,0.018872249388753
EU Power Grid,seamless,8.0,54,0.017890325693088953,0.004932198724096722,0.012748968814095846,0.022007824679019378,0.03286368292200464,0.037613121880683754,0.3418551344743276,0.0129125916870415
EU Power Grid,seamless,8.0,55,0.018578386571005457,0.0035772281067298355,0.013850677293466411,0.02474940194069251,0.028502059013731852,0.03393766896804274,0.2537973716381418,0.0139058679706601
EU Power Grid,seamless,8.0,56,0.02031545891764824,0.002192651966881309,0.020104024215048383,0.022740970808692678,0.02942575103091761,0.04044841754957884,0.1576711491442542,0.0228453545232273
EU Power Grid,seamless,8.0,57,0.019478884717649424,0.00282440846866574,0.018241212332297224,0.023833242327911258,0.03163784458561846,0.04447362190563341,0.2889746332518337,0.018872249388753
EU Power Grid,seamless,8.0,58,0.018547270795005785,0.002986946657588873,0.017323818419343648,0.0223383792825003,0.027550477166968932,0.036789141842997,0.2423364914425427,0.0178789731051344
EU Power Grid,seamless,8.0,59,0.019288205724480742,0.0023389871846436466,0.01829419281237833,0.02218324512341745,0.026570920646705642,0.039318459657701595,0.2182610024449877,0.018872249388753
EU Power Grid,seamless,8.0,60,0.01974278444419489,0.0022081946764538223,0.019684917574072067,0.021043838521492907,0.030083684690245454,0.038771345034924826,0.1617053789731051,0.0208588019559902
EU Power Grid,seamless,8.0,61,0.020754472160148873,0.002107516168060763,0.020070099974369603,0.024407130595333063,0.030725346373268084,0.042558068459657664,0.1256265281173594,0.0248319070904645
EU Power Grid,seamless,8.0,62,0.020639078166472064,0.002097877866714531,0.020076466934506397,0.023703958486127087,0.030395497428019697,0.04521135529473157,0.1380195599022004,0.0238386308068459
EU Power Grid,seamless,8.0,63,0.02017546069329073,0.0024007557946098025,0.020996205038938565,0.022522387388063,0.030560976303045936,0.04036103412990429,0.1363004278728606,0.0218520782396088
EU Power Grid,seamless,8.0,64,0.019616818675891833,0.00361519694266309,0.017403805563916984,0.0230630555214322,0.032805193757388454,0.03941407024383788,0.3134168704156479,0.0178789731051344
EU Power Grid,seamless,8.0,65,0.020824953187394954,0.001657134283499753,0.020044794365580376,0.026301032375109838,0.03158645527347132,0.04024374538533252,0.0766809290953545,0.0268184596577017
EU Power Grid,seamless,8.0,66,0.0221589775750645,0.0017021762665626872,0.020476841203091983,0.027438909549149668,0.0322083246631639,0.043418321577456835,0.1076940709046454,0.030791564792176
EU Power Grid,seamless,8.0,67,0.021127246745838532,0.0019363642216352873,0.021948194680161973,0.026152115255359955,0.03166659389917325,0.040634871068657014,0.111231662591687,0.0268184596577017
EU Power Grid,seamless,8.0,68,0.01956355757443682,0.0025025195605560264,0.019743436858950823,0.020807487574126437,0.03073145297097717,0.03865608567224023,0.2307227995110024,0.0208588019559902
EU Power Grid,seamless,8.0,69,0.019986147758580573,0.002507376657297433,0.020154634183169217,0.021792297578091185,0.03051863313426313,0.04403639740128846,0.222234107579462,0.0218520782396088
EU Power Grid,seamless,8.0,70,0.019184688850179422,0.0024672676631125046,0.01801904132356856,0.02394128707158485,0.02926268209852599,0.044098738499968315,0.1664731051344743,0.018872249388753
EU Power Grid,seamless,8.0,71,0.019770257397638477,0.0021513590553656637,0.019232999842325203,0.023723270530706102,0.02889132255727602,0.035259194714664654,0.1587943154034229,0.0238386308068459
EU Power Grid,seamless,8.0,72,0.019163962707678193,0.0018788759281724906,0.01943289712690447,0.021823788869594397,0.03081512291693915,0.03561086439352363,0.1358267114914425,0.0218520782396088
EU Power Grid,seamless,8.0,73,0.020694191036059767,0.0019734071735022086,0.019016354433554615,0.025075198901904943,0.03138646416142916,0.041845493562231675,0.1186201100244498,0.0258251833740831
EU Power Grid,seamless,8.0,74,0.021121661084585908,0.0014947251112088211,0.020254831761555445,0.02662019150170963,0.03009617830308219,0.04306446495960452,0.1125916870415647,0.0278117359413202
EU Power Grid,seamless,8.0,75,0.021406552576110637,0.001895230683606457,0.020383440307291105,0.025719724410637173,0.03195184509465761,0.043986392965731244,0.1052872860635696,0.0268184596577017
EU Power Grid,seamless,8.0,76,0.019833771526746105,0.0024116766730643223,0.019152015421005458,0.024297646753468734,0.02875839470419276,0.036707661724939396,0.2203927261613691,0.0198655256723716
EU Power Grid,seamless,8.0,77,0.02005971000657196,0.0018180863267682724,0.020220526611032352,0.02349679369231784,0.029514495284666365,0.03720965770171145,0.1629507946210268,0.0238386308068459
EU Power Grid,seamless,8.0,78,0.019957771688711604,0.0024634654670696145,0.018774243192254046,0.022826013499882912,0.02963175164864626,0.04007479664034792,0.1777276894865525,0.0228453545232273
EU Power Grid,seamless,8.0,79,0.0193470524871884,0.0028397083234011863,0.01831757015666299,0.021690036903177865,0.029564452967570265,0.04390269067850271,0.2754813569682151,0.018872249388753
EU Power Grid,seamless,8.0,80,0.019639874706986242,0.003201091499389489,0.016535442248526523,0.02368989707127069,0.03082459060311747,0.04005024372341133,0.2760773227383862,0.0168856968215158
EU Power Grid,seamless,8.0,81,0.01900651688111988,0.003441775821353727,0.016440990660626285,0.021709417373020845,0.03177065141460004,0.04217956554447993,0.2903881418092909,0.0168856968215158
EU Power Grid,seamless,8.0,82,0.019152890044950494,0.0023729489157652303,0.018196024840599807,0.01929961795162999,0.028213221769352245,0.04161432075859525,0.2452551955990219,0.018872249388753
EU Power Grid,seamless,8.0,83,0.02111062636792651,0.00200977468535352,0.021471588600182334,0.025628056151356327,0.03209443368367572,0.04304313076492698,0.1205226161369193,0.0258251833740831
EU Power Grid,seamless,8.0,84,0.019352524310236145,0.002150577366358841,0.01828896363571808,0.01978506197980664,0.03159826860749413,0.03865814531686824,0.2907548899755501,0.018872249388753
EU Power Grid,seamless,8.0,85,0.020432742625525996,0.0017476584240178107,0.02079418015661946,0.02408337253247149,0.029354992981979466,0.04105691497752183,0.1534459046454767,0.0238386308068459
EU Power Grid,seamless,8.0,86,0.020204542560029914,0.002902547012493185,0.01927543143941631,0.02498417584054207,0.030299819636985498,0.03924584975005053,0.2515739608801955,0.0198655256723716
EU Power Grid,seamless,8.0,87,0.01980968336259417,0.0019694759608271236,0.020957868208139087,0.02172146014460825,0.02837682651444001,0.04240381055586831,0.1528346577017114,0.0218520782396088
EU Power Grid,seamless,8.0,88,0.01679467091721783,0.005557223593366078,0.01078597401684374,0.02373849854423087,0.02942533580978673,0.04199441861397246,0.3900137530562347,0.0109260391198044
EU Power Grid,seamless,8.0,89,0.01912549298364348,0.0025095471724037584,0.0185005438097202,0.020950538344724833,0.025651411703757003,0.03935857273838618,0.1979141198044009,0.018872249388753
EU Power Grid,seamless,8.0,90,0.020294907327061136,0.0028997010573712646,0.019284518636919892,0.02375002134338274,0.030287910571673123,0.03940931820190288,0.2781249999999999,0.0198655256723716
EU Power Grid,seamless,8.0,91,0.020767305520445332,0.001968641147324695,0.01931552090742134,0.026155035108372596,0.03528893172841822,0.042094516787460665,0.1129125916870415,0.0268184596577017
EU Power Grid,seamless,8.0,92,0.020213224620455193,0.00235651067898101,0.020175239585879728,0.022523635773276485,0.02961070935427689,0.039287923036394834,0.2229523227383862,0.0208588019559902
EU Power Grid,seamless,8.0,93,0.020373319082580298,0.0020642652394212285,0.020617832932645255,0.022590793428145454,0.030343963509273927,0.03907238941198899,0.1520476772616136,0.0228453545232273
EU Power Grid,seamless,8.0,94,0.020580451490960498,0.0018433356406099498,0.02009493837018973,0.023467432341526626,0.029533533291635803,0.04054950064232722,0.13067695599022,0.0238386308068459
EU Power Grid,seamless,8.0,95,0.019500051034542873,0.002435134932482606,0.01938126418707852,0.022213538598021453,0.027505922928971284,0.03829936346007913,0.2229446821515892,0.0198655256723716
EU Power Grid,seamless,8.0,96,0.020879974986418744,0.00154996699742871,0.02010488743590273,0.025984133147790286,0.03191648010133437,0.04289026788561705,0.1239838019559902,0.0268184596577017
EU Power Grid,seamless,8.0,97,0.01776297109868643,0.0038185651010686915,0.014649740727763831,0.02288546528982921,0.02622631418092906,0.03435121661456361,0.3399602689486552,0.0148991442542787
EU Power Grid,seamless,8.0,98,0.019036388026079553,0.0027172184149537237,0.017257174447844123,0.022018066769050215,0.029187373283466357,0.042370717084770707,0.2730440097799511,0.0178789731051344
EU Power Grid,seamless,8.0,99,0.02137290959196271,0.0016974557756671293,0.02054002749652318,0.02458006932827173,0.03259642047826346,0.0408442423933713,0.1560666259168704,0.0248319070904645
EU Power Grid,seamless,8.0,100,0.021440142435762963,0.0014464349447000703,0.021171804493701284,0.02791221413793634,0.031014293238994666,0.039361307529916005,0.0670385085574572,0.0288050122249388
EU Power Grid,seamless,9.0,1,0.01806823203967047,0.0030826011065400267,0.015452881454845668,0.020958975375759078,0.029708587346380363,0.04164804323849038,0.2381341687041564,0.0158924205378973
EU Power Grid,seamless,9.0,2,0.019494381891940006,0.002422665854441764,0.019436990078461443,0.0208183516515111,0.03185058199902148,0.040741601998511644,0.1551191931540342,0.0208588019559902
EU Power Grid,seamless,9.0,3,0.017375162280739376,0.0038340926322139026,0.012653383047842384,0.0238935996052912,0.030548114722661633,0.03794290129217289,0.3675427872860635,0.0129125916870415
EU Power Grid,seamless,9.0,4,0.019425335226075365,0.0026725331249327364,0.01828357487232443,0.023098882013879486,0.030158751675999615,0.03866111767420305,0.2709810513447432,0.018872249388753
EU Power Grid,seamless,9.0,5,0.02083167723069633,0.001546954079606308,0.022463614102091002,0.024558392965885703,0.028321559166540364,0.03966818575717237,0.1554171760391197,0.0248319070904645
EU Power Grid,seamless,9.0,6,0.020217429044821975,0.0018468873926021042,0.02105126025695003,0.024064198088561358,0.02940924746653459,0.04129537496911811,0.1540877139364303,0.0228453545232273
EU Power Grid,seamless,9.0,7,0.019147759736517382,0.0022121334783425637,0.018060922672081484,0.024375337476292298,0.029857684423699033,0.036322307735052045,0.127315097799511,0.0248319070904645
EU Power Grid,seamless,9.0,8,0.01963057033104097,0.002609003817397806,0.01892762732952475,0.02117927148483366,0.03365891535804127,0.038524073111759725,0.1678713325183373,0.0198655256723716
EU Power Grid,seamless,9.0,9,0.019333209761475394,0.0023549928362493183,0.019300985457923466,0.021661407740258588,0.029273603903483457,0.0394883503523658,0.1958970048899755,0.0208588019559902
EU Power Grid,seamless,9.0,10,0.01842968351858168,0.0026057480447383373,0.017163331293792956,0.019490605559562082,0.028106636727923462,0.043785795625816346,0.2464089242053789,0.0178789731051344
EU Power Grid,seamless,9.0,11,0.017868908932144798,0.0040075289319505695,0.013634051948374214,0.02106584834831227,0.03064077037288076,0.04067883405811972,0.3376298899755501,0.0139058679706601
EU Power Grid,seamless,9.0,12,0.020856736814196558,0.0014065839837795224,0.019811760051197107,0.027136996507992298,0.029721314215034565,0.04352678571428567,0.1097111858190709,0.0278117359413202
EU Power Grid,seamless,9.0,13,0.019119914911604512,0.0023044714409249808,0.01791595679654573,0.021713760913313604,0.02983077086550877,0.03694598254949882,0.1375840464547677,0.0218520782396088
EU Power Grid,seamless,9.0,14,0.018994753599949267,0.002532823290694241,0.018169782823757374,0.021454191356944558,0.028613043518658544,0.03553375470147387,0.2500229217603911,0.018872249388753
EU Power Grid,seamless,9.0,15,0.01984217278626601,0.0019550412764487417,0.017340246985205664,0.024397534522137776,0.028280149839004814,0.03649983001190067,0.1147234107579462,0.0248319070904645
EU Power Grid,seamless,9.0,16,0.018766120949274663,0.002753168520053819,0.018935511053606417,0.019864560278922312,0.03118990996841887,0.04117004992706123,0.2157625305623471,0.0198655256723716
EU Power Grid,seamless,9.0,17,0.018829551597032014,0.0026202282643986753,0.017334679034064247,0.020537591006365655,0.02791255721822885,0.040786592708827424,0.2909993887530562,0.0178789731051344
EU Power Grid,seamless,9.0,18,0.017927763284066124,0.0035515386184959553,0.01453973929755364,0.022865898699207323,0.02879018249643496,0.03625963851634942,0.3336720660146699,0.0148991442542787
EU Power Grid,seamless,9.0,19,0.021192680946001723,0.001477194027657785,0.02140239959184516,0.026683389645360173,0.030510814185695095,0.04045496456839742,0.094223716381418,0.0297982885085574
EU Power Grid,seamless,9.0,20,0.01697894461405877,0.0048424486833718245,0.011817365626806476,0.02281522099926466,0.027686770175118194,0.03586136238507663,0.3398303789731051,0.0119193154034229
EU Power Grid,seamless,9.0,21,0.01914797223449981,0.0024938299109171012,0.018185707421491552,0.020091117235091743,0.02893402276652812,0.042013522250518034,0.2142114914425427,0.018872249388753
EU Power Grid,seamless,9.0,22,0.01891565881520085,0.0025427575713731602,0.017426475299715208,0.021789292128128468,0.027862476061071607,0.04180759304536806,0.2138218215158924,0.0178789731051344
EU Power Grid,seamless,9.0,23,0.019501705483120413,0.00221060804639721,0.020023362763824385,0.022532325861316718,0.02843964407655927,0.035392544054119034,0.1894330684596576,0.0208588019559902
EU Power Grid,seamless,9.0,24,0.01798193509116018,0.0027549595744772054,0.01562517677669178,0.019527069569713847,0.02839519893309608,0.03892253627459531,0.2545461491442543,0.0158924205378973
EU Power Grid,seamless,9.0,25,0.014957808000180019,0.00587140944961247,0.007886573145445249,0.018436263200122222,0.029279525255217254,0.04275840537663338,0.3794544621026894,0.0079462102689486
EU Power Grid,seamless,9.0,26,0.018127989508017132,0.003135232303261423,0.017932675487841006,0.019865131983793076,0.030817216116573592,0.03812963227592981,0.2330913814180928,0.018872249388753
EU Power Grid,seamless,9.0,27,0.01998181431758158,0.0019227415831183654,0.019270061979513135,0.024330735675708752,0.029677021386786878,0.03913826123586957,0.1322585574572127,0.0248319070904645
EU Power Grid,seamless,9.0,28,0.019004536096355013,0.0019934806436288227,0.01891422178982916,0.01968359823980787,0.026486993024593678,0.03938417762312931,0.1128056234718826,0.0198655256723716
EU Power Grid,seamless,9.0,29,0.01986730826190281,0.0019773990998865516,0.017828520976442663,0.02333316128201029,0.029224204713510466,0.037954486716660324,0.1136155256723716,0.0228453545232273
EU Power Grid,seamless,9.0,30,0.018060984340626623,0.003804289790177143,0.013622368592921923,0.02317644661776683,0.029331924212016337,0.04002382536685861,0.3349098410757946,0.0139058679706601
EU Power Grid,seamless,9.0,31,0.019387950759593816,0.002626519722521522,0.01818491990914062,0.021534717569029926,0.028745933597531827,0.03815709046454756,0.2701940709046455,0.018872249388753
EU Power Grid,seamless,9.0,32,0.020209149212720594,0.0015978852924681992,0.02100116632683781,0.023487535332013178,0.029750674731979142,0.04283269709830693,0.1567389975550122,0.0238386308068459
EU Power Grid,seamless,9.0,33,0.019112682390988015,0.0024234930787305335,0.017697094518367658,0.020665715385742744,0.033298097134785425,0.039088284083351986,0.1821057457212714,0.0208588019559902
EU Power Grid,seamless,9.0,34,0.019405413540221923,0.00189608826474987,0.020044016137971642,0.024568076507797746,0.027938062850209344,0.040013733106921856,0.1064104523227383,0.0248319070904645
EU Power Grid,seamless,9.0,35,0.019472380761544127,0.0014110692090516731,0.018982292860838544,0.02346235612222379,0.02727427148808457,0.036148161893119014,0.0615449266503667,0.0238386308068459
EU Power Grid,seamless,9.0,36,0.020559786062168538,0.0017389156498832646,0.020793585704778555,0.025358414396765897,0.03014971527878701,0.03901542315615183,0.1234489608801956,0.0258251833740831
EU Power Grid,seamless,9.0,37,0.019567063791147022,0.0018429410014997086,0.018521054880074387,0.022700934545026,0.02791499733714188,0.041893100814550534,0.1441396699266503,0.0228453545232273
EU Power Grid,seamless,9.0,38,0.01787808429145787,0.0029143558289457445,0.014643084127026413,0.019282838243970327,0.029912880293616287,0.03925611718342426,0.3051191931540342,0.0148991442542787
EU Power Grid,seamless,9.0,39,0.019457278226363815,0.0018578538063385706,0.019033927916865836,0.02205591498317489,0.02726543398533002,0.04384170738933253,0.1233572738386308,0.0228453545232273
EU Power Grid,seamless,9.0,40,0.019299832399805504,0.0027474993774509555,0.017995649156932293,0.021367468228440874,0.029865370357200313,0.04371774232504215,0.1817542787286063,0.018872249388753
EU Power Grid,seamless,9.0,41,0.019015980630551974,0.0023124932397619665,0.018541570581944368,0.020764735184693475,0.03022696564148752,0.040231784265106874,0.203713325183374,0.0208588019559902
EU Power Grid,seamless,9.0,42,0.018628725825202003,0.0035134938904261156,0.01563719890915115,0.02147911103985707,0.028771463025990443,0.03533794361338808,0.2944682151589242,0.0158924205378973
EU Power Grid,seamless,9.0,43,0.0174129717431858,0.004312835408216559,0.01278882273051417,0.022497058825766796,0.03042476388674997,0.03875946231622543,0.3068688875305623,0.0129125916870415
EU Power Grid,seamless,9.0,44,0.01893165687759288,0.0025156109541168586,0.018305974774055177,0.022283226957927595,0.028794700051964897,0.04163176522080342,0.1763905867970659,0.0198655256723716
EU Power Grid,seamless,9.0,45,0.018521877286104604,0.0031870438649076855,0.016483651356450843,0.02137625943983976,0.029369751249069775,0.039007687094716526,0.2973334352078239,0.0168856968215158
EU Power Grid,seamless,9.0,46,0.017814517037854652,0.0033205305439462434,0.015309990988535176,0.02019156003012229,0.028772473863923696,0.039593096305351724,0.2512530562347188,0.0158924205378973
EU Power Grid,seamless,9.0,47,0.018983521563734763,0.0025019807263862775,0.019114495633045903,0.022628109111902685,0.02803811053619141,0.0392486028641284,0.1362087408312958,0.0198655256723716
EU Power Grid,seamless,9.0,48,0.017340464395892926,0.003453819903429694,0.013728383804811454,0.020584010373890547,0.028955011339073664,0.03859960276970257,0.2817848410757946,0.0139058679706601
EU Power Grid,seamless,9.0,49,0.01984890441878106,0.0028968930483176413,0.019196872697494288,0.021838054451180602,0.03094152657567081,0.04112345234506697,0.2444911369193153,0.0198655256723716
EU Power Grid,seamless,9.0,50,0.019360310843449736,0.002341643409424102,0.019178148137577462,0.021014562279791954,0.029832500945132803,0.04061694640851101,0.1598105134474327,0.0198655256723716
EU Power Grid,seamless,9.0,51,0.018244157601487097,0.0031661052244240082,0.016412458628815605,0.020362444559314765,0.030294359063918908,0.03643417927226383,0.2926650366748166,0.0168856968215158
EU Power Grid,seamless,9.0,52,0.018409040857430687,0.0021979340595875995,0.017256452564134526,0.019412026218726147,0.030949049140654595,0.041111537027060524,0.1455149755501222,0.0178789731051344
EU Power Grid,seamless,9.0,53,0.018961596325475494,0.0026524520655924607,0.018265452353035564,0.02116028418841644,0.029781288292095903,0.03952472948333321,0.1720507334963325,0.0208588019559902
EU Power Grid,seamless,9.0,54,0.01816453157178259,0.0034700759990861085,0.013596874539362504,0.024083918018279082,0.029765927975068485,0.03661925487427475,0.2618658312958435,0.0139058679706601
EU Power Grid,seamless,9.0,55,0.018626722272796152,0.002661384570068465,0.017889216883904324,0.019078035368977522,0.031257974592787535,0.040811220576249994,0.1846653422982885,0.018872249388753
EU Power Grid,seamless,9.0,56,0.01998750622782542,0.0019016359799342009,0.02076675098277367,0.02360319611106929,0.030690827293631345,0.0387862971784278,0.1531784841075794,0.0238386308068459
EU Power Grid,seamless,9.0,57,0.019187656232719882,0.002301056294778681,0.01994648329092228,0.020829755474642907,0.029435323108256688,0.034723850353350905,0.2095889364303178,0.0208588019559902
EU Power Grid,seamless,9.0,58,0.018607468437744665,0.002629919690240511,0.017862066869332196,0.01977394148121955,0.032222681254684166,0.03833230063301732,0.1640739608801955,0.0198655256723716
EU Power Grid,seamless,9.0,59,0.019647744721550054,0.002589469181440944,0.01831390351138529,0.020853912732628287,0.031210814539724536,0.0402923923430558,0.1674281784841075,0.0208588019559902
EU Power Grid,seamless,9.0,60,0.01861754691348309,0.0021524670805597897,0.018682848927304596,0.019911973843907707,0.02628629054365404,0.0366179926211147,0.1952933985330073,0.0198655256723716
EU Power Grid,seamless,9.0,61,0.019890182151869395,0.002053162219838912,0.018701534315967487,0.024454537828962643,0.031528377555251064,0.041633665071111214,0.1240449266503667,0.0248319070904645
EU Power Grid,seamless,9.0,62,0.020974270966125048,0.001955322077354107,0.020689510523035595,0.02449735829225978,0.028752627602822465,0.042510106463040126,0.1371485330073349,0.0228453545232273
EU Power Grid,seamless,9.0,63,0.020259609894335666,0.002048578334789206,0.018958478610826987,0.024696305173581862,0.03061976434878742,0.03884703545232261,0.1314333740831295,0.0248319070904645
EU Power Grid,seamless,9.0,64,0.019431459721497745,0.002610483714061208,0.018468089309656738,0.02150958416106356,0.030974292233215853,0.03908450930186283,0.2251298899755501,0.018872249388753
EU Power Grid,seamless,9.0,65,0.018968153406076386,0.002697129766399793,0.0182227214396114,0.021326727948867676,0.02856249626275638,0.042313139692418365,0.2627903422982884,0.018872249388753
EU Power Grid,seamless,9.0,66,0.019388648967250396,0.0021370078523375237,0.017678575258439418,0.023636604289704613,0.027984996350994218,0.04048360419962599,0.1291564792176039,0.0238386308068459
EU Power Grid,seamless,9.0,67,0.01856672953882608,0.002578328215790336,0.018728814093631137,0.019846420129467673,0.029291717603911867,0.03473832042147707,0.2167558068459657,0.0198655256723716
EU Power Grid,seamless,9.0,68,0.018920280646318857,0.0025072021053832915,0.01895180971406633,0.020256114667874744,0.030220270723243105,0.041728559165108536,0.1924358190709046,0.0198655256723716
EU Power Grid,seamless,9.0,69,0.018226755534568272,0.0034318035946065036,0.01552661906123421,0.023014853039582422,0.02860699232617901,0.03675122249388735,0.3473028728606356,0.0158924205378973
EU Power Grid,seamless,9.0,70,0.018567716136601665,0.0027532140553357723,0.018159051009880835,0.02101413059111173,0.026653023461823615,0.04123267104624066,0.2741595354523227,0.018872249388753
EU Power Grid,seamless,9.0,71,0.01734460810655045,0.0034863017378878743,0.015271891674552217,0.017592838292142917,0.02614457610132441,0.04132302137655565,0.2975473716381417,0.0158924205378973
EU Power Grid,seamless,9.0,72,0.020078121438907377,0.002139975234877978,0.021065066066570895,0.024054662528105734,0.028525522520870882,0.04154120238620113,0.1384627139364303,0.0228453545232273
EU Power Grid,seamless,9.0,73,0.02013866818547452,0.0019131184601994412,0.02022256997101087,0.023872088073925792,0.02714289072785401,0.04268130804704992,0.1305547066014669,0.0238386308068459
EU Power Grid,seamless,9.0,74,0.020204223813056258,0.0018234594900384572,0.020401670347521956,0.023719508362930145,0.027937784696727672,0.039300006919776434,0.1746103300733496,0.0238386308068459
EU Power Grid,seamless,9.0,75,0.019245577111361205,0.002532830879907905,0.01745457541382485,0.023004465134343146,0.030788316668292348,0.03898182328805792,0.2935131418092909,0.0178789731051344
EU Power Grid,seamless,9.0,76,0.018839189898378267,0.003473066149267533,0.01640733788460108,0.021426789100170266,0.03046240377560037,0.03875285734742683,0.3146699266503667,0.0168856968215158
EU Power Grid,seamless,9.0,77,0.01942307364040516,0.0021255329612859357,0.019121618197572823,0.022667718569112656,0.02815436691205976,0.035564257334963253,0.1530867970660146,0.0198655256723716
EU Power Grid,seamless,9.0,78,0.017809310837284955,0.003389311587332826,0.014639965488508724,0.018814083307700524,0.02982132613868593,0.03930536150890663,0.2712943154034229,0.0148991442542787
EU Power Grid,seamless,9.0,79,0.01952410884184017,0.002165292851642578,0.020069636086511373,0.021230136485890613,0.029895532340520038,0.038765468637805396,0.2507564180929095,0.0208588019559902
EU Power Grid,seamless,9.0,80,0.018638462786325784,0.002016354533595409,0.01829945708011241,0.020433514307184857,0.027334631838461725,0.03269098786085015,0.1905256723716381,0.018872249388753
EU Power Grid,seamless,9.0,81,0.01916530599849572,0.0029204575567271466,0.017350435698359905,0.022728804555950947,0.03194805382462827,0.0407766053274995,0.2443536063569682,0.0178789731051344
EU Power Grid,seamless,9.0,82,0.020105306002231954,0.0019221875705212946,0.020189903166624633,0.024412764911422722,0.028467056026000265,0.036332627488648225,0.1317389975550122,0.0248319070904645
EU Power Grid,seamless,9.0,83,0.018994670118599035,0.0016952017792105669,0.018322988886733154,0.02486615626002287,0.02627778652259396,0.03412311114673926,0.0906861246943765,0.0258251833740831
EU Power Grid,seamless,9.0,84,0.01969959422926462,0.0026879771747276874,0.019045877154783532,0.023842859459762007,0.03128574100538687,0.04055297294785449,0.1594896088019559,0.0198655256723716
EU Power Grid,seamless,9.0,85,0.017492916519863975,0.002599836047298387,0.015500318074371511,0.019701592086601213,0.027385692248596043,0.03287370461683255,0.2106891809290953,0.0158924205378973
EU Power Grid,seamless,9.0,86,0.01989039464985183,0.0020045229495018785,0.019129971846634397,0.023741301410578827,0.030656118026228002,0.040155010734092576,0.1613997555012224,0.0238386308068459
EU Power Grid,seamless,9.0,87,0.01956221428361928,0.0017064338154250793,0.020022165114522778,0.022469171568590407,0.02795824957968476,0.03686409479884407,0.1271699266503667,0.0228453545232273
EU Power Grid,seamless,9.0,88,0.018373925565833022,0.003419751923316894,0.01644433104775315,0.022369363956850147,0.02761948891868436,0.03819474634845882,0.3048746943765281,0.0168856968215158
EU Power Grid,seamless,9.0,89,0.017527644761565066,0.003060326764452466,0.016308208663362907,0.020951870433563183,0.02681410171248164,0.036262048277908854,0.2438034841075794,0.0168856968215158
EU Power Grid,seamless,9.0,90,0.019526256589305523,0.002115545556111403,0.020475581981977218,0.02158737777334726,0.02670401830755403,0.04199108598207005,0.1620339242053789,0.0218520782396088
EU Power Grid,seamless,9.0,91,0.018211296306346006,0.0034161394576154584,0.01546664313858532,0.022205713104272537,0.03190964171039728,0.039025011681058784,0.2493352689486552,0.0158924205378973
EU Power Grid,seamless,9.0,92,0.0202020608871636,0.0020015403885340977,0.019239279169643457,0.024359100182533382,0.031219264495037265,0.03963004019725655,0.1098257946210268,0.0248319070904645
EU Power Grid,seamless,9.0,93,0.0212777939771813,0.001471031586167123,0.019451581108365,0.025727482149342666,0.0309810230462736,0.04424025354188292,0.0664960268948655,0.0198655256723716
EU Power Grid,seamless,9.0,94,0.018617023257740662,0.0038752489378836947,0.014566660109428245,0.02214674005972581,0.03355767518741228,0.04313777766217547,0.3264517114914425,0.0148991442542787
EU Power Grid,seamless,9.0,95,0.01881058615209954,0.002885349854343136,0.01745918926756215,0.023226732931772985,0.02671769458175139,0.03740327121068473,0.3001528117359412,0.0178789731051344
EU Power Grid,seamless,9.0,96,0.01944841402481074,0.0022246329132380362,0.01725526355726527,0.021627072343218263,0.029439319488959472,0.04419182414555902,0.1433068459657701,0.0218520782396088
EU Power Grid,seamless,9.0,97,0.020146113204073474,0.0023601535015370665,0.018482992466794357,0.02354501848682927,0.03161915661209735,0.04024685413370059,0.1761537286063569,0.0218520782396088
EU Power Grid,seamless,9.0,98,0.01778900969074858,0.002872478547978385,0.016440623396585995,0.018253950822462905,0.027214061833560566,0.042987488780910486,0.3087179095354523,0.0168856968215158
EU Power Grid,seamless,9.0,99,0.01945380995572189,0.002886032883572393,0.01823897573737475,0.01991286211162268,0.029574790505848804,0.04580683320487355,0.2209504889975549,0.018872249388753
EU Power Grid,seamless,9.0,100,0.020690472321367125,0.0015308118221547752,0.01948322487633175,0.025632017589811897,0.031597205098245235,0.038972505532689106,0.0708205990220048,0.0178789731051344
EU Power Grid,seamless,10.0,1,0.018452777495744355,0.0024621145870384184,0.01713105751779856,0.021560474193041867,0.02914728319853925,0.04141561881476301,0.2231815403422982,0.0178789731051344
EU Power Grid,seamless,10.0,2,0.018880338614834402,0.0030811515667312638,0.016551406416693986,0.02094042578567593,0.030580115994768817,0.038947929324724524,0.2329156479217603,0.0168856968215158
EU Power Grid,seamless,10.0,3,0.018421669308958367,0.002440591577103038,0.017188688194778482,0.02058572329390812,0.027723322507216163,0.03830372266633958,0.1565250611246943,0.0178789731051344
EU Power Grid,seamless,10.0,4,0.019988409344250772,0.0016911036038350033,0.017537052919295217,0.02469037445597684,0.029492970050119745,0.04033111604775463,0.070369804400978,0.0168856968215158
EU Power Grid,seamless,10.0,5,0.019466423228822253,0.0019923498507937055,0.01943541538133426,0.023197789894005925,0.028183193040654,0.0362786062194548,0.1755654034229828,0.0218520782396088
EU Power Grid,seamless,10.0,6,0.017293851445602696,0.0027792298797569438,0.015206050862747742,0.020239705094282714,0.02904257223731205,0.04009348763573271,0.217015586797066,0.0158924205378973
EU Power Grid,seamless,10.0,7,0.018810593741313202,0.0025600154432324864,0.017181231811547543,0.02324154798371656,0.0283100450151954,0.040108265721109135,0.1758939486552567,0.0178789731051344
EU Power Grid,seamless,10.0,8,0.01893332650459774,0.002643291884706704,0.017469479305073577,0.02340823146511376,0.03259107396757934,0.03658374365269088,0.1346577017114914,0.0238386308068459
EU Power Grid,seamless,10.0,9,0.019500627814780902,0.0020686366264885026,0.019430635178837755,0.02336736688386276,0.03033288537437936,0.03852283658663664,0.1282854523227383,0.0238386308068459
EU Power Grid,seamless,10.0,10,0.018006782176677952,0.002164685714549905,0.017927821551502923,0.020206373244544745,0.0246920022509035,0.036676726772616096,0.1743505501222493,0.018872249388753
EU Power Grid,seamless,10.0,11,0.019487627491783975,0.0020425600883580463,0.01867104186915756,0.022252047156734976,0.030635462000221964,0.042888624372667564,0.1557227995110024,0.0208588019559902
EU Power Grid,seamless,10.0,12,0.01806608429220511,0.0021933805313925276,0.017164447009176215,0.018423588584999047,0.027979271193430324,0.03700667617019305,0.2450641809290953,0.0178789731051344
EU Power Grid,seamless,10.0,13,0.01770543726994167,0.004103350343602225,0.01287224212092343,0.021214555426826653,0.02848381085764466,0.040878956584946745,0.2883099022004889,0.0129125916870415
EU Power Grid,seamless,10.0,14,0.01792602535413832,0.0024725193989641576,0.017879166591540003,0.018783577333156828,0.02736690024683842,0.03791268300879608,0.1775443154034229,0.018872249388753
EU Power Grid,seamless,10.0,15,0.018845223323236737,0.0019529694211199843,0.01812716189321066,0.022109806187101202,0.028527040846118405,0.040882233088834465,0.1345507334963325,0.0228453545232273
EU Power Grid,seamless,10.0,16,0.018516337160133938,0.0031596999280962736,0.016397531093678096,0.02068448525720945,0.02795047118916067,0.04067079094793739,0.2979370415647921,0.0168856968215158
EU Power Grid,seamless,10.0,17,0.019815678841384337,0.0019608394356838096,0.020034352086984793,0.02335593472070963,0.028332762563307627,0.04288524844601479,0.144330684596577,0.0238386308068459
EU Power Grid,seamless,10.0,18,0.01812044582964064,0.0029940198047185363,0.015471171910572354,0.020737969685944917,0.030402258702992145,0.0396266647051807,0.2629049511002445,0.0158924205378973
EU Power Grid,seamless,10.0,19,0.018276943004491626,0.0027492448965923955,0.016363727100252124,0.02115384555411405,0.027701624370199372,0.04216189715966584,0.2410452322738386,0.0168856968215158
EU Power Grid,seamless,10.0,20,0.017942114487094252,0.0025595145551310294,0.017096772296969754,0.02079444776561306,0.02561428224536955,0.04178620188103435,0.1969514058679706,0.0178789731051344
EU Power Grid,seamless,10.0,21,0.01965955353800261,0.0019309151662285156,0.01997558834578902,0.02313383854420743,0.029601316770958452,0.04156479217603905,0.1277353300733496,0.0208588019559902
EU Power Grid,seamless,10.0,22,0.019620924440481077,0.0018183823061009487,0.01798460518322752,0.025983645317180604,0.030290371730081072,0.04138006840841539,0.108458129584352,0.0268184596577017
EU Power Grid,seamless,10.0,23,0.01857142726208066,0.002160511647037755,0.016886630351857546,0.02061631904217277,0.02978409884736284,0.037707767451147324,0.1486094132029339,0.0208588019559902
EU Power Grid,seamless,10.0,24,0.017920674958509117,0.0022799658700218364,0.018067103316163912,0.019394771911929305,0.028677752071337284,0.03693938412138537,0.2462790342298288,0.018872249388753
EU Power Grid,seamless,10.0,25,0.018724706610340466,0.002591639696547267,0.018934616213083396,0.02059709125568391,0.0281409279377562,0.04048934897879698,0.2192084352078239,0.0198655256723716
EU Power Grid,seamless,10.0,26,0.019293434692691434,0.0020267289886665087,0.01820335789372345,0.021652052946631813,0.02843407917296501,0.03838986908233463,0.1607961491442542,0.0218520782396088
EU Power Grid,seamless,10.0,27,0.0187416533244398,0.002502307062573597,0.017260295068157266,0.02181825700414508,0.031469818723082084,0.035285732895105955,0.2035834352078239,0.0178789731051344
EU Power Grid,seamless,10.0,28,0.019964829657413957,0.0017929204942768334,0.019647352729919187,0.023040704083525834,0.028545669643877163,0.03728994861381622,0.1288584963325183,0.0228453545232273
EU Power Grid,seamless,10.0,29,0.01956324641667682,0.0018467583759699071,0.017699854159091533,0.023773088191371843,0.029533718935882865,0.0411312949945666,0.1010085574572127,0.0268184596577017
EU Power Grid,seamless,10.0,30,0.019723963194321917,0.0019213375785915446,0.01946231594635615,0.021756546134004434,0.02802098270067808,0.04260432182034487,0.158450488997555,0.0218520782396088
EU Power Grid,seamless,10.0,31,0.017958127727913577,0.0023966652084479022,0.017133405161452783,0.01781079896694698,0.0282039151381733,0.03972540772949534,0.2045996332518337,0.0178789731051344
EU Power Grid,seamless,10.0,32,0.018000877768451662,0.00274799267633876,0.017128459449483,0.019033731038261656,0.02769704112439545,0.043210565197173985,0.2415800733496332,0.0178789731051344
EU Power Grid,seamless,10.0,33,0.018110223158842694,0.0024496303305702525,0.017204159789562922,0.021998461353233915,0.027684444738604246,0.036076499905961956,0.1578698044009779,0.0178789731051344
EU Power Grid,seamless,10.0,34,0.018883738582553388,0.00205644076013937,0.0181378732698386,0.022940503231223652,0.025799128537405493,0.03712215554586125,0.2113615525672371,0.018872249388753
EU Power Grid,seamless,10.0,35,0.018792842570566085,0.0023537937404912845,0.01970953225245767,0.02215159584299268,0.02789988439288066,0.03849975493786117,0.1684749388753056,0.0208588019559902
EU Power Grid,seamless,10.0,36,0.018743171167171495,0.002305412503418633,0.01863757889941723,0.019842860222883462,0.030648389832375108,0.037485945298039204,0.2255424816625916,0.0198655256723716
EU Power Grid,seamless,10.0,37,0.018680643635839485,0.002246140744746099,0.019439243160118993,0.02183939611132725,0.02749787987591532,0.03665109383626463,0.1617665036674816,0.0218520782396088
EU Power Grid,seamless,10.0,38,0.019360485395363867,0.002760522468088869,0.01736985363897592,0.023200461252607087,0.03244971863461426,0.04206035417886285,0.1973639975550122,0.0178789731051344
EU Power Grid,seamless,10.0,39,0.016866631841127282,0.0036921288015188446,0.01266261522846919,0.02151558460931683,0.027813820466574383,0.037178883116001045,0.3721729828850855,0.0129125916870415
EU Power Grid,seamless,10.0,40,0.016593822377746807,0.003373351471009101,0.013516368556573741,0.019523399162863626,0.02603396119165893,0.0360364348879189,0.2671531173594131,0.0139058679706601
EU Power Grid,seamless,10.0,41,0.019479173107768456,0.0014697034737768875,0.01743167775213306,0.022528693590965355,0.030914776223251037,0.03902774765360034,0.129752444987775,0.0218520782396088
EU Power Grid,seamless,10.0,42,0.01919544276593346,0.0022936871683163166,0.017697224678770145,0.02166683404984639,0.03366266221553498,0.03976106793573167,0.1468215158924205,0.0218520782396088
EU Power Grid,seamless,10.0,43,0.018522704510393374,0.002995833626782914,0.01649470034495283,0.021391651009597345,0.02728452657823813,0.03685055012224928,0.2527047677261613,0.0168856968215158
EU Power Grid,seamless,10.0,44,0.0187918180267222,0.0022535022819947983,0.018854626745011375,0.020707218674963536,0.030483553636919264,0.03813485769381377,0.1834886919315403,0.0208588019559902
EU Power Grid,seamless,10.0,45,0.018653944782189038,0.0023836952423055982,0.018870094153073225,0.02099929625429079,0.02708251726126929,0.03353758927295404,0.1948044009779951,0.0198655256723716
EU Power Grid,seamless,10.0,46,0.01872241466781561,0.0023571633513556406,0.01842156910817801,0.019776953468801744,0.029424219472625877,0.03645357180822788,0.2188646088019559,0.0198655256723716
EU Power Grid,seamless,10.0,47,0.0204307694299748,0.0016843188468243383,0.018546302235353477,0.0261256056990537,0.0312676060538526,0.03964311422872468,0.1222646699266503,0.0268184596577017
EU Power Grid,seamless,10.0,48,0.018771767324236553,0.0014360225435606693,0.01941122080217003,0.020682414729862722,0.027302819002738177,0.04087335325109328,0.1586109413202933,0.0208588019559902
EU Power Grid,seamless,10.0,49,0.01944254756265275,0.0018527993900420414,0.019096243906788813,0.02328800569811796,0.026517831763244286,0.040143716853879415,0.1364303178484107,0.0238386308068459
EU Power Grid,seamless,10.0,50,0.0183556810961981,0.002862673283931664,0.01646458848994481,0.02140592094300103,0.029366705203215125,0.03789992294256145,0.253132640586797,0.0168856968215158
EU Power Grid,seamless,10.0,51,0.017451153077101485,0.003644597556375937,0.013651459739132822,0.02050189406563869,0.03028340372364257,0.04350197319197828,0.3336033007334963,0.0139058679706601
EU Power Grid,seamless,10.0,52,0.01734219473660706,0.0031648605933840145,0.015348026810183012,0.018795843520782337,0.02924052172646687,0.03741842322985352,0.2558297677261613,0.0158924205378973
EU Power Grid,seamless,10.0,53,0.01900014194164678,0.0027406918527993207,0.017236155940787905,0.02314641733477371,0.029117644148739616,0.038919402724414846,0.2246485330073349,0.0178789731051344
EU Power Grid,seamless,10.0,54,0.018574083486861105,0.0026253282159771503,0.017943785888678405,0.021779194125552546,0.029303326112564896,0.039710613561129614,0.2002215770171149,0.018872249388753
EU Power Grid,seamless,10.0,55,0.018390895047573325,0.0026692545846322834,0.017296933628163928,0.021954745651240597,0.029325996838060857,0.0362065618144981,0.2076329462102689,0.0178789731051344
EU Power Grid,seamless,10.0,56,0.01883323236565638,0.0020621099027422316,0.018199034522495196,0.020861444819716014,0.0293116023915678,0.04067834261523128,0.1891962102689486,0.018872249388753
EU Power Grid,seamless,10.0,57,0.01704788503093217,0.002178042730588782,0.01606298197849336,0.017505145800948228,0.02854886119818001,0.038244041235934105,0.2360788508557457,0.0168856968215158
EU Power Grid,seamless,10.0,58,0.019398795745911756,0.0019598528379082027,0.019160049751008445,0.02272523534024942,0.02984354642009222,0.039923175885840684,0.152322738386308,0.0228453545232273
EU Power Grid,seamless,10.0,59,0.01640651299544248,0.0041040106051905105,0.01259304948335671,0.019649654593524885,0.02741235069934304,0.03768233972527453,0.3401207212713936,0.0129125916870415
EU Power Grid,seamless,10.0,60,0.019060111907975887,0.0016291149066727407,0.01848189146791973,0.022842490554912803,0.026559633514756122,0.03290584577712511,0.1038814180929095,0.0228453545232273
EU Power Grid,seamless,10.0,61,0.019737092533951048,0.0025536936282549885,0.018686761656612358,0.021134622349583847,0.03224231028528781,0.04044676081469469,0.1820140586797065,0.0208588019559902
EU Power Grid,seamless,10.0,62,0.017329475214515496,0.002991158671169305,0.015305793506792939,0.01897900098933778,0.02765880037090892,0.039470871116368524,0.2024831907090464,0.0158924205378973
EU Power Grid,seamless,10.0,63,0.018448375751822465,0.0027175751079956726,0.01726754561286999,0.02089954454753891,0.027546652713730024,0.04188404480274891,0.2404645476772615,0.0178789731051344
EU Power Grid,seamless,10.0,64,0.019193628943869084,0.0019093238533702097,0.018652499196780126,0.02166063319946192,0.028442517581226446,0.03520265002021438,0.1267955378973105,0.0218520782396088
EU Power Grid,seamless,10.0,65,0.018061022286694924,0.002260620964406435,0.016995655911095548,0.020940241585192303,0.02608154982228558,0.043174879596294714,0.1399602689486552,0.0178789731051344
EU Power Grid,seamless,10.0,66,0.020385105131391877,0.0020860994071166044,0.020267807347199997,0.024316572681589776,0.03163083768870144,0.04283503973105131,0.1418016503667481,0.0248319070904645
EU Power Grid,seamless,10.0,67,0.019281542394888634,0.002463852516966199,0.01927992582124615,0.02127316671012217,0.031092264566493544,0.04047971481224675,0.1328621638141809,0.0208588019559902
EU Power Grid,seamless,10.0,68,0.018294496855683632,0.0029741664217880232,0.016486497933100218,0.02192785473469666,0.029969926650366692,0.03715756279173145,0.3148838630806845,0.0168856968215158
EU Power Grid,seamless,10.0,69,0.01940835815512142,0.002371772587648163,0.018925700820979083,0.022735245374004,0.03213561871389396,0.04079776050536083,0.1640816014669926,0.0208588019559902
EU Power Grid,seamless,10.0,70,0.017910148719164843,0.002297034011539701,0.017075170910960034,0.019854147031481528,0.028102759565819913,0.03799122265095308,0.1854599633251833,0.0198655256723716
EU Power Grid,seamless,10.0,71,0.018715971425419576,0.0027060622708757927,0.017455152153330922,0.021646864609127424,0.02744135665078009,0.03642578043509094,0.2380730440097799,0.0178789731051344
EU Power Grid,seamless,10.0,72,0.018334120140194445,0.0039786064386981915,0.01541259538220333,0.021185824437427402,0.029703098404600482,0.0376364220834336,0.3242283007334963,0.0158924205378973
EU Power Grid,seamless,10.0,73,0.01906881673604214,0.002289831847777819,0.019269943089523962,0.021668173333076694,0.02685310883038602,0.035757946210268884,0.1582059902200489,0.0218520782396088
EU Power Grid,seamless,10.0,74,0.017987801553318153,0.0023577780776619767,0.017076138342210893,0.020208190582625133,0.02764704371320542,0.03294033918886628,0.1980669315403422,0.0178789731051344
EU Power Grid,seamless,10.0,75,0.018608212180683186,0.0018872923661197177,0.018719822003228723,0.020447421912941986,0.029871805337272527,0.037461116318976126,0.1306387530562347,0.0208588019559902
EU Power Grid,seamless,10.0,76,0.01988361748205483,0.001957355986614573,0.02096300524403591,0.022614708840928994,0.029628155543101314,0.03560722285337672,0.1932533618581907,0.0228453545232273
EU Power Grid,seamless,10.0,77,0.01854489537113071,0.0033309657127266177,0.015454858070913622,0.021862451882257553,0.03015828546849324,0.043076401856759,0.2435742665036674,0.0158924205378973
EU Power Grid,seamless,10.0,78,0.018352918622426422,0.002985573009916688,0.01717787516194183,0.021835171409249315,0.031687936072514696,0.04103661530373884,0.2002674205378972,0.0178789731051344
EU Power Grid,seamless,10.0,79,0.01754869724025362,0.003083701542520493,0.015436671435293444,0.02087268853704273,0.02771065453460846,0.03934816830804102,0.31007793398533,0.0158924205378973
EU Power Grid,seamless,10.0,80,0.018925934610494403,0.002712672475972306,0.01828140572224704,0.02286490354099299,0.027026484132697214,0.0353769635261412,0.2588630806845965,0.018872249388753
EU Power Grid,seamless,10.0,81,0.017809227355934713,0.0028757039637832254,0.015602968449095572,0.018909731512663133,0.027746093334750623,0.0426754060426126,0.2099480440097799,0.0158924205378973
EU Power Grid,seamless,10.0,82,0.019044925891445328,0.002492236176048818,0.018384406097797394,0.021984666330094556,0.029681795967460196,0.039583303326119514,0.1625840464547677,0.0198655256723716
EU Power Grid,seamless,10.0,83,0.02001614792017244,0.002199345653328059,0.02094146559580824,0.02215842767735555,0.030933027734769594,0.041202740517260666,0.2154798288508557,0.0218520782396088
EU Power Grid,seamless,10.0,84,0.0181289078028698,0.002107098761309551,0.017909150721219447,0.01882852837327038,0.027641320892660137,0.03779747351263242,0.1545767114914425,0.018872249388753
EU Power Grid,seamless,10.0,85,0.01886197271778095,0.0024151525329198934,0.018975592147485346,0.02188717938524128,0.028336641086300702,0.04012368149873903,0.1955302567237163,0.0198655256723716
EU Power Grid,seamless,10.0,86,0.018332382210266635,0.0028503408117366825,0.017422886588737002,0.020526818631048136,0.029419529458772846,0.036181236441619316,0.1922677261613691,0.0178789731051344
EU Power Grid,seamless,10.0,87,0.01907060020125188,0.0023346537436446622,0.019145280171452016,0.022483739213826282,0.02679191723919645,0.037460515088364135,0.1477689486552567,0.0198655256723716
EU Power Grid,seamless,10.0,88,0.0180881157794556,0.0023251824049989145,0.017240892565886453,0.020337094177779735,0.0266779621697535,0.03525454188124148,0.2517955378973105,0.0178789731051344
EU Power Grid,seamless,10.0,89,0.01744717632914447,0.0030221454305367768,0.014455574505662774,0.02126559186965474,0.02681620573335935,0.03961868977419811,0.3039196210268948,0.0148991442542787
EU Power Grid,seamless,10.0,90,0.018961361059852074,0.0021631602826045547,0.019229329128987165,0.022453769083004897,0.029005751426766237,0.03714650591287851,0.1355822127139364,0.0228453545232273
EU Power Grid,seamless,10.0,91,0.0195955081639389,0.0019031614118795509,0.019116503911736134,0.023414941147970388,0.028413048252829257,0.03784742896233702,0.1192924816625916,0.0238386308068459
EU Power Grid,seamless,10.0,92,0.018829771684228128,0.0019453574398205506,0.02023003073058026,0.021723975616001603,0.029115149123621394,0.03657957336653404,0.1938034841075794,0.0218520782396088
EU Power Grid,seamless,10.0,93,0.01766305910087287,0.002581029975852741,0.016168542842037014,0.02096468567197174,0.02665816904050399,0.03173759619929067,0.1927414425427872,0.0168856968215158
EU Power Grid,seamless,10.0,94,0.018185796548453592,0.0029992791297838465,0.015539942068255982,0.020604357151952225,0.028744980880524816,0.04011099309257543,0.2441473105134474,0.0158924205378973
EU Power Grid,seamless,10.0,95,0.01844751058146541,0.0027104943716523265,0.01625198641987382,0.023329666589128197,0.029971333157271424,0.04409292268054785,0.1839700488997555,0.0168856968215158
EU Power Grid,seamless,10.0,96,0.018779197164408182,0.002567316266771916,0.018823604212870458,0.021855478007830383,0.030024681533839616,0.04160239631795566,0.1726772616136919,0.0198655256723716
EU Power Grid,seamless,10.0,97,0.019362010827309213,0.0022436211258114965,0.018941407878732497,0.0232070653114654,0.02799920651308442,0.039496401213521375,0.1237240220048899,0.0238386308068459
EU Power Grid,seamless,10.0,98,0.0183801790778876,0.0018159537577302422,0.01748141819317551,0.021337219075195757,0.024219888370255054,0.039110253667481554,0.0928407701711491,0.0218520782396088
EU Power Grid,seamless,10.0,99,0.018317165836881432,0.002058846540869096,0.01777819524237169,0.019677769123118107,0.028830951658401844,0.03807132357439042,0.1579080073349633,0.018872249388753
EU Power Grid,seamless,10.0,100,0.019783037633439332,0.0014414032960445165,0.01998075331650202,0.023776641140379123,0.029623651100428933,0.03732796356179505,0.1021088019559902,0.0218520782396088
EU Power Grid,seamless,11.0,1,0.019108546269544138,0.001815574297047319,0.018295286512868818,0.022644450991688676,0.027933645946907518,0.03724831008197898,0.1418016503667481,0.0228453545232273
EU Power Grid,seamless,11.0,2,0.01874606265757536,0.0017798822252116041,0.018375611246943698,0.022471804460504886,0.02995034781428594,0.03476005718849108,0.1050580684596576,0.0228453545232273
EU Power Grid,seamless,11.0,3,0.016276244142995118,0.0023774037841827376,0.014651143068405164,0.015891599541273612,0.025917575965329603,0.03582714270621763,0.2064792176039119,0.0148991442542787
EU Power Grid,seamless,11.0,4,0.01732421588945017,0.002440500506539129,0.016218084893182053,0.02033414456449518,0.027645802716525926,0.03967699549257342,0.2181081907090464,0.0168856968215158
EU Power Grid,seamless,11.0,5,0.016877901823410094,0.0035913060980662615,0.013573552529026858,0.020744379631095638,0.029354167169888562,0.03458001110305276,0.2602383863080684,0.0139058679706601
EU Power Grid,seamless,11.0,6,0.017839303409663155,0.0024314162177899662,0.01688858785435793,0.01778948875525885,0.028284616905503077,0.037671820025046196,0.1772157701711491,0.0178789731051344
EU Power Grid,seamless,11.0,7,0.018781124824677434,0.0018065810788620471,0.017813935823073123,0.022867184771218917,0.027526443329598835,0.03701891397457903,0.1375229217603912,0.0218520782396088
EU Power Grid,seamless,11.0,8,0.017035795413574244,0.0037824024979861664,0.012726361578725035,0.021671408456073137,0.028776502766390644,0.037176912329723984,0.3436277506112469,0.0129125916870415
EU Power Grid,seamless,11.0,9,0.016952959146492218,0.002598819092668162,0.014661215304235158,0.019856288652073468,0.024348259483551613,0.03789114285973974,0.182648227383863,0.0148991442542787
EU Power Grid,seamless,11.0,10,0.01743614161248507,0.0030606455114261183,0.014535781789798401,0.018110768601499003,0.03028535080538878,0.0432640713349228,0.234497249388753,0.0148991442542787
EU Power Grid,seamless,11.0,11,0.01912599387174494,0.0019105381275555668,0.018200789320524456,0.02261647453730157,0.029712693677298587,0.03650917863416093,0.1118199877750611,0.0228453545232273
EU Power Grid,seamless,11.0,12,0.01714827514920621,0.0027586251646742424,0.015334142858148105,0.02208093287027624,0.024410663037346,0.03321102759806993,0.2062805623471882,0.0158924205378973
EU Power Grid,seamless,11.0,13,0.016958909090000442,0.0029840855240396234,0.014563326684212476,0.019115917209454845,0.025745795891481696,0.03587337281203497,0.2777658924205379,0.0148991442542787
EU Power Grid,seamless,11.0,14,0.018485707093808416,0.0019575001816740808,0.018015122763113726,0.021605426009212444,0.025985117690936938,0.03550962713936419,0.169682151589242,0.0218520782396088
EU Power Grid,seamless,11.0,15,0.01889824915906836,0.0021004202532901107,0.019014790596987248,0.0203319850103193,0.026337571139839838,0.040574517897372424,0.1650443154034229,0.0198655256723716
EU Power Grid,seamless,11.0,16,0.01835818553670539,0.002143185472255501,0.0179143778997227,0.019825626471807405,0.026678260953933313,0.03830825018172199,0.1479676039119804,0.0198655256723716
EU Power Grid,seamless,11.0,17,0.017530589376464532,0.002982415897034772,0.017109809699331544,0.01936187081707089,0.026505548920954792,0.03756143761943303,0.2165189486552567,0.0178789731051344
EU Power Grid,seamless,11.0,18,0.01763487276134537,0.0033089645823307662,0.014532245851762278,0.020789503610621457,0.02898726475404313,0.03779116276398477,0.2834046454767726,0.0148991442542787
EU Power Grid,seamless,11.0,19,0.018058829003947625,0.0025384241303741885,0.017159898391086986,0.020252818768754136,0.028867091992664955,0.03946716811554823,0.2451940709046454,0.0178789731051344
EU Power Grid,seamless,11.0,20,0.016977062489071475,0.002998945204382881,0.01575760323175563,0.01691829240361545,0.028070902480493397,0.03563146257067286,0.2100473716381418,0.0168856968215158
EU Power Grid,seamless,11.0,21,0.01865257113451685,0.0019360302962343162,0.018508116288670037,0.02226245251673915,0.027484943744112367,0.04163187470892995,0.1202933985330073,0.0228453545232273
EU Power Grid,seamless,11.0,22,0.019001530767746272,0.002259034818751819,0.018487574904836823,0.02221338993238408,0.030622127973514747,0.037115028969148145,0.1457518337408312,0.0198655256723716
EU Power Grid,seamless,11.0,23,0.018489744555474703,0.002723836209263897,0.018044718267657762,0.0188424796265522,0.027907770941117575,0.0413788462836403,0.2389593520782396,0.018872249388753
EU Power Grid,seamless,11.0,24,0.017840525273062176,0.0029324257466665244,0.0164013534640391,0.01952475465835573,0.029003303644195986,0.038608705261558296,0.296882640586797,0.0168856968215158
EU Power Grid,seamless,11.0,25,0.018307702087449352,0.001976996871562649,0.018546876634673814,0.02039820859697403,0.028085352391086366,0.041149311510905076,0.1635849633251833,0.0198655256723716
EU Power Grid,seamless,11.0,26,0.017683291944486305,0.0021546148280251398,0.01644950133086397,0.02085993912830962,0.02627421814607662,0.0391052298712494,0.1483725550122249,0.018872249388753
EU Power Grid,seamless,11.0,27,0.018458378335424318,0.0022193659989590657,0.018225180458157655,0.021254065795833273,0.027693097460701855,0.04045727968084795,0.1418398533007334,0.0208588019559902
EU Power Grid,seamless,11.0,28,0.01736972081454628,0.0024373813397255005,0.015440345922110656,0.019939887722921597,0.02785366522706311,0.043992743507566184,0.218299205378973,0.0158924205378973
EU Power Grid,seamless,11.0,29,0.018362936384455585,0.002585173686510261,0.014543361731410052,0.023129196937069312,0.032813642262260787,0.03841656631269075,0.2454691320293398,0.0148991442542787
EU Power Grid,seamless,11.0,30,0.01816231552139433,0.0030393046426185413,0.016277879376496378,0.020202413689791466,0.030262075100130265,0.04064481659580612,0.2171760391198043,0.0168856968215158
EU Power Grid,seamless,11.0,31,0.019835858560502177,0.0015944701463218931,0.018539702132474276,0.025331470557693157,0.028660385926926008,0.03816622502083015,0.132067542787286,0.0258251833740831
EU Power Grid,seamless,11.0,32,0.01840778104796339,0.002406887879245836,0.01768014343642058,0.02027983213967834,0.030262173933073754,0.040048668761016565,0.1809749388753056,0.018872249388753
EU Power Grid,seamless,11.0,33,0.018737631041200818,0.0022955541148763064,0.018040429520779565,0.021605564187911135,0.027215330019177038,0.04026329750426709,0.1680394254278728,0.018872249388753
EU Power Grid,seamless,11.0,34,0.019513840635760265,0.001601156243554991,0.01903943611680904,0.022789004142962848,0.028007639377205396,0.03834704253631043,0.11065097799511,0.0228453545232273
EU Power Grid,seamless,11.0,35,0.01676187033578598,0.0042220684128614246,0.011759565552770404,0.02232213719876064,0.028125673005054554,0.03772497283346914,0.3367894254278728,0.0119193154034229
EU Power Grid,seamless,11.0,36,0.0171185026640241,0.002777681680170621,0.01561281927507678,0.016673981489198925,0.02976330519290793,0.03971395863622969,0.1645629584352078,0.0158924205378973
EU Power Grid,seamless,11.0,37,0.01693344727817633,0.0039062205188238547,0.01360688834513971,0.020379047406815797,0.026644678901391064,0.03833578530180148,0.333221271393643,0.0139058679706601
EU Power Grid,seamless,11.0,38,0.017236985467659897,0.0032763006067447736,0.014541244334459686,0.022519343544990137,0.02710836326201139,0.03792772449972698,0.2962179095354523,0.0148991442542787
EU Power Grid,seamless,11.0,39,0.01847852769768751,0.002547440116200422,0.01894050570141672,0.02092360416762399,0.02635596318829176,0.036587341899809576,0.1871867359413202,0.0198655256723716
EU Power Grid,seamless,11.0,40,0.017298647828634835,0.0028530046257307924,0.014628117050009722,0.019389056289548432,0.027991030728108972,0.03586121690138236,0.2633481051344743,0.0148991442542787
EU Power Grid,seamless,11.0,41,0.018714575010106437,0.0021537117115997765,0.01781593935122235,0.02075806434077114,0.029554838439043024,0.03768703651316449,0.1369880806845965,0.0198655256723716
EU Power Grid,seamless,11.0,42,0.019208625230058195,0.0017152145356279117,0.017740664573396542,0.025112106583673396,0.029548143562131386,0.03930921023928063,0.1150977995110024,0.0258251833740831
EU Power Grid,seamless,11.0,43,0.018940179564531315,0.0019411454262401174,0.01895828852821296,0.021769909968208816,0.024822442245882346,0.03640184333598676,0.2079156479217603,0.0198655256723716
EU Power Grid,seamless,11.0,44,0.018959501702505762,0.0022452072714661043,0.01934485791519028,0.02182422902711132,0.02678570070124135,0.036856427496708644,0.1807533618581907,0.0218520782396088
EU Power Grid,seamless,11.0,45,0.01825881237306158,0.0019336624615728791,0.018569780568554337,0.022034585715540213,0.02517694380173268,0.03609576098693105,0.1527582518337408,0.0198655256723716
EU Power Grid,seamless,11.0,46,0.018342157117458735,0.00269329721350227,0.01795357622421218,0.02062223763400411,0.029063146278883154,0.03687054464484168,0.1837331907090464,0.018872249388753
EU Power Grid,seamless,11.0,47,0.019843113848759673,0.001615560571078737,0.01928676626301903,0.026051722974179636,0.03086594282668393,0.04133812436518939,0.0976696210268948,0.0268184596577017
EU Power Grid,seamless,11.0,48,0.018310593577853217,0.002043774362543406,0.018212906556161014,0.018888018888065485,0.02825365971157423,0.034491040096452305,0.2174052567237163,0.018872249388753
EU Power Grid,seamless,11.0,49,0.017439617472340633,0.0029043152992756036,0.016176398330742442,0.019298790338288185,0.02788075199594314,0.037376846654499106,0.2821286674816625,0.0168856968215158
EU Power Grid,seamless,11.0,50,0.01903707105530882,0.0020909792714989867,0.0195742324640872,0.022048871504592036,0.028092475436116253,0.03720091474169492,0.1216687041564792,0.0208588019559902
EU Power Grid,seamless,11.0,51,0.017287066688592034,0.003568963453055771,0.01354552199644134,0.020256424156508145,0.029485755901670255,0.03782209848716374,0.2399144254278728,0.0139058679706601
EU Power Grid,seamless,11.0,52,0.016944406102699133,0.003778046289346214,0.012707535530241992,0.020387384394599736,0.029917204192662052,0.03632039519925495,0.3131876528117359,0.0129125916870415
EU Power Grid,seamless,11.0,53,0.016675148391310814,0.0025337795316152,0.01516063463264388,0.01758639105487387,0.024850378838765095,0.03836930160107255,0.2167252444987774,0.0158924205378973
EU Power Grid,seamless,11.0,54,0.015579971735900174,0.0041248885319649,0.0108587327572803,0.019975880400670457,0.027827690119968992,0.034486451854812895,0.3540800733496332,0.0109260391198044
EU Power Grid,seamless,11.0,55,0.0186272079824703,0.0024890335278849535,0.01763318053640465,0.022917606762260522,0.028012155902101096,0.039743359601045775,0.1173288508557457,0.0238386308068459
EU Power Grid,seamless,11.0,56,0.01803593234634008,0.0020667393230738807,0.019334282907019534,0.020605696307171163,0.02716744862221628,0.03345078324991855,0.1744422371638141,0.0208588019559902
EU Power Grid,seamless,11.0,57,0.01873793460974716,0.0020432203499463316,0.01899562310436069,0.021762262874875506,0.0306340606243734,0.033491374265203024,0.1582671149144254,0.0208588019559902
EU Power Grid,seamless,11.0,58,0.018553888589315958,0.002301200489838194,0.01821913908126972,0.02287516394932363,0.027025061124694334,0.038487699844032525,0.1724327628361858,0.018872249388753
EU Power Grid,seamless,11.0,59,0.018853025034877634,0.002881464176949994,0.01893522754808929,0.021292819399242303,0.028848393267446235,0.04091008319309047,0.1618199877750611,0.0198655256723716
EU Power Grid,seamless,11.0,60,0.017814342485940524,0.002754420740307454,0.015534313894616273,0.01873965958944874,0.02797949095224015,0.0347471321431514,0.3243429095354523,0.0158924205378973
EU Power Grid,seamless,11.0,61,0.01760654222675835,0.0028103836018249125,0.017308641549382914,0.019470423802914905,0.02806414070077719,0.03963586236756304,0.1802261613691931,0.018872249388753
EU Power Grid,seamless,11.0,62,0.019380794131113908,0.002295409919816786,0.019151761584856312,0.021825566770710274,0.02965148352324268,0.037240628041398605,0.1750229217603912,0.0218520782396088
EU Power Grid,seamless,11.0,63,0.01720977054748067,0.003608131384747062,0.013717831209638572,0.020138643289094316,0.02639495658472047,0.040271085052341636,0.3249465158924205,0.0139058679706601
EU Power Grid,seamless,11.0,64,0.017588419184541956,0.0030014800017448117,0.012812908565743424,0.023896955427746926,0.02768981168392021,0.041194385137229186,0.2968597188264058,0.0129125916870415
EU Power Grid,seamless,11.0,65,0.01800554513485162,0.002413611922547228,0.017574494185895816,0.019051402648279394,0.026807800107340914,0.03708037999355076,0.1593597188264058,0.018872249388753
EU Power Grid,seamless,11.0,66,0.018117683355868944,0.0023859492387621603,0.016915665153078005,0.020915589065484935,0.03062473544221421,0.04185728338936418,0.1770476772616136,0.0178789731051344
EU Power Grid,seamless,11.0,67,0.018573734383032833,0.0017770514485169983,0.018582469503496225,0.022508017664273756,0.02471833352994499,0.034525600563257854,0.1536751222493887,0.0228453545232273
EU Power Grid,seamless,11.0,68,0.017208465202731428,0.0026517159118675847,0.015505179692035182,0.017318849166310706,0.027095675819697785,0.034471974443834937,0.2430165036674816,0.0158924205378973
EU Power Grid,seamless,11.0,69,0.018719113359874185,0.0021311793362478256,0.018585575015380842,0.023002206511642618,0.026491354536028345,0.038927378292603516,0.1292940097799511,0.0198655256723716
EU Power Grid,seamless,11.0,70,0.01960171614071153,0.0017576837752606193,0.01986121644771382,0.021848466447459348,0.025709092868218347,0.03589057954190934,0.1876298899755501,0.0218520782396088
EU Power Grid,seamless,11.0,71,0.01911388148674605,0.0018865106771128958,0.019173272158956395,0.021595771348939977,0.027807698232850186,0.03979536419763929,0.158221271393643,0.0218520782396088
EU Power Grid,seamless,11.0,72,0.018872309226783766,0.002053625161872075,0.017426142184003502,0.022335420202853642,0.027925062765625647,0.03570028845449006,0.1401130806845965,0.0228453545232273
EU Power Grid,seamless,11.0,73,0.018977981437764087,0.001995954727281474,0.016809091876244544,0.022632310287972128,0.029344185117132243,0.03959053594576276,0.1160375916870415,0.0228453545232273
EU Power Grid,seamless,11.0,74,0.01918643436932088,0.0020552492535949804,0.02002168944298976,0.021571974388826486,0.028173838680160566,0.03454446244867819,0.1463172371638141,0.0218520782396088
EU Power Grid,seamless,11.0,75,0.017496969159957586,0.0028735486271042185,0.015497300848188192,0.020825207493184606,0.025813064141420212,0.03642173375089536,0.3124923594132029,0.0158924205378973
EU Power Grid,seamless,11.0,76,0.017909086229252656,0.0024982240656253427,0.01703291766635839,0.021420778537718597,0.02653191800783367,0.04025089687635662,0.1655333129584351,0.0178789731051344
EU Power Grid,seamless,11.0,77,0.017324010980681405,0.002341666177065074,0.0162769645012534,0.01806454006425809,0.026437605209667384,0.03432321380059757,0.2280485941320293,0.0168856968215158
EU Power Grid,seamless,11.0,78,0.01548887081514408,0.004314178699034087,0.010745758895976768,0.019924512045528472,0.027629721962646642,0.03534762552887481,0.3511384474327628,0.0109260391198044
EU Power Grid,seamless,11.0,79,0.019254972557870387,0.0018516078834976612,0.01776697440706864,0.02230947583688003,0.026532046657490763,0.04128065244027515,0.1224098410757946,0.0218520782396088
EU Power Grid,seamless,11.0,80,0.018017475378722708,0.0023880818078001876,0.01714821086014499,0.01931313809047916,0.02634465545344684,0.034872478495784,0.1465006112469437,0.0178789731051344
EU Power Grid,seamless,11.0,81,0.018445499439845917,0.0023701864419935484,0.01713681297832551,0.020529516639592762,0.028688934079367987,0.039754907325354125,0.1624999999999999,0.018872249388753
EU Power Grid,seamless,11.0,82,0.01728313547591697,0.0029484693443404867,0.01544910343990275,0.018098219771764606,0.0294293003309079,0.03784224139052174,0.2830302567237163,0.0158924205378973
EU Power Grid,seamless,11.0,83,0.019430480712935808,0.001842311096766053,0.0180489158719044,0.024371957395663908,0.029124909524746882,0.03604951459097886,0.075007640586797,0.0248319070904645
EU Power Grid,seamless,11.0,84,0.017544257550263422,0.0026050574262954066,0.015607151420568502,0.02085621305168884,0.026174928544371336,0.03768737373302568,0.2338707212713936,0.0158924205378973
EU Power Grid,seamless,11.0,85,0.01906349669726756,0.002438580435483548,0.018093074941596073,0.02218437856976216,0.02927003947692727,0.03518289151975278,0.1603147921760391,0.018872249388753
EU Power Grid,seamless,11.0,86,0.017872771841896958,0.0031924853311007923,0.014619464294444997,0.020566572970036983,0.029953342564695173,0.039145018337408216,0.3240678484107579,0.0148991442542787
EU Power Grid,seamless,11.0,87,0.01832625771484427,0.002270858813631688,0.017805266003685396,0.01986413298015159,0.027599630068255804,0.03872100304132616,0.1389058679706601,0.0198655256723716
EU Power Grid,seamless,11.0,88,0.018561424678478808,0.002144445281722807,0.017152832617048003,0.022918673727042132,0.027558789806982554,0.039190848453652345,0.1163814180929095,0.0238386308068459
EU Power Grid,seamless,11.0,89,0.01872438786336682,0.002344405883195777,0.018762686115974203,0.020778946003453203,0.02860174532832685,0.039170933139695115,0.1572432762836185,0.0208588019559902
EU Power Grid,seamless,11.0,90,0.01794403455814985,0.0029671463991539568,0.016290364532663408,0.02068295279055562,0.029654870936710823,0.04382357441996381,0.2340770171149144,0.0168856968215158
EU Power Grid,seamless,11.0,91,0.01712142451128259,0.0023870724423836216,0.01587185829854801,0.0178179194334798,0.027693345434787863,0.03751962735493487,0.1870721271393642,0.0178789731051344
EU Power Grid,seamless,11.0,92,0.017290815760139314,0.0023048888476762002,0.01634111479718507,0.020455283465770142,0.025901524710070678,0.040099107081126295,0.1793704156479217,0.0168856968215158
EU Power Grid,seamless,11.0,93,0.017552241403032114,0.002747764999928999,0.01624064249369869,0.021226839016773066,0.02799569070904636,0.03799686213295312,0.2078545232273838,0.0168856968215158
EU Power Grid,seamless,11.0,94,0.018119345393660155,0.0022094165398528426,0.017883457345171414,0.020172374251704338,0.027780369321837504,0.03767735422686521,0.1702017114914425,0.018872249388753
EU Power Grid,seamless,11.0,95,0.0175214443740061,0.0027289665176970083,0.013890292636038967,0.020541635044998507,0.026965620984931396,0.03864784058876477,0.2338401589242053,0.0139058679706601
EU Power Grid,seamless,11.0,96,0.01792496286422615,0.002518722531716827,0.01610752549057277,0.02286670970289608,0.028952726345038943,0.03980199965071587,0.1719819682151589,0.0168856968215158
EU Power Grid,seamless,11.0,97,0.018581627165237608,0.002178361477562445,0.01731001846403189,0.022037057768410084,0.027578307965429295,0.037627430388938385,0.2073960880195599,0.0178789731051344
EU Power Grid,seamless,11.0,98,0.01756933231219096,0.0032117239877249787,0.015016685333239974,0.021033023678464477,0.031155937970310115,0.03734499648088518,0.2103147921760391,0.0158924205378973
EU Power Grid,seamless,11.0,99,0.017876316004675454,0.0022179240483639583,0.0179074337436335,0.020745415696580147,0.026152392725509694,0.03317080798316921,0.1710116136919315,0.0208588019559902
EU Power Grid,seamless,11.0,100,0.01804527466835363,0.002187916297558435,0.0183696512167401,0.019674640894453588,0.02755389312728439,0.038219702582616505,0.1542481662591686,0.0198655256723716
EU Power Grid,seamless,12.0,1,0.018010166965969618,0.0025741313806372105,0.01693447794738246,0.021076982882717914,0.028786462073631815,0.04114470298435019,0.1585803789731051,0.0178789731051344
EU Power Grid,seamless,12.0,2,0.01911880688641038,0.0019635867310281653,0.019137980140149894,0.020633655424435644,0.02904234372633438,0.03914544627957122,0.188317542787286,0.0208588019559902
EU Power Grid,seamless,12.0,3,0.01774379315577151,0.0027712763838428885,0.014697503689340946,0.02060120502968911,0.02760618093617194,0.03914980077877379,0.1726161369193153,0.0148991442542787
EU Power Grid,seamless,12.0,4,0.018296204428756783,0.0021490443451998354,0.0178365748159617,0.02061584996394387,0.026179130706491964,0.03447092247000931,0.1486781784841075,0.018872249388753
EU Power Grid,seamless,12.0,5,0.017777838368243332,0.0031075696194763454,0.016363981605691358,0.01926899446978092,0.029934438528741877,0.03792924816625914,0.2737240220048899,0.0168856968215158
EU Power Grid,seamless,12.0,6,0.018198182145144192,0.002689965548706203,0.016345891370413777,0.019831070089293152,0.0320535985296613,0.039898747340678775,0.2657166870415647,0.0168856968215158
EU Power Grid,seamless,12.0,7,0.016982670917965067,0.003371188545116433,0.014526391906305938,0.020471525861254787,0.025750950424315303,0.03892027042319196,0.264356662591687,0.0148991442542787
EU Power Grid,seamless,12.0,8,0.016924552719768626,0.003032421225830324,0.016142666523724307,0.018915864668812465,0.026249296580898022,0.03258824131752928,0.2370492053789731,0.0168856968215158
EU Power Grid,seamless,12.0,9,0.017421790409456926,0.002516954244934411,0.016242724315126862,0.020407169178383013,0.023885263496217626,0.03346267263596107,0.2523838630806845,0.0168856968215158
EU Power Grid,seamless,12.0,10,0.01747514258147588,0.0025195421667919323,0.015312742559427954,0.019938129071018683,0.02505657672604488,0.03955839595802011,0.2652200488997555,0.0158924205378973
EU Power Grid,seamless,12.0,11,0.017447487486904466,0.002493124114046851,0.015387641911000198,0.02068492193533794,0.028879685740294366,0.037562390200854154,0.2029263447432762,0.0158924205378973
EU Power Grid,seamless,12.0,12,0.017152927337178842,0.002423439954234937,0.016977095858700216,0.019104115672460443,0.024090049857542296,0.03323080522318618,0.2318536063569682,0.0178789731051344
EU Power Grid,seamless,12.0,13,0.018441606173239124,0.0022515214972299467,0.017923840464650627,0.019920317433419866,0.02737960955813771,0.03839783699459358,0.1434520171149144,0.0198655256723716
EU Power Grid,seamless,12.0,14,0.017397960278569373,0.002162522788657247,0.016879232984529126,0.019089679662303367,0.026400238064599128,0.034658866392307086,0.1226314180929095,0.0178789731051344
EU Power Grid,seamless,12.0,15,0.017001932342230235,0.0025545436201847302,0.015420316323020886,0.018680505186526756,0.026750319332176403,0.036144427771752065,0.2560895476772616,0.0158924205378973
EU Power Grid,seamless,12.0,16,0.018499860977281426,0.002233952467610626,0.01716427540597077,0.02249851618716214,0.0267050113336918,0.0343203839536357,0.1785223105134474,0.0178789731051344
EU Power Grid,seamless,12.0,17,0.01719708138224374,0.002305587055332775,0.016183340878304107,0.018587239373334733,0.025293091667884626,0.042750646206073835,0.195835880195599,0.0168856968215158
EU Power Grid,seamless,12.0,18,0.016785412076554502,0.0032423388756231907,0.012683339121169247,0.020699668561172026,0.028840363203782866,0.03903892797690254,0.2653575794621026,0.0129125916870415
EU Power Grid,seamless,12.0,19,0.0175014771528707,0.002370353404694037,0.017014919771113565,0.018778452680539424,0.028336597549641105,0.03413742510433168,0.1624465158924205,0.018872249388753
EU Power Grid,seamless,12.0,20,0.018874358314471547,0.0020415583121551283,0.017619944407261123,0.021895007075297988,0.028453378538033085,0.03884509708515394,0.1566396699266503,0.0208588019559902
EU Power Grid,seamless,12.0,21,0.016811526560753246,0.0036273245060892893,0.013571307630541367,0.017686535663498305,0.029823859982794926,0.03859434166276813,0.2749235941320293,0.0139058679706601
EU Power Grid,seamless,12.0,22,0.018347674475788427,0.0015925424860526514,0.01747701292658725,0.022970375810808533,0.02580300102531742,0.03625300772305658,0.0887454156479217,0.0238386308068459
EU Power Grid,seamless,12.0,23,0.018348486521649898,0.0020050162483896674,0.015871759344672044,0.02078916323594835,0.027033780128983505,0.03367923398785059,0.1295919926650366,0.0208588019559902
EU Power Grid,seamless,12.0,24,0.018389103993149934,0.0019970172171936552,0.017222282575509715,0.022381445839052834,0.026801370388710978,0.03655086204182704,0.1433908924205378,0.0228453545232273
EU Power Grid,seamless,12.0,25,0.017360765542429286,0.0019893521113986223,0.017178897526309352,0.01847986751101007,0.02485821904499743,0.03546864243834113,0.1686965158924205,0.0178789731051344
EU Power Grid,seamless,12.0,26,0.01721857403532449,0.002470796647463678,0.015396022353176032,0.01771353816259434,0.028771738701790284,0.037060603631408034,0.3181081907090464,0.0158924205378973
EU Power Grid,seamless,12.0,27,0.016374645887290623,0.004046393295095524,0.012689329359903167,0.019600689323920867,0.028607439558169974,0.03675456310919114,0.3504202322738386,0.0129125916870415
EU Power Grid,seamless,12.0,28,0.01819233845062717,0.002329546202852523,0.017867620378136825,0.020880431087794287,0.027446221139277277,0.038151058032294655,0.1698960880195598,0.018872249388753
EU Power Grid,seamless,12.0,29,0.01739993347412059,0.0031993763371026642,0.015340678120906677,0.018838270481066594,0.02899099178013517,0.04001465255698071,0.308809596577017,0.0158924205378973
EU Power Grid,seamless,12.0,30,0.018007062977583317,0.0022961991980372702,0.016298201321493348,0.02143393417699224,0.028301750678193297,0.036015403422982824,0.1492817848410758,0.0168856968215158
EU Power Grid,seamless,12.0,31,0.018076329730644037,0.0023591441361204965,0.016455658100428722,0.021173967033557617,0.026555860849336515,0.03348809397257354,0.1738997555012224,0.0168856968215158
EU Power Grid,seamless,12.0,32,0.018377750529516894,0.002121260233996219,0.017857799817583907,0.02081480114177521,0.02941201439826126,0.03979050802369219,0.151161369193154,0.0208588019559902
EU Power Grid,seamless,12.0,33,0.01807095656737385,0.0019326075608743494,0.01658310311270199,0.020792354504251584,0.028849975348888602,0.03469317586447775,0.1414196210268948,0.0208588019559902
EU Power Grid,seamless,12.0,34,0.015311609551723534,0.005178590134732113,0.008891153303830307,0.021289680467013353,0.02761778258416391,0.03786563003160589,0.3716152200488997,0.0089394865525672
EU Power Grid,seamless,12.0,35,0.018481297760672845,0.0018195130989360566,0.017878254455626873,0.022449423342476103,0.026145869717079957,0.034458134002541725,0.1276054400977995,0.0228453545232273
EU Power Grid,seamless,12.0,36,0.01847801163115873,0.0017848835170125304,0.017351185334146865,0.022416213696828464,0.026880539425427823,0.03669497294001391,0.1148762224938875,0.0228453545232273
EU Power Grid,seamless,12.0,37,0.017437613919934807,0.0027746004594252937,0.016105073183983645,0.019667705927613317,0.026664993901918985,0.03765276306978333,0.2128209046454767,0.0168856968215158
EU Power Grid,seamless,12.0,38,0.017202279993599783,0.002649317720351516,0.01613902912250333,0.018064520068895865,0.02708804152366849,0.035734999233419606,0.2533312958435207,0.0168856968215158
EU Power Grid,seamless,12.0,39,0.01663681527312195,0.003521530867690431,0.013569467875319437,0.019680730084721616,0.02513860111680236,0.033431535362689724,0.3129202322738386,0.0139058679706601
EU Power Grid,seamless,12.0,40,0.01812222929485037,0.0031535450758192664,0.016371540328274793,0.022193323176562564,0.028472214788681317,0.03717922837888528,0.2711415036674816,0.0168856968215158
EU Power Grid,seamless,12.0,41,0.017866616989619954,0.0023305935143373892,0.016411274583618924,0.02108815698720834,0.027021354508318884,0.035564684308931345,0.1705378973105134,0.0168856968215158
EU Power Grid,seamless,12.0,42,0.018307952531500075,0.0032793362922081586,0.016245169461235498,0.021258119702588858,0.030824042490822927,0.03930499485099463,0.2446515892420537,0.0168856968215158
EU Power Grid,seamless,12.0,43,0.018657739389018265,0.0017174154075888584,0.016477830866788275,0.024916654989144613,0.028175949558147246,0.03611758072675148,0.0955149755501222,0.0158924205378973
EU Power Grid,seamless,12.0,44,0.01800512013888676,0.0021525429726963734,0.016539700996958936,0.021067116645448015,0.0272317539274372,0.03690165186423507,0.1125534841075794,0.0208588019559902
EU Power Grid,seamless,12.0,45,0.017458856128964823,0.002984518109218153,0.014525733931272752,0.02078202363601689,0.02891319083008535,0.041454193626821845,0.2901054400977995,0.0148991442542787
EU Power Grid,seamless,12.0,46,0.016412880345701934,0.0037349091989115446,0.011776691982621502,0.01928529497203994,0.027719054771361742,0.04122930850575485,0.3453010391198043,0.0119193154034229
EU Power Grid,seamless,12.0,47,0.017319601647545837,0.0030144727355280745,0.014552153572106307,0.021354286615663683,0.029267450734228293,0.03473528974078671,0.2895476772616137,0.0148991442542787
EU Power Grid,seamless,12.0,48,0.018371193448915992,0.0019856409859196336,0.01767109487840706,0.02052955998734338,0.026741028207610627,0.039628097675189516,0.1532396088019559,0.0208588019559902
EU Power Grid,seamless,12.0,49,0.01768142499792633,0.002701569456389981,0.016236246943765242,0.02230621007993796,0.02716872623707404,0.03608817580505059,0.1684367359413202,0.0168856968215158
EU Power Grid,seamless,12.0,50,0.017663317134137258,0.002682429459543354,0.014697175486623732,0.020971626775753354,0.026557500371365114,0.036140436173290075,0.2754966381418092,0.0148991442542787
EU Power Grid,seamless,12.0,51,0.017043764087915633,0.0023389644170026644,0.01553661499624628,0.01867963432564588,0.025157330682218135,0.03583087908424085,0.1312041564792176,0.018872249388753
EU Power Grid,seamless,12.0,52,0.015992058448340615,0.00409348436584622,0.00986049510649873,0.022171825956483045,0.027733254852244142,0.04034569410486274,0.3566778728606357,0.0099327628361858
EU Power Grid,seamless,12.0,53,0.01600392797850242,0.0028925747857459798,0.01271220309189754,0.019638074516049396,0.024556206829231954,0.03367355221359795,0.2570446210268948,0.0129125916870415
EU Power Grid,seamless,12.0,54,0.016749871788991965,0.0035455583181330996,0.013609359975704227,0.019893405193816036,0.026323667754337768,0.03700166395001351,0.3448655256723716,0.0139058679706601
EU Power Grid,seamless,12.0,55,0.017791923948793437,0.0024480214172746635,0.017077903075098173,0.021295787640260095,0.027586090269877277,0.0379472804045475,0.1995339242053789,0.0178789731051344
EU Power Grid,seamless,12.0,56,0.01959638851272329,0.0016060892324329854,0.0188786709872498,0.02586669860068356,0.02830499164783794,0.035322923861838024,0.0907166870415647,0.0268184596577017
EU Power Grid,seamless,12.0,57,0.018704276447171906,0.0017682024253912441,0.01854074161047895,0.022569799435348023,0.02529258952969937,0.03939995925020364,0.0927338019559902,0.0228453545232273
EU Power Grid,seamless,12.0,58,0.019693446966201265,0.001659889168057775,0.018625764946368372,0.024355920735113203,0.02858681049381343,0.03761324441145648,0.1148685819070904,0.0248319070904645
EU Power Grid,seamless,12.0,59,0.01754396157093074,0.002830874478702733,0.014562451983507056,0.022073290355404923,0.02670643413235834,0.03724110058839449,0.2816625916870415,0.0148991442542787
EU Power Grid,seamless,12.0,60,0.01746869174986617,0.002598143652652562,0.01674152050708724,0.018258984811253178,0.026730802431298478,0.035987695333262404,0.2055317848410758,0.0178789731051344
EU Power Grid,seamless,12.0,61,0.018323578722422833,0.002203618380617781,0.018182700166890126,0.019440529142456614,0.028131552453692744,0.04051586223550356,0.2341075794621026,0.018872249388753
EU Power Grid,seamless,12.0,62,0.01723221185226873,0.002371157861341834,0.016351144708428984,0.018610831399298512,0.025479009754050756,0.03712589115989288,0.2349862469437652,0.0168856968215158
EU Power Grid,seamless,12.0,63,0.016392146613987028,0.003324674254603777,0.012638599315148446,0.019803025611514674,0.026918946752542475,0.03493973251864625,0.3094437652811735,0.0129125916870415
EU Power Grid,seamless,12.0,64,0.018303854356124527,0.0020795271480883778,0.01702869518651427,0.021602364212163702,0.027348537275393367,0.0383677309554628,0.1353453545232273,0.0218520782396088
EU Power Grid,seamless,12.0,65,0.01727829355760286,0.0030204833927455735,0.014579932133091302,0.019742966720249232,0.027454020530367766,0.03631435082363374,0.2475550122249388,0.0148991442542787
EU Power Grid,seamless,12.0,66,0.01796107993202675,0.0018474717620538012,0.015521719566217649,0.021513555430586872,0.026586947292103622,0.0373080747938229,0.1163584963325183,0.0218520782396088
EU Power Grid,seamless,12.0,67,0.018513809951985667,0.0019374570684021048,0.01782282391614325,0.022710101349829252,0.027429217938994756,0.037899825932969075,0.1158542176039119,0.0228453545232273
EU Power Grid,seamless,12.0,68,0.018983445671598174,0.002175841858627833,0.01771929893357743,0.022604816242243704,0.03144803470145082,0.038237677748178364,0.1309749388753056,0.0228453545232273
EU Power Grid,seamless,12.0,69,0.01833986517493388,0.0017061302468787377,0.016306062548191256,0.0228384198715056,0.028184992164809443,0.03767755382422146,0.0844208435207823,0.0248319070904645
EU Power Grid,seamless,12.0,70,0.017568641693748045,0.002719935353443433,0.01550107508604012,0.02009098109783667,0.028435717196413916,0.03842497534749884,0.3266962102689486,0.0158924205378973
EU Power Grid,seamless,12.0,71,0.017456268207107297,0.0023773506596871273,0.017155530048674643,0.021031235080510968,0.028732615994354335,0.040123058789113514,0.1603300733496332,0.0198655256723716
EU Power Grid,seamless,12.0,72,0.018415886328150628,0.0014192579705891413,0.016833154401232155,0.02377877073093001,0.026957958861208827,0.0351826896753546,0.0649755501222493,0.0258251833740831
EU Power Grid,seamless,12.0,73,0.018926382374100246,0.0014452434381556948,0.01817149280376029,0.023235974340137334,0.027209498540000508,0.037960093629764366,0.113898227383863,0.0238386308068459
EU Power Grid,seamless,12.0,74,0.01805592233511644,0.00264748113064618,0.017215450167836162,0.019602377954060994,0.028115982730897066,0.040134180212990075,0.2212790342298288,0.0178789731051344
EU Power Grid,seamless,12.0,75,0.01816406862974943,0.0018035378041850083,0.017493859781577494,0.022028072048605216,0.02749358843814079,0.03835064065214189,0.122463325183374,0.0228453545232273
EU Power Grid,seamless,12.0,76,0.019149300346890052,0.0015663141636490256,0.017894773989514508,0.02357113861605583,0.029545898633211685,0.037700548499469876,0.0733037897310513,0.0248319070904645
EU Power Grid,seamless,12.0,77,0.01844335169238057,0.0021017863117486317,0.018327679511388514,0.019792585369038822,0.02753196383223744,0.03597437995300287,0.1514822738386308,0.0198655256723716
EU Power Grid,seamless,12.0,78,0.018482686586772344,0.0017960851963724053,0.017725349500466107,0.022509409716771657,0.028395457936038433,0.039545192899035395,0.1216687041564792,0.0228453545232273
EU Power Grid,seamless,12.0,79,0.01776981656940635,0.0018514712776518181,0.018000594449431483,0.02036437390127096,0.026191332278632695,0.03858094196371113,0.2159611858190709,0.018872249388753
EU Power Grid,seamless,12.0,80,0.01805252995661113,0.0019178693079496317,0.018288737541403966,0.020772321716796428,0.027830261897829573,0.03898165986290595,0.1967985941320293,0.0208588019559902
EU Power Grid,seamless,12.0,81,0.017336449701867606,0.002284132348320327,0.015978101665615082,0.019250373204149178,0.028959730819891435,0.03749453520944313,0.1889975550122249,0.0168856968215158
EU Power Grid,seamless,12.0,82,0.018235490719489152,0.0028467283460352597,0.017221620879344098,0.021263299963921192,0.02866474038335907,0.04001595054378578,0.2466152200488997,0.0178789731051344
EU Power Grid,seamless,12.0,83,0.017701984177727073,0.0027941730414504564,0.01696725295034308,0.01842945610168895,0.027996383455582616,0.03674100009645746,0.2219514058679706,0.0178789731051344
EU Power Grid,seamless,12.0,84,0.01876716826075953,0.0017423459744568912,0.018267166201825613,0.023259564788331903,0.02641111133457256,0.03611111111111087,0.1100320904645476,0.0238386308068459
EU Power Grid,seamless,12.0,85,0.018053774587651093,0.002510488234897408,0.016893690103333227,0.020789829848418408,0.027423710021000094,0.0394443019414366,0.1716381418092909,0.0178789731051344
EU Power Grid,seamless,12.0,86,0.016545873725852697,0.0032867737215934393,0.01443046305761836,0.017532456351802665,0.027699829337574953,0.03652368783860922,0.2424128973105134,0.0148991442542787
EU Power Grid,seamless,12.0,87,0.018913579370658448,0.0022067679042860333,0.019189007618224053,0.021536109438131425,0.028810439964193493,0.037912599293399726,0.1749235941320293,0.0208588019559902
EU Power Grid,seamless,12.0,88,0.01774418779488175,0.0024384665972786716,0.01706893012762767,0.0219358517429814,0.02653476699838327,0.03939152378282684,0.1679248166259168,0.0178789731051344
EU Power Grid,seamless,12.0,89,0.014982556425920253,0.0038409381029338163,0.009920405822344745,0.018891619796382816,0.026907184649538993,0.037582941791616316,0.2879584352078239,0.0099327628361858
EU Power Grid,seamless,12.0,90,0.01698670837963136,0.0028798704420817276,0.01628909008463451,0.019502895084671353,0.02637631770447033,0.034435934359474014,0.218291564792176,0.0168856968215158
EU Power Grid,seamless,12.0,91,0.016667050700337235,0.0037986206475742836,0.012744459485795457,0.017759582833954506,0.028766093392701596,0.042190827352314796,0.334382640586797,0.0129125916870415
EU Power Grid,seamless,12.0,92,0.016682805907892187,0.0036817695248750545,0.013535827098737931,0.02133937014251753,0.026777935364880445,0.040918903948071766,0.357411369193154,0.0139058679706601
EU Power Grid,seamless,12.0,93,0.017875769581292042,0.0020929145209818926,0.01749890010329456,0.019665589727870695,0.025938588934023805,0.038827374725884004,0.1595965770171149,0.0198655256723716
EU Power Grid,seamless,12.0,94,0.018148958505355445,0.0018305933508774056,0.015461815847345323,0.023294185771256193,0.026782487551978287,0.03258600219344577,0.1305776283618581,0.0238386308068459
EU Power Grid,seamless,12.0,95,0.01803687340883373,0.002894221645109862,0.016362729567978945,0.01966953559714107,0.029463885493072453,0.0391447760749,0.1673135696821515,0.0168856968215158
EU Power Grid,seamless,12.0,96,0.018201119170830005,0.0028338722180978257,0.01635556152555133,0.02256259704102933,0.028486673307374123,0.03738124345092557,0.2205684596577017,0.0168856968215158
EU Power Grid,seamless,12.0,97,0.01571570482218164,0.004487098932241981,0.0107701758316712,0.01825041991479786,0.028942616743359042,0.04047344856703541,0.2999083129584352,0.0109260391198044
EU Power Grid,seamless,12.0,98,0.018261468597842036,0.002497996389215591,0.018059458329130758,0.01997374344928881,0.02601488635528922,0.03678959907757276,0.2259703545232273,0.018872249388753
EU Power Grid,seamless,12.0,99,0.01778214145238768,0.0030291730423845087,0.01618514171152027,0.019878904229411142,0.02765435969898064,0.03771431096888631,0.2372249388753056,0.0168856968215158
EU Power Grid,seamless,12.0,100,0.016872839817899915,0.0026949516620798034,0.015355191261482165,0.019341221912062372,0.02737417115537611,0.03343535553302016,0.2302949266503667,0.0158924205378973
EU Power Grid,seamless,13.0,1,0.01624673728029104,0.0026028337866934865,0.014290307021432027,0.019518211394886756,0.025898084385724794,0.035492806952743254,0.2694987775061124,0.0148991442542787
EU Power Grid,seamless,13.0,2,0.01594823073946303,0.00424451730686314,0.011705353544075857,0.01845165763478276,0.02753905645523189,0.03707109112759517,0.3330684596577016,0.0119193154034229
EU Power Grid,seamless,13.0,3,0.01626160454984794,0.0033740041433837262,0.013502500228524415,0.017495696161730523,0.027247374416536903,0.03888734176020229,0.3196133863080684,0.0139058679706601
EU Power Grid,seamless,13.0,4,0.018285974168745195,0.0015707993889211712,0.017333237004548002,0.020652897742717,0.028337752677433693,0.04050359956533537,0.1402124083129584,0.0208588019559902
EU Power Grid,seamless,13.0,5,0.017791984662502702,0.002488062108536669,0.01639490198592373,0.019147018567445714,0.02660019925613554,0.04109304382455352,0.3009550733496332,0.0168856968215158
EU Power Grid,seamless,13.0,6,0.018148746007373002,0.002497677642241937,0.0171427839547424,0.02031624593245644,0.02699130095451215,0.0399034951439825,0.2105516503667481,0.0178789731051344
EU Power Grid,seamless,13.0,7,0.016883206683757354,0.0033019673273376694,0.013539676797651017,0.02008874389856386,0.026058479583046894,0.03927060545618314,0.3163355745721271,0.0139058679706601
EU Power Grid,seamless,13.0,8,0.018202530764570474,0.0022309395497882197,0.0178256923883637,0.019856765995934014,0.028961974403090864,0.03566604164310134,0.1619804400977995,0.018872249388753
EU Power Grid,seamless,13.0,9,0.015643926039399975,0.00415227041484461,0.010767369650134454,0.02016569824160963,0.025897535589752475,0.034233100050095985,0.3543627750611247,0.0109260391198044
EU Power Grid,seamless,13.0,10,0.017202325528881734,0.0026992092109421975,0.01457017792677225,0.02024213295725687,0.02577615221995542,0.039070355210021605,0.2590464547677261,0.0148991442542787
EU Power Grid,seamless,13.0,11,0.018839022935677775,0.0014700222207505453,0.018206202394828317,0.022369228344721808,0.027446361831542268,0.03435823951119757,0.1092756723716381,0.0218520782396088
EU Power Grid,seamless,13.0,12,0.018321613116085284,0.0020106170880696177,0.018169115332127606,0.021274696930330045,0.026008606964254558,0.03415978172751136,0.2439944987775061,0.018872249388753
EU Power Grid,seamless,13.0,13,0.018298420479145053,0.0019065613795985357,0.018066192311796028,0.020945489032472304,0.027360808741269324,0.03451230886096093,0.1783389364303178,0.0198655256723716
EU Power Grid,seamless,13.0,14,0.018278278706095514,0.0022663811775732023,0.0180085243468471,0.021252055194753823,0.02724622097692426,0.041176928890601795,0.1857273838630806,0.018872249388753
EU Power Grid,seamless,13.0,15,0.017903811725760034,0.0025747157500889102,0.01799691997661907,0.02018383934861619,0.02463333079052008,0.03837145476772609,0.1905791564792175,0.018872249388753
EU Power Grid,seamless,13.0,16,0.01656659227914027,0.0031577191433314173,0.013605678007614409,0.018660963409769145,0.025127193878787132,0.034633042148463994,0.3147310513447433,0.0139058679706601
EU Power Grid,seamless,13.0,17,0.018005757632834057,0.002450328538226834,0.018051556554876717,0.01955506570582208,0.02981166596692263,0.036313058230627165,0.167596271393643,0.018872249388753
EU Power Grid,seamless,13.0,18,0.017757066690460153,0.0021216624623201182,0.0164159860636693,0.020497108517782733,0.027118906777842025,0.03579641021214023,0.1627139364303178,0.0208588019559902
EU Power Grid,seamless,13.0,19,0.0177204107884898,0.002044373910422422,0.01709117925037598,0.02273667433700749,0.025255540453664148,0.03559169869669712,0.1479981662591687,0.0178789731051344
EU Power Grid,seamless,13.0,20,0.01601227611352674,0.0038523446910624683,0.010798017023479425,0.020821735670065955,0.029131333540018102,0.03719760558563273,0.347692542787286,0.0109260391198044
EU Power Grid,seamless,13.0,21,0.017363186501586334,0.0022313038320438267,0.01662283558886962,0.01780645053856218,0.02565029362353185,0.03546608303688333,0.1865602078239608,0.0178789731051344
EU Power Grid,seamless,13.0,22,0.017998616182781445,0.0023623164274297346,0.018064537196507805,0.019605873815554817,0.02375841340171073,0.03524300445143958,0.2289731051344743,0.018872249388753
EU Power Grid,seamless,13.0,23,0.016626956884579627,0.002958858977838923,0.014532953883130237,0.017706740608003604,0.028019684120329305,0.036823120229745536,0.2624312347188264,0.0148991442542787
EU Power Grid,seamless,13.0,24,0.017520814469272453,0.002436667953641612,0.01624970785159038,0.020274700600669274,0.027459391313685258,0.03325816837271408,0.2241213325183373,0.0168856968215158
EU Power Grid,seamless,13.0,25,0.01778308251488133,0.0025450571031116693,0.016197166810881992,0.021909294615393274,0.026673464456427043,0.03723682423254548,0.1981127750611246,0.0168856968215158
EU Power Grid,seamless,13.0,26,0.016841405294926583,0.003088672477466797,0.013624164744943268,0.02007649250957373,0.027091446185980955,0.038153003489608234,0.2914883863080684,0.0139058679706601
EU Power Grid,seamless,13.0,27,0.0185327678077045,0.0019415856006322978,0.016841781227025582,0.021779726962740324,0.02782880254413151,0.03884698344832868,0.1222799511002444,0.0218520782396088
EU Power Grid,seamless,13.0,28,0.01818327692951898,0.002338820221943152,0.017904635897722596,0.02210353106961116,0.026453717995690417,0.04005187701774662,0.1519254278728606,0.0198655256723716
EU Power Grid,seamless,13.0,29,0.017384633619385133,0.002539911616251236,0.016772169057307926,0.0209689620872115,0.026386297344829036,0.036570990910166364,0.1815861858190708,0.0178789731051344
EU Power Grid,seamless,13.0,30,0.01732461811777408,0.0026212907543108313,0.01531549614704319,0.019925144467573264,0.027151561415940977,0.04129773318010376,0.2709810513447432,0.0158924205378973
EU Power Grid,seamless,13.0,31,0.01668584159335558,0.002711154633240609,0.014523140477345391,0.018531652880960856,0.029015661241089976,0.03255672445282351,0.2534611858190709,0.0148991442542787
EU Power Grid,seamless,13.0,32,0.01650522589749802,0.002638973622135043,0.014396654207205116,0.01898861598740825,0.026548762123739026,0.03916145765435473,0.2769941931540342,0.0148991442542787
EU Power Grid,seamless,13.0,33,0.01763465267414927,0.002381069374379769,0.01622091372149726,0.019910654774809935,0.02752876352212591,0.03848870578154654,0.2003438264058679,0.0168856968215158
EU Power Grid,seamless,13.0,34,0.018281496532686695,0.0025344246147761718,0.018908118356348362,0.02130362205017813,0.029082251659475974,0.03597410885472544,0.1761995721271393,0.0198655256723716
EU Power Grid,seamless,13.0,35,0.018860781211236573,0.001740350011264711,0.018466125861227745,0.02167358038037633,0.026583093146382242,0.034517070621168544,0.1360406479217603,0.0218520782396088
EU Power Grid,seamless,13.0,36,0.014958824954810263,0.004969127837758747,0.009822885562295446,0.0166299360774667,0.02986792423632812,0.03788445425932921,0.3703239608801956,0.0099327628361858
EU Power Grid,seamless,13.0,37,0.017302981269633817,0.002521576076052407,0.016156333195617222,0.01931705769333298,0.02654864611218195,0.037584816759158694,0.1790036674816625,0.0168856968215158
EU Power Grid,seamless,13.0,38,0.017980895368888965,0.0019047172006795303,0.017970044183005986,0.019262679015150108,0.026338120451048302,0.03814060774706202,0.1669773838630806,0.018872249388753
EU Power Grid,seamless,13.0,39,0.01583434699930425,0.003771033855925804,0.012605256289347075,0.01934718016807262,0.02608887457794851,0.038690848622528445,0.3486552567237163,0.0129125916870415
EU Power Grid,seamless,13.0,40,0.017304036170332347,0.0029460863312517427,0.014480103198172474,0.02082715950593963,0.02746181731895951,0.03603442517581211,0.2791870415647921,0.0148991442542787
EU Power Grid,seamless,13.0,41,0.01666891005768357,0.003203110230222632,0.014497177108610025,0.018603552884690722,0.025867178511074323,0.03652837204563966,0.3491671760391198,0.0148991442542787
EU Power Grid,seamless,13.0,42,0.01731124592330788,0.002570435433585533,0.015406744946269674,0.019910080529591333,0.024523135811287167,0.037374907602206034,0.3068459657701711,0.0158924205378973
EU Power Grid,seamless,13.0,43,0.01795023494570881,0.002075778076541106,0.017319304794226918,0.020801426422849677,0.025993458202351816,0.03347081314873618,0.1370033618581907,0.0208588019559902
EU Power Grid,seamless,13.0,44,0.015877271591756465,0.0032217872850361018,0.012675340052062653,0.018052297118791662,0.026405709616529615,0.035586268827915025,0.3375305623471882,0.0129125916870415
EU Power Grid,seamless,13.0,45,0.017620589861240155,0.0025179256642826908,0.01625996251086075,0.02094196399122441,0.027905343130352256,0.036896766833646504,0.2614990831295843,0.0168856968215158
EU Power Grid,seamless,13.0,46,0.017714195222503535,0.0016295171349966426,0.017295292222442,0.01963866380045239,0.0223313838603931,0.03460510027097871,0.1223028728606356,0.0198655256723716
EU Power Grid,seamless,13.0,47,0.01738434522926611,0.002084050319428825,0.01763645752526364,0.018930433986101697,0.028880883105928127,0.03433611648486635,0.1738080684596576,0.018872249388753
EU Power Grid,seamless,13.0,48,0.01666607169177531,0.002560281065710518,0.015156274799287344,0.01679785833375801,0.025301635609403923,0.0368289571595619,0.2677490831295843,0.0158924205378973
EU Power Grid,seamless,13.0,49,0.017293669304474894,0.0026817616087414166,0.01609517668370005,0.020355079104597315,0.025781112331769388,0.038174130185896625,0.2233037897310513,0.0168856968215158
EU Power Grid,seamless,13.0,50,0.017155750524659803,0.0026857687135530763,0.014553965197115057,0.020087260840960394,0.02746234227371566,0.04019195639814285,0.3038661369193153,0.0148991442542787
EU Power Grid,seamless,13.0,51,0.017528464396640166,0.0035036506803111113,0.013528496694646714,0.020729966956859754,0.03282486730699808,0.04002046499873299,0.3384703545232274,0.0139058679706601
EU Power Grid,seamless,13.0,52,0.017456624900149233,0.0018562221254020091,0.01688590918320253,0.017878548381760933,0.026639205975944623,0.03717068879411239,0.2293398533007334,0.0178789731051344
EU Power Grid,seamless,13.0,53,0.01690943500616098,0.002490665208821519,0.01614245854880158,0.01847252894932164,0.026385222129740354,0.03558900185704342,0.2321286674816625,0.0168856968215158
EU Power Grid,seamless,13.0,54,0.017800287262245054,0.0022130745408362163,0.01741027779084135,0.020492408986287534,0.026630765127947587,0.038158285881520586,0.1432380806845965,0.0198655256723716
EU Power Grid,seamless,13.0,55,0.018089891655451676,0.002105983146901764,0.017378587737478846,0.019082515930924228,0.02740805146241641,0.03772249582185632,0.2386460880195599,0.0178789731051344
EU Power Grid,seamless,13.0,56,0.01618852042231703,0.0028124326895126923,0.014446931085420675,0.01685830197427209,0.026471493284656825,0.03409696753599556,0.2725473716381418,0.0148991442542787
EU Power Grid,seamless,13.0,57,0.016877378167667673,0.0031562544250953333,0.014478471625592208,0.019897075763121812,0.02578311825835999,0.037009720516221034,0.2782166870415647,0.0148991442542787
EU Power Grid,seamless,13.0,58,0.018524882614713356,0.0018489440695035467,0.01834110005463771,0.022495598806975336,0.026444070904645452,0.04098422874548401,0.1259856356968215,0.0228453545232273
EU Power Grid,seamless,13.0,59,0.017481745197358716,0.0020841793360610213,0.01708058419472188,0.018377481608095696,0.028931181815136923,0.03964980711046304,0.218520782396088,0.0178789731051344
EU Power Grid,seamless,13.0,60,0.017219522687031794,0.002593825390080889,0.015413186007613964,0.020636566562014447,0.026380559879689958,0.03350651996740003,0.2472723105134474,0.0158924205378973
EU Power Grid,seamless,13.0,61,0.016785131275649148,0.003186262175900865,0.0145161150772714,0.01938264950143402,0.02789591189755906,0.03562056859870381,0.2950412591687041,0.0148991442542787
EU Power Grid,seamless,13.0,62,0.018283689815433993,0.0016825809168965556,0.017532319682151506,0.02237248495747441,0.02696883614685509,0.032922708210826004,0.1276054400977995,0.0228453545232273
EU Power Grid,seamless,13.0,63,0.016034125459649426,0.0027001578626495077,0.014250167573838908,0.01856845071032728,0.025516294694167514,0.0354331983953852,0.239700488997555,0.0148991442542787
EU Power Grid,seamless,13.0,64,0.017870259812176,0.0023574062061927125,0.017934191740230598,0.01926231697466612,0.02766966781856252,0.03927261613691922,0.2147386919315403,0.018872249388753
EU Power Grid,seamless,13.0,65,0.016664880185230928,0.003091518432588707,0.015381299302929183,0.01896897789986959,0.02668577936981637,0.0370687724242931,0.2141045232273838,0.0158924205378973
EU Power Grid,seamless,13.0,66,0.018403675283374173,0.0018896450223538394,0.01896243747479446,0.020707375685754186,0.026131379088835508,0.03666588133348112,0.209963325183374,0.0208588019559902
EU Power Grid,seamless,13.0,67,0.018150453580446157,0.002285862689034455,0.017699924363287444,0.02075331405210425,0.026881004791003003,0.03864696122947944,0.1535223105134474,0.0208588019559902
EU Power Grid,seamless,13.0,68,0.018379336675171512,0.00204884395726725,0.01859242965298325,0.020967422527384143,0.029960735318629955,0.03823017014646782,0.2016121638141809,0.0198655256723716
EU Power Grid,seamless,13.0,69,0.017469276119317874,0.002634632591922411,0.01582887982767576,0.020184569819284934,0.027105888514453395,0.03765620755229552,0.1720965770171149,0.0178789731051344
EU Power Grid,seamless,13.0,70,0.018762333931659093,0.001905810047446347,0.018471544670634433,0.021381470044570437,0.02648493752944077,0.03732785317016565,0.1368811124694376,0.0208588019559902
EU Power Grid,seamless,13.0,71,0.0163094545419645,0.0032085213395611116,0.01358434768898145,0.0193688875305623,0.02623804500911681,0.036310233023359145,0.3136002444987775,0.0139058679706601
EU Power Grid,seamless,13.0,72,0.018107050867533458,0.0017994851640913898,0.016552406068536,0.02137117781253644,0.02726311117887611,0.04085034029120891,0.1144177872860635,0.0218520782396088
EU Power Grid,seamless,13.0,73,0.018616021481537747,0.0020607817903519955,0.0172128937149431,0.020663560019828744,0.026755098694018712,0.0412940007910254,0.1185666259168704,0.0208588019559902
EU Power Grid,seamless,13.0,74,0.017319131116299014,0.002989640828437606,0.015433648921075608,0.018635280281188743,0.02771364092054919,0.03353192936070196,0.3017649755501222,0.0158924205378973
EU Power Grid,seamless,13.0,75,0.016197619889493507,0.00359283153001162,0.012644598472041135,0.02022023496765748,0.02553550831688971,0.040401638886475535,0.3294926650366748,0.0129125916870415
EU Power Grid,seamless,13.0,76,0.016798784271020707,0.003152907581871949,0.014452701823522976,0.017496986064156145,0.02794661763940858,0.03882264360434516,0.3196897921760391,0.0148991442542787
EU Power Grid,seamless,13.0,77,0.01722384853881711,0.0023086986329327428,0.014725056883249408,0.01962109280257661,0.02500371704222554,0.03613448821960431,0.2302032396088019,0.0148991442542787
EU Power Grid,seamless,13.0,78,0.01783997126046511,0.002081758376903964,0.017986929028920035,0.020042148586232284,0.026113490207896838,0.03335677551624483,0.1705226161369193,0.0198655256723716
EU Power Grid,seamless,13.0,79,0.01654021217246349,0.002849809566780578,0.014421197545593548,0.018399109655395054,0.026782200678321814,0.036212438454722815,0.3079232885085574,0.0148991442542787
EU Power Grid,seamless,13.0,80,0.018815541908618515,0.0019836374335138064,0.017387837703816363,0.02367547032634055,0.029038289651803526,0.0360635696821515,0.1122096577017114,0.0238386308068459
EU Power Grid,seamless,13.0,81,0.01710591974777837,0.0025822897853200453,0.016168189951258304,0.020136214214837467,0.027525291521592683,0.037134497581588106,0.1896317237163814,0.0168856968215158
EU Power Grid,seamless,13.0,82,0.01788499047588708,0.003093734482976973,0.0153845537876778,0.020454555451436467,0.027742994567743803,0.038147974454093195,0.2639593520782395,0.0158924205378973
EU Power Grid,seamless,13.0,83,0.01656696415060955,0.0026198108576474407,0.014518212911404097,0.01919021893076505,0.024441104002633277,0.038010696821515845,0.3376528117359413,0.0148991442542787
EU Power Grid,seamless,13.0,84,0.017906020186934636,0.0027783191741179445,0.017232117952955282,0.02011825277412071,0.027075893061545894,0.03664275496180719,0.2753438264058679,0.0178789731051344
EU Power Grid,seamless,13.0,85,0.01836956935719307,0.0022708360459907134,0.018139071593374356,0.020643670290783005,0.028307171569468922,0.03904168795387356,0.1910299511002444,0.0208588019559902
EU Power Grid,seamless,13.0,86,0.017550837398505298,0.0023135177836058605,0.016282486795804654,0.018795209025947834,0.029088805448829802,0.038794533705902766,0.2511384474327628,0.0168856968215158
EU Power Grid,seamless,13.0,87,0.01734100323006267,0.0023800524197495456,0.016912161057843395,0.019100395996108525,0.026201360349581204,0.037424863156826055,0.2195751833740831,0.0178789731051344
EU Power Grid,seamless,13.0,88,0.018105502667947124,0.0023935915769162292,0.017938885530191354,0.020787519775636382,0.028341597981336702,0.0382086711750628,0.1567313569682151,0.018872249388753
EU Power Grid,seamless,13.0,89,0.017002607782245827,0.0026273090007420006,0.016208036001971116,0.019409236497515237,0.026049732595023346,0.03703683982848689,0.2205455378973105,0.0168856968215158
EU Power Grid,seamless,13.0,90,0.017643600357052595,0.0020275106776733343,0.017920687415811327,0.01974270254616018,0.02504803402596346,0.03755271344320507,0.1325947432762836,0.0198655256723716
EU Power Grid,seamless,13.0,91,0.017113630388855376,0.0027236313004951026,0.015437619054217503,0.01896408086911709,0.026197741315606496,0.03754995064796165,0.2735330073349633,0.0158924205378973
EU Power Grid,seamless,13.0,92,0.017574386728487486,0.0018995641246054413,0.017595986478628235,0.019978691915622415,0.02524457754644212,0.03790170797347449,0.1650748777506112,0.018872249388753
EU Power Grid,seamless,13.0,93,0.0179784592313046,0.0016767979360888122,0.018652771909653136,0.02194995874065598,0.024674300901576973,0.032731878635865436,0.1033542176039119,0.0228453545232273
EU Power Grid,seamless,13.0,94,0.01684109413716659,0.003460756444713528,0.013619268737149717,0.020334467209224886,0.02692580752934742,0.03678440933337534,0.3443688875305623,0.0139058679706601
EU Power Grid,seamless,13.0,95,0.01665148522312375,0.0035726518108937814,0.01352247179066723,0.019911301662715136,0.02736796124317691,0.04035108417887061,0.3224480440097799,0.0139058679706601
EU Power Grid,seamless,13.0,96,0.017842065883434854,0.0017874183143744497,0.01757826675686464,0.019847589433748244,0.02595089879343833,0.031937282508660125,0.1810742665036674,0.0198655256723716
EU Power Grid,seamless,13.0,97,0.01723911803669792,0.002315991867258521,0.016213119475267972,0.01849773412025459,0.025471551933003402,0.036075710445070595,0.2192313569682151,0.0168856968215158
EU Power Grid,seamless,13.0,98,0.01692616922227787,0.0027870012345432124,0.014274272487903255,0.019014036364529346,0.027146166981757983,0.03815226483078104,0.2430699877750611,0.0148991442542787
EU Power Grid,seamless,13.0,99,0.017772746005878505,0.002069516975272882,0.017114748320404542,0.02040566626135404,0.02632149370193741,0.03997841534229821,0.1254202322738386,0.0178789731051344
EU Power Grid,seamless,13.0,100,0.017825650414291613,0.0019750464436524297,0.018266604898012104,0.020675186451639606,0.027021867432528834,0.034326623925166805,0.1623471882640586,0.0208588019559902
EU Power Grid,seamless,14.0,1,0.01679028435172324,0.0027284580403818814,0.01449593835252664,0.019955343208656263,0.0252855581371264,0.03462833788772225,0.2637148533007334,0.0148991442542787
EU Power Grid,seamless,14.0,2,0.017268738737606863,0.0021111969366851176,0.016472326351773807,0.01925127062356809,0.027002246745523,0.03884969351561684,0.1644559902200489,0.018872249388753
EU Power Grid,seamless,14.0,3,0.018348896339187442,0.0015562964016198628,0.017772721615996873,0.021409542009140664,0.027006442348740604,0.041696470374031055,0.1317389975550122,0.0218520782396088
EU Power Grid,seamless,14.0,4,0.018628733414415642,0.0014734145992558816,0.01827827614873955,0.022938760808460634,0.02555101025947651,0.03908834316122526,0.1187958435207823,0.0238386308068459
EU Power Grid,seamless,14.0,5,0.01761917826749968,0.0025327018632756975,0.016273169279678947,0.021327279811904458,0.02598322256002082,0.040833852389673346,0.197570293398533,0.0168856968215158
EU Power Grid,seamless,14.0,6,0.017633643308732693,0.0020841338007790643,0.016564498345495733,0.02117645098647224,0.025515857926838012,0.0374485505365769,0.1282166870415647,0.018872249388753
EU Power Grid,seamless,14.0,7,0.016530232356502625,0.0029433314466937198,0.014417463414909508,0.019158582877902633,0.025088927368705417,0.03956979405517472,0.2001757334963325,0.0148991442542787
EU Power Grid,seamless,14.0,8,0.017565044406473926,0.0029018336264092924,0.014417678929866451,0.021081388480687108,0.026566578397441174,0.04030882344041242,0.2478911980440097,0.0148991442542787
EU Power Grid,seamless,14.0,9,0.017198022444737383,0.002365177560978962,0.01622825113250945,0.01852504117997638,0.02762536427189922,0.037448558142723284,0.224770782396088,0.0168856968215158
EU Power Grid,seamless,14.0,10,0.017546663330993136,0.0019733995842885496,0.01690498579757412,0.020572043400425385,0.0251540963406844,0.038391283334280914,0.1667940097799511,0.018872249388753
EU Power Grid,seamless,14.0,11,0.016457375905381443,0.0029105005084072515,0.013406117244665141,0.019921054744831055,0.027137863648775424,0.03639876961905507,0.2257182151589241,0.0139058679706601
EU Power Grid,seamless,14.0,12,0.01623487533934287,0.0028040086623518077,0.013472910604069674,0.017838559513124602,0.02632147590827805,0.038324247792026256,0.2236858190709046,0.0139058679706601
EU Power Grid,seamless,14.0,13,0.017501234298033633,0.0016263372544737449,0.017252028916216716,0.020684327966332086,0.023778598999223518,0.034489439429342184,0.1270171149144254,0.0208588019559902
EU Power Grid,seamless,14.0,14,0.017978823513560192,0.0019867717787547478,0.017451666760299057,0.019846866584765525,0.024801196946924682,0.03796626533869038,0.1329614914425427,0.0198655256723716
EU Power Grid,seamless,14.0,15,0.018133172940945855,0.0020340146337786266,0.01788932236247325,0.021054828155450567,0.027779093058759943,0.03892226418843019,0.1253056234718826,0.0208588019559902
EU Power Grid,seamless,14.0,16,0.015423603577681353,0.0028934095992484013,0.011662914245101722,0.018878515384000125,0.0251864059237286,0.03675337866527017,0.2588401589242053,0.0119193154034229
EU Power Grid,seamless,14.0,17,0.01887895737794857,0.0016256390468171666,0.018184296431206212,0.02238307425875948,0.02928904533776816,0.03760916186294979,0.1365602078239608,0.0228453545232273
EU Power Grid,seamless,14.0,18,0.01729072468957541,0.0022737730716765373,0.017080720066391625,0.020050485994598518,0.027206281709304066,0.03594307297280712,0.1840235330073349,0.018872249388753
EU Power Grid,seamless,14.0,19,0.016766454220835683,0.0027242915620833965,0.016111991829093873,0.018723231984990037,0.02645608195342043,0.03495200690745066,0.2548899755501222,0.0168856968215158
EU Power Grid,seamless,14.0,20,0.01635044388493383,0.002065851385075845,0.01542518269343314,0.017139560351909902,0.02353495887803061,0.0361456724788744,0.1446745110024449,0.0158924205378973
EU Power Grid,seamless,14.0,21,0.01786650315141507,0.001840899503025588,0.0172050642157412,0.022704225473192792,0.025970036165444143,0.03359910484945461,0.1063646088019559,0.0238386308068459
EU Power Grid,seamless,14.0,22,0.017244506378395415,0.002001692172807269,0.016969624573444888,0.019796618767167876,0.02488117674739001,0.03132446334590357,0.1267726161369193,0.0198655256723716
EU Power Grid,seamless,14.0,23,0.016727248343076113,0.0024403790791205984,0.014455468615871755,0.020081836289274655,0.026953369291729194,0.03873777506112458,0.2411063569682151,0.0148991442542787
EU Power Grid,seamless,14.0,24,0.018229244796648246,0.0022470893964534047,0.017602695758359727,0.020605579361435197,0.024831077285716277,0.039777764833329225,0.1190479828850855,0.0208588019559902
EU Power Grid,seamless,14.0,25,0.016656744548189068,0.002477976043584582,0.01566650714307234,0.01677941798260925,0.024775789786305256,0.036450874665269486,0.2211415036674816,0.0168856968215158
EU Power Grid,seamless,14.0,26,0.01760632972877591,0.0019668880389695975,0.017774887267030654,0.018835607147180758,0.026610611099358965,0.03632328923335616,0.1990296454767726,0.018872249388753
EU Power Grid,seamless,14.0,27,0.016935693685419216,0.002296548301865561,0.01702815786422799,0.017762687539226874,0.02737732715703885,0.0345401622735036,0.1921760391198043,0.0178789731051344
EU Power Grid,seamless,14.0,28,0.015870638619018978,0.0034945663915619475,0.012599963454363181,0.019028381695561626,0.02646177191495584,0.034734448538710584,0.3664960268948655,0.0129125916870415
EU Power Grid,seamless,14.0,29,0.01771780768820497,0.001996728827074641,0.016961649556894078,0.020468340032178005,0.026255959109989336,0.03858862494824894,0.1072891198044009,0.0208588019559902
EU Power Grid,seamless,14.0,30,0.01705317471285211,0.002091852031069715,0.015955814643611347,0.020094143284360717,0.026637966522688662,0.035776381182125214,0.1630959657701711,0.0168856968215158
EU Power Grid,seamless,14.0,31,0.016562274016568616,0.002354507126575172,0.01535178148006755,0.017287576067443255,0.024602983678563402,0.035956601466992595,0.2463783618581906,0.0158924205378973
EU Power Grid,seamless,14.0,32,0.01782381382458626,0.001985542326142076,0.016411528644910103,0.019669508611080428,0.025850171456689844,0.04222960199631985,0.1510238386308068,0.0198655256723716
EU Power Grid,seamless,14.0,33,0.0177857007935935,0.0024376545514172058,0.017324901292865066,0.02144208536621906,0.02814009850498966,0.03552683737200115,0.1303560513447432,0.0218520782396088
EU Power Grid,seamless,14.0,34,0.015079569344116287,0.0035612072766968155,0.010770014031877698,0.01801900782830967,0.02244952651169573,0.038172826096836,0.3657625305623471,0.0109260391198044
EU Power Grid,seamless,14.0,35,0.017183071693830224,0.003439628073888382,0.013606595442117958,0.02181304118042728,0.027412987055137065,0.03938641072459591,0.3178636919315403,0.0139058679706601
EU Power Grid,seamless,14.0,36,0.016633180039779556,0.003137911295682848,0.013536051234388771,0.019318128922882392,0.028984500416827354,0.03731463551190645,0.276742053789731,0.0139058679706601
EU Power Grid,seamless,14.0,37,0.01742901534085977,0.0019636778015920697,0.01796563398017618,0.018759459240917264,0.026011102442645453,0.037174238398594406,0.1543704156479217,0.018872249388753
EU Power Grid,seamless,14.0,38,0.017537503150107384,0.001996205171332208,0.018107254171338877,0.019685514716537362,0.025475735611109315,0.03889563070522044,0.1843062347188264,0.0198655256723716
EU Power Grid,seamless,14.0,39,0.017736757954710122,0.0021929327677866753,0.016821227288220015,0.020338161928255688,0.02566237614009537,0.0359028538909029,0.1598945599022004,0.018872249388753
EU Power Grid,seamless,14.0,40,0.01796825173893397,0.0024376393729899034,0.017149369746982925,0.019475669767949285,0.027975040552746848,0.04376678240325805,0.2447432762836185,0.0178789731051344
EU Power Grid,seamless,14.0,41,0.01688999902998168,0.0025103364506242334,0.014554040998940716,0.01851462868074951,0.02648973992031068,0.03842507697183722,0.2038584963325183,0.0148991442542787
EU Power Grid,seamless,14.0,42,0.017264352172112293,0.0027991212087557548,0.01538840068805088,0.01882327553766747,0.028690150096071374,0.03809174170592554,0.2666488386308068,0.0158924205378973
EU Power Grid,seamless,14.0,43,0.016413297752453145,0.0028877556350728494,0.015370273909499998,0.016728163993749847,0.026434114988515937,0.03547602460754178,0.2175122249388753,0.0158924205378973
EU Power Grid,seamless,14.0,44,0.017006569351775542,0.0025739644179367167,0.016113982586048417,0.020051096605663232,0.025462298233810805,0.03731756423454714,0.1886308068459657,0.0168856968215158
EU Power Grid,seamless,14.0,45,0.016059716288105725,0.0028097309294502844,0.013490634095479258,0.018413121680615097,0.024647967037942517,0.03877485737571302,0.2508939486552567,0.0139058679706601
EU Power Grid,seamless,14.0,46,0.017835880674303205,0.00199775337091853,0.015436966621086021,0.0223038133385326,0.02747819855804702,0.038241136919314675,0.1056158312958435,0.0228453545232273
EU Power Grid,seamless,14.0,47,0.015046981260666885,0.0042802321463398215,0.009783847550892568,0.018725304497037732,0.027114814221010815,0.04133026451180479,0.3899831907090464,0.0099327628361858
EU Power Grid,seamless,14.0,48,0.017363178912372674,0.002359197260616103,0.016094593669937703,0.021875708740237032,0.027573529411764632,0.036890901971271345,0.1862545843520782,0.0168856968215158
EU Power Grid,seamless,14.0,49,0.017616134992822642,0.002421284617555924,0.016127925875232398,0.02074433517237615,0.02681660653030689,0.040476008557457144,0.2123242665036674,0.0168856968215158
EU Power Grid,seamless,14.0,50,0.016592334891869762,0.002948590771759029,0.014465575509306727,0.018237637257684177,0.027220997941062874,0.03965221989366234,0.2895553178484107,0.0148991442542787
EU Power Grid,seamless,14.0,51,0.018055914745902783,0.0024177404547774278,0.017991949786182196,0.018850625048408426,0.027089614732954535,0.038053219784576674,0.2309978606356968,0.018872249388753
EU Power Grid,seamless,14.0,52,0.017137134183555596,0.0018120225450551648,0.017462348886172152,0.019492928570561816,0.024853628838217585,0.03523824986901845,0.1488004278728606,0.0198655256723716
EU Power Grid,seamless,14.0,53,0.016861448408198566,0.0025186466395802375,0.015050036603228652,0.01738778294645157,0.027202094628113765,0.03857636766503653,0.1671683985330073,0.0158924205378973
EU Power Grid,seamless,14.0,54,0.017295118844283665,0.0028126527767087803,0.015321740685306808,0.020979191997426674,0.02467836989052801,0.038010737781362595,0.2606815403422983,0.0158924205378973
EU Power Grid,seamless,14.0,55,0.017098133214564794,0.002111948268837301,0.01613092471140032,0.018373221435888834,0.025624101264310396,0.035635399136315936,0.1717451100244498,0.0168856968215158
EU Power Grid,seamless,14.0,56,0.017318281124369263,0.002084042730215165,0.016374553867791408,0.019366245838318634,0.025160013928413914,0.03641355997814484,0.1958205990220048,0.0168856968215158
EU Power Grid,seamless,14.0,57,0.016923437105360824,0.002193183211837407,0.016393497452454792,0.018774455690977226,0.025711280807764036,0.03593588997914035,0.1569223716381418,0.018872249388753
EU Power Grid,seamless,14.0,58,0.017252892459488006,0.002370156085138919,0.016917886214463017,0.017739443887811703,0.027974854627193037,0.038555890204720215,0.1885391198044009,0.0178789731051344
EU Power Grid,seamless,14.0,59,0.01689446907682651,0.0024759193666831405,0.015169545428501966,0.01956586872613385,0.026505829044589164,0.03521410692275045,0.1680394254278728,0.0158924205378973
EU Power Grid,seamless,14.0,60,0.016422746323457908,0.0034445534735527326,0.012723855102701062,0.019144635688896055,0.029606960699827566,0.03555339325896375,0.2787820904645476,0.0129125916870415
EU Power Grid,seamless,14.0,61,0.018511821578007154,0.001572271696370911,0.01713733229786063,0.022566723943689925,0.027666803691488863,0.036354968657337505,0.1497096577017115,0.0228453545232273
EU Power Grid,seamless,14.0,62,0.017504467303052135,0.00198686284931865,0.016691112859987155,0.019464848120674602,0.025390847508127996,0.037702231701607414,0.1866748166259168,0.018872249388753
EU Power Grid,seamless,14.0,63,0.017628558535581526,0.002436417509590889,0.0170700535559255,0.020509179420556002,0.02720816614218359,0.03607295668878793,0.1842527506112469,0.0178789731051344
EU Power Grid,seamless,14.0,64,0.016515380265373022,0.0031055281210022254,0.013479990732523752,0.02049977837669705,0.026978093346140382,0.03885665121208957,0.2462179095354523,0.0139058679706601
EU Power Grid,seamless,14.0,65,0.017851241242747923,0.0018429410014997078,0.01698781925551956,0.023451025405457935,0.02603513423254883,0.03439581767668345,0.0925657090464547,0.0248319070904645
EU Power Grid,seamless,14.0,66,0.017514181496534945,0.0023506821628913282,0.01717883880538791,0.01871698462231367,0.023643211097520232,0.03816079227441243,0.2624999999999999,0.0178789731051344
EU Power Grid,seamless,14.0,67,0.016985987404333817,0.002706692175609431,0.015457865520384464,0.017836676401915382,0.02716583497000542,0.038175622951672414,0.2483190709046454,0.0158924205378973
EU Power Grid,seamless,14.0,68,0.016921403196100363,0.0029457903519190605,0.01444665860730422,0.01940489992934205,0.026435206876780675,0.035713271115053666,0.2185589853300733,0.0148991442542787
EU Power Grid,seamless,14.0,69,0.01816991232426644,0.0017037775906446181,0.016127344804147316,0.021652729115768952,0.02934462756843286,0.03568758914017921,0.0962026283618581,0.0218520782396088
EU Power Grid,seamless,14.0,70,0.017007229613363824,0.002188682808137942,0.016208382798308805,0.01867623545454694,0.02556483745359047,0.03252750963347717,0.1948196821515892,0.0178789731051344
EU Power Grid,seamless,14.0,71,0.017768427743306857,0.001960847024897468,0.016690999941084552,0.022148782970022474,0.025808786432258278,0.03910048831076055,0.1193612469437652,0.0178789731051344
EU Power Grid,seamless,14.0,72,0.018011426775436917,0.0020741843416728343,0.0180923709425824,0.021911984007686958,0.02572462076632775,0.03536135028407583,0.2127597799511002,0.018872249388753
EU Power Grid,seamless,14.0,73,0.016415923620378973,0.002899632754448335,0.014328351427226571,0.017460478974263807,0.028456562646459203,0.03357574831444018,0.2955073349633251,0.0148991442542787
EU Power Grid,seamless,14.0,74,0.0169429337952494,0.0020053729414316194,0.01606460016213257,0.01882467967605497,0.024970705523109885,0.03440503541016767,0.1655944376528117,0.0168856968215158
EU Power Grid,seamless,14.0,75,0.016205292584502203,0.0027698192548204718,0.012808378469028056,0.02082055511058649,0.02425782899440434,0.03590392291648759,0.2552949266503667,0.0129125916870415
EU Power Grid,seamless,14.0,76,0.0174400424683055,0.002528596098686486,0.01714490032329414,0.021001123408091238,0.027306020862193286,0.03859628271303079,0.2240143643031784,0.0178789731051344
EU Power Grid,seamless,14.0,77,0.0177024926550422,0.002490445121625423,0.01624634124391886,0.01940686104210225,0.027683756112469354,0.04043074843123312,0.2138829462102689,0.0168856968215158
EU Power Grid,seamless,14.0,78,0.016790823185892985,0.002107493400419791,0.016005228708667323,0.017928200227104306,0.022807809274482737,0.03796034151116967,0.1825794621026894,0.0168856968215158
EU Power Grid,seamless,14.0,79,0.016471863714255436,0.002448127666265881,0.013731938668582489,0.0191060448050113,0.02634328883374284,0.03294366340668294,0.171882640586797,0.0139058679706601
EU Power Grid,seamless,14.0,80,0.01793432795388068,0.0021135116468509467,0.018264085488783013,0.01982069855108176,0.025509055302779707,0.03516198044009773,0.1626680929095354,0.0198655256723716
EU Power Grid,seamless,14.0,81,0.016712722588133826,0.0026101649670875497,0.01599357561331072,0.0173976331213929,0.0257674432516358,0.039008244659480815,0.1889593520782395,0.0168856968215158
EU Power Grid,seamless,14.0,82,0.018005438885860408,0.0018187845344248483,0.016956221808240506,0.022835744755366438,0.025324722418338604,0.035076988758097366,0.104057151589242,0.0238386308068459
EU Power Grid,seamless,14.0,83,0.01717144501850548,0.0022891184616939324,0.01674337619459362,0.020692147469969148,0.028092401183785573,0.03473196049908876,0.1250305623471882,0.0208588019559902
EU Power Grid,seamless,14.0,84,0.016473320843277864,0.002404952629762926,0.014293687399745434,0.019785121959662554,0.025215008584380152,0.03673126828283266,0.231135391198044,0.0148991442542787
EU Power Grid,seamless,14.0,85,0.018520275962022673,0.0017024494782543892,0.018029987055946998,0.022623240318098686,0.027823867560051414,0.037187757930637014,0.1230745721271393,0.0228453545232273
EU Power Grid,seamless,14.0,86,0.016223908925606392,0.003398335162372739,0.012548665281163668,0.01919182423835362,0.02671333645415631,0.03800297215986035,0.3191320293398533,0.0129125916870415
EU Power Grid,seamless,14.0,87,0.017125378491598668,0.00284986269127618,0.015362234654058497,0.020063763586119002,0.027321451379150298,0.034193873148281234,0.3093062347188264,0.0158924205378973
EU Power Grid,seamless,14.0,88,0.017131556111516635,0.0018829361574797662,0.017888611576571133,0.018689045042078623,0.02470760456898286,0.03491309052075415,0.1658312958435207,0.018872249388753
EU Power Grid,seamless,14.0,89,0.015788318418465713,0.0028389721696763176,0.012687569405437932,0.018142229320857448,0.025326389060891116,0.03863235813188097,0.3170690709046454,0.0129125916870415
EU Power Grid,seamless,14.0,90,0.017000460034780486,0.0022404260668612815,0.01529125092301137,0.019139632193663526,0.028509319086452975,0.0352420544389577,0.1415724327628361,0.0158924205378973
EU Power Grid,seamless,14.0,91,0.0159027865280762,0.0019663188479452087,0.014807970476335293,0.016364851474681252,0.023079066589961054,0.03704977952711388,0.175007640586797,0.0158924205378973
EU Power Grid,seamless,14.0,92,0.017082598094205946,0.0025446624640014224,0.014698103883266799,0.01993154532244059,0.027639307897567328,0.03818688233239499,0.1941931540342298,0.0148991442542787
EU Power Grid,seamless,14.0,93,0.01753293444348501,0.001832118782822749,0.015937529256031355,0.019591951653718936,0.02521051015821149,0.040189714176801436,0.1358649144254278,0.0198655256723716
EU Power Grid,seamless,14.0,94,0.017436118844844098,0.002352723661365442,0.01611481577618015,0.01997766281251091,0.028817041522491274,0.036013641095160795,0.2065938264058679,0.0168856968215158
EU Power Grid,seamless,14.0,95,0.017831919104773487,0.0019847985832035526,0.017911789224812243,0.01895181415565785,0.027883398491983947,0.03826940509553321,0.2044162591687041,0.018872249388753
EU Power Grid,seamless,14.0,96,0.016979179879682182,0.002617936321873803,0.015406678702144431,0.018499481887582617,0.026727212613365622,0.03205658647414306,0.222807151589242,0.0158924205378973
EU Power Grid,seamless,14.0,97,0.017110374616195884,0.002234665853694517,0.016304978684321746,0.018440744118000656,0.02308954680154958,0.03885780319347079,0.2826253056234719,0.0168856968215158
EU Power Grid,seamless,14.0,98,0.017289297917407617,0.002629616121694174,0.016004446723626387,0.01946457870678183,0.02800261465774512,0.03313467807660955,0.1695904645476772,0.0168856968215158
EU Power Grid,seamless,14.0,99,0.017706143066811914,0.0021879011191311233,0.01718753293356369,0.018839052789962056,0.02682382871869418,0.039155778830480735,0.1454538508557457,0.018872249388753
EU Power Grid,seamless,14.0,100,0.01724496173121493,0.0027861132965451667,0.01614931531342665,0.019171001736773007,0.028015887588546156,0.03612789094855541,0.2714394865525672,0.0168856968215158
EU Power Grid,seamless,15.0,1,0.016266871464126916,0.0031888273301174325,0.012709887683391107,0.01999531873403454,0.025403135371442866,0.03477576798568512,0.3269559902200488,0.0129125916870415
EU Power Grid,seamless,15.0,2,0.01661549717195537,0.0024479910604200223,0.015336603777095986,0.019545895574093513,0.02574018418110837,0.03919259104362364,0.2073578850855745,0.0158924205378973
EU Power Grid,seamless,15.0,3,0.016885969157529043,0.002790294953270971,0.014533167667207199,0.02046584223334705,0.025662330816944127,0.039234413202933874,0.2302567237163814,0.0148991442542787
EU Power Grid,seamless,15.0,4,0.017854724691817158,0.0017429151654812685,0.017041992704294576,0.02135606491214038,0.026729604271307703,0.03666324659448126,0.1487011002444987,0.0218520782396088
EU Power Grid,seamless,15.0,5,0.015580897619966491,0.003952833469114077,0.01164236932102301,0.019387650999334625,0.0263354280403255,0.03771842853384156,0.3711644254278728,0.0119193154034229
EU Power Grid,seamless,15.0,6,0.01766935814820938,0.002305389735777668,0.017042859545250907,0.020562925422201887,0.02622205589210905,0.03534077017114905,0.2107426650366748,0.0178789731051344
EU Power Grid,seamless,15.0,7,0.01709755643432675,0.002505448997028194,0.01690985316971592,0.018176528511954664,0.02749919049937938,0.03717112314503529,0.1860406479217603,0.0178789731051344
EU Power Grid,seamless,15.0,8,0.016989508799471326,0.002293277350778775,0.016950796277177337,0.019787265643722164,0.025789653832071473,0.03591311023633018,0.1980134474327628,0.0178789731051344
EU Power Grid,seamless,15.0,9,0.01605429000033993,0.0030880881080150935,0.012753908291522228,0.018591542970832233,0.024692441132648617,0.03828470166859685,0.1880654034229828,0.0129125916870415
EU Power Grid,seamless,15.0,10,0.017648184242102287,0.00220142509787049,0.017077415152544254,0.01987042210475563,0.025541952716814604,0.03886018258055454,0.1471042176039119,0.0198655256723716
EU Power Grid,seamless,15.0,11,0.017169775391500615,0.002627164805682479,0.015268572936548713,0.01869476337316163,0.026597066751111995,0.04056330823082206,0.2453927261613691,0.0158924205378973
EU Power Grid,seamless,15.0,12,0.01587247520872433,0.0027380735740871465,0.014447287288159836,0.016218409671777533,0.025513931641829624,0.03502553036477234,0.2125916870415647,0.0148991442542787
EU Power Grid,seamless,15.0,13,0.015646764405308218,0.0029700378895578315,0.012528458685483844,0.018616366335740583,0.021506663387514634,0.03962746946041798,0.2600550122249389,0.0129125916870415
EU Power Grid,seamless,15.0,14,0.016824261261272143,0.0022536920123362608,0.015187844280520967,0.01942637818636471,0.025350008259190062,0.039794252742208325,0.1802490831295843,0.0158924205378973
EU Power Grid,seamless,15.0,15,0.016435685932745598,0.0023479272783332923,0.015241984496331708,0.019952942305510524,0.0243032660135028,0.037831721963701985,0.2441702322738386,0.0158924205378973
EU Power Grid,seamless,15.0,16,0.017128049894806437,0.002808433173914681,0.015187294560568413,0.020397044165474387,0.02814434680693559,0.0394690372574411,0.168986858190709,0.0158924205378973
EU Power Grid,seamless,15.0,17,0.016897694492631343,0.0020105108390784006,0.01696278586069507,0.019597398793909315,0.025171449652688933,0.03245339242053787,0.217718520782396,0.0178789731051344
EU Power Grid,seamless,15.0,18,0.016819897463418523,0.0023758783522373895,0.01615111763342042,0.01813642185740154,0.02647525443775218,0.03173190392917475,0.1979523227383862,0.0168856968215158
EU Power Grid,seamless,15.0,19,0.017793927501199267,0.00202413347759532,0.017169628955452786,0.02056401237070387,0.026079710421760355,0.037632755195599,0.1339318459657701,0.0208588019559902
EU Power Grid,seamless,15.0,20,0.014050289830901985,0.00433418386623778,0.008891764217523404,0.0170847287949084,0.02720895078350513,0.03790364249145601,0.3305165036674816,0.0089394865525672
EU Power Grid,seamless,15.0,21,0.017639122720994105,0.0022078986971211523,0.0174921996100803,0.02048029379835754,0.024548482620762514,0.038336283460244806,0.1783007334963325,0.018872249388753
EU Power Grid,seamless,15.0,22,0.01809603891851504,0.001657240532490975,0.01753600542622847,0.020786861643502165,0.026227339137694487,0.03434250012804504,0.1233649144254278,0.0208588019559902
EU Power Grid,seamless,15.0,23,0.01618420974895903,0.002998573332913616,0.014287592532799681,0.018809287989410357,0.026863608579684332,0.039271306322039734,0.2550580684596576,0.0148991442542787
EU Power Grid,seamless,15.0,24,0.01634650508304509,0.0023505759139001003,0.014434053676704476,0.018952487069813444,0.026130753786335205,0.03431060076842446,0.2271699266503667,0.0148991442542787
EU Power Grid,seamless,15.0,25,0.0181895000847189,0.002253585763345051,0.01722895474079442,0.02126221450804007,0.027256250192043422,0.03810318187992386,0.1930165036674816,0.0178789731051344
EU Power Grid,seamless,15.0,26,0.01573986887847015,0.003165824423518648,0.011627561202170582,0.020269986092730057,0.026310893048224204,0.03411038769686811,0.1946745110024449,0.0119193154034229
EU Power Grid,seamless,15.0,27,0.016524252056139766,0.0028283700381954427,0.015194095724237883,0.01738628233742838,0.024509592105942214,0.03601933470595799,0.2582671149144254,0.0158924205378973
EU Power Grid,seamless,15.0,28,0.017460153884500423,0.0022517643520670177,0.015941730717430484,0.020969532872184865,0.02671442573273416,0.04181610084333086,0.1552720048899755,0.0168856968215158
EU Power Grid,seamless,15.0,29,0.018025626194191895,0.0017733858583199689,0.01789030750181343,0.02034699483716235,0.025037786174705444,0.03872493422703979,0.1422142420537897,0.0198655256723716
EU Power Grid,seamless,15.0,30,0.017351370095920127,0.0021594946924075216,0.01610708573139584,0.019222208440729808,0.027093452388396586,0.04116605642651213,0.2065632640586797,0.0168856968215158
EU Power Grid,seamless,15.0,31,0.015002599539192238,0.004147671351367589,0.009868807384654383,0.020759370753459034,0.027102213179127126,0.03358206750057401,0.3604905256723716,0.0099327628361858
EU Power Grid,seamless,15.0,32,0.015107330687678892,0.003426612572464138,0.012580423485026741,0.016184236185078502,0.02159085947670908,0.0375498977096951,0.3144101466992665,0.0129125916870415
EU Power Grid,seamless,15.0,33,0.016853403841720606,0.0018682737966916288,0.015089767813133838,0.021097871496069,0.023446375734398943,0.036566426906237466,0.1086491442542787,0.0218520782396088
EU Power Grid,seamless,15.0,34,0.016943761019538157,0.00239443397963231,0.016209862375530962,0.01753507569638,0.026510696545433244,0.03374144991355137,0.2576329462102689,0.0168856968215158
EU Power Grid,seamless,15.0,35,0.01658853269582687,0.002838767260907531,0.014430997458499512,0.020184507997867293,0.026785893222173222,0.03545447389421024,0.2972570293398532,0.0148991442542787
EU Power Grid,seamless,15.0,36,0.017781116908543795,0.0021181714240372383,0.01803321062893898,0.020972172960379655,0.024035749307641376,0.037290209624533235,0.188309902200489,0.018872249388753
EU Power Grid,seamless,15.0,37,0.017998767967054623,0.002383528279605115,0.017883719555603285,0.01986370214330309,0.025765221813654673,0.03917679220305543,0.1420079462102689,0.018872249388753
EU Power Grid,seamless,15.0,38,0.015896335696466507,0.0029732784837899944,0.012625423844585577,0.019905829094800764,0.02598117868785653,0.037015061506723686,0.3139669926650366,0.0129125916870415
EU Power Grid,seamless,15.0,39,0.016496399642013222,0.0025851660972966,0.016003340034809715,0.01980458328428422,0.024451349610225354,0.033049748016566,0.156028422982885,0.0168856968215158
EU Power Grid,seamless,15.0,40,0.01746463152055891,0.0020068300704540395,0.017381201948552905,0.019831966434827982,0.025809799642276924,0.032806711676668876,0.1812270782396088,0.0198655256723716
EU Power Grid,seamless,15.0,41,0.016489804615344036,0.002574351467833297,0.015394879877112553,0.017751869167873777,0.023198193552569368,0.03366617369773311,0.2230898533007334,0.0158924205378973
EU Power Grid,seamless,15.0,42,0.01641769190716139,0.002508423968782299,0.014442877301977144,0.01854771848642832,0.025976060784252988,0.03624516535283698,0.3140739608801955,0.0148991442542787
EU Power Grid,seamless,15.0,43,0.016710559662241175,0.0029154562649262093,0.015199376174228306,0.018943669503909282,0.028909567623214442,0.03687526717315531,0.2336644254278728,0.0158924205378973
EU Power Grid,seamless,15.0,44,0.0156461648574292,0.0025942731536867454,0.011662835803679678,0.018421919144651095,0.026033486347468892,0.04063613954710593,0.249656173594132,0.0119193154034229
EU Power Grid,seamless,15.0,45,0.017922329407086664,0.0022131959682547514,0.01791901543964495,0.021005532456853028,0.028328869317450576,0.03734878175542275,0.1468749999999999,0.018872249388753
EU Power Grid,seamless,15.0,46,0.01737381140070817,0.0018473427454216136,0.01684762733461212,0.01928861788617881,0.022656492131271667,0.037869737961092775,0.1358190709046454,0.018872249388753
EU Power Grid,seamless,15.0,47,0.017030854835482594,0.0022091812742294293,0.015032495022593866,0.01872233051188167,0.025167366646192915,0.0368894378258061,0.1615296454767726,0.018872249388753
EU Power Grid,seamless,15.0,48,0.017356189246593243,0.0018476918492499057,0.01674099376427856,0.019934757640014893,0.027969371938549765,0.03785351690619593,0.1492970660146699,0.018872249388753
EU Power Grid,seamless,15.0,49,0.017072549975322152,0.002321797615707241,0.016217666524146118,0.02019875902540452,0.026911253082407202,0.03392246227932348,0.1807304400977994,0.0168856968215158
EU Power Grid,seamless,15.0,50,0.01634212610676416,0.002715283165470807,0.014493635403192649,0.01961242466612628,0.025632413081288146,0.03189991576718944,0.2337866748166259,0.0148991442542787
EU Power Grid,seamless,15.0,51,0.016139964633330225,0.003198336614831475,0.012626075580526787,0.0188691748645569,0.02656561393706701,0.03270622465003315,0.2995033618581907,0.0129125916870415
EU Power Grid,seamless,15.0,52,0.01701015904983599,0.002297087136035314,0.016781215100971174,0.019149230018106176,0.02477888185511403,0.034796505704971385,0.148502444987775,0.018872249388753
EU Power Grid,seamless,15.0,53,0.018120574846272837,0.0013722503811886687,0.0173823349633251,0.02172326128930399,0.02635800045337519,0.03455963019937673,0.1321363080684596,0.0218520782396088
EU Power Grid,seamless,15.0,54,0.01682970272746525,0.003176601106913652,0.014395221948487845,0.018283250274768747,0.028101287566778172,0.03519503073636761,0.2100320904645476,0.0148991442542787
EU Power Grid,seamless,15.0,55,0.017457049896114105,0.0024090735727794765,0.016461982153598113,0.020081096129172783,0.02580887788105516,0.04005751278061784,0.1505501222493887,0.0178789731051344
EU Power Grid,seamless,15.0,56,0.016410732598236593,0.002753783246360147,0.01434804585428535,0.019491247652457345,0.024491201923632456,0.0384422962338969,0.2865678484107579,0.0148991442542787
EU Power Grid,seamless,15.0,57,0.017353047312138645,0.0026379566675048135,0.0162709268099372,0.019974475913248895,0.02644071645160603,0.034341367136622176,0.283221271393643,0.0168856968215158
EU Power Grid,seamless,15.0,58,0.01851560100640906,0.001652026742707618,0.018461438420786496,0.023875454708092245,0.02765512866550129,0.03368465684080021,0.1088095965770171,0.0248319070904645
EU Power Grid,seamless,15.0,59,0.017615467142020693,0.002000106027152653,0.01791290431775347,0.018794738532921032,0.026975108173203713,0.03468642496776568,0.2015892420537897,0.018872249388753
EU Power Grid,seamless,15.0,60,0.016814440818798092,0.002485686684661575,0.016577207560975422,0.01873053850535715,0.02691501628233876,0.03672146671363644,0.2070904645476772,0.0178789731051344
EU Power Grid,seamless,15.0,61,0.017165715162193337,0.002613853324925563,0.01659697696249016,0.019687285893136317,0.026328311673427408,0.03173661112501521,0.1775595965770171,0.0178789731051344
EU Power Grid,seamless,15.0,62,0.016239193601914535,0.0026022494172417776,0.01495676182880769,0.015858362516798386,0.024511553117910027,0.03752632248399444,0.1878056234718826,0.0158924205378973
EU Power Grid,seamless,15.0,63,0.0180539946748472,0.001731766610617,0.017522936985113494,0.02206222119106764,0.02584799347662966,0.0372953016873192,0.1084963325183374,0.0228453545232273
EU Power Grid,seamless,15.0,64,0.016606746808607162,0.0024477633840102736,0.014415570224788059,0.018426000216030303,0.02569799977200528,0.030777352571901645,0.2336033007334963,0.0148991442542787
EU Power Grid,seamless,15.0,65,0.01720199160348076,0.0016462892971818232,0.015633512943556072,0.02029860021952441,0.02210029927692838,0.03778632093681631,0.1416870415647921,0.0208588019559902
EU Power Grid,seamless,15.0,66,0.017390264815919716,0.0021557987453558534,0.016564527158951105,0.019673627604462313,0.025223951337901587,0.03750447828737716,0.158450488997555,0.0198655256723716
EU Power Grid,seamless,15.0,67,0.017173653479680084,0.0019013324113878562,0.017284432247749216,0.020261617979585988,0.02352544783621504,0.035905238130653404,0.1116060513447432,0.0208588019559902
EU Power Grid,seamless,15.0,68,0.017744696272196873,0.002126041438601053,0.016934047181048018,0.020289372460402407,0.027368825642868955,0.03699081995395189,0.14757793398533,0.0198655256723716
EU Power Grid,seamless,15.0,69,0.01794465687366983,0.002392870601618672,0.0170128997390339,0.020001482426142646,0.02756402252668607,0.035508140198819885,0.1988309902200488,0.0178789731051344
EU Power Grid,seamless,15.0,70,0.017341959470983635,0.0021722825174220195,0.017412556025199238,0.01871825040693506,0.026349722535095065,0.037225442941795674,0.1916564792176039,0.018872249388753
EU Power Grid,seamless,15.0,71,0.017653473924022237,0.0023639481083663053,0.016780099342858682,0.018778024553099452,0.025862167065494424,0.039099782381359076,0.1947661980440097,0.0178789731051344
EU Power Grid,seamless,15.0,72,0.017377499758546196,0.0019273558250227005,0.016394561005939487,0.02129768971991324,0.024479958800993337,0.03696089714851884,0.1096271393643031,0.0218520782396088
EU Power Grid,seamless,15.0,73,0.016636033584115143,0.003047796972702351,0.014408629503866111,0.018342557127688498,0.025519979138787393,0.039135085574572036,0.3142038508557457,0.0148991442542787
EU Power Grid,seamless,15.0,74,0.016017391243532516,0.0032744716062530948,0.01264232998325764,0.018524563179690003,0.024764731222402605,0.04022987731977631,0.329057151589242,0.0129125916870415
EU Power Grid,seamless,15.0,75,0.017227354755527315,0.0027636947593980936,0.01613089283444853,0.020122608945778764,0.028045689446139447,0.0357359432546191,0.1828086797066014,0.0168856968215158
EU Power Grid,seamless,15.0,76,0.013617681884729067,0.005162592072340097,0.007840087943062032,0.015184870364710643,0.02489306422894632,0.03665542427363999,0.380913814180929,0.0079462102689486
EU Power Grid,seamless,15.0,77,0.017614480544245092,0.0025376348521537035,0.01713876558515384,0.019343910207550188,0.027387043971953073,0.0384846806234718,0.2052720048899755,0.0178789731051344
EU Power Grid,seamless,15.0,78,0.01673294025331995,0.0022194039450273585,0.015050214380761014,0.016729305663087665,0.027820342310750125,0.039087216838012105,0.2120568459657701,0.0158924205378973
EU Power Grid,seamless,15.0,79,0.01683493928488959,0.0027513395195621244,0.015219524346984285,0.017878752377071372,0.02851691790797156,0.039780102025415674,0.1899526283618581,0.0158924205378973
EU Power Grid,seamless,15.0,80,0.01827494704129946,0.0019803513039996917,0.018408047388558408,0.020573219173683207,0.027583011278491915,0.03668835690631658,0.1541335574572127,0.0208588019559902
EU Power Grid,seamless,15.0,81,0.01613947133444243,0.0027353186895291296,0.014371960112600599,0.01756863413127478,0.026384035365190316,0.03846245652002972,0.237385391198044,0.0148991442542787
EU Power Grid,seamless,15.0,82,0.016983126270784573,0.0026936614957578696,0.014527152838270939,0.020078223646477412,0.02614856148971858,0.036265786716179145,0.219330684596577,0.0148991442542787
EU Power Grid,seamless,15.0,83,0.017320398514979976,0.0027402061431251777,0.014744881898078292,0.019786689222466975,0.02704782490580297,0.0308410166697388,0.1874847188264058,0.0148991442542787
EU Power Grid,seamless,15.0,84,0.016186767313961927,0.002292935836164136,0.01503377507585351,0.016810358560825193,0.024666361043194723,0.033558612584974806,0.2018108190709046,0.0168856968215158
EU Power Grid,seamless,15.0,85,0.01760900872119735,0.0026115082579051033,0.016897526971986886,0.019721679708000955,0.02792060489358873,0.03766631602888495,0.1902047677261613,0.0178789731051344
EU Power Grid,seamless,15.0,86,0.0163706691393336,0.002956688462732602,0.014323473266324648,0.01839105115381297,0.024708773666875416,0.03594624503180795,0.2191778728606356,0.0148991442542787
EU Power Grid,seamless,15.0,87,0.017136785079727306,0.002219062430412743,0.016937378452460464,0.018269006245173313,0.022739292583990853,0.03119328986688396,0.2156861246943765,0.0178789731051344
EU Power Grid,seamless,15.0,88,0.01558224091078404,0.0027765432981218586,0.013595323670454297,0.01889642945373037,0.025844598120583845,0.03477301678617643,0.1875152811735941,0.0139058679706601
EU Power Grid,seamless,15.0,89,0.016978398190675346,0.002437479999503069,0.01690958939793072,0.01781756280129443,0.02740660613938795,0.037537268473729526,0.1862240220048899,0.0178789731051344
EU Power Grid,seamless,15.0,90,0.01601798320219788,0.003227623390339443,0.013508651510044692,0.017543032708785357,0.02623233716601684,0.03479582664821926,0.3091381418092909,0.0139058679706601
EU Power Grid,seamless,15.0,91,0.016690152266713578,0.0022103272454918523,0.01621362458624264,0.017595727009839305,0.028961958477545197,0.03686539218165975,0.1918933374083129,0.0168856968215158
EU Power Grid,seamless,15.0,92,0.01661476101823049,0.003136621129360906,0.014420431089561985,0.019977125178367246,0.02828900975191215,0.03347040082981395,0.2606738997555012,0.0148991442542787
EU Power Grid,seamless,15.0,93,0.015797395118001226,0.003677003498697546,0.012576126982842273,0.018149617552254426,0.02565989084296535,0.036037904390593824,0.3528499388753056,0.0129125916870415
EU Power Grid,seamless,15.0,94,0.017868749558657984,0.00178655314401738,0.015416203447452986,0.021651322045974957,0.026598294676468775,0.03874697206375066,0.136346271393643,0.0218520782396088
EU Power Grid,seamless,15.0,95,0.017838415471665127,0.002332908224503218,0.016361481892068316,0.019332733796101082,0.026189934208523932,0.038393754073249936,0.2384779951100244,0.0168856968215158
EU Power Grid,seamless,15.0,96,0.016474360565549066,0.0027998801301216017,0.014455364202898828,0.019886082749486073,0.023756583746582075,0.035560394593860296,0.2974404034229828,0.0148991442542787
EU Power Grid,seamless,15.0,97,0.015369416592159981,0.0034760487102353044,0.011747638282377263,0.017263223049111993,0.025421131266748182,0.034621923634393724,0.3402353300733496,0.0119193154034229
EU Power Grid,seamless,15.0,98,0.017749477476801695,0.0021769726514629427,0.016260567405091516,0.0219540559465389,0.026679018948655243,0.03566566547445972,0.257411369193154,0.0168856968215158
EU Power Grid,seamless,15.0,99,0.01705659744821208,0.0022410028470993297,0.016351314180929045,0.019509748093400055,0.025486805634431443,0.033684179140079824,0.1774220660146699,0.0198655256723716
EU Power Grid,seamless,15.0,100,0.018031060071171348,0.0022844131492256925,0.01740578048025897,0.020675156712939933,0.028019745472833875,0.03855143951024422,0.1744651589242053,0.0198655256723716
EU Power Grid,seamless,16.0,1,0.016424104792702794,0.002377889493856881,0.014361809048524838,0.019201228909214475,0.02514707323615276,0.038287605985215606,0.1597188264058679,0.0148991442542787
EU Power Grid,seamless,16.0,2,0.016643129498885793,0.002384272022543641,0.01569668931469099,0.019508327948294636,0.026022978651340477,0.033636139000155975,0.13877597799511,0.0198655256723716
EU Power Grid,seamless,16.0,3,0.017457922655684834,0.00217263921046397,0.016925563853434526,0.01921783087873416,0.027579054091505264,0.033949314782692565,0.1587331907090464,0.018872249388753
EU Power Grid,seamless,16.0,4,0.016566622635994913,0.0017289434231360554,0.015465734221185232,0.0193281794861517,0.02430266522331504,0.034535866446683945,0.1346424205378973,0.018872249388753
EU Power Grid,seamless,16.0,5,0.016356082670682053,0.002267322240066848,0.015914185273307412,0.016688252819632314,0.023738477542252622,0.031199893704854435,0.1854752444987774,0.0168856968215158
EU Power Grid,seamless,16.0,6,0.017142287259629685,0.002235773878888655,0.017251353475375392,0.018751298531615036,0.025410377653367372,0.0336249197210234,0.1491518948655256,0.018872249388753
EU Power Grid,seamless,16.0,7,0.018190410790357926,0.0021227173630186482,0.01773543131507937,0.02162932290931585,0.026341288360585455,0.03718241219840401,0.1438187652811735,0.0218520782396088
EU Power Grid,seamless,16.0,8,0.016604819148337915,0.0014936777997239532,0.016158328702519063,0.018494766739891488,0.025308191210068495,0.03551620909064123,0.1393261002444987,0.018872249388753
EU Power Grid,seamless,16.0,9,0.017139464072148745,0.0023729489157652255,0.016592262612616825,0.01969256437069328,0.025959903605654328,0.03790675583045921,0.1688875305623471,0.0198655256723716
EU Power Grid,seamless,16.0,10,0.016530793958313354,0.0026654903346576904,0.014338945985202235,0.020416139785484236,0.027301818704810167,0.034139697817360974,0.2362545843520782,0.0148991442542787
EU Power Grid,seamless,16.0,11,0.015424939279285243,0.0036877801820925436,0.011602003533628443,0.0187720546908904,0.02576806998777503,0.035842280989066645,0.3667176039119804,0.0119193154034229
EU Power Grid,seamless,16.0,12,0.017320155660142892,0.002232662301288692,0.016731406910442826,0.01852584873500357,0.023729095323673524,0.037308944471320396,0.1943154034229828,0.0178789731051344
EU Power Grid,seamless,16.0,13,0.01779403375019049,0.0016416067523545503,0.017060020889215852,0.021306798344473195,0.025918641195420603,0.03796170458420754,0.1308144865525672,0.0218520782396088
EU Power Grid,seamless,16.0,14,0.015838877759858355,0.00350783233703692,0.01173197177534649,0.018676293393421917,0.0268282871262322,0.0343504993729643,0.3371179706601466,0.0119193154034229
EU Power Grid,seamless,16.0,15,0.01649663490763664,0.0026819285714418995,0.014501642048663025,0.019344501006104152,0.024206584236512126,0.034902807687948234,0.2716839853300733,0.0148991442542787
EU Power Grid,seamless,16.0,16,0.01702523881737535,0.002803401525259121,0.015343223129450334,0.019666570784793093,0.02663367949436293,0.036252754439986046,0.2872249388753056,0.0158924205378973
EU Power Grid,seamless,16.0,17,0.015997613752738584,0.002758723824451808,0.013452738350644736,0.018099753125133018,0.027499326159325245,0.03929946144188187,0.2767344132029339,0.0139058679706601
EU Power Grid,seamless,16.0,18,0.016282452119767723,0.0024476495458053958,0.014289632379562775,0.018206064402062076,0.025491222197268504,0.03490277251153843,0.1990372860635696,0.0148991442542787
EU Power Grid,seamless,16.0,19,0.017496779429616117,0.0025538909478101156,0.017022330120490488,0.01905934013647512,0.027708076266861555,0.038323314453571525,0.2050504278728606,0.0178789731051344
EU Power Grid,seamless,16.0,20,0.017318615049770236,0.0017458066558851413,0.0157667811373361,0.020561186190498265,0.024810607909582408,0.03580399213070155,0.1098257946210268,0.0208588019559902
EU Power Grid,seamless,16.0,21,0.0162490444012432,0.0032423920001188066,0.012676669235505086,0.01933677626519495,0.02707906437979051,0.03976288712306431,0.3125458435207823,0.0129125916870415
EU Power Grid,seamless,16.0,22,0.015133968827620095,0.0035818878839161106,0.010686944632239516,0.01863643099465068,0.023894235997569943,0.03726197696530894,0.3242588630806846,0.0109260391198044
EU Power Grid,seamless,16.0,23,0.015848645077836777,0.0028794606245441706,0.013482131231844323,0.01672356683626187,0.025034366962228067,0.0371039289091388,0.3002139364303178,0.0139058679706601
EU Power Grid,seamless,16.0,24,0.016882979007347598,0.0016890241592925875,0.016037734972691748,0.018392361731655836,0.024967353856412487,0.038332149791456854,0.146531173594132,0.018872249388753
EU Power Grid,seamless,16.0,25,0.01633290521216913,0.002796047577224083,0.01436138176482543,0.01895396315980023,0.02625141896611943,0.033339386492279806,0.2395094743276283,0.0148991442542787
EU Power Grid,seamless,16.0,26,0.015830491678765768,0.0031286904010878257,0.01435452394659189,0.015622188146284686,0.026974185176743583,0.03645194170743209,0.2973105134474327,0.0148991442542787
EU Power Grid,seamless,16.0,27,0.01699011593656401,0.0022871452661427385,0.015676481048971767,0.018661663198977697,0.02566425574885638,0.036310904141355536,0.1815556234718826,0.018872249388753
EU Power Grid,seamless,16.0,28,0.014833215879549177,0.00396773109552562,0.009826857783560683,0.018062612976338096,0.02569391674267134,0.03672838855633295,0.3662897310513447,0.0099327628361858
EU Power Grid,seamless,16.0,29,0.017091712739809747,0.001794574942854376,0.01699794011672347,0.018805645211770815,0.025749773594881988,0.034468555723429696,0.1672830073349633,0.018872249388753
EU Power Grid,seamless,16.0,30,0.015531370411631405,0.0032704037877321576,0.013515428391363417,0.015433469074208658,0.0251198826903775,0.03428642579009318,0.3302720048899755,0.0139058679706601
EU Power Grid,seamless,16.0,31,0.017323305183811165,0.002705455133783102,0.015423135935555924,0.01998597325747651,0.027129940025386923,0.03658191403645251,0.2455455378973104,0.0158924205378973
EU Power Grid,seamless,16.0,32,0.017102140319376468,0.002018866563316353,0.01579204735555268,0.01997608015087617,0.025208822197584996,0.0318443749855383,0.1600397310513447,0.0198655256723716
EU Power Grid,seamless,16.0,33,0.017360014210277105,0.001873115715005725,0.01645345527610451,0.01952040173657444,0.02512430010901887,0.0346468543090678,0.1127827017114914,0.0198655256723716
EU Power Grid,seamless,16.0,34,0.017904092526665402,0.001640893366270661,0.017960930258096326,0.02043463707983716,0.027719194672660083,0.04179007471378948,0.1337943154034229,0.0208588019559902
EU Power Grid,seamless,16.0,35,0.016261483122429407,0.002778463369177454,0.012737291012361476,0.019884821957628883,0.025294564727834184,0.03655545414371016,0.2588707212713936,0.0129125916870415
EU Power Grid,seamless,16.0,36,0.015024107370700299,0.003912003499631588,0.009804288355514284,0.019543630580458164,0.026427769432086873,0.03778386643508852,0.3571133863080684,0.0099327628361858
EU Power Grid,seamless,16.0,37,0.015592918934401496,0.0036177620968796268,0.010769448455064879,0.021497107597885028,0.025799864566853604,0.0389815517100005,0.3322509168704156,0.0109260391198044
EU Power Grid,seamless,16.0,38,0.01686663184112728,0.0022978232897601886,0.01709798438832757,0.018179945617007365,0.025643464977612912,0.03539764010738764,0.2374694376528117,0.0178789731051344
EU Power Grid,seamless,16.0,39,0.017864196030462895,0.002059749657294453,0.017704871020636802,0.01869618662026469,0.027312698581434532,0.037924559525602815,0.1929018948655256,0.018872249388753
EU Power Grid,seamless,16.0,40,0.018490017767166404,0.001786371002889585,0.01830885664650617,0.02311774335132599,0.02739076949991016,0.038874350550122144,0.1268184596577017,0.0238386308068459
EU Power Grid,seamless,16.0,41,0.017561894882805653,0.0021846908817535903,0.017098086618440658,0.01941415749523124,0.02497473113124625,0.03623156139186186,0.184145782396088,0.018872249388753
EU Power Grid,seamless,16.0,42,0.016117037618868048,0.0026040860069471215,0.015192900086304634,0.01821421019523664,0.025183561746664907,0.03698622476919157,0.2516580073349633,0.0158924205378973
EU Power Grid,seamless,16.0,43,0.01711022283192272,0.0025511664201067256,0.016434389678266634,0.018714814120723712,0.02581691805044951,0.033883395123083644,0.1795461491442542,0.018872249388753
EU Power Grid,seamless,16.0,44,0.014721821401470382,0.0038028326611547055,0.010749665291795505,0.015745623975531794,0.024554433148886806,0.03930695585286106,0.3469437652811735,0.0109260391198044
EU Power Grid,seamless,16.0,45,0.016358799609171786,0.0028174719273819033,0.0118779510732497,0.0211673975726421,0.025742023560618145,0.03713229075364052,0.2557304400977995,0.0119193154034229
EU Power Grid,seamless,16.0,46,0.017335091232622734,0.0019037761381858825,0.017092255687494045,0.01968194752282411,0.025131086693964067,0.03838499072590837,0.1569987775061124,0.0198655256723716
EU Power Grid,seamless,16.0,47,0.017161791538731912,0.0023791265356832066,0.015843984444148203,0.019740942606622534,0.025332670133783836,0.03446560445160982,0.1429095354523227,0.018872249388753
EU Power Grid,seamless,16.0,48,0.014582916023879679,0.0037113067444337357,0.010725825438959152,0.018227574438555588,0.02336423019377432,0.03576251930549734,0.3697891198044009,0.0109260391198044
EU Power Grid,seamless,16.0,49,0.017151629581643252,0.0021756976635683265,0.016245233763287563,0.01900776615302963,0.024448977344759683,0.0362634846772002,0.167710880195599,0.018872249388753
EU Power Grid,seamless,16.0,50,0.016527196671039236,0.0023342135692524697,0.016189399504061487,0.019761725816162423,0.02304350639183216,0.03757422284317146,0.2105287286063569,0.0168856968215158
EU Power Grid,seamless,16.0,51,0.016950424349130282,0.0023401559235470435,0.01499179375834076,0.017725168044245124,0.026578836585389034,0.03998111914149928,0.1524526283618582,0.0178789731051344
EU Power Grid,seamless,16.0,52,0.016937575810406537,0.0026520118912002682,0.015050084070725982,0.019295504283304284,0.027337027275902523,0.035447194244404144,0.175359107579462,0.0158924205378973
EU Power Grid,seamless,16.0,53,0.01803433102225815,0.0015011228183228966,0.015988939224981194,0.02486596866841641,0.02687769047758222,0.040805667830016316,0.0908542176039119,0.0258251833740831
EU Power Grid,seamless,16.0,54,0.015434865970750493,0.003091844768776027,0.013432863592567465,0.01811471733957084,0.02519999271512017,0.034209993938552764,0.3006494498777506,0.0139058679706601
EU Power Grid,seamless,16.0,55,0.017496749072761483,0.0020461194295638657,0.017021926684397535,0.02039185900447377,0.026730003644175875,0.03239694410771642,0.1394330684596577,0.0208588019559902
EU Power Grid,seamless,16.0,56,0.016698090584200326,0.0024576673078345566,0.016010449954993417,0.01938441247408647,0.025467366357114364,0.03725609220710797,0.1556387530562347,0.0168856968215158
EU Power Grid,seamless,16.0,57,0.01662124979590847,0.0029445077748107822,0.014376073804953534,0.018987919851424066,0.027173792164248256,0.03289182575551766,0.1946515892420537,0.0148991442542787
EU Power Grid,seamless,16.0,58,0.01667018504557819,0.0025735394219718417,0.015057992613694766,0.019198381864990306,0.028765105975425455,0.032199902650289616,0.2255501222493887,0.0158924205378973
EU Power Grid,seamless,16.0,59,0.016350633615275285,0.0022879193659358934,0.0160462275350533,0.01775320198634998,0.023911323410792825,0.035964525038485864,0.1764287897310513,0.0168856968215158
EU Power Grid,seamless,16.0,60,0.01773368432317846,0.0016520950456305388,0.01662880909484655,0.021231252208947893,0.02638852378546038,0.03569682151589237,0.1234489608801956,0.0218520782396088
EU Power Grid,seamless,16.0,61,0.014411718542172236,0.0046452581448841995,0.00790401118277604,0.019959803327610083,0.026162960643751485,0.03545102383863074,0.3823578850855745,0.0079462102689486
EU Power Grid,seamless,16.0,62,0.017106010818342274,0.002100473377785723,0.01671186686237841,0.019885523194892295,0.02591660818021958,0.03488173151152707,0.1830149755501222,0.0178789731051344
EU Power Grid,seamless,16.0,63,0.01742412029805007,0.0022280480593843467,0.015994017374602487,0.018741850086915725,0.026894930885696278,0.034696733577063155,0.1451787897310513,0.018872249388753
EU Power Grid,seamless,16.0,64,0.018349290978297673,0.0014722989848480876,0.01760800241208143,0.02310478464517139,0.026851707399412766,0.0372846883740743,0.1045537897310513,0.0238386308068459
EU Power Grid,seamless,16.0,65,0.017786224449335933,0.0018362245474119747,0.01750915359920721,0.019667582227062705,0.02596969693174072,0.04095707890550983,0.185773227383863,0.0198655256723716
EU Power Grid,seamless,16.0,66,0.01672187517980593,0.002927318205874373,0.015356972132435259,0.01958492113638946,0.02609323394537446,0.03686330425351761,0.2691167481662591,0.0158924205378973
EU Power Grid,seamless,16.0,67,0.01715647149995734,0.002157574621351936,0.01570800405912328,0.01881975279164726,0.025418899724823793,0.03702773896844798,0.1276436430317848,0.0178789731051344
EU Power Grid,seamless,16.0,68,0.017586347329213204,0.0015750569377835633,0.016836396696779648,0.021620790434647787,0.02664449601480804,0.03552618174409122,0.0965540953545232,0.0228453545232273
EU Power Grid,seamless,16.0,69,0.016303747453293344,0.002377062269568101,0.014412509640568992,0.01786873627812976,0.024149029645476695,0.03534848912293892,0.3007946210268948,0.0148991442542787
EU Power Grid,seamless,16.0,70,0.01680984175532108,0.0028347373884548854,0.015390632150917313,0.01756011982342804,0.02956468938257751,0.03664129468384272,0.2629431540342298,0.0158924205378973
EU Power Grid,seamless,16.0,71,0.017047960923068747,0.0022139321219796213,0.01695962241873253,0.018033698279239722,0.025586366765819563,0.03662111282095339,0.2068994498777505,0.0178789731051344
EU Power Grid,seamless,16.0,72,0.01657875778863478,0.002346356311105994,0.01517431387999505,0.01891606410894019,0.026267625820266923,0.037315403422982826,0.1746943765281173,0.0158924205378973
EU Power Grid,seamless,16.0,73,0.017312756176825914,0.0019543886040741193,0.016597163672043523,0.02114493720245628,0.025275540802789213,0.03726231579990746,0.1076940709046454,0.0218520782396088
EU Power Grid,seamless,16.0,74,0.01688445131479735,0.0023806443784148935,0.015203912951023458,0.018321465139064127,0.02476344110927354,0.036962391467570195,0.1996026894865525,0.0158924205378973
EU Power Grid,seamless,16.0,75,0.016143911024432616,0.003080248450305915,0.012612014638707932,0.01867941553149371,0.028291460709878993,0.03840253234244911,0.2299893031784841,0.0129125916870415
EU Power Grid,seamless,16.0,76,0.014916021789776588,0.0038912925355576587,0.010729921227444948,0.018017082592390845,0.025604089867243784,0.037364043861598854,0.3743963936430317,0.0109260391198044
EU Power Grid,seamless,16.0,77,0.016801675761424578,0.0023227614458418643,0.015352535816323705,0.018692790530774026,0.024767319049294856,0.036967152120761106,0.1627521393643031,0.018872249388753
EU Power Grid,seamless,16.0,78,0.017831122237339347,0.0015048718898701759,0.015499856633046451,0.021965721870055077,0.024811228254943172,0.03512850739317726,0.0714089242053789,0.0248319070904645
EU Power Grid,seamless,16.0,79,0.016398817532792816,0.002493192416969779,0.015236946341594516,0.01866070302551975,0.02597214331160717,0.035777006949186924,0.1835116136919315,0.0158924205378973
EU Power Grid,seamless,16.0,80,0.015753999994302187,0.002536542005386877,0.014125423641498302,0.016469760377543236,0.025274260485066095,0.036356707754185966,0.1721577017114914,0.0148991442542787
EU Power Grid,seamless,16.0,81,0.016517603904974948,0.0021395881849813917,0.014941780088473461,0.016548042318221403,0.0246261951884535,0.03686103193227749,0.1591381418092909,0.0158924205378973
EU Power Grid,seamless,16.0,82,0.015949589208707888,0.002726864305513613,0.013562256667225978,0.018054402089904477,0.024993487962949357,0.03642400076389624,0.2466916259168703,0.0139058679706601
EU Power Grid,seamless,16.0,83,0.01720707637663192,0.002211397324617694,0.016383681741411135,0.018919692024965785,0.026688115930828378,0.035568364929382465,0.1544162591687041,0.018872249388753
EU Power Grid,seamless,16.0,84,0.01621460454966113,0.0027658197392224654,0.013573809343609173,0.018757295477626862,0.02574464000423677,0.03725488025607571,0.2459428484107579,0.0139058679706601
EU Power Grid,seamless,16.0,85,0.017304051348759657,0.0016706658514527794,0.016760119395461553,0.019771422322342348,0.024718537034746666,0.033495379250419365,0.1573196821515892,0.0198655256723716
EU Power Grid,seamless,16.0,86,0.015065468585138886,0.0036319159803526453,0.010677742721885168,0.019961001029432594,0.024137308290731213,0.03397277955620519,0.3707212713936429,0.0109260391198044
EU Power Grid,seamless,16.0,87,0.01744599241181374,0.00164581117672134,0.016279421790421505,0.021880810852816672,0.025852272727272693,0.036762456532910506,0.1137530562347188,0.0228453545232273
EU Power Grid,seamless,16.0,88,0.015048893742508805,0.004380113787298738,0.009798070552439453,0.01988661071109443,0.02672856373292315,0.037878077312199616,0.3520705990220049,0.0099327628361858
EU Power Grid,seamless,16.0,89,0.01784230114905826,0.002117215183116271,0.017947000622358936,0.020202734941867983,0.028145455750895734,0.035912012787107546,0.1571439486552567,0.018872249388753
EU Power Grid,seamless,16.0,90,0.01723897384163841,0.0024787349649504323,0.016098295353367348,0.018720011371784955,0.02733023018733698,0.03374499427336741,0.1845660146699266,0.018872249388753
EU Power Grid,seamless,16.0,91,0.016977859356505608,0.0016020669491940073,0.016452554953329788,0.02102483347553935,0.02314171667778015,0.03704597034161992,0.0987240220048899,0.0228453545232273
EU Power Grid,seamless,16.0,92,0.017512989989990586,0.001498732216020484,0.017434237931397003,0.0213904427241774,0.024471260456197665,0.03513360111770863,0.0827704767726161,0.0218520782396088
EU Power Grid,seamless,16.0,93,0.014844956393078812,0.0037466345340138496,0.010673907131525337,0.02010918175145275,0.024599900951225113,0.03330638850388543,0.3836033007334963,0.0109260391198044
EU Power Grid,seamless,16.0,94,0.01692288309276377,0.002435051451132359,0.016135602186933717,0.020161748677436593,0.024928040415310892,0.03795020688358093,0.2163508557457212,0.0168856968215158
EU Power Grid,seamless,16.0,95,0.01693612627059777,0.0025522213208052456,0.01591823746585837,0.020183385479358065,0.02569007943586888,0.0364468368971495,0.1837484718826405,0.0168856968215158
EU Power Grid,seamless,16.0,96,0.01628862215047204,0.002927234724524147,0.012686788674600267,0.019428605054463265,0.025422196996157824,0.03627132496359979,0.2818001222493887,0.0129125916870415
EU Power Grid,seamless,16.0,97,0.015785153716370143,0.0031645722032649995,0.013488550896597356,0.016728145404572212,0.027163880312746764,0.03663907839734989,0.3186583129584351,0.0139058679706601
EU Power Grid,seamless,16.0,98,0.01713135120274786,0.0023979933208381193,0.015390448736761283,0.018616560648452553,0.024817228759365022,0.03573493594887232,0.1918322127139364,0.0158924205378973
EU Power Grid,seamless,16.0,99,0.015510613912275545,0.0035535118140471536,0.011786887525544711,0.018601863980715203,0.026623480616785235,0.033382627441701423,0.2997478606356968,0.0119193154034229
EU Power Grid,seamless,16.0,100,0.01708435120256105,0.0025462410204423846,0.0158215355221172,0.018957876654582186,0.026362922603490404,0.04102885646030217,0.1620568459657701,0.0168856968215158
EU Power Grid,seamless,17.0,1,0.01705825948600328,0.0022860675978032333,0.016317566190712677,0.01899246735165128,0.02444196358781627,0.03138327149099319,0.2498777506112469,0.0168856968215158
EU Power Grid,seamless,17.0,2,0.017018120134963708,0.001617564123484573,0.01612326677938003,0.01961030231457563,0.02480663783080296,0.032956103283067355,0.130210880195599,0.0198655256723716
EU Power Grid,seamless,17.0,3,0.01768599370454872,0.0022164820977688647,0.016938354576957936,0.01985841148343709,0.030340876693905457,0.03277067940908345,0.1964776894865525,0.0178789731051344
EU Power Grid,seamless,17.0,4,0.015902892777067416,0.0030329448815727593,0.01345373864228661,0.01742800004152837,0.024502551492924296,0.036706945690754424,0.2550504278728606,0.0139058679706601
EU Power Grid,seamless,17.0,5,0.017749803812989018,0.0017545797868743127,0.016497377258659414,0.02147889421341038,0.027113039454877627,0.03836730985263982,0.1563187652811735,0.0218520782396088
EU Power Grid,seamless,17.0,6,0.016947456966589836,0.002027563802168944,0.015439441886254427,0.018738161869551222,0.026064289571779035,0.039956482731213626,0.1475320904645476,0.018872249388753
EU Power Grid,seamless,17.0,7,0.016970270142847153,0.0026153939352982227,0.015917313575232427,0.019726260023564753,0.024902855396437242,0.03281913761891366,0.174893031784841,0.0168856968215158
EU Power Grid,seamless,17.0,8,0.016364946872235126,0.0023755140699817812,0.014415849787615122,0.01782499161236515,0.02561784623149911,0.03476958713597514,0.1853529951100244,0.0148991442542787
EU Power Grid,seamless,17.0,9,0.014687631993939042,0.004193866894906593,0.010733500423863337,0.01683040310127388,0.026686635953394267,0.03439139235288372,0.3790877139364302,0.0109260391198044
EU Power Grid,seamless,17.0,10,0.01750236509086875,0.002046650674519952,0.01532138035731871,0.022379784151128845,0.02616173678152225,0.04179060373523429,0.1359183985330073,0.0228453545232273
EU Power Grid,seamless,17.0,11,0.016096023086247784,0.0022828421819983844,0.01518941799041421,0.016441650273326086,0.02551385797175488,0.03436520011693406,0.1868505501222493,0.0158924205378973
EU Power Grid,seamless,17.0,12,0.016395652830697237,0.0024434906567205633,0.015989026896244058,0.016821954444361572,0.025025044145612546,0.03366467800925446,0.2072050733496332,0.0168856968215158
EU Power Grid,seamless,17.0,13,0.017145846600835506,0.0024145757526818526,0.01626977766273955,0.019157392853044238,0.026798049871052,0.038614714282623114,0.2439028117359413,0.0168856968215158
EU Power Grid,seamless,17.0,14,0.016181872271152226,0.0023472290706767207,0.01596184474179137,0.020097424183931675,0.02371363424081749,0.03678878336175538,0.1950488997555012,0.0168856968215158
EU Power Grid,seamless,17.0,15,0.01636383125782734,0.002867993322706241,0.01436346547889256,0.020285609489212878,0.02647243803136529,0.03744031965095371,0.1973639975550122,0.0148991442542787
EU Power Grid,seamless,17.0,16,0.017236894397095994,0.0023266698908759637,0.016120336523708475,0.019536141118288688,0.02672678761974377,0.03824113691931534,0.1817772004889975,0.0168856968215158
EU Power Grid,seamless,17.0,17,0.015646771994521875,0.002993382310771233,0.012530289781982028,0.017266343418833076,0.02517044875713117,0.03711823953710141,0.2583511613691931,0.0129125916870415
EU Power Grid,seamless,17.0,18,0.015492141766230863,0.003095404109981841,0.011768551595118876,0.017796472568029586,0.025099144086468947,0.03637056571453663,0.2878743887530562,0.0119193154034229
EU Power Grid,seamless,17.0,19,0.01739720894641719,0.0019278718915514772,0.016931511573223337,0.02030793241942373,0.025506757257195155,0.03544378600716774,0.1609489608801955,0.018872249388753
EU Power Grid,seamless,17.0,20,0.015359140796866434,0.0033209555399111275,0.012598504164361219,0.01760227759709099,0.02537912874671732,0.038106390136653914,0.3000764058679706,0.0129125916870415
EU Power Grid,seamless,17.0,21,0.01527834602825853,0.0038412947959757604,0.011247941610754507,0.019903276054325514,0.024939543493822405,0.03577318050909739,0.2876528117359413,0.0099327628361858
EU Power Grid,seamless,17.0,22,0.016230693682617064,0.002792784215350947,0.015063980889494495,0.017021396990037546,0.025597835026879876,0.036633844781800214,0.2302796454767726,0.0158924205378973
EU Power Grid,seamless,17.0,23,0.015031734530427034,0.0034498279770453404,0.011706233678210803,0.017184088167377414,0.02388064249255785,0.03596864117952128,0.3394636308068459,0.0119193154034229
EU Power Grid,seamless,17.0,24,0.016152190856534004,0.002986225682291306,0.014447625225313027,0.017169673888998205,0.02857318114063344,0.03634713371708726,0.3117130195599021,0.0148991442542787
EU Power Grid,seamless,17.0,25,0.017132755207274673,0.0024681480118968905,0.01686688448450956,0.01778776859545381,0.026479419365843884,0.03770374898125504,0.2179171760391197,0.0178789731051344
EU Power Grid,seamless,17.0,26,0.015801766505068492,0.003260211473788855,0.012676028949331022,0.018440710207097557,0.023722357993246252,0.039128104079926784,0.300236858190709,0.0129125916870415
EU Power Grid,seamless,17.0,27,0.016379578876168633,0.0025289603809420785,0.015094437797817313,0.017547800462706643,0.026543860297212903,0.03739481403834879,0.1954462102689486,0.0158924205378973
EU Power Grid,seamless,17.0,28,0.01616603358224703,0.0030550294933188588,0.014358878287398862,0.018918855086297173,0.025686343414860202,0.03665810284229824,0.2813569682151589,0.0148991442542787
EU Power Grid,seamless,17.0,29,0.016278437425742392,0.0032253466262419117,0.013499528608952517,0.018242332649565495,0.027493786594261625,0.03392568898805976,0.2677032396088019,0.0139058679706601
EU Power Grid,seamless,17.0,30,0.017298450509079723,0.0021779592492385405,0.01579030802275894,0.019234592522828147,0.025606662591687004,0.03571386590182428,0.1532625305623471,0.018872249388753
EU Power Grid,seamless,17.0,31,0.016793403518536858,0.0024146364663911193,0.01606072285029117,0.017649256569380052,0.027970595211523033,0.036422161639191736,0.163661369193154,0.0168856968215158
EU Power Grid,seamless,17.0,32,0.017368278863951158,0.0018315799486529998,0.01699248365775966,0.01952168920316902,0.024574642644912575,0.036711090118791784,0.1585956601466992,0.0198655256723716
EU Power Grid,seamless,17.0,33,0.015840456316299312,0.003079034176120555,0.011693298153858596,0.019391366430500916,0.02569231421709953,0.034519260844857805,0.2121256112469437,0.0119193154034229
EU Power Grid,seamless,17.0,34,0.016891554818781653,0.0026226644019830274,0.016148452605645545,0.01897771133672467,0.026737210063949666,0.03336147009741129,0.2054400977995109,0.0168856968215158
EU Power Grid,seamless,17.0,35,0.016953467623807335,0.0017427330243534672,0.015467462127895522,0.02071184450069889,0.02388120507915903,0.03496196453093069,0.0985253667481662,0.0218520782396088
EU Power Grid,seamless,17.0,36,0.016846763279769462,0.0018435405493787283,0.014791345805325937,0.019534986235349508,0.02517847077820681,0.03783761842909533,0.1301803178484107,0.0198655256723716
EU Power Grid,seamless,17.0,37,0.017682411595701934,0.002006625161685261,0.01715876369634501,0.02106191480350851,0.02671501430157155,0.03428207553692301,0.1222875916870415,0.0218520782396088
EU Power Grid,seamless,17.0,38,0.015991967377776698,0.0028469180763767174,0.012615921359340051,0.019441319202442697,0.02498416857838545,0.03719182966585163,0.2655791564792176,0.0129125916870415
EU Power Grid,seamless,17.0,39,0.016722360889480065,0.002399002686254698,0.015939135301527872,0.01833195770326874,0.029427955869479834,0.0356805480582986,0.2201787897310513,0.0168856968215158
EU Power Grid,seamless,17.0,40,0.016466407069635022,0.0023140642069892714,0.015293085099271502,0.016773532225189076,0.02633123645696933,0.03641453762748074,0.1939792176039119,0.0158924205378973
EU Power Grid,seamless,17.0,41,0.015464782650992121,0.003551189514667679,0.012512432912496223,0.017718512688554063,0.02588455161172467,0.03466120364710665,0.3296225550122249,0.0129125916870415
EU Power Grid,seamless,17.0,42,0.01725014516414365,0.0018089792703781195,0.01501761627427815,0.021593660293528626,0.023750419217098324,0.03904715619864514,0.1221959046454767,0.0218520782396088
EU Power Grid,seamless,17.0,43,0.01650601517571849,0.0018159309900892668,0.016040715245850816,0.01682143975819821,0.024286890550841305,0.03341790414209687,0.1773303789731051,0.0168856968215158
EU Power Grid,seamless,17.0,44,0.017075729855845045,0.002393022385891833,0.01608294091525002,0.017230926910161787,0.02603484900470542,0.038983082544620254,0.2119727995110024,0.0168856968215158
EU Power Grid,seamless,17.0,45,0.01641403390617801,0.002848785022936695,0.013609797684323464,0.019242040559277668,0.023773781075730378,0.03755905536878564,0.2830302567237163,0.0139058679706601
EU Power Grid,seamless,17.0,46,0.016054464552254084,0.002775404916073089,0.014231750990987587,0.018377237436013147,0.02640093568193541,0.03495090922982871,0.1806234718826405,0.0148991442542787
EU Power Grid,seamless,17.0,47,0.016891357499226534,0.0023037960009093844,0.015615124201019983,0.01873094664605576,0.026703743241847152,0.036687628585485084,0.1701329462102689,0.018872249388753
EU Power Grid,seamless,17.0,48,0.016454082186653698,0.0024528861032297204,0.015399826735982293,0.01832377203736062,0.025369109495512063,0.033072711112822346,0.2903040953545232,0.0158924205378973
EU Power Grid,seamless,17.0,49,0.017194888099496437,0.0022018728614763335,0.015982980780246826,0.020292935467140807,0.025763568816939395,0.03686420178681089,0.1525748777506112,0.018872249388753
EU Power Grid,seamless,17.0,50,0.016963910381801367,0.0019421396132293755,0.01717693801236867,0.020062129576801417,0.025933540786841455,0.03555051977872563,0.1665647921760391,0.018872249388753
EU Power Grid,seamless,17.0,51,0.016244756495526185,0.002384621126371924,0.015212675912046376,0.018149371039643085,0.025601036956098364,0.036795043506400026,0.216091075794621,0.0158924205378973
EU Power Grid,seamless,17.0,52,0.015248596310717375,0.002717772427550788,0.012488247067472227,0.019444859865464584,0.024113648519115297,0.03364432586620843,0.2540800733496332,0.0129125916870415
EU Power Grid,seamless,17.0,53,0.013568488601794975,0.00392582345770364,0.008881031170245784,0.015733098026239175,0.02403912735843111,0.031936523660977725,0.3594132029339853,0.0089394865525672
EU Power Grid,seamless,17.0,54,0.016855543999972293,0.002357732542380017,0.01531997511137088,0.01972555634887356,0.02562040988506556,0.0379860399085101,0.1756036063569682,0.0158924205378973
EU Power Grid,seamless,17.0,55,0.017419202487599393,0.002713628716893265,0.01619159739844729,0.01981958881108732,0.028006020972405808,0.04181316301243691,0.2271546454767725,0.0168856968215158
EU Power Grid,seamless,17.0,56,0.015275780874041963,0.002735553955152542,0.013097503009970852,0.017009793681786168,0.024153606750756448,0.0316332639050449,0.1997172982885085,0.0139058679706601
EU Power Grid,seamless,17.0,57,0.017306396415780124,0.0019994837116326567,0.015653750798712063,0.019590003396097073,0.027370097395380728,0.0399947748245129,0.1418933374083129,0.0198655256723716
EU Power Grid,seamless,17.0,58,0.016486359112343082,0.0020566380796944836,0.01622552813494921,0.018483365971231958,0.024687255204500623,0.035058671539889924,0.15255195599022,0.0178789731051344
EU Power Grid,seamless,17.0,59,0.015355065389131842,0.00337272156627545,0.012651622965659061,0.01848761650051306,0.025348620236248502,0.03516198044009774,0.3294315403422982,0.0129125916870415
EU Power Grid,seamless,17.0,60,0.01582755465307992,0.0031554044331655986,0.012556616683411003,0.01764276113320918,0.026464162109727594,0.03979816460714981,0.3094208435207823,0.0129125916870415
EU Power Grid,seamless,17.0,61,0.016585808168123488,0.0023687444913984357,0.015167903631676194,0.01775882646738297,0.024788407840631202,0.0394043780198162,0.2067772004889975,0.0158924205378973
EU Power Grid,seamless,17.0,62,0.016685052315135094,0.002242588992753949,0.014889236026102759,0.018664027777009567,0.026572325212054274,0.03574865657596167,0.1443154034229828,0.018872249388753
EU Power Grid,seamless,17.0,63,0.017440687551466477,0.0021780123737341556,0.016576940120897648,0.018871818839865433,0.028548107654242233,0.035877139364302646,0.1495644865525672,0.018872249388753
EU Power Grid,seamless,17.0,64,0.015759600833982132,0.002590076318533619,0.014067477495042252,0.01886370507663585,0.025910750830413443,0.03376573394910792,0.2023380195599022,0.0148991442542787
EU Power Grid,seamless,17.0,65,0.0168363812354847,0.0029678370175968724,0.014364386439509828,0.02033216553715886,0.026580752512904086,0.03891333086939207,0.2260314792176039,0.0148991442542787
EU Power Grid,seamless,17.0,66,0.016419156625397478,0.0027680813248926813,0.01437401900475886,0.01945800300702662,0.02673242785360874,0.04062728339375532,0.2818230440097799,0.0148991442542787
EU Power Grid,seamless,17.0,67,0.015662542380504147,0.003372099250755448,0.011659375465225576,0.021057791393448582,0.024586721383230568,0.03491387824174409,0.3201787897310513,0.0119193154034229
EU Power Grid,seamless,17.0,68,0.01727950783178821,0.0024081628671404603,0.016570686062263557,0.01945821468454268,0.026579187788265925,0.03774361192368144,0.1677872860635696,0.0178789731051344
EU Power Grid,seamless,17.0,69,0.015313400606146917,0.002879445446116855,0.01256911057527418,0.016381828150094136,0.02405098642610225,0.03542918575019794,0.27697891198044,0.0129125916870415
EU Power Grid,seamless,17.0,70,0.017988181014001087,0.002034204364120086,0.018461382948260583,0.020915429062773553,0.025298575689233573,0.04076554241191443,0.1265586797066014,0.0198655256723716
EU Power Grid,seamless,17.0,71,0.016794519132944653,0.0016114548064895132,0.01580373782145818,0.0197146083952629,0.02381043589181842,0.034164883863080565,0.1109948044009779,0.0198655256723716
EU Power Grid,seamless,17.0,72,0.017434229130643138,0.0015731140990869977,0.017084045855170017,0.021453587072750798,0.0237896488756972,0.03599346532906504,0.1356968215158924,0.0218520782396088
EU Power Grid,seamless,17.0,73,0.015564542864532524,0.003630375369979986,0.011722840249891297,0.017968704463253018,0.02477109425677356,0.03788480104549715,0.3429553789731051,0.0119193154034229
EU Power Grid,seamless,17.0,74,0.01774915872982804,0.0021989889602861213,0.01745569515380839,0.020651419104698178,0.026703314393870203,0.035291964743879904,0.1531020782396087,0.0208588019559902
EU Power Grid,seamless,17.0,75,0.016881681251812008,0.00186428945952094,0.016239288553862627,0.019918510731657006,0.023873206880009826,0.03795630033798356,0.1133481051344743,0.0208588019559902
EU Power Grid,seamless,17.0,76,0.01695548635464049,0.002497252646277056,0.016004086516882683,0.020092182185737082,0.02719003985931585,0.040421023620328254,0.1517191320293398,0.0168856968215158
EU Power Grid,seamless,17.0,77,0.017053743903876494,0.00183204289068617,0.01679477908388481,0.020230107205802275,0.024658331705666666,0.036772688189604205,0.1034306234718826,0.0228453545232273
EU Power Grid,seamless,17.0,78,0.015565127233984214,0.0028009426200337967,0.012702528732860907,0.016780303671376496,0.02372641887873117,0.033513313228016726,0.296768031784841,0.0129125916870415
EU Power Grid,seamless,17.0,79,0.0170038751809268,0.0026200233556298727,0.01525502009280288,0.019186462781826376,0.02618230017474364,0.039997994345965654,0.2382411369193154,0.0158924205378973
EU Power Grid,seamless,17.0,80,0.01728657338970424,0.0017042101758231497,0.015548532441426482,0.020557495328400604,0.02459836954735639,0.03311264046011368,0.1112851466992665,0.0208588019559902
EU Power Grid,seamless,17.0,81,0.01694457306539962,0.0019225670312042194,0.016287776858529456,0.018663424548967637,0.02554094805170069,0.03541123656410013,0.1402047677261613,0.018872249388753
EU Power Grid,seamless,17.0,82,0.017391638463591888,0.0020718316854387107,0.015999749772261963,0.019514650156733267,0.028083105727667465,0.03464924829631164,0.1594284841075794,0.0198655256723716
EU Power Grid,seamless,17.0,83,0.016316800900785897,0.0026824370487570056,0.015260562352199619,0.019635499369603023,0.024341439786128207,0.03531181364220292,0.2790877139364303,0.0158924205378973
EU Power Grid,seamless,17.0,84,0.016218323264353785,0.0027305754309925974,0.014285963427524221,0.01802803355714571,0.025405910972957614,0.03887718225882544,0.1752215770171149,0.0148991442542787
EU Power Grid,seamless,17.0,85,0.01643510156329389,0.0026466083710754472,0.014341042476434434,0.018124208940201645,0.025033326933265876,0.03744316777011616,0.2836185819070904,0.0148991442542787
EU Power Grid,seamless,17.0,86,0.01573521669049751,0.0026563149753446196,0.013283186493550233,0.019107969244805477,0.02479247180376995,0.031800545048658105,0.2176650366748166,0.0139058679706601
EU Power Grid,seamless,17.0,87,0.015276532206194161,0.003255976692567426,0.011697585522161498,0.018678720240000085,0.02638711122091566,0.03253117893465337,0.2360635696821515,0.0119193154034229
EU Power Grid,seamless,17.0,88,0.016981456643779723,0.0022445318314505067,0.016088568524950175,0.019029400606039498,0.024731696549850534,0.03364967926254453,0.2167634474327628,0.0168856968215158
EU Power Grid,seamless,17.0,89,0.01670045841886176,0.002077538774109867,0.01606667735835037,0.018684792077051697,0.0236082660583338,0.03671763344081825,0.1893795843520782,0.0168856968215158
EU Power Grid,seamless,17.0,90,0.018031697565118663,0.001427257001785153,0.016707769367037894,0.022830489994997667,0.024545889414736035,0.03362309197568587,0.1014287897310513,0.0238386308068459
EU Power Grid,seamless,17.0,91,0.01723927741018474,0.0018945628328045205,0.016107402855355304,0.019603304663372782,0.024605985425955167,0.03902366269995207,0.1302261613691931,0.0198655256723716
EU Power Grid,seamless,17.0,92,0.015671178905647475,0.00411089402197872,0.011644730502286933,0.018976786051740455,0.028766260172805827,0.03665549600487423,0.3550427872860635,0.0119193154034229
EU Power Grid,seamless,17.0,93,0.016253309539319256,0.002510609662315938,0.014271475308562917,0.01916523016305776,0.024768394774275917,0.034403753346418826,0.1813569682151589,0.0148991442542787
EU Power Grid,seamless,17.0,94,0.016163460838816802,0.0029699771758485575,0.013126063328387389,0.01788199677723065,0.026602570489817574,0.03741047666443073,0.2223792787286063,0.0139058679706601
EU Power Grid,seamless,17.0,95,0.017575805911441606,0.001981193706715785,0.01714167457232475,0.019651560282154323,0.02565973192455463,0.039962096045497955,0.1572050733496332,0.018872249388753
EU Power Grid,seamless,17.0,96,0.01651925835355249,0.0022927233381817014,0.01613789899748438,0.017485299790786907,0.025399319964409313,0.03376238725185899,0.2338172371638141,0.0168856968215158
EU Power Grid,seamless,17.0,97,0.015709094617085115,0.002400216960440058,0.013558431971683556,0.019016230329504467,0.025162612395173957,0.03731677214819664,0.1857426650366748,0.0139058679706601
EU Power Grid,seamless,17.0,98,0.017249105441872446,0.0018741023127813203,0.015167762105454391,0.022124325164679787,0.025672706751597774,0.03537450107298562,0.1090922982885085,0.0228453545232273
EU Power Grid,seamless,17.0,99,0.015727953813026375,0.002650478870041258,0.014247949283008945,0.01852911758168475,0.02476225903233028,0.03419176899902007,0.2355974938875305,0.0148991442542787
EU Power Grid,seamless,17.0,100,0.015920735018378446,0.0030197472390207096,0.013461697802337292,0.01868451168791309,0.025847395677946226,0.032653881323939024,0.2373166259168704,0.0139058679706601
EU Power Grid,seamless,18.0,1,0.01567689358353228,0.0031433679403032842,0.012522954257257664,0.018152408737492652,0.02687314028689074,0.03976479799084575,0.3413050122249388,0.0129125916870415
EU Power Grid,seamless,18.0,2,0.01576399498869038,0.0023732069490296106,0.014714769404579237,0.01689152059125688,0.025320279410218714,0.03552908788159814,0.1434825794621027,0.0158924205378973
EU Power Grid,seamless,18.0,3,0.0163246709153497,0.002873761125086668,0.013464361988058286,0.02008033750848784,0.026432665391020835,0.03686495641949264,0.2412515281173594,0.0139058679706601
EU Power Grid,seamless,18.0,4,0.018750912165103117,0.0015175838227480883,0.017459648606986726,0.024205810268275355,0.027618041594422868,0.03648500428183134,0.1209657701711491,0.0248319070904645
EU Power Grid,seamless,18.0,5,0.016938258839635786,0.002379232784674428,0.016948637236198983,0.01966165512251193,0.02674220733850107,0.03376410888847637,0.1527964547677261,0.0178789731051344
EU Power Grid,seamless,18.0,6,0.01638549087360857,0.0026193403264006252,0.01428533624076291,0.016080393195500385,0.02625618106323431,0.03795613803793722,0.2616136919315403,0.0148991442542787
EU Power Grid,seamless,18.0,7,0.01652000968570469,0.0022812408579164505,0.015035477580876533,0.018702047049309875,0.02535971499012793,0.03251813229188884,0.1873089853300733,0.0158924205378973
EU Power Grid,seamless,18.0,8,0.01671424802007917,0.0023280283601208227,0.01603738428505409,0.019871537431990004,0.026473519604835415,0.03515508527640282,0.1547295232273838,0.0168856968215158
EU Power Grid,seamless,18.0,9,0.017315867754425868,0.0013728802859223294,0.01681277881057091,0.01956814399212695,0.023589511223140135,0.03867688456097938,0.0869040342298288,0.018872249388753
EU Power Grid,seamless,18.0,10,0.015556050534448715,0.003235030462870093,0.011662574570121459,0.020042264582161243,0.024044782488351634,0.035998229065286665,0.2560055012224939,0.0119193154034229
EU Power Grid,seamless,18.0,11,0.015852462452306974,0.003150167875741261,0.01263687710812257,0.01995551859868626,0.02273052489506325,0.035968127539908294,0.3177032396088019,0.0129125916870415
EU Power Grid,seamless,18.0,12,0.017302609398164547,0.002227372619368744,0.016942881729412124,0.019598337371155045,0.02511806111613045,0.03588148391165385,0.1526971271393642,0.0178789731051344
EU Power Grid,seamless,18.0,13,0.0163206713997517,0.002210934382584532,0.013640101014726822,0.018592491305903944,0.024345006951435752,0.04018649369598765,0.1899144254278728,0.0139058679706601
EU Power Grid,seamless,18.0,14,0.016187086060935572,0.00270911313476648,0.015123302967958246,0.018464180588443978,0.02433352788593194,0.036036267842439636,0.1616595354523227,0.0158924205378973
EU Power Grid,seamless,18.0,15,0.017252232197899724,0.00211036212318269,0.0174684571844481,0.01885096645729339,0.02685657550293174,0.03752491083877223,0.1843138753056234,0.018872249388753
EU Power Grid,seamless,18.0,16,0.016757901177042605,0.002091275250831672,0.015377579893280795,0.018615609327746842,0.028264556849919416,0.0317649074841997,0.1586338630806845,0.018872249388753
EU Power Grid,seamless,18.0,17,0.017082757467692777,0.0018612385956302425,0.01602604478533734,0.021008879237076294,0.02401274578827186,0.03499705133461903,0.0941243887530562,0.0218520782396088
EU Power Grid,seamless,18.0,18,0.016766590826681537,0.0026253358051907985,0.014291841870636526,0.019349341843407013,0.026599580476646567,0.03869298024833396,0.1849480440097799,0.0148991442542787
EU Power Grid,seamless,18.0,19,0.016290071690280808,0.0026645113260957464,0.013556024774597724,0.018238053200471335,0.024745045916330508,0.03259851551567713,0.3046683985330073,0.0139058679706601
EU Power Grid,seamless,18.0,20,0.0162665071818713,0.0016212069460406313,0.01561998958527546,0.017609944841167176,0.023397027332286487,0.03375802596923227,0.1112469437652811,0.0178789731051344
EU Power Grid,seamless,18.0,21,0.015153564177286204,0.0030693427502787077,0.011707248996543122,0.018084903872710143,0.02426198985721293,0.03660520547215771,0.3217374694376528,0.0119193154034229
EU Power Grid,seamless,18.0,22,0.01692302728782327,0.002078616442449374,0.01576958041178331,0.01785839060988584,0.02515865589819372,0.03487786380512534,0.1629431540342298,0.0178789731051344
EU Power Grid,seamless,18.0,23,0.016011054250127717,0.002350037079730346,0.014628782920622571,0.016695146548879568,0.026434648030867324,0.03361444253726804,0.1625229217603911,0.0168856968215158
EU Power Grid,seamless,18.0,24,0.015691662193311636,0.0026249335768669035,0.014344338009819288,0.017906078008356738,0.025053577285467175,0.038474340916338785,0.2141885696821515,0.0148991442542787
EU Power Grid,seamless,18.0,25,0.01567539091922791,0.0026125631586036233,0.013441785645402425,0.01747157088932592,0.026363691138742713,0.03342809538832481,0.2079385696821515,0.0139058679706601
EU Power Grid,seamless,18.0,26,0.016415362018568243,0.0021257151024137344,0.01576582370427704,0.017157776786094554,0.02377862036471061,0.03592194147489445,0.1845812958435207,0.0168856968215158
EU Power Grid,seamless,18.0,27,0.016787514288737895,0.0022302489313452984,0.016928783875631077,0.018518500560165536,0.027185420062482972,0.0371474856158232,0.1538966992665036,0.018872249388753
EU Power Grid,seamless,18.0,28,0.016120634906142146,0.002557344040024703,0.01450583351110086,0.01808700713352478,0.025575620041549004,0.034603138548144556,0.1472646699266503,0.0168856968215158
EU Power Grid,seamless,18.0,29,0.016356067492254732,0.0023850688899777783,0.014344976137509971,0.01841818023052735,0.024389774638870477,0.038036382597692216,0.1973257946210268,0.0148991442542787
EU Power Grid,seamless,18.0,30,0.016390218953717783,0.003104723664354422,0.013482619997726035,0.020057316145176224,0.02691236182737151,0.03417372315644526,0.2181387530562347,0.0139058679706601
EU Power Grid,seamless,18.0,31,0.016735277731126756,0.0023422505465167725,0.01591831691205277,0.017946905124531603,0.025026773282346072,0.03781272147917488,0.1807457212713936,0.0168856968215158
EU Power Grid,seamless,18.0,32,0.015894787496880194,0.003136962643975546,0.01351701126045745,0.020682250398230136,0.024667125766851532,0.03401092265832908,0.301742053789731,0.0139058679706601
EU Power Grid,seamless,18.0,33,0.015763987399476716,0.002208528601854799,0.015333079754438162,0.016825240308068982,0.024289633245842532,0.03122571204196954,0.1524755501222493,0.0168856968215158
EU Power Grid,seamless,18.0,34,0.016306760371115742,0.002955876416871157,0.012648697371960844,0.02087163560860643,0.026596711055414324,0.03162526554170505,0.3290265892420537,0.0129125916870415
EU Power Grid,seamless,18.0,35,0.01600373824816097,0.002973771782677779,0.014403343825452126,0.018044884193302226,0.025324165707213752,0.03467775825183365,0.2972799511002444,0.0148991442542787
EU Power Grid,seamless,18.0,36,0.015463849177712137,0.002564735934128046,0.013514612281547982,0.01651778457878474,0.023933674763903727,0.03484130251826479,0.3109871638141809,0.0139058679706601
EU Power Grid,seamless,18.0,37,0.01525214806270954,0.0028260553280296252,0.0125647271003188,0.015841048150286877,0.024933607733838403,0.037632894700695,0.236583129584352,0.0129125916870415
EU Power Grid,seamless,18.0,38,0.016256276921859714,0.0027199429426570973,0.014978287909126198,0.018990151947008878,0.02733395747578218,0.03582722811474905,0.1758557457212713,0.0158924205378973
EU Power Grid,seamless,18.0,39,0.01662603100051329,0.0017360165702657337,0.0171608888861299,0.01922349415733669,0.024359304497209234,0.032717304525722246,0.0910605134474327,0.0198655256723716
EU Power Grid,seamless,18.0,40,0.015347741797951444,0.0037367154317622608,0.01156754038782091,0.01795011473074196,0.025794431786354963,0.03608519732923372,0.3619498777506112,0.0119193154034229
EU Power Grid,seamless,18.0,41,0.01627678297716486,0.0028704749955725498,0.014404346307443711,0.01877212226625714,0.026960690144028247,0.03697611523734825,0.2502444987775061,0.0148991442542787
EU Power Grid,seamless,18.0,42,0.016372323587911155,0.0025910325594545843,0.014501848206370961,0.01989427795785343,0.0248377613711145,0.03312068731323007,0.2885391198044009,0.0148991442542787
EU Power Grid,seamless,18.0,43,0.016375875339903312,0.0026681617378654624,0.015174452640865805,0.019091221353358705,0.026233492439225674,0.03615730471605366,0.1900366748166259,0.0158924205378973
EU Power Grid,seamless,18.0,44,0.016776411269155588,0.0024383299914328064,0.015329394310660197,0.018383962586000956,0.02632818023823786,0.03434822547912748,0.2368811124694376,0.0158924205378973
EU Power Grid,seamless,18.0,45,0.015328912958864805,0.003144096504814496,0.01257107417622095,0.017273241882329517,0.024272723416326587,0.03798446460749344,0.3188875305623471,0.0129125916870415
EU Power Grid,seamless,18.0,46,0.015832267554761838,0.0026302839724961103,0.014369701700522979,0.01568998152357143,0.026101683820561362,0.036104536232637915,0.3036369193154034,0.0148991442542787
EU Power Grid,seamless,18.0,47,0.016567791374898312,0.002438428651210374,0.01598000065654097,0.018839682953224506,0.026320417261014518,0.0369992884362795,0.2062805623471882,0.0168856968215158
EU Power Grid,seamless,18.0,48,0.017374357824091587,0.002109557666534888,0.01656460434774202,0.019760892710744122,0.02670369350570328,0.03787088872377492,0.133106662591687,0.0198655256723716
EU Power Grid,seamless,18.0,49,0.015789600995574,0.0031034942117417557,0.013475323604410257,0.017976752558813015,0.024744080555912953,0.03312589238894886,0.2916488386308068,0.0139058679706601
EU Power Grid,seamless,18.0,50,0.0164044639077547,0.002344421061623092,0.015907101317102396,0.018023306514907248,0.024871465523193696,0.03641464268507382,0.1631494498777506,0.0168856968215158
EU Power Grid,seamless,18.0,51,0.016198492649064235,0.003148338875249563,0.014389160232715636,0.018369040510778634,0.02574591001748076,0.032706937196231384,0.2890968826405867,0.0148991442542787
EU Power Grid,seamless,18.0,52,0.016099999834204806,0.002413270407932598,0.013546218754864753,0.017870140243836076,0.025557541565099998,0.03496526643995435,0.3145858801955989,0.0139058679706601
EU Power Grid,seamless,18.0,53,0.015835394310789105,0.0036612255235016168,0.012568025037606586,0.02055352309820278,0.02690123268133655,0.03709841633162651,0.3222723105134474,0.0129125916870415
EU Power Grid,seamless,18.0,54,0.015443844010508448,0.002764969747292716,0.012535589505378966,0.018904176699436264,0.023879280903862314,0.036715320941467545,0.2447203545232273,0.0129125916870415
EU Power Grid,seamless,18.0,55,0.016696542384614002,0.0022654477042932,0.015355148903215507,0.01781482203915236,0.02605759799357543,0.03519141084850123,0.2785987163814181,0.0158924205378973
EU Power Grid,seamless,18.0,56,0.016993720813051776,0.0021003671287944956,0.016150262968829793,0.019524973803702366,0.026268165370609033,0.034918877203559094,0.1890968826405867,0.0168856968215158
EU Power Grid,seamless,18.0,57,0.016619496687553373,0.0026207898662093825,0.014442161629495997,0.02018576122267628,0.02534928695014015,0.03371475059630804,0.2156861246943765,0.0148991442542787
EU Power Grid,seamless,18.0,58,0.016382834648828108,0.0020776298446737707,0.015447260560592445,0.017712242354317797,0.02588398533007331,0.03537088887136203,0.1315327017114914,0.0178789731051344
EU Power Grid,seamless,18.0,59,0.015636147095400045,0.0021936157970159293,0.014929637580322251,0.01672373927638642,0.02265056800565175,0.03373202998582092,0.1618199877750611,0.0158924205378973
EU Power Grid,seamless,18.0,60,0.01538906506632171,0.003208468215065512,0.01262040132335054,0.0172856069675485,0.02558278316625465,0.03447258868312902,0.3235559290953544,0.0129125916870415
EU Power Grid,seamless,18.0,61,0.01748383223111479,0.002107888039530027,0.01718420432435681,0.0187294406053199,0.026324906224847722,0.035939137268599305,0.1474786063569682,0.018872249388753
EU Power Grid,seamless,18.0,62,0.016797600353689983,0.0019155242409291734,0.014711917025568542,0.01940815709288991,0.024810031052755015,0.03446426441648271,0.1506036063569682,0.0198655256723716
EU Power Grid,seamless,18.0,63,0.01639995591484157,0.002300760315446007,0.014846716641495174,0.017689304582969426,0.026306715244410583,0.03553721814724252,0.1822203545232273,0.0178789731051344
EU Power Grid,seamless,18.0,64,0.01641388971111851,0.002371150272128165,0.015238460525210063,0.017711461878651483,0.02543280329099901,0.03861118102497709,0.1772310513447432,0.0158924205378973
EU Power Grid,seamless,18.0,65,0.016006781522838003,0.0032304162209657603,0.013483922774356567,0.018881216523972493,0.025769803289353944,0.039176114109499977,0.3114990831295843,0.0139058679706601
EU Power Grid,seamless,18.0,66,0.017129833360016174,0.0019902324601830034,0.01583745978122554,0.01907103717066466,0.024401931786481944,0.03477375477070775,0.1362622249388753,0.018872249388753
EU Power Grid,seamless,18.0,67,0.01640184562904253,0.002272907901319473,0.014218229011488325,0.017942761490320907,0.026704074555424215,0.03305018868927392,0.1578392420537897,0.0148991442542787
EU Power Grid,seamless,18.0,68,0.017394074601176254,0.0017456548716119704,0.017299157511235973,0.020365479853479234,0.02632984618963796,0.03601254539438166,0.1230745721271393,0.0208588019559902
EU Power Grid,seamless,18.0,69,0.015147204416240427,0.003898836213934172,0.011592327506932015,0.01834342758082899,0.025067580282758257,0.037555560353991685,0.3316473105134474,0.0119193154034229
EU Power Grid,seamless,18.0,70,0.016346732759454842,0.0026506610111690643,0.014410650958249992,0.019191068117380684,0.025908138316451244,0.041098266935135845,0.2626298899755501,0.0148991442542787
EU Power Grid,seamless,18.0,71,0.015567684798987116,0.0029646343694330044,0.013222967609552811,0.01679705036460178,0.024611519132311833,0.04187878464765885,0.2307380806845965,0.0139058679706601
EU Power Grid,seamless,18.0,72,0.01690614128743321,0.0026538560701192732,0.014553847878343712,0.020488141931377532,0.02757175594369222,0.036497128560868744,0.172348716381418,0.0148991442542787
EU Power Grid,seamless,18.0,73,0.01602895720514802,0.002378033688916384,0.015148438614711424,0.01797093717671579,0.022840688048192538,0.033970971804548555,0.1767726161369193,0.0158924205378973
EU Power Grid,seamless,18.0,74,0.016843021797435836,0.0020357753313473923,0.014802516821905613,0.020462973047964808,0.02372387417706354,0.03638151022056157,0.1286369193154034,0.0168856968215158
EU Power Grid,seamless,18.0,75,0.01711418440145243,0.0021881060278998972,0.016975681131300692,0.018396333071544424,0.026129788101059464,0.03765333659607038,0.1598639975550122,0.0178789731051344
EU Power Grid,seamless,18.0,76,0.017933273053182153,0.0017387259195418055,0.01645328495723429,0.023399503386808535,0.02737659478890798,0.03583558159795402,0.0936124694376528,0.0248319070904645
EU Power Grid,seamless,18.0,77,0.016680210396821007,0.00166659044371819,0.014213304155899107,0.02176996952595493,0.02606281529510071,0.03807212393911848,0.0725168092909535,0.0119193154034229
EU Power Grid,seamless,18.0,78,0.016072724200316323,0.002378094402625657,0.01556139348453143,0.017467117200824576,0.025360155003845503,0.03398398961952549,0.160658618581907,0.0168856968215158
EU Power Grid,seamless,18.0,79,0.015814455670305434,0.0024607788854345302,0.01263204585496869,0.018740259452065488,0.025372635385566743,0.03501783687529495,0.177093520782396,0.0129125916870415
EU Power Grid,seamless,18.0,80,0.016324443238939952,0.0025974150881413454,0.015265487538987835,0.016970966479274225,0.025047128751348353,0.03699097883820912,0.1762530562347188,0.0168856968215158
EU Power Grid,seamless,18.0,81,0.01720990715332653,0.0018625591188068157,0.017583220374053486,0.019324263596044552,0.023599870639440572,0.03820675990508113,0.1720125305623471,0.018872249388753
EU Power Grid,seamless,18.0,82,0.01705753851070572,0.002469051128322238,0.016062793947824013,0.02127513197688573,0.026311760706389815,0.03601706176251719,0.196531173594132,0.0168856968215158
EU Power Grid,seamless,18.0,83,0.017126137412964496,0.0020207259206626747,0.017402980648530582,0.020133472007630097,0.02576853764438071,0.030556936826802304,0.1452857579462102,0.018872249388753
EU Power Grid,seamless,18.0,84,0.01539141013334219,0.0033931744970849722,0.01157723816971487,0.019589557629286387,0.02645162330962808,0.03756906938413067,0.3452781173594131,0.0119193154034229
EU Power Grid,seamless,18.0,85,0.017567108672589017,0.001553624998412091,0.016540638908173706,0.022877791941344296,0.025624828133499884,0.033512820822341055,0.0751451711491442,0.0238386308068459
EU Power Grid,seamless,18.0,86,0.016276858869301435,0.0024592003289935697,0.015621245954463852,0.01740670037020127,0.025343929113931244,0.03481711491442535,0.2017114914425427,0.0168856968215158
EU Power Grid,seamless,18.0,87,0.016339598898615887,0.002606377949471978,0.014313656571599392,0.017906408231612252,0.026999840544275497,0.03925510645884258,0.2248242665036674,0.0148991442542787
EU Power Grid,seamless,18.0,88,0.017006030517605793,0.0021659910592991614,0.016645581684460557,0.019813618909880863,0.026601124340671224,0.03641776545581552,0.1289119804400978,0.0198655256723716
EU Power Grid,seamless,18.0,89,0.01627984901948288,0.0022032237415075353,0.014962867720376978,0.018552462356036928,0.02600980721862185,0.03452790057997371,0.1813569682151589,0.0158924205378973
EU Power Grid,seamless,18.0,90,0.01502779572853831,0.0038969768565878383,0.010769614544593617,0.01731763284699186,0.02472108941936201,0.037106331631554225,0.3364226772616137,0.0109260391198044
EU Power Grid,seamless,18.0,91,0.01724854384006171,0.002225566386518037,0.016805130611460693,0.01783165321463404,0.02544551406103969,0.04034438588052949,0.1756418092909535,0.0178789731051344
EU Power Grid,seamless,18.0,92,0.016144017273423843,0.0029107433632443204,0.013546550541516092,0.019158084290513744,0.026147840001245818,0.03621504309874942,0.247692542787286,0.0139058679706601
EU Power Grid,seamless,18.0,93,0.016415103985303856,0.001873024644441824,0.015983350087746845,0.018447199447446088,0.024447273634734014,0.03271648207689748,0.1372860635696821,0.018872249388753
EU Power Grid,seamless,18.0,94,0.01465566622600962,0.004219692988986326,0.009811887837419105,0.018083937250956358,0.024899121275070258,0.0317077671783772,0.3566702322738386,0.0099327628361858
EU Power Grid,seamless,18.0,95,0.016727916193878062,0.002266912422529286,0.015312004429021364,0.018530827363345638,0.026576675299189265,0.035440815830559275,0.2559749388753056,0.0158924205378973
EU Power Grid,seamless,18.0,96,0.01671908993839327,0.002306634366817643,0.016053946511692122,0.017938955623553708,0.0252753462606218,0.03651025014105694,0.2370874083129584,0.0168856968215158
EU Power Grid,seamless,18.0,97,0.01652708283283436,0.0023572164758512426,0.0152253874687271,0.018148430550038255,0.025136306489010145,0.03118249280741542,0.1953392420537897,0.0158924205378973
EU Power Grid,seamless,18.0,98,0.016765778780820077,0.0020510600076555138,0.01527428313849794,0.018579321692456123,0.024634928249409327,0.037055365231894725,0.1320369804400978,0.018872249388753
EU Power Grid,seamless,18.0,99,0.01683166074458913,0.0022080656598216287,0.01524557836533765,0.018825654686684373,0.025505291012128412,0.037976239475407035,0.1716305012224938,0.0158924205378973
EU Power Grid,seamless,18.0,100,0.016916713062059434,0.002126147687592274,0.01603665859098693,0.017561369947779796,0.024713503295066257,0.03915981090695394,0.1936888753056234,0.0168856968215158
EU Power Grid,seamless,19.0,1,0.017017376392025184,0.001662234235078236,0.01692739878719065,0.019973846889342502,0.023924726835079253,0.03438431778877683,0.146187347188264,0.018872249388753
EU Power Grid,seamless,19.0,2,0.01829341159813047,0.0016452799317652484,0.0166154730484625,0.02250682983806663,0.027377177567237093,0.03724687589384258,0.1510238386308068,0.0228453545232273
EU Power Grid,seamless,19.0,3,0.016048734695941945,0.0026826874928077447,0.014325757387432947,0.01777634021275822,0.025002645924662427,0.03323218651763877,0.2302720048899755,0.0148991442542787
EU Power Grid,seamless,19.0,4,0.01619915291065253,0.002490695565676146,0.015266833101582661,0.017781566176768484,0.023556179150922354,0.035954476811840455,0.2705226161369193,0.0158924205378973
EU Power Grid,seamless,19.0,5,0.016440178747231398,0.0025593551816441916,0.015137983419518747,0.018715714075701714,0.026193581620120032,0.03616683752343565,0.1930317848410757,0.0158924205378973
EU Power Grid,seamless,19.0,6,0.016314592439611284,0.0025485709090355283,0.014401196647690377,0.019242464670244954,0.025714713658818816,0.03955147597143356,0.2014975550122249,0.0148991442542787
EU Power Grid,seamless,19.0,7,0.017055534958299888,0.0021217838897386624,0.01652899932331696,0.020012181345704646,0.025388181566847298,0.03856434586874676,0.15197891198044,0.0178789731051344
EU Power Grid,seamless,19.0,8,0.016627131436493758,0.0023250913344350145,0.01599648177911137,0.019531587993601947,0.024499678642402364,0.030768134841170296,0.1512072127139364,0.0178789731051344
EU Power Grid,seamless,19.0,9,0.015116475690137332,0.003379756767336836,0.012521397631955217,0.017753639404931784,0.02405871870727647,0.03221836132667161,0.3009703545232273,0.0129125916870415
EU Power Grid,seamless,19.0,10,0.01631563216188249,0.002623089397947898,0.014250285180239793,0.01896263904547274,0.025919719448012895,0.040000748878705854,0.188898227383863,0.0148991442542787
EU Power Grid,seamless,19.0,11,0.015640389465835108,0.0031190293321006163,0.012597289283897469,0.01687652871756252,0.026025180896054944,0.03556348144017349,0.3169773838630806,0.0129125916870415
EU Power Grid,seamless,19.0,12,0.01654739156858438,0.0018968699537566867,0.016985188608394607,0.019218065412785843,0.024575341260747507,0.03556475082318028,0.1414272616136919,0.0198655256723716
EU Power Grid,seamless,19.0,13,0.01684674810134214,0.002325076156007693,0.016146820892171017,0.019071325456677207,0.025607164105659098,0.033571178266490795,0.2542787286063569,0.0168856968215158
EU Power Grid,seamless,19.0,14,0.01580964410884598,0.00307687883944156,0.012514188344405886,0.018452104937751103,0.026864151772659373,0.03818476177889375,0.2619422371638141,0.0129125916870415
EU Power Grid,seamless,19.0,15,0.01601390020524963,0.002041482420018548,0.01597669288923171,0.017296233039876627,0.0241093157986865,0.0333040808010245,0.1307151589242053,0.0168856968215158
EU Power Grid,seamless,19.0,16,0.016418101724698944,0.002714455941182038,0.014405090314601405,0.019906128942103172,0.025481675325998324,0.03403261028566644,0.1932457212713936,0.0148991442542787
EU Power Grid,seamless,19.0,17,0.016491838524604497,0.0024968048826712083,0.014402056340560498,0.019908695036609147,0.025398187124680484,0.03793451684915483,0.1890051955990219,0.0148991442542787
EU Power Grid,seamless,19.0,18,0.016530520746621646,0.002801686362972311,0.014993716603015834,0.01827232902431415,0.02579752175847728,0.036416280491271914,0.2260238386308068,0.0158924205378973
EU Power Grid,seamless,19.0,19,0.017174905699933723,0.0023215851177248057,0.016293341116158464,0.019567920100214267,0.025771694842307454,0.03919336045330853,0.1735941320293398,0.0178789731051344
EU Power Grid,seamless,19.0,20,0.017015327304337396,0.0018837026680592695,0.01690958910517015,0.0192859966973293,0.02477546015744128,0.03432955656102937,0.1330761002444987,0.0198655256723716
EU Power Grid,seamless,19.0,21,0.01639865815930599,0.002508325309004739,0.014984950158802182,0.018188704419381054,0.024600516871797432,0.03715840407599198,0.1737469437652811,0.0158924205378973
EU Power Grid,seamless,19.0,22,0.017169471822954273,0.0016985865685022372,0.01682292801948978,0.019749047754897633,0.02493459249242664,0.03643989709155926,0.1569605745721271,0.0198655256723716
EU Power Grid,seamless,19.0,23,0.016476553848296365,0.0022401604443832387,0.016079498107750917,0.016977027348966545,0.024745049701515965,0.03705072183131448,0.2495950488997554,0.0168856968215158
EU Power Grid,seamless,19.0,24,0.016854823024674743,0.0017959865365948454,0.01483474186151733,0.020295445090514116,0.025277336052306885,0.0356689261659823,0.1351849022004889,0.0208588019559902
EU Power Grid,seamless,19.0,25,0.014927815427801827,0.004070223425983049,0.010674777143458774,0.01784472219880272,0.026875218302479898,0.039930816407370354,0.3550122249388753,0.0109260391198044
EU Power Grid,seamless,19.0,26,0.016757096720394802,0.0018950788993332955,0.016427410611094314,0.017705233590433928,0.025487508931739594,0.0348027508065334,0.1667252444987775,0.0178789731051344
EU Power Grid,seamless,19.0,27,0.01624404310944228,0.0023092374671024904,0.01497482367937858,0.01776510628342161,0.02436407357424087,0.03582789524432654,0.1885161980440097,0.0158924205378973
EU Power Grid,seamless,19.0,28,0.017960078155823823,0.0010564859685013403,0.016129909939427218,0.022365096727147895,0.026581931017492413,0.0366297999421826,0.0441243887530562,0.0168856968215158
EU Power Grid,seamless,19.0,29,0.01722188293247957,0.0018782004881568864,0.01573113481835187,0.019708930275746547,0.027705525198128234,0.03133527513272973,0.135070293398533,0.0198655256723716
EU Power Grid,seamless,19.0,30,0.01719907734543591,0.0015522285830989282,0.016234943964188443,0.021148349574926728,0.025153009337323957,0.0324877750611246,0.0893795843520782,0.0228453545232273
EU Power Grid,seamless,19.0,31,0.015502948806480494,0.00287757849955687,0.013407576260520967,0.017571328075419147,0.022405079212185087,0.03472890097460862,0.2352078239608801,0.0139058679706601
EU Power Grid,seamless,19.0,32,0.015841875499253442,0.0023476085313596396,0.015144807731656445,0.016444330935881376,0.02462627272810933,0.036781729624549675,0.1677261613691931,0.0158924205378973
EU Power Grid,seamless,19.0,33,0.01758878346679757,0.0013778132748003208,0.016602663359011595,0.020721277093446663,0.025147254316377828,0.03208142003680438,0.0815097799511002,0.0238386308068459
EU Power Grid,seamless,19.0,34,0.01598626028910555,0.002552388283505728,0.014471829277185549,0.01735062001895966,0.024726877876184584,0.03637181112159155,0.2569605745721271,0.0148991442542787
EU Power Grid,seamless,19.0,35,0.014907688833179576,0.0027959868635148285,0.01247835947137278,0.016800208357120996,0.02614081044509849,0.0343960568101891,0.3002674205378973,0.0129125916870415
EU Power Grid,seamless,19.0,36,0.017190547069283812,0.0016812679829336377,0.01621045882225782,0.021138635434583063,0.028115517139736545,0.03454774751988294,0.1159459046454767,0.0218520782396088
EU Power Grid,seamless,19.0,37,0.016598687063701878,0.002564667631205114,0.016142127021978498,0.017405416452638628,0.02474959137635245,0.03705010427153742,0.2034229828850855,0.0168856968215158
EU Power Grid,seamless,19.0,38,0.015361607291305434,0.0030789279271293316,0.011691142964305224,0.018058494427782748,0.027741697229013745,0.03584102022671699,0.3437041564792176,0.0119193154034229
EU Power Grid,seamless,19.0,39,0.016095567733428275,0.0024398630125918174,0.014414216291945782,0.017236549473645783,0.02540123223056447,0.036697370165257565,0.1617130195599022,0.0148991442542787
EU Power Grid,seamless,19.0,40,0.017575699662450397,0.0021658772210942845,0.016182837361184733,0.01962385695606769,0.028537050929441355,0.037955900302658066,0.1288966992665036,0.0198655256723716
EU Power Grid,seamless,19.0,41,0.016489569349720616,0.002428630976377309,0.01441645157967258,0.018360193505946795,0.025527658220003795,0.040276302214719,0.2049128973105134,0.0148991442542787
EU Power Grid,seamless,19.0,42,0.016525694006734856,0.002967078096231031,0.013486198030339354,0.02205990661064008,0.02637163628391582,0.03315637490042447,0.2767649755501222,0.0139058679706601
EU Power Grid,seamless,19.0,43,0.01715862683663635,0.0017630721169581273,0.015334638823206135,0.021452898220881225,0.02416573384000542,0.03503660435588303,0.0796607579462102,0.0238386308068459
EU Power Grid,seamless,19.0,44,0.01728459260493938,0.0017345594412433102,0.016836909427585124,0.02032685566385157,0.024148638660235606,0.035841766993696615,0.1244116748166259,0.0208588019559902
EU Power Grid,seamless,19.0,45,0.016957338122773145,0.0024647176873232625,0.016171038664114772,0.018518788992683242,0.026252154220999704,0.03492269115358961,0.2076023838630806,0.0168856968215158
EU Power Grid,seamless,19.0,46,0.01436849038117369,0.003510359545185183,0.009839507974931083,0.01832388205475982,0.02357181989023558,0.03530096358548618,0.2940861858190708,0.0099327628361858
EU Power Grid,seamless,19.0,47,0.016111649277170542,0.0026126921752358144,0.014441515427944763,0.017939906052473847,0.02557082410956184,0.03317713097977679,0.253018031784841,0.0148991442542787
EU Power Grid,seamless,19.0,48,0.017247716615772953,0.0019399083844137814,0.016259564247907796,0.02160377193378259,0.024755940489679034,0.03583182626442225,0.1029951100244498,0.0218520782396088
EU Power Grid,seamless,19.0,49,0.015150710632950638,0.003117465954086969,0.011575715041226085,0.019975214345002424,0.025614507476131997,0.03074047639776633,0.3466228606356968,0.0119193154034229
EU Power Grid,seamless,19.0,50,0.013772767465839598,0.004477415095613803,0.00882699954069347,0.016974433651587306,0.025892068561211595,0.037475337578348054,0.3758557457212713,0.0089394865525672
EU Power Grid,seamless,19.0,51,0.015684460029549766,0.0028065510489273925,0.01338895937853167,0.01800220233859198,0.02538840908297514,0.03406383685494015,0.2799128973105134,0.0139058679706601
EU Power Grid,seamless,19.0,52,0.015267675593854734,0.0032864929206880755,0.011683878755294504,0.018613320223752724,0.024146123784008676,0.03611402638741518,0.3418016503667481,0.0119193154034229
EU Power Grid,seamless,19.0,53,0.016359512995255676,0.0020161648032539386,0.015191142566810305,0.01756366498593747,0.02470047573840215,0.03837438129882511,0.1675886308068459,0.0158924205378973
EU Power Grid,seamless,19.0,54,0.01620760729466804,0.0031971982327827007,0.013400250582242592,0.019274897601855398,0.0257938418278374,0.03654952800514157,0.2900137530562346,0.0139058679706601
EU Power Grid,seamless,19.0,55,0.016097548518193113,0.003109869151214862,0.012827551963885768,0.017779111944361152,0.028175759030519058,0.03470624190996683,0.2574724938875305,0.0129125916870415
EU Power Grid,seamless,19.0,56,0.015704343769334918,0.002302680386501591,0.014236120713165894,0.01919559448163757,0.02366463853267461,0.030732414120224365,0.1919468215158924,0.0148991442542787
EU Power Grid,seamless,19.0,57,0.01676060293710502,0.001981982984936262,0.015158199066828894,0.01960253041997,0.023930826328792964,0.033511491998853934,0.1472799511002444,0.0198655256723716
EU Power Grid,seamless,19.0,58,0.017220539641662022,0.0014775886667680268,0.016956477868301734,0.02029990178693773,0.024562187059960678,0.03489466246041244,0.1487393031784841,0.0208588019559902
EU Power Grid,seamless,19.0,59,0.015761012427722595,0.00271070686963476,0.01346193053692118,0.0190519785461272,0.0238130748132708,0.03628415211228682,0.2530103911980439,0.0139058679706601
EU Power Grid,seamless,19.0,60,0.015067957847218821,0.003665437537082057,0.01249955433462986,0.016849170647385107,0.024361141075269325,0.03385006899222918,0.3273533007334963,0.0129125916870415
EU Power Grid,seamless,19.0,61,0.014856142894011364,0.0035046828133686466,0.011185495975168156,0.016597218972637124,0.026028307358463176,0.03398593017553838,0.2750687652811736,0.0109260391198044
EU Power Grid,seamless,19.0,62,0.015276577741476107,0.003366885460972092,0.011617055924312752,0.019905034248240576,0.02470161039166282,0.038239951625420814,0.2322356356968214,0.0119193154034229
EU Power Grid,seamless,19.0,63,0.014797842554687104,0.0028250080165447577,0.012565002508442842,0.017130092114776355,0.023627168689493806,0.03569713337657794,0.3047066014669926,0.0129125916870415
EU Power Grid,seamless,19.0,64,0.01619384805030527,0.0027412914006783246,0.015188964957929495,0.01800728456275256,0.02475490600292576,0.035365879512683406,0.2367894254278728,0.0158924205378973
EU Power Grid,seamless,19.0,65,0.017166906668737714,0.0018943427456084238,0.016702620491906413,0.01930406296244376,0.02460808968678768,0.030759993663356813,0.1490372860635696,0.018872249388753
EU Power Grid,seamless,19.0,66,0.015595795246378026,0.0035002431233784716,0.01255346216430366,0.017542930100769974,0.02688838630806842,0.03561604959832337,0.3507716992665036,0.0129125916870415
EU Power Grid,seamless,19.0,67,0.01598733795744504,0.002464573492263758,0.015514305899581077,0.01765549099564692,0.023570177757219247,0.034663780920817205,0.1481738997555012,0.0178789731051344
EU Power Grid,seamless,19.0,68,0.017317575327499023,0.001998671665771205,0.016452032968581498,0.020464191351120046,0.023849667209997184,0.03653374043178797,0.1196057457212713,0.0208588019559902
EU Power Grid,seamless,19.0,69,0.016676635877187873,0.002377373427328105,0.01614031988636315,0.018155170726396413,0.02489454613537731,0.03571974327628356,0.2293856968215158,0.0168856968215158
EU Power Grid,seamless,19.0,70,0.01580561423639333,0.003120251195499632,0.012686874225000117,0.01806487145479348,0.02687380349755139,0.033696034043423334,0.3182304400977995,0.0129125916870415
EU Power Grid,seamless,19.0,71,0.015768275305193754,0.0021804409221048526,0.014692245550447682,0.01708251763185192,0.023867541135267224,0.03566691274232014,0.1810437041564792,0.0158924205378973
EU Power Grid,seamless,19.0,72,0.016746160663512984,0.0019038292626814945,0.016156289877222767,0.01918441210158809,0.025313814439931994,0.03477519470846348,0.1287897310513447,0.0178789731051344
EU Power Grid,seamless,19.0,73,0.016653170028555927,0.0021845770435487124,0.01614900649469979,0.01867789656368159,0.024692612681758545,0.03310752020857235,0.1463783618581907,0.018872249388753
EU Power Grid,seamless,19.0,74,0.014973563207734972,0.0035304330153117947,0.011666682123636012,0.017159773682390782,0.024707462130792744,0.03473864522052929,0.3128667481662591,0.0119193154034229
EU Power Grid,seamless,19.0,75,0.017509286453725258,0.0020684393069333785,0.016261664900668774,0.020703668904085967,0.026617343581356402,0.03688493276283613,0.1273533007334963,0.0208588019559902
EU Power Grid,seamless,19.0,76,0.015479156621661242,0.0033370143160124125,0.011726427102665948,0.018056049100703207,0.023826544480385934,0.034699474186026674,0.3427567237163814,0.0119193154034229
EU Power Grid,seamless,19.0,77,0.01659891474011163,0.0021606861989519003,0.016136904932871687,0.01831971327898787,0.02484456591684138,0.034458295905966364,0.1823655256723716,0.0168856968215158
EU Power Grid,seamless,19.0,78,0.016747579846467103,0.0022372006510564466,0.015536525203328641,0.018827706579119145,0.024597241817416238,0.03539374490627534,0.1414501833740831,0.0178789731051344
EU Power Grid,seamless,19.0,79,0.018278961735324777,0.0018178738287858316,0.018492767704827662,0.020762693696430235,0.02571023040155066,0.03884310471442302,0.130096271393643,0.0208588019559902
EU Power Grid,seamless,19.0,80,0.016880019214020808,0.002134298503061456,0.016170709790565587,0.01906449146218119,0.02425117367224657,0.03818394828480396,0.1531020782396087,0.0178789731051344
EU Power Grid,seamless,19.0,81,0.01567368334615476,0.002601240051825209,0.014190241327337299,0.017147747060231963,0.024606804088268205,0.03265263697783904,0.2560666259168704,0.0148991442542787
EU Power Grid,seamless,19.0,82,0.015612886155536876,0.0026746732831844206,0.013580825961820758,0.018155143014327312,0.022884207778798037,0.03742601971513949,0.2510926039119804,0.0139058679706601
EU Power Grid,seamless,19.0,83,0.01683188083178523,0.0018353821446958866,0.015501664639519424,0.019384092398361634,0.025346032490788206,0.03508017489336248,0.1423746943765281,0.0198655256723716
EU Power Grid,seamless,19.0,84,0.01686056047020052,0.0017162163118308296,0.01694426656368008,0.018477797014505283,0.02403444276661948,0.0354683612879311,0.1155256723716381,0.018872249388753
EU Power Grid,seamless,19.0,85,0.016818523815746344,0.0018931208822094172,0.016307497813321557,0.018573995103695385,0.024378503072607343,0.03271272372508243,0.1359566014669926,0.018872249388753
EU Power Grid,seamless,19.0,86,0.017587030358442477,0.0020709133905860355,0.015966487450725993,0.01986121992732574,0.025343412839180096,0.03992704264208555,0.1646546454767726,0.0198655256723716
EU Power Grid,seamless,19.0,87,0.016601889711865738,0.0025371567316932173,0.017038607486073398,0.019180888958948903,0.026420801844854378,0.03424883185667826,0.1608954767726161,0.0178789731051344
EU Power Grid,seamless,19.0,88,0.017257112062282122,0.0014944139534488242,0.015793231560793757,0.02193394490778772,0.025890523421976796,0.032768084265639236,0.1080149755501222,0.0228453545232273
EU Power Grid,seamless,19.0,89,0.01664069336130144,0.002300115232285028,0.015077372966249985,0.018054283163649768,0.02716114867324083,0.03633073553382228,0.176619804400978,0.0158924205378973
EU Power Grid,seamless,19.0,90,0.01581897125243222,0.0026949516620798078,0.014355247972818225,0.01769598180559805,0.024128813092845466,0.031421288971986476,0.2567466381418092,0.0148991442542787
EU Power Grid,seamless,19.0,91,0.016710020828071416,0.0018594095951385585,0.01572384057900426,0.018778642199720877,0.024154583501436292,0.03831663933952283,0.1752062958435207,0.0178789731051344
EU Power Grid,seamless,19.0,92,0.015936566118069977,0.0034343383919684376,0.013501677858221347,0.018694171967387114,0.02638742440155214,0.03915365148641537,0.2521470048899755,0.0139058679706601
EU Power Grid,seamless,19.0,93,0.016587682703897117,0.002469992190815888,0.016167048209379732,0.01830493870635801,0.026558644333514417,0.03217017499447232,0.2342603911980439,0.0168856968215158
EU Power Grid,seamless,19.0,94,0.017353904893282052,0.0019852918820913493,0.0160489931844382,0.019599912875446355,0.026829506012524026,0.03552836820131928,0.1496943765281173,0.0198655256723716
EU Power Grid,seamless,19.0,95,0.015175398344981572,0.0026073797256749073,0.012533167668461112,0.017876025281228804,0.02400319146097715,0.035636674105873595,0.3106662591687041,0.0129125916870415
EU Power Grid,seamless,19.0,96,0.01582309978466242,0.0025707617697728635,0.012554519210730192,0.01883552740123946,0.024147488979708313,0.036717974752176405,0.3208817237163814,0.0129125916870415
EU Power Grid,seamless,19.0,97,0.016820648795570707,0.002296464820515317,0.01690623621568377,0.019682688879730327,0.024630425863281586,0.03342434530297221,0.1508633863080684,0.0178789731051344
EU Power Grid,seamless,19.0,98,0.01507749748878752,0.0032535709118377007,0.011563557051371194,0.016612281674296344,0.026528754074979604,0.03646634883894103,0.2806081907090464,0.0119193154034229
EU Power Grid,seamless,19.0,99,0.01534563958576805,0.003035942620967845,0.011696423241666965,0.018983775366632503,0.026462151105086037,0.03935447956688776,0.234497249388753,0.0119193154034229
EU Power Grid,seamless,19.0,100,0.017247192960030515,0.0017916075603139185,0.016164135430878728,0.02259133590139946,0.02571447765826182,0.03632797074416685,0.1048976161369193,0.0238386308068459
EU Power Grid,seamless,20.0,1,0.016004777970432166,0.0018292652384871773,0.015497814043370781,0.01796761028028971,0.023250798262434206,0.03231223715371925,0.1681845965770171,0.0178789731051344
EU Power Grid,seamless,20.0,2,0.016250114480369046,0.0021679187195684053,0.015497701543439242,0.01904977574207518,0.024986821740203176,0.036611298494712306,0.1641427261613691,0.0168856968215158
EU Power Grid,seamless,20.0,3,0.015863527525821017,0.002264908870123454,0.015061827890762143,0.01735719702921063,0.022681365108372285,0.028777873528665017,0.1916488386308068,0.0158924205378973
EU Power Grid,seamless,20.0,4,0.015310926522494273,0.003166264597910833,0.011869301465449662,0.017456411544587044,0.023742901513619498,0.035862451147444976,0.2647386919315403,0.0119193154034229
EU Power Grid,seamless,20.0,5,0.016915324235959938,0.0019418588123240087,0.016150912282083124,0.019566681920511114,0.023762274785043315,0.03543843076239158,0.1636231662591687,0.0168856968215158
EU Power Grid,seamless,20.0,6,0.015571077177492449,0.002581121046416648,0.0133071174346504,0.017794905563190598,0.02452850857260578,0.033751528117359327,0.230210880195599,0.0139058679706601
EU Power Grid,seamless,20.0,7,0.016173774580178647,0.002477353728064589,0.014768744814355838,0.01853333984198128,0.024712248914133626,0.034436560643773276,0.160536369193154,0.0158924205378973
EU Power Grid,seamless,20.0,8,0.015761953490216248,0.0025398509025419663,0.013561108760239693,0.01818464714344191,0.02547915057667893,0.03466534229828841,0.2355592909535452,0.0139058679706601
EU Power Grid,seamless,20.0,9,0.014470572894093573,0.0037665258630126563,0.010748205118510485,0.016660065881429632,0.02486507022371235,0.0344872019603497,0.3525672371638141,0.0109260391198044
EU Power Grid,seamless,20.0,10,0.015914496684751204,0.002045094885719969,0.015101426284781639,0.018911864370723817,0.022614868187190364,0.03304259921008084,0.1809520171149144,0.0158924205378973
EU Power Grid,seamless,20.0,11,0.01669760487452617,0.002417710097922797,0.01697149121604282,0.018764057877545197,0.02460338862521368,0.03534067397005623,0.1867206601466992,0.0178789731051344
EU Power Grid,seamless,20.0,12,0.016787020989850108,0.0015451478467555903,0.015226412699609863,0.020301785830656206,0.023493451620718763,0.032680600753728334,0.0840693765281173,0.0208588019559902
EU Power Grid,seamless,20.0,13,0.017127579363559603,0.0018718483163247623,0.01618697698970341,0.02034454652054195,0.026905635501742686,0.035281638284790966,0.1087179095354523,0.0208588019559902
EU Power Grid,seamless,20.0,14,0.015770362338949816,0.0025493146519740633,0.013425507871030274,0.0179869379185712,0.025325264927506228,0.03732627718440352,0.2482655867970659,0.0139058679706601
EU Power Grid,seamless,20.0,15,0.016858534150153724,0.001979114262173367,0.015666203164403012,0.019371836431911205,0.02500421011925545,0.033684914364607174,0.1249006723716381,0.0198655256723716
EU Power Grid,seamless,20.0,16,0.016607095912435445,0.0021210477360137886,0.01604192421720425,0.01760653507743449,0.024579978730738555,0.035054167536951175,0.2066320293398532,0.0168856968215158
EU Power Grid,seamless,20.0,17,0.01686106894751565,0.0020860083365527053,0.01692389322620118,0.019810872704702713,0.0248208553376565,0.03268212024324492,0.164700488997555,0.018872249388753
EU Power Grid,seamless,20.0,18,0.016521444047086123,0.001968345167992021,0.015613418115036106,0.018647914020809692,0.023538038574272974,0.036190393027626645,0.1281632029339853,0.018872249388753
EU Power Grid,seamless,20.0,19,0.01554222298716301,0.0023175628344858186,0.014370675207385894,0.015527531585711817,0.023967955685067422,0.036607105593561604,0.2235559290953545,0.0148991442542787
EU Power Grid,seamless,20.0,20,0.01637942709189546,0.002674825067457589,0.013554863638520948,0.01930908082186598,0.026575166030126437,0.03359531667672443,0.2789883863080684,0.0139058679706601
EU Power Grid,seamless,20.0,21,0.016749006618634894,0.002196256843369081,0.01529572432491582,0.018636196660509485,0.024698085403085525,0.03441352683471246,0.1660375916870415,0.018872249388753
EU Power Grid,seamless,20.0,22,0.01682227288729362,0.002322822159551135,0.015720803921996235,0.01877189935248499,0.025770237821970188,0.0322945946614897,0.1960803789731051,0.018872249388753
EU Power Grid,seamless,20.0,23,0.01659072597857416,0.0018380307802626885,0.015489961089897643,0.018584278708822993,0.024333869967974042,0.033369662790102214,0.1448044009779951,0.018872249388753
EU Power Grid,seamless,20.0,24,0.017557849831925713,0.0013628625238931642,0.016306329707707456,0.021482021036431456,0.025333385759971728,0.035678905657195795,0.110536369193154,0.0228453545232273
EU Power Grid,seamless,20.0,25,0.016183868234344388,0.0021532411803529498,0.015605752300628915,0.01680894996952103,0.024075273432410196,0.03690583625501676,0.1529874694376528,0.0168856968215158
EU Power Grid,seamless,20.0,26,0.016997940415845885,0.0018418253870919174,0.01626659520500284,0.019534521473943328,0.025710318993403408,0.034032400549676003,0.1402429706601466,0.0198655256723716
EU Power Grid,seamless,20.0,27,0.01545231357295129,0.0025062458644623253,0.014482230755145747,0.015824961337759565,0.027560657769627732,0.035414119804400894,0.2135085574572127,0.0158924205378973
EU Power Grid,seamless,20.0,28,0.014735626181115114,0.0037622000112273375,0.010684902218179972,0.017871482333764715,0.024293763167351237,0.03623528039603612,0.3689562958435207,0.0109260391198044
EU Power Grid,seamless,20.0,29,0.016050495393510715,0.0020535492697354913,0.01382396909965265,0.015888076276928238,0.025002183024799108,0.03541070802651269,0.16065097799511,0.0158924205378973
EU Power Grid,seamless,20.0,30,0.01689424140041675,0.0024092708923345897,0.01623372935888005,0.019688893283474715,0.02377082353958114,0.035233044109169616,0.2536980440097799,0.0168856968215158
EU Power Grid,seamless,20.0,31,0.01608998207217565,0.002997305934232655,0.0134868335938892,0.018671113556384917,0.027329699501683923,0.036722179327699805,0.2188569682151589,0.0139058679706601
EU Power Grid,seamless,20.0,32,0.016545145161341493,0.002569205980972864,0.015164953053213527,0.01987895565763222,0.022308720212611502,0.03817546576006782,0.1558374083129584,0.0158924205378973
EU Power Grid,seamless,20.0,33,0.017653868563132485,0.0016513816595466423,0.01679464838920363,0.021245528157023626,0.025546092775659997,0.03732639876044803,0.1158771393643031,0.0218520782396088
EU Power Grid,seamless,20.0,34,0.014846307273110008,0.0031607851856494304,0.01160573634544789,0.017216364166735845,0.023254938278110253,0.0352613080684596,0.3304935819070904,0.0119193154034229
EU Power Grid,seamless,20.0,35,0.01698408251170554,0.0023104289736468786,0.016900870865400732,0.018828042671700976,0.025482706142463674,0.03591613465543777,0.1845125305623471,0.0178789731051344
EU Power Grid,seamless,20.0,36,0.015390013718029021,0.003218865437777595,0.012513163962705834,0.017256275596997266,0.024713549402463206,0.03983581095278106,0.3159535452322738,0.0129125916870415
EU Power Grid,seamless,20.0,37,0.016418951716628685,0.0018815625098075888,0.016123343418465764,0.017751593250531553,0.025366678325429166,0.034280998050838445,0.1697738386308068,0.0178789731051344
EU Power Grid,seamless,20.0,38,0.01615982560547442,0.00263061030868342,0.014916153143178634,0.016379403503195066,0.025496320022139567,0.03488853171741328,0.2292481662591687,0.0158924205378973
EU Power Grid,seamless,20.0,39,0.016356264811809854,0.0024385576678425656,0.014282909962446395,0.0199172817536688,0.025443868478709514,0.038507483838458936,0.195033618581907,0.0148991442542787
EU Power Grid,seamless,20.0,40,0.01565612949496275,0.002997305934232658,0.013492647644814015,0.01852288547703908,0.024961962755379697,0.03147185865586721,0.2857350244498777,0.0139058679706601
EU Power Grid,seamless,20.0,41,0.01612522638040552,0.0022391283113256826,0.015298618218724863,0.01979239171834506,0.025091932828605362,0.0335685228901441,0.1507946210268948,0.0158924205378973
EU Power Grid,seamless,20.0,42,0.01646211157470432,0.0022013643841612193,0.015876476230800712,0.017847974782553656,0.02362754219916422,0.03698874508344846,0.1732961491442542,0.0178789731051344
EU Power Grid,seamless,20.0,43,0.016526931048561188,0.0027161483358278692,0.014493042139493253,0.019691878316679925,0.025824515251022365,0.03852828406312503,0.2306387530562346,0.0148991442542787
EU Power Grid,seamless,20.0,44,0.016632238977285912,0.002426452872057328,0.015290798950719985,0.018787306692152585,0.02391496592864251,0.031362097190379065,0.1803789731051344,0.0158924205378973
EU Power Grid,seamless,20.0,45,0.015492839973887434,0.0024666225799515385,0.012600024563649045,0.018960121987291998,0.022794661604684987,0.03465603033312951,0.253934902200489,0.0129125916870415
EU Power Grid,seamless,20.0,46,0.017094756014486786,0.0021562313305343874,0.016378533381567733,0.020080031430950624,0.027096066963500396,0.03463670181649084,0.1420996332518337,0.0178789731051344
EU Power Grid,seamless,20.0,47,0.016331030676395485,0.0019812847772796823,0.016200334091372552,0.01841662068782773,0.023476283618581825,0.03267452412737934,0.1809214547677261,0.0168856968215158
EU Power Grid,seamless,20.0,48,0.01732023914149314,0.0020509309910233236,0.016738042582507422,0.018735484275712217,0.02650969449716894,0.03753571599789058,0.1418016503667481,0.018872249388753
EU Power Grid,seamless,20.0,49,0.01666396947959191,0.0022119361587874435,0.015952966042794274,0.018830741508865708,0.02528442173670891,0.0342407086508256,0.1946745110024449,0.0168856968215158
EU Power Grid,seamless,20.0,50,0.017160994671297787,0.0020868203824141547,0.015742945339257092,0.020387263798636996,0.02643385384090519,0.04098554639126149,0.1180165036674816,0.0208588019559902
EU Power Grid,seamless,20.0,51,0.01600372306973366,0.002588247318041927,0.015110207423705608,0.018456109095845163,0.026318324064189498,0.03401763762420734,0.1855592909535452,0.0158924205378973
EU Power Grid,seamless,20.0,52,0.01705408541849113,0.0017475825318812232,0.016315140998988984,0.02128837112413541,0.025419514866253233,0.03587626752305104,0.0989150366748166,0.0228453545232273
EU Power Grid,seamless,20.0,53,0.016906535926543436,0.0019288433108997636,0.01662950312008996,0.018995205976737532,0.024817876809399092,0.037786488591245074,0.1413355745721271,0.0178789731051344
EU Power Grid,seamless,20.0,54,0.0149562598005937,0.0033225340963520798,0.011664433081901588,0.01597346912353978,0.024716674057561033,0.034620018040686415,0.3329996943765281,0.0119193154034229
EU Power Grid,seamless,20.0,55,0.0164828680740602,0.0024637842140432737,0.014798939099540904,0.01795075336560861,0.02665291361043193,0.03664757627298816,0.1563875305623471,0.0168856968215158
EU Power Grid,seamless,20.0,56,0.016564034714137376,0.0022262190588926587,0.01590345084893401,0.01721781533087454,0.02440645374898119,0.03623827142041292,0.175244498777506,0.0168856968215158
EU Power Grid,seamless,20.0,57,0.01636640400125754,0.00218672479101406,0.015241259570239899,0.017561611502734113,0.024628331890561874,0.037699671581808335,0.1387454156479217,0.0168856968215158
EU Power Grid,seamless,20.0,58,0.01626567236836888,0.0026834843602418844,0.014683652255391384,0.020316162259678777,0.028613866273452058,0.03240471317611461,0.1446745110024449,0.0168856968215158
EU Power Grid,seamless,20.0,59,0.015485584685629956,0.002828870926296911,0.013513542171612016,0.016496017002003836,0.023732135205303276,0.03638478071707382,0.2889746332518337,0.0139058679706601
EU Power Grid,seamless,20.0,60,0.015987292422163096,0.0021581134555216804,0.01493103414440432,0.01722008412727283,0.024026107338689498,0.0351396725893911,0.1677949266503667,0.0168856968215158
EU Power Grid,seamless,20.0,61,0.015313286767942056,0.0030366028825561334,0.013375650025845509,0.016711799786698314,0.025116682977873145,0.035038327678259484,0.2242206601466992,0.0139058679706601
EU Power Grid,seamless,20.0,62,0.01571212271333483,0.0026712581370381206,0.013438221232712069,0.017344601621407406,0.025876576773832514,0.03104654376153401,0.2896240831295843,0.0139058679706601
EU Power Grid,seamless,20.0,63,0.016850891811999655,0.0022780002636843045,0.01687532002846536,0.01905430936604525,0.025944458787022798,0.03692966062271455,0.1907854523227383,0.0178789731051344
EU Power Grid,seamless,20.0,64,0.0160062730455229,0.002165626777043551,0.015217967933255645,0.015880017230464866,0.02404119520100067,0.03878969785395462,0.1978759168704156,0.0158924205378973
EU Power Grid,seamless,20.0,65,0.016090475371063454,0.0029817328678054993,0.014257840721521307,0.018235684524240032,0.02756169414147966,0.03548710484350519,0.2254049511002444,0.0148991442542787
EU Power Grid,seamless,20.0,66,0.014932497972629083,0.0038926434155888714,0.009811140942873046,0.020268063955732822,0.028174693706930435,0.03220931812007596,0.3497172982885085,0.0099327628361858
EU Power Grid,seamless,20.0,67,0.015940360724899204,0.002275192254630663,0.01423614080234462,0.018320272324797895,0.024214084914052487,0.036009812696472146,0.2175122249388753,0.0148991442542787
EU Power Grid,seamless,20.0,68,0.01671596318236598,0.0017056445372045977,0.015986263104607996,0.020273591201501923,0.022281411640373984,0.03604381596994444,0.1021775672371638,0.0208588019559902
EU Power Grid,seamless,20.0,69,0.014920415944484806,0.0028996023975937117,0.012501191413534386,0.01742586499965898,0.024296664723346486,0.03361839105146681,0.2402353300733496,0.0129125916870415
EU Power Grid,seamless,20.0,70,0.016042261096691282,0.0029956742532960853,0.013610483469609145,0.01762293427036743,0.024538805109042498,0.03531342441667414,0.2654798288508557,0.0139058679706601
EU Power Grid,seamless,20.0,71,0.017044727918050246,0.0021574835507880315,0.017151503150934857,0.01912019653893238,0.02433426967674009,0.035415630654897466,0.1692695599022004,0.018872249388753
EU Power Grid,seamless,20.0,72,0.016868073791722407,0.0023393438776855855,0.015229867927305232,0.01986400048805894,0.026707551731355663,0.0366416195936261,0.1520400366748166,0.0158924205378973
EU Power Grid,seamless,20.0,73,0.01645688260649365,0.0018689112906389459,0.015607410901131762,0.01890364420548442,0.024578615422395297,0.03268608301844854,0.1403499388753056,0.0178789731051344
EU Power Grid,seamless,20.0,74,0.015607953166658877,0.0031979343865075776,0.01250786240977244,0.017469457418274662,0.027340465241487585,0.03410839809640228,0.3389746332518337,0.0129125916870415
EU Power Grid,seamless,20.0,75,0.016846118196608476,0.0022042786422060688,0.015826625465301003,0.019350543850905864,0.027802028971053265,0.03434584162910899,0.1730898533007334,0.0178789731051344
EU Power Grid,seamless,20.0,76,0.0170170804126925,0.002217567355322025,0.016557376347545515,0.01966081720837929,0.025811749008990522,0.03571138638447427,0.1591992665036674,0.0178789731051344
EU Power Grid,seamless,20.0,77,0.015615967376282206,0.0026286598807732076,0.012567659583882666,0.019445222408212306,0.025758684961860567,0.03824922751561048,0.1866824572127139,0.0129125916870415
EU Power Grid,seamless,20.0,78,0.016614958337785604,0.0020343030238976524,0.016816519134902782,0.017828671481405906,0.025185878204370037,0.0364013893373929,0.1390968826405867,0.0178789731051344
EU Power Grid,seamless,20.0,79,0.01584302147051587,0.002272702992550695,0.015044627169144882,0.019873934132337116,0.024413775321587245,0.035475454790157124,0.1337866748166259,0.0168856968215158
EU Power Grid,seamless,20.0,80,0.015140002252478546,0.0029057041253751116,0.012488980008966314,0.017624203008238446,0.024830450673626343,0.03457451568316473,0.2747325794621026,0.0129125916870415
EU Power Grid,seamless,20.0,81,0.014532356682487053,0.0038656637610330587,0.010674881753761042,0.016103688214570255,0.02515050514370064,0.036616214066987875,0.3441396699266503,0.0109260391198044
EU Power Grid,seamless,20.0,82,0.016501674145505855,0.0019869842767371803,0.015364786017709763,0.019539722727437123,0.024572679946677715,0.037778398991964064,0.1302414425427872,0.0198655256723716
EU Power Grid,seamless,20.0,83,0.016383472142775416,0.002093794869766279,0.014386708187825373,0.018701741222008246,0.02637718546287753,0.0324891185672155,0.1412820904645476,0.018872249388753
EU Power Grid,seamless,20.0,84,0.014858267873835727,0.003208862854175744,0.011557150856576447,0.016278549049207214,0.0246486017898117,0.037492108902160384,0.2438798899755501,0.0119193154034229
EU Power Grid,seamless,20.0,85,0.016108826089689596,0.002122125404353289,0.01510700122831313,0.01855606655546645,0.023610230377992415,0.03727799962583297,0.1699801344743276,0.0158924205378973
EU Power Grid,seamless,20.0,86,0.016467120455718902,0.0022369046717237635,0.01478650292948225,0.018501733909049675,0.027536719827446446,0.03680066158492733,0.1486017726161369,0.018872249388753
EU Power Grid,seamless,20.0,87,0.016784774582607197,0.002196165772805174,0.015585089573976143,0.01965074511668313,0.02629052425322448,0.034459438503120984,0.1310437041564792,0.0198655256723716
EU Power Grid,seamless,20.0,88,0.01609744226920191,0.0026155533087850527,0.014346197129197748,0.019432818150711025,0.02484953399878071,0.03533010014304101,0.2212866748166259,0.0148991442542787
EU Power Grid,seamless,20.0,89,0.01602019166337249,0.002788526666488564,0.013594987623691629,0.017930046248992547,0.024445589358021533,0.03448318188237571,0.2481051344743276,0.0139058679706601
EU Power Grid,seamless,20.0,90,0.01689117535809874,0.0017830317488798598,0.015773276616888276,0.0205177169543888,0.025985337905664953,0.03698605458650018,0.124197738386308,0.0208588019559902
EU Power Grid,seamless,20.0,91,0.01754548700287608,0.0017682555498868553,0.016341434571244158,0.02148912552738926,0.026070082072110267,0.03654116642447444,0.0985788508557457,0.0238386308068459
EU Power Grid,seamless,20.0,92,0.016453414335851728,0.0020929448778365333,0.016221762674220416,0.01811533733768738,0.024784622840796102,0.03678947797661283,0.1626680929095354,0.0178789731051344
EU Power Grid,seamless,20.0,93,0.01748202599826409,0.001556820057362299,0.016509343233526222,0.02064084791730032,0.02591177189927782,0.03536627782102167,0.1207823960880195,0.0208588019559902
EU Power Grid,seamless,20.0,94,0.017696982885926162,0.0014107276944370398,0.016424498088174817,0.02193470453147044,0.024726099944867873,0.03664514444418065,0.1079691320293398,0.0228453545232273
EU Power Grid,seamless,20.0,95,0.016499974161646364,0.0024724207391865877,0.015249629280513977,0.01949001320000311,0.024514614696853444,0.03670217181321497,0.2116671760391197,0.0158924205378973
EU Power Grid,seamless,20.0,96,0.015878038102335977,0.002522593030682645,0.013480677219458675,0.019234121401629122,0.024569783700602206,0.03806705757063994,0.2539807457212714,0.0139058679706601
EU Power Grid,seamless,20.0,97,0.015755866940862163,0.002354575429498106,0.013414561997004215,0.017686489910168756,0.026281793964164482,0.03277811735941314,0.1463172371638141,0.0178789731051344
EU Power Grid,seamless,20.0,98,0.015485850308108003,0.002608525696937323,0.013181443673073544,0.017679919242427785,0.02544578440017632,0.03600755042875155,0.1784688264058679,0.0139058679706601
EU Power Grid,seamless,20.0,99,0.016388450666935356,0.0019660532254671638,0.015362590032487237,0.018820215176059883,0.025088625505484737,0.03301891160998728,0.1229141198044009,0.018872249388753
EU Power Grid,seamless,20.0,100,0.016387471658373422,0.0021114094346675475,0.016171767988873622,0.017475084187153076,0.02668703863455752,0.034068614423551837,0.2015433985330073,0.0168856968215158
