label,protocol,m,removed,p,mean_S1_over_N,sd_S1_over_N,sem_S1_over_N,mean_S2_over_N,sd_S2_over_N,sem_S2_over_N,n
EU Power Grid,adap_betweenness,,0,0.0,1.0,0.0,0.0,0.0,0.0,0.0,100
EU Power Grid,adap_betweenness,,130,0.0009932762836185,0.9959031173594132,0.0008266912481119917,8.266912481119964e-05,0.000778422982885042,0.00046039810930553814,4.603981093055381e-05,100
EU Power Grid,adap_betweenness,,260,0.0019865525672371,0.9916442542787286,0.0008120544899840691,8.12054489984082e-05,0.0008623166259168311,0.00036127762939036076,3.6127762939036066e-05,100
EU Power Grid,adap_betweenness,,390,0.0029798288508557,0.9861215617359413,0.0010926333767125012,0.00010926333767124946,0.0015369040342297692,0.00030730973390310465,3.0730973390310465e-05,100
EU Power Grid,adap_betweenness,,520,0.0039731051344743,0.9779608801955989,0.004928602641367462,0.0004928602641367465,0.004102383863080629,0.004322582187807193,0.00043225821878071927,100
EU Power Grid,adap_betweenness,,650,0.0049663814180929,0.7476191167481662,0.19769857529084803,0.019769857529084816,0.21427857579462095,0.18403154217126305,0.018403154217126304,100
EU Power Grid,adap_betweenness,,780,0.0059596577017114,0.5547412897310513,0.08207211968643605,0.008207211968643602,0.3594904492665036,0.06572354899171093,0.006572354899171094,100
EU Power Grid,adap_betweenness,,910,0.00695293398533,0.48918643031784836,0.0549613996305011,0.005496139963050107,0.36287033924205375,0.01714010508435198,0.0017140105084351982,100
EU Power Grid,adap_betweenness,,1040,0.0079462102689486,0.4281445599022004,0.05270296986722071,0.00527029698672207,0.3549271852078239,0.016840213225371957,0.0016840213225371961,100
EU Power Grid,adap_betweenness,,1170,0.0089394865525672,0.3974462866748166,0.038137656775532984,0.0038137656775532975,0.34646347799510996,0.018411764184388127,0.0018411764184388126,100
EU Power Grid,adap_betweenness,,1300,0.0099327628361858,0.3690185666259168,0.03550989082936224,0.003550989082936224,0.3108871485330073,0.0504775925702551,0.005047759257025511,100
EU Power Grid,adap_betweenness,,1430,0.0109260391198044,0.3493944070904645,0.03326397756118086,0.0033263977561180853,0.26480722799511,0.0613283405279888,0.006132834052798879,100
EU Power Grid,adap_betweenness,,1560,0.0119193154034229,0.3213964700488997,0.04671405121629779,0.004671405121629781,0.20650710574572123,0.05390498797615863,0.005390498797615863,100
EU Power Grid,adap_betweenness,,1690,0.0129125916870415,0.28125519559902196,0.060515236045792786,0.006051523604579278,0.179939944987775,0.045291859815600966,0.004529185981560097,100
EU Power Grid,adap_betweenness,,1820,0.0139058679706601,0.2201516656479217,0.06327094650622225,0.0063270946506222255,0.15723999083129578,0.03438025494741782,0.003438025494741782,100
EU Power Grid,adap_betweenness,,1950,0.0148991442542787,0.17066251528117354,0.045919637723773776,0.0045919637723773775,0.13264578239608796,0.0248832372248686,0.00248832372248686,100
EU Power Grid,adap_betweenness,,2080,0.0158924205378973,0.14332067542787283,0.036583432614879785,0.0036583432614879776,0.11821424205378968,0.024011618551629494,0.0024011618551629497,100
EU Power Grid,adap_betweenness,,2210,0.0168856968215158,0.12690670843520777,0.02946711437430118,0.0029467114374301185,0.10390907701711485,0.021248318811151853,0.0021248318811151854,100
EU Power Grid,adap_betweenness,,2340,0.0178789731051344,0.11185513447432757,0.022247536147428124,0.0022247536147428125,0.09150496638141804,0.01670090368467315,0.0016700903684673154,100
EU Power Grid,adap_betweenness,,2470,0.018872249388753,0.09283205990220043,0.02152025377667779,0.0021520253776677795,0.07477742970660142,0.011680063307342232,0.0011680063307342229,100
EU Power Grid,adap_betweenness,,2600,0.0198655256723716,0.0783631570904645,0.014974131445485116,0.0014974131445485111,0.06813317542787281,0.007710788745436599,0.0007710788745436601,100
EU Power Grid,adap_betweenness,,2730,0.0208588019559902,0.07177131723716376,0.010998400685523832,0.001099840068552383,0.06432655867970655,0.005766645402066567,0.0005766645402066567,100
EU Power Grid,adap_betweenness,,2860,0.0218520782396088,0.06663210574572123,0.005124791657063613,0.0005124791657063613,0.06156204156479213,0.005520753868484084,0.0005520753868484086,100
EU Power Grid,adap_betweenness,,2990,0.0228453545232273,0.06444812041564787,0.005097735586297471,0.0005097735586297473,0.05764051039119799,0.005848001686375095,0.0005848001686375095,100
EU Power Grid,adap_betweenness,,3120,0.0238386308068459,0.06055569987775056,0.006890426239593778,0.0006890426239593776,0.05270385085574567,0.0054776792707428275,0.0005477679270742827,100
EU Power Grid,adap_betweenness,,3250,0.0248319070904645,0.05614509474327623,0.00746150573842798,0.0007461505738427978,0.04850213936430313,0.005229794329531449,0.0005229794329531448,100
EU Power Grid,adap_betweenness,,3380,0.0258251833740831,0.05112981356968211,0.006753733194642539,0.0006753733194642539,0.044843367970660096,0.004365761530153278,0.00043657615301532783,100
EU Power Grid,adap_betweenness,,3510,0.0268184596577017,0.04672287591687036,0.0058747620904869395,0.0005874762090486939,0.04183572738386303,0.0035839614121158203,0.000358396141211582,100
EU Power Grid,adap_betweenness,,3640,0.0278117359413202,0.043011613691931495,0.005549351800676943,0.0005549351800676943,0.039108190709046406,0.003586575403076625,0.0003586575403076626,100
EU Power Grid,adap_betweenness,,3770,0.0288050122249388,0.03982755195599017,0.00434858592323428,0.00043485859232342803,0.03654706601466987,0.002993940137269274,0.0002993940137269274,100
EU Power Grid,adap_betweenness,,3900,0.0297982885085574,0.03738623166259164,0.0035428084822556427,0.0003542808482255642,0.03436552567237158,0.0035248973784882966,0.00035248973784882955,100
EU Power Grid,adap_betweenness,,4030,0.030791564792176,0.03536934596577012,0.003620828014834486,0.0003620828014834486,0.03158152506112465,0.004092817371069676,0.00040928173710696764,100
EU Power Grid,adap_betweenness,,4160,0.0317848410757946,0.032466763447432705,0.004315716589837374,0.00043157165898373743,0.0282222646699266,0.004444853959699295,0.0004444853959699294,100
EU Power Grid,adap_betweenness,,4290,0.0327781173594132,0.028254660757946158,0.004882334233217368,0.00048823342332173674,0.024135314792175993,0.004003412088420196,0.0004003412088420196,100
EU Power Grid,adap_betweenness,,4420,0.0337713936430317,0.02494834963325178,0.004567755355238089,0.00045677553552380887,0.021894101466992617,0.0030812724878940155,0.00030812724878940157,100
EU Power Grid,adap_betweenness,,4550,0.0347646699266503,0.022659306234718776,0.0036282840364888448,0.00036282840364888443,0.020082441931540292,0.0020382539869537105,0.000203825398695371,100
EU Power Grid,adap_betweenness,,4680,0.0357579462102689,0.020410910757946158,0.0023228122065673843,0.0002322812206567386,0.018766503667481612,0.001686071336179543,0.0001686071336179543,100
EU Power Grid,adap_betweenness,,4810,0.0367512224938875,0.019429477383863032,0.0022863876760470933,0.00022863876760470943,0.017774831907090415,0.0017483684255848143,0.0001748368425584813,100
EU Power Grid,adap_betweenness,,4940,0.0377444987775061,0.018192924816625863,0.0020825214215103296,0.00020825214215103305,0.016530103911980388,0.0016412558687364106,0.0001641255868736411,100
EU Power Grid,adap_betweenness,,5070,0.0387377750611246,0.01713309902200484,0.0019820717387973984,0.00019820717387973984,0.015509245110024399,0.001456964436761772,0.0001456964436761772,100
EU Power Grid,adap_betweenness,,5200,0.0397310513447432,0.01627483190709042,0.0018869199141113423,0.0001886919914111342,0.014667099633251784,0.0013456667470982228,0.00013456667470982227,100
EU Power Grid,adap_betweenness,,5330,0.0407243276283618,0.015252368581907044,0.0017484207700170804,0.00017484207700170805,0.013844590464547623,0.0012110961136314706,0.00012110961136314702,100
EU Power Grid,adap_betweenness,,5460,0.0417176039119804,0.014212561124694323,0.0017272574763774887,0.0001727257476377489,0.012785987163814133,0.0013586468053989852,0.00013586468053989855,100
EU Power Grid,adap_betweenness,,5590,0.042710880195599,0.0132037744498777,0.0016043585347013645,0.00016043585347013647,0.011960803789731002,0.0011764936230457567,0.00011764936230457568,100
EU Power Grid,adap_betweenness,,5720,0.0437041564792176,0.012386690097799464,0.0014180453941729334,0.00014180453941729332,0.01130424816625912,0.0011229683099432714,0.00011229683099432714,100
EU Power Grid,adap_betweenness,,5850,0.0446974327628361,0.01160620415647917,0.0014402819753269232,0.00014402819753269228,0.010566625916870367,0.0010854012579775128,0.00010854012579775126,100
EU Power Grid,adap_betweenness,,5980,0.0456907090464547,0.011015281173594082,0.0013703030802893602,0.00013703030802893597,0.009924358190708995,0.001077277306616399,0.00010772773066163987,100
EU Power Grid,adap_betweenness,,6110,0.0466839853300733,0.009966152200488944,0.001314504252434717,0.00013145042524347167,0.00920522616136914,0.0010540528269707495,0.00010540528269707492,100
EU Power Grid,adap_betweenness,,6240,0.0476772616136919,0.009433297677261561,0.0012258324016186511,0.0001225832401618651,0.008611781784841023,0.0009126066596660654,9.126066596660657e-05,100
EU Power Grid,adap_betweenness,,6370,0.0486705378973105,0.008888523838630757,0.0010226255636891864,0.00010226255636891862,0.008089624083129536,0.0008181551861277063,8.181551861277069e-05,100
EU Power Grid,adap_betweenness,,6500,0.049663814180929,0.008344590464547627,0.0009625467159283228,9.625467159283225e-05,0.007720048899755452,0.0007953657390315922,7.953657390315924e-05,100
EU Power Grid,adap_betweenness,,6630,0.0506570904645476,0.007825106968215112,0.000794973720956689,7.949737209566891e-05,0.00726375305623467,0.0006246191849677738,6.24619184967774e-05,100
EU Power Grid,adap_betweenness,,6760,0.0516503667481662,0.007371638141809237,0.000767801887583601,7.67801887583601e-05,0.006891427261613641,0.0005905509809120868,5.905509809120866e-05,100
EU Power Grid,adap_betweenness,,6890,0.0526436430317848,0.007018031784841025,0.0006505928988239596,6.505928988239596e-05,0.006496485330073299,0.0005923518237989442,5.923518237989443e-05,100
EU Power Grid,adap_betweenness,,7020,0.0536369193154034,0.006735712102689435,0.0007096999804729611,7.096999804729613e-05,0.006207441931540294,0.0005264973176059081,5.2649731760590785e-05,100
EU Power Grid,adap_betweenness,,7150,0.054630195599022,0.006434749388753007,0.0007172862753968579,7.172862753968579e-05,0.005903040953545181,0.00047840363622676145,4.784036362267617e-05,100
EU Power Grid,adap_betweenness,,7280,0.0556234718826405,0.006039272616136872,0.0006863963952706596,6.863963952706595e-05,0.005552720048899706,0.0004485655040251815,4.485655040251814e-05,100
EU Power Grid,adap_betweenness,,7410,0.0566167481662591,0.005748471882640537,0.0005533078801068691,5.5330788010686916e-05,0.005309825794620975,0.00044546251920845594,4.4546251920845584e-05,100
EU Power Grid,adap_betweenness,,7540,0.0576100244498777,0.005438340464547626,0.0005323101159481155,5.323101159481155e-05,0.004985635696821465,0.00041583962994726995,4.1583962994726995e-05,100
EU Power Grid,adap_betweenness,,7670,0.0586033007334963,0.005176344743276231,0.0005552377248448685,5.5523772484486836e-05,0.004744193154034182,0.0004266523746890345,4.266523746890344e-05,100
EU Power Grid,adap_betweenness,,7800,0.0595965770171149,0.004911292787286015,0.0005688930721257311,5.6889307212573106e-05,0.004541182762836133,0.0004180613069729215,4.180613069729215e-05,100
EU Power Grid,adap_betweenness,,7930,0.0605898533007334,0.004640968826405821,0.0005489151261420934,5.489151261420934e-05,0.004230745721271336,0.0003767354426247062,3.767354426247061e-05,100
EU Power Grid,adap_betweenness,,8060,0.061583129584352,0.004417252444987727,0.00048193380723635673,4.819338072363569e-05,0.004047142420537843,0.0003383428462753518,3.38342846275352e-05,100
EU Power Grid,adap_betweenness,,8190,0.0625764058679706,0.004197891198043967,0.0004348015856485366,4.3480158564853654e-05,0.003845889364303128,0.00032399592677968966,3.239959267796897e-05,100
EU Power Grid,adap_betweenness,,8320,0.0635696821515892,0.003984642420537848,0.00042385105093871694,4.238510509387169e-05,0.0036685513447432313,0.00031426861859021137,3.142686185902113e-05,100
EU Power Grid,adap_betweenness,,8450,0.0645629584352078,0.00379836491442538,0.0003953355788238301,3.953355788238301e-05,0.0035094743276283106,0.00029919621999867504,2.9919621999867508e-05,100
EU Power Grid,adap_betweenness,,8580,0.0655562347188264,0.0036074266503666966,0.0003715150954506693,3.7151509545066924e-05,0.003338172371638089,0.00024707905463637744,2.470790546363775e-05,100
EU Power Grid,adap_betweenness,,8710,0.0665495110024449,0.003451023838630759,0.0003318287164097555,3.318287164097555e-05,0.003219284841075744,0.00022439529264679778,2.2439529264679785e-05,100
EU Power Grid,adap_betweenness,,8840,0.0675427872860635,0.003302720048899707,0.00027553796934433913,2.755379693443392e-05,0.0031094896088019043,0.00019784458798505976,1.9784458798505978e-05,100
EU Power Grid,adap_betweenness,,8970,0.0685360635696821,0.0031776436430317368,0.00027596838448838625,2.759683844883862e-05,0.0030155867970659677,0.00018434549202335022,1.8434549202335028e-05,100
EU Power Grid,adap_betweenness,,9100,0.0695293398533007,0.003061583129584301,0.0002816128699555914,2.8161286995559127e-05,0.002894789119804359,0.000210750225864642,2.1075022586464214e-05,100
EU Power Grid,adap_betweenness,,9230,0.0705226161369193,0.0029693612469437205,0.00029451375085394585,2.945137508539459e-05,0.00275970354523223,0.00021477737822052478,2.147773782205247e-05,100
EU Power Grid,adap_betweenness,,9360,0.0715158924205379,0.0028520018337407837,0.0002453819637675342,2.453819637675342e-05,0.002641809290953502,0.0001925447473432516,1.925447473432516e-05,100
EU Power Grid,adap_betweenness,,9490,0.0725091687041564,0.0027130195599021573,0.00024031634651292967,2.4031634651292966e-05,0.0025387377750610753,0.00018102719062015337,1.810271906201533e-05,100
EU Power Grid,adap_betweenness,,9620,0.073502444987775,0.002609642420537852,0.00020520353207298668,2.052035320729866e-05,0.0024635544009779468,0.00015132366380188344,1.513236638018834e-05,100
EU Power Grid,adap_betweenness,,9750,0.0744957212713936,0.0025314792176038643,0.0001906326599198774,1.9063265991987744e-05,0.002401283618581862,0.00013590919282940755,1.3590919282940755e-05,100
EU Power Grid,adap_betweenness,,9880,0.0754889975550122,0.00246363080684592,0.00017914920220011378,1.7914920220011372e-05,0.002338783618581862,0.000143627513313812,1.436275133138119e-05,100
EU Power Grid,adap_betweenness,,10010,0.0764822738386308,0.002419086185819023,0.00018970244917774272,1.8970244917774273e-05,0.002268413814180885,0.0001595804004901759,1.5958040049017585e-05,100
EU Power Grid,adap_betweenness,,10140,0.0774755501222493,0.002366366136919271,0.00018342647604965666,1.8342647604965667e-05,0.002218749999999958,0.00016413442797891703,1.64134427978917e-05,100
EU Power Grid,adap_betweenness,,10270,0.0784688264058679,0.002317160757946169,0.00018614395547525818,1.861439554752581e-05,0.002148150977995063,0.00015626264699824125,1.5626264699824135e-05,100
EU Power Grid,adap_betweenness,,10400,0.0794621026894865,0.002217680317848367,0.00019550269204010107,1.955026920401011e-05,0.0020589853300733017,0.0001533259543560124,1.5332595435601248e-05,100
EU Power Grid,adap_betweenness,,10530,0.0804553789731051,0.002138600244498732,0.000198876277406631,1.9887627740663098e-05,0.001983725550122199,0.00016380270395214823,1.638027039521483e-05,100
EU Power Grid,adap_betweenness,,10660,0.0814486552567237,0.002083129584352032,0.0002087650995988376,2.0876509959883764e-05,0.001916564792175982,0.00015766523036503372,1.576652303650337e-05,100
EU Power Grid,adap_betweenness,,10790,0.0824419315403423,0.0020144407090464038,0.00020956534889491284,2.0956534889491285e-05,0.001860100855745662,0.00015229909179202645,1.5229909179202648e-05,100
EU Power Grid,adap_betweenness,,10920,0.0834352078239608,0.001937576405867913,0.00020647468950211293,2.064746895021128e-05,0.0017826253056234202,0.00013844377912834558,1.3844377912834559e-05,100
EU Power Grid,adap_betweenness,,11050,0.0844284841075794,0.001864150366748112,0.00018688731993192823,1.8688731993192827e-05,0.001721959046454715,0.00013029862393115332,1.3029862393115331e-05,100
EU Power Grid,adap_betweenness,,11180,0.085421760391198,0.001806387530562295,0.00016252522814954606,1.6252522814954604e-05,0.001669850244498721,0.00011092680973468065,1.1092680973468068e-05,100
EU Power Grid,adap_betweenness,,11310,0.0864150366748166,0.001749923594131974,0.00016278724885299936,1.6278724885299937e-05,0.00162209657701706,0.00011448525112965692,1.1448525112965688e-05,100
EU Power Grid,adap_betweenness,,11440,0.0874083129584352,0.001699266503667424,0.0001627674873958307,1.6276748739583065e-05,0.001577399144254232,0.0001088988390882114,1.0889883908821138e-05,100
EU Power Grid,adap_betweenness,,11570,0.0884015892420537,0.001644941931540285,0.00016791493839049925,1.6791493839049924e-05,0.0015054248166258672,0.00010726798858174586,1.0726798858174588e-05,100
EU Power Grid,adap_betweenness,,11700,0.0893948655256723,0.001588707212713884,0.00015910063275910744,1.591006327591075e-05,0.0014757793398532551,0.00010509051314117096,1.0509051314117096e-05,100
EU Power Grid,adap_betweenness,,11830,0.0903881418092909,0.001534306234718782,0.00014378834372497616,1.4378834372497614e-05,0.0014297066014669429,0.00010678216549169844,1.0678216549169848e-05,100
EU Power Grid,adap_betweenness,,11960,0.0913814180929095,0.001485330073349588,0.00013920117331557246,1.392011733155725e-05,0.001383557457212664,0.00011114616857315272,1.111461685731527e-05,100
EU Power Grid,adap_betweenness,,12090,0.0923746943765281,0.001438340464547626,0.00013521885066842626,1.3521885066842623e-05,0.001336644254278678,9.851285271611913e-05,9.851285271611917e-06,100
EU Power Grid,adap_betweenness,,12220,0.0933679706601467,0.001395400366748115,0.00012020471237510924,1.2020471237510927e-05,0.001294468215158876,8.152259784036315e-05,8.152259784036318e-06,100
EU Power Grid,adap_betweenness,,12350,0.0943612469437652,0.001354828850855696,0.00012271580961694154,1.2271580961694154e-05,0.001256494498777456,8.35812242647626e-05,8.35812242647626e-06,100
EU Power Grid,adap_betweenness,,12480,0.0953545232273838,0.001313187652811686,0.00012357188557507066,1.2357188557507065e-05,0.001222570293398482,8.287355473976429e-05,8.287355473976434e-06,100
EU Power Grid,adap_betweenness,,12610,0.0963477995110024,0.0012820140586796542,0.00012479055706875777,1.2479055706875775e-05,0.0011890281173593661,7.852044743261627e-05,7.852044743261624e-06,100
EU Power Grid,adap_betweenness,,12740,0.097341075794621,0.0012350244498777,0.00011054417147520937,1.1054417147520932e-05,0.00115449266503663,7.415382139887491e-05,7.415382139887488e-06,100
EU Power Grid,adap_betweenness,,12870,0.0983343520782396,0.001192007946210218,0.00010552236056721927,1.0552236056721926e-05,0.001123089853300686,7.870583631819201e-05,7.870583631819205e-06,100
EU Power Grid,adap_betweenness,,13000,0.0993276283618581,0.001158694987775007,0.00010442629402794692,1.0442629402794692e-05,0.001093291564792129,7.680687260318074e-05,7.680687260318074e-06,100
EU Power Grid,adap_betweenness,,13130,0.1003209046454767,0.001138218215158877,0.00010928845219259579,1.0928845219259578e-05,0.001067772004889929,7.695475187363724e-05,7.695475187363725e-06,100
EU Power Grid,adap_betweenness,,13260,0.1013141809290953,0.001114150366748119,0.00010829613815180606,1.0829613815180606e-05,0.00104141198044005,7.010708638948514e-05,7.010708638948513e-06,100
EU Power Grid,adap_betweenness,,13390,0.1023074572127139,0.001075947432762786,0.00010716307660451412,1.0716307660451413e-05,0.001006418092909487,6.890731286506697e-05,6.890731286506697e-06,100
EU Power Grid,adap_betweenness,,13520,0.1033007334963325,0.001045003056234672,9.746596288547562e-05,9.746596288547565e-06,0.000985559290953496,7.031700924915194e-05,7.031700924915192e-06,100
EU Power Grid,adap_betweenness,,13650,0.1042940097799511,0.0010213936430317411,8.95255432439254e-05,8.952554324392542e-06,0.000960421760391142,6.746672622560837e-05,6.746672622560837e-06,100
EU Power Grid,adap_betweenness,,13780,0.1052872860635696,0.000997937041564744,8.68306195756676e-05,8.683061957566764e-06,0.000940021393642975,6.654226290921205e-05,6.654226290921201e-06,100
EU Power Grid,adap_betweenness,,13910,0.1062805623471882,0.000974938875305573,8.72513665113292e-05,8.72513665113292e-06,0.0009095354523226789,5.619826574103765e-05,5.619826574103766e-06,100
EU Power Grid,adap_betweenness,,14040,0.1072738386308068,0.0009443001222493321,8.059810394741634e-05,8.059810394741635e-06,0.000881952933985273,5.581221779537799e-05,5.581221779537797e-06,100
EU Power Grid,adap_betweenness,,14170,0.1082671149144254,0.0009202322738385759,7.274742655606286e-05,7.274742655606286e-06,0.000862698655256664,5.262376855707298e-05,5.2623768557073e-06,100
EU Power Grid,adap_betweenness,,14300,0.109260391198044,0.0008997555012224361,7.500474976565177e-05,7.500474976565177e-06,0.000840235330073288,5.247070114639913e-05,5.2470701146399155e-06,100
EU Power Grid,adap_betweenness,,14430,0.1102536674816625,0.000874083129584295,6.348141573022875e-05,6.348141573022876e-06,0.000820216992664979,5.2906288509872695e-05,5.290628850987271e-06,100
EU Power Grid,adap_betweenness,,14560,0.1112469437652811,0.000853300733496276,6.523041722124105e-05,6.523041722124104e-06,0.0008021852078239069,5.155281844730468e-05,5.1552818447304696e-06,100
EU Power Grid,adap_betweenness,,14690,0.1122402200488997,0.0008330531784840529,6.688697920650051e-05,6.688697920650052e-06,0.000786674816625869,5.408078037421964e-05,5.408078037421966e-06,100
EU Power Grid,adap_betweenness,,14820,0.1132334963325183,0.0008167023227383351,6.702296160787712e-05,6.702296160787713e-06,0.0007658924205378561,4.943466158750103e-05,4.943466158750102e-06,100
EU Power Grid,adap_betweenness,,14950,0.1142267726161369,0.000801039119804352,6.54185393988486e-05,6.541853939884861e-06,0.000753056234718788,4.600171925376676e-05,4.600171925376673e-06,100
EU Power Grid,adap_betweenness,,15080,0.1152200488997554,0.0007816320293398101,6.554263457116329e-05,6.554263457116328e-06,0.0007354828850855361,4.585149511209206e-05,4.5851495112092045e-06,100
EU Power Grid,adap_betweenness,,15210,0.116213325183374,0.000760926039119764,6.106770105714642e-05,6.106770105714643e-06,0.000718444376528076,4.356758963869213e-05,4.3567589638692115e-06,100
EU Power Grid,adap_betweenness,,15340,0.1172066014669926,0.0007467145476772211,5.823815484705388e-05,5.823815484705386e-06,0.000707594743276243,4.099355151567475e-05,4.0993551515674745e-06,100
EU Power Grid,adap_betweenness,,15470,0.1181998777506112,0.000729905256723678,5.288488425934997e-05,5.2884884259349974e-06,0.0006885696821515461,4.121426690012669e-05,4.12142669001267e-06,100
EU Power Grid,adap_betweenness,,15600,0.1191931540342298,0.0007172982885085199,5.059201748194649e-05,5.059201748194646e-06,0.000673670537897263,3.492174474946767e-05,3.492174474946764e-06,100
EU Power Grid,adap_betweenness,,15730,0.1201864303178484,0.000699342909535413,4.958158159360376e-05,4.9581581593603775e-06,0.000658389364303135,3.5257843893027023e-05,3.5257843893027023e-06,100
EU Power Grid,adap_betweenness,,15860,0.1211797066014669,0.0006834504889975169,4.7379044127153816e-05,4.7379044127153815e-06,0.000645094743276238,3.3670023547154624e-05,3.3670023547154624e-06,100
EU Power Grid,adap_betweenness,,15990,0.1221729828850855,0.000668933374083088,4.427806298572561e-05,4.427806298572561e-06,0.000631876528117315,3.242535861565839e-05,3.2425358615658377e-06,100
EU Power Grid,adap_betweenness,,16120,0.1231662591687041,0.000661445599021962,4.628204344214953e-05,4.6282043442149555e-06,0.000625382029339806,3.374210232618986e-05,3.374210232618985e-06,100
EU Power Grid,adap_betweenness,,16250,0.1241595354523227,0.000652506112469393,4.747385049045958e-05,4.7473850490459566e-06,0.000614761613691883,3.536413740068762e-05,3.5364137400687613e-06,100
EU Power Grid,adap_betweenness,,16380,0.1251528117359413,0.000638829462102642,4.762137153473902e-05,4.762137153473903e-06,0.000600702933985284,3.367921691906004e-05,3.367921691906004e-06,100
EU Power Grid,adap_betweenness,,16510,0.1261460880195599,0.000627444987775014,4.506879986207839e-05,4.506879986207837e-06,0.00058916564792171,3.413339667808187e-05,3.413339667808184e-06,100
EU Power Grid,adap_betweenness,,16640,0.1271393643031784,0.000614532396087971,4.237091267019802e-05,4.237091267019803e-06,0.000579920537897259,3.2858920264053264e-05,3.285892026405327e-06,100
EU Power Grid,adap_betweenness,,16770,0.128132640586797,0.000606356968215108,4.482267098186117e-05,4.482267098186116e-06,0.000569300122249335,3.497978375984121e-05,3.497978375984122e-06,100
EU Power Grid,adap_betweenness,,16900,0.1291259168704156,0.000599174816625866,4.663648048792367e-05,4.663648048792367e-06,0.0005582212713935889,3.4097530503636526e-05,3.4097530503636546e-06,100
EU Power Grid,adap_betweenness,,17030,0.1301191931540342,0.00058343520782391,4.533284756378548e-05,4.533284756378546e-06,0.000546836797065958,3.4449120596195067e-05,3.444912059619507e-06,100
EU Power Grid,adap_betweenness,,17160,0.1311124694376528,0.0005703698044009241,4.8583449760474414e-05,4.858344976047442e-06,0.000537362469437592,3.432565340938792e-05,3.4325653409387916e-06,100
EU Power Grid,adap_betweenness,,17290,0.1321057457212713,0.000564180929095301,4.909472273866909e-05,4.909472273866907e-06,0.00052872860635691,3.0773853844731645e-05,3.077385384473166e-06,100
EU Power Grid,adap_betweenness,,17420,0.1330990220048899,0.000556998777506057,5.040775588617788e-05,5.0407755886177895e-06,0.0005181081907089899,2.8458110201454144e-05,2.845811020145415e-06,100
EU Power Grid,adap_betweenness,,17550,0.1340922982885085,0.000548135696821458,5.19643882849915e-05,5.19643882849915e-06,0.000509397921760334,2.9322720488917996e-05,2.9322720488918004e-06,100
EU Power Grid,adap_betweenness,,17680,0.1350855745721271,0.00053705684596571,5.1915285767164686e-05,5.191528576716468e-06,0.0005005348410757359,2.4680683060253563e-05,2.468068306025356e-06,100
EU Power Grid,adap_betweenness,,17810,0.1360788508557457,0.000526130806845906,4.5766535756321565e-05,4.576653575632156e-06,0.00049388753056229,2.297366789815911e-05,2.2973667898159116e-06,100
EU Power Grid,adap_betweenness,,17940,0.1370721271393642,0.0005156632029339299,4.355459420708103e-05,4.355459420708102e-06,0.000485559290953487,2.663157178957719e-05,2.6631571789577186e-06,100
EU Power Grid,adap_betweenness,,18070,0.1380654034229828,0.000511002444987722,4.4369926492698426e-05,4.436992649269841e-06,0.000478682762836128,2.7049002766080393e-05,2.7049002766080387e-06,100
EU Power Grid,adap_betweenness,,18200,0.1390586797066014,0.000496790953545177,4.096599543436104e-05,4.096599543436105e-06,0.000466534229828793,2.6839890428942326e-05,2.683989042894232e-06,100
EU Power Grid,adap_betweenness,,18330,0.14005195599022,0.000486399755501167,4.1170461975429605e-05,4.1170461975429595e-06,0.00045851161369187096,2.803642030652765e-05,2.803642030652764e-06,100
EU Power Grid,adap_betweenness,,18460,0.1410452322738386,0.00048235024449872003,4.1674905367663165e-05,4.1674905367663165e-06,0.00045094743276277396,2.7537394503747846e-05,2.7537394503747817e-06,100
EU Power Grid,adap_betweenness,,18590,0.1420385085574572,0.000474862469437593,4.3335797131648176e-05,4.333579713164818e-06,0.00044391809290947597,2.839182919646347e-05,2.8391829196463487e-06,100
EU Power Grid,adap_betweenness,,18720,0.1430317848410758,0.000466457823960821,4.069730576389866e-05,4.069730576389867e-06,0.00043390892420531904,2.702544794187161e-05,2.7025447941871604e-06,100
EU Power Grid,adap_betweenness,,18850,0.1440250611246943,0.00045346882640580897,4.370164948312979e-05,4.370164948312979e-06,0.000423059290953484,2.705510622477886e-05,2.705510622477888e-06,100
EU Power Grid,adap_betweenness,,18980,0.1450183374083129,0.000445981051344684,4.2956947234844815e-05,4.2956947234844815e-06,0.000419162591686984,2.81314324225865e-05,2.81314324225865e-06,100
EU Power Grid,adap_betweenness,,19110,0.1460116136919315,0.00043597188264052995,3.669635572669479e-05,3.6696355726694794e-06,0.000412668092909481,2.5618561934576735e-05,2.561856193457675e-06,100
EU Power Grid,adap_betweenness,,19240,0.1470048899755501,0.00043146393643026296,3.742249115930822e-05,3.742249115930822e-06,0.00040747249388747603,2.516711863419888e-05,2.5167118634198873e-06,100
EU Power Grid,adap_betweenness,,19370,0.1479981662591687,0.00042405256723710994,3.332224677971079e-05,3.3322246779710793e-06,0.00039944987775055905,2.1667524362279974e-05,2.1667524362279975e-06,100
EU Power Grid,adap_betweenness,,19500,0.1489914425427872,0.000416794009779896,3.174303004441927e-05,3.174303004441927e-06,0.00039440709046450003,2.082659004826952e-05,2.082659004826951e-06,100
EU Power Grid,adap_betweenness,,19630,0.1499847188264058,0.00041213325183368804,3.248567950795299e-05,3.2485679507952997e-06,0.000388447432762788,2.0965994277621817e-05,2.0965994277621815e-06,100
EU Power Grid,adap_betweenness,,19760,0.1509779951100244,0.000408542176039067,3.2858112689175804e-05,3.2858112689175812e-06,0.00038248777506107894,1.914602370390405e-05,1.914602370390405e-06,100
EU Power Grid,adap_betweenness,,19890,0.151971271393643,0.00040426344743271103,3.320870816124723e-05,3.320870816124723e-06,0.000378361858190667,2.0417686788610308e-05,2.0417686788610303e-06,100
EU Power Grid,adap_betweenness,,20020,0.1529645476772616,0.000396088019559853,2.987388607286313e-05,2.9873886072863135e-06,0.00037110330073345595,1.943444190797951e-05,1.9434441907979524e-06,100
EU Power Grid,adap_betweenness,,20150,0.1539578239608801,0.00039035757946205704,2.852847484840871e-05,2.8528474848408715e-06,0.00036590770171145197,1.8869138592077588e-05,1.8869138592077588e-06,100
EU Power Grid,adap_betweenness,,20280,0.1549511002444987,0.00038348105134470103,2.603411527719514e-05,2.603411527719515e-06,0.000360330073349594,1.7501562018746917e-05,1.7501562018746918e-06,100
EU Power Grid,adap_betweenness,,20410,0.1559443765281173,0.00037851466992661,2.5478345184310472e-05,2.547834518431047e-06,0.00035559290953541303,1.818564071517082e-05,1.8185640715170823e-06,100
EU Power Grid,adap_betweenness,,20540,0.1569376528117359,0.00037316625916866095,2.585284747442278e-05,2.5852847474422773e-06,0.000352536674816588,1.8075057047847802e-05,1.8075057047847786e-06,100
EU Power Grid,adap_betweenness,,20670,0.1579309290953545,0.00036552567237159894,2.5252846037758302e-05,2.52528460377583e-06,0.00034611858190704997,1.9012505541067345e-05,1.901250554106734e-06,100
EU Power Grid,adap_betweenness,,20800,0.1589242053789731,0.000362698655256686,2.536317263663979e-05,2.536317263663979e-06,0.000342756723716341,2.0025176182547262e-05,2.002517618254725e-06,100
EU Power Grid,adap_betweenness,,20930,0.1599174816625916,0.000357579462102652,2.2229573262017703e-05,2.2229573262017706e-06,0.00033595660146695496,1.980115615447605e-05,1.9801156154476047e-06,100
EU Power Grid,adap_betweenness,,21060,0.1609107579462102,0.000352918704156443,2.2115079949309062e-05,2.211507994930906e-06,0.000332441931540306,2.012724458176107e-05,2.0127244581761073e-06,100
EU Power Grid,adap_betweenness,,21190,0.1619040342298288,0.00034909841075791195,2.2380134293235992e-05,2.2380134293235987e-06,0.00032801039119800595,1.8692051056786528e-05,1.8692051056786526e-06,100
EU Power Grid,adap_betweenness,,21320,0.1628973105134474,0.00034588936430314396,2.3110199671861602e-05,2.3110199671861597e-06,0.000323349633251797,1.852170850466519e-05,1.852170850466518e-06,100
EU Power Grid,adap_betweenness,,21450,0.163890586797066,0.000340388141809253,2.3377088109576252e-05,2.3377088109576254e-06,0.000319605745721235,1.893652078836566e-05,1.893652078836566e-06,100
EU Power Grid,adap_betweenness,,21580,0.1648838630806846,0.000337102689486515,2.4070696464838836e-05,2.4070696464838845e-06,0.000315174205378935,1.8946482954956478e-05,1.8946482954956487e-06,100
EU Power Grid,adap_betweenness,,21710,0.1658771393643031,0.000332671149144214,2.4049619007752577e-05,2.404961900775259e-06,0.00031158312958431397,1.8670744531131756e-05,1.8670744531131757e-06,100
EU Power Grid,adap_betweenness,,21840,0.1668704156479217,0.00032564180929091103,2.3260891349884636e-05,2.3260891349884644e-06,0.000304553789731011,1.909050462149759e-05,1.909050462149759e-06,100
EU Power Grid,adap_betweenness,,21970,0.1678636919315403,0.000320140586797025,2.407608540852186e-05,2.407608540852186e-06,0.000300886308068418,1.8390712044567644e-05,1.839071204456765e-06,100
EU Power Grid,adap_betweenness,,22100,0.1688569682151589,0.000314944987775021,2.2975207911873122e-05,2.297520791187312e-06,0.000297448044009738,1.7753624650611243e-05,1.7753624650611239e-06,100
EU Power Grid,adap_betweenness,,22230,0.1698502444987775,0.000313187652811695,2.2870121832705545e-05,2.287012183270554e-06,0.000294162591687,1.812327639959547e-05,1.8123276399595481e-06,100
EU Power Grid,adap_betweenness,,22360,0.170843520782396,0.000309061735941281,2.3072404917997788e-05,2.307240491799778e-06,0.00029087713936425797,1.78859902762562e-05,1.788599027625619e-06,100
EU Power Grid,adap_betweenness,,22490,0.1718367970660146,0.000303942542787247,2.3052077423509555e-05,2.305207742350956e-06,0.00028644559902196,1.746023914479179e-05,1.7460239144791788e-06,100
EU Power Grid,adap_betweenness,,22620,0.1728300733496332,0.000301879584352037,2.4440590551413116e-05,2.444059055141313e-06,0.000283465770171106,1.7594979617660958e-05,1.7594979617660968e-06,100
EU Power Grid,adap_betweenness,,22750,0.1738233496332518,0.000297600855745681,2.5174615332560655e-05,2.5174615332560654e-06,0.000279798288508516,1.8677060109751006e-05,1.8677060109751009e-06,100
EU Power Grid,adap_betweenness,,22880,0.1748166259168704,0.000294621026894825,2.5889316454997876e-05,2.588931645499787e-06,0.000275137530562305,1.8057921272048832e-05,1.8057921272048825e-06,100
EU Power Grid,adap_betweenness,,23010,0.1758099022004889,0.00029034229828846697,2.5259383507955448e-05,2.525938350795545e-06,0.000271775672371593,1.8533643673068527e-05,1.853364367306852e-06,100
EU Power Grid,adap_betweenness,,23140,0.1768031784841075,0.000286063569682109,2.629610762415721e-05,2.6296107624157213e-06,0.00026673288508552803,1.8812802402623172e-05,1.881280240262316e-06,100
EU Power Grid,adap_betweenness,,23270,0.1777964547677261,0.000283847799510961,2.6409221233592e-05,2.6409221233592003e-06,0.000264287897310466,1.8968878700374624e-05,1.8968878700374607e-06,100
EU Power Grid,adap_betweenness,,23400,0.1787897310513447,0.000281937652811694,2.6523408749573956e-05,2.652340874957395e-06,0.000262072127139317,1.825296160582269e-05,1.8252961605822707e-06,100
EU Power Grid,adap_betweenness,,23530,0.1797830073349633,0.000279263447432721,2.689596616160786e-05,2.689596616160786e-06,0.000259550733496284,1.8508172676268862e-05,1.8508172676268872e-06,100
EU Power Grid,adap_betweenness,,23660,0.1807762836185819,0.00027475550122244897,2.612963787187672e-05,2.612963787187674e-06,0.000254584352078192,1.6678987137352286e-05,1.6678987137352287e-06,100
EU Power Grid,adap_betweenness,,23790,0.1817695599022004,0.00027131723716376896,2.4728421831664994e-05,2.4728421831665e-06,0.000249999999999951,1.343641289286616e-05,1.3436412892866161e-06,100
EU Power Grid,adap_betweenness,,23920,0.182762836185819,0.000268719437652768,2.4138582521087436e-05,2.4138582521087443e-06,0.000247860635696773,1.3225861564139904e-05,1.322586156413991e-06,100
EU Power Grid,adap_betweenness,,24050,0.1837561124694376,0.00026604523227379397,2.362811450638249e-05,2.3628114506382494e-06,0.000245568459657655,1.3651492754939132e-05,1.3651492754939138e-06,100
EU Power Grid,adap_betweenness,,24180,0.1847493887530562,0.000262606968215113,2.3206958348836772e-05,2.3206958348836764e-06,0.000243505501222447,1.2555000065886244e-05,1.2555000065886245e-06,100
EU Power Grid,adap_betweenness,,24310,0.1857426650366748,0.000257487775061076,2.2715021012022043e-05,2.271502101202205e-06,0.00024090770171144498,1.245124185349773e-05,1.2451241853497726e-06,100
EU Power Grid,adap_betweenness,,24440,0.1867359413202934,0.000253056234718779,2.023783266337004e-05,2.023783266337005e-06,0.00023739303178479398,1.2250717969585548e-05,1.2250717969585557e-06,100
EU Power Grid,adap_betweenness,,24570,0.1877292176039119,0.000251298899755453,1.8394399051862088e-05,1.8394399051862091e-06,0.00023586491442538,1.2076190493508567e-05,1.2076190493508576e-06,100
EU Power Grid,adap_betweenness,,24700,0.1887224938875305,0.000249770782396042,1.8129620062972886e-05,1.8129620062972885e-06,0.00023364914425422898,1.1242968414029845e-05,1.1242968414029842e-06,100
EU Power Grid,adap_betweenness,,24830,0.1897157701711491,0.000244727995109979,1.6593030218949032e-05,1.6593030218949045e-06,0.000229676039119755,1.1065336525368512e-05,1.1065336525368512e-06,100
EU Power Grid,adap_betweenness,,24960,0.1907090464547677,0.000241595354523181,1.7737840620219395e-05,1.7737840620219393e-06,0.00022684902200484198,1.1528596472855452e-05,1.1528596472855457e-06,100
EU Power Grid,adap_betweenness,,25090,0.1917023227383862,0.000239455990220004,1.8211562816156085e-05,1.8211562816156085e-06,0.00022509168704151698,1.221045949218881e-05,1.2210459492188811e-06,100
EU Power Grid,adap_betweenness,,25220,0.1926955990220048,0.000237622249388709,1.9105325485177802e-05,1.91053254851778e-06,0.00022211185819066102,1.2105453144127397e-05,1.2105453144127402e-06,100
EU Power Grid,adap_betweenness,,25350,0.1936888753056234,0.000235024449877701,1.9521178574769502e-05,1.9521178574769505e-06,0.000220736552567192,1.2233377267822906e-05,1.2233377267822905e-06,100
EU Power Grid,adap_betweenness,,25480,0.194682151589242,0.000231051344743225,1.7481334448694837e-05,1.7481334448694838e-06,0.000217069070904599,1.1650708673319606e-05,1.16507086733196e-06,100
EU Power Grid,adap_betweenness,,25610,0.1956754278728606,0.00022937041564787198,1.7442837441990465e-05,1.744283744199047e-06,0.000214776894865478,1.096227142656153e-05,1.0962271426561526e-06,100
EU Power Grid,adap_betweenness,,25740,0.1966687041564792,0.000226314180929046,1.702540235203401e-05,1.7025402352034011e-06,0.000212943154034182,1.1320066347295606e-05,1.132006634729562e-06,100
EU Power Grid,adap_betweenness,,25870,0.1976619804400977,0.00022325794621022097,1.5264957684890122e-05,1.5264957684890125e-06,0.000211415036674769,1.1597951241894364e-05,1.1597951241894362e-06,100
EU Power Grid,adap_betweenness,,26000,0.1986552567237163,0.000221194987775014,1.5826169404771946e-05,1.5826169404771942e-06,0.000209428484107535,1.1901085559728908e-05,1.190108555972891e-06,100
EU Power Grid,adap_betweenness,,26130,0.1996485330073349,0.000217374694376485,1.575147320299875e-05,1.5751473202998754e-06,0.000206448655256675,1.179582470890819e-05,1.179582470890819e-06,100
EU Power Grid,adap_betweenness,,26260,0.2006418092909535,0.00021454767726156998,1.5574716352949165e-05,1.5574716352949155e-06,0.000204156479217554,1.1394055345063394e-05,1.139405534506339e-06,100
EU Power Grid,adap_betweenness,,26390,0.2016350855745721,0.00021210268948650702,1.4775792548872203e-05,1.47757925488722e-06,0.000202628361858139,1.1206193969032861e-05,1.1206193969032863e-06,100
EU Power Grid,adap_betweenness,,26520,0.2026283618581907,0.00021095660146694802,1.4196745351663857e-05,1.4196745351663854e-06,0.00020048899755496002,1.0423200186679267e-05,1.0423200186679271e-06,100
EU Power Grid,adap_betweenness,,26650,0.2036216381418092,0.00020904645476768,1.4871264956417961e-05,1.4871264956417962e-06,0.000198960880195546,1.1123802133255739e-05,1.1123802133255735e-06,100
EU Power Grid,adap_betweenness,,26780,0.2046149144254278,0.00020744193154029498,1.5525228441918723e-05,1.552522844191872e-06,0.00019750916870410698,1.1305471237957816e-05,1.1305471237957817e-06,100
EU Power Grid,adap_betweenness,,26910,0.2056081907090464,0.00020560819070899802,1.562819858219315e-05,1.562819858219315e-06,0.000195369804400927,1.1194347955586153e-05,1.1194347955586152e-06,100
EU Power Grid,adap_betweenness,,27040,0.206601466992665,0.00020293398533002097,1.450187448471915e-05,1.4501874484719152e-06,0.000193306845965718,1.072324977487607e-05,1.0723249774876072e-06,100
EU Power Grid,adap_betweenness,,27170,0.2075947432762836,0.00020163508557451902,1.4606205133399644e-05,1.460620513339964e-06,0.00019154951100239101,1.0144234396686154e-05,1.0144234396686152e-06,100
EU Power Grid,adap_betweenness,,27300,0.2085880195599022,0.000199190097799459,1.4701174434589218e-05,1.4701174434589218e-06,0.000189410146699212,1.0088275428056131e-05,1.0088275428056136e-06,100
EU Power Grid,adap_betweenness,,27430,0.2095812958435207,0.00019827322738381,1.4665834056477195e-05,1.4665834056477196e-06,0.00018780562347182902,9.478608775576712e-06,9.478608775576712e-07,100
EU Power Grid,adap_betweenness,,27560,0.2105745721271393,0.000197050733496279,1.4337273782643041e-05,1.4337273782643043e-06,0.000186812347188209,9.675334383758131e-06,9.675334383758135e-07,100
EU Power Grid,adap_betweenness,,27690,0.2115678484107579,0.00019598105134469,1.4463397376225758e-05,1.4463397376225756e-06,0.000185360635696767,9.381056174472785e-06,9.38105617447278e-07,100
EU Power Grid,adap_betweenness,,27820,0.2125611246943765,0.00019460574572121602,1.4178457532043363e-05,1.4178457532043362e-06,0.000184138141809235,8.30619355905693e-06,8.306193559056935e-07,100
EU Power Grid,adap_betweenness,,27950,0.213554400977995,0.000193154034229773,1.4410502628677305e-05,1.4410502628677298e-06,0.000182151589241999,9.067818179543615e-06,9.06781817954361e-07,100
EU Power Grid,adap_betweenness,,28080,0.2145476772616136,0.000192160757946155,1.4625570880830601e-05,1.46255708808306e-06,0.000180394254278674,9.079191341141029e-06,9.079191341141037e-07,100
EU Power Grid,adap_betweenness,,28210,0.2155409535452322,0.000190785452322682,1.4947795578073038e-05,1.4947795578073032e-06,0.00017894254278723597,9.226405822023441e-06,9.226405822023441e-07,100
EU Power Grid,adap_betweenness,,28340,0.2165342298288508,0.000189410146699212,1.502020719598962e-05,1.5020207195989625e-06,0.000177414425427824,9.378541483046663e-06,9.378541483046665e-07,100
EU Power Grid,adap_betweenness,,28470,0.2175275061124694,0.00018780562347182902,1.5706672687477724e-05,1.5706672687477727e-06,0.000175427872860586,9.39989491660101e-06,9.399894916601008e-07,100
EU Power Grid,adap_betweenness,,28600,0.218520782396088,0.000186353911980387,1.5882703573421425e-05,1.5882703573421425e-06,0.00017435819070899702,9.36595789830812e-06,9.365957898308121e-07,100
EU Power Grid,adap_betweenness,,28730,0.2195140586797065,0.000185055012224885,1.6238301101123384e-05,1.6238301101123388e-06,0.00017298288508552502,9.805194201219911e-06,9.805194201219909e-07,100
EU Power Grid,adap_betweenness,,28860,0.2205073349633251,0.000182992053789676,1.5525228441913777e-05,1.5525228441913776e-06,0.000172066014669876,9.68173170257398e-06,9.681731702573976e-07,100
EU Power Grid,adap_betweenness,,28990,0.2215006112469437,0.000182457212713882,1.5521619712528448e-05,1.5521619712528448e-06,0.00017145476772610898,9.732758876363157e-06,9.732758876363152e-07,100
EU Power Grid,adap_betweenness,,29120,0.2224938875305623,0.00017878973105129402,1.4159521422743767e-05,1.4159521422743763e-06,0.00016946821515887,1.0093242647217497e-05,1.0093242647217495e-06,100
EU Power Grid,adap_betweenness,,29250,0.2234871638141809,0.000177643643031733,1.3795652356895096e-05,1.3795652356895101e-06,0.000167558068459603,1.0144234396680513e-05,1.014423439668051e-06,100
EU Power Grid,adap_betweenness,,29380,0.2244804400977995,0.000176879584352026,1.3623603195364437e-05,1.3623603195364438e-06,0.000166106356968161,9.81120633876493e-06,9.811206338764932e-07,100
EU Power Grid,adap_betweenness,,29510,0.225473716381418,0.00017489303178478798,1.4484582612320246e-05,1.4484582612320242e-06,0.00016457823960874902,9.918801681107113e-06,9.918801681107108e-07,100
EU Power Grid,adap_betweenness,,29640,0.2264669926650366,0.00017321210268943297,1.4652961877304748e-05,1.4652961877304747e-06,0.000162744498777451,9.863955140094571e-06,9.863955140094571e-07,100
EU Power Grid,adap_betweenness,,29770,0.2274602689486552,0.00017206601466987297,1.4262428687857707e-05,1.4262428687857705e-06,0.000161139975550069,9.53536277645779e-06,9.535362776457787e-07,100
EU Power Grid,adap_betweenness,,29900,0.2284535452322738,0.000171454767726107,1.4623353189884945e-05,1.4623353189884944e-06,0.000160605134474274,9.528248333546085e-06,9.528248333546091e-07,100
EU Power Grid,adap_betweenness,,30030,0.2294468215158924,0.000169926650366695,1.5401100128156072e-05,1.5401100128156078e-06,0.00015900061124688998,9.633801287636489e-06,9.633801287636492e-07,100
EU Power Grid,adap_betweenness,,30160,0.2304400977995109,0.00016885696821510601,1.545384770316163e-05,1.545384770316163e-06,0.000157396088019509,9.342002390263172e-06,9.342002390263171e-07,100
EU Power Grid,adap_betweenness,,30290,0.2314333740831295,0.000166335574572073,1.2842900355530123e-05,1.284290035553013e-06,0.00015594437652806798,9.027082774822538e-06,9.027082774822535e-07,100
EU Power Grid,adap_betweenness,,30420,0.2324266503667481,0.000165877139364249,1.2490960342544063e-05,1.2490960342544058e-06,0.000154645476772566,8.279172225970611e-06,8.279172225970613e-07,100
EU Power Grid,adap_betweenness,,30550,0.2334199266503667,0.000163966992664982,1.2684201623644701e-05,1.2684201623644707e-06,0.000153270171149093,8.257777137507533e-06,8.257777137507532e-07,100
EU Power Grid,adap_betweenness,,30680,0.2344132029339853,0.000162591687041512,1.2807266752943052e-05,1.2807266752943056e-06,0.000152506112469387,8.406399331149101e-06,8.406399331149099e-07,100
EU Power Grid,adap_betweenness,,30810,0.2354064792176038,0.00016091075794615698,1.1687345815123748e-05,1.168734581512375e-06,0.000150825183374031,7.87770178078736e-06,7.877701780787358e-07,100
EU Power Grid,adap_betweenness,,30940,0.2363997555012224,0.000158083740831246,1.121750180488322e-05,1.1217501804883212e-06,0.000149297066014615,8.084578362311643e-06,8.084578362311647e-07,100
EU Power Grid,adap_betweenness,,31070,0.237393031784841,0.000156861246943714,1.1361663350609848e-05,1.1361663350609853e-06,0.00014860941320288,8.57688117822277e-06,8.576881178222764e-07,100
EU Power Grid,adap_betweenness,,31200,0.2383863080684596,0.000155562347188213,1.0833762181143153e-05,1.0833762181143154e-06,0.000147234107579409,8.47173276094696e-06,8.471732760946964e-07,100
EU Power Grid,adap_betweenness,,31330,0.2393795843520782,0.000154721882640535,1.1147895988327382e-05,1.1147895988327376e-06,0.000146852078239555,8.727163945431347e-06,8.727163945431346e-07,100
EU Power Grid,adap_betweenness,,31460,0.2403728606356968,0.000153881418092858,1.123457343924369e-05,1.123457343924369e-06,0.000145553178484053,8.225938599090042e-06,8.225938599090038e-07,100
EU Power Grid,adap_betweenness,,31590,0.2413661369193153,0.000153270171149094,1.1534988394304e-05,1.1534988394304003e-06,0.000144712713936375,8.257777137517896e-06,8.257777137517889e-07,100
EU Power Grid,adap_betweenness,,31720,0.2423594132029339,0.000152658924205328,1.138887881699321e-05,1.138887881699321e-06,0.000143795843520725,8.154299337097293e-06,8.1542993370973e-07,100
EU Power Grid,adap_betweenness,,31850,0.2433526894865525,0.000151589242053737,1.1006560359153059e-05,1.1006560359153061e-06,0.000142496943765224,8.576881178224027e-06,8.576881178224027e-07,100
EU Power Grid,adap_betweenness,,31980,0.2443459657701711,0.000151360024449825,1.1005220888975273e-05,1.1005220888975284e-06,0.00014211491442537,8.687885752065476e-06,8.687885752065476e-07,100
EU Power Grid,adap_betweenness,,32110,0.2453392420537897,0.000149908312958383,1.1583960792379265e-05,1.1583960792379265e-06,0.000140281173594071,7.870212757531305e-06,7.870212757531308e-07,100
EU Power Grid,adap_betweenness,,32240,0.2463325183374083,0.000149144254278676,1.1770802779436953e-05,1.1770802779436953e-06,0.000139517114914366,8.026014908453831e-06,8.026014908453831e-07,100
EU Power Grid,adap_betweenness,,32370,0.2473257946210268,0.000147768948655205,1.2534552360864795e-05,1.2534552360864797e-06,0.00013867665036669,8.50785083104821e-06,8.507850831048212e-07,100
EU Power Grid,adap_betweenness,,32500,0.2483190709046454,0.000147157701711439,1.2693496123042702e-05,1.2693496123042697e-06,0.000137454156479162,7.79303533562375e-06,7.793035335623751e-07,100
EU Power Grid,adap_betweenness,,32630,0.249312347188264,0.000146852078239556,1.2784224622173384e-05,1.2784224622173384e-06,0.000136613691931487,7.926951888016597e-06,7.926951888016596e-07,100
EU Power Grid,adap_betweenness,,32760,0.2503056234718826,0.000145094743276231,1.2734079793406124e-05,1.2734079793406125e-06,0.000135314792175987,8.00210107981447e-06,8.00210107981447e-07,100
EU Power Grid,adap_betweenness,,32890,0.2512988997555012,0.00014326100244493601,1.2912502635606833e-05,1.2912502635606832e-06,0.000134092298288457,8.297314675103466e-06,8.297314675103468e-07,100
EU Power Grid,adap_betweenness,,33020,0.2522921760391198,0.000142420537897259,1.3055337114858062e-05,1.3055337114858067e-06,0.000132946210268897,8.34161458779842e-06,8.341614587798417e-07,100
EU Power Grid,adap_betweenness,,33150,0.2532854523227383,0.000141350855745669,1.1620554652263841e-05,1.1620554652263844e-06,0.000131723716381366,7.68828803389711e-06,7.688288033897109e-07,100
EU Power Grid,adap_betweenness,,33280,0.2542787286063569,0.000139822738386256,1.2117381740504051e-05,1.2117381740504052e-06,0.000130348410757894,7.66524385767494e-06,7.66524385767494e-07,100
EU Power Grid,adap_betweenness,,33410,0.2552720048899755,0.000139364303178431,1.2292283818703127e-05,1.229228381870313e-06,0.000129584352078189,7.974419090030425e-06,7.974419090030428e-07,100
EU Power Grid,adap_betweenness,,33540,0.2562652811735941,0.00013921149144249,1.240973324995333e-05,1.2409733249953334e-06,0.000129049511002395,7.898259980339499e-06,7.898259980339498e-07,100
EU Power Grid,adap_betweenness,,33670,0.2572585574572127,0.000138523838630754,1.2601880480158225e-05,1.2601880480158227e-06,0.000127750611246894,7.45147658839438e-06,7.451476588394379e-07,100
EU Power Grid,adap_betweenness,,33800,0.2582518337408312,0.000137148533007282,1.295808972404588e-05,1.2958089724045877e-06,0.000126757334963273,7.913177851755996e-06,7.913177851755998e-07,100
EU Power Grid,adap_betweenness,,33930,0.2592451100244498,0.000135314792175987,1.348963008686908e-05,1.3489630086869073e-06,0.000125534841075742,7.999152898439094e-06,7.999152898439093e-07,100
EU Power Grid,adap_betweenness,,34060,0.2602383863080684,0.000134397921760339,1.3437071180219546e-05,1.343707118021954e-06,0.000124847188264006,7.772198811955161e-06,7.772198811955164e-07,100
EU Power Grid,adap_betweenness,,34190,0.261231662591687,0.000133633863080633,1.2872252449764306e-05,1.2872252449764306e-06,0.000124235941320239,7.494088366023407e-06,7.494088366023405e-07,100
EU Power Grid,adap_betweenness,,34320,0.2622249388753056,0.00013340464547672,1.3050819540718387e-05,1.3050819540718387e-06,0.00012347188264053,7.4229328404675014e-06,7.422932840467504e-07,100
EU Power Grid,adap_betweenness,,34450,0.2632182151589242,0.000132869804400926,1.3251473464425574e-05,1.3251473464425572e-06,0.000122937041564734,7.373115273778564e-06,7.373115273778571e-07,100
EU Power Grid,adap_betweenness,,34580,0.2642114914425427,0.000131036063569629,1.3003516996505533e-05,1.3003516996505536e-06,0.000121103300733435,7.553262937239332e-06,7.553262937239329e-07,100
EU Power Grid,adap_betweenness,,34710,0.2652047677261613,0.000130577628361805,1.3036126612816633e-05,1.3036126612816634e-06,0.00012064486552560901,7.389093438083093e-06,7.389093438083093e-07,100
EU Power Grid,adap_betweenness,,34840,0.2661980440097799,0.000129278728606303,1.3241902639248147e-05,1.3241902639248148e-06,0.00011980440097793401,7.592585878002215e-06,7.592585878002213e-07,100
EU Power Grid,adap_betweenness,,34970,0.2671913202933985,0.00012904951100239099,1.3295898388611888e-05,1.3295898388611887e-06,0.000119269559902138,7.357102408143604e-06,7.357102408143603e-07,100
EU Power Grid,adap_betweenness,,35100,0.2681845965770171,0.00012729217603906298,1.2440107432155582e-05,1.2440107432155576e-06,0.00011858190709040201,7.242800176349329e-06,7.24280017634933e-07,100
EU Power Grid,adap_betweenness,,35230,0.2691778728606356,0.000126451711491384,1.263552667771985e-05,1.263552667771985e-06,0.00011720660146693358,7.847702807461062e-06,7.847702807461061e-07,100
EU Power Grid,adap_betweenness,,35360,0.2701711491442543,0.000125840464547621,1.2592518359722981e-05,1.2592518359722984e-06,0.00011644254278722675,7.840185128934331e-06,7.840185128934336e-07,100
EU Power Grid,adap_betweenness,,35490,0.2711644254278728,0.000125229217603855,1.2706264958506216e-05,1.2706264958506223e-06,0.00011598410757940375,7.784328665294394e-06,7.784328665294395e-07,100
EU Power Grid,adap_betweenness,,35620,0.2721577017114914,0.000124388753056178,1.2194028740192887e-05,1.2194028740192888e-06,0.00011506723716375733,7.892658509221788e-06,7.892658509221784e-07,100
EU Power Grid,adap_betweenness,,35750,0.27315097799511,0.00012293704156473559,1.2338967636597935e-05,1.233896763659794e-06,0.00011384474327622933,7.484640047424752e-06,7.484640047424751e-07,100
EU Power Grid,adap_betweenness,,35880,0.2741442542787285,0.0001223257946209696,1.2262264813890751e-05,1.226226481389075e-06,0.00011285146699261092,7.109267634474863e-06,7.109267634474865e-07,100
EU Power Grid,adap_betweenness,,36010,0.2751375305623472,0.00012148533007329315,1.2310499590705257e-05,1.2310499590705259e-06,0.00011224022004884649,7.012390670775568e-06,7.01239067077557e-07,100
EU Power Grid,adap_betweenness,,36140,0.2761308068459657,0.00012095048899749817,1.1699196680677686e-05,1.1699196680677683e-06,0.00011185819070899407,6.997659183450887e-06,6.997659183450889e-07,100
EU Power Grid,adap_betweenness,,36270,0.2771240831295843,0.00011988080684590875,1.1217501804888859e-05,1.1217501804888861e-06,0.00011132334963320222,6.890234926738959e-06,6.890234926738959e-07,100
EU Power Grid,adap_betweenness,,36400,0.2781173594132029,0.00011873471882634974,1.026931432377548e-05,1.026931432377548e-06,0.00011025366748161898,6.975292275419544e-06,6.975292275419546e-07,100
EU Power Grid,adap_betweenness,,36530,0.2791106356968215,0.00011804706601461374,1.0324006501265333e-05,1.0324006501265335e-06,0.00010918398533003431,6.807580110656648e-06,6.807580110656649e-07,100
EU Power Grid,adap_betweenness,,36660,0.28010391198044,0.00011636613691926074,8.812892878175579e-06,8.812892878175577e-07,0.00010826711491439098,7.2081151681122865e-06,7.20811516811229e-07,100
EU Power Grid,adap_betweenness,,36790,0.2810971882640586,0.00011560207823955333,8.664437542160054e-06,8.664437542160055e-07,0.00010796149144250955,7.009026203420432e-06,7.00902620342043e-07,100
EU Power Grid,adap_betweenness,,36920,0.2820904645476772,0.00011407396088014382,8.972043069367644e-06,8.972043069367642e-07,0.00010658618581904361,6.639184151519201e-06,6.639184151519203e-07,100
EU Power Grid,adap_betweenness,,37050,0.2830837408312958,0.00011323349633246939,8.980254866165377e-06,8.980254866165377e-07,0.00010551650366745838,6.755407313692416e-06,6.755407313692415e-07,100
EU Power Grid,adap_betweenness,,37180,0.2840770171149144,0.00011262224938870656,8.662055191899907e-06,8.662055191899906e-07,0.00010475244498775287,5.977362472364915e-06,5.977362472364915e-07,100
EU Power Grid,adap_betweenness,,37310,0.2850702933985329,0.00011201100244494447,9.10027521715352e-06,9.10027521715352e-07,0.00010421760391195988,6.192975796072369e-06,6.192975796072368e-07,100
EU Power Grid,adap_betweenness,,37440,0.2860635696821516,0.0001110941320293008,9.305319820938873e-06,9.305319820938866e-07,0.00010398838630804838,6.322545061984832e-06,6.322545061984832e-07,100
EU Power Grid,adap_betweenness,,37570,0.2870568459657701,0.00011033007334959438,8.910378812397707e-06,8.910378812397709e-07,0.00010284229828849306,6.278087104722186e-06,6.278087104722183e-07,100
EU Power Grid,adap_betweenness,,37700,0.2880501222493887,0.00011010085574568297,8.895476010843759e-06,8.895476010843759e-07,0.0001023838630806703,6.332330486003663e-06,6.332330486003663e-07,100
EU Power Grid,adap_betweenness,,37830,0.2890433985330073,0.00010994804400974131,8.948350990266395e-06,8.948350990266396e-07,0.00010200183374081864,6.179153767986453e-06,6.179153767986454e-07,100
EU Power Grid,adap_betweenness,,37960,0.2900366748166259,0.00010918398533003573,9.040138075251363e-06,9.040138075251363e-07,0.0001013905867970554,6.129328796685185e-06,6.129328796685186e-07,100
EU Power Grid,adap_betweenness,,38090,0.2910299511002445,0.0001088019559901849,9.093793077130756e-06,9.093793077130763e-07,0.00010100855745720325,6.102814607037832e-06,6.102814607037834e-07,100
EU Power Grid,adap_betweenness,,38220,0.292023227383863,0.00010750305623468559,9.03752852389939e-06,9.037528523899391e-07,9.993887530561703e-05,5.916380030249551e-06,5.916380030249552e-07,100
EU Power Grid,adap_betweenness,,38350,0.2930165036674816,0.00010742665036671517,9.074318874442145e-06,9.074318874442144e-07,9.978606356967618e-05,5.830034200407085e-06,5.830034200407085e-07,100
EU Power Grid,adap_betweenness,,38480,0.2940097799511002,0.0001073502444987445,9.174812018885677e-06,9.174812018885677e-07,9.948044009779403e-05,5.846195102374035e-06,5.846195102374033e-07,100
EU Power Grid,adap_betweenness,,38610,0.2950030562347188,0.00010704462102686408,9.11807734107624e-06,9.118077341076238e-07,9.871638141808846e-05,5.503280179567018e-06,5.503280179567018e-07,100
EU Power Grid,adap_betweenness,,38740,0.2959963325183374,0.0001064333740831005,9.294857812137653e-06,9.294857812137653e-07,9.802872860635348e-05,5.648691847226551e-06,5.648691847226552e-07,100
EU Power Grid,adap_betweenness,,38870,0.2969896088019559,0.00010582212713933727,9.552662742567397e-06,9.552662742567395e-07,9.772310513447109e-05,5.673690790004283e-06,5.673690790004284e-07,100
EU Power Grid,adap_betweenness,,39000,0.2979828850855745,0.00010566931540339618,9.655811651166404e-06,9.655811651166401e-07,9.69590464547653e-05,5.173556635808603e-06,5.173556635808603e-07,100
EU Power Grid,adap_betweenness,,39130,0.2989761613691931,0.00010482885085572086,9.283748858948053e-06,9.283748858948051e-07,9.634779951100024e-05,5.418513746783058e-06,5.418513746783057e-07,100
EU Power Grid,adap_betweenness,,39260,0.2999694376528117,0.00010429400977992854,9.30246771269268e-06,9.302467712692681e-07,9.588936430317678e-05,5.361624887429516e-06,5.361624887429517e-07,100
EU Power Grid,adap_betweenness,,39390,0.3009627139364303,0.00010314792176037227,8.92228313141433e-06,8.922283131414329e-07,9.481968215158803e-05,5.330740965248914e-06,5.33074096524891e-07,100
EU Power Grid,adap_betweenness,,39520,0.3019559902200489,0.00010253667481660839,9.162270428800645e-06,9.162270428800644e-07,9.420843520782273e-05,5.435898234992512e-06,5.435898234992514e-07,100
EU Power Grid,adap_betweenness,,39650,0.3029492665036674,0.00010223105134472665,9.20080531255932e-06,9.200805312559322e-07,9.382640586796968e-05,5.217254429483927e-06,5.217254429483927e-07,100
EU Power Grid,adap_betweenness,,39780,0.303942542787286,0.00010200183374081558,9.174812018890095e-06,9.174812018890096e-07,9.29859413202929e-05,4.740548462981783e-06,4.7405484629817846e-07,100
EU Power Grid,adap_betweenness,,39910,0.3049358190709046,0.00010123777506111066,9.045354919416879e-06,9.045354919416879e-07,9.260391198043984e-05,4.643144609951504e-06,4.643144609951505e-07,100
EU Power Grid,adap_betweenness,,40040,0.3059290953545232,0.00010009168704155306,9.436209839353705e-06,9.436209839353707e-07,9.206907090464522e-05,4.901995665642581e-06,4.90199566564258e-07,100
EU Power Grid,adap_betweenness,,40170,0.3069223716381418,9.932762836184694e-05,9.773871471054545e-06,9.773871471054546e-07,9.122860635696796e-05,5.187784583682761e-06,5.187784583682762e-07,100
EU Power Grid,adap_betweenness,,40300,0.3079156479217603,9.863997555011262e-05,9.658254150840169e-06,9.658254150840167e-07,9.077017114914398e-05,5.239810757877155e-06,5.239810757877157e-07,100
EU Power Grid,adap_betweenness,,40430,0.3089089242053789,9.818154034228891e-05,9.856479614081911e-06,9.856479614081908e-07,9.031173594132003e-05,5.3621747694795176e-06,5.362174769479518e-07,100
EU Power Grid,adap_betweenness,,40560,0.3099022004889975,9.749388753055367e-05,9.2862892198898e-06,9.2862892198898e-07,8.954767726161344e-05,5.438609541579958e-06,5.438609541579956e-07,100
EU Power Grid,adap_betweenness,,40690,0.3108954767726161,9.711185819070085e-05,9.297395137740196e-06,9.297395137740193e-07,8.908924205378947e-05,5.233054068080226e-06,5.233054068080226e-07,100
EU Power Grid,adap_betweenness,,40820,0.3118887530562347,9.680623471881822e-05,9.53288878982505e-06,9.53288878982505e-07,8.886002444987748e-05,5.281844246716533e-06,5.281844246716534e-07,100
EU Power Grid,adap_betweenness,,40950,0.3128820293398532,9.596577017114169e-05,9.671981718507984e-06,9.671981718507983e-07,8.870721271393618e-05,5.308571016971121e-06,5.308571016971121e-07,100
EU Power Grid,adap_betweenness,,41080,0.3138753056234719,9.53545232273773e-05,9.80278831374311e-06,9.802788313743112e-07,8.786674816625891e-05,5.590453650648212e-06,5.590453650648213e-07,100
EU Power Grid,adap_betweenness,,41210,0.3148685819070904,9.466687041564159e-05,9.335372265552031e-06,9.335372265552034e-07,8.70262836185819e-05,5.196302652881744e-06,5.196302652881744e-07,100
EU Power Grid,adap_betweenness,,41340,0.315861858190709,9.436124694375894e-05,9.614194217681291e-06,9.61419421768129e-07,8.672066014669926e-05,5.250491067667146e-06,5.250491067667146e-07,100
EU Power Grid,adap_betweenness,,41470,0.3168551344743276,9.359718826405404e-05,8.847618361609943e-06,8.847618361609941e-07,8.595660146699265e-05,5.136953520303996e-06,5.136953520303996e-07,100
EU Power Grid,adap_betweenness,,41600,0.3178484107579462,9.298594132028876e-05,9.154221910568457e-06,9.154221910568457e-07,8.542176039119803e-05,5.137527449529886e-06,5.137527449529887e-07,100
EU Power Grid,adap_betweenness,,41730,0.3188416870415647,9.275672371637678e-05,9.34326473772578e-06,9.34326473772578e-07,8.526894865525671e-05,5.1764053539609194e-06,5.17640535396092e-07,100
EU Power Grid,adap_betweenness,,41860,0.3198349633251833,9.206907090464175e-05,9.23886034985146e-06,9.238860349851462e-07,8.47341075794621e-05,5.104710498631114e-06,5.104710498631115e-07,100
EU Power Grid,adap_betweenness,,41990,0.3208282396088019,9.183985330072976e-05,9.277394913341702e-06,9.277394913341702e-07,8.427567237163813e-05,5.370416243839251e-06,5.370416243839248e-07,100
EU Power Grid,adap_betweenness,,42120,0.3218215158924205,9.13814180929058e-05,9.33695129370774e-06,9.336951293707739e-07,8.389364303178482e-05,5.318004537953615e-06,5.318004537953615e-07,100
EU Power Grid,adap_betweenness,,42250,0.3228147921760391,9.077017114914076e-05,9.104162285844778e-06,9.104162285844779e-07,8.320599022004889e-05,5.308571016971957e-06,5.308571016971958e-07,100
EU Power Grid,adap_betweenness,,42380,0.3238080684596576,8.985330073349309e-05,9.158408022783596e-06,9.1584080227836e-07,8.213630806845965e-05,4.780187917236819e-06,4.780187917236827e-07,100
EU Power Grid,adap_betweenness,,42510,0.3248013447432762,8.886002444987523e-05,8.866260365434412e-06,8.866260365434412e-07,8.183068459657701e-05,4.770308933973338e-06,4.770308933973338e-07,100
EU Power Grid,adap_betweenness,,42640,0.3257946210268948,8.832518337408061e-05,9.106752743228139e-06,9.106752743228137e-07,8.137224938875304e-05,4.9019956656433136e-06,4.901995665643315e-07,100
EU Power Grid,adap_betweenness,,42770,0.3267878973105134,8.779034229828599e-05,9.246516336539872e-06,9.246516336539876e-07,8.121943765281173e-05,4.935563159449458e-06,4.935563159449458e-07,100
EU Power Grid,adap_betweenness,,42900,0.327781173594132,8.702628361857961e-05,8.191457174669698e-06,8.191457174669698e-07,8.091381418092909e-05,4.987855680845812e-06,4.987855680845811e-07,100
EU Power Grid,adap_betweenness,,43030,0.3287744498777505,8.588019559901996e-05,7.840185128932432e-06,7.840185128932432e-07,7.969132029339853e-05,4.511091083373569e-06,4.5110910833735725e-07,100
EU Power Grid,adap_betweenness,,43160,0.3297677261613692,8.565097799510796e-05,7.701698628483531e-06,7.701698628483535e-07,7.953850855745721e-05,4.490127433090324e-06,4.4901274330903263e-07,100
EU Power Grid,adap_betweenness,,43290,0.3307610024449877,8.5192542787284e-05,7.783949893493867e-06,7.783949893493869e-07,7.946210268948656e-05,4.477633827381472e-06,4.4776338273814757e-07,100
EU Power Grid,adap_betweenness,,43420,0.3317542787286063,8.496332518337202e-05,7.700550064070347e-06,7.700550064070356e-07,7.87744498777506e-05,4.018880867476436e-06,4.0188808674764364e-07,100
EU Power Grid,adap_betweenness,,43550,0.3327475550122249,8.473410757946005e-05,7.762709175892938e-06,7.76270917589294e-07,7.846882640586797e-05,4.0422891811534695e-06,4.042289181153468e-07,100
EU Power Grid,adap_betweenness,,43680,0.3337408312958435,8.458129584351872e-05,7.774853834419912e-06,7.774853834419914e-07,7.808679706601467e-05,4.286549476890321e-06,4.2865494768903215e-07,100
EU Power Grid,adap_betweenness,,43810,0.3347341075794621,8.40464547677241e-05,7.831154388600638e-06,7.831154388600637e-07,7.778117359413202e-05,4.395224499765598e-06,4.3952244997656043e-07,100
EU Power Grid,adap_betweenness,,43940,0.3357273838630806,8.381723716381212e-05,8.013882959504415e-06,8.013882959504415e-07,7.747555012224939e-05,4.4802669554111055e-06,4.480266955411103e-07,100
EU Power Grid,adap_betweenness,,44070,0.3367206601466992,8.343520782395882e-05,8.030421982035479e-06,8.030421982035482e-07,7.732273838630807e-05,4.514357859877724e-06,4.5143578598777243e-07,100
EU Power Grid,adap_betweenness,,44200,0.3377139364303178,8.29767726161351e-05,7.757009821822789e-06,7.757009821822788e-07,7.68643031784841e-05,4.3194390855158565e-06,4.319439085515854e-07,100
EU Power Grid,adap_betweenness,,44330,0.3387072127139364,8.213630806845874e-05,7.0693416318269694e-06,7.06934163182697e-07,7.655867970660146e-05,4.341227062776636e-06,4.3412270627766364e-07,100
EU Power Grid,adap_betweenness,,44460,0.339700488997555,8.205990220048809e-05,7.0897486223451274e-06,7.089748622345126e-07,7.648227383863081e-05,4.410626415403716e-06,4.4106264154037156e-07,100
EU Power Grid,adap_betweenness,,44590,0.3406937652811735,8.160146699266412e-05,7.193784498108337e-06,7.193784498108333e-07,7.602383863080683e-05,4.394553626755554e-06,4.394553626755551e-07,100
EU Power Grid,adap_betweenness,,44720,0.3416870415647921,8.160146699266412e-05,7.193784498108337e-06,7.193784498108333e-07,7.579462102689487e-05,4.435291185244379e-06,4.435291185244378e-07,100
EU Power Grid,adap_betweenness,,44850,0.3426803178484107,8.14486552567228e-05,7.221600895858596e-06,7.221600895858599e-07,7.541259168704157e-05,4.431966129536557e-06,4.4319661295365586e-07,100
EU Power Grid,adap_betweenness,,44980,0.3436735941320293,8.099022004889884e-05,7.523929766458803e-06,7.523929766458804e-07,7.518337408312959e-05,4.57147104104039e-06,4.571471041040391e-07,100
EU Power Grid,adap_betweenness,,45110,0.3446668704156478,8.045537897310423e-05,7.790008032282762e-06,7.790008032282761e-07,7.49541564792176e-05,4.6955541032355925e-06,4.695554103235589e-07,100
EU Power Grid,adap_betweenness,,45240,0.3456601466992665,8.022616136919223e-05,7.868714097557707e-06,7.868714097557707e-07,7.480134474327628e-05,4.770308933973345e-06,4.770308933973345e-07,100
EU Power Grid,adap_betweenness,,45370,0.346653422982885,7.969132029339762e-05,7.543888732012434e-06,7.543888732012432e-07,7.4190097799511e-05,4.892362650850279e-06,4.89236265085028e-07,100
EU Power Grid,adap_betweenness,,45500,0.3476466992665036,7.946210268948565e-05,7.679078661817434e-06,7.679078661817433e-07,7.396088019559901e-05,4.842083832396018e-06,4.842083832396017e-07,100
EU Power Grid,adap_betweenness,,45630,0.3486399755501222,7.915647921760299e-05,7.642130194067137e-06,7.642130194067137e-07,7.365525672371638e-05,4.798041730380314e-06,4.798041730380313e-07,100
EU Power Grid,adap_betweenness,,45760,0.3496332518337408,7.915647921760299e-05,7.642130194067137e-06,7.642130194067137e-07,7.334963325183373e-05,4.733702003283338e-06,4.7337020032833373e-07,100
EU Power Grid,adap_betweenness,,45890,0.3506265281173594,7.854523227383772e-05,7.685219469405494e-06,7.685219469405495e-07,7.296760391198044e-05,4.901995665643324e-06,4.90199566564332e-07,100
EU Power Grid,adap_betweenness,,46020,0.3516198044009779,7.808679706601376e-05,7.250937242352853e-06,7.250937242352854e-07,7.273838630806845e-05,4.9146103435658285e-06,4.914610343565828e-07,100
EU Power Grid,adap_betweenness,,46150,0.3526130806845965,7.808679706601376e-05,7.250937242352853e-06,7.250937242352854e-07,7.235635696821516e-05,4.911609787486891e-06,4.91160978748689e-07,100
EU Power Grid,adap_betweenness,,46280,0.3536063569682151,7.778117359413113e-05,7.23465395828724e-06,7.234653958287244e-07,7.220354523227384e-05,4.7801879172368335e-06,4.780187917236836e-07,100
EU Power Grid,adap_betweenness,,46410,0.3545996332518337,7.76283618581898e-05,7.180657143194786e-06,7.180657143194788e-07,7.174511002444988e-05,4.8439102298328435e-06,4.843910229832841e-07,100
EU Power Grid,adap_betweenness,,46540,0.3555929095354523,7.755195599021915e-05,7.1522692964794415e-06,7.152269296479441e-07,7.15158924205379e-05,4.798041730380315e-06,4.798041730380313e-07,100
EU Power Grid,adap_betweenness,,46670,0.3565861858190708,7.701711491442452e-05,7.259065187110978e-06,7.25906518711098e-07,7.098105134474327e-05,4.892362650850281e-06,4.892362650850281e-07,100
EU Power Grid,adap_betweenness,,46800,0.3575794621026894,7.663508557457122e-05,7.321750832395877e-06,7.321750832395879e-07,7.082823960880195e-05,4.959400840554489e-06,4.959400840554489e-07,100
EU Power Grid,adap_betweenness,,46930,0.358572738386308,7.640586797065924e-05,7.445142990480949e-06,7.445142990480951e-07,7.067542787286063e-05,4.90199566564332e-06,4.901995665643321e-07,100
EU Power Grid,adap_betweenness,,47060,0.3595660146699266,7.632946210268857e-05,7.405037125690432e-06,7.405037125690432e-07,7.021699266503667e-05,4.819501355773379e-06,4.819501355773381e-07,100
EU Power Grid,adap_betweenness,,47190,0.3605592909535452,7.548899755501222e-05,6.6307410238085244e-06,6.630741023808527e-07,6.952933985330074e-05,4.6710011951341065e-06,4.671001195134108e-07,100
EU Power Grid,adap_betweenness,,47320,0.3615525672371638,7.464853300733496e-05,6.769359376727782e-06,6.769359376727782e-07,6.930012224938874e-05,4.511091083373578e-06,4.5110910833735794e-07,100
EU Power Grid,adap_betweenness,,47450,0.3625458435207823,7.449572127139364e-05,6.727416382236623e-06,6.727416382236623e-07,6.899449877750611e-05,4.7900465261465014e-06,4.790046526146499e-07,100
EU Power Grid,adap_betweenness,,47580,0.3635391198044009,7.411369193154033e-05,6.911170795639445e-06,6.911170795639445e-07,6.88416870415648e-05,4.794968229500975e-06,4.794968229500974e-07,100
EU Power Grid,adap_betweenness,,47710,0.3645323960880195,7.365525672371638e-05,7.081426341487646e-06,7.081426341487645e-07,6.838325183374083e-05,4.901995665643322e-06,4.901995665643323e-07,100
EU Power Grid,adap_betweenness,,47840,0.3655256723716381,7.258557457212714e-05,7.244428320720349e-06,7.244428320720352e-07,6.769559902200489e-05,4.978981012145379e-06,4.978981012145381e-07,100
EU Power Grid,adap_betweenness,,47970,0.3665189486552567,7.250916870415647e-05,7.244021318932299e-06,7.244021318932299e-07,6.723716381418092e-05,4.856675780590834e-06,4.856675780590835e-07,100
EU Power Grid,adap_betweenness,,48100,0.3675122249388752,7.243276283618582e-05,7.242800176341835e-06,7.242800176341834e-07,6.685513447432762e-05,4.901995665643324e-06,4.901995665643323e-07,100
EU Power Grid,adap_betweenness,,48230,0.3685055012224938,7.197432762836186e-05,6.6218418907905435e-06,6.621841890790546e-07,6.6320293398533e-05,5.079813559937872e-06,5.079813559937873e-07,100
EU Power Grid,adap_betweenness,,48360,0.3694987775061124,7.159229828850856e-05,6.751914793220853e-06,6.751914793220854e-07,6.601466992665036e-05,5.037850177431712e-06,5.037850177431707e-07,100
EU Power Grid,adap_betweenness,,48490,0.370492053789731,7.098105134474327e-05,6.4517971942527745e-06,6.451797194252773e-07,6.570904645476773e-05,5.093724531377344e-06,5.093724531377344e-07,100
EU Power Grid,adap_betweenness,,48620,0.3714853300733496,7.067542787286063e-05,6.459104909685173e-06,6.45910490968517e-07,6.570904645476773e-05,5.093724531377344e-06,5.093724531377344e-07,100
EU Power Grid,adap_betweenness,,48750,0.3724786063569681,7.059902200488998e-05,6.435782638027595e-06,6.435782638027594e-07,6.563264058679707e-05,5.10471049863112e-06,5.104710498631121e-07,100
EU Power Grid,adap_betweenness,,48880,0.3734718826405868,7.059902200488998e-05,6.435782638027595e-06,6.435782638027594e-07,6.547982885085575e-05,4.887539023696822e-06,4.88753902369682e-07,100
EU Power Grid,adap_betweenness,,49010,0.3744651589242053,7.006418092909535e-05,6.520889848939603e-06,6.5208898489396e-07,6.509779951100244e-05,5.033165982855438e-06,5.033165982855437e-07,100
EU Power Grid,adap_betweenness,,49140,0.3754584352078239,6.975855745721271e-05,6.393034760374691e-06,6.393034760374693e-07,6.456295843520782e-05,4.9019956656433246e-06,4.901995665643322e-07,100
EU Power Grid,adap_betweenness,,49270,0.3764517114914425,6.975855745721271e-05,6.393034760374691e-06,6.393034760374693e-07,6.441014669926649e-05,5.006735731996263e-06,5.006735731996261e-07,100
EU Power Grid,adap_betweenness,,49400,0.3774449877750611,6.922371638141809e-05,6.408236002939556e-06,6.408236002939558e-07,6.425733496332518e-05,4.987855680845825e-06,4.98785568084582e-07,100
EU Power Grid,adap_betweenness,,49530,0.3784382640586797,6.914731051344743e-05,6.459104909685172e-06,6.459104909685173e-07,6.410452322738386e-05,4.964154640678326e-06,4.964154640678324e-07,100
EU Power Grid,adap_betweenness,,49660,0.3794315403422982,6.88416870415648e-05,6.378259562784888e-06,6.378259562784889e-07,6.372249388753056e-05,4.88331444142123e-06,4.88331444142123e-07,100
EU Power Grid,adap_betweenness,,49790,0.3804248166259168,6.868887530562346e-05,6.470051006919946e-06,6.470051006919941e-07,6.341687041564791e-05,4.671001195134107e-06,4.671001195134108e-07,100
EU Power Grid,adap_betweenness,,49920,0.3814180929095354,6.868887530562346e-05,6.470051006919946e-06,6.470051006919941e-07,6.303484107579462e-05,4.258255111726108e-06,4.2582551117261077e-07,100
EU Power Grid,adap_betweenness,,50050,0.382411369193154,6.868887530562346e-05,6.470051006919946e-06,6.470051006919941e-07,6.280562347188263e-05,4.146702477383673e-06,4.1467024773836703e-07,100
EU Power Grid,adap_betweenness,,50180,0.3834046454767725,6.861246943765281e-05,6.604007649166585e-06,6.604007649166585e-07,6.280562347188263e-05,4.146702477383673e-06,4.1467024773836703e-07,100
EU Power Grid,adap_betweenness,,50310,0.3843979217603911,6.838325183374083e-05,6.459104909685168e-06,6.459104909685172e-07,6.234718826405867e-05,4.022547395807216e-06,4.0225473958072174e-07,100
EU Power Grid,adap_betweenness,,50440,0.3853911980440097,6.815403422982885e-05,6.395340301493449e-06,6.395340301493449e-07,6.2270782396088e-05,3.971650366379668e-06,3.97165036637967e-07,100
EU Power Grid,adap_betweenness,,50570,0.3863844743276283,6.78484107579462e-05,6.4504260759301505e-06,6.450426075930152e-07,6.188875305623471e-05,3.682756751636212e-06,3.6827567516362135e-07,100
EU Power Grid,adap_betweenness,,50700,0.3873777506112469,6.74663814180929e-05,6.429824215335491e-06,6.429824215335489e-07,6.165953545232274e-05,3.8017256414749654e-06,3.8017256414749637e-07,100
EU Power Grid,adap_betweenness,,50830,0.3883710268948654,6.693154034229829e-05,6.616496665737482e-06,6.61649666573748e-07,6.104828850855745e-05,3.838771346238477e-06,3.838771346238475e-07,100
EU Power Grid,adap_betweenness,,50960,0.3893643031784841,6.639669926650366e-05,6.303864137554503e-06,6.303864137554503e-07,6.081907090464547e-05,3.903510671947021e-06,3.9035106719470254e-07,100
EU Power Grid,adap_betweenness,,51090,0.3903575794621026,6.609107579462101e-05,6.367155664221683e-06,6.367155664221679e-07,6.0666259168704155e-05,3.88837486204911e-06,3.8883748620491105e-07,100
EU Power Grid,adap_betweenness,,51220,0.3913508557457212,6.59382640586797e-05,6.393034760374694e-06,6.393034760374693e-07,6.0207823960880185e-05,3.8056013949959903e-06,3.805601394995992e-07,100
EU Power Grid,adap_betweenness,,51350,0.3923441320293398,6.586185819070905e-05,6.311810286138702e-06,6.311810286138704e-07,6.005501222493887e-05,3.765098548817061e-06,3.7650985488170606e-07,100
EU Power Grid,adap_betweenness,,51480,0.3933374083129584,6.486858190709046e-05,5.694439408496216e-06,5.694439408496216e-07,5.9672982885085564e-05,3.869371841149327e-06,3.8693718411493263e-07,100
EU Power Grid,adap_betweenness,,51610,0.394330684596577,6.463936430317849e-05,5.890408964339473e-06,5.890408964339474e-07,5.936735941320293e-05,3.893679088237955e-06,3.893679088237954e-07,100
EU Power Grid,adap_betweenness,,51740,0.3953239608801955,6.425733496332518e-05,6.055770315313711e-06,6.055770315313711e-07,5.906173594132029e-05,3.893679088237954e-06,3.893679088237954e-07,100
EU Power Grid,adap_betweenness,,51870,0.3963172371638141,6.410452322738386e-05,6.228580181649321e-06,6.228580181649321e-07,5.8985330073349626e-05,3.927606645669412e-06,3.927606645669414e-07,100
EU Power Grid,adap_betweenness,,52000,0.3973105134474327,6.410452322738386e-05,6.228580181649321e-06,6.228580181649321e-07,5.860330073349632e-05,4.071360315723502e-06,4.0713603157235057e-07,100
EU Power Grid,adap_betweenness,,52130,0.3983037897310513,6.318765281173593e-05,6.318813295378178e-06,6.318813295378178e-07,5.799205378973105e-05,4.219302596592552e-06,4.2193025965925507e-07,100
EU Power Grid,adap_betweenness,,52260,0.3992970660146699,6.295843520782395e-05,6.249845454102019e-06,6.249845454102022e-07,5.768643031784841e-05,4.11744722062744e-06,4.117447220627441e-07,100
EU Power Grid,adap_betweenness,,52390,0.4002903422982884,6.28820293398533e-05,6.224792083271467e-06,6.224792083271468e-07,5.753361858190708e-05,4.128888568755975e-06,4.1288885687559746e-07,100
EU Power Grid,adap_betweenness,,52520,0.401283618581907,6.280562347188263e-05,6.198686240643228e-06,6.198686240643229e-07,5.738080684596576e-05,4.134597370056643e-06,4.134597370056643e-07,100
EU Power Grid,adap_betweenness,,52650,0.4022768948655256,6.257640586797065e-05,6.3038641375545005e-06,6.303864137554503e-07,5.722799511002444e-05,4.134597370056643e-06,4.134597370056643e-07,100
EU Power Grid,adap_betweenness,,52780,0.4032701711491442,6.2270782396088e-05,6.367155664221681e-06,6.367155664221682e-07,5.707518337408312e-05,3.983510490925674e-06,3.9835104909256705e-07,100
EU Power Grid,adap_betweenness,,52910,0.4042634474327628,6.196515892420537e-05,6.415133750983873e-06,6.415133750983876e-07,5.6922371638141805e-05,4.117447220627444e-06,4.1174472206274416e-07,100
EU Power Grid,adap_betweenness,,53040,0.4052567237163814,6.158312958435207e-05,6.315546190748817e-06,6.31554619074882e-07,5.638753056234718e-05,4.031333458104001e-06,4.0313334581040004e-07,100
EU Power Grid,adap_betweenness,,53170,0.4062499999999999,6.120110024449876e-05,6.378259562784891e-06,6.378259562784891e-07,5.6158312958435195e-05,4.117447220627441e-06,4.1174472206274416e-07,100
EU Power Grid,adap_betweenness,,53300,0.4072432762836185,6.0742665036674814e-05,6.273858961639272e-06,6.273858961639269e-07,5.5776283618581904e-05,3.990166319277917e-06,3.9901663192779165e-07,100
EU Power Grid,adap_betweenness,,53430,0.4082365525672371,6.058985330073349e-05,6.356032367334483e-06,6.35603236733448e-07,5.5623471882640573e-05,3.927606645669413e-06,3.9276066456694134e-07,100
EU Power Grid,adap_betweenness,,53560,0.4092298288508557,6.036063569682151e-05,6.4705066924511605e-06,6.470506692451159e-07,5.531784841075794e-05,3.7807279167500567e-06,3.7807279167500565e-07,100
EU Power Grid,adap_betweenness,,53690,0.4102231051344743,6.005501222493887e-05,6.517724038929342e-06,6.517724038929345e-07,5.516503667481662e-05,3.6955441399438363e-06,3.695544139943836e-07,100
EU Power Grid,adap_betweenness,,53820,0.4112163814180928,5.990220048899755e-05,6.490525183147417e-06,6.490525183147415e-07,5.508863080684595e-05,3.6497845786340473e-06,3.6497845786340455e-07,100
EU Power Grid,adap_betweenness,,53950,0.4122096577017115,5.936735941320293e-05,6.318813295378178e-06,6.318813295378178e-07,5.50122249388753e-05,3.6018071576331893e-06,3.6018071576331897e-07,100
EU Power Grid,adap_betweenness,,54080,0.41320293398533,5.913814180929094e-05,6.481433533939996e-06,6.481433533939996e-07,5.485941320293398e-05,3.6634919808695436e-06,3.6634919808695434e-07,100
EU Power Grid,adap_betweenness,,54210,0.4141962102689486,5.890892420537897e-05,6.542556993840929e-06,6.542556993840932e-07,5.470660146699266e-05,3.7178162391029598e-06,3.717816239102959e-07,100
EU Power Grid,adap_betweenness,,54340,0.4151894865525672,5.890892420537897e-05,6.542556993840929e-06,6.542556993840932e-07,5.4630195599021996e-05,3.820293398533009e-06,3.8202933985330096e-07,100
EU Power Grid,adap_betweenness,,54470,0.4161827628361857,5.852689486552567e-05,6.535793727162389e-06,6.535793727162389e-07,5.401894865525672e-05,3.953793473986358e-06,3.9537934739863567e-07,100
EU Power Grid,adap_betweenness,,54600,0.4171760391198044,5.852689486552567e-05,6.535793727162389e-06,6.535793727162389e-07,5.3484107579462094e-05,3.915577194304237e-06,3.915577194304237e-07,100
EU Power Grid,adap_betweenness,,54730,0.4181693154034229,5.8374083129584346e-05,6.652050369658272e-06,6.652050369658273e-07,5.317848410757945e-05,3.9035106719470254e-06,3.9035106719470265e-07,100
EU Power Grid,adap_betweenness,,54860,0.4191625916870415,5.80684596577017e-05,6.424778156956923e-06,6.424778156956923e-07,5.3102078239608796e-05,3.8202933985330095e-06,3.8202933985330086e-07,100
EU Power Grid,adap_betweenness,,54990,0.4201558679706601,5.7762836185819066e-05,6.3620599005688684e-06,6.362059900568868e-07,5.294926650366747e-05,3.953793473986356e-06,3.9537934739863567e-07,100
EU Power Grid,adap_betweenness,,55120,0.4211491442542787,5.676955990220048e-05,5.973415064018911e-06,5.973415064018911e-07,5.2567237163814175e-05,3.957520304367916e-06,3.9575203043679153e-07,100
EU Power Grid,adap_betweenness,,55250,0.4221424205378972,5.65403422982885e-05,6.1432629294572875e-06,6.143262929457289e-07,5.2567237163814175e-05,3.957520304367916e-06,3.9575203043679153e-07,100
EU Power Grid,adap_betweenness,,55380,0.4231356968215158,5.646393643031784e-05,6.228580181649319e-06,6.22858018164932e-07,5.233801955990219e-05,3.820293398533008e-06,3.8202933985330086e-07,100
EU Power Grid,adap_betweenness,,55510,0.4241289731051344,5.6158312958435195e-05,6.179153768005167e-06,6.17915376800517e-07,5.2108801955990205e-05,3.972392661567234e-06,3.9723926615672334e-07,100
EU Power Grid,adap_betweenness,,55640,0.425122249388753,5.600550122249388e-05,6.051874049627864e-06,6.051874049627863e-07,5.165036674816625e-05,3.93360757605307e-06,3.9336075760530686e-07,100
EU Power Grid,adap_betweenness,,55770,0.4261155256723716,5.585268948655256e-05,5.917874883536343e-06,5.917874883536343e-07,5.134474327628361e-05,3.927606645669413e-06,3.9276066456694134e-07,100
EU Power Grid,adap_betweenness,,55900,0.4271088019559901,5.554706601466992e-05,6.03235497266046e-06,6.03235497266046e-07,5.119193154034229e-05,3.990166319277915e-06,3.9901663192779165e-07,100
EU Power Grid,adap_betweenness,,56030,0.4281020782396088,5.547066014669926e-05,6.106678371039889e-06,6.106678371039888e-07,5.1039119804400975e-05,4.045934496333034e-06,4.045934496333035e-07,100
EU Power Grid,adap_betweenness,,56160,0.4290953545232273,5.531784841075794e-05,6.154770768945894e-06,6.154770768945892e-07,5.088630806845965e-05,4.095188645527807e-06,4.095188645527807e-07,100
EU Power Grid,adap_betweenness,,56290,0.4300886308068459,5.470660146699266e-05,5.920365466906372e-06,5.920365466906372e-07,5.065709046454767e-05,4.157354183802667e-06,4.157354183802666e-07,100
EU Power Grid,adap_betweenness,,56420,0.4310819070904645,5.4324572127139356e-05,6.0362638374624556e-06,6.036263837462453e-07,5.042787286063569e-05,4.06338648745653e-06,4.06338648745653e-07,100
EU Power Grid,adap_betweenness,,56550,0.432075183374083,5.401894865525672e-05,6.071330373891455e-06,6.071330373891453e-07,5.035146699266503e-05,4.077149668545877e-06,4.0771496685458774e-07,100
EU Power Grid,adap_betweenness,,56680,0.4330684596577017,5.356051344743275e-05,6.094595975500775e-06,6.094595975500777e-07,5.012224938875305e-05,4.109562816243201e-06,4.109562816243201e-07,100
EU Power Grid,adap_betweenness,,56810,0.4340617359413202,5.356051344743275e-05,6.094595975500775e-06,6.094595975500777e-07,4.9969437652811726e-05,4.1238868848257266e-06,4.123886884825727e-07,100
EU Power Grid,adap_betweenness,,56940,0.4350550122249388,5.317848410757945e-05,5.940252541610944e-06,5.940252541610943e-07,4.966381418092908e-05,4.135310416085927e-06,4.135310416085925e-07,100
EU Power Grid,adap_betweenness,,57070,0.4360482885085574,5.3102078239608796e-05,5.985249478916876e-06,5.985249478916874e-07,4.920537897310512e-05,3.9634759440117545e-06,3.9634759440117554e-07,100
EU Power Grid,adap_betweenness,,57200,0.437041564792176,5.294926650366747e-05,6.071330373891454e-06,6.071330373891453e-07,4.889975550122248e-05,3.7619648832314428e-06,3.761964883231442e-07,100
EU Power Grid,adap_betweenness,,57330,0.4380348410757946,5.2796454767726156e-05,6.152375077457778e-06,6.152375077457778e-07,4.8746943765281166e-05,3.7273206847078514e-06,3.7273206847078516e-07,100
EU Power Grid,adap_betweenness,,57460,0.4390281173594131,5.241442542787285e-05,5.645036918447702e-06,5.645036918447701e-07,4.836491442542786e-05,3.610800447931395e-06,3.610800447931396e-07,100
EU Power Grid,adap_betweenness,,57590,0.4400213936430317,5.2108801955990205e-05,5.362174769480279e-06,5.362174769480279e-07,4.805929095354523e-05,3.484474492451626e-06,3.484474492451627e-07,100
EU Power Grid,adap_betweenness,,57720,0.4410146699266503,5.2108801955990205e-05,5.362174769480279e-06,5.362174769480279e-07,4.805929095354523e-05,3.484474492451626e-06,3.484474492451627e-07,100
EU Power Grid,adap_betweenness,,57850,0.4420079462102689,5.203239608801955e-05,5.396704385803052e-06,5.39670438580305e-07,4.7906479217603905e-05,3.4091995976350397e-06,3.409199597635038e-07,100
EU Power Grid,adap_betweenness,,57980,0.4430012224938875,5.149755501222493e-05,5.16500105424253e-06,5.165001054242531e-07,4.7753667481662575e-05,3.325138599398263e-06,3.3251385993982644e-07,100
EU Power Grid,adap_betweenness,,58110,0.4439944987775061,5.1039119804400975e-05,4.461802426630328e-06,4.4618024266303285e-07,4.721882640586795e-05,2.950205682039802e-06,2.950205682039802e-07,100
EU Power Grid,adap_betweenness,,58240,0.4449877750611246,5.080990220048899e-05,4.394553626755556e-06,4.394553626755555e-07,4.698960880195598e-05,2.949206120539982e-06,2.949206120539981e-07,100
EU Power Grid,adap_betweenness,,58370,0.4459810513447432,5.050427872860635e-05,4.463784422327384e-06,4.463784422327384e-07,4.6683985330073345e-05,2.636732176053333e-06,2.6367321760533326e-07,100
EU Power Grid,adap_betweenness,,58500,0.4469743276283618,5.035146699266503e-05,4.490127433090335e-06,4.490127433090335e-07,4.6683985330073345e-05,2.636732176053333e-06,2.6367321760533326e-07,100
EU Power Grid,adap_betweenness,,58630,0.4479676039119803,5.01986552567237e-05,4.51109108337358e-06,4.5110910833735804e-07,4.6531173594132015e-05,2.4512985503042747e-06,2.451298550304274e-07,100
EU Power Grid,adap_betweenness,,58760,0.448960880195599,5.0045843520782384e-05,4.526750110213649e-06,4.526750110213649e-07,4.5919926650366735e-05,2.302443396392299e-06,2.3024433963922992e-07,100
EU Power Grid,adap_betweenness,,58890,0.4499541564792175,4.9969437652811726e-05,4.532608298155079e-06,4.532608298155079e-07,4.584352078239608e-05,2.428337890295415e-06,2.4283378902954154e-07,100
EU Power Grid,adap_betweenness,,59020,0.4509474327628361,4.9740220048899744e-05,4.542355155439295e-06,4.5423551554392957e-07,4.584352078239608e-05,2.428337890295415e-06,2.4283378902954154e-07,100
EU Power Grid,adap_betweenness,,59150,0.4519407090464547,4.9358190709046446e-05,4.660890791082019e-06,4.6608907910820174e-07,4.576711491442542e-05,2.545704337797181e-06,2.5457043377971804e-07,100
EU Power Grid,adap_betweenness,,59280,0.4529339853300733,4.897616136919314e-05,4.356819870444669e-06,4.35681987044467e-07,4.56143031784841e-05,2.759130471379108e-06,2.759130471379108e-07,100
EU Power Grid,adap_betweenness,,59410,0.4539272616136919,4.86705378973105e-05,4.296854522958673e-06,4.296854522958673e-07,4.530867970660146e-05,2.925114176165402e-06,2.925114176165402e-07,100
EU Power Grid,adap_betweenness,,59540,0.4549205378973104,4.8212102689486545e-05,4.3023404550019e-06,4.3023404550019007e-07,4.515586797066014e-05,3.089815452157371e-06,3.0898154521573707e-07,100
EU Power Grid,adap_betweenness,,59670,0.4559138141809291,4.805929095354523e-05,4.2471622759191115e-06,4.2471622759191116e-07,4.492665036674816e-05,3.3082483328687372e-06,3.3082483328687365e-07,100
EU Power Grid,adap_betweenness,,59800,0.4569070904645476,4.783007334963324e-05,4.152386787766215e-06,4.152386787766214e-07,4.4391809290953536e-05,3.551521995046845e-06,3.5515219950468466e-07,100
EU Power Grid,adap_betweenness,,59930,0.4579003667481662,4.75244498777506e-05,3.8518062609848515e-06,3.8518062609848506e-07,4.3780562347188256e-05,3.577989222790328e-06,3.57798922279033e-07,100
EU Power Grid,adap_betweenness,,60060,0.4588936430317848,4.744804400977994e-05,3.959754718945688e-06,3.9597547189456887e-07,4.37041564792176e-05,3.614880910808646e-06,3.614880910808646e-07,100
EU Power Grid,adap_betweenness,,60190,0.4598869193154034,4.729523227383862e-05,4.163023950070078e-06,4.163023950070078e-07,4.347493887530561e-05,3.7138488745761327e-06,3.713848874576131e-07,100
EU Power Grid,adap_betweenness,,60320,0.4608801955990219,4.7218826405867967e-05,4.258947454647798e-06,4.258947454647797e-07,4.3245721271393635e-05,3.7962929389974706e-06,3.796292938997473e-07,100
EU Power Grid,adap_betweenness,,60450,0.4618734718826405,4.683679706601466e-05,4.157354183802663e-06,4.1573541838026633e-07,4.301650366748165e-05,3.86327113283597e-06,3.8632711328359706e-07,100
EU Power Grid,adap_betweenness,,60580,0.4628667481662591,4.645476772616136e-05,4.0166793439655915e-06,4.0166793439655917e-07,4.278728606356968e-05,3.91557719430423e-06,3.91557719430423e-07,100
EU Power Grid,adap_betweenness,,60710,0.4638600244498777,4.6149144254278724e-05,4.194773596963495e-06,4.1947735969634954e-07,4.271088019559901e-05,3.9298580684084285e-06,3.9298580684084284e-07,100
EU Power Grid,adap_betweenness,,60840,0.4648533007334963,4.59963325183374e-05,4.341227062776637e-06,4.3412270627766364e-07,4.2558068459657697e-05,3.953793473986349e-06,3.9537934739863493e-07,100
EU Power Grid,adap_betweenness,,60970,0.4658465770171148,4.576711491442542e-05,4.410626415403716e-06,4.4106264154037156e-07,4.2328850855745715e-05,3.978326037034761e-06,3.9783260370347614e-07,100
EU Power Grid,adap_betweenness,,61100,0.4668398533007334,4.515586797066014e-05,4.49012743309033e-06,4.4901274330903306e-07,4.187041564792176e-05,3.987209545015417e-06,3.987209545015416e-07,100
EU Power Grid,adap_betweenness,,61230,0.467833129584352,4.500305623471882e-05,4.46378442232738e-06,4.463784422327379e-07,4.1794009779951093e-05,3.983510490925666e-06,3.9835104909256647e-07,100
EU Power Grid,adap_betweenness,,61360,0.4688264058679706,4.477383863080684e-05,4.610006179349172e-06,4.610006179349173e-07,4.1488386308068454e-05,3.95379347398635e-06,3.95379347398635e-07,100
EU Power Grid,adap_betweenness,,61490,0.4698196821515892,4.454462102689485e-05,4.484871209534873e-06,4.4848712095348736e-07,4.1182762836185814e-05,3.899732226891617e-06,3.899732226891618e-07,100
EU Power Grid,adap_betweenness,,61620,0.4708129584352077,4.4315403422982884e-05,4.477633827381478e-06,4.4776338273814773e-07,4.110635696821515e-05,3.882304015470688e-06,3.8823040154706883e-07,100
EU Power Grid,adap_betweenness,,61750,0.4718062347188264,4.393337408312958e-05,4.526750110213643e-06,4.526750110213644e-07,4.095354523227383e-05,3.8426097347048816e-06,3.8426097347048817e-07,100
EU Power Grid,adap_betweenness,,61880,0.4727995110024449,4.3780562347188256e-05,4.45849714250632e-06,4.4584971425063187e-07,4.0877139364303174e-05,3.820293398533004e-06,3.8202933985330017e-07,100
EU Power Grid,adap_betweenness,,62010,0.4737927872860635,4.362775061124694e-05,4.516316791564572e-06,4.516316791564572e-07,4.080073349633251e-05,3.7962929389974744e-06,3.7962929389974724e-07,100
EU Power Grid,adap_betweenness,,62140,0.4747860635696821,4.339853300733496e-05,4.32762243182043e-06,4.327622431820428e-07,4.041870415647922e-05,3.484474492451621e-06,3.4844744924516197e-07,100
EU Power Grid,adap_betweenness,,62270,0.4757793398533007,4.339853300733496e-05,4.32762243182043e-06,4.327622431820428e-07,4.041870415647922e-05,3.484474492451621e-06,3.4844744924516197e-07,100
EU Power Grid,adap_betweenness,,62400,0.4767726161369193,4.301650366748165e-05,4.296854522958667e-06,4.296854522958667e-07,3.980745721271393e-05,3.127751992209136e-06,3.1277519922091363e-07,100
EU Power Grid,adap_betweenness,,62530,0.4777658924205378,4.278728606356968e-05,4.343942876031177e-06,4.343942876031178e-07,3.973105134474328e-05,3.071631464728639e-06,3.0716314647286385e-07,100
EU Power Grid,adap_betweenness,,62660,0.4787591687041564,4.278728606356968e-05,4.343942876031177e-06,4.343942876031178e-07,3.9578239608801956e-05,2.950205682039796e-06,2.950205682039796e-07,100
EU Power Grid,adap_betweenness,,62790,0.479752444987775,4.271088019559901e-05,4.356819870444664e-06,4.356819870444664e-07,3.950183374083129e-05,2.884513814705353e-06,2.8845138147053517e-07,100
EU Power Grid,adap_betweenness,,62920,0.4807457212713936,4.2634474327628355e-05,4.368309216042519e-06,4.36830921604252e-07,3.911980440097799e-05,2.4954051984343656e-06,2.495405198434367e-07,100
EU Power Grid,adap_betweenness,,63050,0.4817389975550122,4.2328850855745715e-05,4.264482151531001e-06,4.2644821515310003e-07,3.9043398533007335e-05,2.4027050560453828e-06,2.4027050560453827e-07,100
EU Power Grid,adap_betweenness,,63180,0.4827322738386307,4.2023227383863075e-05,4.275530051265875e-06,4.275530051265876e-07,3.896699266503667e-05,2.3037235985464793e-06,2.3037235985464788e-07,100
EU Power Grid,adap_betweenness,,63310,0.4837255501222493,4.133557457212714e-05,3.929858068408429e-06,3.9298580684084294e-07,3.889058679706601e-05,2.197612249882801e-06,2.1976122498828008e-07,100
EU Power Grid,adap_betweenness,,63440,0.4847188264058679,4.1182762836185814e-05,3.899732226891616e-06,3.899732226891618e-07,3.881418092909535e-05,2.083281818034002e-06,2.0832818180340033e-07,100
EU Power Grid,adap_betweenness,,63570,0.4857121026894865,4.0877139364303174e-05,3.820293398533003e-06,3.820293398533003e-07,3.881418092909535e-05,2.083281818034002e-06,2.0832818180340033e-07,100
EU Power Grid,adap_betweenness,,63700,0.486705378973105,4.080073349633251e-05,3.796292938997472e-06,3.7962929389974714e-07,3.8737775061124695e-05,1.9592940095984307e-06,1.9592940095984294e-07,100
EU Power Grid,adap_betweenness,,63830,0.4876986552567237,4.072432762836186e-05,3.770576196905507e-06,3.770576196905507e-07,3.858496332518337e-05,1.673616393318994e-06,1.6736163933189946e-07,100
EU Power Grid,adap_betweenness,,63960,0.4886919315403422,4.064792176039119e-05,3.743107797651551e-06,3.743107797651551e-07,3.858496332518337e-05,1.673616393318994e-06,1.6736163933189946e-07,100
EU Power Grid,adap_betweenness,,64090,0.4896852078239608,4.057151589242054e-05,3.7138488745761323e-06,3.7138488745761323e-07,3.858496332518337e-05,1.673616393318994e-06,1.6736163933189946e-07,100
EU Power Grid,adap_betweenness,,64220,0.4906784841075794,4.034229828850855e-05,3.614880910808647e-06,3.6148809108086454e-07,3.850855745721271e-05,1.5047859532925747e-06,1.5047859532925737e-07,100
EU Power Grid,adap_betweenness,,64350,0.491671760391198,4.0189486552567236e-05,3.5390473446479723e-06,3.5390473446479724e-07,3.827933985330073e-05,1.715376235644166e-06,1.7153762356441656e-07,100
EU Power Grid,adap_betweenness,,64480,0.4926650366748166,4.003667481662591e-05,3.4547320614941216e-06,3.4547320614941213e-07,3.820293398533007e-05,1.880982441615719e-06,1.880982441615719e-07,100
EU Power Grid,adap_betweenness,,64610,0.4936583129584351,3.9960268948655254e-05,3.4091995976350325e-06,3.4091995976350334e-07,3.820293398533007e-05,1.880982441615719e-06,1.880982441615719e-07,100
EU Power Grid,adap_betweenness,,64740,0.4946515892420537,3.9578239608801956e-05,3.1437363992912613e-06,3.143736399291261e-07,3.805012224938875e-05,2.1665347049880686e-06,2.1665347049880678e-07,100
EU Power Grid,adap_betweenness,,64870,0.4956448655256723,3.942542787286063e-05,3.2068773974180864e-06,3.206877397418087e-07,3.797371638141809e-05,2.292176039119805e-06,2.292176039119804e-07,100
EU Power Grid,adap_betweenness,,65000,0.4966381418092909,3.942542787286063e-05,3.2068773974180864e-06,3.206877397418087e-07,3.797371638141809e-05,2.292176039119805e-06,2.292176039119804e-07,100
EU Power Grid,adap_betweenness,,65130,0.4976314180929095,3.942542787286063e-05,3.2068773974180864e-06,3.206877397418087e-07,3.797371638141809e-05,2.292176039119805e-06,2.292176039119804e-07,100
EU Power Grid,adap_betweenness,,65260,0.498624694376528,3.9349022004889974e-05,3.1427983904984006e-06,3.142798390498401e-07,3.789731051344743e-05,2.15014202531005e-06,2.15014202531005e-07,100
EU Power Grid,adap_betweenness,,65390,0.4996179706601466,3.9349022004889974e-05,3.1427983904984006e-06,3.142798390498401e-07,3.751528117359413e-05,2.6810873847401395e-06,2.681087384740139e-07,100
EU Power Grid,adap_betweenness,,65520,0.5006112469437652,3.927261613691931e-05,3.2615751005668515e-06,3.2615751005668516e-07,3.736246943765281e-05,2.8516173568913173e-06,2.8516173568913175e-07,100
EU Power Grid,adap_betweenness,,65650,0.5016045232273838,3.919621026894866e-05,3.1949028026292475e-06,3.1949028026292487e-07,3.713325183374083e-05,2.8773498523571887e-06,2.8773498523571887e-07,100
EU Power Grid,adap_betweenness,,65780,0.5025977995110024,3.911980440097799e-05,3.124922727051006e-06,3.1249227270510056e-07,3.675122249388753e-05,3.2022770831899927e-06,3.202277083189992e-07,100
EU Power Grid,adap_betweenness,,65910,0.503591075794621,3.9043398533007335e-05,3.238896650697821e-06,3.238896650697821e-07,3.652200488997555e-05,3.361296851885515e-06,3.3612968518855134e-07,100
EU Power Grid,adap_betweenness,,66040,0.5045843520782396,3.896699266503667e-05,3.166165243011718e-06,3.166165243011718e-07,3.621638141809291e-05,3.539047344647976e-06,3.539047344647977e-07,100
EU Power Grid,adap_betweenness,,66170,0.5055776283618582,3.889058679706601e-05,3.089815452157371e-06,3.0898154521573707e-07,3.6139975550122246e-05,3.5779892227903346e-06,3.5779892227903356e-07,100
EU Power Grid,adap_betweenness,,66300,0.5065709046454767,3.8737775061124695e-05,3.3037891741728247e-06,3.3037891741728254e-07,3.598716381418093e-05,3.6497845786340448e-06,3.649784578634046e-07,100
EU Power Grid,adap_betweenness,,66430,0.5075641809290953,3.8661369193154036e-05,3.4031403324207457e-06,3.403140332420744e-07,3.575794621026895e-05,3.7431077976515577e-06,3.7431077976515566e-07,100
EU Power Grid,adap_betweenness,,66560,0.5085574572127138,3.850855745721271e-05,3.5886857764683924e-06,3.588685776468391e-07,3.5528728606356966e-05,3.820293398533008e-06,3.8202933985330086e-07,100
EU Power Grid,adap_betweenness,,66690,0.5095507334963325,3.850855745721271e-05,3.5886857764683924e-06,3.588685776468391e-07,3.5528728606356966e-05,3.820293398533008e-06,3.8202933985330086e-07,100
EU Power Grid,adap_betweenness,,66820,0.5105440097799511,3.850855745721271e-05,3.5886857764683924e-06,3.588685776468391e-07,3.537591687041565e-05,3.8632711328359764e-06,3.8632711328359775e-07,100
EU Power Grid,adap_betweenness,,66950,0.5115372860635696,3.850855745721271e-05,3.5886857764683924e-06,3.588685776468391e-07,3.529951100244499e-05,3.8823040154706944e-06,3.8823040154706947e-07,100
EU Power Grid,adap_betweenness,,67080,0.5125305623471882,3.835574572127139e-05,3.7588286051679376e-06,3.758828605167939e-07,3.4993887530562344e-05,3.942591845638531e-06,3.94259184563853e-07,100
EU Power Grid,adap_betweenness,,67210,0.5135238386308068,3.805012224938875e-05,3.9125640525003086e-06,3.9125640525003084e-07,3.453545232273838e-05,3.9872095450154235e-06,3.9872095450154227e-07,100
EU Power Grid,adap_betweenness,,67340,0.5145171149144254,3.797371638141809e-05,3.983510490925666e-06,3.983510490925668e-07,3.453545232273838e-05,3.9872095450154235e-06,3.9872095450154227e-07,100
EU Power Grid,adap_betweenness,,67470,0.515510391198044,3.766809290953545e-05,4.100225337323056e-06,4.100225337323055e-07,3.4306234718826406e-05,3.989427331157998e-06,3.9894273311579984e-07,100
EU Power Grid,adap_betweenness,,67600,0.5165036674816625,3.743887530562347e-05,4.275530051265878e-06,4.2755300512658794e-07,3.39242053789731e-05,3.963475944011755e-06,3.9634759440117543e-07,100
EU Power Grid,adap_betweenness,,67730,0.5174969437652811,3.7286063569682154e-05,4.381787523962217e-06,4.381787523962217e-07,3.384779951100244e-05,3.953793473986355e-06,3.953793473986356e-07,100
EU Power Grid,adap_betweenness,,67860,0.5184902200488997,3.7056845965770165e-05,4.394553626755552e-06,4.394553626755553e-07,3.3465770171149145e-05,3.882304015470694e-06,3.8823040154706947e-07,100
EU Power Grid,adap_betweenness,,67990,0.5194834963325183,3.682762836185819e-05,4.3952244997656076e-06,4.395224499765607e-07,3.323655256723716e-05,3.820293398533008e-06,3.8202933985330086e-07,100
EU Power Grid,adap_betweenness,,68120,0.5204767726161369,3.659841075794621e-05,4.516316791564576e-06,4.516316791564577e-07,3.31601466992665e-05,3.796292938997477e-06,3.796292938997477e-07,100
EU Power Grid,adap_betweenness,,68250,0.5214700488997555,3.6522004889975544e-05,4.5533763716177134e-06,4.553376371617713e-07,3.31601466992665e-05,3.796292938997477e-06,3.796292938997477e-07,100
EU Power Grid,adap_betweenness,,68380,0.522463325183374,3.636919315403423e-05,4.6227798424569696e-06,4.6227798424569686e-07,3.2854523227383865e-05,3.6827567516362137e-06,3.6827567516362135e-07,100
EU Power Grid,adap_betweenness,,68510,0.5234566014669926,3.629278728606357e-05,4.655194039157567e-06,4.6551940391575665e-07,3.2854523227383865e-05,3.6827567516362137e-06,3.6827567516362135e-07,100
EU Power Grid,adap_betweenness,,68640,0.5244498777506112,3.621638141809291e-05,4.686125901293191e-06,4.686125901293191e-07,3.262530562347188e-05,3.4091995976350384e-06,3.409199597635038e-07,100
EU Power Grid,adap_betweenness,,68770,0.5254431540342298,3.606356968215159e-05,4.74365722353964e-06,4.743657223539639e-07,3.254889975550122e-05,3.3683068633619207e-06,3.368306863361922e-07,100
EU Power Grid,adap_betweenness,,68900,0.5264364303178484,3.5910757946210264e-05,4.7955830872619784e-06,4.795583087261979e-07,3.2319682151589244e-05,3.2316059343035663e-06,3.231605934303567e-07,100
EU Power Grid,adap_betweenness,,69030,0.5274297066014669,3.545232273838631e-05,4.919407426546393e-06,4.91940742654639e-07,3.2319682151589244e-05,3.2316059343035663e-06,3.231605934303567e-07,100
EU Power Grid,adap_betweenness,,69160,0.5284229828850855,3.5299511002444984e-05,4.950475161401268e-06,4.950475161401267e-07,3.224327628361858e-05,3.1810299502844334e-06,3.181029950284434e-07,100
EU Power Grid,adap_betweenness,,69290,0.5294162591687042,3.5070293398533e-05,4.987855680845817e-06,4.987855680845819e-07,3.2090464547677255e-05,3.0716314647286446e-06,3.0716314647286444e-07,100
EU Power Grid,adap_betweenness,,69420,0.5304095354523227,3.4993887530562344e-05,4.997894588364828e-06,4.997894588364829e-07,3.193765281173594e-05,2.950205682039802e-06,2.9502056820398014e-07,100
EU Power Grid,adap_betweenness,,69550,0.5314028117359413,3.4993887530562344e-05,4.997894588364828e-06,4.997894588364829e-07,3.193765281173594e-05,2.950205682039802e-06,2.9502056820398014e-07,100
EU Power Grid,adap_betweenness,,69680,0.5323960880195598,3.4688264058679704e-05,5.026131505647239e-06,5.026131505647238e-07,3.178484107579462e-05,2.8151967388254175e-06,2.815196738825418e-07,100
EU Power Grid,adap_betweenness,,69810,0.5333893643031784,3.4306234718826406e-05,4.670369936100867e-06,4.670369936100867e-07,3.178484107579462e-05,2.8151967388254175e-06,2.815196738825418e-07,100
EU Power Grid,adap_betweenness,,69940,0.534382640586797,3.422982885085575e-05,4.668475646858027e-06,4.668475646858026e-07,3.178484107579462e-05,2.8151967388254175e-06,2.815196738825418e-07,100
EU Power Grid,adap_betweenness,,70070,0.5353759168704156,3.415342298288508e-05,4.665316788896468e-06,4.665316788896468e-07,3.155562347188264e-05,2.5825005271212644e-06,2.5825005271212654e-07,100
EU Power Grid,adap_betweenness,,70200,0.5363691931540342,3.384779951100244e-05,4.511091083373578e-06,4.511091083373579e-07,3.155562347188264e-05,2.5825005271212644e-06,2.5825005271212654e-07,100
EU Power Grid,adap_betweenness,,70330,0.5373624694376528,3.369498777506112e-05,4.490127433090333e-06,4.490127433090333e-07,3.1479217603911975e-05,2.4954051984343706e-06,2.495405198434371e-07,100
EU Power Grid,adap_betweenness,,70460,0.5383557457212713,3.369498777506112e-05,4.490127433090333e-06,4.490127433090333e-07,3.140281173594132e-05,2.402705056045388e-06,2.402705056045387e-07,100
EU Power Grid,adap_betweenness,,70590,0.5393490220048899,3.361858190709046e-05,4.477633827381481e-06,4.4776338273814815e-07,3.125e-05,2.1976122498828046e-06,2.1976122498828045e-07,100
EU Power Grid,adap_betweenness,,70720,0.5403422982885085,3.338936430317848e-05,4.296854522958671e-06,4.2968545229586723e-07,3.102078239608802e-05,1.8236801388748643e-06,1.823680138874863e-07,100
EU Power Grid,adap_betweenness,,70850,0.5413355745721271,3.323655256723716e-05,4.258255111726105e-06,4.258255111726105e-07,3.0867970660146696e-05,1.5047859532925766e-06,1.504785953292577e-07,100
EU Power Grid,adap_betweenness,,70980,0.5423288508557457,3.31601466992665e-05,4.236736364744534e-06,4.236736364744535e-07,3.0867970660146696e-05,1.5047859532925766e-06,1.504785953292577e-07,100
EU Power Grid,adap_betweenness,,71110,0.5433221271393642,3.293092909535452e-05,4.0188808674764415e-06,4.0188808674764417e-07,3.079156479217604e-05,1.3099526894694786e-06,1.3099526894694782e-07,100
EU Power Grid,adap_betweenness,,71240,0.5443154034229828,3.2854523227383865e-05,3.9901663192779156e-06,3.9901663192779155e-07,3.079156479217604e-05,1.3099526894694786e-06,1.3099526894694782e-07,100
EU Power Grid,adap_betweenness,,71370,0.5453086797066015,3.270171149144254e-05,3.927606645669412e-06,3.9276066456694123e-07,3.079156479217604e-05,1.3099526894694786e-06,1.3099526894694782e-07,100
EU Power Grid,adap_betweenness,,71500,0.54630195599022,3.270171149144254e-05,3.927606645669412e-06,3.9276066456694123e-07,3.079156479217604e-05,1.3099526894694786e-06,1.3099526894694782e-07,100
EU Power Grid,adap_betweenness,,71630,0.5472952322738386,3.262530562347188e-05,3.893679088237953e-06,3.8936790882379537e-07,3.0638753056234714e-05,1.327836830308557e-06,1.3278368303085568e-07,100
EU Power Grid,adap_betweenness,,71760,0.5482885085574571,3.254889975550122e-05,3.857925099251883e-06,3.8579250992518837e-07,3.0638753056234714e-05,1.327836830308557e-06,1.3278368303085568e-07,100
EU Power Grid,adap_betweenness,,71890,0.5492817848410757,3.247249388753056e-05,3.820293398533006e-06,3.820293398533008e-07,3.0562347188264056e-05,1.5358157323643223e-06,1.5358157323643222e-07,100
EU Power Grid,adap_betweenness,,72020,0.5502750611246944,3.224327628361858e-05,3.695544139943834e-06,3.695544139943835e-07,3.0562347188264056e-05,1.5358157323643223e-06,1.5358157323643222e-07,100
EU Power Grid,adap_betweenness,,72150,0.5512683374083129,3.224327628361858e-05,3.695544139943834e-06,3.695544139943835e-07,3.0562347188264056e-05,1.5358157323643223e-06,1.5358157323643222e-07,100
EU Power Grid,adap_betweenness,,72280,0.5522616136919315,3.216687041564792e-05,3.6497845786340443e-06,3.6497845786340444e-07,3.0485941320293398e-05,1.327836830308557e-06,1.3278368303085568e-07,100
EU Power Grid,adap_betweenness,,72410,0.5532548899755501,3.2090464547677255e-05,3.601807157633188e-06,3.6018071576331876e-07,3.0485941320293398e-05,1.327836830308557e-06,1.3278368303085568e-07,100
EU Power Grid,adap_betweenness,,72540,0.5542481662591686,3.186124694376528e-05,3.4436194465841706e-06,3.443619446584172e-07,3.0485941320293398e-05,1.327836830308557e-06,1.3278368303085568e-07,100
EU Power Grid,adap_betweenness,,72670,0.5552414425427873,3.178484107579462e-05,3.3857683949082956e-06,3.3857683949082957e-07,3.0485941320293398e-05,1.327836830308557e-06,1.3278368303085568e-07,100
EU Power Grid,adap_betweenness,,72800,0.5562347188264058,3.170843520782396e-05,3.4979868048775018e-06,3.497986804877502e-07,3.0485941320293398e-05,1.327836830308557e-06,1.3278368303085568e-07,100
EU Power Grid,adap_betweenness,,72930,0.5572279951100244,3.170843520782396e-05,3.4979868048775018e-06,3.497986804877502e-07,3.0409535452322736e-05,1.5281173594132034e-06,1.5281173594132034e-07,100
EU Power Grid,adap_betweenness,,73060,0.558221271393643,3.170843520782396e-05,3.4979868048775018e-06,3.497986804877502e-07,3.0409535452322736e-05,1.5281173594132034e-06,1.5281173594132034e-07,100
EU Power Grid,adap_betweenness,,73190,0.5592145476772615,3.16320293398533e-05,3.437620851479488e-06,3.437620851479488e-07,3.0333129584352078e-05,1.7015701662103743e-06,1.7015701662103742e-07,100
EU Power Grid,adap_betweenness,,73320,0.5602078239608801,3.1479217603911975e-05,3.4819350961523777e-06,3.481935096152378e-07,3.0256723716381413e-05,1.8557332101127922e-06,1.855733210112792e-07,100
EU Power Grid,adap_betweenness,,73450,0.5612011002444988,3.140281173594132e-05,3.416111311973081e-06,3.4161113119730825e-07,3.0256723716381413e-05,1.8557332101127922e-06,1.855733210112792e-07,100
EU Power Grid,adap_betweenness,,73580,0.5621943765281173,3.132640586797066e-05,3.347232786637993e-06,3.347232786637994e-07,3.0256723716381413e-05,1.8557332101127922e-06,1.855733210112792e-07,100
EU Power Grid,adap_betweenness,,73710,0.5631876528117359,3.1173594132029336e-05,3.009571906585152e-06,3.0095719065851516e-07,3.0103911980440093e-05,2.122539571083545e-06,2.122539571083545e-07,100
EU Power Grid,adap_betweenness,,73840,0.5641809290953544,3.109718826405868e-05,2.9251141761654047e-06,2.9251141761654043e-07,2.9951100244498776e-05,2.3493463165825422e-06,2.3493463165825418e-07,100
EU Power Grid,adap_betweenness,,73970,0.565174205378973,3.102078239608802e-05,3.0368790160905374e-06,3.036879016090537e-07,2.9798288508557456e-05,2.546862265688673e-06,2.5468622656886726e-07,100
EU Power Grid,adap_betweenness,,74100,0.5661674816625917,3.0944376528117354e-05,2.94920612053998e-06,2.9492061205399797e-07,2.9416259168704155e-05,2.9492061205399816e-06,2.949206120539982e-07,100
EU Power Grid,adap_betweenness,,74230,0.5671607579462102,3.079156479217604e-05,2.5364218845065653e-06,2.536421884506565e-07,2.9263447432762835e-05,3.0821721121824017e-06,3.082172112182402e-07,100
EU Power Grid,adap_betweenness,,74360,0.5681540342298288,3.0638753056234714e-05,2.545704337797181e-06,2.5457043377971815e-07,2.9263447432762835e-05,3.0821721121824017e-06,3.082172112182402e-07,100
EU Power Grid,adap_betweenness,,74490,0.5691473105134474,3.0638753056234714e-05,2.545704337797181e-06,2.5457043377971815e-07,2.895782396088019e-05,3.310920945395274e-06,3.310920945395275e-07,100
EU Power Grid,adap_betweenness,,74620,0.5701405867970659,3.0562347188264056e-05,2.66011087951861e-06,2.66011087951861e-07,2.880501222493887e-05,3.4091995976350384e-06,3.4091995976350387e-07,100
EU Power Grid,adap_betweenness,,74750,0.5711338630806846,3.0562347188264056e-05,2.66011087951861e-06,2.66011087951861e-07,2.8499388753056228e-05,3.5779892227903355e-06,3.577989222790336e-07,100
EU Power Grid,adap_betweenness,,74880,0.5721271393643031,3.0333129584352074e-05,2.7591304713791104e-06,2.75913047137911e-07,2.8499388753056228e-05,3.5779892227903355e-06,3.577989222790336e-07,100
EU Power Grid,adap_betweenness,,75010,0.5731204156479217,3.0333129584352074e-05,2.7591304713791104e-06,2.75913047137911e-07,2.842298288508557e-05,3.614880910808652e-06,3.614880910808652e-07,100
EU Power Grid,adap_betweenness,,75140,0.5741136919315403,3.0180317848410754e-05,2.94920612053998e-06,2.949206120539981e-07,2.8346577017114908e-05,3.649784578634045e-06,3.6497845786340455e-07,100
EU Power Grid,adap_betweenness,,75270,0.5751069682151588,3.0180317848410754e-05,2.94920612053998e-06,2.949206120539981e-07,2.811735941320293e-05,3.743107797651557e-06,3.7431077976515566e-07,100
EU Power Grid,adap_betweenness,,75400,0.5761002444987775,3.0180317848410754e-05,2.94920612053998e-06,2.949206120539981e-07,2.796454767726161e-05,3.796292938997479e-06,3.796292938997478e-07,100
EU Power Grid,adap_betweenness,,75530,0.5770935207823961,3.0180317848410754e-05,2.94920612053998e-06,2.949206120539981e-07,2.7811735941320287e-05,3.842609734704889e-06,3.8426097347048885e-07,100
EU Power Grid,adap_betweenness,,75660,0.5780867970660146,2.9951100244498776e-05,3.1995137197385898e-06,3.19951371973859e-07,2.750611246943765e-05,3.915577194304237e-06,3.915577194304237e-07,100
EU Power Grid,adap_betweenness,,75790,0.5790800733496332,2.9951100244498776e-05,3.1995137197385898e-06,3.19951371973859e-07,2.742970660146699e-05,3.929858068408435e-06,3.929858068408435e-07,100
EU Power Grid,adap_betweenness,,75920,0.5800733496332517,2.9798288508557456e-05,3.347232786637994e-06,3.347232786637995e-07,2.735330073349633e-05,3.94259184563853e-06,3.942591845638531e-07,100
EU Power Grid,adap_betweenness,,76050,0.5810666259168704,2.9645476772616133e-05,3.3082483328687398e-06,3.30824833286874e-07,2.7047677261613687e-05,3.827233083450743e-06,3.8272330834507435e-07,100
EU Power Grid,adap_betweenness,,76180,0.582059902200489,2.9492665036674813e-05,3.437620851479491e-06,3.43762085147949e-07,2.681845965770171e-05,3.838771346238475e-06,3.838771346238475e-07,100
EU Power Grid,adap_betweenness,,76310,0.5830531784841075,2.9492665036674813e-05,3.437620851479491e-06,3.43762085147949e-07,2.666564792176039e-05,3.838771346238474e-06,3.838771346238475e-07,100
EU Power Grid,adap_betweenness,,76440,0.5840464547677261,2.9416259168704155e-05,3.4979868048775035e-06,3.4979868048775037e-07,2.6589242053789724e-05,3.836466469809585e-06,3.8364664698095847e-07,100
EU Power Grid,adap_betweenness,,76570,0.5850397310513447,2.9263447432762835e-05,3.610800447931394e-06,3.6108004479313947e-07,2.6512836185819066e-05,3.832621928840098e-06,3.8326219288400987e-07,100
EU Power Grid,adap_betweenness,,76700,0.5860330073349632,2.9263447432762835e-05,3.610800447931394e-06,3.6108004479313947e-07,2.6360024449877746e-05,3.820293398533009e-06,3.8202933985330086e-07,100
EU Power Grid,adap_betweenness,,76830,0.5870262836185819,2.903422982885085e-05,3.7619648832314415e-06,3.761964883231441e-07,2.6283618581907087e-05,3.811794403803935e-06,3.811794403803935e-07,100
EU Power Grid,adap_betweenness,,76960,0.5880195599022005,2.895782396088019e-05,3.8079249536097432e-06,3.8079249536097443e-07,2.6130806845965767e-05,3.790074600770617e-06,3.7900746007706174e-07,100
EU Power Grid,adap_betweenness,,77090,0.589012836185819,2.880501222493887e-05,3.8936790882379545e-06,3.893679088237954e-07,2.5977995110024444e-05,3.7619648832314415e-06,3.7619648832314425e-07,100
EU Power Grid,adap_betweenness,,77220,0.5900061124694376,2.865220048899755e-05,3.971650366379669e-06,3.97165036637967e-07,2.5977995110024444e-05,3.7619648832314415e-06,3.7619648832314425e-07,100
EU Power Grid,adap_betweenness,,77350,0.5909993887530561,2.8499388753056228e-05,4.042289181153474e-06,4.0422891811534747e-07,2.5825183374083124e-05,3.727320684707851e-06,3.727320684707851e-07,100
EU Power Grid,adap_betweenness,,77480,0.5919926650366748,2.8346577017114908e-05,4.1059739911623325e-06,4.105973991162333e-07,2.5595965770171146e-05,3.662687083138007e-06,3.6626870831380075e-07,100
EU Power Grid,adap_betweenness,,77610,0.5929859413202934,2.819376528117359e-05,4.163023950070079e-06,4.163023950070078e-07,2.536674816625916e-05,3.5821070619051865e-06,3.5821070619051867e-07,100
EU Power Grid,adap_betweenness,,77740,0.5939792176039119,2.819376528117359e-05,4.163023950070079e-06,4.163023950070078e-07,2.5290342298288503e-05,3.551521995046851e-06,3.5515219950468514e-07,100
EU Power Grid,adap_betweenness,,77870,0.5949724938875305,2.819376528117359e-05,4.163023950070079e-06,4.163023950070078e-07,2.5213936430317844e-05,3.518995923531773e-06,3.518995923531773e-07,100
EU Power Grid,adap_betweenness,,78000,0.595965770171149,2.8040953545232272e-05,4.071360315723505e-06,4.0713603157235047e-07,2.5137530562347183e-05,3.4844744924516257e-06,3.4844744924516255e-07,100
EU Power Grid,adap_betweenness,,78130,0.5969590464547677,2.773533007334963e-05,3.7074922608031003e-06,3.7074922608031016e-07,2.4984718826405863e-05,3.4091995976350384e-06,3.4091995976350387e-07,100
EU Power Grid,adap_betweenness,,78260,0.5979523227383863,2.765892420537897e-05,3.7273206847078497e-06,3.7273206847078516e-07,2.4908312958435204e-05,3.3683068633619203e-06,3.3683068633619207e-07,100
EU Power Grid,adap_betweenness,,78390,0.5989455990220048,2.765892420537897e-05,3.7273206847078497e-06,3.7273206847078516e-07,2.4679095354523223e-05,3.231605934303567e-06,3.231605934303567e-07,100
EU Power Grid,adap_betweenness,,78520,0.5999388753056234,2.750611246943765e-05,3.7619648832314415e-06,3.761964883231442e-07,2.4679095354523223e-05,3.231605934303567e-06,3.231605934303567e-07,100
EU Power Grid,adap_betweenness,,78650,0.600932151589242,2.742970660146699e-05,3.776826638322972e-06,3.776826638322971e-07,2.4526283618581903e-05,3.1277519922091416e-06,3.1277519922091427e-07,100
EU Power Grid,adap_betweenness,,78780,0.6019254278728606,2.742970660146699e-05,3.776826638322972e-06,3.776826638322971e-07,2.444987775061124e-05,3.071631464728644e-06,3.0716314647286444e-07,100
EU Power Grid,adap_betweenness,,78910,0.6029187041564792,2.735330073349633e-05,3.7900746007706176e-06,3.7900746007706174e-07,2.4144254278728598e-05,2.8151967388254188e-06,2.8151967388254187e-07,100
EU Power Grid,adap_betweenness,,79040,0.6039119804400978,2.7124083129584345e-05,3.820293398533007e-06,3.8202933985330086e-07,2.4144254278728598e-05,2.8151967388254188e-06,2.8151967388254187e-07,100
EU Power Grid,adap_betweenness,,79170,0.6049052567237163,2.697127139364303e-05,3.832621928840098e-06,3.8326219288400987e-07,2.406784841075794e-05,2.7419795330274823e-06,2.7419795330274815e-07,100
EU Power Grid,adap_betweenness,,79300,0.6058985330073349,2.666564792176039e-05,3.838771346238474e-06,3.838771346238475e-07,2.391503667481662e-05,2.5825005271212656e-06,2.5825005271212654e-07,100
EU Power Grid,adap_betweenness,,79430,0.6068918092909535,2.6512836185819066e-05,3.832621928840099e-06,3.8326219288400987e-07,2.37622249388753e-05,2.402705056045386e-06,2.402705056045387e-07,100
EU Power Grid,adap_betweenness,,79560,0.6078850855745721,2.6436430317848407e-05,3.8272330834507446e-06,3.8272330834507435e-07,2.368581907090464e-05,2.3037235985464827e-06,2.303723598546483e-07,100
EU Power Grid,adap_betweenness,,79690,0.6088783618581907,2.6360024449877746e-05,3.820293398533009e-06,3.8202933985330086e-07,2.3609413202933977e-05,2.1976122498828038e-06,2.1976122498828045e-07,100
EU Power Grid,adap_betweenness,,79820,0.6098716381418092,2.6207212713936426e-05,3.801725641474963e-06,3.8017256414749626e-07,2.3533007334963318e-05,2.0832818180340066e-06,2.083281818034007e-07,100
EU Power Grid,adap_betweenness,,79950,0.6108649144254278,2.5977995110024444e-05,3.7619648832314402e-06,3.7619648832314425e-07,2.3380195599022e-05,1.8236801388748637e-06,1.8236801388748632e-07,100
EU Power Grid,adap_betweenness,,80080,0.6118581907090463,2.5901589242053786e-05,3.7454701253071315e-06,3.745470125307132e-07,2.3380195599022e-05,1.8236801388748637e-06,1.8236801388748632e-07,100
EU Power Grid,adap_betweenness,,80210,0.612851466992665,2.5748777506112466e-05,3.7074922608031007e-06,3.7074922608031016e-07,2.3380195599022e-05,1.8236801388748637e-06,1.8236801388748632e-07,100
EU Power Grid,adap_betweenness,,80340,0.6138447432762836,2.5595965770171146e-05,3.6626870831380066e-06,3.662687083138007e-07,2.330378973105134e-05,1.673616393318998e-06,1.6736163933189978e-07,100
EU Power Grid,adap_betweenness,,80470,0.6148380195599021,2.536674816625916e-05,3.5821070619051865e-06,3.582107061905187e-07,2.315097799511002e-05,1.3099526894694781e-06,1.3099526894694785e-07,100
EU Power Grid,adap_betweenness,,80600,0.6158312958435207,2.5290342298288503e-05,3.551521995046852e-06,3.5515219950468514e-07,2.315097799511002e-05,1.3099526894694781e-06,1.3099526894694785e-07,100
EU Power Grid,adap_betweenness,,80730,0.6168245721271393,2.5213936430317844e-05,3.518995923531773e-06,3.518995923531773e-07,2.315097799511002e-05,1.3099526894694781e-06,1.3099526894694785e-07,100
EU Power Grid,adap_betweenness,,80860,0.6178178484107579,2.5213936430317844e-05,3.518995923531773e-06,3.518995923531773e-07,2.315097799511002e-05,1.3099526894694781e-06,1.3099526894694785e-07,100
EU Power Grid,adap_betweenness,,80990,0.6188111246943765,2.5213936430317844e-05,3.518995923531773e-06,3.518995923531773e-07,2.315097799511002e-05,1.3099526894694781e-06,1.3099526894694785e-07,100
EU Power Grid,adap_betweenness,,81120,0.619804400977995,2.5061124694376524e-05,3.4478977678347587e-06,3.447897767834758e-07,2.29981662591687e-05,7.640586797066015e-07,7.640586797066018e-08,100
EU Power Grid,adap_betweenness,,81250,0.6207976772616136,2.5061124694376524e-05,3.4478977678347587e-06,3.447897767834758e-07,2.29981662591687e-05,7.640586797066015e-07,7.640586797066018e-08,100
EU Power Grid,adap_betweenness,,81380,0.6217909535452322,2.5061124694376524e-05,3.4478977678347587e-06,3.447897767834758e-07,2.29981662591687e-05,7.640586797066015e-07,7.640586797066018e-08,100
EU Power Grid,adap_betweenness,,81510,0.6227842298288508,2.5061124694376524e-05,3.4478977678347587e-06,3.447897767834758e-07,2.29981662591687e-05,7.640586797066015e-07,7.640586797066018e-08,100
EU Power Grid,adap_betweenness,,81640,0.6237775061124694,2.4984718826405863e-05,3.4091995976350384e-06,3.4091995976350387e-07,2.29981662591687e-05,7.640586797066015e-07,7.640586797066018e-08,100
EU Power Grid,adap_betweenness,,81770,0.624770782396088,2.4908312958435204e-05,3.3683068633619215e-06,3.3683068633619207e-07,2.29981662591687e-05,7.640586797066015e-07,7.640586797066018e-08,100
EU Power Grid,adap_betweenness,,81900,0.6257640586797065,2.483190709046454e-05,3.3251385993982635e-06,3.3251385993982633e-07,2.29981662591687e-05,7.640586797066015e-07,7.640586797066018e-08,100
EU Power Grid,adap_betweenness,,82030,0.6267573349633251,2.4679095354523223e-05,3.2316059343035663e-06,3.231605934303567e-07,2.29981662591687e-05,7.640586797066015e-07,7.640586797066018e-08,100
EU Power Grid,adap_betweenness,,82160,0.6277506112469438,2.4526283618581903e-05,3.1277519922091425e-06,3.1277519922091427e-07,2.29981662591687e-05,7.640586797066015e-07,7.640586797066018e-08,100
EU Power Grid,adap_betweenness,,82290,0.6287438875305623,2.4526283618581903e-05,3.1277519922091425e-06,3.1277519922091427e-07,2.29981662591687e-05,7.640586797066015e-07,7.640586797066018e-08,100
EU Power Grid,adap_betweenness,,82420,0.6297371638141809,2.4373471882640583e-05,3.0125095079741957e-06,3.012509507974195e-07,2.29981662591687e-05,7.640586797066015e-07,7.640586797066018e-08,100
EU Power Grid,adap_betweenness,,82550,0.6307304400977994,2.4220660146699263e-05,2.884513814705357e-06,2.884513814705356e-07,2.29981662591687e-05,7.640586797066015e-07,7.640586797066018e-08,100
EU Power Grid,adap_betweenness,,82680,0.631723716381418,2.4220660146699263e-05,2.884513814705357e-06,2.884513814705356e-07,2.29981662591687e-05,7.640586797066015e-07,7.640586797066018e-08,100
EU Power Grid,adap_betweenness,,82810,0.6327169926650367,2.4144254278728598e-05,2.815196738825418e-06,2.815196738825418e-07,2.29981662591687e-05,7.640586797066015e-07,7.640586797066018e-08,100
EU Power Grid,adap_betweenness,,82940,0.6337102689486552,2.4144254278728598e-05,2.815196738825418e-06,2.815196738825418e-07,2.29981662591687e-05,7.640586797066015e-07,7.640586797066018e-08,100
EU Power Grid,adap_betweenness,,83070,0.6347035452322738,2.4144254278728598e-05,2.815196738825418e-06,2.815196738825418e-07,2.292176039119804e-05,0.0,0.0,100
EU Power Grid,adap_betweenness,,83200,0.6356968215158924,2.4144254278728598e-05,2.815196738825418e-06,2.815196738825418e-07,2.292176039119804e-05,0.0,0.0,100
EU Power Grid,adap_betweenness,,83330,0.6366900977995109,2.406784841075794e-05,2.7419795330274815e-06,2.7419795330274815e-07,2.292176039119804e-05,0.0,0.0,100
EU Power Grid,adap_betweenness,,83460,0.6376833740831295,2.406784841075794e-05,2.7419795330274815e-06,2.7419795330274815e-07,2.292176039119804e-05,0.0,0.0,100
EU Power Grid,adap_betweenness,,83590,0.6386766503667481,2.391503667481662e-05,2.582500527121265e-06,2.5825005271212654e-07,2.292176039119804e-05,0.0,0.0,100
EU Power Grid,adap_betweenness,,83720,0.6396699266503667,2.391503667481662e-05,2.582500527121265e-06,2.5825005271212654e-07,2.292176039119804e-05,0.0,0.0,100
EU Power Grid,adap_betweenness,,83850,0.6406632029339853,2.391503667481662e-05,2.582500527121265e-06,2.5825005271212654e-07,2.292176039119804e-05,0.0,0.0,100
EU Power Grid,adap_betweenness,,83980,0.6416564792176038,2.383863080684596e-05,2.495405198434371e-06,2.4954051984343716e-07,2.292176039119804e-05,0.0,0.0,100
EU Power Grid,adap_betweenness,,84110,0.6426497555012224,2.383863080684596e-05,2.495405198434371e-06,2.4954051984343716e-07,2.292176039119804e-05,0.0,0.0,100
EU Power Grid,adap_betweenness,,84240,0.6436430317848411,2.383863080684596e-05,2.495405198434371e-06,2.4954051984343716e-07,2.292176039119804e-05,0.0,0.0,100
EU Power Grid,adap_betweenness,,84370,0.6446363080684596,2.37622249388753e-05,2.402705056045388e-06,2.4027050560453864e-07,2.292176039119804e-05,0.0,0.0,100
EU Power Grid,adap_betweenness,,84500,0.6456295843520782,2.37622249388753e-05,2.402705056045388e-06,2.4027050560453864e-07,2.292176039119804e-05,0.0,0.0,100
EU Power Grid,adap_betweenness,,84630,0.6466228606356967,2.37622249388753e-05,2.402705056045388e-06,2.4027050560453864e-07,2.292176039119804e-05,0.0,0.0,100
EU Power Grid,adap_betweenness,,84760,0.6476161369193153,2.3609413202933977e-05,2.197612249882806e-06,2.1976122498828045e-07,2.292176039119804e-05,0.0,0.0,100
EU Power Grid,adap_betweenness,,84890,0.648609413202934,2.3533007334963318e-05,2.0832818180340066e-06,2.083281818034007e-07,2.292176039119804e-05,0.0,0.0,100
EU Power Grid,adap_betweenness,,85020,0.6496026894865525,2.345660146699266e-05,1.9592940095984324e-06,1.9592940095984329e-07,2.292176039119804e-05,0.0,0.0,100
EU Power Grid,adap_betweenness,,85150,0.6505959657701711,2.345660146699266e-05,1.9592940095984324e-06,1.9592940095984329e-07,2.292176039119804e-05,0.0,0.0,100
EU Power Grid,adap_betweenness,,85280,0.6515892420537897,2.3380195599022e-05,1.8236801388748639e-06,1.8236801388748632e-07,2.292176039119804e-05,0.0,0.0,100
EU Power Grid,adap_betweenness,,85410,0.6525825183374082,2.3380195599022e-05,1.8236801388748639e-06,1.8236801388748632e-07,2.292176039119804e-05,0.0,0.0,100
EU Power Grid,adap_betweenness,,85540,0.6535757946210269,2.3380195599022e-05,1.8236801388748639e-06,1.8236801388748632e-07,2.292176039119804e-05,0.0,0.0,100
EU Power Grid,adap_betweenness,,85670,0.6545690709046454,2.3380195599022e-05,1.8236801388748639e-06,1.8236801388748632e-07,2.292176039119804e-05,0.0,0.0,100
EU Power Grid,adap_betweenness,,85800,0.655562347188264,2.3380195599022e-05,1.8236801388748639e-06,1.8236801388748632e-07,2.292176039119804e-05,0.0,0.0,100
EU Power Grid,adap_betweenness,,85930,0.6565556234718826,2.3380195599022e-05,1.8236801388748639e-06,1.8236801388748632e-07,2.292176039119804e-05,0.0,0.0,100
EU Power Grid,adap_betweenness,,86060,0.6575488997555011,2.3380195599022e-05,1.8236801388748639e-06,1.8236801388748632e-07,2.292176039119804e-05,0.0,0.0,100
EU Power Grid,adap_betweenness,,86190,0.6585421760391198,2.330378973105134e-05,1.6736163933189967e-06,1.6736163933189978e-07,2.292176039119804e-05,0.0,0.0,100
EU Power Grid,adap_betweenness,,86320,0.6595354523227384,2.330378973105134e-05,1.6736163933189967e-06,1.6736163933189978e-07,2.292176039119804e-05,0.0,0.0,100
EU Power Grid,adap_betweenness,,86450,0.6605287286063569,2.330378973105134e-05,1.6736163933189967e-06,1.6736163933189978e-07,2.292176039119804e-05,0.0,0.0,100
EU Power Grid,adap_betweenness,,86580,0.6615220048899755,2.330378973105134e-05,1.6736163933189967e-06,1.6736163933189978e-07,2.292176039119804e-05,0.0,0.0,100
EU Power Grid,adap_betweenness,,86710,0.662515281173594,2.330378973105134e-05,1.6736163933189967e-06,1.6736163933189978e-07,2.292176039119804e-05,0.0,0.0,100
EU Power Grid,adap_betweenness,,86840,0.6635085574572126,2.322738386308068e-05,1.5047859532925768e-06,1.504785953292577e-07,2.292176039119804e-05,0.0,0.0,100
EU Power Grid,adap_betweenness,,86970,0.6645018337408313,2.322738386308068e-05,1.5047859532925768e-06,1.504785953292577e-07,2.292176039119804e-05,0.0,0.0,100
EU Power Grid,adap_betweenness,,87100,0.6654951100244498,2.322738386308068e-05,1.5047859532925768e-06,1.504785953292577e-07,2.292176039119804e-05,0.0,0.0,100
EU Power Grid,adap_betweenness,,87230,0.6664883863080684,2.322738386308068e-05,1.5047859532925768e-06,1.504785953292577e-07,2.292176039119804e-05,0.0,0.0,100
EU Power Grid,adap_betweenness,,87360,0.667481662591687,2.322738386308068e-05,1.5047859532925768e-06,1.504785953292577e-07,2.292176039119804e-05,0.0,0.0,100
EU Power Grid,adap_betweenness,,87490,0.6684749388753055,2.322738386308068e-05,1.5047859532925768e-06,1.504785953292577e-07,2.292176039119804e-05,0.0,0.0,100
EU Power Grid,adap_betweenness,,87620,0.6694682151589242,2.315097799511002e-05,1.3099526894694783e-06,1.3099526894694782e-07,2.292176039119804e-05,0.0,0.0,100
EU Power Grid,adap_betweenness,,87750,0.6704614914425427,2.315097799511002e-05,1.3099526894694783e-06,1.3099526894694782e-07,2.292176039119804e-05,0.0,0.0,100
EU Power Grid,adap_betweenness,,87880,0.6714547677261613,2.315097799511002e-05,1.3099526894694783e-06,1.3099526894694782e-07,2.292176039119804e-05,0.0,0.0,100
EU Power Grid,adap_betweenness,,88010,0.6724480440097799,2.3074572127139362e-05,1.0750710126550254e-06,1.0750710126550256e-07,2.292176039119804e-05,0.0,0.0,100
EU Power Grid,adap_betweenness,,88140,0.6734413202933984,2.3074572127139362e-05,1.0750710126550254e-06,1.0750710126550256e-07,2.292176039119804e-05,0.0,0.0,100
EU Power Grid,adap_betweenness,,88270,0.6744345965770171,2.3074572127139362e-05,1.0750710126550254e-06,1.0750710126550256e-07,2.292176039119804e-05,0.0,0.0,100
EU Power Grid,adap_betweenness,,88400,0.6754278728606357,2.3074572127139362e-05,1.0750710126550254e-06,1.0750710126550256e-07,2.292176039119804e-05,0.0,0.0,100
EU Power Grid,adap_betweenness,,88530,0.6764211491442542,2.3074572127139362e-05,1.0750710126550254e-06,1.0750710126550256e-07,2.292176039119804e-05,0.0,0.0,100
EU Power Grid,adap_betweenness,,88660,0.6774144254278728,2.3074572127139362e-05,1.0750710126550254e-06,1.0750710126550256e-07,2.292176039119804e-05,0.0,0.0,100
EU Power Grid,adap_betweenness,,88790,0.6784077017114913,2.3074572127139362e-05,1.0750710126550254e-06,1.0750710126550256e-07,2.292176039119804e-05,0.0,0.0,100
EU Power Grid,adap_betweenness,,88920,0.67940097799511,2.3074572127139362e-05,1.0750710126550254e-06,1.0750710126550256e-07,2.292176039119804e-05,0.0,0.0,100
EU Power Grid,adap_betweenness,,89050,0.6803942542787286,2.3074572127139362e-05,1.0750710126550254e-06,1.0750710126550256e-07,2.292176039119804e-05,0.0,0.0,100
EU Power Grid,adap_betweenness,,89180,0.6813875305623471,2.3074572127139362e-05,1.0750710126550254e-06,1.0750710126550256e-07,2.292176039119804e-05,0.0,0.0,100
EU Power Grid,adap_betweenness,,89310,0.6823808068459657,2.3074572127139362e-05,1.0750710126550254e-06,1.0750710126550256e-07,2.292176039119804e-05,0.0,0.0,100
EU Power Grid,adap_betweenness,,89440,0.6833740831295843,2.3074572127139362e-05,1.0750710126550254e-06,1.0750710126550256e-07,2.292176039119804e-05,0.0,0.0,100
EU Power Grid,adap_betweenness,,89570,0.6843673594132029,2.29981662591687e-05,7.640586797066015e-07,7.640586797066018e-08,2.292176039119804e-05,0.0,0.0,100
EU Power Grid,adap_betweenness,,89700,0.6853606356968215,2.29981662591687e-05,7.640586797066015e-07,7.640586797066018e-08,2.292176039119804e-05,0.0,0.0,100
EU Power Grid,adap_betweenness,,89830,0.68635391198044,2.29981662591687e-05,7.640586797066015e-07,7.640586797066018e-08,2.292176039119804e-05,0.0,0.0,100
EU Power Grid,adap_betweenness,,89960,0.6873471882640586,2.29981662591687e-05,7.640586797066015e-07,7.640586797066018e-08,2.292176039119804e-05,0.0,0.0,100
EU Power Grid,adap_betweenness,,90090,0.6883404645476772,2.29981662591687e-05,7.640586797066015e-07,7.640586797066018e-08,2.292176039119804e-05,0.0,0.0,100
EU Power Grid,adap_betweenness,,90220,0.6893337408312957,2.29981662591687e-05,7.640586797066015e-07,7.640586797066018e-08,2.292176039119804e-05,0.0,0.0,100
EU Power Grid,adap_betweenness,,90350,0.6903270171149144,2.29981662591687e-05,7.640586797066015e-07,7.640586797066018e-08,2.292176039119804e-05,0.0,0.0,100
EU Power Grid,adap_betweenness,,90480,0.691320293398533,2.29981662591687e-05,7.640586797066015e-07,7.640586797066018e-08,2.292176039119804e-05,0.0,0.0,100
EU Power Grid,adap_betweenness,,90610,0.6923135696821515,2.29981662591687e-05,7.640586797066015e-07,7.640586797066018e-08,2.292176039119804e-05,0.0,0.0,100
EU Power Grid,adap_betweenness,,90740,0.6933068459657701,2.29981662591687e-05,7.640586797066015e-07,7.640586797066018e-08,2.292176039119804e-05,0.0,0.0,100
EU Power Grid,adap_betweenness,,90870,0.6943001222493886,2.29981662591687e-05,7.640586797066015e-07,7.640586797066018e-08,2.292176039119804e-05,0.0,0.0,100
EU Power Grid,adap_betweenness,,91000,0.6952933985330073,2.29981662591687e-05,7.640586797066015e-07,7.640586797066018e-08,2.292176039119804e-05,0.0,0.0,100
EU Power Grid,adap_betweenness,,91130,0.6962866748166259,2.29981662591687e-05,7.640586797066015e-07,7.640586797066018e-08,2.292176039119804e-05,0.0,0.0,100
EU Power Grid,adap_betweenness,,91260,0.6972799511002444,2.292176039119804e-05,0.0,0.0,2.292176039119804e-05,0.0,0.0,100
EU Power Grid,adap_betweenness,,91390,0.698273227383863,2.292176039119804e-05,0.0,0.0,2.292176039119804e-05,0.0,0.0,100
EU Power Grid,adap_betweenness,,91520,0.6992665036674816,2.292176039119804e-05,0.0,0.0,2.292176039119804e-05,0.0,0.0,100
EU Power Grid,adap_betweenness,,91650,0.7002597799511002,2.292176039119804e-05,0.0,0.0,2.292176039119804e-05,0.0,0.0,100
EU Power Grid,adap_betweenness,,91780,0.7012530562347188,2.292176039119804e-05,0.0,0.0,2.292176039119804e-05,0.0,0.0,100
EU Power Grid,adap_betweenness,,91910,0.7022463325183373,2.292176039119804e-05,0.0,0.0,2.292176039119804e-05,0.0,0.0,100
EU Power Grid,adap_betweenness,,92040,0.7032396088019559,2.292176039119804e-05,0.0,0.0,2.292176039119804e-05,0.0,0.0,100
EU Power Grid,adap_betweenness,,92170,0.7042328850855745,2.292176039119804e-05,0.0,0.0,2.292176039119804e-05,0.0,0.0,100
EU Power Grid,adap_betweenness,,92300,0.7052261613691931,2.292176039119804e-05,0.0,0.0,2.292176039119804e-05,0.0,0.0,100
EU Power Grid,adap_betweenness,,92430,0.7062194376528117,2.292176039119804e-05,0.0,0.0,2.292176039119804e-05,0.0,0.0,100
EU Power Grid,adap_betweenness,,92560,0.7072127139364303,2.292176039119804e-05,0.0,0.0,2.292176039119804e-05,0.0,0.0,100
EU Power Grid,adap_betweenness,,92690,0.7082059902200488,2.292176039119804e-05,0.0,0.0,2.292176039119804e-05,0.0,0.0,100
EU Power Grid,adap_betweenness,,92820,0.7091992665036674,2.292176039119804e-05,0.0,0.0,2.292176039119804e-05,0.0,0.0,100
EU Power Grid,adap_betweenness,,92950,0.710192542787286,2.292176039119804e-05,0.0,0.0,2.292176039119804e-05,0.0,0.0,100
EU Power Grid,adap_betweenness,,93080,0.7111858190709046,2.292176039119804e-05,0.0,0.0,2.292176039119804e-05,0.0,0.0,100
EU Power Grid,adap_betweenness,,93210,0.7121790953545232,2.292176039119804e-05,0.0,0.0,2.292176039119804e-05,0.0,0.0,100
EU Power Grid,adap_betweenness,,93340,0.7131723716381417,2.292176039119804e-05,0.0,0.0,2.292176039119804e-05,0.0,0.0,100
EU Power Grid,adap_betweenness,,93470,0.7141656479217603,2.292176039119804e-05,0.0,0.0,2.292176039119804e-05,0.0,0.0,100
EU Power Grid,adap_betweenness,,93600,0.7151589242053789,2.292176039119804e-05,0.0,0.0,2.292176039119804e-05,0.0,0.0,100
EU Power Grid,adap_betweenness,,93730,0.7161522004889975,2.292176039119804e-05,0.0,0.0,2.292176039119804e-05,0.0,0.0,100
EU Power Grid,adap_betweenness,,93860,0.7171454767726161,2.292176039119804e-05,0.0,0.0,2.292176039119804e-05,0.0,0.0,100
EU Power Grid,adap_betweenness,,93990,0.7181387530562346,2.292176039119804e-05,0.0,0.0,2.292176039119804e-05,0.0,0.0,100
EU Power Grid,adap_betweenness,,94120,0.7191320293398532,2.292176039119804e-05,0.0,0.0,2.292176039119804e-05,0.0,0.0,100
EU Power Grid,adap_betweenness,,94250,0.7201253056234718,2.292176039119804e-05,0.0,0.0,2.292176039119804e-05,0.0,0.0,100
EU Power Grid,adap_betweenness,,94380,0.7211185819070904,2.292176039119804e-05,0.0,0.0,2.292176039119804e-05,0.0,0.0,100
EU Power Grid,adap_betweenness,,94510,0.722111858190709,2.292176039119804e-05,0.0,0.0,2.292176039119804e-05,0.0,0.0,100
EU Power Grid,adap_betweenness,,94640,0.7231051344743276,2.292176039119804e-05,0.0,0.0,2.292176039119804e-05,0.0,0.0,100
EU Power Grid,adap_betweenness,,94770,0.7240984107579461,2.292176039119804e-05,0.0,0.0,2.292176039119804e-05,0.0,0.0,100
EU Power Grid,adap_betweenness,,94900,0.7250916870415647,2.292176039119804e-05,0.0,0.0,2.292176039119804e-05,0.0,0.0,100
EU Power Grid,adap_betweenness,,95030,0.7260849633251834,2.292176039119804e-05,0.0,0.0,2.292176039119804e-05,0.0,0.0,100
EU Power Grid,adap_betweenness,,95160,0.7270782396088019,2.292176039119804e-05,0.0,0.0,2.292176039119804e-05,0.0,0.0,100
EU Power Grid,adap_betweenness,,95290,0.7280715158924205,2.292176039119804e-05,0.0,0.0,2.292176039119804e-05,0.0,0.0,100
EU Power Grid,adap_betweenness,,95420,0.729064792176039,2.292176039119804e-05,0.0,0.0,2.292176039119804e-05,0.0,0.0,100
EU Power Grid,adap_betweenness,,95550,0.7300580684596576,2.292176039119804e-05,0.0,0.0,2.292176039119804e-05,0.0,0.0,100
EU Power Grid,adap_betweenness,,95680,0.7310513447432763,2.292176039119804e-05,0.0,0.0,2.292176039119804e-05,0.0,0.0,100
EU Power Grid,adap_betweenness,,95810,0.7320446210268948,2.292176039119804e-05,0.0,0.0,2.292176039119804e-05,0.0,0.0,100
EU Power Grid,adap_betweenness,,95940,0.7330378973105134,2.292176039119804e-05,0.0,0.0,2.292176039119804e-05,0.0,0.0,100
EU Power Grid,adap_betweenness,,96070,0.734031173594132,2.292176039119804e-05,0.0,0.0,2.292176039119804e-05,0.0,0.0,100
EU Power Grid,adap_betweenness,,96200,0.7350244498777505,2.292176039119804e-05,0.0,0.0,2.292176039119804e-05,0.0,0.0,100
EU Power Grid,adap_betweenness,,96330,0.7360177261613692,2.292176039119804e-05,0.0,0.0,2.292176039119804e-05,0.0,0.0,100
EU Power Grid,adap_betweenness,,96460,0.7370110024449877,2.292176039119804e-05,0.0,0.0,2.292176039119804e-05,0.0,0.0,100
EU Power Grid,adap_betweenness,,96590,0.7380042787286063,2.292176039119804e-05,0.0,0.0,2.292176039119804e-05,0.0,0.0,100
EU Power Grid,adap_betweenness,,96720,0.7389975550122249,2.292176039119804e-05,0.0,0.0,2.292176039119804e-05,0.0,0.0,100
EU Power Grid,adap_betweenness,,96850,0.7399908312958434,2.292176039119804e-05,0.0,0.0,2.292176039119804e-05,0.0,0.0,100
EU Power Grid,adap_betweenness,,96980,0.740984107579462,2.292176039119804e-05,0.0,0.0,2.292176039119804e-05,0.0,0.0,100
EU Power Grid,adap_betweenness,,97110,0.7419773838630807,2.292176039119804e-05,0.0,0.0,2.292176039119804e-05,0.0,0.0,100
EU Power Grid,adap_betweenness,,97240,0.7429706601466992,2.292176039119804e-05,0.0,0.0,2.292176039119804e-05,0.0,0.0,100
EU Power Grid,adap_betweenness,,97370,0.7439639364303178,2.292176039119804e-05,0.0,0.0,2.292176039119804e-05,0.0,0.0,100
EU Power Grid,adap_betweenness,,97500,0.7449572127139363,2.292176039119804e-05,0.0,0.0,2.292176039119804e-05,0.0,0.0,100
EU Power Grid,adap_betweenness,,97630,0.7459504889975549,2.292176039119804e-05,0.0,0.0,2.292176039119804e-05,0.0,0.0,100
EU Power Grid,adap_betweenness,,97760,0.7469437652811736,2.292176039119804e-05,0.0,0.0,2.292176039119804e-05,0.0,0.0,100
EU Power Grid,adap_betweenness,,97890,0.7479370415647921,2.292176039119804e-05,0.0,0.0,2.292176039119804e-05,0.0,0.0,100
EU Power Grid,adap_betweenness,,98020,0.7489303178484107,2.292176039119804e-05,0.0,0.0,2.292176039119804e-05,0.0,0.0,100
EU Power Grid,adap_betweenness,,98150,0.7499235941320292,2.292176039119804e-05,0.0,0.0,2.292176039119804e-05,0.0,0.0,100
EU Power Grid,adap_betweenness,,98280,0.7509168704156478,2.292176039119804e-05,0.0,0.0,2.292176039119804e-05,0.0,0.0,100
EU Power Grid,adap_betweenness,,98410,0.7519101466992665,2.292176039119804e-05,0.0,0.0,2.292176039119804e-05,0.0,0.0,100
EU Power Grid,adap_betweenness,,98540,0.752903422982885,2.292176039119804e-05,0.0,0.0,2.292176039119804e-05,0.0,0.0,100
EU Power Grid,adap_betweenness,,98670,0.7538966992665036,2.292176039119804e-05,0.0,0.0,2.292176039119804e-05,0.0,0.0,100
EU Power Grid,adap_betweenness,,98800,0.7548899755501222,2.292176039119804e-05,0.0,0.0,2.292176039119804e-05,0.0,0.0,100
EU Power Grid,adap_betweenness,,98930,0.7558832518337407,2.292176039119804e-05,0.0,0.0,2.292176039119804e-05,0.0,0.0,100
EU Power Grid,adap_betweenness,,99060,0.7568765281173594,2.292176039119804e-05,0.0,0.0,2.292176039119804e-05,0.0,0.0,100
EU Power Grid,adap_betweenness,,99190,0.757869804400978,2.292176039119804e-05,0.0,0.0,2.292176039119804e-05,0.0,0.0,100
EU Power Grid,adap_betweenness,,99320,0.7588630806845965,2.292176039119804e-05,0.0,0.0,2.292176039119804e-05,0.0,0.0,100
EU Power Grid,adap_betweenness,,99450,0.7598563569682151,2.292176039119804e-05,0.0,0.0,2.292176039119804e-05,0.0,0.0,100
EU Power Grid,adap_betweenness,,99580,0.7608496332518336,2.292176039119804e-05,0.0,0.0,2.292176039119804e-05,0.0,0.0,100
EU Power Grid,adap_betweenness,,99710,0.7618429095354523,2.292176039119804e-05,0.0,0.0,2.292176039119804e-05,0.0,0.0,100
EU Power Grid,adap_betweenness,,99840,0.7628361858190709,2.292176039119804e-05,0.0,0.0,2.292176039119804e-05,0.0,0.0,100
EU Power Grid,adap_betweenness,,99970,0.7638294621026894,2.292176039119804e-05,0.0,0.0,2.292176039119804e-05,0.0,0.0,100
EU Power Grid,adap_betweenness,,100100,0.764822738386308,2.292176039119804e-05,0.0,0.0,2.292176039119804e-05,0.0,0.0,100
EU Power Grid,adap_betweenness,,100230,0.7658160146699265,2.292176039119804e-05,0.0,0.0,2.2845354523227377e-05,7.64058679706601e-07,7.64058679706601e-08,100
EU Power Grid,adap_betweenness,,100360,0.7668092909535451,2.292176039119804e-05,0.0,0.0,2.2845354523227377e-05,7.64058679706601e-07,7.64058679706601e-08,100
EU Power Grid,adap_betweenness,,100490,0.7678025672371638,2.292176039119804e-05,0.0,0.0,2.2845354523227377e-05,7.64058679706601e-07,7.64058679706601e-08,100
EU Power Grid,adap_betweenness,,100620,0.7687958435207823,2.292176039119804e-05,0.0,0.0,2.2845354523227377e-05,7.64058679706601e-07,7.64058679706601e-08,100
EU Power Grid,adap_betweenness,,100750,0.7697891198044009,2.292176039119804e-05,0.0,0.0,2.2845354523227377e-05,7.64058679706601e-07,7.64058679706601e-08,100
EU Power Grid,adap_betweenness,,100880,0.7707823960880195,2.292176039119804e-05,0.0,0.0,2.2845354523227377e-05,7.64058679706601e-07,7.64058679706601e-08,100
EU Power Grid,adap_betweenness,,101010,0.771775672371638,2.292176039119804e-05,0.0,0.0,2.2845354523227377e-05,7.64058679706601e-07,7.64058679706601e-08,100
EU Power Grid,adap_betweenness,,101140,0.7727689486552567,2.292176039119804e-05,0.0,0.0,2.2845354523227377e-05,7.64058679706601e-07,7.64058679706601e-08,100
EU Power Grid,adap_betweenness,,101270,0.7737622249388753,2.292176039119804e-05,0.0,0.0,2.2845354523227377e-05,7.64058679706601e-07,7.64058679706601e-08,100
EU Power Grid,adap_betweenness,,101400,0.7747555012224938,2.292176039119804e-05,0.0,0.0,2.2845354523227377e-05,7.64058679706601e-07,7.64058679706601e-08,100
EU Power Grid,adap_betweenness,,101530,0.7757487775061124,2.292176039119804e-05,0.0,0.0,2.2845354523227377e-05,7.64058679706601e-07,7.64058679706601e-08,100
EU Power Grid,adap_betweenness,,101660,0.7767420537897309,2.292176039119804e-05,0.0,0.0,2.2845354523227377e-05,7.64058679706601e-07,7.64058679706601e-08,100
EU Power Grid,adap_betweenness,,101790,0.7777353300733496,2.292176039119804e-05,0.0,0.0,2.2845354523227377e-05,7.64058679706601e-07,7.64058679706601e-08,100
EU Power Grid,adap_betweenness,,101920,0.7787286063569682,2.292176039119804e-05,0.0,0.0,2.2845354523227377e-05,7.64058679706601e-07,7.64058679706601e-08,100
EU Power Grid,adap_betweenness,,102050,0.7797218826405867,2.2845354523227377e-05,7.64058679706601e-07,7.64058679706601e-08,2.2845354523227377e-05,7.64058679706601e-07,7.64058679706601e-08,100
EU Power Grid,adap_betweenness,,102180,0.7807151589242053,2.2845354523227377e-05,7.64058679706601e-07,7.64058679706601e-08,2.2845354523227377e-05,7.64058679706601e-07,7.64058679706601e-08,100
EU Power Grid,adap_betweenness,,102310,0.7817084352078238,2.2845354523227377e-05,7.64058679706601e-07,7.64058679706601e-08,2.2845354523227377e-05,7.64058679706601e-07,7.64058679706601e-08,100
EU Power Grid,adap_betweenness,,102440,0.7827017114914425,2.2845354523227377e-05,7.64058679706601e-07,7.64058679706601e-08,2.2845354523227377e-05,7.64058679706601e-07,7.64058679706601e-08,100
EU Power Grid,adap_betweenness,,102570,0.7836949877750611,2.2845354523227377e-05,7.64058679706601e-07,7.64058679706601e-08,2.2845354523227377e-05,7.64058679706601e-07,7.64058679706601e-08,100
EU Power Grid,adap_betweenness,,102700,0.7846882640586796,2.2845354523227377e-05,7.64058679706601e-07,7.64058679706601e-08,2.276894865525672e-05,1.0750710126550247e-06,1.0750710126550246e-07,100
EU Power Grid,adap_betweenness,,102830,0.7856815403422982,2.2845354523227377e-05,7.64058679706601e-07,7.64058679706601e-08,2.276894865525672e-05,1.0750710126550247e-06,1.0750710126550246e-07,100
EU Power Grid,adap_betweenness,,102960,0.7866748166259168,2.2845354523227377e-05,7.64058679706601e-07,7.64058679706601e-08,2.276894865525672e-05,1.0750710126550247e-06,1.0750710126550246e-07,100
EU Power Grid,adap_betweenness,,103090,0.7876680929095354,2.2845354523227377e-05,7.64058679706601e-07,7.64058679706601e-08,2.276894865525672e-05,1.0750710126550247e-06,1.0750710126550246e-07,100
EU Power Grid,adap_betweenness,,103220,0.788661369193154,2.2845354523227377e-05,7.64058679706601e-07,7.64058679706601e-08,2.26161369193154e-05,1.504785953292576e-06,1.5047859532925753e-07,100
EU Power Grid,adap_betweenness,,103350,0.7896546454767726,2.2845354523227377e-05,7.64058679706601e-07,7.64058679706601e-08,2.26161369193154e-05,1.504785953292576e-06,1.5047859532925753e-07,100
EU Power Grid,adap_betweenness,,103480,0.7906479217603911,2.2845354523227377e-05,7.64058679706601e-07,7.64058679706601e-08,2.26161369193154e-05,1.504785953292576e-06,1.5047859532925753e-07,100
EU Power Grid,adap_betweenness,,103610,0.7916411980440097,2.2845354523227377e-05,7.64058679706601e-07,7.64058679706601e-08,2.26161369193154e-05,1.504785953292576e-06,1.5047859532925753e-07,100
EU Power Grid,adap_betweenness,,103740,0.7926344743276282,2.2845354523227377e-05,7.64058679706601e-07,7.64058679706601e-08,2.26161369193154e-05,1.504785953292576e-06,1.5047859532925753e-07,100
EU Power Grid,adap_betweenness,,103870,0.7936277506112469,2.2845354523227377e-05,7.64058679706601e-07,7.64058679706601e-08,2.26161369193154e-05,1.504785953292576e-06,1.5047859532925753e-07,100
EU Power Grid,adap_betweenness,,104000,0.7946210268948655,2.2845354523227377e-05,7.64058679706601e-07,7.64058679706601e-08,2.26161369193154e-05,1.504785953292576e-06,1.5047859532925753e-07,100
EU Power Grid,adap_betweenness,,104130,0.795614303178484,2.2845354523227377e-05,7.64058679706601e-07,7.64058679706601e-08,2.253973105134474e-05,1.673616393318996e-06,1.6736163933189964e-07,100
EU Power Grid,adap_betweenness,,104260,0.7966075794621026,2.2845354523227377e-05,7.64058679706601e-07,7.64058679706601e-08,2.253973105134474e-05,1.673616393318996e-06,1.6736163933189964e-07,100
EU Power Grid,adap_betweenness,,104390,0.7976008557457211,2.2845354523227377e-05,7.64058679706601e-07,7.64058679706601e-08,2.253973105134474e-05,1.673616393318996e-06,1.6736163933189964e-07,100
EU Power Grid,adap_betweenness,,104520,0.7985941320293398,2.2845354523227377e-05,7.64058679706601e-07,7.64058679706601e-08,2.253973105134474e-05,1.673616393318996e-06,1.6736163933189964e-07,100
EU Power Grid,adap_betweenness,,104650,0.7995874083129584,2.2845354523227377e-05,7.64058679706601e-07,7.64058679706601e-08,2.253973105134474e-05,1.673616393318996e-06,1.6736163933189964e-07,100
EU Power Grid,adap_betweenness,,104780,0.8005806845965769,2.276894865525672e-05,1.0750710126550245e-06,1.0750710126550246e-07,2.253973105134474e-05,1.673616393318996e-06,1.6736163933189964e-07,100
EU Power Grid,adap_betweenness,,104910,0.8015739608801955,2.276894865525672e-05,1.0750710126550245e-06,1.0750710126550246e-07,2.253973105134474e-05,1.673616393318996e-06,1.6736163933189964e-07,100
EU Power Grid,adap_betweenness,,105040,0.8025672371638141,2.276894865525672e-05,1.0750710126550245e-06,1.0750710126550246e-07,2.253973105134474e-05,1.673616393318996e-06,1.6736163933189964e-07,100
EU Power Grid,adap_betweenness,,105170,0.8035605134474327,2.276894865525672e-05,1.0750710126550245e-06,1.0750710126550246e-07,2.253973105134474e-05,1.673616393318996e-06,1.6736163933189964e-07,100
EU Power Grid,adap_betweenness,,105300,0.8045537897310513,2.276894865525672e-05,1.0750710126550245e-06,1.0750710126550246e-07,2.253973105134474e-05,1.673616393318996e-06,1.6736163933189964e-07,100
EU Power Grid,adap_betweenness,,105430,0.8055470660146699,2.276894865525672e-05,1.0750710126550245e-06,1.0750710126550246e-07,2.253973105134474e-05,1.673616393318996e-06,1.6736163933189964e-07,100
EU Power Grid,adap_betweenness,,105560,0.8065403422982884,2.276894865525672e-05,1.0750710126550245e-06,1.0750710126550246e-07,2.246332518337408e-05,1.8236801388748617e-06,1.8236801388748616e-07,100
EU Power Grid,adap_betweenness,,105690,0.807533618581907,2.276894865525672e-05,1.0750710126550245e-06,1.0750710126550246e-07,2.238691931540342e-05,1.9592940095984307e-06,1.959294009598431e-07,100
EU Power Grid,adap_betweenness,,105820,0.8085268948655256,2.276894865525672e-05,1.0750710126550245e-06,1.0750710126550246e-07,2.231051344743276e-05,2.083281818034005e-06,2.0832818180340049e-07,100
EU Power Grid,adap_betweenness,,105950,0.8095201711491442,2.2692542787286057e-05,1.3099526894694773e-06,1.3099526894694772e-07,2.2234107579462097e-05,2.1976122498828025e-06,2.1976122498828021e-07,100
EU Power Grid,adap_betweenness,,106080,0.8105134474327628,2.2692542787286057e-05,1.3099526894694773e-06,1.3099526894694772e-07,2.2081295843520777e-05,2.4027050560453845e-06,2.402705056045384e-07,100
EU Power Grid,adap_betweenness,,106210,0.8115067237163813,2.26161369193154e-05,1.5047859532925755e-06,1.5047859532925753e-07,2.2081295843520777e-05,2.4027050560453845e-06,2.402705056045384e-07,100
EU Power Grid,adap_betweenness,,106340,0.8124999999999999,2.26161369193154e-05,1.5047859532925755e-06,1.5047859532925753e-07,2.2004889975550115e-05,2.49540519843437e-06,2.495405198434369e-07,100
EU Power Grid,adap_betweenness,,106470,0.8134932762836186,2.26161369193154e-05,1.5047859532925755e-06,1.5047859532925753e-07,2.2004889975550115e-05,2.49540519843437e-06,2.495405198434369e-07,100
EU Power Grid,adap_betweenness,,106600,0.8144865525672371,2.26161369193154e-05,1.5047859532925755e-06,1.5047859532925753e-07,2.1928484107579457e-05,2.582500527121263e-06,2.5825005271212633e-07,100
EU Power Grid,adap_betweenness,,106730,0.8154798288508557,2.253973105134474e-05,1.6736163933189962e-06,1.6736163933189964e-07,2.18520782396088e-05,2.664540709197561e-06,2.664540709197561e-07,100
EU Power Grid,adap_betweenness,,106860,0.8164731051344742,2.253973105134474e-05,1.6736163933189962e-06,1.6736163933189964e-07,2.18520782396088e-05,2.664540709197561e-06,2.664540709197561e-07,100
EU Power Grid,adap_betweenness,,106990,0.8174663814180928,2.238691931540342e-05,1.9592940095984307e-06,1.959294009598431e-07,2.18520782396088e-05,2.664540709197561e-06,2.664540709197561e-07,100
EU Power Grid,adap_betweenness,,107120,0.8184596577017114,2.238691931540342e-05,1.9592940095984307e-06,1.959294009598431e-07,2.18520782396088e-05,2.664540709197561e-06,2.664540709197561e-07,100
EU Power Grid,adap_betweenness,,107250,0.81945293398533,2.238691931540342e-05,1.9592940095984307e-06,1.959294009598431e-07,2.1775672371638137e-05,2.7419795330274794e-06,2.7419795330274794e-07,100
EU Power Grid,adap_betweenness,,107380,0.8204462102689486,2.231051344743276e-05,2.0832818180340053e-06,2.0832818180340049e-07,2.1775672371638137e-05,2.7419795330274794e-06,2.7419795330274794e-07,100
EU Power Grid,adap_betweenness,,107510,0.8214394865525672,2.231051344743276e-05,2.0832818180340053e-06,2.0832818180340049e-07,2.1775672371638137e-05,2.7419795330274794e-06,2.7419795330274794e-07,100
EU Power Grid,adap_betweenness,,107640,0.8224327628361857,2.231051344743276e-05,2.0832818180340053e-06,2.0832818180340049e-07,2.1775672371638137e-05,2.7419795330274794e-06,2.7419795330274794e-07,100
EU Power Grid,adap_betweenness,,107770,0.8234260391198043,2.231051344743276e-05,2.0832818180340053e-06,2.0832818180340049e-07,2.1775672371638137e-05,2.7419795330274794e-06,2.7419795330274794e-07,100
EU Power Grid,adap_betweenness,,107900,0.824419315403423,2.231051344743276e-05,2.0832818180340053e-06,2.0832818180340049e-07,2.1775672371638137e-05,2.7419795330274794e-06,2.7419795330274794e-07,100
EU Power Grid,adap_betweenness,,108030,0.8254125916870415,2.2234107579462097e-05,2.197612249882803e-06,2.1976122498828021e-07,2.1622860635696817e-05,2.884513814705355e-06,2.884513814705354e-07,100
EU Power Grid,adap_betweenness,,108160,0.8264058679706601,2.2234107579462097e-05,2.197612249882803e-06,2.1976122498828021e-07,2.1622860635696817e-05,2.884513814705355e-06,2.884513814705354e-07,100
EU Power Grid,adap_betweenness,,108290,0.8273991442542786,2.2157701711491435e-05,2.3037235985464806e-06,2.3037235985464806e-07,2.1622860635696817e-05,2.884513814705355e-06,2.884513814705354e-07,100
EU Power Grid,adap_betweenness,,108420,0.8283924205378972,2.2157701711491435e-05,2.3037235985464806e-06,2.3037235985464806e-07,2.1546454767726156e-05,2.9502056820397993e-06,2.9502056820397993e-07,100
EU Power Grid,adap_betweenness,,108550,0.8293856968215159,2.2081295843520777e-05,2.402705056045385e-06,2.402705056045384e-07,2.1546454767726156e-05,2.9502056820397993e-06,2.9502056820397993e-07,100
EU Power Grid,adap_betweenness,,108680,0.8303789731051344,2.2081295843520777e-05,2.402705056045385e-06,2.402705056045384e-07,2.1393643031784836e-05,3.0716314647286408e-06,3.0716314647286417e-07,100
EU Power Grid,adap_betweenness,,108810,0.831372249388753,2.2081295843520777e-05,2.402705056045385e-06,2.402705056045384e-07,2.1393643031784836e-05,3.0716314647286408e-06,3.0716314647286417e-07,100
EU Power Grid,adap_betweenness,,108940,0.8323655256723715,2.2081295843520777e-05,2.402705056045385e-06,2.402705056045384e-07,2.1317237163814177e-05,3.1277519922091382e-06,3.1277519922091395e-07,100
EU Power Grid,adap_betweenness,,109070,0.8333588019559901,2.2081295843520777e-05,2.402705056045385e-06,2.402705056045384e-07,2.1240831295843516e-05,3.1810299502844313e-06,3.181029950284432e-07,100
EU Power Grid,adap_betweenness,,109200,0.8343520782396088,2.2004889975550115e-05,2.495405198434369e-06,2.4954051984343695e-07,2.1088019559902196e-05,3.279604951030926e-06,3.279604951030926e-07,100
EU Power Grid,adap_betweenness,,109330,0.8353453545232273,2.2004889975550115e-05,2.495405198434369e-06,2.4954051984343695e-07,2.1011613691931538e-05,3.3251385993982593e-06,3.325138599398261e-07,100
EU Power Grid,adap_betweenness,,109460,0.8363386308068459,2.2004889975550115e-05,2.495405198434369e-06,2.4954051984343695e-07,2.093520782396088e-05,3.3683068633619177e-06,3.3683068633619186e-07,100
EU Power Grid,adap_betweenness,,109590,0.8373319070904645,2.2004889975550115e-05,2.495405198434369e-06,2.4954051984343695e-07,2.0858801955990214e-05,3.409199597635035e-06,3.409199597635036e-07,100
EU Power Grid,adap_betweenness,,109720,0.838325183374083,2.2004889975550115e-05,2.495405198434369e-06,2.4954051984343695e-07,2.0858801955990214e-05,3.409199597635035e-06,3.409199597635036e-07,100
EU Power Grid,adap_betweenness,,109850,0.8393184596577017,2.2004889975550115e-05,2.495405198434369e-06,2.4954051984343695e-07,2.0858801955990214e-05,3.409199597635035e-06,3.409199597635036e-07,100
EU Power Grid,adap_betweenness,,109980,0.8403117359413202,2.2004889975550115e-05,2.495405198434369e-06,2.4954051984343695e-07,2.0782396088019553e-05,3.447897767834755e-06,3.447897767834755e-07,100
EU Power Grid,adap_betweenness,,110110,0.8413050122249388,2.1928484107579457e-05,2.582500527121263e-06,2.5825005271212633e-07,2.0782396088019553e-05,3.447897767834755e-06,3.447897767834755e-07,100
EU Power Grid,adap_betweenness,,110240,0.8422982885085574,2.1928484107579457e-05,2.582500527121263e-06,2.5825005271212633e-07,2.0782396088019553e-05,3.447897767834755e-06,3.447897767834755e-07,100
EU Power Grid,adap_betweenness,,110370,0.8432915647921759,2.1928484107579457e-05,2.582500527121263e-06,2.5825005271212633e-07,2.0782396088019553e-05,3.447897767834755e-06,3.447897767834755e-07,100
EU Power Grid,adap_betweenness,,110500,0.8442848410757945,2.18520782396088e-05,2.6645407091975614e-06,2.664540709197561e-07,2.0629584352078236e-05,3.51899592353177e-06,3.5189959235317703e-07,100
EU Power Grid,adap_betweenness,,110630,0.8452781173594132,2.18520782396088e-05,2.6645407091975614e-06,2.664540709197561e-07,2.0629584352078236e-05,3.51899592353177e-06,3.5189959235317703e-07,100
EU Power Grid,adap_betweenness,,110760,0.8462713936430317,2.18520782396088e-05,2.6645407091975614e-06,2.664540709197561e-07,2.0553178484107574e-05,3.5515219950468486e-06,3.5515219950468487e-07,100
EU Power Grid,adap_betweenness,,110890,0.8472646699266503,2.1775672371638137e-05,2.7419795330274794e-06,2.741979533027479e-07,2.0400366748166254e-05,3.610800447931392e-06,3.610800447931392e-07,100
EU Power Grid,adap_betweenness,,111020,0.8482579462102688,2.1775672371638137e-05,2.7419795330274794e-06,2.741979533027479e-07,2.0171149144254273e-05,3.6859577576743694e-06,3.68595775767437e-07,100
EU Power Grid,adap_betweenness,,111150,0.8492512224938874,2.1775672371638137e-05,2.7419795330274794e-06,2.741979533027479e-07,2.0171149144254273e-05,3.6859577576743694e-06,3.68595775767437e-07,100
EU Power Grid,adap_betweenness,,111280,0.8502444987775061,2.169926650366748e-05,2.8151967388254162e-06,2.815196738825416e-07,2.0094743276283615e-05,3.7074922608030986e-06,3.7074922608030985e-07,100
EU Power Grid,adap_betweenness,,111410,0.8512377750611246,2.169926650366748e-05,2.8151967388254162e-06,2.815196738825416e-07,2.0094743276283615e-05,3.7074922608030986e-06,3.7074922608030985e-07,100
EU Power Grid,adap_betweenness,,111540,0.8522310513447432,2.169926650366748e-05,2.8151967388254162e-06,2.815196738825416e-07,1.9941931540342295e-05,3.7454701253071286e-06,3.7454701253071293e-07,100
EU Power Grid,adap_betweenness,,111670,0.8532243276283618,2.169926650366748e-05,2.8151967388254162e-06,2.815196738825416e-07,1.9789119804400975e-05,3.776826638322968e-06,3.776826638322969e-07,100
EU Power Grid,adap_betweenness,,111800,0.8542176039119803,2.169926650366748e-05,2.8151967388254162e-06,2.815196738825416e-07,1.9789119804400975e-05,3.776826638322968e-06,3.776826638322969e-07,100
EU Power Grid,adap_betweenness,,111930,0.855210880195599,2.169926650366748e-05,2.8151967388254162e-06,2.815196738825416e-07,1.9712713936430316e-05,3.7900746007706133e-06,3.790074600770614e-07,100
EU Power Grid,adap_betweenness,,112060,0.8562041564792175,2.169926650366748e-05,2.8151967388254162e-06,2.815196738825416e-07,1.9636308068459655e-05,3.8017256414749594e-06,3.8017256414749605e-07,100
EU Power Grid,adap_betweenness,,112190,0.8571974327628361,2.169926650366748e-05,2.8151967388254162e-06,2.815196738825416e-07,1.9483496332518335e-05,3.8202933985330044e-06,3.820293398533006e-07,100
EU Power Grid,adap_betweenness,,112320,0.8581907090464547,2.1622860635696817e-05,2.884513814705354e-06,2.884513814705353e-07,1.9483496332518335e-05,3.8202933985330044e-06,3.820293398533006e-07,100
EU Power Grid,adap_betweenness,,112450,0.8591839853300732,2.1546454767726156e-05,2.9502056820397993e-06,2.9502056820397993e-07,1.9483496332518335e-05,3.8202933985330044e-06,3.820293398533006e-07,100
EU Power Grid,adap_betweenness,,112580,0.8601772616136919,2.1546454767726156e-05,2.9502056820397993e-06,2.9502056820397993e-07,1.9483496332518335e-05,3.8202933985330044e-06,3.820293398533006e-07,100
EU Power Grid,adap_betweenness,,112710,0.8611705378973105,2.1546454767726156e-05,2.9502056820397993e-06,2.9502056820397993e-07,1.9483496332518335e-05,3.8202933985330044e-06,3.820293398533006e-07,100
EU Power Grid,adap_betweenness,,112840,0.862163814180929,2.1546454767726156e-05,2.9502056820397993e-06,2.9502056820397993e-07,1.933068459657701e-05,3.832621928840094e-06,3.832621928840095e-07,100
EU Power Grid,adap_betweenness,,112970,0.8631570904645476,2.1546454767726156e-05,2.9502056820397993e-06,2.9502056820397993e-07,1.9177872860635695e-05,3.83877134623847e-06,3.838771346238472e-07,100
EU Power Grid,adap_betweenness,,113100,0.8641503667481661,2.1470048899755494e-05,3.0125095079741927e-06,3.0125095079741924e-07,1.9101466992665033e-05,3.839539330910801e-06,3.839539330910802e-07,100
EU Power Grid,adap_betweenness,,113230,0.8651436430317848,2.1393643031784836e-05,3.0716314647286416e-06,3.0716314647286417e-07,1.887224938875305e-05,3.832621928840094e-06,3.832621928840095e-07,100
EU Power Grid,adap_betweenness,,113360,0.8661369193154034,2.1393643031784836e-05,3.0716314647286416e-06,3.0716314647286417e-07,1.871943765281173e-05,3.820293398533006e-06,3.8202933985330054e-07,100
EU Power Grid,adap_betweenness,,113490,0.8671301955990219,2.1393643031784836e-05,3.0716314647286416e-06,3.0716314647286417e-07,1.871943765281173e-05,3.820293398533006e-06,3.8202933985330054e-07,100
EU Power Grid,adap_betweenness,,113620,0.8681234718826405,2.1317237163814177e-05,3.127751992209139e-06,3.127751992209139e-07,1.864303178484107e-05,3.8117944038039323e-06,3.8117944038039314e-07,100
EU Power Grid,adap_betweenness,,113750,0.8691167481662591,2.1317237163814177e-05,3.127751992209139e-06,3.127751992209139e-07,1.8566625916870412e-05,3.8017256414749594e-06,3.80172564147496e-07,100
EU Power Grid,adap_betweenness,,113880,0.8701100244498776,2.1240831295843516e-05,3.181029950284431e-06,3.1810299502844314e-07,1.8566625916870412e-05,3.8017256414749594e-06,3.80172564147496e-07,100
EU Power Grid,adap_betweenness,,114010,0.8711033007334963,2.1240831295843516e-05,3.181029950284431e-06,3.1810299502844314e-07,1.8566625916870412e-05,3.8017256414749594e-06,3.80172564147496e-07,100
EU Power Grid,adap_betweenness,,114140,0.8720965770171148,2.1164425427872857e-05,3.2316059343035637e-06,3.231605934303564e-07,1.8566625916870412e-05,3.8017256414749594e-06,3.80172564147496e-07,100
EU Power Grid,adap_betweenness,,114270,0.8730898533007334,2.093520782396088e-05,3.3683068633619173e-06,3.3683068633619186e-07,1.8566625916870412e-05,3.8017256414749594e-06,3.80172564147496e-07,100
EU Power Grid,adap_betweenness,,114400,0.874083129584352,2.0858801955990214e-05,3.409199597635035e-06,3.409199597635036e-07,1.8413814180929092e-05,3.776826638322969e-06,3.7768266383229685e-07,100
EU Power Grid,adap_betweenness,,114530,0.8750764058679705,2.0705990220048894e-05,3.4844744924516228e-06,3.4844744924516234e-07,1.8337408312958434e-05,3.761964883231438e-06,3.761964883231439e-07,100
EU Power Grid,adap_betweenness,,114660,0.8760696821515892,2.0629584352078236e-05,3.51899592353177e-06,3.5189959235317703e-07,1.8261002444987772e-05,3.745470125307128e-06,3.745470125307129e-07,100
EU Power Grid,adap_betweenness,,114790,0.8770629584352078,2.0476772616136916e-05,3.5821070619051844e-06,3.5821070619051835e-07,1.818459657701711e-05,3.7273206847078476e-06,3.7273206847078474e-07,100
EU Power Grid,adap_betweenness,,114920,0.8780562347188263,2.0476772616136916e-05,3.5821070619051844e-06,3.5821070619051835e-07,1.8031784841075794e-05,3.6859577576743707e-06,3.685957757674369e-07,100
EU Power Grid,adap_betweenness,,115050,0.8790495110024449,2.0400366748166254e-05,3.6108004479313918e-06,3.610800447931392e-07,1.7955378973105132e-05,3.6626870831380028e-06,3.6626870831380044e-07,100
EU Power Grid,adap_betweenness,,115180,0.8800427872860634,2.0323960880195596e-05,3.6376469175544245e-06,3.637646917554425e-07,1.7955378973105132e-05,3.6626870831380028e-06,3.6626870831380044e-07,100
EU Power Grid,adap_betweenness,,115310,0.8810360635696821,2.0171149144254273e-05,3.6859577576743707e-06,3.68595775767437e-07,1.787897310513447e-05,3.6376469175544233e-06,3.6376469175544247e-07,100
EU Power Grid,adap_betweenness,,115440,0.8820293398533007,2.0171149144254273e-05,3.6859577576743707e-06,3.68595775767437e-07,1.787897310513447e-05,3.6376469175544233e-06,3.6376469175544247e-07,100
EU Power Grid,adap_betweenness,,115570,0.8830226161369192,2.0094743276283615e-05,3.707492260803098e-06,3.7074922608030985e-07,1.787897310513447e-05,3.6376469175544233e-06,3.6376469175544247e-07,100
EU Power Grid,adap_betweenness,,115700,0.8840158924205378,2.0094743276283615e-05,3.707492260803098e-06,3.7074922608030985e-07,1.7802567237163812e-05,3.610800447931392e-06,3.6108004479313915e-07,100
EU Power Grid,adap_betweenness,,115830,0.8850091687041564,2.0094743276283615e-05,3.707492260803098e-06,3.7074922608030985e-07,1.7802567237163812e-05,3.610800447931392e-06,3.6108004479313915e-07,100
EU Power Grid,adap_betweenness,,115960,0.886002444987775,2.0018337408312953e-05,3.727320684707848e-06,3.7273206847078474e-07,1.772616136919315e-05,3.5821070619051835e-06,3.5821070619051835e-07,100
EU Power Grid,adap_betweenness,,116090,0.8869957212713936,2.0018337408312953e-05,3.727320684707848e-06,3.7273206847078474e-07,1.757334963325183e-05,3.51899592353177e-06,3.5189959235317703e-07,100
EU Power Grid,adap_betweenness,,116220,0.8879889975550121,1.9865525672371633e-05,3.761964883231438e-06,3.761964883231439e-07,1.719132029339853e-05,3.325138599398261e-06,3.325138599398261e-07,100
EU Power Grid,adap_betweenness,,116350,0.8889822738386307,1.9865525672371633e-05,3.761964883231438e-06,3.761964883231439e-07,1.703850855745721e-05,3.2316059343035637e-06,3.231605934303564e-07,100
EU Power Grid,adap_betweenness,,116480,0.8899755501222493,1.9865525672371633e-05,3.761964883231438e-06,3.761964883231439e-07,1.703850855745721e-05,3.2316059343035637e-06,3.231605934303564e-07,100
EU Power Grid,adap_betweenness,,116610,0.8909688264058679,1.9865525672371633e-05,3.761964883231438e-06,3.761964883231439e-07,1.703850855745721e-05,3.2316059343035637e-06,3.231605934303564e-07,100
EU Power Grid,adap_betweenness,,116740,0.8919621026894865,1.9712713936430316e-05,3.790074600770614e-06,3.790074600770614e-07,1.696210268948655e-05,3.1810299502844304e-06,3.181029950284432e-07,100
EU Power Grid,adap_betweenness,,116870,0.8929553789731051,1.9636308068459655e-05,3.80172564147496e-06,3.80172564147496e-07,1.688569682151589e-05,3.127751992209139e-06,3.127751992209139e-07,100
EU Power Grid,adap_betweenness,,117000,0.8939486552567236,1.9559902200488996e-05,3.811794403803932e-06,3.811794403803932e-07,1.665647921760391e-05,2.9502056820397998e-06,2.950205682039799e-07,100
EU Power Grid,adap_betweenness,,117130,0.8949419315403422,1.9483496332518335e-05,3.820293398533005e-06,3.8202933985330054e-07,1.665647921760391e-05,2.9502056820397998e-06,2.950205682039799e-07,100
EU Power Grid,adap_betweenness,,117260,0.8959352078239607,1.9483496332518335e-05,3.820293398533005e-06,3.8202933985330054e-07,1.665647921760391e-05,2.9502056820397998e-06,2.950205682039799e-07,100
EU Power Grid,adap_betweenness,,117390,0.8969284841075794,1.9407090464547673e-05,3.827233083450741e-06,3.8272330834507403e-07,1.665647921760391e-05,2.9502056820397998e-06,2.950205682039799e-07,100
EU Power Grid,adap_betweenness,,117520,0.897921760391198,1.933068459657701e-05,3.832621928840095e-06,3.832621928840095e-07,1.665647921760391e-05,2.9502056820397998e-06,2.950205682039799e-07,100
EU Power Grid,adap_betweenness,,117650,0.8989150366748165,1.933068459657701e-05,3.832621928840095e-06,3.832621928840095e-07,1.665647921760391e-05,2.9502056820397998e-06,2.950205682039799e-07,100
EU Power Grid,adap_betweenness,,117780,0.8999083129584351,1.933068459657701e-05,3.832621928840095e-06,3.832621928840095e-07,1.642726161369193e-05,2.7419795330274794e-06,2.741979533027479e-07,100
EU Power Grid,adap_betweenness,,117910,0.9009015892420535,1.9177872860635695e-05,3.8387713462384716e-06,3.838771346238472e-07,1.635085574572127e-05,2.6645407091975614e-06,2.664540709197561e-07,100
EU Power Grid,adap_betweenness,,118040,0.9018948655256724,1.9177872860635695e-05,3.8387713462384716e-06,3.838771346238472e-07,1.635085574572127e-05,2.6645407091975614e-06,2.664540709197561e-07,100
EU Power Grid,adap_betweenness,,118170,0.9028881418092908,1.8948655256723713e-05,3.836466469809582e-06,3.836466469809581e-07,1.627444987775061e-05,2.582500527121263e-06,2.5825005271212633e-07,100
EU Power Grid,adap_betweenness,,118300,0.9038814180929094,1.8795843520782393e-05,3.82723308345074e-06,3.8272330834507403e-07,1.627444987775061e-05,2.582500527121263e-06,2.5825005271212633e-07,100
EU Power Grid,adap_betweenness,,118430,0.904874694376528,1.8795843520782393e-05,3.82723308345074e-06,3.8272330834507403e-07,1.619804400977995e-05,2.495405198434369e-06,2.4954051984343695e-07,100
EU Power Grid,adap_betweenness,,118560,0.9058679706601466,1.871943765281173e-05,3.820293398533005e-06,3.8202933985330054e-07,1.619804400977995e-05,2.495405198434369e-06,2.4954051984343695e-07,100
EU Power Grid,adap_betweenness,,118690,0.9068612469437652,1.864303178484107e-05,3.811794403803932e-06,3.8117944038039314e-07,1.619804400977995e-05,2.495405198434369e-06,2.4954051984343695e-07,100
EU Power Grid,adap_betweenness,,118820,0.9078545232273838,1.8490220048899753e-05,3.7900746007706133e-06,3.790074600770614e-07,1.612163814180929e-05,2.4027050560453845e-06,2.402705056045384e-07,100
EU Power Grid,adap_betweenness,,118950,0.9088477995110024,1.8261002444987772e-05,3.74547012530713e-06,3.745470125307129e-07,1.612163814180929e-05,2.4027050560453845e-06,2.402705056045384e-07,100
EU Power Grid,adap_betweenness,,119080,0.9098410757946208,1.818459657701711e-05,3.727320684707848e-06,3.7273206847078474e-07,1.6045232273838628e-05,2.3037235985464806e-06,2.3037235985464814e-07,100
EU Power Grid,adap_betweenness,,119210,0.9108343520782396,1.818459657701711e-05,3.727320684707848e-06,3.7273206847078474e-07,1.596882640586797e-05,2.197612249882803e-06,2.1976122498828021e-07,100
EU Power Grid,adap_betweenness,,119340,0.9118276283618582,1.8031784841075794e-05,3.6859577576743707e-06,3.68595775767437e-07,1.581601466992665e-05,1.959294009598431e-06,1.959294009598431e-07,100
EU Power Grid,adap_betweenness,,119470,0.9128209046454768,1.7955378973105132e-05,3.662687083138004e-06,3.6626870831380044e-07,1.581601466992665e-05,1.959294009598431e-06,1.959294009598431e-07,100
EU Power Grid,adap_betweenness,,119600,0.9138141809290952,1.7955378973105132e-05,3.662687083138004e-06,3.6626870831380044e-07,1.581601466992665e-05,1.959294009598431e-06,1.959294009598431e-07,100
EU Power Grid,adap_betweenness,,119730,0.9148074572127138,1.7802567237163812e-05,3.610800447931392e-06,3.610800447931392e-07,1.5739608801955988e-05,1.8236801388748622e-06,1.8236801388748616e-07,100
EU Power Grid,adap_betweenness,,119860,0.9158007334963324,1.7802567237163812e-05,3.610800447931392e-06,3.610800447931392e-07,1.5739608801955988e-05,1.8236801388748622e-06,1.8236801388748616e-07,100
EU Power Grid,adap_betweenness,,119990,0.9167940097799512,1.772616136919315e-05,3.5821070619051835e-06,3.5821070619051835e-07,1.5739608801955988e-05,1.8236801388748622e-06,1.8236801388748616e-07,100
EU Power Grid,adap_betweenness,,120120,0.9177872860635696,1.7649755501222492e-05,3.5515219950468478e-06,3.5515219950468487e-07,1.5739608801955988e-05,1.8236801388748622e-06,1.8236801388748616e-07,100
EU Power Grid,adap_betweenness,,120250,0.9187805623471882,1.757334963325183e-05,3.5189959235317705e-06,3.5189959235317703e-07,1.566320293398533e-05,1.6736163933189964e-06,1.673616393318996e-07,100
EU Power Grid,adap_betweenness,,120380,0.9197738386308068,1.7496943765281172e-05,3.484474492451623e-06,3.4844744924516234e-07,1.566320293398533e-05,1.6736163933189964e-06,1.673616393318996e-07,100
EU Power Grid,adap_betweenness,,120510,0.9207671149144252,1.7496943765281172e-05,3.484474492451623e-06,3.4844744924516234e-07,1.5586797066014668e-05,1.504785953292576e-06,1.5047859532925753e-07,100
EU Power Grid,adap_betweenness,,120640,0.921760391198044,1.7496943765281172e-05,3.484474492451623e-06,3.4844744924516234e-07,1.5586797066014668e-05,1.504785953292576e-06,1.5047859532925753e-07,100
EU Power Grid,adap_betweenness,,120770,0.9227536674816624,1.7344132029339852e-05,3.4091995976350355e-06,3.409199597635036e-07,1.551039119804401e-05,1.3099526894694773e-06,1.3099526894694772e-07,100
EU Power Grid,adap_betweenness,,120900,0.9237469437652812,1.7344132029339852e-05,3.4091995976350355e-06,3.409199597635036e-07,1.551039119804401e-05,1.3099526894694773e-06,1.3099526894694772e-07,100
EU Power Grid,adap_betweenness,,121030,0.9247402200488996,1.7344132029339852e-05,3.4091995976350355e-06,3.409199597635036e-07,1.551039119804401e-05,1.3099526894694773e-06,1.3099526894694772e-07,100
EU Power Grid,adap_betweenness,,121160,0.9257334963325182,1.726772616136919e-05,3.368306863361917e-06,3.368306863361918e-07,1.551039119804401e-05,1.3099526894694773e-06,1.3099526894694772e-07,100
EU Power Grid,adap_betweenness,,121290,0.9267267726161368,1.726772616136919e-05,3.368306863361917e-06,3.368306863361918e-07,1.5433985330073348e-05,1.0750710126550243e-06,1.0750710126550246e-07,100
EU Power Grid,adap_betweenness,,121420,0.9277200488997556,1.719132029339853e-05,3.3251385993982606e-06,3.325138599398261e-07,1.5433985330073348e-05,1.0750710126550243e-06,1.0750710126550246e-07,100
EU Power Grid,adap_betweenness,,121550,0.928713325183374,1.711491442542787e-05,3.279604951030926e-06,3.279604951030926e-07,1.5433985330073348e-05,1.0750710126550243e-06,1.0750710126550246e-07,100
EU Power Grid,adap_betweenness,,121680,0.9297066014669926,1.703850855745721e-05,3.2316059343035633e-06,3.231605934303564e-07,1.5433985330073348e-05,1.0750710126550243e-06,1.0750710126550246e-07,100
EU Power Grid,adap_betweenness,,121810,0.9306998777506112,1.703850855745721e-05,3.2316059343035633e-06,3.231605934303564e-07,1.5433985330073348e-05,1.0750710126550243e-06,1.0750710126550246e-07,100
EU Power Grid,adap_betweenness,,121940,0.9316931540342296,1.688569682151589e-05,3.127751992209139e-06,3.127751992209139e-07,1.5433985330073348e-05,1.0750710126550243e-06,1.0750710126550246e-07,100
EU Power Grid,adap_betweenness,,122070,0.9326864303178484,1.688569682151589e-05,3.127751992209139e-06,3.127751992209139e-07,1.5433985330073348e-05,1.0750710126550243e-06,1.0750710126550246e-07,100
EU Power Grid,adap_betweenness,,122200,0.9336797066014668,1.680929095354523e-05,3.0716314647286425e-06,3.0716314647286417e-07,1.5357579462102686e-05,7.640586797066011e-07,7.64058679706601e-08,100
EU Power Grid,adap_betweenness,,122330,0.9346729828850856,1.665647921760391e-05,2.9502056820397985e-06,2.9502056820397993e-07,1.5357579462102686e-05,7.640586797066011e-07,7.64058679706601e-08,100
EU Power Grid,adap_betweenness,,122460,0.935666259168704,1.658007334963325e-05,2.884513814705353e-06,2.884513814705354e-07,1.5357579462102686e-05,7.640586797066011e-07,7.64058679706601e-08,100
EU Power Grid,adap_betweenness,,122590,0.9366595354523226,1.658007334963325e-05,2.884513814705353e-06,2.884513814705354e-07,1.5357579462102686e-05,7.640586797066011e-07,7.64058679706601e-08,100
EU Power Grid,adap_betweenness,,122720,0.9376528117359412,1.6503667481662587e-05,2.8151967388254154e-06,2.815196738825416e-07,1.5357579462102686e-05,7.640586797066011e-07,7.64058679706601e-08,100
EU Power Grid,adap_betweenness,,122850,0.9386460880195598,1.6503667481662587e-05,2.8151967388254154e-06,2.815196738825416e-07,1.5357579462102686e-05,7.640586797066011e-07,7.64058679706601e-08,100
EU Power Grid,adap_betweenness,,122980,0.9396393643031784,1.6503667481662587e-05,2.8151967388254154e-06,2.815196738825416e-07,1.5357579462102686e-05,7.640586797066011e-07,7.64058679706601e-08,100
EU Power Grid,adap_betweenness,,123110,0.940632640586797,1.642726161369193e-05,2.74197953302748e-06,2.741979533027479e-07,1.5357579462102686e-05,7.640586797066011e-07,7.64058679706601e-08,100
EU Power Grid,adap_betweenness,,123240,0.9416259168704156,1.627444987775061e-05,2.582500527121263e-06,2.5825005271212633e-07,1.5357579462102686e-05,7.640586797066011e-07,7.64058679706601e-08,100
EU Power Grid,adap_betweenness,,123370,0.9426191931540342,1.627444987775061e-05,2.582500527121263e-06,2.5825005271212633e-07,1.5357579462102686e-05,7.640586797066011e-07,7.64058679706601e-08,100
EU Power Grid,adap_betweenness,,123500,0.9436124694376528,1.612163814180929e-05,2.402705056045385e-06,2.402705056045384e-07,1.5357579462102686e-05,7.640586797066011e-07,7.64058679706601e-08,100
EU Power Grid,adap_betweenness,,123630,0.9446057457212712,1.612163814180929e-05,2.402705056045385e-06,2.402705056045384e-07,1.5357579462102686e-05,7.640586797066011e-07,7.64058679706601e-08,100
EU Power Grid,adap_betweenness,,123760,0.94559902200489,1.6045232273838628e-05,2.3037235985464814e-06,2.3037235985464814e-07,1.5357579462102686e-05,7.640586797066011e-07,7.64058679706601e-08,100
EU Power Grid,adap_betweenness,,123890,0.9465922982885084,1.6045232273838628e-05,2.3037235985464814e-06,2.3037235985464814e-07,1.5281173594132028e-05,0.0,0.0,100
EU Power Grid,adap_betweenness,,124020,0.947585574572127,1.6045232273838628e-05,2.3037235985464814e-06,2.3037235985464814e-07,1.5281173594132028e-05,0.0,0.0,100
EU Power Grid,adap_betweenness,,124150,0.9485788508557456,1.6045232273838628e-05,2.3037235985464814e-06,2.3037235985464814e-07,1.5281173594132028e-05,0.0,0.0,100
EU Power Grid,adap_betweenness,,124280,0.9495721271393642,1.6045232273838628e-05,2.3037235985464814e-06,2.3037235985464814e-07,1.5281173594132028e-05,0.0,0.0,100
EU Power Grid,adap_betweenness,,124410,0.9505654034229828,1.6045232273838628e-05,2.3037235985464814e-06,2.3037235985464814e-07,1.5281173594132028e-05,0.0,0.0,100
EU Power Grid,adap_betweenness,,124540,0.9515586797066014,1.589242053789731e-05,2.083281818034005e-06,2.0832818180340054e-07,1.5281173594132028e-05,0.0,0.0,100
EU Power Grid,adap_betweenness,,124670,0.95255195599022,1.581601466992665e-05,1.9592940095984315e-06,1.959294009598431e-07,1.5281173594132028e-05,0.0,0.0,100
EU Power Grid,adap_betweenness,,124800,0.9535452322738386,1.581601466992665e-05,1.9592940095984315e-06,1.959294009598431e-07,1.5281173594132028e-05,0.0,0.0,100
EU Power Grid,adap_betweenness,,124930,0.9545385085574573,1.5739608801955988e-05,1.823680138874862e-06,1.8236801388748616e-07,1.5281173594132028e-05,0.0,0.0,100
EU Power Grid,adap_betweenness,,125060,0.9555317848410756,1.5739608801955988e-05,1.823680138874862e-06,1.8236801388748616e-07,1.5281173594132028e-05,0.0,0.0,100
EU Power Grid,adap_betweenness,,125190,0.9565250611246944,1.5739608801955988e-05,1.823680138874862e-06,1.8236801388748616e-07,1.5281173594132028e-05,0.0,0.0,100
EU Power Grid,adap_betweenness,,125320,0.9575183374083128,1.5739608801955988e-05,1.823680138874862e-06,1.8236801388748616e-07,1.5281173594132028e-05,0.0,0.0,100
EU Power Grid,adap_betweenness,,125450,0.9585116136919316,1.566320293398533e-05,1.673616393318996e-06,1.6736163933189962e-07,1.5281173594132028e-05,0.0,0.0,100
EU Power Grid,adap_betweenness,,125580,0.95950488997555,1.566320293398533e-05,1.673616393318996e-06,1.6736163933189962e-07,1.5281173594132028e-05,0.0,0.0,100
EU Power Grid,adap_betweenness,,125710,0.9604981662591686,1.566320293398533e-05,1.673616393318996e-06,1.6736163933189962e-07,1.5281173594132028e-05,0.0,0.0,100
EU Power Grid,adap_betweenness,,125840,0.9614914425427872,1.5586797066014668e-05,1.5047859532925755e-06,1.5047859532925753e-07,1.5281173594132028e-05,0.0,0.0,100
EU Power Grid,adap_betweenness,,125970,0.9624847188264056,1.551039119804401e-05,1.309952689469477e-06,1.3099526894694772e-07,1.5281173594132028e-05,0.0,0.0,100
EU Power Grid,adap_betweenness,,126100,0.9634779951100244,1.5357579462102686e-05,7.64058679706601e-07,7.64058679706601e-08,1.5281173594132028e-05,0.0,0.0,100
EU Power Grid,adap_betweenness,,126230,0.964471271393643,1.5357579462102686e-05,7.64058679706601e-07,7.64058679706601e-08,1.5281173594132028e-05,0.0,0.0,100
EU Power Grid,adap_betweenness,,126360,0.9654645476772616,1.5357579462102686e-05,7.64058679706601e-07,7.64058679706601e-08,1.5281173594132028e-05,0.0,0.0,100
EU Power Grid,adap_betweenness,,126490,0.96645782396088,1.5357579462102686e-05,7.64058679706601e-07,7.64058679706601e-08,1.5281173594132028e-05,0.0,0.0,100
EU Power Grid,adap_betweenness,,126620,0.9674511002444988,1.5357579462102686e-05,7.64058679706601e-07,7.64058679706601e-08,1.5281173594132028e-05,0.0,0.0,100
EU Power Grid,adap_betweenness,,126750,0.9684443765281172,1.5357579462102686e-05,7.64058679706601e-07,7.64058679706601e-08,1.5281173594132028e-05,0.0,0.0,100
EU Power Grid,adap_betweenness,,126880,0.969437652811736,1.5357579462102686e-05,7.64058679706601e-07,7.64058679706601e-08,1.5281173594132028e-05,0.0,0.0,100
EU Power Grid,adap_betweenness,,127010,0.9704309290953544,1.5281173594132028e-05,0.0,0.0,1.5281173594132028e-05,0.0,0.0,100
EU Power Grid,adap_betweenness,,127140,0.971424205378973,1.5281173594132028e-05,0.0,0.0,1.5281173594132028e-05,0.0,0.0,100
EU Power Grid,adap_betweenness,,127270,0.9724174816625916,1.5281173594132028e-05,0.0,0.0,1.5281173594132028e-05,0.0,0.0,100
EU Power Grid,adap_betweenness,,127400,0.97341075794621,1.5281173594132028e-05,0.0,0.0,1.5281173594132028e-05,0.0,0.0,100
EU Power Grid,adap_betweenness,,127530,0.9744040342298288,1.5281173594132028e-05,0.0,0.0,1.5281173594132028e-05,0.0,0.0,100
EU Power Grid,adap_betweenness,,127660,0.9753973105134474,1.5281173594132028e-05,0.0,0.0,1.5281173594132028e-05,0.0,0.0,100
EU Power Grid,adap_betweenness,,127790,0.976390586797066,1.5281173594132028e-05,0.0,0.0,1.5281173594132028e-05,0.0,0.0,100
EU Power Grid,adap_betweenness,,127920,0.9773838630806844,1.5281173594132028e-05,0.0,0.0,1.5281173594132028e-05,0.0,0.0,100
EU Power Grid,adap_betweenness,,128050,0.978377139364303,1.5281173594132028e-05,0.0,0.0,1.5281173594132028e-05,0.0,0.0,100
EU Power Grid,adap_betweenness,,128180,0.9793704156479216,1.5281173594132028e-05,0.0,0.0,1.5281173594132028e-05,0.0,0.0,100
EU Power Grid,adap_betweenness,,128310,0.9803636919315404,1.5281173594132028e-05,0.0,0.0,1.5281173594132028e-05,0.0,0.0,100
EU Power Grid,adap_betweenness,,128440,0.9813569682151588,1.5281173594132028e-05,0.0,0.0,1.5281173594132028e-05,0.0,0.0,100
EU Power Grid,adap_betweenness,,128570,0.9823502444987774,1.5281173594132028e-05,0.0,0.0,1.5281173594132028e-05,0.0,0.0,100
EU Power Grid,adap_betweenness,,128700,0.983343520782396,1.5281173594132028e-05,0.0,0.0,1.5281173594132028e-05,0.0,0.0,100
EU Power Grid,adap_betweenness,,128830,0.9843367970660146,1.5281173594132028e-05,0.0,0.0,1.5281173594132028e-05,0.0,0.0,100
EU Power Grid,adap_betweenness,,128960,0.9853300733496332,1.5281173594132028e-05,0.0,0.0,1.5281173594132028e-05,0.0,0.0,100
EU Power Grid,adap_betweenness,,129090,0.9863233496332516,1.5281173594132028e-05,0.0,0.0,1.5281173594132028e-05,0.0,0.0,100
EU Power Grid,adap_betweenness,,129220,0.9873166259168704,1.5281173594132028e-05,0.0,0.0,1.5204767726161368e-05,7.640586797066013e-07,7.640586797066013e-08,100
EU Power Grid,adap_betweenness,,129350,0.9883099022004888,1.5281173594132028e-05,0.0,0.0,1.5128361858190706e-05,1.0750710126550252e-06,1.075071012655025e-07,100
EU Power Grid,adap_betweenness,,129480,0.9893031784841076,1.5281173594132028e-05,0.0,0.0,1.4899144254278728e-05,1.6736163933189967e-06,1.673616393318997e-07,100
EU Power Grid,adap_betweenness,,129610,0.990296454767726,1.5281173594132028e-05,0.0,0.0,1.4669926650366746e-05,2.083281818034006e-06,2.0832818180340057e-07,100
EU Power Grid,adap_betweenness,,129740,0.9912897310513448,1.5051955990220046e-05,1.309952689469478e-06,1.309952689469478e-07,1.4211491442542787e-05,2.6645407091975622e-06,2.6645407091975623e-07,100
EU Power Grid,adap_betweenness,,129870,0.9922830073349632,1.4822738386308066e-05,1.8236801388748626e-06,1.8236801388748626e-07,1.3294621026894865e-05,3.368306863361919e-06,3.3683068633619196e-07,100
EU Power Grid,adap_betweenness,,130000,0.9932762836185818,1.4440709046454767e-05,2.4027050560453857e-06,2.4027050560453853e-07,1.2301344743276282e-05,3.7454701253071302e-06,3.7454701253071304e-07,100
EU Power Grid,adap_betweenness,,130130,0.9942695599022005,1.3829462102689485e-05,3.012509507974194e-06,3.012509507974194e-07,1.1613691931540343e-05,3.836466469809582e-06,3.836466469809583e-07,100
EU Power Grid,adap_betweenness,,130260,0.995262836185819,1.3371026894865524e-05,3.325138599398262e-06,3.3251385993982623e-07,1.046760391198044e-05,3.7074922608030994e-06,3.7074922608031e-07,100
EU Power Grid,adap_betweenness,,130390,0.9962561124694376,1.2224938875305624e-05,3.7619648832314407e-06,3.7619648832314393e-07,9.168704156479217e-06,3.071631464728643e-06,3.071631464728643e-07,100
EU Power Grid,adap_betweenness,,130520,0.997249388753056,1.0544009779951098e-05,3.7273206847078493e-06,3.7273206847078495e-07,8.251833740831295e-06,2.083281818034006e-06,2.0832818180340057e-07,100
EU Power Grid,adap_betweenness,,130650,0.9982426650366748,8.939486552567237e-06,2.8845138147053553e-06,2.8845138147053543e-07,7.640586797066014e-06,0.0,0.0,100
EU Power Grid,adap_betweenness,,130780,0.9992359413202933,8.404645476772615e-06,2.303723598546482e-06,2.3037235985464822e-07,7.640586797066014e-06,0.0,0.0,100
EU Power Grid,adap_betweenness,,130880,1.0,0.0,0.0,0.0,0.0,0.0,0.0,100
