# US Airlines — SEAMLESS input edge list
# generated: 2026-09-02
# N=488 E=12971
1 178 1
1 354 1
2 7 1
2 14 1
2 19 1
2 24 1
2 31 1
2 36 1
2 39 1
2 40 1
2 51 1
2 62 1
2 63 1
2 65 1
2 74 1
2 75 1
2 78 1
2 89 1
2 91 1
2 96 1
2 98 1
2 99 1
2 113 1
2 120 1
2 122 1
2 125 1
2 130 1
2 134 1
2 135 1
2 155 1
2 160 1
2 162 1
2 174 1
2 186 1
2 190 1
2 191 1
2 192 1
2 209 1
2 219 1
2 220 1
2 222 1
2 224 1
2 225 1
2 227 1
2 235 1
2 241 1
2 246 1
2 251 1
2 258 1
2 265 1
2 279 1
2 283 1
2 284 1
2 287 1
2 290 1
2 293 1
2 300 1
2 304 1
2 308 1
2 317 1
2 319 1
2 326 1
2 329 1
2 332 1
2 340 1
2 341 1
2 342 1
2 352 1
2 355 1
2 358 1
2 362 1
2 365 1
2 388 1
2 389 1
2 391 1
2 395 1
2 400 1
2 405 1
2 408 1
2 409 1
2 413 1
2 414 1
2 418 1
2 424 1
2 435 1
2 439 1
2 449 1
2 451 1
2 454 1
2 459 1
2 462 1
2 465 1
2 470 1
2 483 1
2 486 1
3 4 1
3 13 1
3 15 1
3 23 1
3 31 1
3 34 1
3 41 1
3 54 1
3 63 1
3 79 1
3 84 1
3 89 1
3 100 1
3 106 1
3 112 1
3 126 1
3 147 1
3 158 1
3 161 1
3 165 1
3 174 1
3 182 1
3 189 1
3 210 1
3 219 1
3 222 1
3 257 1
3 263 1
3 264 1
3 274 1
3 281 1
3 295 1
3 297 1
3 299 1
3 309 1
3 312 1
3 316 1
3 318 1
3 319 1
3 322 1
3 341 1
3 359 1
3 360 1
3 368 1
3 380 1
3 381 1
3 384 1
3 395 1
3 404 1
3 420 1
3 421 1
3 427 1
3 429 1
3 438 1
3 462 1
3 463 1
4 13 1
4 14 1
4 23 1
4 28 1
4 30 1
4 31 1
4 34 1
4 41 1
4 45 1
4 53 1
4 63 1
4 64 1
4 65 1
4 76 1
4 78 1
4 79 1
4 91 1
4 96 1
4 98 1
4 102 1
4 106 1
4 110 1
4 113 1
4 119 1
4 122 1
4 125 1
4 126 1
4 132 1
4 135 1
4 147 1
4 155 1
4 159 1
4 162 1
4 164 1
4 165 1
4 173 1
4 179 1
4 183 1
4 205 1
4 208 1
4 210 1
4 211 1
4 217 1
4 219 1
4 220 1
4 222 1
4 227 1
4 241 1
4 253 1
4 254 1
4 255 1
4 256 1
4 257 1
4 264 1
4 266 1
4 267 1
4 275 1
4 281 1
4 284 1
4 287 1
4 291 1
4 293 1
4 296 1
4 297 1
4 301 1
4 304 1
4 312 1
4 315 1
4 319 1
4 322 1
4 324 1
4 332 1
4 337 1
4 340 1
4 341 1
4 353 1
4 358 1
4 359 1
4 365 1
4 377 1
4 378 1
4 380 1
4 391 1
4 395 1
4 398 1
4 403 1
4 404 1
4 405 1
4 407 1
4 408 1
4 410 1
4 414 1
4 417 1
4 419 1
4 420 1
4 426 1
4 429 1
4 433 1
4 435 1
4 441 1
4 448 1
4 459 1
4 462 1
4 464 1
5 135 1
5 171 1
5 228 1
5 304 1
5 319 1
5 364 1
5 409 1
6 31 1
6 78 1
6 80 1
6 98 1
6 126 1
6 135 1
6 240 1
6 264 1
6 286 1
6 287 1
6 293 1
6 301 1
6 309 1
6 319 1
6 322 1
6 352 1
6 368 1
6 389 1
6 396 1
6 406 1
6 409 1
6 414 1
6 428 1
6 429 1
6 454 1
6 459 1
6 470 1
7 19 1
7 38 1
7 39 1
7 40 1
7 41 1
7 50 1
7 57 1
7 63 1
7 65 1
7 74 1
7 75 1
7 78 1
7 90 1
7 91 1
7 96 1
7 98 1
7 99 1
7 122 1
7 135 1
7 153 1
7 155 1
7 170 1
7 181 1
7 185 1
7 209 1
7 214 1
7 215 1
7 217 1
7 227 1
7 234 1
7 238 1
7 241 1
7 256 1
7 265 1
7 326 1
7 341 1
7 342 1
7 351 1
7 352 1
7 358 1
7 365 1
7 376 1
7 381 1
7 383 1
7 391 1
7 397 1
7 401 1
7 407 1
7 414 1
7 431 1
7 446 1
7 449 1
7 451 1
7 454 1
7 464 1
7 471 1
8 13 1
8 14 1
8 31 1
8 32 1
8 34 1
8 39 1
8 51 1
8 54 1
8 55 1
8 57 1
8 63 1
8 65 1
8 66 1
8 70 1
8 73 1
8 89 1
8 93 1
8 95 1
8 97 1
8 106 1
8 110 1
8 113 1
8 119 1
8 125 1
8 126 1
8 132 1
8 134 1
8 135 1
8 151 1
8 155 1
8 156 1
8 158 1
8 168 1
8 177 1
8 179 1
8 183 1
8 186 1
8 188 1
8 192 1
8 208 1
8 219 1
8 221 1
8 222 1
8 227 1
8 239 1
8 255 1
8 256 1
8 257 1
8 261 1
8 274 1
8 277 1
8 281 1
8 284 1
8 293 1
8 299 1
8 303 1
8 309 1
8 310 1
8 312 1
8 319 1
8 324 1
8 337 1
8 338 1
8 341 1
8 353 1
8 359 1
8 368 1
8 382 1
8 384 1
8 395 1
8 396 1
8 398 1
8 403 1
8 406 1
8 414 1
8 418 1
8 421 1
8 427 1
8 428 1
8 429 1
8 450 1
8 460 1
8 464 1
8 470 1
9 44 1
9 45 1
9 55 1
9 64 1
9 76 1
9 86 1
9 125 1
9 159 1
9 256 1
9 296 1
9 332 1
9 340 1
9 349 1
9 373 1
9 377 1
9 384 1
9 385 1
9 407 1
9 419 1
9 426 1
9 429 1
9 433 1
9 435 1
9 483 1
10 15 1
10 19 1
10 24 1
10 31 1
10 35 1
10 39 1
10 41 1
10 47 1
10 48 1
10 49 1
10 51 1
10 62 1
10 63 1
10 65 1
10 75 1
10 78 1
10 80 1
10 81 1
10 87 1
10 89 1
10 91 1
10 96 1
10 98 1
10 99 1
10 111 1
10 113 1
10 118 1
10 120 1
10 122 1
10 126 1
10 135 1
10 155 1
10 160 1
10 162 1
10 166 1
10 170 1
10 174 1
10 179 1
10 184 1
10 186 1
10 187 1
10 190 1
10 191 1
10 192 1
10 208 1
10 209 1
10 211 1
10 214 1
10 215 1
10 217 1
10 219 1
10 220 1
10 224 1
10 227 1
10 234 1
10 240 1
10 241 1
10 252 1
10 254 1
10 256 1
10 258 1
10 263 1
10 265 1
10 283 1
10 284 1
10 286 1
10 287 1
10 290 1
10 291 1
10 293 1
10 300 1
10 301 1
10 304 1
10 308 1
10 317 1
10 319 1
10 322 1
10 329 1
10 331 1
10 341 1
10 342 1
10 350 1
10 352 1
10 356 1
10 358 1
10 359 1
10 360 1
10 362 1
10 365 1
10 368 1
10 381 1
10 383 1
10 388 1
10 389 1
10 391 1
10 396 1
10 397 1
10 400 1
10 405 1
10 406 1
10 409 1
10 414 1
10 418 1
10 420 1
10 437 1
10 439 1
10 441 1
10 449 1
10 451 1
10 454 1
10 458 1
10 459 1
10 460 1
10 470 1
11 24 1
11 137 1
11 415 1
12 18 1
12 24 1
12 42 1
12 71 1
12 83 1
12 129 1
12 148 1
12 206 1
12 346 1
12 485 1
13 14 1
13 31 1
13 39 1
13 41 1
13 45 1
13 49 1
13 51 1
13 63 1
13 65 1
13 66 1
13 68 1
13 73 1
13 75 1
13 78 1
13 93 1
13 97 1
13 98 1
13 99 1
13 100 1
13 112 1
13 113 1
13 119 1
13 120 1
13 125 1
13 126 1
13 132 1
13 135 1
13 147 1
13 155 1
13 162 1
13 168 1
13 171 1
13 173 1
13 186 1
13 187 1
13 188 1
13 198 1
13 208 1
13 209 1
13 210 1
13 217 1
13 219 1
13 220 1
13 239 1
13 240 1
13 241 1
13 253 1
13 254 1
13 255 1
13 256 1
13 261 1
13 264 1
13 269 1
13 271 1
13 274 1
13 281 1
13 284 1
13 287 1
13 290 1
13 293 1
13 295 1
13 297 1
13 299 1
13 301 1
13 304 1
13 310 1
13 317 1
13 318 1
13 319 1
13 322 1
13 332 1
13 334 1
13 337 1
13 338 1
13 341 1
13 342 1
13 353 1
13 357 1
13 358 1
13 359 1
13 381 1
13 382 1
13 391 1
13 396 1
13 398 1
13 403 1
13 404 1
13 405 1
13 409 1
13 414 1
13 417 1
13 418 1
13 420 1
13 421 1
13 424 1
13 428 1
13 429 1
13 438 1
13 449 1
13 450 1
13 451 1
13 453 1
13 457 1
13 458 1
13 464 1
13 468 1
13 469 1
13 474 1
13 487 1
14 23 1
14 24 1
14 31 1
14 34 1
14 39 1
14 41 1
14 60 1
14 63 1
14 64 1
14 73 1
14 74 1
14 75 1
14 78 1
14 81 1
14 84 1
14 91 1
14 93 1
14 96 1
14 98 1
14 99 1
14 106 1
14 108 1
14 113 1
14 119 1
14 120 1
14 125 1
14 126 1
14 133 1
14 134 1
14 135 1
14 147 1
14 155 1
14 157 1
14 162 1
14 170 1
14 173 1
14 174 1
14 183 1
14 186 1
14 192 1
14 194 1
14 198 1
14 204 1
14 210 1
14 217 1
14 218 1
14 219 1
14 225 1
14 227 1
14 241 1
14 251 1
14 253 1
14 254 1
14 256 1
14 257 1
14 262 1
14 263 1
14 269 1
14 271 1
14 274 1
14 281 1
14 284 1
14 287 1
14 290 1
14 293 1
14 300 1
14 301 1
14 303 1
14 309 1
14 312 1
14 314 1
14 316 1
14 317 1
14 319 1
14 322 1
14 327 1
14 332 1
14 335 1
14 338 1
14 340 1
14 341 1
14 349 1
14 353 1
14 356 1
14 358 1
14 359 1
14 365 1
14 378 1
14 381 1
14 388 1
14 389 1
14 391 1
14 395 1
14 405 1
14 407 1
14 408 1
14 413 1
14 414 1
14 417 1
14 419 1
14 421 1
14 424 1
14 426 1
14 427 1
14 429 1
14 432 1
14 433 1
14 441 1
14 446 1
14 447 1
14 449 1
14 458 1
14 459 1
14 462 1
14 464 1
14 483 1
14 486 1
15 31 1
15 32 1
15 34 1
15 35 1
15 39 1
15 65 1
15 75 1
15 78 1
15 80 1
15 89 1
15 91 1
15 96 1
15 98 1
15 122 1
15 125 1
15 126 1
15 127 1
15 135 1
15 155 1
15 156 1
15 160 1
15 162 1
15 163 1
15 184 1
15 186 1
15 189 1
15 192 1
15 208 1
15 209 1
15 212 1
15 217 1
15 219 1
15 224 1
15 239 1
15 240 1
15 241 1
15 265 1
15 281 1
15 286 1
15 287 1
15 290 1
15 301 1
15 312 1
15 319 1
15 329 1
15 341 1
15 342 1
15 352 1
15 353 1
15 358 1
15 359 1
15 365 1
15 388 1
15 396 1
15 400 1
15 406 1
15 422 1
15 424 1
15 426 1
15 429 1
15 433 1
15 437 1
15 439 1
15 443 1
15 451 1
15 454 1
15 457 1
15 459 1
15 462 1
15 470 1
16 31 1
16 34 1
16 38 1
16 73 1
16 80 1
16 97 1
16 107 1
16 135 1
16 175 1
16 184 1
16 195 1
16 227 1
16 229 1
16 240 1
16 263 1
16 293 1
16 304 1
16 322 1
16 409 1
16 441 1
16 453 1
16 463 1
16 470 1
16 472 1
17 125 1
17 347 1
18 24 1
18 42 1
18 83 1
18 129 1
18 137 1
18 148 1
18 206 1
18 346 1
18 415 1
18 417 1
19 31 1
19 34 1
19 36 1
19 37 1
19 39 1
19 41 1
19 49 1
19 50 1
19 51 1
19 61 1
19 63 1
19 65 1
19 73 1
19 74 1
19 75 1
19 78 1
19 79 1
19 80 1
19 91 1
19 93 1
19 95 1
19 96 1
19 98 1
19 99 1
19 100 1
19 113 1
19 120 1
19 122 1
19 125 1
19 126 1
19 134 1
19 135 1
19 151 1
19 155 1
19 162 1
19 163 1
19 174 1
19 191 1
19 192 1
19 209 1
19 211 1
19 214 1
19 217 1
19 219 1
19 227 1
19 234 1
19 240 1
19 241 1
19 254 1
19 256 1
19 265 1
19 271 1
19 284 1
19 286 1
19 287 1
19 290 1
19 291 1
19 293 1
19 300 1
19 301 1
19 304 1
19 317 1
19 319 1
19 326 1
19 329 1
19 336 1
19 341 1
19 342 1
19 352 1
19 353 1
19 355 1
19 357 1
19 358 1
19 359 1
19 360 1
19 362 1
19 365 1
19 376 1
19 380 1
19 381 1
19 383 1
19 388 1
19 391 1
19 396 1
19 397 1
19 400 1
19 405 1
19 409 1
19 414 1
19 418 1
19 419 1
19 429 1
19 432 1
19 439 1
19 441 1
19 451 1
19 454 1
19 459 1
19 470 1
19 486 1
20 62 1
20 63 1
20 78 1
20 109 1
20 122 1
20 158 1
20 180 1
20 222 1
20 252 1
20 274 1
20 276 1
20 304 1
20 319 1
20 341 1
20 395 1
20 420 1
20 424 1
20 437 1
20 486 1
20 488 1
21 125 1
22 45 1
22 318 1
22 349 1
22 353 1
22 377 1
22 417 1
23 24 1
23 30 1
23 34 1
23 54 1
23 63 1
23 65 1
23 66 1
23 70 1
23 78 1
23 91 1
23 93 1
23 99 1
23 104 1
23 106 1
23 113 1
23 118 1
23 119 1
23 125 1
23 126 1
23 134 1
23 135 1
23 142 1
23 144 1
23 147 1
23 158 1
23 159 1
23 162 1
23 171 1
23 177 1
23 179 1
23 186 1
23 208 1
23 210 1
23 211 1
23 219 1
23 220 1
23 222 1
23 239 1
23 246 1
23 254 1
23 255 1
23 256 1
23 257 1
23 259 1
23 265 1
23 269 1
23 271 1
23 274 1
23 281 1
23 284 1
23 287 1
23 289 1
23 291 1
23 293 1
23 301 1
23 304 1
23 317 1
23 322 1
23 332 1
23 337 1
23 338 1
23 340 1
23 341 1
23 350 1
23 359 1
23 368 1
23 388 1
23 395 1
23 398 1
23 403 1
23 409 1
23 417 1
23 420 1
23 423 1
23 426 1
23 429 1
23 433 1
23 438 1
23 459 1
23 470 1
23 483 1
24 31 1
24 34 1
24 42 1
24 45 1
24 51 1
24 59 1
24 64 1
24 71 1
24 78 1
24 83 1
24 85 1
24 91 1
24 106 1
24 113 1
24 125 1
24 126 1
24 129 1
24 130 1
24 131 1
24 135 1
24 137 1
24 148 1
24 155 1
24 157 1
24 158 1
24 162 1
24 179 1
24 186 1
24 192 1
24 197 1
24 204 1
24 206 1
24 211 1
24 217 1
24 219 1
24 220 1
24 227 1
24 241 1
24 245 1
24 248 1
24 249 1
24 254 1
24 256 1
24 262 1
24 287 1
24 293 1
24 301 1
24 304 1
24 308 1
24 319 1
24 332 1
24 335 1
24 339 1
24 340 1
24 341 1
24 346 1
24 349 1
24 353 1
24 358 1
24 359 1
24 375 1
24 376 1
24 389 1
24 400 1
24 404 1
24 405 1
24 408 1
24 412 1
24 414 1
24 415 1
24 417 1
24 419 1
24 424 1
24 425 1
24 429 1
24 441 1
24 449 1
24 475 1
24 481 1
24 485 1
25 58 1
25 63 1
25 95 1
25 98 1
25 155 1
25 209 1
25 217 1
25 291 1
25 314 1
25 341 1
25 358 1
25 388 1
25 454 1
26 40 1
26 41 1
26 60 1
26 63 1
26 78 1
26 118 1
26 119 1
26 126 1
26 156 1
26 162 1
26 169 1
26 184 1
26 185 1
26 209 1
26 287 1
26 291 1
26 301 1
26 314 1
26 323 1
26 326 1
26 333 1
26 352 1
26 358 1
26 362 1
26 406 1
26 439 1
26 442 1
26 454 1
26 456 1
26 457 1
26 459 1
26 480 1
27 135 1
27 166 1
27 190 1
28 34 1
28 162 1
28 241 1
28 264 1
28 293 1
28 301 1
29 358 1
29 451 1
29 454 1
30 31 1
30 34 1
30 63 1
30 76 1
30 106 1
30 125 1
30 126 1
30 135 1
30 139 1
30 159 1
30 162 1
30 170 1
30 183 1
30 189 1
30 209 1
30 217 1
30 219 1
30 238 1
30 254 1
30 255 1
30 256 1
30 271 1
30 284 1
30 291 1
30 309 1
30 314 1
30 318 1
30 337 1
30 338 1
30 340 1
30 341 1
30 352 1
30 359 1
30 377 1
30 407 1
30 419 1
30 420 1
30 421 1
30 426 1
30 427 1
30 429 1
30 432 1
30 435 1
30 438 1
30 454 1
30 461 1
30 462 1
30 464 1
30 469 1
30 473 1
31 32 1
31 34 1
31 35 1
31 39 1
31 41 1
31 45 1
31 47 1
31 51 1
31 53 1
31 57 1
31 62 1
31 63 1
31 64 1
31 65 1
31 67 1
31 68 1
31 73 1
31 74 1
31 75 1
31 76 1
31 78 1
31 79 1
31 80 1
31 84 1
31 89 1
31 90 1
31 91 1
31 93 1
31 95 1
31 96 1
31 97 1
31 98 1
31 99 1
31 100 1
31 106 1
31 107 1
31 108 1
31 109 1
31 110 1
31 111 1
31 112 1
31 113 1
31 117 1
31 118 1
31 119 1
31 120 1
31 122 1
31 125 1
31 126 1
31 127 1
31 134 1
31 135 1
31 142 1
31 144 1
31 147 1
31 151 1
31 152 1
31 155 1
31 156 1
31 158 1
31 159 1
31 160 1
31 162 1
31 168 1
31 171 1
31 174 1
31 179 1
31 183 1
31 184 1
31 186 1
31 187 1
31 190 1
31 191 1
31 192 1
31 195 1
31 198 1
31 199 1
31 204 1
31 208 1
31 209 1
31 210 1
31 211 1
31 212 1
31 214 1
31 217 1
31 218 1
31 219 1
31 220 1
31 223 1
31 224 1
31 225 1
31 227 1
31 229 1
31 234 1
31 238 1
31 239 1
31 240 1
31 241 1
31 248 1
31 251 1
31 254 1
31 256 1
31 257 1
31 262 1
31 263 1
31 264 1
31 265 1
31 266 1
31 269 1
31 271 1
31 274 1
31 277 1
31 278 1
31 280 1
31 281 1
31 284 1
31 286 1
31 287 1
31 290 1
31 291 1
31 293 1
31 297 1
31 301 1
31 303 1
31 304 1
31 307 1
31 308 1
31 309 1
31 310 1
31 312 1
31 314 1
31 317 1
31 319 1
31 322 1
31 324 1
31 329 1
31 331 1
31 332 1
31 335 1
31 337 1
31 338 1
31 340 1
31 341 1
31 342 1
31 352 1
31 353 1
31 358 1
31 359 1
31 362 1
31 365 1
31 368 1
31 376 1
31 377 1
31 378 1
31 381 1
31 382 1
31 383 1
31 384 1
31 388 1
31 389 1
31 391 1
31 395 1
31 396 1
31 397 1
31 399 1
31 400 1
31 404 1
31 405 1
31 406 1
31 407 1
31 408 1
31 409 1
31 414 1
31 417 1
31 418 1
31 419 1
31 420 1
31 421 1
31 422 1
31 424 1
31 426 1
31 428 1
31 429 1
31 432 1
31 433 1
31 435 1
31 438 1
31 439 1
31 441 1
31 443 1
31 444 1
31 451 1
31 453 1
31 457 1
31 459 1
31 460 1
31 461 1
31 462 1
31 463 1
31 464 1
31 465 1
31 467 1
31 470 1
31 477 1
31 478 1
31 483 1
31 487 1
32 33 1
32 34 1
32 62 1
32 63 1
32 64 1
32 78 1
32 81 1
32 98 1
32 106 1
32 125 1
32 126 1
32 134 1
32 135 1
32 155 1
32 158 1
32 159 1
32 162 1
32 167 1
32 174 1
32 183 1
32 187 1
32 188 1
32 190 1
32 212 1
32 219 1
32 220 1
32 227 1
32 240 1
32 252 1
32 254 1
32 256 1
32 271 1
32 283 1
32 284 1
32 290 1
32 293 1
32 304 1
32 317 1
32 319 1
32 341 1
32 353 1
32 355 1
32 359 1
32 360 1
32 362 1
32 373 1
32 381 1
32 399 1
32 406 1
32 409 1
32 414 1
32 418 1
32 420 1
32 426 1
32 439 1
32 447 1
32 451 1
33 125 1
33 341 1
34 35 1
34 39 1
34 41 1
34 45 1
34 47 1
34 49 1
34 51 1
34 62 1
34 63 1
34 64 1
34 65 1
34 70 1
34 73 1
34 75 1
34 76 1
34 78 1
34 79 1
34 80 1
34 90 1
34 91 1
34 93 1
34 95 1
34 96 1
34 97 1
34 98 1
34 99 1
34 106 1
34 107 1
34 110 1
34 113 1
34 119 1
34 122 1
34 125 1
34 126 1
34 134 1
34 135 1
34 142 1
34 144 1
34 147 1
34 151 1
34 155 1
34 159 1
34 162 1
34 165 1
34 171 1
34 173 1
34 174 1
34 175 1
34 179 1
34 180 1
34 182 1
34 183 1
34 184 1
34 186 1
34 189 1
34 190 1
34 191 1
34 192 1
34 195 1
34 196 1
34 199 1
34 204 1
34 208 1
34 209 1
34 210 1
34 211 1
34 213 1
34 217 1
34 219 1
34 220 1
34 222 1
34 223 1
34 225 1
34 227 1
34 239 1
34 240 1
34 241 1
34 251 1
34 254 1
34 256 1
34 257 1
34 261 1
34 263 1
34 264 1
34 265 1
34 266 1
34 269 1
34 274 1
34 281 1
34 284 1
34 287 1
34 290 1
34 291 1
34 292 1
34 293 1
34 295 1
34 297 1
34 299 1
34 300 1
34 301 1
34 303 1
34 304 1
34 308 1
34 310 1
34 313 1
34 317 1
34 319 1
34 322 1
34 324 1
34 332 1
34 337 1
34 338 1
34 340 1
34 341 1
34 342 1
34 348 1
34 352 1
34 353 1
34 358 1
34 359 1
34 361 1
34 365 1
34 368 1
34 376 1
34 377 1
34 381 1
34 382 1
34 383 1
34 388 1
34 391 1
34 395 1
34 397 1
34 400 1
34 403 1
34 404 1
34 405 1
34 406 1
34 408 1
34 414 1
34 417 1
34 418 1
34 419 1
34 424 1
34 426 1
34 427 1
34 428 1
34 429 1
34 433 1
34 435 1
34 438 1
34 439 1
34 441 1
34 450 1
34 453 1
34 454 1
34 457 1
34 459 1
34 462 1
34 464 1
34 470 1
34 478 1
34 483 1
34 486 1
35 36 1
35 51 1
35 62 1
35 63 1
35 64 1
35 65 1
35 78 1
35 89 1
35 91 1
35 98 1
35 99 1
35 106 1
35 113 1
35 119 1
35 122 1
35 125 1
35 126 1
35 134 1
35 135 1
35 142 1
35 155 1
35 156 1
35 162 1
35 175 1
35 182 1
35 183 1
35 184 1
35 186 1
35 191 1
35 192 1
35 208 1
35 209 1
35 211 1
35 217 1
35 220 1
35 222 1
35 227 1
35 241 1
35 254 1
35 255 1
35 263 1
35 265 1
35 287 1
35 291 1
35 293 1
35 301 1
35 309 1
35 317 1
35 318 1
35 319 1
35 322 1
35 332 1
35 337 1
35 341 1
35 350 1
35 352 1
35 355 1
35 358 1
35 359 1
35 362 1
35 365 1
35 368 1
35 388 1
35 391 1
35 406 1
35 409 1
35 414 1
35 418 1
35 439 1
35 454 1
35 460 1
35 461 1
35 462 1
35 470 1
35 478 1
36 74 1
36 75 1
36 91 1
36 96 1
36 98 1
36 99 1
36 113 1
36 120 1
36 122 1
36 155 1
36 174 1
36 190 1
36 200 1
36 209 1
36 211 1
36 217 1
36 224 1
36 235 1
36 240 1
36 241 1
36 254 1
36 256 1
36 265 1
36 272 1
36 287 1
36 290 1
36 304 1
36 312 1
36 317 1
36 329 1
36 341 1
36 342 1
36 351 1
36 358 1
36 365 1
36 382 1
36 383 1
36 397 1
36 400 1
36 409 1
36 435 1
36 441 1
36 459 1
37 75 1
37 111 1
37 122 1
37 135 1
37 180 1
37 212 1
37 223 1
37 252 1
37 284 1
37 287 1
37 304 1
37 338 1
37 341 1
37 418 1
37 426 1
37 441 1
37 486 1
38 75 1
38 90 1
38 113 1
38 120 1
38 135 1
38 195 1
38 229 1
38 300 1
38 326 1
38 341 1
38 358 1
38 381 1
38 389 1
38 409 1
38 454 1
38 458 1
38 486 1
39 41 1
39 48 1
39 49 1
39 51 1
39 63 1
39 65 1
39 68 1
39 74 1
39 75 1
39 78 1
39 79 1
39 80 1
39 89 1
39 91 1
39 93 1
39 95 1
39 96 1
39 98 1
39 99 1
39 100 1
39 106 1
39 112 1
39 113 1
39 118 1
39 122 1
39 125 1
39 126 1
39 134 1
39 135 1
39 154 1
39 155 1
39 158 1
39 162 1
39 170 1
39 171 1
39 179 1
39 183 1
39 186 1
39 190 1
39 191 1
39 192 1
39 199 1
39 208 1
39 209 1
39 210 1
39 214 1
39 217 1
39 219 1
39 220 1
39 223 1
39 224 1
39 225 1
39 227 1
39 234 1
39 239 1
39 240 1
39 241 1
39 251 1
39 252 1
39 254 1
39 256 1
39 265 1
39 276 1
39 284 1
39 287 1
39 290 1
39 291 1
39 293 1
39 300 1
39 301 1
39 304 1
39 319 1
39 322 1
39 326 1
39 329 1
39 332 1
39 337 1
39 338 1
39 340 1
39 341 1
39 342 1
39 343 1
39 352 1
39 353 1
39 358 1
39 359 1
39 365 1
39 376 1
39 381 1
39 383 1
39 384 1
39 388 1
39 389 1
39 391 1
39 397 1
39 400 1
39 404 1
39 405 1
39 406 1
39 410 1
39 414 1
39 417 1
39 418 1
39 419 1
39 426 1
39 428 1
39 429 1
39 435 1
39 439 1
39 441 1
39 449 1
39 451 1
39 454 1
39 457 1
39 459 1
39 462 1
39 464 1
39 465 1
39 470 1
39 480 1
39 483 1
39 486 1
40 49 1
40 50 1
40 74 1
40 209 1
40 214 1
40 217 1
40 223 1
40 287 1
40 326 1
40 388 1
40 431 1
40 454 1
41 49 1
41 50 1
41 63 1
41 65 1
41 74 1
41 75 1
41 77 1
41 78 1
41 79 1
41 80 1
41 90 1
41 93 1
41 96 1
41 98 1
41 99 1
41 100 1
41 107 1
41 108 1
41 109 1
41 113 1
41 119 1
41 125 1
41 131 1
41 134 1
41 135 1
41 155 1
41 162 1
41 170 1
41 171 1
41 180 1
41 181 1
41 184 1
41 191 1
41 198 1
41 208 1
41 209 1
41 210 1
41 214 1
41 217 1
41 223 1
41 224 1
41 227 1
41 234 1
41 238 1
41 241 1
41 252 1
41 254 1
41 258 1
41 265 1
41 287 1
41 290 1
41 291 1
41 293 1
41 300 1
41 301 1
41 304 1
41 319 1
41 322 1
41 326 1
41 337 1
41 341 1
41 350 1
41 352 1
41 358 1
41 362 1
41 365 1
41 369 1
41 381 1
41 388 1
41 391 1
41 396 1
41 397 1
41 404 1
41 409 1
41 414 1
41 417 1
41 419 1
41 422 1
41 429 1
41 431 1
41 435 1
41 439 1
41 440 1
41 441 1
41 449 1
41 451 1
41 453 1
41 454 1
41 457 1
41 459 1
41 461 1
41 470 1
41 486 1
42 83 1
42 129 1
42 148 1
42 157 1
42 339 1
42 415 1
43 63 1
43 109 1
43 136 1
43 217 1
43 358 1
43 365 1
43 414 1
43 441 1
44 46 1
44 53 1
44 54 1
44 65 1
44 78 1
44 79 1
44 91 1
44 104 1
44 106 1
44 108 1
44 125 1
44 128 1
44 151 1
44 158 1
44 176 1
44 192 1
44 199 1
44 211 1
44 217 1
44 243 1
44 265 1
44 271 1
44 281 1
44 313 1
44 337 1
44 341 1
44 365 1
44 378 1
44 384 1
44 393 1
44 429 1
44 432 1
44 483 1
44 484 1
45 46 1
45 53 1
45 55 1
45 57 1
45 59 1
45 61 1
45 63 1
45 64 1
45 65 1
45 76 1
45 78 1
45 79 1
45 91 1
45 93 1
45 99 1
45 100 1
45 105 1
45 109 1
45 113 1
45 119 1
45 125 1
45 126 1
45 135 1
45 140 1
45 144 1
45 147 1
45 151 1
45 155 1
45 159 1
45 162 1
45 168 1
45 171 1
45 179 1
45 195 1
45 204 1
45 208 1
45 209 1
45 217 1
45 220 1
45 222 1
45 227 1
45 229 1
45 238 1
45 241 1
45 245 1
45 248 1
45 250 1
45 254 1
45 256 1
45 263 1
45 266 1
45 268 1
45 271 1
45 274 1
45 279 1
45 284 1
45 290 1
45 291 1
45 293 1
45 303 1
45 304 1
45 317 1
45 318 1
45 319 1
45 332 1
45 335 1
45 337 1
45 340 1
45 341 1
45 345 1
45 349 1
45 353 1
45 358 1
45 359 1
45 362 1
45 372 1
45 373 1
45 377 1
45 380 1
45 382 1
45 387 1
45 389 1
45 395 1
45 404 1
45 405 1
45 407 1
45 408 1
45 413 1
45 414 1
45 417 1
45 419 1
45 426 1
45 429 1
45 433 1
45 435 1
45 441 1
45 445 1
45 454 1
45 456 1
45 459 1
45 467 1
45 474 1
45 483 1
45 486 1
45 487 1
46 64 1
46 76 1
46 78 1
46 79 1
46 125 1
46 126 1
46 147 1
46 159 1
46 183 1
46 192 1
46 219 1
46 222 1
46 248 1
46 254 1
46 256 1
46 263 1
46 315 1
46 337 1
46 340 1
46 359 1
46 377 1
46 387 1
46 395 1
46 404 1
46 407 1
46 410 1
46 419 1
46 421 1
46 426 1
46 434 1
46 435 1
47 64 1
47 73 1
47 89 1
47 99 1
47 126 1
47 147 1
47 186 1
47 202 1
47 219 1
47 222 1
47 227 1
47 240 1
47 264 1
47 284 1
47 286 1
47 287 1
47 293 1
47 295 1
47 301 1
47 322 1
47 352 1
47 395 1
47 400 1
47 405 1
47 406 1
47 414 1
47 424 1
47 457 1
47 458 1
47 459 1
47 483 1
48 65 1
48 75 1
48 135 1
48 209 1
48 241 1
48 287 1
48 397 1
48 449 1
48 451 1
49 65 1
49 74 1
49 75 1
49 78 1
49 79 1
49 80 1
49 98 1
49 122 1
49 125 1
49 155 1
49 162 1
49 190 1
49 191 1
49 209 1
49 217 1
49 219 1
49 220 1
49 223 1
49 238 1
49 241 1
49 254 1
49 256 1
49 262 1
49 265 1
49 287 1
49 290 1
49 300 1
49 301 1
49 304 1
49 317 1
49 319 1
49 326 1
49 332 1
49 337 1
49 341 1
49 355 1
49 358 1
49 362 1
49 365 1
49 371 1
49 381 1
49 383 1
49 389 1
49 394 1
49 400 1
49 414 1
49 418 1
49 439 1
49 451 1
49 454 1
49 459 1
50 65 1
50 74 1
50 170 1
50 209 1
50 265 1
50 326 1
50 376 1
50 383 1
50 431 1
50 449 1
50 454 1
51 63 1
51 64 1
51 70 1
51 73 1
51 75 1
51 76 1
51 78 1
51 84 1
51 89 1
51 91 1
51 96 1
51 97 1
51 98 1
51 100 1
51 106 1
51 109 1
51 110 1
51 113 1
51 119 1
51 120 1
51 122 1
51 125 1
51 126 1
51 135 1
51 142 1
51 147 1
51 151 1
51 152 1
51 155 1
51 156 1
51 162 1
51 174 1
51 179 1
51 182 1
51 184 1
51 186 1
51 191 1
51 192 1
51 195 1
51 208 1
51 209 1
51 210 1
51 211 1
51 217 1
51 219 1
51 220 1
51 222 1
51 227 1
51 238 1
51 239 1
51 240 1
51 250 1
51 254 1
51 256 1
51 264 1
51 265 1
51 269 1
51 275 1
51 280 1
51 284 1
51 286 1
51 287 1
51 291 1
51 293 1
51 297 1
51 301 1
51 304 1
51 310 1
51 312 1
51 314 1
51 317 1
51 319 1
51 322 1
51 329 1
51 332 1
51 337 1
51 338 1
51 340 1
51 341 1
51 342 1
51 352 1
51 358 1
51 359 1
51 362 1
51 365 1
51 368 1
51 388 1
51 391 1
51 396 1
51 400 1
51 404 1
51 405 1
51 406 1
51 409 1
51 414 1
51 418 1
51 420 1
51 424 1
51 426 1
51 429 1
51 433 1
51 435 1
51 438 1
51 439 1
51 441 1
51 449 1
51 453 1
51 454 1
51 457 1
51 459 1
51 462 1
51 468 1
51 470 1
51 478 1
51 483 1
51 486 1
52 106 1
52 125 1
52 340 1
52 419 1
53 54 1
53 62 1
53 64 1
53 65 1
53 79 1
53 93 1
53 104 1
53 106 1
53 108 1
53 122 1
53 125 1
53 126 1
53 147 1
53 155 1
53 158 1
53 171 1
53 179 1
53 182 1
53 188 1
53 194 1
53 221 1
53 222 1
53 238 1
53 254 1
53 255 1
53 256 1
53 284 1
53 293 1
53 296 1
53 313 1
53 318 1
53 319 1
53 332 1
53 337 1
53 340 1
53 341 1
53 349 1
53 353 1
53 358 1
53 359 1
53 378 1
53 384 1
53 389 1
53 395 1
53 399 1
53 408 1
53 414 1
53 416 1
53 417 1
53 419 1
53 427 1
53 429 1
53 433 1
53 441 1
54 106 1
54 108 1
54 125 1
54 126 1
54 128 1
54 138 1
54 158 1
54 188 1
54 203 1
54 217 1
54 222 1
54 244 1
54 254 1
54 255 1
54 256 1
54 257 1
54 281 1
54 304 1
54 313 1
54 319 1
54 337 1
54 341 1
54 353 1
54 362 1
54 384 1
54 399 1
54 409 1
54 414 1
54 418 1
54 429 1
54 484 1
55 74 1
55 76 1
55 106 1
55 113 1
55 119 1
55 158 1
55 168 1
55 179 1
55 183 1
55 209 1
55 254 1
55 256 1
55 257 1
55 266 1
55 338 1
55 352 1
55 359 1
55 382 1
55 387 1
55 426 1
55 429 1
56 135 1
56 158 1
56 196 1
56 222 1
56 319 1
56 427 1
56 429 1
57 65 1
57 78 1
57 96 1
57 98 1
57 113 1
57 119 1
57 125 1
57 135 1
57 155 1
57 209 1
57 215 1
57 217 1
57 219 1
57 227 1
57 234 1
57 241 1
57 291 1
57 301 1
57 303 1
57 319 1
57 332 1
57 341 1
57 358 1
57 359 1
57 362 1
57 365 1
57 404 1
57 419 1
57 454 1
58 95 1
58 98 1
58 212 1
58 314 1
58 366 1
58 454 1
59 125 1
59 159 1
59 179 1
59 189 1
59 222 1
59 249 1
59 254 1
59 256 1
59 313 1
59 332 1
59 335 1
59 349 1
59 353 1
59 359 1
59 377 1
59 395 1
59 404 1
59 417 1
59 419 1
59 433 1
60 91 1
60 162 1
60 232 1
60 240 1
60 254 1
60 329 1
60 355 1
60 362 1
60 406 1
60 418 1
60 439 1
60 470 1
60 478 1
61 63 1
61 64 1
61 78 1
61 93 1
61 99 1
61 120 1
61 135 1
61 151 1
61 155 1
61 209 1
61 252 1
61 256 1
61 257 1
61 260 1
61 271 1
61 290 1
61 291 1
61 293 1
61 317 1
61 319 1
61 337 1
61 341 1
61 358 1
61 388 1
61 400 1
61 409 1
61 417 1
61 470 1
61 486 1
62 63 1
62 89 1
62 98 1
62 99 1
62 100 1
62 108 1
62 125 1
62 126 1
62 133 1
62 134 1
62 135 1
62 147 1
62 158 1
62 162 1
62 166 1
62 171 1
62 174 1
62 180 1
62 186 1
62 188 1
62 200 1
62 208 1
62 212 1
62 222 1
62 227 1
62 265 1
62 266 1
62 269 1
62 272 1
62 274 1
62 281 1
62 287 1
62 293 1
62 316 1
62 317 1
62 319 1
62 338 1
62 341 1
62 362 1
62 378 1
62 395 1
62 398 1
62 409 1
62 418 1
62 420 1
62 433 1
62 437 1
62 438 1
62 441 1
62 449 1
62 454 1
62 462 1
62 483 1
62 486 1
62 488 1
63 64 1
63 65 1
63 73 1
63 75 1
63 76 1
63 78 1
63 79 1
63 80 1
63 81 1
63 84 1
63 88 1
63 89 1
63 90 1
63 91 1
63 93 1
63 95 1
63 96 1
63 97 1
63 98 1
63 99 1
63 100 1
63 106 1
63 107 1
63 109 1
63 110 1
63 113 1
63 119 1
63 120 1
63 122 1
63 125 1
63 126 1
63 134 1
63 135 1
63 142 1
63 146 1
63 147 1
63 152 1
63 155 1
63 156 1
63 158 1
63 162 1
63 166 1
63 171 1
63 173 1
63 174 1
63 180 1
63 183 1
63 184 1
63 186 1
63 187 1
63 188 1
63 190 1
63 191 1
63 192 1
63 199 1
63 208 1
63 209 1
63 210 1
63 211 1
63 212 1
63 214 1
63 217 1
63 218 1
63 219 1
63 220 1
63 222 1
63 223 1
63 227 1
63 232 1
63 238 1
63 239 1
63 240 1
63 241 1
63 251 1
63 254 1
63 256 1
63 257 1
63 263 1
63 264 1
63 265 1
63 266 1
63 269 1
63 274 1
63 275 1
63 277 1
63 280 1
63 281 1
63 284 1
63 286 1
63 287 1
63 289 1
63 290 1
63 291 1
63 292 1
63 293 1
63 295 1
63 297 1
63 301 1
63 303 1
63 304 1
63 308 1
63 310 1
63 314 1
63 316 1
63 317 1
63 318 1
63 319 1
63 322 1
63 327 1
63 329 1
63 332 1
63 337 1
63 338 1
63 340 1
63 341 1
63 342 1
63 344 1
63 347 1
63 350 1
63 352 1
63 353 1
63 355 1
63 357 1
63 358 1
63 359 1
63 360 1
63 362 1
63 365 1
63 368 1
63 376 1
63 377 1
63 381 1
63 382 1
63 383 1
63 388 1
63 389 1
63 391 1
63 395 1
63 396 1
63 397 1
63 398 1
63 400 1
63 404 1
63 405 1
63 406 1
63 409 1
63 414 1
63 417 1
63 418 1
63 419 1
63 421 1
63 424 1
63 426 1
63 428 1
63 429 1
63 433 1
63 435 1
63 439 1
63 441 1
63 446 1
63 450 1
63 451 1
63 452 1
63 453 1
63 454 1
63 457 1
63 458 1
63 459 1
63 461 1
63 462 1
63 463 1
63 464 1
63 470 1
63 472 1
63 478 1
63 479 1
63 483 1
63 486 1
64 76 1
64 79 1
64 89 1
64 90 1
64 91 1
64 93 1
64 106 1
64 108 1
64 113 1
64 119 1
64 120 1
64 125 1
64 126 1
64 143 1
64 147 1
64 151 1
64 155 1
64 159 1
64 171 1
64 179 1
64 183 1
64 189 1
64 192 1
64 194 1
64 204 1
64 210 1
64 217 1
64 219 1
64 220 1
64 221 1
64 222 1
64 227 1
64 238 1
64 253 1
64 254 1
64 256 1
64 257 1
64 265 1
64 266 1
64 269 1
64 279 1
64 284 1
64 286 1
64 287 1
64 291 1
64 293 1
64 296 1
64 301 1
64 317 1
64 318 1
64 319 1
64 324 1
64 332 1
64 337 1
64 338 1
64 340 1
64 341 1
64 353 1
64 359 1
64 368 1
64 373 1
64 377 1
64 380 1
64 381 1
64 387 1
64 389 1
64 395 1
64 399 1
64 404 1
64 406 1
64 408 1
64 410 1
64 414 1
64 417 1
64 419 1
64 421 1
64 426 1
64 429 1
64 432 1
64 433 1
64 435 1
64 439 1
64 442 1
64 445 1
64 459 1
64 462 1
64 464 1
64 467 1
64 483 1
65 68 1
65 73 1
65 74 1
65 75 1
65 78 1
65 79 1
65 80 1
65 90 1
65 91 1
65 96 1
65 98 1
65 99 1
65 106 1
65 109 1
65 113 1
65 119 1
65 120 1
65 122 1
65 125 1
65 126 1
65 134 1
65 135 1
65 142 1
65 144 1
65 147 1
65 155 1
65 156 1
65 160 1
65 162 1
65 168 1
65 170 1
65 174 1
65 184 1
65 185 1
65 190 1
65 191 1
65 199 1
65 203 1
65 204 1
65 208 1
65 209 1
65 211 1
65 214 1
65 215 1
65 217 1
65 218 1
65 219 1
65 220 1
65 224 1
65 227 1
65 234 1
65 240 1
65 241 1
65 254 1
65 256 1
65 261 1
65 262 1
65 265 1
65 266 1
65 269 1
65 271 1
65 283 1
65 284 1
65 287 1
65 290 1
65 291 1
65 293 1
65 300 1
65 301 1
65 303 1
65 304 1
65 308 1
65 312 1
65 317 1
65 319 1
65 320 1
65 322 1
65 326 1
65 329 1
65 332 1
65 337 1
65 338 1
65 340 1
65 341 1
65 342 1
65 343 1
65 352 1
65 353 1
65 355 1
65 358 1
65 359 1
65 360 1
65 362 1
65 365 1
65 368 1
65 371 1
65 378 1
65 381 1
65 383 1
65 388 1
65 389 1
65 391 1
65 397 1
65 399 1
65 400 1
65 401 1
65 404 1
65 405 1
65 406 1
65 409 1
65 414 1
65 417 1
65 419 1
65 426 1
65 428 1
65 429 1
65 431 1
65 432 1
65 433 1
65 435 1
65 439 1
65 441 1
65 443 1
65 449 1
65 451 1
65 454 1
65 457 1
65 459 1
65 462 1
65 464 1
65 465 1
65 470 1
65 478 1
65 483 1
66 97 1
66 126 1
66 219 1
66 261 1
66 269 1
66 361 1
66 382 1
66 403 1
66 427 1
66 450 1
66 469 1
67 78 1
67 240 1
67 406 1
67 409 1
67 486 1
68 78 1
68 122 1
68 155 1
68 162 1
68 210 1
68 241 1
68 287 1
68 293 1
68 295 1
68 301 1
68 341 1
68 388 1
68 400 1
68 428 1
68 443 1
68 444 1
68 459 1
69 106 1
69 130 1
69 135 1
69 222 1
69 319 1
70 76 1
70 110 1
70 126 1
70 134 1
70 161 1
70 174 1
70 186 1
70 192 1
70 205 1
70 210 1
70 219 1
70 239 1
70 256 1
70 261 1
70 274 1
70 287 1
70 295 1
70 297 1
70 301 1
70 319 1
70 337 1
70 341 1
70 359 1
70 361 1
70 368 1
70 403 1
70 405 1
70 414 1
70 419 1
70 420 1
70 441 1
70 473 1
70 486 1
71 148 1
71 157 1
71 339 1
71 412 1
72 125 1
72 159 1
72 221 1
72 354 1
72 404 1
72 419 1
72 429 1
73 78 1
73 80 1
73 91 1
73 97 1
73 98 1
73 107 1
73 112 1
73 119 1
73 120 1
73 122 1
73 125 1
73 126 1
73 127 1
73 135 1
73 142 1
73 151 1
73 155 1
73 182 1
73 184 1
73 186 1
73 188 1
73 190 1
73 192 1
73 195 1
73 210 1
73 217 1
73 219 1
73 220 1
73 222 1
73 224 1
73 227 1
73 239 1
73 240 1
73 254 1
73 256 1
73 257 1
73 261 1
73 263 1
73 264 1
73 265 1
73 269 1
73 271 1
73 278 1
73 291 1
73 293 1
73 299 1
73 301 1
73 304 1
73 310 1
73 312 1
73 314 1
73 319 1
73 322 1
73 329 1
73 337 1
73 342 1
73 358 1
73 368 1
73 381 1
73 388 1
73 395 1
73 400 1
73 405 1
73 409 1
73 414 1
73 418 1
73 420 1
73 424 1
73 426 1
73 429 1
73 450 1
73 453 1
73 457 1
73 459 1
73 462 1
73 463 1
73 469 1
73 470 1
73 472 1
73 483 1
74 96 1
74 98 1
74 106 1
74 107 1
74 113 1
74 120 1
74 122 1
74 125 1
74 126 1
74 134 1
74 135 1
74 155 1
74 170 1
74 171 1
74 191 1
74 209 1
74 215 1
74 217 1
74 223 1
74 227 1
74 241 1
74 265 1
74 272 1
74 284 1
74 287 1
74 290 1
74 293 1
74 300 1
74 310 1
74 315 1
74 319 1
74 326 1
74 336 1
74 341 1
74 342 1
74 358 1
74 365 1
74 371 1
74 376 1
74 381 1
74 383 1
74 388 1
74 389 1
74 396 1
74 397 1
74 400 1
74 414 1
74 418 1
74 449 1
74 451 1
74 454 1
74 459 1
74 460 1
74 486 1
75 78 1
75 79 1
75 80 1
75 90 1
75 96 1
75 98 1
75 99 1
75 100 1
75 107 1
75 109 1
75 113 1
75 119 1
75 120 1
75 122 1
75 125 1
75 126 1
75 134 1
75 135 1
75 146 1
75 149 1
75 155 1
75 162 1
75 170 1
75 174 1
75 186 1
75 187 1
75 190 1
75 191 1
75 192 1
75 204 1
75 208 1
75 209 1
75 212 1
75 217 1
75 219 1
75 220 1
75 222 1
75 223 1
75 224 1
75 227 1
75 240 1
75 241 1
75 252 1
75 254 1
75 256 1
75 262 1
75 265 1
75 272 1
75 274 1
75 284 1
75 287 1
75 290 1
75 291 1
75 293 1
75 300 1
75 301 1
75 304 1
75 312 1
75 314 1
75 319 1
75 329 1
75 332 1
75 337 1
75 338 1
75 340 1
75 341 1
75 352 1
75 356 1
75 357 1
75 358 1
75 359 1
75 360 1
75 365 1
75 378 1
75 381 1
75 383 1
75 388 1
75 389 1
75 391 1
75 397 1
75 400 1
75 402 1
75 406 1
75 409 1
75 414 1
75 417 1
75 419 1
75 426 1
75 429 1
75 431 1
75 439 1
75 441 1
75 451 1
75 454 1
75 459 1
75 470 1
75 486 1
76 79 1
76 82 1
76 92 1
76 106 1
76 110 1
76 113 1
76 119 1
76 122 1
76 125 1
76 126 1
76 147 1
76 151 1
76 155 1
76 159 1
76 179 1
76 194 1
76 208 1
76 209 1
76 215 1
76 217 1
76 219 1
76 220 1
76 230 1
76 241 1
76 254 1
76 256 1
76 266 1
76 281 1
76 284 1
76 291 1
76 293 1
76 296 1
76 303 1
76 315 1
76 322 1
76 326 1
76 332 1
76 335 1
76 337 1
76 340 1
76 352 1
76 353 1
76 359 1
76 362 1
76 365 1
76 372 1
76 373 1
76 377 1
76 381 1
76 382 1
76 384 1
76 385 1
76 387 1
76 389 1
76 395 1
76 404 1
76 405 1
76 407 1
76 408 1
76 410 1
76 414 1
76 417 1
76 419 1
76 426 1
76 429 1
76 430 1
76 433 1
76 435 1
76 438 1
76 441 1
76 442 1
76 445 1
76 454 1
76 455 1
76 462 1
76 464 1
76 467 1
77 97 1
77 120 1
77 147 1
77 229 1
77 280 1
77 310 1
77 330 1
77 352 1
77 458 1
77 486 1
78 80 1
78 81 1
78 91 1
78 93 1
78 95 1
78 96 1
78 97 1
78 98 1
78 99 1
78 100 1
78 106 1
78 110 1
78 113 1
78 117 1
78 119 1
78 120 1
78 122 1
78 125 1
78 126 1
78 130 1
78 135 1
78 142 1
78 147 1
78 151 1
78 155 1
78 156 1
78 158 1
78 159 1
78 162 1
78 165 1
78 166 1
78 170 1
78 174 1
78 186 1
78 187 1
78 189 1
78 190 1
78 191 1
78 192 1
78 204 1
78 208 1
78 209 1
78 210 1
78 211 1
78 214 1
78 217 1
78 218 1
78 219 1
78 220 1
78 222 1
78 223 1
78 224 1
78 225 1
78 227 1
78 234 1
78 238 1
78 239 1
78 240 1
78 241 1
78 250 1
78 251 1
78 252 1
78 254 1
78 256 1
78 257 1
78 258 1
78 262 1
78 265 1
78 266 1
78 269 1
78 271 1
78 274 1
78 277 1
78 284 1
78 286 1
78 287 1
78 290 1
78 291 1
78 293 1
78 299 1
78 300 1
78 301 1
78 303 1
78 304 1
78 308 1
78 314 1
78 317 1
78 319 1
78 322 1
78 324 1
78 326 1
78 329 1
78 332 1
78 337 1
78 340 1
78 341 1
78 342 1
78 344 1
78 352 1
78 353 1
78 355 1
78 356 1
78 358 1
78 359 1
78 362 1
78 365 1
78 366 1
78 376 1
78 381 1
78 382 1
78 383 1
78 388 1
78 389 1
78 391 1
78 394 1
78 397 1
78 400 1
78 404 1
78 405 1
78 406 1
78 408 1
78 411 1
78 413 1
78 414 1
78 417 1
78 418 1
78 419 1
78 424 1
78 426 1
78 428 1
78 429 1
78 432 1
78 433 1
78 434 1
78 439 1
78 441 1
78 443 1
78 449 1
78 451 1
78 454 1
78 457 1
78 458 1
78 459 1
78 462 1
78 465 1
78 470 1
78 478 1
78 483 1
79 96 1
79 98 1
79 99 1
79 104 1
79 106 1
79 110 1
79 119 1
79 120 1
79 125 1
79 126 1
79 144 1
79 149 1
79 155 1
79 159 1
79 165 1
79 179 1
79 190 1
79 194 1
79 199 1
79 203 1
79 208 1
79 209 1
79 217 1
79 219 1
79 220 1
79 221 1
79 227 1
79 238 1
79 241 1
79 248 1
79 254 1
79 256 1
79 265 1
79 266 1
79 284 1
79 291 1
79 296 1
79 304 1
79 315 1
79 318 1
79 319 1
79 332 1
79 337 1
79 338 1
79 341 1
79 350 1
79 352 1
79 353 1
79 359 1
79 365 1
79 380 1
79 383 1
79 384 1
79 399 1
79 404 1
79 407 1
79 409 1
79 414 1
79 417 1
79 419 1
79 421 1
79 426 1
79 429 1
79 433 1
79 434 1
79 435 1
79 442 1
79 447 1
79 454 1
79 462 1
80 81 1
80 89 1
80 91 1
80 96 1
80 97 1
80 98 1
80 99 1
80 107 1
80 111 1
80 113 1
80 118 1
80 122 1
80 126 1
80 135 1
80 142 1
80 147 1
80 149 1
80 152 1
80 154 1
80 155 1
80 156 1
80 158 1
80 160 1
80 162 1
80 184 1
80 186 1
80 189 1
80 191 1
80 192 1
80 198 1
80 209 1
80 211 1
80 214 1
80 217 1
80 219 1
80 222 1
80 223 1
80 224 1
80 227 1
80 239 1
80 240 1
80 241 1
80 251 1
80 252 1
80 254 1
80 255 1
80 256 1
80 257 1
80 258 1
80 262 1
80 263 1
80 265 1
80 274 1
80 280 1
80 286 1
80 287 1
80 290 1
80 293 1
80 301 1
80 319 1
80 322 1
80 329 1
80 337 1
80 341 1
80 342 1
80 350 1
80 352 1
80 356 1
80 358 1
80 359 1
80 360 1
80 365 1
80 368 1
80 381 1
80 383 1
80 388 1
80 389 1
80 391 1
80 396 1
80 397 1
80 400 1
80 405 1
80 406 1
80 409 1
80 411 1
80 414 1
80 418 1
80 419 1
80 420 1
80 424 1
80 428 1
80 443 1
80 449 1
80 451 1
80 453 1
80 454 1
80 459 1
80 460 1
80 462 1
80 463 1
80 470 1
80 472 1
80 483 1
80 486 1
81 89 1
81 91 1
81 96 1
81 98 1
81 99 1
81 119 1
81 120 1
81 122 1
81 134 1
81 135 1
81 155 1
81 158 1
81 162 1
81 166 1
81 186 1
81 187 1
81 190 1
81 191 1
81 208 1
81 222 1
81 252 1
81 254 1
81 256 1
81 258 1
81 269 1
81 283 1
81 287 1
81 291 1
81 304 1
81 319 1
81 329 1
81 341 1
81 342 1
81 352 1
81 355 1
81 362 1
81 365 1
81 378 1
81 388 1
81 389 1
81 391 1
81 400 1
81 406 1
81 409 1
81 414 1
81 418 1
81 420 1
81 439 1
81 441 1
81 447 1
81 454 1
81 459 1
81 460 1
81 470 1
81 486 1
82 254 1
82 287 1
82 377 1
82 426 1
82 429 1
82 435 1
83 137 1
83 148 1
83 415 1
84 125 1
84 147 1
84 254 1
84 269 1
84 316 1
84 359 1
84 421 1
84 429 1
84 433 1
85 125 1
85 148 1
85 245 1
85 249 1
85 375 1
85 417 1
85 425 1
85 485 1
86 256 1
86 266 1
86 296 1
86 332 1
86 433 1
86 476 1
87 107 1
87 109 1
87 174 1
87 214 1
87 280 1
87 283 1
87 358 1
88 91 1
88 98 1
88 109 1
88 209 1
88 232 1
88 274 1
88 275 1
88 289 1
88 309 1
88 314 1
88 316 1
88 327 1
88 341 1
88 347 1
88 350 1
88 360 1
88 463 1
88 470 1
88 486 1
89 93 1
89 96 1
89 98 1
89 99 1
89 112 1
89 120 1
89 122 1
89 125 1
89 126 1
89 134 1
89 135 1
89 142 1
89 155 1
89 160 1
89 174 1
89 179 1
89 186 1
89 190 1
89 192 1
89 208 1
89 212 1
89 217 1
89 219 1
89 222 1
89 224 1
89 227 1
89 239 1
89 240 1
89 241 1
89 254 1
89 256 1
89 258 1
89 262 1
89 263 1
89 265 1
89 274 1
89 286 1
89 290 1
89 291 1
89 293 1
89 301 1
89 309 1
89 314 1
89 322 1
89 341 1
89 353 1
89 355 1
89 358 1
89 359 1
89 360 1
89 362 1
89 365 1
89 378 1
89 388 1
89 395 1
89 396 1
89 405 1
89 406 1
89 409 1
89 414 1
89 418 1
89 420 1
89 424 1
89 439 1
89 457 1
89 458 1
89 459 1
89 462 1
89 470 1
89 483 1
89 486 1
90 91 1
90 98 1
90 99 1
90 113 1
90 119 1
90 120 1
90 122 1
90 126 1
90 155 1
90 170 1
90 174 1
90 184 1
90 191 1
90 192 1
90 195 1
90 209 1
90 211 1
90 214 1
90 217 1
90 219 1
90 220 1
90 227 1
90 263 1
90 265 1
90 280 1
90 284 1
90 293 1
90 299 1
90 300 1
90 301 1
90 317 1
90 319 1
90 322 1
90 329 1
90 337 1
90 338 1
90 341 1
90 358 1
90 361 1
90 365 1
90 369 1
90 381 1
90 388 1
90 391 1
90 396 1
90 397 1
90 409 1
90 414 1
90 426 1
90 429 1
90 431 1
90 451 1
90 454 1
90 460 1
90 461 1
90 470 1
91 96 1
91 98 1
91 99 1
91 100 1
91 110 1
91 111 1
91 113 1
91 118 1
91 119 1
91 120 1
91 122 1
91 125 1
91 126 1
91 130 1
91 135 1
91 147 1
91 155 1
91 156 1
91 162 1
91 163 1
91 171 1
91 173 1
91 179 1
91 183 1
91 184 1
91 186 1
91 187 1
91 191 1
91 192 1
91 208 1
91 209 1
91 214 1
91 217 1
91 219 1
91 220 1
91 224 1
91 227 1
91 234 1
91 240 1
91 241 1
91 254 1
91 256 1
91 258 1
91 262 1
91 263 1
91 265 1
91 269 1
91 271 1
91 274 1
91 278 1
91 281 1
91 284 1
91 286 1
91 287 1
91 290 1
91 291 1
91 293 1
91 300 1
91 301 1
91 308 1
91 319 1
91 322 1
91 329 1
91 332 1
91 337 1
91 341 1
91 342 1
91 343 1
91 349 1
91 352 1
91 358 1
91 359 1
91 360 1
91 365 1
91 376 1
91 381 1
91 383 1
91 388 1
91 391 1
91 400 1
91 404 1
91 405 1
91 406 1
91 409 1
91 414 1
91 417 1
91 418 1
91 424 1
91 428 1
91 439 1
91 441 1
91 443 1
91 449 1
91 450 1
91 451 1
91 454 1
91 457 1
91 459 1
91 470 1
91 480 1
91 486 1
92 332 1
92 335 1
92 385 1
92 433 1
93 95 1
93 96 1
93 98 1
93 99 1
93 100 1
93 112 1
93 113 1
93 120 1
93 122 1
93 125 1
93 126 1
93 134 1
93 135 1
93 151 1
93 155 1
93 158 1
93 162 1
93 166 1
93 171 1
93 183 1
93 186 1
93 188 1
93 211 1
93 217 1
93 220 1
93 222 1
93 227 1
93 250 1
93 251 1
93 252 1
93 254 1
93 256 1
93 269 1
93 271 1
93 276 1
93 283 1
93 284 1
93 287 1
93 288 1
93 293 1
93 297 1
93 299 1
93 301 1
93 304 1
93 309 1
93 317 1
93 318 1
93 319 1
93 322 1
93 327 1
93 332 1
93 337 1
93 338 1
93 341 1
93 342 1
93 343 1
93 350 1
93 353 1
93 355 1
93 359 1
93 362 1
93 365 1
93 389 1
93 396 1
93 399 1
93 404 1
93 405 1
93 409 1
93 414 1
93 417 1
93 418 1
93 420 1
93 429 1
93 432 1
93 435 1
93 439 1
93 441 1
93 461 1
93 462 1
93 464 1
93 486 1
94 135 1
94 166 1
94 190 1
94 319 1
94 367 1
94 409 1
94 465 1
95 98 1
95 99 1
95 100 1
95 113 1
95 119 1
95 126 1
95 134 1
95 155 1
95 168 1
95 191 1
95 208 1
95 214 1
95 229 1
95 257 1
95 271 1
95 293 1
95 299 1
95 301 1
95 303 1
95 304 1
95 314 1
95 319 1
95 329 1
95 337 1
95 341 1
95 359 1
95 362 1
95 366 1
95 382 1
95 388 1
95 414 1
95 418 1
95 419 1
95 422 1
95 441 1
95 450 1
95 464 1
95 478 1
95 483 1
96 98 1
96 99 1
96 106 1
96 109 1
96 110 1
96 113 1
96 115 1
96 119 1
96 120 1
96 122 1
96 125 1
96 126 1
96 130 1
96 134 1
96 135 1
96 149 1
96 155 1
96 158 1
96 162 1
96 166 1
96 174 1
96 186 1
96 187 1
96 190 1
96 191 1
96 192 1
96 208 1
96 209 1
96 214 1
96 217 1
96 219 1
96 220 1
96 222 1
96 227 1
96 240 1
96 241 1
96 252 1
96 254 1
96 256 1
96 258 1
96 262 1
96 265 1
96 266 1
96 269 1
96 274 1
96 278 1
96 284 1
96 287 1
96 290 1
96 291 1
96 293 1
96 301 1
96 303 1
96 304 1
96 309 1
96 315 1
96 317 1
96 319 1
96 322 1
96 329 1
96 337 1
96 338 1
96 340 1
96 341 1
96 342 1
96 352 1
96 353 1
96 358 1
96 359 1
96 362 1
96 365 1
96 368 1
96 378 1
96 381 1
96 383 1
96 388 1
96 389 1
96 400 1
96 404 1
96 405 1
96 406 1
96 409 1
96 414 1
96 417 1
96 418 1
96 419 1
96 424 1
96 426 1
96 428 1
96 429 1
96 435 1
96 438 1
96 439 1
96 441 1
96 451 1
96 458 1
96 459 1
96 461 1
96 462 1
96 464 1
96 465 1
96 480 1
96 486 1
97 99 1
97 107 1
97 112 1
97 119 1
97 122 1
97 125 1
97 126 1
97 132 1
97 142 1
97 147 1
97 151 1
97 158 1
97 173 1
97 175 1
97 183 1
97 184 1
97 188 1
97 190 1
97 191 1
97 192 1
97 195 1
97 208 1
97 210 1
97 211 1
97 217 1
97 219 1
97 223 1
97 224 1
97 229 1
97 239 1
97 252 1
97 254 1
97 255 1
97 257 1
97 261 1
97 264 1
97 271 1
97 275 1
97 281 1
97 284 1
97 287 1
97 293 1
97 297 1
97 298 1
97 299 1
97 301 1
97 303 1
97 304 1
97 312 1
97 319 1
97 337 1
97 338 1
97 341 1
97 358 1
97 359 1
97 368 1
97 382 1
97 388 1
97 403 1
97 404 1
97 409 1
97 427 1
97 453 1
97 454 1
97 458 1
97 460 1
97 463 1
97 464 1
97 468 1
97 469 1
97 470 1
97 472 1
97 483 1
97 486 1
98 99 1
98 106 1
98 109 1
98 111 1
98 112 1
98 113 1
98 118 1
98 119 1
98 120 1
98 122 1
98 125 1
98 126 1
98 130 1
98 134 1
98 135 1
98 142 1
98 147 1
98 149 1
98 152 1
98 154 1
98 155 1
98 156 1
98 160 1
98 162 1
98 163 1
98 165 1
98 170 1
98 174 1
98 179 1
98 184 1
98 186 1
98 190 1
98 191 1
98 192 1
98 195 1
98 208 1
98 209 1
98 211 1
98 212 1
98 214 1
98 217 1
98 218 1
98 219 1
98 220 1
98 224 1
98 225 1
98 227 1
98 229 1
98 232 1
98 238 1
98 239 1
98 240 1
98 241 1
98 252 1
98 254 1
98 256 1
98 258 1
98 262 1
98 263 1
98 264 1
98 265 1
98 269 1
98 277 1
98 278 1
98 280 1
98 284 1
98 286 1
98 287 1
98 289 1
98 290 1
98 291 1
98 293 1
98 297 1
98 298 1
98 300 1
98 301 1
98 303 1
98 304 1
98 308 1
98 309 1
98 312 1
98 314 1
98 316 1
98 317 1
98 319 1
98 322 1
98 326 1
98 327 1
98 329 1
98 331 1
98 333 1
98 337 1
98 338 1
98 340 1
98 341 1
98 342 1
98 347 1
98 350 1
98 351 1
98 352 1
98 353 1
98 356 1
98 357 1
98 358 1
98 359 1
98 360 1
98 365 1
98 366 1
98 368 1
98 377 1
98 378 1
98 381 1
98 383 1
98 384 1
98 388 1
98 389 1
98 391 1
98 396 1
98 397 1
98 400 1
98 404 1
98 405 1
98 406 1
98 408 1
98 409 1
98 411 1
98 414 1
98 417 1
98 419 1
98 420 1
98 422 1
98 424 1
98 428 1
98 429 1
98 432 1
98 433 1
98 435 1
98 439 1
98 441 1
98 443 1
98 444 1
98 447 1
98 451 1
98 454 1
98 457 1
98 458 1
98 459 1
98 460 1
98 461 1
98 462 1
98 463 1
98 464 1
98 465 1
98 470 1
98 478 1
98 483 1
98 486 1
99 100 1
99 107 1
99 109 1
99 110 1
99 111 1
99 113 1
99 118 1
99 119 1
99 120 1
99 122 1
99 125 1
99 126 1
99 130 1
99 134 1
99 135 1
99 151 1
99 155 1
99 156 1
99 158 1
99 162 1
99 166 1
99 168 1
99 170 1
99 172 1
99 174 1
99 186 1
99 190 1
99 191 1
99 192 1
99 208 1
99 209 1
99 212 1
99 214 1
99 215 1
99 217 1
99 219 1
99 220 1
99 222 1
99 223 1
99 227 1
99 240 1
99 241 1
99 250 1
99 251 1
99 252 1
99 254 1
99 255 1
99 256 1
99 257 1
99 258 1
99 263 1
99 264 1
99 265 1
99 266 1
99 269 1
99 271 1
99 274 1
99 277 1
99 284 1
99 287 1
99 290 1
99 291 1
99 293 1
99 299 1
99 301 1
99 302 1
99 303 1
99 304 1
99 308 1
99 309 1
99 314 1
99 317 1
99 318 1
99 319 1
99 322 1
99 329 1
99 332 1
99 337 1
99 338 1
99 340 1
99 341 1
99 342 1
99 349 1
99 352 1
99 353 1
99 358 1
99 359 1
99 362 1
99 365 1
99 367 1
99 376 1
99 378 1
99 381 1
99 383 1
99 384 1
99 388 1
99 391 1
99 397 1
99 400 1
99 404 1
99 405 1
99 409 1
99 414 1
99 417 1
99 418 1
99 419 1
99 424 1
99 426 1
99 428 1
99 429 1
99 433 1
99 435 1
99 437 1
99 439 1
99 441 1
99 446 1
99 449 1
99 451 1
99 454 1
99 458 1
99 459 1
99 460 1
99 461 1
99 462 1
99 463 1
99 470 1
99 483 1
99 486 1
100 113 1
100 120 1
100 126 1
100 135 1
100 142 1
100 147 1
100 151 1
100 155 1
100 168 1
100 191 1
100 209 1
100 210 1
100 220 1
100 241 1
100 252 1
100 256 1
100 271 1
100 277 1
100 281 1
100 287 1
100 291 1
100 299 1
100 301 1
100 303 1
100 304 1
100 317 1
100 319 1
100 338 1
100 341 1
100 342 1
100 353 1
100 360 1
100 382 1
100 414 1
100 438 1
100 443 1
100 451 1
100 457 1
100 462 1
100 463 1
101 111 1
101 115 1
101 130 1
101 150 1
101 187 1
101 190 1
101 211 1
101 304 1
101 317 1
101 319 1
101 341 1
101 378 1
101 390 1
101 414 1
101 470 1
102 359 1
102 398 1
102 424 1
102 448 1
103 134 1
103 254 1
103 256 1
103 332 1
103 354 1
103 359 1
103 429 1
103 476 1
104 106 1
104 108 1
104 125 1
104 132 1
104 165 1
104 183 1
104 219 1
104 253 1
104 392 1
104 420 1
104 423 1
104 424 1
104 429 1
104 454 1
104 484 1
105 140 1
105 254 1
105 335 1
105 349 1
105 419 1
105 446 1
105 487 1
106 108 1
106 119 1
106 120 1
106 122 1
106 123 1
106 125 1
106 126 1
106 127 1
106 128 1
106 130 1
106 132 1
106 134 1
106 135 1
106 139 1
106 144 1
106 147 1
106 151 1
106 155 1
106 158 1
106 159 1
106 162 1
106 166 1
106 170 1
106 171 1
106 176 1
106 179 1
106 183 1
106 188 1
106 190 1
106 192 1
106 196 1
106 199 1
106 203 1
106 205 1
106 208 1
106 216 1
106 217 1
106 219 1
106 220 1
106 221 1
106 222 1
106 227 1
106 238 1
106 240 1
106 241 1
106 243 1
106 244 1
106 253 1
106 254 1
106 256 1
106 257 1
106 259 1
106 265 1
106 266 1
106 269 1
106 271 1
106 281 1
106 284 1
106 287 1
106 290 1
106 291 1
106 293 1
106 296 1
106 300 1
106 301 1
106 304 1
106 309 1
106 313 1
106 314 1
106 315 1
106 317 1
106 318 1
106 319 1
106 322 1
106 324 1
106 332 1
106 334 1
106 337 1
106 338 1
106 340 1
106 341 1
106 349 1
106 352 1
106 353 1
106 359 1
106 362 1
106 372 1
106 373 1
106 377 1
106 379 1
106 381 1
106 382 1
106 383 1
106 384 1
106 385 1
106 388 1
106 392 1
106 395 1
106 398 1
106 403 1
106 404 1
106 405 1
106 406 1
106 409 1
106 414 1
106 417 1
106 419 1
106 420 1
106 421 1
106 423 1
106 424 1
106 426 1
106 428 1
106 429 1
106 433 1
106 435 1
106 438 1
106 441 1
106 445 1
106 449 1
106 450 1
106 451 1
106 459 1
106 462 1
106 464 1
106 465 1
106 468 1
106 469 1
106 470 1
106 484 1
107 112 1
107 119 1
107 120 1
107 126 1
107 152 1
107 162 1
107 184 1
107 190 1
107 192 1
107 195 1
107 219 1
107 251 1
107 287 1
107 293 1
107 297 1
107 304 1
107 319 1
107 322 1
107 337 1
107 341 1
107 360 1
107 368 1
107 388 1
107 391 1
107 399 1
107 405 1
107 407 1
107 451 1
107 453 1
107 459 1
107 463 1
107 468 1
107 470 1
107 472 1
107 483 1
108 125 1
108 158 1
108 176 1
108 179 1
108 183 1
108 199 1
108 219 1
108 220 1
108 223 1
108 269 1
108 271 1
108 281 1
108 284 1
108 293 1
108 300 1
108 313 1
108 319 1
108 393 1
108 395 1
108 403 1
108 420 1
108 421 1
108 429 1
108 464 1
109 113 1
109 119 1
109 120 1
109 125 1
109 135 1
109 155 1
109 162 1
109 170 1
109 171 1
109 208 1
109 209 1
109 217 1
109 232 1
109 241 1
109 254 1
109 256 1
109 266 1
109 277 1
109 284 1
109 291 1
109 293 1
109 301 1
109 303 1
109 304 1
109 319 1
109 327 1
109 332 1
109 337 1
109 340 1
109 341 1
109 347 1
109 358 1
109 359 1
109 362 1
109 365 1
109 381 1
109 388 1
109 391 1
109 404 1
109 405 1
109 414 1
109 419 1
109 426 1
109 429 1
109 441 1
109 446 1
109 454 1
109 459 1
109 463 1
110 113 1
110 119 1
110 122 1
110 125 1
110 126 1
110 135 1
110 142 1
110 147 1
110 151 1
110 183 1
110 186 1
110 189 1
110 208 1
110 210 1
110 211 1
110 217 1
110 219 1
110 222 1
110 239 1
110 240 1
110 254 1
110 256 1
110 264 1
110 265 1
110 269 1
110 274 1
110 275 1
110 281 1
110 284 1
110 287 1
110 291 1
110 293 1
110 295 1
110 301 1
110 304 1
110 312 1
110 319 1
110 322 1
110 324 1
110 337 1
110 338 1
110 340 1
110 341 1
110 358 1
110 359 1
110 361 1
110 365 1
110 368 1
110 395 1
110 404 1
110 405 1
110 406 1
110 414 1
110 419 1
110 424 1
110 426 1
110 427 1
110 429 1
110 433 1
110 459 1
110 462 1
110 464 1
110 468 1
110 478 1
110 483 1
111 113 1
111 120 1
111 122 1
111 135 1
111 147 1
111 155 1
111 160 1
111 186 1
111 187 1
111 190 1
111 209 1
111 217 1
111 219 1
111 240 1
111 263 1
111 265 1
111 269 1
111 271 1
111 284 1
111 287 1
111 293 1
111 300 1
111 304 1
111 317 1
111 319 1
111 329 1
111 341 1
111 358 1
111 365 1
111 378 1
111 396 1
111 409 1
111 414 1
111 441 1
111 486 1
112 147 1
112 184 1
112 195 1
112 210 1
112 240 1
112 293 1
112 297 1
112 301 1
112 338 1
112 388 1
112 391 1
112 404 1
112 406 1
112 409 1
112 441 1
112 459 1
112 460 1
112 462 1
112 470 1
112 483 1
113 118 1
113 119 1
113 120 1
113 122 1
113 125 1
113 126 1
113 130 1
113 131 1
113 134 1
113 135 1
113 147 1
113 155 1
113 156 1
113 158 1
113 162 1
113 166 1
113 168 1
113 170 1
113 173 1
113 179 1
113 184 1
113 186 1
113 187 1
113 190 1
113 191 1
113 192 1
113 208 1
113 209 1
113 210 1
113 211 1
113 212 1
113 214 1
113 217 1
113 219 1
113 221 1
113 222 1
113 223 1
113 225 1
113 227 1
113 229 1
113 240 1
113 241 1
113 251 1
113 254 1
113 256 1
113 257 1
113 258 1
113 262 1
113 263 1
113 265 1
113 266 1
113 269 1
113 274 1
113 277 1
113 284 1
113 286 1
113 287 1
113 290 1
113 291 1
113 293 1
113 299 1
113 300 1
113 301 1
113 303 1
113 304 1
113 308 1
113 314 1
113 317 1
113 318 1
113 319 1
113 322 1
113 329 1
113 332 1
113 337 1
113 338 1
113 340 1
113 341 1
113 342 1
113 352 1
113 353 1
113 355 1
113 358 1
113 359 1
113 360 1
113 362 1
113 365 1
113 368 1
113 381 1
113 382 1
113 383 1
113 388 1
113 389 1
113 391 1
113 396 1
113 397 1
113 400 1
113 404 1
113 405 1
113 406 1
113 408 1
113 413 1
113 414 1
113 417 1
113 418 1
113 419 1
113 426 1
113 428 1
113 429 1
113 433 1
113 439 1
113 441 1
113 450 1
113 451 1
113 457 1
113 458 1
113 459 1
113 462 1
113 464 1
113 478 1
113 483 1
113 486 1
114 125 1
114 126 1
115 122 1
115 135 1
115 187 1
115 222 1
115 227 1
115 252 1
115 284 1
115 287 1
115 304 1
115 309 1
115 317 1
115 319 1
115 338 1
115 341 1
115 342 1
115 390 1
115 395 1
115 409 1
115 429 1
115 441 1
116 119 1
116 144 1
116 208 1
116 219 1
116 254 1
116 324 1
116 334 1
116 429 1
117 125 1
117 159 1
117 179 1
117 203 1
117 238 1
117 253 1
117 284 1
117 337 1
117 340 1
117 359 1
117 382 1
117 414 1
117 423 1
117 429 1
118 120 1
118 122 1
118 126 1
118 134 1
118 135 1
118 155 1
118 162 1
118 175 1
118 184 1
118 186 1
118 209 1
118 214 1
118 223 1
118 239 1
118 240 1
118 241 1
118 251 1
118 265 1
118 287 1
118 293 1
118 297 1
118 301 1
118 304 1
118 308 1
118 310 1
118 329 1
118 338 1
118 352 1
118 368 1
118 381 1
118 388 1
118 391 1
118 400 1
118 404 1
118 406 1
118 414 1
118 418 1
118 439 1
118 450 1
118 451 1
118 459 1
118 486 1
119 122 1
119 125 1
119 126 1
119 134 1
119 135 1
119 142 1
119 143 1
119 144 1
119 147 1
119 152 1
119 155 1
119 158 1
119 159 1
119 162 1
119 166 1
119 170 1
119 179 1
119 184 1
119 187 1
119 189 1
119 190 1
119 191 1
119 192 1
119 196 1
119 199 1
119 205 1
119 208 1
119 209 1
119 210 1
119 211 1
119 214 1
119 217 1
119 218 1
119 219 1
119 220 1
119 223 1
119 224 1
119 227 1
119 230 1
119 234 1
119 239 1
119 240 1
119 241 1
119 251 1
119 254 1
119 256 1
119 257 1
119 260 1
119 264 1
119 265 1
119 266 1
119 269 1
119 274 1
119 281 1
119 284 1
119 287 1
119 290 1
119 291 1
119 293 1
119 294 1
119 301 1
119 303 1
119 304 1
119 314 1
119 319 1
119 322 1
119 324 1
119 329 1
119 332 1
119 337 1
119 338 1
119 340 1
119 341 1
119 342 1
119 352 1
119 353 1
119 358 1
119 359 1
119 362 1
119 365 1
119 368 1
119 373 1
119 377 1
119 378 1
119 379 1
119 381 1
119 382 1
119 388 1
119 391 1
119 395 1
119 396 1
119 400 1
119 403 1
119 404 1
119 405 1
119 406 1
119 407 1
119 409 1
119 414 1
119 417 1
119 418 1
119 419 1
119 420 1
119 424 1
119 426 1
119 429 1
119 433 1
119 435 1
119 439 1
119 441 1
119 446 1
119 449 1
119 450 1
119 451 1
119 453 1
119 454 1
119 457 1
119 458 1
119 459 1
119 462 1
119 464 1
119 465 1
119 470 1
119 472 1
119 477 1
119 478 1
119 483 1
119 486 1
120 122 1
120 125 1
120 126 1
120 134 1
120 135 1
120 147 1
120 155 1
120 165 1
120 166 1
120 170 1
120 174 1
120 175 1
120 180 1
120 186 1
120 187 1
120 190 1
120 191 1
120 192 1
120 199 1
120 202 1
120 208 1
120 209 1
120 211 1
120 217 1
120 219 1
120 220 1
120 227 1
120 229 1
120 241 1
120 252 1
120 254 1
120 257 1
120 258 1
120 263 1
120 265 1
120 269 1
120 271 1
120 274 1
120 281 1
120 284 1
120 290 1
120 291 1
120 293 1
120 299 1
120 301 1
120 304 1
120 309 1
120 310 1
120 317 1
120 319 1
120 327 1
120 338 1
120 341 1
120 342 1
120 352 1
120 355 1
120 356 1
120 358 1
120 362 1
120 365 1
120 378 1
120 381 1
120 383 1
120 388 1
120 389 1
120 391 1
120 395 1
120 396 1
120 397 1
120 400 1
120 405 1
120 409 1
120 414 1
120 418 1
120 420 1
120 424 1
120 429 1
120 432 1
120 437 1
120 438 1
120 441 1
120 446 1
120 449 1
120 450 1
120 451 1
120 454 1
120 457 1
120 458 1
120 462 1
120 463 1
120 464 1
120 470 1
120 472 1
120 483 1
120 486 1
121 186 1
121 217 1
121 222 1
121 227 1
121 287 1
121 291 1
121 304 1
121 317 1
121 319 1
121 341 1
121 360 1
121 409 1
122 125 1
122 126 1
122 134 1
122 135 1
122 142 1
122 150 1
122 152 1
122 155 1
122 156 1
122 162 1
122 171 1
122 174 1
122 187 1
122 190 1
122 191 1
122 192 1
122 208 1
122 209 1
122 211 1
122 215 1
122 217 1
122 219 1
122 220 1
122 223 1
122 224 1
122 227 1
122 239 1
122 240 1
122 241 1
122 250 1
122 252 1
122 254 1
122 256 1
122 257 1
122 263 1
122 265 1
122 269 1
122 276 1
122 280 1
122 284 1
122 287 1
122 290 1
122 291 1
122 293 1
122 297 1
122 300 1
122 301 1
122 304 1
122 308 1
122 309 1
122 317 1
122 319 1
122 322 1
122 326 1
122 327 1
122 329 1
122 337 1
122 338 1
122 341 1
122 342 1
122 343 1
122 352 1
122 353 1
122 357 1
122 358 1
122 359 1
122 360 1
122 363 1
122 365 1
122 368 1
122 381 1
122 383 1
122 384 1
122 388 1
122 389 1
122 391 1
122 396 1
122 397 1
122 399 1
122 400 1
122 405 1
122 406 1
122 409 1
122 414 1
122 417 1
122 419 1
122 420 1
122 424 1
122 428 1
122 429 1
122 437 1
122 438 1
122 439 1
122 441 1
122 449 1
122 451 1
122 454 1
122 457 1
122 459 1
122 462 1
122 465 1
122 470 1
122 478 1
122 483 1
123 125 1
123 177 1
123 220 1
123 260 1
123 271 1
123 423 1
123 432 1
124 125 1
124 243 1
124 309 1
124 341 1
124 409 1
125 126 1
125 128 1
125 130 1
125 132 1
125 134 1
125 135 1
125 138 1
125 139 1
125 141 1
125 142 1
125 144 1
125 147 1
125 151 1
125 155 1
125 157 1
125 158 1
125 159 1
125 162 1
125 164 1
125 165 1
125 171 1
125 176 1
125 177 1
125 179 1
125 180 1
125 183 1
125 187 1
125 188 1
125 189 1
125 190 1
125 191 1
125 192 1
125 194 1
125 196 1
125 199 1
125 203 1
125 204 1
125 205 1
125 208 1
125 209 1
125 210 1
125 211 1
125 216 1
125 217 1
125 219 1
125 220 1
125 221 1
125 222 1
125 225 1
125 227 1
125 238 1
125 240 1
125 241 1
125 243 1
125 244 1
125 246 1
125 248 1
125 249 1
125 251 1
125 253 1
125 254 1
125 256 1
125 257 1
125 259 1
125 260 1
125 263 1
125 265 1
125 266 1
125 268 1
125 269 1
125 271 1
125 276 1
125 279 1
125 281 1
125 284 1
125 285 1
125 287 1
125 288 1
125 290 1
125 291 1
125 293 1
125 296 1
125 299 1
125 301 1
125 303 1
125 304 1
125 309 1
125 313 1
125 315 1
125 317 1
125 318 1
125 319 1
125 322 1
125 324 1
125 329 1
125 332 1
125 335 1
125 337 1
125 338 1
125 340 1
125 341 1
125 342 1
125 345 1
125 352 1
125 353 1
125 358 1
125 359 1
125 360 1
125 362 1
125 363 1
125 364 1
125 365 1
125 368 1
125 372 1
125 373 1
125 377 1
125 378 1
125 379 1
125 381 1
125 382 1
125 383 1
125 384 1
125 387 1
125 388 1
125 389 1
125 391 1
125 392 1
125 393 1
125 395 1
125 397 1
125 398 1
125 400 1
125 403 1
125 404 1
125 405 1
125 406 1
125 407 1
125 408 1
125 409 1
125 410 1
125 414 1
125 417 1
125 419 1
125 420 1
125 421 1
125 423 1
125 424 1
125 426 1
125 428 1
125 429 1
125 432 1
125 433 1
125 435 1
125 437 1
125 439 1
125 441 1
125 445 1
125 447 1
125 450 1
125 451 1
125 454 1
125 455 1
125 459 1
125 462 1
125 464 1
125 465 1
125 467 1
125 470 1
125 473 1
125 482 1
125 483 1
125 484 1
125 486 1
125 487 1
126 132 1
126 134 1
126 135 1
126 142 1
126 144 1
126 147 1
126 151 1
126 152 1
126 155 1
126 156 1
126 158 1
126 159 1
126 160 1
126 161 1
126 162 1
126 171 1
126 172 1
126 173 1
126 174 1
126 177 1
126 179 1
126 182 1
126 183 1
126 184 1
126 186 1
126 188 1
126 189 1
126 190 1
126 191 1
126 192 1
126 194 1
126 196 1
126 199 1
126 204 1
126 207 1
126 208 1
126 210 1
126 211 1
126 217 1
126 219 1
126 220 1
126 221 1
126 222 1
126 224 1
126 227 1
126 238 1
126 239 1
126 240 1
126 241 1
126 252 1
126 254 1
126 255 1
126 256 1
126 257 1
126 261 1
126 263 1
126 264 1
126 265 1
126 269 1
126 274 1
126 275 1
126 277 1
126 281 1
126 284 1
126 287 1
126 290 1
126 291 1
126 293 1
126 295 1
126 297 1
126 299 1
126 300 1
126 301 1
126 303 1
126 304 1
126 309 1
126 310 1
126 312 1
126 314 1
126 315 1
126 317 1
126 318 1
126 319 1
126 322 1
126 324 1
126 329 1
126 332 1
126 335 1
126 337 1
126 338 1
126 340 1
126 341 1
126 342 1
126 347 1
126 352 1
126 353 1
126 358 1
126 359 1
126 360 1
126 361 1
126 365 1
126 368 1
126 377 1
126 381 1
126 382 1
126 383 1
126 384 1
126 387 1
126 388 1
126 389 1
126 391 1
126 395 1
126 398 1
126 399 1
126 400 1
126 403 1
126 404 1
126 405 1
126 406 1
126 407 1
126 409 1
126 410 1
126 414 1
126 417 1
126 419 1
126 420 1
126 421 1
126 424 1
126 426 1
126 427 1
126 428 1
126 429 1
126 432 1
126 433 1
126 435 1
126 437 1
126 438 1
126 439 1
126 441 1
126 442 1
126 443 1
126 450 1
126 451 1
126 452 1
126 457 1
126 459 1
126 460 1
126 462 1
126 463 1
126 464 1
126 465 1
126 468 1
126 469 1
126 470 1
126 478 1
126 483 1
126 487 1
127 135 1
127 191 1
127 211 1
127 217 1
127 264 1
127 274 1
127 287 1
127 293 1
127 337 1
127 457 1
127 464 1
127 486 1
128 132 1
128 158 1
128 244 1
128 304 1
128 313 1
128 384 1
128 421 1
128 484 1
129 137 1
129 148 1
129 206 1
130 135 1
130 155 1
130 180 1
130 211 1
130 217 1
130 219 1
130 222 1
130 256 1
130 265 1
130 274 1
130 287 1
130 304 1
130 317 1
130 319 1
130 322 1
130 341 1
130 358 1
130 396 1
130 400 1
130 409 1
130 414 1
130 435 1
131 219 1
131 241 1
131 262 1
131 287 1
131 293 1
131 301 1
131 341 1
132 161 1
132 164 1
132 183 1
132 188 1
132 189 1
132 219 1
132 221 1
132 254 1
132 255 1
132 256 1
132 257 1
132 297 1
132 324 1
132 337 1
132 359 1
132 382 1
132 403 1
132 409 1
132 420 1
132 421 1
132 429 1
132 434 1
132 464 1
132 469 1
133 135 1
133 147 1
133 191 1
133 192 1
133 198 1
133 269 1
133 274 1
133 284 1
133 314 1
133 378 1
133 389 1
133 405 1
133 414 1
133 441 1
133 458 1
133 462 1
133 463 1
133 486 1
134 135 1
134 151 1
134 155 1
134 158 1
134 162 1
134 170 1
134 171 1
134 174 1
134 179 1
134 180 1
134 186 1
134 188 1
134 190 1
134 192 1
134 198 1
134 208 1
134 211 1
134 212 1
134 217 1
134 219 1
134 222 1
134 227 1
134 240 1
134 243 1
134 252 1
134 254 1
134 256 1
134 257 1
134 263 1
134 265 1
134 269 1
134 284 1
134 287 1
134 291 1
134 293 1
134 299 1
134 301 1
134 304 1
134 309 1
134 317 1
134 318 1
134 319 1
134 322 1
134 332 1
134 337 1
134 338 1
134 340 1
134 341 1
134 342 1
134 353 1
134 355 1
134 358 1
134 359 1
134 360 1
134 362 1
134 365 1
134 376 1
134 377 1
134 382 1
134 388 1
134 389 1
134 391 1
134 395 1
134 400 1
134 404 1
134 407 1
134 409 1
134 414 1
134 418 1
134 419 1
134 426 1
134 429 1
134 435 1
134 439 1
134 441 1
134 447 1
134 449 1
134 451 1
134 454 1
134 458 1
134 459 1
134 462 1
134 464 1
134 478 1
134 483 1
135 146 1
135 149 1
135 150 1
135 152 1
135 155 1
135 160 1
135 162 1
135 166 1
135 170 1
135 174 1
135 179 1
135 186 1
135 187 1
135 190 1
135 191 1
135 192 1
135 198 1
135 201 1
135 204 1
135 208 1
135 209 1
135 210 1
135 211 1
135 212 1
135 217 1
135 219 1
135 220 1
135 222 1
135 223 1
135 224 1
135 226 1
135 227 1
135 228 1
135 239 1
135 240 1
135 241 1
135 248 1
135 250 1
135 252 1
135 254 1
135 256 1
135 258 1
135 262 1
135 263 1
135 265 1
135 266 1
135 269 1
135 271 1
135 274 1
135 276 1
135 278 1
135 283 1
135 284 1
135 287 1
135 290 1
135 291 1
135 293 1
135 297 1
135 300 1
135 301 1
135 303 1
135 304 1
135 309 1
135 314 1
135 317 1
135 319 1
135 322 1
135 329 1
135 332 1
135 337 1
135 338 1
135 340 1
135 341 1
135 342 1
135 351 1
135 352 1
135 353 1
135 358 1
135 359 1
135 360 1
135 362 1
135 365 1
135 367 1
135 368 1
135 377 1
135 378 1
135 381 1
135 382 1
135 383 1
135 388 1
135 389 1
135 390 1
135 391 1
135 395 1
135 397 1
135 398 1
135 400 1
135 404 1
135 405 1
135 406 1
135 409 1
135 414 1
135 417 1
135 418 1
135 419 1
135 420 1
135 424 1
135 426 1
135 428 1
135 429 1
135 433 1
135 435 1
135 438 1
135 439 1
135 441 1
135 444 1
135 451 1
135 454 1
135 457 1
135 458 1
135 459 1
135 462 1
135 464 1
135 465 1
135 467 1
135 470 1
135 483 1
135 484 1
135 486 1
136 217 1
136 231 1
136 298 1
136 365 1
136 454 1
137 148 1
137 415 1
138 158 1
138 244 1
138 259 1
138 313 1
139 170 1
139 188 1
139 259 1
139 285 1
139 332 1
139 338 1
139 407 1
139 433 1
140 179 1
140 349 1
140 353 1
140 417 1
141 187 1
141 222 1
141 254 1
141 276 1
141 287 1
141 317 1
141 319 1
141 329 1
141 341 1
141 395 1
141 400 1
142 144 1
142 147 1
142 162 1
142 182 1
142 191 1
142 192 1
142 208 1
142 209 1
142 211 1
142 219 1
142 227 1
142 232 1
142 240 1
142 254 1
142 263 1
142 264 1
142 269 1
142 271 1
142 284 1
142 287 1
142 291 1
142 293 1
142 307 1
142 312 1
142 314 1
142 319 1
142 322 1
142 337 1
142 341 1
142 342 1
142 358 1
142 368 1
142 382 1
142 388 1
142 397 1
142 405 1
142 424 1
142 429 1
142 439 1
142 441 1
142 457 1
142 459 1
142 462 1
142 468 1
142 470 1
142 478 1
143 289 1
143 301 1
144 155 1
144 165 1
144 173 1
144 183 1
144 209 1
144 219 1
144 241 1
144 256 1
144 274 1
144 281 1
144 284 1
144 301 1
144 314 1
144 315 1
144 334 1
144 338 1
144 341 1
144 352 1
144 359 1
144 403 1
144 404 1
144 407 1
144 417 1
144 419 1
144 429 1
144 435 1
144 441 1
144 454 1
144 459 1
145 315 1
145 429 1
145 442 1
146 155 1
146 162 1
146 209 1
146 215 1
146 227 1
146 232 1
146 241 1
146 317 1
146 319 1
146 355 1
146 362 1
146 397 1
146 418 1
146 439 1
146 454 1
147 151 1
147 159 1
147 162 1
147 165 1
147 171 1
147 177 1
147 179 1
147 183 1
147 189 1
147 191 1
147 192 1
147 208 1
147 210 1
147 211 1
147 217 1
147 219 1
147 222 1
147 227 1
147 250 1
147 251 1
147 254 1
147 256 1
147 257 1
147 266 1
147 269 1
147 271 1
147 274 1
147 275 1
147 280 1
147 281 1
147 284 1
147 287 1
147 290 1
147 291 1
147 293 1
147 295 1
147 297 1
147 301 1
147 304 1
147 310 1
147 314 1
147 319 1
147 324 1
147 332 1
147 334 1
147 337 1
147 338 1
147 340 1
147 341 1
147 349 1
147 350 1
147 353 1
147 358 1
147 359 1
147 365 1
147 368 1
147 373 1
147 377 1
147 378 1
147 388 1
147 389 1
147 395 1
147 398 1
147 403 1
147 404 1
147 405 1
147 407 1
147 409 1
147 414 1
147 417 1
147 419 1
147 424 1
147 426 1
147 428 1
147 429 1
147 433 1
147 435 1
147 441 1
147 446 1
147 453 1
147 458 1
147 459 1
147 462 1
147 464 1
147 470 1
147 474 1
147 483 1
147 486 1
147 487 1
148 157 1
148 206 1
148 415 1
148 426 1
148 435 1
148 475 1
148 485 1
149 155 1
149 191 1
149 192 1
149 241 1
149 287 1
149 358 1
149 365 1
149 378 1
149 391 1
149 396 1
149 454 1
149 459 1
149 460 1
149 461 1
150 187 1
150 217 1
150 226 1
150 304 1
150 317 1
150 319 1
151 155 1
151 159 1
151 165 1
151 179 1
151 183 1
151 184 1
151 220 1
151 227 1
151 250 1
151 252 1
151 254 1
151 256 1
151 257 1
151 271 1
151 284 1
151 296 1
151 301 1
151 317 1
151 319 1
151 322 1
151 332 1
151 335 1
151 337 1
151 340 1
151 341 1
151 345 1
151 349 1
151 353 1
151 359 1
151 363 1
151 365 1
151 377 1
151 380 1
151 382 1
151 384 1
151 388 1
151 395 1
151 404 1
151 407 1
151 417 1
151 419 1
151 426 1
151 427 1
151 429 1
151 430 1
151 433 1
151 435 1
151 453 1
151 462 1
151 464 1
151 470 1
151 483 1
151 486 1
152 170 1
152 182 1
152 192 1
152 208 1
152 209 1
152 214 1
152 227 1
152 251 1
152 255 1
152 263 1
152 269 1
152 274 1
152 287 1
152 293 1
152 295 1
152 314 1
152 341 1
152 347 1
152 362 1
152 378 1
152 409 1
152 414 1
152 418 1
152 441 1
152 458 1
152 478 1
152 483 1
152 486 1
153 170 1
153 209 1
153 217 1
153 326 1
153 358 1
153 422 1
154 160 1
154 163 1
154 224 1
154 240 1
154 287 1
154 356 1
154 388 1
154 391 1
155 156 1
155 162 1
155 166 1
155 171 1
155 175 1
155 179 1
155 187 1
155 190 1
155 191 1
155 192 1
155 199 1
155 204 1
155 208 1
155 209 1
155 210 1
155 211 1
155 214 1
155 215 1
155 217 1
155 219 1
155 220 1
155 221 1
155 223 1
155 224 1
155 227 1
155 231 1
155 234 1
155 235 1
155 236 1
155 238 1
155 240 1
155 241 1
155 250 1
155 252 1
155 254 1
155 256 1
155 257 1
155 262 1
155 263 1
155 265 1
155 266 1
155 269 1
155 271 1
155 272 1
155 277 1
155 284 1
155 287 1
155 290 1
155 291 1
155 293 1
155 299 1
155 300 1
155 301 1
155 303 1
155 304 1
155 317 1
155 318 1
155 319 1
155 322 1
155 324 1
155 326 1
155 329 1
155 332 1
155 335 1
155 337 1
155 338 1
155 340 1
155 341 1
155 342 1
155 349 1
155 352 1
155 353 1
155 356 1
155 358 1
155 359 1
155 362 1
155 365 1
155 367 1
155 371 1
155 377 1
155 378 1
155 381 1
155 383 1
155 388 1
155 389 1
155 391 1
155 394 1
155 395 1
155 396 1
155 397 1
155 400 1
155 404 1
155 405 1
155 406 1
155 407 1
155 409 1
155 414 1
155 417 1
155 418 1
155 419 1
155 424 1
155 426 1
155 428 1
155 429 1
155 433 1
155 435 1
155 439 1
155 441 1
155 443 1
155 449 1
155 450 1
155 451 1
155 454 1
155 457 1
155 459 1
155 461 1
155 462 1
155 463 1
155 465 1
155 470 1
155 478 1
155 486 1
156 162 1
156 191 1
156 192 1
156 217 1
156 219 1
156 227 1
156 240 1
156 241 1
156 265 1
156 287 1
156 290 1
156 291 1
156 297 1
156 301 1
156 322 1
156 323 1
156 329 1
156 337 1
156 341 1
156 342 1
156 352 1
156 355 1
156 358 1
156 362 1
156 365 1
156 368 1
156 388 1
156 391 1
156 400 1
156 405 1
156 406 1
156 418 1
156 439 1
156 459 1
156 460 1
156 470 1
157 204 1
157 206 1
157 241 1
157 245 1
157 248 1
157 249 1
157 293 1
157 319 1
157 339 1
157 340 1
157 341 1
157 346 1
157 353 1
157 412 1
157 414 1
157 417 1
157 429 1
157 475 1
158 171 1
158 186 1
158 187 1
158 194 1
158 199 1
158 204 1
158 209 1
158 210 1
158 219 1
158 221 1
158 222 1
158 244 1
158 254 1
158 257 1
158 262 1
158 283 1
158 286 1
158 287 1
158 289 1
158 293 1
158 304 1
158 313 1
158 317 1
158 319 1
158 337 1
158 338 1
158 340 1
158 341 1
158 350 1
158 353 1
158 355 1
158 359 1
158 360 1
158 362 1
158 384 1
158 389 1
158 395 1
158 406 1
158 409 1
158 414 1
158 416 1
158 418 1
158 419 1
158 420 1
158 428 1
158 429 1
158 447 1
158 454 1
158 458 1
158 460 1
158 466 1
158 484 1
158 488 1
159 165 1
159 179 1
159 182 1
159 183 1
159 191 1
159 194 1
159 204 1
159 219 1
159 220 1
159 221 1
159 222 1
159 254 1
159 256 1
159 266 1
159 267 1
159 275 1
159 281 1
159 293 1
159 304 1
159 315 1
159 319 1
159 332 1
159 335 1
159 337 1
159 338 1
159 340 1
159 341 1
159 353 1
159 359 1
159 373 1
159 377 1
159 380 1
159 384 1
159 387 1
159 389 1
159 395 1
159 398 1
159 400 1
159 403 1
159 404 1
159 405 1
159 407 1
159 408 1
159 409 1
159 410 1
159 413 1
159 414 1
159 417 1
159 419 1
159 426 1
159 429 1
159 433 1
159 435 1
159 462 1
159 464 1
159 467 1
159 470 1
159 483 1
159 486 1
160 163 1
160 174 1
160 184 1
160 191 1
160 211 1
160 224 1
160 293 1
160 295 1
160 301 1
160 331 1
160 342 1
160 358 1
160 388 1
160 396 1
160 409 1
160 411 1
160 414 1
160 470 1
160 478 1
161 165 1
161 179 1
161 210 1
161 221 1
161 254 1
161 255 1
161 256 1
161 318 1
161 359 1
161 363 1
161 377 1
161 380 1
161 382 1
161 398 1
161 403 1
161 404 1
161 405 1
161 410 1
161 424 1
161 427 1
161 429 1
161 433 1
161 464 1
162 166 1
162 169 1
162 170 1
162 171 1
162 184 1
162 186 1
162 187 1
162 190 1
162 191 1
162 192 1
162 196 1
162 199 1
162 200 1
162 208 1
162 209 1
162 210 1
162 214 1
162 217 1
162 218 1
162 219 1
162 220 1
162 223 1
162 224 1
162 227 1
162 232 1
162 234 1
162 240 1
162 241 1
162 251 1
162 254 1
162 256 1
162 262 1
162 263 1
162 264 1
162 265 1
162 266 1
162 269 1
162 277 1
162 284 1
162 287 1
162 289 1
162 290 1
162 291 1
162 293 1
162 297 1
162 300 1
162 301 1
162 303 1
162 304 1
162 308 1
162 314 1
162 319 1
162 322 1
162 323 1
162 329 1
162 333 1
162 337 1
162 338 1
162 340 1
162 341 1
162 342 1
162 343 1
162 347 1
162 351 1
162 352 1
162 353 1
162 355 1
162 358 1
162 359 1
162 360 1
162 362 1
162 365 1
162 368 1
162 378 1
162 381 1
162 388 1
162 389 1
162 391 1
162 396 1
162 397 1
162 400 1
162 404 1
162 405 1
162 406 1
162 409 1
162 414 1
162 417 1
162 418 1
162 419 1
162 424 1
162 426 1
162 428 1
162 429 1
162 439 1
162 441 1
162 443 1
162 444 1
162 449 1
162 451 1
162 454 1
162 457 1
162 458 1
162 459 1
162 461 1
162 462 1
162 463 1
162 465 1
162 470 1
162 483 1
163 271 1
163 274 1
163 308 1
163 329 1
163 331 1
163 357 1
163 358 1
163 388 1
163 411 1
163 414 1
165 182 1
165 222 1
165 257 1
165 319 1
165 353 1
165 373 1
165 382 1
165 395 1
165 405 1
165 410 1
165 426 1
165 429 1
165 433 1
165 464 1
166 174 1
166 186 1
166 211 1
166 222 1
166 240 1
166 254 1
166 293 1
166 304 1
166 317 1
166 319 1
166 337 1
166 341 1
166 355 1
166 362 1
166 389 1
166 404 1
166 406 1
166 409 1
166 418 1
166 420 1
166 435 1
166 439 1
166 465 1
166 478 1
166 486 1
167 217 1
167 271 1
167 288 1
167 317 1
167 319 1
167 341 1
167 409 1
168 171 1
168 175 1
168 208 1
168 210 1
168 217 1
168 224 1
168 227 1
168 254 1
168 256 1
168 284 1
168 289 1
168 293 1
168 299 1
168 301 1
168 304 1
168 319 1
168 358 1
168 359 1
168 382 1
168 388 1
168 405 1
168 409 1
168 418 1
168 426 1
168 427 1
168 428 1
168 429 1
168 443 1
168 464 1
169 459 1
170 185 1
170 191 1
170 199 1
170 209 1
170 217 1
170 227 1
170 229 1
170 232 1
170 235 1
170 250 1
170 254 1
170 277 1
170 291 1
170 298 1
170 304 1
170 314 1
170 315 1
170 319 1
170 326 1
170 338 1
170 341 1
170 342 1
170 347 1
170 352 1
170 358 1
170 365 1
170 369 1
170 381 1
170 388 1
170 409 1
170 426 1
170 429 1
170 432 1
170 451 1
170 454 1
170 486 1
171 179 1
171 180 1
171 183 1
171 191 1
171 208 1
171 217 1
171 220 1
171 221 1
171 222 1
171 227 1
171 240 1
171 254 1
171 256 1
171 257 1
171 262 1
171 265 1
171 284 1
171 290 1
171 293 1
171 309 1
171 317 1
171 318 1
171 319 1
171 322 1
171 327 1
171 337 1
171 338 1
171 340 1
171 341 1
171 350 1
171 353 1
171 355 1
171 359 1
171 362 1
171 364 1
171 384 1
171 388 1
171 389 1
171 395 1
171 397 1
171 399 1
171 405 1
171 409 1
171 414 1
171 418 1
171 420 1
171 426 1
171 429 1
171 435 1
171 458 1
171 461 1
171 462 1
171 464 1
171 488 1
172 297 1
172 359 1
172 414 1
172 441 1
172 462 1
172 483 1
173 184 1
173 208 1
173 214 1
173 219 1
173 220 1
173 221 1
173 227 1
173 238 1
173 254 1
173 257 1
173 299 1
173 315 1
173 319 1
173 322 1
173 337 1
173 359 1
173 377 1
173 382 1
173 388 1
173 405 1
173 407 1
173 418 1
173 447 1
173 450 1
173 454 1
173 457 1
173 459 1
173 461 1
173 464 1
173 486 1
174 182 1
174 186 1
174 187 1
174 188 1
174 191 1
174 192 1
174 209 1
174 212 1
174 220 1
174 222 1
174 227 1
174 252 1
174 254 1
174 258 1
174 269 1
174 274 1
174 284 1
174 290 1
174 293 1
174 304 1
174 317 1
174 319 1
174 322 1
174 329 1
174 341 1
174 350 1
174 355 1
174 362 1
174 378 1
174 381 1
174 388 1
174 395 1
174 396 1
174 409 1
174 414 1
174 418 1
174 429 1
174 439 1
174 451 1
174 468 1
174 470 1
174 486 1
175 208 1
175 217 1
175 227 1
175 229 1
175 263 1
175 299 1
175 301 1
175 304 1
175 457 1
175 462 1
175 472 1
176 183 1
176 324 1
176 377 1
176 384 1
177 220 1
177 222 1
177 319 1
177 337 1
177 341 1
177 344 1
177 382 1
177 427 1
177 446 1
178 354 1
178 384 1
179 194 1
179 203 1
179 204 1
179 210 1
179 217 1
179 219 1
179 220 1
179 222 1
179 241 1
179 254 1
179 256 1
179 266 1
179 267 1
179 281 1
179 284 1
179 293 1
179 297 1
179 313 1
179 318 1
179 319 1
179 322 1
179 332 1
179 337 1
179 338 1
179 340 1
179 341 1
179 349 1
179 353 1
179 359 1
179 363 1
179 373 1
179 377 1
179 380 1
179 382 1
179 387 1
179 388 1
179 389 1
179 395 1
179 404 1
179 408 1
179 414 1
179 417 1
179 419 1
179 426 1
179 429 1
179 433 1
179 435 1
179 441 1
179 442 1
179 453 1
179 464 1
179 467 1
179 470 1
179 487 1
180 210 1
180 213 1
180 217 1
180 219 1
180 235 1
180 241 1
180 254 1
180 304 1
180 314 1
180 318 1
180 319 1
180 327 1
180 338 1
180 341 1
180 353 1
180 359 1
180 363 1
180 404 1
180 417 1
180 418 1
180 441 1
180 453 1
180 484 1
180 488 1
181 214 1
181 381 1
181 454 1
182 183 1
182 191 1
182 211 1
182 219 1
182 221 1
182 222 1
182 254 1
182 265 1
182 271 1
182 293 1
182 295 1
182 322 1
182 342 1
182 395 1
182 398 1
182 405 1
182 420 1
182 438 1
182 469 1
182 483 1
183 188 1
183 189 1
183 196 1
183 199 1
183 209 1
183 211 1
183 219 1
183 227 1
183 238 1
183 254 1
183 256 1
183 257 1
183 265 1
183 269 1
183 271 1
183 281 1
183 284 1
183 293 1
183 296 1
183 301 1
183 324 1
183 340 1
183 341 1
183 345 1
183 353 1
183 358 1
183 359 1
183 373 1
183 377 1
183 392 1
183 395 1
183 404 1
183 417 1
183 419 1
183 424 1
183 429 1
183 432 1
183 433 1
183 435 1
183 438 1
183 450 1
183 459 1
183 462 1
183 464 1
183 468 1
183 469 1
183 483 1
184 186 1
184 191 1
184 192 1
184 195 1
184 209 1
184 223 1
184 227 1
184 239 1
184 240 1
184 251 1
184 257 1
184 263 1
184 269 1
184 287 1
184 301 1
184 308 1
184 319 1
184 322 1
184 337 1
184 338 1
184 342 1
184 352 1
184 356 1
184 359 1
184 388 1
184 400 1
184 406 1
184 418 1
184 424 1
184 439 1
184 450 1
184 453 1
184 457 1
184 459 1
184 463 1
184 468 1
184 470 1
184 483 1
184 486 1
185 217 1
185 234 1
185 241 1
185 265 1
185 358 1
185 401 1
185 454 1
186 187 1
186 190 1
186 191 1
186 192 1
186 208 1
186 211 1
186 217 1
186 219 1
186 220 1
186 224 1
186 227 1
186 239 1
186 240 1
186 252 1
186 254 1
186 257 1
186 258 1
186 261 1
186 262 1
186 263 1
186 264 1
186 269 1
186 281 1
186 283 1
186 284 1
186 286 1
186 287 1
186 290 1
186 291 1
186 293 1
186 295 1
186 297 1
186 304 1
186 308 1
186 310 1
186 312 1
186 317 1
186 319 1
186 322 1
186 329 1
186 337 1
186 338 1
186 341 1
186 342 1
186 352 1
186 356 1
186 358 1
186 360 1
186 361 1
186 362 1
186 365 1
186 368 1
186 382 1
186 388 1
186 389 1
186 391 1
186 396 1
186 400 1
186 405 1
186 406 1
186 409 1
186 414 1
186 418 1
186 419 1
186 420 1
186 424 1
186 427 1
186 437 1
186 439 1
186 441 1
186 451 1
186 458 1
186 459 1
186 460 1
186 463 1
186 464 1
186 470 1
186 472 1
186 478 1
186 483 1
187 188 1
187 190 1
187 191 1
187 208 1
187 219 1
187 222 1
187 226 1
187 227 1
187 238 1
187 240 1
187 254 1
187 256 1
187 265 1
187 271 1
187 283 1
187 284 1
187 287 1
187 291 1
187 293 1
187 304 1
187 317 1
187 319 1
187 322 1
187 337 1
187 338 1
187 341 1
187 358 1
187 365 1
187 367 1
187 381 1
187 388 1
187 389 1
187 395 1
187 399 1
187 400 1
187 409 1
187 414 1
187 417 1
187 419 1
187 420 1
187 426 1
187 442 1
187 445 1
187 458 1
187 465 1
187 486 1
188 189 1
188 220 1
188 222 1
188 254 1
188 255 1
188 257 1
188 284 1
188 293 1
188 304 1
188 317 1
188 319 1
188 337 1
188 338 1
188 341 1
188 359 1
188 377 1
188 395 1
188 409 1
188 438 1
188 464 1
188 469 1
188 470 1
188 483 1
189 210 1
189 222 1
189 227 1
189 240 1
189 251 1
189 252 1
189 254 1
189 256 1
189 257 1
189 261 1
189 264 1
189 274 1
189 281 1
189 290 1
189 293 1
189 295 1
189 303 1
189 314 1
189 317 1
189 318 1
189 341 1
189 353 1
189 358 1
189 395 1
189 404 1
189 405 1
189 424 1
189 427 1
189 438 1
189 451 1
189 457 1
189 459 1
189 470 1
189 478 1
190 210 1
190 219 1
190 222 1
190 227 1
190 240 1
190 251 1
190 252 1
190 254 1
190 256 1
190 258 1
190 262 1
190 264 1
190 265 1
190 269 1
190 272 1
190 276 1
190 283 1
190 284 1
190 287 1
190 290 1
190 291 1
190 293 1
190 297 1
190 301 1
190 304 1
190 317 1
190 319 1
190 337 1
190 338 1
190 341 1
190 350 1
190 352 1
190 353 1
190 355 1
190 356 1
190 358 1
190 359 1
190 362 1
190 365 1
190 367 1
190 368 1
190 382 1
190 388 1
190 389 1
190 391 1
190 395 1
190 396 1
190 400 1
190 404 1
190 406 1
190 409 1
190 414 1
190 418 1
190 419 1
190 420 1
190 426 1
190 435 1
190 439 1
190 441 1
190 451 1
190 454 1
190 459 1
190 462 1
190 465 1
190 478 1
190 486 1
191 192 1
191 209 1
191 212 1
191 217 1
191 219 1
191 223 1
191 224 1
191 227 1
191 229 1
191 240 1
191 241 1
191 251 1
191 254 1
191 262 1
191 263 1
191 264 1
191 265 1
191 269 1
191 274 1
191 280 1
191 284 1
191 286 1
191 287 1
191 290 1
191 293 1
191 297 1
191 300 1
191 301 1
191 304 1
191 308 1
191 312 1
191 319 1
191 329 1
191 331 1
191 332 1
191 337 1
191 338 1
191 340 1
191 341 1
191 342 1
191 352 1
191 356 1
191 357 1
191 358 1
191 359 1
191 362 1
191 365 1
191 376 1
191 378 1
191 381 1
191 383 1
191 388 1
191 391 1
191 396 1
191 397 1
191 400 1
191 404 1
191 405 1
191 406 1
191 409 1
191 411 1
191 414 1
191 417 1
191 418 1
191 419 1
191 420 1
191 426 1
191 429 1
191 441 1
191 443 1
191 445 1
191 451 1
191 454 1
191 457 1
191 459 1
191 460 1
191 462 1
191 463 1
191 470 1
191 478 1
191 483 1
192 198 1
192 208 1
192 211 1
192 212 1
192 214 1
192 217 1
192 218 1
192 219 1
192 220 1
192 224 1
192 227 1
192 239 1
192 240 1
192 241 1
192 254 1
192 256 1
192 263 1
192 265 1
192 266 1
192 269 1
192 271 1
192 274 1
192 276 1
192 284 1
192 286 1
192 287 1
192 290 1
192 291 1
192 293 1
192 297 1
192 300 1
192 301 1
192 303 1
192 304 1
192 312 1
192 317 1
192 319 1
192 322 1
192 324 1
192 325 1
192 329 1
192 331 1
192 337 1
192 338 1
192 341 1
192 342 1
192 352 1
192 357 1
192 358 1
192 360 1
192 362 1
192 365 1
192 368 1
192 376 1
192 378 1
192 381 1
192 388 1
192 389 1
192 391 1
192 396 1
192 397 1
192 400 1
192 404 1
192 405 1
192 406 1
192 409 1
192 411 1
192 414 1
192 418 1
192 419 1
192 420 1
192 422 1
192 424 1
192 428 1
192 429 1
192 437 1
192 439 1
192 441 1
192 449 1
192 451 1
192 457 1
192 459 1
192 463 1
192 464 1
192 470 1
192 472 1
192 486 1
193 245 1
193 425 1
194 208 1
194 222 1
194 227 1
194 254 1
194 269 1
194 284 1
194 293 1
194 318 1
194 319 1
194 334 1
194 341 1
194 384 1
194 395 1
194 399 1
194 417 1
194 429 1
194 439 1
194 441 1
194 483 1
195 210 1
195 257 1
195 263 1
195 264 1
195 297 1
195 319 1
195 322 1
195 359 1
195 365 1
195 396 1
195 458 1
195 462 1
195 463 1
195 470 1
195 483 1
196 219 1
196 238 1
196 324 1
196 341 1
196 454 1
196 487 1
197 204 1
197 256 1
197 341 1
197 419 1
198 210 1
198 220 1
198 227 1
198 241 1
198 252 1
198 256 1
198 274 1
198 284 1
198 291 1
198 301 1
198 319 1
198 327 1
198 341 1
198 358 1
198 378 1
198 381 1
198 389 1
198 391 1
198 414 1
198 420 1
198 454 1
198 458 1
198 486 1
199 217 1
199 219 1
199 227 1
199 256 1
199 281 1
199 284 1
199 319 1
199 335 1
199 337 1
199 341 1
199 353 1
199 377 1
199 381 1
199 388 1
199 393 1
199 395 1
199 404 1
199 417 1
199 419 1
199 424 1
199 426 1
199 429 1
199 435 1
199 462 1
200 209 1
200 274 1
200 293 1
200 329 1
200 362 1
200 389 1
200 418 1
200 458 1
200 486 1
201 222 1
201 319 1
202 264 1
202 274 1
202 317 1
202 356 1
202 378 1
202 459 1
203 205 1
203 254 1
203 256 1
203 257 1
203 259 1
203 271 1
203 281 1
203 293 1
203 319 1
203 324 1
203 417 1
203 429 1
204 217 1
204 219 1
204 236 1
204 241 1
204 248 1
204 254 1
204 256 1
204 266 1
204 268 1
204 273 1
204 293 1
204 301 1
204 306 1
204 319 1
204 332 1
204 335 1
204 338 1
204 340 1
204 341 1
204 349 1
204 353 1
204 359 1
204 370 1
204 377 1
204 382 1
204 388 1
204 395 1
204 404 1
204 408 1
204 414 1
204 417 1
204 419 1
204 426 1
204 429 1
204 433 1
204 435 1
204 442 1
204 445 1
204 459 1
205 208 1
205 219 1
205 220 1
205 271 1
205 281 1
205 337 1
205 372 1
205 420 1
205 473 1
206 475 1
207 293 1
208 209 1
208 210 1
208 213 1
208 214 1
208 217 1
208 219 1
208 220 1
208 222 1
208 223 1
208 227 1
208 239 1
208 240 1
208 252 1
208 254 1
208 256 1
208 257 1
208 261 1
208 264 1
208 265 1
208 266 1
208 269 1
208 274 1
208 275 1
208 278 1
208 281 1
208 284 1
208 287 1
208 291 1
208 293 1
208 295 1
208 297 1
208 301 1
208 303 1
208 304 1
208 310 1
208 314 1
208 319 1
208 322 1
208 329 1
208 332 1
208 335 1
208 337 1
208 338 1
208 340 1
208 341 1
208 351 1
208 352 1
208 353 1
208 358 1
208 359 1
208 362 1
208 365 1
208 368 1
208 377 1
208 382 1
208 388 1
208 395 1
208 400 1
208 404 1
208 405 1
208 406 1
208 407 1
208 414 1
208 417 1
208 418 1
208 419 1
208 420 1
208 424 1
208 426 1
208 427 1
208 428 1
208 429 1
208 433 1
208 435 1
208 439 1
208 441 1
208 443 1
208 449 1
208 450 1
208 453 1
208 454 1
208 457 1
208 459 1
208 462 1
208 464 1
208 470 1
208 478 1
208 486 1
209 210 1
209 214 1
209 215 1
209 217 1
209 221 1
209 223 1
209 227 1
209 229 1
209 232 1
209 235 1
209 238 1
209 240 1
209 241 1
209 242 1
209 248 1
209 251 1
209 254 1
209 256 1
209 258 1
209 263 1
209 265 1
209 269 1
209 287 1
209 290 1
209 291 1
209 293 1
209 299 1
209 300 1
209 301 1
209 304 1
209 314 1
209 319 1
209 322 1
209 326 1
209 329 1
209 332 1
209 336 1
209 337 1
209 338 1
209 341 1
209 342 1
209 344 1
209 351 1
209 352 1
209 353 1
209 357 1
209 358 1
209 359 1
209 362 1
209 365 1
209 376 1
209 378 1
209 381 1
209 383 1
209 388 1
209 391 1
209 394 1
209 396 1
209 397 1
209 400 1
209 401 1
209 404 1
209 405 1
209 406 1
209 409 1
209 419 1
209 422 1
209 426 1
209 428 1
209 429 1
209 431 1
209 432 1
209 435 1
209 439 1
209 441 1
209 442 1
209 445 1
209 446 1
209 449 1
209 451 1
209 454 1
209 457 1
209 458 1
209 459 1
209 461 1
209 463 1
209 470 1
209 480 1
209 486 1
210 217 1
210 219 1
210 223 1
210 239 1
210 240 1
210 254 1
210 256 1
210 263 1
210 264 1
210 269 1
210 271 1
210 274 1
210 284 1
210 287 1
210 290 1
210 293 1
210 295 1
210 299 1
210 301 1
210 304 1
210 312 1
210 315 1
210 319 1
210 322 1
210 332 1
210 337 1
210 338 1
210 341 1
210 342 1
210 350 1
210 351 1
210 353 1
210 357 1
210 358 1
210 359 1
210 388 1
210 391 1
210 404 1
210 405 1
210 409 1
210 414 1
210 418 1
210 420 1
210 424 1
210 426 1
210 428 1
210 429 1
210 433 1
210 441 1
210 453 1
210 458 1
210 459 1
210 462 1
210 464 1
210 474 1
211 217 1
211 218 1
211 219 1
211 220 1
211 222 1
211 227 1
211 239 1
211 240 1
211 254 1
211 256 1
211 257 1
211 261 1
211 264 1
211 265 1
211 269 1
211 274 1
211 287 1
211 291 1
211 293 1
211 297 1
211 301 1
211 304 1
211 314 1
211 317 1
211 319 1
211 322 1
211 332 1
211 337 1
211 338 1
211 340 1
211 341 1
211 342 1
211 352 1
211 357 1
211 358 1
211 365 1
211 368 1
211 377 1
211 388 1
211 389 1
211 391 1
211 396 1
211 400 1
211 405 1
211 406 1
211 414 1
211 420 1
211 424 1
211 428 1
211 429 1
211 438 1
211 439 1
211 441 1
211 457 1
211 459 1
211 460 1
211 462 1
211 468 1
211 470 1
211 483 1
212 234 1
212 254 1
212 262 1
212 264 1
212 280 1
212 293 1
212 310 1
212 319 1
212 329 1
212 342 1
212 355 1
212 361 1
212 362 1
212 383 1
212 396 1
212 406 1
212 414 1
212 418 1
212 470 1
212 478 1
213 219 1
213 263 1
213 319 1
213 447 1
213 454 1
213 486 1
214 217 1
214 223 1
214 224 1
214 235 1
214 240 1
214 251 1
214 287 1
214 291 1
214 301 1
214 319 1
214 322 1
214 326 1
214 329 1
214 337 1
214 341 1
214 342 1
214 352 1
214 358 1
214 365 1
214 376 1
214 381 1
214 388 1
214 391 1
214 396 1
214 397 1
214 400 1
214 401 1
214 406 1
214 419 1
214 428 1
214 431 1
214 439 1
214 441 1
214 451 1
214 454 1
214 459 1
214 465 1
214 470 1
214 478 1
214 480 1
215 217 1
215 241 1
215 265 1
215 272 1
215 326 1
215 352 1
215 376 1
215 381 1
215 435 1
215 441 1
215 449 1
215 454 1
216 220 1
216 304 1
216 341 1
216 432 1
217 219 1
217 220 1
217 223 1
217 224 1
217 225 1
217 227 1
217 229 1
217 231 1
217 233 1
217 235 1
217 238 1
217 240 1
217 241 1
217 246 1
217 254 1
217 256 1
217 257 1
217 262 1
217 264 1
217 265 1
217 266 1
217 269 1
217 271 1
217 272 1
217 277 1
217 278 1
217 281 1
217 284 1
217 286 1
217 287 1
217 290 1
217 291 1
217 293 1
217 297 1
217 298 1
217 299 1
217 300 1
217 301 1
217 303 1
217 304 1
217 309 1
217 310 1
217 312 1
217 313 1
217 314 1
217 317 1
217 319 1
217 322 1
217 326 1
217 329 1
217 332 1
217 336 1
217 337 1
217 338 1
217 340 1
217 341 1
217 342 1
217 352 1
217 353 1
217 355 1
217 358 1
217 359 1
217 362 1
217 365 1
217 368 1
217 369 1
217 373 1
217 376 1
217 377 1
217 381 1
217 382 1
217 383 1
217 388 1
217 389 1
217 391 1
217 396 1
217 397 1
217 400 1
217 404 1
217 405 1
217 406 1
217 408 1
217 409 1
217 414 1
217 417 1
217 419 1
217 424 1
217 426 1
217 428 1
217 429 1
217 431 1
217 433 1
217 435 1
217 439 1
217 441 1
217 442 1
217 443 1
217 449 1
217 451 1
217 454 1
217 456 1
217 457 1
217 459 1
217 462 1
217 465 1
217 470 1
217 472 1
217 480 1
217 483 1
218 227 1
218 240 1
218 241 1
218 269 1
218 274 1
218 284 1
218 293 1
218 298 1
218 301 1
218 314 1
218 341 1
218 355 1
218 361 1
218 362 1
218 365 1
218 378 1
218 405 1
218 417 1
218 418 1
218 424 1
218 439 1
218 454 1
218 458 1
218 486 1
219 220 1
219 222 1
219 223 1
219 225 1
219 227 1
219 233 1
219 238 1
219 239 1
219 240 1
219 241 1
219 243 1
219 251 1
219 254 1
219 256 1
219 257 1
219 258 1
219 260 1
219 261 1
219 262 1
219 263 1
219 264 1
219 265 1
219 266 1
219 269 1
219 271 1
219 274 1
219 275 1
219 280 1
219 281 1
219 284 1
219 286 1
219 287 1
219 289 1
219 290 1
219 291 1
219 292 1
219 293 1
219 295 1
219 299 1
219 301 1
219 303 1
219 304 1
219 310 1
219 312 1
219 313 1
219 317 1
219 318 1
219 319 1
219 322 1
219 324 1
219 329 1
219 332 1
219 334 1
219 335 1
219 337 1
219 338 1
219 340 1
219 341 1
219 342 1
219 352 1
219 353 1
219 358 1
219 359 1
219 360 1
219 361 1
219 365 1
219 368 1
219 377 1
219 381 1
219 384 1
219 388 1
219 389 1
219 391 1
219 395 1
219 398 1
219 400 1
219 403 1
219 404 1
219 405 1
219 406 1
219 409 1
219 410 1
219 414 1
219 417 1
219 419 1
219 420 1
219 424 1
219 426 1
219 428 1
219 429 1
219 432 1
219 433 1
219 435 1
219 439 1
219 441 1
219 443 1
219 447 1
219 450 1
219 451 1
219 457 1
219 458 1
219 459 1
219 462 1
219 464 1
219 465 1
219 470 1
219 473 1
219 474 1
219 478 1
219 483 1
219 486 1
219 488 1
220 221 1
220 222 1
220 227 1
220 240 1
220 252 1
220 254 1
220 255 1
220 256 1
220 257 1
220 263 1
220 264 1
220 265 1
220 269 1
220 271 1
220 284 1
220 286 1
220 287 1
220 291 1
220 292 1
220 293 1
220 296 1
220 299 1
220 301 1
220 313 1
220 315 1
220 319 1
220 322 1
220 332 1
220 337 1
220 338 1
220 340 1
220 341 1
220 342 1
220 353 1
220 358 1
220 359 1
220 362 1
220 365 1
220 377 1
220 382 1
220 388 1
220 391 1
220 395 1
220 396 1
220 404 1
220 405 1
220 409 1
220 414 1
220 417 1
220 418 1
220 419 1
220 420 1
220 424 1
220 426 1
220 428 1
220 429 1
220 433 1
220 435 1
220 438 1
220 441 1
220 450 1
220 454 1
220 459 1
220 462 1
220 464 1
220 468 1
220 470 1
220 478 1
220 483 1
220 486 1
221 238 1
221 254 1
221 255 1
221 256 1
221 257 1
221 281 1
221 284 1
221 332 1
221 341 1
221 353 1
221 359 1
221 373 1
221 377 1
221 398 1
221 403 1
221 404 1
221 405 1
221 417 1
221 419 1
221 420 1
221 421 1
221 429 1
221 435 1
221 445 1
221 454 1
221 464 1
221 483 1
221 487 1
222 227 1
222 228 1
222 240 1
222 252 1
222 254 1
222 256 1
222 257 1
222 266 1
222 269 1
222 271 1
222 276 1
222 281 1
222 283 1
222 284 1
222 286 1
222 293 1
222 295 1
222 301 1
222 304 1
222 309 1
222 313 1
222 315 1
222 317 1
222 319 1
222 322 1
222 332 1
222 335 1
222 337 1
222 338 1
222 340 1
222 341 1
222 350 1
222 353 1
222 359 1
222 360 1
222 365 1
222 368 1
222 373 1
222 377 1
222 379 1
222 384 1
222 388 1
222 389 1
222 395 1
222 399 1
222 404 1
222 405 1
222 407 1
222 409 1
222 414 1
222 417 1
222 418 1
222 420 1
222 424 1
222 426 1
222 427 1
222 433 1
222 434 1
222 440 1
222 441 1
222 451 1
222 458 1
222 459 1
222 462 1
222 464 1
222 470 1
222 483 1
223 224 1
223 227 1
223 251 1
223 252 1
223 263 1
223 277 1
223 287 1
223 291 1
223 298 1
223 300 1
223 303 1
223 304 1
223 309 1
223 322 1
223 329 1
223 341 1
223 350 1
223 352 1
223 358 1
223 359 1
223 376 1
223 381 1
223 388 1
223 391 1
223 400 1
223 405 1
223 414 1
223 428 1
223 439 1
223 449 1
223 451 1
223 453 1
223 454 1
223 457 1
223 458 1
223 459 1
223 486 1
224 227 1
224 240 1
224 241 1
224 265 1
224 287 1
224 290 1
224 293 1
224 300 1
224 301 1
224 319 1
224 329 1
224 331 1
224 341 1
224 342 1
224 356 1
224 358 1
224 365 1
224 381 1
224 388 1
224 391 1
224 399 1
224 400 1
224 406 1
224 438 1
224 459 1
224 470 1
225 241 1
225 251 1
225 254 1
225 256 1
225 301 1
225 340 1
225 359 1
225 389 1
225 391 1
225 408 1
225 414 1
225 417 1
225 419 1
225 433 1
226 304 1
226 317 1
226 319 1
226 390 1
227 238 1
227 240 1
227 241 1
227 252 1
227 254 1
227 256 1
227 257 1
227 262 1
227 263 1
227 264 1
227 265 1
227 266 1
227 267 1
227 269 1
227 274 1
227 276 1
227 284 1
227 286 1
227 287 1
227 290 1
227 291 1
227 293 1
227 299 1
227 300 1
227 301 1
227 303 1
227 304 1
227 309 1
227 310 1
227 313 1
227 314 1
227 315 1
227 317 1
227 319 1
227 322 1
227 329 1
227 332 1
227 334 1
227 337 1
227 338 1
227 340 1
227 341 1
227 342 1
227 343 1
227 348 1
227 352 1
227 353 1
227 355 1
227 358 1
227 359 1
227 360 1
227 362 1
227 365 1
227 368 1
227 376 1
227 377 1
227 378 1
227 381 1
227 382 1
227 383 1
227 388 1
227 391 1
227 397 1
227 399 1
227 400 1
227 404 1
227 405 1
227 406 1
227 409 1
227 414 1
227 417 1
227 418 1
227 419 1
227 420 1
227 422 1
227 426 1
227 428 1
227 429 1
227 433 1
227 435 1
227 439 1
227 441 1
227 449 1
227 451 1
227 454 1
227 458 1
227 459 1
227 462 1
227 464 1
227 466 1
227 470 1
227 478 1
227 483 1
227 486 1
228 319 1
228 429 1
229 251 1
229 263 1
229 287 1
229 291 1
229 301 1
229 304 1
229 319 1
229 358 1
229 365 1
229 388 1
229 409 1
229 414 1
229 451 1
229 457 1
229 459 1
229 472 1
229 486 1
230 256 1
230 359 1
230 404 1
231 340 1
231 365 1
231 378 1
232 286 1
232 289 1
232 291 1
232 314 1
232 327 1
232 341 1
232 347 1
232 350 1
232 358 1
232 360 1
232 452 1
233 271 1
234 241 1
234 265 1
234 271 1
234 272 1
234 287 1
234 291 1
234 301 1
234 319 1
234 322 1
234 326 1
234 329 1
234 342 1
234 352 1
234 357 1
234 365 1
234 383 1
234 388 1
234 391 1
234 400 1
234 422 1
234 428 1
234 439 1
234 459 1
234 480 1
235 241 1
235 254 1
235 265 1
235 341 1
235 358 1
235 388 1
235 414 1
235 451 1
235 454 1
235 465 1
236 248 1
236 273 1
236 332 1
236 335 1
237 319 1
237 341 1
238 256 1
238 284 1
238 304 1
238 317 1
238 319 1
238 337 1
238 341 1
238 349 1
238 352 1
238 353 1
238 359 1
238 377 1
238 384 1
238 404 1
238 405 1
238 407 1
238 417 1
238 419 1
238 426 1
238 429 1
238 433 1
238 441 1
238 464 1
238 467 1
238 487 1
239 240 1
239 254 1
239 256 1
239 257 1
239 261 1
239 264 1
239 265 1
239 269 1
239 274 1
239 284 1
239 287 1
239 293 1
239 295 1
239 297 1
239 301 1
239 310 1
239 312 1
239 319 1
239 322 1
239 337 1
239 341 1
239 358 1
239 365 1
239 368 1
239 405 1
239 406 1
239 414 1
239 418 1
239 420 1
239 424 1
239 438 1
239 459 1
239 462 1
239 464 1
239 470 1
240 241 1
240 251 1
240 254 1
240 256 1
240 263 1
240 264 1
240 265 1
240 269 1
240 284 1
240 286 1
240 287 1
240 290 1
240 291 1
240 293 1
240 301 1
240 304 1
240 308 1
240 314 1
240 317 1
240 319 1
240 322 1
240 323 1
240 329 1
240 337 1
240 338 1
240 340 1
240 341 1
240 342 1
240 343 1
240 351 1
240 352 1
240 358 1
240 359 1
240 362 1
240 365 1
240 368 1
240 381 1
240 382 1
240 388 1
240 389 1
240 391 1
240 397 1
240 400 1
240 404 1
240 405 1
240 406 1
240 409 1
240 414 1
240 417 1
240 418 1
240 419 1
240 420 1
240 424 1
240 428 1
240 429 1
240 437 1
240 439 1
240 441 1
240 443 1
240 454 1
240 457 1
240 459 1
240 462 1
240 463 1
240 464 1
240 470 1
240 478 1
240 480 1
240 486 1
241 248 1
241 254 1
241 256 1
241 262 1
241 263 1
241 265 1
241 266 1
241 269 1
241 271 1
241 272 1
241 284 1
241 287 1
241 290 1
241 291 1
241 293 1
241 300 1
241 301 1
241 303 1
241 304 1
241 312 1
241 314 1
241 317 1
241 319 1
241 321 1
241 322 1
241 326 1
241 329 1
241 332 1
241 337 1
241 338 1
241 340 1
241 341 1
241 342 1
241 343 1
241 352 1
241 353 1
241 358 1
241 359 1
241 362 1
241 365 1
241 373 1
241 374 1
241 376 1
241 377 1
241 379 1
241 381 1
241 383 1
241 388 1
241 389 1
241 391 1
241 395 1
241 397 1
241 400 1
241 404 1
241 405 1
241 406 1
241 408 1
241 409 1
241 414 1
241 417 1
241 419 1
241 424 1
241 426 1
241 428 1
241 429 1
241 431 1
241 432 1
241 433 1
241 435 1
241 438 1
241 439 1
241 441 1
241 443 1
241 449 1
241 451 1
241 454 1
241 457 1
241 459 1
241 461 1
241 462 1
241 464 1
241 470 1
242 265 1
242 326 1
243 246 1
243 257 1
243 337 1
243 341 1
243 360 1
243 420 1
243 462 1
244 313 1
244 341 1
245 249 1
245 375 1
245 417 1
245 425 1
245 481 1
245 485 1
246 304 1
246 337 1
246 341 1
246 365 1
246 432 1
246 470 1
247 274 1
247 464 1
247 486 1
248 254 1
248 256 1
248 268 1
248 273 1
248 306 1
248 315 1
248 332 1
248 335 1
248 340 1
248 341 1
248 349 1
248 353 1
248 359 1
248 377 1
248 404 1
248 408 1
248 410 1
248 417 1
248 419 1
248 426 1
248 429 1
248 433 1
249 266 1
249 349 1
249 375 1
249 417 1
249 425 1
249 481 1
249 485 1
250 252 1
250 254 1
250 256 1
250 271 1
250 277 1
250 291 1
250 293 1
250 295 1
250 304 1
250 317 1
250 319 1
250 338 1
250 341 1
250 359 1
250 378 1
250 404 1
250 428 1
250 453 1
250 486 1
251 280 1
251 284 1
251 287 1
251 300 1
251 301 1
251 318 1
251 319 1
251 329 1
251 340 1
251 352 1
251 359 1
251 365 1
251 388 1
251 389 1
251 397 1
251 400 1
251 405 1
251 418 1
251 420 1
251 422 1
251 424 1
251 428 1
251 441 1
251 457 1
251 458 1
251 459 1
251 486 1
252 256 1
252 262 1
252 271 1
252 277 1
252 287 1
252 301 1
252 304 1
252 317 1
252 319 1
252 332 1
252 340 1
252 341 1
252 352 1
252 358 1
252 359 1
252 365 1
252 388 1
252 389 1
252 400 1
252 404 1
252 405 1
252 409 1
252 414 1
252 419 1
252 429 1
252 437 1
252 441 1
252 443 1
252 450 1
252 486 1
253 267 1
253 279 1
253 293 1
253 359 1
253 380 1
253 382 1
253 384 1
253 404 1
253 423 1
253 426 1
254 256 1
254 257 1
254 263 1
254 264 1
254 265 1
254 266 1
254 267 1
254 268 1
254 269 1
254 274 1
254 275 1
254 281 1
254 284 1
254 287 1
254 290 1
254 291 1
254 293 1
254 295 1
254 296 1
254 301 1
254 303 1
254 304 1
254 309 1
254 312 1
254 313 1
254 315 1
254 317 1
254 318 1
254 319 1
254 322 1
254 332 1
254 335 1
254 337 1
254 338 1
254 340 1
254 341 1
254 342 1
254 349 1
254 352 1
254 353 1
254 354 1
254 358 1
254 359 1
254 360 1
254 365 1
254 368 1
254 373 1
254 377 1
254 380 1
254 381 1
254 382 1
254 384 1
254 387 1
254 388 1
254 389 1
254 391 1
254 395 1
254 397 1
254 399 1
254 400 1
254 403 1
254 404 1
254 405 1
254 407 1
254 408 1
254 409 1
254 410 1
254 413 1
254 414 1
254 417 1
254 418 1
254 419 1
254 420 1
254 421 1
254 424 1
254 426 1
254 429 1
254 430 1
254 433 1
254 434 1
254 435 1
254 441 1
254 442 1
254 449 1
254 451 1
254 453 1
254 454 1
254 455 1
254 459 1
254 461 1
254 462 1
254 464 1
254 465 1
254 470 1
254 474 1
254 478 1
254 480 1
254 483 1
254 484 1
254 486 1
254 487 1
255 257 1
255 264 1
255 269 1
255 281 1
255 295 1
255 299 1
255 304 1
255 382 1
255 384 1
255 403 1
255 405 1
255 409 1
255 414 1
255 421 1
255 438 1
255 450 1
255 462 1
255 468 1
256 257 1
256 262 1
256 266 1
256 267 1
256 268 1
256 269 1
256 271 1
256 274 1
256 281 1
256 284 1
256 286 1
256 287 1
256 290 1
256 291 1
256 293 1
256 295 1
256 296 1
256 301 1
256 303 1
256 304 1
256 311 1
256 315 1
256 317 1
256 318 1
256 319 1
256 322 1
256 324 1
256 329 1
256 332 1
256 335 1
256 337 1
256 338 1
256 340 1
256 341 1
256 342 1
256 349 1
256 352 1
256 353 1
256 358 1
256 359 1
256 365 1
256 372 1
256 373 1
256 377 1
256 381 1
256 382 1
256 384 1
256 385 1
256 387 1
256 388 1
256 389 1
256 391 1
256 395 1
256 397 1
256 399 1
256 400 1
256 404 1
256 405 1
256 406 1
256 407 1
256 408 1
256 409 1
256 410 1
256 414 1
256 417 1
256 419 1
256 420 1
256 421 1
256 424 1
256 426 1
256 429 1
256 432 1
256 433 1
256 435 1
256 437 1
256 439 1
256 441 1
256 442 1
256 443 1
256 445 1
256 449 1
256 451 1
256 453 1
256 454 1
256 455 1
256 457 1
256 459 1
256 462 1
256 464 1
256 467 1
256 470 1
256 471 1
256 474 1
256 483 1
256 486 1
257 264 1
257 265 1
257 266 1
257 269 1
257 271 1
257 274 1
257 277 1
257 279 1
257 281 1
257 284 1
257 287 1
257 291 1
257 293 1
257 295 1
257 299 1
257 303 1
257 304 1
257 319 1
257 322 1
257 332 1
257 337 1
257 359 1
257 360 1
257 365 1
257 382 1
257 389 1
257 395 1
257 403 1
257 405 1
257 414 1
257 418 1
257 420 1
257 421 1
257 427 1
257 429 1
257 435 1
257 438 1
257 450 1
257 453 1
257 462 1
257 464 1
257 470 1
257 483 1
258 287 1
258 319 1
258 329 1
258 358 1
258 365 1
258 414 1
258 451 1
258 458 1
259 285 1
259 337 1
259 338 1
259 426 1
259 446 1
259 447 1
260 337 1
260 420 1
260 462 1
261 264 1
261 274 1
261 295 1
261 301 1
261 310 1
261 312 1
261 322 1
261 337 1
261 382 1
261 398 1
261 403 1
261 424 1
261 435 1
261 441 1
261 468 1
261 483 1
262 274 1
262 283 1
262 287 1
262 293 1
262 301 1
262 304 1
262 329 1
262 341 1
262 355 1
262 358 1
262 362 1
262 365 1
262 378 1
262 388 1
262 389 1
262 391 1
262 396 1
262 397 1
262 400 1
262 406 1
262 414 1
262 418 1
262 424 1
262 439 1
262 441 1
262 449 1
262 451 1
262 470 1
262 478 1
262 486 1
263 265 1
263 269 1
263 274 1
263 281 1
263 291 1
263 293 1
263 295 1
263 297 1
263 301 1
263 304 1
263 309 1
263 319 1
263 329 1
263 337 1
263 338 1
263 341 1
263 355 1
263 356 1
263 358 1
263 361 1
263 362 1
263 365 1
263 378 1
263 388 1
263 400 1
263 404 1
263 405 1
263 414 1
263 418 1
263 421 1
263 429 1
263 438 1
263 439 1
263 441 1
263 442 1
263 450 1
263 451 1
263 453 1
263 462 1
263 463 1
263 470 1
263 472 1
263 478 1
263 483 1
263 486 1
264 265 1
264 269 1
264 271 1
264 274 1
264 284 1
264 292 1
264 293 1
264 297 1
264 301 1
264 304 1
264 312 1
264 319 1
264 322 1
264 329 1
264 337 1
264 338 1
264 341 1
264 365 1
264 368 1
264 382 1
264 388 1
264 405 1
264 406 1
264 409 1
264 414 1
264 420 1
264 424 1
264 441 1
264 462 1
264 469 1
264 470 1
265 269 1
265 284 1
265 287 1
265 290 1
265 291 1
265 293 1
265 295 1
265 301 1
265 303 1
265 304 1
265 308 1
265 317 1
265 319 1
265 322 1
265 326 1
265 329 1
265 337 1
265 338 1
265 341 1
265 342 1
265 343 1
265 352 1
265 358 1
265 365 1
265 368 1
265 376 1
265 381 1
265 383 1
265 384 1
265 388 1
265 389 1
265 391 1
265 396 1
265 397 1
265 399 1
265 400 1
265 405 1
265 406 1
265 409 1
265 414 1
265 420 1
265 424 1
265 429 1
265 439 1
265 441 1
265 449 1
265 451 1
265 457 1
265 459 1
265 462 1
265 465 1
265 470 1
265 483 1
266 269 1
266 284 1
266 287 1
266 291 1
266 293 1
266 301 1
266 303 1
266 304 1
266 311 1
266 319 1
266 322 1
266 332 1
266 335 1
266 337 1
266 340 1
266 341 1
266 348 1
266 349 1
266 353 1
266 354 1
266 358 1
266 359 1
266 362 1
266 365 1
266 377 1
266 378 1
266 388 1
266 389 1
266 395 1
266 399 1
266 404 1
266 405 1
266 407 1
266 414 1
266 417 1
266 419 1
266 426 1
266 429 1
266 433 1
266 434 1
266 435 1
266 441 1
266 454 1
266 459 1
266 464 1
267 358 1
267 359 1
267 380 1
268 332 1
268 335 1
268 340 1
268 353 1
268 359 1
268 377 1
268 404 1
268 408 1
268 417 1
268 419 1
268 426 1
268 433 1
268 435 1
269 271 1
269 274 1
269 283 1
269 284 1
269 287 1
269 290 1
269 291 1
269 292 1
269 293 1
269 295 1
269 297 1
269 301 1
269 304 1
269 310 1
269 312 1
269 314 1
269 319 1
269 322 1
269 329 1
269 337 1
269 338 1
269 340 1
269 341 1
269 342 1
269 352 1
269 353 1
269 358 1
269 359 1
269 360 1
269 361 1
269 362 1
269 365 1
269 368 1
269 378 1
269 388 1
269 389 1
269 395 1
269 405 1
269 406 1
269 409 1
269 414 1
269 418 1
269 420 1
269 421 1
269 424 1
269 426 1
269 427 1
269 429 1
269 432 1
269 433 1
269 438 1
269 441 1
269 454 1
269 458 1
269 459 1
269 462 1
269 464 1
269 468 1
269 473 1
269 478 1
269 483 1
269 486 1
270 296 1
270 348 1
270 353 1
270 387 1
270 430 1
271 281 1
271 284 1
271 291 1
271 293 1
271 301 1
271 304 1
271 317 1
271 319 1
271 332 1
271 337 1
271 338 1
271 341 1
271 357 1
271 358 1
271 359 1
271 388 1
271 395 1
271 409 1
271 414 1
271 419 1
271 420 1
271 426 1
271 429 1
271 441 1
271 447 1
271 464 1
271 483 1
271 486 1
272 274 1
272 284 1
272 287 1
272 290 1
272 365 1
272 378 1
272 383 1
272 454 1
272 486 1
273 306 1
273 332 1
273 335 1
274 280 1
274 284 1
274 292 1
274 293 1
274 295 1
274 297 1
274 301 1
274 303 1
274 304 1
274 305 1
274 310 1
274 312 1
274 314 1
274 322 1
274 332 1
274 334 1
274 340 1
274 341 1
274 343 1
274 349 1
274 359 1
274 360 1
274 362 1
274 376 1
274 378 1
274 389 1
274 397 1
274 398 1
274 402 1
274 404 1
274 405 1
274 409 1
274 414 1
274 420 1
274 424 1
274 426 1
274 428 1
274 437 1
274 441 1
274 446 1
274 453 1
274 458 1
274 460 1
274 462 1
274 463 1
274 464 1
274 470 1
274 486 1
275 301 1
275 359 1
275 404 1
275 448 1
275 464 1
276 283 1
276 287 1
276 301 1
276 304 1
276 317 1
276 319 1
276 329 1
276 337 1
276 341 1
276 353 1
276 357 1
276 358 1
276 360 1
276 409 1
276 417 1
276 419 1
277 287 1
277 291 1
277 299 1
277 303 1
277 304 1
277 310 1
277 314 1
277 317 1
277 319 1
277 326 1
277 341 1
277 358 1
277 406 1
277 426 1
277 428 1
277 441 1
277 449 1
277 450 1
277 463 1
278 317 1
278 319 1
278 342 1
278 350 1
278 365 1
278 388 1
278 454 1
278 459 1
279 341 1
279 349 1
279 417 1
279 419 1
279 426 1
279 429 1
280 287 1
280 301 1
280 314 1
280 342 1
280 358 1
280 388 1
280 391 1
280 396 1
280 411 1
280 414 1
280 454 1
280 460 1
281 284 1
281 291 1
281 295 1
281 304 1
281 315 1
281 319 1
281 322 1
281 324 1
281 337 1
281 340 1
281 359 1
281 395 1
281 398 1
281 404 1
281 405 1
281 407 1
281 417 1
281 418 1
281 419 1
281 421 1
281 423 1
281 427 1
281 429 1
281 433 1
281 438 1
281 464 1
281 487 1
282 289 1
282 314 1
282 341 1
282 366 1
283 317 1
283 319 1
283 338 1
283 341 1
283 378 1
283 395 1
283 409 1
283 414 1
283 420 1
284 287 1
284 291 1
284 293 1
284 295 1
284 297 1
284 299 1
284 301 1
284 303 1
284 304 1
284 307 1
284 309 1
284 314 1
284 317 1
284 319 1
284 322 1
284 324 1
284 329 1
284 330 1
284 332 1
284 337 1
284 338 1
284 340 1
284 341 1
284 349 1
284 353 1
284 355 1
284 357 1
284 358 1
284 359 1
284 360 1
284 362 1
284 365 1
284 368 1
284 376 1
284 378 1
284 383 1
284 388 1
284 389 1
284 391 1
284 395 1
284 399 1
284 400 1
284 404 1
284 405 1
284 408 1
284 414 1
284 417 1
284 418 1
284 419 1
284 420 1
284 426 1
284 428 1
284 429 1
284 432 1
284 433 1
284 435 1
284 439 1
284 441 1
284 442 1
284 450 1
284 451 1
284 454 1
284 458 1
284 459 1
284 462 1
284 464 1
284 468 1
284 470 1
284 478 1
284 483 1
284 486 1
285 338 1
286 289 1
286 314 1
286 316 1
286 319 1
286 329 1
286 347 1
286 381 1
286 388 1
286 406 1
286 420 1
286 429 1
286 461 1
286 470 1
287 290 1
287 291 1
287 293 1
287 295 1
287 297 1
287 300 1
287 301 1
287 303 1
287 304 1
287 308 1
287 314 1
287 317 1
287 319 1
287 322 1
287 329 1
287 333 1
287 336 1
287 337 1
287 338 1
287 340 1
287 341 1
287 342 1
287 343 1
287 351 1
287 352 1
287 353 1
287 358 1
287 359 1
287 361 1
287 362 1
287 365 1
287 368 1
287 373 1
287 374 1
287 376 1
287 377 1
287 379 1
287 381 1
287 382 1
287 383 1
287 384 1
287 386 1
287 388 1
287 389 1
287 391 1
287 397 1
287 400 1
287 404 1
287 405 1
287 406 1
287 407 1
287 409 1
287 414 1
287 417 1
287 418 1
287 419 1
287 424 1
287 426 1
287 428 1
287 429 1
287 433 1
287 435 1
287 437 1
287 439 1
287 441 1
287 443 1
287 444 1
287 449 1
287 451 1
287 453 1
287 457 1
287 458 1
287 459 1
287 461 1
287 462 1
287 464 1
287 465 1
287 467 1
287 470 1
287 480 1
287 483 1
288 341 1
288 409 1
288 447 1
289 293 1
289 314 1
289 327 1
289 341 1
289 347 1
289 350 1
289 352 1
289 358 1
289 359 1
289 398 1
289 405 1
289 420 1
289 447 1
289 454 1
289 462 1
290 293 1
290 297 1
290 300 1
290 301 1
290 304 1
290 317 1
290 319 1
290 322 1
290 329 1
290 341 1
290 342 1
290 352 1
290 353 1
290 355 1
290 358 1
290 359 1
290 362 1
290 365 1
290 377 1
290 381 1
290 383 1
290 386 1
290 388 1
290 389 1
290 395 1
290 404 1
290 405 1
290 411 1
290 414 1
290 417 1
290 418 1
290 419 1
290 429 1
290 439 1
290 440 1
290 441 1
290 449 1
290 451 1
290 454 1
290 459 1
290 460 1
290 465 1
290 470 1
291 293 1
291 300 1
291 301 1
291 303 1
291 304 1
291 314 1
291 315 1
291 317 1
291 318 1
291 319 1
291 322 1
291 329 1
291 332 1
291 336 1
291 337 1
291 338 1
291 340 1
291 341 1
291 342 1
291 347 1
291 352 1
291 353 1
291 355 1
291 358 1
291 359 1
291 362 1
291 365 1
291 367 1
291 368 1
291 377 1
291 378 1
291 381 1
291 382 1
291 383 1
291 388 1
291 389 1
291 390 1
291 391 1
291 395 1
291 397 1
291 400 1
291 402 1
291 404 1
291 405 1
291 406 1
291 407 1
291 409 1
291 414 1
291 417 1
291 419 1
291 426 1
291 428 1
291 429 1
291 433 1
291 435 1
291 439 1
291 441 1
291 449 1
291 454 1
291 457 1
291 458 1
291 459 1
291 462 1
291 464 1
291 470 1
291 478 1
291 486 1
292 337 1
292 361 1
292 409 1
292 420 1
292 473 1
292 486 1
293 295 1
293 297 1
293 299 1
293 300 1
293 301 1
293 303 1
293 304 1
293 310 1
293 314 1
293 317 1
293 318 1
293 319 1
293 322 1
293 329 1
293 332 1
293 337 1
293 338 1
293 340 1
293 341 1
293 342 1
293 352 1
293 353 1
293 356 1
293 358 1
293 359 1
293 360 1
293 362 1
293 365 1
293 378 1
293 381 1
293 383 1
293 388 1
293 389 1
293 391 1
293 395 1
293 396 1
293 397 1
293 399 1
293 400 1
293 404 1
293 405 1
293 406 1
293 408 1
293 409 1
293 414 1
293 417 1
293 418 1
293 419 1
293 420 1
293 424 1
293 426 1
293 428 1
293 429 1
293 433 1
293 435 1
293 437 1
293 439 1
293 441 1
293 449 1
293 451 1
293 454 1
293 457 1
293 459 1
293 460 1
293 462 1
293 463 1
293 464 1
293 466 1
293 470 1
293 474 1
293 478 1
293 483 1
293 486 1
294 486 1
295 301 1
295 314 1
295 319 1
295 322 1
295 332 1
295 337 1
295 359 1
295 362 1
295 378 1
295 395 1
295 396 1
295 402 1
295 404 1
295 405 1
295 414 1
295 418 1
295 420 1
295 427 1
295 453 1
295 458 1
295 462 1
295 464 1
295 470 1
295 486 1
296 315 1
296 332 1
296 345 1
296 349 1
296 353 1
296 359 1
296 373 1
296 385 1
296 387 1
296 395 1
296 404 1
296 417 1
296 419 1
296 429 1
296 433 1
296 435 1
297 301 1
297 312 1
297 314 1
297 319 1
297 329 1
297 332 1
297 337 1
297 341 1
297 358 1
297 368 1
297 382 1
297 388 1
297 395 1
297 403 1
297 406 1
297 418 1
297 424 1
297 427 1
297 429 1
297 438 1
297 470 1
297 483 1
297 486 1
298 341 1
298 342 1
298 358 1
298 365 1
298 396 1
299 301 1
299 304 1
299 319 1
299 322 1
299 337 1
299 341 1
299 353 1
299 359 1
299 382 1
299 388 1
299 395 1
299 418 1
299 420 1
299 429 1
299 432 1
299 439 1
299 443 1
299 450 1
299 462 1
299 464 1
300 301 1
300 319 1
300 322 1
300 340 1
300 341 1
300 342 1
300 352 1
300 358 1
300 365 1
300 381 1
300 383 1
300 388 1
300 389 1
300 391 1
300 394 1
300 400 1
300 406 1
300 414 1
300 417 1
300 422 1
300 441 1
300 451 1
300 454 1
300 459 1
300 460 1
301 302 1
301 303 1
301 304 1
301 308 1
301 310 1
301 317 1
301 319 1
301 322 1
301 329 1
301 332 1
301 334 1
301 337 1
301 338 1
301 340 1
301 341 1
301 342 1
301 352 1
301 353 1
301 358 1
301 359 1
301 360 1
301 361 1
301 362 1
301 365 1
301 368 1
301 376 1
301 378 1
301 381 1
301 388 1
301 389 1
301 391 1
301 396 1
301 397 1
301 400 1
301 404 1
301 405 1
301 406 1
301 408 1
301 409 1
301 414 1
301 417 1
301 418 1
301 419 1
301 420 1
301 424 1
301 426 1
301 428 1
301 429 1
301 433 1
301 435 1
301 438 1
301 439 1
301 441 1
301 443 1
301 444 1
301 445 1
301 451 1
301 453 1
301 454 1
301 456 1
301 457 1
301 458 1
301 459 1
301 462 1
301 464 1
301 470 1
301 483 1
301 486 1
302 338 1
302 420 1
303 304 1
303 319 1
303 332 1
303 338 1
303 341 1
303 352 1
303 353 1
303 358 1
303 359 1
303 362 1
303 365 1
303 377 1
303 378 1
303 382 1
303 388 1
303 400 1
303 403 1
303 404 1
303 417 1
303 421 1
303 426 1
303 429 1
303 435 1
303 441 1
303 483 1
303 486 1
304 317 1
304 319 1
304 322 1
304 332 1
304 337 1
304 338 1
304 341 1
304 342 1
304 353 1
304 358 1
304 359 1
304 360 1
304 362 1
304 365 1
304 368 1
304 378 1
304 381 1
304 382 1
304 384 1
304 388 1
304 389 1
304 390 1
304 391 1
304 395 1
304 397 1
304 398 1
304 399 1
304 400 1
304 404 1
304 405 1
304 409 1
304 414 1
304 417 1
304 418 1
304 419 1
304 420 1
304 426 1
304 428 1
304 429 1
304 432 1
304 433 1
304 435 1
304 438 1
304 439 1
304 441 1
304 445 1
304 447 1
304 450 1
304 451 1
304 459 1
304 462 1
304 464 1
304 465 1
304 470 1
304 472 1
304 486 1
305 341 1
305 359 1
305 378 1
306 335 1
307 314 1
307 341 1
307 378 1
307 441 1
308 319 1
308 329 1
308 352 1
308 362 1
308 365 1
308 388 1
308 400 1
308 418 1
308 439 1
308 459 1
308 486 1
309 319 1
309 337 1
309 338 1
309 340 1
309 341 1
309 355 1
309 359 1
309 360 1
309 362 1
309 409 1
309 410 1
309 417 1
309 418 1
309 420 1
309 429 1
309 437 1
309 438 1
309 439 1
309 441 1
309 447 1
310 322 1
310 338 1
310 388 1
310 396 1
310 422 1
310 424 1
310 459 1
310 483 1
312 322 1
312 368 1
312 404 1
312 414 1
312 420 1
312 424 1
312 457 1
312 470 1
312 478 1
313 319 1
313 341 1
313 365 1
313 384 1
313 399 1
313 418 1
313 429 1
313 484 1
314 316 1
314 319 1
314 323 1
314 327 1
314 332 1
314 333 1
314 336 1
314 338 1
314 341 1
314 347 1
314 350 1
314 351 1
314 352 1
314 354 1
314 358 1
314 359 1
314 366 1
314 378 1
314 389 1
314 399 1
314 400 1
314 402 1
314 403 1
314 405 1
314 414 1
314 420 1
314 422 1
314 424 1
314 429 1
314 432 1
314 435 1
314 439 1
314 441 1
314 453 1
314 454 1
314 462 1
314 463 1
314 464 1
314 470 1
314 472 1
314 486 1
315 319 1
315 332 1
315 337 1
315 340 1
315 348 1
315 352 1
315 353 1
315 354 1
315 359 1
315 377 1
315 385 1
315 387 1
315 395 1
315 404 1
315 407 1
315 417 1
315 419 1
315 420 1
315 426 1
315 433 1
315 435 1
315 442 1
315 454 1
315 464 1
316 341 1
316 347 1
316 350 1
316 421 1
316 426 1
316 463 1
317 318 1
317 319 1
317 322 1
317 332 1
317 337 1
317 338 1
317 341 1
317 353 1
317 358 1
317 359 1
317 360 1
317 365 1
317 376 1
317 381 1
317 382 1
317 384 1
317 389 1
317 390 1
317 391 1
317 395 1
317 397 1
317 399 1
317 400 1
317 404 1
317 405 1
317 406 1
317 409 1
317 414 1
317 417 1
317 419 1
317 420 1
317 429 1
317 433 1
317 435 1
317 451 1
317 453 1
317 454 1
317 458 1
317 459 1
317 462 1
317 464 1
317 470 1
317 486 1
318 319 1
318 332 1
318 334 1
318 341 1
318 349 1
318 353 1
318 359 1
318 404 1
318 410 1
318 417 1
318 419 1
318 420 1
318 429 1
318 433 1
318 435 1
318 487 1
319 322 1
319 324 1
319 327 1
319 329 1
319 332 1
319 337 1
319 338 1
319 340 1
319 341 1
319 342 1
319 350 1
319 352 1
319 353 1
319 355 1
319 358 1
319 359 1
319 360 1
319 362 1
319 364 1
319 365 1
319 367 1
319 368 1
319 373 1
319 377 1
319 378 1
319 379 1
319 381 1
319 382 1
319 383 1
319 384 1
319 386 1
319 388 1
319 389 1
319 390 1
319 391 1
319 395 1
319 396 1
319 397 1
319 398 1
319 399 1
319 400 1
319 404 1
319 405 1
319 406 1
319 407 1
319 408 1
319 409 1
319 410 1
319 414 1
319 417 1
319 419 1
319 420 1
319 424 1
319 426 1
319 428 1
319 429 1
319 433 1
319 435 1
319 437 1
319 438 1
319 439 1
319 440 1
319 441 1
319 443 1
319 449 1
319 450 1
319 451 1
319 454 1
319 457 1
319 458 1
319 459 1
319 460 1
319 462 1
319 463 1
319 464 1
319 465 1
319 466 1
319 470 1
319 477 1
319 478 1
319 483 1
319 484 1
319 486 1
322 329 1
322 332 1
322 337 1
322 338 1
322 340 1
322 341 1
322 342 1
322 352 1
322 353 1
322 356 1
322 358 1
322 359 1
322 360 1
322 365 1
322 368 1
322 378 1
322 381 1
322 388 1
322 391 1
322 395 1
322 400 1
322 404 1
322 405 1
322 406 1
322 407 1
322 408 1
322 409 1
322 414 1
322 417 1
322 419 1
322 420 1
322 424 1
322 426 1
322 428 1
322 429 1
322 433 1
322 435 1
322 439 1
322 441 1
322 442 1
322 443 1
322 449 1
322 453 1
322 457 1
322 459 1
322 462 1
322 463 1
322 464 1
322 469 1
322 470 1
322 478 1
322 483 1
323 352 1
323 355 1
323 358 1
323 362 1
323 400 1
323 406 1
324 337 1
324 341 1
324 368 1
324 404 1
324 405 1
324 407 1
324 417 1
324 419 1
324 426 1
324 429 1
324 435 1
324 441 1
324 455 1
324 483 1
326 341 1
326 358 1
326 365 1
326 376 1
326 381 1
326 383 1
326 401 1
326 407 1
326 409 1
326 441 1
326 454 1
326 461 1
327 341 1
327 347 1
327 382 1
327 447 1
327 486 1
327 488 1
328 349 1
329 341 1
329 342 1
329 352 1
329 355 1
329 357 1
329 358 1
329 365 1
329 381 1
329 388 1
329 391 1
329 397 1
329 400 1
329 405 1
329 406 1
329 414 1
329 418 1
329 422 1
329 428 1
329 441 1
329 449 1
329 451 1
329 459 1
330 349 1
330 359 1
331 342 1
331 361 1
331 391 1
331 396 1
332 335 1
332 337 1
332 338 1
332 340 1
332 341 1
332 349 1
332 353 1
332 358 1
332 359 1
332 365 1
332 377 1
332 380 1
332 381 1
332 382 1
332 387 1
332 388 1
332 389 1
332 395 1
332 404 1
332 405 1
332 407 1
332 408 1
332 409 1
332 414 1
332 417 1
332 419 1
332 426 1
332 429 1
332 432 1
332 433 1
332 435 1
332 441 1
332 442 1
332 445 1
332 451 1
332 454 1
332 457 1
332 462 1
332 467 1
332 486 1
333 352 1
333 355 1
333 406 1
334 380 1
334 421 1
334 429 1
334 435 1
334 459 1
334 486 1
335 340 1
335 341 1
335 353 1
335 359 1
335 372 1
335 377 1
335 388 1
335 395 1
335 404 1
335 408 1
335 417 1
335 419 1
335 426 1
335 429 1
335 433 1
335 435 1
335 442 1
336 341 1
336 351 1
336 358 1
336 381 1
336 409 1
336 454 1
337 338 1
337 340 1
337 341 1
337 353 1
337 358 1
337 359 1
337 365 1
337 368 1
337 379 1
337 381 1
337 382 1
337 387 1
337 388 1
337 389 1
337 391 1
337 395 1
337 396 1
337 400 1
337 403 1
337 404 1
337 405 1
337 406 1
337 407 1
337 409 1
337 414 1
337 417 1
337 418 1
337 419 1
337 420 1
337 424 1
337 426 1
337 427 1
337 428 1
337 429 1
337 432 1
337 433 1
337 435 1
337 438 1
337 441 1
337 442 1
337 450 1
337 453 1
337 457 1
337 459 1
337 462 1
337 463 1
337 464 1
337 469 1
337 470 1
337 478 1
337 483 1
337 484 1
338 341 1
338 342 1
338 349 1
338 353 1
338 355 1
338 358 1
338 359 1
338 360 1
338 362 1
338 365 1
338 380 1
338 381 1
338 382 1
338 384 1
338 387 1
338 388 1
338 389 1
338 391 1
338 395 1
338 398 1
338 399 1
338 403 1
338 405 1
338 407 1
338 409 1
338 414 1
338 417 1
338 418 1
338 419 1
338 420 1
338 421 1
338 424 1
338 426 1
338 429 1
338 433 1
338 437 1
338 438 1
338 439 1
338 441 1
338 447 1
338 451 1
338 454 1
338 457 1
338 459 1
338 462 1
338 464 1
338 469 1
338 470 1
338 478 1
338 486 1
338 487 1
339 346 1
339 415 1
339 417 1
340 341 1
340 349 1
340 352 1
340 353 1
340 358 1
340 359 1
340 365 1
340 377 1
340 380 1
340 381 1
340 385 1
340 387 1
340 388 1
340 389 1
340 395 1
340 404 1
340 405 1
340 407 1
340 408 1
340 410 1
340 413 1
340 414 1
340 417 1
340 419 1
340 420 1
340 424 1
340 426 1
340 428 1
340 429 1
340 433 1
340 434 1
340 435 1
340 441 1
340 442 1
340 457 1
340 458 1
340 459 1
340 460 1
340 462 1
340 464 1
341 342 1
341 345 1
341 347 1
341 350 1
341 352 1
341 353 1
341 358 1
341 359 1
341 360 1
341 362 1
341 365 1
341 368 1
341 376 1
341 377 1
341 381 1
341 382 1
341 383 1
341 384 1
341 388 1
341 389 1
341 391 1
341 395 1
341 396 1
341 397 1
341 398 1
341 399 1
341 400 1
341 403 1
341 404 1
341 405 1
341 406 1
341 407 1
341 409 1
341 414 1
341 417 1
341 419 1
341 420 1
341 421 1
341 424 1
341 426 1
341 428 1
341 429 1
341 432 1
341 433 1
341 435 1
341 437 1
341 438 1
341 439 1
341 441 1
341 443 1
341 444 1
341 445 1
341 446 1
341 447 1
341 449 1
341 450 1
341 451 1
341 452 1
341 454 1
341 458 1
341 459 1
341 462 1
341 463 1
341 464 1
341 465 1
341 468 1
341 470 1
341 471 1
341 478 1
341 483 1
341 484 1
341 486 1
342 352 1
342 356 1
342 357 1
342 358 1
342 359 1
342 362 1
342 365 1
342 368 1
342 381 1
342 383 1
342 388 1
342 391 1
342 396 1
342 397 1
342 400 1
342 404 1
342 405 1
342 406 1
342 411 1
342 414 1
342 418 1
342 424 1
342 428 1
342 432 1
342 437 1
342 439 1
342 441 1
342 443 1
342 451 1
342 454 1
342 458 1
342 459 1
342 461 1
342 462 1
342 483 1
342 488 1
343 352 1
343 381 1
343 400 1
343 454 1
343 459 1
344 426 1
344 442 1
344 454 1
345 349 1
345 353 1
345 419 1
345 426 1
345 430 1
345 445 1
345 461 1
347 350 1
347 358 1
347 360 1
347 366 1
347 391 1
347 454 1
347 463 1
347 471 1
347 483 1
348 419 1
348 426 1
348 435 1
349 353 1
349 354 1
349 357 1
349 359 1
349 373 1
349 377 1
349 378 1
349 387 1
349 404 1
349 417 1
349 419 1
349 426 1
349 429 1
349 435 1
349 445 1
349 459 1
349 462 1
349 464 1
349 467 1
349 486 1
349 487 1
350 395 1
350 420 1
350 454 1
351 355 1
351 358 1
351 362 1
351 365 1
351 402 1
351 418 1
351 439 1
351 459 1
351 486 1
352 353 1
352 356 1
352 358 1
352 359 1
352 362 1
352 365 1
352 368 1
352 374 1
352 376 1
352 381 1
352 383 1
352 388 1
352 391 1
352 400 1
352 405 1
352 406 1
352 414 1
352 417 1
352 418 1
352 419 1
352 422 1
352 424 1
352 426 1
352 428 1
352 435 1
352 439 1
352 441 1
352 443 1
352 454 1
352 456 1
352 457 1
352 459 1
352 461 1
352 462 1
352 470 1
352 480 1
352 486 1
353 358 1
353 359 1
353 365 1
353 373 1
353 377 1
353 380 1
353 382 1
353 384 1
353 387 1
353 388 1
353 389 1
353 395 1
353 397 1
353 404 1
353 405 1
353 407 1
353 408 1
353 410 1
353 414 1
353 417 1
353 419 1
353 424 1
353 425 1
353 426 1
353 429 1
353 430 1
353 433 1
353 435 1
353 441 1
353 442 1
353 445 1
353 449 1
353 454 1
353 459 1
353 462 1
353 464 1
353 467 1
353 486 1
353 487 1
354 359 1
354 435 1
354 476 1
355 358 1
355 360 1
355 362 1
355 365 1
355 376 1
355 381 1
355 389 1
355 391 1
355 397 1
355 406 1
355 409 1
355 414 1
355 418 1
355 420 1
355 437 1
355 440 1
355 449 1
355 451 1
355 458 1
355 465 1
355 470 1
356 357 1
356 358 1
356 388 1
356 391 1
356 396 1
356 405 1
356 449 1
356 459 1
356 462 1
357 358 1
357 381 1
357 406 1
357 411 1
357 454 1
358 359 1
358 360 1
358 362 1
358 365 1
358 368 1
358 378 1
358 381 1
358 383 1
358 388 1
358 389 1
358 391 1
358 396 1
358 397 1
358 400 1
358 404 1
358 405 1
358 406 1
358 409 1
358 411 1
358 414 1
358 417 1
358 419 1
358 422 1
358 424 1
358 426 1
358 428 1
358 429 1
358 433 1
358 435 1
358 438 1
358 439 1
358 441 1
358 443 1
358 444 1
358 446 1
358 449 1
358 451 1
358 453 1
358 454 1
358 459 1
358 462 1
358 464 1
358 465 1
358 470 1
358 478 1
358 483 1
358 486 1
359 365 1
359 373 1
359 377 1
359 381 1
359 382 1
359 387 1
359 388 1
359 389 1
359 391 1
359 395 1
359 398 1
359 400 1
359 403 1
359 404 1
359 405 1
359 406 1
359 407 1
359 408 1
359 409 1
359 410 1
359 413 1
359 414 1
359 417 1
359 418 1
359 419 1
359 421 1
359 424 1
359 426 1
359 427 1
359 429 1
359 432 1
359 433 1
359 435 1
359 436 1
359 439 1
359 441 1
359 442 1
359 446 1
359 447 1
359 448 1
359 453 1
359 454 1
359 455 1
359 459 1
359 462 1
359 464 1
359 470 1
359 476 1
359 483 1
360 362 1
360 389 1
360 395 1
360 409 1
360 414 1
360 418 1
360 420 1
360 432 1
360 439 1
360 441 1
360 451 1
360 463 1
360 465 1
360 478 1
360 486 1
361 388 1
361 406 1
361 459 1
361 470 1
362 365 1
362 376 1
362 378 1
362 388 1
362 389 1
362 391 1
362 396 1
362 400 1
362 404 1
362 406 1
362 409 1
362 414 1
362 418 1
362 419 1
362 420 1
362 428 1
362 439 1
362 441 1
362 449 1
362 451 1
362 457 1
362 458 1
362 459 1
362 460 1
362 462 1
362 465 1
362 470 1
362 478 1
362 483 1
363 377 1
363 380 1
363 410 1
363 419 1
363 429 1
363 433 1
365 378 1
365 381 1
365 383 1
365 388 1
365 389 1
365 391 1
365 396 1
365 397 1
365 399 1
365 400 1
365 404 1
365 405 1
365 406 1
365 409 1
365 414 1
365 417 1
365 418 1
365 419 1
365 424 1
365 426 1
365 429 1
365 435 1
365 437 1
365 439 1
365 441 1
365 450 1
365 451 1
365 454 1
365 457 1
365 459 1
365 462 1
365 464 1
365 470 1
365 478 1
365 483 1
366 422 1
367 465 1
368 388 1
368 400 1
368 405 1
368 414 1
368 419 1
368 420 1
368 424 1
368 439 1
368 441 1
368 457 1
368 459 1
368 470 1
368 478 1
371 381 1
371 383 1
372 377 1
372 421 1
372 423 1
372 429 1
372 435 1
373 377 1
373 382 1
373 387 1
373 410 1
373 417 1
373 419 1
373 426 1
373 429 1
373 433 1
373 442 1
373 467 1
373 487 1
374 428 1
375 417 1
375 425 1
375 481 1
375 485 1
376 383 1
376 388 1
376 397 1
376 400 1
376 414 1
376 418 1
376 428 1
376 439 1
376 454 1
376 461 1
376 464 1
376 486 1
377 378 1
377 382 1
377 387 1
377 395 1
377 404 1
377 405 1
377 407 1
377 410 1
377 417 1
377 419 1
377 421 1
377 426 1
377 429 1
377 430 1
377 433 1
377 435 1
377 441 1
377 442 1
377 464 1
378 381 1
378 389 1
378 405 1
378 414 1
378 435 1
378 441 1
378 453 1
378 454 1
378 458 1
378 459 1
378 460 1
378 462 1
378 463 1
378 466 1
378 486 1
379 395 1
380 404 1
380 410 1
380 417 1
380 419 1
380 426 1
380 429 1
380 433 1
380 487 1
381 382 1
381 383 1
381 388 1
381 389 1
381 391 1
381 397 1
381 400 1
381 405 1
381 406 1
381 414 1
381 417 1
381 419 1
381 426 1
381 428 1
381 433 1
381 439 1
381 441 1
381 443 1
381 449 1
381 451 1
381 454 1
381 459 1
381 480 1
382 398 1
382 404 1
382 405 1
382 408 1
382 417 1
382 418 1
382 419 1
382 426 1
382 427 1
382 429 1
382 435 1
382 438 1
382 450 1
382 462 1
382 464 1
382 474 1
382 483 1
383 384 1
383 388 1
383 400 1
383 409 1
383 428 1
383 439 1
383 443 1
383 451 1
383 454 1
383 459 1
383 470 1
383 480 1
384 387 1
384 388 1
384 399 1
384 410 1
384 414 1
384 417 1
384 418 1
384 419 1
384 426 1
384 429 1
384 433 1
384 435 1
384 445 1
384 465 1
384 468 1
384 484 1
385 417 1
385 419 1
385 426 1
385 433 1
386 454 1
387 395 1
387 404 1
387 410 1
387 417 1
387 419 1
387 426 1
387 429 1
387 430 1
387 433 1
387 442 1
387 462 1
388 389 1
388 391 1
388 396 1
388 397 1
388 400 1
388 404 1
388 405 1
388 406 1
388 408 1
388 409 1
388 414 1
388 417 1
388 419 1
388 420 1
388 422 1
388 426 1
388 428 1
388 429 1
388 437 1
388 439 1
388 441 1
388 451 1
388 453 1
388 454 1
388 457 1
388 458 1
388 459 1
388 461 1
388 462 1
388 464 1
388 467 1
388 470 1
388 472 1
388 483 1
388 486 1
389 391 1
389 405 1
389 408 1
389 409 1
389 413 1
389 414 1
389 417 1
389 418 1
389 419 1
389 428 1
389 429 1
389 433 1
389 435 1
389 439 1
389 441 1
389 451 1
389 458 1
389 470 1
389 486 1
390 407 1
390 459 1
391 396 1
391 400 1
391 404 1
391 405 1
391 406 1
391 408 1
391 409 1
391 414 1
391 417 1
391 418 1
391 419 1
391 428 1
391 429 1
391 439 1
391 441 1
391 443 1
391 454 1
391 458 1
391 459 1
391 470 1
391 477 1
391 483 1
392 429 1
393 423 1
393 429 1
394 454 1
395 404 1
395 405 1
395 406 1
395 407 1
395 410 1
395 414 1
395 417 1
395 419 1
395 420 1
395 424 1
395 426 1
395 427 1
395 429 1
395 433 1
395 434 1
395 435 1
395 437 1
395 438 1
395 441 1
395 442 1
395 462 1
395 464 1
395 467 1
395 470 1
395 483 1
396 397 1
396 400 1
396 405 1
396 409 1
396 414 1
396 418 1
396 439 1
396 451 1
396 457 1
396 460 1
396 470 1
397 400 1
397 404 1
397 417 1
397 418 1
397 424 1
397 435 1
397 441 1
397 449 1
397 451 1
397 454 1
397 458 1
397 459 1
397 486 1
398 403 1
398 409 1
398 427 1
398 429 1
398 441 1
398 464 1
398 469 1
399 404 1
399 405 1
399 429 1
399 435 1
399 459 1
399 462 1
400 405 1
400 406 1
400 409 1
400 414 1
400 417 1
400 418 1
400 419 1
400 428 1
400 438 1
400 439 1
400 441 1
400 443 1
400 449 1
400 451 1
400 457 1
400 459 1
400 461 1
400 480 1
400 483 1
400 486 1
401 431 1
401 451 1
401 454 1
402 424 1
402 453 1
402 462 1
402 486 1
403 409 1
403 420 1
403 429 1
403 438 1
403 464 1
403 469 1
404 405 1
404 407 1
404 410 1
404 414 1
404 417 1
404 419 1
404 426 1
404 429 1
404 432 1
404 433 1
404 434 1
404 435 1
404 441 1
404 442 1
404 451 1
404 454 1
404 459 1
404 462 1
404 463 1
404 464 1
404 467 1
404 474 1
404 483 1
405 406 1
405 407 1
405 414 1
405 417 1
405 418 1
405 419 1
405 420 1
405 424 1
405 426 1
405 427 1
405 428 1
405 429 1
405 433 1
405 435 1
405 439 1
405 441 1
405 443 1
405 449 1
405 453 1
405 455 1
405 459 1
405 462 1
405 464 1
405 474 1
405 478 1
405 483 1
405 486 1
406 409 1
406 414 1
406 417 1
406 418 1
406 428 1
406 439 1
406 441 1
406 451 1
406 454 1
406 457 1
406 459 1
406 470 1
406 480 1
406 486 1
407 410 1
407 417 1
407 419 1
407 421 1
407 426 1
407 429 1
407 433 1
407 434 1
407 435 1
407 441 1
407 445 1
407 454 1
407 464 1
408 413 1
408 414 1
408 417 1
408 419 1
408 429 1
408 442 1
409 414 1
409 417 1
409 418 1
409 419 1
409 420 1
409 426 1
409 428 1
409 429 1
409 432 1
409 438 1
409 439 1
409 441 1
409 447 1
409 451 1
409 457 1
409 460 1
409 462 1
409 463 1
409 464 1
409 465 1
409 469 1
409 470 1
409 483 1
409 486 1
410 417 1
410 419 1
410 426 1
410 429 1
410 434 1
410 435 1
410 462 1
410 464 1
410 470 1
411 428 1
411 441 1
411 454 1
413 419 1
413 426 1
414 418 1
414 419 1
414 420 1
414 424 1
414 426 1
414 428 1
414 429 1
414 435 1
414 437 1
414 439 1
414 441 1
414 449 1
414 451 1
414 453 1
414 454 1
414 457 1
414 458 1
414 459 1
414 460 1
414 462 1
414 464 1
414 465 1
414 466 1
414 468 1
414 470 1
414 472 1
414 478 1
414 486 1
416 484 1
417 419 1
417 425 1
417 426 1
417 429 1
417 433 1
417 435 1
417 439 1
417 441 1
417 442 1
417 445 1
417 451 1
417 459 1
417 462 1
417 464 1
417 467 1
417 481 1
417 485 1
417 487 1
418 420 1
418 424 1
418 439 1
418 449 1
418 450 1
418 451 1
418 458 1
418 459 1
418 460 1
418 462 1
418 465 1
418 470 1
418 483 1
419 426 1
419 429 1
419 433 1
419 434 1
419 435 1
419 439 1
419 441 1
419 442 1
419 445 1
419 449 1
419 451 1
419 454 1
419 459 1
419 462 1
419 464 1
419 470 1
420 421 1
420 424 1
420 426 1
420 429 1
420 437 1
420 438 1
420 441 1
420 447 1
420 460 1
420 462 1
420 470 1
420 478 1
420 483 1
420 488 1
421 429 1
421 432 1
421 433 1
421 435 1
421 438 1
421 464 1
422 428 1
423 429 1
423 447 1
424 427 1
424 428 1
424 429 1
424 441 1
424 449 1
424 454 1
424 457 1
424 458 1
424 462 1
424 464 1
424 470 1
424 478 1
424 486 1
425 481 1
425 485 1
426 429 1
426 432 1
426 433 1
426 435 1
426 439 1
426 441 1
426 442 1
426 451 1
426 454 1
426 457 1
426 459 1
426 462 1
426 464 1
426 483 1
427 438 1
427 452 1
427 469 1
428 441 1
428 443 1
428 444 1
428 454 1
428 459 1
428 470 1
428 480 1
428 483 1
429 432 1
429 433 1
429 435 1
429 437 1
429 438 1
429 439 1
429 441 1
429 442 1
429 445 1
429 446 1
429 450 1
429 454 1
429 457 1
429 459 1
429 462 1
429 464 1
429 467 1
429 468 1
429 482 1
429 483 1
429 484 1
429 487 1
430 442 1
431 449 1
431 454 1
432 447 1
432 462 1
432 464 1
432 486 1
433 434 1
433 435 1
433 441 1
433 442 1
433 447 1
433 462 1
433 464 1
433 467 1
435 437 1
435 439 1
435 441 1
435 442 1
435 445 1
435 446 1
435 454 1
435 459 1
435 462 1
435 464 1
435 467 1
435 483 1
436 476 1
437 459 1
437 470 1
438 452 1
438 468 1
439 441 1
439 451 1
439 454 1
439 457 1
439 459 1
439 465 1
439 470 1
439 478 1
439 483 1
441 451 1
441 458 1
441 459 1
441 462 1
441 464 1
441 470 1
441 471 1
441 478 1
441 479 1
441 483 1
441 486 1
443 444 1
443 457 1
443 459 1
445 454 1
445 467 1
445 487 1
446 454 1
446 464 1
446 471 1
446 486 1
449 454 1
449 462 1
449 480 1
450 454 1
450 469 1
450 483 1
451 453 1
451 454 1
451 457 1
451 459 1
451 470 1
452 483 1
453 457 1
453 459 1
453 464 1
453 470 1
453 483 1
453 486 1
454 455 1
454 459 1
454 461 1
454 462 1
454 470 1
454 486 1
457 459 1
457 470 1
457 477 1
457 478 1
457 483 1
458 462 1
458 463 1
458 464 1
458 470 1
458 486 1
459 460 1
459 461 1
459 462 1
459 470 1
459 480 1
459 483 1
459 486 1
460 462 1
460 468 1
460 470 1
461 486 1
462 470 1
462 478 1
462 483 1
462 486 1
463 483 1
464 484 1
464 486 1
468 469 1
470 472 1
470 478 1
470 483 1
470 486 1
472 483 1
473 483 1
474 487 1
478 483 1
480 483 1
481 485 1
486 488 1
