label,protocol,m,stochastic_id,AUC_S1,AUC_S2,p_LCC_0.5,p_LCC_0.25,p_LCC_0.1,p_LCC_0.05,max_S2_over_N,p_at_max_S2
EU Railways — Netherlands,adap_betweenness,,1,0.029617754565283184,0.018010468070141276,0.014415285691881373,0.020978229556771824,0.05135396518375235,0.09868748273003582,0.4216634429400387,0.0096711798839458
EU Railways — Netherlands,adap_betweenness,,2,0.02974869897376988,0.018347182263392776,0.014415285691881373,0.020978229556771824,0.05135396518375235,0.09868748273003582,0.4216634429400387,0.0096711798839458
EU Railways — Netherlands,adap_betweenness,,3,0.030291182951786195,0.018070328371163763,0.014415285691881373,0.020978229556771824,0.05135396518375235,0.09868748273003582,0.4216634429400387,0.0096711798839458
EU Railways — Netherlands,adap_betweenness,,4,0.029228662608636997,0.01800672680132737,0.014415285691881373,0.020978229556771824,0.05135396518375235,0.09868748273003582,0.4216634429400387,0.0096711798839458
EU Railways — Netherlands,adap_betweenness,,5,0.029666391059863954,0.017875782392840673,0.014415285691881373,0.020978229556771824,0.05135396518375235,0.09868748273003582,0.4216634429400387,0.0096711798839458
EU Railways — Netherlands,adap_betweenness,,6,0.029194991189311847,0.017905712543351916,0.014415285691881373,0.020978229556771824,0.05135396518375235,0.09868748273003582,0.4216634429400387,0.0096711798839458
EU Railways — Netherlands,adap_betweenness,,7,0.029262334027962154,0.018036656951838613,0.014415285691881373,0.020978229556771824,0.05135396518375235,0.09868748273003582,0.4216634429400387,0.0096711798839458
EU Railways — Netherlands,adap_betweenness,,8,0.02928104037203168,0.01806658710234986,0.014415285691881373,0.020978229556771824,0.05135396518375235,0.09868748273003582,0.4216634429400387,0.0096711798839458
EU Railways — Netherlands,adap_betweenness,,9,0.029924538608023448,0.017935642693863163,0.014415285691881373,0.020978229556771824,0.05135396518375235,0.09868748273003582,0.4216634429400387,0.0096711798839458
EU Railways — Netherlands,adap_betweenness,,10,0.029711286285630824,0.018152636285069686,0.014415285691881373,0.020978229556771824,0.05135396518375235,0.09868748273003582,0.4216634429400387,0.0096711798839458
EU Railways — Netherlands,adap_betweenness,,11,0.029460621275099148,0.017890747468096293,0.014415285691881373,0.020978229556771824,0.05135396518375235,0.09868748273003582,0.4216634429400387,0.0096711798839458
EU Railways — Netherlands,adap_betweenness,,12,0.02965516725342224,0.018081552177605483,0.014415285691881373,0.020978229556771824,0.05135396518375235,0.09868748273003582,0.4216634429400387,0.0096711798839458
EU Railways — Netherlands,adap_betweenness,,13,0.029965692564976408,0.018044139489466426,0.014415285691881373,0.020978229556771824,0.05135396518375235,0.09868748273003582,0.4216634429400387,0.0096711798839458
EU Railways — Netherlands,adap_betweenness,,14,0.029782370393095035,0.018085293446419386,0.014415285691881373,0.020978229556771824,0.05135396518375235,0.09868748273003582,0.4216634429400387,0.0096711798839458
EU Railways — Netherlands,adap_betweenness,,15,0.0297636640490255,0.018451937790182137,0.014415285691881373,0.020978229556771824,0.05135396518375235,0.09868748273003582,0.4216634429400387,0.0096711798839458
EU Railways — Netherlands,adap_betweenness,,16,0.029415726049332284,0.018137671209814066,0.014415285691881373,0.020978229556771824,0.05135396518375235,0.09868748273003582,0.4216634429400387,0.0096711798839458
EU Railways — Netherlands,adap_betweenness,,17,0.029359607017123698,0.017905712543351916,0.014415285691881373,0.020978229556771824,0.05135396518375235,0.09868748273003582,0.4216634429400387,0.0096711798839458
EU Railways — Netherlands,adap_betweenness,,18,0.02981604181242018,0.018530504435274153,0.014415285691881373,0.020978229556771824,0.05135396518375235,0.09868748273003582,0.4216634429400387,0.0096711798839458
EU Railways — Netherlands,adap_betweenness,,19,0.029599048221213658,0.01819004897320874,0.014415285691881373,0.020978229556771824,0.05135396518375235,0.09868748273003582,0.4216634429400387,0.0096711798839458
EU Railways — Netherlands,adap_betweenness,,20,0.029917056070395635,0.01794686650030488,0.014415285691881373,0.020978229556771824,0.05135396518375235,0.09868748273003582,0.4216634429400387,0.0096711798839458
EU Railways — Netherlands,adap_betweenness,,21,0.029531705382563358,0.018197531510836553,0.014415285691881373,0.020978229556771824,0.05135396518375235,0.09868748273003582,0.4216634429400387,0.0096711798839458
EU Railways — Netherlands,adap_betweenness,,22,0.02929974671610121,0.01807406963997767,0.014415285691881373,0.020978229556771824,0.05135396518375235,0.09868748273003582,0.4216634429400387,0.0096711798839458
EU Railways — Netherlands,adap_betweenness,,23,0.029191249920497944,0.0180291744142108,0.014415285691881373,0.020978229556771824,0.05135396518375235,0.09868748273003582,0.4216634429400387,0.0096711798839458
EU Railways — Netherlands,adap_betweenness,,24,0.029262334027962154,0.017969314113188313,0.014415285691881373,0.020978229556771824,0.05135396518375235,0.09868748273003582,0.4216634429400387,0.0096711798839458
EU Railways — Netherlands,adap_betweenness,,25,0.029397019705262754,0.018029174414210803,0.014415285691881373,0.020978229556771824,0.05135396518375235,0.09868748273003582,0.4216634429400387,0.0096711798839458
EU Railways — Netherlands,adap_betweenness,,26,0.029471845081540868,0.018205014048464363,0.014415285691881373,0.020978229556771824,0.05135396518375235,0.09868748273003582,0.4216634429400387,0.0096711798839458
EU Railways — Netherlands,adap_betweenness,,27,0.029318453060170738,0.018006726801327366,0.014415285691881373,0.020978229556771824,0.05135396518375235,0.09868748273003582,0.4216634429400387,0.0096711798839458
EU Railways — Netherlands,adap_betweenness,,28,0.029524222844935544,0.01828732196237029,0.014415285691881373,0.020978229556771824,0.05135396518375235,0.09868748273003582,0.4216634429400387,0.0096711798839458
EU Railways — Netherlands,adap_betweenness,,29,0.029913314801581728,0.018343440994578873,0.014415285691881373,0.020978229556771824,0.05135396518375235,0.09868748273003582,0.4216634429400387,0.0096711798839458
EU Railways — Netherlands,adap_betweenness,,30,0.02961027202765537,0.01801420933895518,0.014415285691881373,0.020978229556771824,0.05135396518375235,0.09868748273003582,0.4216634429400387,0.0096711798839458
EU Railways — Netherlands,adap_betweenness,,31,0.029516740307307734,0.01818630770439484,0.014415285691881373,0.020978229556771824,0.05135396518375235,0.09868748273003582,0.4216634429400387,0.0096711798839458
EU Railways — Netherlands,adap_betweenness,,32,0.029415726049332284,0.0182274616613478,0.014415285691881373,0.020978229556771824,0.05135396518375235,0.09868748273003582,0.4216634429400387,0.0096711798839458
EU Railways — Netherlands,adap_betweenness,,33,0.0292960054472873,0.018070328371163763,0.014415285691881373,0.020978229556771824,0.05135396518375235,0.09868748273003582,0.4216634429400387,0.0096711798839458
EU Railways — Netherlands,adap_betweenness,,34,0.02978237039309503,0.01808155217760548,0.014415285691881373,0.020978229556771824,0.05135396518375235,0.09868748273003582,0.4216634429400387,0.0096711798839458
EU Railways — Netherlands,adap_betweenness,,35,0.02950177523205211,0.018103999790488913,0.014415285691881373,0.020978229556771824,0.05135396518375235,0.09868748273003582,0.4216634429400387,0.0096711798839458
EU Railways — Netherlands,adap_betweenness,,36,0.029793594199536748,0.018055363295908143,0.014415285691881373,0.020978229556771824,0.05135396518375235,0.09868748273003582,0.4216634429400387,0.0096711798839458
EU Railways — Netherlands,adap_betweenness,,37,0.02926233402796215,0.018032915683024706,0.014415285691881373,0.020978229556771824,0.05135396518375235,0.09868748273003582,0.4216634429400387,0.0096711798839458
EU Railways — Netherlands,adap_betweenness,,38,0.029625237102910994,0.017984279188443936,0.014415285691881373,0.020978229556771824,0.05135396518375235,0.09868748273003582,0.4216634429400387,0.0096711798839458
EU Railways — Netherlands,adap_betweenness,,39,0.029894608457512198,0.018122706134558443,0.014415285691881373,0.020978229556771824,0.05135396518375235,0.09868748273003582,0.4216634429400387,0.0096711798839458
EU Railways — Netherlands,adap_betweenness,,40,0.02974869897376988,0.0180927759840472,0.014415285691881373,0.020978229556771824,0.05135396518375235,0.09868748273003582,0.4216634429400387,0.0096711798839458
EU Railways — Netherlands,adap_betweenness,,41,0.02961401329646928,0.018249909274231233,0.014415285691881373,0.020978229556771824,0.05135396518375235,0.09868748273003582,0.4216634429400387,0.0096711798839458
EU Railways — Netherlands,adap_betweenness,,42,0.029617754565283184,0.018186307704394836,0.014415285691881373,0.020978229556771824,0.05135396518375235,0.09868748273003582,0.4216634429400387,0.0096711798839458
EU Railways — Netherlands,adap_betweenness,,43,0.029333418135426358,0.018029174414210803,0.014415285691881373,0.020978229556771824,0.05135396518375235,0.09868748273003582,0.4216634429400387,0.0096711798839458
EU Railways — Netherlands,adap_betweenness,,44,0.029397019705262758,0.01807406963997767,0.014415285691881373,0.020978229556771824,0.05135396518375235,0.09868748273003582,0.4216634429400387,0.0096711798839458
EU Railways — Netherlands,adap_betweenness,,45,0.02946062127509915,0.017954349037932693,0.014415285691881373,0.020978229556771824,0.05135396518375235,0.09868748273003582,0.4216634429400387,0.0096711798839458
EU Railways — Netherlands,adap_betweenness,,46,0.029464362543913058,0.01814889501625578,0.014415285691881373,0.020978229556771824,0.05135396518375235,0.09868748273003582,0.4216634429400387,0.0096711798839458
EU Railways — Netherlands,adap_betweenness,,47,0.02950177523205211,0.017999244263699556,0.014415285691881373,0.020978229556771824,0.05135396518375235,0.09868748273003582,0.4216634429400387,0.0096711798839458
EU Railways — Netherlands,adap_betweenness,,48,0.02955415299544679,0.017965572844374406,0.014415285691881373,0.020978229556771824,0.05135396518375235,0.09868748273003582,0.4216634429400387,0.0096711798839458
EU Railways — Netherlands,adap_betweenness,,49,0.029494292694424298,0.018002985532513463,0.014415285691881373,0.020978229556771824,0.05135396518375235,0.09868748273003582,0.4216634429400387,0.0096711798839458
EU Railways — Netherlands,adap_betweenness,,50,0.02959530695239975,0.018025433145396896,0.014415285691881373,0.020978229556771824,0.05135396518375235,0.09868748273003582,0.4216634429400387,0.0096711798839458
EU Railways — Netherlands,adap_betweenness,,51,0.02980107673716456,0.01808155217760548,0.014415285691881373,0.020978229556771824,0.05135396518375235,0.09868748273003582,0.4216634429400387,0.0096711798839458
EU Railways — Netherlands,adap_betweenness,,52,0.02951299903849383,0.018137671209814063,0.014415285691881373,0.020978229556771824,0.05135396518375235,0.09868748273003582,0.4216634429400387,0.0096711798839458
EU Railways — Netherlands,adap_betweenness,,53,0.02948306888798258,0.017935642693863163,0.014415285691881373,0.020978229556771824,0.05135396518375235,0.09868748273003582,0.4216634429400387,0.0096711798839458
EU Railways — Netherlands,adap_betweenness,,54,0.029681356135119578,0.018298545768812007,0.014415285691881373,0.020978229556771824,0.05135396518375235,0.09868748273003582,0.4216634429400387,0.0096711798839458
EU Railways — Netherlands,adap_betweenness,,55,0.029599048221213658,0.01804788075828033,0.014415285691881373,0.020978229556771824,0.05135396518375235,0.09868748273003582,0.4216634429400387,0.0096711798839458
EU Railways — Netherlands,adap_betweenness,,56,0.029939503683279065,0.01831351084406763,0.014415285691881373,0.020978229556771824,0.05135396518375235,0.09868748273003582,0.4216634429400387,0.0096711798839458
EU Railways — Netherlands,adap_betweenness,,57,0.029464362543913054,0.01819004897320874,0.014415285691881373,0.020978229556771824,0.05135396518375235,0.09868748273003582,0.4216634429400387,0.0096711798839458
EU Railways — Netherlands,adap_betweenness,,58,0.02938953716763494,0.01800672680132737,0.014415285691881373,0.020978229556771824,0.05135396518375235,0.09868748273003582,0.4216634429400387,0.0096711798839458
EU Railways — Netherlands,adap_betweenness,,59,0.029221180071009187,0.01792067761860754,0.014415285691881373,0.020978229556771824,0.05135396518375235,0.09868748273003582,0.4216634429400387,0.0096711798839458
EU Railways — Netherlands,adap_betweenness,,60,0.029984398909045935,0.018268615618300763,0.014415285691881373,0.020978229556771824,0.05135396518375235,0.09868748273003582,0.4216634429400387,0.0096711798839458
EU Railways — Netherlands,adap_betweenness,,61,0.029909573532767825,0.018010468070141273,0.014415285691881373,0.020978229556771824,0.05135396518375235,0.09868748273003582,0.4216634429400387,0.0096711798839458
EU Railways — Netherlands,adap_betweenness,,62,0.029658908522236148,0.018425748908484797,0.014415285691881373,0.020978229556771824,0.05135396518375235,0.09868748273003582,0.4216634429400387,0.0096711798839458
EU Railways — Netherlands,adap_betweenness,,63,0.029273557834403868,0.018025433145396896,0.014415285691881373,0.020978229556771824,0.05135396518375235,0.09868748273003582,0.4216634429400387,0.0096711798839458
EU Railways — Netherlands,adap_betweenness,,64,0.029823524350047995,0.01791319508097973,0.014415285691881373,0.020978229556771824,0.05135396518375235,0.09868748273003582,0.4216634429400387,0.0096711798839458
EU Railways — Netherlands,adap_betweenness,,65,0.029819783081234084,0.01815263628506969,0.014415285691881373,0.020978229556771824,0.05135396518375235,0.09868748273003582,0.4216634429400387,0.0096711798839458
EU Railways — Netherlands,adap_betweenness,,66,0.029329676866612454,0.01792816015623535,0.014415285691881373,0.020978229556771824,0.05135396518375235,0.09868748273003582,0.4216634429400387,0.0096711798839458
EU Railways — Netherlands,adap_betweenness,,67,0.029718768823258638,0.017976796650816123,0.014415285691881373,0.020978229556771824,0.05135396518375235,0.09868748273003582,0.4216634429400387,0.0096711798839458
EU Railways — Netherlands,adap_betweenness,,68,0.029662649791050055,0.018186307704394836,0.014415285691881373,0.020978229556771824,0.05135396518375235,0.09868748273003582,0.4216634429400387,0.0096711798839458
EU Railways — Netherlands,adap_betweenness,,69,0.029868419575814865,0.0179618315755605,0.014415285691881373,0.020978229556771824,0.05135396518375235,0.09868748273003582,0.4216634429400387,0.0096711798839458
EU Railways — Netherlands,adap_betweenness,,70,0.029419467318146188,0.01807406963997767,0.014415285691881373,0.020978229556771824,0.05135396518375235,0.09868748273003582,0.4216634429400387,0.0096711798839458
EU Railways — Netherlands,adap_betweenness,,71,0.029606530758841468,0.01810774105930282,0.014415285691881373,0.020978229556771824,0.05135396518375235,0.09868748273003582,0.4216634429400387,0.0096711798839458
EU Railways — Netherlands,adap_betweenness,,72,0.029512999038493828,0.018092775984047196,0.014415285691881373,0.020978229556771824,0.05135396518375235,0.09868748273003582,0.4216634429400387,0.0096711798839458
EU Railways — Netherlands,adap_betweenness,,73,0.02974121643614207,0.01804788075828033,0.014415285691881373,0.020978229556771824,0.05135396518375235,0.09868748273003582,0.4216634429400387,0.0096711798839458
EU Railways — Netherlands,adap_betweenness,,74,0.029393278436448848,0.01814141247862797,0.014415285691881373,0.020978229556771824,0.05135396518375235,0.09868748273003582,0.4216634429400387,0.0096711798839458
EU Railways — Netherlands,adap_betweenness,,75,0.02981604181242018,0.017864558586398956,0.014415285691881373,0.020978229556771824,0.05135396518375235,0.09868748273003582,0.4216634429400387,0.0096711798839458
EU Railways — Netherlands,adap_betweenness,,76,0.029778629124281128,0.018287321962370286,0.014415285691881373,0.020978229556771824,0.05135396518375235,0.09868748273003582,0.4216634429400387,0.0096711798839458
EU Railways — Netherlands,adap_betweenness,,77,0.029438173662215718,0.01808155217760548,0.014415285691881373,0.020978229556771824,0.05135396518375235,0.09868748273003582,0.4216634429400387,0.0096711798839458
EU Railways — Netherlands,adap_betweenness,,78,0.0296289783717249,0.01840704256441527,0.014415285691881373,0.020978229556771824,0.05135396518375235,0.09868748273003582,0.4216634429400387,0.0096711798839458
EU Railways — Netherlands,adap_betweenness,,79,0.0300292941348128,0.018294804499998096,0.014415285691881373,0.020978229556771824,0.05135396518375235,0.09868748273003582,0.4216634429400387,0.0096711798839458
EU Railways — Netherlands,adap_betweenness,,80,0.02959530695239975,0.018313510844067626,0.014415285691881373,0.020978229556771824,0.05135396518375235,0.09868748273003582,0.4216634429400387,0.0096711798839458
EU Railways — Netherlands,adap_betweenness,,81,0.02939701970526275,0.017864558586398956,0.014415285691881373,0.020978229556771824,0.05135396518375235,0.09868748273003582,0.4216634429400387,0.0096711798839458
EU Railways — Netherlands,adap_betweenness,,82,0.02945313873747134,0.01792067761860754,0.014415285691881373,0.020978229556771824,0.05135396518375235,0.09868748273003582,0.4216634429400387,0.0096711798839458
EU Railways — Netherlands,adap_betweenness,,83,0.029445656199843524,0.01798802045725784,0.014415285691881373,0.020978229556771824,0.05135396518375235,0.09868748273003582,0.4216634429400387,0.0096711798839458
EU Railways — Netherlands,adap_betweenness,,84,0.02919499118931185,0.017999244263699556,0.014415285691881373,0.020978229556771824,0.05135396518375235,0.09868748273003582,0.4216634429400387,0.0096711798839458
EU Railways — Netherlands,adap_betweenness,,85,0.029516740307307734,0.017943125231490976,0.014415285691881373,0.020978229556771824,0.05135396518375235,0.09868748273003582,0.4216634429400387,0.0096711798839458
EU Railways — Netherlands,adap_betweenness,,86,0.029284781640845588,0.01802169187658299,0.014415285691881373,0.020978229556771824,0.05135396518375235,0.09868748273003582,0.4216634429400387,0.0096711798839458
EU Railways — Netherlands,adap_betweenness,,87,0.029812300543606278,0.018227461661347796,0.014415285691881373,0.020978229556771824,0.05135396518375235,0.09868748273003582,0.4216634429400387,0.0096711798839458
EU Railways — Netherlands,adap_betweenness,,88,0.029359607017123698,0.018032915683024706,0.014415285691881373,0.020978229556771824,0.05135396518375235,0.09868748273003582,0.4216634429400387,0.0096711798839458
EU Railways — Netherlands,adap_betweenness,,89,0.02996943383379031,0.018403301295601363,0.014415285691881373,0.020978229556771824,0.05135396518375235,0.09868748273003582,0.4216634429400387,0.0096711798839458
EU Railways — Netherlands,adap_betweenness,,90,0.029759922780211598,0.01820875531727827,0.014415285691881373,0.020978229556771824,0.05135396518375235,0.09868748273003582,0.4216634429400387,0.0096711798839458
EU Railways — Netherlands,adap_betweenness,,91,0.02979733546835065,0.018377112413904023,0.014415285691881373,0.020978229556771824,0.05135396518375235,0.09868748273003582,0.4216634429400387,0.0096711798839458
EU Railways — Netherlands,adap_betweenness,,92,0.029557894264260698,0.018126447403372346,0.014415285691881373,0.020978229556771824,0.05135396518375235,0.09868748273003582,0.4216634429400387,0.0096711798839458
EU Railways — Netherlands,adap_betweenness,,93,0.029277299103217774,0.018055363295908143,0.014415285691881373,0.020978229556771824,0.05135396518375235,0.09868748273003582,0.4216634429400387,0.0096711798839458
EU Railways — Netherlands,adap_betweenness,,94,0.029258592759148244,0.018017950607769086,0.014415285691881373,0.020978229556771824,0.05135396518375235,0.09868748273003582,0.4216634429400387,0.0096711798839458
EU Railways — Netherlands,adap_betweenness,,95,0.029284781640845584,0.018103999790488913,0.014415285691881373,0.020978229556771824,0.05135396518375235,0.09868748273003582,0.4216634429400387,0.0096711798839458
EU Railways — Netherlands,adap_betweenness,,96,0.029363348285937604,0.01816760136032531,0.014415285691881373,0.020978229556771824,0.05135396518375235,0.09868748273003582,0.4216634429400387,0.0096711798839458
EU Railways — Netherlands,adap_betweenness,,97,0.029640202178166618,0.01816760136032531,0.014415285691881373,0.020978229556771824,0.05135396518375235,0.09868748273003582,0.4216634429400387,0.0096711798839458
EU Railways — Netherlands,adap_betweenness,,98,0.029584083145958034,0.018096517252861103,0.014415285691881373,0.020978229556771824,0.05135396518375235,0.09868748273003582,0.4216634429400387,0.0096711798839458
EU Railways — Netherlands,adap_betweenness,,99,0.029374572092379318,0.018044139489466423,0.014415285691881373,0.020978229556771824,0.05135396518375235,0.09868748273003582,0.4216634429400387,0.0096711798839458
EU Railways — Netherlands,adap_betweenness,,100,0.02926233402796215,0.01792067761860754,0.014415285691881373,0.020978229556771824,0.05135396518375235,0.09868748273003582,0.4216634429400387,0.0096711798839458
EU Railways — Netherlands,adap_degree,,1,0.08260534477662748,0.018493091747135072,0.061032053053329594,0.09584139264990325,0.13245218138835158,0.19059477756286264,0.2108317214700193,0.04642166344294
EU Railways — Netherlands,adap_degree,,2,0.08013610735944976,0.01924508677873008,0.06272132123195946,0.07658077737864967,0.16250483558994194,0.19760983697153903,0.2495164410058027,0.0638297872340425
EU Railways — Netherlands,adap_degree,,3,0.07673529400760963,0.017078892135478772,0.06278000958852016,0.09030464216634426,0.10923920051579625,0.1858888693511517,0.2224371373307543,0.0638297872340425
EU Railways — Netherlands,adap_degree,,4,0.077315190673765,0.018885924972595152,0.06319375468311633,0.0963663995578889,0.1172727272727272,0.15384429400386843,0.2127659574468085,0.0638297872340425
EU Railways — Netherlands,adap_degree,,5,0.07431095181619884,0.017849593511143312,0.05647761069861268,0.08567305367504834,0.11514506769825912,0.1707688588007737,0.1914893617021276,0.0541586073500967
EU Railways — Netherlands,adap_degree,,6,0.08785060365372303,0.015189551384456467,0.0705376184099588,0.11075859791479925,0.13692902841839005,0.1684807455600492,0.1489361702127659,0.0715667311411992
EU Railways — Netherlands,adap_degree,,7,0.07862463475863193,0.016386757404906253,0.05599613152804635,0.07695562416307093,0.10608478401031586,0.17491295938104445,0.2475822050290135,0.0560928433268858
EU Railways — Netherlands,adap_degree,,8,0.08136698479922473,0.019278758198055232,0.06119148936170207,0.09953457446808504,0.1457511283043198,0.17239415430904792,0.2398452611218568,0.0618955512572533
EU Railways — Netherlands,adap_degree,,9,0.07567277366446047,0.018691378994272055,0.05624670300685767,0.07847551079392605,0.1351591348689994,0.18642811089619596,0.1798839458413926,0.0502901353965183
EU Railways — Netherlands,adap_degree,,10,0.07897257275832516,0.014770529277299051,0.06175420324356487,0.08403890368964634,0.11173114119922625,0.18679883945841388,0.2475822050290135,0.0618955512572533
EU Railways — Netherlands,adap_degree,,11,0.0752836817078143,0.017127528630059546,0.06413425030446303,0.08247367289920476,0.1042113592403727,0.17234921751362758,0.1818181818181818,0.0444874274661508
EU Railways — Netherlands,adap_degree,,12,0.07381710433276333,0.015331719599384888,0.057262176894671994,0.07073856688676934,0.09707101409229064,0.1920454545454545,0.2108317214700193,0.058027079303675
EU Railways — Netherlands,adap_degree,,13,0.07993407884349889,0.018897148779036862,0.05937626859612673,0.09966205202877441,0.1329400386847195,0.16901998710509344,0.1586073500967118,0.1005802707930367
EU Railways — Netherlands,adap_degree,,14,0.08155030697110607,0.017239766694476712,0.06464628848653958,0.10487185686653765,0.13408257186687117,0.19166046719238203,0.2340425531914893,0.0657640232108317
EU Railways — Netherlands,adap_degree,,15,0.08085068970290576,0.017019031834456272,0.06473313920122427,0.0957054733650478,0.1324177949709864,0.18980227810015043,0.3307543520309478,0.0483558994197292
EU Railways — Netherlands,adap_degree,,16,0.07411640583787575,0.018683896456644252,0.05149903288201155,0.09504620674833436,0.11733558994197284,0.17053053329649073,0.2166344294003868,0.0522243713733075
EU Railways — Netherlands,adap_degree,,17,0.07485717706302902,0.020775265723617455,0.045924444590149556,0.09381672486121223,0.12529013539651834,0.20713435500669541,0.3404255319148936,0.04642166344294
EU Railways — Netherlands,adap_degree,,18,0.07889774738204705,0.01875872183292237,0.05547496238985595,0.09389381711465344,0.12384385440478277,0.18836234687298514,0.3462282398452611,0.0560928433268858
EU Railways — Netherlands,adap_degree,,19,0.07876306170474646,0.01787204112402675,0.060224119081658374,0.10117128734150006,0.13258443683975596,0.16859629731970152,0.1760154738878143,0.0386847195357833
EU Railways — Netherlands,adap_degree,,20,0.07719921134053394,0.017441795210427602,0.0648405346053722,0.08402509133892111,0.10872164585897659,0.171252417794971,0.2553191489361702,0.0657640232108317
EU Railways — Netherlands,adap_degree,,21,0.0788678172315358,0.0166261986089962,0.06263815971262773,0.10836117460875679,0.13070062325381468,0.1764603481624758,0.2321083172147001,0.0483558994197292
EU Railways — Netherlands,adap_degree,,22,0.08703500705229163,0.017078892135478772,0.06965498628041918,0.09758220502901349,0.1317897371714643,0.19751450676982585,0.1740812379110251,0.0560928433268858
EU Railways — Netherlands,adap_degree,,23,0.07619281002959334,0.017789733210120822,0.058655705996131485,0.08796006211349328,0.11910058027079298,0.178151925443995,0.2456479690522243,0.0502901353965183
EU Railways — Netherlands,adap_degree,,24,0.0882995559113917,0.014617137255928923,0.07246715133729072,0.09248065764023204,0.143753751750817,0.21893939393939393,0.1798839458413926,0.04642166344294
EU Railways — Netherlands,adap_degree,,25,0.0798667360048486,0.018414525102043052,0.0544668097859587,0.10841053310258235,0.1297872340425531,0.1707688588007737,0.2321083172147001,0.0522243713733075
EU Railways — Netherlands,adap_degree,,26,0.07386948209615798,0.023929155333739828,0.0565923438263863,0.08268858800773689,0.1257640232108317,0.17428345349041668,0.3326885880077369,0.0386847195357833
EU Railways — Netherlands,adap_degree,,27,0.07574759904073856,0.017131269898873452,0.059999999999999984,0.07319370567375887,0.11785299806576395,0.17812081535485783,0.1934235976789168,0.0522243713733075
EU Railways — Netherlands,adap_degree,,28,0.08579290580607496,0.01786829985521284,0.06044487427466148,0.12779497098646034,0.13468285199759883,0.178151925443995,0.2030947775628626,0.0541586073500967
EU Railways — Netherlands,adap_degree,,29,0.07761075091006353,0.01568714013670591,0.05934823155567834,0.07710079518590153,0.1114764667956157,0.20911992263056084,0.2127659574468085,0.0599613152804642
EU Railways — Netherlands,adap_degree,,30,0.08177852436875431,0.017161200049384696,0.05931376671432173,0.08054238096499823,0.1254879549850536,0.19753922200730706,0.218568665377176,0.0599613152804642
EU Railways — Netherlands,adap_degree,,31,0.0750928769983051,0.02279555088312645,0.05452933591231461,0.07847694515505084,0.11807129041171588,0.20770470664087679,0.3288201160541586,0.0502901353965183
EU Railways — Netherlands,adap_degree,,32,0.07838145228572808,0.021242924325355652,0.05471575140862834,0.09069232308410591,0.1488565252019569,0.21737588652482265,0.3675048355899419,0.0406189555125725
EU Railways — Netherlands,adap_degree,,33,0.0788491108874663,0.017916936349793612,0.06079503768425261,0.07484586557059957,0.11456479690522238,0.19370164410058024,0.1837524177949709,0.0754352030947775
EU Railways — Netherlands,adap_degree,,34,0.07538843723460364,0.016689800178832592,0.05269066040342633,0.08819949309677845,0.12128868471953577,0.1342037395228884,0.206963249516441,0.0522243713733075
EU Railways — Netherlands,adap_degree,,35,0.07848620781251744,0.01646158278118435,0.0655077782737357,0.08230046828871011,0.11637192594639394,0.15054613721697574,0.218568665377176,0.0657640232108317
EU Railways — Netherlands,adap_degree,,36,0.07588228471803919,0.016820744587319282,0.05587373065764016,0.07637420718816063,0.11704061895551249,0.18016199226305604,0.2456479690522243,0.0560928433268858
EU Railways — Netherlands,adap_degree,,37,0.07887529976916362,0.018833547209200472,0.053634751773049626,0.10503410363432752,0.1451934235976789,0.1669003868471953,0.3230174081237911,0.0541586073500967
EU Railways — Netherlands,adap_degree,,38,0.07795868890975675,0.018717567875969402,0.0639909735654416,0.07841229521567895,0.11733778793740102,0.19567560099474993,0.1972920696324951,0.0560928433268858
EU Railways — Netherlands,adap_degree,,39,0.07444189622468556,0.017860817317585025,0.0594097558027079,0.07289534468836266,0.11677096370463069,0.18449387491940675,0.2456479690522243,0.0599613152804642
EU Railways — Netherlands,adap_degree,,40,0.07902120925290597,0.018567917123413182,0.058411446709319005,0.09576734767891679,0.15089361702127657,0.17445196647324301,0.1760154738878143,0.0425531914893617
EU Railways — Netherlands,adap_degree,,41,0.08213020363726146,0.018092775984047176,0.076151121605667,0.10259893770532066,0.1336644979778442,0.18233800773694386,0.1760154738878143,0.0444874274661508
EU Railways — Netherlands,adap_degree,,42,0.08180845451926559,0.01723976669447671,0.07149233744978423,0.10489200515796253,0.11764990328820107,0.16155705996131522,0.1837524177949709,0.0735009671179884
EU Railways — Netherlands,adap_degree,,43,0.08117243882090164,0.014736857857973901,0.06371288286181898,0.09497667538969161,0.12603338348019197,0.1800861614207842,0.172147001934236,0.0638297872340425
EU Railways — Netherlands,adap_degree,,44,0.08262779238951089,0.016794555705621942,0.06514594028591786,0.08915153994941225,0.11166344294003863,0.2032969931422542,0.2514506769825919,0.0657640232108317
EU Railways — Netherlands,adap_degree,,45,0.07560543082581016,0.017168682587012513,0.05215792815273077,0.08235136923546774,0.1233213594915722,0.17813507414571236,0.2495164410058027,0.0522243713733075
EU Railways — Netherlands,adap_degree,,46,0.07959362338143348,0.0150735720512254,0.05597678916827845,0.09731624758220499,0.11019376293732397,0.1762176894672059,0.1431334622823984,0.0560928433268858
EU Railways — Netherlands,adap_degree,,47,0.08168125137959276,0.017415606328730272,0.062238722156361066,0.08746373307543513,0.12384385440478277,0.20724129593810442,0.1895551257253385,0.0618955512572533
EU Railways — Netherlands,adap_degree,,48,0.08097415157376463,0.01712378736124564,0.06284043664821355,0.09102581204562127,0.12440501219409632,0.17826747720364733,0.2030947775628626,0.0599613152804642
EU Railways — Netherlands,adap_degree,,49,0.08670951666548181,0.019477045445192225,0.0631876208897485,0.1068204844800589,0.16081910688756196,0.17519342359767887,0.1856866537717601,0.0638297872340425
EU Railways — Netherlands,adap_degree,,50,0.07810459839349908,0.016222141577094406,0.06742424242424234,0.07677383592017734,0.13252417794970983,0.17058349451966473,0.2920696324951644,0.0502901353965183
EU Railways — Netherlands,adap_degree,,51,0.08251929559390762,0.016865639813086152,0.06672184198779939,0.10348790474515808,0.14017056444522594,0.1916915772815192,0.1934235976789168,0.0676982591876208
EU Railways — Netherlands,adap_degree,,52,0.08282233836783398,0.015395321169221276,0.06156609348098703,0.08690629701267992,0.14232108317214698,0.17826747720364733,0.1740812379110251,0.0618955512572533
EU Railways — Netherlands,adap_degree,,53,0.08084320716527793,0.017299626995499206,0.05868077942546024,0.10483379898273508,0.11264775413711578,0.2274177949709864,0.206963249516441,0.0599613152804642
EU Railways — Netherlands,adap_degree,,54,0.07409395822499236,0.020805195874128695,0.054140359840881704,0.07795134904763464,0.11544809800128941,0.20337282398452605,0.3152804642166344,0.0444874274661508
EU Railways — Netherlands,adap_degree,,55,0.07770428263041117,0.016592527189671052,0.06094455190199866,0.08729469232534498,0.10401676337846544,0.16672234921751355,0.2727272727272727,0.0560928433268858
EU Railways — Netherlands,adap_degree,,56,0.07834778086640296,0.018002985532513442,0.061178272082527345,0.08603572292069629,0.11134429400386843,0.17629352030947773,0.230174081237911,0.0618955512572533
EU Railways — Netherlands,adap_degree,,57,0.07108223682979835,0.02117184021789144,0.043893410833685115,0.07665709947796422,0.12894100580270787,0.18987289306438243,0.379110251450677,0.0444874274661508
EU Railways — Netherlands,adap_degree,,58,0.08147174032601406,0.01901312811226794,0.07174173344386107,0.09782398452611213,0.13940468514936596,0.14490328820116052,0.2011605415860735,0.0735009671179884
EU Railways — Netherlands,adap_degree,,59,0.07726655417918422,0.016076232093352082,0.06481770345874667,0.07580593165699542,0.12616308663341136,0.15916344294003867,0.1760154738878143,0.0522243713733075
EU Railways — Netherlands,adap_degree,,60,0.08244821148644343,0.01581808454519261,0.06654026264888523,0.08988460151460509,0.13667311411992256,0.15259415178063487,0.1450676982591876,0.0676982591876208
EU Railways — Netherlands,adap_degree,,61,0.08406443961405063,0.01488650861053012,0.06700103459133636,0.10316481024478086,0.13148573500967115,0.15025789813023852,0.1876208897485493,0.0541586073500967
EU Railways — Netherlands,adap_degree,,62,0.0748871072135403,0.019323653423822095,0.06062217923920048,0.08414627309169398,0.12061573178594454,0.17817214700193415,0.3075435203094777,0.0483558994197292
EU Railways — Netherlands,adap_degree,,63,0.07855355065116774,0.01829106323118417,0.060554065015286665,0.08646364515561802,0.12210831721470018,0.1821889103803997,0.2108317214700193,0.0541586073500967
EU Railways — Netherlands,adap_degree,,64,0.08400083804421422,0.017385676178219022,0.07388447942373107,0.11061411992263055,0.12536170212765954,0.1425822050290135,0.1760154738878143,0.0406189555125725
EU Railways — Netherlands,adap_degree,,65,0.07618532749196555,0.017857076048771122,0.04973514155090551,0.0842922899884925,0.13374167203954435,0.1727410886985355,0.3365570599613153,0.0502901353965183
EU Railways — Netherlands,adap_degree,,66,0.08126971181006318,0.01799176172607173,0.061846706914405095,0.09079683614258081,0.1138757649744744,0.18486460348162467,0.1895551257253385,0.0618955512572533
EU Railways — Netherlands,adap_degree,,67,0.07908481082274235,0.01830602830643979,0.059773264560498585,0.07333474371373308,0.12429400386847189,0.19186009026434553,0.206963249516441,0.0599613152804642
EU Railways — Netherlands,adap_degree,,68,0.07506668811660777,0.02191635271185864,0.05255024808678829,0.07876974532559639,0.12241134751773047,0.19066731141199222,0.344294003868472,0.0502901353965183
EU Railways — Netherlands,adap_degree,,69,0.07896134895188345,0.017875782392840652,0.06474638413349112,0.0847609836971539,0.11669551053649589,0.18486460348162467,0.2572533849129594,0.0657640232108317
EU Railways — Netherlands,adap_degree,,70,0.07155363670035046,0.021325232239261565,0.04602011152962996,0.078083264253477,0.10600994749930914,0.17095422308188266,0.3230174081237911,0.04642166344294
EU Railways — Netherlands,adap_degree,,71,0.08531028212908116,0.016622457340182292,0.08129835589941965,0.08483941811734365,0.12867504835589938,0.1687983558994197,0.1837524177949709,0.0851063829787234
EU Railways — Netherlands,adap_degree,,72,0.0817074402612901,0.018231202930161682,0.06298087255534057,0.09208021034816243,0.1278167311411992,0.18799161831076722,0.172147001934236,0.0638297872340425
EU Railways — Netherlands,adap_degree,,73,0.07754714934022716,0.0179767966508161,0.064831945729263,0.08762597984322502,0.1153094777562862,0.15201713180436582,0.2611218568665377,0.0657640232108317
EU Railways — Netherlands,adap_degree,,74,0.07889400611323316,0.01761015230705336,0.0552597236139917,0.09217601547388776,0.11161285522987646,0.20521437782076077,0.3191489361702128,0.0560928433268858
EU Railways — Netherlands,adap_degree,,75,0.0757513403095525,0.017789733210120826,0.05364561433016565,0.07888681384646168,0.1117389702496085,0.16257253384912954,0.218568665377176,0.0541586073500967
EU Railways — Netherlands,adap_degree,,76,0.0761553973414543,0.018070328371163735,0.05378934411816422,0.07925531914893617,0.11222437137330747,0.1707688588007737,0.3114119922630561,0.0541586073500967
EU Railways — Netherlands,adap_degree,,77,0.09257582616568573,0.01416444372944635,0.0834316176817474,0.11607718522612129,0.14205351386202447,0.1878231053279409,0.1199226305609284,0.1179883945841392
EU Railways — Netherlands,adap_degree,,78,0.07490207228879592,0.016768366823924612,0.052195926726590014,0.08108280719681757,0.12468085106382973,0.1763862024500322,0.1489361702127659,0.04642166344294
EU Railways — Netherlands,adap_degree,,79,0.07892767753255829,0.017894488736910186,0.05730174081237905,0.08267919851270394,0.11344984802431606,0.17869116698903925,0.1972920696324951,0.0831721470019342
EU Railways — Netherlands,adap_degree,,80,0.07559046575055453,0.02121299417484441,0.04987896547330864,0.09012539184952975,0.1268375241779497,0.17043520309477755,0.3210831721470019,0.0502901353965183
EU Railways — Netherlands,adap_degree,,81,0.07771924770566681,0.016850674737830532,0.061280112537365865,0.0770568948436099,0.10240843576464714,0.18403046421663435,0.1992263056092843,0.0541586073500967
EU Railways — Netherlands,adap_degree,,82,0.0752724579013726,0.02070792288496715,0.04589366929792457,0.10838629455650729,0.12453255963894255,0.17242504835589942,0.3558994197292069,0.04642166344294
EU Railways — Netherlands,adap_degree,,83,0.08104897695004275,0.017490431705008382,0.07022696218479935,0.08328886813846459,0.1178981302385557,0.16644100580270785,0.2011605415860735,0.0715667311411992
EU Railways — Netherlands,adap_degree,,84,0.0750779119230495,0.019174002671265872,0.05377052815730141,0.07467448223805252,0.11260477111540936,0.17246476927327992,0.3017408123791102,0.0541586073500967
EU Railways — Netherlands,adap_degree,,85,0.07254507293603543,0.018246168005417306,0.05181229501303502,0.07339619600257898,0.1263056092843326,0.20742531699978506,0.2205029013539652,0.0522243713733075
EU Railways — Netherlands,adap_degree,,86,0.0752088563315362,0.022470060496316665,0.05350866246542291,0.08926753537615796,0.12653885538741608,0.17246476927327992,0.3578336557059961,0.0541586073500967
EU Railways — Netherlands,adap_degree,,87,0.07801854921077926,0.019854913595396685,0.0666016164686377,0.09310178083105441,0.12205908211710918,0.1789893617021276,0.2147001934235976,0.0676982591876208
EU Railways — Netherlands,adap_degree,,88,0.07214101590413363,0.021691876583024315,0.054642166344293974,0.0763479206963249,0.11325596389426171,0.1687234042553191,0.3597678916827853,0.04642166344294
EU Railways — Netherlands,adap_degree,,89,0.08381377460351895,0.018395818757973526,0.059593186497784965,0.11621534493874909,0.12652224371373305,0.1689716312056737,0.2978723404255319,0.0599613152804642
EU Railways — Netherlands,adap_degree,,90,0.07908481082274237,0.019028093187523566,0.0627014829142488,0.08952435378934409,0.12656350741457123,0.15598404255319143,0.2147001934235976,0.0638297872340425
EU Railways — Netherlands,adap_degree,,91,0.08433381096865183,0.016626198608996196,0.06048729173029282,0.10643133462282393,0.12211855728751847,0.18983317214700193,0.1818181818181818,0.0541586073500967
EU Railways — Netherlands,adap_degree,,92,0.07967967256415331,0.017295885726685292,0.056810382479565665,0.09402904003603502,0.11333604805049369,0.178151925443995,0.2108317214700193,0.0560928433268858
EU Railways — Netherlands,adap_degree,,93,0.07552686418071816,0.01772239037147053,0.0677212858063921,0.07472799806576398,0.11668278529980648,0.18403046421663435,0.195357833655706,0.04642166344294
EU Railways — Netherlands,adap_degree,,94,0.0778950873399204,0.017823404629445972,0.06651319911733453,0.08475234871511467,0.12294404055225767,0.16644100580270785,0.1818181818181818,0.0367504835589942
EU Railways — Netherlands,adap_degree,,95,0.07809337458705737,0.01859410600511052,0.05693459416863665,0.08789614640678464,0.11553675048355891,0.17104448742746614,0.2205029013539652,0.0560928433268858
EU Railways — Netherlands,adap_degree,,96,0.07851239669421477,0.018466902865437725,0.055339607201309274,0.1005572441742654,0.1300881151944981,0.1820203973975734,0.1934235976789168,0.0560928433268858
EU Railways — Netherlands,adap_degree,,97,0.08018474385403059,0.017845852242329405,0.05515525565874757,0.08659159988947217,0.1352030947775628,0.17460106382978718,0.2514506769825919,0.0560928433268858
EU Railways — Netherlands,adap_degree,,98,0.08032691206895896,0.016891828694783496,0.06878358048570808,0.08237880802707925,0.1256711798839458,0.18397485493230165,0.172147001934236,0.0522243713733075
EU Railways — Netherlands,adap_degree,,99,0.08435999985034918,0.01590413372791243,0.07052012400307354,0.07917983676935415,0.14180851063829786,0.17819686223941536,0.1740812379110251,0.058027079303675
EU Railways — Netherlands,adap_degree,,100,0.0804765628215152,0.017512879317891816,0.04895653059146897,0.11861848660688114,0.12954867827208244,0.19367075005372875,0.3056092843326886,0.0483558994197292
EU Railways — Netherlands,betweenness,,1,0.12842840520934262,0.04815387090377826,0.051757994678396396,0.16736514076939604,0.34291424887169564,0.39848887814313344,0.379110251450677,0.0522243713733075
EU Railways — Netherlands,degree,,1,0.09747688831190203,0.03171099446666338,0.06147793212590111,0.1005302474488094,0.16898774983881362,0.25601225016118634,0.1876208897485493,0.0502901353965183
EU Railways — Netherlands,random,,1,0.2033286068637317,0.035123031624945254,0.1825403803160089,0.2098415768628534,0.5035299806576402,0.5414995418914792,0.2959381044487427,0.1837524177949709
EU Railways — Netherlands,random,,2,0.1711013173007493,0.04436396559529195,0.15108098833218941,0.1946566731141199,0.3309829435554774,0.5206293706293705,0.2379110251450677,0.1528046421663443
EU Railways — Netherlands,random,,3,0.1877649285978846,0.02878158098537534,0.16344294003868468,0.2567303517151542,0.3256895193065405,0.42577906726842896,0.104448742746615,0.1663442940038684
EU Railways — Netherlands,random,,4,0.1770985712094399,0.03428498741063041,0.16484660434128517,0.18895778814427125,0.3196149112009847,0.337669245647969,0.2765957446808511,0.1663442940038684
EU Railways — Netherlands,random,,5,0.1867398209428745,0.03727426119294093,0.16105888174171198,0.2308994197292069,0.32854932301740813,0.4995527079303675,0.11605415860735,0.2108317214700193
EU Railways — Netherlands,random,,6,0.17724448069318222,0.04021489848067069,0.1175048355899419,0.21006320806852716,0.3970986460348162,0.41347978262871876,0.1450676982591876,0.1102514506769826
EU Railways — Netherlands,random,,7,0.15413466322968764,0.044584700455312376,0.13435552331828923,0.17439412902491747,0.32166344294003857,0.4088652482269503,0.2765957446808511,0.1353965183752417
EU Railways — Netherlands,random,,8,0.1802786497012596,0.02810815259887234,0.1554518176858602,0.20999185584851873,0.37200193423597677,0.4268455834945197,0.2998065764023211,0.1566731141199226
EU Railways — Netherlands,random,,9,0.1896580106177208,0.049437126106947886,0.13557785299806568,0.2320001527028402,0.44259038833506914,0.5320599613152804,0.2630560928433268,0.0638297872340425
EU Railways — Netherlands,random,,10,0.1838627852249811,0.03528390618394319,0.16537717601547383,0.23100519825918756,0.35309754075711525,0.4855899419729206,0.1353965183752417,0.1682785299806576
EU Railways — Netherlands,random,,11,0.144497154765067,0.047439288560322306,0.09001523943496861,0.15900183243408328,0.28127659574468084,0.43082343188726163,0.2263056092843327,0.0870406189555125
EU Railways — Netherlands,random,,12,0.1603040155038179,0.044711903594985156,0.10848395918095109,0.2115860735009671,0.3780141843971631,0.5625338491295938,0.2243713733075435,0.0793036750483559
EU Railways — Netherlands,random,,13,0.1696721526138374,0.039350665384658506,0.11910170482659345,0.24280034386417362,0.32597212032281725,0.4238878143133461,0.1644100580270793,0.1199226305609284
EU Railways — Netherlands,random,,14,0.16989288747385783,0.034341106442838984,0.14023210831721467,0.23630146449295383,0.2686058622228835,0.47416586073500966,0.1779497098646034,0.0851063829787234
EU Railways — Netherlands,random,,15,0.1326036612056612,0.045901627077807136,0.0824813484387952,0.18104295231954803,0.23607350096711793,0.33246494197292065,0.2495164410058027,0.0522243713733075
EU Railways — Netherlands,random,,16,0.18338390281680123,0.029885255285477468,0.14438265635074143,0.24866215344938747,0.3200709219858156,0.47209864603481616,0.1353965183752417,0.1083172147001934
EU Railways — Netherlands,random,,17,0.16134034696526972,0.03464040794795142,0.16061375905770947,0.2045454545454545,0.2618633139909735,0.33283365570599605,0.1276595744680851,0.1624758220502901
EU Railways — Netherlands,random,,18,0.1794144166052474,0.03217865306840157,0.1546448527831506,0.23065764023210827,0.2914732430689877,0.375338491295938,0.1373307543520309,0.1547388781431334
EU Railways — Netherlands,random,,19,0.20314528469185034,0.03665695183864651,0.1544165054803352,0.2717831813576494,0.3769052224371373,0.5126450676982591,0.09284332688588,0.3133462282398452
EU Railways — Netherlands,random,,20,0.1616658373520795,0.03721065962310453,0.1266437964551172,0.22678916827852996,0.29719535783365564,0.32867101869761445,0.3056092843326886,0.1276595744680851
EU Railways — Netherlands,random,,21,0.1874356969422609,0.02361863002218569,0.1728723404255319,0.2613931216681606,0.3224826487655023,0.43139264990328813,0.0947775628626692,0.2147001934235976
EU Railways — Netherlands,random,,22,0.17252674071884735,0.02957847124273722,0.155705996131528,0.2517684443216358,0.2798436492585428,0.42200999355254676,0.1179883945841392,0.1972920696324951
EU Railways — Netherlands,random,,23,0.19810579559951955,0.03119844063915832,0.18508220502901349,0.2416344294003868,0.4020502901353965,0.47158607350096704,0.104448742746615,0.0676982591876208
EU Railways — Netherlands,random,,24,0.15946223002068913,0.03982954779283843,0.13273694390715665,0.1939071566731141,0.27730496453900705,0.47527401676337844,0.1450676982591876,0.1450676982591876
EU Railways — Netherlands,random,,25,0.18231764120483815,0.03205519119754269,0.1629593810444874,0.21456281870933702,0.27785299806576397,0.5222678916827853,0.1682785299806576,0.2147001934235976
EU Railways — Netherlands,random,,26,0.162675979931834,0.03552708865684703,0.11984587516502407,0.18227272727272723,0.26464067847046574,0.36920051579626045,0.1373307543520309,0.1528046421663443
EU Railways — Netherlands,random,,27,0.1779066852732435,0.038770768718503164,0.1196002578981302,0.21445841392649898,0.3223518033906019,0.5519987105093488,0.1798839458413926,0.0947775628626692
EU Railways — Netherlands,random,,28,0.1789280516594397,0.03804870383741938,0.18333793865708753,0.2028863469619155,0.32214700193423595,0.456769825918762,0.1334622823984526,0.1914893617021276
EU Railways — Netherlands,random,,29,0.1657999393914451,0.030326725005518324,0.14297227595099932,0.2289775827009869,0.2641715022566086,0.32569310122501605,0.1489361702127659,0.230174081237911
EU Railways — Netherlands,random,,30,0.19904859534062375,0.041303607705517206,0.18633797813129116,0.21927385557704707,0.3704900064474532,0.4392166344294004,0.2823984526112186,0.1876208897485493
EU Railways — Netherlands,random,,31,0.16593836633755962,0.03858370527780787,0.13257853665043684,0.15587811034980162,0.37770793036750483,0.49793036750483555,0.3346228239845261,0.1334622823984526
EU Railways — Netherlands,random,,32,0.15771879875340916,0.03053623605909704,0.1269386319676455,0.1879593810444874,0.30618955512572527,0.37077691811734365,0.11605415860735,0.06963249516441
EU Railways — Netherlands,random,,33,0.15764023210831712,0.03462918414150972,0.16327369439071565,0.1786653771760154,0.2733365570599613,0.3260584569095207,0.1431334622823984,0.1798839458413926
EU Railways — Netherlands,random,,34,0.1695112780548394,0.0315912738646184,0.18388781431334614,0.21806235066560473,0.2794003868471953,0.40693101225016115,0.1605415860735009,0.218568665377176
EU Railways — Netherlands,random,,35,0.19426351252763854,0.036454923322695613,0.16799775379047852,0.2671905222437137,0.36279497098646035,0.48940315004144785,0.1063829787234042,0.0077369439071566
EU Railways — Netherlands,random,,36,0.16067065984758064,0.04156175525367668,0.14019817435270962,0.15452254911941354,0.33201160541586067,0.36529497098646035,0.1798839458413926,0.1411992263056093
EU Railways — Netherlands,random,,37,0.2081548436336699,0.03406425255060998,0.17598784194528874,0.3051257253384913,0.39797549967762735,0.561306488482504,0.104448742746615,0.1895551257253385
EU Railways — Netherlands,random,,38,0.16446056515606697,0.03734534530040514,0.14387088974854928,0.20415860735009667,0.32150225660863957,0.3489941972920696,0.1566731141199226,0.2050290135396518
EU Railways — Netherlands,random,,39,0.17908144368080986,0.03334967020715402,0.16669290630201064,0.18094777562862666,0.26275716546509575,0.4534429400386847,0.1644100580270793,0.1682785299806576
EU Railways — Netherlands,random,,40,0.17565818271608627,0.032051449928728784,0.16489881658035396,0.21929400386847195,0.32305609284332687,0.3802224371373307,0.1779497098646034,0.1663442940038684
EU Railways — Netherlands,random,,41,0.1514821036406286,0.05056324801993344,0.09035273808781014,0.17703632065334188,0.3300773694390715,0.5571083172147002,0.3578336557059961,0.0909090909090909
EU Railways — Netherlands,random,,42,0.16343171623224295,0.04578938901338996,0.11337790969118917,0.14007092198581558,0.45319148936170206,0.5124629271437782,0.2224371373307543,0.1141199226305609
EU Railways — Netherlands,random,,43,0.15445267107886965,0.04848684382821586,0.08665485840957984,0.21813346228239844,0.34830754352030946,0.40994059132356997,0.3423597678916827,0.0870406189555125
EU Railways — Netherlands,random,,44,0.17034183973152647,0.03521656334529287,0.155705996131528,0.19509446670350925,0.3560928433268858,0.3979414202818458,0.2147001934235976,0.195357833655706
EU Railways — Netherlands,random,,45,0.17354062456741573,0.03471523332422954,0.1291981712678037,0.2439665025496747,0.383558994197292,0.5436653771760155,0.1528046421663443,0.0676982591876208
EU Railways — Netherlands,random,,46,0.15837726206465652,0.03959010658874847,0.13175663794619305,0.20602635396518373,0.3435639857740064,0.4395336342144853,0.11605415860735,0.0019342359767891
EU Railways — Netherlands,random,,47,0.17320765164297808,0.032425576810119344,0.16837184838304656,0.20543672014260247,0.356056576402321,0.3956237911025145,0.218568665377176,0.1702127659574468
EU Railways — Netherlands,random,,48,0.19529236145146261,0.03435233024928071,0.18510638297872334,0.19989119922630558,0.38823339780786587,0.47183614258082335,0.1876208897485493,0.195357833655706
EU Railways — Netherlands,random,,49,0.15661886572212094,0.04117640456584443,0.13767944315056774,0.19551169333567786,0.2631007290581758,0.4077127659574468,0.2591876208897485,0.1392649903288201
EU Railways — Netherlands,random,,50,0.18945972337058384,0.03180826745582492,0.1500312891113892,0.27800612508059314,0.4085695063493398,0.4741779497098645,0.1295938104448742,0.1508704061895551
EU Railways — Netherlands,random,,51,0.1600795393749836,0.04089580940480151,0.11004190844616377,0.21367812554949883,0.24235976789168268,0.4739845261121856,0.1141199226305609,0.1102514506769826
EU Railways — Netherlands,random,,52,0.16056216305197743,0.04398983871390139,0.11453440176844427,0.15275681765043467,0.38709269453950307,0.47978723404255313,0.1740812379110251,0.1528046421663443
EU Railways — Netherlands,random,,53,0.19759324177201448,0.03140046915510921,0.16797081062071387,0.2661395664297018,0.39584139264990326,0.4754110251450677,0.1431334622823984,0.2669245647969052
EU Railways — Netherlands,random,,54,0.20760487711802578,0.035519606119219234,0.20212765957446802,0.2772727272727272,0.38740328820116054,0.4792432301740812,0.1566731141199226,0.206963249516441
EU Railways — Netherlands,random,,55,0.19292787956107427,0.03716950566615158,0.16259671179883942,0.2552224371373307,0.36040924361193116,0.547678916827853,0.0986460348162475,0.1663442940038684
EU Railways — Netherlands,random,,56,0.2027150387782512,0.03734534530040513,0.1678945272499715,0.22567093810444874,0.3921751362757165,0.4935203094777562,0.1295938104448742,0.1682785299806576
EU Railways — Netherlands,random,,57,0.15532438671250962,0.0393431828470307,0.10046929004027011,0.16426583867793274,0.36809892235424146,0.4314313346228239,0.11605415860735,0.0096711798839458
EU Railways — Netherlands,random,,58,0.15292997467161004,0.03242183554130545,0.13725858136782235,0.156639993640868,0.25190660403426357,0.3097678916827852,0.1392649903288201,0.1566731141199226
EU Railways — Netherlands,random,,59,0.17926850712150513,0.032466730767072294,0.16804947572024834,0.2074375092992114,0.3659977433913604,0.4072050290135396,0.1740812379110251,0.1760154738878143
EU Railways — Netherlands,random,,60,0.15991118227835785,0.04008395407218399,0.12157917919451519,0.19401293520309476,0.2481624758220502,0.3749129593810444,0.1934235976789168,0.1218568665377176
EU Railways — Netherlands,random,,61,0.2006311520489058,0.03425879852893305,0.19052224371373302,0.2928076962231497,0.38324468085106383,0.46644100580270786,0.1083172147001934,0.2940038684719536
EU Railways — Netherlands,random,,62,0.16721788027191536,0.040196192136601167,0.1252417794970986,0.20790491703145675,0.28267784225231035,0.5068278529980658,0.1179883945841392,0.1257253384912959
EU Railways — Netherlands,random,,63,0.1597690140634294,0.04161039174825747,0.1146679561573178,0.2064796905222437,0.34144100580270786,0.45169245647969053,0.1837524177949709,0.09284332688588
EU Railways — Netherlands,random,,64,0.20691648365626714,0.027318744879138275,0.20479874735193881,0.2684785262248596,0.34546592331323245,0.4252066115702479,0.172147001934236,0.2688588007736944
EU Railways — Netherlands,random,,65,0.16352150668377669,0.044203091036293995,0.12694562872796133,0.1878314718911836,0.29226305609284325,0.44308510638297866,0.3481624758220503,0.1276595744680851
EU Railways — Netherlands,random,,66,0.17933210869134153,0.033203760723411704,0.17352030947775623,0.18750352106063733,0.2870083816892327,0.3756125080593165,0.1972920696324951,0.1876208897485493
EU Railways — Netherlands,random,,67,0.19380333646352818,0.031725959541919,0.14505209958195545,0.21842187068250896,0.3891914893617021,0.44176740812379106,0.1179883945841392,0.1450676982591876
EU Railways — Netherlands,random,,68,0.17844168671363198,0.02791360662054926,0.15141843971631205,0.2313104448742746,0.28747954173486084,0.5112323846366399,0.0793036750483559,0.1373307543520309
EU Railways — Netherlands,random,,69,0.18629460995401978,0.041977036092020206,0.15780508176542993,0.17577660739670478,0.4198689017837954,0.47394584139264984,0.1682785299806576,0.1586073500967118
EU Railways — Netherlands,random,,70,0.2019780088219118,0.032051449928728784,0.11772934512296208,0.2985825676982592,0.509284332688588,0.570696324951644,0.1063829787234042,0.1179883945841392
EU Railways — Netherlands,random,,71,0.1745432846095424,0.0388755242452925,0.141825008533394,0.18381286266924557,0.3744036105738233,0.45143858800773695,0.1624758220502901,0.0986460348162475
EU Railways — Netherlands,random,,72,0.19446928231240337,0.028770357178933625,0.17510880077369437,0.25793036750483556,0.3818826563507414,0.4686390012308774,0.0947775628626692,0.1237911025145067
EU Railways — Netherlands,random,,73,0.15230518277968785,0.02989647909191919,0.13456922467432586,0.20144201622448682,0.23723404255319144,0.3451257253384913,0.1586073500967118,0.1353965183752417
EU Railways — Netherlands,random,,74,0.15565361836813332,0.0529614013296469,0.1132716683055444,0.22195357833655702,0.2757683215130024,0.4625725338491295,0.344294003868472,0.1141199226305609
EU Railways — Netherlands,random,,75,0.1831033076557583,0.04581931916390122,0.12629053731568235,0.28828578336557054,0.3362068064195724,0.4765635074145712,0.1663442940038684,0.0638297872340425
EU Railways — Netherlands,random,,76,0.1694813479043282,0.032122534036192994,0.14110387664478166,0.18943423597678918,0.30805125725338484,0.4084139264990328,0.1353965183752417,0.1411992263056093
EU Railways — Netherlands,random,,77,0.18817646816741423,0.032462989498258404,0.1974993092014368,0.21082205029013534,0.34349881796690307,0.38740328820116054,0.1257253384912959,0.2011605415860735
EU Railways — Netherlands,random,,78,0.15554138030371614,0.0386024116218774,0.13620245003223722,0.197090076634919,0.2569825918762089,0.3462862669245647,0.1663442940038684,0.0638297872340425
EU Railways — Netherlands,random,,79,0.19055217386424425,0.03569544575347279,0.17385218365061586,0.24430091185410333,0.3606060606060606,0.49821083172146996,0.1295938104448742,0.1934235976789168
EU Railways — Netherlands,random,,80,0.19727523392283255,0.03109742638118289,0.16586073500967113,0.28867070333305295,0.31231141199226303,0.4643617021276595,0.1315280464216634,0.2901353965183752
EU Railways — Netherlands,random,,81,0.16688490734747774,0.04293105963956612,0.14383246835321825,0.16039047388781427,0.35029013539651827,0.4729932301740812,0.1682785299806576,0.1450676982591876
EU Railways — Netherlands,random,,82,0.17379503084676132,0.04195458847913677,0.1346794036763641,0.1701257253384913,0.3318665377176015,0.4686049323017408,0.2823984526112186,0.1353965183752417
EU Railways — Netherlands,random,,83,0.19065692939103362,0.0319317293266838,0.16869789972783755,0.2644422952933591,0.329819471308833,0.5167190522243713,0.2166344294003868,0.1702127659574468
EU Railways — Netherlands,random,,84,0.18119151929185257,0.03849017355746023,0.16353754940711462,0.215191551756411,0.2887814313346227,0.44129593810444867,0.1760154738878143,0.1644100580270793
EU Railways — Netherlands,random,,85,0.20536385709849633,0.034228868378421824,0.19935330090068967,0.29569632495164405,0.3518254352030947,0.4624274661508703,0.1895551257253385,0.2011605415860735
EU Railways — Netherlands,random,,86,0.17146796164451203,0.04390004826236766,0.14832724407192488,0.18600509506062174,0.3453521447263625,0.3723766924564797,0.1837524177949709,0.172147001934236
EU Railways — Netherlands,random,,87,0.13383827991425007,0.04677708398026102,0.08485614965305487,0.1666896932854379,0.25438104448742743,0.37213491295938106,0.2746615087040619,0.0851063829787234
EU Railways — Netherlands,random,,88,0.1896393042736513,0.027662941610017578,0.14396718468618686,0.2933334798663619,0.3656963249516441,0.37823984526112187,0.0831721470019342,0.2940038684719536
EU Railways — Netherlands,random,,89,0.15962310457968704,0.042800115231079426,0.1402321083172147,0.20002072395689416,0.30694713088330106,0.4161508704061895,0.1702127659574468,0.1702127659574468
EU Railways — Netherlands,random,,90,0.17709108867181209,0.030682145542839365,0.14603481624758222,0.2157882011605415,0.3579303675048356,0.5081560283687944,0.0947775628626692,0.1257253384912959
EU Railways — Netherlands,random,,91,0.20835313088080687,0.02996008066175559,0.17346579919113764,0.2963353136225476,0.44091553836234687,0.4847775628626692,0.0986460348162475,0.0290135396518375
EU Railways — Netherlands,random,,92,0.20082195675841497,0.03715828185970985,0.14791532344723832,0.2493552546744036,0.4114700193423597,0.6037717601547389,0.1528046421663443,0.1411992263056093
EU Railways — Netherlands,random,,93,0.19026783743438747,0.03241809427249154,0.18626692456479688,0.27675219023779724,0.4000604448742746,0.45959381044487424,0.104448742746615,0.2088974854932301
EU Railways — Netherlands,random,,94,0.1622644403623044,0.026791225976377588,0.14773622752346155,0.21332391013242075,0.23690092413496666,0.3639264990328819,0.1237911025145067,0.2147001934235976
EU Railways — Netherlands,random,,95,0.16507413324154752,0.04144951718925953,0.15293014602743366,0.16368471953578334,0.34650628626692453,0.39874274661508696,0.2514506769825919,0.1547388781431334
EU Railways — Netherlands,random,,96,0.18002050215310011,0.030349172618401764,0.12759187620889748,0.20565764023210828,0.3433125582061752,0.434100580270793,0.1914893617021276,0.1276595744680851
EU Railways — Netherlands,random,,97,0.15209941299492302,0.071970788173101,0.06965223226621398,0.22316247582205023,0.33240060176230385,0.3685444874274661,0.3733075435203095,0.06963249516441
EU Railways — Netherlands,random,,98,0.16130667554594458,0.04206682654355394,0.14612497131429694,0.1730724338024411,0.27717601547388776,0.42954545454545445,0.2263056092843327,0.1470019342359768
EU Railways — Netherlands,random,,99,0.1643445858228359,0.032058932466356604,0.12169942872565337,0.18274547730117185,0.28029013539651837,0.5172727272727272,0.1624758220502901,0.1837524177949709
EU Railways — Netherlands,random,,100,0.1639480113285619,0.04368679593997504,0.11333151122697833,0.22356544165054798,0.3087878787878787,0.39214876033057844,0.1760154738878143,0.1141199226305609
EU Railways — Netherlands,seamless,1.0,1,0.1259030487599564,0.02586339131052902,0.11121856866537715,0.13223217618514368,0.21291102514506768,0.32305885603757944,0.1837524177949709,0.11605415860735
EU Railways — Netherlands,seamless,1.0,2,0.143861139066703,0.034400966743861484,0.13304948813511344,0.15081545630385088,0.3184719535783365,0.37264193878712026,0.1566731141199226,0.1334622823984526
EU Railways — Netherlands,seamless,1.0,3,0.1264530152756005,0.033880930378728594,0.09719535783365567,0.17198581560283688,0.19875656258634977,0.4230012894906512,0.1218568665377176,0.1605415860735009
EU Railways — Netherlands,seamless,1.0,4,0.14442232938878888,0.03247795457351403,0.11780705996131521,0.15408857466817844,0.2777176015473887,0.34153771760154733,0.2088974854932301,0.1179883945841392
EU Railways — Netherlands,seamless,1.0,5,0.1416276015848014,0.023274433291306375,0.1170212765957446,0.1728982453716496,0.2645390070921986,0.2743036750483559,0.1199226305609284,0.0967117988394584
EU Railways — Netherlands,seamless,1.0,6,0.12710025478040615,0.030326725005518314,0.11015140398852798,0.1584411266924565,0.2226305609284332,0.27153449387491935,0.1837524177949709,0.1586073500967118
EU Railways — Netherlands,seamless,1.0,7,0.15088724189921762,0.02710923382555955,0.12467412328651917,0.1876899696048632,0.25733628074053605,0.3675255595468361,0.1141199226305609,0.1837524177949709
EU Railways — Netherlands,seamless,1.0,8,0.1431428154544331,0.032537814874536504,0.10178184162710273,0.16599889472229892,0.2320782290995056,0.3803288201160541,0.1392649903288201,0.0560928433268858
EU Railways — Netherlands,seamless,1.0,9,0.12670368028613216,0.033809846271264384,0.1088899738972038,0.1724290780141844,0.23833010960670534,0.3192069632495164,0.1972920696324951,0.1102514506769826
EU Railways — Netherlands,seamless,1.0,10,0.1439172580989116,0.02488317888128576,0.12119515422986867,0.14755058771016216,0.26204599183322586,0.46508704061895545,0.1740812379110251,0.1450676982591876
EU Railways — Netherlands,seamless,1.0,11,0.10284186779104258,0.03511180781850352,0.07601547388781425,0.0984515600033638,0.23849129593810442,0.3188933407018514,0.1702127659574468,0.0986460348162475
EU Railways — Netherlands,seamless,1.0,12,0.11552476907018236,0.029230533243043998,0.08139389779746671,0.11761729116998779,0.25039222007307116,0.30662475822050284,0.11605415860735,0.0212765957446808
EU Railways — Netherlands,seamless,1.0,13,0.12156691820463983,0.027947278039874405,0.09588929662502935,0.15325541749991803,0.18838714477012347,0.2815038684719536,0.2050290135396518,0.0967117988394584
EU Railways — Netherlands,seamless,1.0,14,0.11312661576046894,0.033772433583125344,0.08186156655037143,0.13262704413574816,0.17189406338342508,0.3269825918762088,0.2050290135396518,0.0831721470019342
EU Railways — Netherlands,seamless,1.0,15,0.1520694828444118,0.026626610148565735,0.11968085106382975,0.17911655874190557,0.2293788953363421,0.3792069632495164,0.0889748549323017,0.172147001934236
EU Railways — Netherlands,seamless,1.0,16,0.12329912566547813,0.03267998308946492,0.09023788215595137,0.11517770793036743,0.19116054158607346,0.3819363851278745,0.253384912959381,0.0909090909090909
EU Railways — Netherlands,seamless,1.0,17,0.14539505928040428,0.030158367908892574,0.13415023230772294,0.18218085106382975,0.24519664732430682,0.3371745276000595,0.1605415860735009,0.1353965183752417
EU Railways — Netherlands,seamless,1.0,18,0.13447055434380012,0.029398890339669737,0.11266924564796897,0.14119470706267287,0.2555125725338491,0.31468407479045774,0.2050290135396518,0.1411992263056093
EU Railways — Netherlands,seamless,1.0,19,0.1189891839918589,0.03037162023128519,0.10003575898444478,0.10616537717601542,0.16243479280229758,0.2981624758220502,0.2282398452611218,0.1005802707930367
EU Railways — Netherlands,seamless,1.0,20,0.10723785864738161,0.04045808095357456,0.051257253384912896,0.1571566731141199,0.202313023855577,0.3030625402965828,0.2011605415860735,0.0251450676982591
EU Railways — Netherlands,seamless,1.0,21,0.11139440829963064,0.030637250317072495,0.08876674093479907,0.12479851708575108,0.17176682451810846,0.2682624113475177,0.1605415860735009,0.1257253384912959
EU Railways — Netherlands,seamless,1.0,22,0.10494820213327141,0.03563184418363641,0.04250757271632422,0.1235231846933974,0.20810147299508996,0.270643573061368,0.2030947775628626,0.0425531914893617
EU Railways — Netherlands,seamless,1.0,23,0.14561205287161083,0.029675744231898758,0.10938945420906566,0.1445332383182327,0.2860868405255786,0.34982269503546093,0.2649903288201161,0.1102514506769826
EU Railways — Netherlands,seamless,1.0,24,0.15237252561833814,0.024752234472799065,0.09724908661078871,0.22904577691811728,0.3482785299806576,0.42277562862669243,0.1199226305609284,0.1063829787234042
EU Railways — Netherlands,seamless,1.0,25,0.14611712416148806,0.024838283655518892,0.15369116698903929,0.18571043536163867,0.2345970341715022,0.3216370669949006,0.11605415860735,0.1876208897485493
EU Railways — Netherlands,seamless,1.0,26,0.13181799475474107,0.02659293872924061,0.10169617616426124,0.14583064689447667,0.22594025359982806,0.306716097141629,0.1373307543520309,0.1411992263056093
EU Railways — Netherlands,seamless,1.0,27,0.15872145879553584,0.031217146983227858,0.12365294280187891,0.18263144012660448,0.32234042553191483,0.3995647969052224,0.1179883945841392,0.1837524177949709
EU Railways — Netherlands,seamless,1.0,28,0.11555095795187972,0.03554953626973047,0.05965275858892878,0.13596067053513852,0.21076595744680846,0.3257178991221544,0.4042553191489362,0.0599613152804642
EU Railways — Netherlands,seamless,1.0,29,0.1153302230918593,0.027049373524537068,0.0880077369439071,0.1366188480550182,0.2052224371373307,0.30896656534954403,0.1431334622823984,0.0889748549323017
EU Railways — Netherlands,seamless,1.0,30,0.1359072015683398,0.02514880896707306,0.1274523348991434,0.1438933407018513,0.22756286266924558,0.27440591323570046,0.2147001934235976,0.1315280464216634
EU Railways — Netherlands,seamless,1.0,31,0.14270508700320617,0.027000737029956298,0.13491295938104442,0.1678950176749149,0.2094777562862668,0.313568665377176,0.1663442940038684,0.1682785299806576
EU Railways — Netherlands,seamless,1.0,32,0.11380378541578587,0.031725959541918994,0.10082804482312127,0.10442859445519012,0.20783752417794965,0.3136363636363635,0.2263056092843327,0.1025145067698259
EU Railways — Netherlands,seamless,1.0,33,0.12071390891506938,0.02854213978128538,0.10724554341575614,0.12058752417794968,0.19284332688588002,0.2466634429400386,0.2108317214700193,0.1083172147001934
EU Railways — Netherlands,seamless,1.0,34,0.13531982236455664,0.025261047031490215,0.117666021921341,0.15226648780183438,0.23295799944736106,0.26057382333978074,0.1179883945841392,0.1528046421663443
EU Railways — Netherlands,seamless,1.0,35,0.10126305235157444,0.028710496877911135,0.07117350734372008,0.12222759509993551,0.1349451966473242,0.25849854932301736,0.1934235976789168,0.0483558994197292
EU Railways — Netherlands,seamless,1.0,36,0.12283520833255382,0.030027423500405874,0.09574468085106377,0.1627483734833831,0.21379110251450673,0.3532495164410058,0.1702127659574468,0.1063829787234042
EU Railways — Netherlands,seamless,1.0,37,0.12758661972621388,0.03232830382095781,0.09233132324496524,0.14775538662228418,0.2681388351601117,0.386250805931657,0.1528046421663443,0.09284332688588
EU Railways — Netherlands,seamless,1.0,38,0.13633370621312504,0.032983025863391274,0.11286452908793329,0.16227030947775625,0.21178041816339688,0.34022001934235974,0.1992263056092843,0.1141199226305609
EU Railways — Netherlands,seamless,1.0,39,0.12695434529666383,0.02982539498445499,0.12002653579935096,0.128218985853529,0.20754352030947765,0.3798517085751128,0.2321083172147001,0.1218568665377176
EU Railways — Netherlands,seamless,1.0,40,0.15858677311823527,0.023046215893658132,0.1300773694390715,0.22442318319977894,0.2674274661508704,0.326958413926499,0.0754352030947775,0.0522243713733075
EU Railways — Netherlands,seamless,1.0,41,0.1357463270093419,0.02348394434488508,0.1049323017408123,0.18118955512572532,0.2613152804642166,0.3139001230877439,0.1083172147001934,0.1914893617021276
EU Railways — Netherlands,seamless,1.0,42,0.1280019005645574,0.035366214097849125,0.09715561325879014,0.16793313069908808,0.23029013539651833,0.29667956157317854,0.2727272727272727,0.0986460348162475
EU Railways — Netherlands,seamless,1.0,43,0.12090097235576466,0.029716898188851724,0.08212040618955507,0.14694148936170212,0.25437275490466976,0.3095261121856866,0.1528046421663443,0.0831721470019342
EU Railways — Netherlands,seamless,1.0,44,0.14071099072539453,0.028699273071469415,0.10827257848534441,0.1919949006506066,0.22257683215130017,0.32858524454269133,0.1237911025145067,0.1083172147001934
EU Railways — Netherlands,seamless,1.0,45,0.11512071203828059,0.03288949414304364,0.09018375241779494,0.12438518927880625,0.2261551687083602,0.3185235332043843,0.172147001934236,0.11605415860735
EU Railways — Netherlands,seamless,1.0,46,0.1328767738290763,0.029821653715641085,0.10925411025145067,0.15496131528046414,0.20831721470019335,0.3954760369653987,0.0947775628626692,0.1566731141199226
EU Railways — Netherlands,seamless,1.0,47,0.11718963369237037,0.028946196813187188,0.08669626633843262,0.15548033526756924,0.212675693101225,0.261590537122452,0.253384912959381,0.0870406189555125
EU Railways — Netherlands,seamless,1.0,48,0.12805427832795208,0.04661620942126308,0.07891818046556924,0.1408514031694323,0.23057301740812375,0.42047066408768535,0.2746615087040619,0.0793036750483559
EU Railways — Netherlands,seamless,1.0,49,0.13363625139829916,0.02914822532913807,0.11084818305280052,0.17812786317825505,0.24362486277379894,0.286411992263056,0.2707930367504835,0.1121856866537717
EU Railways — Netherlands,seamless,1.0,50,0.1199095361200797,0.03153141356359592,0.08841234753088852,0.14616128552298766,0.1873058856037579,0.29235976789168266,0.1876208897485493,0.0889748549323017
EU Railways — Netherlands,seamless,1.0,51,0.12429430316997697,0.03754363254754214,0.10133444537114258,0.11553564354128304,0.2026434558349451,0.29955098093395965,0.2088974854932301,0.1025145067698259
EU Railways — Netherlands,seamless,1.0,52,0.13079662836854486,0.02843364298568212,0.1241467523554002,0.13162475822050287,0.23415860735009666,0.3425822050290135,0.1508704061895551,0.1257253384912959
EU Railways — Netherlands,seamless,1.0,53,0.13918829431813498,0.02859825881349396,0.1111029349928517,0.20316071742570768,0.2240687589692394,0.26751865156120475,0.1760154738878143,0.1121856866537717
EU Railways — Netherlands,seamless,1.0,54,0.1271264436621035,0.049590518128317995,0.057311956847467725,0.15605139541309748,0.3193423597678917,0.36119093672285163,0.2727272727272727,0.058027079303675
EU Railways — Netherlands,seamless,1.0,55,0.12707406589870884,0.02338667135572353,0.1118381286266924,0.1275499677627337,0.19820392373583856,0.32163926499032874,0.1431334622823984,0.1276595744680851
EU Railways — Netherlands,seamless,1.0,56,0.12332531454717545,0.03168854685377996,0.08297727994457112,0.16285933435603278,0.1836019772189984,0.30675600994749924,0.2475822050290135,0.0831721470019342
EU Railways — Netherlands,seamless,1.0,57,0.1421887919068872,0.024703597978218278,0.11056039114549752,0.2095019342359767,0.23063614872125507,0.41997635933806143,0.1218568665377176,0.1121856866537717
EU Railways — Netherlands,seamless,1.0,58,0.1476211142246781,0.023730868086602852,0.12589600637160084,0.189526681078621,0.22392005157962602,0.3125681378582732,0.1624758220502901,0.1276595744680851
EU Railways — Netherlands,seamless,1.0,59,0.15095832600668185,0.02810067006124453,0.13680574744404525,0.19326241134751768,0.3060283687943262,0.4244294003868472,0.1199226305609284,0.1740812379110251
EU Railways — Netherlands,seamless,1.0,60,0.13177309952897417,0.02915944913557979,0.08939711771596695,0.14863750142223228,0.2775075987841945,0.38227151837524176,0.1818181818181818,0.0657640232108317
EU Railways — Netherlands,seamless,1.0,61,0.13433212739768557,0.024090029892737785,0.11013056092843328,0.16769010277085125,0.2181217901687454,0.3054598206435731,0.1586073500967118,0.1682785299806576
EU Railways — Netherlands,seamless,1.0,62,0.13864206907130477,0.029103330103371215,0.1238023480725113,0.14342359767891677,0.1966150870406189,0.3482350096711799,0.1644100580270793,0.1257253384912959
EU Railways — Netherlands,seamless,1.0,63,0.13248019933480232,0.03623418846267519,0.10807543520309475,0.18807166508212306,0.21605415860735003,0.3125241779497098,0.1934235976789168,0.0560928433268858
EU Railways — Netherlands,seamless,1.0,64,0.11387486952325004,0.031116132725252404,0.08299199757272345,0.1381485379451587,0.22690020775127157,0.24763056092843322,0.195357833655706,0.0831721470019342
EU Railways — Netherlands,seamless,1.0,65,0.12947970174605009,0.02831766365245105,0.11470019342359762,0.15723726627981943,0.20603757944183473,0.4140232108317214,0.1295938104448742,0.1237911025145067
EU Railways — Netherlands,seamless,1.0,66,0.13391684655934208,0.026510630815334668,0.11725614810721185,0.1271658352845363,0.2525145067698259,0.3129221841987799,0.1818181818181818,0.1276595744680851
EU Railways — Netherlands,seamless,1.0,67,0.12771382286588667,0.0633546460946765,0.04444768289128527,0.1789361702127659,0.30873169383807675,0.33030705996131526,0.4216634429400387,0.0444874274661508
EU Railways — Netherlands,seamless,1.0,68,0.12744819278009936,0.02583720242883166,0.08481152993348115,0.191628568079245,0.2307681680022105,0.2982430689877498,0.1528046421663443,0.0851063829787234
EU Railways — Netherlands,seamless,1.0,69,0.12265936869830027,0.031860645219219615,0.09930079171522273,0.1570502901353965,0.16041102514506764,0.4008317214700193,0.2804642166344294,0.1005802707930367
EU Railways — Netherlands,seamless,1.0,70,0.14556715764584394,0.021871457486091796,0.14321310729320735,0.20185565764023208,0.29070019342359765,0.3289651837524178,0.1624758220502901,0.1450676982591876
EU Railways — Netherlands,seamless,1.0,71,0.1403218987687484,0.022537403334966975,0.12635796454385478,0.19829142488716953,0.24583333333333326,0.3041371158392435,0.2553191489361702,0.1276595744680851
EU Railways — Netherlands,seamless,1.0,72,0.1251697600724309,0.0336153002929413,0.12266279819471305,0.15701851340149212,0.18736170212765954,0.3408704061895551,0.1566731141199226,0.0367504835589942
EU Railways — Netherlands,seamless,1.0,73,0.13883287378081396,0.02624500072954738,0.10434128519234893,0.1758542875564152,0.2795293359123146,0.3112131957876639,0.1837524177949709,0.1353965183752417
EU Railways — Netherlands,seamless,1.0,74,0.1270029817912446,0.031527672294782025,0.09509993552546739,0.15282882011605414,0.21221792392005157,0.32307543520309473,0.2030947775628626,0.0831721470019342
EU Railways — Netherlands,seamless,1.0,75,0.11818481119686923,0.02609909124580507,0.08874693540637431,0.1221839799749687,0.16529980657640228,0.26057382333978074,0.3017408123791102,0.0889748549323017
EU Railways — Netherlands,seamless,1.0,76,0.13203124707713368,0.030996412123207424,0.11984203739522885,0.1414107833655706,0.26711798839458406,0.37914651837524177,0.2359767891682785,0.1237911025145067
EU Railways — Netherlands,seamless,1.0,77,0.1233066082031059,0.038512621170343674,0.08689106462741025,0.1113152804642166,0.2444068343004513,0.45500752202879857,0.206963249516441,0.1005802707930367
EU Railways — Netherlands,seamless,1.0,78,0.12675231678071294,0.03556824261380001,0.10410858400586934,0.14232753062540293,0.20428295109146166,0.31408768536428106,0.2785299806576402,0.104448742746615
EU Railways — Netherlands,seamless,1.0,79,0.11603358162887353,0.031793302380569294,0.07701432543520305,0.10402965828497736,0.20398452611218562,0.41904013539651835,0.2456479690522243,0.0773694390715667
EU Railways — Netherlands,seamless,1.0,80,0.11879837928234974,0.029140742791510275,0.09519894998618399,0.13652482269503538,0.19067940038684716,0.270345744680851,0.2688588007736944,0.0967117988394584
EU Railways — Netherlands,seamless,1.0,81,0.11862628091691009,0.035643067990078124,0.08820684947092952,0.11362706442493672,0.2008575112830432,0.35984042553191486,0.3268858800773694,0.0889748549323017
EU Railways — Netherlands,seamless,1.0,82,0.15044203091036285,0.022604746173617275,0.14098162475822051,0.1761197709257784,0.23171072426391567,0.31307221147646674,0.11605415860735,0.1624758220502901
EU Railways — Netherlands,seamless,1.0,83,0.15022877858797026,0.025328389870140522,0.12761121856866536,0.15328820116054157,0.3025214147554573,0.3927224371373307,0.09284332688588,0.1392649903288201
EU Railways — Netherlands,seamless,1.0,84,0.13135781869063068,0.03875954491206143,0.09243579918007852,0.14003062540296582,0.2583115257708499,0.31472920696324946,0.3017408123791102,0.09284332688588
EU Railways — Netherlands,seamless,1.0,85,0.10300274235004052,0.03164365162801308,0.08215203624705222,0.10561559162391718,0.17385557704706633,0.28958736299161825,0.1508704061895551,0.0657640232108317
EU Railways — Netherlands,seamless,1.0,86,0.12534185843787057,0.028119376405314065,0.10348162475822043,0.1431270996640537,0.23446163765312697,0.2921663442940038,0.1450676982591876,0.1431334622823984
EU Railways — Netherlands,seamless,1.0,87,0.14673069224696855,0.034475792120139584,0.10735009671179879,0.19456449468085105,0.2517649903288201,0.4614603481624758,0.1663442940038684,0.0599613152804642
EU Railways — Netherlands,seamless,1.0,88,0.15669743236721292,0.03282215130439333,0.14695357833655706,0.17652589727057807,0.3208123791102514,0.4095986460348162,0.1856866537717601,0.1682785299806576
EU Railways — Netherlands,seamless,1.0,89,0.1234412938804065,0.03899150357852357,0.0868333793865708,0.1476517166344294,0.28027079303675045,0.36594865482679795,0.1508704061895551,0.0986460348162475
EU Railways — Netherlands,seamless,1.0,90,0.15494277729349124,0.022900306409915812,0.1339018814840865,0.21285927584919745,0.24577369439071559,0.3291102514506769,0.1411992263056093,0.172147001934236
EU Railways — Netherlands,seamless,1.0,91,0.12008163448551934,0.030214486941101164,0.10883797054009818,0.14265722993962834,0.23700193423597676,0.3346711798839458,0.1702127659574468,0.1102514506769826
EU Railways — Netherlands,seamless,1.0,92,0.1497012596852096,0.030105990145497908,0.1445841392649903,0.22044917257683216,0.26131528046421665,0.30694713088330106,0.1218568665377176,0.1682785299806576
EU Railways — Netherlands,seamless,1.0,93,0.13169827415269605,0.030929069284557117,0.11315280464216629,0.1369867793973957,0.2054738878143133,0.38187620889748547,0.1856866537717601,0.0986460348162475
EU Railways — Netherlands,seamless,1.0,94,0.12757913718858607,0.034202679496724474,0.09951583275549547,0.13515473887814305,0.21866537717601545,0.3494197292069632,0.3056092843326886,0.1005802707930367
EU Railways — Netherlands,seamless,1.0,95,0.11556592302713535,0.029443785565436628,0.0940463273104684,0.1194390715667311,0.23575112830431974,0.2703336557059961,0.2011605415860735,0.1025145067698259
EU Railways — Netherlands,seamless,1.0,96,0.13348285937692903,0.03037910276891301,0.12035820278470917,0.1501200560261455,0.24628868471953572,0.4033621572420071,0.2514506769825919,0.1218568665377176
EU Railways — Netherlands,seamless,1.0,97,0.14130585246680552,0.020352502347646136,0.12865355684504617,0.17793411118737124,0.24212170807915484,0.25476789168278524,0.1005802707930367,0.1895551257253385
EU Railways — Netherlands,seamless,1.0,98,0.13300771823756302,0.02535832002065176,0.1219259463940315,0.15840586718246294,0.1739684074790457,0.34067268428970554,0.1257253384912959,0.1353965183752417
EU Railways — Netherlands,seamless,1.0,99,0.13984301636056845,0.023775763312369712,0.10541586073500958,0.2052470891644859,0.28328820116054154,0.34637330754352025,0.09284332688588,0.206963249516441
EU Railways — Netherlands,seamless,1.0,100,0.13289548017314584,0.030259382166868024,0.1047711154094132,0.17897055663013103,0.2076015473887814,0.34310122501611856,0.1547388781431334,0.1798839458413926
EU Railways — Netherlands,seamless,2.0,1,0.09871524828930474,0.027292555997440928,0.09676387442344887,0.11646332391013232,0.1601398601398601,0.2292553191489361,0.2495164410058027,0.0986460348162475
EU Railways — Netherlands,seamless,2.0,2,0.11321266494318875,0.024411779010733655,0.07833655705996127,0.1461960025789813,0.18817698259187618,0.3117021276595744,0.1005802707930367,0.0754352030947775
EU Railways — Netherlands,seamless,2.0,3,0.11335483315811719,0.02270576043159274,0.10154738878143127,0.14149389506769827,0.19033956587148074,0.2921018697614442,0.1295938104448742,0.0599613152804642
EU Railways — Netherlands,seamless,2.0,4,0.09897713710627815,0.03261638151962853,0.0836134532684832,0.10045938104448737,0.16391162029459902,0.25886231756637945,0.1972920696324951,0.0851063829787234
EU Railways — Netherlands,seamless,2.0,5,0.10654572391680905,0.023476461807257265,0.09622823984526109,0.13231027420639432,0.15676982591876204,0.24090909090909085,0.1508704061895551,0.1199226305609284
EU Railways — Netherlands,seamless,2.0,6,0.10418872456404857,0.02291153021635753,0.07584354180098855,0.12884057431929768,0.14653219121304228,0.3038201160541586,0.0986460348162475,0.1295938104448742
EU Railways — Netherlands,seamless,2.0,7,0.10935167552723822,0.018754980564108452,0.0803829226585933,0.13784885327438515,0.18116883116883115,0.23987163706699483,0.241779497098646,0.0735009671179884
EU Railways — Netherlands,seamless,2.0,8,0.08370527780791569,0.029024763458279198,0.06286266924564787,0.09611834007385262,0.1577216736231294,0.2520045718304906,0.1760154738878143,0.0193423597678916
EU Railways — Netherlands,seamless,2.0,9,0.11010741182764716,0.022698277893964912,0.08813252636176447,0.1275649650996552,0.1854337152209492,0.22927949709864598,0.1450676982591876,0.0618955512572533
EU Railways — Netherlands,seamless,2.0,10,0.11143182098776971,0.025878356385784628,0.09216634429400382,0.13002699871050927,0.18790027938964107,0.3064410058027079,0.1740812379110251,0.0715667311411992
EU Railways — Netherlands,seamless,2.0,11,0.10165588557703452,0.03416152553977151,0.06431334622823978,0.13340183752417792,0.17179735158458564,0.262490328820116,0.253384912959381,0.0425531914893617
EU Railways — Netherlands,seamless,2.0,12,0.09634328386128864,0.026922170384864292,0.06334905607022062,0.07966634429400386,0.21293359123146358,0.2830673758865248,0.3288201160541586,0.0638297872340425
EU Railways — Netherlands,seamless,2.0,13,0.10479481011190127,0.03312519407831968,0.06919233249020476,0.1329787234042553,0.27485493230174085,0.28188726167449574,0.2998065764023211,0.06963249516441
EU Railways — Netherlands,seamless,2.0,14,0.1019065505875662,0.02386181249508955,0.07788144271248149,0.1265312701482914,0.13839458413926495,0.2547711154094132,0.0986460348162475,0.0986460348162475
EU Railways — Netherlands,seamless,2.0,15,0.09966178929922287,0.02712419890081518,0.0789582757667864,0.12034024969228062,0.1793204944916323,0.225709219858156,0.1605415860735009,0.1102514506769826
EU Railways — Netherlands,seamless,2.0,16,0.10142766817938625,0.024015204516459672,0.09909735654416497,0.11716634429400379,0.16012787448957658,0.2581753707285622,0.1431334622823984,0.1005802707930367
EU Railways — Netherlands,seamless,2.0,17,0.09884619269779144,0.030775677263186998,0.08202556381981689,0.10164410058027075,0.15650386847195352,0.24183752417794965,0.2147001934235976,0.04642166344294
EU Railways — Netherlands,seamless,2.0,18,0.08858389234124854,0.025638915181694682,0.06493166756508226,0.07087406555491658,0.14290780141843965,0.30713249516441,0.2340425531914893,0.0657640232108317
EU Railways — Netherlands,seamless,2.0,19,0.08784312111609523,0.032552779949792124,0.05391682785299805,0.11039728592920083,0.1684719535783365,0.2553433268858801,0.3191489361702128,0.0541586073500967
EU Railways — Netherlands,seamless,2.0,20,0.11317151098623579,0.023128523807564055,0.09553891106629898,0.12869263231932473,0.1604241503177673,0.2485855899419729,0.1586073500967118,0.0870406189555125
EU Railways — Netherlands,seamless,2.0,21,0.09051438704922381,0.02263841759294242,0.0730174081237911,0.10035951560003359,0.13340073852646384,0.2525628626692456,0.1605415860735009,0.0522243713733075
EU Railways — Netherlands,seamless,2.0,22,0.1070320888626168,0.02400772197883186,0.09865474759091772,0.13061465721040183,0.18190107764575847,0.2516528925619835,0.2050290135396518,0.1005802707930367
EU Railways — Netherlands,seamless,2.0,23,0.08974368567355925,0.033192536916969974,0.0571750944091369,0.059855924217626325,0.21489361702127652,0.29139264990328817,0.241779497098646,0.058027079303675
EU Railways — Netherlands,seamless,2.0,24,0.11082573543991701,0.025358320020651776,0.0957446808510638,0.12098646034816245,0.23274661508704053,0.2536320653341929,0.230174081237911,0.1005802707930367
EU Railways — Netherlands,seamless,2.0,25,0.09437911773398823,0.03027060597330974,0.061438272643175446,0.11207578688236322,0.1554556832404141,0.21028368794326235,0.3539651837524178,0.0618955512572533
EU Railways — Netherlands,seamless,2.0,26,0.10254256628593014,0.02190138763660303,0.09077518226454395,0.11557059961315272,0.16021276595744677,0.22761444229529332,0.1276595744680851,0.0541586073500967
EU Railways — Netherlands,seamless,2.0,27,0.10880545028040801,0.021516036948770766,0.09972987394117248,0.11246373307543514,0.15198259187620888,0.22410541586073499,0.1682785299806576,0.1063829787234042
EU Railways — Netherlands,seamless,2.0,28,0.09148337567202532,0.02952983474815645,0.062289145787413895,0.10771276595744678,0.20781753707285616,0.2345986460348162,0.1798839458413926,0.0309477756286266
EU Railways — Netherlands,seamless,2.0,29,0.0948916715614933,0.028987350770140134,0.08394766614357138,0.09996107939802797,0.15039329464861376,0.2573500967117988,0.2030947775628626,0.0851063829787234
EU Railways — Netherlands,seamless,2.0,30,0.08647381673020582,0.03612569166707193,0.049962563174642725,0.11632011605415851,0.16867746615087037,0.21124758220502898,0.3578336557059961,0.0502901353965183
EU Railways — Netherlands,seamless,2.0,31,0.10837520436680889,0.025754894514925755,0.09400195338682799,0.09861917042768098,0.185880077369439,0.2796861262528574,0.1895551257253385,0.0947775628626692
EU Railways — Netherlands,seamless,2.0,32,0.11172363995525436,0.025781083396623092,0.11261121856866532,0.12176832756694908,0.1968810444874274,0.27205719812102785,0.1353965183752417,0.1141199226305609
EU Railways — Netherlands,seamless,2.0,33,0.09693814560269962,0.023278174560120275,0.07433187130520062,0.10509558140119062,0.15502901353965176,0.26405222437137327,0.1353965183752417,0.0618955512572533
EU Railways — Netherlands,seamless,2.0,34,0.08538510750535928,0.030135920296009148,0.0635074145712443,0.08121670229732933,0.1840715667311411,0.227135718891038,0.218568665377176,0.081237911025145
EU Railways — Netherlands,seamless,2.0,35,0.09700922971016385,0.02701944337402583,0.08361315280464214,0.14800128949065117,0.1669245647969051,0.2805609284332688,0.2398452611218568,0.0851063829787234
EU Railways — Netherlands,seamless,2.0,36,0.09177145337069603,0.030633509048258595,0.06897385446541712,0.0828391299587606,0.17004835589941972,0.19499999999999998,0.2224371373307543,0.06963249516441
EU Railways — Netherlands,seamless,2.0,37,0.09922406084799591,0.03001619969396417,0.0929735158458562,0.12911025145067692,0.16086073500967113,0.197127659574468,0.2108317214700193,0.0599613152804642
EU Railways — Netherlands,seamless,2.0,38,0.09766769302141119,0.029840360059710608,0.08134356257009566,0.08828981302385552,0.16206479690522238,0.2316118633139909,0.2514506769825919,0.0676982591876208
EU Railways — Netherlands,seamless,2.0,39,0.10415879441353733,0.026776260901121965,0.0820677606538965,0.10781638574191763,0.17983558994197288,0.2387814313346228,0.2978723404255319,0.0831721470019342
EU Railways — Netherlands,seamless,2.0,40,0.10699841744329165,0.02539947397760471,0.0869166294698209,0.10009671179883939,0.19471139163188433,0.2950072533849129,0.2321083172147001,0.0889748549323017
EU Railways — Netherlands,seamless,2.0,41,0.09403866227192284,0.02754322100797261,0.07175015007003266,0.10898210831721468,0.16463864955160892,0.21933027079303674,0.1934235976789168,0.058027079303675
EU Railways — Netherlands,seamless,2.0,42,0.10815821077560236,0.02366352524795254,0.0901261858708667,0.14066849082417324,0.19325435203094773,0.2905512572533849,0.1179883945841392,0.0909090909090909
EU Railways — Netherlands,seamless,2.0,43,0.08058131834830455,0.02917441421083542,0.046022939360005385,0.09724141107119827,0.14655061250805929,0.2444753384912959,0.218568665377176,0.04642166344294
EU Railways — Netherlands,seamless,2.0,44,0.10321973594124703,0.024437967892430995,0.099542633784655,0.12520242004408255,0.15408952749378277,0.2081818181818181,0.172147001934236,0.1005802707930367
EU Railways — Netherlands,seamless,2.0,45,0.09971790833143146,0.02640961655735922,0.06721708225743435,0.10247730992411842,0.1654738878143133,0.23542875564152155,0.3597678916827853,0.0676982591876208
EU Railways — Netherlands,seamless,2.0,46,0.0957671284639472,0.025773600858995275,0.07947041952911359,0.1161087539776626,0.16192778852353315,0.20904255319148923,0.1837524177949709,0.0793036750483559
EU Railways — Netherlands,seamless,2.0,47,0.1011732619000407,0.026959583073003335,0.09142623038899632,0.1260880077369439,0.2186779917584728,0.225709219858156,0.2359767891682785,0.09284332688588
EU Railways — Netherlands,seamless,2.0,48,0.09545286188357911,0.02439681393547804,0.06495164410058024,0.12181290662915421,0.16311135672837798,0.2575314313346228,0.2321083172147001,0.058027079303675
EU Railways — Netherlands,seamless,2.0,49,0.09564366659308829,0.027401052793044178,0.06441912475822047,0.11809998512126166,0.16336557059961312,0.2902079303675048,0.1779497098646034,0.0502901353965183
EU Railways — Netherlands,seamless,2.0,50,0.1080459727111852,0.026005559525457415,0.08899097356544161,0.1593691211149678,0.22113152804642164,0.2719052224371373,0.1392649903288201,0.1605415860735009
EU Railways — Netherlands,seamless,2.0,51,0.10183920774891589,0.02999375208108074,0.07098958008360888,0.11796421663442934,0.18241779497098642,0.3013297872340425,0.3578336557059961,0.0715667311411992
EU Railways — Netherlands,seamless,2.0,52,0.10503051004717733,0.025223634343351165,0.08751208897485487,0.10221631205673756,0.16569632495164405,0.337669245647969,0.1450676982591876,0.0889748549323017
EU Railways — Netherlands,seamless,2.0,53,0.09879381493439678,0.02224558436748234,0.08277392194788936,0.13307353889331358,0.16981517300666235,0.21823984526112183,0.11605415860735,0.011605415860735
EU Railways — Netherlands,seamless,2.0,54,0.10547572103603207,0.02371590301134723,0.0933899587923639,0.10591392649903282,0.21784869976359336,0.26248326141943157,0.1876208897485493,0.1063829787234042
EU Railways — Netherlands,seamless,2.0,55,0.10688992064768839,0.024737269397543442,0.10568181818181811,0.13289275736084244,0.21809892235424147,0.2824709864603482,0.1083172147001934,0.0077369439071566
EU Railways — Netherlands,seamless,2.0,56,0.1054944273801016,0.02328939836656199,0.08293036750483555,0.13248620961386917,0.1621727917472598,0.2515473887814313,0.1837524177949709,0.0560928433268858
EU Railways — Netherlands,seamless,2.0,57,0.10912719939840392,0.025590278687113915,0.08780196715914229,0.11277670320223505,0.2361702127659574,0.27120889748549315,0.1199226305609284,0.0967117988394584
EU Railways — Netherlands,seamless,2.0,58,0.0813407959175274,0.03180078491819712,0.0608691008769327,0.08041854717386629,0.13896196002578978,0.19803352675693095,0.3133462282398452,0.0618955512572533
EU Railways — Netherlands,seamless,2.0,59,0.0965228647643561,0.024400555204291935,0.08434769559127592,0.09772453560089042,0.18924792354078962,0.23542875564152155,0.2224371373307543,0.0851063829787234
EU Railways — Netherlands,seamless,2.0,60,0.11270759365331151,0.027625528921878525,0.05567017694677263,0.12107779926928862,0.2876531270148291,0.33271090611516135,0.2475822050290135,0.0560928433268858
EU Railways — Netherlands,seamless,2.0,61,0.07382832813920504,0.027026925911653645,0.040909090909090874,0.0631230471656003,0.12978723404255313,0.20725338491295928,0.3849129593810445,0.0406189555125725
EU Railways — Netherlands,seamless,2.0,62,0.09158438993000077,0.022832963571265522,0.07012784828041699,0.09849492263056084,0.1327802097119006,0.222485493230174,0.1972920696324951,0.0638297872340425
EU Railways — Netherlands,seamless,2.0,63,0.09675482343081823,0.025840943697645582,0.07427260381085639,0.10592628411777341,0.21334622823984523,0.2631044487427465,0.1798839458413926,0.0754352030947775
EU Railways — Netherlands,seamless,2.0,64,0.12184377209686889,0.020782748261245272,0.10077369439071562,0.14830754352030945,0.21015473887814304,0.24359629731970156,0.1431334622823984,0.1025145067698259
EU Railways — Netherlands,seamless,2.0,65,0.08293083516343726,0.032780997347440374,0.04451673407185973,0.10533526756931005,0.1724892129147448,0.2418209450124343,0.2998065764023211,0.0425531914893617
EU Railways — Netherlands,seamless,2.0,66,0.0914609280591419,0.023401636430979155,0.07158775544529473,0.13167026965525086,0.15239361702127657,0.21286266924564795,0.1702127659574468,0.04642166344294
EU Railways — Netherlands,seamless,2.0,67,0.10532607028347589,0.019862396133024506,0.09253667971882806,0.10992751309834557,0.15219941348973606,0.22451644100580265,0.1702127659574468,0.1102514506769826
EU Railways — Netherlands,seamless,2.0,68,0.0934924370250926,0.03533628394733785,0.040605944956674814,0.10611433483773904,0.18270793036750477,0.21841920168806048,0.4294003868471953,0.0406189555125725
EU Railways — Netherlands,seamless,2.0,69,0.10221707589912034,0.028826476211142194,0.07298021127808361,0.1219979045776918,0.1757446808510638,0.23183306055646472,0.195357833655706,0.0522243713733075
EU Railways — Netherlands,seamless,2.0,70,0.0859425565586312,0.024426744085989292,0.05728506636430328,0.10498189753508895,0.18043753751750813,0.18430851063829778,0.2224371373307543,0.058027079303675
EU Railways — Netherlands,seamless,2.0,71,0.10214225052284225,0.026132762665130198,0.07891947749132243,0.11328328881520366,0.2036893760298015,0.23128089404685143,0.1237911025145067,0.0793036750483559
EU Railways — Netherlands,seamless,2.0,72,0.10571142097130813,0.02852717470602975,0.10452933591231454,0.11445236943907151,0.1732591876208897,0.22079303675048348,0.2147001934235976,0.1083172147001934
EU Railways — Netherlands,seamless,2.0,73,0.07970960271466458,0.03502949990459759,0.036609445519019984,0.08667083854818518,0.1811324072445929,0.23073017408123786,0.4061895551257253,0.0367504835589942
EU Railways — Netherlands,seamless,2.0,74,0.08571433916098299,0.021542225830468106,0.06604268432613183,0.08139363341310683,0.1301740812379109,0.2344874274661508,0.1489361702127659,0.0599613152804642
EU Railways — Netherlands,seamless,2.0,75,0.08772714178286418,0.02617765789089708,0.07574021722957887,0.1046559823155567,0.13596131528046415,0.1685686653771759,0.2495164410058027,0.0773694390715667
EU Railways — Netherlands,seamless,2.0,76,0.10090014927662559,0.023382930086909625,0.07862962311705057,0.11784159988947217,0.1643423597678917,0.19843879524730584,0.1237911025145067,0.0657640232108317
EU Railways — Netherlands,seamless,2.0,77,0.0955089809157877,0.029331547501019458,0.08222250704947444,0.12600741457124434,0.16327369439071565,0.22575435203094776,0.3191489361702128,0.0831721470019342
EU Railways — Netherlands,seamless,2.0,78,0.08190198623961323,0.025332131138954432,0.06785541586073493,0.10130560928433265,0.14232350096711796,0.22575757575757574,0.1760154738878143,0.02321083172147
EU Railways — Netherlands,seamless,2.0,79,0.09605894743143181,0.02698577195470066,0.09541309754075708,0.11303191489361696,0.15236943907156672,0.2199065119277885,0.2011605415860735,0.0967117988394584
EU Railways — Netherlands,seamless,2.0,80,0.08043915013337616,0.029447526834250518,0.04971105857630675,0.0934378666328439,0.17456866537717597,0.20941731141199219,0.3114119922630561,0.0502901353965183
EU Railways — Netherlands,seamless,2.0,81,0.07330829177407219,0.03627534241962815,0.03660516531203335,0.09706041113760061,0.13678024103556014,0.19301257253384907,0.3713733075435203,0.0367504835589942
EU Railways — Netherlands,seamless,2.0,82,0.1003614065674232,0.025145067698259145,0.08064057344407778,0.10706435730613675,0.1900238059812528,0.21484526112185676,0.195357833655706,0.081237911025145
EU Railways — Netherlands,seamless,2.0,83,0.08232474961558457,0.025601502493555625,0.05324572027693918,0.09830063553467801,0.1456237911025145,0.20899419729206953,0.2050290135396518,0.0541586073500967
EU Railways — Netherlands,seamless,2.0,84,0.09177519463950998,0.03088791532760415,0.04728697953781938,0.12383945841392643,0.2023442940038684,0.2596228239845261,0.3829787234042553,0.0444874274661508
EU Railways — Netherlands,seamless,2.0,85,0.09171159306967357,0.032133757842634704,0.07070177350369135,0.08965183752417791,0.1504323586301058,0.23478401031592516,0.2727272727272727,0.0715667311411992
EU Railways — Netherlands,seamless,2.0,86,0.1186337634545379,0.023150971420447485,0.10804642166344292,0.12565470627866035,0.1977949709864603,0.28049059257956743,0.1702127659574468,0.1257253384912959
EU Railways — Netherlands,seamless,2.0,87,0.09950839727785275,0.02562020883762514,0.08767928177803724,0.10679068532635487,0.19636639955788887,0.24084139264990323,0.172147001934236,0.0793036750483559
EU Railways — Netherlands,seamless,2.0,88,0.1031935470595497,0.019978375466255575,0.08614649100397792,0.11278377277817361,0.1331592520954223,0.2161690038684719,0.1179883945841392,0.0851063829787234
EU Railways — Netherlands,seamless,2.0,89,0.08536640116128977,0.033791139927194874,0.046177665785317505,0.06839673329035023,0.22732108317214697,0.3022947072270089,0.4197292069632495,0.04642166344294
EU Railways — Netherlands,seamless,2.0,90,0.06616995087714038,0.0381983545899756,0.022957961421752146,0.08267100404431155,0.12738878143133459,0.18316610251450668,0.4197292069632495,0.02321083172147
EU Railways — Netherlands,seamless,2.0,91,0.12744819278009936,0.021074567228729905,0.12098646034816246,0.15892629326309726,0.17181818181818181,0.26554642166344294,0.1334622823984526,0.1218568665377176
EU Railways — Netherlands,seamless,2.0,92,0.10431966897253525,0.022114639958995652,0.0996382727523926,0.14146580369984627,0.14652716722349218,0.21028368794326235,0.1470019342359768,0.1005802707930367
EU Railways — Netherlands,seamless,2.0,93,0.11215388586885348,0.018594106005110533,0.08250140388095085,0.15542025672586596,0.21112185686653767,0.2184310370480583,0.0909090909090909,0.058027079303675
EU Railways — Netherlands,seamless,2.0,94,0.09046200928582912,0.02858329373823834,0.06712630768910789,0.08365570599613151,0.15501826778422517,0.24058671824629266,0.241779497098646,0.0483558994197292
EU Railways — Netherlands,seamless,2.0,95,0.10541211946619569,0.022245584367482342,0.09340425531914887,0.10409857933702388,0.1668335419274092,0.24209726443768992,0.1334622823984526,0.1005802707930367
EU Railways — Netherlands,seamless,2.0,96,0.1021946282862369,0.023061180968913752,0.09346120782290988,0.11746665987987369,0.18614258082343185,0.20024177949709862,0.1856866537717601,0.04642166344294
EU Railways — Netherlands,seamless,2.0,97,0.08914134139452046,0.028882595243350778,0.07257414571244357,0.11819995164410052,0.14742101869761443,0.2351547388781431,0.3230174081237911,0.0735009671179884
EU Railways — Netherlands,seamless,2.0,98,0.0854561916128235,0.02602426586952695,0.06545180401772793,0.09146284395083294,0.15032237266279816,0.2547711154094132,0.2437137330754352,0.0657640232108317
EU Railways — Netherlands,seamless,2.0,99,0.09233638496159578,0.027258884578115785,0.07731853812480909,0.10117128734150008,0.15420411878484463,0.23800773694390714,0.1914893617021276,0.0618955512572533
EU Railways — Netherlands,seamless,2.0,100,0.08549360430096252,0.025781083396623085,0.06255372877713296,0.06938799904374844,0.13453255963894256,0.2309155383623468,0.2437137330754352,0.058027079303675
EU Railways — Netherlands,seamless,3.0,1,0.08422531417304857,0.029750569608176868,0.05404543396847605,0.09192456479690518,0.16470019342359765,0.28741365017960757,0.1798839458413926,0.0541586073500967
EU Railways — Netherlands,seamless,3.0,2,0.0872856720628233,0.028691790533841605,0.08903127014829139,0.10504682887101692,0.1651515151515151,0.23800773694390714,0.230174081237911,0.0909090909090909
EU Railways — Netherlands,seamless,3.0,3,0.07937662979022699,0.029570988705109408,0.05312415836251007,0.07132495164410055,0.14755641521598967,0.25389264990328814,0.3036750483558994,0.0541586073500967
EU Railways — Netherlands,seamless,3.0,4,0.08994945545832406,0.025062759784353218,0.07817162220922734,0.1199877250409165,0.16070921985815598,0.20060871543975423,0.2456479690522243,0.0793036750483559
EU Railways — Netherlands,seamless,3.0,5,0.0993699703317382,0.021291560819936425,0.08788294752604973,0.10985581149991207,0.14208897485493227,0.18734687298517083,0.1237911025145067,0.0638297872340425
EU Railways — Netherlands,seamless,3.0,6,0.11446598999584713,0.021972471744067235,0.10468432276942907,0.11997265390515571,0.17664410058027075,0.30456694605630774,0.1508704061895551,0.0793036750483559
EU Railways — Netherlands,seamless,3.0,7,0.08582283595658624,0.026682729180774314,0.07094678371274113,0.09417001438278028,0.12558994197292067,0.2046179883945841,0.2243713733075435,0.0715667311411992
EU Railways — Netherlands,seamless,3.0,8,0.08734553236384579,0.02072662922903669,0.0756790850222857,0.09548779013539647,0.1284240582112922,0.17580996131528046,0.218568665377176,0.0773694390715667
EU Railways — Netherlands,seamless,3.0,9,0.09809045639738252,0.02689972277198084,0.06569857913642906,0.0930505664548217,0.18051948051948047,0.3019430279585018,0.2553191489361702,0.0657640232108317
EU Railways — Netherlands,seamless,3.0,10,0.10268473450085855,0.020726629229036685,0.08674702956617844,0.10434970054298423,0.1613260262196432,0.286411992263056,0.1566731141199226,0.104448742746615
EU Railways — Netherlands,seamless,3.0,11,0.10486215295055155,0.022769362001429126,0.08220502901353959,0.10933561924857862,0.18445841392649895,0.2964919992966414,0.1856866537717601,0.0676982591876208
EU Railways — Netherlands,seamless,3.0,12,0.08941445401793556,0.021366386196214542,0.07508539446067734,0.08296788501300603,0.1704149815368384,0.25152321083172147,0.2224371373307543,0.0831721470019342
EU Railways — Netherlands,seamless,3.0,13,0.10799733621660441,0.02472978685991562,0.08401031592520952,0.1396938067953724,0.16230657640232105,0.26272727272727264,0.1605415860735009,0.0657640232108317
EU Railways — Netherlands,seamless,3.0,14,0.09057798861906019,0.018792393252247522,0.07474942852118864,0.11462614845261117,0.12535230726720084,0.18442134107027716,0.1295938104448742,0.0502901353965183
EU Railways — Netherlands,seamless,3.0,15,0.08045411520863177,0.024617548795498462,0.07433913604126367,0.11831427129762,0.13014990328820109,0.19705719812102784,0.11605415860735,0.0096711798839458
EU Railways — Netherlands,seamless,3.0,16,0.07874809662949085,0.020378691229343472,0.057724854932301686,0.09005760659322173,0.11533112277793121,0.2054448742746615,0.1450676982591876,0.0425531914893617
EU Railways — Netherlands,seamless,3.0,17,0.09749185338715763,0.024610066257870655,0.0692801878972091,0.12596040189125293,0.15805931656995487,0.20493230174081234,0.2688588007736944,0.06963249516441
EU Railways — Netherlands,seamless,3.0,18,0.09630587117314958,0.023195866646214352,0.09364652657115687,0.12263448167703483,0.15393973327903895,0.19223081882656345,0.1334622823984526,0.1237911025145067
EU Railways — Netherlands,seamless,3.0,19,0.10975947382795394,0.023989015634762332,0.07511283043197932,0.1445841392649903,0.17958575112830427,0.23748698110400238,0.1624758220502901,0.06963249516441
EU Railways — Netherlands,seamless,3.0,20,0.08465181881783378,0.02277684453905694,0.06328383353091652,0.08151998710509341,0.14589941972920695,0.23688236328468434,0.3539651837524178,0.0638297872340425
EU Railways — Netherlands,seamless,3.0,21,0.09157316612355906,0.027322486147952175,0.05604040921908127,0.09022404900064472,0.17288845905867178,0.2582567698259187,0.3191489361702128,0.0560928433268858
EU Railways — Netherlands,seamless,3.0,22,0.09353359098204557,0.020300124584251452,0.07252578981302385,0.1020960422556167,0.15205996131528046,0.18695081514230447,0.2263056092843327,0.0735009671179884
EU Railways — Netherlands,seamless,3.0,23,0.09984885273991814,0.02092491647617368,0.08929722759509989,0.13982108317214698,0.16482914248871694,0.2081528046421663,0.1315280464216634,0.0909090909090909
EU Railways — Netherlands,seamless,3.0,24,0.08808256232018519,0.024976710601633388,0.07223021906346991,0.11515892100998477,0.12793896410917685,0.2303762968173026,0.1644100580270793,0.0735009671179884
EU Railways — Netherlands,seamless,3.0,25,0.10949010247335274,0.026619127610937925,0.09857164112483252,0.14949814417899518,0.2211411992263056,0.23371373307543514,0.1972920696324951,0.0483558994197292
EU Railways — Netherlands,seamless,3.0,26,0.07501805162202702,0.029009798383023574,0.04947537161177494,0.08555971953578335,0.1505841392649903,0.19928433268858797,0.1818181818181818,0.0502901353965183
EU Railways — Netherlands,seamless,3.0,27,0.07661183213675078,0.03431865882995555,0.043564847806169156,0.09546260477111537,0.1935947031691712,0.19991940683430043,0.2920696324951644,0.0444874274661508
EU Railways — Netherlands,seamless,3.0,28,0.10414008806946778,0.020311348390693176,0.08432268391916226,0.1316690844616376,0.18483856568962945,0.21931012250161186,0.1121856866537717,0.0386847195357833
EU Railways — Netherlands,seamless,3.0,29,0.09327170216507218,0.020109319874742283,0.08525413711583923,0.0947050290135396,0.18107211936999168,0.1973283365570599,0.1663442940038684,0.0715667311411992
EU Railways — Netherlands,seamless,3.0,30,0.09884993396660535,0.020386173766971282,0.08058730437840685,0.1200838168923275,0.14812620889748546,0.21700515796260472,0.104448742746615,0.081237911025145
EU Railways — Netherlands,seamless,3.0,31,0.07947764404820246,0.03204396739110097,0.05881835765781603,0.09617733889850348,0.13754029658284972,0.25342636087316933,0.2746615087040619,0.0599613152804642
EU Railways — Netherlands,seamless,3.0,32,0.08905529221180064,0.019293723273310862,0.07754458642379564,0.10262609730694836,0.12179239200515796,0.1934719535783365,0.2437137330754352,0.0793036750483559
EU Railways — Netherlands,seamless,3.0,33,0.08528783451619774,0.025309683526070985,0.06493052020767583,0.08189815503645284,0.12205029013539649,0.2708413926499032,0.2843326885880077,0.0657640232108317
EU Railways — Netherlands,seamless,3.0,34,0.09368698300341569,0.01829106323118418,0.08586626139817626,0.10990892972275951,0.14320599613152799,0.17546744036105735,0.1199226305609284,0.1025145067698259
EU Railways — Netherlands,seamless,3.0,35,0.1017232284156848,0.021673170238954795,0.0997743391360412,0.10789780128685901,0.15235009671179883,0.2093423597678916,0.1876208897485493,0.1083172147001934
EU Railways — Netherlands,seamless,3.0,36,0.08684046107396855,0.024030169591715285,0.06006493506493504,0.10857759262014578,0.1427224371373307,0.20058771016217825,0.2205029013539652,0.0560928433268858
EU Railways — Netherlands,seamless,3.0,37,0.08800399567509315,0.025156291504700858,0.07988184341098307,0.08997701342752219,0.1544003868471953,0.1990158152235749,0.1760154738878143,0.081237911025145
EU Railways — Netherlands,seamless,3.0,38,0.07561665463225188,0.025500488235580168,0.05496856866537714,0.06955391682785295,0.18080808080808078,0.21253108593534126,0.1934235976789168,0.0444874274661508
EU Railways — Netherlands,seamless,3.0,39,0.08394471901200563,0.0253209073325127,0.06586073500967116,0.0934650455927051,0.11585329564052958,0.18934961315280466,0.1470019342359768,0.0947775628626692
EU Railways — Netherlands,seamless,3.0,40,0.09867409433235179,0.022451354152247152,0.08177519879647534,0.10390070921985808,0.1521097499820904,0.1910653176610623,0.2127659574468085,0.0947775628626692
EU Railways — Netherlands,seamless,3.0,41,0.09147963440321144,0.024714821784660005,0.06503868471953575,0.09703074200584383,0.16262088974854927,0.23284977433913595,0.1740812379110251,0.0947775628626692
EU Railways — Netherlands,seamless,3.0,42,0.09412097018582875,0.02193131778711428,0.07715919603061135,0.0981974318939199,0.13562510989977133,0.27348887814313344,0.1586073500967118,0.0986460348162475
EU Railways — Netherlands,seamless,3.0,43,0.10150623482447829,0.025758635783739645,0.10120980986095394,0.11003165113416565,0.14810972393177418,0.21976681710724263,0.1798839458413926,0.1025145067698259
EU Railways — Netherlands,seamless,3.0,44,0.08904406840535892,0.024524017075150818,0.07784292392005156,0.09507393773008044,0.1953941005802708,0.23480415860735004,0.1837524177949709,0.0793036750483559
EU Railways — Netherlands,seamless,3.0,45,0.09771632951599195,0.026304861030569872,0.057872092446560476,0.10558963974854925,0.2201450676982592,0.23943423597678912,0.2998065764023211,0.058027079303675
EU Railways — Netherlands,seamless,3.0,46,0.09431551616415185,0.024411779010733645,0.08357160877974937,0.09763862024500317,0.1715506125080593,0.24055678364188995,0.2630560928433268,0.0851063829787234
EU Railways — Netherlands,seamless,3.0,47,0.09633954259247471,0.02251495572208355,0.0899419729206963,0.10731346345466264,0.14342359767891677,0.19302600472813233,0.1605415860735009,0.0986460348162475
EU Railways — Netherlands,seamless,3.0,48,0.10054472873930456,0.0246399964083819,0.08636697125325148,0.10084064871298909,0.1622050290135396,0.24331614012465075,0.2785299806576402,0.0870406189555125
EU Railways — Netherlands,seamless,3.0,49,0.10068315568541908,0.020902468863290245,0.08212272109963367,0.09067920220693153,0.2306189555125725,0.2513641453731039,0.1972920696324951,0.0522243713733075
EU Railways — Netherlands,seamless,3.0,50,0.08767102275065557,0.02252617952852525,0.08627446054912201,0.09890641273619988,0.14148936170212764,0.17305257605064178,0.1489361702127659,0.0947775628626692
EU Railways — Netherlands,seamless,3.0,51,0.0795225392739693,0.025059018515539325,0.05731043791659123,0.08347437137330752,0.18378004973749645,0.21636041263700834,0.2669245647969052,0.058027079303675
EU Railways — Netherlands,seamless,3.0,52,0.09605894743143183,0.026375945138034075,0.09111531459779268,0.10696833961111672,0.1647646679561573,0.26311411992263045,0.2591876208897485,0.09284332688588
EU Railways — Netherlands,seamless,3.0,53,0.10279697256527569,0.016349344716767206,0.09429400386847189,0.11671905222437128,0.1542875564152159,0.20625604448742743,0.1141199226305609,0.0618955512572533
EU Railways — Netherlands,seamless,3.0,54,0.10373603103756603,0.019117883639057302,0.09784010315925204,0.12076034543819979,0.12719772628587217,0.22137330754352028,0.1237911025145067,0.1102514506769826
EU Railways — Netherlands,seamless,3.0,55,0.07332699811814171,0.030034906038033694,0.05161992263056087,0.07333978078658929,0.17437137330754346,0.1898452611218568,0.2321083172147001,0.0406189555125725
EU Railways — Netherlands,seamless,3.0,56,0.10782897911997866,0.023397895162165252,0.10159867534142193,0.10804857081452823,0.16832688588007733,0.22966289030118814,0.253384912959381,0.1025145067698259
EU Railways — Netherlands,seamless,3.0,57,0.08828084956732216,0.01934984230551944,0.08557097887510902,0.09241251978195879,0.16457769181173437,0.19229206963249512,0.195357833655706,0.0870406189555125
EU Railways — Netherlands,seamless,3.0,58,0.09971790833143145,0.023091111119425,0.09326931933314905,0.12180313776058456,0.14877713303245213,0.2503191489361702,0.1566731141199226,0.0947775628626692
EU Railways — Netherlands,seamless,3.0,59,0.09745069943020469,0.027644235265948048,0.07774351301047404,0.12529013539651834,0.16619277885235326,0.2096272199753824,0.1992263056092843,0.0793036750483559
EU Railways — Netherlands,seamless,3.0,60,0.08912637631926484,0.020760300648361835,0.07225983236621533,0.10030514239978651,0.13119922630560923,0.17712765957446802,0.11605415860735,0.0657640232108317
EU Railways — Netherlands,seamless,3.0,61,0.07896134895188346,0.02891252539386203,0.05712645067698253,0.08189326071464924,0.15499032882011599,0.25380077369439064,0.3075435203094777,0.058027079303675
EU Railways — Netherlands,seamless,3.0,62,0.08146799905720017,0.0287591333724919,0.049585373883698866,0.08549823250850395,0.1736702127659574,0.23870406189555124,0.3617021276595745,0.0502901353965183
EU Railways — Netherlands,seamless,3.0,63,0.08961648253388646,0.026024265869526938,0.0672975960210002,0.11472437137330749,0.1450338491295938,0.19352030947775622,0.1334622823984526,0.0676982591876208
EU Railways — Netherlands,seamless,3.0,64,0.08030072318726167,0.029780499758688104,0.04406377843583637,0.10432785299806568,0.1336908739229822,0.2943745970341715,0.3694390715667311,0.0444874274661508
EU Railways — Netherlands,seamless,3.0,65,0.09695311067795526,0.021568414712165432,0.07296367934665807,0.10439501396948198,0.16346525814610918,0.17104448742746614,0.2611218568665377,0.0715667311411992
EU Railways — Netherlands,seamless,3.0,66,0.09836731028961153,0.018575399661040996,0.08211842143248933,0.09630883301096065,0.1654962059217378,0.18559531485063396,0.1508704061895551,0.0947775628626692
EU Railways — Netherlands,seamless,3.0,67,0.10164840303940673,0.03162868655275745,0.07833655705996127,0.13991921720332232,0.17546421663442938,0.21774124220932728,0.3249516441005802,0.0483558994197292
EU Railways — Netherlands,seamless,3.0,68,0.09660143140944812,0.025964405568504458,0.09492119424708424,0.1362024500322372,0.19382802883769998,0.20647128080060548,0.1934235976789168,0.0967117988394584
EU Railways — Netherlands,seamless,3.0,69,0.10188036170586887,0.023016285743146875,0.09574468085106377,0.12851443768996956,0.16932422630560925,0.19696324951644095,0.11605415860735,0.011605415860735
EU Railways — Netherlands,seamless,3.0,70,0.08740539266486828,0.025219893074537255,0.05983140390888881,0.09981175739154456,0.12965828497743384,0.22059961315280463,0.2611218568665377,0.0560928433268858
EU Railways — Netherlands,seamless,3.0,71,0.08473412673173972,0.018560434585785365,0.06680022105554015,0.08035960999486831,0.14480657640232106,0.15835175462835038,0.1392649903288201,0.0599613152804642
EU Railways — Netherlands,seamless,3.0,72,0.07950383292989974,0.02668647044958823,0.06856357528250018,0.07500317087865042,0.13650870406189547,0.24479514682609455,0.1702127659574468,0.0754352030947775
EU Railways — Netherlands,seamless,3.0,73,0.09149459947846705,0.027513290857461365,0.06345439275170513,0.09010315925209539,0.15890393294648614,0.25653771760154737,0.2920696324951644,0.0638297872340425
EU Railways — Netherlands,seamless,3.0,74,0.08727444825638159,0.02250373191564183,0.06568416943197343,0.0957162362043463,0.1820116054158607,0.2350459381044487,0.206963249516441,0.0657640232108317
EU Railways — Netherlands,seamless,3.0,75,0.08471916165648408,0.021575897249793245,0.06758220502901346,0.089503747582205,0.12275628626692453,0.17546744036105735,0.1740812379110251,0.0831721470019342
EU Railways — Netherlands,seamless,3.0,76,0.0942332082502459,0.019226380434660562,0.07242394935818532,0.12513815971262776,0.13904134429400383,0.20614119922630558,0.1237911025145067,0.0483558994197292
EU Railways — Netherlands,seamless,3.0,77,0.08938452386742432,0.024879437612471845,0.07751899339966896,0.09361532457837042,0.14711798839458412,0.24200193423597674,0.1856866537717601,0.0793036750483559
EU Railways — Netherlands,seamless,3.0,78,0.097278601064765,0.022223136754598916,0.08750345399281563,0.09534171502256604,0.13713733075435197,0.23238636363636356,0.2688588007736944,0.0889748549323017
EU Railways — Netherlands,seamless,3.0,79,0.09485051760454033,0.02502534709621417,0.07956743449973623,0.11863869805909419,0.1563829787234042,0.19715506125080587,0.1605415860735009,0.0425531914893617
EU Railways — Netherlands,seamless,3.0,80,0.08851280823378434,0.01923012170347447,0.0748307543520309,0.10276084814422828,0.1516135600122162,0.22674081237911023,0.0986460348162475,0.104448742746615
EU Railways — Netherlands,seamless,3.0,81,0.07512654841763028,0.022731949313290062,0.068020631850419,0.08282290995056948,0.08893617021276591,0.23763700838168922,0.1450676982591876,0.0483558994197292
EU Railways — Netherlands,seamless,3.0,82,0.06628593021037146,0.03846024340694901,0.02417794970986455,0.08733075435203089,0.1268181818181818,0.2084501934235976,0.4042553191489362,0.0212765957446808
EU Railways — Netherlands,seamless,3.0,83,0.0900504697162995,0.022589781098361662,0.06922952933591225,0.1238574733568475,0.15255170361553338,0.18895873629916182,0.1450676982591876,0.0638297872340425
EU Railways — Netherlands,seamless,3.0,84,0.08739416885842659,0.02657797365398496,0.06606525668262672,0.07929676706272451,0.12754674403610572,0.2584719535783365,0.3094777562862669,0.0483558994197292
EU Railways — Netherlands,seamless,3.0,85,0.09458862878756694,0.02835881760940401,0.07632274808412697,0.09700193423597676,0.1536363636363636,0.29253831275107867,0.2843326885880077,0.0773694390715667
EU Railways — Netherlands,seamless,3.0,86,0.0836454175068932,0.023764539505927985,0.05948639126830614,0.1081560283687943,0.15981996726677575,0.1867680675224195,0.2147001934235976,0.0599613152804642
EU Railways — Netherlands,seamless,3.0,87,0.09278907848807837,0.021976213012881135,0.08421865527295821,0.09982470986460341,0.14428594455190197,0.24192456479690513,0.2495164410058027,0.0851063829787234
EU Railways — Netherlands,seamless,3.0,88,0.10627635256220788,0.021385092540284062,0.10026941143962415,0.10987367021276595,0.15425952400975523,0.26212524177949703,0.1895551257253385,0.1025145067698259
EU Railways — Netherlands,seamless,3.0,89,0.07795868890975678,0.025115137547747902,0.060162399218645246,0.09182785299806571,0.11559935176956444,0.22097158160987948,0.1972920696324951,0.0406189555125725
EU Railways — Netherlands,seamless,3.0,90,0.08827710829850824,0.020636838777502952,0.08730437840689285,0.1047039544379969,0.11781431334622817,0.23027079303675044,0.1295938104448742,0.0986460348162475
EU Railways — Netherlands,seamless,3.0,91,0.06505505277059652,0.03606209009723554,0.02122527927999047,0.07224371373307541,0.15864148367277278,0.22682543520309476,0.4680851063829787,0.0212765957446808
EU Railways — Netherlands,seamless,3.0,92,0.0933540100789781,0.02355502845234928,0.08328182017587586,0.09180129130683516,0.18694390715667306,0.19513418762088974,0.1856866537717601,0.0851063829787234
EU Railways — Netherlands,seamless,3.0,93,0.08636906120341648,0.025833461160017758,0.072674887169568,0.10013839791902883,0.14341150870406186,0.21688158177519876,0.2746615087040619,0.0735009671179884
EU Railways — Netherlands,seamless,3.0,94,0.09974035594431487,0.026682729180774325,0.0968361425808234,0.11335479763974238,0.17951859015688798,0.2908043197936815,0.1508704061895551,0.1141199226305609
EU Railways — Netherlands,seamless,3.0,95,0.10011448282570543,0.020801454605314792,0.0788201160541586,0.10993411508704061,0.21327369439071564,0.22999140339565868,0.0870406189555125,0.0483558994197292
EU Railways — Netherlands,seamless,3.0,96,0.07857599826405118,0.028280250964311998,0.051694643429915484,0.08865614559521712,0.12235976789168276,0.2089297227595099,0.3829787234042553,0.0522243713733075
EU Railways — Netherlands,seamless,3.0,97,0.10222081716793426,0.021209252906030502,0.10412637008381681,0.12104307213284897,0.16254835589941968,0.21441005802707924,0.1411992263056093,0.1141199226305609
EU Railways — Netherlands,seamless,3.0,98,0.08611465492407086,0.02538076763353521,0.06378799818516126,0.0861702127659574,0.15109899771408472,0.22102272727272726,0.3114119922630561,0.0638297872340425
EU Railways — Netherlands,seamless,3.0,99,0.08278118441088103,0.023843106151020015,0.058714639748549284,0.08253472832776503,0.15778529980657638,0.2050773694390715,0.2456479690522243,0.0599613152804642
EU Railways — Netherlands,seamless,3.0,100,0.06989999588460423,0.025912027805109792,0.04893747712896646,0.08943501591065074,0.11550364529087924,0.16389886709035645,0.2843326885880077,0.0502901353965183
EU Railways — Netherlands,seamless,4.0,1,0.092287748467015,0.019331135961449912,0.0886174417626776,0.10089563535446973,0.15040296582849771,0.18823835738729353,0.1760154738878143,0.09284332688588
EU Railways — Netherlands,seamless,4.0,2,0.09051438704922381,0.017494172973822296,0.07113524773099238,0.11236702127659569,0.14726789168278528,0.20392649903288196,0.2108317214700193,0.04642166344294
EU Railways — Netherlands,seamless,4.0,3,0.07902495052171984,0.02946623317832005,0.05027286543243982,0.06376349285580578,0.17095422308188266,0.24289168278529977,0.2379110251450677,0.0638297872340425
EU Railways — Netherlands,seamless,4.0,4,0.09078001713501108,0.018395818757973536,0.07876432078559738,0.09352358784381858,0.12467359767891678,0.16788093702987314,0.1276595744680851,0.081237911025145
EU Railways — Netherlands,seamless,4.0,5,0.0690133151757086,0.029110812640999014,0.04220967963556034,0.08759581631922052,0.11619922630560917,0.19397969052224368,0.3520309477756286,0.0425531914893617
EU Railways — Netherlands,seamless,4.0,6,0.09597663951752591,0.0218078559162554,0.0752740167633784,0.09668762088974853,0.15951920420005525,0.21194390715667308,0.2147001934235976,0.0754352030947775
EU Railways — Netherlands,seamless,4.0,7,0.084326328431024,0.024759717010426865,0.07934145309477757,0.08945841392649899,0.13764506769825915,0.23128022243713725,0.2456479690522243,0.081237911025145
EU Railways — Netherlands,seamless,4.0,8,0.08416919514083998,0.02208470980848439,0.059906365394759964,0.09782510908191258,0.108049835021049,0.26591762430310617,0.1682785299806576,0.0599613152804642
EU Railways — Netherlands,seamless,4.0,9,0.08733056728859019,0.02374209189304457,0.06857399594876552,0.07155867182462924,0.1690082644628099,0.23309356866537712,0.2437137330754352,0.06963249516441
EU Railways — Netherlands,seamless,4.0,10,0.08059628342356018,0.019207674090591036,0.06835451782260285,0.10652804642166339,0.1494271685761047,0.22351855108141372,0.1083172147001934,0.0251450676982591
EU Railways — Netherlands,seamless,4.0,11,0.07613669099738476,0.028362558878217897,0.06204666344293996,0.07229721387711427,0.11590469491823448,0.2110339370494109,0.4003868471953578,0.0425531914893617
EU Railways — Netherlands,seamless,4.0,12,0.086982629288897,0.019637920004190176,0.05580223151756527,0.11177949709864599,0.14529013539651836,0.18486460348162467,0.390715667311412,0.0560928433268858
EU Railways — Netherlands,seamless,4.0,13,0.0774498763510656,0.023824399806950475,0.06441717791411039,0.0717739707101409,0.1243455834945196,0.17394422952933586,0.2398452611218568,0.0657640232108317
EU Railways — Netherlands,seamless,4.0,14,0.08894305414738347,0.02408254735510996,0.075780602376347,0.10247787351268975,0.1274221909618428,0.22004352030947774,0.1257253384912959,0.1025145067698259
EU Railways — Netherlands,seamless,4.0,15,0.08025208669268087,0.022844187377707225,0.0720502901353965,0.08102424542305782,0.14125725338491296,0.2051015473887814,0.1914893617021276,0.081237911025145
EU Railways — Netherlands,seamless,4.0,16,0.06490914328685422,0.02303499208721641,0.04770095242758855,0.07047375533239708,0.10701160541586067,0.165884912959381,0.3036750483558994,0.0483558994197292
EU Railways — Netherlands,seamless,4.0,17,0.09055554100617677,0.030730782037420128,0.06338134704947965,0.11906205946956033,0.15737112101589434,0.1983317214700193,0.344294003868472,0.0638297872340425
EU Railways — Netherlands,seamless,4.0,18,0.08781693223439788,0.022780585807870835,0.06729311516545552,0.12645067698259185,0.17374044395320987,0.20014829142488716,0.1373307543520309,0.0676982591876208
EU Railways — Netherlands,seamless,4.0,19,0.08663095002038981,0.024018945785273575,0.06831634211253465,0.10179649492995718,0.14203739522888456,0.18026200105503776,0.2553191489361702,0.06963249516441
EU Railways — Netherlands,seamless,4.0,20,0.0868666499556659,0.02000830561676682,0.07653571666777825,0.09738199463843357,0.13087040618955506,0.188174784596448,0.1237911025145067,0.0947775628626692
EU Railways — Netherlands,seamless,4.0,21,0.08118366262734335,0.0220847098084844,0.06399968634011183,0.08156338342508548,0.15381320806852716,0.21719052224371369,0.2108317214700193,0.0522243713733075
EU Railways — Netherlands,seamless,4.0,22,0.08703126578347772,0.022069744733228785,0.07352534824374625,0.0921448527831506,0.13628626692456472,0.25994922630560924,0.172147001934236,0.0754352030947775
EU Railways — Netherlands,seamless,4.0,23,0.08455828709748617,0.0250477947090976,0.061042960399063366,0.09360320530533289,0.16812906629154206,0.27666827852998066,0.1760154738878143,0.0193423597678916
EU Railways — Netherlands,seamless,4.0,24,0.07242535233399046,0.020677992734455922,0.05804857081452821,0.08909574468085102,0.11830270793036744,0.21282398452611218,0.1489361702127659,0.0406189555125725
EU Railways — Netherlands,seamless,4.0,25,0.08306552084073784,0.026619127610937925,0.06459724215386532,0.09889434889434881,0.16715667311411986,0.19926775352307263,0.2978723404255319,0.0657640232108317
EU Railways — Netherlands,seamless,4.0,26,0.08428517447407104,0.01923760424110228,0.07702483381133414,0.08980938416422285,0.12158160987948222,0.1876472656936873,0.1663442940038684,0.0773694390715667
EU Railways — Netherlands,seamless,4.0,27,0.08731560221333454,0.029945115586499968,0.07390653272602482,0.09769071094966263,0.15093488072211475,0.29245043520309477,0.1818181818181818,0.0212765957446808
EU Railways — Netherlands,seamless,4.0,28,0.07739375731885703,0.024247163182921805,0.06851111295700768,0.08362639939042257,0.10822050290135393,0.2080754352030947,0.2205029013539652,0.06963249516441
EU Railways — Netherlands,seamless,4.0,29,0.07132167803388834,0.022032332045089725,0.04791697664038088,0.0685243391360412,0.11813346228239838,0.19666666666666663,0.2495164410058027,0.0483558994197292
EU Railways — Netherlands,seamless,4.0,30,0.08191321004605494,0.021306525895192045,0.07320082705262455,0.0895841392649903,0.14465447511869173,0.22645067698259183,0.11605415860735,0.0270793036750483
EU Railways — Netherlands,seamless,4.0,31,0.08061498976762972,0.02219694787290156,0.06069781282547236,0.07300985251450677,0.1455705996131528,0.2703820116054158,0.2456479690522243,0.0618955512572533
EU Railways — Netherlands,seamless,4.0,32,0.08987088881323205,0.02064432131513076,0.07484418654631415,0.1053467808786957,0.13404255319148925,0.19788615639679463,0.1392649903288201,0.0793036750483559
EU Railways — Netherlands,seamless,4.0,33,0.09467841923910068,0.01931617088619429,0.08297872340425529,0.08801454763396621,0.17824629271437775,0.2289695797432741,0.1702127659574468,0.0870406189555125
EU Railways — Netherlands,seamless,4.0,34,0.0832525842814331,0.021493589335887325,0.06878626692456473,0.11401918117343646,0.13278529980657636,0.1852756286266924,0.11605415860735,0.0077369439071566
EU Railways — Netherlands,seamless,4.0,35,0.08049901043439862,0.020696699078525442,0.0727614063033337,0.10221004369940538,0.13110706565024458,0.20769298399859323,0.11605415860735,0.011605415860735
EU Railways — Netherlands,seamless,4.0,36,0.07725533037274254,0.02016543890695085,0.06069158804721111,0.07882011605415859,0.11712443584784002,0.17878143133462276,0.2572533849129594,0.0618955512572533
EU Railways — Netherlands,seamless,4.0,37,0.09028991092038947,0.019061764606848712,0.0725157721578481,0.07959381044487426,0.1441731141199226,0.18902321083172147,0.2050290135396518,0.0735009671179884
EU Railways — Netherlands,seamless,4.0,38,0.08258289716374403,0.023042474624844222,0.07014189318883159,0.0831501670476525,0.1251192778852353,0.17318665377176012,0.2514506769825919,0.0715667311411992
EU Railways — Netherlands,seamless,4.0,39,0.07789134607110647,0.026360980062778445,0.045136414537310335,0.08182892757360836,0.16391360412637007,0.22005560928433268,0.1682785299806576,0.0386847195357833
EU Railways — Netherlands,seamless,4.0,40,0.08612961999932649,0.024131183849690735,0.061669074259971035,0.08941811734364923,0.1347759509993552,0.20705996131528043,0.3036750483558994,0.0618955512572533
EU Railways — Netherlands,seamless,4.0,41,0.09135243126353865,0.01839581875797353,0.08607350096711795,0.10345476036965394,0.12214700193423594,0.21673114119922623,0.1315280464216634,0.0715667311411992
EU Railways — Netherlands,seamless,4.0,42,0.08528035197856991,0.02438184886022241,0.0757968211252207,0.10980243161094225,0.13409781707654042,0.20593458765605765,0.2205029013539652,0.0773694390715667
EU Railways — Netherlands,seamless,4.0,43,0.09075008698449984,0.026447029245498268,0.06642850563823204,0.10904255319148934,0.1974492263056092,0.25534146704359467,0.2669245647969052,0.0676982591876208
EU Railways — Netherlands,seamless,4.0,44,0.09586066018429482,0.0236335950974413,0.07826885880077368,0.08673436492585423,0.17971470019342353,0.2602998065764023,0.1895551257253385,0.0793036750483559
EU Railways — Netherlands,seamless,4.0,45,0.08328999696957216,0.028212908125661698,0.057014180582101955,0.08699665904694912,0.16718246292714373,0.23721368217448843,0.3249516441005802,0.058027079303675
EU Railways — Netherlands,seamless,4.0,46,0.07517518491221105,0.023757056968300192,0.06656294676646199,0.0859949226305609,0.11146406784704653,0.18356973995271858,0.1760154738878143,0.0251450676982591
EU Railways — Netherlands,seamless,4.0,47,0.08287097486241475,0.026132762665130205,0.06567610339370492,0.09584139264990324,0.1350725338491295,0.22192594639403146,0.1914893617021276,0.0715667311411992
EU Railways — Netherlands,seamless,4.0,48,0.08772340051405024,0.03176711349887195,0.06866537717601541,0.09182071852110216,0.15064474532559635,0.22770793036750478,0.2978723404255319,0.0483558994197292
EU Railways — Netherlands,seamless,4.0,49,0.09492908424963231,0.022630935055314612,0.07610746803792984,0.10815602836879429,0.19941972920696321,0.2921018697614442,0.1566731141199226,0.0773694390715667
EU Railways — Netherlands,seamless,4.0,50,0.08430762208695446,0.020401138842226902,0.06562133367156037,0.08958614649100395,0.13255319148936168,0.272130883301096,0.1334622823984526,0.0735009671179884
EU Railways — Netherlands,seamless,4.0,51,0.07958239957499177,0.023712161742533322,0.055194805194805144,0.08549870442684572,0.12324058919803595,0.27346872985170856,0.1760154738878143,0.0444874274661508
EU Railways — Netherlands,seamless,4.0,52,0.0944988383360332,0.022933977829240965,0.08779564966575039,0.09233588843517915,0.1534429400386847,0.217852998065764,0.218568665377176,0.0889748549323017
EU Railways — Netherlands,seamless,4.0,53,0.07495070878337672,0.02397779182832061,0.053132876150284246,0.06958189015338935,0.14570748400535632,0.17380722114764663,0.1798839458413926,0.0425531914893617
EU Railways — Netherlands,seamless,4.0,54,0.10052976366404896,0.022660865205825848,0.08452611218568663,0.1075668645367838,0.13229253016487055,0.22762733720180522,0.1934235976789168,0.0773694390715667
EU Railways — Netherlands,seamless,4.0,55,0.09092966788756729,0.019813759638443732,0.07822277847309135,0.11429370164410053,0.1423321359491572,0.20424725983236616,0.11605415860735,0.0251450676982591
EU Railways — Netherlands,seamless,4.0,56,0.08690406264380493,0.020771524454803552,0.06568544487427465,0.08271648564201751,0.12666269900312452,0.17143133462282398,0.3075435203094777,0.0657640232108317
EU Railways — Netherlands,seamless,4.0,57,0.08063743738051316,0.019102918563801682,0.061738497908710596,0.0846228239845261,0.11922332986162769,0.217674081237911,0.2243713733075435,0.0618955512572533
EU Railways — Netherlands,seamless,4.0,58,0.08482017591445952,0.02410499496799339,0.06977756286266919,0.10119815173006659,0.1479075083523826,0.24795293359123144,0.11605415860735,0.0135396518375241
EU Railways — Netherlands,seamless,4.0,59,0.08217135759421441,0.019637920004190172,0.06948532503574126,0.08291245791245787,0.11557704706640867,0.17580996131528046,0.104448742746615,0.0406189555125725
EU Railways — Netherlands,seamless,4.0,60,0.08182716086333508,0.020891245056848536,0.07470986460348158,0.09600313479623822,0.11398291424887166,0.1562258220502901,0.1373307543520309,0.0851063829787234
EU Railways — Netherlands,seamless,4.0,61,0.09854689119267901,0.01711256355480393,0.08255519242313075,0.1142722768342121,0.12470295661785018,0.2253747582205029,0.1102514506769826,0.0831721470019342
EU Railways — Netherlands,seamless,4.0,62,0.09048819816752646,0.023001320667891276,0.08655705996131521,0.10581882656350736,0.1428304319793681,0.2084864603481624,0.172147001934236,0.1063829787234042
EU Railways — Netherlands,seamless,4.0,63,0.09708031381762804,0.019925997702860895,0.078543796628903,0.11059900870406189,0.15032757222187554,0.20281914893617015,0.1644100580270793,0.1083172147001934
EU Railways — Netherlands,seamless,4.0,64,0.08988211261967377,0.02670143552484385,0.07431929772355302,0.09859230603911447,0.13509759099701066,0.2422243713733075,0.3056092843326886,0.0754352030947775
EU Railways — Netherlands,seamless,4.0,65,0.08716221019196443,0.021269113207052985,0.06813785827325472,0.1076749879110251,0.14341285192349018,0.17393177422190956,0.1218568665377176,0.1083172147001934
EU Railways — Netherlands,seamless,4.0,66,0.07199510642039134,0.02199491935695066,0.058519593094061136,0.06714252720921499,0.13293727549046697,0.14871252417794964,0.206963249516441,0.0599613152804642
EU Railways — Netherlands,seamless,4.0,67,0.09072389810280253,0.02293023656042706,0.07079418126881298,0.08458077537633503,0.16880834244386506,0.2502578981302385,0.3210831721470019,0.0715667311411992
EU Railways — Netherlands,seamless,4.0,68,0.06926023891742637,0.02570625802034498,0.04055448098001286,0.06473646034816244,0.10237749838813667,0.16966473243068986,0.3172147001934236,0.0406189555125725
EU Railways — Netherlands,seamless,4.0,69,0.09599908713040932,0.017516620586705726,0.09163692197252185,0.09833067025481448,0.14177949709864596,0.21055646481178392,0.1856866537717601,0.09284332688588
EU Railways — Netherlands,seamless,4.0,70,0.086743188084807,0.026622868879751845,0.06929269695227136,0.10496684166896925,0.17135949157225752,0.2112765957446808,0.2823984526112186,0.0328820116054158
EU Railways — Netherlands,seamless,4.0,71,0.08591262640812,0.02698951322351458,0.07038469804427247,0.10396518375241771,0.14939209726443764,0.1777852998065763,0.2940038684719536,0.0715667311411992
EU Railways — Netherlands,seamless,4.0,72,0.08562080744063531,0.024247163182921812,0.06844839557605507,0.09862058434286869,0.13859491572257526,0.19705719812102784,0.2998065764023211,0.06963249516441
EU Railways — Netherlands,seamless,4.0,73,0.07290049347335646,0.029383925264414135,0.040410194360892604,0.07337048294495103,0.12499032882011601,0.19229206963249512,0.4294003868471953,0.0406189555125725
EU Railways — Netherlands,seamless,4.0,74,0.07814201108163812,0.022582298560733845,0.05715177631417862,0.0656609696546913,0.1454948420373952,0.1988152804642166,0.3036750483558994,0.058027079303675
EU Railways — Netherlands,seamless,4.0,75,0.08824717814799703,0.03242931807893325,0.08325274016763375,0.09926625178706577,0.1506174676387442,0.23846711798839457,0.2321083172147001,0.0270793036750483
EU Railways — Netherlands,seamless,4.0,76,0.08922364930842636,0.02728507345981311,0.08244680851063825,0.09466084172613881,0.15170212765957444,0.212318665377176,0.1663442940038684,0.0947775628626692
EU Railways — Netherlands,seamless,4.0,77,0.09149459947846705,0.021632016282001836,0.07611576760512925,0.10139195910472502,0.14148936170212764,0.2311702127659574,0.1972920696324951,0.0618955512572533
EU Railways — Netherlands,seamless,4.0,78,0.09545660315239302,0.018414525102043063,0.06102245862884156,0.13786266924564794,0.1505001381597126,0.1799564796905222,0.1798839458413926,0.0560928433268858
EU Railways — Netherlands,seamless,4.0,79,0.06991121969104594,0.025661362794578098,0.039444027047332776,0.085642831237911,0.13232591876208893,0.2282812931749101,0.2456479690522243,0.0367504835589942
EU Railways — Netherlands,seamless,4.0,80,0.09181260732764904,0.024041393398156998,0.0737561788093703,0.09831517866232305,0.16937137330754348,0.2827162199502625,0.2108317214700193,0.0386847195357833
EU Railways — Netherlands,seamless,4.0,81,0.08383996348521632,0.0253845089023491,0.06482790259386001,0.08665166932974512,0.16830270793036745,0.18196324951644094,0.2998065764023211,0.0657640232108317
EU Railways — Netherlands,seamless,4.0,82,0.09361215762713758,0.022514955722083535,0.06926982591876202,0.12782442412519782,0.14999999999999997,0.21774661508704057,0.1315280464216634,0.0676982591876208
EU Railways — Netherlands,seamless,4.0,83,0.0860024168596537,0.02034127854120442,0.07398452611218567,0.09783514357982437,0.11743788126766842,0.1909574468085106,0.1257253384912959,0.0541586073500967
EU Railways — Netherlands,seamless,4.0,84,0.08175607675587089,0.022803033420754258,0.05584884566926332,0.06939071566731135,0.18598323662153443,0.21181956341530808,0.2398452611218568,0.0560928433268858
EU Railways — Netherlands,seamless,4.0,85,0.09043582040413176,0.02063309750868904,0.07356606159797649,0.08674702956617844,0.16961722488038275,0.23485607008760948,0.1914893617021276,0.0754352030947775
EU Railways — Netherlands,seamless,4.0,86,0.09088477266180046,0.021100756110427235,0.07687795288074321,0.1001888182739246,0.15731577962188806,0.24086073500967112,0.2088974854932301,0.0444874274661508
EU Railways — Netherlands,seamless,4.0,87,0.09371317188511304,0.020348761078832236,0.07771924770566688,0.0938178842434161,0.16306990881458963,0.23987427466150862,0.1315280464216634,0.0657640232108317
EU Railways — Netherlands,seamless,4.0,88,0.06992992603511547,0.02665654029907698,0.03571134614593192,0.09705248813082465,0.12907156673114115,0.16961637653127012,0.3481624758220503,0.034816247582205
EU Railways — Netherlands,seamless,4.0,89,0.09244862302601298,0.022009884432206285,0.07828966649082701,0.09755802707930362,0.1896874681869083,0.20065939862845084,0.3133462282398452,0.0793036750483559
EU Railways — Netherlands,seamless,4.0,90,0.07626389413705756,0.01889340751022296,0.0693101225016118,0.08832473672899199,0.11941143962420554,0.14105012894906513,0.1798839458413926,0.0367504835589942
EU Railways — Netherlands,seamless,4.0,91,0.08450216806527756,0.022975131786193922,0.06904744848007253,0.0726029289859077,0.13184235976789166,0.21262894906511928,0.1547388781431334,0.06963249516441
EU Railways — Netherlands,seamless,4.0,92,0.08215265125014488,0.024834542386704985,0.05166893198808087,0.0829149347709782,0.13434477756286262,0.21774057059961313,0.2475822050290135,0.0522243713733075
EU Railways — Netherlands,seamless,4.0,93,0.07195021119462446,0.022107157421367835,0.0509904622157006,0.057829569291960606,0.11370889748549319,0.20047147001934235,0.1914893617021276,0.0483558994197292
EU Railways — Netherlands,seamless,4.0,94,0.08987463008204592,0.02573244690204231,0.06339215283705947,0.07916263700838169,0.19587040618955512,0.25055609284332686,0.344294003868472,0.0638297872340425
EU Railways — Netherlands,seamless,4.0,95,0.08777577827744494,0.025769859590181368,0.0758292141270864,0.0969017684443216,0.1272415299182629,0.2215439754238252,0.2591876208897485,0.0773694390715667
EU Railways — Netherlands,seamless,4.0,96,0.09621982199042975,0.02319960791502826,0.07098646034816244,0.10376370083816887,0.15740536059684995,0.20668923275306253,0.1934235976789168,0.0618955512572533
EU Railways — Netherlands,seamless,4.0,97,0.08540381384942884,0.02134393858333111,0.08250725338491291,0.09572677125868612,0.1345744680851063,0.17737687844070815,0.1315280464216634,0.0967117988394584
EU Railways — Netherlands,seamless,4.0,98,0.07752844299615766,0.022402717657666375,0.059197292069632465,0.06758788159111925,0.11537717601547377,0.2186170212765957,0.1914893617021276,0.0599613152804642
EU Railways — Netherlands,seamless,4.0,99,0.07142269229186379,0.02038617376697128,0.05338870557894335,0.06483720180528688,0.13255319148936168,0.17095422308188266,0.2959381044487427,0.0541586073500967
EU Railways — Netherlands,seamless,4.0,100,0.09214183898327272,0.016577562114415433,0.0897347333517546,0.10145494367959947,0.13642166344293996,0.19235976789168274,0.1624758220502901,0.1005802707930367
EU Railways — Netherlands,seamless,5.0,1,0.08888319384636097,0.016947947726992086,0.06539007092198579,0.1071037553373964,0.14740087040618954,0.154217709004943,0.1450676982591876,0.0638297872340425
EU Railways — Netherlands,seamless,5.0,2,0.08544122653756785,0.02078648953005919,0.0688265635074145,0.09550290135396514,0.12743391360412634,0.1938684719535783,0.1818181818181818,0.0638297872340425
EU Railways — Netherlands,seamless,5.0,3,0.07613294972857086,0.02952983474815645,0.04056655010433437,0.09932301740812371,0.1345744680851063,0.19770793036750478,0.390715667311412,0.0406189555125725
EU Railways — Netherlands,seamless,5.0,4,0.08333863346415295,0.019477045445192236,0.06216150870406182,0.08995271867612291,0.13930367504835586,0.21097678916827844,0.1740812379110251,0.0599613152804642
EU Railways — Netherlands,seamless,5.0,5,0.08347331914145356,0.020966070433126635,0.06820868257038462,0.10729636793466577,0.13949358185334973,0.17011605415860734,0.1431334622823984,0.081237911025145
EU Railways — Netherlands,seamless,5.0,6,0.08109013090699571,0.02011306114355618,0.059563722329679755,0.08601305609284329,0.13529980657640223,0.1937943262411347,0.1605415860735009,0.0599613152804642
EU Railways — Netherlands,seamless,5.0,7,0.08794413537407067,0.02193505905592818,0.07661362417307344,0.09367504835589935,0.13138689947200582,0.17191213042276873,0.2282398452611218,0.0773694390715667
EU Railways — Netherlands,seamless,5.0,8,0.0760917957716179,0.022945201635682685,0.06218844984802424,0.0636170212765957,0.18957930367504836,0.1961895551257253,0.1876208897485493,0.0638297872340425
EU Railways — Netherlands,seamless,5.0,9,0.08899169064196423,0.02130652589519205,0.07260054692189688,0.09433430045132167,0.11647324306898765,0.18313990973565433,0.1528046421663443,0.0541586073500967
EU Railways — Netherlands,seamless,5.0,10,0.08279614948613663,0.01958180097198159,0.08175600994749925,0.09534607140990116,0.12500537287771327,0.17391084093211748,0.1353965183752417,0.0967117988394584
EU Railways — Netherlands,seamless,5.0,11,0.08545993288163742,0.02945875064069224,0.08088160439784174,0.10904255319148934,0.17067874098821875,0.19296421663442934,0.1934235976789168,0.0870406189555125
EU Railways — Netherlands,seamless,5.0,12,0.0830318494214127,0.020202851595089912,0.06420175569111736,0.10710831721470014,0.12817214700193422,0.16083172147001923,0.11605415860735,0.0038684719535783
EU Railways — Netherlands,seamless,5.0,13,0.09108680117775134,0.02305369843128594,0.0765174541770286,0.12081339712918658,0.17127659574468085,0.1906189555125725,0.11605415860735,0.0270793036750483
EU Railways — Netherlands,seamless,5.0,14,0.0804017374452371,0.02752077339508916,0.05881835765781603,0.07473404255319145,0.12506769825918757,0.28060928433268856,0.379110251450677,0.0386847195357833
EU Railways — Netherlands,seamless,5.0,15,0.08175981802468481,0.02397779182832061,0.06139184397163114,0.0936981901077645,0.12541417879068198,0.23407479045776913,0.2765957446808511,0.0618955512572533
EU Railways — Netherlands,seamless,5.0,16,0.08704248958991945,0.019574318434353782,0.08138902321083165,0.09622823984526109,0.11913512019894994,0.16593326885880072,0.11605415860735,0.0174081237911025
EU Railways — Netherlands,seamless,5.0,17,0.07853110303828431,0.019409702606541936,0.0699548678272082,0.08693913126537234,0.14510638297872339,0.20601685548494056,0.1644100580270793,0.0406189555125725
EU Railways — Netherlands,seamless,5.0,18,0.08126971181006319,0.01796183157556049,0.06983222605331758,0.08340085733702753,0.12587040618955508,0.24237358386294552,0.1760154738878143,0.0715667311411992
EU Railways — Netherlands,seamless,5.0,19,0.06049070481763177,0.03866227192289988,0.017372597007855352,0.06652390163028456,0.13650870406189547,0.21378143133462277,0.471953578336557,0.0174081237911025
EU Railways — Netherlands,seamless,5.0,20,0.08304307322785442,0.01830976957525371,0.06832260118012871,0.09434235976789163,0.13816247582205024,0.17592413496668813,0.1586073500967118,0.0522243713733075
EU Railways — Netherlands,seamless,5.0,21,0.07269846495740559,0.04044311587831895,0.02804642166344289,0.1147811155409939,0.16884332688588005,0.18354690522243705,0.4119922630560928,0.0193423597678916
EU Railways — Netherlands,seamless,5.0,22,0.08082824209002232,0.021789149572185865,0.06785096202789363,0.10026156145595212,0.12733075435203092,0.25937298517085744,0.1470019342359768,0.0444874274661508
EU Railways — Netherlands,seamless,5.0,23,0.07509661826711905,0.025709999289158878,0.0453854655982315,0.07340425531914893,0.151963249516441,0.20456963249516436,0.2127659574468085,0.0386847195357833
EU Railways — Netherlands,seamless,5.0,24,0.07599826405127028,0.02410499496799341,0.06999171041724228,0.08583172147001931,0.12866295938104444,0.19937137330754345,0.1682785299806576,0.0212765957446808
EU Railways — Netherlands,seamless,5.0,25,0.07443441368705775,0.02530220098844317,0.057565500263759395,0.08061411992263051,0.14319148936170206,0.2066879928582056,0.1837524177949709,0.081237911025145
EU Railways — Netherlands,seamless,5.0,26,0.09110924879063477,0.022832963571265515,0.07382333978078658,0.09801740812379103,0.18111888111888108,0.22382333978078656,0.1682785299806576,0.0502901353965183
EU Railways — Netherlands,seamless,5.0,27,0.07729274306088157,0.020296383315437552,0.07093600201833315,0.0826885880077369,0.11867538184486089,0.15999032882011602,0.1315280464216634,0.0715667311411992
EU Railways — Netherlands,seamless,5.0,28,0.08734553236384578,0.01969029776758485,0.07757458531152919,0.10488394584139257,0.13547941420281837,0.217852998065764,0.11605415860735,0.0367504835589942
EU Railways — Netherlands,seamless,5.0,29,0.08919746042672905,0.02435940124733898,0.059924522748297016,0.08819578766387272,0.1752202879862454,0.2882234786490105,0.3500967117988394,0.0599613152804642
EU Railways — Netherlands,seamless,5.0,30,0.08913760012570657,0.017662530070448042,0.08320438426821403,0.09557357536080936,0.1214458413926499,0.19639748549323013,0.11605415860735,0.0754352030947775
EU Railways — Netherlands,seamless,5.0,31,0.08209653221793631,0.01967907396114314,0.05683430045132166,0.08583172147001931,0.1457090501883335,0.16450676982591875,0.2108317214700193,0.0522243713733075
EU Railways — Netherlands,seamless,5.0,32,0.08121359277785462,0.01957431843435378,0.06268682961139434,0.12396380215529146,0.13650333118418218,0.1654609929078014,0.11605415860735,0.0135396518375241
EU Railways — Netherlands,seamless,5.0,33,0.08645885165495018,0.02038243249815738,0.07188910380399739,0.07829018838928485,0.14593810444874275,0.23138669840797493,0.1489361702127659,0.0773694390715667
EU Railways — Netherlands,seamless,5.0,34,0.08572182169861078,0.025073983590794928,0.07346872985170858,0.10098013688439217,0.178201160541586,0.26502659574468085,0.1972920696324951,0.081237911025145
EU Railways — Netherlands,seamless,5.0,35,0.08471542038767017,0.022511214453269632,0.0770269181173436,0.08265523911158536,0.13962420558165237,0.22305460496949853,0.1663442940038684,0.0831721470019342
EU Railways — Netherlands,seamless,5.0,36,0.06975408640086192,0.02423968064529399,0.047604897182931157,0.08975855399186283,0.13044809800128943,0.1905464216634429,0.344294003868472,0.0483558994197292
EU Railways — Netherlands,seamless,5.0,37,0.07321476005372456,0.025077724859608838,0.04940451611501093,0.07838836695219673,0.14451718494271684,0.21101708575112826,0.3365570599613153,0.0502901353965183
EU Railways — Netherlands,seamless,5.0,38,0.057946642024175966,0.03730793261226609,0.020150499456824074,0.08538442940038683,0.15813258308422717,0.16985493230174079,0.4197292069632495,0.0154738878143133
EU Railways — Netherlands,seamless,5.0,39,0.07617410368552384,0.021916352711858655,0.06996726677577736,0.08141459604225555,0.10999585520862117,0.18242746615087035,0.1644100580270793,0.0367504835589942
EU Railways — Netherlands,seamless,5.0,40,0.07871816647897961,0.02201736696983411,0.06636075558664961,0.08513598863142936,0.1312572533849129,0.192492746615087,0.2263056092843327,0.04642166344294
EU Railways — Netherlands,seamless,5.0,41,0.08495486159176015,0.01943589148823928,0.07019477306463942,0.09385440478283799,0.14570323293727547,0.24966150870406184,0.2243713733075435,0.0715667311411992
EU Railways — Netherlands,seamless,5.0,42,0.0844647553771385,0.02620758804140831,0.05745378771261634,0.10360251450676977,0.1368123791102514,0.17864281108961955,0.3733075435203095,0.058027079303675
EU Railways — Netherlands,seamless,5.0,43,0.09453625102417225,0.021512295679956852,0.09255319148936163,0.10780679131742958,0.14286840031520878,0.25891236423151315,0.11605415860735,0.0038684719535783
EU Railways — Netherlands,seamless,5.0,44,0.0869601816760135,0.01974641679979344,0.07477030947775624,0.0912836788623423,0.17889103803997414,0.20797872340425524,0.1392649903288201,0.0754352030947775
EU Railways — Netherlands,seamless,5.0,45,0.08211149729319195,0.021471141723003895,0.06282237266279812,0.07682543520309473,0.13119922630560923,0.17329372754904665,0.1818181818181818,0.0522243713733075
EU Railways — Netherlands,seamless,5.0,46,0.0910419059519845,0.02409377116155167,0.07257553524978322,0.10341525391587965,0.14453293890089883,0.23024661508704056,0.2224371373307543,0.0735009671179884
EU Railways — Netherlands,seamless,5.0,47,0.07896134895188345,0.024172337806643702,0.07253384912959379,0.09140876853642808,0.11291793313069903,0.17097437137330754,0.2746615087040619,0.0735009671179884
EU Railways — Netherlands,seamless,5.0,48,0.08346583660382575,0.018077810908791563,0.07355882887797781,0.08608909964435012,0.12365409413281747,0.1939774925268155,0.1566731141199226,0.0754352030947775
EU Railways — Netherlands,seamless,5.0,49,0.07563536097632144,0.03193547059549771,0.05147921489044609,0.09501934235976785,0.12754352030947774,0.19370164410058024,0.3520309477756286,0.0522243713733075
EU Railways — Netherlands,seamless,5.0,50,0.07902495052171986,0.025945699224434918,0.04361866045962688,0.10351006940493794,0.13861218568665373,0.2545373952288845,0.3404255319148936,0.0444874274661508
EU Railways — Netherlands,seamless,5.0,51,0.08099285791783414,0.02258603982954775,0.05780997118383131,0.08165553015649721,0.1289114549752847,0.17132495164410058,0.2746615087040619,0.058027079303675
EU Railways — Netherlands,seamless,5.0,52,0.07251888405433811,0.0209361402826154,0.060893893340701805,0.08633771361343193,0.10230899419729204,0.15778529980657638,0.1818181818181818,0.0870406189555125
EU Railways — Netherlands,seamless,5.0,53,0.0781943888450328,0.024441709161244888,0.06241223073050521,0.08238463663995574,0.14810874704491722,0.18434650455927043,0.1760154738878143,0.034816247582205
EU Railways — Netherlands,seamless,5.0,54,0.08785060365372303,0.019746416799793432,0.07446808510638295,0.096447209955841,0.1491295938104448,0.20364867241076132,0.1663442940038684,0.0754352030947775
EU Railways — Netherlands,seamless,5.0,55,0.08112380232632085,0.022791809614312545,0.04287556415215987,0.10109069417580052,0.18021663442940036,0.21677949709864594,0.2688588007736944,0.0386847195357833
EU Railways — Netherlands,seamless,5.0,56,0.09173778195137092,0.021646981357257462,0.07113573290724073,0.10528327197853615,0.16118137181966963,0.2051015473887814,0.1760154738878143,0.0715667311411992
EU Railways — Netherlands,seamless,5.0,57,0.07307259183879612,0.022058520926787065,0.06407156673114116,0.0687986026131922,0.09079570466217567,0.2728723404255319,0.1605415860735009,0.0657640232108317
EU Railways — Netherlands,seamless,5.0,58,0.07846750146844793,0.0236971966672777,0.06065932217643592,0.08290696948898729,0.1402023508406487,0.21507824863724276,0.2205029013539652,0.0618955512572533
EU Railways — Netherlands,seamless,5.0,59,0.0922204056283647,0.020599426089363895,0.08487294070566263,0.10299806576402318,0.17453716496269683,0.20730980012894903,0.11605415860735,0.058027079303675
EU Railways — Netherlands,seamless,5.0,60,0.08803392582560442,0.0246437376771958,0.061225220799688826,0.11028518735099636,0.15101547388781428,0.23322050290135388,0.3636363636363636,0.0618955512572533
EU Railways — Netherlands,seamless,5.0,61,0.09739832166680999,0.021740513077605095,0.08435418009886093,0.10614119922630555,0.1676279233339194,0.25922906880353686,0.1334622823984526,0.058027079303675
EU Railways — Netherlands,seamless,5.0,62,0.08608472477355962,0.021130686260938482,0.05406235390101477,0.08500126145824573,0.16373307543520305,0.2767408123791102,0.402321083172147,0.0541586073500967
EU Railways — Netherlands,seamless,5.0,63,0.08031194699370334,0.020722887960222786,0.0679122934965278,0.07906189555125724,0.1310767246937459,0.18196324951644094,0.2340425531914893,0.06963249516441
EU Railways — Netherlands,seamless,5.0,64,0.09132250111302738,0.019039316993965286,0.07294301443237614,0.08341392649903286,0.12075435203094775,0.3062733720180528,0.1856866537717601,0.0831721470019342
EU Railways — Netherlands,seamless,5.0,65,0.08316653509871329,0.01877368690817799,0.07109947188837934,0.0782917830790171,0.1300386847195357,0.22769181173436487,0.1644100580270793,0.0715667311411992
EU Railways — Netherlands,seamless,5.0,66,0.07902495052171984,0.022264290711551858,0.06492048140984308,0.07673558471430807,0.10773694390715664,0.21191313522067873,0.3462282398452611,0.0657640232108317
EU Railways — Netherlands,seamless,5.0,67,0.08104149441241494,0.024815836042635448,0.05478638569344053,0.10850718430505663,0.15633462282398447,0.19837348338315453,0.2456479690522243,0.0483558994197292
EU Railways — Netherlands,seamless,5.0,68,0.07025167515311133,0.02838126522228746,0.03617021276595743,0.063782991202346,0.1436363636363636,0.21042069632495158,0.4177949709864603,0.0270793036750483
EU Railways — Netherlands,seamless,5.0,69,0.07756959695311058,0.02372712681778893,0.05962038879534668,0.08838767615363355,0.13975929507844398,0.15726720088422214,0.2669245647969052,0.0599613152804642
EU Railways — Netherlands,seamless,5.0,70,0.07532857693358117,0.020109319874742265,0.05771722596758741,0.07199449486683528,0.1454721294179708,0.18381044487427456,0.1818181818181818,0.058027079303675
EU Railways — Netherlands,seamless,5.0,71,0.08946683178133025,0.025930734149179308,0.058766640118329695,0.1190450605344222,0.15741457124435845,0.22976305609284328,0.1818181818181818,0.034816247582205
EU Railways — Netherlands,seamless,5.0,72,0.07731519067376501,0.021257889400611275,0.0592705167173252,0.09531368261710534,0.10968799932722226,0.17674520836996654,0.2205029013539652,0.0599613152804642
EU Railways — Netherlands,seamless,5.0,73,0.07278825540893931,0.023338034861142762,0.04974020555998022,0.08528771760154738,0.12269503546099286,0.2141521598968407,0.1837524177949709,0.0406189555125725
EU Railways — Netherlands,seamless,5.0,74,0.07087272577621967,0.026630351417379648,0.04613152804642162,0.07662212062598904,0.12736064708985403,0.19689831445150588,0.1818181818181818,0.0154738878143133
EU Railways — Netherlands,seamless,5.0,75,0.07417626613889827,0.025627691375252948,0.04955128128116097,0.07958575112830431,0.13546905222437128,0.29403024441709164,0.3094777562862669,0.0502901353965183
EU Railways — Netherlands,seamless,5.0,76,0.06826132014411358,0.03502201736696981,0.02703534376648491,0.06573984526112184,0.14867504835589937,0.23455029013539647,0.4661508704061896,0.0270793036750483
EU Railways — Netherlands,seamless,5.0,77,0.07919330761834562,0.019058023338034812,0.061012530485240885,0.0709093082389759,0.12286543243990049,0.2228820116054158,0.1702127659574468,0.0715667311411992
EU Railways — Netherlands,seamless,5.0,78,0.09518723179779182,0.018788651983433612,0.06713330907558834,0.11531609487936467,0.1506914893617021,0.1804400386847195,0.1934235976789168,0.0676982591876208
EU Railways — Netherlands,seamless,5.0,79,0.08837438128766982,0.02319960791502825,0.06501382888338543,0.1123929262227134,0.12973887814313337,0.25382011605415855,0.2050290135396518,0.0657640232108317
EU Railways — Netherlands,seamless,5.0,80,0.08318898271159673,0.02232789228138826,0.0846228239845261,0.09332688588007729,0.15191148025941517,0.17550428295109144,0.2398452611218568,0.0870406189555125
EU Railways — Netherlands,seamless,5.0,81,0.0847865044951344,0.01975764060623516,0.07119476268412435,0.08110506514761827,0.1438168923275306,0.1907446808510638,0.1740812379110251,0.081237911025145
EU Railways — Netherlands,seamless,5.0,82,0.07868075379084055,0.0187811694458058,0.05423920051579624,0.09386624014283583,0.13528368794326232,0.22056092843326885,0.1663442940038684,0.0444874274661508
EU Railways — Netherlands,seamless,5.0,83,0.09361589889595148,0.022133346303065172,0.08791102514506764,0.10393890337229832,0.16463864955160892,0.23822879248411163,0.1760154738878143,0.104448742746615
EU Railways — Netherlands,seamless,5.0,84,0.070820348012825,0.020924916476173682,0.056853564183610816,0.07284278959810873,0.10643133462282392,0.18209622823984523,0.2920696324951644,0.058027079303675
EU Railways — Netherlands,seamless,5.0,85,0.08832200352427512,0.02359618240930225,0.06855108141375059,0.10123966942148757,0.17754798393096258,0.2109042553191489,0.1876208897485493,0.06963249516441
EU Railways — Netherlands,seamless,5.0,86,0.08584528356946967,0.019817500907257632,0.061267772913909474,0.10883412259054223,0.12609606705351384,0.26116330478032607,0.1411992263056093,0.0773694390715667
EU Railways — Netherlands,seamless,5.0,87,0.07787638099585086,0.023405377699793062,0.0588340376252017,0.0791424887169568,0.13046421663442934,0.1954061895551257,0.3017408123791102,0.0599613152804642
EU Railways — Netherlands,seamless,5.0,88,0.08153534189585045,0.022844187377707232,0.06330903139413772,0.08099613152804636,0.13144840141085443,0.179815441650548,0.2050290135396518,0.0773694390715667
EU Railways — Netherlands,seamless,5.0,89,0.08839308763173935,0.01791693634979362,0.07386363636363635,0.08637796403753846,0.13288945097455734,0.159993552546744,0.1644100580270793,0.0773694390715667
EU Railways — Netherlands,seamless,5.0,90,0.08286723359360085,0.029264204662369144,0.07564081085608973,0.0970414981536838,0.14609284332688588,0.20517408123791095,0.2437137330754352,0.0773694390715667
EU Railways — Netherlands,seamless,5.0,91,0.08308796845362129,0.024516534537523,0.07012517791321479,0.07525447902623912,0.1491295938104448,0.2157398452611218,0.1818181818181818,0.0444874274661508
EU Railways — Netherlands,seamless,5.0,92,0.07741246366292655,0.021456176647748265,0.0622409505388228,0.07954545454545454,0.14165515335728102,0.21492263056092836,0.1682785299806576,0.0560928433268858
EU Railways — Netherlands,seamless,5.0,93,0.0806149897676297,0.02596440556850446,0.05022695683446237,0.11833763163550393,0.13696324951644095,0.1565948236161002,0.3829787234042553,0.0502901353965183
EU Railways — Netherlands,seamless,5.0,94,0.08718091653603392,0.02000456434795292,0.06907193633037237,0.08399753218168476,0.14670300685774573,0.2048586165607442,0.3017408123791102,0.06963249516441
EU Railways — Netherlands,seamless,5.0,95,0.09739083912918219,0.019798794563188112,0.09055278428178762,0.10302004571830488,0.1375241779497098,0.18681265542967668,0.1586073500967118,0.0986460348162475
EU Railways — Netherlands,seamless,5.0,96,0.0907276393716164,0.016947947726992076,0.08395572435019552,0.08857994842037391,0.1038017741612752,0.31917531211535083,0.1740812379110251,0.0851063829787234
EU Railways — Netherlands,seamless,5.0,97,0.09079498221026672,0.02486073126840231,0.08970019342359765,0.10960999486835353,0.13721736810511567,0.22137330754352028,0.11605415860735,0.0019342359767891
EU Railways — Netherlands,seamless,5.0,98,0.08531028212908118,0.022567333485478215,0.0652230928105432,0.11641682785299798,0.14629472920696324,0.18335866261398168,0.1334622823984526,0.0367504835589942
EU Railways — Netherlands,seamless,5.0,99,0.09021134427529745,0.017681236414517576,0.07980872555340639,0.08842944536907917,0.14323017408123784,0.20917553191489355,0.1702127659574468,0.081237911025145
EU Railways — Netherlands,seamless,5.0,100,0.07960858845668912,0.02349890942014069,0.06754439950764894,0.09108067635864477,0.14344777562862665,0.20769298399859323,0.11605415860735,0.0019342359767891
EU Railways — Netherlands,seamless,6.0,1,0.07441196607417433,0.024000239441204038,0.0436608789528136,0.09469419062229036,0.12919208451123337,0.19996776273372016,0.3307543520309478,0.0444874274661508
EU Railways — Netherlands,seamless,6.0,2,0.07108223682979836,0.022140828840692982,0.05304181633968865,0.06688624502755368,0.12410541586073494,0.2027694742394935,0.2514506769825919,0.04642166344294
EU Railways — Netherlands,seamless,6.0,3,0.08416919514084,0.01793938396267705,0.07041827852998062,0.0904255319148936,0.12130635322124682,0.1389897336705847,0.11605415860735,0.0425531914893617
EU Railways — Netherlands,seamless,6.0,4,0.0946335240133338,0.019443374025867086,0.07128465506125077,0.09468085106382973,0.18379386570875925,0.21446532191213036,0.1257253384912959,0.0715667311411992
EU Railways — Netherlands,seamless,6.0,5,0.076129208459757,0.020775265723617452,0.06431334622823981,0.08695107099362412,0.11493230174081231,0.15423773518551076,0.1760154738878143,0.0657640232108317
EU Railways — Netherlands,seamless,6.0,6,0.07873687282304913,0.020618132433433432,0.05800206763156134,0.07288401253918494,0.11153633600442106,0.2631286266924564,0.2224371373307543,0.058027079303675
EU Railways — Netherlands,seamless,6.0,7,0.07643599250249719,0.02377202204355581,0.055855208621166,0.06564313346228237,0.15477756286266917,0.20371224520160683,0.3365570599613153,0.0560928433268858
EU Railways — Netherlands,seamless,6.0,8,0.0815465657022922,0.02151603694877076,0.06713410702772399,0.10837557526845859,0.13809235976789164,0.25366295938104444,0.11605415860735,0.0212765957446808
EU Railways — Netherlands,seamless,6.0,9,0.08218632266947005,0.023207090452656065,0.05348162475822048,0.10750016674448072,0.12864901056390413,0.25072905817586666,0.1644100580270793,0.04642166344294
EU Railways — Netherlands,seamless,6.0,10,0.06657026664022829,0.023117300001122332,0.052653393638835935,0.07378195410110303,0.1069374597034171,0.2084864603481624,0.1779497098646034,0.0541586073500967
EU Railways — Netherlands,seamless,6.0,11,0.09250474205822154,0.016914276307666933,0.08705573017408116,0.09040379892639035,0.15918762088974847,0.21280740536059684,0.1644100580270793,0.0909090909090909
EU Railways — Netherlands,seamless,6.0,12,0.08617825649390724,0.021493589335887325,0.07739788371828418,0.09206542763434525,0.1352734306312642,0.2360130560928433,0.1353965183752417,0.0715667311411992
EU Railways — Netherlands,seamless,6.0,13,0.07994530264994062,0.02313226507637796,0.06196666287404702,0.09887730216129838,0.12325634315621795,0.17143133462282398,0.2321083172147001,0.04642166344294
EU Railways — Netherlands,seamless,6.0,14,0.07250766024789639,0.022889082603474088,0.056264103803997344,0.07409030464216633,0.10238059812527896,0.1648549323017408,0.3520309477756286,0.0483558994197292
EU Railways — Netherlands,seamless,6.0,15,0.08727818952519548,0.020075648455417126,0.06133707467240575,0.10206676696038396,0.11779497098646029,0.22903288201160535,0.1528046421663443,0.058027079303675
EU Railways — Netherlands,seamless,6.0,16,0.08340971757161712,0.02284418737770722,0.05660561058247757,0.11421324103294984,0.156067053513862,0.27166344294003864,0.2862669245647969,0.058027079303675
EU Railways — Netherlands,seamless,6.0,17,0.0767652241581209,0.021871457486091782,0.06550026375945135,0.0733612722974425,0.12607994842037393,0.22898130238555764,0.1566731141199226,0.06963249516441
EU Railways — Netherlands,seamless,6.0,18,0.07492826117049327,0.02134767985214501,0.051238654962059156,0.08160058027079298,0.14424564796905218,0.19636121856866534,0.2147001934235976,0.04642166344294
EU Railways — Netherlands,seamless,6.0,19,0.07322224259135231,0.02445293296768662,0.057041598315500756,0.09289335023010731,0.11390070921985812,0.1982193651154852,0.2998065764023211,0.058027079303675
EU Railways — Netherlands,seamless,6.0,20,0.07452794540740537,0.02350265068895461,0.048045040066316644,0.09269221470019334,0.1182398452611218,0.16007253384912956,0.2688588007736944,0.0483558994197292
EU Railways — Netherlands,seamless,6.0,21,0.09239624526261829,0.017236025425662806,0.07878557612600165,0.10707901060899122,0.13975929507844398,0.15964700193423595,0.1315280464216634,0.0502901353965183
EU Railways — Netherlands,seamless,6.0,22,0.08366038258214883,0.01989980882116356,0.0683985860068031,0.07338111061515316,0.12738878143133459,0.25780947775628626,0.2243713733075435,0.0735009671179884
EU Railways — Netherlands,seamless,6.0,23,0.07577004665362203,0.020752818110734022,0.07229206963249515,0.07894906511927788,0.11802984249792754,0.15161186331399096,0.1489361702127659,0.0754352030947775
EU Railways — Netherlands,seamless,6.0,24,0.06582949541507498,0.0255902786871139,0.04032250225984852,0.06650548033526753,0.10241779497098644,0.16934235976789166,0.3829787234042553,0.0406189555125725
EU Railways — Netherlands,seamless,6.0,25,0.08216761632540054,0.022092192346112212,0.06214207152880487,0.08032658830531167,0.12541033434650453,0.23794003868471952,0.2205029013539652,0.0599613152804642
EU Railways — Netherlands,seamless,6.0,26,0.0807384516384886,0.020363726154087845,0.06760154738878135,0.09420765404807951,0.12483075435203089,0.2356189555125725,0.11605415860735,0.0212765957446808
EU Railways — Netherlands,seamless,6.0,27,0.09049942197396815,0.01693298265173646,0.07130942452043366,0.10130560928433266,0.13470744680851057,0.18583172147001925,0.2088974854932301,0.0715667311411992
EU Railways — Netherlands,seamless,6.0,28,0.08217135759421444,0.024505310731081285,0.053354372391326454,0.08285265266648241,0.14465447511869173,0.2445634153080961,0.2321083172147001,0.0444874274661508
EU Railways — Netherlands,seamless,6.0,29,0.07909229336037016,0.021093273572799418,0.05381589078139376,0.08791758187719236,0.12507253384912956,0.18110251450676979,0.3965183752417795,0.0541586073500967
EU Railways — Netherlands,seamless,6.0,30,0.07904739813460329,0.020128026218811792,0.06600580270793033,0.09607712765957444,0.10586460348162469,0.20839634253560746,0.11605415860735,0.0077369439071566
EU Railways — Netherlands,seamless,6.0,31,0.07929432187632104,0.027490843244577914,0.06489431278961354,0.08430045132172789,0.13792484111633044,0.25260315925209537,0.2669245647969052,0.0657640232108317
EU Railways — Netherlands,seamless,6.0,32,0.07425483278399028,0.018279839424742466,0.06797055454357656,0.0756424426637192,0.10732430689877494,0.15971953578336553,0.1914893617021276,0.06963249516441
EU Railways — Netherlands,seamless,6.0,33,0.07275458398961417,0.023143488882819675,0.04441558441558435,0.07010094294003863,0.14086073500967117,0.16040457769181168,0.3365570599613153,0.0444874274661508
EU Railways — Netherlands,seamless,6.0,34,0.07523878648204743,0.023315587248259325,0.05089591259804019,0.09194390715667307,0.10984042553191489,0.16306990881458963,0.2611218568665377,0.0483558994197292
EU Railways — Netherlands,seamless,6.0,35,0.08177104183112653,0.023274433291306372,0.05910448267671109,0.0847134912959381,0.13364189002486873,0.22188910380399737,0.218568665377176,0.0599613152804642
EU Railways — Netherlands,seamless,6.0,36,0.07951131546752756,0.026218811847850035,0.05566217359767885,0.08467861925308733,0.13118955512572528,0.19331399097356539,0.2456479690522243,0.0560928433268858
EU Railways — Netherlands,seamless,6.0,37,0.07645469884656672,0.02328565709774808,0.06673114119922625,0.08583172147001931,0.11592678209180535,0.20897001934235968,0.11605415860735,0.0077369439071566
EU Railways — Netherlands,seamless,6.0,38,0.08520178533347791,0.018347182263392766,0.07446808510638292,0.08113369572467144,0.11009486966933775,0.17750241779497092,0.218568665377176,0.081237911025145
EU Railways — Netherlands,seamless,6.0,39,0.0776369397917609,0.026660281567890888,0.055888673973780285,0.07313592748511397,0.16099751312517266,0.25935872638000296,0.195357833655706,0.0735009671179884
EU Railways — Netherlands,seamless,6.0,40,0.0690020913692669,0.028777839716561428,0.038155826885880026,0.08733612722974418,0.12834300451321723,0.17445929312467026,0.3694390715667311,0.0386847195357833
EU Railways — Netherlands,seamless,6.0,41,0.07612920845975697,0.01802169187658298,0.06006618349607325,0.09513633243900912,0.13755319148936165,0.16985493230174079,0.1586073500967118,0.0618955512572533
EU Railways — Netherlands,seamless,6.0,42,0.07854980938235387,0.022196947872901565,0.05252594579979614,0.1057612600165791,0.13188265635074142,0.2113878143133462,0.1760154738878143,0.0541586073500967
EU Railways — Netherlands,seamless,6.0,43,0.0832301366685497,0.019664108885887516,0.06070578740102691,0.07534885327438512,0.15502901353965176,0.25394100580270784,0.2669245647969052,0.0618955512572533
EU Railways — Netherlands,seamless,6.0,44,0.0818945037019854,0.025197445461653815,0.07379933330589736,0.09711476466795613,0.166416827852998,0.22632978723404254,0.1798839458413926,0.0754352030947775
EU Railways — Netherlands,seamless,6.0,45,0.08578542326844718,0.02282173976482379,0.07857833655705995,0.09262352734306305,0.1578916827852998,0.17960831721470014,0.2205029013539652,0.081237911025145
EU Railways — Netherlands,seamless,6.0,46,0.07929432187632106,0.019061764606848712,0.06455679317014604,0.07782613367719748,0.13667794970986455,0.17229206963249513,0.2746615087040619,0.0657640232108317
EU Railways — Netherlands,seamless,6.0,47,0.07793998256568724,0.02178914957218586,0.06988379353934718,0.07703858291764222,0.11679561573178585,0.15840183752417797,0.2437137330754352,0.0715667311411992
EU Railways — Netherlands,seamless,6.0,48,0.08287471613122867,0.019619213660120642,0.05940988835725675,0.09031563214348512,0.12515679034054272,0.24626543669096854,0.218568665377176,0.0599613152804642
EU Railways — Netherlands,seamless,6.0,49,0.07722165895341737,0.018414525102043052,0.07567698259187615,0.08149636497031941,0.12140554480980009,0.18110251450676979,0.1025145067698259,0.0831721470019342
EU Railways — Netherlands,seamless,6.0,50,0.07843008878030887,0.02225306690511015,0.05858198306750797,0.0915353394425595,0.12382523609056768,0.16524177949709862,0.1934235976789168,0.058027079303675
EU Railways — Netherlands,seamless,6.0,51,0.09384411629359972,0.019147813789568542,0.0783757645459773,0.09508528222261292,0.14526112185686652,0.21291102514506766,0.1411992263056093,0.0560928433268858
EU Railways — Netherlands,seamless,6.0,52,0.08931718102877402,0.02062561497106123,0.07420670186627631,0.09678433268858798,0.12254029658284975,0.1975822050290134,0.172147001934236,0.09284332688588
EU Railways — Netherlands,seamless,6.0,53,0.0852728694409421,0.021923835249486472,0.06020309477756283,0.09779189790126352,0.13960720130932894,0.220531914893617,0.2340425531914893,0.058027079303675
EU Railways — Netherlands,seamless,6.0,54,0.07614043226619867,0.020101837337114466,0.05400637581488644,0.07831928709588283,0.1315726826365124,0.1734042553191489,0.206963249516441,0.0541586073500967
EU Railways — Netherlands,seamless,6.0,55,0.08487629494666812,0.02078274826124528,0.06990762355766018,0.09729897761812652,0.1284156848953754,0.2157398452611218,0.218568665377176,0.0715667311411992
EU Railways — Netherlands,seamless,6.0,56,0.08008372959605513,0.023644818903883008,0.0761260016579165,0.09009509993552545,0.13972705781216418,0.23294003868471946,0.11605415860735,0.0019342359767891
EU Railways — Netherlands,seamless,6.0,57,0.07133664310914394,0.02145991791656219,0.05735065573953774,0.0713755566551212,0.1303782505910165,0.1505125725338491,0.3249516441005802,0.058027079303675
EU Railways — Netherlands,seamless,6.0,58,0.08891686526568611,0.022047297120345342,0.0568044961862705,0.11102358519997502,0.14642166344294003,0.1977607498884094,0.2823984526112186,0.0541586073500967
EU Railways — Netherlands,seamless,6.0,59,0.07960858845668911,0.02049092929376064,0.06598446922289222,0.06900014878738277,0.12235976789168276,0.14493068987749838,0.241779497098646,0.0676982591876208
EU Railways — Netherlands,seamless,6.0,60,0.07060335442161848,0.030491340833330154,0.05047696500791271,0.07775119617224878,0.12293629500218378,0.19932301740812375,0.3984526112185687,0.0367504835589942
EU Railways — Netherlands,seamless,6.0,61,0.09395635435801691,0.02246257795868886,0.08279220779220775,0.12023552167482077,0.13762088974854925,0.22504029658284977,0.1818181818181818,0.034816247582205
EU Railways — Netherlands,seamless,6.0,62,0.07323720766660796,0.026619127610937942,0.049633513183345156,0.08447171179883944,0.11210604164296273,0.17608800773694386,0.3655705996131528,0.0502901353965183
EU Railways — Netherlands,seamless,6.0,63,0.08328999696957216,0.02581101354713433,0.06290109777498809,0.08854047142903972,0.11566145009085038,0.25559719535783365,0.2901353965183752,0.0638297872340425
EU Railways — Netherlands,seamless,6.0,64,0.07887904103797753,0.026731365675355088,0.06471308833010957,0.09588401140871386,0.1378200022755717,0.1586436170212766,0.2823984526112186,0.0657640232108317
EU Railways — Netherlands,seamless,6.0,65,0.07741994620055437,0.018302287037625892,0.05784892599002336,0.0772682290495254,0.11581958105271813,0.1616537717601547,0.2030947775628626,0.058027079303675
EU Railways — Netherlands,seamless,6.0,66,0.07822431899554408,0.01804413948946641,0.0648578260406037,0.06952140728736468,0.1116175048355899,0.20192679660764765,0.2437137330754352,0.0657640232108317
EU Railways — Netherlands,seamless,6.0,67,0.06013154301149683,0.027326227416766075,0.030648947036706935,0.06978024930152585,0.12393617021276587,0.18127014829142485,0.3423597678916827,0.0309477756286266
EU Railways — Netherlands,seamless,6.0,68,0.06829499156343874,0.026001818256643515,0.04044672902148853,0.06379754996776268,0.10605657640232102,0.23612185686653764,0.4177949709864603,0.0406189555125725
EU Railways — Netherlands,seamless,6.0,69,0.08231352580914282,0.020958587895498836,0.055857263304071744,0.09593066507960121,0.14234364925854284,0.1988152804642166,0.1605415860735009,0.0444874274661508
EU Railways — Netherlands,seamless,6.0,70,0.08393349520556394,0.02453898215040644,0.07653271901419159,0.0943208682570384,0.15434362122613735,0.19221909618427988,0.1702127659574468,0.0773694390715667
EU Railways — Netherlands,seamless,6.0,71,0.08749892438521593,0.01937603118721678,0.0752049369070645,0.0911911669890393,0.12149151085321297,0.21677949709864594,0.1218568665377176,0.0793036750483559
EU Railways — Netherlands,seamless,6.0,72,0.07684004953439902,0.021276595744680805,0.05506736477022606,0.07861152197823035,0.11325596389426171,0.18597678916827842,0.2224371373307543,0.0560928433268858
EU Railways — Netherlands,seamless,6.0,73,0.07982558204789562,0.020292642046623646,0.05858338611115862,0.07903167311411992,0.12891173775832224,0.20699951644100578,0.2108317214700193,0.0599613152804642
EU Railways — Netherlands,seamless,6.0,74,0.10008455267519419,0.019701521574026565,0.08403564520585795,0.09653834833067024,0.1549323017408123,0.2481382978723404,0.1760154738878143,0.0967117988394584
EU Railways — Netherlands,seamless,6.0,75,0.0879628417181402,0.01807406963997765,0.07208748698110398,0.11221027439923936,0.14341285192349018,0.16997789444597955,0.1276595744680851,0.0599613152804642
EU Railways — Netherlands,seamless,6.0,76,0.08578168199963326,0.0216095686691184,0.07417116291696357,0.0946624297688127,0.14146091705541017,0.16026632941526553,0.218568665377176,0.0754352030947775
EU Railways — Netherlands,seamless,6.0,77,0.07807466824298784,0.023049957162472035,0.051527718585057156,0.08339780786589295,0.16284655061250802,0.1852756286266924,0.2205029013539652,0.0522243713733075
EU Railways — Netherlands,seamless,6.0,78,0.06922656749810123,0.02530968352607098,0.04215970720976978,0.07037164962696874,0.13039168278529975,0.17633324122685823,0.3926499032882011,0.0425531914893617
EU Railways — Netherlands,seamless,6.0,79,0.08821724799748579,0.019667850154701422,0.0701160541586073,0.09281108961960018,0.135865198631156,0.16206479690522238,0.2108317214700193,0.06963249516441
EU Railways — Netherlands,seamless,6.0,80,0.07978442809094267,0.02158337978742105,0.05628626692456471,0.08486460348162475,0.13470744680851057,0.22281519254439947,0.206963249516441,0.04642166344294
EU Railways — Netherlands,seamless,6.0,81,0.07513777222407196,0.023996498172390142,0.04586203898898133,0.10013876040703047,0.13354517822602927,0.16303191489361699,0.3346228239845261,0.04642166344294
EU Railways — Netherlands,seamless,6.0,82,0.0883743812876698,0.017520361855519626,0.06602778266221204,0.10017730496453894,0.13278916827852996,0.22265957446808504,0.1663442940038684,0.0715667311411992
EU Railways — Netherlands,seamless,6.0,83,0.07462147712775301,0.02109701484161334,0.05951072621768944,0.09289540246987048,0.11679561573178585,0.21677949709864594,0.1760154738878143,0.0309477756286266
EU Railways — Netherlands,seamless,6.0,84,0.07765938740464431,0.024220974301224454,0.04799207884314266,0.09366871206563056,0.12120406189555125,0.21737588652482265,0.3849129593810445,0.0483558994197292
EU Railways — Netherlands,seamless,6.0,85,0.0685306914987148,0.022230619292226722,0.05141566064163271,0.05574830754352024,0.12397071014092284,0.19057059961315276,0.2224371373307543,0.0522243713733075
EU Railways — Netherlands,seamless,6.0,86,0.07847124273726185,0.021987436819322855,0.06411186331399094,0.08280761791400085,0.125472399940485,0.18876761536336004,0.1605415860735009,0.0502901353965183
EU Railways — Netherlands,seamless,6.0,87,0.07701963043746651,0.01987361993946622,0.07545622739887303,0.08228840125391844,0.12610080782796676,0.18803675048355897,0.1295938104448742,0.081237911025145
EU Railways — Netherlands,seamless,6.0,88,0.08037928983235368,0.022986355592635642,0.07759394860458688,0.08303157752687684,0.11914226639098241,0.2040800290135396,0.1760154738878143,0.0425531914893617
EU Railways — Netherlands,seamless,6.0,89,0.07401539157990034,0.02097729423956836,0.05345828053091441,0.08147969052224364,0.12780464216634427,0.16033607350096707,0.2785299806576402,0.0541586073500967
EU Railways — Netherlands,seamless,6.0,90,0.08590888513930606,0.02169187658302431,0.07245427613054867,0.09373409345413818,0.12360458690245918,0.1661616161616161,0.3036750483558994,0.0735009671179884
EU Railways — Netherlands,seamless,6.0,91,0.08286723359360083,0.023300622173003698,0.056884121681026835,0.1002348715114672,0.1528460900801326,0.20383623468729845,0.2050290135396518,0.0502901353965183
EU Railways — Netherlands,seamless,6.0,92,0.08031568826251728,0.021523519486398565,0.0594777562862669,0.08583172147001931,0.1217629179331307,0.21352756286266922,0.2127659574468085,0.0444874274661508
EU Railways — Netherlands,seamless,6.0,93,0.08698262928889694,0.021972471744067235,0.0584415584415584,0.09821308083307087,0.1190280464216634,0.22190522243713728,0.1779497098646034,0.0541586073500967
EU Railways — Netherlands,seamless,6.0,94,0.0838624110980997,0.02092117520735977,0.05773185381248085,0.07266110149648781,0.13715769113305504,0.2635759187620889,0.1818181818181818,0.058027079303675
EU Railways — Netherlands,seamless,6.0,95,0.0766305384808203,0.020513376906644065,0.06617532626336732,0.09167534593066504,0.11613705443492667,0.1794372294372294,0.1663442940038684,0.0676982591876208
EU Railways — Netherlands,seamless,6.0,96,0.08171492279891794,0.021108238648055062,0.06832688588007729,0.09451160541586068,0.12700193423597678,0.19640876853642808,0.11605415860735,0.0270793036750483
EU Railways — Netherlands,seamless,6.0,97,0.08681427219227118,0.022320409743760445,0.06359454231794652,0.10414102338667128,0.15773694390715667,0.20148043445915784,0.1605415860735009,0.0386847195357833
EU Railways — Netherlands,seamless,6.0,98,0.07567651493327437,0.021183064024333165,0.05991375210070709,0.06746095708861659,0.12964656233515026,0.1747582205029013,0.206963249516441,0.0676982591876208
EU Railways — Netherlands,seamless,6.0,99,0.07739749858767092,0.027049373524537068,0.06473348764942763,0.08156976523684903,0.1233701217430879,0.16807301740812375,0.3868471953578337,0.0386847195357833
EU Railways — Netherlands,seamless,6.0,100,0.07982932331670953,0.019248828047543996,0.06061845955462973,0.09053661979193893,0.11923275306254026,0.16501934235976787,0.1740812379110251,0.0599613152804642
EU Railways — Netherlands,seamless,7.0,1,0.08535891862366192,0.025133843891817425,0.06291194914314571,0.08435082205029013,0.12557612600165788,0.2515087040618955,0.3017408123791102,0.0638297872340425
EU Railways — Netherlands,seamless,7.0,2,0.0810153055307176,0.016442876437114833,0.07102944336986887,0.09550290135396514,0.1456107722065169,0.15047281323877065,0.1295938104448742,0.0735009671179884
EU Railways — Netherlands,seamless,7.0,3,0.07037513702397022,0.026349756256336728,0.05163537470368372,0.07167832167832165,0.115696324951644,0.20988878143133455,0.2553191489361702,0.0522243713733075
EU Railways — Netherlands,seamless,7.0,4,0.0766230559431925,0.022402717657666375,0.05604350057237587,0.0891876208897485,0.1185444874274661,0.17726063829787228,0.1798839458413926,0.0560928433268858
EU Railways — Netherlands,seamless,7.0,5,0.09366453539053222,0.018526763166460226,0.07671521219706447,0.12737610885079703,0.16349285580582765,0.2021566731141199,0.1005802707930367,0.0309477756286266
EU Railways — Netherlands,seamless,7.0,6,0.08335359853940857,0.022702019162778815,0.08158881224217313,0.09231771928349165,0.11351386202450028,0.17869116698903925,0.2166344294003868,0.0831721470019342
EU Railways — Netherlands,seamless,7.0,7,0.07853858557591212,0.021328973508075486,0.05898807629214305,0.08249683185486556,0.11506125080593159,0.18877337201805286,0.3036750483558994,0.0599613152804642
EU Railways — Netherlands,seamless,7.0,8,0.06545536853368442,0.02386181249508954,0.051645686019595974,0.062336443281374374,0.0946872985170857,0.18474371373307535,0.2340425531914893,0.0522243713733075
EU Railways — Netherlands,seamless,7.0,9,0.08082450082120844,0.019746416799793432,0.0647468818782098,0.08334868441251417,0.14704061895551257,0.18866196381840936,0.1818181818181818,0.0657640232108317
EU Railways — Netherlands,seamless,7.0,10,0.07484595325658734,0.022485025571572295,0.06202219766049545,0.07953034332688588,0.13081882656350735,0.20997889924388952,0.1605415860735009,0.0638297872340425
EU Railways — Netherlands,seamless,7.0,11,0.07647714645945017,0.02886014763046734,0.049506715796980814,0.07550428295109139,0.15257898130238554,0.22932125901178121,0.344294003868472,0.0502901353965183
EU Railways — Netherlands,seamless,7.0,12,0.08228733692744547,0.025885838923412452,0.07586187279553983,0.08683533447684384,0.13119922630560923,0.22913174296153013,0.1818181818181818,0.0328820116054158
EU Railways — Netherlands,seamless,7.0,13,0.08764109260014433,0.019810018369629832,0.08196324951644095,0.10407731337426057,0.1267956157317859,0.15238059812527896,0.1682785299806576,0.0599613152804642
EU Railways — Netherlands,seamless,7.0,14,0.07624518779298803,0.021710582927093835,0.052928815340162826,0.08357160877974937,0.14134429400386847,0.22536266924564796,0.1856866537717601,0.0483558994197292
EU Railways — Netherlands,seamless,7.0,15,0.07116454474370427,0.027228954427604538,0.0515605022456807,0.06353855283981004,0.1416247582205029,0.1941166989039329,0.2263056092843327,0.0522243713733075
EU Railways — Netherlands,seamless,7.0,16,0.07245528248450171,0.023480203076071165,0.05672097150491528,0.07576160541586067,0.10980012894906509,0.19397969052224368,0.1856866537717601,0.058027079303675
EU Railways — Netherlands,seamless,7.0,17,0.07141146848542207,0.021946282862369895,0.05982897281889441,0.07671461960025786,0.1134693159838227,0.13139103803997418,0.1818181818181818,0.0599613152804642
EU Railways — Netherlands,seamless,7.0,18,0.0798031344350122,0.019114142370243403,0.06860216684997654,0.07279819471308832,0.1548960348162475,0.1599552707930367,0.2282398452611218,0.06963249516441
EU Railways — Netherlands,seamless,7.0,19,0.08246317656169903,0.020221557939159442,0.06092843326885875,0.09603481624758217,0.13222114764667953,0.1979561573178594,0.1760154738878143,0.0328820116054158
EU Railways — Netherlands,seamless,7.0,20,0.08061873103644358,0.022750655657359592,0.0685041908446163,0.09250168194432758,0.12327272727272721,0.1615812379110251,0.1760154738878143,0.09284332688588
EU Railways — Netherlands,seamless,7.0,21,0.08597248670914245,0.017666271339261942,0.07335443408944377,0.08796605082371768,0.13128949065119275,0.16874721023657188,0.11605415860735,0.0502901353965183
EU Railways — Netherlands,seamless,7.0,22,0.08760742118081918,0.023599923678116145,0.07422461484357033,0.10680253726248715,0.1532706171971162,0.17920696324951638,0.2746615087040619,0.0754352030947775
EU Railways — Netherlands,seamless,7.0,23,0.07994904391875453,0.021957506668811612,0.0628626692456479,0.077852998065764,0.14003124535039427,0.2097001934235976,0.1876208897485493,0.0735009671179884
EU Railways — Netherlands,seamless,7.0,24,0.07135534945321347,0.025395732708790815,0.04572555104469993,0.09665807006232535,0.1251618871415356,0.14645067698259187,0.3500967117988394,0.04642166344294
EU Railways — Netherlands,seamless,7.0,25,0.0665216301456475,0.03015462664007867,0.02897681365227821,0.08191489361702121,0.12872985170857507,0.18172684289705565,0.4526112185686654,0.0290135396518375
EU Railways — Netherlands,seamless,7.0,26,0.07691861617949103,0.02158337978742106,0.06739603481624751,0.0737137330754352,0.13982108317214698,0.18821497651284883,0.2243713733075435,0.06963249516441
EU Railways — Netherlands,seamless,7.0,27,0.0794626789729468,0.02117558148670535,0.057793637030614235,0.07901045310506605,0.11572533849129585,0.21016611673683006,0.1798839458413926,0.0793036750483559
EU Railways — Netherlands,seamless,7.0,28,0.07271717130147508,0.02561646756881125,0.057108016867498765,0.07845744680851062,0.13280464216634427,0.18614872125510418,0.3056092843326886,0.058027079303675
EU Railways — Netherlands,seamless,7.0,29,0.07434088196671008,0.02866560165214425,0.055232392763681824,0.06945741345961443,0.15543688503910513,0.19715506125080587,0.2591876208897485,0.0560928433268858
EU Railways — Netherlands,seamless,7.0,30,0.0782505078772414,0.021227959250100032,0.0699020198497003,0.07882791539277469,0.11360873169383803,0.17035783365570595,0.1179883945841392,0.0793036750483559
EU Railways — Netherlands,seamless,7.0,31,0.0809442214232534,0.02126163066942518,0.06652690510229821,0.08635557704706637,0.12761589817183502,0.16394463249516442,0.3094777562862669,0.0676982591876208
EU Railways — Netherlands,seamless,7.0,32,0.0682762852193692,0.023136006345191865,0.04030620591433544,0.06292466398849371,0.12703632065334192,0.19796099290780136,0.3868471953578337,0.0406189555125725
EU Railways — Netherlands,seamless,7.0,33,0.0815428244334783,0.022114639958995645,0.047739858509313456,0.10518401738162733,0.13103310956877912,0.2637250161186331,0.2804642166344294,0.0483558994197292
EU Railways — Netherlands,seamless,7.0,34,0.08968382537253676,0.01845193779018211,0.07968361425808233,0.09152776197519623,0.15239361702127657,0.2141521598968407,0.1605415860735009,0.081237911025145
EU Railways — Netherlands,seamless,7.0,35,0.08787305126660648,0.02148610679825952,0.06818181818181811,0.09714930459611307,0.14810972393177418,0.253411288904519,0.2224371373307543,0.0676982591876208
EU Railways — Netherlands,seamless,7.0,36,0.08373146668961301,0.02082764348701214,0.08037259493026566,0.08814684295593646,0.11940038684719531,0.20785514721684928,0.1392649903288201,0.0889748549323017
EU Railways — Netherlands,seamless,7.0,37,0.07904739813460328,0.021826562260324915,0.06308833010960664,0.08548632218844983,0.1235203094777562,0.22957769181173432,0.172147001934236,0.0638297872340425
EU Railways — Netherlands,seamless,7.0,38,0.08261656858306919,0.024445450430058795,0.07433077823148743,0.08970019342359764,0.11806092843326879,0.19468775904946117,0.3114119922630561,0.0754352030947775
EU Railways — Netherlands,seamless,7.0,39,0.07531361185832557,0.02772280191104006,0.04407933721671264,0.07310532794091787,0.15225302672111182,0.18163926499032879,0.3326885880077369,0.0444874274661508
EU Railways — Netherlands,seamless,7.0,40,0.07620403383603506,0.02015047383169523,0.062392179413455935,0.08105602186219006,0.11807129041171588,0.17879939209726436,0.1972920696324951,0.081237911025145
EU Railways — Netherlands,seamless,7.0,41,0.06521966859840837,0.026274930880058604,0.049317047543997856,0.06296844777562856,0.11927409261576967,0.1826499032882011,0.288201160541586,0.0502901353965183
EU Railways — Netherlands,seamless,7.0,42,0.06863170575669024,0.020191627788648196,0.05560928433268852,0.08691972920696318,0.09834465386172454,0.17905585106382974,0.1818181818181818,0.034816247582205
EU Railways — Netherlands,seamless,7.0,43,0.08388485871098318,0.023180901570958725,0.05865391503689372,0.10855143858800771,0.1674564796905222,0.20698742746615084,0.1818181818181818,0.0444874274661508
EU Railways — Netherlands,seamless,7.0,44,0.07447556764401071,0.022249325636296252,0.06185787133562754,0.07661646863774518,0.1259767891682785,0.18819425255595465,0.1528046421663443,0.0270793036750483
EU Railways — Netherlands,seamless,7.0,45,0.09077253459738327,0.021792890840999765,0.07255660484696778,0.09403024441709154,0.1494304749623898,0.2599310928433268,0.1624758220502901,0.0735009671179884
EU Railways — Netherlands,seamless,7.0,46,0.06655904283378655,0.028411195372798695,0.03762247518787453,0.0773603153169592,0.12314049586776854,0.15424513895958458,0.4100580270793036,0.0251450676982591
EU Railways — Netherlands,seamless,7.0,47,0.08357807466824291,0.02233537481901607,0.06794003868471946,0.11214172674520831,0.14938188545959125,0.17288845905867178,0.1818181818181818,0.0406189555125725
EU Railways — Netherlands,seamless,7.0,48,0.08137820860566644,0.02368223159202206,0.059223251552478845,0.09121681026903461,0.13248083673615585,0.22466841668969326,0.3578336557059961,0.0599613152804642
EU Railways — Netherlands,seamless,7.0,49,0.07502553415965481,0.02041984518629644,0.051355272099952894,0.07078883188966441,0.12021276595744676,0.20420696324951637,0.2843326885880077,0.0522243713733075
EU Railways — Netherlands,seamless,7.0,50,0.08124726419717973,0.019387254993658502,0.05974753130408224,0.08231080754352026,0.10403771760154731,0.17467532467532462,0.1702127659574468,0.0599613152804642
EU Railways — Netherlands,seamless,7.0,51,0.0771655399212088,0.021590862325048865,0.05708733257910289,0.08246103083399699,0.11294179708106201,0.21097678916827844,0.2030947775628626,0.058027079303675
EU Railways — Netherlands,seamless,7.0,52,0.08522049167754743,0.0183060283064398,0.0705996131528046,0.08597825449856394,0.11998710509348803,0.18025467440361054,0.241779497098646,0.0715667311411992
EU Railways — Netherlands,seamless,7.0,53,0.07740123985648485,0.023150971420447485,0.050975177304964474,0.07899370133412686,0.1023914190258484,0.22029738878143135,0.2823984526112186,0.0502901353965183
EU Railways — Netherlands,seamless,7.0,54,0.06872149620822399,0.02114191006738021,0.04949315853571168,0.07371430196836955,0.11661025145067688,0.1600451321727917,0.1876208897485493,0.0328820116054158
EU Railways — Netherlands,seamless,7.0,55,0.0834284239156867,0.018167601360325296,0.06905222437137325,0.09084864603481624,0.151364710939179,0.20758583172147,0.1760154738878143,0.06963249516441
EU Railways — Netherlands,seamless,7.0,56,0.0808207595523945,0.01813392994100014,0.07494316060945395,0.0788393303188287,0.11813346228239838,0.16401246507629486,0.1644100580270793,0.0793036750483559
EU Railways — Netherlands,seamless,7.0,57,0.07670536385709843,0.02497671060163339,0.046287341500107416,0.07878989361702127,0.10393036750483552,0.27342037395228885,0.3462282398452611,0.04642166344294
EU Railways — Netherlands,seamless,7.0,58,0.08205537826098334,0.02244013034580542,0.07044967237941009,0.08274903288201156,0.1437137330754351,0.1977369439071566,0.2243713733075435,0.0715667311411992
EU Railways — Netherlands,seamless,7.0,59,0.07675400035167916,0.022133346303065175,0.05929904970145485,0.09625021979954279,0.12150870406189554,0.17439900525006902,0.1682785299806576,0.0599613152804642
EU Railways — Netherlands,seamless,7.0,60,0.07062580203450189,0.023177160302144822,0.05262001055037802,0.09566832943092737,0.12335589941972915,0.1779980657640231,0.2030947775628626,0.0541586073500967
EU Railways — Netherlands,seamless,7.0,61,0.08086191350934746,0.018335958456951035,0.06712678037629675,0.08947990543735221,0.10032616528236048,0.2020825274016763,0.11605415860735,0.0406189555125725
EU Railways — Netherlands,seamless,7.0,62,0.07628634174994099,0.020853832368709475,0.06397946025605596,0.08802080610591244,0.12289651837524174,0.18118955512572532,0.1663442940038684,0.04642166344294
EU Railways — Netherlands,seamless,7.0,63,0.0765781607174256,0.02428457587106087,0.05196507162279591,0.06962370318269732,0.14397841799857475,0.20104310583033985,0.2611218568665377,0.0522243713733075
EU Railways — Netherlands,seamless,7.0,64,0.07221958254922566,0.02090995140091806,0.05831402639913274,0.07487269569336434,0.10931656995486781,0.15827852998065764,0.3713733075435203,0.04642166344294
EU Railways — Netherlands,seamless,7.0,65,0.08213394490607535,0.02413492511850464,0.05944321635810995,0.07948182836200753,0.13255319148936168,0.23287457223627428,0.3771760154738878,0.0599613152804642
EU Railways — Netherlands,seamless,7.0,66,0.08882333354533849,0.021123203723310665,0.07704706640876849,0.10753143133462278,0.14428018789720914,0.2113878143133462,0.1663442940038684,0.0541586073500967
EU Railways — Netherlands,seamless,7.0,67,0.0707642289806164,0.019563094627912055,0.05917997136893636,0.06876208897485485,0.08651561204752689,0.15354609929078009,0.3404255319148936,0.0599613152804642
EU Railways — Netherlands,seamless,7.0,68,0.08105271821885666,0.02068921654089763,0.06406896695160245,0.07497362405486191,0.13453255963894256,0.23337247858524449,0.1528046421663443,0.0657640232108317
EU Railways — Netherlands,seamless,7.0,69,0.08595378036507292,0.0206667689280142,0.061229314420803725,0.09437459703417145,0.1379110251450676,0.25340909090909086,0.2591876208897485,0.0618955512572533
EU Railways — Netherlands,seamless,7.0,70,0.09431925743296574,0.021029672002963035,0.08396342535607525,0.12818918669982496,0.13536943907156665,0.2120443386400833,0.11605415860735,0.0251450676982591
EU Railways — Netherlands,seamless,7.0,71,0.0801361073594498,0.020913692669731972,0.0773838736684084,0.09314005626868288,0.11988502041693527,0.1992625725338491,0.1605415860735009,0.0270793036750483
EU Railways — Netherlands,seamless,7.0,72,0.08306177957192393,0.01780843955419036,0.06711503536255845,0.08005802707930365,0.10223925011159052,0.20787829192084506,0.2514506769825919,0.0676982591876208
EU Railways — Netherlands,seamless,7.0,73,0.08328625570075825,0.020086872261858835,0.06565320760799483,0.10562741779497092,0.11927566197558856,0.1725918762088975,0.1682785299806576,0.0657640232108317
EU Railways — Netherlands,seamless,7.0,74,0.07807092697417393,0.016109903512677243,0.06890715667311405,0.08113176392885779,0.14374737196198803,0.15403167311411986,0.1257253384912959,0.0251450676982591
EU Railways — Netherlands,seamless,7.0,75,0.08264275746476653,0.022354081163085602,0.06757052662311587,0.08109626243088519,0.1371803137760584,0.18974049000644747,0.1895551257253385,0.081237911025145
EU Railways — Netherlands,seamless,7.0,76,0.07579623553531938,0.0239067077208564,0.05061250805931649,0.09493874919406829,0.11972920696324948,0.23293842682140548,0.3017408123791102,0.0386847195357833
EU Railways — Netherlands,seamless,7.0,77,0.0887559907066882,0.018212496586092145,0.07802820059989346,0.08588428223025815,0.1177176015473887,0.21732753062540294,0.1295938104448742,0.0793036750483559
EU Railways — Netherlands,seamless,7.0,78,0.09272547691824197,0.022122122496623455,0.0931308484499973,0.11622015647102966,0.15698742746615085,0.22439774925268152,0.11605415860735,0.0270793036750483
EU Railways — Netherlands,seamless,7.0,79,0.0813370546487135,0.01784211097351551,0.06121011811984745,0.09420608405134512,0.11187848446922284,0.21988233397807866,0.1972920696324951,0.0618955512572533
EU Railways — Netherlands,seamless,7.0,80,0.06743449973624047,0.02359244114048833,0.04716312056737586,0.05724129593810438,0.13205996131528042,0.1833051257253384,0.3481624758220503,0.0386847195357833
EU Railways — Netherlands,seamless,7.0,81,0.07248895390382688,0.024119960043249015,0.06420373952288842,0.08084870500542524,0.15093488072211475,0.17482269503546094,0.1760154738878143,0.011605415860735
EU Railways — Netherlands,seamless,7.0,82,0.09077253459738328,0.017610152307053355,0.07529704338214971,0.11447279000470485,0.18205232617326678,0.2062088974854932,0.11605415860735,0.0425531914893617
EU Railways — Netherlands,seamless,7.0,83,0.07893890133900003,0.0254593342786272,0.06464180139410967,0.08692548586165601,0.1446163765312701,0.19023210831721468,0.1992263056092843,0.0657640232108317
EU Railways — Netherlands,seamless,7.0,84,0.07898005529595296,0.021044637078218662,0.06745647969052217,0.08038362346872982,0.10837524177949708,0.21670696324951638,0.1605415860735009,0.0676982591876208
EU Railways — Netherlands,seamless,7.0,85,0.09130753603777177,0.018186307704394822,0.08066224555586253,0.09622823984526109,0.12146311135672837,0.17288845905867178,0.1392649903288201,0.0909090909090909
EU Railways — Netherlands,seamless,7.0,86,0.08132583084227175,0.016386757404906256,0.07171326416974384,0.08112167088230911,0.09871856866537708,0.20376370083816886,0.1876208897485493,0.081237911025145
EU Railways — Netherlands,seamless,7.0,87,0.07537347215934803,0.021987436819322845,0.05838675128283002,0.07164031620553357,0.16125080593165694,0.24374010902057322,0.206963249516441,0.0599613152804642
EU Railways — Netherlands,seamless,7.0,88,0.08520178533347791,0.018784910714619702,0.07004069431535577,0.08708328592558874,0.12084676552761657,0.16666206134291234,0.2611218568665377,0.0715667311411992
EU Railways — Netherlands,seamless,7.0,89,0.07671658766354013,0.02178540830337196,0.06612032983813496,0.09611446125839114,0.143384912959381,0.17800773694390706,0.1934235976789168,0.0367504835589942
EU Railways — Netherlands,seamless,7.0,90,0.08915630646977606,0.019413443875355846,0.08225683890577502,0.09986836449602401,0.12109455000568892,0.28060928433268856,0.1605415860735009,0.0386847195357833
EU Railways — Netherlands,seamless,7.0,91,0.08799651313746536,0.016783331899180236,0.0848991434097817,0.0928123295144571,0.1377756286266924,0.19616054158607346,0.1237911025145067,0.09284332688588
EU Railways — Netherlands,seamless,7.0,92,0.07148255259288626,0.02468115036533485,0.04677237655961057,0.08014990328820111,0.1021034816247582,0.22575757575757574,0.2669245647969052,0.04642166344294
EU Railways — Netherlands,seamless,7.0,93,0.07393682493480831,0.02092491647617368,0.055711857452669766,0.07919377527694743,0.11535485790804932,0.20770470664087679,0.1605415860735009,0.0560928433268858
EU Railways — Netherlands,seamless,7.0,94,0.06796950117662895,0.0218078559162554,0.05101032964319513,0.08249121698969719,0.11818181818181811,0.1622005653920547,0.2707930367504835,0.0522243713733075
EU Railways — Netherlands,seamless,7.0,95,0.07474119772979798,0.02372338554897503,0.05577507598784188,0.09104206963249514,0.13164410058027076,0.238654497098646,0.1856866537717601,0.058027079303675
EU Railways — Netherlands,seamless,7.0,96,0.08233223215321235,0.021224217981286125,0.07183049059257955,0.08604327852998062,0.14327852998065757,0.2185909834846005,0.1798839458413926,0.0773694390715667
EU Railways — Netherlands,seamless,7.0,97,0.08164009742263982,0.020595684820549996,0.06959914626825846,0.09512045014946365,0.1379725690170564,0.154463621484898,0.11605415860735,0.0154738878143133
EU Railways — Netherlands,seamless,7.0,98,0.07808963331824346,0.022892823872288,0.062229646562335074,0.0748689300620991,0.12891682785299802,0.1679206963249516,0.2108317214700193,0.0522243713733075
EU Railways — Netherlands,seamless,7.0,99,0.09048819816752647,0.019664108885887502,0.0736621534493875,0.11055917003692631,0.13499479244160087,0.20628626692456478,0.1315280464216634,0.0638297872340425
EU Railways — Netherlands,seamless,7.0,100,0.07944771389769117,0.01888218370378125,0.06677793723092276,0.0771741556316024,0.09992746615087034,0.19480980012894905,0.11605415860735,0.0386847195357833
EU Railways — Netherlands,seamless,8.0,1,0.0787069426725379,0.022481284302758395,0.0534668493445089,0.07550114295762259,0.14729206963249517,0.28048653474185387,0.2765957446808511,0.0541586073500967
EU Railways — Netherlands,seamless,8.0,2,0.07300524900014582,0.019289982004496956,0.05289525502291457,0.05987920148899673,0.14510638297872339,0.18554964539007088,0.2127659574468085,0.0541586073500967
EU Railways — Netherlands,seamless,8.0,3,0.06753551399421591,0.021845268604394445,0.04582155433219258,0.06650035167926846,0.12382978723404248,0.18412314635718882,0.3752417794970986,0.04642166344294
EU Railways — Netherlands,seamless,8.0,4,0.07715431611476707,0.021291560819936422,0.06014041120424097,0.10484322508398648,0.14360214253831272,0.23796905222437137,0.1431334622823984,0.0618955512572533
EU Railways — Netherlands,seamless,8.0,5,0.07310252198930736,0.023053698431285942,0.04916447347560005,0.07696324951644096,0.1336194390715667,0.18852646386495514,0.3307543520309478,0.04642166344294
EU Railways — Netherlands,seamless,8.0,6,0.08100034045546199,0.019559353359098156,0.06347057198121023,0.08683913604126363,0.1282978723404255,0.18196324951644094,0.172147001934236,0.0618955512572533
EU Railways — Netherlands,seamless,8.0,7,0.08976613328644269,0.02166568770132698,0.08291764226814614,0.10027649655309225,0.15720502901353964,0.2244439071566731,0.1760154738878143,0.0367504835589942
EU Railways — Netherlands,seamless,8.0,8,0.0783141094470778,0.02233911608782999,0.06137717601547382,0.06552224371373305,0.11551939924906124,0.22676767676767676,0.2398452611218568,0.0618955512572533
EU Railways — Netherlands,seamless,8.0,9,0.07869197759728228,0.022043555851531435,0.06550951847704366,0.08356662933930568,0.13245534190465352,0.19223081882656345,0.1760154738878143,0.0386847195357833
EU Railways — Netherlands,seamless,8.0,10,0.08055887073542112,0.017961831575560493,0.06245850053408001,0.08769092243046749,0.10801583374567043,0.19766279819471302,0.1315280464216634,0.058027079303675
EU Railways — Netherlands,seamless,8.0,11,0.08220877028235346,0.021175581486705355,0.06138278400166156,0.07917642268146188,0.143558994197292,0.2443312007141794,0.2862669245647969,0.0618955512572533
EU Railways — Netherlands,seamless,8.0,12,0.07362255835444025,0.022758138194987395,0.05721640687222658,0.0673369794793125,0.15930535699268353,0.22290581758666858,0.1760154738878143,0.0174081237911025
EU Railways — Netherlands,seamless,8.0,13,0.08631294217120787,0.018227461661347782,0.0720283101811148,0.09814189884357374,0.13573246462384192,0.20586073500967114,0.11605415860735,0.0560928433268858
EU Railways — Netherlands,seamless,8.0,14,0.07242535233399046,0.023558769721163192,0.046810613068707395,0.07090183752417792,0.13723404255319144,0.19615087040618953,0.2920696324951644,0.04642166344294
EU Railways — Netherlands,seamless,8.0,15,0.07929432187632104,0.019955927853372142,0.0678338364757135,0.07716665626754847,0.11537717601547377,0.18535783365570593,0.2050290135396518,0.06963249516441
EU Railways — Netherlands,seamless,8.0,16,0.08241079879830435,0.018081552177605455,0.06557480447397189,0.08979821213863765,0.1251192778852353,0.16773049645390065,0.1914893617021276,0.0483558994197292
EU Railways — Netherlands,seamless,8.0,17,0.07499186274032967,0.02181159718506929,0.055527644502499376,0.0853723404255319,0.11380876292994697,0.2534816247582204,0.172147001934236,0.0676982591876208
EU Railways — Netherlands,seamless,8.0,18,0.07435210577315182,0.017318333339568732,0.055144146633508286,0.09292588573854783,0.11117874615997267,0.1482205029013539,0.2011605415860735,0.0560928433268858
EU Railways — Netherlands,seamless,8.0,19,0.0827138415722307,0.0203263134659488,0.06907851495746552,0.07705426222713453,0.1366082603254067,0.16227030947775625,0.2147001934235976,0.0773694390715667
EU Railways — Netherlands,seamless,8.0,20,0.07342801237611715,0.021852751142022262,0.05952171619483029,0.07688588007736939,0.12792126521788597,0.18765715667311408,0.1818181818181818,0.0328820116054158
EU Railways — Netherlands,seamless,8.0,21,0.07871068394135179,0.01728092065142967,0.06479690522243711,0.08834622823984521,0.11017623038899635,0.20911992263056084,0.11605415860735,0.0367504835589942
EU Railways — Netherlands,seamless,8.0,22,0.0631320406002491,0.02495052171993604,0.03922276405045353,0.07035783365570594,0.1317214700193423,0.16321727917472595,0.2940038684719536,0.0367504835589942
EU Railways — Netherlands,seamless,8.0,23,0.07845627766200622,0.018710085338341592,0.06532442412519779,0.08718837309262835,0.11172285161646858,0.19038523533204382,0.11605415860735,0.0251450676982591
EU Railways — Netherlands,seamless,8.0,24,0.08956784603930568,0.020996000583637892,0.06537495275573042,0.11623231192100163,0.1394221470019342,0.24567028715964878,0.1663442940038684,0.0657640232108317
EU Railways — Netherlands,seamless,8.0,25,0.08456576963511397,0.02096232916431274,0.06977756286266919,0.09930229345122954,0.1326670964968837,0.16007616054158605,0.1605415860735009,0.0309477756286266
EU Railways — Netherlands,seamless,8.0,26,0.07781652069482835,0.019316170886194292,0.06866537717601537,0.07597350461661978,0.14151353965183752,0.2208736299161831,0.2147001934235976,0.0715667311411992
EU Railways — Netherlands,seamless,8.0,27,0.09029739345801725,0.015821825814006513,0.0786128764852169,0.10649861239592964,0.13148135796705124,0.15681818181818175,0.1818181818181818,0.0947775628626692
EU Railways — Netherlands,seamless,8.0,28,0.08236590357253751,0.015462664007871576,0.0710831721470019,0.087155752049369,0.10936577420340017,0.19173651407693956,0.1334622823984526,0.0754352030947775
EU Railways — Netherlands,seamless,8.0,29,0.06884869934789675,0.02237278750715513,0.05597195357833648,0.0653239301936409,0.1358413926499032,0.18977756286266925,0.1818181818181818,0.0309477756286266
EU Railways — Netherlands,seamless,8.0,30,0.09118781543572677,0.02734119249202169,0.07602270467651254,0.10698742746615082,0.1902482269503546,0.24601869761444223,0.1934235976789168,0.0773694390715667
EU Railways — Netherlands,seamless,8.0,31,0.07674651781405138,0.023843106151020005,0.05163414495391962,0.06760154738878135,0.15168278529980656,0.25750053728777134,0.2611218568665377,0.0522243713733075
EU Railways — Netherlands,seamless,8.0,32,0.08123604039073802,0.020053200842533685,0.06876853642811083,0.09860573823339772,0.11358516327227211,0.17094250043959908,0.1740812379110251,0.0444874274661508
EU Railways — Netherlands,seamless,8.0,33,0.07432217562264057,0.024527758343964725,0.06461505397675607,0.08045212765957442,0.12462927143778202,0.1964838353136225,0.2243713733075435,0.0657640232108317
EU Railways — Netherlands,seamless,8.0,34,0.07877802678000208,0.02385058868864782,0.05211581731338566,0.07029189379286087,0.15849381885459593,0.20102353320438426,0.1876208897485493,0.0522243713733075
EU Railways — Netherlands,seamless,8.0,35,0.09106809483368179,0.019099177294987783,0.06921256235365972,0.10604393161253023,0.1341602892944243,0.22273418071290407,0.1450676982591876,0.06963249516441
EU Railways — Netherlands,seamless,8.0,36,0.07600200532008416,0.017647564995192426,0.06785788060318108,0.08471074380165287,0.09663215382864943,0.19984377324802854,0.1972920696324951,0.06963249516441
EU Railways — Netherlands,seamless,8.0,37,0.07968715510178112,0.020760300648361832,0.059517230489874846,0.08136809998512119,0.11560283687943251,0.19735009671179876,0.1876208897485493,0.0599613152804642
EU Railways — Netherlands,seamless,8.0,38,0.07884911088746628,0.023779504581183608,0.0646745589708932,0.08798355899419724,0.12998986828774056,0.17906189555125718,0.3191489361702128,0.0657640232108317
EU Railways — Netherlands,seamless,8.0,39,0.08997938560883527,0.022915271485171435,0.08329303675048352,0.09712979051240858,0.15984228537420023,0.21871373307543515,0.2050290135396518,0.0889748549323017
EU Railways — Netherlands,seamless,8.0,40,0.07497315639626013,0.020562013401224842,0.06890715667311405,0.07537475822050284,0.10201606903734561,0.1606141199226305,0.218568665377176,0.0715667311411992
EU Railways — Netherlands,seamless,8.0,41,0.07599826405127025,0.017250990500918436,0.06767966076476706,0.07505238555770466,0.1204169353105523,0.16997789444597955,0.1373307543520309,0.0754352030947775
EU Railways — Netherlands,seamless,8.0,42,0.06767019967151651,0.02144495284130655,0.04770559594477421,0.07771030852649266,0.11567749160134369,0.15798678272082528,0.3346228239845261,0.0483558994197292
EU Railways — Netherlands,seamless,8.0,43,0.07890148865086097,0.019248828047544,0.06077396303460129,0.07148613797549964,0.11807129041171588,0.1773633945841392,0.2765957446808511,0.0618955512572533
EU Railways — Netherlands,seamless,8.0,44,0.07309878072049349,0.020999741852451785,0.056884121681026835,0.07272082527401676,0.12106168063614871,0.17301740812379107,0.1760154738878143,0.0367504835589942
EU Railways — Netherlands,seamless,8.0,45,0.07168083984002326,0.0209323990138015,0.061025145067698204,0.07043361528912494,0.15092315807983117,0.16004044311587828,0.1450676982591876,0.06963249516441
EU Railways — Netherlands,seamless,8.0,46,0.07872190774779349,0.02027393570255411,0.061455952171619414,0.09507393773008044,0.10627690771822544,0.1719825918762089,0.2321083172147001,0.0618955512572533
EU Railways — Netherlands,seamless,8.0,47,0.06987754827172078,0.020827643487012135,0.05354435673584607,0.07233473660257138,0.1106060606060606,0.16606903734563302,0.1470019342359768,0.0638297872340425
EU Railways — Netherlands,seamless,8.0,48,0.06989625461579033,0.023390412624537435,0.05108141375065933,0.06737348075868234,0.1317214700193423,0.16338139616669595,0.2321083172147001,0.0522243713733075
EU Railways — Netherlands,seamless,8.0,49,0.08008372959605513,0.018919596391920302,0.07495164410058022,0.08618928269812294,0.11805286911669884,0.24006769825918756,0.1353965183752417,0.0870406189555125
EU Railways — Netherlands,seamless,8.0,50,0.07808589204942955,0.023555028452349278,0.05768525311812173,0.0764674155631602,0.1081151944981732,0.21860090264345583,0.2147001934235976,0.058027079303675
EU Railways — Netherlands,seamless,8.0,51,0.06345753098705886,0.02993015051124434,0.040999282811379364,0.0692214700193423,0.12507680054613718,0.16318734457032327,0.3887814313346228,0.0251450676982591
EU Railways — Netherlands,seamless,8.0,52,0.0684109708966698,0.022582298560733842,0.05692069632495158,0.06524016763378462,0.12333978078658922,0.16708575112830426,0.2359767891682785,0.058027079303675
EU Railways — Netherlands,seamless,8.0,53,0.07127304153930754,0.02008687226185884,0.049512520257201056,0.08137739919654806,0.15091876208897484,0.21665860735009665,0.2843326885880077,0.0502901353965183
EU Railways — Netherlands,seamless,8.0,54,0.07670536385709842,0.02076778318598965,0.06374186741691572,0.07349661073065329,0.13770148291424883,0.21000967117988387,0.2050290135396518,0.0735009671179884
EU Railways — Netherlands,seamless,8.0,55,0.07495445005219062,0.020236523014415055,0.0535015577243935,0.06762430310615535,0.10950538822879247,0.21347747996684163,0.2495164410058027,0.0541586073500967
EU Railways — Netherlands,seamless,8.0,56,0.07936166471497136,0.018575399661040996,0.06765621057942973,0.0733422993230174,0.1113152804642166,0.16809585213840528,0.1315280464216634,0.0676982591876208
EU Railways — Netherlands,seamless,8.0,57,0.0854823804945208,0.02386181249508954,0.07421688562887786,0.09245276000595143,0.1348452611218568,0.28575573362807405,0.1760154738878143,0.0270793036750483
EU Railways — Netherlands,seamless,8.0,58,0.07566529112683267,0.021220476712472222,0.05884958151810405,0.07761121856866535,0.1305257605064181,0.1732994842037395,0.3056092843326886,0.0502901353965183
EU Railways — Netherlands,seamless,8.0,59,0.07621525764247677,0.023016285743146882,0.04954088464726757,0.0689257550959678,0.1293230174081237,0.2107221147646679,0.3500967117988394,0.0502901353965183
EU Railways — Netherlands,seamless,8.0,60,0.07871068394135178,0.02056949593885264,0.07059961315280458,0.08255426606490432,0.12134567560099474,0.22923597678916824,0.11605415860735,0.0096711798839458
EU Railways — Netherlands,seamless,8.0,61,0.08548986303214863,0.018175083897953102,0.07318319977894445,0.07942187835804858,0.11684273173634867,0.2882234786490105,0.1682785299806576,0.0773694390715667
EU Railways — Netherlands,seamless,8.0,62,0.07947764404820243,0.021942541593555992,0.06633095444540782,0.08409276893319445,0.19180712904117153,0.2248400535634578,0.1624758220502901,0.0386847195357833
EU Railways — Netherlands,seamless,8.0,63,0.08476405688225096,0.021643240088443545,0.07480657640232104,0.0846228239845261,0.14670300685774573,0.22950400663166617,0.2108317214700193,0.0406189555125725
EU Railways — Netherlands,seamless,8.0,64,0.07795494764094285,0.02276187946380131,0.06990988559518985,0.07514946368911547,0.11733904393478854,0.18711974679092663,0.2437137330754352,0.0715667311411992
EU Railways — Netherlands,seamless,8.0,65,0.08532150593552289,0.02015421510050914,0.07726198151730063,0.09604690522243711,0.1272463513275892,0.1639627659574468,0.11605415860735,0.0270793036750483
EU Railways — Netherlands,seamless,8.0,66,0.07226447777499252,0.019548129552656435,0.04056961275806257,0.08059790647400154,0.13549323017408113,0.19524039789997236,0.1876208897485493,0.0406189555125725
EU Railways — Netherlands,seamless,8.0,67,0.08288593993767035,0.01868389645664426,0.06119625055795263,0.09420608405134512,0.14019694039036398,0.18915753277455405,0.1605415860735009,0.0541586073500967
EU Railways — Netherlands,seamless,8.0,68,0.07815697615689374,0.02663783395500746,0.060686653771760114,0.08715379233713315,0.12091612449446104,0.22342843326885875,0.3829787234042553,0.04642166344294
EU Railways — Netherlands,seamless,8.0,69,0.0789239362637444,0.022589781098361652,0.06990983046990551,0.07788634696191554,0.133299081237911,0.21884671179883944,0.2088974854932301,0.0715667311411992
EU Railways — Netherlands,seamless,8.0,70,0.06807051543460443,0.021744254346418985,0.041359096830221424,0.09519518199402141,0.10967117988394584,0.16735976789168272,0.3462282398452611,0.0367504835589942
EU Railways — Netherlands,seamless,8.0,71,0.08068981514390781,0.019211415359404942,0.06750067594267999,0.07085439154759672,0.13741365017960758,0.17221953578336555,0.1779497098646034,0.0676982591876208
EU Railways — Netherlands,seamless,8.0,72,0.07285933951640347,0.021471141723003885,0.05534264899943956,0.09565934691091132,0.11675216550332175,0.15646760154738876,0.2050290135396518,0.0560928433268858
EU Railways — Netherlands,seamless,8.0,73,0.08531028212908118,0.01823120293016169,0.06879725690170557,0.10475646210655873,0.12507253384912956,0.18900386847195358,0.2050290135396518,0.06963249516441
EU Railways — Netherlands,seamless,8.0,74,0.0805476469289794,0.021729289271163372,0.05934375801076645,0.09668157640232106,0.13879524730588558,0.202313023855577,0.1818181818181818,0.034816247582205
EU Railways — Netherlands,seamless,8.0,75,0.07936540598378525,0.01998211673506947,0.07019240557874372,0.08487855229876506,0.11773970710140916,0.15560928433268853,0.1972920696324951,0.0851063829787234
EU Railways — Netherlands,seamless,8.0,76,0.08217135759421443,0.02350639195776851,0.06375652071977018,0.08526024265869526,0.14090029892737824,0.20288926499032875,0.2263056092843327,0.0657640232108317
EU Railways — Netherlands,seamless,8.0,77,0.08334611600178077,0.018182566435580905,0.07138452050570457,0.08644839501879899,0.1252740167633784,0.1823720766660805,0.1682785299806576,0.0870406189555125
EU Railways — Netherlands,seamless,8.0,78,0.08365290004452103,0.021257889400611272,0.07347678916827853,0.08593711253285718,0.1325983236621534,0.23052063185041904,0.1566731141199226,0.0831721470019342
EU Railways — Netherlands,seamless,8.0,79,0.07672781146998184,0.021845268604394445,0.05182660510388714,0.09303420543622104,0.12722152690863578,0.20123307543520305,0.2379110251450677,0.0522243713733075
EU Railways — Netherlands,seamless,8.0,80,0.07214475717294755,0.019570577165539876,0.06583778644723468,0.07187962225509156,0.11518375241779488,0.15198259187620888,0.2263056092843327,0.0676982591876208
EU Railways — Netherlands,seamless,8.0,81,0.07362629962325418,0.024621290064312358,0.053232643318655064,0.07742746615087037,0.1189327568551598,0.22496546007184304,0.2707930367504835,0.0541586073500967
EU Railways — Netherlands,seamless,8.0,82,0.08250807178746593,0.018493091747135072,0.07024864291508076,0.07298569933728635,0.12252578981302382,0.20061250805931655,0.218568665377176,0.0715667311411992
EU Railways — Netherlands,seamless,8.0,83,0.08323761920617752,0.01934610103670554,0.06941411368315961,0.08074270000699116,0.14909332688588,0.23027079303675044,0.1353965183752417,0.081237911025145
EU Railways — Netherlands,seamless,8.0,84,0.08524293929043088,0.02366352524795255,0.07013539651837519,0.10351882160392793,0.14371373307543517,0.19898774983881365,0.2108317214700193,0.0406189555125725
EU Railways — Netherlands,seamless,8.0,85,0.0833012207760139,0.018190048973208726,0.06881228117425256,0.08313809355163862,0.12675435203094776,0.18329303675048347,0.1431334622823984,0.06963249516441
EU Railways — Netherlands,seamless,8.0,86,0.07418374867652609,0.02103715454059085,0.06412412749138,0.07865125418316907,0.12645507297344818,0.1825797872340425,0.1914893617021276,0.0386847195357833
EU Railways — Netherlands,seamless,8.0,87,0.0804241850581205,0.020505894369016262,0.06515957446808508,0.08355496453900707,0.10667311411992256,0.23090381572006324,0.1760154738878143,0.04642166344294
EU Railways — Netherlands,seamless,8.0,88,0.07863585856507367,0.023420342775048675,0.06650548033526753,0.07505526388505107,0.1413926499032882,0.23857511283043195,0.1837524177949709,0.0754352030947775
EU Railways — Netherlands,seamless,8.0,89,0.07871442521016568,0.021209252906030505,0.06658386434820171,0.07438173528599058,0.13354517822602927,0.17389856006877277,0.2050290135396518,0.0676982591876208
EU Railways — Netherlands,seamless,8.0,90,0.07428850420331543,0.029484939522389574,0.046539604661036904,0.09579927622137639,0.11882656350741452,0.20936616574914438,0.3249516441005802,0.0406189555125725
EU Railways — Netherlands,seamless,8.0,91,0.08592010894574777,0.01881484086513094,0.07772230644571067,0.09014396591827238,0.12821405544809797,0.16910863958736297,0.1663442940038684,0.0541586073500967
EU Railways — Netherlands,seamless,8.0,92,0.07624892906180193,0.019948445315744332,0.07053191489361697,0.08061350960545337,0.11523210831721462,0.17809477756286254,0.1914893617021276,0.0715667311411992
EU Railways — Netherlands,seamless,8.0,93,0.0812622292724354,0.01826487434948683,0.061097444179451975,0.08527748846897783,0.1252740167633784,0.19788615639679463,0.2379110251450677,0.0599613152804642
EU Railways — Netherlands,seamless,8.0,94,0.07538095469697587,0.027457171825252764,0.044268214055448035,0.07325055263885051,0.1586798839458414,0.18735838629455648,0.4332688588007737,0.0444874274661508
EU Railways — Netherlands,seamless,8.0,95,0.07944397262887727,0.019757640606235145,0.06796201863900116,0.08552754726399199,0.11633354824844176,0.18185962973197012,0.1218568665377176,0.0560928433268858
EU Railways — Netherlands,seamless,8.0,96,0.07016562597039151,0.024007721978831848,0.042489105357600615,0.07405529084304381,0.1298452611218568,0.1828143133462282,0.3191489361702128,0.0425531914893617
EU Railways — Netherlands,seamless,8.0,97,0.07253759039840761,0.018788651983433616,0.05635137981883287,0.06492106226148776,0.14141107119830523,0.17580996131528046,0.1934235976789168,0.058027079303675
EU Railways — Netherlands,seamless,8.0,98,0.08592010894574778,0.021471141723003902,0.07342037395228884,0.1005111909367228,0.1417933130699088,0.22962604771115405,0.1760154738878143,0.0328820116054158
EU Railways — Netherlands,seamless,8.0,99,0.08231726707795674,0.02339415389335134,0.05919984881833742,0.0851290498065764,0.18696808510638294,0.2681371819669692,0.3346228239845261,0.0599613152804642
EU Railways — Netherlands,seamless,8.0,100,0.07349909648358136,0.02055078959478312,0.05867495446094905,0.061343725110934055,0.14510638297872339,0.220535138620245,0.1972920696324951,0.0599613152804642
EU Railways — Netherlands,seamless,9.0,1,0.07720669387816176,0.02291153021635753,0.05206894169660123,0.07415127059294335,0.14169353105523316,0.22649097356544165,0.3230174081237911,0.0522243713733075
EU Railways — Netherlands,seamless,9.0,2,0.08702378324584989,0.017939383962677045,0.07116116553316275,0.1004638584425818,0.12390715667311404,0.22870852551703608,0.11605415860735,0.0425531914893617
EU Railways — Netherlands,seamless,9.0,3,0.08094048015443951,0.020513376906644065,0.056415215989684,0.07722552270424607,0.12327991157778387,0.18458413926499026,0.2166344294003868,0.0541586073500967
EU Railways — Netherlands,seamless,9.0,4,0.08799277186865144,0.022881600065846282,0.0604805049373918,0.10163805609284329,0.16884805501826775,0.25582688588007735,0.1818181818181818,0.0618955512572533
EU Railways — Netherlands,seamless,9.0,5,0.07261615704349965,0.02083886729345385,0.06365708759325775,0.0763583611746087,0.10642761493825317,0.12945680206318497,0.1528046421663443,0.06963249516441
EU Railways — Netherlands,seamless,9.0,6,0.08433006969983793,0.022028590776275808,0.061740121580547036,0.08472610842988863,0.1320309477756286,0.2237588652482269,0.1972920696324951,0.0851063829787234
EU Railways — Netherlands,seamless,9.0,7,0.08632416597764957,0.022911530216357532,0.06849427168576097,0.09846005058771008,0.12540135396518373,0.210880077369439,0.2495164410058027,0.06963249516441
EU Railways — Netherlands,seamless,9.0,8,0.07358140439748725,0.01984368978895498,0.06168831168831161,0.07856130983191216,0.11421663442940035,0.21946056307758435,0.1373307543520309,0.0715667311411992
EU Railways — Netherlands,seamless,9.0,9,0.07628260048112705,0.02160208613149058,0.061742848416980474,0.06502478934613928,0.10551901998710501,0.23128089404685143,0.1663442940038684,0.0657640232108317
EU Railways — Netherlands,seamless,9.0,10,0.07464766600945034,0.02799217326564127,0.05524593209411091,0.08214458413926494,0.12582205029013535,0.20904255319148923,0.3365570599613153,0.0560928433268858
EU Railways — Netherlands,seamless,9.0,11,0.08320020651803847,0.01759892850061165,0.07373253057999836,0.08117746615087033,0.10508704061895544,0.2577220651688737,0.1760154738878143,0.0522243713733075
EU Railways — Netherlands,seamless,9.0,12,0.06962314199237521,0.02314723015163357,0.041285609659912466,0.07082412268582478,0.14570986460348162,0.17869116698903925,0.1972920696324951,0.0425531914893617
EU Railways — Netherlands,seamless,9.0,13,0.08075341671374422,0.020251488089670675,0.059258882215209176,0.09128212213318594,0.12963844665972318,0.28651407693960884,0.1818181818181818,0.0599613152804642
EU Railways — Netherlands,seamless,9.0,14,0.09082865362959186,0.018496833015948975,0.08413926499032881,0.10886121856866536,0.12292069632495159,0.2690038684719535,0.1295938104448742,0.0909090909090909
EU Railways — Netherlands,seamless,9.0,15,0.08713976257908099,0.018493091747135072,0.06673114119922625,0.09089182094501243,0.14155383623468729,0.2310659789383193,0.1431334622823984,0.081237911025145
EU Railways — Netherlands,seamless,9.0,16,0.07438951846129088,0.018567917123413186,0.0619969972000919,0.06374524894834367,0.09036105738233395,0.16606903734563302,0.1934235976789168,0.0638297872340425
EU Railways — Netherlands,seamless,9.0,17,0.08254174320679106,0.01915155505838245,0.06612032983813496,0.08694390715667305,0.13353481624758218,0.2557878291920845,0.172147001934236,0.0715667311411992
EU Railways — Netherlands,seamless,9.0,18,0.06954457534728319,0.03370509074447503,0.04513745758949799,0.0884912959381044,0.1491295938104448,0.24653986675263265,0.3539651837524178,0.0251450676982591
EU Railways — Netherlands,seamless,9.0,19,0.07355521551578993,0.02195376539999771,0.04800693932082393,0.08520674427940586,0.10507736943907148,0.1950825769974706,0.1856866537717601,0.0483558994197292
EU Railways — Netherlands,seamless,9.0,20,0.06966429594932817,0.021564673443351532,0.049278552213255035,0.07303379995410288,0.09754996776273366,0.19220088422216075,0.1837524177949709,0.04642166344294
EU Railways — Netherlands,seamless,9.0,21,0.08043540886456226,0.020726629229036685,0.07820760799484203,0.09690380020480142,0.13066408768536422,0.1657930367504835,0.1760154738878143,0.0444874274661508
EU Railways — Netherlands,seamless,9.0,22,0.07052478777652643,0.02443796789243099,0.04986509628059967,0.07666827852998061,0.11804114647441527,0.13666067974578608,0.3017408123791102,0.0502901353965183
EU Railways — Netherlands,seamless,9.0,23,0.07559794828818237,0.020337537272390505,0.05373127614592234,0.08201904478500217,0.12045454545454543,0.26003730312240947,0.2475822050290135,0.0541586073500967
EU Railways — Netherlands,seamless,9.0,24,0.07159104938848954,0.021920093980672555,0.04834227803961096,0.0661186331399097,0.12732108317214696,0.21092843326885874,0.1353965183752417,0.0483558994197292
EU Railways — Netherlands,seamless,9.0,25,0.07954872815566665,0.01748669043619447,0.07176723121196393,0.0803949500758011,0.11808510638297866,0.23653068401617722,0.1334622823984526,0.081237911025145
EU Railways — Netherlands,seamless,9.0,26,0.08454706329104444,0.0222231367545989,0.06702914848634783,0.09180601484994068,0.1195116054158607,0.19370164410058024,0.3075435203094777,0.0676982591876208
EU Railways — Netherlands,seamless,9.0,27,0.0804204437893066,0.02014673256288132,0.06724693745970335,0.09227283593766973,0.12023694390715664,0.23420143686101128,0.1682785299806576,0.09284332688588
EU Railways — Netherlands,seamless,9.0,28,0.0694024071323548,0.02351013322658242,0.04932301740812372,0.075780602376347,0.16182301740812374,0.2069954867827208,0.1605415860735009,0.0444874274661508
EU Railways — Netherlands,seamless,9.0,29,0.07818316503859113,0.01829854576881198,0.07022595393001578,0.08369439071566728,0.11054158607350094,0.23986943907156666,0.11605415860735,0.0386847195357833
EU Railways — Netherlands,seamless,9.0,30,0.07759204456599403,0.021893905098975222,0.055980012894906436,0.07507253384912954,0.13421596745147732,0.15349774339136038,0.3462282398452611,0.0560928433268858
EU Railways — Netherlands,seamless,9.0,31,0.08427395066762933,0.021291560819936425,0.06595000743936912,0.09701402321083169,0.12372114078768667,0.24587040618955505,0.1605415860735009,0.0328820116054158
EU Railways — Netherlands,seamless,9.0,32,0.06869156605771273,0.026028007138340845,0.036726544994925024,0.07562517269964072,0.12271345675600992,0.24567028715964878,0.3829787234042553,0.0367504835589942
EU Railways — Netherlands,seamless,9.0,33,0.08570311535454124,0.021456176647748258,0.07761121856866535,0.09987833031758901,0.12021276595744676,0.2231668718129066,0.11605415860735,0.02321083172147
EU Railways — Netherlands,seamless,9.0,34,0.07330080923644436,0.026473218127195615,0.049751405241909255,0.08068181818181813,0.14019694039036398,0.18189071566731135,0.2862669245647969,0.0502901353965183
EU Railways — Netherlands,seamless,9.0,35,0.08177852436875437,0.019211415359404932,0.07529704338214971,0.08197564846501011,0.1349755376038229,0.18135880077369435,0.1682785299806576,0.0793036750483559
EU Railways — Netherlands,seamless,9.0,36,0.0802184152733557,0.017928160156235336,0.05932389660629503,0.0828444014614227,0.11395551257253381,0.1959117285036047,0.2050290135396518,0.058027079303675
EU Railways — Netherlands,seamless,9.0,37,0.07842634751149495,0.01915529632719636,0.06044820916427663,0.07227192134107026,0.14327852998065757,0.23614789465853292,0.2785299806576402,0.0618955512572533
EU Railways — Netherlands,seamless,9.0,38,0.07760326837243572,0.02352135703302413,0.06484848484848482,0.06745873931199038,0.13854502471523744,0.16769221470019338,0.2050290135396518,0.0676982591876208
EU Railways — Netherlands,seamless,9.0,39,0.07920827269360123,0.018212496586092163,0.06071932667677345,0.08127935893893333,0.12021276595744676,0.1811411992263056,0.1508704061895551,0.0793036750483559
EU Railways — Netherlands,seamless,9.0,40,0.08927976834063495,0.01937603118721678,0.0798268700256841,0.08472610842988863,0.11975942940038681,0.22923597678916824,0.1972920696324951,0.0851063829787234
EU Railways — Netherlands,seamless,9.0,41,0.0771767637276505,0.02052834198189969,0.06899321378225086,0.0904255319148936,0.1339748549323017,0.16068665377176006,0.1257253384912959,0.0735009671179884
EU Railways — Netherlands,seamless,9.0,42,0.07452046286977755,0.023180901570958725,0.04979146518375236,0.08400386847195355,0.10041586073500962,0.17133876761536337,0.3500967117988394,0.0502901353965183
EU Railways — Netherlands,seamless,9.0,43,0.0845732521727418,0.015458922739057681,0.06747845964480387,0.09051345173202037,0.11388505111909364,0.14510914617297593,0.1818181818181818,0.0638297872340425
EU Railways — Netherlands,seamless,9.0,44,0.08087313731578918,0.019211415359404932,0.06558638929459597,0.0804400386847195,0.10587178778668134,0.1615812379110251,0.2804642166344294,0.0657640232108317
EU Railways — Netherlands,seamless,9.0,45,0.07941404247836602,0.02109327357279942,0.055153516085284196,0.09668157640232106,0.12739845261121854,0.2226393529101459,0.3346228239845261,0.0560928433268858
EU Railways — Netherlands,seamless,9.0,46,0.07528742297662822,0.02270201916277882,0.055316218275599266,0.0746474698945529,0.11034816247582205,0.18734687298517083,0.2282398452611218,0.04642166344294
EU Railways — Netherlands,seamless,9.0,47,0.07966096622008378,0.021392575077911882,0.06252918028413253,0.0811939511165816,0.13414571244358475,0.2170793036750483,0.3036750483558994,0.0522243713733075
EU Railways — Netherlands,seamless,9.0,48,0.08197681161589132,0.018579140929854902,0.07253384912959376,0.08982567392209188,0.128916827852998,0.18185041908446162,0.1508704061895551,0.0909090909090909
EU Railways — Netherlands,seamless,9.0,49,0.07630878936282441,0.02078274826124527,0.0650031289111389,0.07031753707285618,0.1311170212765957,0.1694970986460348,0.1373307543520309,0.0657640232108317
EU Railways — Netherlands,seamless,9.0,50,0.07841512370505321,0.01875498056410846,0.06638862024500318,0.07706655047080575,0.13350096711798837,0.17394422952933586,0.1740812379110251,0.0773694390715667
EU Railways — Netherlands,seamless,9.0,51,0.0847116791188563,0.021310267164005952,0.07650412297668732,0.09626503237742828,0.12306204433864004,0.2254110251450677,0.1740812379110251,0.0967117988394584
EU Railways — Netherlands,seamless,9.0,52,0.06417585459932873,0.028022103416152508,0.02316687181290661,0.08739026930516286,0.11467601547388775,0.22268428970556625,0.2998065764023211,0.02321083172147
EU Railways — Netherlands,seamless,9.0,53,0.08286723359360083,0.021493589335887325,0.06407156673114114,0.07873219623703182,0.15949709864603479,0.20066408768536426,0.2011605415860735,0.0676982591876208
EU Railways — Netherlands,seamless,9.0,54,0.07656319564217003,0.02067051019682811,0.06167716977600292,0.08043577198771187,0.10224371373307539,0.20994842037395223,0.1624758220502901,0.081237911025145
EU Railways — Netherlands,seamless,9.0,55,0.07898753783358078,0.021123203723310672,0.060673584609754784,0.07598323662153443,0.11004255319148935,0.21542992790574989,0.2843326885880077,0.0618955512572533
EU Railways — Netherlands,seamless,9.0,56,0.07814575235045203,0.02300880320551907,0.07200633022683312,0.08093142997248474,0.1403368794326241,0.17901353965183747,0.1605415860735009,0.02321083172147
EU Railways — Netherlands,seamless,9.0,57,0.07970212017703676,0.01986987867065231,0.05386794347380324,0.07309717043211231,0.1568665377176015,0.240884912959381,0.3520309477756286,0.0541586073500967
EU Railways — Netherlands,seamless,9.0,58,0.08942567782437727,0.020401138842226905,0.0670365468797719,0.10625572635651018,0.11933356778617896,0.2593898364691401,0.1760154738878143,0.0638297872340425
EU Railways — Netherlands,seamless,9.0,59,0.08761864498726088,0.02378324584999752,0.07774937828129315,0.08685463472697509,0.13048355899419722,0.2596228239845261,0.2669245647969052,0.0793036750483559
EU Railways — Netherlands,seamless,9.0,60,0.07133290184033005,0.02302002701196078,0.0473343810444874,0.07442778852353317,0.14342359767891677,0.20380630008289577,0.3017408123791102,0.0483558994197292
EU Railways — Netherlands,seamless,9.0,61,0.06951464519677196,0.02062935623987514,0.04890354454568756,0.05709293124670294,0.1156072833989194,0.19834300451321724,0.1914893617021276,0.0425531914893617
EU Railways — Netherlands,seamless,9.0,62,0.08209279094912239,0.01828358069355636,0.05954369614911199,0.08732269503546092,0.15805931656995487,0.17220502901353965,0.195357833655706,0.0522243713733075
EU Railways — Netherlands,seamless,9.0,63,0.08233223215321236,0.01973145172453781,0.05949924779712011,0.0883174320300784,0.12600338491295934,0.24961315280464214,0.172147001934236,0.0599613152804642
EU Railways — Netherlands,seamless,9.0,64,0.0864850405366475,0.02126163066942518,0.06966473243068982,0.0982723755934587,0.1554319793681495,0.21402321083172143,0.11605415860735,0.0425531914893617
EU Railways — Netherlands,seamless,9.0,65,0.07275458398961412,0.025380767633535185,0.06470479874735191,0.07175271536973662,0.12056092843326884,0.28063532212468384,0.1837524177949709,0.0309477756286266
EU Railways — Netherlands,seamless,9.0,66,0.07431095181619884,0.026263707073616898,0.040275443658771136,0.07086825703846977,0.186241134751773,0.23546559823155563,0.3520309477756286,0.0406189555125725
EU Railways — Netherlands,seamless,9.0,67,0.07005712917478824,0.023083628581797182,0.040531035695445715,0.0851426499032882,0.10938749194068341,0.26346228239845254,0.1934235976789168,0.034816247582205
EU Railways — Netherlands,seamless,9.0,68,0.07200258895801914,0.019982116735069475,0.05703578336557053,0.07272573761935464,0.13301096067053508,0.17027079303675047,0.1818181818181818,0.0483558994197292
EU Railways — Netherlands,seamless,9.0,69,0.07104856541047323,0.020868797443965095,0.05568406149673965,0.07275860190154465,0.11553578336557051,0.15460186976144416,0.1856866537717601,0.0560928433268858
EU Railways — Netherlands,seamless,9.0,70,0.06287389305208961,0.02391419025848421,0.04127521414755455,0.07418524871355058,0.11841392649903283,0.14879916183107667,0.1972920696324951,0.034816247582205
EU Railways — Netherlands,seamless,9.0,71,0.07685127334084071,0.023839364882206105,0.040067923170347665,0.11794443467557582,0.12243713733075433,0.19488878143133462,0.1760154738878143,0.02321083172147
EU Railways — Netherlands,seamless,9.0,72,0.07746484142632122,0.01680577951206367,0.06256299888304676,0.0786899270941824,0.11292714377820753,0.17458897485493224,0.1218568665377176,0.0618955512572533
EU Railways — Netherlands,seamless,9.0,73,0.08658231352580907,0.02083512602463995,0.07069632495164406,0.11275991295938098,0.1567093810444874,0.16192778852353315,0.11605415860735,0.034816247582205
EU Railways — Netherlands,seamless,9.0,74,0.08533272974196462,0.018799875789875322,0.08007168050972804,0.10510814137506587,0.13197376166848873,0.17164585897661333,0.1760154738878143,0.0290135396518375
EU Railways — Netherlands,seamless,9.0,75,0.07533980074002287,0.023072404775355465,0.06449009537784296,0.07266110149648781,0.15133247367289918,0.19066193853427893,0.2785299806576402,0.0657640232108317
EU Railways — Netherlands,seamless,9.0,76,0.07721043514697568,0.02652559589059029,0.04605557923264374,0.07705946535733765,0.11205177800922475,0.2593326885880077,0.3404255319148936,0.04642166344294
EU Railways — Netherlands,seamless,9.0,77,0.07468881996640332,0.02397779182832061,0.06122600803451861,0.0944267455531535,0.12603965183752416,0.1616537717601547,0.1818181818181818,0.02321083172147
EU Railways — Netherlands,seamless,9.0,78,0.08864749391108491,0.01990355008997747,0.06499575191163973,0.08837439156588088,0.12140554480980009,0.24531914893617016,0.1818181818181818,0.0657640232108317
EU Railways — Netherlands,seamless,9.0,79,0.08128841815413272,0.018309769575253702,0.06894906511927781,0.08142166344293997,0.1586460348162476,0.16401630284609006,0.1644100580270793,0.0541586073500967
EU Railways — Netherlands,seamless,9.0,80,0.07928309806987935,0.019566835896725965,0.0672302988706557,0.08018636210125568,0.13159252095422305,0.1958027079303675,0.1276595744680851,0.0735009671179884
EU Railways — Netherlands,seamless,9.0,81,0.08995319672713795,0.017718649102656626,0.06972041498153678,0.08996299722479183,0.13701959465141697,0.21802063185041906,0.11605415860735,0.058027079303675
EU Railways — Netherlands,seamless,9.0,82,0.08541129638705662,0.021721806733535555,0.07908387550553896,0.09065851943027957,0.12113690092413495,0.19477151837524176,0.1876208897485493,0.0909090909090909
EU Railways — Netherlands,seamless,9.0,83,0.07962355353194472,0.020868797443965095,0.06467344335157822,0.07809477756286265,0.11818181818181811,0.1900238059812528,0.2707930367504835,0.0657640232108317
EU Railways — Netherlands,seamless,9.0,84,0.07356643932223167,0.02351387449539632,0.05905281050348746,0.08379926257253383,0.10645551257253379,0.19362581325830838,0.3172147001934236,0.0599613152804642
EU Railways — Netherlands,seamless,9.0,85,0.07834778086640294,0.019525681939773006,0.05194498173221573,0.08472737728056876,0.11493230174081231,0.19693745970341708,0.2591876208897485,0.0522243713733075
EU Railways — Netherlands,seamless,9.0,86,0.07968341383296723,0.02102218946533523,0.06841526045487886,0.07534867148528956,0.1243713733075434,0.19570438426821404,0.1818181818181818,0.0444874274661508
EU Railways — Netherlands,seamless,9.0,87,0.0709101384643587,0.019839948520141065,0.05492212155146082,0.0636520081920582,0.1088974854932301,0.1881407156673114,0.2475822050290135,0.0483558994197292
EU Railways — Netherlands,seamless,9.0,88,0.07495819132100452,0.022537403334966975,0.05597831619668118,0.075169245647969,0.11475545730864874,0.2387814313346228,0.1760154738878143,0.0290135396518375
EU Railways — Netherlands,seamless,9.0,89,0.08244447021762952,0.021908870174230835,0.07634187620889743,0.09808298667231916,0.12454721294179702,0.21327369439071564,0.1334622823984526,0.0986460348162475
EU Railways — Netherlands,seamless,9.0,90,0.08887571130873315,0.02243638907699152,0.08145467885013,0.10539879394697911,0.11969177013789227,0.21042069632495158,0.1605415860735009,0.0309477756286266
EU Railways — Netherlands,seamless,9.0,91,0.07156860177560607,0.02777143840562083,0.051732125690591685,0.09591392649903285,0.12880630008289579,0.16197936814958086,0.3152804642166344,0.0522243713733075
EU Railways — Netherlands,seamless,9.0,92,0.07650707660996142,0.01921515662821884,0.05926284117773477,0.0733220502901354,0.11362715298885508,0.20400035167926844,0.1972920696324951,0.0386847195357833
EU Railways — Netherlands,seamless,9.0,93,0.08788053380423426,0.018691378994272066,0.07376134503794078,0.10957446808510637,0.14807221147646676,0.1868665377176015,0.1605415860735009,0.0773694390715667
EU Railways — Netherlands,seamless,9.0,94,0.07717302245883662,0.022716984238034445,0.05492687864928863,0.08575330649798732,0.14425773694390712,0.2080754352030947,0.2050290135396518,0.0560928433268858
EU Railways — Netherlands,seamless,9.0,95,0.06939866586354088,0.023439049119118198,0.053303294909493384,0.08274086465575824,0.09416505480335262,0.17353320438426817,0.3326885880077369,0.0541586073500967
EU Railways — Netherlands,seamless,9.0,96,0.07470004377284505,0.02548552316032454,0.04766587703475103,0.08133462282398446,0.12138209952523298,0.21746453900709217,0.2765957446808511,0.0483558994197292
EU Railways — Netherlands,seamless,9.0,97,0.07146758751763065,0.03351054476615195,0.037916714074411155,0.08699226305609277,0.12815387921770896,0.2027369439071566,0.4197292069632495,0.0309477756286266
EU Railways — Netherlands,seamless,9.0,98,0.06144098709636376,0.033847258959403444,0.024894164446552965,0.06572006330226832,0.12952933591231455,0.23444874274661504,0.4081237911025145,0.0251450676982591
EU Railways — Netherlands,seamless,9.0,99,0.06974660386323407,0.01976886441267686,0.05430613382290265,0.08943423597678914,0.12503626692456477,0.22844206084051338,0.1818181818181818,0.0193423597678916
EU Railways — Netherlands,seamless,9.0,100,0.07034894814227287,0.02297887305500783,0.05563268234853678,0.06676337846550608,0.11247582205029005,0.15805931656995487,0.2379110251450677,0.0560928433268858
EU Railways — Netherlands,seamless,10.0,1,0.06641687461885815,0.02296764924856611,0.04130069442242443,0.07271781179042973,0.09447036067812033,0.14811411992263052,0.3481624758220503,0.0406189555125725
EU Railways — Netherlands,seamless,10.0,2,0.07877054424237427,0.020999741852451785,0.06593575444241578,0.0745976098369715,0.11761536336004413,0.20062862669245646,0.2050290135396518,0.0676982591876208
EU Railways — Netherlands,seamless,10.0,3,0.08381751587233287,0.018923337660734212,0.0705996131528046,0.0883084870500542,0.14377176015473883,0.20639041809254574,0.1528046421663443,0.0889748549323017
EU Railways — Netherlands,seamless,10.0,4,0.08747273550351857,0.02016918017576476,0.07205892511743574,0.08055003132917422,0.15889748549323016,0.20234042553191484,0.2147001934235976,0.0735009671179884
EU Railways — Netherlands,seamless,10.0,5,0.07692983998593277,0.01873627422003893,0.059128519234902185,0.07522969052224365,0.12436062755211685,0.18896881044487426,0.3462282398452611,0.0599613152804642
EU Railways — Netherlands,seamless,10.0,6,0.07410144076262017,0.021392575077911865,0.04897042230818823,0.06888517671883235,0.13834622823984521,0.23736299161831076,0.1837524177949709,0.0502901353965183
EU Railways — Netherlands,seamless,10.0,7,0.07699718282458305,0.020187886519834292,0.06028368794326239,0.08400952965042222,0.12001934235976786,0.24790209790209788,0.1818181818181818,0.0483558994197292
EU Railways — Netherlands,seamless,10.0,8,0.07843383004912277,0.0228254810336377,0.06044487427466148,0.08459864603481623,0.1388517671883242,0.21338342508555272,0.1818181818181818,0.0367504835589942
EU Railways — Netherlands,seamless,10.0,9,0.07700466536221084,0.02358121733404661,0.05401416765053127,0.08108679883945834,0.1257699747061449,0.20601685548494056,0.2959381044487427,0.0541586073500967
EU Railways — Netherlands,seamless,10.0,10,0.07296035377437896,0.024969228064005575,0.05896196002578978,0.08099613152804636,0.13156673114119918,0.17586601019869877,0.288201160541586,0.0599613152804642
EU Railways — Netherlands,seamless,10.0,11,0.0756203959010658,0.0236298538286274,0.07020976714197887,0.08257575757575752,0.09256846177338891,0.23701644100580269,0.2456479690522243,0.0715667311411992
EU Railways — Netherlands,seamless,10.0,12,0.07466263108470597,0.02609534997699115,0.04416853991322071,0.0842543980841853,0.10422168026238324,0.23090381572006324,0.3558994197292069,0.0444874274661508
EU Railways — Netherlands,seamless,10.0,13,0.07998645660689357,0.024071323548668245,0.06313048653474179,0.07340274419729208,0.13302707930367502,0.2041102514506769,0.2224371373307543,0.0444874274661508
EU Railways — Netherlands,seamless,10.0,14,0.07752844299615762,0.022279255786807492,0.06123791102514501,0.08748388136686003,0.12189831445150594,0.19109560652113838,0.3365570599613153,0.0618955512572533
EU Railways — Netherlands,seamless,10.0,15,0.0802782755743782,0.01786829985521284,0.05941878567721845,0.08214458413926494,0.1273331721470019,0.16942525559546834,0.1392649903288201,0.0715667311411992
EU Railways — Netherlands,seamless,10.0,16,0.07600200532008416,0.01836588860746228,0.057503884326346774,0.0656354822123742,0.10974025974025974,0.21681979368149576,0.3326885880077369,0.058027079303675
EU Railways — Netherlands,seamless,10.0,17,0.08156527204636173,0.0206031673581778,0.0729889634770736,0.08627498388136681,0.11686653771760146,0.20044487427466148,0.1179883945841392,0.0793036750483559
EU Railways — Netherlands,seamless,10.0,18,0.07889400611323316,0.020049459573719782,0.05910904255319146,0.08758106724314478,0.10819542947202519,0.22962604771115405,0.2823984526112186,0.0599613152804642
EU Railways — Netherlands,seamless,10.0,19,0.08144181017550284,0.019450856563494892,0.062395228884590516,0.10865424066584606,0.1399580915538362,0.19871511467256145,0.1218568665377176,0.06963249516441
EU Railways — Netherlands,seamless,10.0,20,0.06794331229493161,0.02269827789396491,0.04098528808393409,0.05986460348162474,0.12771760154738876,0.21105415860735005,0.3965183752417795,0.0406189555125725
EU Railways — Netherlands,seamless,10.0,21,0.08252303686272154,0.020666768928014195,0.06552738795835217,0.09132464941972918,0.1338878143133462,0.18673758865248222,0.1760154738878143,0.0657640232108317
EU Railways — Netherlands,seamless,10.0,22,0.07447556764401068,0.019593024778423306,0.051646883653618636,0.061633623468729776,0.11322533849129589,0.17107712765957447,0.2437137330754352,0.0522243713733075
EU Railways — Netherlands,seamless,10.0,23,0.07809337458705737,0.021568414712165432,0.06979577482478831,0.07731799662537549,0.13543520309477747,0.18529289859077086,0.1470019342359768,0.0715667311411992
EU Railways — Netherlands,seamless,10.0,24,0.08407566342049233,0.020580719745294362,0.07370513647109392,0.0974371373307543,0.11337386018237076,0.273396196002579,0.1760154738878143,0.0367504835589942
EU Railways — Netherlands,seamless,10.0,25,0.059207449614462164,0.02775647333036521,0.0347484877231455,0.05973335175462833,0.10578658929722752,0.18442134107027716,0.3017408123791102,0.034816247582205
EU Railways — Netherlands,seamless,10.0,26,0.08499975681752701,0.01969029776758485,0.07588974854932296,0.0805183291885419,0.11083172147001927,0.22017408123791102,0.1895551257253385,0.0773694390715667
EU Railways — Netherlands,seamless,10.0,27,0.07611798465331522,0.022066003464414875,0.05708398909138958,0.0909345413824697,0.1284564796905222,0.1784183901205177,0.3094777562862669,0.058027079303675
EU Railways — Netherlands,seamless,10.0,28,0.07175940648511527,0.02209593361492611,0.049961115874693346,0.06217396401148811,0.11598289728188933,0.21298839458413926,0.2321083172147001,0.0425531914893617
EU Railways — Netherlands,seamless,10.0,29,0.07156486050679219,0.02061064989580561,0.042492746615087035,0.07520466915568345,0.12541417879068198,0.1697654738878143,0.1663442940038684,0.034816247582205
EU Railways — Netherlands,seamless,10.0,30,0.07256752054891887,0.01978382948793249,0.054246527167223474,0.08238636363636359,0.11421663442940035,0.23701644100580269,0.1876208897485493,0.0599613152804642
EU Railways — Netherlands,seamless,10.0,31,0.08046533901507348,0.024587618644987205,0.06912959381044481,0.09275377892399161,0.16328820116054157,0.22494473611494886,0.1760154738878143,0.011605415860735
EU Railways — Netherlands,seamless,10.0,32,0.08743906408419343,0.018818582133944852,0.07193292144748453,0.10196647324306896,0.11950891897700405,0.22511283043197935,0.1972920696324951,0.0735009671179884
EU Railways — Netherlands,seamless,10.0,33,0.08283356217427569,0.01749043170500839,0.07552003800604018,0.0904703058958378,0.11930551717785756,0.13844294003868468,0.1199226305609284,0.058027079303675
EU Railways — Netherlands,seamless,10.0,34,0.08190946877724103,0.021785408303371955,0.05547417226078046,0.09546409723714684,0.12201402321083171,0.20574053605968495,0.2611218568665377,0.0560928433268858
EU Railways — Netherlands,seamless,10.0,35,0.07550441656783474,0.021486106798259512,0.05679790353777993,0.08752417794970979,0.11195862416953993,0.2080892511743575,0.2630560928433268,0.058027079303675
EU Railways — Netherlands,seamless,10.0,36,0.06886740569196631,0.02389174264560078,0.057503223726627924,0.07082205029013536,0.12011605415860731,0.173916827852998,0.1528046421663443,0.0406189555125725
EU Railways — Netherlands,seamless,10.0,37,0.07636490839503297,0.024048875935784822,0.05219055605902797,0.0846228239845261,0.11744842037395221,0.1938297872340425,0.2746615087040619,0.0522243713733075
EU Railways — Netherlands,seamless,10.0,38,0.07108597809861229,0.02535083748302395,0.04183186039304528,0.07978723404255318,0.14590586718246293,0.2593898364691401,0.3481624758220503,0.0425531914893617
EU Railways — Netherlands,seamless,10.0,39,0.06945104362693555,0.020397397573412995,0.045633434331011455,0.07060589313974222,0.11869761444229524,0.17587846550612507,0.3326885880077369,0.04642166344294
EU Railways — Netherlands,seamless,10.0,40,0.0716396858830703,0.02381317600050876,0.05229184472133503,0.06098216204599178,0.1355899419729206,0.219553916827853,0.2456479690522243,0.0541586073500967
EU Railways — Netherlands,seamless,10.0,41,0.07957491703736397,0.023772022043555805,0.06114161519103174,0.0886294556507322,0.12484924337239726,0.24067698259187614,0.3578336557059961,0.0618955512572533
EU Railways — Netherlands,seamless,10.0,42,0.07383206940801895,0.021325232239261572,0.06789001534049215,0.0767294345204232,0.11574695642280114,0.19469222892251675,0.2147001934235976,0.06963249516441
EU Railways — Netherlands,seamless,10.0,43,0.07974701540280363,0.02163201628200183,0.059375355558083945,0.0751084740446442,0.12497927604310578,0.18329303675048347,0.3268858800773694,0.0599613152804642
EU Railways — Netherlands,seamless,10.0,44,0.07155363670035048,0.02425090445173572,0.04760008452123594,0.06714111512908916,0.12629486352890607,0.19570438426821404,0.2263056092843327,0.04642166344294
EU Railways — Netherlands,seamless,10.0,45,0.08510825361313029,0.019985858003883382,0.06890222239766305,0.09624683826811484,0.1449446105152101,0.23793520309477756,0.1141199226305609,0.0483558994197292
EU Railways — Netherlands,seamless,10.0,46,0.06889733584247752,0.025713740557972778,0.046009116608729715,0.07499999999999994,0.14148936170212764,0.1711278083618509,0.2746615087040619,0.04642166344294
EU Railways — Netherlands,seamless,10.0,47,0.08490622509717936,0.01778973321012083,0.07081826591539817,0.09812217923920044,0.10427567952763914,0.17910219213410697,0.2127659574468085,0.0715667311411992
EU Railways — Netherlands,seamless,10.0,48,0.08429639828051279,0.027015702105211908,0.07774633064057342,0.09390715667311404,0.14563722329679776,0.21608639587362985,0.2611218568665377,0.0793036750483559
EU Railways — Netherlands,seamless,10.0,49,0.08411307610863139,0.021082049766357712,0.07738287126584996,0.10133895818048419,0.13164410058027076,0.2081528046421663,0.1373307543520309,0.0793036750483559
EU Railways — Netherlands,seamless,10.0,50,0.07812330473756865,0.020655545121572475,0.06608917494830918,0.0724589315389435,0.12886379235040862,0.19094132817537068,0.2147001934235976,0.0676982591876208
EU Railways — Netherlands,seamless,10.0,51,0.08649626434308927,0.02059194355173608,0.07487529268044381,0.10323984526112182,0.15737817433081674,0.2205292772991032,0.1760154738878143,0.0425531914893617
EU Railways — Netherlands,seamless,10.0,52,0.08528409324738385,0.02092117520735977,0.06953578336557054,0.10091876208897481,0.12941113260262188,0.1764603481624758,0.11605415860735,0.0174081237911025
EU Railways — Netherlands,seamless,10.0,53,0.08016229624114714,0.017714907833842716,0.07229206963249515,0.08313990973565438,0.11206390142560349,0.21291102514506766,0.1508704061895551,0.0773694390715667
EU Railways — Netherlands,seamless,10.0,54,0.08503342823685217,0.02196873047525333,0.07458897485493227,0.09217293828028832,0.1297872340425531,0.22935203094777556,0.1934235976789168,0.0367504835589942
EU Railways — Netherlands,seamless,10.0,55,0.08514192503245543,0.01772987290909834,0.07531431334622818,0.08299706529713863,0.13439964291028114,0.2291548876655259,0.172147001934236,0.0599613152804642
EU Railways — Netherlands,seamless,10.0,56,0.06876265016517694,0.02058820228292218,0.04599854932301736,0.07264963086059878,0.11917656811273827,0.20383623468729845,0.2166344294003868,0.0406189555125725
EU Railways — Netherlands,seamless,10.0,57,0.08244072894881563,0.02273194931329006,0.06735846097548218,0.09208776595744676,0.16109517774961643,0.18693181818181814,0.11605415860735,0.0077369439071566
EU Railways — Netherlands,seamless,10.0,58,0.07746484142632123,0.02169187658302431,0.06156166528506947,0.06982337371475104,0.11237911025145061,0.2304642166344293,0.1837524177949709,0.0541586073500967
EU Railways — Netherlands,seamless,10.0,59,0.07475990407386751,0.024961745526377765,0.05734332072589283,0.08103512822112678,0.15671179883945838,0.22469126618062787,0.3017408123791102,0.058027079303675
EU Railways — Netherlands,seamless,10.0,60,0.08189824497079931,0.02149358933588732,0.06987167488196995,0.08349058829079584,0.14577691811734364,0.20366814037026795,0.1779497098646034,0.0715667311411992
EU Railways — Netherlands,seamless,10.0,61,0.07925316791936811,0.021385092540284055,0.061573178594455116,0.07827899051303305,0.17218568665377176,0.18501657916551528,0.3326885880077369,0.0541586073500967
EU Railways — Netherlands,seamless,10.0,62,0.07672032893235402,0.017352004758893872,0.06267377901353959,0.06921563396251577,0.11077127659574466,0.25534146704359467,0.2379110251450677,0.0638297872340425
EU Railways — Netherlands,seamless,10.0,63,0.07080164166875547,0.020670510196828105,0.04769590673845991,0.05991295938104447,0.1247230525760506,0.190149212489638,0.2765957446808511,0.0483558994197292
EU Railways — Netherlands,seamless,10.0,64,0.07599826405127029,0.02259726363598946,0.07009502985451177,0.08913373860182366,0.11996407847471674,0.24185203094777558,0.2205029013539652,0.0715667311411992
EU Railways — Netherlands,seamless,10.0,65,0.0762152576424768,0.02733745122320778,0.05527170541221118,0.09011575193423595,0.1487857296367934,0.18716150870406184,0.3056092843326886,0.0560928433268858
EU Railways — Netherlands,seamless,10.0,66,0.06259329789104669,0.021560932174537625,0.05053728777133025,0.06121417267452078,0.09405759724908655,0.13527004909983625,0.1818181818181818,0.0386847195357833
EU Railways — Netherlands,seamless,10.0,67,0.08245195275525731,0.01878116944580579,0.06416272949234228,0.08752417794970979,0.1325314313346228,0.1540618955512572,0.2572533849129594,0.0599613152804642
EU Railways — Netherlands,seamless,10.0,68,0.06921908496047341,0.018717567875969402,0.049012949045432366,0.06680022105554015,0.14704061895551257,0.19593119646311133,0.2514506769825919,0.0502901353965183
EU Railways — Netherlands,seamless,10.0,69,0.0819057275084271,0.018601588542738336,0.06253719684570741,0.08305761987172958,0.11944551901998707,0.20834945196647317,0.1876208897485493,0.0638297872340425
EU Railways — Netherlands,seamless,10.0,70,0.0751489960305137,0.024890661418913565,0.04573992453308807,0.09098544232922731,0.11966969201011751,0.22440038684719532,0.3210831721470019,0.0444874274661508
EU Railways — Netherlands,seamless,10.0,71,0.07820187138266063,0.01987736120828013,0.06703336557059955,0.08685012601840449,0.11542553191489353,0.1729086073500967,0.1528046421663443,0.0676982591876208
EU Railways — Netherlands,seamless,10.0,72,0.08140065621854987,0.019136589983126822,0.07597249086610783,0.08670212765957441,0.12962604771115402,0.17289047388781428,0.1295938104448742,0.081237911025145
EU Railways — Netherlands,seamless,10.0,73,0.07686997968491024,0.020872538712779005,0.05740730650829536,0.09975313040822553,0.11716097141629049,0.2275241779497098,0.2727272727272727,0.058027079303675
EU Railways — Netherlands,seamless,10.0,74,0.06900209136926688,0.023528839570651952,0.05329329125521732,0.07169861086688938,0.12385557704706633,0.16424564796905222,0.1837524177949709,0.058027079303675
EU Railways — Netherlands,seamless,10.0,75,0.07011698947581073,0.025350837483023945,0.046233928774604575,0.0768561226008034,0.11150870406189548,0.14457124435847837,0.3268858800773694,0.04642166344294
EU Railways — Netherlands,seamless,10.0,76,0.08057383581067676,0.024565171032103778,0.07370338716207098,0.08432059961315279,0.1325983236621534,0.17712765957446802,0.2475822050290135,0.0754352030947775
EU Railways — Netherlands,seamless,10.0,77,0.06561250182386846,0.02627867214887252,0.035902955429379574,0.07581399097356538,0.12618126554296766,0.20420159037180308,0.3346228239845261,0.0367504835589942
EU Railways — Netherlands,seamless,10.0,78,0.07826921422131093,0.02277310327024303,0.06673750381757096,0.08161330550748237,0.10343864173651403,0.26920535138620244,0.2920696324951644,0.0676982591876208
EU Railways — Netherlands,seamless,10.0,79,0.07651455914758924,0.018743756757666746,0.06210436082292941,0.080185459096598,0.14510638297872339,0.16733213594915716,0.1798839458413926,0.0502901353965183
EU Railways — Netherlands,seamless,10.0,80,0.06137738552652737,0.026372203869220158,0.027345611526925075,0.06876081645118592,0.14317214700193417,0.22717601547388777,0.3849129593810445,0.0270793036750483
EU Railways — Netherlands,seamless,10.0,81,0.07463644220300863,0.02264964139938413,0.04771284190912127,0.10024941463911223,0.10806081597768878,0.2152200193423597,0.3675048355899419,0.0483558994197292
EU Railways — Netherlands,seamless,10.0,82,0.07489833101998203,0.019854913595396696,0.055548839458413865,0.06760335508595591,0.12077691811734363,0.20254674403610567,0.2224371373307543,0.0483558994197292
EU Railways — Netherlands,seamless,10.0,83,0.08289342247529821,0.019869878670652322,0.077852998065764,0.090769396088545,0.12630560928433265,0.19539928156949432,0.11605415860735,0.0193423597678916
EU Railways — Netherlands,seamless,10.0,84,0.07523130394441963,0.021613309937932302,0.061264127116070086,0.07015059408676425,0.11905867182462922,0.2054738878143133,0.230174081237911,0.0618955512572533
EU Railways — Netherlands,seamless,10.0,85,0.06969422609983941,0.023068663506541562,0.04579501046066391,0.06714700193423591,0.12205029013539649,0.18535783365570593,0.3713733075435203,0.04642166344294
EU Railways — Netherlands,seamless,10.0,86,0.08174859421824308,0.02143372903486484,0.06104932301740807,0.09557006232538144,0.10829346092503984,0.16214700193423592,0.3075435203094777,0.0522243713733075
EU Railways — Netherlands,seamless,10.0,87,0.08254922574441888,0.020210334132717726,0.07253384912959379,0.08690339275445652,0.11000276319425255,0.16802795850184626,0.1411992263056093,0.0870406189555125
EU Railways — Netherlands,seamless,10.0,88,0.06885244061671067,0.025650138988136385,0.04947728162713147,0.06914030118817346,0.13157640232108314,0.18838249516441002,0.3075435203094777,0.0502901353965183
EU Railways — Netherlands,seamless,10.0,89,0.08030446445607556,0.018773686908177982,0.04738878143133457,0.08770001758396337,0.15421663442940034,0.21739603481624753,0.1663442940038684,0.0425531914893617
EU Railways — Netherlands,seamless,10.0,90,0.0629973549229485,0.02505527724672541,0.04365271253569122,0.07012500895479615,0.09630077369439069,0.22088095656761034,0.3230174081237911,0.0444874274661508
EU Railways — Netherlands,seamless,10.0,91,0.08308048591599344,0.01769620148977319,0.07112713205556528,0.08280947775628622,0.12580823431887259,0.20328014184397156,0.1450676982591876,0.0618955512572533
EU Railways — Netherlands,seamless,10.0,92,0.08223495916405082,0.019985858003883385,0.061579965387356134,0.0807295541338094,0.13226029289859073,0.28822753648672406,0.1818181818181818,0.0618955512572533
EU Railways — Netherlands,seamless,10.0,93,0.07018059104564711,0.020984776777196165,0.051391575327745485,0.06901659370864291,0.10766924564796901,0.19570438426821404,0.206963249516441,0.0522243713733075
EU Railways — Netherlands,seamless,10.0,94,0.07979565189738438,0.020704181616153252,0.059432774054248544,0.08742462168619859,0.12970986460348155,0.20479045776918114,0.1818181818181818,0.034816247582205
EU Railways — Netherlands,seamless,10.0,95,0.0727134300326612,0.02011306114355617,0.048217739707101394,0.07765517847722873,0.09427641990504654,0.1651515151515151,0.3636363636363636,0.0483558994197292
EU Railways — Netherlands,seamless,10.0,96,0.07608431323399009,0.02007938972423103,0.051831662856807875,0.09302674581471346,0.13930367504835586,0.17802224371373299,0.3172147001934236,0.0522243713733075
EU Railways — Netherlands,seamless,10.0,97,0.0834359064533145,0.021448694110120462,0.0781753707285622,0.08809307088405957,0.14515059408676428,0.19589297227595098,0.1605415860735009,0.0386847195357833
EU Railways — Netherlands,seamless,10.0,98,0.06547407487775396,0.0247223043222878,0.039588419951168415,0.06175516316216377,0.08428433268858798,0.19505157962604772,0.3887814313346228,0.034816247582205
EU Railways — Netherlands,seamless,10.0,99,0.07667543370658718,0.01649899546932341,0.0593626231924104,0.07509907062320134,0.12364066193853421,0.1729086073500967,0.1992263056092843,0.0541586073500967
EU Railways — Netherlands,seamless,10.0,100,0.07370112499953221,0.022840446108893322,0.04994662354271696,0.08264023210831717,0.1005204853173905,0.18799161831076722,0.3520309477756286,0.0502901353965183
EU Railways — Netherlands,seamless,11.0,1,0.0732633965483053,0.02246257795868886,0.05375432032216125,0.07561653771760149,0.10570090603685221,0.19102998065764018,0.2282398452611218,0.0541586073500967
EU Railways — Netherlands,seamless,11.0,2,0.07847872527488964,0.023184642839772646,0.06641199226305605,0.08643091413674202,0.15091876208897484,0.23603481624758216,0.1914893617021276,0.0676982591876208
EU Railways — Netherlands,seamless,11.0,3,0.08085817224053359,0.020752818110734025,0.07791909605777658,0.08396111167667716,0.12852998065764018,0.1681141199226305,0.2649903288201161,0.0793036750483559
EU Railways — Netherlands,seamless,11.0,4,0.08954539842642222,0.02245135415224714,0.07530332336908734,0.11636187796729372,0.13603481624758212,0.2211203689927094,0.1605415860735009,0.0270793036750483
EU Railways — Netherlands,seamless,11.0,5,0.0777716254690615,0.02162827501318792,0.0701760578294201,0.08204166448847294,0.11575523122911895,0.18268858800773688,0.2630560928433268,0.0715667311411992
EU Railways — Netherlands,seamless,11.0,6,0.06499145120076016,0.025410697784046414,0.03643128698154376,0.07422630560928431,0.0917408123791102,0.2124406541234394,0.390715667311412,0.0367504835589942
EU Railways — Netherlands,seamless,11.0,7,0.0740153915799003,0.022687054087523195,0.05749763514944438,0.08589371621286512,0.11044487427466149,0.17430367504835584,0.2630560928433268,0.058027079303675
EU Railways — Netherlands,seamless,11.0,8,0.06480812902887875,0.02287037625940456,0.04537072856221787,0.07034574468085102,0.10352307267200879,0.16330754352030946,0.288201160541586,0.04642166344294
EU Railways — Netherlands,seamless,11.0,9,0.08349950802315088,0.02038617376697128,0.06905222437137325,0.08784332688588002,0.12815387921770896,0.2190135396518375,0.11605415860735,0.0444874274661508
EU Railways — Netherlands,seamless,11.0,10,0.08077586432662767,0.018193790242022626,0.07292744365975438,0.09014108544771872,0.10827739219478891,0.16931818181818178,0.1644100580270793,0.0735009671179884
EU Railways — Netherlands,seamless,11.0,11,0.08235093849728187,0.018792393252247516,0.06870257402172289,0.08280947775628622,0.11402321083172143,0.16962645067698257,0.1702127659574468,0.0831721470019342
EU Railways — Netherlands,seamless,11.0,12,0.09165921530627887,0.01820875531727825,0.0824813484387952,0.10725677830940984,0.1319729206963249,0.18868471953578336,0.2263056092843327,0.0618955512572533
EU Railways — Netherlands,seamless,11.0,13,0.077711765168039,0.02088750378803463,0.05798930125725334,0.07346245356977799,0.11852794461976987,0.181063829787234,0.2456479690522243,0.058027079303675
EU Railways — Netherlands,seamless,11.0,14,0.08250433051865202,0.018317252112881516,0.0681127383255042,0.08434326644100579,0.11420281845813757,0.1915618955512572,0.2088974854932301,0.0676982591876208
EU Railways — Netherlands,seamless,11.0,15,0.07931302822039057,0.0224925081092001,0.0718953634673527,0.09560294804241976,0.11276595744680845,0.19374136501796071,0.1779497098646034,0.0735009671179884
EU Railways — Netherlands,seamless,11.0,16,0.062211688472028306,0.027157870320140328,0.030411078283418633,0.07590474588624443,0.1315726826365124,0.17349492263056088,0.3500967117988394,0.0309477756286266
EU Railways — Netherlands,seamless,11.0,17,0.07339434095679201,0.021029672002963032,0.05342706938451617,0.06734699463523222,0.11475822050290128,0.151426499032882,0.2030947775628626,0.0676982591876208
EU Railways — Netherlands,seamless,11.0,18,0.07619655129840727,0.019615472391306735,0.049500470250031,0.0846228239845261,0.14463249516441004,0.195980415860735,0.1972920696324951,0.0502901353965183
EU Railways — Netherlands,seamless,11.0,19,0.0860735009671179,0.02067799273445591,0.07575757575757569,0.10212393988989732,0.13101685548494055,0.18545178226029285,0.11605415860735,0.011605415860735
EU Railways — Netherlands,seamless,11.0,20,0.06952212773439978,0.02285541118414894,0.05029847262055618,0.07102272727272724,0.12152804642166343,0.16539530947775624,0.2940038684719536,0.0444874274661508
EU Railways — Netherlands,seamless,11.0,21,0.07772673024329461,0.022084709808484402,0.060955297657425266,0.08817180160265262,0.15000644745325592,0.22632978723404254,0.1663442940038684,0.0502901353965183
EU Railways — Netherlands,seamless,11.0,22,0.07643225123368333,0.023128523807564052,0.04925959983511427,0.08378465506125078,0.12718480745560048,0.21479690522243705,0.2978723404255319,0.04642166344294
EU Railways — Netherlands,seamless,11.0,23,0.06764401078981919,0.023603664946930055,0.04766142639614797,0.06113483040052832,0.16644100580270788,0.18025467440361054,0.3558994197292069,0.0483558994197292
EU Railways — Netherlands,seamless,11.0,24,0.07505920557897994,0.019780088219118582,0.06302846090080126,0.08072533849129589,0.11712443584784002,0.18636363636363631,0.1528046421663443,0.0522243713733075
EU Railways — Netherlands,seamless,11.0,25,0.08124352292836585,0.02333429359232886,0.0641142337012174,0.08763470571981204,0.13070160014067164,0.25415116798095516,0.1760154738878143,0.0309477756286266
EU Railways — Netherlands,seamless,11.0,26,0.079335475833274,0.019607989853678925,0.07604771115409407,0.08901881484086509,0.1157456019158146,0.17092428847747995,0.1624758220502901,0.0793036750483559
EU Railways — Netherlands,seamless,11.0,27,0.07281444429063663,0.02245883668987496,0.06043362871665689,0.07621843245157595,0.11586073500967108,0.1599210186976144,0.1702127659574468,0.0599613152804642
EU Railways — Netherlands,seamless,11.0,28,0.07534354200883679,0.020214075401531615,0.05696324951644094,0.08022243713733072,0.12636363636363634,0.18283365570599605,0.1760154738878143,0.04642166344294
EU Railways — Netherlands,seamless,11.0,29,0.07905113940341717,0.019832465982513266,0.06312517269964073,0.08784332688588002,0.1317214700193423,0.1954061895551257,0.1179883945841392,0.0638297872340425
EU Railways — Netherlands,seamless,11.0,30,0.08633538978409128,0.02022904047678725,0.07212048418294127,0.07721832688588004,0.1231334622823984,0.24374274661508702,0.2379110251450677,0.0735009671179884
EU Railways — Netherlands,seamless,11.0,31,0.09021882681292526,0.02077900699243136,0.07774309829435552,0.10216526971846118,0.13326885880077366,0.18519019987105087,0.172147001934236,0.1025145067698259
EU Railways — Netherlands,seamless,11.0,32,0.08265772254002213,0.015937805147237583,0.06711601468440367,0.08545925035286736,0.13930367504835586,0.17027079303675047,0.1798839458413926,0.0676982591876208
EU Railways — Netherlands,seamless,11.0,33,0.07327462035474701,0.021979954281695052,0.05192628706181601,0.07223747426218255,0.14704061895551257,0.17900064474532554,0.2804642166344294,0.0522243713733075
EU Railways — Netherlands,seamless,11.0,34,0.0694285960140521,0.01775980305960959,0.05486305131695199,0.06401353965183748,0.09369761444229523,0.15981996726677575,0.1605415860735009,0.0522243713733075
EU Railways — Netherlands,seamless,11.0,35,0.07180804297969605,0.02130652589519204,0.061903747172409186,0.07036834580775371,0.11247582205029005,0.15847034171502258,0.2340425531914893,0.0483558994197292
EU Railways — Netherlands,seamless,11.0,36,0.07923446157529856,0.02015795636932304,0.07206640876853641,0.07345529765742533,0.1300881151944981,0.17067483344079087,0.1740812379110251,0.0735009671179884
EU Railways — Netherlands,seamless,11.0,37,0.07891271245730269,0.02169187658302433,0.06796905222437129,0.08121246055176619,0.12538684719535778,0.2011895551257253,0.1779497098646034,0.081237911025145
EU Railways — Netherlands,seamless,11.0,38,0.08227237185218986,0.01889340751022297,0.06624758220502898,0.08604263549940323,0.10924134966688157,0.24676015473887808,0.1682785299806576,0.0638297872340425
EU Railways — Netherlands,seamless,11.0,39,0.08895053668501127,0.017845852242329416,0.08518697614442294,0.09086841772266309,0.1380475594493116,0.15610028269602733,0.1818181818181818,0.0909090909090909
EU Railways — Netherlands,seamless,11.0,40,0.08006502325198561,0.020165438906950852,0.05482428596548516,0.10699548678272078,0.13105327940917877,0.23701644100580269,0.1702127659574468,0.0502901353965183
EU Railways — Netherlands,seamless,11.0,41,0.06814534081088253,0.019922256434046992,0.052986906710310935,0.07999238028251565,0.09008123791102512,0.17767445320636802,0.3675048355899419,0.0386847195357833
EU Railways — Netherlands,seamless,11.0,42,0.0826315336583248,0.018814840865130945,0.07377848793204944,0.07843154186239291,0.11181818181818176,0.1896034816247582,0.1856866537717601,0.0754352030947775
EU Railways — Netherlands,seamless,11.0,43,0.0731249696021908,0.019492010520447856,0.05639298339224964,0.07339482002170118,0.12050290135396516,0.21677949709864594,0.1644100580270793,0.0406189555125725
EU Railways — Netherlands,seamless,11.0,44,0.05463936039268349,0.027468395631694495,0.02230713130608488,0.05757155271493841,0.14317214700193417,0.1582820467733427,0.3887814313346228,0.0212765957446808
EU Railways — Netherlands,seamless,11.0,45,0.07869197759728228,0.01659252718967106,0.06381282025178997,0.07379110251450677,0.09796396212969555,0.2521147646679561,0.1760154738878143,0.06963249516441
EU Railways — Netherlands,seamless,11.0,46,0.07990414869298768,0.02080893714294261,0.06475327583950201,0.08401233075435201,0.11418439716312052,0.1905464216634429,0.2553191489361702,0.0657640232108317
EU Railways — Netherlands,seamless,11.0,47,0.08032317080014509,0.019970892928627755,0.06374186741691572,0.07327743513010473,0.16444874274661508,0.24973887814313345,0.2030947775628626,0.0735009671179884
EU Railways — Netherlands,seamless,11.0,48,0.07647340519063625,0.022788068345498645,0.06552224371373305,0.07375425992447268,0.14901906604034257,0.225709219858156,0.2263056092843327,0.04642166344294
EU Railways — Netherlands,seamless,11.0,49,0.07226821904380645,0.018040398220652492,0.058393648218631015,0.07490959549238915,0.09735009671179878,0.18228686207409608,0.2379110251450677,0.0599613152804642
EU Railways — Netherlands,seamless,11.0,50,0.08856892726599289,0.021257889400611275,0.07889810944031946,0.10003077193599431,0.13489808064276143,0.2038974854932301,0.11605415860735,0.0174081237911025
EU Railways — Netherlands,seamless,11.0,51,0.07978816935975658,0.020229040476787263,0.05757674191976606,0.0666966012710693,0.12652321083172144,0.28450379407826215,0.2495164410058027,0.058027079303675
EU Railways — Netherlands,seamless,11.0,52,0.07342052983848933,0.017295885726685292,0.05533849129593805,0.06472890473887812,0.12728654324399002,0.21292484111633048,0.288201160541586,0.0560928433268858
EU Railways — Netherlands,seamless,11.0,53,0.06882625173501333,0.02368597286083597,0.053303294909493384,0.06767523256884951,0.12056092843326884,0.17182169861086688,0.3249516441005802,0.0541586073500967
EU Railways — Netherlands,seamless,11.0,54,0.08945934924370241,0.021617051206746195,0.07787602468453529,0.09065782986308642,0.1282978723404255,0.24796026024265866,0.1934235976789168,0.0909090909090909
EU Railways — Netherlands,seamless,11.0,55,0.08028949938081993,0.016790814436808056,0.06273314451505935,0.09694577899794095,0.11269342359767885,0.16777738702303494,0.2127659574468085,0.0638297872340425
EU Railways — Netherlands,seamless,11.0,56,0.07284437444114789,0.021695617851838215,0.05845774903288197,0.09722832776507821,0.12345261121856858,0.1734042553191489,0.2456479690522243,0.0599613152804642
EU Railways — Netherlands,seamless,11.0,57,0.08248562417458247,0.01848186794069336,0.06313515090110829,0.08506242307016001,0.11933356778617896,0.18280602376347052,0.2765957446808511,0.0638297872340425
EU Railways — Netherlands,seamless,11.0,58,0.06936873571302964,0.02246631922750277,0.04893617021276593,0.06360040668551302,0.1194713088330109,0.1961013056092843,0.2088974854932301,0.0425531914893617
EU Railways — Netherlands,seamless,11.0,59,0.08575549311793594,0.021014706927707412,0.058994197292069596,0.07848077640910786,0.13549323017408113,0.3192456479690522,0.2765957446808511,0.0599613152804642
EU Railways — Netherlands,seamless,11.0,60,0.08010617720893856,0.02268331281870929,0.07084417172458254,0.08149391284560238,0.13118955512572528,0.21000967117988387,0.1760154738878143,0.034816247582205
EU Railways — Netherlands,seamless,11.0,61,0.07589724979329479,0.02006816591778931,0.061867919314727744,0.08012572533849127,0.11166067974578608,0.15163201160541584,0.1489361702127659,0.0773694390715667
EU Railways — Netherlands,seamless,11.0,62,0.06809296304748785,0.022376528775969035,0.04926465683985856,0.08227756286266918,0.11375456694605626,0.16040457769181168,0.2224371373307543,0.0502901353965183
EU Railways — Netherlands,seamless,11.0,63,0.06821642491834673,0.0228329635712655,0.05367204488388575,0.06637871684752315,0.10518098922354234,0.1983317214700193,0.2862669245647969,0.0541586073500967
EU Railways — Netherlands,seamless,11.0,64,0.08124726419717976,0.02203607331390362,0.06423446781074663,0.07771805136970894,0.14035783365570598,0.22927949709864598,0.2707930367504835,0.0657640232108317
EU Railways — Netherlands,seamless,11.0,65,0.0762339639865463,0.018508056822390692,0.06388178282481641,0.08174833440790881,0.11033434650455927,0.1676531270148291,0.1586073500967118,0.0657640232108317
EU Railways — Netherlands,seamless,11.0,66,0.08025956923030868,0.02145991791656217,0.07332688588007737,0.08108736907412131,0.14032882011605413,0.20337282398452605,0.2030947775628626,0.081237911025145
EU Railways — Netherlands,seamless,11.0,67,0.0773750509747875,0.022967649248566105,0.0477807187213682,0.1014783089251174,0.15001758396342532,0.15251450676982592,0.3597678916827853,0.0483558994197292
EU Railways — Netherlands,seamless,11.0,68,0.09462604147570597,0.01733329841482435,0.08133462282398445,0.10187824493535577,0.17050290135396515,0.19926775352307263,0.11605415860735,0.0502901353965183
EU Railways — Netherlands,seamless,11.0,69,0.07917834254308997,0.021486106798259512,0.060483049984729684,0.07298862485032698,0.14341285192349018,0.23612185686653764,0.195357833655706,0.058027079303675
EU Railways — Netherlands,seamless,11.0,70,0.07298280138726237,0.018710085338341592,0.05563473480606733,0.0753661232384636,0.11395145691645345,0.1499516441005802,0.2553191489361702,0.0560928433268858
EU Railways — Netherlands,seamless,11.0,71,0.06959321184186398,0.02294146036686876,0.03662179447182879,0.06549981056451772,0.13274661508704058,0.224816247582205,0.2456479690522243,0.0367504835589942
EU Railways — Netherlands,seamless,11.0,72,0.0783627459416586,0.020479705487318915,0.06818181818181811,0.08771414755457303,0.12966634429400378,0.14967762733720175,0.1431334622823984,0.0793036750483559
EU Railways — Netherlands,seamless,11.0,73,0.08293831770106505,0.018530504435274125,0.06557059961315279,0.0857935457599511,0.12524822695035456,0.18852646386495514,0.1237911025145067,0.0638297872340425
EU Railways — Netherlands,seamless,11.0,74,0.07746110015750736,0.017456760285683232,0.05230236475946836,0.08979974968710885,0.13351503428872866,0.17120060790273556,0.2030947775628626,0.0522243713733075
EU Railways — Netherlands,seamless,11.0,75,0.06953709280965537,0.02136264492740062,0.04490541913910101,0.06955190199871045,0.13646679561573172,0.23994197292069624,0.2263056092843327,0.04642166344294
EU Railways — Netherlands,seamless,11.0,76,0.07741246366292655,0.01853050443527413,0.06174357557336273,0.07359767891682785,0.14397163120567372,0.19657045082576993,0.2127659574468085,0.0638297872340425
EU Railways — Netherlands,seamless,11.0,77,0.08242576387356,0.020172921444578662,0.07252205500778411,0.07801784772287672,0.1023914190258484,0.2573984526112185,0.1566731141199226,0.0735009671179884
EU Railways — Netherlands,seamless,11.0,78,0.08102278806834541,0.020816419680570415,0.059672176912799836,0.086644979778442,0.14564796905222435,0.18600442111080404,0.1798839458413926,0.0599613152804642
EU Railways — Netherlands,seamless,11.0,79,0.08858015107243464,0.019316170886194292,0.07059961315280458,0.10319148936170208,0.1375241779497098,0.21107887384483126,0.11605415860735,0.0386847195357833
EU Railways — Netherlands,seamless,11.0,80,0.08046159774625959,0.02111197991686896,0.07060683045122546,0.07571515830194435,0.12769825918762087,0.22268428970556625,0.2553191489361702,0.0715667311411992
EU Railways — Netherlands,seamless,11.0,81,0.08281859709902008,0.01701903183445628,0.06600580270793034,0.10646831266355666,0.12774247029566177,0.2287749838813668,0.1876208897485493,0.0483558994197292
EU Railways — Netherlands,seamless,11.0,82,0.07256003801129106,0.0221520526471347,0.0492551494791136,0.06780403771760146,0.13430045132172785,0.1766095606521138,0.2243713733075435,0.04642166344294
EU Railways — Netherlands,seamless,11.0,83,0.0754333324603705,0.02178540830337195,0.06208897485493221,0.08852711512285975,0.12382978723404248,0.1862064796905222,0.1334622823984526,0.0754352030947775
EU Railways — Netherlands,seamless,11.0,84,0.08198055288470525,0.019181485208893696,0.0712133611069781,0.08837040618955508,0.12973887814313337,0.1675569111739324,0.11605415860735,0.0444874274661508
EU Railways — Netherlands,seamless,11.0,85,0.07699718282458304,0.02203981458271754,0.052075977607892454,0.07121828421890997,0.1117109196412871,0.20618149580915535,0.3636363636363636,0.0522243713733075
EU Railways — Netherlands,seamless,11.0,86,0.08262405112069697,0.019376031187216782,0.06530732860520091,0.09371019483889223,0.13871373307543516,0.17487427466150865,0.1547388781431334,0.0947775628626692
EU Railways — Netherlands,seamless,11.0,87,0.06396634354575001,0.023371706280467905,0.040008428514312216,0.06370889748549317,0.09819471308833,0.17629352030947773,0.3404255319148936,0.0406189555125725
EU Railways — Netherlands,seamless,11.0,88,0.07833655705996122,0.02163949881962964,0.06266009723456525,0.08378465506125078,0.1117109196412871,0.2095905867182462,0.2843326885880077,0.0638297872340425
EU Railways — Netherlands,seamless,11.0,89,0.07694854633000228,0.019084212219732152,0.05747904577691806,0.0919877994346079,0.1118994197292069,0.15441005802707924,0.1934235976789168,0.0425531914893617
EU Railways — Netherlands,seamless,11.0,90,0.0758935085244809,0.02086505617515119,0.062409332688587935,0.07726404800872883,0.13305125725338487,0.2644422952933591,0.1489361702127659,0.0773694390715667
EU Railways — Netherlands,seamless,11.0,91,0.08515314883889712,0.018942044004803742,0.06654515697068884,0.09552059253667967,0.12907156673114115,0.16997789444597955,0.1373307543520309,0.0676982591876208
EU Railways — Netherlands,seamless,11.0,92,0.07614791480382649,0.019203932821777125,0.06017360947303862,0.07755077369439069,0.1340425531914893,0.1667891682785299,0.2727272727272727,0.0599613152804642
EU Railways — Netherlands,seamless,11.0,93,0.07253384912959372,0.022735690582103965,0.04815517681836428,0.07316619550662103,0.12189831445150594,0.1738059812527897,0.3017408123791102,0.0483558994197292
EU Railways — Netherlands,seamless,11.0,94,0.07148629386170018,0.024976710601633388,0.049838389494044524,0.06910863958736292,0.1257640232108317,0.18720986460348157,0.2920696324951644,0.0502901353965183
EU Railways — Netherlands,seamless,11.0,95,0.07473371519217017,0.021467400454189982,0.06092843326885876,0.0929096977282208,0.11609284332688577,0.1901725933640827,0.1818181818181818,0.02321083172147
EU Railways — Netherlands,seamless,11.0,96,0.07350283775239526,0.02280677468956817,0.05915209410650137,0.07716795615731782,0.1336557059961315,0.17133876761536337,0.2707930367504835,0.0599613152804642
EU Railways — Netherlands,seamless,11.0,97,0.07574759904073855,0.02160208613149059,0.06067243144840137,0.07132495164410055,0.11249999999999993,0.18887814313346227,0.1876208897485493,0.0444874274661508
EU Railways — Netherlands,seamless,11.0,98,0.07417252487008436,0.024045134666970912,0.06122173954402759,0.07595905867182458,0.13970273847093553,0.17482269503546094,0.2282398452611218,0.0618955512572533
EU Railways — Netherlands,seamless,11.0,99,0.07475616280505362,0.021231700518913935,0.0519019987105093,0.07147001934235973,0.14526112185686652,0.2139555125725338,0.2669245647969052,0.0502901353965183
EU Railways — Netherlands,seamless,11.0,100,0.08282233836783397,0.021759219421674608,0.06470782856561129,0.11027831506554911,0.13795938104448738,0.19255319148936165,0.2166344294003868,0.0386847195357833
EU Railways — Netherlands,seamless,12.0,1,0.07955995196210834,0.0216095686691184,0.06303384057102748,0.08636363636363631,0.1362707930367504,0.2259767891682785,0.2147001934235976,0.0638297872340425
EU Railways — Netherlands,seamless,12.0,2,0.07527245790137259,0.02381691726932267,0.06673114119922625,0.07710441154590086,0.1439179024285407,0.20451782260292894,0.1934235976789168,0.0367504835589942
EU Railways — Netherlands,seamless,12.0,3,0.07719547007172005,0.021321490970447665,0.04966961460627671,0.08450999355254674,0.13736943907156668,0.18077584354180096,0.3326885880077369,0.0502901353965183
EU Railways — Netherlands,seamless,12.0,4,0.07429972800975713,0.020793972067686982,0.05796260477111535,0.07217923920051578,0.11475822050290128,0.20263539651837517,0.1663442940038684,0.0541586073500967
EU Railways — Netherlands,seamless,12.0,5,0.07914092985495091,0.020850091099895572,0.05975673262907304,0.102445426913512,0.12883149391284554,0.15999032882011602,0.1818181818181818,0.0290135396518375
EU Railways — Netherlands,seamless,12.0,6,0.07517518491221103,0.023270692022492465,0.06144688827294655,0.07144152390163025,0.1159310708633725,0.1520502901353965,0.2127659574468085,0.0715667311411992
EU Railways — Netherlands,seamless,12.0,7,0.07342427110730326,0.019218897897032745,0.05640842919678298,0.0638043367606637,0.15284332688588007,0.18695528501536007,0.1760154738878143,0.0483558994197292
EU Railways — Netherlands,seamless,12.0,8,0.0764247686960555,0.022649641399384135,0.06061306870742575,0.07293469408530998,0.14951644100580258,0.21507092198581554,0.1334622823984526,0.0560928433268858
EU Railways — Netherlands,seamless,12.0,9,0.07098496384063685,0.02062187370224733,0.05905727020435621,0.06938606606159792,0.13350096711798837,0.23634751773049642,0.1992263056092843,0.06963249516441
EU Railways — Netherlands,seamless,12.0,10,0.07607308942754837,0.018433231446112586,0.06007121505187268,0.07097739361702124,0.14897485493230167,0.19186741691577275,0.1837524177949709,0.0715667311411992
EU Railways — Netherlands,seamless,12.0,11,0.08469297277478674,0.01654389069509028,0.07207002723720048,0.09403692187155688,0.12450032237266274,0.20420696324951637,0.1856866537717601,0.0735009671179884
EU Railways — Netherlands,seamless,12.0,12,0.08372772542079915,0.020951105357871022,0.057939159486548215,0.07717695442339106,0.13122911904343235,0.2651353965183752,0.2804642166344294,0.0522243713733075
EU Railways — Netherlands,seamless,12.0,13,0.07404532173041156,0.021385092540284065,0.05499483718968597,0.0682180851063829,0.11495809155383616,0.2035568450462067,0.2514506769825919,0.0560928433268858
EU Railways — Netherlands,seamless,12.0,14,0.07188660962478806,0.022058520926787062,0.05932111041490721,0.07277000584769015,0.11526664824537157,0.18823835738729353,0.1682785299806576,0.0328820116054158
EU Railways — Netherlands,seamless,12.0,15,0.07557924194411285,0.018197531510836536,0.060812956494125076,0.08447775628626691,0.10846228239845257,0.19171179883945835,0.1760154738878143,0.034816247582205
EU Railways — Netherlands,seamless,12.0,16,0.07728900179206767,0.020629356239875142,0.060099474993092,0.06381467601547385,0.1615812379110251,0.20319148936170203,0.2765957446808511,0.0502901353965183
EU Railways — Netherlands,seamless,12.0,17,0.07476738661149535,0.01728466192024358,0.057667407324519984,0.07747799313148854,0.11083172147001927,0.18572810168554843,0.2243713733075435,0.058027079303675
EU Railways — Netherlands,seamless,12.0,18,0.07611798465331522,0.020831384755826046,0.04622340425531911,0.11036428110896196,0.12101869761444228,0.23042123361272293,0.3849129593810445,0.04642166344294
EU Railways — Netherlands,seamless,12.0,19,0.07767809374871386,0.02344653165674602,0.06053698074974667,0.08341392649903286,0.13738350624230697,0.26549806576402324,0.241779497098646,0.0618955512572533
EU Railways — Netherlands,seamless,12.0,20,0.08701630070822211,0.019888585014721842,0.07572954335211499,0.0938795247305885,0.13879022331633548,0.22703534376648493,0.2205029013539652,0.0773694390715667
EU Railways — Netherlands,seamless,12.0,21,0.07469256123521721,0.0180366569518386,0.05724679092667481,0.09302023871302535,0.11153924462995007,0.13519100580270785,0.1682785299806576,0.058027079303675
EU Railways — Netherlands,seamless,12.0,22,0.0903273236085285,0.01920019155296322,0.06679455877223574,0.11688939687005442,0.14402321083172143,0.2136715315632143,0.1605415860735009,0.0560928433268858
EU Railways — Netherlands,seamless,12.0,23,0.08172988787417357,0.01741560632873028,0.07077815801220053,0.0831030671456203,0.12936814958091544,0.1964838353136225,0.1237911025145067,0.0715667311411992
EU Railways — Netherlands,seamless,12.0,24,0.08945934924370243,0.015978959104190543,0.07702127659574463,0.0907810899988622,0.11553191489361693,0.22875967117988388,0.11605415860735,0.0618955512572533
EU Railways — Netherlands,seamless,12.0,25,0.07635742585740518,0.020000823079138995,0.053965183752417774,0.08558994197292068,0.11717601547388773,0.1795586425180235,0.3636363636363636,0.0483558994197292
EU Railways — Netherlands,seamless,12.0,26,0.06817152969257984,0.025178739117584295,0.04545454545454537,0.07009456264775409,0.09841116330478024,0.17189140646587456,0.2243713733075435,0.0406189555125725
EU Railways — Netherlands,seamless,12.0,27,0.07942526628480776,0.026304861030569858,0.062430689877498315,0.08938285783365567,0.13181818181818175,0.290432439900525,0.288201160541586,0.0638297872340425
EU Railways — Netherlands,seamless,12.0,28,0.07316238229032984,0.021276595744680795,0.059562379110251425,0.07080915538362342,0.10368642621458636,0.25395827576678637,0.1702127659574468,0.0715667311411992
EU Railways — Netherlands,seamless,12.0,29,0.07511532461118856,0.02015047383169522,0.053777083739996075,0.07462696877590491,0.10408123791102507,0.2502578981302385,0.1972920696324951,0.0541586073500967
EU Railways — Netherlands,seamless,12.0,30,0.07604690054585105,0.02322579679672559,0.05571347660215645,0.07152431368556786,0.11136363636363632,0.19539928156949432,0.3249516441005802,0.0560928433268858
EU Railways — Netherlands,seamless,12.0,31,0.07024045134666965,0.02852343343721584,0.04224308300395256,0.0817214700193423,0.14600505877101622,0.1886363636363636,0.3539651837524178,0.0425531914893617
EU Railways — Netherlands,seamless,12.0,32,0.09950091474022492,0.015810602007564782,0.08494310331834509,0.10938104448742744,0.14112796498014865,0.19078215667311407,0.1605415860735009,0.0909090909090909
EU Railways — Netherlands,seamless,12.0,33,0.07208863814073896,0.02187519875490568,0.05218983144515055,0.06534493874919405,0.14157728151925444,0.1599210186976144,0.2765957446808511,0.0483558994197292
EU Railways — Netherlands,seamless,12.0,34,0.08584154230065576,0.021755478152860712,0.06752759130731588,0.08719259463940308,0.15090909090909088,0.19844455190199867,0.2108317214700193,0.0560928433268858
EU Railways — Netherlands,seamless,12.0,35,0.08874476690024646,0.01859410600511053,0.08145629250639538,0.0952611218568665,0.14510638297872339,0.1908687943262411,0.1682785299806576,0.0831721470019342
EU Railways — Netherlands,seamless,12.0,36,0.0762975655563827,0.020363726154087845,0.06302385557704701,0.08002037855761257,0.10867642995302568,0.18315602836879424,0.11605415860735,0.0251450676982591
EU Railways — Netherlands,seamless,12.0,37,0.08015107243470543,0.021994919356950672,0.06273619997024246,0.08552754726399199,0.12726198151730064,0.1767085751128304,0.2495164410058027,0.0638297872340425
EU Railways — Netherlands,seamless,12.0,38,0.08281111456139224,0.018440713983740392,0.06676089867579224,0.09163442940038681,0.1418923275306254,0.1777852998065763,0.1237911025145067,0.0676982591876208
EU Railways — Netherlands,seamless,12.0,39,0.06810044558511565,0.02461006625787065,0.04016058188265631,0.06644100580270788,0.14377324802856714,0.23227942270495452,0.3694390715667311,0.0406189555125725
EU Railways — Netherlands,seamless,12.0,40,0.08137446733685255,0.021362644927400632,0.06779676194569803,0.0712003985698376,0.12591876208897482,0.24417580055877927,0.1992263056092843,0.06963249516441
EU Railways — Netherlands,seamless,12.0,41,0.08318150017396893,0.019275016929241332,0.06992093386270312,0.07342613060698167,0.1285651485844909,0.18460210002763186,0.1605415860735009,0.0735009671179884
EU Railways — Netherlands,seamless,12.0,42,0.08067485006865219,0.01940970260654193,0.06172668938626378,0.08962515840725668,0.12525057147881127,0.1967956157317859,0.1760154738878143,0.0386847195357833
EU Railways — Netherlands,seamless,12.0,43,0.07272465383910291,0.022832963571265505,0.04504425297462042,0.08283737539056683,0.13742746615087034,0.19218246292714372,0.3694390715667311,0.0386847195357833
EU Railways — Netherlands,seamless,12.0,44,0.08527286944094212,0.01978008821911859,0.06521892034464566,0.10381407156673107,0.14564796905222435,0.17740167633784648,0.2823984526112186,0.058027079303675
EU Railways — Netherlands,seamless,12.0,45,0.08081701828358061,0.019035575725151382,0.06340425531914888,0.07859891353553643,0.10617746615087034,0.19066731141199222,0.2359767891682785,0.0638297872340425
EU Railways — Netherlands,seamless,12.0,46,0.07293790616149551,0.02406009974222653,0.05500828958275763,0.07221703461615418,0.13613797549967754,0.14873065764023205,0.2611218568665377,0.0560928433268858
EU Railways — Netherlands,seamless,12.0,47,0.0810751658317401,0.018354664801020566,0.05595015378761447,0.09570804759392763,0.10766441005802704,0.24192456479690513,0.1624758220502901,0.0483558994197292
EU Railways — Netherlands,seamless,12.0,48,0.08428517447407105,0.018332217188137136,0.06796745697820487,0.09547359474825622,0.14897485493230167,0.16413480136884392,0.1528046421663443,0.0657640232108317
EU Railways — Netherlands,seamless,12.0,49,0.07334944573102514,0.02195376539999771,0.06242667343120772,0.07613587020881848,0.12314313346228235,0.17191213042276873,0.2282398452611218,0.0638297872340425
EU Railways — Netherlands,seamless,12.0,50,0.08859885741650415,0.024378107591408495,0.0654416505480335,0.10976789168278529,0.16936467787531614,0.2135074145712443,0.1818181818181818,0.0290135396518375
EU Railways — Netherlands,seamless,12.0,51,0.07221584128041177,0.018698861531899875,0.05721226336069687,0.07680851063829783,0.1127949709864603,0.16717440361057376,0.2437137330754352,0.058027079303675
EU Railways — Netherlands,seamless,12.0,52,0.08148670540126968,0.01832847591932323,0.0664320981370253,0.08401126408010011,0.11712443584784002,0.205705996131528,0.2688588007736944,0.0676982591876208
EU Railways — Netherlands,seamless,12.0,53,0.08161764980975639,0.020315089659507075,0.0684581376070737,0.10944551901998709,0.12387399834208337,0.17270089678213468,0.11605415860735,0.0135396518375241
EU Railways — Netherlands,seamless,12.0,54,0.07912222351088141,0.020419845186296425,0.06467396649509881,0.08033347661007231,0.12106168063614871,0.18786804212336125,0.2263056092843327,0.0657640232108317
EU Railways — Netherlands,seamless,12.0,55,0.07906984574748671,0.020333796003576605,0.059669644776027736,0.08162191375583108,0.11352353320438421,0.21243713733075434,0.1818181818181818,0.0425531914893617
EU Railways — Netherlands,seamless,12.0,56,0.0787219077477935,0.02090995140091806,0.06316644348559236,0.0916290565226735,0.11142857142857139,0.18612185686653768,0.2998065764023211,0.0638297872340425
EU Railways — Netherlands,seamless,12.0,57,0.07724410656630079,0.020341278541204412,0.06037870304387659,0.07144584139264987,0.11056576402321082,0.1492263056092842,0.2649903288201161,0.0599613152804642
EU Railways — Netherlands,seamless,12.0,58,0.07577004665362203,0.019742675530979522,0.06458199011390497,0.07631083694913476,0.11007838745800672,0.1919342359767891,0.2050290135396518,0.0735009671179884
EU Railways — Netherlands,seamless,12.0,59,0.07937662979022697,0.01860532981155224,0.0628626692456479,0.08475714592735868,0.12769825918762087,0.24772727272727266,0.11605415860735,0.0328820116054158
EU Railways — Netherlands,seamless,12.0,60,0.0816775101107789,0.019783829487932482,0.06544558192197007,0.08653288201160536,0.11249999999999993,0.21376934235976786,0.1566731141199226,0.0657640232108317
EU Railways — Netherlands,seamless,12.0,61,0.08737546251435702,0.019462080369936612,0.06243031061554208,0.09988179669030726,0.1596159159988947,0.2177892820571168,0.1760154738878143,0.0425531914893617
EU Railways — Netherlands,seamless,12.0,62,0.07840015862979763,0.0189831979617567,0.06531563214348511,0.08782958363025546,0.11575523122911895,0.14327852998065754,0.1876208897485493,0.0657640232108317
EU Railways — Netherlands,seamless,12.0,63,0.06888985330484973,0.019821242176071535,0.05892188940508682,0.06962415794037212,0.1016199226305609,0.14650548033526756,0.1818181818181818,0.0599613152804642
EU Railways — Netherlands,seamless,12.0,64,0.08000890421977702,0.027127940169629078,0.0642206088868869,0.06932163581099744,0.1598216204599183,0.2631044487427465,0.2456479690522243,0.0657640232108317
EU Railways — Netherlands,seamless,12.0,65,0.07578127046006372,0.021456176647748272,0.06148557732739039,0.07856980316304471,0.11681026903464031,0.2051015473887814,0.1760154738878143,0.0328820116054158
EU Railways — Netherlands,seamless,12.0,66,0.0714413986359333,0.02126163066942517,0.049443907156673066,0.07965627014829142,0.1016199226305609,0.2052312291190434,0.3404255319148936,0.0483558994197292
EU Railways — Netherlands,seamless,12.0,67,0.07325591401067749,0.022107157421367832,0.06474633696160602,0.07852254128849873,0.10669729206963244,0.14107275703020386,0.2940038684719536,0.0657640232108317
EU Railways — Netherlands,seamless,12.0,68,0.07401165031108643,0.021886422561347405,0.0640337886847195,0.07040357572272461,0.14049992560630858,0.14801740812379105,0.2456479690522243,0.0657640232108317
EU Railways — Netherlands,seamless,12.0,69,0.06249602490188513,0.027090527481490028,0.03932338235830803,0.05358712853877262,0.12214700193423594,0.15419084461637647,0.3810444874274661,0.0290135396518375
EU Railways — Netherlands,seamless,12.0,70,0.07458406443961398,0.022855411184148938,0.07028184581376067,0.08265186200817762,0.10744680851063824,0.17583279604556198,0.1682785299806576,0.0541586073500967
EU Railways — Netherlands,seamless,12.0,71,0.08260160350781358,0.021168098949077535,0.07214919992966413,0.0841832248988922,0.1594777562862669,0.16835106382978718,0.1644100580270793,0.0735009671179884
EU Railways — Netherlands,seamless,12.0,72,0.08323013666854971,0.019746416799793432,0.07763040741764143,0.09289792225619259,0.10530303030303023,0.20668923275306253,0.11605415860735,0.0367504835589942
EU Railways — Netherlands,seamless,12.0,73,0.10457407525188084,0.019233862972288376,0.09370864298075937,0.11137501422232332,0.20483558994197287,0.2644791378833932,0.1005802707930367,0.06963249516441
EU Railways — Netherlands,seamless,12.0,74,0.07348787267713962,0.02404887593578481,0.05836557059961311,0.07984962875148185,0.13658469190384076,0.22879593810444868,0.2688588007736944,0.0599613152804642
EU Railways — Netherlands,seamless,12.0,75,0.0727845141401254,0.02261222871124508,0.05378294994964591,0.07422630560928431,0.10809800128949063,0.1736339458413926,0.2321083172147001,0.0541586073500967
EU Railways — Netherlands,seamless,12.0,76,0.06567984466251876,0.022615969980058995,0.049119413621093316,0.057543520309477694,0.09148936170212757,0.21746615087040616,0.344294003868472,0.0406189555125725
EU Railways — Netherlands,seamless,12.0,77,0.08364915877570711,0.02177044322811633,0.05578679333055841,0.06182647140093941,0.15242446475021676,0.27733720180528687,0.2282398452611218,0.0618955512572533
EU Railways — Netherlands,seamless,12.0,78,0.07730396686732327,0.02261596998005899,0.06501670476525406,0.06917705006522418,0.13030303030303023,0.17159896840747904,0.2108317214700193,0.0657640232108317
EU Railways — Netherlands,seamless,12.0,79,0.08476405688225094,0.01828732196237026,0.07546974302293445,0.085998465950777,0.13066408768536422,0.23096711798839453,0.11605415860735,0.0406189555125725
EU Railways — Netherlands,seamless,12.0,80,0.08345835406619792,0.02244761288343324,0.06110976789168273,0.09471556811982339,0.13762088974854925,0.2613240724459293,0.11605415860735,0.0290135396518375
EU Railways — Netherlands,seamless,12.0,81,0.07637613220147471,0.01858662346748271,0.05248167799407304,0.06957876638727696,0.13640508427742462,0.24262917933130695,0.2088974854932301,0.0541586073500967
EU Railways — Netherlands,seamless,12.0,82,0.07954124561803882,0.021624533744374022,0.05192385448425833,0.07264667956157317,0.15151112185686652,0.1583968597110024,0.3365570599613153,0.0522243713733075
EU Railways — Netherlands,seamless,12.0,83,0.07464766600945034,0.021953765399997705,0.06861089165554247,0.08922892830213418,0.11225016118633133,0.18285783365570593,0.1760154738878143,0.0270793036750483
EU Railways — Netherlands,seamless,12.0,84,0.06796950117662896,0.02251121445326964,0.051468260946017176,0.061837879083633446,0.12275628626692453,0.17513217279174723,0.2088974854932301,0.0618955512572533
EU Railways — Netherlands,seamless,12.0,85,0.06924901511098465,0.026439546707870458,0.04541850379038163,0.07060840513451729,0.14749623898560066,0.16222525057147877,0.3094777562862669,0.04642166344294
EU Railways — Netherlands,seamless,12.0,86,0.07715057484595317,0.021074567228729902,0.05934679239200513,0.09310777321083165,0.1166344294003867,0.19996776273372016,0.1837524177949709,0.0599613152804642
EU Railways — Netherlands,seamless,12.0,87,0.07904739813460328,0.023016285743146882,0.057446808510638235,0.09006286266924562,0.1239845261121856,0.19453578336557056,0.2147001934235976,0.058027079303675
EU Railways — Netherlands,seamless,12.0,88,0.06029990010812258,0.024550205956848162,0.030849512303602555,0.07585636738004611,0.10165054803352672,0.131600580270793,0.3558994197292069,0.0309477756286266
EU Railways — Netherlands,seamless,12.0,89,0.075096618267119,0.020389915035785203,0.06306105242275449,0.07716795615731782,0.10066316662061338,0.2168366449797784,0.2243713733075435,0.0638297872340425
EU Railways — Netherlands,seamless,12.0,90,0.07220087620515613,0.02177792576574414,0.057293681495809094,0.06167278812509501,0.13549323017408113,0.2151450676982591,0.230174081237911,0.058027079303675
EU Railways — Netherlands,seamless,12.0,91,0.07923446157529856,0.02228673832443529,0.0628626692456479,0.0794613573290724,0.14034441879328632,0.20830109606705344,0.1818181818181818,0.034816247582205
EU Railways — Netherlands,seamless,12.0,92,0.0925496372839884,0.017299626995499202,0.06749869515826955,0.10217043594703167,0.14000644745325594,0.21328578336557058,0.1566731141199226,0.0618955512572533
EU Railways — Netherlands,seamless,12.0,93,0.07131045422744661,0.02354380464590756,0.05467380104484894,0.07840249692280639,0.11408843506814804,0.1768471953578336,0.2050290135396518,0.0560928433268858
EU Railways — Netherlands,seamless,12.0,94,0.07827669675893874,0.028168012899894828,0.0567836418900248,0.08207314928784942,0.15841392649903288,0.2389023210831721,0.2862669245647969,0.058027079303675
EU Railways — Netherlands,seamless,12.0,95,0.0721073444848085,0.02008687226185883,0.047892855049528144,0.07508817840482417,0.12963249516440997,0.23240536059684988,0.3172147001934236,0.0483558994197292
EU Railways — Netherlands,seamless,12.0,96,0.07871068394135176,0.02135890365858672,0.06783216783216775,0.09878825804983493,0.10628022243713728,0.1809235976789168,0.1876208897485493,0.0367504835589942
EU Railways — Netherlands,seamless,12.0,97,0.08033065333777288,0.022256808173924048,0.07947292069632494,0.10628626692456473,0.12366463323910126,0.188174784596448,0.1818181818181818,0.011605415860735
EU Railways — Netherlands,seamless,12.0,98,0.07196143500106618,0.02259352236717555,0.053583338891482674,0.07963679346658069,0.11540757115225192,0.21157317859445515,0.2224371373307543,0.0541586073500967
EU Railways — Netherlands,seamless,12.0,99,0.07721043514697566,0.023540063377093662,0.051974532559638895,0.06937831671874219,0.10894584139264987,0.24703417150225657,0.230174081237911,0.0522243713733075
EU Railways — Netherlands,seamless,12.0,100,0.07694480506118835,0.022743173119731782,0.052026897019656244,0.06951160541586067,0.13167311411992258,0.2488007736943907,0.3636363636363636,0.0522243713733075
EU Railways — Netherlands,seamless,13.0,1,0.08125474673480754,0.01783088716707379,0.0641723081882656,0.07929188092654621,0.1081941269562159,0.17949019066040336,0.2050290135396518,0.0618955512572533
EU Railways — Netherlands,seamless,13.0,2,0.0753547658152785,0.022836704840079422,0.0652804642166344,0.0898277992692886,0.11944786354844378,0.21140508427742466,0.1760154738878143,0.0251450676982591
EU Railways — Netherlands,seamless,13.0,3,0.07587480218041137,0.0179094538121658,0.07375547185177644,0.08391552873928229,0.09839734733351746,0.15616192318319974,0.1818181818181818,0.0754352030947775
EU Railways — Netherlands,seamless,13.0,4,0.08686290868685198,0.020610649895805612,0.0731785944551902,0.08117266893862632,0.12943722943722935,0.21086395873629912,0.218568665377176,0.081237911025145
EU Railways — Netherlands,seamless,13.0,5,0.07257500308654667,0.020180403982206475,0.06036599585716831,0.070855614973262,0.10438719887462626,0.18140715667311408,0.2707930367504835,0.0618955512572533
EU Railways — Netherlands,seamless,13.0,6,0.07336441080628074,0.018818582133944852,0.06047125021979951,0.07585282222612971,0.10643133462282392,0.15953464557970187,0.1779497098646034,0.0560928433268858
EU Railways — Netherlands,seamless,13.0,7,0.07664176228726205,0.019806277100815922,0.05797940447326118,0.07461230445552951,0.10551901998710501,0.20312701482914242,0.2727272727272727,0.058027079303675
EU Railways — Netherlands,seamless,13.0,8,0.07939159486548263,0.02068547527208374,0.0686653771760154,0.08820921985815598,0.11325596389426171,0.16703739522888453,0.1760154738878143,0.0328820116054158
EU Railways — Netherlands,seamless,13.0,9,0.0743895184612909,0.025601502493555608,0.05148240254623228,0.09036105738233395,0.13350096711798837,0.3047872340425532,0.3500967117988394,0.0522243713733075
EU Railways — Netherlands,seamless,13.0,10,0.08644014531088062,0.01896823288650108,0.0709925048355899,0.10811573178594452,0.1310813300175002,0.16723619170427675,0.11605415860735,0.0270793036750483
EU Railways — Netherlands,seamless,13.0,11,0.07477112788030926,0.023577476065232705,0.043456891904746775,0.08536159467010529,0.11856866537717596,0.30421018697614444,0.3520309477756286,0.0386847195357833
EU Railways — Netherlands,seamless,13.0,12,0.0806112484988158,0.018485609209507266,0.061026121954555174,0.09338609718548921,0.13375241779497093,0.16395067698259186,0.1895551257253385,0.0618955512572533
EU Railways — Netherlands,seamless,13.0,13,0.07747232396394904,0.02676503709468024,0.06840747904577685,0.09356032815313806,0.13982108317214698,0.17550428295109144,0.1818181818181818,0.0077369439071566
EU Railways — Netherlands,seamless,13.0,14,0.0779736539850124,0.018077810908791552,0.055398654341351064,0.07718676122931438,0.15671179883945838,0.16413480136884392,0.3114119922630561,0.0560928433268858
EU Railways — Netherlands,seamless,13.0,15,0.07792501749043163,0.019046799531593092,0.06789168278529972,0.08011414716539077,0.09458413926499026,0.24834381044487425,0.1334622823984526,0.081237911025145
EU Railways — Netherlands,seamless,13.0,16,0.08327877316313045,0.019993340541511195,0.07205029013539647,0.09166896932854375,0.14535449876609083,0.16068665377176006,0.11605415860735,0.0270793036750483
EU Railways — Netherlands,seamless,13.0,17,0.07757333822192451,0.021478624260631695,0.06544165054803351,0.07539735934740553,0.10570090603685221,0.24970180528691166,0.1779497098646034,0.0754352030947775
EU Railways — Netherlands,seamless,13.0,18,0.07884536961865238,0.016315673297442046,0.06740486384282696,0.07063185041908442,0.10562066219137552,0.2109042553191489,0.195357833655706,0.06963249516441
EU Railways — Netherlands,seamless,13.0,19,0.07915963619902047,0.01961173112249283,0.06677793723092276,0.10095502901353962,0.10823892419637098,0.2128022243713733,0.11605415860735,0.0309477756286266
EU Railways — Netherlands,seamless,13.0,20,0.07816071742570767,0.020816419680570422,0.06142694769586625,0.0752740167633784,0.10121856866537714,0.18919729206963248,0.1856866537717601,0.0618955512572533
EU Railways — Netherlands,seamless,13.0,21,0.0850708409249912,0.023304363441817605,0.056149732620320775,0.1148905947775628,0.1704744567072477,0.24703417150225657,0.1353965183752417,0.0406189555125725
EU Railways — Netherlands,seamless,13.0,22,0.07298280138726239,0.01806658710234984,0.061455952171619414,0.07206725711764904,0.10159574468085103,0.15756501182033095,0.1895551257253385,0.0618955512572533
EU Railways — Netherlands,seamless,13.0,23,0.07293416489268159,0.02053956578834141,0.05522978233724256,0.07007490020165434,0.13066408768536422,0.21714216634429395,0.3036750483558994,0.0560928433268858
EU Railways — Netherlands,seamless,13.0,24,0.09216428659615612,0.02030012458425145,0.07484418654631415,0.12218931334622822,0.1651661684543696,0.2123549323017408,0.1760154738878143,0.0425531914893617
EU Railways — Netherlands,seamless,13.0,25,0.0744755676440107,0.02254114460378087,0.061186887214033155,0.07298765064722511,0.12610080782796676,0.19223081882656345,0.2224371373307543,0.0618955512572533
EU Railways — Netherlands,seamless,13.0,26,0.0746850786975894,0.021130686260938496,0.06826420230675542,0.07702740953908568,0.10358478401031587,0.16233881366860087,0.2591876208897485,0.06963249516441
EU Railways — Netherlands,seamless,13.0,27,0.07561665463225188,0.02220443041052937,0.0666612290554869,0.08189730965359586,0.12601547388781426,0.21568803536888637,0.1586073500967118,0.0676982591876208
EU Railways — Netherlands,seamless,13.0,28,0.08422531417304857,0.020027011960836352,0.05765729889634765,0.0922388781431334,0.13115137941565708,0.20491157778391816,0.1508704061895551,0.0483558994197292
EU Railways — Netherlands,seamless,13.0,29,0.07208863814073896,0.018893407510222972,0.05533546176970935,0.059394563341028654,0.11768946720590814,0.17544264246391902,0.1663442940038684,0.0599613152804642
EU Railways — Netherlands,seamless,13.0,30,0.074542910482661,0.02637220386922016,0.05724932707524577,0.07496131528046417,0.14897485493230167,0.26501450676982596,0.2727272727272727,0.058027079303675
EU Railways — Netherlands,seamless,13.0,31,0.08212646236844758,0.01697787787750333,0.061636080577440126,0.1007104597530129,0.12718920344645682,0.144675760969154,0.1334622823984526,0.0986460348162475
EU Railways — Netherlands,seamless,13.0,32,0.0763050480940105,0.02201362570102019,0.057631440126604476,0.07627506871627807,0.13350096711798837,0.18529289859077086,0.3578336557059961,0.0502901353965183
EU Railways — Netherlands,seamless,13.0,33,0.0834396477221284,0.02018414525102038,0.0601771184679572,0.08200591648651717,0.14846642718983138,0.19743713733075424,0.2321083172147001,0.0618955512572533
EU Railways — Netherlands,seamless,13.0,34,0.08629423582713833,0.020303865853065352,0.06916996047430823,0.0899199929664146,0.12300359215252828,0.2488007736943907,0.1818181818181818,0.0444874274661508
EU Railways — Netherlands,seamless,13.0,35,0.07751721918971591,0.021306525895192045,0.057199024032565896,0.061255546706109845,0.11206699490065054,0.29221470019342355,0.2940038684719536,0.058027079303675
EU Railways — Netherlands,seamless,13.0,36,0.07529864678306993,0.022866634990590665,0.04923420045000588,0.07398452611218567,0.13271621995026248,0.23805609284332685,0.3404255319148936,0.0444874274661508
EU Railways — Netherlands,seamless,13.0,37,0.07615539734145428,0.022481284302758395,0.06310113669484109,0.08196324951644095,0.12384385440478277,0.1867934665807006,0.2166344294003868,0.0406189555125725
EU Railways — Netherlands,seamless,13.0,38,0.07914467112376482,0.019791312025560295,0.057402950834420347,0.08777646959885621,0.12937459703417142,0.177410886985355,0.3268858800773694,0.058027079303675
EU Railways — Netherlands,seamless,13.0,39,0.07443815495587165,0.02517125657995648,0.051791920240285526,0.0785625683289883,0.11470019342359757,0.19512296214423874,0.2359767891682785,0.0522243713733075
EU Railways — Netherlands,seamless,13.0,40,0.08200674176640257,0.02079771333650089,0.0745717048908538,0.0899801486307645,0.12759187620889748,0.22559840425531913,0.11605415860735,0.0174081237911025
EU Railways — Netherlands,seamless,13.0,41,0.07349535521476745,0.02287411752821847,0.05287440149665469,0.07439173368624653,0.11226858248134837,0.17095422308188266,0.2901353965183752,0.0502901353965183
EU Railways — Netherlands,seamless,13.0,42,0.08808630358899912,0.01994470404693042,0.07334826427771557,0.09505963894261761,0.17604960746387527,0.2360031651134165,0.1450676982591876,0.0754352030947775
EU Railways — Netherlands,seamless,13.0,43,0.0739368249348083,0.021856492410836165,0.05747150088481001,0.07996307367680673,0.09656135826348589,0.1988684719535783,0.2088974854932301,0.0406189555125725
EU Railways — Netherlands,seamless,13.0,44,0.0791858250807178,0.02165820516369916,0.06094510771693452,0.08941811734364923,0.1321083172147001,0.19480980012894905,0.3326885880077369,0.0618955512572533
EU Railways — Netherlands,seamless,13.0,45,0.07147507005525845,0.020580719745294365,0.05731116079278549,0.06097239317742214,0.12292714377820757,0.16988394584139263,0.1818181818181818,0.0599613152804642
EU Railways — Netherlands,seamless,13.0,46,0.07554182925597377,0.02192757651830037,0.0686653771760154,0.07825399820729347,0.1263056092843326,0.18793865708759322,0.1508704061895551,0.0735009671179884
EU Railways — Netherlands,seamless,13.0,47,0.08305055576548222,0.019944704046930432,0.06467506358610393,0.08046128597385846,0.12582205029013535,0.16427304964539008,0.2398452611218568,0.0657640232108317
EU Railways — Netherlands,seamless,13.0,48,0.0761591386102682,0.019574318434353775,0.06583728972510403,0.08101627981947124,0.09893617021276585,0.20788523533204378,0.1818181818181818,0.04642166344294
EU Railways — Netherlands,seamless,13.0,49,0.08056261200423502,0.015889168652656813,0.06938338901588412,0.0836919729206963,0.1099985121261717,0.16143348377390926,0.1218568665377176,0.0541586073500967
EU Railways — Netherlands,seamless,13.0,50,0.07011324820699685,0.024550205956848155,0.056869708596251956,0.07968543214903796,0.12610339370494106,0.14672791747259833,0.3655705996131528,0.0386847195357833
EU Railways — Netherlands,seamless,13.0,51,0.07603941800822324,0.019046799531593092,0.05319148936170209,0.08595542260806978,0.12338007736943901,0.25352998065764015,0.1586073500967118,0.0425531914893617
EU Railways — Netherlands,seamless,13.0,52,0.07843757131793667,0.019675332692329232,0.060981065540336006,0.07512434374136497,0.09852294707227,0.16037717601547383,0.2823984526112186,0.0618955512572533
EU Railways — Netherlands,seamless,13.0,53,0.07558298321292675,0.02251495572208353,0.047557212092234784,0.09520067698259183,0.13492746615087034,0.16026756931012245,0.3423597678916827,0.0483558994197292
EU Railways — Netherlands,seamless,13.0,54,0.07649585280351968,0.017800957016562556,0.057628854249630164,0.08314528261336769,0.12875241779497093,0.16567868927067922,0.2050290135396518,0.0560928433268858
EU Railways — Netherlands,seamless,13.0,55,0.07539966104104538,0.01972022791809609,0.05638623867167967,0.08065330985305576,0.17025145067698258,0.2205292772991032,0.1624758220502901,0.0560928433268858
EU Railways — Netherlands,seamless,13.0,56,0.07498812147151575,0.023921672796112018,0.07375170141127588,0.08544559600450358,0.11669394435351874,0.18836234687298514,0.2591876208897485,0.0754352030947775
EU Railways — Netherlands,seamless,13.0,57,0.07140398594779425,0.02304995716247203,0.06301587605569062,0.07216406872226645,0.10618955512572527,0.1731348438795247,0.1934235976789168,0.0638297872340425
EU Railways — Netherlands,seamless,13.0,58,0.08841927651343667,0.019847431057768882,0.06856866537717594,0.09801740812379103,0.13499479244160087,0.21398452611218563,0.1760154738878143,0.04642166344294
EU Railways — Netherlands,seamless,13.0,59,0.07984054712315126,0.01970152157402657,0.06999646429982732,0.07956232288246143,0.11010223818734458,0.2176196808510638,0.1779497098646034,0.0715667311411992
EU Railways — Netherlands,seamless,13.0,60,0.08338352868991983,0.022275514517993575,0.06536105738233396,0.08092705167173246,0.1403352675693101,0.20226735439501392,0.2030947775628626,0.0754352030947775
EU Railways — Netherlands,seamless,13.0,61,0.07830288564063609,0.02094736408905711,0.0697884819367317,0.07629693002033422,0.131600580270793,0.2553916827852998,0.1779497098646034,0.0715667311411992
EU Railways — Netherlands,seamless,13.0,62,0.08158023712161734,0.017453019016869326,0.07755416947384432,0.08442940038684718,0.10572533849129587,0.151426499032882,0.1663442940038684,0.0793036750483559
EU Railways — Netherlands,seamless,13.0,63,0.07413511218194528,0.020696699078525446,0.05841027699718984,0.08911707816588914,0.10393133462282392,0.20037878787878785,0.3617021276595745,0.0406189555125725
EU Railways — Netherlands,seamless,13.0,64,0.08039799617642317,0.021078308497543805,0.060519791865311756,0.07169861086688938,0.1511218568665377,0.22962282398452608,0.1528046421663443,0.0386847195357833
EU Railways — Netherlands,seamless,13.0,65,0.0760843132339901,0.019593024778423306,0.06983810292572223,0.07800411025145065,0.12840272829074617,0.1579787234042553,0.241779497098646,0.0715667311411992
EU Railways — Netherlands,seamless,13.0,66,0.08584154230065574,0.018354664801020566,0.06816285508400645,0.09518052869116694,0.11641337386018227,0.18493230174081232,0.195357833655706,0.06963249516441
EU Railways — Netherlands,seamless,13.0,67,0.08119114516497115,0.022698277893964912,0.06639264990328816,0.08378465506125078,0.13481624758220495,0.1786266924564796,0.2456479690522243,0.0676982591876208
EU Railways — Netherlands,seamless,13.0,68,0.08213020363726145,0.016038819405213033,0.060291014594689614,0.1028084347859066,0.11497651284885321,0.16765796260477106,0.1295938104448742,0.0599613152804642
EU Railways — Netherlands,seamless,13.0,69,0.07311748706456297,0.021280337013494705,0.05189639222941716,0.07653164500022486,0.13156673114119918,0.2020102238187344,0.2205029013539652,0.0522243713733075
EU Railways — Netherlands,seamless,13.0,70,0.08488751875310985,0.021097014841613335,0.05998027837827586,0.09517204520004068,0.12756931012250158,0.23049397411099534,0.3152804642166344,0.0599613152804642
EU Railways — Netherlands,seamless,13.0,71,0.08112006105750698,0.022559850947850395,0.07256229377631129,0.08461305511595646,0.11764990328820107,0.25177056985567625,0.1895551257253385,0.0851063829787234
EU Railways — Netherlands,seamless,13.0,72,0.0724477999468739,0.024131183849690728,0.04818743370562175,0.08234500661712303,0.12405279326430758,0.14493068987749838,0.2978723404255319,0.0483558994197292
EU Railways — Netherlands,seamless,13.0,73,0.07162846207662857,0.022694536625151,0.06397485493230169,0.06954419308720876,0.15163488993276225,0.16030303030303025,0.218568665377176,0.06963249516441
EU Railways — Netherlands,seamless,13.0,74,0.08045411520863177,0.02132149097044766,0.07147881132407241,0.0899258542875564,0.13618509150424038,0.25412637008381683,0.1895551257253385,0.0735009671179884
EU Railways — Netherlands,seamless,13.0,75,0.07618906876077944,0.02024774682085678,0.06856060606060599,0.07488353719998905,0.11420281845813757,0.19453578336557056,0.230174081237911,0.06963249516441
EU Railways — Netherlands,seamless,13.0,76,0.06432924662069885,0.026959583073003324,0.03450613909679586,0.06501296349644016,0.13597678916827846,0.18303079898824573,0.3539651837524178,0.034816247582205
EU Railways — Netherlands,seamless,13.0,77,0.07066695599145484,0.019185226477707595,0.051995779848777866,0.0826885880077369,0.13736943907156668,0.18987289306438243,0.1489361702127659,0.0406189555125725
EU Railways — Netherlands,seamless,13.0,78,0.0719838826139496,0.02051337690664407,0.06400849381885455,0.06746577890194903,0.09458413926499028,0.18571889103803993,0.1818181818181818,0.034816247582205
EU Railways — Netherlands,seamless,13.0,79,0.0733980822256059,0.02434443617208335,0.053788826942769354,0.07617666021921335,0.12189831445150594,0.21718832424828552,0.1876208897485493,0.0502901353965183
EU Railways — Netherlands,seamless,13.0,80,0.07881543946814114,0.02001578815439463,0.06417794970986457,0.08963425356075257,0.1396905222437137,0.16590624644441912,0.3288201160541586,0.0483558994197292
EU Railways — Netherlands,seamless,13.0,81,0.07848620781251746,0.018500574284762882,0.06793170146068157,0.07983200802349737,0.12657962604771114,0.1764841541437286,0.1586073500967118,0.06963249516441
EU Railways — Netherlands,seamless,13.0,82,0.08003509310147437,0.01998211673506947,0.07219535783365569,0.09281310444874266,0.11339995701697825,0.16971162299982415,0.2456479690522243,0.0735009671179884
EU Railways — Netherlands,seamless,13.0,83,0.0772515891039286,0.021186805293147065,0.062746256895193,0.07648054386164518,0.13352030947775625,0.2212144238739983,0.206963249516441,0.0638297872340425
EU Railways — Netherlands,seamless,13.0,84,0.08730063713807892,0.020793972067686982,0.07390557770496979,0.09814520585797175,0.13738350624230697,0.23800773694390714,0.1818181818181818,0.0560928433268858
EU Railways — Netherlands,seamless,13.0,85,0.07881543946814114,0.020958587895498832,0.054849405913235665,0.07827611218568664,0.12341231463571883,0.25985654416505477,0.1876208897485493,0.0522243713733075
EU Railways — Netherlands,seamless,13.0,86,0.07042003224973709,0.021602086131490582,0.053559154051505006,0.06537590349180493,0.12582205029013535,0.15757868823632845,0.2321083172147001,0.0541586073500967
EU Railways — Netherlands,seamless,13.0,87,0.0821788401318422,0.01703025564089801,0.06375620216970813,0.08413170938104447,0.12076079948420372,0.19070760799484202,0.1760154738878143,0.0638297872340425
EU Railways — Netherlands,seamless,13.0,88,0.07349535521476742,0.02321083172146997,0.05199895289480951,0.07779610877232902,0.12009026434558347,0.18590909090909086,0.253384912959381,0.0522243713733075
EU Railways — Netherlands,seamless,13.0,89,0.07610676084687354,0.020232781745601152,0.050882885131340795,0.08629330050993489,0.11962370318269734,0.19710939179024278,0.1876208897485493,0.0483558994197292
EU Railways — Netherlands,seamless,13.0,90,0.07019929738971666,0.02016543890695085,0.06597711700488475,0.07287637008381688,0.09399005250069073,0.1657579787234042,0.1373307543520309,0.0735009671179884
EU Railways — Netherlands,seamless,13.0,91,0.07452794540740537,0.023637336366255195,0.06074124914207271,0.06926091825307945,0.15101547388781428,0.20966374051480427,0.1798839458413926,0.06963249516441
EU Railways — Netherlands,seamless,13.0,92,0.08933588737284355,0.0203412785412044,0.07145220401099457,0.0902661772463513,0.13439964291028114,0.25835952611218566,0.1682785299806576,0.0909090909090909
EU Railways — Netherlands,seamless,13.0,93,0.07786141592059524,0.02121673544365832,0.05604634726975145,0.09006922528759032,0.12130883301096065,0.17755595468361418,0.1992263056092843,0.0560928433268858
EU Railways — Netherlands,seamless,13.0,94,0.0853402122795924,0.01725473176973234,0.06321434851415503,0.09562012777680086,0.1217666021921341,0.18361540941328167,0.1334622823984526,0.058027079303675
EU Railways — Netherlands,seamless,13.0,95,0.06640939208123034,0.024176079075457595,0.046050934880722066,0.07733921663442936,0.09872893064382417,0.1659505388228792,0.3462282398452611,0.04642166344294
EU Railways — Netherlands,seamless,13.0,96,0.0742735391280598,0.023139747614005772,0.055755733628073983,0.06889443143642465,0.10966238790223315,0.1867680675224195,0.3365570599613153,0.0560928433268858
EU Railways — Netherlands,seamless,13.0,97,0.08089558492867263,0.020131767487625702,0.07567044801087348,0.08760827516609195,0.11862911025145063,0.23614789465853292,0.2108317214700193,0.0773694390715667
EU Railways — Netherlands,seamless,13.0,98,0.08251555432509372,0.021291560819936422,0.05603953761099004,0.08956831369790748,0.17243713733075433,0.23715667311411992,0.2437137330754352,0.0560928433268858
EU Railways — Netherlands,seamless,13.0,99,0.06783481549932835,0.02304621589365812,0.043981319088804434,0.0798390439347886,0.12189831445150594,0.21198420373952287,0.3713733075435203,0.0444874274661508
EU Railways — Netherlands,seamless,13.0,100,0.07405280426803938,0.02195750666881161,0.053633362235709976,0.07641472003174125,0.1529980657640232,0.1868992709418241,0.2224371373307543,0.0541586073500967
EU Railways — Netherlands,seamless,14.0,1,0.0697615689384897,0.021602086131490575,0.04952832737214047,0.07274540618955512,0.1037911025145067,0.2031237911025144,0.344294003868472,0.0502901353965183
EU Railways — Netherlands,seamless,14.0,2,0.06734096801589283,0.023034992087216415,0.04950248260184645,0.061208677685950355,0.11827852998065756,0.15847034171502258,0.2862669245647969,0.0406189555125725
EU Railways — Netherlands,seamless,14.0,3,0.06946974997100508,0.025466816816255015,0.04608292668558352,0.07160490685126741,0.11431334622823978,0.18905867182462927,0.379110251450677,0.04642166344294
EU Railways — Netherlands,seamless,14.0,4,0.08119862770259899,0.018874701166153432,0.06553245974882173,0.09031175332802364,0.11884268214055443,0.18845099935525467,0.1760154738878143,0.0444874274661508
EU Railways — Netherlands,seamless,14.0,5,0.08009121213368293,0.02184900987320834,0.06384489845261117,0.08742237605619459,0.1475822050290135,0.19640876853642808,0.1470019342359768,0.0541586073500967
EU Railways — Netherlands,seamless,14.0,6,0.07663802101844812,0.018369629876276182,0.06711798839458408,0.07452450032237264,0.1166344294003867,0.23070921985815598,0.1470019342359768,0.06963249516441
EU Railways — Netherlands,seamless,14.0,7,0.08268391142171946,0.020487188024946736,0.06296602536654504,0.06743289144690279,0.13355899419729203,0.17422630560928423,0.2282398452611218,0.0638297872340425
EU Railways — Netherlands,seamless,14.0,8,0.08175981802468482,0.023708420473719412,0.06289517741332504,0.09190165937086425,0.1606509124547977,0.1673476789168278,0.2088974854932301,0.0638297872340425
EU Railways — Netherlands,seamless,14.0,9,0.07728900179206767,0.018657707574946912,0.06388781431334618,0.07251219723433124,0.10579391594865475,0.2883462282398452,0.1760154738878143,0.0386847195357833
EU Railways — Netherlands,seamless,14.0,10,0.08395968408726125,0.01780843955419036,0.07264762771646376,0.09545454545454542,0.13738350624230697,0.17182169861086688,0.11605415860735,0.034816247582205
EU Railways — Netherlands,seamless,14.0,11,0.07591595613736435,0.020034494498464155,0.05787955283086904,0.06966787752983908,0.12382978723404248,0.25389264990328814,0.1682785299806576,0.0502901353965183
EU Railways — Netherlands,seamless,14.0,12,0.08307674464717954,0.021770443228116325,0.07017912707089391,0.08674242424242418,0.14489845261121853,0.21677949709864594,0.11605415860735,0.0251450676982591
EU Railways — Netherlands,seamless,14.0,13,0.07385451702090239,0.02032257219713489,0.05144443751169895,0.0892742009763286,0.12085458062247229,0.1560444874274661,0.2978723404255319,0.0522243713733075
EU Railways — Netherlands,seamless,14.0,14,0.08064117864932704,0.016143574932002386,0.07049333645078322,0.07277562862669244,0.11669245647969043,0.19812217923920047,0.1586073500967118,0.0715667311411992
EU Railways — Netherlands,seamless,14.0,15,0.08836315748122807,0.015627279835683423,0.07872340425531914,0.1123158756137479,0.13370778158012198,0.1957285622179239,0.1199226305609284,0.0831721470019342
EU Railways — Netherlands,seamless,14.0,16,0.0708240892816389,0.019162778864824162,0.06023361063641995,0.0708568253837606,0.13543520309477747,0.17463733075435198,0.3384912959381044,0.0444874274661508
EU Railways — Netherlands,seamless,14.0,17,0.08053642312253767,0.023644818903883015,0.0670197167280214,0.08804085742296171,0.12028184581376068,0.21968085106382979,0.2359767891682785,0.0676982591876208
EU Railways — Netherlands,seamless,14.0,18,0.09688950910811886,0.01859410600511053,0.07139804777113037,0.1034211798839458,0.17053053329649073,0.2809090909090909,0.1121856866537717,0.0715667311411992
EU Railways — Netherlands,seamless,14.0,19,0.08790672268593162,0.01769620148977319,0.07949709864603481,0.10676762792333387,0.11504405759724902,0.17899078393446347,0.1760154738878143,0.0541586073500967
EU Railways — Netherlands,seamless,14.0,20,0.07377969164462427,0.02251495572208354,0.051906158357771216,0.06558423845657886,0.1529980657640232,0.1803288201160541,0.2940038684719536,0.0522243713733075
EU Railways — Netherlands,seamless,14.0,21,0.07902495052171986,0.018418266370856962,0.06851063829787227,0.08067774862592637,0.1392972275950999,0.17152643455834946,0.1934235976789168,0.081237911025145
EU Railways — Netherlands,seamless,14.0,22,0.08117243882090162,0.01930494707975258,0.0669289607877615,0.09059823155567834,0.12463605823068304,0.13847747996684162,0.1295938104448742,0.0657640232108317
EU Railways — Netherlands,seamless,14.0,23,0.08724825937468424,0.018324734650509322,0.07635933806146566,0.09631615966238787,0.1195116054158607,0.1910783365570599,0.11605415860735,0.0541586073500967
EU Railways — Netherlands,seamless,14.0,24,0.07385077575208848,0.02384310615102002,0.060573165436387286,0.06941173997140689,0.1498232508503968,0.17854379662890293,0.2611218568665377,0.0406189555125725
EU Railways — Netherlands,seamless,14.0,25,0.08126222927243536,0.01896449161768718,0.06826241134751765,0.07684640587376146,0.10204476374689138,0.21097678916827844,0.253384912959381,0.06963249516441
EU Railways — Netherlands,seamless,14.0,26,0.07666420990014543,0.02239523512003855,0.06202169708182651,0.077622731878051,0.13625080593165692,0.20254674403610567,0.195357833655706,0.06963249516441
EU Railways — Netherlands,seamless,14.0,27,0.0834396477221284,0.01952942320858692,0.0636916275214147,0.06949797123369346,0.143753751750817,0.15256977065487703,0.2321083172147001,0.06963249516441
EU Railways — Netherlands,seamless,14.0,28,0.07710942088900019,0.021628275013187922,0.057872045122329296,0.07263897065007147,0.14011927788523532,0.19285076625502154,0.2321083172147001,0.058027079303675
EU Railways — Netherlands,seamless,14.0,29,0.07664176228726204,0.02068547527208372,0.061376766111160865,0.07631552844318797,0.1289361702127659,0.2011869175312115,0.2901353965183752,0.0618955512572533
EU Railways — Netherlands,seamless,14.0,30,0.08308422718480739,0.01973519299335171,0.07708866288138762,0.08675487954985048,0.12993602142538305,0.19732430689877492,0.2030947775628626,0.0793036750483559
EU Railways — Netherlands,seamless,14.0,31,0.08740165139605438,0.01888592497259515,0.07545535138620238,0.1073940566203622,0.15612149867469013,0.19763862024500317,0.11605415860735,0.0367504835589942
EU Railways — Netherlands,seamless,14.0,32,0.07166213349595374,0.02572122309560059,0.0442805315780863,0.07271518375241778,0.13350373031224091,0.19215828497743387,0.3829787234042553,0.0444874274661508
EU Railways — Netherlands,seamless,14.0,33,0.07855355065116774,0.022619711248872895,0.06304205403381787,0.07486795119773838,0.1252740167633784,0.2651353965183752,0.2379110251450677,0.0638297872340425
EU Railways — Netherlands,seamless,14.0,34,0.07446808510638289,0.02049841183138846,0.051452020202020145,0.06955038137294253,0.10170454545454542,0.22404255319148933,0.2765957446808511,0.0522243713733075
EU Railways — Netherlands,seamless,14.0,35,0.08382499840996066,0.019499493058075665,0.07782921647588545,0.09444279125130182,0.12471523748119488,0.19743713733075424,0.11605415860735,0.0328820116054158
EU Railways — Netherlands,seamless,14.0,36,0.0791933076183456,0.021564673443351532,0.06252894543275117,0.08520309477756285,0.14402321083172143,0.16214078474716767,0.2727272727272727,0.0638297872340425
EU Railways — Netherlands,seamless,14.0,37,0.07332699811814171,0.02483080111789107,0.049863465695756,0.09326644100580263,0.11355647128080056,0.21802063185041906,0.3268858800773694,0.0502901353965183
EU Railways — Netherlands,seamless,14.0,38,0.08352569690484822,0.02184152733558054,0.06803616788236108,0.10658158331030666,0.12337305796468453,0.27580823431887264,0.1818181818181818,0.0251450676982591
EU Railways — Netherlands,seamless,14.0,39,0.0735290266340926,0.021351421120958905,0.05292922007671373,0.07029189379286087,0.14704061895551257,0.21174676387442343,0.1895551257253385,0.0483558994197292
EU Railways — Netherlands,seamless,14.0,40,0.08003135183266044,0.01959302477842331,0.06293952630432827,0.07317214700193424,0.11465947266619153,0.2534816247582204,0.2901353965183752,0.0638297872340425
EU Railways — Netherlands,seamless,14.0,41,0.07423238517110683,0.021426246497237025,0.06267569310122495,0.07355469589512142,0.1302345261121856,0.1694970986460348,0.288201160541586,0.0638297872340425
EU Railways — Netherlands,seamless,14.0,42,0.08094422142325337,0.019997081810325102,0.06966473243068982,0.08114855773273898,0.11593546685422884,0.16549147177773865,0.1740812379110251,0.081237911025145
EU Railways — Netherlands,seamless,14.0,43,0.07470378504165895,0.02624500072954737,0.05729569632495158,0.07531431334622818,0.13799967762733717,0.2228820116054158,0.3075435203094777,0.058027079303675
EU Railways — Netherlands,seamless,14.0,44,0.07711316215781411,0.020049459573719782,0.0526388505111909,0.07452268047669554,0.1425822050290135,0.17958575112830427,0.1760154738878143,0.034816247582205
EU Railways — Netherlands,seamless,14.0,45,0.071968917538694,0.023251985678422935,0.046740606609325455,0.08284129084800973,0.12977341807129034,0.1828143133462282,0.3481624758220503,0.04642166344294
EU Railways — Netherlands,seamless,14.0,46,0.08117618008971553,0.018511798091204602,0.0700469743022934,0.09216036212087972,0.11383365570599609,0.1977607498884094,0.1179883945841392,0.09284332688588
EU Railways — Netherlands,seamless,14.0,47,0.0756278784386936,0.019630437466562355,0.06075704527091541,0.06776133209990741,0.16251450676982587,0.2209090909090909,0.1663442940038684,0.0541586073500967
EU Railways — Netherlands,seamless,14.0,48,0.08225366550812031,0.024681150365334855,0.08572182169861084,0.09266803675048349,0.14203739522888456,0.19166046719238203,0.1818181818181818,0.0251450676982591
EU Railways — Netherlands,seamless,14.0,49,0.07722914149104516,0.022137087571879085,0.05707832431506004,0.07862669245647969,0.13376623376623373,0.20539974210186973,0.3036750483558994,0.058027079303675
EU Railways — Netherlands,seamless,14.0,50,0.07674277654523746,0.022668347743453648,0.0686653771760154,0.1000967117988394,0.12648982223450306,0.17353320438426817,0.1760154738878143,0.0174081237911025
EU Railways — Netherlands,seamless,14.0,51,0.0706894036043383,0.019510716864517375,0.04751773049645388,0.06905002637594507,0.13737911025145064,0.21884671179883944,0.3056092843326886,0.0425531914893617
EU Railways — Netherlands,seamless,14.0,52,0.08096292776732292,0.02043855153036596,0.07057217718150263,0.07709418241333131,0.11333241226858243,0.17974693745970338,0.2707930367504835,0.0715667311411992
EU Railways — Netherlands,seamless,14.0,53,0.07585609583634184,0.02057323720766656,0.06608639587362988,0.07622416776952046,0.09785084891467863,0.18734687298517083,0.1895551257253385,0.0715667311411992
EU Railways — Netherlands,seamless,14.0,54,0.06632334289851051,0.030087283801428368,0.03765418397437927,0.08456675917360468,0.12963249516440997,0.17175324675324677,0.3984526112185687,0.0251450676982591
EU Railways — Netherlands,seamless,14.0,55,0.08784312111609524,0.020079389724231025,0.06590671275010303,0.09899890219039147,0.14729206963249514,0.24574468085106374,0.2688588007736944,0.0618955512572533
EU Railways — Netherlands,seamless,14.0,56,0.0823808686477931,0.017206095275151566,0.06493942787335842,0.08222229897761807,0.10960084403024441,0.23987163706699483,0.1682785299806576,0.0638297872340425
EU Railways — Netherlands,seamless,14.0,57,0.08407192215167841,0.016233365383536116,0.07456269447481285,0.08672026112185681,0.10770470664087682,0.17375241779497094,0.1760154738878143,0.0754352030947775
EU Railways — Netherlands,seamless,14.0,58,0.08081327701476672,0.01860532981155224,0.06644609589738365,0.10352558466678384,0.11543704522427918,0.17743851892788057,0.1818181818181818,0.0676982591876208
EU Railways — Netherlands,seamless,14.0,59,0.08053642312253768,0.017815922091818166,0.06939071566731135,0.08946808510638295,0.1085106382978723,0.15290135396518373,0.1760154738878143,0.0483558994197292
EU Railways — Netherlands,seamless,14.0,60,0.07321476005372453,0.020139250025253512,0.055690783039575704,0.06762600324595915,0.11926499032882007,0.19827991157778388,0.1663442940038684,0.0560928433268858
EU Railways — Netherlands,seamless,14.0,61,0.0725188840543381,0.018841029746828282,0.051544625587178726,0.08488658343590645,0.13930367504835586,0.14467394307819836,0.3365570599613153,0.0522243713733075
EU Railways — Netherlands,seamless,14.0,62,0.07122814631354071,0.02325572694723683,0.05308873307543517,0.07390393294648613,0.11094945757295431,0.2089238614383681,0.2727272727272727,0.0541586073500967
EU Railways — Netherlands,seamless,14.0,63,0.07820561265147452,0.019679073961143132,0.060737940331750735,0.08365570599613151,0.12869922630560923,0.17992539375518093,0.2785299806576402,0.0502901353965183
EU Railways — Netherlands,seamless,14.0,64,0.07099244637826464,0.018369629876276185,0.05266294813548645,0.06512864918357246,0.09277206556041934,0.16321727917472595,0.3636363636363636,0.0502901353965183
EU Railways — Netherlands,seamless,14.0,65,0.08075715798255811,0.01937603118721678,0.07203270617197115,0.09307839028583702,0.11580122005653912,0.18706906360223002,0.2108317214700193,0.0735009671179884
EU Railways — Netherlands,seamless,14.0,66,0.08064491991814095,0.020999741852451792,0.06670014382780336,0.08120337109698804,0.13360735009671176,0.1768651561204752,0.2978723404255319,0.0676982591876208
EU Railways — Netherlands,seamless,14.0,67,0.08008372959605514,0.018399560026787432,0.058255275682959115,0.10316626019678744,0.11529980657640224,0.22520148291424885,0.1702127659574468,0.0599613152804642
EU Railways — Netherlands,seamless,14.0,68,0.09452876848654443,0.01998211673506948,0.07446808510638295,0.10966427189831444,0.14922630560928427,0.2985364281108962,0.1663442940038684,0.0851063829787234
EU Railways — Netherlands,seamless,14.0,69,0.07660434959912295,0.023207090452656058,0.06505089580524781,0.08567053513862022,0.1562217923920051,0.18571566731141192,0.1818181818181818,0.0657640232108317
EU Railways — Netherlands,seamless,14.0,70,0.0827138415722307,0.018425748908484776,0.06684934450891893,0.07358156028368794,0.15090909090909088,0.17781270148291417,0.172147001934236,0.0676982591876208
EU Railways — Netherlands,seamless,14.0,71,0.07557924194411281,0.022013625701020195,0.06614907944695175,0.0743326885880077,0.12859152452962894,0.18078951995779846,0.2050290135396518,0.0676982591876208
EU Railways — Netherlands,seamless,14.0,72,0.07220461747397004,0.024561429763289865,0.047665100856590197,0.06721470019342353,0.13277321083172144,0.21617504835589935,0.3578336557059961,0.0483558994197292
EU Railways — Netherlands,seamless,14.0,73,0.07274710145198633,0.02093614028261539,0.05217706668909255,0.06809546836142573,0.1218931334622824,0.17315038684719533,0.3539651837524178,0.0522243713733075
EU Railways — Netherlands,seamless,14.0,74,0.07980687570382611,0.01799924426369954,0.05986126859200959,0.076936781024127,0.12200477870064853,0.2331237911025144,0.1818181818181818,0.0773694390715667
EU Railways — Netherlands,seamless,14.0,75,0.0768961685666076,0.021138168798566302,0.05695748523703991,0.07123195952983183,0.13567590801633347,0.1660817905498756,0.2862669245647969,0.058027079303675
EU Railways — Netherlands,seamless,14.0,76,0.07369364246190442,0.02084634983108165,0.06429000200093372,0.07215774768966256,0.1109606705351386,0.20014829142488716,0.2553191489361702,0.0657640232108317
EU Railways — Netherlands,seamless,14.0,77,0.08476031561343707,0.019735192993351712,0.06357528250025446,0.10003077193599431,0.11405222437137327,0.20668923275306253,0.11605415860735,0.0483558994197292
EU Railways — Netherlands,seamless,14.0,78,0.08096666903613683,0.02016918017576476,0.07382333978078658,0.09070599613152804,0.11396948205458839,0.18600442111080404,0.1276595744680851,0.0599613152804642
EU Railways — Netherlands,seamless,14.0,79,0.07530987058951165,0.024501569462267385,0.04990881458966559,0.07348081882656352,0.1108912364231513,0.2612185686653771,0.3365570599613153,0.0502901353965183
EU Railways — Netherlands,seamless,14.0,80,0.08312538114176034,0.018826064671572662,0.06693474498625668,0.08694390715667305,0.11998065764023208,0.22842520954223075,0.1489361702127659,0.0657640232108317
EU Railways — Netherlands,seamless,14.0,81,0.0703077941853199,0.026368462600406258,0.040314313346228196,0.08263279273917568,0.13984526112185686,0.1960509348807221,0.3849129593810445,0.0406189555125725
EU Railways — Netherlands,seamless,14.0,82,0.08135201972396909,0.019993340541511195,0.05705996131528039,0.08196324951644095,0.14736114948880905,0.2525628626692456,0.1760154738878143,0.034816247582205
EU Railways — Netherlands,seamless,14.0,83,0.08262779238951086,0.024920591569424805,0.06874681869082758,0.08833304026727619,0.15198889916743755,0.20646679561573175,0.1760154738878143,0.02321083172147
EU Railways — Netherlands,seamless,14.0,84,0.07430721054738496,0.020651803852758575,0.05553293291255211,0.0915580779802504,0.12021276595744676,0.18232591876208892,0.1934235976789168,0.0406189555125725
EU Railways — Netherlands,seamless,14.0,85,0.07530238805188384,0.023158453958075288,0.05539120870785446,0.07511786750483554,0.12775628626692453,0.1944390715667311,0.2940038684719536,0.0560928433268858
EU Railways — Netherlands,seamless,14.0,86,0.07943649009124946,0.021867716217277875,0.06009947499309199,0.0838859721838445,0.17658499892542442,0.18340788201160532,0.1682785299806576,0.0560928433268858
EU Railways — Netherlands,seamless,14.0,87,0.09603275854973448,0.017771026866051295,0.07660219213410698,0.10666505480335262,0.14348807221147641,0.21243713733075434,0.2649903288201161,0.0773694390715667
EU Railways — Netherlands,seamless,14.0,88,0.07431095181619884,0.026776260901121958,0.055445727614062974,0.08054783204384264,0.11500967117988387,0.22223162475822045,0.2572533849129594,0.0560928433268858
EU Railways — Netherlands,seamless,14.0,89,0.07229066665668984,0.02046848168087721,0.06240960496279638,0.06899910098891213,0.11346228239845256,0.18299806576402314,0.2050290135396518,0.0638297872340425
EU Railways — Netherlands,seamless,14.0,90,0.0743483645043379,0.025661362794578098,0.05165809834062908,0.07310375794418347,0.13195357833655702,0.20743192977235528,0.288201160541586,0.0522243713733075
EU Railways — Netherlands,seamless,14.0,91,0.08331618585126949,0.020030753229650262,0.06590400081441512,0.0924476877088095,0.12486137975499673,0.20749838813668597,0.3172147001934236,0.058027079303675
EU Railways — Netherlands,seamless,14.0,92,0.07781277942601449,0.027644235265948044,0.07507889646747425,0.08663765312701477,0.15090909090909088,0.18571302971689813,0.1934235976789168,0.0870406189555125
EU Railways — Netherlands,seamless,14.0,93,0.07879673312407161,0.019622954928934556,0.06301378143133456,0.0820236943907156,0.15477756286266917,0.19328658929722756,0.1760154738878143,0.0638297872340425
EU Railways — Netherlands,seamless,14.0,94,0.07711316215781414,0.02094362282024321,0.07180851063829785,0.088384912959381,0.11117558564367072,0.19581990113905007,0.2050290135396518,0.0735009671179884
EU Railways — Netherlands,seamless,14.0,95,0.08093673888562558,0.01971648664928219,0.07343502725514331,0.08901630284609004,0.10169245647969048,0.18119761444229526,0.1605415860735009,0.034816247582205
EU Railways — Netherlands,seamless,14.0,96,0.07086524323859186,0.022720725506848345,0.058938706915686305,0.06545225491194134,0.12001934235976786,0.2249939555125725,0.2263056092843327,0.0599613152804642
EU Railways — Netherlands,seamless,14.0,97,0.08139691494973597,0.0210670846911021,0.06714983252347023,0.07856826241134751,0.11297012679991399,0.208733075435203,0.3152804642166344,0.0676982591876208
EU Railways — Netherlands,seamless,14.0,98,0.07789882860873429,0.021654463894885272,0.06615375732555787,0.08139909735654409,0.13654324399005244,0.16207822909950564,0.2437137330754352,0.0560928433268858
EU Railways — Netherlands,seamless,14.0,99,0.07151996528102533,0.021923835249486455,0.05138418762088969,0.08596470019342356,0.09860235851999741,0.1461798839458414,0.3075435203094777,0.0522243713733075
EU Railways — Netherlands,seamless,14.0,100,0.06764775205863306,0.028433642985682125,0.03808552686906059,0.06748238463663987,0.11397485493230171,0.18412314635718882,0.3210831721470019,0.0309477756286266
EU Railways — Netherlands,seamless,15.0,1,0.08036058348828415,0.018298545768811982,0.06445556946182725,0.08285481141199222,0.11044487427466149,0.2134590586718246,0.1411992263056093,0.0599613152804642
EU Railways — Netherlands,seamless,15.0,2,0.07305388549472658,0.023846847419833908,0.057854016084699124,0.07031965794563774,0.14900870406189548,0.20940522243713725,0.1818181818181818,0.02321083172147
EU Railways — Netherlands,seamless,15.0,3,0.08259037970137185,0.019207674090591036,0.0583826373876436,0.09262352734306305,0.1422162600611468,0.1999925606308585,0.1295938104448742,0.0599613152804642
EU Railways — Netherlands,seamless,15.0,4,0.07398920269820299,0.026271189611244694,0.053739193936762304,0.06890715667311405,0.12292714377820757,0.24097126277977338,0.3771760154738878,0.0541586073500967
EU Railways — Netherlands,seamless,15.0,5,0.07009828313174121,0.02102218946533522,0.05293473237363274,0.069441320678332,0.11609284332688577,0.20398667526327094,0.1876208897485493,0.0444874274661508
EU Railways — Netherlands,seamless,15.0,6,0.07738627478122923,0.01923386297228837,0.05167073136545842,0.08706606942889131,0.12794970986460344,0.19937137330754345,0.2591876208897485,0.0522243713733075
EU Railways — Netherlands,seamless,15.0,7,0.08447972045239414,0.01888966624140906,0.07356483340024086,0.0831030671456203,0.13017408123791097,0.1940876853642811,0.2030947775628626,0.0754352030947775
EU Railways — Netherlands,seamless,15.0,8,0.08375391430249647,0.018085293446419373,0.061032424450406554,0.10301131395564501,0.13685598733954626,0.1961895551257253,0.1760154738878143,0.058027079303675
EU Railways — Netherlands,seamless,15.0,9,0.07262738084994137,0.02405635847341262,0.06143744273643483,0.07347726324572382,0.13181818181818175,0.17931111441749734,0.1876208897485493,0.0735009671179884
EU Railways — Netherlands,seamless,15.0,10,0.07022548627141399,0.022062262195600965,0.054859546075630365,0.062469777562862594,0.10539550035630656,0.17737687844070815,0.1972920696324951,0.0560928433268858
EU Railways — Netherlands,seamless,15.0,11,0.07116454474370427,0.02701570210521192,0.03281255009243718,0.07699965866423934,0.17416413373860176,0.20909970107262169,0.3481624758220503,0.0328820116054158
EU Railways — Netherlands,seamless,15.0,12,0.07476738661149535,0.020266453164926302,0.048217739707101394,0.06913728414625614,0.10784244768770877,0.2851627981947131,0.1760154738878143,0.0483558994197292
EU Railways — Netherlands,seamless,15.0,13,0.08368657146384614,0.015952770222493206,0.07035783365570596,0.09956479690522237,0.12314313346228235,0.18137088974854929,0.11605415860735,0.04642166344294
EU Railways — Netherlands,seamless,15.0,14,0.0779137936839899,0.021111979916868966,0.06845541077064025,0.08196324951644095,0.11044487427466149,0.16809961315280458,0.2688588007736944,0.06963249516441
EU Railways — Netherlands,seamless,15.0,15,0.07355147424697604,0.023547545914721475,0.0514709811171548,0.06887027505491257,0.13744680851063826,0.22923597678916824,0.3481624758220503,0.0522243713733075
EU Railways — Netherlands,seamless,15.0,16,0.0809479626920673,0.02043106899273815,0.06308833010960664,0.06563737680758955,0.16107350096711792,0.21795615731785942,0.206963249516441,0.0657640232108317
EU Railways — Netherlands,seamless,15.0,17,0.07828417929656656,0.01990355008997746,0.07194551901998708,0.08382390042889579,0.13066408768536422,0.18125241779497095,0.2978723404255319,0.0425531914893617
EU Railways — Netherlands,seamless,15.0,18,0.08333489219533906,0.0204011388422269,0.05978825206148833,0.08521000276319425,0.14131528046421662,0.27523487151146725,0.1663442940038684,0.0599613152804642
EU Railways — Netherlands,seamless,15.0,19,0.08094048015443951,0.018725050413597216,0.06973995271867607,0.09108067635864477,0.09861895551257245,0.23073017408123786,0.1876208897485493,0.0541586073500967
EU Railways — Netherlands,seamless,15.0,20,0.07657441944861171,0.019918515165233082,0.0722823984526112,0.08203798136099871,0.11733075435203087,0.15441005802707924,0.1934235976789168,0.0735009671179884
EU Railways — Netherlands,seamless,15.0,21,0.07455787555791665,0.023229538065539502,0.05315540286959782,0.07719817859445514,0.15090909090909088,0.27604771115409416,0.2553191489361702,0.0541586073500967
EU Railways — Netherlands,seamless,15.0,22,0.07796991271619848,0.019342359767891622,0.06135085262011154,0.08487732871831415,0.13748791102514502,0.16719397623652937,0.1663442940038684,0.0618955512572533
EU Railways — Netherlands,seamless,15.0,23,0.07640606235198599,0.020618132433433425,0.06283043197936808,0.07125155429676704,0.14702611218568665,0.20534890641273618,0.2147001934235976,0.0715667311411992
EU Railways — Netherlands,seamless,15.0,24,0.07074552263654686,0.020996000583637882,0.05530705996131523,0.08049059257956738,0.11610251450676971,0.15481141199226298,0.2088974854932301,0.0560928433268858
EU Railways — Netherlands,seamless,15.0,25,0.08085443097171967,0.02009061353067275,0.0757246325657569,0.08358854502471522,0.11571745827064966,0.1537959381044487,0.2611218568665377,0.0773694390715667
EU Railways — Netherlands,seamless,15.0,26,0.07138527960372473,0.02582597862238994,0.04821859254483367,0.077875664893617,0.1069632495164409,0.219191247582205,0.3075435203094777,0.0483558994197292
EU Railways — Netherlands,seamless,15.0,27,0.08320768905566624,0.020105578605928362,0.06635748197643745,0.09160365746439243,0.11755319148936162,0.1750085333940152,0.2495164410058027,0.0676982591876208
EU Railways — Netherlands,seamless,15.0,28,0.07805970316773224,0.019888585014721842,0.0592186114109236,0.07455763306827133,0.10776918117343645,0.20931334622823977,0.3481624758220503,0.0599613152804642
EU Railways — Netherlands,seamless,15.0,29,0.0661998810276516,0.021426246497237025,0.0520941824133313,0.06693514264990323,0.10120889748549318,0.16214700193423592,0.1934235976789168,0.0406189555125725
EU Railways — Netherlands,seamless,15.0,30,0.07377595037581035,0.01973519299335172,0.055211216431388,0.0701160541586073,0.09802892143317668,0.19639748549323013,0.3249516441005802,0.0560928433268858
EU Railways — Netherlands,seamless,15.0,31,0.06315074694431862,0.028901301587420308,0.03741057996377143,0.06457124435847836,0.10816775101107787,0.18303079898824573,0.3945841392649903,0.0290135396518375
EU Railways — Netherlands,seamless,15.0,32,0.0831889827115967,0.020850091099895558,0.07369296848333143,0.07875967117988393,0.13736943907156668,0.23848438795247304,0.2611218568665377,0.0754352030947775
EU Railways — Netherlands,seamless,15.0,33,0.08718091653603396,0.01948452798282004,0.05987339546333742,0.09073807614285039,0.15031989287308434,0.22246937459703411,0.1566731141199226,0.0909090909090909
EU Railways — Netherlands,seamless,15.0,34,0.06700425382264133,0.02419852668834103,0.041960097032390425,0.0750085333940152,0.11810444874274655,0.18881904147861595,0.3481624758220503,0.0425531914893617
EU Railways — Netherlands,seamless,15.0,35,0.07493948497693499,0.019462080369936605,0.05214509940704565,0.07342485135038326,0.10563829787234036,0.1799564796905222,0.1992263056092843,0.0735009671179884
EU Railways — Netherlands,seamless,15.0,36,0.07603941800822321,0.023742091893044555,0.05709512924213111,0.0856417518651561,0.14757145927358692,0.22369439071566727,0.3152804642166344,0.058027079303675
EU Railways — Netherlands,seamless,15.0,37,0.0756877387397161,0.019854913595396685,0.06214024376034109,0.07295071033148802,0.15309477756286263,0.18509026434558343,0.1586073500967118,0.0638297872340425
EU Railways — Netherlands,seamless,15.0,38,0.08005754071435779,0.019170261402451972,0.068652651939326,0.08052827250119315,0.13220042368978535,0.2055488394584139,0.1470019342359768,0.081237911025145
EU Railways — Netherlands,seamless,15.0,39,0.06822390745597454,0.022529920797339155,0.04415223316335496,0.06875963020030809,0.10809155383623464,0.19485669069808334,0.3384912959381044,0.0444874274661508
EU Railways — Netherlands,seamless,15.0,40,0.07878176804881598,0.019607989853678925,0.06796456703949758,0.09153620647969049,0.151063829787234,0.1794366537717601,0.1315280464216634,0.06963249516441
EU Railways — Netherlands,seamless,15.0,41,0.08727070698756768,0.017976796650816106,0.07744550453132806,0.10071215051872688,0.1339748549323017,0.1622005653920547,0.1586073500967118,0.0793036750483559
EU Railways — Netherlands,seamless,15.0,42,0.06940988966998259,0.020315089659507075,0.049145156628648885,0.0690555213645155,0.10551901998710501,0.18325127483734827,0.2495164410058027,0.0444874274661508
EU Railways — Netherlands,seamless,15.0,43,0.07660060833030906,0.01991103262760527,0.0557663640059628,0.07461644979778438,0.10040720757406082,0.22652804642166344,0.2940038684719536,0.0560928433268858
EU Railways — Netherlands,seamless,15.0,44,0.07234678568889844,0.024621290064312355,0.053582311014546496,0.07473786012419827,0.12111218568665376,0.17439900525006902,0.2804642166344294,0.0541586073500967
EU Railways — Netherlands,seamless,15.0,45,0.06390648324472753,0.026301119761755965,0.033849129593810395,0.061694068343004435,0.1027079303675048,0.2060142649903288,0.3152804642166344,0.0328820116054158
EU Railways — Netherlands,seamless,15.0,46,0.07520137379390839,0.027618046384250704,0.03856882523138891,0.08085723692333012,0.15149903288201158,0.20285990605139534,0.4661508704061896,0.0386847195357833
EU Railways — Netherlands,seamless,15.0,47,0.0779399825656872,0.019911032627605275,0.06791909715347469,0.09060686653771759,0.12274661508704057,0.17487427466150865,0.2437137330754352,0.06963249516441
EU Railways — Netherlands,seamless,15.0,48,0.06634953178020786,0.01893830273598984,0.051702127659574416,0.05933488658343588,0.08445357833655705,0.16004044311587828,0.288201160541586,0.0522243713733075
EU Railways — Netherlands,seamless,15.0,49,0.08301314307734316,0.018246168005417306,0.06846177338898496,0.09256887448376803,0.12801418439716308,0.22358961960025786,0.11605415860735,0.0425531914893617
EU Railways — Netherlands,seamless,15.0,50,0.08637654374104424,0.0216058274003045,0.07080685272174629,0.08890950912227503,0.1383704061895551,0.23322050290135388,0.1682785299806576,0.06963249516441
EU Railways — Netherlands,seamless,15.0,51,0.07040506717448147,0.02306118096891376,0.03827619555792698,0.08217542336083364,0.13543520309477747,0.21789859077093118,0.2205029013539652,0.0386847195357833
EU Railways — Netherlands,seamless,15.0,52,0.0710373416040315,0.021018448196521315,0.05500828958275763,0.07760341923004926,0.10411992263056086,0.14838434406644666,0.2321083172147001,0.0560928433268858
EU Railways — Netherlands,seamless,15.0,53,0.07593092121261996,0.021362644927400632,0.05531808029750895,0.07289341863809948,0.1099353682124829,0.15437137330754347,0.3462282398452611,0.0560928433268858
EU Railways — Netherlands,seamless,15.0,54,0.07658564325505343,0.019151555058382442,0.05367833787286673,0.08596511705462546,0.10077369439071561,0.18389748549323004,0.2804642166344294,0.0541586073500967
EU Railways — Netherlands,seamless,15.0,55,0.083851187291658,0.018111482328116706,0.06504919687158352,0.10116387647568861,0.1174899568516589,0.20145067698259178,0.1605415860735009,0.0560928433268858
EU Railways — Netherlands,seamless,15.0,56,0.07284437444114789,0.019881102477094025,0.057446808510638235,0.06343414805697198,0.11539651837524169,0.20787829192084506,0.2166344294003868,0.0599613152804642
EU Railways — Netherlands,seamless,15.0,57,0.07318108863439939,0.019390996262472406,0.05272378476075717,0.057620889748549266,0.12000552638850508,0.22317859445519014,0.2340425531914893,0.0541586073500967
EU Railways — Netherlands,seamless,15.0,58,0.07236549203296797,0.022271773249179682,0.04922789104860953,0.07100045810852078,0.12770102238187342,0.17200999355254676,0.2649903288201161,0.04642166344294
EU Railways — Netherlands,seamless,15.0,59,0.08357433339942899,0.016510219275765133,0.07056444522595388,0.08835768095286567,0.1115387180684319,0.17861863313990967,0.1334622823984526,0.0889748549323017
EU Railways — Netherlands,seamless,15.0,60,0.07846001893082011,0.016757143017482892,0.06299606483025405,0.08191143962420552,0.14704061895551257,0.21000967117988387,0.195357833655706,0.0657640232108317
EU Railways — Netherlands,seamless,15.0,61,0.07278825540893928,0.02588958019222635,0.04959405684436171,0.07540675844806001,0.13736943907156668,0.15653610573823337,0.3017408123791102,0.0502901353965183
EU Railways — Netherlands,seamless,15.0,62,0.06541047330791758,0.0179693141131883,0.05153978223545514,0.055893208879740135,0.09371760154738872,0.18637975499677623,0.2088974854932301,0.0560928433268858
EU Railways — Netherlands,seamless,15.0,63,0.08532524720433682,0.020865056175151185,0.07640232108317209,0.08872473821116517,0.14515059408676428,0.22343326885880074,0.1431334622823984,0.0889748549323017
EU Railways — Netherlands,seamless,15.0,64,0.07691113364186321,0.02055453086359703,0.06357528250025446,0.08246719955256224,0.12803504380475592,0.2611943907156673,0.1586073500967118,0.0831721470019342
EU Railways — Netherlands,seamless,15.0,65,0.08334985727059467,0.017954349037932672,0.07069632495164406,0.08703094777562856,0.12738555770470664,0.1536363636363636,0.11605415860735,0.0406189555125725
EU Railways — Netherlands,seamless,15.0,66,0.08051397550965426,0.017598928500611642,0.06488100243881924,0.07630560928433264,0.12553191489361698,0.23987427466150862,0.2166344294003868,0.0657640232108317
EU Railways — Netherlands,seamless,15.0,67,0.07624892906180193,0.02045725787443548,0.058408346972176714,0.06721470019342353,0.11370889748549319,0.21968085106382979,0.1914893617021276,0.0560928433268858
EU Railways — Netherlands,seamless,15.0,68,0.07098870510945073,0.021385092540284072,0.05153652809813915,0.057088405961997886,0.13156949433545173,0.165884912959381,0.2959381044487427,0.0522243713733075
EU Railways — Netherlands,seamless,15.0,69,0.0814156212938055,0.019289982004496956,0.06254649605713429,0.08226125680356254,0.13546905222437128,0.20517408123791095,0.1914893617021276,0.0502901353965183
EU Railways — Netherlands,seamless,15.0,70,0.07224951269973691,0.02433695363445554,0.05585106382978716,0.06757442090861907,0.13474371373307537,0.2310796553543168,0.1566731141199226,0.0676982591876208
EU Railways — Netherlands,seamless,15.0,71,0.07989666615535986,0.022417682732921985,0.06966623183842377,0.08733699382292374,0.14388957270968872,0.2360031651134165,0.1489361702127659,0.0715667311411992
EU Railways — Netherlands,seamless,15.0,72,0.07451672160096366,0.02022155793915943,0.051668792954442516,0.07161962040618952,0.13354517822602927,0.2160090264345583,0.3210831721470019,0.0483558994197292
EU Railways — Netherlands,seamless,15.0,73,0.0731212283333769,0.023049957162472025,0.0592999772442826,0.08097510722395082,0.13156673114119918,0.16691765681127377,0.2611218568665377,0.0599613152804642
EU Railways — Netherlands,seamless,15.0,74,0.0883107797178334,0.01927127566042742,0.07013353219454214,0.10461798839458405,0.15529497098646028,0.27111292962356787,0.1586073500967118,0.0715667311411992
EU Railways — Netherlands,seamless,15.0,75,0.0862119279132324,0.017838369704701602,0.06666520133638117,0.08781225564838054,0.14317214700193417,0.20463525835866256,0.1334622823984526,0.0618955512572533
EU Railways — Netherlands,seamless,15.0,76,0.07264234592519699,0.020659286390386368,0.04753443173079162,0.07440075410719092,0.12769825918762087,0.26730262001055033,0.3191489361702128,0.0483558994197292
EU Railways — Netherlands,seamless,15.0,77,0.06495403851262108,0.02179663210981368,0.05116658607350091,0.059598646034816224,0.1011605415860734,0.1803526260973069,0.3230174081237911,0.0406189555125725
EU Railways — Netherlands,seamless,15.0,78,0.0826913939593473,0.016528925619834656,0.07343734093454138,0.08230808256968,0.09819471308833,0.20376370083816886,0.1450676982591876,0.0735009671179884
EU Railways — Netherlands,seamless,15.0,79,0.08566944393521612,0.02178540830337195,0.07965183752417794,0.0885815602836879,0.131600580270793,0.2159574468085106,0.1431334622823984,0.081237911025145
EU Railways — Netherlands,seamless,15.0,80,0.07914467112376485,0.01864274249969129,0.05648341020681439,0.08603811860168888,0.1118310767246937,0.21539329464861373,0.1605415860735009,0.0483558994197292
EU Railways — Netherlands,seamless,15.0,81,0.08505587584973559,0.01872505041359721,0.06798839458413919,0.08947426831975137,0.14159816247582205,0.1950825769974706,0.1760154738878143,0.0657640232108317
EU Railways — Netherlands,seamless,15.0,82,0.08247814163695467,0.020311348390693172,0.07334826427771557,0.09129084800977295,0.12687206410610663,0.17053053329649073,0.11605415860735,0.034816247582205
EU Railways — Netherlands,seamless,15.0,83,0.08698637055771084,0.019574318434353775,0.0651502752566582,0.09506769825918758,0.14134429400386847,0.21739603481624753,0.11605415860735,0.0522243713733075
EU Railways — Netherlands,seamless,15.0,84,0.07848994908133135,0.020838867293453862,0.07163784275799293,0.0749866001724499,0.11649903288201151,0.20964095744680844,0.1760154738878143,0.0406189555125725
EU Railways — Netherlands,seamless,15.0,85,0.08169995772366231,0.022163276453576426,0.057494344818542376,0.09897689097017197,0.13115501519756834,0.26706963249516436,0.2205029013539652,0.058027079303675
EU Railways — Netherlands,seamless,15.0,86,0.07773421278092245,0.022320409743760445,0.0610549720710786,0.07341727421514656,0.12099290780141841,0.15598404255319143,0.2050290135396518,0.0618955512572533
EU Railways — Netherlands,seamless,15.0,87,0.0750105690843992,0.017782250672493026,0.058994197292069596,0.07421767062724507,0.10591323570046968,0.1657579787234042,0.1856866537717601,0.04642166344294
EU Railways — Netherlands,seamless,15.0,88,0.07769680009278337,0.02139257507791187,0.0638689947200585,0.08612722974425098,0.10591323570046968,0.20185364281108958,0.1818181818181818,0.0290135396518375
EU Railways — Netherlands,seamless,15.0,89,0.06624477625341849,0.024565171032103775,0.04416149267448192,0.06044487427466148,0.13762088974854925,0.1866900386847195,0.3481624758220503,0.0444874274661508
EU Railways — Netherlands,seamless,15.0,90,0.07463644220300863,0.01986613740183841,0.07020729170468226,0.07502986687905332,0.12217117988394582,0.15118817352859903,0.1682785299806576,0.0715667311411992
EU Railways — Netherlands,seamless,15.0,91,0.08063369611169924,0.0189158551231064,0.07587480218041141,0.09140098712732606,0.10232108317214697,0.21097678916827844,0.11605415860735,0.02321083172147
EU Railways — Netherlands,seamless,15.0,92,0.08764109260014431,0.0206031673581778,0.08996883730926282,0.09876116791010399,0.12931979368149574,0.2209477756286267,0.1199226305609284,0.1005802707930367
EU Railways — Netherlands,seamless,15.0,93,0.08342842391568671,0.019664108885887502,0.07810031449791072,0.09028737220226579,0.12401969403903633,0.1504593810444874,0.2456479690522243,0.0793036750483559
EU Railways — Netherlands,seamless,15.0,94,0.08186083228266026,0.016966654071061606,0.0662855084006523,0.08756533190666277,0.12852393617021274,0.16068665377176006,0.1934235976789168,0.0676982591876208
EU Railways — Netherlands,seamless,15.0,95,0.08766354021302776,0.01847064413425164,0.0705996131528046,0.09711476466795613,0.151132096939356,0.2078129317491019,0.11605415860735,0.0657640232108317
EU Railways — Netherlands,seamless,15.0,96,0.08270635903460291,0.018769945639364075,0.07746303113495973,0.0915031776733904,0.1298555011946751,0.1659505388228792,0.1179883945841392,0.081237911025145
EU Railways — Netherlands,seamless,15.0,97,0.07814201108163814,0.017939383962677045,0.06525848426235271,0.08546905222437136,0.11519019987105086,0.167666021921341,0.1528046421663443,0.0715667311411992
EU Railways — Netherlands,seamless,15.0,98,0.07336066953746684,0.024273352064619152,0.055800760712941135,0.06566731141199224,0.1288477479966841,0.18893455834945197,0.2862669245647969,0.0560928433268858
EU Railways — Netherlands,seamless,15.0,99,0.07579997680413328,0.019188967746521506,0.05917003692632316,0.08117095670287153,0.10642166344293998,0.2026837524177949,0.1663442940038684,0.0483558994197292
EU Railways — Netherlands,seamless,15.0,100,0.06252969632121029,0.02726636711574358,0.041728869445562276,0.07572533849129588,0.13386121856866534,0.16993874919406832,0.2862669245647969,0.0425531914893617
EU Railways — Netherlands,seamless,16.0,1,0.07507042938542167,0.02074159430429231,0.06232154370452235,0.08562329086907221,0.103207607994842,0.19038523533204382,0.2591876208897485,0.0560928433268858
EU Railways — Netherlands,seamless,16.0,2,0.07550815783664863,0.02358869987167442,0.059172653587547176,0.07448273840923741,0.1375241779497098,0.190149212489638,0.3230174081237911,0.0599613152804642
EU Railways — Netherlands,seamless,16.0,3,0.08300940180852925,0.022099674883740025,0.06365672401506663,0.10303433268858797,0.13467489956851653,0.20239743459228338,0.1663442940038684,0.0638297872340425
EU Railways — Netherlands,seamless,16.0,4,0.07573637523429687,0.02219694787290157,0.05686259029724068,0.08886495516089322,0.11647324306898765,0.17919487427466144,0.2823984526112186,0.058027079303675
EU Railways — Netherlands,seamless,16.0,5,0.07147881132407236,0.019252569316357895,0.058717877866814,0.06769093253619357,0.09434235976789163,0.18107350096711797,0.1837524177949709,0.0425531914893617
EU Railways — Netherlands,seamless,16.0,6,0.07023671007785572,0.02143747030367874,0.055897559886921515,0.05800693101225011,0.11610251450676971,0.25563904180925456,0.230174081237911,0.058027079303675
EU Railways — Netherlands,seamless,16.0,7,0.07554931179360161,0.01843697271492649,0.05765006720650422,0.08417764268828097,0.09651837524177946,0.1499758220502901,0.1702127659574468,0.0560928433268858
EU Railways — Netherlands,seamless,16.0,8,0.06646176984462501,0.026095349976991138,0.050310283687943186,0.08744680851063823,0.10336879432624109,0.21507092198581554,0.2998065764023211,0.0406189555125725
EU Railways — Netherlands,seamless,16.0,9,0.07278451414012539,0.021568414712165425,0.06472437137330751,0.07576764990328815,0.12587040618955508,0.17822775628626686,0.2011605415860735,0.0657640232108317
EU Railways — Netherlands,seamless,16.0,10,0.07326339654830531,0.02394786167780936,0.05916315163943974,0.07155724959229337,0.1123791102514506,0.2486218568665377,0.3191489361702128,0.0599613152804642
EU Railways — Netherlands,seamless,16.0,11,0.06687705068296855,0.02200614316339239,0.040197391261221,0.06677143778207603,0.1112804642166344,0.2249939555125725,0.3481624758220503,0.0406189555125725
EU Railways — Netherlands,seamless,16.0,12,0.08468923150597284,0.016644904953065726,0.0719853344496088,0.08634110157555722,0.1416441005802708,0.17516265166168452,0.1740812379110251,0.0870406189555125
EU Railways — Netherlands,seamless,16.0,13,0.06621484610290726,0.02257481602310603,0.05022969052224364,0.06450676982591871,0.10021491510853207,0.1540688035368886,0.2088974854932301,0.0638297872340425
EU Railways — Netherlands,seamless,16.0,14,0.08525416309687261,0.02009435479948664,0.07365366995826123,0.089458413926499,0.15441420281845808,0.20728314238952533,0.1876208897485493,0.0793036750483559
EU Railways — Netherlands,seamless,16.0,15,0.07625641159942975,0.021725548002349465,0.05202686136159311,0.0731114334837739,0.10590300164768243,0.21175901695300942,0.2707930367504835,0.0522243713733075
EU Railways — Netherlands,seamless,16.0,16,0.07489833101998203,0.019997081810325095,0.05471242705285255,0.06708575112830426,0.1305257605064181,0.21866537717601545,0.2920696324951644,0.0541586073500967
EU Railways — Netherlands,seamless,16.0,17,0.08159520219687298,0.02131400843281986,0.055609284332688524,0.08846711798839453,0.1540812379110251,0.22446808510638294,0.2340425531914893,0.0560928433268858
EU Railways — Netherlands,seamless,16.0,18,0.07024045134666962,0.02550048823558016,0.0440917882890803,0.08210611921927197,0.09690522243713728,0.19960436082292946,0.3810444874274661,0.0444874274661508
EU Railways — Netherlands,seamless,16.0,19,0.07681760192151557,0.020019529423208535,0.061315280464216575,0.08483773909305824,0.1222114764667956,0.18970019342359765,0.218568665377176,0.0618955512572533
EU Railways — Netherlands,seamless,16.0,20,0.0851307012260137,0.019847431057768882,0.07823475516644608,0.1050028207607994,0.13474371373307537,0.15810620713908916,0.11605415860735,0.0328820116054158
EU Railways — Netherlands,seamless,16.0,21,0.08116495628327382,0.021104497379241152,0.06831139935019777,0.07693121373307539,0.11185686653771755,0.2632414571244358,0.2940038684719536,0.06963249516441
EU Railways — Netherlands,seamless,16.0,22,0.07765938740464431,0.02387303630153126,0.05917003692632316,0.061861283297034594,0.1127949709864603,0.28694390715667306,0.2205029013539652,0.0618955512572533
EU Railways — Netherlands,seamless,16.0,23,0.08198803542233302,0.019203932821777125,0.06099422360820532,0.09169388337508319,0.10309477756286257,0.1799564796905222,0.2823984526112186,0.0618955512572533
EU Railways — Netherlands,seamless,16.0,24,0.08117243882090164,0.019824983444885445,0.06504791294461586,0.07325918762088975,0.1204169353105523,0.2583655705996131,0.2282398452611218,0.0657640232108317
EU Railways — Netherlands,seamless,16.0,25,0.08220128774472565,0.020966070433126635,0.06329787234042547,0.09151188362788476,0.17284010315925208,0.2021518375241779,0.1392649903288201,0.09284332688588
EU Railways — Netherlands,seamless,16.0,26,0.07157982558204781,0.023154712689261378,0.05340640447023423,0.076471400939486,0.1050290135396517,0.2108679883945841,0.3210831721470019,0.0541586073500967
EU Railways — Netherlands,seamless,16.0,27,0.08561332490300752,0.02352883957065193,0.07633562329086901,0.09262352734306305,0.14202980998975992,0.21193786266924564,0.1624758220502901,0.0909090909090909
EU Railways — Netherlands,seamless,16.0,28,0.07319231244084111,0.022634676324128522,0.05760078387458001,0.06628212213318593,0.1451402321083172,0.16078873844831287,0.2920696324951644,0.058027079303675
EU Railways — Netherlands,seamless,16.0,29,0.07716179865239488,0.021863974948463965,0.059070049683316236,0.10763217279174722,0.1336194390715667,0.15626208897485488,0.2940038684719536,0.0599613152804642
EU Railways — Netherlands,seamless,16.0,30,0.0821563925189588,0.020887503788034615,0.06134147324306893,0.09765876853642806,0.14729206963249514,0.27153449387491935,0.2108317214700193,0.0386847195357833
EU Railways — Netherlands,seamless,16.0,31,0.07125433519523802,0.022024849507461905,0.05714267535376152,0.07055643824260842,0.12601547388781426,0.17879939209726436,0.2901353965183752,0.058027079303675
EU Railways — Netherlands,seamless,16.0,32,0.06804432655290707,0.02567258660101983,0.046008677923571495,0.06861702127659566,0.11327183454843025,0.2097001934235976,0.3558994197292069,0.04642166344294
EU Railways — Netherlands,seamless,16.0,33,0.07941778374717992,0.018523021897646312,0.06490052500690796,0.0711979149591843,0.12551982591876207,0.16733213594915716,0.1450676982591876,0.0657640232108317
EU Railways — Netherlands,seamless,16.0,34,0.08880462720126896,0.018882183703781245,0.06918991574599213,0.10364281108961955,0.17604184983295232,0.23024661508704056,0.11605415860735,0.0309477756286266
EU Railways — Netherlands,seamless,16.0,35,0.07026664022836697,0.020786489530059158,0.05084727945504997,0.08020171318043655,0.0991403395658714,0.19273452611218564,0.3578336557059961,0.0425531914893617
EU Railways — Netherlands,seamless,16.0,36,0.07357766312867337,0.018904631316664686,0.053701186679910064,0.0728816722657708,0.1281914893617021,0.15639785746168722,0.1934235976789168,0.0406189555125725
EU Railways — Netherlands,seamless,16.0,37,0.0798592534672208,0.01900938684345404,0.0669069808334798,0.07571903120006722,0.11170570957804996,0.2905705996131528,0.172147001934236,0.0735009671179884
EU Railways — Netherlands,seamless,16.0,38,0.07877428551118817,0.022297962130877008,0.07694632495164407,0.08467372493128371,0.1456479690522243,0.16234935277488466,0.1895551257253385,0.0793036750483559
EU Railways — Netherlands,seamless,16.0,39,0.07297157758082069,0.021033413271776942,0.05454180504361152,0.0788926499032882,0.1106769825918762,0.16717440361057376,0.2901353965183752,0.0483558994197292
EU Railways — Netherlands,seamless,16.0,40,0.0740752518809228,0.024063841011040435,0.04962927143778202,0.09875522555687269,0.12021276595744676,0.1847678916827852,0.3462282398452611,0.0502901353965183
EU Railways — Netherlands,seamless,16.0,41,0.07517144364339715,0.02108579103517162,0.06644387843039619,0.08683913604126363,0.11725338491295931,0.1443460794524624,0.1760154738878143,0.0251450676982591
EU Railways — Netherlands,seamless,16.0,42,0.08824717814799704,0.017965572844374396,0.0759187620889748,0.0990624328390285,0.13681956341530804,0.21575112830431972,0.0947775628626692,0.0793036750483559
EU Railways — Netherlands,seamless,16.0,43,0.07853858557591213,0.01935732484314725,0.07356799509738209,0.08744358478401025,0.12305609284332684,0.17221953578336555,0.2147001934235976,0.0502901353965183
EU Railways — Netherlands,seamless,16.0,44,0.07511158334237465,0.023121041269936245,0.07210681001783514,0.08154825485724176,0.1134187620889748,0.234458413926499,0.1760154738878143,0.0193423597678916
EU Railways — Netherlands,seamless,16.0,45,0.07839267609216982,0.021878940023719595,0.06660608283865799,0.08183524860621225,0.1425700109326381,0.1615812379110251,0.2224371373307543,0.0676982591876208
EU Railways — Netherlands,seamless,16.0,46,0.07801480794196536,0.021935059055928175,0.05541274099956318,0.08110191005802701,0.11785138620244996,0.16777738702303494,0.2978723404255319,0.0560928433268858
EU Railways — Netherlands,seamless,16.0,47,0.07509287699830512,0.02349516815132679,0.049904689821433514,0.06763066491961474,0.1485251450676982,0.20125725338491293,0.2649903288201161,0.0502901353965183
EU Railways — Netherlands,seamless,16.0,48,0.07256003801129104,0.02350639195776851,0.049716501687715645,0.0764354415622267,0.127852998065764,0.19671923820859985,0.3578336557059961,0.0502901353965183
EU Railways — Netherlands,seamless,16.0,49,0.08105645948767055,0.01825365054304512,0.06415215989684071,0.07674081237911021,0.12656350741457123,0.14479244160095223,0.1702127659574468,0.0773694390715667
EU Railways — Netherlands,seamless,16.0,50,0.0636184055460568,0.022866634990590665,0.05131586659633076,0.06827248549323009,0.12390715667311404,0.21088974854932296,0.1934235976789168,0.0599613152804642
EU Railways — Netherlands,seamless,16.0,51,0.07387696463378582,0.02454272341922035,0.05169876377091913,0.05444068343004511,0.10809155383623464,0.26941489361702126,0.253384912959381,0.0522243713733075
EU Railways — Netherlands,seamless,16.0,52,0.08163261488501203,0.01902061064989575,0.07689969604863217,0.09143469851147924,0.13130238555770465,0.15916344294003867,0.1295938104448742,0.09284332688588
EU Railways — Netherlands,seamless,16.0,53,0.08771591797642245,0.018971974155314982,0.0651226712816858,0.096447209955841,0.13776850249414635,0.28060928433268856,0.11605415860735,0.0290135396518375
EU Railways — Netherlands,seamless,16.0,54,0.08486132987141248,0.01802169187658297,0.07235800949534023,0.08182892757360836,0.11767231211963951,0.16045938104448737,0.1740812379110251,0.081237911025145
EU Railways — Netherlands,seamless,16.0,55,0.07835526340403076,0.02278806834549864,0.06095216622562917,0.08229356798430812,0.12021276595744676,0.20395913926499026,0.3133462282398452,0.0618955512572533
EU Railways — Netherlands,seamless,16.0,56,0.07403035665515596,0.023813176000508765,0.06000373273609554,0.077419462415794,0.13914190258484258,0.18140715667311408,0.2147001934235976,0.0618955512572533
EU Railways — Netherlands,seamless,16.0,57,0.08555720587079893,0.01789074746809628,0.07247523591817595,0.10300460034502584,0.1297872340425531,0.21170212765957444,0.1663442940038684,0.0502901353965183
EU Railways — Netherlands,seamless,16.0,58,0.08319646524922454,0.018511798091204602,0.061518884251247005,0.09406529353337857,0.11586073500967108,0.26416827852998065,0.1702127659574468,0.0618955512572533
EU Railways — Netherlands,seamless,16.0,59,0.08431510462458228,0.020389915035785175,0.07549511305866034,0.08227037482356626,0.14729851708575112,0.1997823984526112,0.2108317214700193,0.0773694390715667
EU Railways — Netherlands,seamless,16.0,60,0.07973579159636188,0.019312429617380385,0.0680554829490999,0.0797008842221608,0.11678640508427733,0.20753661232384632,0.206963249516441,0.06963249516441
EU Railways — Netherlands,seamless,16.0,61,0.06886740569196628,0.02218572406645985,0.047197372662798165,0.07368901783795401,0.10215087040618953,0.16360182370820667,0.2920696324951644,0.0444874274661508
EU Railways — Netherlands,seamless,16.0,62,0.07727777798562596,0.019974634197441672,0.061669204494012024,0.08334484664271896,0.09443907156673106,0.22119600257898128,0.1431334622823984,0.0522243713733075
EU Railways — Netherlands,seamless,16.0,63,0.07693732252356056,0.019645402541817986,0.058450193423597634,0.06141199226305603,0.14677627337201804,0.19867827208252736,0.1760154738878143,0.0560928433268858
EU Railways — Netherlands,seamless,16.0,64,0.08306552084073784,0.019424667681797545,0.0631389886709035,0.08263768706097929,0.13568665377176006,0.17762440654123432,0.1798839458413926,0.0599613152804642
EU Railways — Netherlands,seamless,16.0,65,0.07363752342969584,0.022047297120345345,0.05637240087040611,0.0707446808510638,0.11884268214055443,0.18124535039428655,0.2456479690522243,0.058027079303675
EU Railways — Netherlands,seamless,16.0,66,0.07679889557744604,0.020898727594476346,0.05755682927262074,0.07699254750255997,0.139458413926499,0.18403046421663435,0.2088974854932301,0.058027079303675
EU Railways — Netherlands,seamless,16.0,67,0.08501472189278263,0.020131767487625702,0.06310444874274655,0.08626437951745898,0.16118230174081233,0.2166827852998065,0.1257253384912959,0.0618955512572533
EU Railways — Netherlands,seamless,16.0,68,0.07047241001313176,0.02118680529314706,0.049812333057013845,0.06495335077938329,0.12777562862669242,0.20383623468729845,0.3230174081237911,0.0502901353965183
EU Railways — Netherlands,seamless,16.0,69,0.07517892618102497,0.01929746454212477,0.06261898597298154,0.08964804490461559,0.11029289859077093,0.21768536428110893,0.2437137330754352,0.0638297872340425
EU Railways — Netherlands,seamless,16.0,70,0.08036806602591193,0.018818582133944852,0.0724417426545086,0.07625034539928152,0.12507253384912956,0.2075807171551852,0.1528046421663443,0.0754352030947775
EU Railways — Netherlands,seamless,16.0,71,0.07767435247989994,0.020382432498157375,0.06782331754818907,0.07077922077922073,0.1225891130146449,0.17529385508108908,0.2224371373307543,0.06963249516441
EU Railways — Netherlands,seamless,16.0,72,0.08756252595505232,0.019203932821777125,0.06055865286153142,0.11849055200119024,0.1606739285350707,0.21923758865248227,0.1837524177949709,0.0522243713733075
EU Railways — Netherlands,seamless,16.0,73,0.08383622221640238,0.023158453958075288,0.06119635108996805,0.08277650782486368,0.15626208897485488,0.20517408123791095,0.2823984526112186,0.0618955512572533
EU Railways — Netherlands,seamless,16.0,74,0.0687439438211074,0.02419104415071323,0.042158088408737075,0.06746920492721156,0.10243230174081236,0.16021276595744677,0.3152804642166344,0.0425531914893617
EU Railways — Netherlands,seamless,16.0,75,0.07396675508531954,0.023184642839772632,0.051719478894072086,0.06906101635308592,0.16276595744680847,0.20207558399047756,0.2591876208897485,0.0522243713733075
EU Railways — Netherlands,seamless,16.0,76,0.06696309986568838,0.024142407656132434,0.04326663918571834,0.0739458413926499,0.11079100071261323,0.19066731141199222,0.3887814313346228,0.0367504835589942
EU Railways — Netherlands,seamless,16.0,77,0.0837165016143574,0.018717567875969402,0.0737448490454966,0.07922308188265635,0.13077047066408762,0.23326079948420367,0.1972920696324951,0.0754352030947775
EU Railways — Netherlands,seamless,16.0,78,0.07157982558204781,0.021385092540284062,0.058466678389308906,0.06500846228239843,0.11899696048632213,0.18466746019937502,0.2746615087040619,0.0599613152804642
EU Railways — Netherlands,seamless,16.0,79,0.07839641736098371,0.02020659286390381,0.06192485786296223,0.08981660577405255,0.12486137975499673,0.21894672059082115,0.1818181818181818,0.0367504835589942
EU Railways — Netherlands,seamless,16.0,80,0.09264691027314995,0.01946208036993661,0.07562442183163731,0.1000967117988394,0.1629206963249516,0.2452369439071566,0.11605415860735,0.0657640232108317
EU Railways — Netherlands,seamless,16.0,81,0.07110468444268181,0.021770443228116332,0.05271807496178866,0.067672808714242,0.10959864603481624,0.20634268214055446,0.2746615087040619,0.0541586073500967
EU Railways — Netherlands,seamless,16.0,82,0.08303933195904051,0.020651803852758586,0.06322533849129588,0.09625241779497096,0.13986801683923084,0.21531766106234185,0.1934235976789168,0.0406189555125725
EU Railways — Netherlands,seamless,16.0,83,0.06936125317540182,0.021785408303371962,0.049594605336371535,0.07619118969133948,0.11810444874274655,0.15791000712613254,0.2804642166344294,0.0502901353965183
EU Railways — Netherlands,seamless,16.0,84,0.08419164275372339,0.022174500260018132,0.07618740597463997,0.089891949576469,0.1495768858800773,0.22111218568665375,0.1411992263056093,0.081237911025145
EU Railways — Netherlands,seamless,16.0,85,0.06973538005679238,0.02259726363598946,0.05346296107774269,0.062277308357935386,0.1069632495164409,0.22697453255963893,0.3249516441005802,0.0541586073500967
EU Railways — Netherlands,seamless,16.0,86,0.06976156893848971,0.023772022043555805,0.0527309569862761,0.0770006228895518,0.11739200515796253,0.16560820975714588,0.3636363636363636,0.034816247582205
EU Railways — Netherlands,seamless,16.0,87,0.08618573903153506,0.016454100243556542,0.07035783365570596,0.10139771575941785,0.13097643097643094,0.1828094777562862,0.11605415860735,0.0483558994197292
EU Railways — Netherlands,seamless,16.0,88,0.08615580888102387,0.019944704046930415,0.07213786381151097,0.08930196836955281,0.1697614442295293,0.21163442940038682,0.2205029013539652,0.0735009671179884
EU Railways — Netherlands,seamless,16.0,89,0.08028201684319211,0.019955927853372135,0.06800546137216967,0.07331207688588008,0.12430367504835584,0.19856070087609506,0.2920696324951644,0.0541586073500967
EU Railways — Netherlands,seamless,16.0,90,0.07478983422437878,0.01916652013363807,0.05554976937955655,0.07499194068343,0.10255914298467488,0.14289859077093114,0.2495164410058027,0.0560928433268858
EU Railways — Netherlands,seamless,16.0,91,0.0762751179434993,0.02104089580940474,0.07404219828580554,0.07918278529980657,0.12011605415860732,0.19028486020749075,0.2088974854932301,0.0754352030947775
EU Railways — Netherlands,seamless,16.0,92,0.07667169243777328,0.01854546951052975,0.06680022105554015,0.07091862776703199,0.12021921341070274,0.1590522243713733,0.1392649903288201,0.0715667311411992
EU Railways — Netherlands,seamless,16.0,93,0.07450923906333584,0.018841029746828296,0.05624367824250698,0.08591231463571886,0.10981624758220503,0.1997823984526112,0.2088974854932301,0.058027079303675
EU Railways — Netherlands,seamless,16.0,94,0.07810085712468519,0.021336456045703292,0.07600715459329044,0.08023523722835359,0.12006769825918757,0.1784695357833655,0.1295938104448742,0.081237911025145
EU Railways — Netherlands,seamless,16.0,95,0.09202960091885555,0.018743756757666746,0.07507889646747425,0.09450556092843321,0.1353554891272492,0.25062862669245645,0.1411992263056093,0.0947775628626692
EU Railways — Netherlands,seamless,16.0,96,0.07923446157529855,0.020333796003576602,0.06666080534552483,0.08447684391080616,0.12388781431334615,0.18606470898540525,0.11605415860735,0.034816247582205
EU Railways — Netherlands,seamless,16.0,97,0.0741425947195731,0.02117932275551926,0.062197125683741944,0.085726155774103,0.11570962282398443,0.17539490651192777,0.1779497098646034,0.0638297872340425
EU Railways — Netherlands,seamless,16.0,98,0.06975408640086189,0.020932399013801492,0.05540596975558285,0.06166428391220243,0.09772727272727266,0.15630560928433265,0.2340425531914893,0.0560928433268858
EU Railways — Netherlands,seamless,16.0,99,0.0810190467995315,0.021100756110427242,0.06083888530697037,0.08442940038684718,0.11772727272727265,0.21893939393939393,0.1818181818181818,0.0851063829787234
EU Railways — Netherlands,seamless,16.0,100,0.08592010894574778,0.01694420645817817,0.07857833655705995,0.0975983236621534,0.12732108317214696,0.2250483558994197,0.1237911025145067,0.0851063829787234
EU Railways — Netherlands,seamless,17.0,1,0.08871857801854915,0.017520361855519626,0.07883571473139077,0.09205029013539646,0.13554158607350086,0.23049397411099534,0.11605415860735,0.04642166344294
EU Railways — Netherlands,seamless,17.0,2,0.07199510642039134,0.019772605681490772,0.06259402535998274,0.07442778852353317,0.10538610325844361,0.2282662212062598,0.11605415860735,0.02321083172147
EU Railways — Netherlands,seamless,17.0,3,0.07857973953286508,0.018582882198668802,0.0596326829543107,0.08316594752764962,0.11325596389426171,0.1789530947775628,0.195357833655706,0.0599613152804642
EU Railways — Netherlands,seamless,17.0,4,0.07692609871711885,0.017004066759200666,0.06105322268671611,0.07695714140283005,0.17605415860735008,0.2254110251450677,0.1586073500967118,0.0773694390715667
EU Railways — Netherlands,seamless,17.0,5,0.08059254215474627,0.02036746742290175,0.07029368807484304,0.08636709035645201,0.13436785651485839,0.16386202450032236,0.1876208897485493,0.0715667311411992
EU Railways — Netherlands,seamless,17.0,6,0.07596085136313119,0.02048344675613283,0.057205941389000335,0.07554375715469934,0.09796905222437127,0.2050773694390715,0.2978723404255319,0.058027079303675
EU Railways — Netherlands,seamless,17.0,7,0.07940655994073821,0.025440627934557675,0.05932301740812376,0.08584784010315923,0.11401334228081944,0.21219312602291324,0.288201160541586,0.0599613152804642
EU Railways — Netherlands,seamless,17.0,8,0.07382832813920505,0.018481867940693356,0.06479093535831121,0.07272122823984525,0.1108455374412821,0.15533296490743292,0.288201160541586,0.0657640232108317
EU Railways — Netherlands,seamless,17.0,9,0.0683511105956473,0.025511712042021878,0.04960396788519926,0.06624758220502898,0.11223404255319142,0.22658365570599612,0.344294003868472,0.0502901353965183
EU Railways — Netherlands,seamless,17.0,10,0.07661183213675075,0.018949526542431545,0.06057675400035164,0.07126450676982589,0.11613705443492667,0.18870230349920872,0.1914893617021276,0.0715667311411992
EU Railways — Netherlands,seamless,17.0,11,0.07753966680259934,0.021070825959916,0.057271092707113024,0.07685434362122609,0.11807129041171588,0.20956640876853636,0.2727272727272727,0.058027079303675
EU Railways — Netherlands,seamless,17.0,12,0.08038677236998147,0.01786081731758504,0.0637788862872849,0.08293036750483554,0.14148936170212764,0.20940522243713725,0.1353965183752417,0.06963249516441
EU Railways — Netherlands,seamless,17.0,13,0.08697514675126915,0.02387303630153125,0.08566629339305709,0.09010315925209539,0.15949709864603479,0.19833314370235516,0.195357833655706,0.0889748549323017
EU Railways — Netherlands,seamless,17.0,14,0.08201796557284426,0.018141412478627952,0.06989196584422319,0.0884912959381044,0.12878143133462278,0.15807543520309478,0.2127659574468085,0.0715667311411992
EU Railways — Netherlands,seamless,17.0,15,0.07721417641578956,0.019750158068607342,0.06286879024557446,0.07586349820392367,0.13747582205029008,0.17321083172146998,0.3017408123791102,0.0638297872340425
EU Railways — Netherlands,seamless,17.0,16,0.07851613796302868,0.021508554411142945,0.05887169568020628,0.06867844633802074,0.11786530684016171,0.2424435847840103,0.2862669245647969,0.0599613152804642
EU Railways — Netherlands,seamless,17.0,17,0.07608805450280398,0.021082049766357705,0.06517269964078472,0.07462318893471037,0.09277206556041934,0.16206479690522238,0.3365570599613153,0.0657640232108317
EU Railways — Netherlands,seamless,17.0,18,0.07641728615842769,0.018680155187830345,0.058994197292069596,0.08195461453440171,0.11712443584784002,0.1989010022859152,0.172147001934236,0.0599613152804642
EU Railways — Netherlands,seamless,17.0,19,0.086346613590533,0.018579140929854892,0.07131932886509826,0.09350272551433086,0.11150361396721975,0.22558994197292068,0.11605415860735,0.0367504835589942
EU Railways — Netherlands,seamless,17.0,20,0.0837277254207991,0.02188642256134741,0.07205029013539647,0.08297716353653206,0.16324030579349727,0.19895228884590582,0.11605415860735,0.0328820116054158
EU Railways — Netherlands,seamless,17.0,21,0.06936873571302962,0.028164271631080907,0.036459871749673654,0.089443535188216,0.11258462282398446,0.1902965828497743,0.390715667311412,0.0367504835589942
EU Railways — Netherlands,seamless,17.0,22,0.08203667191691381,0.018350923532206652,0.0685041908446163,0.07914809519804895,0.12909266748725157,0.16772727272727267,0.1972920696324951,0.0793036750483559
EU Railways — Netherlands,seamless,17.0,23,0.08806759724492956,0.01585549723333166,0.07224729565155096,0.08894799054373519,0.12924416009522385,0.1653019557274876,0.11605415860735,0.0541586073500967
EU Railways — Netherlands,seamless,17.0,24,0.07675025908286527,0.019671591423515322,0.0615218920344645,0.08075435203094772,0.11905867182462922,0.17749032882011598,0.1489361702127659,0.06963249516441
EU Railways — Netherlands,seamless,17.0,25,0.07661931467437857,0.017363228565335596,0.07047872340425528,0.07872189313346227,0.1001289490651192,0.17157417051034074,0.11605415860735,0.0386847195357833
EU Railways — Netherlands,seamless,17.0,26,0.08510077107550246,0.019997081810325106,0.06816838598753484,0.08625483558994193,0.13609452527121343,0.23604932301740808,0.1605415860735009,0.0560928433268858
EU Railways — Netherlands,seamless,17.0,27,0.07517518491221102,0.0237009379360916,0.06269447481288362,0.08240320892919423,0.12770793036750483,0.17335961910429992,0.1818181818181818,0.0212765957446808
EU Railways — Netherlands,seamless,17.0,28,0.09119529797335457,0.019129107445499016,0.07364849359079434,0.091779497098646,0.16558197747183975,0.21221792392005157,0.1528046421663443,0.0638297872340425
EU Railways — Netherlands,seamless,17.0,29,0.07428850420331543,0.021474882991817795,0.05188491936413588,0.06541995238803747,0.10959864603481624,0.17942456479690516,0.2901353965183752,0.0522243713733075
EU Railways — Netherlands,seamless,17.0,30,0.0736001107415568,0.02549300569795236,0.04598292211161952,0.0886294556507322,0.12327991157778387,0.21182785299806575,0.3945841392649903,0.04642166344294
EU Railways — Netherlands,seamless,17.0,31,0.08320768905566625,0.020707922884967162,0.06849899128553891,0.0852675693101225,0.16663442940038675,0.23813346228239846,0.1779497098646034,0.06963249516441
EU Railways — Netherlands,seamless,17.0,32,0.0831178986041325,0.01795809030674658,0.061638660541586,0.09500322372662794,0.12630560928433265,0.19094132817537068,0.1218568665377176,0.0618955512572533
EU Railways — Netherlands,seamless,17.0,33,0.07422864390229295,0.021138168798566295,0.059265351868255,0.08005802707930365,0.12780464216634427,0.20366814037026795,0.2050290135396518,0.0599613152804642
EU Railways — Netherlands,seamless,17.0,34,0.08226488931456205,0.021762960690488522,0.07775838869733409,0.08985015792179808,0.11540618955512565,0.21774661508704057,0.1508704061895551,0.0793036750483559
EU Railways — Netherlands,seamless,17.0,35,0.07728900179206769,0.022743173119731785,0.05831090740896472,0.0911433147969052,0.14317214700193417,0.19022404900064474,0.3365570599613153,0.0522243713733075
EU Railways — Netherlands,seamless,17.0,36,0.08421783163542078,0.02147114172300389,0.07201732020397396,0.09784881593392225,0.1453293890089885,0.21484526112185676,0.1644100580270793,0.0735009671179884
EU Railways — Netherlands,seamless,17.0,37,0.07108597809861227,0.024452932967686608,0.055248226950354556,0.07671461960025786,0.11676337846550604,0.16391360412637007,0.288201160541586,0.0560928433268858
EU Railways — Netherlands,seamless,17.0,38,0.08052894058490989,0.01925631058517181,0.06641916765458285,0.10076625502157413,0.11013539651837524,0.21504674403610569,0.1663442940038684,0.0522243713733075
EU Railways — Netherlands,seamless,17.0,39,0.0723018904631316,0.018844771015642196,0.05710111527223336,0.06521861364760917,0.12037855761260013,0.1448850204169353,0.2688588007736944,0.058027079303675
EU Railways — Netherlands,seamless,17.0,40,0.07552312291190426,0.019379772456030685,0.05798271609319818,0.06127278588593863,0.11609560652113833,0.23248637242834527,0.2088974854932301,0.058027079303675
EU Railways — Netherlands,seamless,17.0,41,0.07601697039533978,0.02124292432535565,0.05943096025457039,0.07613367719750692,0.11634429400386835,0.19494680851063828,0.2978723404255319,0.0599613152804642
EU Railways — Netherlands,seamless,17.0,42,0.07624892906180192,0.020202851595089902,0.05783867969554618,0.07835323150803707,0.139458413926499,0.22908952749378275,0.1972920696324951,0.0676982591876208
EU Railways — Netherlands,seamless,17.0,43,0.0656349494367519,0.02048344675613283,0.04770167254522697,0.059356866537717566,0.1155793915948654,0.21115161434310367,0.1876208897485493,0.0541586073500967
EU Railways — Netherlands,seamless,17.0,44,0.07903617432816155,0.019192709015335402,0.05875241779497095,0.08821051974792532,0.12504835589941965,0.17439900525006902,0.206963249516441,0.0599613152804642
EU Railways — Netherlands,seamless,17.0,45,0.07497689766507404,0.01973145172453781,0.06242746615087033,0.06572233709064228,0.0923735838629455,0.2611441749739622,0.1895551257253385,0.0638297872340425
EU Railways — Netherlands,seamless,17.0,46,0.0758822847180392,0.019697780305212662,0.06826076658903399,0.08415308096159158,0.09953793251665585,0.17126370083816891,0.1740812379110251,0.06963249516441
EU Railways — Netherlands,seamless,17.0,47,0.06688827448941025,0.025807272278320418,0.040314313346228196,0.07276782928807636,0.1222114764667956,0.15201713180436582,0.3849129593810445,0.0406189555125725
EU Railways — Netherlands,seamless,17.0,48,0.07790256987754818,0.01929746454212477,0.06795671313279522,0.07832043842682139,0.13543520309477747,0.21025889004612403,0.2205029013539652,0.06963249516441
EU Railways — Netherlands,seamless,17.0,49,0.07918956634953168,0.020868797443965095,0.06669498725573487,0.07669245647969047,0.11572533849129585,0.16993750929921142,0.2050290135396518,0.0676982591876208
EU Railways — Netherlands,seamless,17.0,50,0.06671991739278449,0.0205320832507136,0.04560219705582702,0.06234394232459989,0.11421663442940035,0.1679722759509993,0.2321083172147001,0.04642166344294
EU Railways — Netherlands,seamless,17.0,51,0.08187579735791586,0.01695168899580599,0.0589941972920696,0.09895375417619122,0.13599954488565244,0.18513862024500316,0.1760154738878143,0.0560928433268858
EU Railways — Netherlands,seamless,17.0,52,0.08008747086486902,0.020191627788648196,0.055477404606998355,0.0930045132172791,0.1169915191191786,0.2315220019342359,0.1315280464216634,0.0483558994197292
EU Railways — Netherlands,seamless,17.0,53,0.0792531679193681,0.02195376539999771,0.04998503269779859,0.09438699598274061,0.16251450676982587,0.18501657916551528,0.3210831721470019,0.0502901353965183
EU Railways — Netherlands,seamless,17.0,54,0.07794746510331503,0.01959676604723721,0.060640355570188036,0.08271834548430289,0.11802984249792754,0.18490490006447446,0.11605415860735,0.0328820116054158
EU Railways — Netherlands,seamless,17.0,55,0.08337230488347809,0.02258603982954773,0.06101212617170059,0.0899859328292597,0.15257898130238554,0.21314401266045366,0.1818181818181818,0.0425531914893617
EU Railways — Netherlands,seamless,17.0,56,0.07207367306548333,0.021822820991511012,0.0514758111224032,0.08199778944459789,0.10413266028211532,0.1513152804642166,0.3404255319148936,0.0522243713733075
EU Railways — Netherlands,seamless,17.0,57,0.09042833786650395,0.020793972067686985,0.07622648144891854,0.09700193423597676,0.15644745325596385,0.22577369439071565,0.11605415860735,0.04642166344294
EU Railways — Netherlands,seamless,17.0,58,0.07581120061057497,0.023061180968913755,0.06079130459886251,0.06661025145067692,0.1528460900801326,0.18169171254277636,0.2572533849129594,0.0618955512572533
EU Railways — Netherlands,seamless,17.0,59,0.07285185697877568,0.0191852264777076,0.05378313801342585,0.06905341834419843,0.10614810721193693,0.2369922630560928,0.1760154738878143,0.034816247582205
EU Railways — Netherlands,seamless,17.0,60,0.07767809374871387,0.02382814107576438,0.04956091808976091,0.09176740812379106,0.10784747167725887,0.25575435203094776,0.3597678916827853,0.0502901353965183
EU Railways — Netherlands,seamless,17.0,61,0.08068233260628,0.02213334630306517,0.05206548770378553,0.10021049038570935,0.13985907709311962,0.2224661508704061,0.2688588007736944,0.0522243713733075
EU Railways — Netherlands,seamless,17.0,62,0.0841953840225373,0.019132848714312922,0.07072980211278079,0.09329133007168043,0.14124067421939762,0.15696324951644092,0.1295938104448742,0.0947775628626692
EU Railways — Netherlands,seamless,17.0,63,0.07039010209922585,0.020479705487318926,0.05147544463839217,0.06683752417794965,0.09928156949433536,0.17998065764023205,0.3152804642166344,0.0522243713733075
EU Railways — Netherlands,seamless,17.0,64,0.07688120349135197,0.02170310038946604,0.07187835804857079,0.08536238479918078,0.11905867182462922,0.1609864603481624,0.3520309477756286,0.04642166344294
EU Railways — Netherlands,seamless,17.0,65,0.07589350852448092,0.02342408404386259,0.06531849694651509,0.08792502290542599,0.13744680851063826,0.16931818181818178,0.1760154738878143,0.0251450676982591
EU Railways — Netherlands,seamless,17.0,66,0.0785311030382843,0.020625614971061235,0.059096770412050845,0.076980864879801,0.11106382978723402,0.1754029658284977,0.2340425531914893,0.058027079303675
EU Railways — Netherlands,seamless,17.0,67,0.07110094317386789,0.02064058004631685,0.048348402381059474,0.07335874388440096,0.11995026250345396,0.16323742746615083,0.2475822050290135,0.0483558994197292
EU Railways — Netherlands,seamless,17.0,68,0.0733905996879781,0.02247754303394449,0.046228239845261074,0.09328752642706124,0.10965506125080592,0.17126370083816891,0.2514506769825919,0.0444874274661508
EU Railways — Netherlands,seamless,17.0,69,0.07917460127427606,0.02030012458425145,0.05582908387550547,0.06858478401031586,0.14896139937768055,0.1648549323017408,0.1818181818181818,0.0560928433268858
EU Railways — Netherlands,seamless,17.0,70,0.09153201216660611,0.016798296974435863,0.07945785327838982,0.09088364043571209,0.14704061895551257,0.23213469315983812,0.1199226305609284,0.081237911025145
EU Railways — Netherlands,seamless,17.0,71,0.07610676084687351,0.02239523512003855,0.06673977618126549,0.07327191285757914,0.10464216634429391,0.20316731141199218,0.2147001934235976,0.0676982591876208
EU Railways — Netherlands,seamless,17.0,72,0.07356269805341774,0.021725548002349465,0.0517408123791102,0.07402079303675047,0.12969052224371364,0.20646210655881833,0.3810444874274661,0.0406189555125725
EU Railways — Netherlands,seamless,17.0,73,0.07700840663102478,0.01959676604723721,0.06111868598788719,0.08386451556180761,0.12769181173436492,0.15096711798839454,0.1895551257253385,0.0502901353965183
EU Railways — Netherlands,seamless,17.0,74,0.07982184077908172,0.020793972067686985,0.06815303490835398,0.07229206963249514,0.10823259187620886,0.2272969052224371,0.1876208897485493,0.06963249516441
EU Railways — Netherlands,seamless,17.0,75,0.07645469884656673,0.020247746820856772,0.059139847591526615,0.08629330050993489,0.1131230471656003,0.14811411992263052,0.3133462282398452,0.0599613152804642
EU Railways — Netherlands,seamless,17.0,76,0.08168125137959281,0.018680155187830342,0.0700469743022934,0.08983720180528688,0.1392972275950999,0.17122823984526112,0.1740812379110251,0.0715667311411992
EU Railways — Netherlands,seamless,17.0,77,0.07744987635106561,0.01893830273598983,0.05213192627147566,0.08359991072757028,0.13268289907839342,0.1974942852118867,0.2553191489361702,0.0522243713733075
EU Railways — Netherlands,seamless,17.0,78,0.08485010606497077,0.01946582163875052,0.07165206508135166,0.09376407620359814,0.12082820467733425,0.2094513803411288,0.1373307543520309,0.0947775628626692
EU Railways — Netherlands,seamless,17.0,79,0.07242535233399047,0.022941460366868765,0.053739916025852694,0.08401081963249514,0.10209646222000372,0.17479276043105826,0.3094777562862669,0.0541586073500967
EU Railways — Netherlands,seamless,17.0,80,0.06573222242591342,0.02903224599590701,0.04133240320892917,0.07632596966303568,0.10300881151944978,0.1837814313346227,0.3945841392649903,0.0328820116054158
EU Railways — Netherlands,seamless,17.0,81,0.07188286835597417,0.02117558148670535,0.05994729907773384,0.07062805779952208,0.11944786354844378,0.21194390715667308,0.1257253384912959,0.0599613152804642
EU Railways — Netherlands,seamless,17.0,82,0.068283767756997,0.02395534421543718,0.0542531376797894,0.058307034510841856,0.12120406189555125,0.22687897209173802,0.2553191489361702,0.0560928433268858
EU Railways — Netherlands,seamless,17.0,83,0.08795161791169846,0.01867641391901645,0.07394056620362228,0.10282222612976961,0.13445012434374132,0.16606903734563302,0.11605415860735,0.0328820116054158
EU Railways — Netherlands,seamless,17.0,84,0.07566903239564658,0.01852302189764631,0.05803806928081585,0.08024661508704059,0.11420281845813757,0.16208206686930088,0.1624758220502901,0.0560928433268858
EU Railways — Netherlands,seamless,17.0,85,0.07977320428450098,0.021632016282001825,0.07419649717813516,0.0855155482815057,0.12524822695035456,0.16018375241779492,0.2785299806576402,0.0754352030947775
EU Railways — Netherlands,seamless,17.0,86,0.08023712161742526,0.02098851804601007,0.06443423597678913,0.07277562862669244,0.15285739405662035,0.21114948880906323,0.2205029013539652,0.0657640232108317
EU Railways — Netherlands,seamless,17.0,87,0.08453583948460272,0.0219537653999977,0.07549788666809937,0.08867263056092839,0.11545776918117334,0.2336315280464216,0.195357833655706,0.0773694390715667
EU Railways — Netherlands,seamless,17.0,88,0.0857330455050525,0.019619213660120635,0.07804349100287203,0.09338609718548921,0.13311774661508702,0.17894584139264985,0.1605415860735009,0.0425531914893617
EU Railways — Netherlands,seamless,17.0,89,0.08443482522662726,0.018852253553269995,0.07942456479690523,0.08782640232108312,0.13568665377176006,0.1849709864603481,0.1914893617021276,0.0831721470019342
EU Railways — Netherlands,seamless,17.0,90,0.08831826225546124,0.018272356887114642,0.07377176015473887,0.09815135952333304,0.13638297872340419,0.22320339235232847,0.1431334622823984,0.0986460348162475
EU Railways — Netherlands,seamless,17.0,91,0.07587480218041137,0.022679571549895382,0.05394445979552361,0.07712765957446804,0.1357511283043197,0.20753661232384632,0.2669245647969052,0.0541586073500967
EU Railways — Netherlands,seamless,17.0,92,0.07786515718940913,0.02244013034580543,0.06102779470602258,0.08312818709337082,0.131600580270793,0.18529289859077086,0.2804642166344294,0.0618955512572533
EU Railways — Netherlands,seamless,17.0,93,0.07463270093419473,0.023876777570345148,0.04891304347826084,0.07373654714080245,0.13453255963894256,0.21472920696324943,0.3520309477756286,0.0483558994197292
EU Railways — Netherlands,seamless,17.0,94,0.09096333930689243,0.017759803059609582,0.07760288134462746,0.09858558994197283,0.14123791102514507,0.22855973813420616,0.11605415860735,0.0367504835589942
EU Railways — Netherlands,seamless,17.0,95,0.08404199200116722,0.01819753151083653,0.07416121112929622,0.08912798194713084,0.14510638297872339,0.1659505388228792,0.1992263056092843,0.0754352030947775
EU Railways — Netherlands,seamless,17.0,96,0.07435958831077964,0.021392575077911875,0.05855027428100323,0.07318283620075333,0.12170740284860207,0.2185909834846005,0.379110251450677,0.0444874274661508
EU Railways — Netherlands,seamless,17.0,97,0.08237338611016533,0.02082390221819823,0.07317859445519019,0.0970879002793896,0.12770102238187342,0.20433994197292063,0.1315280464216634,0.0870406189555125
EU Railways — Netherlands,seamless,17.0,98,0.07125433519523805,0.027322486147952164,0.04398392789487322,0.07394635040211747,0.13375241779497093,0.24207654048079577,0.3733075435203095,0.0444874274661508
EU Railways — Netherlands,seamless,17.0,99,0.07232433807601502,0.02031134839069317,0.05825864276568497,0.08020485317390537,0.11733075435203087,0.17782324058919796,0.1895551257253385,0.0444874274661508
EU Railways — Netherlands,seamless,17.0,100,0.0783889348233559,0.02137761000265625,0.057130883301096,0.0811707500537287,0.11973611494888087,0.1930657640232108,0.288201160541586,0.058027079303675
EU Railways — Netherlands,seamless,18.0,1,0.07718798753409224,0.021751736884046805,0.05950797872340423,0.08248307543520304,0.12011605415860731,0.1456237911025145,0.3056092843326886,0.0599613152804642
EU Railways — Netherlands,seamless,18.0,2,0.07970212017703675,0.021381351271470152,0.0652804642166344,0.06900386847195351,0.14124067421939762,0.2979448742746615,0.2340425531914893,0.0676982591876208
EU Railways — Netherlands,seamless,18.0,3,0.06911432943368405,0.01827983942474245,0.05322171179883943,0.06126871552403461,0.10750483558994194,0.17078612876485216,0.1837524177949709,0.0541586073500967
EU Railways — Netherlands,seamless,18.0,4,0.07710567962018632,0.021822820991511,0.05362444334487875,0.08174871277957876,0.11420281845813757,0.18342711447160182,0.3307543520309478,0.0541586073500967
EU Railways — Netherlands,seamless,18.0,5,0.07912970604850922,0.01952942320858691,0.06886898096304585,0.07536553781595247,0.11423597678916823,0.1616229998241603,0.2030947775628626,0.0754352030947775
EU Railways — Netherlands,seamless,18.0,6,0.08552727572028769,0.017673753876889752,0.07506019816050206,0.0859767891682785,0.15294970986460346,0.22632978723404254,0.1470019342359768,0.0831721470019342
EU Railways — Netherlands,seamless,18.0,7,0.07571766889022732,0.023192125377400445,0.06520411279649799,0.06823017408123783,0.1217666021921341,0.15653610573823337,0.230174081237911,0.0676982591876208
EU Railways — Netherlands,seamless,18.0,8,0.07181926678613776,0.022058520926787062,0.05235625109899768,0.06814152159896833,0.11954959933683335,0.16963993453355153,0.2108317214700193,0.0541586073500967
EU Railways — Netherlands,seamless,18.0,9,0.09196599934901914,0.018964491617687172,0.08199011390500746,0.10768612923319014,0.12905905108658544,0.19016441005802706,0.11605415860735,0.0290135396518375
EU Railways — Netherlands,seamless,18.0,10,0.0744606025687551,0.020532083250713592,0.05522021387758727,0.08901752190237794,0.11276595744680845,0.1477433913604126,0.3346228239845261,0.0560928433268858
EU Railways — Netherlands,seamless,18.0,11,0.08427769193644326,0.018246168005417306,0.068020631850419,0.08933752417794967,0.11193274810296082,0.19480980012894905,0.1760154738878143,0.0483558994197292
EU Railways — Netherlands,seamless,18.0,12,0.06971293244390894,0.023439049119118205,0.05793036750483554,0.06612669245647966,0.10377176015473878,0.19803352675693095,0.2456479690522243,0.0599613152804642
EU Railways — Netherlands,seamless,18.0,13,0.07309878072049346,0.022836704840079408,0.04771611367356046,0.08760880077369433,0.12474140105962488,0.16852568235546955,0.3752417794970986,0.0483558994197292
EU Railways — Netherlands,seamless,18.0,14,0.0736001107415568,0.021882681292533502,0.05191867315858507,0.06648936170212762,0.1121355397951142,0.18823835738729353,0.3346228239845261,0.0522243713733075
EU Railways — Netherlands,seamless,18.0,15,0.07450175652570805,0.019170261402451975,0.06545630385088796,0.07841290848009771,0.11512848853274378,0.18796744036105736,0.1528046421663443,0.06963249516441
EU Railways — Netherlands,seamless,18.0,16,0.08097415157376463,0.022739431850917875,0.06429232192414427,0.0841483887449363,0.151132096939356,0.21553191489361695,0.1856866537717601,0.0638297872340425
EU Railways — Netherlands,seamless,18.0,17,0.08204789572335552,0.021355162389772815,0.07600187379110246,0.08963974854932298,0.12375349237051357,0.19738878143133454,0.2224371373307543,0.0773694390715667
EU Railways — Netherlands,seamless,18.0,18,0.07357766312867337,0.024984193139261198,0.046228239845261074,0.08666283849129588,0.12195357833655705,0.2077949709864603,0.3017408123791102,0.0386847195357833
EU Railways — Netherlands,seamless,18.0,19,0.08334237473296686,0.0195219406709591,0.06389748549323013,0.09271607451898597,0.14735654416505478,0.19102998065764018,0.1798839458413926,0.0657640232108317
EU Railways — Netherlands,seamless,18.0,20,0.07538095469697585,0.02158712105623497,0.05458960558405514,0.0765415274602895,0.12271115409413279,0.18416827852998058,0.3520309477756286,0.0522243713733075
EU Railways — Netherlands,seamless,18.0,21,0.06895719614350002,0.020569495938852652,0.05131854959544495,0.058317214700193375,0.09004513217279171,0.2061104272903112,0.2727272727272727,0.0522243713733075
EU Railways — Netherlands,seamless,18.0,22,0.07250017771026857,0.02050589436901626,0.05906691293029476,0.07412118408880664,0.10881151944981729,0.17108317214700194,0.2553191489361702,0.0599613152804642
EU Railways — Netherlands,seamless,18.0,23,0.08454332202223051,0.020999741852451792,0.059366716813525296,0.08168117343649252,0.13280947775628624,0.23318973096535953,0.2572533849129594,0.0599613152804642
EU Railways — Netherlands,seamless,18.0,24,0.07651830041640313,0.022829222302451595,0.06677186195663234,0.09374827300359209,0.11481302385557698,0.17949019066040336,0.1663442940038684,0.0676982591876208
EU Railways — Netherlands,seamless,18.0,25,0.07769680009278337,0.021669428970140882,0.057814313346228184,0.0850809325053446,0.1195116054158607,0.16939071566731137,0.288201160541586,0.058027079303675
EU Railways — Netherlands,seamless,18.0,26,0.07255255547366325,0.020752818110734025,0.061473723198485465,0.0737520458265139,0.11472294914097161,0.1621179883945841,0.1798839458413926,0.0618955512572533
EU Railways — Netherlands,seamless,18.0,27,0.0831066747976908,0.01780095701656255,0.06603152393102595,0.0964603481624758,0.1463894261766602,0.1927981947130883,0.11605415860735,0.0367504835589942
EU Railways — Netherlands,seamless,18.0,28,0.08142684510024721,0.020954846626684925,0.0634153080961591,0.10274419729206961,0.12743391360412634,0.18251128304319789,0.1644100580270793,0.0599613152804642
EU Railways — Netherlands,seamless,18.0,29,0.08520552660229182,0.02095110535787101,0.07755010946500306,0.0807621513695638,0.12524686959177436,0.23280141843971625,0.1586073500967118,0.0793036750483559
EU Railways — Netherlands,seamless,18.0,30,0.06969796736865332,0.023371706280467905,0.04789621988203547,0.07394185914210945,0.1413926499032882,0.20021760154738877,0.3114119922630561,0.0483558994197292
EU Railways — Netherlands,seamless,18.0,31,0.0849286727100628,0.019929738971674795,0.07253384912959376,0.08444976076555023,0.15996131528046417,0.2497186565851943,0.1586073500967118,0.0851063829787234
EU Railways — Netherlands,seamless,18.0,32,0.08884203988940803,0.018118964865744512,0.07573534316014134,0.1029073984526112,0.12408123791102506,0.164227380184827,0.11605415860735,0.0483558994197292
EU Railways — Netherlands,seamless,18.0,33,0.07880421566169943,0.017703684027400995,0.06719304829816096,0.07469259463940311,0.13930367504835586,0.20802707930367498,0.1644100580270793,0.0541586073500967
EU Railways — Netherlands,seamless,18.0,34,0.0793130282203906,0.02022529920797335,0.06867433197220424,0.08646914014418845,0.11372616744957166,0.19054037717601544,0.195357833655706,0.06963249516441
EU Railways — Netherlands,seamless,18.0,35,0.07713935103951144,0.019940962778116522,0.061162886114530156,0.09299765422445361,0.1032237266279819,0.20049493685288428,0.11605415860735,0.0193423597678916
EU Railways — Netherlands,seamless,18.0,36,0.07307633310761001,0.022226878023412815,0.051555826723611906,0.07610873169383803,0.13818504190844613,0.20436340880646256,0.2785299806576402,0.0522243713733075
EU Railways — Netherlands,seamless,18.0,37,0.07096625749656729,0.023034992087216415,0.0512882507563358,0.06685839356612028,0.10998065764023209,0.20169568020631848,0.2998065764023211,0.0522243713733075
EU Railways — Netherlands,seamless,18.0,38,0.07761075091006357,0.020142991294067422,0.06710136605415855,0.07468485293136794,0.12331399097356538,0.2020825274016763,0.2456479690522243,0.0676982591876208
EU Railways — Netherlands,seamless,18.0,39,0.07859096333930682,0.019447115294680985,0.06610382142297033,0.07457475253157353,0.12296465623351499,0.1844821522771232,0.2108317214700193,0.0676982591876208
EU Railways — Netherlands,seamless,18.0,40,0.06958572930423616,0.020165438906950852,0.04738177332996942,0.06629717799930562,0.0985372340425531,0.2190884912959381,0.2649903288201161,0.0483558994197292
EU Railways — Netherlands,seamless,18.0,41,0.07357392185985945,0.020524600713085785,0.06283818524594172,0.07396755912993314,0.10771198602358516,0.15266763378465506,0.1818181818181818,0.0309477756286266
EU Railways — Netherlands,seamless,18.0,42,0.08353317944247603,0.01560109095398608,0.07362405486196588,0.08033673289959553,0.11689480732033915,0.22230012894906506,0.1760154738878143,0.0618955512572533
EU Railways — Netherlands,seamless,18.0,43,0.07165839222713982,0.02052460071308579,0.05142463919059658,0.06127859667844988,0.12772404900064474,0.22734526112185682,0.2998065764023211,0.0522243713733075
EU Railways — Netherlands,seamless,18.0,44,0.07316238229032984,0.023300622173003695,0.044073857273745236,0.06560283687943261,0.1165484633569739,0.26126692456479683,0.2901353965183752,0.0444874274661508
EU Railways — Netherlands,seamless,18.0,45,0.08064117864932706,0.022776844539056932,0.05574181531628333,0.09844455190199862,0.1321698610866889,0.2135074145712443,0.2572533849129594,0.0560928433268858
EU Railways — Netherlands,seamless,18.0,46,0.07852736176947042,0.023199607915028255,0.06112959381044482,0.08208413926499027,0.12364066193853421,0.2727495908346972,0.2398452611218568,0.0618955512572533
EU Railways — Netherlands,seamless,18.0,47,0.0742136788270373,0.024950521719936062,0.05157276705488561,0.09127176015473885,0.13180609284332684,0.19937137330754345,0.2688588007736944,0.0522243713733075
EU Railways — Netherlands,seamless,18.0,48,0.07664176228726201,0.018313510844067602,0.07038064304222469,0.07338359843007643,0.1205029013539651,0.16926637192594637,0.2340425531914893,0.0483558994197292
EU Railways — Netherlands,seamless,18.0,49,0.0792606504569959,0.01847438540306554,0.06015473887814311,0.09268617021276589,0.12576678640508424,0.16920051579626044,0.1218568665377176,0.058027079303675
EU Railways — Netherlands,seamless,18.0,50,0.07914467112376482,0.02410499496799341,0.05766678044525348,0.08280581443057261,0.13216634429400384,0.17411750483558988,0.2940038684719536,0.058027079303675
EU Railways — Netherlands,seamless,18.0,51,0.07206619052785553,0.024243421914107895,0.044281320353869995,0.07624516441005798,0.11997538245120447,0.217674081237911,0.2998065764023211,0.0406189555125725
EU Railways — Netherlands,seamless,18.0,52,0.08340971757161715,0.01998211673506949,0.07713917288385369,0.09990583324849836,0.11916031402889972,0.24401077645758495,0.1528046421663443,0.0309477756286266
EU Railways — Netherlands,seamless,18.0,53,0.07632001316926615,0.01825365054304512,0.059839035994575226,0.07387227134567559,0.12021276595744676,0.22053916827852998,0.1663442940038684,0.0599613152804642
EU Railways — Netherlands,seamless,18.0,54,0.08612213746169867,0.018855994822083905,0.07404297829829744,0.09465031049577517,0.1275145067698259,0.190149212489638,0.1740812379110251,0.0754352030947775
EU Railways — Netherlands,seamless,18.0,55,0.09121400431742414,0.021231700518913932,0.06956173043355186,0.11892864818396728,0.16264345583494516,0.23635484438192367,0.11605415860735,0.0290135396518375
EU Railways — Netherlands,seamless,18.0,56,0.07324843147304967,0.01987736120828013,0.052981752930483995,0.0707607994842037,0.14713427669754658,0.20891980360065457,0.2263056092843327,0.0522243713733075
EU Railways — Netherlands,seamless,18.0,57,0.0885015844273426,0.017453019016869336,0.0681127383255042,0.10468188726167442,0.16698407975003712,0.1957285622179239,0.1605415860735009,0.0638297872340425
EU Railways — Netherlands,seamless,18.0,58,0.07512280714881638,0.020101837337114452,0.05563126428697022,0.07345610081955772,0.16083172147001926,0.1734111633047803,0.2514506769825919,0.0560928433268858
EU Railways — Netherlands,seamless,18.0,59,0.07156486050679219,0.01971274538046828,0.05827852998065759,0.06642891682785296,0.1120352460777992,0.1584284332688588,0.1837524177949709,0.0541586073500967
EU Railways — Netherlands,seamless,18.0,60,0.08461066486088084,0.021358903658586725,0.06472322004236894,0.10172872340425529,0.14112400601762304,0.18941811734364927,0.2011605415860735,0.0657640232108317
EU Railways — Netherlands,seamless,18.0,61,0.08277744314206711,0.021321490970447665,0.07357536080940336,0.0872018052869116,0.12952254911941355,0.20224195533673284,0.1992263056092843,0.0754352030947775
EU Railways — Netherlands,seamless,18.0,62,0.07737505097478749,0.021983695550508952,0.0677369439071566,0.07724854932301736,0.1272082527401676,0.21475822050290128,0.2379110251450677,0.06963249516441
EU Railways — Netherlands,seamless,18.0,63,0.08598371051558416,0.01814889501625576,0.07396010394076157,0.08888850511190932,0.12872985170857507,0.17928755641521593,0.1876208897485493,0.0754352030947775
EU Railways — Netherlands,seamless,18.0,64,0.06465473700750864,0.02499915821451681,0.036511764561858825,0.07047872340425528,0.10814796905222433,0.19218246292714372,0.2998065764023211,0.0367504835589942
EU Railways — Netherlands,seamless,18.0,65,0.07981809951026785,0.01931242961738039,0.06661391477639055,0.08420745920745919,0.11197678916827847,0.1913066838598753,0.1760154738878143,0.034816247582205
EU Railways — Netherlands,seamless,18.0,66,0.07044247986262053,0.020053200842533685,0.05087040618955506,0.06758564955883514,0.14510638297872339,0.19593119646311133,0.1760154738878143,0.0309477756286266
EU Railways — Netherlands,seamless,18.0,67,0.08475657434462312,0.017509138049077912,0.06620362229646559,0.09302148019953163,0.12941489361702121,0.1557422630560928,0.1489361702127659,0.0638297872340425
EU Railways — Netherlands,seamless,18.0,68,0.07287056332284522,0.02090246886329025,0.05192732799115773,0.08561260880077368,0.12011605415860731,0.1873456330903139,0.2688588007736944,0.0522243713733075
EU Railways — Netherlands,seamless,18.0,69,0.07934295837090181,0.01895700908005936,0.06661846725883078,0.07107741549230907,0.12459381044487422,0.19837348338315453,0.1856866537717601,0.0676982591876208
EU Railways — Netherlands,seamless,18.0,70,0.07536224835290631,0.02116809894907755,0.05759012840530394,0.07727272727272723,0.10970341715022565,0.18131703886055914,0.3191489361702128,0.058027079303675
EU Railways — Netherlands,seamless,18.0,71,0.08498853301108529,0.017539068199589152,0.07381182647140093,0.10472619462853149,0.1252740167633784,0.2113515473887814,0.1141199226305609,0.0657640232108317
EU Railways — Netherlands,seamless,18.0,72,0.07376846783818256,0.02138509254028406,0.04973022498218461,0.07147001934235973,0.12576678640508424,0.15218407479045776,0.1876208897485493,0.04642166344294
EU Railways — Netherlands,seamless,18.0,73,0.07802977301722094,0.023454014194373835,0.06819506637343994,0.07943386400833209,0.1317214700193423,0.16783123791102508,0.2804642166344294,0.06963249516441
EU Railways — Netherlands,seamless,18.0,74,0.07875932043593258,0.0156123147604278,0.06133564084291961,0.09313160244011301,0.0992263056092842,0.19747743391360406,0.1315280464216634,0.0541586073500967
EU Railways — Netherlands,seamless,18.0,75,0.0848538473337847,0.019750158068607342,0.06968339611116761,0.11298010500138154,0.14370298732000855,0.22722065168873676,0.1663442940038684,0.0541586073500967
EU Railways — Netherlands,seamless,18.0,76,0.07689990983542148,0.019521940670959102,0.05744212890746859,0.06379878986261961,0.11061066592981485,0.2973243068987749,0.2379110251450677,0.058027079303675
EU Railways — Netherlands,seamless,18.0,77,0.07468881996640334,0.023173419033330908,0.053954696930856874,0.07821271878095955,0.17025145067698258,0.21202127659574466,0.3152804642166344,0.0541586073500967
EU Railways — Netherlands,seamless,18.0,78,0.08260908604544134,0.01811522359693061,0.07428210087784554,0.0939688521309944,0.11483672772784156,0.24387261674495717,0.11605415860735,0.034816247582205
EU Railways — Netherlands,seamless,18.0,79,0.07708323200730285,0.0197950532943742,0.06097085072449009,0.07258757790672683,0.1282978723404255,0.16289168278529978,0.218568665377176,0.0618955512572533
EU Railways — Netherlands,seamless,18.0,80,0.07383581067683287,0.020591943551736082,0.05257508448997807,0.06679075806152454,0.10731492878494808,0.2122147001934236,0.2340425531914893,0.0502901353965183
EU Railways — Netherlands,seamless,18.0,81,0.08297947165801803,0.019903550089977462,0.06648936170212762,0.09403024441709154,0.17226305609284331,0.19577369439071565,0.11605415860735,0.0290135396518375
EU Railways — Netherlands,seamless,18.0,82,0.07320727751609672,0.018646483768505202,0.057094501243437346,0.06734230603911448,0.11110573823339778,0.14493068987749838,0.2688588007736944,0.058027079303675
EU Railways — Netherlands,seamless,18.0,83,0.07917460127427607,0.01807406963997766,0.0512572533849129,0.10043059777102326,0.10601063829787227,0.14681925639372448,0.2901353965183752,0.0483558994197292
EU Railways — Netherlands,seamless,18.0,84,0.07470378504165893,0.02047222294969111,0.05934650455927049,0.07136793466580697,0.09725134887508903,0.20443262411347513,0.2688588007736944,0.0599613152804642
EU Railways — Netherlands,seamless,18.0,85,0.08686664995566587,0.019896067552349645,0.07122693292906056,0.11073500967117987,0.13372397314825346,0.19735009671179876,0.1760154738878143,0.0386847195357833
EU Railways — Netherlands,seamless,18.0,86,0.07828792056538045,0.023270692022492455,0.0647969052224371,0.086644979778442,0.14009671179883945,0.23684115087040616,0.1876208897485493,0.0735009671179884
EU Railways — Netherlands,seamless,18.0,87,0.08339849376517543,0.017542809468403055,0.068020631850419,0.07943555477404607,0.12371984118904604,0.1867263056092843,0.1566731141199226,0.0754352030947775
EU Railways — Netherlands,seamless,18.0,88,0.08279989075495056,0.019574318434353775,0.06547707611537397,0.07837753663574074,0.12217117988394582,0.29451160541586074,0.1740812379110251,0.0657640232108317
EU Railways — Netherlands,seamless,18.0,89,0.07988918361773202,0.020939881551429302,0.06936170212765952,0.08983767588273217,0.11571566731141188,0.2389748549323017,0.1818181818181818,0.0270793036750483
EU Railways — Netherlands,seamless,18.0,90,0.08037180729472587,0.017348263490079972,0.06990449709864598,0.08633808985073532,0.1338377517351234,0.21748411163304776,0.1837524177949709,0.0715667311411992
EU Railways — Netherlands,seamless,18.0,91,0.07106353048572883,0.02229047959324919,0.05315951851911054,0.07152895309477754,0.10255595468361424,0.20270102238187337,0.2321083172147001,0.0541586073500967
EU Railways — Netherlands,seamless,18.0,92,0.07082783055045279,0.018167601360325303,0.05759993552546738,0.061701264161370464,0.10702127659574463,0.15124113475177303,0.2243713733075435,0.058027079303675
EU Railways — Netherlands,seamless,18.0,93,0.07666046863133152,0.01934235976789163,0.06292396545617995,0.07373494727647095,0.12383255042829504,0.17135949157225752,0.2727272727272727,0.0638297872340425
EU Railways — Netherlands,seamless,18.0,94,0.07712064469544193,0.023820658538136575,0.05906182792062866,0.08594162124142779,0.11869761444229524,0.21391843971631203,0.2669245647969052,0.0599613152804642
EU Railways — Netherlands,seamless,18.0,95,0.07536598962172021,0.018938302735989836,0.05194713088330105,0.07227347120964141,0.1127659574468084,0.14670373952288845,0.288201160541586,0.0522243713733075
EU Railways — Netherlands,seamless,18.0,96,0.07303517915065706,0.023521357033024125,0.046033781896792435,0.076817685860239,0.11054158607350094,0.2274177949709864,0.3597678916827853,0.04642166344294
EU Railways — Netherlands,seamless,18.0,97,0.07409769949380625,0.02158712105623496,0.05756623784611784,0.07398452611218567,0.10218920344645681,0.1564904362776703,0.2862669245647969,0.058027079303675
EU Railways — Netherlands,seamless,18.0,98,0.07300150773133192,0.020591943551736085,0.054849405913235665,0.06908849129593804,0.15875241779497098,0.18877337201805286,0.2823984526112186,0.0560928433268858
EU Railways — Netherlands,seamless,18.0,99,0.08398961423777253,0.020270194433740212,0.07159603774690813,0.0912637008381689,0.16697982868195627,0.1866900386847195,0.1837524177949709,0.0735009671179884
EU Railways — Netherlands,seamless,18.0,100,0.07981809951026782,0.022638417592942422,0.05005688929343491,0.09726587685364277,0.13339458413926497,0.23410058027079297,0.3268858800773694,0.0502901353965183
EU Railways — Netherlands,seamless,19.0,1,0.07668291624421496,0.018942044004803742,0.05950676982591874,0.06938639817629173,0.11912661806278824,0.1593004513217279,0.2147001934235976,0.06963249516441
EU Railways — Netherlands,seamless,19.0,2,0.08407566342049233,0.020202851595089902,0.05662319835277961,0.10231302385557703,0.1263671531563214,0.24676015473887808,0.1856866537717601,0.0560928433268858
EU Railways — Netherlands,seamless,19.0,3,0.07447556764401071,0.018893407510222955,0.059556884121681,0.07227520129548827,0.09762365294280181,0.16040457769181168,0.1934235976789168,0.0483558994197292
EU Railways — Netherlands,seamless,19.0,4,0.07179681917325434,0.01986613740183841,0.05414275295684433,0.0700700009210647,0.11996131528046418,0.17095422308188266,0.3191489361702128,0.0406189555125725
EU Railways — Netherlands,seamless,19.0,5,0.08069355641272173,0.023584958602860525,0.055302410355601794,0.08682081941269555,0.12454721294179702,0.20843810444874267,0.1876208897485493,0.0560928433268858
EU Railways — Netherlands,seamless,19.0,6,0.07554182925597376,0.022470060496316682,0.06619151739410756,0.07393696293242856,0.11487603305785117,0.23655015197568385,0.2591876208897485,0.0676982591876208
EU Railways — Netherlands,seamless,19.0,7,0.0775808207595523,0.03021448694110116,0.06792627887594148,0.08275306254029655,0.1572292069632495,0.2232398452611218,0.230174081237911,0.06963249516441
EU Railways — Netherlands,seamless,19.0,8,0.07466637235351987,0.021725548002349472,0.05684943222937137,0.08154563038508872,0.12819912450371573,0.18039168278529977,0.2823984526112186,0.058027079303675
EU Railways — Netherlands,seamless,19.0,9,0.08461440612969474,0.017999244263699542,0.07219682316394113,0.08557592577019033,0.12601547388781426,0.18571302971689813,0.1818181818181818,0.0638297872340425
EU Railways — Netherlands,seamless,19.0,10,0.07424735024636248,0.02327443329130637,0.05003917439952984,0.09016177246351324,0.12587040618955508,0.18836234687298514,0.2959381044487427,0.0502901353965183
EU Railways — Netherlands,seamless,19.0,11,0.08570685662335517,0.021156875142635822,0.06488039742287405,0.09158607350096708,0.1654255319148936,0.2270171318043658,0.230174081237911,0.0657640232108317
EU Railways — Netherlands,seamless,19.0,12,0.08497730920464357,0.014557276954906434,0.06966473243068982,0.08590481759704914,0.13351063829787232,0.16482591876208896,0.1353965183752417,0.0676982591876208
EU Railways — Netherlands,seamless,19.0,13,0.07818316503859112,0.020012046885580725,0.06469569520039581,0.077852998065764,0.13977756286266924,0.2224635132758923,0.1972920696324951,0.0541586073500967
EU Railways — Netherlands,seamless,19.0,14,0.07516396110576934,0.02050589436901626,0.06447733580018497,0.0763332412268582,0.10966238790223315,0.22067400684421962,0.2205029013539652,0.0657640232108317
EU Railways — Netherlands,seamless,19.0,15,0.08550482810740424,0.02085383236870947,0.06722851616468631,0.10396518375241771,0.14437862669245646,0.23846711798839457,0.11605415860735,0.0290135396518375
EU Railways — Netherlands,seamless,19.0,16,0.07765938740464433,0.021594603593862775,0.05954923892019172,0.08008396342535605,0.11390070921985812,0.18303079898824573,0.2205029013539652,0.0599613152804642
EU Railways — Netherlands,seamless,19.0,17,0.08016977877877494,0.02222313675459891,0.06324951644100574,0.07367912043164002,0.14111460348162477,0.2306189555125725,0.1972920696324951,0.0715667311411992
EU Railways — Netherlands,seamless,19.0,18,0.0817822656375682,0.020562013401224842,0.06849718274325113,0.08985562310030393,0.11751362757165458,0.15757868823632845,0.2050290135396518,0.0676982591876208
EU Railways — Netherlands,seamless,19.0,19,0.07727777798562595,0.02086505617515118,0.062114764667956075,0.08284129084800973,0.12307491243661452,0.1698874626340777,0.1624758220502901,0.0483558994197292
EU Railways — Netherlands,seamless,19.0,20,0.07563161970750752,0.01983620725132716,0.059357534436880834,0.08114119922630554,0.10867182462927141,0.18716150870406184,0.3249516441005802,0.0599613152804642
EU Railways — Netherlands,seamless,19.0,21,0.08132583084227177,0.019144072520754635,0.05994546088721183,0.08666161325735788,0.13982108317214698,0.18324122685824806,0.1295938104448742,0.0560928433268858
EU Railways — Netherlands,seamless,19.0,22,0.07117950981895993,0.02528349464437363,0.042383602079074496,0.08029624351012925,0.1078852353320438,0.19066731141199222,0.4061895551257253,0.0425531914893617
EU Railways — Netherlands,seamless,19.0,23,0.0657172573506578,0.02139631634672578,0.043344469843502695,0.08260066819061013,0.11519019987105086,0.14094865482679797,0.1914893617021276,0.0367504835589942
EU Railways — Netherlands,seamless,19.0,24,0.08289716374411207,0.01900938684345404,0.06327511662305149,0.08733612722974418,0.14464671748776878,0.21701248461403197,0.1295938104448742,0.0638297872340425
EU Railways — Netherlands,seamless,19.0,25,0.08160268473450076,0.017759803059609586,0.06662933930571104,0.09192016880604884,0.10623376623376618,0.15775452787058203,0.1702127659574468,0.0676982591876208
EU Railways — Netherlands,seamless,19.0,26,0.0807421929073025,0.021467400454189982,0.064841116330478,0.08411728503604711,0.1267956157317859,0.1962798194713088,0.3365570599613153,0.0657640232108317
EU Railways — Netherlands,seamless,19.0,27,0.08503342823685217,0.0214112814219814,0.06599746548389246,0.09732335874388436,0.15959864603481622,0.19989522888459058,0.1760154738878143,0.0406189555125725
EU Railways — Netherlands,seamless,19.0,28,0.07186042074309071,0.019185226477707595,0.06008960644219001,0.06871278492054456,0.11325596389426171,0.13707515888366947,0.1876208897485493,0.0618955512572533
EU Railways — Netherlands,seamless,19.0,29,0.08082450082120841,0.020715405422594958,0.07178916827852996,0.084919553367329,0.12080378250591015,0.222485493230174,0.1895551257253385,0.0735009671179884
EU Railways — Netherlands,seamless,19.0,30,0.07400790904227252,0.020116802412370086,0.05522085169800547,0.06762499267334848,0.10895856662933928,0.18494197292069625,0.2785299806576402,0.0502901353965183
EU Railways — Netherlands,seamless,19.0,31,0.07594214501906167,0.020221557939159432,0.05770249860893982,0.06922429601346423,0.10631528046421658,0.1979690522243713,0.2804642166344294,0.058027079303675
EU Railways — Netherlands,seamless,19.0,32,0.07547074514850956,0.022428906539363705,0.05183643138926221,0.0730174081237911,0.11830270793036744,0.17616054158607344,0.3404255319148936,0.0522243713733075
EU Railways — Netherlands,seamless,19.0,33,0.08189076243317152,0.020311348390693162,0.0652204605458216,0.08274133989801297,0.16444874274661508,0.21154324399005248,0.2611218568665377,0.0657640232108317
EU Railways — Netherlands,seamless,19.0,34,0.06893100726180267,0.020909951400918052,0.057066241302218025,0.07217117988394582,0.14123791102514507,0.15213903743315507,0.2727272727272727,0.058027079303675
EU Railways — Netherlands,seamless,19.0,35,0.07342427110730325,0.020726629229036675,0.0481112754579588,0.07535460992907796,0.11776273372018045,0.18929953025697707,0.3268858800773694,0.0483558994197292
EU Railways — Netherlands,seamless,19.0,36,0.08022589781098353,0.019087953488546056,0.07453972347589366,0.08688729537198654,0.127852998065764,0.16382374274661507,0.11605415860735,0.0270793036750483
EU Railways — Netherlands,seamless,19.0,37,0.07291545854861207,0.0222904795932492,0.05787321962370313,0.07125675742697016,0.1028852353320438,0.21004996776273366,0.1876208897485493,0.0560928433268858
EU Railways — Netherlands,seamless,19.0,38,0.07546326261088177,0.019454597832308795,0.06269946808510632,0.07938060488834184,0.11044487427466149,0.14976789168278526,0.2998065764023211,0.0638297872340425
EU Railways — Netherlands,seamless,19.0,39,0.07696351140525788,0.02611779758987458,0.051953808602744726,0.07213088330109604,0.14419729206963244,0.23410058027079297,0.3230174081237911,0.0522243713733075
EU Railways — Netherlands,seamless,19.0,40,0.07782774450127007,0.01862777742443567,0.06983764140437249,0.08719374597034164,0.11196002578981296,0.20800290135396513,0.11605415860735,0.0251450676982591
EU Railways — Netherlands,seamless,19.0,41,0.07409021695617844,0.023005061936705165,0.05211529791596976,0.0691489361702127,0.12217117988394582,0.1902965828497743,0.253384912959381,0.0522243713733075
EU Railways — Netherlands,seamless,19.0,42,0.08138194987448037,0.01799550299488563,0.0702591876208897,0.08689555125725332,0.10926885880077368,0.16389886709035645,0.2379110251450677,0.0715667311411992
EU Railways — Netherlands,seamless,19.0,43,0.06859429306855117,0.02283296357126551,0.0552106748915259,0.06378582732547912,0.1567456479690522,0.18306334622823978,0.2843326885880077,0.0560928433268858
EU Railways — Netherlands,seamless,19.0,44,0.08070103895034954,0.01791693634979362,0.07002775208140606,0.08568998866137528,0.1320841392649903,0.19984377324802854,0.2205029013539652,0.0715667311411992
EU Railways — Netherlands,seamless,19.0,45,0.066978064940944,0.02382065853813657,0.042203813786747944,0.06874337056217626,0.12099290780141841,0.15268720641061065,0.3675048355899419,0.0425531914893617
EU Railways — Netherlands,seamless,19.0,46,0.08315157002345769,0.018485609209507262,0.07579883945841387,0.07899595568841217,0.12770793036750483,0.20866261398176283,0.2398452611218568,0.0773694390715667
EU Railways — Netherlands,seamless,19.0,47,0.0861969628379768,0.019443374025867086,0.07593810444874269,0.0901331474067743,0.10836185091504237,0.24841231463571886,0.2166344294003868,0.0773694390715667
EU Railways — Netherlands,seamless,19.0,48,0.07290423474217038,0.024531499612778628,0.04950032237266275,0.08928519876439847,0.12190522243713732,0.23891441005802705,0.3462282398452611,0.0502901353965183
EU Railways — Netherlands,seamless,19.0,49,0.0763574258574052,0.024871955074844028,0.051442617666021866,0.09492817959856671,0.12344145216485636,0.22535921525283226,0.230174081237911,0.0522243713733075
EU Railways — Netherlands,seamless,19.0,50,0.07880795693051335,0.020513376906644065,0.05637858273254784,0.08049984729715969,0.10442166344293996,0.2244439071566731,0.1353965183752417,0.0560928433268858
EU Railways — Netherlands,seamless,19.0,51,0.0782579904148692,0.020603167358177802,0.0579505447866078,0.0720956237911025,0.13607994842037388,0.16613878143133456,0.2669245647969052,0.058027079303675
EU Railways — Netherlands,seamless,19.0,52,0.08791420522355943,0.02111946245449676,0.07325918762088975,0.10773003592152525,0.14128212213318597,0.21292484111633048,0.11605415860735,0.0251450676982591
EU Railways — Netherlands,seamless,19.0,53,0.08643640404206673,0.019802535832002012,0.06832303452525626,0.09327109061151607,0.13354517822602927,0.22874758220502894,0.2147001934235976,0.06963249516441
EU Railways — Netherlands,seamless,19.0,54,0.0748085405684483,0.02149358933588733,0.056045435582356654,0.06573774283071229,0.13543520309477747,0.17587846550612507,0.1876208897485493,0.0560928433268858
EU Railways — Netherlands,seamless,19.0,55,0.07242535233399046,0.02209967488374002,0.05556470087932282,0.07279829545454544,0.10584300451321721,0.14479244160095223,0.2688588007736944,0.0560928433268858
EU Railways — Netherlands,seamless,19.0,56,0.0681228931979991,0.021747995615232895,0.047633545860496194,0.07035432960502336,0.10591323570046968,0.19925268155442233,0.3114119922630561,0.0483558994197292
EU Railways — Netherlands,seamless,19.0,57,0.07363378216088196,0.022275514517993568,0.05253837072018887,0.06674673987645842,0.1375241779497098,0.18793865708759322,0.3500967117988394,0.0483558994197292
EU Railways — Netherlands,seamless,19.0,58,0.07753966680259933,0.020483446756132832,0.06606101219939381,0.07734398859818789,0.12591876208897482,0.17335961910429992,0.2205029013539652,0.0676982591876208
EU Railways — Netherlands,seamless,19.0,59,0.07613669099738478,0.0214823655294456,0.06696396590013605,0.08111455413887018,0.1119148936170212,0.1779980657640231,0.2108317214700193,0.0367504835589942
EU Railways — Netherlands,seamless,19.0,60,0.07978068682212879,0.020999741852451785,0.07039600936577416,0.09008914304936504,0.12047872340425529,0.19591392649903286,0.1315280464216634,0.0909090909090909
EU Railways — Netherlands,seamless,19.0,61,0.07481976437489,0.021239183056541745,0.04973022498218461,0.08161508704061889,0.10044970986460343,0.25782674772036474,0.1876208897485493,0.0483558994197292
EU Railways — Netherlands,seamless,19.0,62,0.07272839510791683,0.01947330417637833,0.05726005469218962,0.06808346719994747,0.13607994842037388,0.18673758865248222,0.1663442940038684,0.058027079303675
EU Railways — Netherlands,seamless,19.0,63,0.08645885165495018,0.02331184597944542,0.06370544349267748,0.08885030185803876,0.1544003868471953,0.24013539651837512,0.1334622823984526,0.0638297872340425
EU Railways — Netherlands,seamless,19.0,64,0.07539217850341756,0.019989599272697292,0.06498807970851511,0.07851175959409076,0.10766924564796901,0.17550428295109144,0.1644100580270793,0.0657640232108317
EU Railways — Netherlands,seamless,19.0,65,0.07892767753255829,0.01703773817852581,0.06217421237255344,0.0870151684821337,0.11282398452611213,0.18823835738729353,0.1218568665377176,0.0618955512572533
EU Railways — Netherlands,seamless,19.0,66,0.07774543658736417,0.018253650543045122,0.06275276947423943,0.0912372202265819,0.10727272727272721,0.17688588007736938,0.1489361702127659,0.0425531914893617
EU Railways — Netherlands,seamless,19.0,67,0.0798667360048486,0.020169180175764762,0.06212803154292508,0.09146518375241776,0.13918036750483556,0.17398452611218562,0.1876208897485493,0.0638297872340425
EU Railways — Netherlands,seamless,19.0,68,0.07045744493787613,0.020651803852758575,0.048875089076656796,0.07014395179288792,0.12710831721470017,0.16374445329389006,0.1818181818181818,0.0502901353965183
EU Railways — Netherlands,seamless,19.0,69,0.07821683645791624,0.019054282069220902,0.058147969052224316,0.08036929579482767,0.12179110251450677,0.17346872985170853,0.1760154738878143,0.058027079303675
EU Railways — Netherlands,seamless,19.0,70,0.08646259292376408,0.018695120263085976,0.07949218109694128,0.08253214245079071,0.13590909090909084,0.23254352030947767,0.2205029013539652,0.081237911025145
EU Railways — Netherlands,seamless,19.0,71,0.07958239957499177,0.02237278750715512,0.06075942235826553,0.0825964815326517,0.12738878143133459,0.21691247582205025,0.195357833655706,0.0618955512572533
EU Railways — Netherlands,seamless,19.0,72,0.09114292020995993,0.018500574284762882,0.0832130111422889,0.0938161338036181,0.12243713733075433,0.26533687943262413,0.1624758220502901,0.0947775628626692
EU Railways — Netherlands,seamless,19.0,73,0.08479398703276222,0.019521940670959092,0.06837231111892614,0.0895366367049721,0.11930551717785756,0.26398338832631696,0.1295938104448742,0.0909090909090909
EU Railways — Netherlands,seamless,19.0,74,0.07548196895495127,0.018919596391920313,0.06221792392005151,0.08197440857015319,0.12217117988394582,0.16949114715072158,0.1760154738878143,0.0328820116054158
EU Railways — Netherlands,seamless,19.0,75,0.08178974817519603,0.018541728241715846,0.06643133462282394,0.08405291516993643,0.13909574468085104,0.15272635166252188,0.1914893617021276,0.0676982591876208
EU Railways — Netherlands,seamless,19.0,76,0.08257915589493013,0.021459917916562175,0.0776918117343649,0.08862561788093698,0.12678916827852996,0.21525408827149634,0.172147001934236,0.0889748549323017
EU Railways — Netherlands,seamless,19.0,77,0.08213394490607535,0.019903550089977462,0.05934650455927049,0.08563829787234041,0.12072050290135394,0.2777079303675048,0.2669245647969052,0.0599613152804642
EU Railways — Netherlands,seamless,19.0,78,0.08762986879370258,0.019087953488546056,0.07088330109606701,0.09861917042768098,0.14097356544165054,0.21860090264345583,0.1431334622823984,0.0715667311411992
EU Railways — Netherlands,seamless,19.0,79,0.07632001316926613,0.020389915035785185,0.05522085169800547,0.07474706144918906,0.1384010315925209,0.1814928784948127,0.3133462282398452,0.0541586073500967
EU Railways — Netherlands,seamless,19.0,80,0.07516770237458321,0.01833595845695104,0.06106443423597673,0.07286559309072915,0.10786589297227589,0.18397485493230165,0.1489361702127659,0.0735009671179884
EU Railways — Netherlands,seamless,19.0,81,0.07860592841456245,0.020483446756132822,0.06455025768177271,0.07875295508274231,0.10970341715022565,0.21544165054803346,0.2630560928433268,0.0657640232108317
EU Railways — Netherlands,seamless,19.0,82,0.07239916345229311,0.027352416298463415,0.04051650657312392,0.056009607762310856,0.14785622179239197,0.22223162475822045,0.4545454545454545,0.0406189555125725
EU Railways — Netherlands,seamless,19.0,83,0.08658605479462293,0.020446034067993765,0.07038469804427247,0.09016177246351324,0.13686791931472778,0.2302103481624758,0.1199226305609284,0.0715667311411992
EU Railways — Netherlands,seamless,19.0,84,0.07337563461272248,0.026046713482410375,0.06060819552435724,0.06931632197589638,0.12249516441005799,0.1706576402321083,0.2901353965183752,0.0618955512572533
EU Railways — Netherlands,seamless,19.0,85,0.07473745646098408,0.020374949960529555,0.05716176320879562,0.07337761023171357,0.09462712228669669,0.23226720088422206,0.1876208897485493,0.0735009671179884
EU Railways — Netherlands,seamless,19.0,86,0.08921616677079855,0.021097014841613325,0.07222844344904814,0.10661720261121851,0.13744680851063826,0.25368195634153073,0.1218568665377176,0.1083172147001934
EU Railways — Netherlands,seamless,19.0,87,0.08785434492253694,0.019884843745907935,0.07151583019444159,0.11998417443291715,0.13278529980657636,0.1784695357833655,0.11605415860735,0.0212765957446808
EU Railways — Netherlands,seamless,19.0,88,0.0842552443235598,0.020438551530365962,0.0671609714162905,0.10292730103316504,0.1478336557059961,0.17781270148291417,0.1818181818181818,0.034816247582205
EU Railways — Netherlands,seamless,19.0,89,0.07597207516957294,0.022376528775969035,0.06471175017943381,0.07110075611042725,0.1239845261121856,0.23227942270495452,0.2321083172147001,0.0657640232108317
EU Railways — Netherlands,seamless,19.0,90,0.0825679320884884,0.019499493058075665,0.04814943602894833,0.10651837524177944,0.16855791962174937,0.18112911025145065,0.1760154738878143,0.0425531914893617
EU Railways — Netherlands,seamless,19.0,91,0.08058880088593236,0.018960750348873266,0.06994538627830237,0.07954545454545454,0.11886266924564792,0.22698259187620887,0.1295938104448742,0.0773694390715667
EU Railways — Netherlands,seamless,19.0,92,0.07869571886609614,0.02166194643251307,0.06781431334622816,0.08402767445320634,0.13517085751128294,0.16795322665728848,0.1702127659574468,0.0773694390715667
EU Railways — Netherlands,seamless,19.0,93,0.07973953286517581,0.019480786714006135,0.07017822602928982,0.09147495781719409,0.1392913662739581,0.15756501182033095,0.2688588007736944,0.0715667311411992
EU Railways — Netherlands,seamless,19.0,94,0.07616662114789605,0.019888585014721842,0.055475375688141586,0.07940596637405148,0.12770102238187342,0.21097678916827844,0.2495164410058027,0.0560928433268858
EU Railways — Netherlands,seamless,19.0,95,0.07961981226313086,0.01626703680286127,0.07056444522595388,0.08253214245079071,0.11044487427466149,0.19976144422952932,0.1431334622823984,0.0735009671179884
EU Railways — Netherlands,seamless,19.0,96,0.0728630807852174,0.022047297120345345,0.056478117972669016,0.07642166344293999,0.11827852998065756,0.21704061895551252,0.2359767891682785,0.058027079303675
EU Railways — Netherlands,seamless,19.0,97,0.07161349700137296,0.025526677117277508,0.047719637585259066,0.07327191285757914,0.13027724049000639,0.18303079898824573,0.3655705996131528,0.0483558994197292
EU Railways — Netherlands,seamless,19.0,98,0.07718424626527833,0.01947704544519223,0.06030592054069674,0.07571515830194435,0.13350096711798837,0.1621179883945841,0.2321083172147001,0.0599613152804642
EU Railways — Netherlands,seamless,19.0,99,0.07479357549319267,0.02050589436901626,0.060810643257451724,0.06952634806812279,0.12076079948420372,0.17781270148291417,0.2998065764023211,0.0618955512572533
EU Railways — Netherlands,seamless,19.0,100,0.07331577431169997,0.02000830561676681,0.0588620445234691,0.0756904147861594,0.11696920101175412,0.1657930367504835,0.3094777562862669,0.0599613152804642
EU Railways — Netherlands,seamless,20.0,1,0.07829914437182217,0.01703399690971191,0.06133370175923361,0.0796637721716943,0.12961798839458405,0.16500414479137882,0.2011605415860735,0.0618955512572533
EU Railways — Netherlands,seamless,20.0,2,0.07402661538634203,0.02033753727239051,0.05563077584354174,0.07115685732707006,0.12356544165054796,0.22652804642166344,0.2011605415860735,0.0715667311411992
EU Railways — Netherlands,seamless,20.0,3,0.07386574082734411,0.02033753727239052,0.06242667343120772,0.0655068109798757,0.11954596355492209,0.21762572533849125,0.2340425531914893,0.0638297872340425
EU Railways — Netherlands,seamless,20.0,4,0.07406028680566717,0.019525681939773006,0.062160357373123254,0.07071120368992706,0.11033434650455927,0.22923597678916824,0.1876208897485493,0.0541586073500967
EU Railways — Netherlands,seamless,20.0,5,0.08305055576548223,0.01864648376850519,0.07485493230174076,0.09592809977989725,0.11596281968622384,0.2189845261121857,0.1760154738878143,0.0367504835589942
EU Railways — Netherlands,seamless,20.0,6,0.07865456490914319,0.019043058262779182,0.0649211222117722,0.06769236212671596,0.13324306898774982,0.22335217973515842,0.1972920696324951,0.0657640232108317
EU Railways — Netherlands,seamless,20.0,7,0.08412804118388702,0.017842110973515513,0.06747608343353016,0.08770001758396337,0.1154859767891682,0.1847558027079303,0.1450676982591876,0.0831721470019342
EU Railways — Netherlands,seamless,20.0,8,0.07068566233552437,0.02360366494693005,0.04049926269222663,0.059580047611962485,0.15725338491295937,0.19731844557763312,0.3887814313346228,0.0406189555125725
EU Railways — Netherlands,seamless,20.0,9,0.06912929450893968,0.02380569346288095,0.049793681495809095,0.07607046687146807,0.0953578336557059,0.17107712765957447,0.288201160541586,0.0502901353965183
EU Railways — Netherlands,seamless,20.0,10,0.09225407704768986,0.015634762373311236,0.0782640232108317,0.10996131528046421,0.1532503574131696,0.16197467909266744,0.1760154738878143,0.0560928433268858
EU Railways — Netherlands,seamless,20.0,11,0.08184212593859072,0.020131767487625712,0.057572303582941825,0.10679214402618653,0.1285257757968211,0.15639785746168722,0.3230174081237911,0.058027079303675
EU Railways — Netherlands,seamless,20.0,12,0.07062580203450189,0.023491426882512875,0.04797017027984927,0.07499194068343,0.11537717601547377,0.20668923275306253,0.3326885880077369,0.0483558994197292
EU Railways — Netherlands,seamless,20.0,13,0.0763836147391025,0.0177635443284235,0.0554111044170339,0.06936922415645815,0.09609468545638755,0.2352998065764023,0.3017408123791102,0.0522243713733075
EU Railways — Netherlands,seamless,20.0,14,0.07094380988368386,0.02165072262607136,0.051821405544809754,0.07057763319852291,0.11764990328820107,0.157937275490467,0.2553191489361702,0.04642166344294
EU Railways — Netherlands,seamless,20.0,15,0.07792127622161771,0.02116435768026364,0.06592945128779393,0.08644960240704917,0.1081941269562159,0.1884235976789168,0.1470019342359768,0.058027079303675
EU Railways — Netherlands,seamless,20.0,16,0.09073512190924421,0.01734452222126607,0.08048570814528257,0.09933319759747523,0.12963249516440997,0.1680032733224222,0.1760154738878143,0.0560928433268858
EU Railways — Netherlands,seamless,20.0,17,0.07127678280812143,0.02339041262453745,0.05199022701822249,0.06182013379944272,0.1510483558994197,0.17270309477756285,0.2030947775628626,0.0618955512572533
EU Railways — Netherlands,seamless,20.0,18,0.07408273441855061,0.023828141075764392,0.06116772019382235,0.06569854126370082,0.11929937674618521,0.20941731141199219,0.1818181818181818,0.0657640232108317
EU Railways — Netherlands,seamless,20.0,19,0.07881918073695507,0.020030753229650245,0.0781089998862214,0.08162227843078901,0.1243713733075434,0.1893724478830862,0.1895551257253385,0.081237911025145
EU Railways — Netherlands,seamless,20.0,20,0.08060376596118798,0.01831725211288152,0.07270204356235807,0.08920051579626044,0.11061066592981485,0.17346067053513858,0.11605415860735,0.0328820116054158
EU Railways — Netherlands,seamless,20.0,21,0.07804473809247657,0.02023652301441506,0.07044278320874062,0.07897485493230173,0.10590821171091958,0.1578857312899866,0.1760154738878143,0.0386847195357833
EU Railways — Netherlands,seamless,20.0,22,0.07936540598378526,0.018145153747441856,0.0639428269989198,0.08455566301310981,0.12458897485493224,0.18496503496503489,0.1450676982591876,0.0657640232108317
EU Railways — Netherlands,seamless,20.0,23,0.07280322048419492,0.022698277893964905,0.053298287667168986,0.06498032415127056,0.13839458413926495,0.18305507482439168,0.3133462282398452,0.0541586073500967
EU Railways — Netherlands,seamless,20.0,24,0.07780155561957273,0.019903550089977465,0.057682850867127766,0.07975206611570247,0.14280705996131524,0.24106382978723398,0.11605415860735,0.0309477756286266
EU Railways — Netherlands,seamless,20.0,25,0.07532483566476726,0.023106076194680615,0.0553706448290587,0.07774554051149793,0.11173114119922625,0.1640847547037102,0.2959381044487427,0.0560928433268858
EU Railways — Netherlands,seamless,20.0,26,0.06964933087407252,0.02166568770132698,0.044140919951592326,0.07078699226305606,0.12966634429400378,0.17246476927327992,0.3597678916827853,0.0444874274661508
EU Railways — Netherlands,seamless,20.0,27,0.08907773982468406,0.018148895016255766,0.08037259493026566,0.0947706548770378,0.1341346596665745,0.19068112738325502,0.1315280464216634,0.0947775628626692
EU Railways — Netherlands,seamless,20.0,28,0.0712393701199824,0.022922754022799245,0.05101853438777752,0.061399903288201094,0.12383945841392642,0.2064978239845261,0.2998065764023211,0.0522243713733075
EU Railways — Netherlands,seamless,20.0,29,0.07794746510331506,0.02210341615255393,0.06612032983813496,0.07687658086594253,0.12459381044487422,0.24209938997173036,0.1818181818181818,0.0270793036750483
EU Railways — Netherlands,seamless,20.0,30,0.07358140439748728,0.01826487434948684,0.05276049112774364,0.07458069473516861,0.11228239845261115,0.1681141199226305,0.3365570599613153,0.0522243713733075
EU Railways — Netherlands,seamless,20.0,31,0.09083239489840575,0.01717990639345422,0.0815401353965183,0.10893588576629877,0.12557173739902147,0.26501264692754056,0.1760154738878143,0.0560928433268858
EU Railways — Netherlands,seamless,20.0,32,0.08402328565709767,0.020880021250406812,0.06539475997889922,0.0772082527401676,0.16644100580270785,0.18127014829142485,0.1760154738878143,0.0541586073500967
EU Railways — Netherlands,seamless,20.0,33,0.06806677416579052,0.025541642192533118,0.03656751529091955,0.06957205029013534,0.11996407847471674,0.21995164410058027,0.3558994197292069,0.0367504835589942
EU Railways — Netherlands,seamless,20.0,34,0.08262405112069697,0.020943622820243212,0.06888029228454753,0.10300702056021202,0.13826270441357477,0.19480980012894905,0.1760154738878143,0.0270793036750483
EU Railways — Netherlands,seamless,20.0,35,0.07149751766814187,0.019619213660120642,0.055373867453934585,0.06454090340197971,0.1197721899849559,0.15794174536352257,0.2920696324951644,0.0560928433268858
EU Railways — Netherlands,seamless,20.0,36,0.07244779994687389,0.01876994563936409,0.05659458123063939,0.06277587660566378,0.0926606490436277,0.24192456479690513,0.253384912959381,0.058027079303675
EU Railways — Netherlands,seamless,20.0,37,0.07244031740924609,0.02197247174406723,0.051553162620167965,0.08054883945841387,0.11553578336557051,0.16864925854287552,0.2572533849129594,0.0522243713733075
EU Railways — Netherlands,seamless,20.0,38,0.08174485294942918,0.019233862972288372,0.058731393490875416,0.0868794326241134,0.13852030947775626,0.19925531914893613,0.3191489361702128,0.0560928433268858
EU Railways — Netherlands,seamless,20.0,39,0.08502968696803825,0.02151229567995685,0.06703336557059955,0.09876166848877294,0.16444229529335913,0.20634268214055446,0.11605415860735,0.011605415860735
EU Railways — Netherlands,seamless,20.0,40,0.07141895102304986,0.02455394722566206,0.04616748499727219,0.0871539530947775,0.10573017408123785,0.20966374051480427,0.2998065764023211,0.04642166344294
EU Railways — Netherlands,seamless,20.0,41,0.0790698457474867,0.019821242176071546,0.06236820290571683,0.07267354395013968,0.12591876208897482,0.22589458413926497,0.2553191489361702,0.0638297872340425
EU Railways — Netherlands,seamless,20.0,42,0.07220087620515613,0.02520492799928163,0.04440107764575843,0.07310150534017323,0.11282547239994042,0.23254352030947767,0.3172147001934236,0.0444874274661508
EU Railways — Netherlands,seamless,20.0,43,0.08399335550658642,0.016566338307973712,0.07221526908635793,0.09495424787977974,0.12580823431887259,0.16205177800922477,0.1470019342359768,0.0735009671179884
EU Railways — Netherlands,seamless,20.0,44,0.07803725555484878,0.020023270692022442,0.06667978980161239,0.06924898285866732,0.10994424849243373,0.19991940683430043,0.2166344294003868,0.0676982591876208
EU Railways — Netherlands,seamless,20.0,45,0.07424735024636248,0.023330552323514938,0.06294586219088615,0.07415830512572531,0.12601547388781426,0.20921525283227402,0.1663442940038684,0.0638297872340425
EU Railways — Netherlands,seamless,20.0,46,0.08738668632079875,0.01798427918844392,0.07194573683935385,0.08998226950354607,0.13354517822602927,0.21700515796260472,0.2359767891682785,0.0676982591876208
EU Railways — Netherlands,seamless,20.0,47,0.07675774162049309,0.018796134521061426,0.057590016366612054,0.07567698259187615,0.12494497432134992,0.16352675693101223,0.1876208897485493,0.058027079303675
EU Railways — Netherlands,seamless,20.0,48,0.06717261091926707,0.022028590776275815,0.04764525471002488,0.06488544419320562,0.10383623468729845,0.1617601547388781,0.3249516441005802,0.0483558994197292
EU Railways — Netherlands,seamless,20.0,49,0.08013236609063588,0.016210917770652682,0.07453906624314585,0.08189071566731135,0.11808510638297866,0.1481544165054803,0.2088974854932301,0.0754352030947775
EU Railways — Netherlands,seamless,20.0,50,0.07577004665362201,0.020094354799486645,0.06304985337243396,0.06762070727345709,0.10427949709864595,0.18148936170212762,0.2030947775628626,0.0676982591876208
EU Railways — Netherlands,seamless,20.0,51,0.09114292020995991,0.015548713190591411,0.0809155383623468,0.10293762088974852,0.14843502725514326,0.17784010315925203,0.11605415860735,0.04642166344294
EU Railways — Netherlands,seamless,20.0,52,0.0862194104508602,0.021766701959302418,0.07330185459096598,0.09841698055583825,0.14175531914893616,0.20769298399859323,0.11605415860735,0.02321083172147
EU Railways — Netherlands,seamless,20.0,53,0.07598704024482854,0.0186427424996913,0.06216061322444293,0.06648936170212762,0.11365017960762637,0.16401630284609006,0.2572533849129594,0.0638297872340425
EU Railways — Netherlands,seamless,20.0,54,0.07611798465331522,0.02140379888435359,0.05400474767012483,0.07322695035460992,0.11431334622823978,0.19264184397163114,0.1895551257253385,0.0483558994197292
EU Railways — Netherlands,seamless,20.0,55,0.08730811967570674,0.021343938583331105,0.07584774992898778,0.08419299376746184,0.18003185800432356,0.19116405837875852,0.2514506769825919,0.0773694390715667
EU Railways — Netherlands,seamless,20.0,56,0.07089891465791698,0.021617051206746205,0.05001967019637406,0.0687749838813668,0.12356544165054796,0.18513862024500316,0.2263056092843327,0.0502901353965183
EU Railways — Netherlands,seamless,20.0,57,0.08430013954932668,0.019888585014721842,0.06510231090298277,0.09242424242424235,0.1274066359172742,0.20617573915446252,0.1605415860735009,0.0541586073500967
EU Railways — Netherlands,seamless,20.0,58,0.0855384995267294,0.019271275660427425,0.07452181388351597,0.09473856616958877,0.13296113944082993,0.17165054803352675,0.1179883945841392,0.0947775628626692
EU Railways — Netherlands,seamless,20.0,59,0.08148296413245579,0.020999741852451792,0.06168441986542069,0.08295234745911725,0.10203973975734128,0.24626543669096854,0.2727272727272727,0.0618955512572533
EU Railways — Netherlands,seamless,20.0,60,0.08563951378470484,0.01807406963997765,0.07524177949709858,0.09078820116054157,0.12494595517123673,0.2482462927143778,0.11605415860735,0.034816247582205
EU Railways — Netherlands,seamless,20.0,61,0.07848246654370353,0.024078806086296055,0.06367100666878368,0.07655618076314397,0.13453255963894256,0.21531766106234185,0.1760154738878143,0.06963249516441
EU Railways — Netherlands,seamless,20.0,62,0.07694480506118836,0.02024026428322897,0.0665961945031712,0.074507444559399,0.13350373031224091,0.14470019342359766,0.2475822050290135,0.0676982591876208
EU Railways — Netherlands,seamless,20.0,63,0.07402287411752814,0.022354081163085612,0.053254906934711584,0.0653213283569891,0.12415031776733898,0.1966715022566086,0.2224371373307543,0.0502901353965183
EU Railways — Netherlands,seamless,20.0,64,0.07226073650617862,0.022978873055007825,0.054112865283078036,0.0736621534493875,0.10519019987105084,0.17108317214700194,0.2843326885880077,0.0541586073500967
EU Railways — Netherlands,seamless,20.0,65,0.08291961135699553,0.017778509403679105,0.0684742026899374,0.08571889103803995,0.16073500967117982,0.20931334622823977,0.1644100580270793,0.06963249516441
EU Railways — Netherlands,seamless,20.0,66,0.07150125893695579,0.017120046092431732,0.05854517822602925,0.06653080961591595,0.09869067103109647,0.18361540941328167,0.1760154738878143,0.0502901353965183
EU Railways — Netherlands,seamless,20.0,67,0.07371983134360179,0.020651803852758565,0.054967181405967555,0.07441005802707927,0.09652528322741086,0.16553605968499582,0.2843326885880077,0.0541586073500967
EU Railways — Netherlands,seamless,20.0,68,0.07648088772826407,0.017273438113801862,0.06779497098646027,0.07268004138365344,0.10837524177949708,0.18422109805088518,0.2088974854932301,0.06963249516441
EU Railways — Netherlands,seamless,20.0,69,0.07889774738204706,0.021789149572185862,0.06281214815670191,0.08513862024500322,0.13571083172146994,0.17415377176015467,0.2572533849129594,0.0638297872340425
EU Railways — Netherlands,seamless,20.0,70,0.08217135759421441,0.0205358245195275,0.06666094715168148,0.08210680609284327,0.11008220502901353,0.23874274661508701,0.2030947775628626,0.0676982591876208
EU Railways — Netherlands,seamless,20.0,71,0.07913344731732311,0.019106659832615575,0.06605682039997868,0.08184427865278923,0.12990812379110245,0.20009671179883945,0.1470019342359768,0.0676982591876208
EU Railways — Netherlands,seamless,20.0,72,0.0896389301467699,0.01733703968363826,0.06953890310101697,0.10364281108961954,0.12821566731141196,0.24608317214700187,0.11605415860735,0.0522243713733075
EU Railways — Netherlands,seamless,20.0,73,0.08113128486394866,0.02108579103517161,0.07345261121856866,0.08043701644100576,0.1244324544436526,0.24772727272727266,0.1895551257253385,0.0773694390715667
EU Railways — Netherlands,seamless,20.0,74,0.07365997104257928,0.025829719891203855,0.05190409203948851,0.07309800128949065,0.12292714377820757,0.21680553489064122,0.2959381044487427,0.0522243713733075
EU Railways — Netherlands,seamless,20.0,75,0.08060002469237408,0.02038617376697127,0.0772815192544399,0.08212231497505848,0.11213899819915954,0.17960992907801412,0.1431334622823984,0.0831721470019342
EU Railways — Netherlands,seamless,20.0,76,0.08314034621701595,0.01916277886482417,0.06231463571889096,0.08058760755019004,0.14491823457007208,0.16598646034816242,0.1431334622823984,0.081237911025145
EU Railways — Netherlands,seamless,20.0,77,0.08499601554871311,0.019140331251940736,0.07771805136970894,0.0867383945841392,0.14129593810444874,0.24000414479137877,0.1644100580270793,0.0793036750483559
EU Railways — Netherlands,seamless,20.0,78,0.07684753207202685,0.02157215598097934,0.0571786260991325,0.08322395689416963,0.10750725338491292,0.24038039974210182,0.3114119922630561,0.058027079303675
EU Railways — Netherlands,seamless,20.0,79,0.07232807934482893,0.024875696343657935,0.048033526756931,0.06509363460524,0.1235203094777562,0.2366537717601547,0.2243713733075435,0.0483558994197292
EU Railways — Netherlands,seamless,20.0,80,0.07775666039380587,0.02104837834703256,0.05384444800354814,0.06573380077369437,0.11776273372018045,0.18451867281654508,0.2940038684719536,0.0541586073500967
EU Railways — Netherlands,seamless,20.0,81,0.07328584416118873,0.021437470303678735,0.05742998906736181,0.07119695073387185,0.13078336557059955,0.18600442111080404,0.2205029013539652,0.058027079303675
EU Railways — Netherlands,seamless,20.0,82,0.07806718570536002,0.022593522367175562,0.0663481241741195,0.07992021276595743,0.1349755376038229,0.2612185686653771,0.1934235976789168,0.0676982591876208
EU Railways — Netherlands,seamless,20.0,83,0.08274751299155586,0.018852253553270002,0.07050070335853698,0.10133895818048419,0.11681026903464031,0.1615812379110251,0.1663442940038684,0.0715667311411992
EU Railways — Netherlands,seamless,20.0,84,0.08141188002499158,0.020060683380161502,0.06291062550953525,0.09121501598705244,0.13350373031224091,0.2549081237911025,0.230174081237911,0.0638297872340425
EU Railways — Netherlands,seamless,20.0,85,0.07110094317386789,0.023656042710324746,0.04613433128696769,0.08382840563691625,0.12189555125725338,0.18496503496503489,0.2649903288201161,0.04642166344294
EU Railways — Netherlands,seamless,20.0,86,0.07723288275985908,0.020352502347646132,0.06266279819471302,0.07998065764023207,0.13543796628903004,0.17049081237911023,0.288201160541586,0.0638297872340425
EU Railways — Netherlands,seamless,20.0,87,0.0908660663177309,0.01537287355633785,0.073086487980105,0.09209600844030238,0.1282398452611218,0.3158156028368794,0.1005802707930367,0.0522243713733075
EU Railways — Netherlands,seamless,20.0,88,0.08402702692591157,0.02076778318598965,0.07083808060199778,0.0784137207292481,0.13167311411992258,0.22748549323017403,0.1392649903288201,0.0715667311411992
EU Railways — Netherlands,seamless,20.0,89,0.08300191927090145,0.018945785273617646,0.06839184885606542,0.0769779865524546,0.13115501519756834,0.29209195060258886,0.1760154738878143,0.06963249516441
EU Railways — Netherlands,seamless,20.0,90,0.07037513702397023,0.02510017247249226,0.053351649028569995,0.06676337846550608,0.12652321083172144,0.21734595192041997,0.3017408123791102,0.0541586073500967
EU Railways — Netherlands,seamless,20.0,91,0.07643973377131111,0.019922256434046992,0.062449191265102386,0.0890439347886156,0.11420281845813757,0.17700072533849123,0.2649903288201161,0.0638297872340425
EU Railways — Netherlands,seamless,20.0,92,0.07164716842069811,0.02429205840868867,0.04423767721640056,0.06947130883301089,0.11303997421018692,0.22354932301740807,0.3500967117988394,0.0444874274661508
EU Railways — Netherlands,seamless,20.0,93,0.06890855964891926,0.02050215310020235,0.04980961765385685,0.05869552850153597,0.10551901998710501,0.1729771115409413,0.3056092843326886,0.0502901353965183
EU Railways — Netherlands,seamless,20.0,94,0.08265024000239435,0.019510716864517386,0.07552852149716645,0.09466766309126072,0.11289490651192773,0.16931818181818178,0.218568665377176,0.0773694390715667
EU Railways — Netherlands,seamless,20.0,95,0.07911099970443969,0.0210034831212657,0.05767891682785294,0.08421314205888672,0.13903932946486133,0.17971953578336552,0.1353965183752417,0.0851063829787234
EU Railways — Netherlands,seamless,20.0,96,0.07519389125628055,0.017752320521981776,0.05637440932350701,0.07161508704061893,0.10121856866537714,0.17147692732799116,0.3694390715667311,0.0560928433268858
EU Railways — Netherlands,seamless,20.0,97,0.08306926210955175,0.01830228703762589,0.07084139264990325,0.0910634182476645,0.11367304742213029,0.1911315280464216,0.1237911025145067,0.0831721470019342
EU Railways — Netherlands,seamless,20.0,98,0.07661557340556467,0.018298545768811972,0.06835412081193439,0.07438129246639882,0.12743391360412634,0.17722809105787823,0.1818181818181818,0.0367504835589942
EU Railways — Netherlands,seamless,20.0,99,0.07855355065116776,0.019899808821163555,0.06653541493967022,0.07654587765957442,0.11712443584784002,0.21995486782720824,0.1760154738878143,0.0483558994197292
EU Railways — Netherlands,seamless,20.0,100,0.07723288275985908,0.01894952654243155,0.06533572810168553,0.08000483558994195,0.09844517184942708,0.1506877283473028,0.1470019342359768,0.0560928433268858
